PC1,PC10,PC2,PC3,PC4,PC5,PC6,PC7,PC8,PC9,wallet
-2.89342105515603,-0.07032179898578735,-1.878104382106246,2.109017511129536,2.0077106203756596,0.39070488561730354,0.3180945181128165,-1.4708780958033698,0.26989974741811956,0.344789904611103,ckb1qpl0dc3xe2dr299vwe6e7zc42rnsex4pptlcjyglahevnkqq6ft0wqgw8xxul
0.24949326502776564,-0.05849083776975758,-4.667750717425975,0.07407979354628581,0.12147380374389172,-1.481666084987654,-0.6358199482654248,0.06562874692488033,1.946511509691313,-2.464383702395489,ckb1qpw9q60tppt7l3j7r09qcp7lxnp3vcanvgha8pmvsa3jplykxn32sqgwvhnrqkx9ka45f2cnc90fy30m3scpupqggwawq
0.29466578069533933,0.046112749842560294,0.8364827234931528,1.9532955544320258,1.4575423947019275,-0.8081020070803671,-0.5635193495055182,-0.31709806623574227,0.4583450999061366,0.05313589047615077,ckb1qq650jd22cuqferm504axlnqztjy0jg6yw8h4fcmrf6nr8c3murquqf4mptuftgkyj3u42mdwj9583pdfzvl6u5cg4qnx88s32fzxpeldkc9daejv92lx2qqqqqqqqqqqqqqqqqqqqqqqqqqqvqsqfnz866tkgcqqqqqqqqqqqqqphzrf9lmyqgqqqqqqqqqqqqqqqq7czxzj
-6.618321525447568,0.3054409356723573,-3.922430124765782,1.4501524509141193,-0.09173058403658332,0.7017258712967996,-0.5883540021689385,-1.8622556367922778,1.8730127279962672,-1.14061411701041,ckb1qqcratfhhe0whl8n2pyyw9248r9kyw3x7gmkp80jf0ffvagvzgc8sqgdzm4fw
-0.6852070521941301,-0.3562922224502198,-0.27623038422836327,0.43155586109925437,-1.1484274944771578,-0.34436237987338375,0.3032581649289037,-0.026550502648299643,-0.4485594619340671,0.3914930145529503,ckb1qqcz6dvc97r9a097mwdfxc8yq5cw6v4dhrsskshmhecdsvf07l8d7q034hj6qjn294z8gdh63kf30m565mcmkphjxtfee9fly023cx3l8v9w3h7z
0.16734678213929324,0.13680221231572254,0.5076041379674678,-0.46262144019413876,-0.44401471290413597,-1.1501615471910525,1.2654259244362238,-0.11409335920909339,-0.4944275667281626,-0.14013134871210242,ckb1qqcz6dvc97r9a097mwdfxc8yq5cw6v4dhrsskshmhecdsvf07l8d7q245y9mqs3e4l6ycsv4amhgzhzd85ewf59amlnmqmur37uda2c8fuyf2j6v
0.08002275449671084,0.37023872373089645,0.5187248132188003,2.1175345737096127,1.0070907163807943,0.5232816122674324,-0.40998150011628387,0.43940540952649654,0.00046398253185978114,0.087802604375777,ckb1qqcz6dvc97r9a097mwdfxc8yq5cw6v4dhrsskshmhecdsvf07l8d7qd8fdu5vu3fwqfjkscg6umfxczuyh7dd29nwexznhftzvr0znpzygrdjjm7
0.5390500176825335,0.19896564464105765,0.9905931335702917,0.4437841654207184,-1.0801515844362872,-0.9323922045945775,-0.4469335514415797,-0.0684676805026884,0.010157430327691895,0.1432480520878429,ckb1qqcz6dvc97r9a097mwdfxc8yq5cw6v4dhrsskshmhecdsvf07l8d7qf4mvqmuqzfeahs4axptm5en0m3jjndht530kdp0uvxvjr3un0rsvh828t2
-0.9510272851773055,-0.35983745614120244,-0.21122063651151046,0.8049967979555905,-1.4517445054554694,-0.3882890854835712,-0.760604126582722,0.15776922354668962,0.02293050153620667,0.4299678386091745,ckb1qqcz6dvc97r9a097mwdfxc8yq5cw6v4dhrsskshmhecdsvf07l8d7qfg6grazjdwmf9uzf8deshhr9wsn85w2l66e8d9g7gpz0gveu28zv6pk3z4
0.5739232041658823,0.2114237828113055,0.9507622833491681,0.45003083152763157,-1.0829481638458212,-0.9502642568654732,-0.4477901101642276,-0.07323042407086441,0.01175423688472632,0.1514394204490724,ckb1qqcz6dvc97r9a097mwdfxc8yq5cw6v4dhrsskshmhecdsvf07l8d7qvml6appkndqvveylvggcmfk02vgs76k87eqmctyamkjwc0ppuqf5uvskfx
0.5052890785267828,-0.37560772259066455,0.3296085166981041,-0.34856279527895745,-0.5413587013105988,-0.6164818241813036,0.42072209541793243,0.12788157396148725,-0.37145486781274095,-0.29649805491965503,ckb1qqcz6dvc97r9a097mwdfxc8yq5cw6v4dhrsskshmhecdsvf07l8d7qw3smwpw49khlnp34vzdfg27rsau0fpnx4eq8u6l4fzucydmsjkfy7jfem9
-3.134509331062692,0.2808714193591101,-0.6148645676345527,1.6055110753953956,1.787402488546524,0.47000101979236997,0.7031827131765549,-0.3330391951224769,0.014698524472131576,-0.04040233410614116,ckb1qqunmue4ncels5qse4j6839yy68h9k27c6cyj7q6j9kxsze3a2dgsqdc96g88lhq0ww27cjlp0j960kqvxlzyyhww4pyhk5ztgzaem7q5s6rs7mt
-3.830671636073036,0.4212840309872915,-1.411969469432751,1.6775996581159975,1.4510849169832616,0.28887961119443517,0.4930710955918896,0.161438577681876,0.13709947982303805,0.20840512280698012,ckb1qqunmue4ncels5qse4j6839yy68h9k27c6cyj7q6j9kxsze3a2dgsqvcg4qnx88s32fzxpeldkc9daejv92lx2yupu5ahmqkdhwlhm9qksdws8hd
-6.175534146602101,-0.0809995467912507,-4.592489500897963,1.9460128020916656,0.06652776959033635,0.24498478026785875,-0.26472571972675246,-2.6765555556313236,1.9114815511318115,-1.5455059393988402,ckb1qr2g8yj3vrjzx2evk20szt5rszmmvykhrn6w0xv3ga4khnmpqu6lvqq3u8mhh
0.5858817405377086,-0.9900169169851336,1.1369981050430082,0.21072885005041056,-0.9102969538835106,1.7467156312474759,-0.4900164282922641,0.24385558264068166,-0.5410077995772622,-0.09900065704728461,ckb1qrgqep8saj8agswr30pls73hra28ry8jlnlc3ejzh3dl2ju7xxpjxqgqq82w09dxh4f3gl6se95l7k0g3n3wjjsgdstzvp4c
1.1444407266676235,0.1593803010316224,0.9135584178540985,0.6581536975567935,-1.2131986180489016,1.631748853990339,0.15959571862773897,0.3121811385871597,-0.29462714722924355,-0.1325242077826826,ckb1qrgqep8saj8agswr30pls73hra28ry8jlnlc3ejzh3dl2ju7xxpjxqgqq84zvv7khuuad70n45llzf9p6zahk9680sw2qed8
-3.5506463250554496,0.5729667195530489,-2.40159047419332,0.3629397804925406,-1.1784241419034125,0.14278703044340338,-0.24384025557929428,0.19550993411486814,-1.3231067533327332,0.4693701953840699,ckb1qrgqep8saj8agswr30pls73hra28ry8jlnlc3ejzh3dl2ju7xxpjxqgqq8897n3kut095xgled9dpczz0t7hg7w87un0vrnk
-1.8764352124887282,-0.7361990111789014,-0.8159840978955029,1.3091664863755876,0.6348588755240842,0.4310989924544249,0.27659151857093583,-3.3408835943645667,-0.04090431123743924,-1.920051076870239,ckb1qrgqep8saj8agswr30pls73hra28ry8jlnlc3ejzh3dl2ju7xxpjxqgqq89qeq8sz02jymcmc8nm5qsfmwyxtvqemvnunp36
-4.411949533056929,-0.3199020945901449,-2.629407091449348,0.6740833743699551,-1.4754956493208562,0.40751479011026265,-0.3571602332085814,0.18883540181659625,-1.2603368727881648,0.8281832457621836,ckb1qrgqep8saj8agswr30pls73hra28ry8jlnlc3ejzh3dl2ju7xxpjxqgqq89s0k62mh0xf6hn8cc20wunuarrumudx5nwq9uk
-0.7463286822069451,-0.6066786018362692,-0.31825294145916605,0.716661498330435,-0.8708593399413459,0.031417371986558744,0.8762836444783885,-0.5330656279361558,-0.2174920040682203,-0.3647962348697069,ckb1qrgqep8saj8agswr30pls73hra28ry8jlnlc3ejzh3dl2ju7xxpjxqgqq8crqpcx3nq9p23h8ep5zzpga67ygfd73scdttd5
-5.0104329173123,0.5344492056594412,-2.191988334214456,1.9295028765023443,0.7979866902289612,-0.12299881518806663,0.20768481859885135,1.1854395815328416,0.15189055005757118,-0.023508400173988225,ckb1qrgqep8saj8agswr30pls73hra28ry8jlnlc3ejzh3dl2ju7xxpjxqgqq8gauytada8x688zt0makt3pjmdaad6u8uym77ef
3.896374977886386,0.072170395877828,-1.4143616035128177,0.7254458084111116,-1.189327446787391,-0.171942400201107,-0.1036614616791753,0.13052296314955797,-0.04771918357846062,0.02618885658272152,ckb1qrgqep8saj8agswr30pls73hra28ry8jlnlc3ejzh3dl2ju7xxpjxqgqq8hrnm86uy32m0wv24eqwyvl4crudtnc3yu82y8n
-4.068924703072861,0.4680633595677235,-2.220767725130365,1.1012805960153977,-1.9051251472824349,0.17186965523253497,0.6563425143095868,0.9193147184586004,0.00274215253555697,0.1134797066875309,ckb1qrgqep8saj8agswr30pls73hra28ry8jlnlc3ejzh3dl2ju7xxpjxqgqq8jjta82sj7lcz5ewruppmfrrvtg9nh4vvg5klxg
-4.927769091082546,0.5239228275580533,-2.574271981981294,1.3509264437891626,-2.10904164120075,0.25193896761922363,0.9670915267533838,0.7864163607778427,-0.4808851906263518,0.3488458577428809,ckb1qrgqep8saj8agswr30pls73hra28ry8jlnlc3ejzh3dl2ju7xxpjxqgqq8kwzq44p8ap4zclfc3vfgw5uxqqnegf0u7t0l86
-3.129708772639455,0.0594852696523927,-1.5858590842097842,0.20199965791978644,-1.494798718426036,-2.92066257094979,0.8421663728541947,2.1333805087297337,1.6750862179795107,-1.9905977312235807,ckb1qrgqep8saj8agswr30pls73hra28ry8jlnlc3ejzh3dl2ju7xxpjxqgqq8t3pqdfg3rnsqe8vgv93d49evdzkvpxcce0ml7v
-2.652582520759804,0.35569111632734035,-0.35634302370268106,1.8898031981684529,1.072814615835409,1.049902181768291,0.43093068892748143,0.41947768249186435,-0.5335193900722536,0.42389524169038006,ckb1qrgqep8saj8agswr30pls73hra28ry8jlnlc3ejzh3dl2ju7xxpjxqgqq92dx9xep8pwxacajpvvlcj4j7tlk9uhng4j74ms
-3.5485917742345032,-0.43646234111844084,-1.7046371402282017,2.2286649032172687,0.650226742057129,-0.19773431029513416,0.025048518331617163,0.8528584725398192,-1.0033453465852225,-0.14946748717987762,ckb1qrgqep8saj8agswr30pls73hra28ry8jlnlc3ejzh3dl2ju7xxpjxqgqq94q52uky0frd8sge5jnfwnm89zclmrg35ltra3y
-4.573171889739002,0.80249864478893,-2.7788972526957916,0.7723528270437856,-1.5313602279854923,0.5164820640445719,-0.19648099135263092,0.31828921035472657,-1.2614708109202581,0.6505257520270817,ckb1qrgqep8saj8agswr30pls73hra28ry8jlnlc3ejzh3dl2ju7xxpjxqgqq97nlhckh68mupdw9w33xhp4hedejskhxs9ef2y4
0.6893415000209868,0.24884690114106148,1.2431727080927815,0.42550226510108957,-1.038052104961319,1.874308501053519,-0.1633820134820621,0.34132493576085476,-0.4194782016764755,-0.23850959268445582,ckb1qrgqep8saj8agswr30pls73hra28ry8jlnlc3ejzh3dl2ju7xxpjxqgqq9ef4udwfyuwywlsqwy08wpapagss8ej8yxj50cr
-0.1130337227189055,0.48823546017189967,1.0296892290516435,-0.4697864005332815,-0.42906047013937854,-0.35868480944844966,0.5602761884173343,0.10400742075628044,-0.1370447355309818,-0.2502623649379995,ckb1qrgqep8saj8agswr30pls73hra28ry8jlnlc3ejzh3dl2ju7xxpjxqgqq9fmlyjt4ydumr7u27ltfz3vjfj2s2hgmgwc8awk
-2.411764132200967,0.507836699767239,-1.615185768704785,0.11631893649615625,-0.8216692533987022,1.072303648291065,-0.09582846295459364,-0.41476249189244835,-2.1037757417790575,0.8910619980503425,ckb1qrgqep8saj8agswr30pls73hra28ry8jlnlc3ejzh3dl2ju7xxpjxqgqq9fz7cfu5xla5nd3ay686gm2ajnzh89h8c48k7uz
-0.7060566466500084,0.28767449908457593,-0.017479330583366207,-0.0779095627077529,-0.7154100248450269,0.07510114989549642,0.8608828225278341,-0.10217466150325696,-1.4717966220597076,-0.05136436118260859,ckb1qrgqep8saj8agswr30pls73hra28ry8jlnlc3ejzh3dl2ju7xxpjxqgqq9m8eyncfhezf8s68djzwk5f9yjgwc6frqej2wsh
-2.1247877664258636,0.3134308778497686,-0.5473264651499777,2.0418100572007565,0.9393148042627063,1.1246546629591372,0.620505618546447,0.6364256596144309,-0.4123715601289655,0.16027789659828692,ckb1qrgqep8saj8agswr30pls73hra28ry8jlnlc3ejzh3dl2ju7xxpjxqgqq9xtegwt8nftvp2sjp83djfqela8e8uxdcxz9a3g
-0.18357238225969114,-0.0055124894764747,1.211206183597152,-0.2886114732422961,-0.5655949501892583,-0.7279262244026553,0.26835861335001887,-0.0822054955826477,-0.13249723003107655,0.021593196032140938,ckb1qrgqep8saj8agswr30pls73hra28ry8jlnlc3ejzh3dl2ju7xxpjxqgqqx0f0kn59zeww42ufe72s3zp843zjtm70qknllc8
-0.6104971898163573,0.1694007277808857,1.0584750047691456,0.6548184727081481,-1.2756473221935645,1.3267954066520644,-0.17365662292104247,0.27132920677308664,-0.1310689862653641,0.14420671423183481,ckb1qrgqep8saj8agswr30pls73hra28ry8jlnlc3ejzh3dl2ju7xxpjxqgqqx8ced038s4z2vxfkqu7jzdcqs7q6qhxjqxupv3g
0.8115622721763578,0.15189935591411338,1.0192161420012,0.6867116779445722,-1.197149261838618,0.7085033504038913,-0.26424625635527127,-0.11838118017072866,-0.7890222187464083,0.19262917223351236,ckb1qrgqep8saj8agswr30pls73hra28ry8jlnlc3ejzh3dl2ju7xxpjxqgqqxamnrpernhha9nsyus0k6f8a6ays6t0cusm37pn
1.159262293649717,0.31143307731265596,0.700679532887293,0.5077140363126997,-1.078032661361304,1.6158001333838923,-0.1869021322938214,0.27257878300219124,-0.41476886813050073,-0.12404358748514321,ckb1qrgqep8saj8agswr30pls73hra28ry8jlnlc3ejzh3dl2ju7xxpjxqgqqxeawela8galsacxfd7d4xaymhy9jpmqeqyruqve
1.2863812378031543,0.2740506608488647,1.4248169280564515,0.12324574086112135,-0.822132993746903,1.3231166517184272,-0.2733460998208387,0.4922398499107141,-0.13040523024979722,-0.6201991955008995,ckb1qrgqep8saj8agswr30pls73hra28ry8jlnlc3ejzh3dl2ju7xxpjxqgqqxmkl3lngrcklwa8grdc8ja6n4s40pu4sc0w0aln
-4.470137835307186,0.5888691534512625,-2.899341514690234,0.866237917399524,-1.6129802008837064,0.34547150361412543,-0.22976779766173777,0.3346073498933096,-1.5541680468353047,0.5200279401341024,ckb1qrgqep8saj8agswr30pls73hra28ry8jlnlc3ejzh3dl2ju7xxpjxqgqqxvxkq3zapxvyv6qktfyhq84puycg59s2q0smpl6
-2.9039384529581906,-0.46933260932182597,-1.7996569504202733,0.24376841777753414,-1.1648448006124559,-0.24011795527941424,0.586278289995563,0.34386034284883293,-0.10505978193801069,0.5038026550850538,ckb1qrgqep8saj8agswr30pls73hra28ry8jlnlc3ejzh3dl2ju7xxpjxqgqqy5z928yw33t5enjqglmeq7w23dk99q7qvm3yvlr
-2.4588740609588107,0.5105221495834732,-1.5691018222731437,0.11660471359107898,-0.8208455778867678,1.03155978061848,-0.09604887045137751,-0.43978106555397306,-2.11134797602741,0.9161250109794565,ckb1qrgqep8saj8agswr30pls73hra28ry8jlnlc3ejzh3dl2ju7xxpjxqgqqydhfg585sfcxu5gpaqs5sme8rn30c5yagaawuq2
-0.13130065313051975,-0.5786822725358414,0.05917687914551306,1.2201140580693839,-0.8221607863067151,0.5061530820047747,-0.2982121287964369,-1.2735015518086659,0.23522761961973634,-0.017578225996884723,ckb1qrgqep8saj8agswr30pls73hra28ry8jlnlc3ejzh3dl2ju7xxpjxqgqqygpfd4a3nnel8tg9ntkwayy9hx537qf4yyyg3v0
-5.939732491301259,-0.5936768834117591,-2.717303310316631,2.459469252839196,0.24709425951866593,-0.5111845693404509,-0.21827784028975172,1.607204774601446,-0.511297176066109,-0.5883066550105577,ckb1qrgqep8saj8agswr30pls73hra28ry8jlnlc3ejzh3dl2ju7xxpjxqgqqyjw0y2p7ahcysl4qhq97x60svqn29492qpkvy2s
-4.27063115475453,0.42530030031185967,-1.9620179326969853,1.8582437711805977,1.261247320477853,0.0950187095789794,-0.24004117227768976,0.4323455176412991,0.5255960710926431,0.13711215194574114,ckb1qrgqep8saj8agswr30pls73hra28ry8jlnlc3ejzh3dl2ju7xxpjxqgqqyknjsdgjmz9a475mzuledqlm82yujj4vu8xllec
-3.560558993702576,0.5694255061425464,-2.3902685945490876,0.36116417185131044,-1.1776292169817877,0.1478671435638406,-0.24359677961249476,0.1968637392472183,-1.3235606440117795,0.4670418070571185,ckb1qrgqep8saj8agswr30pls73hra28ry8jlnlc3ejzh3dl2ju7xxpjxqgqqym5d4n465eu93tdcz5sycepdkatjahp9uwdcpfy
-3.1002930078700506,0.25218062390244167,-1.5918929863366191,0.19394416171664533,-1.4864246536498373,-2.768816848369099,0.8693650012645788,2.201864808442478,1.722577458001875,-2.064530974128476,ckb1qrgqep8saj8agswr30pls73hra28ry8jlnlc3ejzh3dl2ju7xxpjxqgqqymvu6d289ggsyudpamr4g6ayz62gpp34qzy30vs
-3.696216402950431,0.4138544661429995,-1.0436732877032882,0.25886343074425516,-1.154698020187354,0.4978332897555485,0.6341818032577773,0.37510212054816144,0.24197060622088715,0.6407415676329372,ckb1qrgqep8saj8agswr30pls73hra28ry8jlnlc3ejzh3dl2ju7xxpjxqgqqytevmf523qgwexunz0pf59ysl6dvxvvusuft43p
0.387538037025201,0.12256601450910279,1.123242214291097,0.33355003301992997,-1.0007060543513795,-0.817973785994755,-0.42594902851493827,-0.08249467153646375,0.15911825613833622,0.2194327705088316,ckb1qrj9k8u0yxllyvfhqddr4d636adnd2vpmmkru7pqr99ecppfvl60zq2jdhmvxjtkj8fx84gevn93j5eyc2xtgmg63glfg
0.387538037025201,0.12256601450910279,1.123242214291097,0.33355003301992997,-1.0007060543513795,-0.817973785994755,-0.42594902851493827,-0.08249467153646375,0.15911825613833622,0.2194327705088316,ckb1qrj9k8u0yxllyvfhqddr4d636adnd2vpmmkru7pqr99ecppfvl60zqfd4pj6za0jzhxvsk960aw4ylu48hmrtjq8ec8zj
0.387538037025201,0.12256601450910279,1.123242214291097,0.33355003301992997,-1.0007060543513795,-0.817973785994755,-0.42594902851493827,-0.08249467153646375,0.15911825613833622,0.2194327705088316,ckb1qrj9k8u0yxllyvfhqddr4d636adnd2vpmmkru7pqr99ecppfvl60zqfuh3ru2j5lmm6cl4tt7dqme28545t9yzsyhsyzg
0.387538037025201,0.12256601450910279,1.123242214291097,0.33355003301992997,-1.0007060543513795,-0.817973785994755,-0.42594902851493827,-0.08249467153646375,0.15911825613833622,0.2194327705088316,ckb1qrj9k8u0yxllyvfhqddr4d636adnd2vpmmkru7pqr99ecppfvl60zqgjydsp6tgswnf7rg5u2j2v20cvcm55dygutu3en
1.216519818811818,0.23308062100088306,1.3295567097565832,0.45507413193154045,-0.537081583010141,1.3988310022607542,-0.27807563767531107,-0.21409824471980507,0.07495425093125217,-1.1163938111978804,ckb1qrlh3whq40ch67jqfs97p7ddnjgctvlc3hxxqsp5202m4rslyt6n5qh3068szf235yxw9c3px3rzgxkxnf2ynq7ys5kam9r42sn5a2x845q7rg9y
1.472871979348126,0.2649074001311723,1.0334878898493132,0.4998793021132495,-0.558942355053492,1.2574201891146044,-0.29116978154227413,-0.2517012308035563,0.07715368244910269,-1.0538602213966264,ckb1qrlh3whq40ch67jqfs97p7ddnjgctvlc3hxxqsp5202m4rslyt6n5qn0ta0jq68jgwzvzpy82w8sugs9cvvza3fz0flwr67avv068nsst5uevzjl
-0.43628865831270697,-0.6777868826454827,0.03903843667606642,-1.8122601764757293,0.5397642136757207,0.7046031458992239,-1.216987932636966,0.5793829608622949,-1.535540241159388,-1.33175135476493,ckb1qzda0cr08m85hc8jlnfp3zer7xulejywt49kt2rr0vthywaa50xwsq0259kv0x5jez6h0l5qr52k64weapapgyscsnmhn
-0.8288279164759224,0.25801363805224614,0.6410397757366534,-1.4180207508400071,0.31940473973845124,-0.721511605523959,-0.5361882005309158,-0.1811381566526619,-1.1919690332807036,-0.3334650167724536,ckb1qzda0cr08m85hc8jlnfp3zer7xulejywt49kt2rr0vthywaa50xwsq02lstf96jmmavf7uln9acpkedt2clz3tqc6chk8
0.6864555251905238,-0.011141753045831378,0.884581351786262,-1.4811604971058636,0.36576940275842856,1.5192267860742732,1.5852326681595617,0.20445713777249838,0.5941961717234296,-0.07374813331389157,ckb1qzda0cr08m85hc8jlnfp3zer7xulejywt49kt2rr0vthywaa50xwsq02rtsalknt9nezey405ay2gek8v5x0ncc3fd62k
-0.17211593784892054,-0.17849859728175757,1.5666713465397155,1.7138550046982055,1.2884712380887036,-0.5625086400045434,-0.33308199393609794,0.17011783213205378,0.4740625285628965,0.2799316286008957,ckb1qzda0cr08m85hc8jlnfp3zer7xulejywt49kt2rr0vthywaa50xwsq03vvfm7dufx0a80zj27h4f5qjvygtelpshfz360
-1.4342259134975646,-0.01530727721750464,1.0330293901159855,-1.0480194409244719,-0.07445708879742215,-0.7827757473623446,0.061679615966600806,0.20038770453236307,-0.6339892822562584,-0.5976731198109374,ckb1qzda0cr08m85hc8jlnfp3zer7xulejywt49kt2rr0vthywaa50xwsq03z3ekhq3qhe4tz8v5kf3z08gxphswumg02rsqc
-0.9625408971699182,-0.167072421115391,1.6632452329460912,-0.8170562193391692,-0.1904385531677165,-0.4151636083451308,0.21300103886401478,-0.058021052792211515,-0.3532335442114471,-0.14363279723905725,ckb1qzda0cr08m85hc8jlnfp3zer7xulejywt49kt2rr0vthywaa50xwsq046dyalzv28h7wt8fqzhhskeedyh6fpugkydwwj
3.7085655234561887,0.009549023269861867,-1.5568064840039004,2.096648953983875,1.1414169743104299,-0.16059895351032108,-0.38945634179712835,0.32489357879272596,0.006136474585626357,0.07578907848064784,ckb1qzda0cr08m85hc8jlnfp3zer7xulejywt49kt2rr0vthywaa50xwsq04avg2cjv4t0vh2v7zuztvcctzy860fjs9esl5u
0.598037896988732,0.30296844045362215,-0.02660667367877353,-2.351068189410237,1.1152682069358089,1.5338674658726759,-0.1860603716115839,-0.031097303212720615,0.18690580313872354,0.11443454213181734,ckb1qzda0cr08m85hc8jlnfp3zer7xulejywt49kt2rr0vthywaa50xwsq059gaxh9mhygyzgpps4edtqdsumgslcdq3ejtuw
-0.17977448366743357,-0.173648151228427,1.9700702616968306,0.38601665241702454,-1.0904057007409316,-0.509945463073517,-0.05982743301254715,0.03487151643973437,0.26245638338934524,0.07911235118891649,ckb1qzda0cr08m85hc8jlnfp3zer7xulejywt49kt2rr0vthywaa50xwsq05jzhp0f28a78e9vnyvk4vfmw60xaqadgfyz8es
1.601302748964277,0.20912067264790996,0.9021965978415568,1.736940005781623,1.3311749394520678,1.079268042652376,-0.22935369092183305,0.6540042882381463,0.061679639136264425,-0.45614755376295263,ckb1qzda0cr08m85hc8jlnfp3zer7xulejywt49kt2rr0vthywaa50xwsq05k3xttu6lzuy260j06mql7tqpgwcznlcvx836h
0.6467081097470962,0.30156929948602845,0.025398199552885217,-2.2400470330663342,1.0321388480889089,1.5354933302145037,-0.25619445780028655,-0.018001337780157698,0.22033727731585498,0.12016748158590428,ckb1qzda0cr08m85hc8jlnfp3zer7xulejywt49kt2rr0vthywaa50xwsq05n6zvckahhuks4wl9rznllcfgralwl3gqs5rqt
-0.4404628724055355,0.09544305005524135,0.2456848403196462,-1.6561025663725213,0.5191070672023589,-0.6544029484369663,0.1765742378282346,-0.39952426316984774,0.06519007573857231,0.4834549567284544,ckb1qzda0cr08m85hc8jlnfp3zer7xulejywt49kt2rr0vthywaa50xwsq05uu85tpqrf75arfkskcnwjsaj5f6c05qtmqdm9
1.10967706864185,0.15540442545607144,1.4739700122914972,-0.22518057272035238,-0.5503280720913106,1.5590560034025907,-0.19972063619070612,0.3850661392355067,0.461570297422965,-0.23600674183586628,ckb1qzda0cr08m85hc8jlnfp3zer7xulejywt49kt2rr0vthywaa50xwsq06cwnwfzz5sv5ps5w6ewtm6q9upj8klyc7qt4xy
-0.3269423170587767,-0.8209955381389948,0.1415475878529119,-1.893383162180021,0.6298616378331472,0.362095298400356,-0.07062190475750801,0.07445014902016445,0.14570269119249926,-0.010230336383804356,ckb1qzda0cr08m85hc8jlnfp3zer7xulejywt49kt2rr0vthywaa50xwsq06s99smdcvprv0vpjw74v7yr3gfsz63tsmgym2k
-0.8143084010224498,0.24056300682653173,0.6627321452096222,-1.3870102954401637,0.29147707414249185,-0.7310612166353534,-0.4213813259791696,-0.17379334037894104,-1.167585227312353,-0.3363943033490024,ckb1qzda0cr08m85hc8jlnfp3zer7xulejywt49kt2rr0vthywaa50xwsq07j9vt4j4pr582tmmhg2r25g09e8lqhzq67lmrn
0.09169197700248731,0.10977520071506096,0.594014228807639,-0.47617312143493573,-0.4379477402063896,-1.11138944838686,1.2672841653882256,-0.10376093843248954,-0.4978917207414846,-0.1579019180137783,ckb1qzda0cr08m85hc8jlnfp3zer7xulejywt49kt2rr0vthywaa50xwsq08d3jlwgma52gm4mz6fchyah7ruhk8y4swey2xv
-0.35293513744555416,0.502053829097845,0.23699867132294605,-1.6982408760112913,0.5640480006637876,-0.2968741089241705,0.23288995595177972,-0.3050842771051045,0.42934457806222887,0.507729660708792,ckb1qzda0cr08m85hc8jlnfp3zer7xulejywt49kt2rr0vthywaa50xwsq08np8nmp86cyutmm8glcmp36udhrkquhgpeccr6
-1.3338574113844945,0.3040070037514753,0.29202920876637883,-1.5183788517841414,0.34152161308978196,-0.9017906289850532,-0.9356748495151246,0.06503563549032762,-1.0395214474282957,-0.5638716182983272,ckb1qzda0cr08m85hc8jlnfp3zer7xulejywt49kt2rr0vthywaa50xwsq08nxknd7g5pzwe9mmdcqtqfs5f8ckh8fq34kxj8
1.321524023539991,0.27841372795674246,1.3842294679016711,0.1293879886670465,-0.8251298416234883,1.3037309367828858,-0.27514114883217256,0.4870849345776742,-0.1301037147470101,-0.6116265954372092,ckb1qzda0cr08m85hc8jlnfp3zer7xulejywt49kt2rr0vthywaa50xwsq09rwsv5zvm3658ugyssehs360eh82v7zclyn32u
-1.9574079530850532,0.2364164208796704,-0.43157787906256007,-2.638586917334106,1.205549094495181,-0.6455050549087656,-1.704015601770292,-0.08264437072613587,0.16049610826461294,0.16859233207958954,ckb1qzda0cr08m85hc8jlnfp3zer7xulejywt49kt2rr0vthywaa50xwsq0anafacyafq0j2rek0jx5rztanvvw9kcqdtkwna
-0.28622484875499254,0.1315369105234711,0.8209005411975985,-1.365283539450783,0.22327660309833655,0.40321272031853794,1.5139671669031476,0.11461013582509025,0.9940673435960007,0.1843188878709344,ckb1qzda0cr08m85hc8jlnfp3zer7xulejywt49kt2rr0vthywaa50xwsq0c46k06e2fp7rg9aq9yqxwaat763nrpegmdg0qn
-0.5077605568723331,-0.0732936834056406,1.2005440567600305,-0.7029491907312768,-0.27220569904633335,-0.6925873139704084,0.7318551377883221,-0.09378637108734186,-0.30613196149146765,-0.08397753661189405,ckb1qzda0cr08m85hc8jlnfp3zer7xulejywt49kt2rr0vthywaa50xwsq0c46rcy6f2qav3ddfgv2540mz6vl7knlc0pl0a0
-0.9420341884354978,0.040097971813583023,0.5854175395863769,-1.9174420928236806,0.7140038245164426,-0.41263878491059425,-0.32514159056216047,-0.37741117203868085,-0.13106861934381847,0.3688545999102682,ckb1qzda0cr08m85hc8jlnfp3zer7xulejywt49kt2rr0vthywaa50xwsq0cl8tlydpzpp6wzeuzfsm926sp9m0rpqqt2qecr
-0.1824499849639537,-0.18219034443191853,1.5784745089210326,1.7120039165594274,1.289299954540894,-0.5572125759268326,-0.3328281680288824,0.171529186281003,0.4735893434066772,0.27750426261809524,ckb1qzda0cr08m85hc8jlnfp3zer7xulejywt49kt2rr0vthywaa50xwsq0ejdewpqqsdy22zke90ug9h9u0jvlqskcjysp8m
3.9036866340126797,-0.028101394998675457,-1.4283481741298127,0.7248374677626929,-1.1921576158115303,-0.19296577285833702,-0.11554532307303718,0.12506116707468,-0.06380830233633995,0.03189918736341402,ckb1qzda0cr08m85hc8jlnfp3zer7xulejywt49kt2rr0vthywaa50xwsq0er7n9s6mrsravyz79mjqpl97j7tg48ased4uwq
0.2563533602806021,-0.03512185003131732,1.4406029258837991,0.39968501746333873,-1.0731816920608312,-0.7049338603369335,-0.057149371418165465,-0.05162238392046307,0.4033504127023234,0.26825266858998775,ckb1qzda0cr08m85hc8jlnfp3zer7xulejywt49kt2rr0vthywaa50xwsq0fjsxk3ufezyljeglltk69mhtgrruqsusa36w9h
-0.7037342691792338,-0.436000132168017,-0.5430191311252207,-1.8527136997071658,0.5481700981522634,0.13651059576874588,-1.326818718598651,0.5899005276456356,-1.0123005055197936,-1.1153324502147075,ckb1qzda0cr08m85hc8jlnfp3zer7xulejywt49kt2rr0vthywaa50xwsq0fuqrqqcykvepusm4st0asqya208yzxcgcgewm5
3.4878732994916555,-0.04312535834092238,-2.0223177560913093,-0.26144805586275427,-0.485738953389576,-0.4510746182458016,1.2224267202588464,0.07799688367579077,-0.8640745645294194,-0.3644964276047518,ckb1qzda0cr08m85hc8jlnfp3zer7xulejywt49kt2rr0vthywaa50xwsq0guyenkvxw036k2zukneprz8x4erevtgs958r7v
-0.409510774672134,0.26030303609706174,1.280417505140043,-0.7307129595748789,-0.22360374806395453,0.20752946695625912,-0.3165729152848223,0.15902561713726915,0.1751996454876227,-0.1408743591502976,ckb1qzda0cr08m85hc8jlnfp3zer7xulejywt49kt2rr0vthywaa50xwsq0jc2vwf6jsj7852lryh3hfh4jkvk548gqh4yp6v
-4.083415713908851,0.5382829643001142,-1.4589265574110764,2.2328160199521214,0.630986838952606,-0.11703630091699918,0.4541606222209679,1.009831492602493,-0.37972143978287065,-0.1606607470499558,ckb1qzda0cr08m85hc8jlnfp3zer7xulejywt49kt2rr0vthywaa50xwsq0k5jc20yyf62n2879zxymntrhyke0zg9crdzqfz
-0.34472162412112517,-0.7801700474729165,0.9692902598525305,2.0392619128706917,1.0201148448712618,0.3088384456630274,-0.2910041764588444,0.2707284396123947,0.0880572514642321,0.36128413552517147,ckb1qzda0cr08m85hc8jlnfp3zer7xulejywt49kt2rr0vthywaa50xwsq0l05nyuesryj4upnexyk2wzw0upsn8m7q7c6g0e
0.5330902580389942,0.0810164878379561,1.1558627969334343,0.5137086837419288,-1.147572339625246,-0.8752793258663253,-0.0773368886760925,-0.06248672081692989,0.2950977106847165,0.24655726459934552,ckb1qzda0cr08m85hc8jlnfp3zer7xulejywt49kt2rr0vthywaa50xwsq0m0zyttfjaw4ft9sjyz8rv2jnk2e66e5c89pdn5
2.356339947301018,0.3839086543377261,-3.110173768538165,-1.3114186054308261,0.31052445284114727,-0.5824415171523373,-1.2356203337709055,0.26676079461978564,-1.3669234278280633,-0.7497491542823729,ckb1qzda0cr08m85hc8jlnfp3zer7xulejywt49kt2rr0vthywaa50xwsq0msjj9yjj2n6dtuafzzj6uen3p7mt966sfkapz2
3.823825099223789,-0.045263309813388615,-1.5404995578308962,0.5549136295313132,-1.05235151789078,-0.1831253205060342,-0.47511979809433075,0.09251661290609314,-0.20989851470894486,0.02339412971455823,ckb1qzda0cr08m85hc8jlnfp3zer7xulejywt49kt2rr0vthywaa50xwsq0muw495z9pexgx7eftmgehycxjvtc89nsvmddpk
-4.683860010093403,0.26477477447255787,-1.5336536713918334,0.8570516512733267,-1.7491853269836255,0.20453516066361563,1.0439132766658077,0.8570376490821676,0.18473578525469128,0.18903755193708965,ckb1qzda0cr08m85hc8jlnfp3zer7xulejywt49kt2rr0vthywaa50xwsq0p80per28ltwd4sm2052pjt4z8unckpucj6e5pc
3.5012308872660567,0.09067730472769576,-1.9654431198382092,-0.18390741088537352,-0.5183825620423865,-0.34584263112329633,0.545805880456975,0.06523683979934214,-0.7864778449626902,-0.28228589369192236,ckb1qzda0cr08m85hc8jlnfp3zer7xulejywt49kt2rr0vthywaa50xwsq0qer85n4uaq4gaz35uc6nc99svasgexmcymaweu
-0.14278596137686864,-0.16043432800555707,1.9278233539770662,0.39264222844941843,-1.093371914908836,-0.5289015972976093,-0.06073594882657988,0.029819874636945822,0.26415004894975486,0.08780059111686905,ckb1qzda0cr08m85hc8jlnfp3zer7xulejywt49kt2rr0vthywaa50xwsq0r0uwh2anx2znsuqqda47yw7pyzxavsag3zwln3
-0.37368050478968795,-0.6388206526711578,0.9779774123947543,2.2370379336414308,0.8964152419666389,-0.3895850598607258,-0.33691397811729,0.005845499591510824,-0.1990948533235797,0.5611377928112851,ckb1qzda0cr08m85hc8jlnfp3zer7xulejywt49kt2rr0vthywaa50xwsq0r9y77vk0sjk3m5t8x2pgp5wlque28mvqetg3vj
0.08083435959431753,0.012998831923666125,1.473547691648329,0.278611678947011,-0.9761106194162583,-0.6607921600100486,-0.41841574186512115,-0.04060716097824849,0.14507461709714733,0.14739109457022295,ckb1qzda0cr08m85hc8jlnfp3zer7xulejywt49kt2rr0vthywaa50xwsq0rgz8mcc9ws8vv0m33vx8jm9u68knrplqz0m628
3.6989352528316557,-0.018503347918969026,-1.5775473652130358,2.030334058057208,1.1942276036176107,-0.1283739231776601,-0.37666402799104803,0.29896007866656515,0.12544869889748447,0.16050989054903528,ckb1qzda0cr08m85hc8jlnfp3zer7xulejywt49kt2rr0vthywaa50xwsq0rk5lgxzurkxdnq95zcra0lpyax9ja0rqqk8gaz
-3.8482816980508985,-0.5048217237517255,-3.1375498623263454,0.8289424984628386,-0.8464443544856912,0.3317556727301424,-0.19706199838630817,-0.2353838901327354,0.4560944438518443,-0.5737877119573361,ckb1qzda0cr08m85hc8jlnfp3zer7xulejywt49kt2rr0vthywaa50xwsq0rljzn0julrpp9l3fgmm9r9r4jz8rax7sgvagwh
-0.697983951279773,0.29792175961008444,0.502150533494768,-1.3869078012600509,0.3014363538706521,-0.7898432529365303,-0.5015906357977904,-0.1962246559457365,-1.1795860668109048,-0.3051155453682199,ckb1qzda0cr08m85hc8jlnfp3zer7xulejywt49kt2rr0vthywaa50xwsq0rrr3az2mu0ncjeqj26du5ymfhtq5l0gcv2rv08
-0.43785081449004976,0.25444377552110903,0.3319811451492692,-2.0524910998481967,0.7779574501357435,0.9450613167394615,0.2518667676363109,0.20611140326949987,0.6954078113069799,-0.010372437952784697,ckb1qzda0cr08m85hc8jlnfp3zer7xulejywt49kt2rr0vthywaa50xwsq0sc9f6eqnjfm8tn35nxeqtnm43x6aljdqj45cke
-3.47740944553166,-0.5295507517017958,-1.262071038428962,-1.6936267011420878,0.12615754289789002,-1.6230553922153363,-1.503551402716164,1.3915711132312771,0.7869152906991701,-1.3694127475512445,ckb1qzda0cr08m85hc8jlnfp3zer7xulejywt49kt2rr0vthywaa50xwsq0smcdjfuapeu9zuahwrsrtp4qetjgngpg5xr5fq
3.771377578899604,-0.11433327789664403,-1.6329836731852558,0.22884150577406628,-0.7903979702711982,-0.009994930963984336,-0.4039562920218019,-0.03140222508047783,0.3885945720417117,0.43657195396487053,ckb1qzda0cr08m85hc8jlnfp3zer7xulejywt49kt2rr0vthywaa50xwsq0tck2vsvttyzk8n8gngr95nqnlx6s5vycpj8w3k
3.9053233918180545,-0.05054783306157357,-1.4314791513301046,0.7247012870824985,-1.1927911660169528,-0.19767198013855744,-0.11820559628042322,0.12383851146800073,-0.06740994747031527,0.0331774789453938,ckb1qzda0cr08m85hc8jlnfp3zer7xulejywt49kt2rr0vthywaa50xwsq0u4j72c469enjkklngja9y4c94q6cqyks8c84uv
-1.687983711166208,0.5153831865317252,-0.9562146823347009,-0.4789014620132338,-0.45651391373180966,-0.05390699253063418,0.8315789080658216,-0.09774846396831863,0.07579453728647735,0.741002023595356,ckb1qzda0cr08m85hc8jlnfp3zer7xulejywt49kt2rr0vthywaa50xwsq0vqkp4e093a5e6a2t3k08excpc3k74d0qpe0lt0
-0.3024510635780579,0.28877059218048146,0.1854675255172426,-1.9623603867882942,0.6959138546166013,1.0933167613422234,0.027717009641305187,0.4179622811402783,0.21949125111735204,-0.4657462607182848,ckb1qzda0cr08m85hc8jlnfp3zer7xulejywt49kt2rr0vthywaa50xwsq0ww9n0ex40pmhtz6ltslng7rtl35w96nszujfva
-0.36686961390643313,0.18777301964365556,0.6037078572265026,-0.9566210884052153,-0.05170286307119805,-0.9210716417914894,0.3681566750744008,-0.14423877609344313,-0.8531626086957391,-0.247352597735231,ckb1qzda0cr08m85hc8jlnfp3zer7xulejywt49kt2rr0vthywaa50xwsq0x3yrv8qls62mqeylsvmzp5cqpmvy8quq7autul
-1.6508905115269268,-0.7786485346076465,0.40516091641497753,-1.541920557794696,0.24840153170869753,-0.7796226038516937,0.12085282401285409,0.2232552590361279,0.3885866942628987,-0.14130333929668443,ckb1qzda0cr08m85hc8jlnfp3zer7xulejywt49kt2rr0vthywaa50xwsq0xm5pnqls5mls030v7q9l2k5aksglcvjgge7vq8
0.21629719315570095,0.09547437967410229,0.36214795563119406,-1.2650798194949364,0.1338629901369825,0.70672904009608,1.488745954506018,0.3792256903053576,0.8836458826585991,-0.16197366140901853,ckb1qzda0cr08m85hc8jlnfp3zer7xulejywt49kt2rr0vthywaa50xwsq0xtd3e8c9wcj8swd2swg90w95u6xt3zsqzdnx7r
0.7589816679114522,0.183248751236264,1.9933572156842423,-0.05208442338882048,-0.7099294679378839,1.650302830808386,-0.22949116792043273,0.5347495839403658,0.020481243671794977,-0.6369592949595483,ckb1qzda0cr08m85hc8jlnfp3zer7xulejywt49kt2rr0vthywaa50xwsq0xz88g9vckq3vp47c4nakj2g7ugslm2acl45l9r
-1.0092068543386465,0.617911892898942,0.14229257836964623,-2.6419856879294334,1.3097037135849927,0.2867037714533653,-0.9213530869688638,-0.3213581182961212,0.24972417228903512,0.46354069608178927,ckb1qzda0cr08m85hc8jlnfp3zer7xulejywt49kt2rr0vthywaa50xwsq0y6r5a4py64gccqrd77qvuhr8v3d2xfjcnrz45r
0.1000055305174418,-0.07369920977871638,1.65051598623128,0.4361323002324271,-1.112842051007981,-0.6533290635440824,-0.0666994179310179,-0.00333894258153886,0.2752672161875159,0.14482992355336358,ckb1qzda0cr08m85hc8jlnfp3zer7xulejywt49kt2rr0vthywaa50xwsq0z6aytm8n2hmlggs88jguhuekkk9zq8hgaew60w
-3.8942836951635518,0.2712017157646443,-2.4997683532753108,0.08337376303262474,-1.0102121650563751,0.3639857945247064,0.0774556495733688,0.25341611675553705,0.023375328220417768,0.9795902987231357,ckb1qzda0cr08m85hc8jlnfp3zer7xulejywt49kt2rr0vthywaa50xwsq0z6h6nlju0mcdp0ny0sx77tmu6j2700lqkdeakp
3.363276219033972,-0.29339782283839494,-2.2631074234676296,-1.0722076982912494,0.16299079313772566,-0.03733605488033722,1.3899470347547684,-0.2342221408640154,0.6105511508070146,0.6667201777632383,ckb1qzda0cr08m85hc8jlnfp3zer7xulejywt49kt2rr0vthywaa50xwsq0z799mwernws5tt7me85kr63jauldckkcpdyx4t
0.05283928234090285,-0.5855180879216499,0.09076277527649138,0.5913359495684325,2.096915331333758,-0.6046210972822076,0.591662786036527,0.287652652783008,-0.45492601663899757,-0.30002225775155517,ckb1qzda0cr08m85hc8jlnfp3zer7xulejywt49kt2rr0vthywaa50xwsq0zf2s0pke9a2nul6vhurkanmft0nx57mcuqadmm
3.9070666253014696,-0.07445447476881732,-1.434813807363778,0.7245562474677617,-1.1934659304371311,-0.20268433937938587,-0.1210389277085166,0.12253631869076237,-0.07124588970459379,0.034538926973902595,ckb1qzda0cr08m85hc8jlnfp3zer7xulejywt49kt2rr0vthywaa50xwsq20gymh8hj0295y4sexft6t8u07c87txyg4y75m0
-0.27957659711963745,-0.7590016121236447,1.1079816202156638,0.48234800465665406,-1.1784392172338496,0.6519944703158551,-0.35487358929406804,0.22458341299918194,-0.13791696264782435,0.06363549418718115,ckb1qzda0cr08m85hc8jlnfp3zer7xulejywt49kt2rr0vthywaa50xwsq20k6na5zxh7ska80rl4x6cvu5269q8whsdasfzf
-1.7483084595928537,0.7456769338033556,-0.19598220464165822,-2.894644509788015,1.4768286904041037,-0.24503118115449674,-1.6556013480211969,-0.3162115672932984,0.2740234304303328,0.47811122702848097,ckb1qzda0cr08m85hc8jlnfp3zer7xulejywt49kt2rr0vthywaa50xwsq20u0ncxwckqw79c9f9kev5mlckwsmj8psnrz4u4
-0.6956682336709059,-0.17150228733462328,1.4933076339680313,-0.61720916769053,-0.3748070990691964,-0.707877631424071,1.2866233862718741,0.003771385320402522,-0.5339441172654338,-0.3428450840671748,ckb1qzda0cr08m85hc8jlnfp3zer7xulejywt49kt2rr0vthywaa50xwsq20y2fdrsxsg9d2ze0mnmjq9lyy3rdmdpq736f0p
-0.83864474759512,-1.0270290702565823,0.9316279865850124,1.5152690871283028,1.3513059823058813,0.3182059239210797,0.5507434911825738,0.43564253968184463,-0.8406456100570869,-0.32031153895545794,ckb1qzda0cr08m85hc8jlnfp3zer7xulejywt49kt2rr0vthywaa50xwsq22vda73jzdlu3lf6luskzcjz7z5ksa58stp95p5
1.1141657953212418,0.04349766193639506,1.6064370429239134,-0.1976440206081902,-0.5822167179394946,1.632909123120828,0.18049007819446936,0.3716340890379436,0.8327990723135503,-0.07090380139770075,ckb1qzda0cr08m85hc8jlnfp3zer7xulejywt49kt2rr0vthywaa50xwsq23j637de7ulapxyn0h2kl2784uhrv6whg2708tp
0.4324944935238822,0.2858359813933717,0.6483864814574074,-1.762469162541068,0.6117891005708063,1.4703171333233027,0.3645297927127167,0.22208790959906927,-0.3643361562608703,-0.4812950023515789,ckb1qzda0cr08m85hc8jlnfp3zer7xulejywt49kt2rr0vthywaa50xwsq23ylk2ds3ljwawtj47npyhqersnxamxjssl8vaq
2.65253581683375,0.19294028124054385,-2.7535374661531913,-0.716212009633785,-0.18239491299595634,-0.6538168469718597,-0.16533005320796612,0.3608253213375553,-0.8958475600563005,-0.6892794349504513,ckb1qzda0cr08m85hc8jlnfp3zer7xulejywt49kt2rr0vthywaa50xwsq247yrzkaul6mzgfrs74hr5t7q0l3ak8ugacfdq9
0.38500543584891633,-0.3639183139514486,1.5043615461226596,2.121392146201734,0.9944794320595566,1.7953696327356576,-0.1890343891026663,0.6548203497333396,-0.6920790109654436,-0.47446615953761545,ckb1qzda0cr08m85hc8jlnfp3zer7xulejywt49kt2rr0vthywaa50xwsq24qy8a3esyfvy8nu68pphmwsn8yaa653c9klmac
3.708937156780918,0.004452457132680216,-1.557517386657167,2.096618033539336,1.1412731238467568,-0.16166751933763487,-0.39006036896199187,0.32461596926087166,0.005318704631367772,0.07607932041444185,ckb1qzda0cr08m85hc8jlnfp3zer7xulejywt49kt2rr0vthywaa50xwsq24scr6mpupq6x6arqdwz5ufzfa8skkcccm8ryrr
-0.03596863973156388,-0.05646721576466148,0.5209966598191558,-0.9490971765266182,-0.06322493849728969,-0.8468084961195532,1.3639200787665362,-0.27437363278082455,0.34064027833603605,0.41749928381353413,ckb1qzda0cr08m85hc8jlnfp3zer7xulejywt49kt2rr0vthywaa50xwsq258cy8km6ddpzdassg6ksjqjvdr3c0aeqavzlpd
3.703675176458272,-0.08350649118078964,-1.5866144322875417,2.029939689372102,1.1923928913727893,-0.14200273435913865,-0.38436797281876367,0.2954193628818096,0.11501861400089622,0.16421172380208746,ckb1qzda0cr08m85hc8jlnfp3zer7xulejywt49kt2rr0vthywaa50xwsq25kj6kupzglv5kwcqh54mmm0vd830lt2quf2fvf
-1.079966680711548,-0.12048099533628624,1.4988556731608091,-1.140680339786294,0.07905787843653128,-0.3167664749612531,-0.25202555888539996,-0.14161410041593672,-0.2943731572984714,0.0016748547998716996,ckb1qzda0cr08m85hc8jlnfp3zer7xulejywt49kt2rr0vthywaa50xwsq270p8pvg8y2nugwcsq9syredeq5ee5mxq2x87jl
-0.23132613547230885,-0.09851775061432122,1.8300857421613592,0.2226958713857772,-0.9510775868486698,-0.5008139863090814,-0.41074842431032704,0.00202560476649102,0.13078111611158297,0.07406766586274227,ckb1qzda0cr08m85hc8jlnfp3zer7xulejywt49kt2rr0vthywaa50xwsq270spcwvhxfszfmq9sh25v9sum044spls2uf332
2.324420353402155,0.022500519992168937,-3.2534013559634483,-2.001568338363218,0.8545307364681369,-0.15762962627154298,-0.6180722679456588,-0.04511345401583209,0.4325433414678164,0.4107009967596205,ckb1qzda0cr08m85hc8jlnfp3zer7xulejywt49kt2rr0vthywaa50xwsq272xupqa54z4q8z05qt2fywfvdcuxd4dqku7vr4
2.8026734114596437,0.08645834443643792,-2.577059688929494,-0.424180226971401,-0.43232217157191805,-0.7151605331272677,0.6009288349773579,0.41604256422356695,-0.6642532599492915,-0.6831673628434015,ckb1qzda0cr08m85hc8jlnfp3zer7xulejywt49kt2rr0vthywaa50xwsq275zthc09tdzvgzlycvrl8p5n2ea2e7as0q8aes
-0.4807340454255805,-0.31804888817590105,0.2880323310854499,-1.5300516821692867,0.40592961485307305,-0.7267077380890304,-0.33259885718027127,-0.32345747399332775,-0.4574304888324372,0.20472009066882144,ckb1qzda0cr08m85hc8jlnfp3zer7xulejywt49kt2rr0vthywaa50xwsq28ps4hf8swzexa6ky8dp2q540tsrvz60qt2wtqk
-0.022919724614604044,-0.10912465100074951,1.4377619675495852,-0.05729810834820216,-0.7107999756389208,-0.4671987963151227,-0.3499423909040564,-0.15902529381640632,0.7356751349129649,0.5498651684861396,ckb1qzda0cr08m85hc8jlnfp3zer7xulejywt49kt2rr0vthywaa50xwsq298q6vfh7z6allgp2ty42k6yd49vap8ysn494ka
0.08534192775128097,-0.015357748238673793,0.5057096071951004,-1.4223422891116955,0.2352461656770052,1.1311781825088505,1.5239784895461888,0.5091557802677824,1.0872499517351422,-0.239934250827271,ckb1qzda0cr08m85hc8jlnfp3zer7xulejywt49kt2rr0vthywaa50xwsq2akxm0aqm8896a8ma4x7tsj0nugj4ldmg9egwhg
3.490628348464791,-0.08090800152285436,-2.027587928313641,-0.2616772800289066,-0.48680536763678245,-0.45899627378466795,1.2179488537448153,0.0759388662570758,-0.8701369817638874,-0.36234476173290714,ckb1qzda0cr08m85hc8jlnfp3zer7xulejywt49kt2rr0vthywaa50xwsq2cdr6jzphx2r5y02rkrlh84f4aes20mcc4569tl
-0.2300075759850251,0.05392069757719894,0.4721163342191641,0.7470591401534268,2.0103654627863663,-1.0249767744428566,0.786852830571186,0.07173875090171002,-0.4605469496123157,-0.09020558385904853,ckb1qzda0cr08m85hc8jlnfp3zer7xulejywt49kt2rr0vthywaa50xwsq2cq7k6zqqnna55dzwd32rxjkajthgqr2clgqu5w
-2.107074196422477,-0.008151945248602143,-0.15124635459587069,-0.9296348721852618,-0.2805094407711034,-1.2338426039461277,-0.8899335360729166,0.7288193590015462,1.2798812162863238,-0.3439396041587333,ckb1qzda0cr08m85hc8jlnfp3zer7xulejywt49kt2rr0vthywaa50xwsq2da0jqygw442724a22vmvse55pez5zw4qtj3mmg
-0.41274190927865434,0.10334673852737847,0.8485726378453134,-0.809644795904774,-0.17526679440835313,-0.854426890139277,0.4800297489602096,-0.10738764920117558,-0.7244203131574769,-0.24077567427919833,ckb1qzda0cr08m85hc8jlnfp3zer7xulejywt49kt2rr0vthywaa50xwsq2dn39wdkj33e7v03mx3mg6raqh365hpnqp2nq6r
0.616007277544003,0.3100396304929545,0.0008396776938834855,-2.2919107873947695,1.0706385199612032,1.528752271863764,-0.23627372034867444,-0.019478498096074135,0.16550139482953483,0.09427519788248086,ckb1qzda0cr08m85hc8jlnfp3zer7xulejywt49kt2rr0vthywaa50xwsq2ejd8f7wnaln83fx7u8g5tr0sv8jpuwpqdfm05a
-0.43225893995033915,0.05484343976583222,0.2275632209333057,-1.7367118559966217,0.5880924828184516,-0.5790178024347806,0.13619702385774976,-0.44889027630812467,0.34363915959552854,0.6720866367018153,ckb1qzda0cr08m85hc8jlnfp3zer7xulejywt49kt2rr0vthywaa50xwsq2evwcurnqel0euyf4s2pgkut48dgp7fsg3tdhrk
3.7125501518756936,-0.04509602850771526,-1.5644287361734839,2.0963174269817078,1.1398746189629139,-0.17205604704930597,-0.39593268190742853,0.3219170673860646,-0.002631601858353121,0.07890103368210974,ckb1qzda0cr08m85hc8jlnfp3zer7xulejywt49kt2rr0vthywaa50xwsq2fdtshag9h5z8q7qy6v4hu6lpzvejmg7sp9a6kf
3.8976317367822158,0.05493524928338417,-1.4167656754140998,0.7253412442045366,-1.189813908409266,-0.1755559878960076,-0.10570411087732841,0.12958416615394613,-0.050484650495362444,0.027170372792292508,ckb1qzda0cr08m85hc8jlnfp3zer7xulejywt49kt2rr0vthywaa50xwsq2gxfhv94tp8sc29c5xhsuttgk4hhpp2nq2mt7ff
-0.34793874562346017,-0.00014403538831138564,0.5851638956352205,0.6814095841188524,2.0558820339553363,-0.9448355946697684,0.7989996585645665,0.06924101625880098,-0.38241077307810467,-0.058014143547318014,ckb1qzda0cr08m85hc8jlnfp3zer7xulejywt49kt2rr0vthywaa50xwsq2h36kp26fly5n2huuc446dc3rzhunq2nsesxffv
0.011050626538952937,0.1177633015733889,0.15638642396247998,0.707144215864989,2.0583296800980335,-1.1117454437267709,0.7981950050758968,0.004097183640516374,-0.29361074770865353,0.07819000779570337,ckb1qzda0cr08m85hc8jlnfp3zer7xulejywt49kt2rr0vthywaa50xwsq2jrflqx0dneevp0v6ssznw8ry6aj8laxcuh9svs
0.21938180914526834,0.32452189641872886,0.48011074289508726,-2.2322405035700363,0.9957838735404143,1.6328476698591845,-0.1664570566879532,0.1112139735486638,-0.24526590211050783,-0.27772451748594107,ckb1qzda0cr08m85hc8jlnfp3zer7xulejywt49kt2rr0vthywaa50xwsq2lfh4w2sguefdcw8fmehy5fpaenhehr9cped0e2
-0.7904232439624316,-0.07252849203955505,0.8747889687341823,-0.48979607139909054,-0.5209290349487882,-1.0810303609814471,1.2289624754899995,0.23382079953089907,-0.23323102139112348,-0.48388243192404085,ckb1qzda0cr08m85hc8jlnfp3zer7xulejywt49kt2rr0vthywaa50xwsq2mj7v7ut0alqkx38qgu393dw8lafafq0qwnqaxs
1.0594322426254688,0.08556162761640522,0.5345567984623741,-1.2504912334852891,0.20017050747196416,1.2413247573121282,1.532516717019902,0.21910605308297745,0.288110271880217,-0.20544262998988577,ckb1qzda0cr08m85hc8jlnfp3zer7xulejywt49kt2rr0vthywaa50xwsq2mu7xj6mj90s8dxxnuqxyty72rg72ydzscwk9vf
0.2594283653307567,-0.016746808697008682,1.4684291827122493,0.4646889455900822,-1.125626618815151,-0.7350311826870622,-0.07061517767421759,-0.02511183338089421,0.2825670202387595,0.18227677876892703,ckb1qzda0cr08m85hc8jlnfp3zer7xulejywt49kt2rr0vthywaa50xwsq2ne4yj30svjzvvdcmd96qhfvepdx6pfcs09q7zl
-0.3784547992410597,0.05576649479654142,0.33233327173893146,-1.5297851211095979,0.42057880242032525,-0.6360820294547794,0.24587524322892554,-0.39103785628200066,0.22136358092441558,0.5440227237350945,ckb1qzda0cr08m85hc8jlnfp3zer7xulejywt49kt2rr0vthywaa50xwsq2nku3pd5gl7m6pp0cdx7m9gk2t9pswywqcqwjch
3.3617370588802302,-0.27228983548291485,-2.2601631421981976,-1.0720796378806154,0.16358656560227633,-0.03291047236765517,1.3924486794730209,-0.23307239055558895,0.6139380347185666,0.6655181089773828,ckb1qzda0cr08m85hc8jlnfp3zer7xulejywt49kt2rr0vthywaa50xwsq2nwlee8epequkd94qh3k5uymjqxgvfktgxl9jd3
0.7112046104129363,0.2443565573123106,-0.02711109190257224,-2.242310470159651,1.0226484704467826,1.4783692060105338,0.16153467083508943,-0.022234974188186683,0.302040839622455,0.14492658461764812,ckb1qzda0cr08m85hc8jlnfp3zer7xulejywt49kt2rr0vthywaa50xwsq2pgrf442dam0aa0l8gd2s8jlxfu7hha3c7hg4qq
-1.193622918079121,0.32908002216887683,0.17535153889841368,-1.4607893726641958,0.2999766596365087,-0.9752352145756417,-0.8154033430957593,0.05623358760896426,-1.005971949035573,-0.5373848388979696,ckb1qzda0cr08m85hc8jlnfp3zer7xulejywt49kt2rr0vthywaa50xwsq2pnp7gglp8clvahem5mpf7wmr0pjk5krgf4lwf2
-1.2702125963439985,0.24510260424861804,0.05241374425644091,-2.8031253353076444,1.4494674267187055,-0.23858013143135862,-1.6336529522230507,-0.574110037358657,-0.3118559657034233,0.5736758991763661,ckb1qzda0cr08m85hc8jlnfp3zer7xulejywt49kt2rr0vthywaa50xwsq2qjj3mqkrdhzuga2qfzf72ma38xhpsaasfj3trw
3.9064947171364084,-0.06661134662697733,-1.4337197961303583,0.7246038310764489,-1.1932445583231461,-0.20103991870750035,-0.12010938763630714,0.1229635332256322,-0.06998741990960679,0.03409227237988599,ckb1qzda0cr08m85hc8jlnfp3zer7xulejywt49kt2rr0vthywaa50xwsq2qq5zmvacvrht6g5w35hgdg4mhcxcu5hgu2f8qe
-1.0255327619278938,0.298635617320213,0.6201207518406727,-1.6447923559096276,0.501394596498353,-0.6474888518809561,-0.9189127075948932,-0.20188056622077513,-1.3618436179281448,-0.37592510924297845,ckb1qzda0cr08m85hc8jlnfp3zer7xulejywt49kt2rr0vthywaa50xwsq2qtfq8zdd9rs86hslwh8j4h8qjk6r3e6s0k50ul
-2.123348789995379,-0.10967640972546239,-0.2560036467355332,1.5598149375723576,1.2710713688034234,-0.5084218252731829,0.2595674756544304,0.46497857248640495,0.1231982487708818,0.22339642862644096,ckb1qzda0cr08m85hc8jlnfp3zer7xulejywt49kt2rr0vthywaa50xwsq2rsu67gzxhacdwpzfyc0gc5q9vgr6aztc6y5n8c
0.0571590456869465,-0.08900573843168616,1.6994536398236744,0.42845741555508854,-1.109406070263718,-0.6313708000834038,-0.06564701825042434,0.002512740061308551,0.27330532067917507,0.13476570586571404,ckb1qzda0cr08m85hc8jlnfp3zer7xulejywt49kt2rr0vthywaa50xwsq2rv2ln77sfue9zmr4uemppw6e6cqch00sz7curl
-1.0339372382032832,0.45429849334581257,-0.05183557846033571,0.11972318492875354,-0.9123555648142032,0.5093806720506937,0.0461743939320089,0.3314929525887548,-0.6429400195530756,-0.18936108836730786,ckb1qzda0cr08m85hc8jlnfp3zer7xulejywt49kt2rr0vthywaa50xwsq2sfv44lf5g89ha2q296zqm8savzcyqxlsulsx6f
-0.5896194998908157,-0.09682080112612665,0.8424493924139336,0.5995490661646393,2.106499115612558,-0.8039098548497946,0.8129487252864966,0.08613264038361791,-0.32111480148807386,-0.06290149445408053,ckb1qzda0cr08m85hc8jlnfp3zer7xulejywt49kt2rr0vthywaa50xwsq2t6z8rc90g09yeh7t3nz2sfe72y20yzcg6jt76x
-0.10488420357393952,0.09861991835442771,0.32920509471865456,0.7694718878384199,2.000331465832765,-1.0891008674077882,0.7837795376819054,0.0546502483221153,-0.4548176818954214,-0.060815334863365655,ckb1qzda0cr08m85hc8jlnfp3zer7xulejywt49kt2rr0vthywaa50xwsq2t9jypuuquc0tfdca5eugj6gk7v3dt0hq4r3hx9
0.017125776056738793,0.13027204386268934,0.16820084320429327,0.7468018354264595,2.0266064779355366,-1.1319263905404955,0.7900329069738065,0.019382976947371018,-0.3656948523165208,0.027735920448881762,ckb1qzda0cr08m85hc8jlnfp3zer7xulejywt49kt2rr0vthywaa50xwsq2tq8vms882lepc8fk0aapfp0c9nh755xsdtnm3m
-0.1736779989940234,0.26547478223774446,-0.12861215117877228,-2.232509790970601,0.9182713544751493,1.329510086210251,-0.22114335512372033,0.40167955022702917,0.5344562543819065,-0.28560543846823744,ckb1qzda0cr08m85hc8jlnfp3zer7xulejywt49kt2rr0vthywaa50xwsq2uj8rfycz3s3h0m0h62fj8mvxluqr627s8j5led
-0.22833847479425268,0.18629807645308308,1.6361582831601151,0.32955034201008643,-0.9697150484203592,2.535330751553802,-0.25987682777471377,0.2779545150771276,-0.5147433919197021,-0.0376157299990387,ckb1qzda0cr08m85hc8jlnfp3zer7xulejywt49kt2rr0vthywaa50xwsq2ul0rt55hnp2e2nzzhfkep4xtc3l88rxqes83vq
0.17956491885210363,-0.04527732028241593,1.5596462263957342,0.4503833906750564,-1.1192221432705012,-0.6941022102032349,-0.06865356364922241,-0.014204624880455183,0.2789101569617149,0.1635176410280628,ckb1qzda0cr08m85hc8jlnfp3zer7xulejywt49kt2rr0vthywaa50xwsq2uq6ykas222qjhw4k6847guv3y8c7wvccalk3tf
-2.3916149210108095,-0.09633256939763163,0.9279622672723203,-1.1532488734470812,-0.09717511109962947,-0.9112591551745118,-0.22422523995988938,0.6051030754891342,-0.36327348708793755,-0.9925799640737747,ckb1qzda0cr08m85hc8jlnfp3zer7xulejywt49kt2rr0vthywaa50xwsq2uxysa465m2k0hxh4zefzd2k5j36dly3gxkjc57
-0.9058532625143458,0.3570180479851542,0.4525462261529019,-1.6469856661052562,0.5129674577103189,-0.7102151568091232,-0.9878067802556625,-0.224811907084752,-1.3761661695533522,-0.3455325031564683,ckb1qzda0cr08m85hc8jlnfp3zer7xulejywt49kt2rr0vthywaa50xwsq2vr8y8dws0jkz062k8vlpafpu8x9rucvcggdkr4
3.7497142092879345,-0.046164038044004166,-1.6433521888465643,0.304149937727686,-0.8476043351776431,-0.0882184929952866,-0.6474789501970296,0.018107395642294046,-0.010452950145921363,0.20818637990866712,ckb1qzda0cr08m85hc8jlnfp3zer7xulejywt49kt2rr0vthywaa50xwsq2xg8c6fulfw65ay5aqq99atj30ev84unssl4ska
-0.23662669260855868,-0.6372676162470415,-0.5198399552511838,-2.458547875170092,1.0981930975317327,0.6757933756915168,-0.956567718003926,0.0887849563569802,0.015643686205773763,-0.0430044275310805,ckb1qzda0cr08m85hc8jlnfp3zer7xulejywt49kt2rr0vthywaa50xwsq2yg6kr7zvjzw0ts2j7qtkd6jzr2kq3g7sdh3azr
-0.5537810911677921,0.15746766682725938,-0.3440072230680573,1.3272830596464127,1.571665232640861,0.4817289504089036,0.9629383342270853,0.2761625402731396,-0.999588277439475,-0.04556620235514289,ckb1qzda0cr08m85hc8jlnfp3zer7xulejywt49kt2rr0vthywaa50xwsq2zmwtcwp3x5ngxr7wxp3aq737g35nhgpqq4lp5x
-2.8056386400420465,-0.005052123586231681,-1.8885868182160386,2.0417683668140802,2.035208789274362,1.0330523165645513,0.3557720761073423,-1.1584046158848609,0.36463664510519833,-0.004767375470630303,ckb1qzda0cr08m85hc8jlnfp3zer7xulejywt49kt2rr0vthywaa50xwsq2zuyw4u22256gp6v8s6na4p7esyg4h74q68r5ue
-1.0336705640381099,-0.10941659687920292,1.1598317033650434,-0.018939806716639026,-0.8623540193922975,-0.7671351801952994,-0.8081531939982566,0.3735748555427515,0.8820210996996385,-0.04893522422100427,ckb1qzda0cr08m85hc8jlnfp3zer7xulejywt49kt2rr0vthywaa50xwsqd280gcprvtlm89nyxuc2ru9e2tqe0aewcks0h7q
-0.7174448501709082,0.4297265560764472,1.4054766319742604,2.1335402204676197,1.002540426593942,0.01806426324975713,-0.17758386488688707,0.07829578890830093,0.09902909731653461,0.5201824662954813,ckb1qzda0cr08m85hc8jlnfp3zer7xulejywt49kt2rr0vthywaa50xwsqd2ln87tv0nhyh6r2h84d3fnm5vdsjraagf5r842
-3.885853453367549,-0.35763915639819477,-2.7662760665848736,-0.6008891674652208,-0.4022593152812021,1.6744494960245193,-1.9086272101923243,0.1770309392665719,-2.270694442218661,0.35733685734755777,ckb1qzda0cr08m85hc8jlnfp3zer7xulejywt49kt2rr0vthywaa50xwsqd3ele94wtw253dum78vpuuy2rcspueckqp9hktf
-0.06783476564413252,-0.13474144685134204,1.6848207968035245,2.0991723749363813,1.101239180243366,0.14577808345793747,-0.19366524498650878,-0.3166731018396109,-0.5221252453251087,0.7778012261980034,ckb1qzda0cr08m85hc8jlnfp3zer7xulejywt49kt2rr0vthywaa50xwsqd3jnqsndu5z3ew6anr65w34cyevvnucug28nl8j
-0.19700029932951457,0.04343894402851866,0.39401441561703593,0.6698770545244267,2.075013871997046,-1.0051220635001064,0.8033051728947362,0.03251136969449931,-0.303137180940744,0.02932089247992334,ckb1qzda0cr08m85hc8jlnfp3zer7xulejywt49kt2rr0vthywaa50xwsqd3t75wgj4rjmaem5f46ek9f5g2xe9gsucx860r9
-0.9737011174884881,-0.6304694860592923,-0.9564534772610492,-2.9603549165202456,1.4369647509416046,0.7182844129975091,-1.8309742264249405,0.30916832973410086,0.1468743353592037,-0.2381099085250602,ckb1qzda0cr08m85hc8jlnfp3zer7xulejywt49kt2rr0vthywaa50xwsqd3w85684vvlhfh93nrvkq6rz6ve7xu0ugjyfg3s
0.02131880410590571,-0.008262575143557611,1.541524134742159,0.2679509438438082,-0.971337898772983,-0.6302912157063739,-0.4169539147902947,-0.032478929586368034,0.1423494623627263,0.13341147620464708,ckb1qzda0cr08m85hc8jlnfp3zer7xulejywt49kt2rr0vthywaa50xwsqd4h5ahm0l94adpfafpftu00tpsncrmmqgghtrxy
1.1841636097149788,0.26136007979201553,1.5428711408958242,0.10538016792239567,-0.8134162493209041,1.3795026711519256,-0.2681249527662317,0.5072336304915854,-0.1312822295792615,-0.6451337824064692,ckb1qzda0cr08m85hc8jlnfp3zer7xulejywt49kt2rr0vthywaa50xwsqd52pqxx3q9kjg6xxh9f2h6wuut9numalsjdnjxu
-0.3071702025574618,0.12948666670555065,0.8451210961493132,-1.3689341066355396,0.22507474501063077,0.41485913172357936,1.5150996181617753,0.1177063698085232,0.9939754657597989,0.17918820421727963,ckb1qzda0cr08m85hc8jlnfp3zer7xulejywt49kt2rr0vthywaa50xwsqd532x7yagmmqne0jkrwggysarh5kufcjgp5ry3g
-0.6735595363013394,-0.11646918976751644,0.9570757927188772,0.6230826985672551,2.0819944856798362,-0.7779591953976772,0.8069975892573582,0.1137120979939318,-0.39732060685281445,-0.13449926324783307,ckb1qzda0cr08m85hc8jlnfp3zer7xulejywt49kt2rr0vthywaa50xwsqd5wxs2lr6y8gzek23nkyj04ngcgmutl4s75skv9
3.710477684481499,-0.17679584316327995,-1.5996270462830755,2.029373710602006,1.1897598015281285,-0.16156214179103454,-0.39542430001499895,0.2903378996703525,0.10004986307133037,0.16952441497355128,ckb1qzda0cr08m85hc8jlnfp3zer7xulejywt49kt2rr0vthywaa50xwsqd5z95kzr62mkc2vnadeyv6hpqmwlxv2xgakd68v
3.399603538491828,-0.11831338785901195,-2.1679276507421967,-0.7930215161571172,-0.057453804197083125,-0.16085705618953455,1.3429290556853481,-0.12206558027044503,0.11803630340301081,0.3072342741943515,ckb1qzda0cr08m85hc8jlnfp3zer7xulejywt49kt2rr0vthywaa50xwsqd5zvdgz64ygu94j8cwvcguc6wz5mhaknc3drq98
-0.6459727004269934,-0.09467917289281759,0.9472161527221273,0.6725493087748039,2.0437228820360835,-0.811800084941136,0.7970698078992599,0.12854844972196222,-0.4795935554773617,-0.18791169859438428,ckb1qzda0cr08m85hc8jlnfp3zer7xulejywt49kt2rr0vthywaa50xwsqd6328jjvyqyx6psdkxv5gyxmlx90f50cgc8yla8
3.187443242376795,0.22875864961034595,-2.3640922398498003,-0.8472782611204978,0.007260332386848883,-0.3475801472048887,0.017762532517216132,-0.016545372239419407,-1.316312198750509,-0.4127835475465445,ckb1qzda0cr08m85hc8jlnfp3zer7xulejywt49kt2rr0vthywaa50xwsqd682nhfyu5lfzt4gp9cmrqgsjpesm3pjqf252gf
-0.5787547682543609,-0.052364545940929215,1.3524945291655623,0.15026076797431606,-0.945655132811308,-0.7260662376384284,-0.6548291724392574,0.21632085753968677,0.46520445407408,-0.0354897064258492,ckb1qzda0cr08m85hc8jlnfp3zer7xulejywt49kt2rr0vthywaa50xwsqd6jpr7mncc8n3y4jv4z5k8fq7l77s42kq76f87n
-0.12624524622874145,0.07662286452009558,0.6977649811901899,-1.3641319178172322,0.20765490809024548,0.7055164015681207,1.513104580190482,0.2952815512699196,0.9862166965117348,-0.03296074917772299,ckb1qzda0cr08m85hc8jlnfp3zer7xulejywt49kt2rr0vthywaa50xwsqd6raz9mkh95xl7tg8ymg7klqz7ns0af5ctkwa53
0.33033397511908064,0.045380106548131315,0.857710103912515,1.6751521607312252,1.3584978223280428,-0.8130530143969812,-0.5434266497046475,0.06204903148675701,0.49378716930428124,0.4539655943561842,ckb1qzda0cr08m85hc8jlnfp3zer7xulejywt49kt2rr0vthywaa50xwsqd7qx7ag4lw5wlu0ewhgryjrug54tauj4glm5p09
0.01221463902582707,-0.10506173114779152,1.7507874613214913,0.42040674023411106,-1.1058018512370966,-0.6083373791049266,-0.0645430892022945,0.0086509426558132,0.27124736353514506,0.12420870698309369,ckb1qzda0cr08m85hc8jlnfp3zer7xulejywt49kt2rr0vthywaa50xwsqd7xem3waujkrfq9vrj7vc5tesg793drag9966ur
-0.6472001395379617,0.43844761731388254,1.3243489030785307,2.1458175744313612,0.9965502153034055,-0.02068462667198018,-0.18117187578953245,0.06799195190976816,0.09963177774725615,0.5373176989817933,ckb1qzda0cr08m85hc8jlnfp3zer7xulejywt49kt2rr0vthywaa50xwsqd8a7fpzf530ks6kmw3yfvn72p5v4ayy6gq05avs
0.02413831590524698,0.14471207501790562,0.1818403951670017,0.7925830709774778,1.9899847852530028,-1.1552232222822325,0.7806104735491894,0.037029226649984044,-0.4489098763323178,-0.0305092145880487,ckb1qzda0cr08m85hc8jlnfp3zer7xulejywt49kt2rr0vthywaa50xwsqd8at4zhq3lrngyw88mqued7njjluzc9dcx3mfwa
-3.4860928017236446,-1.0114672549049224,-1.248879871468298,-0.31234124695801335,-0.6609922053509515,1.3078029627384236,0.7051816163853348,-0.17130699908803385,-0.07778831902196051,1.4386888907094877,ckb1qzda0cr08m85hc8jlnfp3zer7xulejywt49kt2rr0vthywaa50xwsqd9ec9tr57qedasftglxrgq9yl657ym3yqddeg6p
-4.294937753983775,0.5892946409897715,-3.20510042610006,-0.12080537314464798,-0.9293397279723224,0.50946370923532,-0.1777598533938033,0.7567205303384292,0.42815276715981115,0.529385306829145,ckb1qzda0cr08m85hc8jlnfp3zer7xulejywt49kt2rr0vthywaa50xwsqda5zj9fpg255n7vz04eqkzlles8z72susenvew6
-1.645666291708707,-0.0788072501406177,1.3538491996618363,-1.9302533066833365,0.6881273107640528,-0.15756188231715154,-0.6595371256667508,-0.21860799044293402,-0.6745580860044734,-0.08640410091127748,ckb1qzda0cr08m85hc8jlnfp3zer7xulejywt49kt2rr0vthywaa50xwsqdak37z6wn6w6aea983ruzrfl8yweej95cfkzyn9
3.8198836366516105,0.008789767076231006,-1.5329598782223641,0.5552415650708764,-1.0508258710210554,-0.1717923427184931,-0.46871361677401163,0.09546087949004606,-0.20122542364610574,0.020315886610931144,ckb1qzda0cr08m85hc8jlnfp3zer7xulejywt49kt2rr0vthywaa50xwsqdc75deduvc55qd7z48nrd6xy06td2r0wgqqs0vf
0.9802277957860482,0.11236988039073026,1.588026717369258,1.563891441676619,1.4362846613506444,1.4499939396132728,-0.18450887665721397,0.7180734304250733,0.17689744681588213,-0.5208602505205796,ckb1qzda0cr08m85hc8jlnfp3zer7xulejywt49kt2rr0vthywaa50xwsqdcr3ezl9ktveg4fpuujzgrnel0nnjvjxc2gf480
-0.6169322797689762,0.05331184413518897,0.649485147611869,-1.4500713168858421,0.35763178813867413,-0.5185771768915972,-0.24058263943433217,-0.32573377460476466,-0.017313194723415637,0.370595208415478,ckb1qzda0cr08m85hc8jlnfp3zer7xulejywt49kt2rr0vthywaa50xwsqddm8ppq3gz8gz0d9ap6z8nc3r662npn2cuxk9f0
2.5432956609376034,0.3147711956044456,-1.8484812989115251,-1.0511483159999093,0.23952645676142056,-1.6805754758316176,0.628253815843906,-1.0534655551106662,-0.2363863321619423,1.2827506692716129,ckb1qzda0cr08m85hc8jlnfp3zer7xulejywt49kt2rr0vthywaa50xwsqddtncxgn0wga0mctct2p6k2ueqd36ju3qqqmeqa
3.4509755910501605,0.16701104604739198,-2.011106053262403,-0.260004600935547,-0.4368005073577442,-0.2738293967896796,-0.11875304516703607,0.034545810275233506,-0.8440319102667561,-0.23958036216427842,ckb1qzda0cr08m85hc8jlnfp3zer7xulejywt49kt2rr0vthywaa50xwsqddw45fnzxhfmsxwuf7m82k5vyynsfvkxqu8209y
1.178337868805051,0.16174222875636882,1.7089892095273562,0.17566954668646736,-0.8804490025969193,1.4396170193493951,0.10354837819762402,0.5139894432171243,0.15658287208609792,-0.5425026654310527,ckb1qzda0cr08m85hc8jlnfp3zer7xulejywt49kt2rr0vthywaa50xwsqddyz6vl88hqfhcrfv55xpqzan04myfn7qweufsa
-0.519612014299992,0.022383848542591848,0.9456909950543321,-0.8943476352768316,-0.12244972597821259,-0.7969836645287566,0.7374858351530923,-0.11042228062013568,-0.6099175576402731,-0.20359639681643588,ckb1qzda0cr08m85hc8jlnfp3zer7xulejywt49kt2rr0vthywaa50xwsqdenac4ykevnaxl2ltarf6y37hps3nxxjc4ckfhj
-0.554063756057312,0.17455435261034327,-0.36370929658953643,0.11160196896600656,-0.33057106860004754,0.5800210213156256,0.8883640609171757,-0.6507094117343228,-0.9917324476594681,-0.6098995007616625,ckb1qzda0cr08m85hc8jlnfp3zer7xulejywt49kt2rr0vthywaa50xwsqdev2qemedc4lercjj2ys3acwf4d6nj7jcprg6sq
-1.5178439000450734,-0.12444349895304178,1.1204562085468337,-1.1896244133372982,0.03633110361532091,-0.6243297556483558,0.09576189477736345,0.14021670741343353,-0.2000033831398036,-0.3335526337038334,ckb1qzda0cr08m85hc8jlnfp3zer7xulejywt49kt2rr0vthywaa50xwsqdfpcl42753m0xgau9yefhgfxukx83dwysy7tdl3
1.2549730217469974,0.17344329120359636,1.3061633463240752,-0.1997857802911787,-0.5627183780790114,1.4789068100723721,-0.2071421695581881,0.3637534196890514,0.46281689701474155,-0.20056378901560828,ckb1qzda0cr08m85hc8jlnfp3zer7xulejywt49kt2rr0vthywaa50xwsqdfunuqtrj99lz8app7uqjmdr2ecx6wwfc62xrtm
1.199332132514598,0.2714657456875313,0.06409764429654603,-1.4556306708156996,0.41255475776215716,1.212143359656588,0.34718877430809314,0.10901449072434946,0.12848532761479187,-0.07436511927680972,ckb1qzda0cr08m85hc8jlnfp3zer7xulejywt49kt2rr0vthywaa50xwsqdg04rll0lnjdvdyp2zpqguqkmnye6vmnsd4vft5
-0.30771512351426134,-0.2170624695458677,1.7518033826567554,-0.13143179335468366,-0.6692376242854644,-0.31101409987691764,-0.33814405804223946,-0.12978997752642876,0.7660107658795754,0.5140686016701502,ckb1qzda0cr08m85hc8jlnfp3zer7xulejywt49kt2rr0vthywaa50xwsqdg5awuqp2zuwnvjcr753hh38ml5ywd5rgpg79nw
-6.870958017128404,0.17852059951511223,-3.7527947260856998,1.814193485270749,0.1401335402187016,0.8230041780416376,-0.18266355119603203,-2.494945401905785,1.9777871886967935,-1.802339828591558,ckb1qzda0cr08m85hc8jlnfp3zer7xulejywt49kt2rr0vthywaa50xwsqdh26mj0xls204ndg9lsdptdz0zu0jdmycngh5ht
1.6332312848551307,0.19344194069414394,0.8338533489859211,1.6780232375459427,1.3805989187839058,1.0897794823473537,-0.2178634683002532,0.6222876915386328,0.18250003839193976,-0.36156901521831175,ckb1qzda0cr08m85hc8jlnfp3zer7xulejywt49kt2rr0vthywaa50xwsqdhxwwku2qxwcj784l5slje2tsa76nlgvsawdc7v
-3.528755312096945,0.21202342462753204,-2.450101082333246,-0.05008985969477868,-0.8754035389640649,0.7107150743752112,0.20203795262806712,0.17752257902037652,-0.2054985123028344,0.9760552723015194,ckb1qzda0cr08m85hc8jlnfp3zer7xulejywt49kt2rr0vthywaa50xwsqdjsydf39sklhfvtfnk57vvd7d2vn4kxwqpr3prn
1.7032831009115772,0.22178179526246355,0.7844164223532798,1.7547641076523863,1.3224784290651195,1.023012911181558,-0.2345627182115108,0.6390453124796907,0.06255460270124916,-0.4312708471141049,ckb1qzda0cr08m85hc8jlnfp3zer7xulejywt49kt2rr0vthywaa50xwsqdk6t85vllv37se5ng6rpnz7x30clgdy6qsped2w
1.1218116462107406,0.15691096442697958,1.4599554237138992,-0.2230596941136738,-0.5513628643611355,1.5523622408939701,-0.20034045505285059,0.3832861801725497,0.4616744087840902,-0.23304667824788244,ckb1qzda0cr08m85hc8jlnfp3zer7xulejywt49kt2rr0vthywaa50xwsqdktl2pnd9nrh6fna6ydh5sv34z4cx59mg2d5yh4
0.5857379167976187,0.11270557215261867,1.2865006937531542,0.2582858775900357,-0.9115495515407797,1.9826912396435676,-0.13696188875863546,0.29123977551398944,-0.1569105960138438,-0.062061199128328415,ckb1qzda0cr08m85hc8jlnfp3zer7xulejywt49kt2rr0vthywaa50xwsqdlnnrld5uyndfrw0xxnpmpf435242xl2ccrge5g
-2.094257147890211,0.6794280468366872,-0.23829856367820088,-2.6832342038815997,1.2499703527781483,-0.45266001445019505,-1.5681220665692566,-0.0542041130978129,0.3655933574909156,0.1859619879783472,ckb1qzda0cr08m85hc8jlnfp3zer7xulejywt49kt2rr0vthywaa50xwsqdly7vzugjpxpzy4wc8u8dkpt6gmv2kknsw36cs0
-0.6476682072737286,0.43838950550232975,1.3248894885835458,2.145735765662854,0.9965901304032082,-0.020426427798275335,-0.18114796748207443,0.06806061036974555,0.09962776185393044,0.5372035202843076,ckb1qzda0cr08m85hc8jlnfp3zer7xulejywt49kt2rr0vthywaa50xwsqdn85jtpzkk24ga7vprxcupwkw8h2kmcpgnkw4s2
3.715048604154615,-0.23948127224517315,-1.6083708232999872,2.0289934032968233,1.1879905067134886,-0.174705012026494,-0.40285355747726437,0.28692342958341455,0.08999166720117432,0.17309425781826634,ckb1qzda0cr08m85hc8jlnfp3zer7xulejywt49kt2rr0vthywaa50xwsqdnvsjyahhu4hnqmv5aqy06jk7p289qcsck64eed
-0.12597127854742046,-0.060880657568532275,1.709753362203858,0.24156758000539622,-0.9595262906604428,-0.5548069734670912,-0.41333616092898723,-0.012363047886019194,0.13560520428125503,0.0988144850881221,ckb1qzda0cr08m85hc8jlnfp3zer7xulejywt49kt2rr0vthywaa50xwsqdpglw7yx2vzsuu2hz4f0zqmm7ujn4gzrcpt9myf
3.27912377796963,-0.07939110838928908,-1.9441154865316297,0.660346119720133,-1.2259106594298947,-0.5028354371937336,-0.5493319041111849,0.4717452038762986,0.19083741789182881,-0.27092442285259266,ckb1qzda0cr08m85hc8jlnfp3zer7xulejywt49kt2rr0vthywaa50xwsqdqpaqujjqztsvqsckxxryqkyar5g229ls79xsux
0.024517261012148187,-0.5083565163804494,-0.5075471949760854,-1.8947249175589738,0.6321072945914903,0.6825626705463103,-1.0889413569825228,0.4966902272581969,-1.073439581059242,-1.013402654503499,ckb1qzda0cr08m85hc8jlnfp3zer7xulejywt49kt2rr0vthywaa50xwsqdqq677slvjxejspzxxuyrz3r8m4glpqrqve4u4k
-0.6782326846180609,-0.19634146493917826,1.750583345544315,-0.42987962449438993,-0.4832775983505877,-0.4511155858304848,0.2914491630521022,-0.03665197448677946,-0.056344945036121336,-0.02376007213163739,ckb1qzda0cr08m85hc8jlnfp3zer7xulejywt49kt2rr0vthywaa50xwsqdqrmx3gfghxmm3m5dj4vm27j5ke9kvw9qmr8lwp
1.640854717424109,0.2140311511151315,0.8565168399553209,1.7438528895043774,1.3278020926441558,1.0574501027928696,-0.23137395540546807,0.6482026124634286,0.06201898422249888,-0.4464993941128646,ckb1qzda0cr08m85hc8jlnfp3zer7xulejywt49kt2rr0vthywaa50xwsqdqyzqvyyqgdw9qdu9tsfwfj2j3qj05ams2m6zwh
1.6412978325242733,0.17839413474980317,0.7988258039773479,1.6267350326609762,1.4225180121119643,1.1083088079594774,-0.20755478472131036,0.5990167483333209,0.28106287752962206,-0.2886886896548057,ckb1qzda0cr08m85hc8jlnfp3zer7xulejywt49kt2rr0vthywaa50xwsqdrc0cvrk8yuh4248eumm00tj6la4285jgtkf6ge
-0.8864149708428607,-0.07078657683525269,1.395749239290388,-0.9218050841385524,-0.10577267362610489,-0.5446891616300116,0.2646488670681977,-0.07279555216792902,-0.5932172387810085,-0.23441881812254683,ckb1qzda0cr08m85hc8jlnfp3zer7xulejywt49kt2rr0vthywaa50xwsqdtejzc329up3s665cxswczse77neqxr2c6uk0jz
3.7902184422133423,-0.0817658064717311,-1.5978635585174708,0.3492279531428377,-0.88687751631318,-0.07240866655042183,-0.4293820255637237,0.014717949297349844,0.16884392932736803,0.2836773560902138,ckb1qzda0cr08m85hc8jlnfp3zer7xulejywt49kt2rr0vthywaa50xwsqdtr9km5rjdrntcf4a5jh7u55rl8rurp2snsf7v6
0.6033716309071534,-0.819534677752279,-0.19507260427597112,-2.551511524393706,1.2353395738994188,1.4045184343044466,-0.21551824907708336,-0.14640954239498252,0.29115475935808277,0.3600853601088609,ckb1qzda0cr08m85hc8jlnfp3zer7xulejywt49kt2rr0vthywaa50xwsqdun3wce79ar4cmnl76tyehgha0muqg07gt556gd
-0.26582939425536595,-0.14532068506175375,1.579027863743014,1.6514588050245513,1.3390104922175872,-0.5442975884211604,-0.5460466952961222,0.17818845684447704,0.31059107502931554,0.20215929315709671,ckb1qzda0cr08m85hc8jlnfp3zer7xulejywt49kt2rr0vthywaa50xwsqdv3msqhwu0eel0cx4vxkhzphyxdxg0p2gcn4zk4
0.8948334875646922,-0.9004428437323105,0.9414939405752198,0.43951650518997576,-1.0811973497722442,1.5636808380718956,-0.3075261567583465,0.26021808608977487,-0.6052552859194877,-0.14278887307735477,ckb1qzda0cr08m85hc8jlnfp3zer7xulejywt49kt2rr0vthywaa50xwsqdv5f45r3aevly9umatacdzw6x2hmycfss6cstcq
-0.2853763490741571,-0.20908213948163049,1.7262888693996403,-0.1274303561693663,-0.6710290337588503,-0.32246242980374884,-0.3386927452724434,-0.1328408560097111,0.7670336348829314,0.5193157599780004,ckb1qzda0cr08m85hc8jlnfp3zer7xulejywt49kt2rr0vthywaa50xwsqdwa7y4etexhlslpeplm2gensrmkpgpfqc5kk4x9
0.06551574996775092,-0.022810503531292645,1.2204257706816368,-0.13159195942786145,-0.6388084219276543,-0.5226336944033985,-0.5581308619592146,-0.19443531105541714,0.6640802103343847,0.5747701362758946,ckb1qzda0cr08m85hc8jlnfp3zer7xulejywt49kt2rr0vthywaa50xwsqdx5m2dx9j9el3arnuntxu5lkfafw4dyxgq357up
0.35383288031991506,0.13385402919445977,0.9884667212717405,0.12026256976951731,-0.8240722209199469,-0.758988085550391,-0.6068065379178426,-0.1501578946896002,0.3016570944844093,0.3731838536160159,ckb1qzda0cr08m85hc8jlnfp3zer7xulejywt49kt2rr0vthywaa50xwsqdxaqe07wj7kc5y9suqc6lkdqz4wm85ltq0ng53r
-2.1207247150404633,0.26885827719936467,-0.5851421852591623,-1.0410991372797829,-0.2140942718121827,-1.6637933566111538,-0.6005952941542455,0.8392533775254302,-0.038395478401310815,-1.0934127044043254,ckb1qzda0cr08m85hc8jlnfp3zer7xulejywt49kt2rr0vthywaa50xwsqdxzlmuqal6c37hk678qjekya0qjd5m5lq7hhzaq
-0.6178260336794688,0.07351503302653595,0.942649208481051,-0.961043631976118,-0.06713864262252629,-0.7879123992436168,0.46695804500321886,-0.09947332991503646,-0.8306394053592078,-0.30815794282463443,ckb1qzda0cr08m85hc8jlnfp3zer7xulejywt49kt2rr0vthywaa50xwsqdxzpng0y93mrnmxq0e73j4yu4d3n3mkuqc5r59u
1.0632487046892363,0.1496402248274943,1.5275915261375983,-0.2332953112261765,-0.5463688314959106,1.5846671497484965,-0.19734913412951272,0.39187647826268324,0.46117195474160827,-0.24733230375226317,ckb1qzda0cr08m85hc8jlnfp3zer7xulejywt49kt2rr0vthywaa50xwsqdy03jsqq4r873dyqm49pckertnx0qvw0qvde0sg
0.9982655581719646,0.16971095738494427,0.31755966467836794,-1.5785653233962218,0.5013733624637456,1.4283196675599712,0.41997001168064285,0.08156565720745165,0.5263395658848676,0.12358616097551388,ckb1qzda0cr08m85hc8jlnfp3zer7xulejywt49kt2rr0vthywaa50xwsqdytgmu0z5yskwrnegfptr3n4pcx9d6tlswehku8
-2.859919431494774,-0.5444089950683798,-1.8190306945793855,1.5483169167162358,1.0125507522970465,-2.0123223620843516,0.3122203056432096,1.5310780980140184,0.769280865069655,-0.9852194304738912,ckb1qzda0cr08m85hc8jlnfp3zer7xulejywt49kt2rr0vthywaa50xwsqdywhhfnhv7xz24x9y79yu47u9ugwr8p2sccyn4q
3.3468038301336844,0.1284154805981913,-2.1723516725930296,-0.5295652172176941,-0.25854204715694845,-0.3938088871491483,0.6760688466580355,0.037240436617798404,-1.0637329355199152,-0.3892946795184185,ckb1qzda0cr08m85hc8jlnfp3zer7xulejywt49kt2rr0vthywaa50xwsqdzcwm3dgw383w7uv4v9a95jdxtxgzrmdcpxs45n
-7.703772677086415,-0.9723276304187705,-4.892929184119104,-0.5454172502356658,-0.8141108959480525,2.1743973077577867,-1.7483396926865609,1.3404626783026279,0.6957034217496044,0.8150809787555884,ckb1qzda0cr08m85hc8jlnfp3zer7xulejywt49kt2rr0vthywaa50xwsqf2pf3uu524tn9umy7g3gchaa6sgamvs4sx454l6
2.923869658171641,-0.06177501799106435,-2.8057715156528484,-2.0869449325674916,1.0056950782781187,0.19534242828519235,-0.23182196026226126,-0.44889923181922814,0.3567652921200149,0.870673479278798,ckb1qzda0cr08m85hc8jlnfp3zer7xulejywt49kt2rr0vthywaa50xwsqf3q9e554euxmpqyaju2n3prxl3fxuphqs9l8zmt
-2.60582287488391,-0.887690843414276,-0.9802212054693704,-0.7090007484514613,-0.3495869842394443,1.258374824451658,-0.16976135451180563,0.18646282410515,-0.8203925953315347,0.34876352909007424,ckb1qzda0cr08m85hc8jlnfp3zer7xulejywt49kt2rr0vthywaa50xwsqf4s8sxvjqhp8qpxyqj03kwmry2a43kggq7um8ef
-0.0788546316705824,0.2607946181630477,0.11760973024499183,0.11012470605781746,2.5033069658567486,0.3661584648629302,0.2860077073810872,0.42319262298116067,0.41153733167635065,-0.12256596159006902,ckb1qzda0cr08m85hc8jlnfp3zer7xulejywt49kt2rr0vthywaa50xwsqf68ndqgrm406nmahnk8uyvl6up7hzhgdcjvn87t
-3.296920304713436,0.23256590967578386,-0.7642130414493022,0.4411694182828241,-1.2831262935206664,1.471038789055049,1.0591475442682838,0.5086588364029527,-0.018210371561774942,0.44509119351296633,ckb1qzda0cr08m85hc8jlnfp3zer7xulejywt49kt2rr0vthywaa50xwsqf6qtawqcsf9ga3yuhh8gfhxuyah7rvtlgzn95vl
3.9054030053117983,-0.05163964967024829,-1.4316314451104841,0.7246946631215831,-1.192821982515979,-0.19790089464419133,-0.11833499456015469,0.12377904030850895,-0.06758513499738784,0.03323965629290987,ckb1qzda0cr08m85hc8jlnfp3zer7xulejywt49kt2rr0vthywaa50xwsqf70nhxhk4ljdgqd4ef2ndrzka0qda3nlg5ry85g
-0.19891035563654055,0.41343498474439766,1.1176717220928547,0.6007969099221835,-1.227747627388404,0.762179920673137,-0.24655139622705544,0.2969313284354959,-0.11111508690901296,-0.07270934349678249,ckb1qzda0cr08m85hc8jlnfp3zer7xulejywt49kt2rr0vthywaa50xwsqf7wdk98y3zdh3cyql86grghqwnen7ks5qzrld2q
-3.6439040512557774,0.31158902761334245,-2.702944418407456,0.6872155236938565,-0.22785309763417722,0.21749768137676062,0.30928560946359296,-1.3150871905764265,0.7848320458588984,-0.3271684642128305,ckb1qzda0cr08m85hc8jlnfp3zer7xulejywt49kt2rr0vthywaa50xwsqfc5kszzn9mc2zycl58v8jjrk9zhmr97cg3ndvfs
1.2378913482212492,0.164868798845856,-3.746803441884491,-0.28335657746161,-0.7637597072969532,-1.4924216462789197,-0.31405496396500726,1.4085550177237984,0.3215128348331364,-1.4557310277086009,ckb1qzda0cr08m85hc8jlnfp3zer7xulejywt49kt2rr0vthywaa50xwsqfc63dma5fy3kywpnada5yy99tpqvl4dechg9csl
3.371752140384202,-0.23374329947994582,-2.2363009677413803,-0.9991860386335766,0.10579247288263086,-0.0666886302362926,1.3793126274842014,-0.20416341358060394,0.48411444233930273,0.572012300584664,ckb1qzda0cr08m85hc8jlnfp3zer7xulejywt49kt2rr0vthywaa50xwsqfcwzl3jytqrrgtuwmapvqe42txrxvqlncewj9c8
-0.9613020799862548,-0.13283982548803558,0.7405984127368177,1.9966722240046075,1.0437374911952015,-0.3339339747146583,-0.4806791622488004,0.2214702391531993,0.4719426196618155,0.5551842318032039,ckb1qzda0cr08m85hc8jlnfp3zer7xulejywt49kt2rr0vthywaa50xwsqfd8eyknzynse6m9r0zlfjyt4qpxnlr86svrekgm
-1.869395813604282,0.43163291167933643,-1.113635135313835,1.301665966863302,1.5285236107249582,0.6137382389032361,0.3106509427692004,0.5078763743781927,-0.5467167048342559,0.11038039050294582,ckb1qzda0cr08m85hc8jlnfp3zer7xulejywt49kt2rr0vthywaa50xwsqfewq5cphjmj7j53dgvs9ekquz7wp0eadggz3t4x
-5.002147903986752,0.4874258687702496,-3.1289748871338876,-0.06278468024986579,-1.0188156052332327,0.46690066815289755,0.017992519527617736,0.778589456280234,1.058198385050972,0.8372907927700028,ckb1qzda0cr08m85hc8jlnfp3zer7xulejywt49kt2rr0vthywaa50xwsqff60m3g73j280arxmzwp6anr9g04xmmast74txw
1.00096425916578,0.13458710726560455,1.5955455746853848,1.6320129860686678,1.3823696040372169,1.410431056171481,-0.19868916077763138,0.7420648679898656,0.05652889886912868,-0.6025918855931365,ckb1qzda0cr08m85hc8jlnfp3zer7xulejywt49kt2rr0vthywaa50xwsqfg0c6expwhe3wjs5vkk7e2legcah5gvjqvdy8l7
0.286063162470842,0.21046116456949224,-0.20120790047778744,-1.7604251118829322,0.5518295411778669,1.1339395750546066,0.22479200184117498,0.4330858196735951,0.7440563610498816,-0.22499409654161412,ckb1qzda0cr08m85hc8jlnfp3zer7xulejywt49kt2rr0vthywaa50xwsqfg2np57fhkdu6fuygqt3ys4rykd03gfhsu8dvd7
3.9048085289759613,-0.04348702244073394,-1.4304942629033761,0.7247441244355954,-1.1925918747972613,-0.19619158319295124,-0.11736877374027628,0.12422311323283663,-0.06627700449988906,0.03277537618177129,ckb1qzda0cr08m85hc8jlnfp3zer7xulejywt49kt2rr0vthywaa50xwsqfh3hsd0an0xag0qzx0ay8qrtpclap9x3she6gvj
-0.016929161978989554,-0.10698457535645348,1.4309197708035737,-0.056225047686105714,-0.7112803757918086,-0.4702688813676284,-0.3500895317075375,-0.1598434442792598,0.7359494364799135,0.55127229270356,ckb1qzda0cr08m85hc8jlnfp3zer7xulejywt49kt2rr0vthywaa50xwsqfhncpyvtj7w4euhnwwnndksez0kl7kljgjp39t5
-0.37453207304813907,0.49510079735814877,0.2553427548543117,-1.7268473171483276,0.5918071020278493,-0.27343162177183333,0.13514144498646385,-0.3360975328447578,0.5322559240158338,0.5961558602978828,ckb1qzda0cr08m85hc8jlnfp3zer7xulejywt49kt2rr0vthywaa50xwsqfj8ejt4qckvuzrtezy9nvcv7le9ur8cuqy7s5x8
-0.41429175631077714,-0.24528559290900176,0.8557571827372404,-1.217074044984628,0.12925669497472692,-0.5643272134333721,1.414806490834126,-0.30635864127605855,0.6989421146737899,0.597944045945785,ckb1qzda0cr08m85hc8jlnfp3zer7xulejywt49kt2rr0vthywaa50xwsqfjhl5nx82y5z2xdhwqhg34vkzta6gttgc05sfu2
-0.2953304750723382,-0.18416767610943377,1.7893015862593902,-0.02299921512238832,-0.7562499434990839,-0.36436235600129674,-0.3605144809651584,-0.08710180795024872,0.5673033327912308,0.3741051718232269,ckb1qzda0cr08m85hc8jlnfp3zer7xulejywt49kt2rr0vthywaa50xwsqfk74jml992maq6k2g9gn5znh4qsqlcg0gxqejgl
0.6628775239036999,0.03129038330961846,0.7220056615702636,-1.6623635206264982,0.5227758849769711,1.5501495896096338,1.1963468664885102,0.14782784476798694,0.5880798358725072,0.011490717199525519,ckb1qzda0cr08m85hc8jlnfp3zer7xulejywt49kt2rr0vthywaa50xwsqfkjglwnv0p5h4wujzvz65rekwxmx2d0zsn7yllu
-0.11855751691044739,-0.15286170219286604,1.7427544275446258,2.0900866525480364,1.1053067810590822,0.17177283052207687,-0.19241938765555894,-0.30974573208321704,-0.5244477867955176,0.765886951025134,ckb1qzda0cr08m85hc8jlnfp3zer7xulejywt49kt2rr0vthywaa50xwsqfklpav762duvc8cva7gnz89nzvksp6r3qeh6wvh
0.681649022640241,0.4416896861360557,0.7576943704073865,0.061105421412375,-0.6599296475041205,0.7454330382083875,-0.31912956974214973,-0.5015654752044935,0.21022971327126008,1.0899515669776048,ckb1qzda0cr08m85hc8jlnfp3zer7xulejywt49kt2rr0vthywaa50xwsqfl7q5k0n22acsv662t7zmcw6rggs4ev8sft2wt3
0.8638407340600742,0.17115793298494497,0.34653911497469386,0.421664074751054,-0.2554859367429161,1.1082612958742253,-0.5154203350674696,-0.42441753233336693,1.051855074335804,-1.2584954877791028,ckb1qzda0cr08m85hc8jlnfp3zer7xulejywt49kt2rr0vthywaa50xwsqfl9ggysz7z4kfeslc6snf0ykm24kd9ujqrlxxfg
1.7235927821856762,0.2833649568354894,0.8478308069428747,0.052012849538859665,-0.7400412381475676,1.146321232720833,-0.2656411908033652,0.36622255450592,0.14930380469881974,-0.3148656473189528,ckb1qzda0cr08m85hc8jlnfp3zer7xulejywt49kt2rr0vthywaa50xwsqflgd96hhegvt75t3admj08a2y88yv5mdqy6cqs0
-0.10641486489685928,-0.14744107470569803,1.8862816469419204,0.39915720796703225,-1.096288615955548,-0.5475413088637114,-0.06162929936559917,0.02485255666873012,0.26581544323121925,0.09634380379724253,ckb1qzda0cr08m85hc8jlnfp3zer7xulejywt49kt2rr0vthywaa50xwsqfn7k56km47p5javnrpw4ufny8gcyqjyxschyrkw
0.07612866700089248,0.3027648544870427,0.05236512881555607,-0.31715694769191427,-0.5147325505392499,0.7795461124595408,0.505197822286819,0.09597479529104072,0.420284940832714,0.3879349529242118,ckb1qzda0cr08m85hc8jlnfp3zer7xulejywt49kt2rr0vthywaa50xwsqfplruvrt4qsh2vu7vla0uuk2pxvstfx6csgmzu5
-0.5831926153497576,-0.2586958955672998,1.9415082734738462,1.5946110581822106,1.3644607460932898,-0.381653085631976,-0.5382515878600461,0.2215317756652182,0.29605934668705247,0.12761379529925806,ckb1qzda0cr08m85hc8jlnfp3zer7xulejywt49kt2rr0vthywaa50xwsqfqqgdjzldwm3gcuxnclfscjda2lw7jruqjxyp93
-0.8215245188013073,0.24387833880894355,0.6696068969910327,-1.387948102018041,0.2938263652646876,-0.7213210782516513,-0.4773195426471279,-0.17495287941181972,-1.1674780694509033,-0.3323966209857216,ckb1qzda0cr08m85hc8jlnfp3zer7xulejywt49kt2rr0vthywaa50xwsqfqr2l6rqllmnhtpzptgq9fnagsykcffxcpqmjuu
-0.24657315169419364,0.3026580355058634,-4.0203571608417645,-0.8426490990020717,-0.3547213073228942,-3.013080157856755,-0.36655680025415516,0.8070321771706821,1.8611377509412406,-0.08263769647364311,ckb1qzda0cr08m85hc8jlnfp3zer7xulejywt49kt2rr0vthywaa50xwsqfrlamn0mk353jsutukulxcxyf8je85wwg5l5nnv
-0.33781957334365165,0.36605518375993973,0.12384220700162167,-2.020840275998736,0.7494419922541112,1.0622526960979217,-0.1830306167090721,0.40134882861171817,0.07900823967914357,-0.5013269265886385,ckb1qzda0cr08m85hc8jlnfp3zer7xulejywt49kt2rr0vthywaa50xwsqfrmvt598cnr70mhtyt9afjg9yju7s0n6gw0e8d4
1.6632895094087188,0.21681648816021182,0.8306062239735698,1.7477740371582875,1.3258889358664268,1.0450744623041324,-0.23251989618184893,0.644911767677786,0.06221146860992957,-0.4410267346419749,ckb1qzda0cr08m85hc8jlnfp3zer7xulejywt49kt2rr0vthywaa50xwsqfrvc7cagn8h4g3harg8cwdfpq3sx7sxms2r27la
-1.435622155667447,-0.8767210557620252,0.2649994638726078,1.612529536113938,1.2810664343141929,0.37872593573186664,-0.20672542177213057,0.38299416838576505,-0.22817578237181277,0.2457673284689971,ckb1qzda0cr08m85hc8jlnfp3zer7xulejywt49kt2rr0vthywaa50xwsqfs6c4chhw5kwthmq0jzqyxwmr9fpr5a4qr8l2yd
0.974144691714598,0.13857773276722316,1.63050043049484,-0.24886888960698525,-0.5387703680707878,1.6338193429774046,-0.19279781393555473,0.4049466897751669,0.46040746664798976,-0.2690680043031953,ckb1qzda0cr08m85hc8jlnfp3zer7xulejywt49kt2rr0vthywaa50xwsqfs7v5u87mvk9zdyhmg3ua0aduh4zfw3fsgsfkel
-0.4741934347760859,-0.86251146200274,0.37251240698458915,0.9329355777092657,1.7384025804604106,-0.33722297434878806,0.3492422606538576,0.7923608476415629,0.00834240034515585,-0.7089117830462618,ckb1qzda0cr08m85hc8jlnfp3zer7xulejywt49kt2rr0vthywaa50xwsqfsajumlzs2pjvtz0xxg42llw5px435u3gxmlwuc
-2.6633289647221488,-0.3707415018474335,-1.4137301019476063,0.21807984642404823,-1.1277342689200727,-0.413166966101049,0.16468132636913232,0.3762455926562538,-0.6158377701790839,0.11352990865637055,ckb1qzda0cr08m85hc8jlnfp3zer7xulejywt49kt2rr0vthywaa50xwsqft980n0alva2vjmkca85wujt5vhtwgzpgqczv9a
0.08694322831604588,0.27135750056050484,-0.14779819494227012,-1.878658136711793,0.656536740683997,0.8334008836532505,0.27061256972606695,0.23831904736302,0.7197682081307005,-0.009928768239399782,ckb1qzda0cr08m85hc8jlnfp3zer7xulejywt49kt2rr0vthywaa50xwsqftm2xn4dlczysw0q2x5alw2v7ur2le8gs8h3teh
3.908308838571852,-0.09149014317557876,-1.4371900547320167,0.7244528934788259,-1.1939467617916812,-0.20625610370362588,-0.12305793545065508,0.12160838725537426,-0.07397934933187623,0.03550908319453511,ckb1qzda0cr08m85hc8jlnfp3zer7xulejywt49kt2rr0vthywaa50xwsqfu77q0whtmthcu45dm9l326da8rasmh6g8t7pw9
0.5786387331243097,0.15944258207271184,0.8480303813465613,0.2506658327036284,-0.9211834821980326,-0.8640852736003796,-0.40631193192990506,-0.15752825595171985,0.38759501022452764,0.4218561914106103,ckb1qzda0cr08m85hc8jlnfp3zer7xulejywt49kt2rr0vthywaa50xwsqfuwj6lqq2hhe8qqm3m5z2xacjjyuy73yqwgnm2m
-0.125332753849548,-0.09614055441178995,0.6090092307258244,-0.9940127962562059,-0.032646788564860724,-0.7882182406314193,1.3721208032581373,-0.27424765448952587,0.3907848281186409,0.4353940549797179,ckb1qzda0cr08m85hc8jlnfp3zer7xulejywt49kt2rr0vthywaa50xwsqfvfcxm03q9xmn3fy68s9rxp0y5lfqfvjgmmtw0p
3.899662459669103,-0.17934660425167923,-1.471139856028003,0.638644520060179,-1.1273209868800655,-0.17554847912772972,-0.1126919710539404,0.08535870442277912,0.07154683084378848,0.14767691384265155,ckb1qzda0cr08m85hc8jlnfp3zer7xulejywt49kt2rr0vthywaa50xwsqfwcjzujntvxpmcjmpt4r6pd4mvxu89k4sr3244x
-0.5717074938276873,-0.866254257347238,0.44319952831548076,0.18850332579728094,-0.9880267163478801,0.8345927964454979,0.9438713182212891,0.1913501130800125,-0.6876117340814994,-0.012340955397687536,ckb1qzda0cr08m85hc8jlnfp3zer7xulejywt49kt2rr0vthywaa50xwsqfwru8wpcx969py0vrrf29ckn928nz26csz7pvxw
-2.3014318590191247,0.21880154208028543,-0.024631379336701266,1.8453978069231198,1.0645528805711992,0.3487602699794121,0.18927682283128297,0.6001454752545343,0.6063449774836956,0.39483927406454367,ckb1qzda0cr08m85hc8jlnfp3zer7xulejywt49kt2rr0vthywaa50xwsqfx7c8l89wcf42vxgajjke9zdt7myeqrdqj6mqm6
-0.5863938257770396,0.41266931894659215,0.18968259666039786,-2.239358378649477,0.9595912430529763,0.5928759125557316,-0.2344841471159787,-0.03844926264382368,0.5330183392112708,0.23347238932605816,ckb1qzda0cr08m85hc8jlnfp3zer7xulejywt49kt2rr0vthywaa50xwsqfxgd9zxl6czs4s3kzr55letennz2l3yjqpt8r79
-0.357627926747211,-0.8052361974275393,1.152162768024842,0.5098276067163386,-1.1894793582765413,0.34809289668064824,-0.3730321750170928,0.07295145601299971,-0.18707247390866286,0.23044444949081538,ckb1qzda0cr08m85hc8jlnfp3zer7xulejywt49kt2rr0vthywaa50xwsqfylyx957e0g3kyjua0fed5gzzj4s2s9qsxafn7t
0.06556083321547193,-0.04920776219110159,1.1601240907380221,1.6277246217439312,1.3797307290828873,-0.6773602398267538,-0.5369232650962836,0.09820995355303554,0.48166348541550974,0.3917729886266179,ckb1qzda0cr08m85hc8jlnfp3zer7xulejywt49kt2rr0vthywaa50xwsqfzgxljyv0d2hezcfypqscs5zy3kn7jhnqvv0xt6
1.4114818180126258,0.18555391654542563,1.1214264997974446,1.7037631482215145,1.3473621722489726,1.183978422864796,-0.21965787804613174,0.68184814884789,0.06005102739603427,-0.5024517635928578,ckb1qzda0cr08m85hc8jlnfp3zer7xulejywt49kt2rr0vthywaa50xwsqfzzknutrncp6fupm6596sgyh5r0946rpsu6mkpk
-0.4238904008799102,-0.2523678871620351,1.8957356877604352,-0.1291220563687973,-0.6786450035773375,-0.2617065655225163,-0.34009370872397954,-0.10426343515110661,0.717315109070626,0.45568110208576346,ckb1qzda0cr08m85hc8jlnfp3zer7xulejywt49kt2rr0vthywaa50xwsqg0fsmjwhnshsqzsayprx9f7w0jwkn5zyqcrdluc
2.6687420707759033,0.16010714177665605,-2.740748232926111,-0.692891291233038,-0.20788826599402266,-0.6784192272225943,0.04296913953059841,0.369953945835104,-0.8796189068243448,-0.7023908071921423,ckb1qzda0cr08m85hc8jlnfp3zer7xulejywt49kt2rr0vthywaa50xwsqg0prwcywrcc744qq5veu4upkur4665dlgr6003x
-0.23000757704133343,0.05392069719984211,0.47211633542564,0.7470591399642154,2.0103654628710745,-1.0249767739015123,0.7868528305971312,0.0717387510459735,-0.460546949660683,-0.090205584107165,ckb1qzda0cr08m85hc8jlnfp3zer7xulejywt49kt2rr0vthywaa50xwsqg24w9uh6z7vg2mf48x5rq42t5aegfzxxsge2k2w
3.0101280586306465,0.29605438375195625,-2.587998399519866,-1.207827039143774,0.30735152739308846,-0.30490632044345667,-0.7342251977824144,-0.08006727073532718,-1.6101804044841024,-0.43677108177103846,ckb1qzda0cr08m85hc8jlnfp3zer7xulejywt49kt2rr0vthywaa50xwsqg2fnljwt423kchx368x8xwstmkhx0k2agegvx0a
2.305573332758748,0.015186494277112238,-3.2811392137009854,-2.062178239862858,0.903859457884133,-0.1386117358944131,-0.6719678994174728,-0.06258280929115193,0.46636783561289635,0.44935443849460327,ckb1qzda0cr08m85hc8jlnfp3zer7xulejywt49kt2rr0vthywaa50xwsqg338aj4hnmutep9ufyd9yyuh3ju7rr8lq03fejn
-1.851014472445683,-0.08404359130208505,0.5754772846926836,-0.9235665083992987,-0.26420707488486717,-1.1061697305340108,0.3366240747630286,0.5461958881600115,0.0910364015133729,-0.7173633061411618,ckb1qzda0cr08m85hc8jlnfp3zer7xulejywt49kt2rr0vthywaa50xwsqg3xv33uywn6sjyvmnzckatkpke54mlx8srepf4g
-0.8104136219401812,-0.0685978064763009,0.5870124833534863,2.062269554772152,1.0004013004390158,-0.42832984940067986,-0.4923981794364072,0.21697841179127098,0.4064893642513463,0.5387453657017933,ckb1qzda0cr08m85hc8jlnfp3zer7xulejywt49kt2rr0vthywaa50xwsqg3y6k5gqrgjt54wzhxar4kys594v2s0vg2fpsmk
2.4639706070979313,0.32305844789068994,-2.9786655731689984,-1.0942676333348957,0.1305113252514302,-0.6080883743758165,-0.8292274345760691,0.30215145820497447,-1.1935376726801696,-0.7296939735859248,ckb1qzda0cr08m85hc8jlnfp3zer7xulejywt49kt2rr0vthywaa50xwsqg40ucnf7tt8zvnje7xhatf3yllc8zh4pqq25wqh
-0.7916809106717003,-0.07297778237451402,0.8762254286444029,-0.4900213511856203,-0.5208281790999865,-1.0803858232309853,1.2289933664265225,0.23399256313022887,-0.2332886086279217,-0.48417784545891224,ckb1qzda0cr08m85hc8jlnfp3zer7xulejywt49kt2rr0vthywaa50xwsqg4cz7lvtz6anfw0uxkrxu8d0gxcfuww2gp702wk
-0.043846289085753075,0.07928662660708809,0.5900708809585756,-1.3754346433709477,0.22142023681133574,0.6713177238032083,1.5141559381406118,0.2724305848139427,1.0350168782677862,0.02172457491856647,ckb1qzda0cr08m85hc8jlnfp3zer7xulejywt49kt2rr0vthywaa50xwsqg4yg2m9jpx5efeu4q0vrp643gjmad37nqrk9glt
3.393446996372303,-0.14449699671357702,-2.1832048969374447,-0.8388740550521071,-0.021163545144389697,-0.14002224251772608,1.350959702602998,-0.14035145226443776,0.19936701430887413,0.3661481078658344,ckb1qzda0cr08m85hc8jlnfp3zer7xulejywt49kt2rr0vthywaa50xwsqg60za567aggkr4kdukm540wrujl4xn83g5sff6z
3.3848670272355013,-0.18008639512942437,-2.20427543024477,-0.90239807968473,0.02913562697911479,-0.11101164578526318,1.362167581894264,-0.1656488707858638,0.3121601812975094,0.44773342347992545,ckb1qzda0cr08m85hc8jlnfp3zer7xulejywt49kt2rr0vthywaa50xwsqg62egjmjcnvyrdl5z38esza6dgfxuy2xsy8gcsa
0.017125439141093827,0.13027192350254793,0.16820122801675078,0.746801775076381,2.0266065049537545,-1.131926217875631,0.7900329152491625,0.019383022961027403,-0.3656948677435341,0.02773584131071191,ckb1qzda0cr08m85hc8jlnfp3zer7xulejywt49kt2rr0vthywaa50xwsqg64upk25mkwaurfnz52t5wcm4hkw8ukgqdmqsjq
-0.8138453081609993,0.24208922014662546,0.6708560774105502,-1.378759928461849,0.2864276097619402,-0.7241730470718273,-0.4616142324514411,-0.17405642887531184,-1.160564993336367,-0.3307541697416569,ckb1qzda0cr08m85hc8jlnfp3zer7xulejywt49kt2rr0vthywaa50xwsqg6agcch2m7k8lsh00nv05ztfmz0euvqkcfpz7ec
-0.11961176948367885,0.06192270447065756,0.38241135514247054,-1.149358478070048,0.12491124135011195,-0.7486728169345318,0.4453093033653686,-0.3378757277665278,0.2612136213427262,0.5009962837098434,ckb1qzda0cr08m85hc8jlnfp3zer7xulejywt49kt2rr0vthywaa50xwsqg6j932zy4ztkzmtpye2uhzsju5npw795s89dznx
-3.022723116346113,-0.41851401114720593,-1.2096946873141592,0.18708554597949786,-1.0994568396915414,-0.19562624841941248,0.15692393319012793,0.281475751723189,-0.433870795778513,0.37336233226510573,ckb1qzda0cr08m85hc8jlnfp3zer7xulejywt49kt2rr0vthywaa50xwsqg709r8jqauttpmkjv2x2jg3mtdwvqk7acc26w2j
-0.4980467907312086,-0.21140247052100816,1.7692519890107612,-0.19085517930107282,-0.675570399563451,-0.5494741293333795,0.6282699736465098,0.0006297758297347484,-0.017581911356631966,-0.059338038592823605,ckb1qzda0cr08m85hc8jlnfp3zer7xulejywt49kt2rr0vthywaa50xwsqg8td6r2j7dwevxfd0c84lzn0j9dh0tkecqdrktc
-2.8066452137482174,0.4378568629968547,-1.6438193175947975,0.4447984587115531,-1.2700672373851059,-0.3205437408732117,0.3307741224214104,0.3686552748500158,-1.1191206858775697,-0.005506350682503242,ckb1qzda0cr08m85hc8jlnfp3zer7xulejywt49kt2rr0vthywaa50xwsqg9q2e95dadfctdfsuq5e5na0nwh58v4jc6rkddw
3.9062306875765738,-0.06299045467696841,-1.4332147302438052,0.7246257987279436,-1.1931423587299497,-0.20028074845481822,-0.11968025220669205,0.12316076290775158,-0.06940642938292031,0.03388606791724541,ckb1qzda0cr08m85hc8jlnfp3zer7xulejywt49kt2rr0vthywaa50xwsqg9zt77ljsy79v237ska0mgf4zd50avq0cdx0vpw
0.24716279926975337,0.05514167649906743,1.252235151682858,0.24395217481108836,-0.9372506337928537,-0.7175118889337153,-0.40911084009927323,-0.09025368640726181,0.27361481525012565,0.27315818666845626,ckb1qzda0cr08m85hc8jlnfp3zer7xulejywt49kt2rr0vthywaa50xwsqga8fka44mj0qm9pz3zx8fh23cd9t7ye2qw4p9mm
3.7012579368739913,-0.050356553887956616,-1.581990460432225,2.030140807295413,1.193328547601308,-0.13505238990853058,-0.3804391583779362,0.29722503719764426,0.12033769001677722,0.16232388370621817,ckb1qzda0cr08m85hc8jlnfp3zer7xulejywt49kt2rr0vthywaa50xwsqgcls79s3gyaetwz3sm27r5gfjguywnh2cxxda76
-0.5329012831489155,-0.050099740014788195,1.274517044693963,0.10581225085808414,-0.9066831096053473,-0.7262618504825299,-0.6450147768845622,0.18805466715083172,0.5661062973120672,0.04611839556086009,ckb1qzda0cr08m85hc8jlnfp3zer7xulejywt49kt2rr0vthywaa50xwsqge57hkg6u3mc7jwh7emmu7pne7keyn2ccf79a2t
0.48246006760091203,0.15647607239490394,1.0148258186642933,0.35055295965182226,-1.0083181203249303,-0.8666200860086261,-0.42828051300087405,-0.09545847944138633,0.1634646361544754,0.24172902148127423,ckb1qzda0cr08m85hc8jlnfp3zer7xulejywt49kt2rr0vthywaa50xwsqgfkqygamtn953uq036rmprazg7rnkt67gdcyxxf
-0.3829977405793589,-0.006759113083753516,1.0787512888025639,-0.7282346283715632,-0.20874283236815303,-0.5599812913336409,-0.1507152444952674,-0.19135021583009695,0.06305131733855866,0.25339776525486957,ckb1qzda0cr08m85hc8jlnfp3zer7xulejywt49kt2rr0vthywaa50xwsqgg8w4ddafhudspnvc8aapvpek3rvmk33qqk5up2
-0.8784851165981591,-0.038080622502071976,1.3789908027685882,-0.9192810533856092,-0.0969674118707723,-0.5186184540379742,-0.017655307923568418,-0.08477741174107009,-0.5912288092347371,-0.20406205482929374,ckb1qzda0cr08m85hc8jlnfp3zer7xulejywt49kt2rr0vthywaa50xwsqggs86408ja7nsgdh0lz0cxafua6u0pq5cmvsxuu
0.017125479703520078,0.1302719379931168,0.16820118168786355,0.7468017823421333,2.0266065017009387,-1.1319262386633444,0.790032914252864,0.019383017421286015,-0.36569486588622324,0.027735850838426696,ckb1qzda0cr08m85hc8jlnfp3zer7xulejywt49kt2rr0vthywaa50xwsqggszva8zt4sr9p97fwvrhfhzqf7p29u8s3z6m5z
3.71544420515541,-0.08478497178359116,-1.5699648117036964,2.096076637450809,1.1387543994387754,-0.180377384860935,-0.40063647643065853,0.3197552139604365,-0.008999894636994769,0.08116126053614611,ckb1qzda0cr08m85hc8jlnfp3zer7xulejywt49kt2rr0vthywaa50xwsqgh8ejptxd3n05njryzm2vct7ew9jez6rs8uvuej
1.3523318549038559,0.15856755502023365,1.1582725485913008,1.6289277014030774,1.4045529919324422,1.244731235898398,-0.20351548098376263,0.6634913909078659,0.18008999800730421,-0.4300905743548936,ckb1qzda0cr08m85hc8jlnfp3zer7xulejywt49kt2rr0vthywaa50xwsqghntjqmjfan28zcakl06kt5v5x6upxtdgnsclpd
-1.3067513689229988,-0.10871403106154762,1.149326262822901,-0.8265048980002182,-0.26524573734284773,-0.843819889716803,0.6834410607774536,0.2411188108123691,-0.46183220690357224,-0.5939661925125431,ckb1qzda0cr08m85hc8jlnfp3zer7xulejywt49kt2rr0vthywaa50xwsqgj3l4affhawvqru83788u58fphcrx2f8shd3h9l
-1.7926106346331538,-0.9018596466523918,0.7835600113979293,-2.017588356948473,0.6765771519017446,-0.3393397988219456,-0.6215633186092165,-0.05984818759359587,0.2093378848968774,0.15390274461139059,ckb1qzda0cr08m85hc8jlnfp3zer7xulejywt49kt2rr0vthywaa50xwsqgjr2xdh0zyc53jxpwsvwxq5x8y05rmytcewmqcv
-1.5146818584538204,-0.05844078803066149,0.37847235161763354,-0.8057653148891792,-0.32159496137473104,-1.0829796766826236,0.02407344185699666,0.4530480829277821,0.6322853209582827,-0.32603719900472555,ckb1qzda0cr08m85hc8jlnfp3zer7xulejywt49kt2rr0vthywaa50xwsqgjuhrq84l5nk7ylhlcqpsa3yg974735rgy30uch
-3.701862831815308,0.4807492531794797,-0.9048522485547259,0.406294830061529,-1.336515285102397,0.04673573369550557,0.6368517682611431,0.7517712606301824,0.3345118772398478,0.03733845321826251,ckb1qzda0cr08m85hc8jlnfp3zer7xulejywt49kt2rr0vthywaa50xwsqgk9kfuz7fchth20ksf8d2x3eqph9le6cqhenpf3
3.7942384313543487,-0.006066954631669325,-1.5735551459757633,0.40373137050883856,-0.9285372732728281,-0.08767271030141029,-0.43357899642234654,0.03878199655399827,0.0798273058601937,0.2114497604904204,ckb1qzda0cr08m85hc8jlnfp3zer7xulejywt49kt2rr0vthywaa50xwsqgkfsftjekwd5gtrpludsuaynmccg37mssm6hpt9
-1.0191472805109714,-0.08539047088737228,1.489856436250971,-0.9570290214466923,-0.09114119260310945,-0.5437137579213158,0.36566705585126064,-0.03620047564072485,-0.7846172944550557,-0.37735943233066144,ckb1qzda0cr08m85hc8jlnfp3zer7xulejywt49kt2rr0vthywaa50xwsqgkfv8pzr5d26zcapqrd58ksc65w0qv8qqqp6xtc
0.2808431706565438,0.6126101553206436,1.1547092410772157,0.23312964384275456,-0.9027410706166213,-0.693907154290795,-0.5754853536064963,-0.07071679202293865,0.15416613510845859,0.18012951018988957,ckb1qzda0cr08m85hc8jlnfp3zer7xulejywt49kt2rr0vthywaa50xwsqgl8p3tyd357ap33wygmdxur9xj2pft5dc5q6uz7
-0.6159277498458158,-0.026140045189546206,1.0300938808571378,-0.9642622408594155,-0.07207675106017715,-0.7243194099786016,0.7507922054402668,-0.1192719619505844,-0.5155254935947557,-0.15538244585001026,ckb1qzda0cr08m85hc8jlnfp3zer7xulejywt49kt2rr0vthywaa50xwsqglrz80pqlcstnc89aw4dwr2av8spdc98sk7k0rz
3.892404848456289,-0.0798159833876628,-1.457256668691871,0.6392483640915329,-1.1245117373627251,-0.15468050305052156,-0.1008959505335753,0.09078012902897545,0.08751702510409536,0.1420087916023575,ckb1qzda0cr08m85hc8jlnfp3zer7xulejywt49kt2rr0vthywaa50xwsqgmjsf5sg7y340mh52tdh8z4p4v2yryk6ggzyu8m
-0.21281111811947565,0.06778904421870832,0.5013873785822691,-1.0868883577067872,0.06563050102302048,-0.7719978641554949,0.4788416850534185,-0.28044440470186843,0.005020572559535625,0.30903646476623836,ckb1qzda0cr08m85hc8jlnfp3zer7xulejywt49kt2rr0vthywaa50xwsqgnhsvcls3zfj0jggg74nej0hxwmtzjjvcu09935
-0.8510612644815051,-0.4224027833342518,0.3371904098062095,-2.0008080296866835,0.7730256860999383,-0.5198007196390708,-0.6658279640104627,-0.4157372066070763,-0.312152492319528,0.38332126336058314,ckb1qzda0cr08m85hc8jlnfp3zer7xulejywt49kt2rr0vthywaa50xwsqgq74prpeqz7rlncvqz0j2gn4jxsg75ztggj7v7a
-0.4153290155448969,-0.7736998283468194,0.4537253034692804,1.592999091373432,1.3195859040574704,0.11840734655153938,0.5519614612042234,0.3822583103258257,-0.8049630927623476,-0.22484144702658185,ckb1qzda0cr08m85hc8jlnfp3zer7xulejywt49kt2rr0vthywaa50xwsqgtjqt05crwkdrdnqjvvlckq8yy907z3xq8nhw6d
-0.9267435073058216,-0.0575590480645777,1.4139273330602886,-0.9151767266183778,-0.11727985749471866,-0.5782272347148777,0.3263479976962318,-0.04599931799477689,-0.7589201597957815,-0.34729972107858126,ckb1qzda0cr08m85hc8jlnfp3zer7xulejywt49kt2rr0vthywaa50xwsqgulzg2h44865y9svyw7s5390npefh3x9qrr8hc9
0.09251498204526748,0.22684923435148593,-0.24751830313568143,-2.0604922800473857,0.7879525627496579,1.2326168733231047,0.03485401746864574,0.38593844164992186,0.7448905142305767,-0.16892870692779666,ckb1qzda0cr08m85hc8jlnfp3zer7xulejywt49kt2rr0vthywaa50xwsqgvf6u2sgx8ud45x9dy6gqwl2rx5625w8g52tt66
0.03525853471827136,-0.003282729378450832,1.5256026954320734,0.27044790071918123,-0.9724557651779817,-0.6374351454492254,-0.4172963038591308,-0.03438272356137088,0.14298774797668204,0.13668578176191856,ckb1qzda0cr08m85hc8jlnfp3zer7xulejywt49kt2rr0vthywaa50xwsqgvhdamaryxwum3rdm2pfpm2vzlmt3e0uq0cll7q
-0.5573567476932689,-0.06704577857862601,1.5531386252665151,-0.3812474230856306,-0.5087350142321307,-0.5750009182720441,0.0581329549387401,-0.027558144393735582,-0.3461809089996573,-0.1487709067166023,ckb1qzda0cr08m85hc8jlnfp3zer7xulejywt49kt2rr0vthywaa50xwsqgvmsa3c3ecl7edwqjvezvjcrwqs3ypy0gdesfvg
-0.42503595088290513,-0.18499539589803837,2.0199954407789242,0.12354444689402568,-0.8833451157327538,-0.37301881529689046,-0.3926002266206007,0.001550665206956316,0.2428355409676721,0.11526531453049965,ckb1qzda0cr08m85hc8jlnfp3zer7xulejywt49kt2rr0vthywaa50xwsqgvqj4l72jsc6mve69s24ggznk7vf09dpsgdszvp
3.8141392959370095,0.08756745039567825,-1.5219714474667216,0.5557195027493856,-1.0486023726954024,-0.15527550803327475,-0.45937716171208026,0.09975189332136436,-0.18858514374965685,0.015829613592782676,ckb1qzda0cr08m85hc8jlnfp3zer7xulejywt49kt2rr0vthywaa50xwsqgvs5gksmvyjy2jl746vvnnq5a7nuey9hsz2uudd
-0.558711554114639,-0.8348526011051619,-0.0916574540202643,-2.487501164939772,1.104687150824401,0.6415571669059663,-0.6082528037207816,-0.00804253351522469,0.29226963986026816,0.17112570956829096,ckb1qzda0cr08m85hc8jlnfp3zer7xulejywt49kt2rr0vthywaa50xwsqgw7a8wtdmg4er900svtg4vqn27upcpq4cnd4g7v
3.9065936040712113,-0.06796747851771427,-1.433908958349263,0.724595603536614,-1.1932828351150162,-0.20132425058052358,-0.12027011163734908,0.12288966483480063,-0.07020501816780768,0.03416950209335434,ckb1qzda0cr08m85hc8jlnfp3zer7xulejywt49kt2rr0vthywaa50xwsqgwclc88er2n8s5d5cscywyshz8r3rwr9qla2lgd
-1.169141654104552,0.3736472377567654,1.9271548554647093,2.0545927595667997,1.0410594733725824,0.2672324863930405,-0.15451176390446988,0.14455288070287553,0.09515366211440643,0.4099972328547692,ckb1qzda0cr08m85hc8jlnfp3zer7xulejywt49kt2rr0vthywaa50xwsqgwfecefxhhy7jtetnnf835cc6pc4hup2g3047fh
2.297666186525167,-0.004403728343628431,-3.299207071745963,-2.1913839701479425,1.0072132841813701,-0.04615183438652422,-0.5379065611812506,-0.11944613720752686,0.8261718490151705,0.6713205179667299,ckb1qzda0cr08m85hc8jlnfp3zer7xulejywt49kt2rr0vthywaa50xwsqgwum3jcpnajgd4teaa2zezc99pwfl3sug4xfx7f
-0.26593888939726446,0.037385276286944054,1.5544257434935418,-0.027725598513258478,-0.7340244066407323,-0.510476346552193,-0.9681017805373401,-0.05646580603960386,-0.0757628288484077,0.07713410596792,ckb1qzda0cr08m85hc8jlnfp3zer7xulejywt49kt2rr0vthywaa50xwsqgxe3ru50ecjjruz4tymv759ztsdff7lxq74umg9
-0.3416665398291475,-0.4143708288398705,1.1989905852558738,0.4780645323658549,-1.1654601296856932,0.7454097823750641,-0.31161926700425674,0.24897596231977612,-0.08220379117065525,0.03481530235256619,ckb1qzda0cr08m85hc8jlnfp3zer7xulejywt49kt2rr0vthywaa50xwsqgyc38gxchqxq76zu6enhvgp5mdsgv8e7gzp680x
-0.4062766058835838,-0.7475571210918138,-0.44752893715259867,-2.67264142581756,1.2594868922279754,0.8174993235387223,-0.9617909210384821,0.0487383801291655,0.22821995769501316,0.09522627854672894,ckb1qzda0cr08m85hc8jlnfp3zer7xulejywt49kt2rr0vthywaa50xwsqgygj0n7vv7vk6ejt4d23yp87v5fe5352sv3hvfw
-3.672469370416582,0.1372916016848044,-0.897795449193838,-0.007544107773851031,-0.9484314674282955,1.9478221089852548,1.1729469606554734,0.5051379330221893,0.06253580389361289,0.5386872620571329,ckb1qzda0cr08m85hc8jlnfp3zer7xulejywt49kt2rr0vthywaa50xwsqgzgak4nyyfjzlcnx6lel86kkl9wmn8cmqg5mv52
-0.3483724636955762,-0.4342084227652056,0.5787665620200256,-1.161629704890034,0.1230650320060025,-0.605560692761624,-0.45204471494378656,-0.27409332797489955,-0.09723570481837975,0.32355719358384516,ckb1qzda0cr08m85hc8jlnfp3zer7xulejywt49kt2rr0vthywaa50xwsqgzku5d6wp53s4ukledn8j8u3t9vjxt7ys9uu00a
0.32682778264732837,0.069485341849724,1.135639437584551,0.2055601487006701,-0.9009900502174091,-0.73503545271701,-0.4001269259743326,-0.12313762218060795,0.3760648514577996,0.3627082769023345,ckb1qzda0cr08m85hc8jlnfp3zer7xulejywt49kt2rr0vthywaa50xwsqgzm5e3yf726rc70mkxfc2y2u4y3w27h6qeazjwx
-0.7302296659064789,0.4495244276427241,0.29098850950476346,-2.2608675788475288,0.9840555193015388,0.3971668951526807,-0.2287675099404162,-0.15468302525373054,0.5027441452260398,0.3548218988802044,ckb1qzda0cr08m85hc8jlnfp3zer7xulejywt49kt2rr0vthywaa50xwsqgzw9vj0prshmp4pm5jr0t8m4vwf353syqvqfm08
-0.19666288370797586,-0.10341113268231453,1.7591562588611365,0.16445181562944675,-0.9016589975932047,-0.4900570273273258,-0.39820954892327953,-0.029638981238210824,0.2532925036914291,0.16890790087421884,ckb1qzda0cr08m85hc8jlnfp3zer7xulejywt49kt2rr0vthywaa50xwsqt0ayt9cx3tfx3gdmm9vt4r46tj26aus5q6rpaqf
1.6931315573428558,0.20087871336780727,0.7646727228095604,1.6884925930494363,1.375490843238729,1.0567368654158475,-0.22092309839653815,0.6135012272152716,0.18301396636883574,-0.34695716618651773,ckb1qzda0cr08m85hc8jlnfp3zer7xulejywt49kt2rr0vthywaa50xwsqt2dw05dtsdwuhpd9klvtd8kywq7wmjd7c9zwp3d
-0.46735576428070347,-0.5259809950435906,0.3478600726244396,-1.5367339991367523,0.3774052458524218,-0.3587272374793193,-0.20973535998007695,-0.09782553088554277,-0.5245875693440135,-0.10299515546639193,ckb1qzda0cr08m85hc8jlnfp3zer7xulejywt49kt2rr0vthywaa50xwsqt2e7jpk20nyyyuwdqmvqk427ql2593nugpqd4pp
-1.6158432955232203,-0.7051205956073813,0.8140790239366337,-1.5975985228767753,0.34153371547626604,-0.5267713595216095,-0.5142280489919843,0.11052659926869199,-0.41632659840695774,-0.337603338925817,ckb1qzda0cr08m85hc8jlnfp3zer7xulejywt49kt2rr0vthywaa50xwsqt2gnkqzr9sm0q9syuahhy9mgu9hx3r5pg74y4jz
-0.3134354295367087,-0.19879287619776378,1.7951834952816994,-0.056674757506942744,-0.7301518437851527,-0.34161699361525555,-0.35374736834646037,-0.09734479486232009,0.6235704657718046,0.41078831848148595,ckb1qzda0cr08m85hc8jlnfp3zer7xulejywt49kt2rr0vthywaa50xwsqt2hf4pt58qrvnfk02tyhq2pe30t209xecsrj2fy
3.362326683060782,-0.280375920428219,-2.2612910426487023,-1.072128695488102,0.16335833603802194,-0.0346058323054518,1.3914903450115634,-0.23351283892725297,0.6126405812689565,0.6659785996034587,ckb1qzda0cr08m85hc8jlnfp3zer7xulejywt49kt2rr0vthywaa50xwsqt3tqddwnr5xfm52vevcyujfw8nhrr77hc0uppq7
-0.6241863261031285,-0.08349329223412519,1.3904649791998627,-0.6066888300538552,-0.35771666468899044,-0.6847457503636429,0.7103838681201183,-0.028951382312776417,-0.5311894291603904,-0.26886055197550107,ckb1qzda0cr08m85hc8jlnfp3zer7xulejywt49kt2rr0vthywaa50xwsqt44ntk8mswsuzjtd7e5d4nm5q3akq8ppsvm3kqy
3.8146821621383054,0.08012260270727274,-1.5230099039161025,0.5556743354752145,-1.0488125033526188,-0.156836423680253,-0.4602594989801599,0.09934637308953087,-0.18977970742051625,0.01625358670168059,ckb1qzda0cr08m85hc8jlnfp3zer7xulejywt49kt2rr0vthywaa50xwsqt4m3njt3khypyev79qutpf67rewetpltge0mfds
3.7881208393813846,0.07782948310900722,-1.5618527175986783,0.4042403632463677,-0.9261692982196876,-0.07008265770717022,-0.42363588451785383,0.043351828511149874,0.09328891593391057,0.20667198194838687,ckb1qzda0cr08m85hc8jlnfp3zer7xulejywt49kt2rr0vthywaa50xwsqt4rtfua5eqvmwtyn08y8yycc5lx2wty3qtcxx2a
-1.6448811365804745,-0.8968976333973093,0.30203778008689147,-0.2860566479097853,-0.669691145088354,0.3540948119409971,0.37118587130376635,0.17748277821016056,-0.7366563028345747,-0.028367441015312245,ckb1qzda0cr08m85hc8jlnfp3zer7xulejywt49kt2rr0vthywaa50xwsqt5ctdrmqm0ay6yk8h9nxh7uy0xu7tm8zs8tvu99
-0.046939484583072975,-0.1272767920602137,1.6609549877336038,2.102915246097893,1.0995635285847576,0.13506952502102426,-0.19417847698678997,-0.3195268377758527,-0.5211684723664544,0.7827093221147412,ckb1qzda0cr08m85hc8jlnfp3zer7xulejywt49kt2rr0vthywaa50xwsqt6tazknn3shl6jeynqghajfkmx0uxcsyg49hx74
-0.09715447117853496,-0.08712017988630626,1.3949803721692593,-0.1838499489329584,-0.6070396338223923,-0.42903655535524804,-0.5493321800271892,-0.18187902422937893,0.7000078248356428,0.5676595720320002,ckb1qzda0cr08m85hc8jlnfp3zer7xulejywt49kt2rr0vthywaa50xwsqt77x997v0x3d3m4sxxavmcanlvwn3q0hs4upt05
0.270837734859017,0.009933556492446751,1.1278485240315126,0.047983283276121544,-0.7770063605604559,-0.6410493537624391,-0.36809834472228364,-0.1771408656088895,0.6503237198930433,0.5480283356916084,ckb1qzda0cr08m85hc8jlnfp3zer7xulejywt49kt2rr0vthywaa50xwsqt7830n3sgc4rvmu4vym50snrq0f3qjsrgs64u8s
-1.8392473981917072,-1.2094909654124628,-0.6078017465852513,-0.5786561346130599,-0.3763623473224085,2.677378913818223,0.6226620331258418,0.0013573840810368848,-0.9031880295783956,0.7091517758352063,ckb1qzda0cr08m85hc8jlnfp3zer7xulejywt49kt2rr0vthywaa50xwsqt785chmwk9t3w2j3570chwvmwq3l2sxrcvmsm9d
3.7904373908407014,0.04606037916442275,-1.5662840817129071,0.40404762272458794,-0.9270659804582582,-0.07674349128134923,-0.42740104742742646,0.041621368072474456,0.08819140165070248,0.20848118561917012,ckb1qzda0cr08m85hc8jlnfp3zer7xulejywt49kt2rr0vthywaa50xwsqt84rvxyppu7c7zfv6xq50zgv034hdjxmguxeszx
-0.5511664388125908,0.07612130934058417,0.7039256622023871,-1.3140323037544763,0.2652079421318813,-0.48698102271367094,-0.5663894134640322,-0.3224367065689186,0.04897275830621929,0.41714477657551763,ckb1qzda0cr08m85hc8jlnfp3zer7xulejywt49kt2rr0vthywaa50xwsqt8ypvjjfwqn6eneekj0ykwyzrr2jnhxfq8t88cr
0.22092517295898703,0.5101241202023146,0.5520889413541678,0.6341298898966571,-1.2116956618771055,0.23776102880396685,-0.2611172706279537,0.04203230526369952,0.016403150668721375,0.3233133948063275,ckb1qzda0cr08m85hc8jlnfp3zer7xulejywt49kt2rr0vthywaa50xwsqt94xsmh5kjp24djx4y5mpeq0usqthda4cvxxmuk
0.2803618481636189,-0.5161517216324512,0.6308141111622994,0.7810785486071125,-1.3724613725829167,0.06439928599920136,-0.018914639916558545,0.032417339600166205,-0.0038468062199707594,0.3672332285267303,ckb1qzda0cr08m85hc8jlnfp3zer7xulejywt49kt2rr0vthywaa50xwsqt99g9mrrpztjlg4tfwrnzeczrx6kpwdnqx90acl
-0.7477182160752411,0.42596803994710414,1.4404402527183398,2.1282490487120196,1.0051220282064854,0.03476387397371791,-0.17603753967683525,0.0827364339741641,0.09876936010588613,0.5127976943419142,ckb1qzda0cr08m85hc8jlnfp3zer7xulejywt49kt2rr0vthywaa50xwsqt9vmtr0jddwrpmpp4tfvvmsmfxt4dvllqkk0arq
-0.587304755295078,0.4906476879787963,0.1863793822886431,-2.1228793787723084,0.8929835150546632,0.048088374413432125,-0.10144599482471629,-0.2902526212221567,0.5299014079004997,0.5364616246904849,ckb1qzda0cr08m85hc8jlnfp3zer7xulejywt49kt2rr0vthywaa50xwsqtc39e2l04ha5t5fzvupspn49lftrglr8gw99j4e
-2.853505443034505,-0.8186201126287738,-1.377380176198035,1.5170887999143976,1.2046430363127958,0.2053820485305248,0.43062413774727665,0.840675287970519,-0.20254267706949466,-0.02865651619883694,ckb1qzda0cr08m85hc8jlnfp3zer7xulejywt49kt2rr0vthywaa50xwsqtcj3ytn3vr7ux8twl2esdzhwqklqm5a9qjff8zs
3.3465716215340744,0.13159998103662257,-2.1719074774722222,-0.5295458971173482,-0.2584521647042723,-0.3931412124336671,0.6764462624944159,0.037413896090727254,-1.0632219662304414,-0.38947603212732024,ckb1qzda0cr08m85hc8jlnfp3zer7xulejywt49kt2rr0vthywaa50xwsqtcpq6rsr3xmfz4xnav7vrszp3qwpcv9yg8urgcw
-7.412855918112032,0.20821550341809114,-3.175123060839429,0.9422162292777793,-1.9769645626013883,0.8481650789216533,0.5429042130216682,1.3260969949079173,1.2218094436770712,0.6926635761566069,ckb1qzda0cr08m85hc8jlnfp3zer7xulejywt49kt2rr0vthywaa50xwsqtcz03jau3958a7esc84ygpk8vj8ad0njcym245u
3.758832159398954,-0.1487184355226599,-1.6594749444684644,0.14335753832372086,-0.7222629690319989,0.03192369452325969,-0.3872530960548188,-0.064739330479785,0.5427004947733518,0.5456946726497347,ckb1qzda0cr08m85hc8jlnfp3zer7xulejywt49kt2rr0vthywaa50xwsqtd9vhcdxgszckmrhj4em08p4l7g6u877ccyzsy7
0.44849686683909457,0.0507962452351937,1.2524822066965464,0.49855587658650646,-1.14078855644199,-0.8319263185344944,-0.0752590972719364,-0.05093352850856723,0.29122426821010133,0.22668710938497094,ckb1qzda0cr08m85hc8jlnfp3zer7xulejywt49kt2rr0vthywaa50xwsqtdc7efeq2t3xnqhtp336tfxd9sns8hz4cg3qf4y
-5.512321811778545,0.4822180319709418,-3.2594745682780086,1.7737584613079451,-0.15176523785320298,1.3602879421844902,-0.4248400484460532,-2.569215102045937,0.6192714594740942,-0.6720514533445769,ckb1qzda0cr08m85hc8jlnfp3zer7xulejywt49kt2rr0vthywaa50xwsqtdjy59w688e9h3e6spw0ypv7k69nl2h6q3sma2z
3.381132447721019,-0.23155565985744464,-2.2222463838371618,-0.9451286077022009,0.06205786362477958,-0.0973653199111771,1.3664033652697358,-0.1841035159141817,0.38330257104554216,0.5039710602317712,ckb1qzda0cr08m85hc8jlnfp3zer7xulejywt49kt2rr0vthywaa50xwsqtdvhzxzyqcqqu3qu548g0yfhyhkn68s0s5tlqdh
0.28695120045134176,-0.00691451869583782,1.4369936290993859,0.4696189786226532,-1.1278337527696858,-0.7491362759555882,-0.0712911963255614,-0.028870715753490903,0.2838272619321796,0.18874162192072058,ckb1qzda0cr08m85hc8jlnfp3zer7xulejywt49kt2rr0vthywaa50xwsqtdwr0smrhh7h0pnkg2yve4ux7mfk3k9nswdj2s2
-0.7295084261062524,-0.09376994766911795,1.0607552716294615,-0.3392034090050039,-0.5968269224222394,-0.8268478756388274,0.24197050079967752,0.1688553608425184,0.3298951417048011,-0.09469225592642394,ckb1qzda0cr08m85hc8jlnfp3zer7xulejywt49kt2rr0vthywaa50xwsqte8ruahspqmzkwmeuae4v5yymsg8r9r7spk8h0y
3.604703949369687,-0.10606647527928242,-1.8723288388821122,-0.08451851630569945,-0.6004217744221207,-0.29205025901509296,0.8052783362526393,0.034114157537411476,-0.32478535713672874,-0.0382071490667637,ckb1qzda0cr08m85hc8jlnfp3zer7xulejywt49kt2rr0vthywaa50xwsqtefa8zf5x0lltkreu77zv5830nwkld24gwljv3p
-0.6374027078019548,-0.16796396523162577,1.3954205153169976,-0.6712254616458049,-0.3272812428970895,-0.7092165294329335,1.2985825402225597,-0.031116639392424626,-0.41035200636054325,-0.2424609071091844,ckb1qzda0cr08m85hc8jlnfp3zer7xulejywt49kt2rr0vthywaa50xwsqteuhr80vfws6en6ju03huzvp3xh9z0juqelhgxu
-0.27976633006234924,0.4840654684555806,0.8999885460685152,2.2100375690264022,0.9652168076459013,-0.22337109386082182,-0.19993992967600085,0.014094967404137189,0.10278425947238204,0.6269481318706364,ckb1qzda0cr08m85hc8jlnfp3zer7xulejywt49kt2rr0vthywaa50xwsqtf8pf9tn3xzl0pjnwpyp49nqyazx5rwts7a7d5z
-0.12053357126423714,0.045987844646910137,0.6660885419618419,-0.9178085196285866,-0.0267945469078535,-0.5447514146664316,-0.4089663184033715,-0.3420596733493824,0.5640013580271634,0.6887018282278079,ckb1qzda0cr08m85hc8jlnfp3zer7xulejywt49kt2rr0vthywaa50xwsqtfs070fqhspjhhzf0l5d2hrpd5hjvzmkgh8p6j2
-0.45032022540301153,-0.1943525761692563,1.7147404898661744,-0.18230614928406014,-0.6793977277586633,-0.5739333702651804,0.6270977089366758,-0.005888395148318546,-0.0153965620913107,-0.04812753801507408,ckb1qzda0cr08m85hc8jlnfp3zer7xulejywt49kt2rr0vthywaa50xwsqtg2eyp82x7jqlmy9ggy6nwp4kf3nzzkpqfgp859
-0.41390327845339003,-0.1637418239886731,2.0386185310807887,0.18999170621000436,-0.936436209613004,-0.40724558686308615,-0.4062639461152748,0.02696075412097584,0.12242110062472704,0.0311820914913552,ckb1qzda0cr08m85hc8jlnfp3zer7xulejywt49kt2rr0vthywaa50xwsqtg608sukx6zv02svdu0hm3304fxhfrfzqvaphhu
0.18921451565687913,-0.04183008696639886,1.5486248175775648,0.45211187652290263,-1.1199959717173917,-0.6990475024428862,-0.06889057801890479,-0.015522501442706869,0.27935200185759107,0.165784236367809,ckb1qzda0cr08m85hc8jlnfp3zer7xulejywt49kt2rr0vthywaa50xwsqtgcug2zyn96tlrk38uespknjpm9kje90cuwuc97
-0.30492601824732923,0.48094182854874556,0.9290462266223978,2.2056401646570047,0.9673623335776621,-0.20949232663179762,-0.19865480465090904,0.01778551326383216,0.10256839621982253,0.6208107713849852,ckb1qzda0cr08m85hc8jlnfp3zer7xulejywt49kt2rr0vthywaa50xwsqtkpvummtxgqsj3c4hjzz72atds4jf8zcsyp90ve
-0.3207968497946742,0.25853083895985113,0.027805026495430273,-2.2726160734603473,0.9518804935062517,1.3078119171790141,-0.21505203902055614,0.3347117266410609,0.6560249430425935,-0.15719615852723856,ckb1qzda0cr08m85hc8jlnfp3zer7xulejywt49kt2rr0vthywaa50xwsqtl60mlnd8498tpqyfu5yud3fsrt5ndptc80xq2q
-3.6823396202329843,0.2862109278792372,-2.3136970890021473,-0.031374003309045426,-0.8779874775927738,0.4538221081859673,0.20163538757448318,0.03480469208300787,-0.23664049847760632,1.1283050295257009,ckb1qzda0cr08m85hc8jlnfp3zer7xulejywt49kt2rr0vthywaa50xwsqtlpgc29k57ufndd7gpm2jjvpwc2hqygjgtf54lg
-0.21639185671160655,-0.18238091546127147,1.6388906591438346,1.7504491854081061,1.2559625119011286,-0.5595208070105872,-0.3412446750664641,0.19476871208160573,0.3884990599273533,0.20963933927871806,ckb1qzda0cr08m85hc8jlnfp3zer7xulejywt49kt2rr0vthywaa50xwsqtmf2ge3pt50a67vdmwsj8l8rf6px43vxg098nyj
-1.0377446895488263,0.4526393342635997,1.6899000071009445,2.051702801958883,1.056536290937709,0.1545512022893003,-0.3816900964355304,0.12847307602595126,-0.10177512521630419,0.35984555501572946,ckb1qzda0cr08m85hc8jlnfp3zer7xulejywt49kt2rr0vthywaa50xwsqtnlh5nyt9d4rw4nn753ty8g9vuwxemmhgxqc6ug
-0.6544389426293421,-0.29299840079143896,2.234756603612625,-0.014734551587455428,-0.7862401602185327,-0.21244608470461265,-0.3667747630137259,-0.007726835135743546,0.41466980027290407,0.19211069020742147,ckb1qzda0cr08m85hc8jlnfp3zer7xulejywt49kt2rr0vthywaa50xwsqtq43kkkjp78arrz5dk9yazecfynnduu5qz9nfxd
1.3514613870025713,0.28213052851997306,1.3496539064827304,0.13462043399509208,-0.827682790180135,1.2872166741301403,-0.27667031146281507,0.48269357598989204,-0.12984686034553677,-0.6043237866659333,ckb1qzda0cr08m85hc8jlnfp3zer7xulejywt49kt2rr0vthywaa50xwsqtq7kfg7m5nzejcjug02mqqklfjea7fykqu7h5nz
-1.2050315367844049,-0.25203611634046036,1.2913953046519424,-0.6811780086099722,-0.39283294665302754,-0.8167239085425699,1.26347705733421,0.2415108455629996,-0.03248904530193908,-0.4237340924900688,ckb1qzda0cr08m85hc8jlnfp3zer7xulejywt49kt2rr0vthywaa50xwsqtr5klxrl240p2jsldlwhd6w3dv7fjj59cp6nkwy
-0.7199015215568371,0.42942155401431487,1.4083139156414246,2.1331108440219646,1.00274992251955,0.019419429898597906,-0.17745838122217397,0.0786561454574486,0.099008019747054,0.5195831950414269,ckb1qzda0cr08m85hc8jlnfp3zer7xulejywt49kt2rr0vthywaa50xwsqtrp6ncuqxwmyp7wfr9uywxyyfs7nvk44sx7ast5
-0.03255723454728154,-0.6257915188592187,0.9883362371955183,0.7250668996003031,-1.3473206650055054,0.2251268817292469,-0.010984353580513567,0.07524688147745104,-0.017832179503479054,0.293648260093299,ckb1qzda0cr08m85hc8jlnfp3zer7xulejywt49kt2rr0vthywaa50xwsqtrvtdrcnncgh0vsc6rvsfvl3mk4lrf0hqv5ttla
-0.10488420809872556,0.09861991673798781,0.3292050998866961,0.7694718870279168,2.0003314661956204,-1.0891008650888947,0.7837795377930438,0.05465024894007992,-0.45481768210260654,-0.06081533592619337,ckb1qzda0cr08m85hc8jlnfp3zer7xulejywt49kt2rr0vthywaa50xwsqtsqnt3y4hf88rqmpjz3t6aq94z5hzukvcx4papd
3.395278540330883,-0.13460427073991338,-2.1781455757606425,-0.8243515484385534,-0.032604447800032646,-0.14628007355112266,1.3486081881102687,-0.13447635491663854,0.17388265533626282,0.3474098930880511,ckb1qzda0cr08m85hc8jlnfp3zer7xulejywt49kt2rr0vthywaa50xwsqttkscr3p930542e3zgzj3yujwpak0gq4slpgsny
-0.01366250038395155,-0.020759337517659494,1.581478473309422,0.26168491107858494,-0.9685326490748608,-0.6123637543702738,-0.41609470046226954,-0.027701419993287766,0.14074770519580684,0.1251947119875437,ckb1qzda0cr08m85hc8jlnfp3zer7xulejywt49kt2rr0vthywaa50xwsqtuds5922cp4p8zmnerrmqkwvq3358xywcws26ya
3.775704860716028,-0.08915966079631467,-1.620589904826564,0.26390773969357806,-0.8179806861502413,-0.02483093970625468,-0.4094799148823424,-0.017148942065297965,0.3272807439324918,0.39126295981277515,ckb1qzda0cr08m85hc8jlnfp3zer7xulejywt49kt2rr0vthywaa50xwsqtvk38dnwm5w9w2txerj53jfjlkwdmx63sacfnev
0.13228039762371052,-0.06216929827985553,1.6136528392908571,0.44191354189080334,-1.1154302638412974,-0.6698695110949496,-0.06749215647113886,-0.007746825291010093,0.2767450484311313,0.1524109722597504,ckb1qzda0cr08m85hc8jlnfp3zer7xulejywt49kt2rr0vthywaa50xwsqtxd3nueqkvw2s3xactdp9t0c6axsgmewgweeu7e
3.0254286029347983,0.05343059804832778,-2.635991484286552,-1.6566620590456587,0.6590368843690589,0.028337485799560518,-0.056593168367511396,-0.30484265978425834,-0.12104270907833024,0.47302380480263234,ckb1qzda0cr08m85hc8jlnfp3zer7xulejywt49kt2rr0vthywaa50xwsqtxdw8h4yk3jnuln8ktwcdfymeapm6jg7s5pmley
-0.432099553689648,-0.10793867876852886,1.2370735821169532,-0.5693921915232434,-0.39190419917132724,-0.7814087859516134,1.1982699073806828,-0.05190145306052955,-0.34575294299129333,-0.1727529970808157,ckb1qzda0cr08m85hc8jlnfp3zer7xulejywt49kt2rr0vthywaa50xwsqtyedgf3hcmvghz4cmstp7pu7u76x93apgp9rzws
3.8048775453291928,-0.19889045402450858,-1.4761234701648094,2.265204087258854,0.9952432822122086,-0.217739868902529,-0.05661935346726734,0.34514964397415604,0.11602779634445545,0.0971418030781693,ckb1qzda0cr08m85hc8jlnfp3zer7xulejywt49kt2rr0vthywaa50xwsqtz7rcay08zu2uym7crxxe8dv9aj3thjgs7f3wu2
1.5189326736976467,0.24190659017469074,1.0584876748119274,-0.03645567015745034,-0.6799815957870091,1.2821963585872387,-0.2444666988995284,0.3741553954793186,0.24604150723043552,-0.2938770687494845,ckb1qzda0cr08m85hc8jlnfp3zer7xulejywt49kt2rr0vthywaa50xwsqv07sjyn42umzcrg5tr9zvx4mne3ay649s9mszdr
-1.6253690662998623,0.229679744050393,-0.21511354736817764,-2.677017570480123,1.285225668194247,-0.4752371022999957,-1.6062615289330864,-0.29627196416531304,-0.000521462917946415,0.3630366525112151,ckb1qzda0cr08m85hc8jlnfp3zer7xulejywt49kt2rr0vthywaa50xwsqv2mxk8gk0kdcqrjee7fdyy4dzjs3c8etq9dlarq
-4.960428021985803,-0.557456332876567,-3.7644351371339377,1.0037960249239768,-0.42273346318766636,-0.32122634813868806,-0.4725834332498275,-0.8730123671289355,1.7454633332146685,-1.051092192260981,ckb1qzda0cr08m85hc8jlnfp3zer7xulejywt49kt2rr0vthywaa50xwsqv3zjwlrxn8vk53c4d9a8ksecf9rj86mfsv8t4pc
-3.862737943783919,0.1391022459517219,-2.4908986219265223,0.036188383671038785,-0.9955898088984527,0.73272885513265,0.08195647361370494,0.4366829881850667,0.053115501832072934,0.7712479202253331,ckb1qzda0cr08m85hc8jlnfp3zer7xulejywt49kt2rr0vthywaa50xwsqv47n6dc9ay34npwktvlpp5huzjvd07t4qhspqyz
-0.7573851974617329,0.4652557848726953,0.31282497097094547,-2.2536589939626395,0.9874634198002334,0.2637750427916382,-0.23206766125449907,-0.24386140193668218,0.5682742374630352,0.49307499904155005,ckb1qzda0cr08m85hc8jlnfp3zer7xulejywt49kt2rr0vthywaa50xwsqv52twl330j4d2n858snefzewnuwchku7ql2qas8
-0.38452021075460274,-0.6358506089313253,-0.5800047370562816,-2.696430982479877,1.2859483801458522,0.7996183150990377,-1.2802005118135944,0.0847407170266378,-0.07927539526196342,-0.07188214979453539,ckb1qzda0cr08m85hc8jlnfp3zer7xulejywt49kt2rr0vthywaa50xwsqv5uwm78vrgdrfmd056xn32q9junu3rg2c2we24p
-0.6455536773425813,-0.15799818501712362,1.2744347461278234,-0.9895673029349004,-0.014131771261299744,-0.33059298832981376,-0.09974454375890203,-0.24503425744776633,0.4530939921959137,0.4799915881369635,ckb1qzda0cr08m85hc8jlnfp3zer7xulejywt49kt2rr0vthywaa50xwsqv5xn32cdl2t82kswqnrf27q6c4fzv5l2g22mhle
-0.2184893653902487,0.0742604148614613,0.5057873770853036,-1.1576795658879542,0.1488508287453185,-0.6073428510001081,-0.17686098320736107,-0.354079496108398,0.33766553001566163,0.5828428583025911,ckb1qzda0cr08m85hc8jlnfp3zer7xulejywt49kt2rr0vthywaa50xwsqv7ayqjm88s60nm3gf56q55y578uw2weqgfx02sw
0.6390464237937683,0.07558197367554695,0.6622459200076295,-1.7353943052111294,0.5885618329500732,1.5697180762944998,0.9527258173620224,0.12849017082774405,0.546810761996033,0.0270324753436455,ckb1qzda0cr08m85hc8jlnfp3zer7xulejywt49kt2rr0vthywaa50xwsqv8mt7uj0ynsd25vlufex6xm5czh04nglsd68gcc
-0.0048200174915406365,0.16518233405015964,0.04422399635294228,-1.91659074970948,0.6576800136508602,1.285531989197444,0.33213876984315727,0.44890338969438204,0.7825321154610294,-0.24953809327709192,ckb1qzda0cr08m85hc8jlnfp3zer7xulejywt49kt2rr0vthywaa50xwsqv8yreznvv7falyl3sk08l74zh6aj9u9hsrpfysy
3.7936047924024106,-0.04429632315285708,-1.4545596613457128,2.266141997043791,0.9996066980511212,-0.18532706371050647,-0.038297398633071376,0.3535703733718576,0.14083321079973846,0.08833789505663966,ckb1qzda0cr08m85hc8jlnfp3zer7xulejywt49kt2rr0vthywaa50xwsqv98zwvdlfvcwhppy75jcs0u8566vupxzs735ggx
-0.11959684132616363,-0.5137437685974442,0.6344275228696418,2.166660405079017,0.9723199091372262,-0.45694211998419504,-0.3113496865578855,-0.0749397204184311,0.042753911641224024,0.775805484687796,ckb1qzda0cr08m85hc8jlnfp3zer7xulejywt49kt2rr0vthywaa50xwsqv9hhmy8u8z5xeay9r56pp3akjdmmannxqx3n837
2.3043123999793482,0.03247888136170376,-3.2787271575186745,-2.0620733283829713,0.9043475351175447,-0.1349861469362964,-0.6699184662769458,-0.06164089441082219,0.4691424870575272,0.44836966252343896,ckb1qzda0cr08m85hc8jlnfp3zer7xulejywt49kt2rr0vthywaa50xwsqvde0h8xdeqmmvrxqsjqf8pl9kjltjsupsfxlpgt
3.2263494528130283,-0.006346572792229295,-1.9981307902895327,0.5614511077685045,-1.141784301703303,-0.4796595091384083,-0.7498227095458253,0.4572334175030516,0.11871131001440192,-0.2806310519687464,ckb1qzda0cr08m85hc8jlnfp3zer7xulejywt49kt2rr0vthywaa50xwsqvdsgte9pkmratzhwchaanuuvhvmd3pp9cfvddsg
3.3766561512825035,-0.17399851482867545,-2.2149109337901454,-0.9907372864793483,0.10390484159404559,-0.03226879975117007,1.3489567855084539,-0.20817168721024618,0.5638505488950956,0.6112412110989729,ckb1qzda0cr08m85hc8jlnfp3zer7xulejywt49kt2rr0vthywaa50xwsqvdu4tnf9uueqjdd4k57c8hh5g458jlvlsk90qe4
-0.27976633006234924,0.4840654684555806,0.8999885460685152,2.2100375690264022,0.9652168076459013,-0.22337109386082182,-0.19993992967600085,0.014094967404137189,0.10278425947238204,0.6269481318706364,ckb1qzda0cr08m85hc8jlnfp3zer7xulejywt49kt2rr0vthywaa50xwsqvdu6azqm97z3nfv9r2zs0q9m9jedf4z0qllxwrl
-0.009614946859898268,-0.019313384734474477,1.5768555089509595,0.2624099298670657,-0.9688572338342649,-0.6144380726487503,-0.4161941168800399,-0.02825420743422716,0.1409330384176574,0.1261454424833974,ckb1qzda0cr08m85hc8jlnfp3zer7xulejywt49kt2rr0vthywaa50xwsqvh639mn84vea2mr46k5rqrvfq6zg6h4mqaxt69f
3.8139934690077815,0.08956731569283104,-1.521692493067298,0.5557316357664683,-1.0485459265427308,-0.15485620851704204,-0.45914014468276415,0.09986082581708222,-0.18826425519282153,0.015715724210098425,ckb1qzda0cr08m85hc8jlnfp3zer7xulejywt49kt2rr0vthywaa50xwsqvhl5ywzxe4tpun3frshvq34p7rlh356sq0sx2vd
3.0043712091790375,0.04948778344560572,-2.661063771944959,-1.5562393390260572,0.5828496528133285,-0.08164967594305264,-0.4799220656121263,-0.24958827258113828,-0.6479515266595451,0.19476367033003933,ckb1qzda0cr08m85hc8jlnfp3zer7xulejywt49kt2rr0vthywaa50xwsqvjpnzdqgz2pqdmn72qmm3wus9je59wheqangdzf
0.2219965901397999,0.21476965347392502,-0.2299160635986152,-1.8761043932121122,0.6429822718087155,1.1674473156675693,0.16602909203694227,0.41255350827902976,0.754494300491023,-0.19605741115046638,ckb1qzda0cr08m85hc8jlnfp3zer7xulejywt49kt2rr0vthywaa50xwsqvjvfddqll5qztlccn06gs02ske0yc68esgdkxfp
0.4437126918972334,0.10815696462522464,0.7686154119694433,1.7785556650466279,1.2821103064751804,-0.9079286336706233,-0.5634745395589329,0.08128400537466131,0.34308026141901854,0.36882374747205726,ckb1qzda0cr08m85hc8jlnfp3zer7xulejywt49kt2rr0vthywaa50xwsqvkdvwnt7g07cavxzwdpc6rhyz9dpje6zgyldedd
-0.3383744917723923,0.20795801727727453,0.6481348860524638,-1.5340324316430285,0.3810792388526036,0.37018998178173085,0.8293542542451818,0.029940658231340175,0.853935881837091,0.25869065378924294,ckb1qzda0cr08m85hc8jlnfp3zer7xulejywt49kt2rr0vthywaa50xwsqvknttjvpk89lj2c9ykxvethuaft52j3fs9df6l3
-0.8954102151548978,-0.11003416115344815,0.9947011633577851,-0.5086018824174956,-0.5125098329338998,-1.0272259104529393,1.2315411760622064,0.24815920884224646,-0.2380382644597592,-0.5085428384107813,ckb1qzda0cr08m85hc8jlnfp3zer7xulejywt49kt2rr0vthywaa50xwsqvkt2ql6y7gdn7dsh0txtwkluf8n57tadgdmaj8h
0.859907415191218,0.04608477482440069,0.7414358165402214,-1.3336493122679065,0.25622435503972435,1.3724428738724648,1.5525311607329584,0.22813523382621703,0.3766442500627147,-0.18913953888750057,ckb1qzda0cr08m85hc8jlnfp3zer7xulejywt49kt2rr0vthywaa50xwsqvkxl5y7fzw25kenl7zsh5u5f8yjww5juc69llx3
3.399635023448411,-0.11874517142866155,-2.167987878761816,-0.7930241357522639,-0.057465991278547124,-0.1609475856077554,1.3428778822092486,-0.1220890994854236,0.1179670215335132,0.30725886363258553,ckb1qzda0cr08m85hc8jlnfp3zer7xulejywt49kt2rr0vthywaa50xwsqvmmkpv65ayqg2c6ezrf2644lcfqe4vjng0qv493
-0.023798206141934772,-0.09532253373215827,1.4643706838683306,-0.004793435232464628,-0.7533786715247736,-0.4900522849695485,-0.3608614670314416,-0.1369014847417062,0.6368326498196795,0.47882125229678685,ckb1qzda0cr08m85hc8jlnfp3zer7xulejywt49kt2rr0vthywaa50xwsqvn87j7a9sndal6f0rv6ny34z7s7mcvypg5qhygq
0.03279768364804321,0.01916703781325823,1.3551411242676297,0.0627570796092206,-0.7983275009421231,-0.5944617432714455,-0.5989212390473893,-0.10631308231958178,0.28695723023973335,0.29777584482637753,ckb1qzda0cr08m85hc8jlnfp3zer7xulejywt49kt2rr0vthywaa50xwsqvq6ve8a90spwj33sdl7rtus9w5e0an4cc83el7m
-0.060543120006990185,-0.03750702523038157,1.635023764886672,0.2532874112455784,-0.964773159657208,-0.5883380495556313,-0.4149432139561418,-0.021298782548947934,0.138601090895228,0.11418291573203512,ckb1qzda0cr08m85hc8jlnfp3zer7xulejywt49kt2rr0vthywaa50xwsqvqt5lc9tlz527sfaf9k75eec0p3hf5epqqkr4vs
0.4868321450542176,0.05690479115671936,0.8140454743343338,1.8318892043447417,1.2356283284945746,-0.9002109198657335,-0.3492671431897304,0.08012316688666889,0.5042350687185669,0.4347120493852965,ckb1qzda0cr08m85hc8jlnfp3zer7xulejywt49kt2rr0vthywaa50xwsqvtd053tgl4c6dcn4qe70nvyygkmh2llwgesskle
-1.2834033586948927,0.35093655301905885,0.16324961049912923,-1.5657023674254484,0.3851158963725752,-0.9391905010801783,-1.0162343970763947,0.04550059542930648,-1.0846329859436645,-0.5544008110365594,ckb1qzda0cr08m85hc8jlnfp3zer7xulejywt49kt2rr0vthywaa50xwsqvtfx52pmwvmnlxc89ahpga6w6rk8r69xgmnsu28
0.15674509035914258,0.005640321012712226,1.0963790810748286,1.7271525392907954,1.305123049691174,-0.760861488625213,-0.5564260123951721,0.12047609638570335,0.32994031655016415,0.30141788156245874,ckb1qzda0cr08m85hc8jlnfp3zer7xulejywt49kt2rr0vthywaa50xwsqvu4vva27ejspmqt30kg7zld29xznhxvwc5zpfpf
-1.2613522227107328,-0.8037646189992543,-0.38139595114177866,0.36957137670347145,2.2462016394629116,0.18254985232721635,-0.2230452160014546,0.26342609926157334,0.13796257826865485,0.3478925480140176,ckb1qzda0cr08m85hc8jlnfp3zer7xulejywt49kt2rr0vthywaa50xwsqvuh8nmuphsgaua6g0usmlknkk98gu4lhcmpyhsp
-0.1261758021014712,0.3303651827707781,0.3068332742682286,-1.509081482759,0.3792067716235564,0.007439488762092648,0.9276419664036579,-0.08077503192370164,0.6863912403897999,0.3246583346326351,ckb1qzda0cr08m85hc8jlnfp3zer7xulejywt49kt2rr0vthywaa50xwsqvva6zmstttmwvat2uw3k057rgnv5t3hts4vk7tv
-0.18372500614727943,-0.331145949433564,0.09236505664661086,0.5352820054040448,-1.2205927296726644,-0.1037493923225484,-0.6024220997664302,0.22653182820533807,0.20980534693169703,0.23396257115770425,ckb1qzda0cr08m85hc8jlnfp3zer7xulejywt49kt2rr0vthywaa50xwsqvwl42mn75qtakq62dsx96gtfy76rdchhsd37u49
-0.11566807913823338,0.18396577812252554,0.5156597423259435,-0.7575379844284671,-0.20704146548241675,-1.0325210740975683,0.7141738458162495,-0.1386596929454537,-0.71234558311094,-0.19541211940746733,ckb1qzda0cr08m85hc8jlnfp3zer7xulejywt49kt2rr0vthywaa50xwsqvwwjyy2ue6h3cg9yf6k07c4u5mlsep05s3evt90
-0.22758593112743947,-0.17226395273324244,1.6772814601160775,1.801106076001874,1.2142110525708711,-0.5770876891371977,-0.35191037856120644,0.21830135495200997,0.28918423467748566,0.1361723918227917,ckb1qzda0cr08m85hc8jlnfp3zer7xulejywt49kt2rr0vthywaa50xwsqvx0mstg9aqgrgvsqnrqd4ekwcthk0pfpqkaq02f
-1.5378661639697975,-0.1537294689122386,1.2097966021810078,-1.0985750370290406,-0.05223115446418645,-0.6862921700893271,0.45389880170298624,0.1943535893318967,-0.34798879368703706,-0.48551089699084743,ckb1qzda0cr08m85hc8jlnfp3zer7xulejywt49kt2rr0vthywaa50xwsqvxfn4dw95uwpq972rjvvkzc44c0hxltkghsrja0
-0.15574320857649465,-0.07151641688104174,1.7437577479616104,0.2362346774230982,-0.9571387954270735,-0.5395492484542329,-0.41260489978172615,-0.008296999366883582,0.1342419788957945,0.0918213516728737,ckb1qzda0cr08m85hc8jlnfp3zer7xulejywt49kt2rr0vthywaa50xwsqvy6p5scn5xvswncwlzpfhap4prkxracucm68kwj
1.2134721813889509,0.27726189024523484,0.6358305207308992,0.5164263095140396,-1.083547515551595,1.5790283123586868,-0.19432414059461375,0.262852658131925,-0.42083309191144175,-0.10923245350141908,ckb1qzda0cr08m85hc8jlnfp3zer7xulejywt49kt2rr0vthywaa50xwsqvy7kcd79as6em28rtmg777va2j349a3ycz75qyg
0.6763795965392123,-0.012392705466310085,0.896218344815783,-1.4829215655400687,0.3666286409989434,1.52478494193613,1.5857473338408552,0.20593512416459078,0.5941097230077218,-0.07620601776405439,ckb1qzda0cr08m85hc8jlnfp3zer7xulejywt49kt2rr0vthywaa50xwsqvyeguxz4y45vydqtdrvz6xz43tlcdc7acjhkesk
-2.6858865409639145,0.1671362955135858,-0.8164925280876203,-0.7328036363500687,-0.5661457369523716,-1.990766757776773,-0.34453237442287427,1.2947617333603494,0.5620579573563615,-1.407684822797585,ckb1qzda0cr08m85hc8jlnfp3zer7xulejywt49kt2rr0vthywaa50xwsqvzfcj3jtlhzyuu4s5frtv9d3r7mexqhnclvhwkr
-1.7434125411668686,-0.22788412155198803,-0.3249068247826758,-2.89041952794793,1.4419611454282681,-0.506589747342458,-2.0093534908725084,-0.3511352386754441,-0.1791308000683639,0.3894816034461881,ckb1qzda0cr08m85hc8jlnfp3zer7xulejywt49kt2rr0vthywaa50xwsqw0dr0ghl76nf5xkw6lx0lxm032kw2jwwq6lnmhx
-0.5536632800880947,0.45006045864911554,1.2163203710106998,2.162165924674036,0.9885737349889558,-0.07228209839318832,-0.18594962017030173,0.05427150884093369,0.10043429845285298,0.5601347315665727,ckb1qzda0cr08m85hc8jlnfp3zer7xulejywt49kt2rr0vthywaa50xwsqw0kyehc00l04ru5dldfhhtalx43fe9ppsdzgzgz
-0.05049373560162409,0.11153680169086415,2.095140724869976,0.2953465790578283,-0.9759530703184804,2.2747884608737006,-0.13076352124944585,0.4478755730800539,-0.43308244246742106,-0.4172180403267102,ckb1qzda0cr08m85hc8jlnfp3zer7xulejywt49kt2rr0vthywaa50xwsqw20ylwscm8q35fdgh6vvl0mjpmg4p3macchmmr6
-0.7984656561553916,0.19877623303410055,0.24941747495779223,-1.9942656969069563,0.7967081425693203,-0.5216283551002128,-0.7104583182292444,-0.41695652319989,-0.34150707444754547,0.34730356475430235,ckb1qzda0cr08m85hc8jlnfp3zer7xulejywt49kt2rr0vthywaa50xwsqw2qmgk7tphggddk6mavjxzxhlaguum7ds7c7t8q
-0.4824926515568829,0.025171887916934435,1.096695618031514,-1.452094731843324,0.2588338994944677,0.9133447895561306,1.53660061120522,0.3367883117606092,1.0313083801960838,-0.0852905460196069,ckb1qzda0cr08m85hc8jlnfp3zer7xulejywt49kt2rr0vthywaa50xwsqw4klymd5zxdtersxfu8wafdq803fudg7qpp9dz7
-1.1006539691524833,0.11812834569653692,0.3522136185427148,-2.3404691277405516,1.0642343372599847,-0.3129989688739508,-0.9089736778813282,-0.47564250681793036,-0.1515465437252843,0.49962751921486226,ckb1qzda0cr08m85hc8jlnfp3zer7xulejywt49kt2rr0vthywaa50xwsqw4xpk4t3688duglxp0xvupwfj9u4y20rc5xvtlj
1.7613601003504704,0.2880538663849918,0.8042121953551277,0.05861381250379118,-0.7432618965237717,1.125487754427302,-0.2675702976089586,0.36068265994680926,0.14962783797297888,-0.3056528286047675,ckb1qzda0cr08m85hc8jlnfp3zer7xulejywt49kt2rr0vthywaa50xwsqw5pyla7y2d5y6dy2jxlj03c4p76ahmnhc0j4ars
-0.5703115132382766,-0.049393881961786505,0.9062520667869247,-1.1036388614256973,0.04375884341320663,-0.6824052037557484,0.7803251228900802,-0.18715190338934648,-0.23661418018616062,0.05380392936261824,ckb1qzda0cr08m85hc8jlnfp3zer7xulejywt49kt2rr0vthywaa50xwsqw5rj262huu0sgcnq38shahvee2qpuuvtg8rve95
-0.12934425165996777,0.16916514208049568,0.292678674313648,-1.1646290455296107,0.15007119941071242,-0.7819645292993723,0.0096569971668986,-0.33098914453375855,-0.01408620615743693,0.3893674415111117,ckb1qzda0cr08m85hc8jlnfp3zer7xulejywt49kt2rr0vthywaa50xwsqw6hjwylgj9pw0ae8pw0ctke60jpqw6f6slep8r3
-0.058416088697805284,-1.1523639635495093,0.6125340223053521,-0.3334068794362411,-0.5547432788542509,1.771935827826499,1.4643947801433335,0.15404662385493179,-1.3042647261771567,-0.2538877172045405,ckb1qzda0cr08m85hc8jlnfp3zer7xulejywt49kt2rr0vthywaa50xwsqw6sushnyawdllx7u6pgsf6vdtv90d3v2c6scl6v
1.1603516304262305,0.2584037614060401,1.5703723119135642,0.10121831579614997,-0.8113856510609038,1.3926380055559604,-0.26690866700561344,0.5107264878326281,-0.13148652985759934,-0.6509423878111724,ckb1qzda0cr08m85hc8jlnfp3zer7xulejywt49kt2rr0vthywaa50xwsqw76vqq45434vph49vkxl406cp95886x2g79zp4d
0.0909094528666772,0.01659807009839164,1.4620402966677521,0.28041638192987406,-0.9769185696277501,-0.6659555136279847,-0.4186632073219429,-0.041983148965598495,0.14553594502907344,0.1497576348434225,ckb1qzda0cr08m85hc8jlnfp3zer7xulejywt49kt2rr0vthywaa50xwsqw7fspuj5ny44ce32pp8lvgjqw90uekrjcg8usv9
0.2243590588343897,0.06427176434783202,1.309619144390604,0.30432056777126454,-0.9876202707882656,-0.7343466924646009,-0.42194100999937073,-0.06020879211988354,0.15164646222957814,0.18110363417343536,ckb1qzda0cr08m85hc8jlnfp3zer7xulejywt49kt2rr0vthywaa50xwsqw827vkp4zln5plmzzktcymdr0ec8aqhpc4sr8d5
3.038034673189016,-0.10136271475093639,-2.6592741654403027,-1.7957014140822356,0.7652390477842017,0.11785285263529842,0.15916814926773049,-0.3798312969407848,0.344384171047458,0.7673917258041032,ckb1qzda0cr08m85hc8jlnfp3zer7xulejywt49kt2rr0vthywaa50xwsqw8sae6fd5sruyeewfc82gs6epxav9tapqsgphme
-2.1125911497431558,-0.054870040421348014,0.09254002395884184,-1.9030778201374094,0.5469065245547114,-0.7584239141244181,-0.6735403037021465,0.2473202022661279,0.7445827736682064,-0.021844504440265367,ckb1qzda0cr08m85hc8jlnfp3zer7xulejywt49kt2rr0vthywaa50xwsqw973g6gzfxn2yh804xl67mpf888tlagkqzh4v47
-0.13991637085833114,-0.06586241875313575,1.7256809254456296,0.23906966271475985,-0.9584079942856804,-0.5476602959238142,-0.4129936401655709,-0.010458521646550843,0.13496667316075797,0.09553892012062024,ckb1qzda0cr08m85hc8jlnfp3zer7xulejywt49kt2rr0vthywaa50xwsqw9cxywse038q9496gt72efccm2jf0lygs5fcq86
-0.6993312961591343,-0.19008740700000337,1.46615303436679,-0.682318431716793,-0.32231501432649734,-0.6774789373229966,1.3001036364540135,-0.0226588523179567,-0.4131876513339055,-0.2570073231519748,ckb1qzda0cr08m85hc8jlnfp3zer7xulejywt49kt2rr0vthywaa50xwsqw9eyh2qqwkzdmu5xlwkc4lhfx6zsmh0ssed8wsm
1.7881424290251724,0.23745103109361365,1.0047075832647512,0.2822510439560213,-0.9324508989494953,1.1032322643289894,0.07240033315853629,0.424540334054974,0.16181482865190636,-0.39374921569237437,ckb1qzda0cr08m85hc8jlnfp3zer7xulejywt49kt2rr0vthywaa50xwsqw9qsdmw4sh8288hp9rg6rzv0zjnlq2ujs3mez8t
-1.4345963693396022,-0.05312023879949886,0.3283060924188343,0.6206508121069823,-1.305725495996195,-0.17586558991957854,-0.5078865093604721,0.07386092519496415,0.4929540014864832,0.6835153085392193,ckb1qzda0cr08m85hc8jlnfp3zer7xulejywt49kt2rr0vthywaa50xwsqw9t5zng6xx58m2nha3lw65da4tsdntkqcxt2q9p
-0.08144269751958624,0.048248962175579536,1.1258958874376603,-0.2058643569315361,-0.6259833517324724,-0.8087877754228798,0.2524598160637943,-0.06922316216818472,-0.24874501281901232,-0.041115724203808685,ckb1qzda0cr08m85hc8jlnfp3zer7xulejywt49kt2rr0vthywaa50xwsqwau96q6673hp5t3ncxypt85vrlv3ldvmchs7tt3
3.281980536199764,0.02263383720222437,-2.2916515772593695,-0.9411354232153556,0.07148083579287229,-0.17924765884325378,0.7636598179713145,-0.12014223199217575,-0.3115072276314802,0.13313835517183728,ckb1qzda0cr08m85hc8jlnfp3zer7xulejywt49kt2rr0vthywaa50xwsqwd9wdqn3udclk6u86ed8glq7ep4gs2l6c4cwthv
-1.1547352335075582,-0.21836225237255197,1.5470193960249068,-1.206811696672511,0.09615798656212865,-0.3857561174426156,0.5908872750624518,-0.10726796561161947,-0.34441870615040854,-0.10990690306556794,ckb1qzda0cr08m85hc8jlnfp3zer7xulejywt49kt2rr0vthywaa50xwsqwda7qe8d78vuwpx20spzsuvtj92eulcagjenqnt
-5.621169935168683,-0.9630865533108744,-2.3023840523901873,0.40704139416043006,-1.3179290939836958,1.4012597705273153,0.10594160327331902,0.10694113299321298,-0.4963949451957036,1.4984435118990396,ckb1qzda0cr08m85hc8jlnfp3zer7xulejywt49kt2rr0vthywaa50xwsqwdr5q4rwruykhehd8hn6gxh892wtmdprcw3h3ce
0.5677020553315265,0.155535550430191,0.8605218459647724,0.24870679823102496,-0.9203064390881748,-0.8584803691768652,-0.4060433041472196,-0.15603459858720967,0.38709423124294456,0.4192872734113463,ckb1qzda0cr08m85hc8jlnfp3zer7xulejywt49kt2rr0vthywaa50xwsqwe92am9fu642zn6fjv7xp9u27e9afey2ce26d2t
2.9201482712687596,-0.06910376735394688,-2.812552472179553,-2.095899397949926,1.0128489046747162,0.19451094744408798,-0.25144976576834877,-0.45095691000644184,0.3480688609010633,0.8705933235174247,ckb1qzda0cr08m85hc8jlnfp3zer7xulejywt49kt2rr0vthywaa50xwsqweaz0wqm6d5wzkyt2jay4ayx22vgxu6ys67s4w2
0.6774617801248951,-0.012258349594731328,0.8949684984463753,-1.4827324217480955,0.3665363563518151,1.524187980082933,1.585692057273138,0.20577638419443653,0.5941190078473013,-0.07594203393690352,ckb1qzda0cr08m85hc8jlnfp3zer7xulejywt49kt2rr0vthywaa50xwsqwg4vuyxa8u6yekv7n3vevs5xj6mzn5rxgeudapp
-0.3646291870075231,0.0018044419592729507,1.3330124086151693,-0.3467250624238496,-0.5241903821584547,-0.6737712741230216,0.053399161160564965,-0.05387956903626371,-0.33735611655428666,-0.10350109910404137,ckb1qzda0cr08m85hc8jlnfp3zer7xulejywt49kt2rr0vthywaa50xwsqwh8cgh37vm79za0w7h9wc36rvkcucyaag3pg77j
1.6539755235573348,0.17996810265218857,0.7841839573260266,1.6289508365108798,1.421436905117859,1.101315449315453,-0.20820234513172595,0.597157122736669,0.2811716486559248,-0.2855961409942836,ckb1qzda0cr08m85hc8jlnfp3zer7xulejywt49kt2rr0vthywaa50xwsqwhygetaaapeuwf7z4tftxkukdu6svw6qg2qajmg
3.7832771102157436,0.013427372535223414,-1.584585386174096,0.34980548227377206,-0.8841906909939171,-0.05245009535910415,-0.41810006345782086,0.01990311380783202,0.18411815898453324,0.27825624477422195,ckb1qzda0cr08m85hc8jlnfp3zer7xulejywt49kt2rr0vthywaa50xwsqwj5mah4ck3m7dkusnwpgyhmzf6zaaahpqzjwzns
1.1339414890679116,0.1584169155712675,1.4459463033972608,-0.22093964303879324,-0.5523972528721102,1.5456710901809076,-0.2009600320719136,0.38150691562021655,0.4617784795226821,-0.23008776962781413,ckb1qzda0cr08m85hc8jlnfp3zer7xulejywt49kt2rr0vthywaa50xwsqwjeupgccqe3mp2wzajp975muw56rxfzysgzn7cd
0.5636872502996086,-0.5831485945458547,0.6685219885290686,-0.20385737805436766,-0.608486893801064,-0.18885321796690396,-0.6030264519406997,0.0023093563451741755,0.778017484061687,0.4376063877100309,ckb1qzda0cr08m85hc8jlnfp3zer7xulejywt49kt2rr0vthywaa50xwsqwjhnuyhphnp99ysnl09ht9e3x2kh8s8acgdjpg3
-0.2896758370267801,0.190743795372219,0.5678483184291393,-0.9022636661021644,-0.09345393456269964,-0.9560850860177892,0.4588979867858353,-0.14428986078323078,-0.8156137527433402,-0.2310786905493788,ckb1qzda0cr08m85hc8jlnfp3zer7xulejywt49kt2rr0vthywaa50xwsqwjhry2dvdzmftxqrsrwf04mjw3ah8hhjqh9zh7y
-0.13192647338101207,-0.0001228186395928484,0.9129383050515671,-0.6223669623413869,-0.2858611601526429,-0.6526076217389379,0.1136084263284455,-0.2182486920606769,0.26865040441524246,0.37800336597001366,ckb1qzda0cr08m85hc8jlnfp3zer7xulejywt49kt2rr0vthywaa50xwsqwkp3rnla6nr3al235xz3kmr3c8s0v3kngg0vdcv
-0.21554393179194023,-0.6590079997929176,-0.5768333230851187,-2.5257671370885686,1.148428806751816,0.7627522397638153,-0.952721596710038,0.10746296381673712,0.08272945974797617,-0.03508684365661896,ckb1qzda0cr08m85hc8jlnfp3zer7xulejywt49kt2rr0vthywaa50xwsqwlkxpk8rnrzz2nhuswk2kzvempzsz2zjgwxnwny
0.1251198067077574,-0.04245404430699896,1.6622336394572976,0.523725419978328,-1.1821513918492241,-0.7029703106561673,-0.08457934769593085,0.027950590671311944,0.12051877233447071,0.03895562807587255,ckb1qzda0cr08m85hc8jlnfp3zer7xulejywt49kt2rr0vthywaa50xwsqwmrpzfvvj8mckknp5m5rkt8cd5hy2vhgq24t8sv
0.2396991278154817,-0.01944643552334339,1.1179605829496995,1.8321465690433645,1.2193872864966033,-0.7932614753502705,-0.35244722781581667,0.13247889511587851,0.4093829867530508,0.3167706237193031,ckb1qzda0cr08m85hc8jlnfp3zer7xulejywt49kt2rr0vthywaa50xwsqwn663qcrflxjdlepuaykc4lruvysm9u5cnn299s
-0.8008760873475098,0.14160889395347312,0.8222073812583122,-1.2864934464754585,0.20413006022448435,-0.6791801439448114,-0.15061035564810654,-0.1649512540106612,-0.9093370902877098,-0.2425760647295545,ckb1qzda0cr08m85hc8jlnfp3zer7xulejywt49kt2rr0vthywaa50xwsqwnla5w93964qlqcwaaeessdsk4h5pzkfs2f0ehn
-1.7807555115367981,0.8893241144323334,-0.04116599060249544,-1.7173703556722342,0.4778528409901222,-0.9438123064225334,-1.4125569736074628,0.25797208655736553,-0.9441648548310707,-0.7765486088075879,ckb1qzda0cr08m85hc8jlnfp3zer7xulejywt49kt2rr0vthywaa50xwsqwpyugm7a4wtc5tphl0lwzjhcf9fu2l0ksdaezkc
-0.276547096694966,0.12319013162513918,0.8154687603060955,-1.3697306789756278,0.2246527008121774,0.4448681243363859,1.5149514981171335,0.1358038509305579,0.9987078514454578,0.1607524657014032,ckb1qzda0cr08m85hc8jlnfp3zer7xulejywt49kt2rr0vthywaa50xwsqwq5jlc6p7y2g7c59emwef66z5dc02m36sq3vsmj
-0.7386074385764124,-0.11689535045187062,1.0850879645030858,-1.1613144357513856,0.07955018035558911,-0.5839735303479321,0.7901781461549382,-0.17566988059131658,-0.1926705326628628,0.05130382816611839,ckb1qzda0cr08m85hc8jlnfp3zer7xulejywt49kt2rr0vthywaa50xwsqwr3fzgs5ke9hg0gwzu6qhd7kxwj6e7t6sy7j449
3.717978850088239,-0.11954500183161516,-1.5748133699139943,2.0958657512281373,1.1377732983787452,-0.1876653076045923,-0.40475611342453593,0.317861838026693,-0.01457731822324451,0.08314079304260633,ckb1qzda0cr08m85hc8jlnfp3zer7xulejywt49kt2rr0vthywaa50xwsqwr42a6hutw02a36n99zxzk9cdg8epdr4skkl97l
3.904993170629417,-0.04601919147912956,-1.4308474665388162,0.7247287619758124,-1.192663345210961,-0.19672248757652663,-0.11766887754429807,0.12408518619678849,-0.06668330389892897,0.03291957947838614,ckb1qzda0cr08m85hc8jlnfp3zer7xulejywt49kt2rr0vthywaa50xwsqwrcse92s9lm5u09npr6uwhgsr0tk6scdsxn0pul
-0.8653752804542367,-0.6637437713118506,-0.9886296050492744,-2.889732093588844,1.3760273432841008,0.764974198908758,-1.6898715901037986,0.35971882574489294,0.20154961260588636,-0.2766869185276682,ckb1qzda0cr08m85hc8jlnfp3zer7xulejywt49kt2rr0vthywaa50xwsqwrn48zffgqgctt2netwvhcdn3pnznxceg9lhd3j
-1.3817085354051868,-0.3151524152015738,1.493189169200056,-0.7128253093142701,-0.3786647186731423,-0.7261792559647723,1.2678166155885762,0.2656401931701522,-0.0405788993796426,-0.4652337810072132,ckb1qzda0cr08m85hc8jlnfp3zer7xulejywt49kt2rr0vthywaa50xwsqwsaytgethft2tx90hfcvmpazn02dmhyacz9xtxp
0.4148070327265569,0.1432898436517215,1.5171436682780128,0.29350745727888605,-0.9484184662548942,2.0542580854228976,-0.137693114866933,0.34474118508285456,-0.27378923401108946,-0.19179569130809643,ckb1qzda0cr08m85hc8jlnfp3zer7xulejywt49kt2rr0vthywaa50xwsqwtjgqcuyekuh50hv2gp447rx6mwzxvlwgm4j8vz
3.8058959539782324,-0.21285687385053112,-1.478071598501361,2.2651193541467918,0.9948490803292641,-0.22066812266286545,-0.0582746046194619,0.3443888942526335,0.11378681325999027,0.09793717011341893,ckb1qzda0cr08m85hc8jlnfp3zer7xulejywt49kt2rr0vthywaa50xwsqwuuu2n4serlsnuvhxwu0nuhsms76aez0cv7nxdh
3.7023678083792007,-0.06557729205559644,-1.5841135493624576,2.0300484643378836,1.1928989426116092,-0.13824362891821904,-0.38224306694599264,0.29639596486080777,0.11789544517581937,0.16319068232329467,ckb1qzda0cr08m85hc8jlnfp3zer7xulejywt49kt2rr0vthywaa50xwsqwvalxcu23ejp75sp0sgg7t6ktdy3dyy3q5czey6
-0.21282642274124397,-0.1222457888004307,1.538337797352548,-0.18145005361767874,-0.6164873762332899,-0.37998696889625133,-0.5512941934480511,-0.15642122268253814,0.65133521478621,0.50939029872612,ckb1qzda0cr08m85hc8jlnfp3zer7xulejywt49kt2rr0vthywaa50xwsqwvhy6a0x57agapj2sh47ll9fpgvp753nshpjjpz
3.762949585064832,0.0012479284280956058,-1.6168616443461628,0.22954272737772954,-0.7871356933431257,0.014238273125587703,-0.39025801233923146,-0.025106526424695217,0.4071401643611708,0.4299897745266016,ckb1qzda0cr08m85hc8jlnfp3zer7xulejywt49kt2rr0vthywaa50xwsqwx8ftt5lmk8pt5ux00wvyz5qrswq9uckq3yqc5x
-0.4773524918057549,0.12677402150823994,0.3407343140921798,-1.586364585663263,0.4781964299875405,-0.5857816778929,-0.30211078146554865,-0.3916841049002385,0.03659197362631855,0.48417656872405,ckb1qzda0cr08m85hc8jlnfp3zer7xulejywt49kt2rr0vthywaa50xwsqwxdvqk5f5k404wykzsfuu4cjvh4n96zrq9yl6w6
3.7018361150578625,-0.1891145081326399,-1.6150947724100244,1.975254815579137,1.2332084628252544,-0.13300956219142712,-0.3837157314347783,0.26972616589937615,0.19923615982892423,0.23814260229600018,ckb1qzda0cr08m85hc8jlnfp3zer7xulejywt49kt2rr0vthywaa50xwsqwz877ez7j69yehpaxf8fjl4g6cxg59k4cmp9c8s
-1.187736551187321,-0.08071103036934665,1.099888552521881,0.38572359160344427,-1.105328235071392,-0.18226035386475803,-0.6950317133051745,0.04884696457861159,0.11589561856166324,0.3477899761405045,ckb1qzda0cr08m85hc8jlnfp3zer7xulejywt49kt2rr0vthywaa50xwsqwzcjq4mzexlu6h5mrpldplwt6ht8w7ujcfjltsn
-1.080244460337105,0.24045572694496464,-0.9140004246103534,1.6081285350636285,1.3225734550252493,0.04667443509235679,0.7739071025960979,0.32532390720593996,-1.0796407222497695,0.004236818059041163,ckb1qzdcr9un5ezx8tkh03s46m9jymh22jruelq8svzr5krj2nx69dhjvqgj8zvgw355fmpvj6qqyaxtary4w9d4cqzrqq9ktcjg
-2.8292175377524567,0.5353252785180243,-0.801827619946751,1.8891187538711918,1.0226462379297199,-0.06172511666100312,0.2819235951670307,0.5336103217762396,-0.306671381569647,0.2456069675804056,ckb1qzdcr9un5ezx8tkh03s46m9jymh22jruelq8svzr5krj2nx69dhjvqgj99jj9hhu3m95gpncj0zqtt8trplsj44sqqe5d89y
-4.309559852015358,-0.40979134134542683,-2.0576889328496692,2.232950848127764,0.5974596645197598,-0.3623132010378481,0.0530247394059935,0.9432571845605138,-1.022851393637896,-0.16404642175221656,ckb1qzdcr9un5ezx8tkh03s46m9jymh22jruelq8svzr5krj2nx69dhjvqgjn6kfkeu23q74kndpaxw42z77vgat6v86qq6z03rf
-0.4819455369415764,0.41061921592056355,0.842201735715096,0.6730104009252246,-1.2715881136836649,1.2338958915049796,-0.3866354676388828,0.27029185096543934,-0.3378405703390944,0.062169997567160296,ckb1qzdcr9un5ezx8tkh03s46m9jymh22jruelq8svzr5krj2nx69dhjvqgjrdnzrv7tvcd9nrfr7lmqh0gatk7nxy9jqq2yluhf
0.18789775139502551,0.36627926094441765,0.6512557978332559,-0.6722156100780016,0.6994409147371312,-0.4365568088780064,0.4893187356139594,-1.7179343888878669,-0.5861759445419348,-0.5018128001141324,ckb1qzfhdsa4syv599s2s3nfrctwga70g0tu07n9gpnun9ydlngf5vsnwqg90xpp8x5pye38hetcd6kdgl899qk2arfgq4ucyyu6synxy7l90ph2e4ruu55zet5d9q7s4c2a
-1.5352172229216687,-0.44356632999212714,-0.8632147930593029,1.1458587322018097,-0.46328550078088954,-0.2618637659836157,0.12128802035936888,-1.7274024638202883,0.3255739806209773,-0.4204324280389701,ckb1qzfhdsa4syv599s2s3nfrctwga70g0tu07n9gpnun9ydlngf5vsnwqg92falqnnya92lpxwtsy25nuns2hsundmxq4f8huzwvn54tuyeewq32j0jwp27rjdhvcdctkl6
-1.3420850684971768,0.06228903031866265,-0.806306339977532,0.5136560315896556,0.28862886793685993,0.3451778345006176,0.7283533943836334,-2.492380223952032,-0.5065380092290315,-0.18825350954049694,ckb1qzfhdsa4syv599s2s3nfrctwga70g0tu07n9gpnun9ydlngf5vsnwqg939y8pph07lrs6upe8j570llehe5rgjkqqky5suyxalmuwrts8y72nelllxlxsdz2cq2yp3v8
0.43675712241742204,0.03700840022113304,0.7624073252753535,1.229829172150671,-0.30885849528159875,0.13493469749245252,-0.24197711224641433,-2.3403606540999817,0.16801589254224922,-0.034780847896873655,ckb1qzfhdsa4syv599s2s3nfrctwga70g0tu07n9gpnun9ydlngf5vsnwqg94uyxasd2sd0n8e7pl8qv43ps3x28wkpnqkhssmkp42p47vl8c8uupjkyxzyega6cxv63qjzm
-0.572001278204736,-0.015267137522625887,0.14189160221663685,1.352496911597748,-0.5622816065767735,-0.3444719461047254,-0.3524867390294692,-1.6980896963605414,0.9403602584939683,-0.49802775697971324,ckb1qzfhdsa4syv599s2s3nfrctwga70g0tu07n9gpnun9ydlngf5vsnwqg94vapl8vqp48yyrzf9kvvqd6ddjvnlzgqqk4n58uasqx5ussvfyke3sphf4kfj0ufqqg0acwp
-0.07587754839200223,0.18632144543805393,-0.23067136907491279,-0.11816790237401921,0.2734672060412384,1.0322639832543488,0.7419709818404209,-1.552860662550356,-0.9939103658058916,-0.3371706514648773,ckb1qzfhdsa4syv599s2s3nfrctwga70g0tu07n9gpnun9ydlngf5vsnwqg95gqrcgaw8zpgwmw3frreclfrtsg776gfqk3qq0pr4cug9pmd69yv08raydwprmmfpyn90q6w
-0.6791471037305779,0.36421901158340036,-0.01375306134896889,0.011077674859316638,0.11669092720707243,-0.2756961075457055,0.24055337012547245,-1.4888941353555978,-0.3933909445921249,-0.34905297093105386,ckb1qzfhdsa4syv599s2s3nfrctwga70g0tu07n9gpnun9ydlngf5vsnwqg966wtv7g5pldu9eds69maqxsd2mf9r0wfqhtfednezs8ahsh9krgh05q6p4tdy5daeylqaayk
-2.230862126359453,-0.511588917933422,-1.5637207569508662,1.0746366963509957,-0.4503606312071102,0.18986406605222164,0.37314049514785386,-1.6077761903599628,0.11693973581385664,-0.4111242568197607,ckb1qzfhdsa4syv599s2s3nfrctwga70g0tu07n9gpnun9ydlngf5vsnwqg96cy3mxvy66tmahlt4v9ewah9nj9qs329qhtqj8vesntf00klaw4sh9mkukwg5zz9g5zvla9n
0.5236192734914984,0.13278974446669267,0.8895116812124519,1.1918162422281622,-0.6839269820487255,-0.027710118268185945,-0.28103598166419025,-1.7410225312102938,-0.357446264569441,0.06992579452432948,ckb1qzfhdsa4syv599s2s3nfrctwga70g0tu07n9gpnun9ydlngf5vsnwqg989xqg8r09h0jjzvcqduwspsx40dsaqxwq5u5cpquduka72gfnqph36qxq64akr5qeclp66q4
1.5992668476879262,-0.016892892415251173,0.7693289143706411,0.7180264479114751,-0.4125374727028164,1.1626618967827347,-0.33417400445337364,-0.7015032184605843,0.15424183474579473,-1.2925019914013738,ckb1qzfhdsa4syv599s2s3nfrctwga70g0tu07n9gpnun9ydlngf5vsnwqg99y922zqav2vvrqv5n9rgjwrk5xmkhu2yq55s4fggr43f3svpjjv5dzfcw6smw6l3gsnklkev
-3.708817779436641,-0.6472972978515318,-2.514664206101254,1.5473629697037106,-0.0037044110547055083,1.0971354434406857,0.19452799409705004,-2.8946882245145904,0.0043790930786588135,-0.4990016486790211,ckb1qzfhdsa4syv599s2s3nfrctwga70g0tu07n9gpnun9ydlngf5vsnwqg9apm7q2y4u92yz5znq8n4tspl5wpm58mfqh580cpgjhs4gs2s2vq7w4wq873c8wsldy7w2h9l
1.5988714085519236,-0.01703415955746075,0.7697805701723045,0.7179556148016474,-0.4125057613206059,1.1628645541714415,-0.3341642916374432,-0.7014492120622157,0.1542237280033673,-1.2925948761633954,ckb1qzfhdsa4syv599s2s3nfrctwga70g0tu07n9gpnun9ydlngf5vsnwqg9d2dw93zxz5s6cz9ef0r3e86v8eu9ptewq44f4ckygc2jrtqgh99uw8ylfsl8s5909c03vuqx
3.6090471089647838,-0.050823768473883445,-1.7901211043012935,1.1187903233638603,-0.22059108883615125,0.13541759371513434,-0.42478539995980336,-1.6169962086159195,0.6660124508998417,-0.878059591373372,ckb1qzfhdsa4syv599s2s3nfrctwga70g0tu07n9gpnun9ydlngf5vsnwqg9d8578luy5wxmq9hqgqkqf0hlc2slmegyq457ncllsj3cmvqkupqzcp97llp2rl09qsf6gpau
-0.7013395296438318,0.15041818453082204,-0.28190952346801035,0.1976836174822923,0.07958500936092074,0.519276281624438,0.7791681188381667,-2.1211145407799683,-1.335585249361582,0.4519495942512597,ckb1qzfhdsa4syv599s2s3nfrctwga70g0tu07n9gpnun9ydlngf5vsnwqg9dewxvecx99rdppfuw5zdppzkyhh6mmahq4h9cen8qc55d5y9836sf5yy2cj7lt00ku7jdu9g
0.5259760481750368,0.1336316814275633,0.8868198612530175,1.1922383999379063,-0.6841159784731285,-0.028917934489827622,-0.28109386900159966,-1.741344403531053,-0.3573383503336736,0.07047937770740045,ckb1qzfhdsa4syv599s2s3nfrctwga70g0tu07n9gpnun9ydlngf5vsnwqg9epk0fesdwvgyqm0snhugdv4sv9scazygqhyxea8xp4e3qsrd7zwl3p4jkpskrr5g3qatxn96
0.5247895057894961,0.13320779962969603,0.888175085618937,1.1920258603092804,-0.6840208262849128,-0.028309847025662548,-0.28106472502788754,-1.7411823536100397,-0.35739268086244064,0.07020067057632676,ckb1qzfhdsa4syv599s2s3nfrctwga70g0tu07n9gpnun9ydlngf5vsnwqg9eu7ea9crgq4jcckyy8xtc9tsvmp7dfr9qh8nm85hqdqzktrzcssue0q4wpnv8e4yv5zyyn9r
0.5240075714899538,0.13292846050052282,0.8890681817511961,1.1918857961803795,-0.6839581207629282,-0.027909115917236348,-0.2810455190787802,-1.7410755623204723,-0.3574284848121965,0.07001700190340834,ckb1qzfhdsa4syv599s2s3nfrctwga70g0tu07n9gpnun9ydlngf5vsnwqg9f27gfvl2w82qaenx7ygdazqwdw9u72vwq49tep9nafcagrhxvmc3ph5gpe4chnef3ce546ng
1.5996641334912414,-0.01675096556743809,0.7688751493745922,0.7180976118059333,-0.412569332174499,1.1624582930011667,-0.33418376262733274,-0.7015574770642645,0.15426002604517752,-1.292408672875371,ckb1qzfhdsa4syv599s2s3nfrctwga70g0tu07n9gpnun9ydlngf5vsnwqg9kjwx8e2juvc2vmlcst8rssrv4j0lxrfkqk6fccl92t3npfn0lzpvuwzqdjkflucdxcurx4r4
0.08473001443749104,0.09224693025977784,0.42696581588339694,-0.13305974200678988,-0.1579192270754781,-1.0677471140048098,1.261120203824378,-0.8186472701999656,-0.28949705467292713,-0.6393597737300035,ckb1qzfhdsa4syv599s2s3nfrctwga70g0tu07n9gpnun9ydlngf5vsnwqg9krv8c4sraut26xuns26r372lg0s2wnfcqh580cpgjhs4gs2s2vq7w4wq873c8wsldygzwp0z
0.5247896628816938,0.1332078557494976,0.8881749061941,1.1920258884484498,-0.6840208388825804,-0.02830992753336061,-0.28106472888640194,-1.741182375064628,-0.35739267366935396,0.07020070747573828,ckb1qzfhdsa4syv599s2s3nfrctwga70g0tu07n9gpnun9ydlngf5vsnwqg9l7r63jg9j5t36pkf945jdkalgdmheaarqhlc02xfqk23w8gxeykkjfkmhaphwl8h5v5cv94s
1.5969210333543329,-0.01773091388781163,0.7720082158280095,0.7176062534764823,-0.41234935521985994,1.163864095968284,-0.3341163863251847,-0.7011828430301719,0.1541344223729318,-1.2930530001060898,ckb1qzfhdsa4syv599s2s3nfrctwga70g0tu07n9gpnun9ydlngf5vsnwqg9ppwdq9xgt6fr7grkwhj6twd3w43hdsh5q5y9e5q5ep0fy0eqwe67tfdek96kxakz7sm9w7mn
-0.268161331107752,0.4279782483577559,0.42974818602499887,0.07726038694289343,0.55719214375419,-0.3951581952479659,0.8660153176917277,-1.889383074601115,0.46022218649306446,-1.3140151148912695,ckb1qzfhdsa4syv599s2s3nfrctwga70g0tu07n9gpnun9ydlngf5vsnwqg9rhw8jpwu9z3f40kyqvucsjx9dxdvnjucq5wac7g9ms529x47cspnnzzgc45e4jwtnqr08mrg
1.5992669530654555,-0.01689285477005857,0.7693287940123654,0.7180264667872449,-0.4125374811533383,1.1626618427781281,-0.3341740070416671,-0.7015032328523334,0.15424183957092102,-1.292501966649229,ckb1qzfhdsa4syv599s2s3nfrctwga70g0tu07n9gpnun9ydlngf5vsnwqg9slzd7jvhwlruz9jtrx62wpy66cehjgz2qkrufh6fjamu0sgkfvvmffcynttrx7fqfg9yms90
1.5992668476879262,-0.016892892415251173,0.7693289143706411,0.7180264479114751,-0.4125374727028164,1.1626618967827347,-0.33417400445337364,-0.7015032184605843,0.15424183474579473,-1.2925019914013738,ckb1qzfhdsa4syv599s2s3nfrctwga70g0tu07n9gpnun9ydlngf5vsnwqg9v2an42yr5rxmy7x683wkgmce2a8gswtsq43tkw4gswsvmvncmg796er0r9t5azpewq87pvhs
0.437141945701785,0.03714587494401246,0.7619677945026672,1.229898103694071,-0.3088893553486555,0.13473748058895912,-0.24198656431472637,-2.3404132106572484,0.16803351319598744,-0.03469045669394457,ckb1qzfhdsa4syv599s2s3nfrctwga70g0tu07n9gpnun9ydlngf5vsnwqg9vjzjm0xkz8frv8u7c644xprsf2q3654lq4jg2tdu6cgaydslnmr2k5cywp9gz82jhul7732h
0.5240077271604305,0.13292851611242706,0.8890680039501957,1.191885824064883,-0.6839581332465838,-0.02790919569632091,-0.2810455229023742,-1.7410755835808915,-0.357428477684209,0.07001703846887167,ckb1qzfhdsa4syv599s2s3nfrctwga70g0tu07n9gpnun9ydlngf5vsnwqg9vqzwej3l7amlg7w4fea6d5apt73pe5z5q4sqfmx28lmh0are6488hfkn5906y8xs2s5cdt5x
1.598477871892742,-0.01717474705661233,0.7702300530360475,0.7178851224733392,-0.41247420250339006,1.1630662365656432,-0.33415462555034037,-0.7013954654912433,0.154205708373354,-1.2926873140523318,ckb1qzfhdsa4syv599s2s3nfrctwga70g0tu07n9gpnun9ydlngf5vsnwqggq7xygka0fffckdwnzn68hgm9h9r3g74xryyq0rzytwh555utxhf3farm5djmj3c502npjc8dplu
0.08551194298664849,0.09252626733467681,0.42607272631901255,-0.13291967890792794,-0.1579819321363232,-1.068147842166239,1.2611009980165122,-0.8187540607041844,-0.2894612509864753,-0.6391761064077939,ckb1qzfhdsa4syv599s2s3nfrctwga70g0tu07n9gpnun9ydlngf5vsnwqggqlc8fmqp73anzq4x4hm9w42vuvm85n62xsz7salq9z27z4zp2pfsre64cql68qa6ra5s08ms0u
-1.9473126639684923,-0.033493074524632654,-0.009628304357588718,1.5370876268257176,1.359088828501371,-0.18459286966664432,0.7633012293788839,0.12230426890184988,-1.198931490830424,0.16804195778027328,ckb1qzl58smqy32hnrq6vxjedcxe2fugvnz497h7yvwqvwel40uh4rltcqfcnzr5d9zwctyksqp8fjlge9t3tdwqqscw0dlgc
