feature,raw_value,scaled_value,transformed_value,wallet
capacity__capacity_repeat_ratio,1.0,0.9020803841920981,1.0,ckb1qpl0dc3xe2dr299vwe6e7zc42rnsex4pptlcjyglahevnkqq6ft0wqgw8xxul
capacity__target_consumed_capacity,218700000000.0,-0.28018124584323956,26.110966764633705,ckb1qpl0dc3xe2dr299vwe6e7zc42rnsex4pptlcjyglahevnkqq6ft0wqgw8xxul
capacity__target_net_capacity_delta,0.0,0.0,0.0,ckb1qpl0dc3xe2dr299vwe6e7zc42rnsex4pptlcjyglahevnkqq6ft0wqgw8xxul
lineage__continuation_count,9.0,3.3219280948873626,2.302585092994046,ckb1qpl0dc3xe2dr299vwe6e7zc42rnsex4pptlcjyglahevnkqq6ft0wqgw8xxul
lineage__lineage_depth,5.0,1.709511291351454,1.791759469228055,ckb1qpl0dc3xe2dr299vwe6e7zc42rnsex4pptlcjyglahevnkqq6ft0wqgw8xxul
lineage__lineage_repetition,0.8888888888888888,0.7881571717339927,0.8888888888888888,ckb1qpl0dc3xe2dr299vwe6e7zc42rnsex4pptlcjyglahevnkqq6ft0wqgw8xxul
lineage__merge_count,9.0,0.8004726398431626,2.302585092994046,ckb1qpl0dc3xe2dr299vwe6e7zc42rnsex4pptlcjyglahevnkqq6ft0wqgw8xxul
scripts__type_family_count,1.0,1.9951397255009098,0.6931471805599453,ckb1qpl0dc3xe2dr299vwe6e7zc42rnsex4pptlcjyglahevnkqq6ft0wqgw8xxul
scripts__unique_lock_script_count,22.0,1.0726169119725726,3.1354942159291497,ckb1qpl0dc3xe2dr299vwe6e7zc42rnsex4pptlcjyglahevnkqq6ft0wqgw8xxul
scripts__unique_type_script_count,7.0,3.0,2.0794415416798357,ckb1qpl0dc3xe2dr299vwe6e7zc42rnsex4pptlcjyglahevnkqq6ft0wqgw8xxul
capacity__capacity_repeat_ratio,0.0,-1.3489727248167438,0.0,ckb1qpw9q60tppt7l3j7r09qcp7lxnp3vcanvgha8pmvsa3jplykxn32sqgwvhnrqkx9ka45f2cnc90fy30m3scpupqggwawq
capacity__target_consumed_capacity,0.0,-4.044635599832544,0.0,ckb1qpw9q60tppt7l3j7r09qcp7lxnp3vcanvgha8pmvsa3jplykxn32sqgwvhnrqkx9ka45f2cnc90fy30m3scpupqggwawq
capacity__target_net_capacity_delta,10719968066753.0,0.6295928843272006,30.003129292719194,ckb1qpw9q60tppt7l3j7r09qcp7lxnp3vcanvgha8pmvsa3jplykxn32sqgwvhnrqkx9ka45f2cnc90fy30m3scpupqggwawq
lineage__continuation_count,0.0,0.0,0.0,ckb1qpw9q60tppt7l3j7r09qcp7lxnp3vcanvgha8pmvsa3jplykxn32sqgwvhnrqkx9ka45f2cnc90fy30m3scpupqggwawq
lineage__lineage_depth,14.0,3.969362295916117,2.70805020110221,ckb1qpw9q60tppt7l3j7r09qcp7lxnp3vcanvgha8pmvsa3jplykxn32sqgwvhnrqkx9ka45f2cnc90fy30m3scpupqggwawq
lineage__lineage_repetition,0.8666666666666667,0.740230762602779,0.8666666666666667,ckb1qpw9q60tppt7l3j7r09qcp7lxnp3vcanvgha8pmvsa3jplykxn32sqgwvhnrqkx9ka45f2cnc90fy30m3scpupqggwawq
lineage__merge_count,15.0,1.1129589721642954,2.772588722239781,ckb1qpw9q60tppt7l3j7r09qcp7lxnp3vcanvgha8pmvsa3jplykxn32sqgwvhnrqkx9ka45f2cnc90fy30m3scpupqggwawq
scripts__type_family_count,0.0,-0.501218028601448,0.0,ckb1qpw9q60tppt7l3j7r09qcp7lxnp3vcanvgha8pmvsa3jplykxn32sqgwvhnrqkx9ka45f2cnc90fy30m3scpupqggwawq
scripts__unique_lock_script_count,11.0,0.5532947556651123,2.4849066497880004,ckb1qpw9q60tppt7l3j7r09qcp7lxnp3vcanvgha8pmvsa3jplykxn32sqgwvhnrqkx9ka45f2cnc90fy30m3scpupqggwawq
scripts__unique_type_script_count,4.0,2.321928094887362,1.6094379124341003,ckb1qpw9q60tppt7l3j7r09qcp7lxnp3vcanvgha8pmvsa3jplykxn32sqgwvhnrqkx9ka45f2cnc90fy30m3scpupqggwawq
capacity__capacity_repeat_ratio,1.0,0.9020803841920981,1.0,ckb1qq650jd22cuqferm504axlnqztjy0jg6yw8h4fcmrf6nr8c3murquqf4mptuftgkyj3u42mdwj9583pdfzvl6u5cg4qnx88s32fzxpeldkc9daejv92lx2qqqqqqqqqqqqqqqqqqqqqqqqqqqvqsqfnz866tkgcqqqqqqqqqqqqqphzrf9lmyqgqqqqqqqqqqqqqqqq7czxzj
capacity__target_consumed_capacity,21200000000.0,-0.616633980388866,23.777267018671548,ckb1qq650jd22cuqferm504axlnqztjy0jg6yw8h4fcmrf6nr8c3murquqf4mptuftgkyj3u42mdwj9583pdfzvl6u5cg4qnx88s32fzxpeldkc9daejv92lx2qqqqqqqqqqqqqqqqqqqqqqqqqqqvqsqfnz866tkgcqqqqqqqqqqqqqphzrf9lmyqgqqqqqqqqqqqqqqqq7czxzj
capacity__target_net_capacity_delta,0.0,0.0,0.0,ckb1qq650jd22cuqferm504axlnqztjy0jg6yw8h4fcmrf6nr8c3murquqf4mptuftgkyj3u42mdwj9583pdfzvl6u5cg4qnx88s32fzxpeldkc9daejv92lx2qqqqqqqqqqqqqqqqqqqqqqqqqqqvqsqfnz866tkgcqqqqqqqqqqqqqphzrf9lmyqgqqqqqqqqqqqqqqqq7czxzj
lineage__continuation_count,0.0,0.0,0.0,ckb1qq650jd22cuqferm504axlnqztjy0jg6yw8h4fcmrf6nr8c3murquqf4mptuftgkyj3u42mdwj9583pdfzvl6u5cg4qnx88s32fzxpeldkc9daejv92lx2qqqqqqqqqqqqqqqqqqqqqqqqqqqvqsqfnz866tkgcqqqqqqqqqqqqqphzrf9lmyqgqqqqqqqqqqqqqqqq7czxzj
lineage__lineage_depth,2.0,0.0,1.0986122886681098,ckb1qq650jd22cuqferm504axlnqztjy0jg6yw8h4fcmrf6nr8c3murquqf4mptuftgkyj3u42mdwj9583pdfzvl6u5cg4qnx88s32fzxpeldkc9daejv92lx2qqqqqqqqqqqqqqqqqqqqqqqqqqqvqsqfnz866tkgcqqqqqqqqqqqqqphzrf9lmyqgqqqqqqqqqqqqqqqq7czxzj
lineage__lineage_repetition,0.0,-1.128899193514562,0.0,ckb1qq650jd22cuqferm504axlnqztjy0jg6yw8h4fcmrf6nr8c3murquqf4mptuftgkyj3u42mdwj9583pdfzvl6u5cg4qnx88s32fzxpeldkc9daejv92lx2qqqqqqqqqqqqqqqqqqqqqqqqqqqvqsqfnz866tkgcqqqqqqqqqqqqqphzrf9lmyqgqqqqqqqqqqqqqqqq7czxzj
lineage__merge_count,2.0,0.0,1.0986122886681098,ckb1qq650jd22cuqferm504axlnqztjy0jg6yw8h4fcmrf6nr8c3murquqf4mptuftgkyj3u42mdwj9583pdfzvl6u5cg4qnx88s32fzxpeldkc9daejv92lx2qqqqqqqqqqqqqqqqqqqqqqqqqqqvqsqfnz866tkgcqqqqqqqqqqqqqphzrf9lmyqgqqqqqqqqqqqqqqqq7czxzj
scripts__type_family_count,1.0,1.9951397255009098,0.6931471805599453,ckb1qq650jd22cuqferm504axlnqztjy0jg6yw8h4fcmrf6nr8c3murquqf4mptuftgkyj3u42mdwj9583pdfzvl6u5cg4qnx88s32fzxpeldkc9daejv92lx2qqqqqqqqqqqqqqqqqqqqqqqqqqqvqsqfnz866tkgcqqqqqqqqqqqqqphzrf9lmyqgqqqqqqqqqqqqqqqq7czxzj
scripts__unique_lock_script_count,5.0,0.0,1.791759469228055,ckb1qq650jd22cuqferm504axlnqztjy0jg6yw8h4fcmrf6nr8c3murquqf4mptuftgkyj3u42mdwj9583pdfzvl6u5cg4qnx88s32fzxpeldkc9daejv92lx2qqqqqqqqqqqqqqqqqqqqqqqqqqqvqsqfnz866tkgcqqqqqqqqqqqqqphzrf9lmyqgqqqqqqqqqqqqqqqq7czxzj
scripts__unique_type_script_count,2.0,1.5849625007211563,1.0986122886681098,ckb1qq650jd22cuqferm504axlnqztjy0jg6yw8h4fcmrf6nr8c3murquqf4mptuftgkyj3u42mdwj9583pdfzvl6u5cg4qnx88s32fzxpeldkc9daejv92lx2qqqqqqqqqqqqqqqqqqqqqqqqqqqvqsqfnz866tkgcqqqqqqqqqqqqqphzrf9lmyqgqqqqqqqqqqqqqqqq7czxzj
capacity__capacity_repeat_ratio,0.9402985074626866,0.7676891538035107,0.9402985074626866,ckb1qqcratfhhe0whl8n2pyyw9248r9kyw3x7gmkp80jf0ffvagvzgc8sqgdzm4fw
capacity__target_consumed_capacity,141725854533945.0,0.6531769671316143,32.58491570564232,ckb1qqcratfhhe0whl8n2pyyw9248r9kyw3x7gmkp80jf0ffvagvzgc8sqgdzm4fw
capacity__target_net_capacity_delta,-204699882856.0,-0.5465305757440853,-26.04481075734676,ckb1qqcratfhhe0whl8n2pyyw9248r9kyw3x7gmkp80jf0ffvagvzgc8sqgdzm4fw
lineage__continuation_count,30.0,4.954196310386876,3.4339872044851463,ckb1qqcratfhhe0whl8n2pyyw9248r9kyw3x7gmkp80jf0ffvagvzgc8sqgdzm4fw
lineage__lineage_depth,30.0,5.759743240826623,3.4339872044851463,ckb1qqcratfhhe0whl8n2pyyw9248r9kyw3x7gmkp80jf0ffvagvzgc8sqgdzm4fw
lineage__lineage_repetition,0.8857142857142857,0.781310541858105,0.8857142857142857,ckb1qqcratfhhe0whl8n2pyyw9248r9kyw3x7gmkp80jf0ffvagvzgc8sqgdzm4fw
lineage__merge_count,51.0,1.8965988293072102,3.9512437185814275,ckb1qqcratfhhe0whl8n2pyyw9248r9kyw3x7gmkp80jf0ffvagvzgc8sqgdzm4fw
scripts__type_family_count,0.0,-0.501218028601448,0.0,ckb1qqcratfhhe0whl8n2pyyw9248r9kyw3x7gmkp80jf0ffvagvzgc8sqgdzm4fw
scripts__unique_lock_script_count,39.0,1.51434870968801,3.6888794541139363,ckb1qqcratfhhe0whl8n2pyyw9248r9kyw3x7gmkp80jf0ffvagvzgc8sqgdzm4fw
scripts__unique_type_script_count,15.0,4.0,2.772588722239781,ckb1qqcratfhhe0whl8n2pyyw9248r9kyw3x7gmkp80jf0ffvagvzgc8sqgdzm4fw
capacity__capacity_repeat_ratio,0.8571428571428571,0.5805013686194064,0.8571428571428571,ckb1qqcz6dvc97r9a097mwdfxc8yq5cw6v4dhrsskshmhecdsvf07l8d7q034hj6qjn294z8gdh63kf30m565mcmkphjxtfee9fly023cx3l8v9w3h7z
capacity__target_consumed_capacity,44099932541.0,-0.5110346268627572,24.509724089738178,ckb1qqcz6dvc97r9a097mwdfxc8yq5cw6v4dhrsskshmhecdsvf07l8d7q034hj6qjn294z8gdh63kf30m565mcmkphjxtfee9fly023cx3l8v9w3h7z
capacity__target_net_capacity_delta,14099865020.0,0.4903897644617938,23.36943106130599,ckb1qqcz6dvc97r9a097mwdfxc8yq5cw6v4dhrsskshmhecdsvf07l8d7q034hj6qjn294z8gdh63kf30m565mcmkphjxtfee9fly023cx3l8v9w3h7z
lineage__continuation_count,2.0,1.5849625007211563,1.0986122886681098,ckb1qqcz6dvc97r9a097mwdfxc8yq5cw6v4dhrsskshmhecdsvf07l8d7q034hj6qjn294z8gdh63kf30m565mcmkphjxtfee9fly023cx3l8v9w3h7z
lineage__lineage_depth,3.0,0.7095112913514542,1.3862943611198906,ckb1qqcz6dvc97r9a097mwdfxc8yq5cw6v4dhrsskshmhecdsvf07l8d7q034hj6qjn294z8gdh63kf30m565mcmkphjxtfee9fly023cx3l8v9w3h7z
lineage__lineage_repetition,0.5,-0.05055498806225001,0.5,ckb1qqcz6dvc97r9a097mwdfxc8yq5cw6v4dhrsskshmhecdsvf07l8d7q034hj6qjn294z8gdh63kf30m565mcmkphjxtfee9fly023cx3l8v9w3h7z
lineage__merge_count,1.0,-0.26957728969081496,0.6931471805599453,ckb1qqcz6dvc97r9a097mwdfxc8yq5cw6v4dhrsskshmhecdsvf07l8d7q034hj6qjn294z8gdh63kf30m565mcmkphjxtfee9fly023cx3l8v9w3h7z
scripts__type_family_count,0.0,-0.501218028601448,0.0,ckb1qqcz6dvc97r9a097mwdfxc8yq5cw6v4dhrsskshmhecdsvf07l8d7q034hj6qjn294z8gdh63kf30m565mcmkphjxtfee9fly023cx3l8v9w3h7z
scripts__unique_lock_script_count,3.0,-0.3236566839097652,1.3862943611198906,ckb1qqcz6dvc97r9a097mwdfxc8yq5cw6v4dhrsskshmhecdsvf07l8d7q034hj6qjn294z8gdh63kf30m565mcmkphjxtfee9fly023cx3l8v9w3h7z
scripts__unique_type_script_count,0.0,0.0,0.0,ckb1qqcz6dvc97r9a097mwdfxc8yq5cw6v4dhrsskshmhecdsvf07l8d7q034hj6qjn294z8gdh63kf30m565mcmkphjxtfee9fly023cx3l8v9w3h7z
capacity__capacity_repeat_ratio,1.0,0.9020803841920981,1.0,ckb1qqcz6dvc97r9a097mwdfxc8yq5cw6v4dhrsskshmhecdsvf07l8d7q245y9mqs3e4l6ycsv4amhgzhzd85ewf59amlnmqmur37uda2c8fuyf2j6v
capacity__target_consumed_capacity,20000000000.0,-0.625034689824717,23.7189981105504,ckb1qqcz6dvc97r9a097mwdfxc8yq5cw6v4dhrsskshmhecdsvf07l8d7q245y9mqs3e4l6ycsv4amhgzhzd85ewf59amlnmqmur37uda2c8fuyf2j6v
capacity__target_net_capacity_delta,0.0,0.0,0.0,ckb1qqcz6dvc97r9a097mwdfxc8yq5cw6v4dhrsskshmhecdsvf07l8d7q245y9mqs3e4l6ycsv4amhgzhzd85ewf59amlnmqmur37uda2c8fuyf2j6v
lineage__continuation_count,0.0,0.0,0.0,ckb1qqcz6dvc97r9a097mwdfxc8yq5cw6v4dhrsskshmhecdsvf07l8d7q245y9mqs3e4l6ycsv4amhgzhzd85ewf59amlnmqmur37uda2c8fuyf2j6v
lineage__lineage_depth,2.0,0.0,1.0986122886681098,ckb1qqcz6dvc97r9a097mwdfxc8yq5cw6v4dhrsskshmhecdsvf07l8d7q245y9mqs3e4l6ycsv4amhgzhzd85ewf59amlnmqmur37uda2c8fuyf2j6v
lineage__lineage_repetition,1.0,1.027789217390062,1.0,ckb1qqcz6dvc97r9a097mwdfxc8yq5cw6v4dhrsskshmhecdsvf07l8d7q245y9mqs3e4l6ycsv4amhgzhzd85ewf59amlnmqmur37uda2c8fuyf2j6v
lineage__merge_count,0.0,-0.7304227103091852,0.0,ckb1qqcz6dvc97r9a097mwdfxc8yq5cw6v4dhrsskshmhecdsvf07l8d7q245y9mqs3e4l6ycsv4amhgzhzd85ewf59amlnmqmur37uda2c8fuyf2j6v
scripts__type_family_count,0.0,-0.501218028601448,0.0,ckb1qqcz6dvc97r9a097mwdfxc8yq5cw6v4dhrsskshmhecdsvf07l8d7q245y9mqs3e4l6ycsv4amhgzhzd85ewf59amlnmqmur37uda2c8fuyf2j6v
scripts__unique_lock_script_count,3.0,-0.3236566839097652,1.3862943611198906,ckb1qqcz6dvc97r9a097mwdfxc8yq5cw6v4dhrsskshmhecdsvf07l8d7q245y9mqs3e4l6ycsv4amhgzhzd85ewf59amlnmqmur37uda2c8fuyf2j6v
scripts__unique_type_script_count,0.0,0.0,0.0,ckb1qqcz6dvc97r9a097mwdfxc8yq5cw6v4dhrsskshmhecdsvf07l8d7q245y9mqs3e4l6ycsv4amhgzhzd85ewf59amlnmqmur37uda2c8fuyf2j6v
capacity__capacity_repeat_ratio,0.5,-0.22344617031232286,0.5,ckb1qqcz6dvc97r9a097mwdfxc8yq5cw6v4dhrsskshmhecdsvf07l8d7qd8fdu5vu3fwqfjkscg6umfxczuyh7dd29nwexznhftzvr0znpzygrdjjm7
capacity__target_consumed_capacity,149845274987.0,-0.3346921116400719,25.73286909860034,ckb1qqcz6dvc97r9a097mwdfxc8yq5cw6v4dhrsskshmhecdsvf07l8d7qd8fdu5vu3fwqfjkscg6umfxczuyh7dd29nwexznhftzvr0znpzygrdjjm7
capacity__target_net_capacity_delta,-51912274979.0,-0.5177404148878962,-24.672821111292397,ckb1qqcz6dvc97r9a097mwdfxc8yq5cw6v4dhrsskshmhecdsvf07l8d7qd8fdu5vu3fwqfjkscg6umfxczuyh7dd29nwexznhftzvr0znpzygrdjjm7
lineage__continuation_count,1.0,1.0,0.6931471805599453,ckb1qqcz6dvc97r9a097mwdfxc8yq5cw6v4dhrsskshmhecdsvf07l8d7qd8fdu5vu3fwqfjkscg6umfxczuyh7dd29nwexznhftzvr0znpzygrdjjm7
lineage__lineage_depth,2.0,0.0,1.0986122886681098,ckb1qqcz6dvc97r9a097mwdfxc8yq5cw6v4dhrsskshmhecdsvf07l8d7qd8fdu5vu3fwqfjkscg6umfxczuyh7dd29nwexznhftzvr0znpzygrdjjm7
lineage__lineage_repetition,0.0,-1.128899193514562,0.0,ckb1qqcz6dvc97r9a097mwdfxc8yq5cw6v4dhrsskshmhecdsvf07l8d7qd8fdu5vu3fwqfjkscg6umfxczuyh7dd29nwexznhftzvr0znpzygrdjjm7
lineage__merge_count,2.0,0.0,1.0986122886681098,ckb1qqcz6dvc97r9a097mwdfxc8yq5cw6v4dhrsskshmhecdsvf07l8d7qd8fdu5vu3fwqfjkscg6umfxczuyh7dd29nwexznhftzvr0znpzygrdjjm7
scripts__type_family_count,1.0,1.9951397255009098,0.6931471805599453,ckb1qqcz6dvc97r9a097mwdfxc8yq5cw6v4dhrsskshmhecdsvf07l8d7qd8fdu5vu3fwqfjkscg6umfxczuyh7dd29nwexznhftzvr0znpzygrdjjm7
scripts__unique_lock_script_count,3.0,-0.3236566839097652,1.3862943611198906,ckb1qqcz6dvc97r9a097mwdfxc8yq5cw6v4dhrsskshmhecdsvf07l8d7qd8fdu5vu3fwqfjkscg6umfxczuyh7dd29nwexznhftzvr0znpzygrdjjm7
scripts__unique_type_script_count,1.0,1.0,0.6931471805599453,ckb1qqcz6dvc97r9a097mwdfxc8yq5cw6v4dhrsskshmhecdsvf07l8d7qd8fdu5vu3fwqfjkscg6umfxczuyh7dd29nwexznhftzvr0znpzygrdjjm7
capacity__capacity_repeat_ratio,1.0,0.9020803841920981,1.0,ckb1qqcz6dvc97r9a097mwdfxc8yq5cw6v4dhrsskshmhecdsvf07l8d7qf4mvqmuqzfeahs4axptm5en0m3jjndht530kdp0uvxvjr3un0rsvh828t2
capacity__target_consumed_capacity,15000000000.0,-0.6665102138796083,23.431316038115288,ckb1qqcz6dvc97r9a097mwdfxc8yq5cw6v4dhrsskshmhecdsvf07l8d7qf4mvqmuqzfeahs4axptm5en0m3jjndht530kdp0uvxvjr3un0rsvh828t2
capacity__target_net_capacity_delta,0.0,0.0,0.0,ckb1qqcz6dvc97r9a097mwdfxc8yq5cw6v4dhrsskshmhecdsvf07l8d7qf4mvqmuqzfeahs4axptm5en0m3jjndht530kdp0uvxvjr3un0rsvh828t2
lineage__continuation_count,0.0,0.0,0.0,ckb1qqcz6dvc97r9a097mwdfxc8yq5cw6v4dhrsskshmhecdsvf07l8d7qf4mvqmuqzfeahs4axptm5en0m3jjndht530kdp0uvxvjr3un0rsvh828t2
lineage__lineage_depth,2.0,0.0,1.0986122886681098,ckb1qqcz6dvc97r9a097mwdfxc8yq5cw6v4dhrsskshmhecdsvf07l8d7qf4mvqmuqzfeahs4axptm5en0m3jjndht530kdp0uvxvjr3un0rsvh828t2
lineage__lineage_repetition,0.0,-1.128899193514562,0.0,ckb1qqcz6dvc97r9a097mwdfxc8yq5cw6v4dhrsskshmhecdsvf07l8d7qf4mvqmuqzfeahs4axptm5en0m3jjndht530kdp0uvxvjr3un0rsvh828t2
lineage__merge_count,1.0,-0.26957728969081496,0.6931471805599453,ckb1qqcz6dvc97r9a097mwdfxc8yq5cw6v4dhrsskshmhecdsvf07l8d7qf4mvqmuqzfeahs4axptm5en0m3jjndht530kdp0uvxvjr3un0rsvh828t2
scripts__type_family_count,0.0,-0.501218028601448,0.0,ckb1qqcz6dvc97r9a097mwdfxc8yq5cw6v4dhrsskshmhecdsvf07l8d7qf4mvqmuqzfeahs4axptm5en0m3jjndht530kdp0uvxvjr3un0rsvh828t2
scripts__unique_lock_script_count,2.0,-0.5532947556651122,1.0986122886681098,ckb1qqcz6dvc97r9a097mwdfxc8yq5cw6v4dhrsskshmhecdsvf07l8d7qf4mvqmuqzfeahs4axptm5en0m3jjndht530kdp0uvxvjr3un0rsvh828t2
scripts__unique_type_script_count,0.0,0.0,0.0,ckb1qqcz6dvc97r9a097mwdfxc8yq5cw6v4dhrsskshmhecdsvf07l8d7qf4mvqmuqzfeahs4axptm5en0m3jjndht530kdp0uvxvjr3un0rsvh828t2
capacity__capacity_repeat_ratio,0.8888888888888888,0.6519633720800045,0.8888888888888888,ckb1qqcz6dvc97r9a097mwdfxc8yq5cw6v4dhrsskshmhecdsvf07l8d7qfg6grazjdwmf9uzf8deshhr9wsn85w2l66e8d9g7gpz0gveu28zv6pk3z4
capacity__target_consumed_capacity,99245310669.0,-0.3940919625810823,25.320860507740075,ckb1qqcz6dvc97r9a097mwdfxc8yq5cw6v4dhrsskshmhecdsvf07l8d7qfg6grazjdwmf9uzf8deshhr9wsn85w2l66e8d9g7gpz0gveu28zv6pk3z4
capacity__target_net_capacity_delta,63012947401.0,0.5218068448068374,24.86660605654023,ckb1qqcz6dvc97r9a097mwdfxc8yq5cw6v4dhrsskshmhecdsvf07l8d7qfg6grazjdwmf9uzf8deshhr9wsn85w2l66e8d9g7gpz0gveu28zv6pk3z4
lineage__continuation_count,2.0,1.5849625007211563,1.0986122886681098,ckb1qqcz6dvc97r9a097mwdfxc8yq5cw6v4dhrsskshmhecdsvf07l8d7qfg6grazjdwmf9uzf8deshhr9wsn85w2l66e8d9g7gpz0gveu28zv6pk3z4
lineage__lineage_depth,4.0,1.2598510045646625,1.6094379124341003,ckb1qqcz6dvc97r9a097mwdfxc8yq5cw6v4dhrsskshmhecdsvf07l8d7qfg6grazjdwmf9uzf8deshhr9wsn85w2l66e8d9g7gpz0gveu28zv6pk3z4
lineage__lineage_repetition,0.0,-1.128899193514562,0.0,ckb1qqcz6dvc97r9a097mwdfxc8yq5cw6v4dhrsskshmhecdsvf07l8d7qfg6grazjdwmf9uzf8deshhr9wsn85w2l66e8d9g7gpz0gveu28zv6pk3z4
lineage__merge_count,3.0,0.1912681309275552,1.3862943611198906,ckb1qqcz6dvc97r9a097mwdfxc8yq5cw6v4dhrsskshmhecdsvf07l8d7qfg6grazjdwmf9uzf8deshhr9wsn85w2l66e8d9g7gpz0gveu28zv6pk3z4
scripts__type_family_count,0.0,-0.501218028601448,0.0,ckb1qqcz6dvc97r9a097mwdfxc8yq5cw6v4dhrsskshmhecdsvf07l8d7qfg6grazjdwmf9uzf8deshhr9wsn85w2l66e8d9g7gpz0gveu28zv6pk3z4
scripts__unique_lock_script_count,3.0,-0.3236566839097652,1.3862943611198906,ckb1qqcz6dvc97r9a097mwdfxc8yq5cw6v4dhrsskshmhecdsvf07l8d7qfg6grazjdwmf9uzf8deshhr9wsn85w2l66e8d9g7gpz0gveu28zv6pk3z4
scripts__unique_type_script_count,0.0,0.0,0.0,ckb1qqcz6dvc97r9a097mwdfxc8yq5cw6v4dhrsskshmhecdsvf07l8d7qfg6grazjdwmf9uzf8deshhr9wsn85w2l66e8d9g7gpz0gveu28zv6pk3z4
capacity__capacity_repeat_ratio,1.0,0.9020803841920981,1.0,ckb1qqcz6dvc97r9a097mwdfxc8yq5cw6v4dhrsskshmhecdsvf07l8d7qvml6appkndqvveylvggcmfk02vgs76k87eqmctyamkjwc0ppuqf5uvskfx
capacity__target_consumed_capacity,10000000000.0,-0.7249666818166911,23.025850930040455,ckb1qqcz6dvc97r9a097mwdfxc8yq5cw6v4dhrsskshmhecdsvf07l8d7qvml6appkndqvveylvggcmfk02vgs76k87eqmctyamkjwc0ppuqf5uvskfx
capacity__target_net_capacity_delta,0.0,0.0,0.0,ckb1qqcz6dvc97r9a097mwdfxc8yq5cw6v4dhrsskshmhecdsvf07l8d7qvml6appkndqvveylvggcmfk02vgs76k87eqmctyamkjwc0ppuqf5uvskfx
lineage__continuation_count,0.0,0.0,0.0,ckb1qqcz6dvc97r9a097mwdfxc8yq5cw6v4dhrsskshmhecdsvf07l8d7qvml6appkndqvveylvggcmfk02vgs76k87eqmctyamkjwc0ppuqf5uvskfx
lineage__lineage_depth,2.0,0.0,1.0986122886681098,ckb1qqcz6dvc97r9a097mwdfxc8yq5cw6v4dhrsskshmhecdsvf07l8d7qvml6appkndqvveylvggcmfk02vgs76k87eqmctyamkjwc0ppuqf5uvskfx
lineage__lineage_repetition,0.0,-1.128899193514562,0.0,ckb1qqcz6dvc97r9a097mwdfxc8yq5cw6v4dhrsskshmhecdsvf07l8d7qvml6appkndqvveylvggcmfk02vgs76k87eqmctyamkjwc0ppuqf5uvskfx
lineage__merge_count,1.0,-0.26957728969081496,0.6931471805599453,ckb1qqcz6dvc97r9a097mwdfxc8yq5cw6v4dhrsskshmhecdsvf07l8d7qvml6appkndqvveylvggcmfk02vgs76k87eqmctyamkjwc0ppuqf5uvskfx
scripts__type_family_count,0.0,-0.501218028601448,0.0,ckb1qqcz6dvc97r9a097mwdfxc8yq5cw6v4dhrsskshmhecdsvf07l8d7qvml6appkndqvveylvggcmfk02vgs76k87eqmctyamkjwc0ppuqf5uvskfx
scripts__unique_lock_script_count,2.0,-0.5532947556651122,1.0986122886681098,ckb1qqcz6dvc97r9a097mwdfxc8yq5cw6v4dhrsskshmhecdsvf07l8d7qvml6appkndqvveylvggcmfk02vgs76k87eqmctyamkjwc0ppuqf5uvskfx
scripts__unique_type_script_count,0.0,0.0,0.0,ckb1qqcz6dvc97r9a097mwdfxc8yq5cw6v4dhrsskshmhecdsvf07l8d7qvml6appkndqvveylvggcmfk02vgs76k87eqmctyamkjwc0ppuqf5uvskfx
capacity__capacity_repeat_ratio,0.6666666666666666,0.1517293478558174,0.6666666666666666,ckb1qqcz6dvc97r9a097mwdfxc8yq5cw6v4dhrsskshmhecdsvf07l8d7qw3smwpw49khlnp34vzdfg27rsau0fpnx4eq8u6l4fzucydmsjkfy7jfem9
capacity__target_consumed_capacity,15000000000.0,-0.6665102138796083,23.431316038115288,ckb1qqcz6dvc97r9a097mwdfxc8yq5cw6v4dhrsskshmhecdsvf07l8d7qw3smwpw49khlnp34vzdfg27rsau0fpnx4eq8u6l4fzucydmsjkfy7jfem9
capacity__target_net_capacity_delta,9999973859.0,0.4831799414612847,23.02584831593704,ckb1qqcz6dvc97r9a097mwdfxc8yq5cw6v4dhrsskshmhecdsvf07l8d7qw3smwpw49khlnp34vzdfg27rsau0fpnx4eq8u6l4fzucydmsjkfy7jfem9
lineage__continuation_count,0.0,0.0,0.0,ckb1qqcz6dvc97r9a097mwdfxc8yq5cw6v4dhrsskshmhecdsvf07l8d7qw3smwpw49khlnp34vzdfg27rsau0fpnx4eq8u6l4fzucydmsjkfy7jfem9
lineage__lineage_depth,2.0,0.0,1.0986122886681098,ckb1qqcz6dvc97r9a097mwdfxc8yq5cw6v4dhrsskshmhecdsvf07l8d7qw3smwpw49khlnp34vzdfg27rsau0fpnx4eq8u6l4fzucydmsjkfy7jfem9
lineage__lineage_repetition,0.6666666666666666,0.3088930804218539,0.6666666666666666,ckb1qqcz6dvc97r9a097mwdfxc8yq5cw6v4dhrsskshmhecdsvf07l8d7qw3smwpw49khlnp34vzdfg27rsau0fpnx4eq8u6l4fzucydmsjkfy7jfem9
lineage__merge_count,1.0,-0.26957728969081496,0.6931471805599453,ckb1qqcz6dvc97r9a097mwdfxc8yq5cw6v4dhrsskshmhecdsvf07l8d7qw3smwpw49khlnp34vzdfg27rsau0fpnx4eq8u6l4fzucydmsjkfy7jfem9
scripts__type_family_count,0.0,-0.501218028601448,0.0,ckb1qqcz6dvc97r9a097mwdfxc8yq5cw6v4dhrsskshmhecdsvf07l8d7qw3smwpw49khlnp34vzdfg27rsau0fpnx4eq8u6l4fzucydmsjkfy7jfem9
scripts__unique_lock_script_count,3.0,-0.3236566839097652,1.3862943611198906,ckb1qqcz6dvc97r9a097mwdfxc8yq5cw6v4dhrsskshmhecdsvf07l8d7qw3smwpw49khlnp34vzdfg27rsau0fpnx4eq8u6l4fzucydmsjkfy7jfem9
scripts__unique_type_script_count,0.0,0.0,0.0,ckb1qqcz6dvc97r9a097mwdfxc8yq5cw6v4dhrsskshmhecdsvf07l8d7qw3smwpw49khlnp34vzdfg27rsau0fpnx4eq8u6l4fzucydmsjkfy7jfem9
capacity__capacity_repeat_ratio,0.9,0.676975073291214,0.9,ckb1qqunmue4ncels5qse4j6839yy68h9k27c6cyj7q6j9kxsze3a2dgsqdc96g88lhq0ww27cjlp0j960kqvxlzyyhww4pyhk5ztgzaem7q5s6rs7mt
capacity__target_consumed_capacity,666355000819339.0,0.8763438935208112,34.13284367871991,ckb1qqunmue4ncels5qse4j6839yy68h9k27c6cyj7q6j9kxsze3a2dgsqdc96g88lhq0ww27cjlp0j960kqvxlzyyhww4pyhk5ztgzaem7q5s6rs7mt
capacity__target_net_capacity_delta,-3623012721101.0,-0.6068291328146884,-28.918327039042058,ckb1qqunmue4ncels5qse4j6839yy68h9k27c6cyj7q6j9kxsze3a2dgsqdc96g88lhq0ww27cjlp0j960kqvxlzyyhww4pyhk5ztgzaem7q5s6rs7mt
lineage__continuation_count,5.0,2.584962500721156,1.791759469228055,ckb1qqunmue4ncels5qse4j6839yy68h9k27c6cyj7q6j9kxsze3a2dgsqdc96g88lhq0ww27cjlp0j960kqvxlzyyhww4pyhk5ztgzaem7q5s6rs7mt
lineage__lineage_depth,5.0,1.709511291351454,1.791759469228055,ckb1qqunmue4ncels5qse4j6839yy68h9k27c6cyj7q6j9kxsze3a2dgsqdc96g88lhq0ww27cjlp0j960kqvxlzyyhww4pyhk5ztgzaem7q5s6rs7mt
lineage__lineage_repetition,1.0,1.027789217390062,1.0,ckb1qqunmue4ncels5qse4j6839yy68h9k27c6cyj7q6j9kxsze3a2dgsqdc96g88lhq0ww27cjlp0j960kqvxlzyyhww4pyhk5ztgzaem7q5s6rs7mt
lineage__merge_count,5.0,0.4608454206183701,1.791759469228055,ckb1qqunmue4ncels5qse4j6839yy68h9k27c6cyj7q6j9kxsze3a2dgsqdc96g88lhq0ww27cjlp0j960kqvxlzyyhww4pyhk5ztgzaem7q5s6rs7mt
scripts__type_family_count,1.0,1.9951397255009098,0.6931471805599453,ckb1qqunmue4ncels5qse4j6839yy68h9k27c6cyj7q6j9kxsze3a2dgsqdc96g88lhq0ww27cjlp0j960kqvxlzyyhww4pyhk5ztgzaem7q5s6rs7mt
scripts__unique_lock_script_count,11.0,0.5532947556651123,2.4849066497880004,ckb1qqunmue4ncels5qse4j6839yy68h9k27c6cyj7q6j9kxsze3a2dgsqdc96g88lhq0ww27cjlp0j960kqvxlzyyhww4pyhk5ztgzaem7q5s6rs7mt
scripts__unique_type_script_count,3.0,2.0,1.3862943611198906,ckb1qqunmue4ncels5qse4j6839yy68h9k27c6cyj7q6j9kxsze3a2dgsqdc96g88lhq0ww27cjlp0j960kqvxlzyyhww4pyhk5ztgzaem7q5s6rs7mt
capacity__capacity_repeat_ratio,0.9375,0.7613895648790455,0.9375,ckb1qqunmue4ncels5qse4j6839yy68h9k27c6cyj7q6j9kxsze3a2dgsqvcg4qnx88s32fzxpeldkc9daejv92lx2yupu5ahmqkdhwlhm9qksdws8hd
capacity__target_consumed_capacity,127946852010269.0,0.6384311706794938,32.48263607495126,ckb1qqunmue4ncels5qse4j6839yy68h9k27c6cyj7q6j9kxsze3a2dgsqvcg4qnx88s32fzxpeldkc9daejv92lx2yupu5ahmqkdhwlhm9qksdws8hd
capacity__target_net_capacity_delta,-22487832326195.0,-0.6451393989460852,-30.743995493359304,ckb1qqunmue4ncels5qse4j6839yy68h9k27c6cyj7q6j9kxsze3a2dgsqvcg4qnx88s32fzxpeldkc9daejv92lx2yupu5ahmqkdhwlhm9qksdws8hd
lineage__continuation_count,8.0,3.1699250014423126,2.1972245773362196,ckb1qqunmue4ncels5qse4j6839yy68h9k27c6cyj7q6j9kxsze3a2dgsqvcg4qnx88s32fzxpeldkc9daejv92lx2yupu5ahmqkdhwlhm9qksdws8hd
lineage__lineage_depth,8.0,2.709511291351454,2.1972245773362196,ckb1qqunmue4ncels5qse4j6839yy68h9k27c6cyj7q6j9kxsze3a2dgsqvcg4qnx88s32fzxpeldkc9daejv92lx2yupu5ahmqkdhwlhm9qksdws8hd
lineage__lineage_repetition,1.0,1.027789217390062,1.0,ckb1qqunmue4ncels5qse4j6839yy68h9k27c6cyj7q6j9kxsze3a2dgsqvcg4qnx88s32fzxpeldkc9daejv92lx2yupu5ahmqkdhwlhm9qksdws8hd
lineage__merge_count,8.0,0.7304227103091852,2.1972245773362196,ckb1qqunmue4ncels5qse4j6839yy68h9k27c6cyj7q6j9kxsze3a2dgsqvcg4qnx88s32fzxpeldkc9daejv92lx2yupu5ahmqkdhwlhm9qksdws8hd
scripts__type_family_count,1.0,1.9951397255009098,0.6931471805599453,ckb1qqunmue4ncels5qse4j6839yy68h9k27c6cyj7q6j9kxsze3a2dgsqvcg4qnx88s32fzxpeldkc9daejv92lx2yupu5ahmqkdhwlhm9qksdws8hd
scripts__unique_lock_script_count,12.0,0.6171876944623629,2.5649493574615367,ckb1qqunmue4ncels5qse4j6839yy68h9k27c6cyj7q6j9kxsze3a2dgsqvcg4qnx88s32fzxpeldkc9daejv92lx2yupu5ahmqkdhwlhm9qksdws8hd
scripts__unique_type_script_count,2.0,1.5849625007211563,1.0986122886681098,ckb1qqunmue4ncels5qse4j6839yy68h9k27c6cyj7q6j9kxsze3a2dgsqvcg4qnx88s32fzxpeldkc9daejv92lx2yupu5ahmqkdhwlhm9qksdws8hd
capacity__capacity_repeat_ratio,1.0,0.9020803841920981,1.0,ckb1qr2g8yj3vrjzx2evk20szt5rszmmvykhrn6w0xv3ga4khnmpqu6lvqq3u8mhh
capacity__target_consumed_capacity,450000000000.0,-0.1761548621476847,26.832513419713,ckb1qr2g8yj3vrjzx2evk20szt5rszmmvykhrn6w0xv3ga4khnmpqu6lvqq3u8mhh
capacity__target_net_capacity_delta,0.0,0.0,0.0,ckb1qr2g8yj3vrjzx2evk20szt5rszmmvykhrn6w0xv3ga4khnmpqu6lvqq3u8mhh
lineage__continuation_count,30.0,4.954196310386876,3.4339872044851463,ckb1qr2g8yj3vrjzx2evk20szt5rszmmvykhrn6w0xv3ga4khnmpqu6lvqq3u8mhh
lineage__lineage_depth,30.0,5.759743240826623,3.4339872044851463,ckb1qr2g8yj3vrjzx2evk20szt5rszmmvykhrn6w0xv3ga4khnmpqu6lvqq3u8mhh
lineage__lineage_repetition,1.0,1.027789217390062,1.0,ckb1qr2g8yj3vrjzx2evk20szt5rszmmvykhrn6w0xv3ga4khnmpqu6lvqq3u8mhh
lineage__merge_count,30.0,1.552695972177032,3.4339872044851463,ckb1qr2g8yj3vrjzx2evk20szt5rszmmvykhrn6w0xv3ga4khnmpqu6lvqq3u8mhh
scripts__type_family_count,0.0,-0.501218028601448,0.0,ckb1qr2g8yj3vrjzx2evk20szt5rszmmvykhrn6w0xv3ga4khnmpqu6lvqq3u8mhh
scripts__unique_lock_script_count,32.0,1.3607906165089751,3.4965075614664802,ckb1qr2g8yj3vrjzx2evk20szt5rszmmvykhrn6w0xv3ga4khnmpqu6lvqq3u8mhh
scripts__unique_type_script_count,31.0,5.0,3.4657359027997265,ckb1qr2g8yj3vrjzx2evk20szt5rszmmvykhrn6w0xv3ga4khnmpqu6lvqq3u8mhh
capacity__capacity_repeat_ratio,0.0,-1.3489727248167438,0.0,ckb1qrgqep8saj8agswr30pls73hra28ry8jlnlc3ejzh3dl2ju7xxpjxqgqq82w09dxh4f3gl6se95l7k0g3n3wjjsgdstzvp4c
capacity__target_consumed_capacity,88103243962214.0,0.5846400172004346,32.10953046955732,ckb1qrgqep8saj8agswr30pls73hra28ry8jlnlc3ejzh3dl2ju7xxpjxqgqq82w09dxh4f3gl6se95l7k0g3n3wjjsgdstzvp4c
capacity__target_net_capacity_delta,13216448998170.0,0.6339860193151364,30.212483305962625,ckb1qrgqep8saj8agswr30pls73hra28ry8jlnlc3ejzh3dl2ju7xxpjxqgqq82w09dxh4f3gl6se95l7k0g3n3wjjsgdstzvp4c
lineage__continuation_count,1.0,1.0,0.6931471805599453,ckb1qrgqep8saj8agswr30pls73hra28ry8jlnlc3ejzh3dl2ju7xxpjxqgqq82w09dxh4f3gl6se95l7k0g3n3wjjsgdstzvp4c
lineage__lineage_depth,1.0,-1.0,0.6931471805599453,ckb1qrgqep8saj8agswr30pls73hra28ry8jlnlc3ejzh3dl2ju7xxpjxqgqq82w09dxh4f3gl6se95l7k0g3n3wjjsgdstzvp4c
lineage__lineage_repetition,0.0,-1.128899193514562,0.0,ckb1qrgqep8saj8agswr30pls73hra28ry8jlnlc3ejzh3dl2ju7xxpjxqgqq82w09dxh4f3gl6se95l7k0g3n3wjjsgdstzvp4c
lineage__merge_count,2.0,0.0,1.0986122886681098,ckb1qrgqep8saj8agswr30pls73hra28ry8jlnlc3ejzh3dl2ju7xxpjxqgqq82w09dxh4f3gl6se95l7k0g3n3wjjsgdstzvp4c
scripts__type_family_count,0.0,-0.501218028601448,0.0,ckb1qrgqep8saj8agswr30pls73hra28ry8jlnlc3ejzh3dl2ju7xxpjxqgqq82w09dxh4f3gl6se95l7k0g3n3wjjsgdstzvp4c
scripts__unique_lock_script_count,3.0,-0.3236566839097652,1.3862943611198906,ckb1qrgqep8saj8agswr30pls73hra28ry8jlnlc3ejzh3dl2ju7xxpjxqgqq82w09dxh4f3gl6se95l7k0g3n3wjjsgdstzvp4c
scripts__unique_type_script_count,0.0,0.0,0.0,ckb1qrgqep8saj8agswr30pls73hra28ry8jlnlc3ejzh3dl2ju7xxpjxqgqq82w09dxh4f3gl6se95l7k0g3n3wjjsgdstzvp4c
capacity__capacity_repeat_ratio,0.0,-1.3489727248167438,0.0,ckb1qrgqep8saj8agswr30pls73hra28ry8jlnlc3ejzh3dl2ju7xxpjxqgqq84zvv7khuuad70n45llzf9p6zahk9680sw2qed8
capacity__target_consumed_capacity,309362725967.0,-0.23018065722644138,26.45778029584356,ckb1qrgqep8saj8agswr30pls73hra28ry8jlnlc3ejzh3dl2ju7xxpjxqgqq84zvv7khuuad70n45llzf9p6zahk9680sw2qed8
capacity__target_net_capacity_delta,-6300001832.0,-0.47348453916203326,-22.563815761296237,ckb1qrgqep8saj8agswr30pls73hra28ry8jlnlc3ejzh3dl2ju7xxpjxqgqq84zvv7khuuad70n45llzf9p6zahk9680sw2qed8
lineage__continuation_count,1.0,1.0,0.6931471805599453,ckb1qrgqep8saj8agswr30pls73hra28ry8jlnlc3ejzh3dl2ju7xxpjxqgqq84zvv7khuuad70n45llzf9p6zahk9680sw2qed8
lineage__lineage_depth,1.0,-1.0,0.6931471805599453,ckb1qrgqep8saj8agswr30pls73hra28ry8jlnlc3ejzh3dl2ju7xxpjxqgqq84zvv7khuuad70n45llzf9p6zahk9680sw2qed8
lineage__lineage_repetition,0.0,-1.128899193514562,0.0,ckb1qrgqep8saj8agswr30pls73hra28ry8jlnlc3ejzh3dl2ju7xxpjxqgqq84zvv7khuuad70n45llzf9p6zahk9680sw2qed8
lineage__merge_count,0.0,-0.7304227103091852,0.0,ckb1qrgqep8saj8agswr30pls73hra28ry8jlnlc3ejzh3dl2ju7xxpjxqgqq84zvv7khuuad70n45llzf9p6zahk9680sw2qed8
scripts__type_family_count,0.0,-0.501218028601448,0.0,ckb1qrgqep8saj8agswr30pls73hra28ry8jlnlc3ejzh3dl2ju7xxpjxqgqq84zvv7khuuad70n45llzf9p6zahk9680sw2qed8
scripts__unique_lock_script_count,2.0,-0.5532947556651122,1.0986122886681098,ckb1qrgqep8saj8agswr30pls73hra28ry8jlnlc3ejzh3dl2ju7xxpjxqgqq84zvv7khuuad70n45llzf9p6zahk9680sw2qed8
scripts__unique_type_script_count,0.0,0.0,0.0,ckb1qrgqep8saj8agswr30pls73hra28ry8jlnlc3ejzh3dl2ju7xxpjxqgqq84zvv7khuuad70n45llzf9p6zahk9680sw2qed8
capacity__capacity_repeat_ratio,0.9333333333333333,0.7520101769248421,0.9333333333333333,ckb1qrgqep8saj8agswr30pls73hra28ry8jlnlc3ejzh3dl2ju7xxpjxqgqq8897n3kut095xgled9dpczz0t7hg7w87un0vrnk
capacity__target_consumed_capacity,234810867144.0,-0.269933623975896,26.18204620638897,ckb1qrgqep8saj8agswr30pls73hra28ry8jlnlc3ejzh3dl2ju7xxpjxqgqq8897n3kut095xgled9dpczz0t7hg7w87un0vrnk
capacity__target_net_capacity_delta,-28260.0,-0.21507247719505412,-10.249238041316636,ckb1qrgqep8saj8agswr30pls73hra28ry8jlnlc3ejzh3dl2ju7xxpjxqgqq8897n3kut095xgled9dpczz0t7hg7w87un0vrnk
lineage__continuation_count,15.0,4.0,2.772588722239781,ckb1qrgqep8saj8agswr30pls73hra28ry8jlnlc3ejzh3dl2ju7xxpjxqgqq8897n3kut095xgled9dpczz0t7hg7w87un0vrnk
lineage__lineage_depth,8.0,2.709511291351454,2.1972245773362196,ckb1qrgqep8saj8agswr30pls73hra28ry8jlnlc3ejzh3dl2ju7xxpjxqgqq8897n3kut095xgled9dpczz0t7hg7w87un0vrnk
lineage__lineage_repetition,1.0,1.027789217390062,1.0,ckb1qrgqep8saj8agswr30pls73hra28ry8jlnlc3ejzh3dl2ju7xxpjxqgqq8897n3kut095xgled9dpczz0t7hg7w87un0vrnk
lineage__merge_count,30.0,1.552695972177032,3.4339872044851463,ckb1qrgqep8saj8agswr30pls73hra28ry8jlnlc3ejzh3dl2ju7xxpjxqgqq8897n3kut095xgled9dpczz0t7hg7w87un0vrnk
scripts__type_family_count,0.0,-0.501218028601448,0.0,ckb1qrgqep8saj8agswr30pls73hra28ry8jlnlc3ejzh3dl2ju7xxpjxqgqq8897n3kut095xgled9dpczz0t7hg7w87un0vrnk
scripts__unique_lock_script_count,2.0,-0.5532947556651122,1.0986122886681098,ckb1qrgqep8saj8agswr30pls73hra28ry8jlnlc3ejzh3dl2ju7xxpjxqgqq8897n3kut095xgled9dpczz0t7hg7w87un0vrnk
scripts__unique_type_script_count,0.0,0.0,0.0,ckb1qrgqep8saj8agswr30pls73hra28ry8jlnlc3ejzh3dl2ju7xxpjxqgqq8897n3kut095xgled9dpczz0t7hg7w87un0vrnk
capacity__capacity_repeat_ratio,0.819672131147541,0.4961527743708316,0.819672131147541,ckb1qrgqep8saj8agswr30pls73hra28ry8jlnlc3ejzh3dl2ju7xxpjxqgqq89qeq8sz02jymcmc8nm5qsfmwyxtvqemvnunp36
capacity__target_consumed_capacity,5462895313110.0,0.18376708255295607,29.32900004226469,ckb1qrgqep8saj8agswr30pls73hra28ry8jlnlc3ejzh3dl2ju7xxpjxqgqq89qeq8sz02jymcmc8nm5qsfmwyxtvqemvnunp36
capacity__target_net_capacity_delta,6736798144525.0,0.6198452131627744,29.538605875238513,ckb1qrgqep8saj8agswr30pls73hra28ry8jlnlc3ejzh3dl2ju7xxpjxqgqq89qeq8sz02jymcmc8nm5qsfmwyxtvqemvnunp36
lineage__continuation_count,3.0,2.0,1.3862943611198906,ckb1qrgqep8saj8agswr30pls73hra28ry8jlnlc3ejzh3dl2ju7xxpjxqgqq89qeq8sz02jymcmc8nm5qsfmwyxtvqemvnunp36
lineage__lineage_depth,3.0,0.7095112913514542,1.3862943611198906,ckb1qrgqep8saj8agswr30pls73hra28ry8jlnlc3ejzh3dl2ju7xxpjxqgqq89qeq8sz02jymcmc8nm5qsfmwyxtvqemvnunp36
lineage__lineage_repetition,0.8695652173913043,0.7464820333590241,0.8695652173913043,ckb1qrgqep8saj8agswr30pls73hra28ry8jlnlc3ejzh3dl2ju7xxpjxqgqq89qeq8sz02jymcmc8nm5qsfmwyxtvqemvnunp36
lineage__merge_count,5.0,0.4608454206183701,1.791759469228055,ckb1qrgqep8saj8agswr30pls73hra28ry8jlnlc3ejzh3dl2ju7xxpjxqgqq89qeq8sz02jymcmc8nm5qsfmwyxtvqemvnunp36
scripts__type_family_count,0.0,-0.501218028601448,0.0,ckb1qrgqep8saj8agswr30pls73hra28ry8jlnlc3ejzh3dl2ju7xxpjxqgqq89qeq8sz02jymcmc8nm5qsfmwyxtvqemvnunp36
scripts__unique_lock_script_count,4.0,-0.14553555730732698,1.6094379124341003,ckb1qrgqep8saj8agswr30pls73hra28ry8jlnlc3ejzh3dl2ju7xxpjxqgqq89qeq8sz02jymcmc8nm5qsfmwyxtvqemvnunp36
scripts__unique_type_script_count,23.0,4.584962500721157,3.1780538303479458,ckb1qrgqep8saj8agswr30pls73hra28ry8jlnlc3ejzh3dl2ju7xxpjxqgqq89qeq8sz02jymcmc8nm5qsfmwyxtvqemvnunp36
capacity__capacity_repeat_ratio,0.9553571428571429,0.8015869418256322,0.9553571428571429,ckb1qrgqep8saj8agswr30pls73hra28ry8jlnlc3ejzh3dl2ju7xxpjxqgqq89s0k62mh0xf6hn8cc20wunuarrumudx5nwq9uk
capacity__target_consumed_capacity,9156251690012.0,0.25822554479503934,29.84545800672067,ckb1qrgqep8saj8agswr30pls73hra28ry8jlnlc3ejzh3dl2ju7xxpjxqgqq89s0k62mh0xf6hn8cc20wunuarrumudx5nwq9uk
capacity__target_net_capacity_delta,890345547300.0,0.5773787676001364,27.514875479715357,ckb1qrgqep8saj8agswr30pls73hra28ry8jlnlc3ejzh3dl2ju7xxpjxqgqq89s0k62mh0xf6hn8cc20wunuarrumudx5nwq9uk
lineage__continuation_count,28.0,4.857980995127573,3.367295829986474,ckb1qrgqep8saj8agswr30pls73hra28ry8jlnlc3ejzh3dl2ju7xxpjxqgqq89s0k62mh0xf6hn8cc20wunuarrumudx5nwq9uk
lineage__lineage_depth,10.0,3.2044261223672437,2.3978952727983707,ckb1qrgqep8saj8agswr30pls73hra28ry8jlnlc3ejzh3dl2ju7xxpjxqgqq89s0k62mh0xf6hn8cc20wunuarrumudx5nwq9uk
lineage__lineage_repetition,0.9,0.8121203762995998,0.9,ckb1qrgqep8saj8agswr30pls73hra28ry8jlnlc3ejzh3dl2ju7xxpjxqgqq89s0k62mh0xf6hn8cc20wunuarrumudx5nwq9uk
lineage__merge_count,28.0,1.5083555847464296,3.367295829986474,ckb1qrgqep8saj8agswr30pls73hra28ry8jlnlc3ejzh3dl2ju7xxpjxqgqq89s0k62mh0xf6hn8cc20wunuarrumudx5nwq9uk
scripts__type_family_count,0.0,-0.501218028601448,0.0,ckb1qrgqep8saj8agswr30pls73hra28ry8jlnlc3ejzh3dl2ju7xxpjxqgqq89s0k62mh0xf6hn8cc20wunuarrumudx5nwq9uk
scripts__unique_lock_script_count,3.0,-0.3236566839097652,1.3862943611198906,ckb1qrgqep8saj8agswr30pls73hra28ry8jlnlc3ejzh3dl2ju7xxpjxqgqq89s0k62mh0xf6hn8cc20wunuarrumudx5nwq9uk
scripts__unique_type_script_count,0.0,0.0,0.0,ckb1qrgqep8saj8agswr30pls73hra28ry8jlnlc3ejzh3dl2ju7xxpjxqgqq89s0k62mh0xf6hn8cc20wunuarrumudx5nwq9uk
capacity__capacity_repeat_ratio,0.6666666666666666,0.1517293478558174,0.6666666666666666,ckb1qrgqep8saj8agswr30pls73hra28ry8jlnlc3ejzh3dl2ju7xxpjxqgqq8crqpcx3nq9p23h8ep5zzpga67ygfd73scdttd5
capacity__target_consumed_capacity,210999998170.0,-0.28534875253018377,26.07512396175423,ckb1qrgqep8saj8agswr30pls73hra28ry8jlnlc3ejzh3dl2ju7xxpjxqgqq8crqpcx3nq9p23h8ep5zzpga67ygfd73scdttd5
capacity__target_net_capacity_delta,97999936144.0,0.5310740438011712,25.30823266403514,ckb1qrgqep8saj8agswr30pls73hra28ry8jlnlc3ejzh3dl2ju7xxpjxqgqq8crqpcx3nq9p23h8ep5zzpga67ygfd73scdttd5
lineage__continuation_count,2.0,1.5849625007211563,1.0986122886681098,ckb1qrgqep8saj8agswr30pls73hra28ry8jlnlc3ejzh3dl2ju7xxpjxqgqq8crqpcx3nq9p23h8ep5zzpga67ygfd73scdttd5
lineage__lineage_depth,3.0,0.7095112913514542,1.3862943611198906,ckb1qrgqep8saj8agswr30pls73hra28ry8jlnlc3ejzh3dl2ju7xxpjxqgqq8crqpcx3nq9p23h8ep5zzpga67ygfd73scdttd5
lineage__lineage_repetition,0.6666666666666666,0.3088930804218539,0.6666666666666666,ckb1qrgqep8saj8agswr30pls73hra28ry8jlnlc3ejzh3dl2ju7xxpjxqgqq8crqpcx3nq9p23h8ep5zzpga67ygfd73scdttd5
lineage__merge_count,0.0,-0.7304227103091852,0.0,ckb1qrgqep8saj8agswr30pls73hra28ry8jlnlc3ejzh3dl2ju7xxpjxqgqq8crqpcx3nq9p23h8ep5zzpga67ygfd73scdttd5
scripts__type_family_count,0.0,-0.501218028601448,0.0,ckb1qrgqep8saj8agswr30pls73hra28ry8jlnlc3ejzh3dl2ju7xxpjxqgqq8crqpcx3nq9p23h8ep5zzpga67ygfd73scdttd5
scripts__unique_lock_script_count,3.0,-0.3236566839097652,1.3862943611198906,ckb1qrgqep8saj8agswr30pls73hra28ry8jlnlc3ejzh3dl2ju7xxpjxqgqq8crqpcx3nq9p23h8ep5zzpga67ygfd73scdttd5
scripts__unique_type_script_count,1.0,1.0,0.6931471805599453,ckb1qrgqep8saj8agswr30pls73hra28ry8jlnlc3ejzh3dl2ju7xxpjxqgqq8crqpcx3nq9p23h8ep5zzpga67ygfd73scdttd5
capacity__capacity_repeat_ratio,0.9473684210526315,0.7836039047705801,0.9473684210526315,ckb1qrgqep8saj8agswr30pls73hra28ry8jlnlc3ejzh3dl2ju7xxpjxqgqq8gauytada8x688zt0makt3pjmdaad6u8uym77ef
capacity__target_consumed_capacity,215939883116516.0,0.7138883263818441,33.006021165969806,ckb1qrgqep8saj8agswr30pls73hra28ry8jlnlc3ejzh3dl2ju7xxpjxqgqq8gauytada8x688zt0makt3pjmdaad6u8uym77ef
capacity__target_net_capacity_delta,-68423869933923.0,-0.6684895573349035,-31.85674285532138,ckb1qrgqep8saj8agswr30pls73hra28ry8jlnlc3ejzh3dl2ju7xxpjxqgqq8gauytada8x688zt0makt3pjmdaad6u8uym77ef
lineage__continuation_count,12.0,3.700439718141092,2.5649493574615367,ckb1qrgqep8saj8agswr30pls73hra28ry8jlnlc3ejzh3dl2ju7xxpjxqgqq8gauytada8x688zt0makt3pjmdaad6u8uym77ef
lineage__lineage_depth,17.0,4.419022582702907,2.8903717578961645,ckb1qrgqep8saj8agswr30pls73hra28ry8jlnlc3ejzh3dl2ju7xxpjxqgqq8gauytada8x688zt0makt3pjmdaad6u8uym77ef
lineage__lineage_repetition,1.0,1.027789217390062,1.0,ckb1qrgqep8saj8agswr30pls73hra28ry8jlnlc3ejzh3dl2ju7xxpjxqgqq8gauytada8x688zt0makt3pjmdaad6u8uym77ef
lineage__merge_count,12.0,0.9749079880704696,2.5649493574615367,ckb1qrgqep8saj8agswr30pls73hra28ry8jlnlc3ejzh3dl2ju7xxpjxqgqq8gauytada8x688zt0makt3pjmdaad6u8uym77ef
scripts__type_family_count,1.0,1.9951397255009098,0.6931471805599453,ckb1qrgqep8saj8agswr30pls73hra28ry8jlnlc3ejzh3dl2ju7xxpjxqgqq8gauytada8x688zt0makt3pjmdaad6u8uym77ef
scripts__unique_lock_script_count,6.0,0.12304856042512263,1.9459101490553132,ckb1qrgqep8saj8agswr30pls73hra28ry8jlnlc3ejzh3dl2ju7xxpjxqgqq8gauytada8x688zt0makt3pjmdaad6u8uym77ef
scripts__unique_type_script_count,1.0,1.0,0.6931471805599453,ckb1qrgqep8saj8agswr30pls73hra28ry8jlnlc3ejzh3dl2ju7xxpjxqgqq8gauytada8x688zt0makt3pjmdaad6u8uym77ef
capacity__capacity_repeat_ratio,0.0,-1.3489727248167438,0.0,ckb1qrgqep8saj8agswr30pls73hra28ry8jlnlc3ejzh3dl2ju7xxpjxqgqq8hrnm86uy32m0wv24eqwyvl4crudtnc3yu82y8n
capacity__target_consumed_capacity,0.0,-4.044635599832544,0.0,ckb1qrgqep8saj8agswr30pls73hra28ry8jlnlc3ejzh3dl2ju7xxpjxqgqq8hrnm86uy32m0wv24eqwyvl4crudtnc3yu82y8n
capacity__target_net_capacity_delta,6300000000.0,0.4734845330599502,22.56381547050263,ckb1qrgqep8saj8agswr30pls73hra28ry8jlnlc3ejzh3dl2ju7xxpjxqgqq8hrnm86uy32m0wv24eqwyvl4crudtnc3yu82y8n
lineage__continuation_count,0.0,0.0,0.0,ckb1qrgqep8saj8agswr30pls73hra28ry8jlnlc3ejzh3dl2ju7xxpjxqgqq8hrnm86uy32m0wv24eqwyvl4crudtnc3yu82y8n
lineage__lineage_depth,1.0,-1.0,0.6931471805599453,ckb1qrgqep8saj8agswr30pls73hra28ry8jlnlc3ejzh3dl2ju7xxpjxqgqq8hrnm86uy32m0wv24eqwyvl4crudtnc3yu82y8n
lineage__lineage_repetition,0.0,-1.128899193514562,0.0,ckb1qrgqep8saj8agswr30pls73hra28ry8jlnlc3ejzh3dl2ju7xxpjxqgqq8hrnm86uy32m0wv24eqwyvl4crudtnc3yu82y8n
lineage__merge_count,0.0,-0.7304227103091852,0.0,ckb1qrgqep8saj8agswr30pls73hra28ry8jlnlc3ejzh3dl2ju7xxpjxqgqq8hrnm86uy32m0wv24eqwyvl4crudtnc3yu82y8n
scripts__type_family_count,0.0,-0.501218028601448,0.0,ckb1qrgqep8saj8agswr30pls73hra28ry8jlnlc3ejzh3dl2ju7xxpjxqgqq8hrnm86uy32m0wv24eqwyvl4crudtnc3yu82y8n
scripts__unique_lock_script_count,2.0,-0.5532947556651122,1.0986122886681098,ckb1qrgqep8saj8agswr30pls73hra28ry8jlnlc3ejzh3dl2ju7xxpjxqgqq8hrnm86uy32m0wv24eqwyvl4crudtnc3yu82y8n
scripts__unique_type_script_count,0.0,0.0,0.0,ckb1qrgqep8saj8agswr30pls73hra28ry8jlnlc3ejzh3dl2ju7xxpjxqgqq8hrnm86uy32m0wv24eqwyvl4crudtnc3yu82y8n
capacity__capacity_repeat_ratio,0.7894736842105263,0.4281744665060262,0.7894736842105263,ckb1qrgqep8saj8agswr30pls73hra28ry8jlnlc3ejzh3dl2ju7xxpjxqgqq8jjta82sj7lcz5ewruppmfrrvtg9nh4vvg5klxg
capacity__target_consumed_capacity,4824852884906.0,0.1658611859952175,29.204801360079948,ckb1qrgqep8saj8agswr30pls73hra28ry8jlnlc3ejzh3dl2ju7xxpjxqgqq8jjta82sj7lcz5ewruppmfrrvtg9nh4vvg5klxg
capacity__target_net_capacity_delta,-73200227814.0,-0.5249515077177098,-25.01646437013561,ckb1qrgqep8saj8agswr30pls73hra28ry8jlnlc3ejzh3dl2ju7xxpjxqgqq8jjta82sj7lcz5ewruppmfrrvtg9nh4vvg5klxg
lineage__continuation_count,15.0,4.0,2.772588722239781,ckb1qrgqep8saj8agswr30pls73hra28ry8jlnlc3ejzh3dl2ju7xxpjxqgqq8jjta82sj7lcz5ewruppmfrrvtg9nh4vvg5klxg
lineage__lineage_depth,14.0,3.969362295916117,2.70805020110221,ckb1qrgqep8saj8agswr30pls73hra28ry8jlnlc3ejzh3dl2ju7xxpjxqgqq8jjta82sj7lcz5ewruppmfrrvtg9nh4vvg5klxg
lineage__lineage_repetition,0.8125,0.6234101403454451,0.8125,ckb1qrgqep8saj8agswr30pls73hra28ry8jlnlc3ejzh3dl2ju7xxpjxqgqq8jjta82sj7lcz5ewruppmfrrvtg9nh4vvg5klxg
lineage__merge_count,2.0,0.0,1.0986122886681098,ckb1qrgqep8saj8agswr30pls73hra28ry8jlnlc3ejzh3dl2ju7xxpjxqgqq8jjta82sj7lcz5ewruppmfrrvtg9nh4vvg5klxg
scripts__type_family_count,0.0,-0.501218028601448,0.0,ckb1qrgqep8saj8agswr30pls73hra28ry8jlnlc3ejzh3dl2ju7xxpjxqgqq8jjta82sj7lcz5ewruppmfrrvtg9nh4vvg5klxg
scripts__unique_lock_script_count,3.0,-0.3236566839097652,1.3862943611198906,ckb1qrgqep8saj8agswr30pls73hra28ry8jlnlc3ejzh3dl2ju7xxpjxqgqq8jjta82sj7lcz5ewruppmfrrvtg9nh4vvg5klxg
scripts__unique_type_script_count,0.0,0.0,0.0,ckb1qrgqep8saj8agswr30pls73hra28ry8jlnlc3ejzh3dl2ju7xxpjxqgqq8jjta82sj7lcz5ewruppmfrrvtg9nh4vvg5klxg
capacity__capacity_repeat_ratio,0.9354838709677419,0.7568511513528179,0.9354838709677419,ckb1qrgqep8saj8agswr30pls73hra28ry8jlnlc3ejzh3dl2ju7xxpjxqgqq8kwzq44p8ap4zclfc3vfgw5uxqqnegf0u7t0l86
capacity__target_consumed_capacity,22437721995894.0,0.38744732254277414,30.741764676095567,ckb1qrgqep8saj8agswr30pls73hra28ry8jlnlc3ejzh3dl2ju7xxpjxqgqq8kwzq44p8ap4zclfc3vfgw5uxqqnegf0u7t0l86
capacity__target_net_capacity_delta,-183000055004.0,-0.5441791139097485,-25.932752290361556,ckb1qrgqep8saj8agswr30pls73hra28ry8jlnlc3ejzh3dl2ju7xxpjxqgqq8kwzq44p8ap4zclfc3vfgw5uxqqnegf0u7t0l86
lineage__continuation_count,30.0,4.954196310386876,3.4339872044851463,ckb1qrgqep8saj8agswr30pls73hra28ry8jlnlc3ejzh3dl2ju7xxpjxqgqq8kwzq44p8ap4zclfc3vfgw5uxqqnegf0u7t0l86
lineage__lineage_depth,16.0,4.278052588745498,2.833213344056216,ckb1qrgqep8saj8agswr30pls73hra28ry8jlnlc3ejzh3dl2ju7xxpjxqgqq8kwzq44p8ap4zclfc3vfgw5uxqqnegf0u7t0l86
lineage__lineage_repetition,1.0,1.027789217390062,1.0,ckb1qrgqep8saj8agswr30pls73hra28ry8jlnlc3ejzh3dl2ju7xxpjxqgqq8kwzq44p8ap4zclfc3vfgw5uxqqnegf0u7t0l86
lineage__merge_count,2.0,0.0,1.0986122886681098,ckb1qrgqep8saj8agswr30pls73hra28ry8jlnlc3ejzh3dl2ju7xxpjxqgqq8kwzq44p8ap4zclfc3vfgw5uxqqnegf0u7t0l86
scripts__type_family_count,0.0,-0.501218028601448,0.0,ckb1qrgqep8saj8agswr30pls73hra28ry8jlnlc3ejzh3dl2ju7xxpjxqgqq8kwzq44p8ap4zclfc3vfgw5uxqqnegf0u7t0l86
scripts__unique_lock_script_count,2.0,-0.5532947556651122,1.0986122886681098,ckb1qrgqep8saj8agswr30pls73hra28ry8jlnlc3ejzh3dl2ju7xxpjxqgqq8kwzq44p8ap4zclfc3vfgw5uxqqnegf0u7t0l86
scripts__unique_type_script_count,0.0,0.0,0.0,ckb1qrgqep8saj8agswr30pls73hra28ry8jlnlc3ejzh3dl2ju7xxpjxqgqq8kwzq44p8ap4zclfc3vfgw5uxqqnegf0u7t0l86
capacity__capacity_repeat_ratio,1.0,0.9020803841920981,1.0,ckb1qrgqep8saj8agswr30pls73hra28ry8jlnlc3ejzh3dl2ju7xxpjxqgqq8t3pqdfg3rnsqe8vgv93d49evdzkvpxcce0ml7v
capacity__target_consumed_capacity,131317098030.0,-0.3537210435662072,25.600880830881472,ckb1qrgqep8saj8agswr30pls73hra28ry8jlnlc3ejzh3dl2ju7xxpjxqgqq8t3pqdfg3rnsqe8vgv93d49evdzkvpxcce0ml7v
capacity__target_net_capacity_delta,0.0,0.0,0.0,ckb1qrgqep8saj8agswr30pls73hra28ry8jlnlc3ejzh3dl2ju7xxpjxqgqq8t3pqdfg3rnsqe8vgv93d49evdzkvpxcce0ml7v
lineage__continuation_count,0.0,0.0,0.0,ckb1qrgqep8saj8agswr30pls73hra28ry8jlnlc3ejzh3dl2ju7xxpjxqgqq8t3pqdfg3rnsqe8vgv93d49evdzkvpxcce0ml7v
lineage__lineage_depth,30.0,5.759743240826623,3.4339872044851463,ckb1qrgqep8saj8agswr30pls73hra28ry8jlnlc3ejzh3dl2ju7xxpjxqgqq8t3pqdfg3rnsqe8vgv93d49evdzkvpxcce0ml7v
lineage__lineage_repetition,1.0,1.027789217390062,1.0,ckb1qrgqep8saj8agswr30pls73hra28ry8jlnlc3ejzh3dl2ju7xxpjxqgqq8t3pqdfg3rnsqe8vgv93d49evdzkvpxcce0ml7v
lineage__merge_count,0.0,-0.7304227103091852,0.0,ckb1qrgqep8saj8agswr30pls73hra28ry8jlnlc3ejzh3dl2ju7xxpjxqgqq8t3pqdfg3rnsqe8vgv93d49evdzkvpxcce0ml7v
scripts__type_family_count,0.0,-0.501218028601448,0.0,ckb1qrgqep8saj8agswr30pls73hra28ry8jlnlc3ejzh3dl2ju7xxpjxqgqq8t3pqdfg3rnsqe8vgv93d49evdzkvpxcce0ml7v
scripts__unique_lock_script_count,2.0,-0.5532947556651122,1.0986122886681098,ckb1qrgqep8saj8agswr30pls73hra28ry8jlnlc3ejzh3dl2ju7xxpjxqgqq8t3pqdfg3rnsqe8vgv93d49evdzkvpxcce0ml7v
scripts__unique_type_script_count,0.0,0.0,0.0,ckb1qrgqep8saj8agswr30pls73hra28ry8jlnlc3ejzh3dl2ju7xxpjxqgqq8t3pqdfg3rnsqe8vgv93d49evdzkvpxcce0ml7v
capacity__capacity_repeat_ratio,0.6785714285714286,0.17852759915354188,0.6785714285714286,ckb1qrgqep8saj8agswr30pls73hra28ry8jlnlc3ejzh3dl2ju7xxpjxqgqq92dx9xep8pwxacajpvvlcj4j7tlk9uhng4j74ms
capacity__target_consumed_capacity,633318016275760.0,0.8690127969125673,34.081993807294765,ckb1qrgqep8saj8agswr30pls73hra28ry8jlnlc3ejzh3dl2ju7xxpjxqgqq92dx9xep8pwxacajpvvlcj4j7tlk9uhng4j74ms
capacity__target_net_capacity_delta,-98479079411713.0,-0.6761303892742785,-32.22086524978902,ckb1qrgqep8saj8agswr30pls73hra28ry8jlnlc3ejzh3dl2ju7xxpjxqgqq92dx9xep8pwxacajpvvlcj4j7tlk9uhng4j74ms
lineage__continuation_count,7.0,3.0,2.0794415416798357,ckb1qrgqep8saj8agswr30pls73hra28ry8jlnlc3ejzh3dl2ju7xxpjxqgqq92dx9xep8pwxacajpvvlcj4j7tlk9uhng4j74ms
lineage__lineage_depth,4.0,1.2598510045646625,1.6094379124341003,ckb1qrgqep8saj8agswr30pls73hra28ry8jlnlc3ejzh3dl2ju7xxpjxqgqq92dx9xep8pwxacajpvvlcj4j7tlk9uhng4j74ms
lineage__lineage_repetition,0.6923076923076923,0.3641927832655623,0.6923076923076923,ckb1qrgqep8saj8agswr30pls73hra28ry8jlnlc3ejzh3dl2ju7xxpjxqgqq92dx9xep8pwxacajpvvlcj4j7tlk9uhng4j74ms
lineage__merge_count,4.0,0.3396272192247922,1.6094379124341003,ckb1qrgqep8saj8agswr30pls73hra28ry8jlnlc3ejzh3dl2ju7xxpjxqgqq92dx9xep8pwxacajpvvlcj4j7tlk9uhng4j74ms
scripts__type_family_count,1.0,1.9951397255009098,0.6931471805599453,ckb1qrgqep8saj8agswr30pls73hra28ry8jlnlc3ejzh3dl2ju7xxpjxqgqq92dx9xep8pwxacajpvvlcj4j7tlk9uhng4j74ms
scripts__unique_lock_script_count,5.0,0.0,1.791759469228055,ckb1qrgqep8saj8agswr30pls73hra28ry8jlnlc3ejzh3dl2ju7xxpjxqgqq92dx9xep8pwxacajpvvlcj4j7tlk9uhng4j74ms
scripts__unique_type_script_count,1.0,1.0,0.6931471805599453,ckb1qrgqep8saj8agswr30pls73hra28ry8jlnlc3ejzh3dl2ju7xxpjxqgqq92dx9xep8pwxacajpvvlcj4j7tlk9uhng4j74ms
capacity__capacity_repeat_ratio,0.8490566037735849,0.5622987828322731,0.8490566037735849,ckb1qrgqep8saj8agswr30pls73hra28ry8jlnlc3ejzh3dl2ju7xxpjxqgqq94q52uky0frd8sge5jnfwnm89zclmrg35ltra3y
capacity__target_consumed_capacity,15960447002408.0,0.33833822785291756,30.40113471522774,ckb1qrgqep8saj8agswr30pls73hra28ry8jlnlc3ejzh3dl2ju7xxpjxqgqq94q52uky0frd8sge5jnfwnm89zclmrg35ltra3y
capacity__target_net_capacity_delta,37180438099.0,0.5107364522498448,24.33904860238707,ckb1qrgqep8saj8agswr30pls73hra28ry8jlnlc3ejzh3dl2ju7xxpjxqgqq94q52uky0frd8sge5jnfwnm89zclmrg35ltra3y
lineage__continuation_count,9.0,3.3219280948873626,2.302585092994046,ckb1qrgqep8saj8agswr30pls73hra28ry8jlnlc3ejzh3dl2ju7xxpjxqgqq94q52uky0frd8sge5jnfwnm89zclmrg35ltra3y
lineage__lineage_depth,9.0,2.9693622959161177,2.302585092994046,ckb1qrgqep8saj8agswr30pls73hra28ry8jlnlc3ejzh3dl2ju7xxpjxqgqq94q52uky0frd8sge5jnfwnm89zclmrg35ltra3y
lineage__lineage_repetition,0.875,0.7582031660269841,0.875,ckb1qrgqep8saj8agswr30pls73hra28ry8jlnlc3ejzh3dl2ju7xxpjxqgqq94q52uky0frd8sge5jnfwnm89zclmrg35ltra3y
lineage__merge_count,9.0,0.8004726398431626,2.302585092994046,ckb1qrgqep8saj8agswr30pls73hra28ry8jlnlc3ejzh3dl2ju7xxpjxqgqq94q52uky0frd8sge5jnfwnm89zclmrg35ltra3y
scripts__type_family_count,1.0,1.9951397255009098,0.6931471805599453,ckb1qrgqep8saj8agswr30pls73hra28ry8jlnlc3ejzh3dl2ju7xxpjxqgqq94q52uky0frd8sge5jnfwnm89zclmrg35ltra3y
scripts__unique_lock_script_count,1.0,-0.8769514395748773,0.6931471805599453,ckb1qrgqep8saj8agswr30pls73hra28ry8jlnlc3ejzh3dl2ju7xxpjxqgqq94q52uky0frd8sge5jnfwnm89zclmrg35ltra3y
scripts__unique_type_script_count,1.0,1.0,0.6931471805599453,ckb1qrgqep8saj8agswr30pls73hra28ry8jlnlc3ejzh3dl2ju7xxpjxqgqq94q52uky0frd8sge5jnfwnm89zclmrg35ltra3y
capacity__capacity_repeat_ratio,0.9508196721311475,0.7913728542408435,0.9508196721311475,ckb1qrgqep8saj8agswr30pls73hra28ry8jlnlc3ejzh3dl2ju7xxpjxqgqq97nlhckh68mupdw9w33xhp4hedejskhxs9ef2y4
capacity__target_consumed_capacity,2504181035850.0,0.07131092247287986,28.548982865215518,ckb1qrgqep8saj8agswr30pls73hra28ry8jlnlc3ejzh3dl2ju7xxpjxqgqq97nlhckh68mupdw9w33xhp4hedejskhxs9ef2y4
capacity__target_net_capacity_delta,-100000058352.0,-0.5314980081905079,-25.328436606464333,ckb1qrgqep8saj8agswr30pls73hra28ry8jlnlc3ejzh3dl2ju7xxpjxqgqq97nlhckh68mupdw9w33xhp4hedejskhxs9ef2y4
lineage__continuation_count,31.0,5.0,3.4657359027997265,ckb1qrgqep8saj8agswr30pls73hra28ry8jlnlc3ejzh3dl2ju7xxpjxqgqq97nlhckh68mupdw9w33xhp4hedejskhxs9ef2y4
lineage__lineage_depth,11.0,3.4190225827029086,2.4849066497880004,ckb1qrgqep8saj8agswr30pls73hra28ry8jlnlc3ejzh3dl2ju7xxpjxqgqq97nlhckh68mupdw9w33xhp4hedejskhxs9ef2y4
lineage__lineage_repetition,0.967741935483871,0.958218623489913,0.967741935483871,ckb1qrgqep8saj8agswr30pls73hra28ry8jlnlc3ejzh3dl2ju7xxpjxqgqq97nlhckh68mupdw9w33xhp4hedejskhxs9ef2y4
lineage__merge_count,30.0,1.552695972177032,3.4339872044851463,ckb1qrgqep8saj8agswr30pls73hra28ry8jlnlc3ejzh3dl2ju7xxpjxqgqq97nlhckh68mupdw9w33xhp4hedejskhxs9ef2y4
scripts__type_family_count,0.0,-0.501218028601448,0.0,ckb1qrgqep8saj8agswr30pls73hra28ry8jlnlc3ejzh3dl2ju7xxpjxqgqq97nlhckh68mupdw9w33xhp4hedejskhxs9ef2y4
scripts__unique_lock_script_count,2.0,-0.5532947556651122,1.0986122886681098,ckb1qrgqep8saj8agswr30pls73hra28ry8jlnlc3ejzh3dl2ju7xxpjxqgqq97nlhckh68mupdw9w33xhp4hedejskhxs9ef2y4
scripts__unique_type_script_count,0.0,0.0,0.0,ckb1qrgqep8saj8agswr30pls73hra28ry8jlnlc3ejzh3dl2ju7xxpjxqgqq97nlhckh68mupdw9w33xhp4hedejskhxs9ef2y4
capacity__capacity_repeat_ratio,0.0,-1.3489727248167438,0.0,ckb1qrgqep8saj8agswr30pls73hra28ry8jlnlc3ejzh3dl2ju7xxpjxqgqq9ef4udwfyuwywlsqwy08wpapagss8ej8yxj50cr
capacity__target_consumed_capacity,19899999992586.0,0.37014332039625825,30.621740847286482,ckb1qrgqep8saj8agswr30pls73hra28ry8jlnlc3ejzh3dl2ju7xxpjxqgqq9ef4udwfyuwywlsqwy08wpapagss8ej8yxj50cr
capacity__target_net_capacity_delta,-15000300001882.0,-0.6366427922818075,-30.339091316956292,ckb1qrgqep8saj8agswr30pls73hra28ry8jlnlc3ejzh3dl2ju7xxpjxqgqq9ef4udwfyuwywlsqwy08wpapagss8ej8yxj50cr
lineage__continuation_count,1.0,1.0,0.6931471805599453,ckb1qrgqep8saj8agswr30pls73hra28ry8jlnlc3ejzh3dl2ju7xxpjxqgqq9ef4udwfyuwywlsqwy08wpapagss8ej8yxj50cr
lineage__lineage_depth,1.0,-1.0,0.6931471805599453,ckb1qrgqep8saj8agswr30pls73hra28ry8jlnlc3ejzh3dl2ju7xxpjxqgqq9ef4udwfyuwywlsqwy08wpapagss8ej8yxj50cr
lineage__lineage_repetition,0.0,-1.128899193514562,0.0,ckb1qrgqep8saj8agswr30pls73hra28ry8jlnlc3ejzh3dl2ju7xxpjxqgqq9ef4udwfyuwywlsqwy08wpapagss8ej8yxj50cr
lineage__merge_count,1.0,-0.26957728969081496,0.6931471805599453,ckb1qrgqep8saj8agswr30pls73hra28ry8jlnlc3ejzh3dl2ju7xxpjxqgqq9ef4udwfyuwywlsqwy08wpapagss8ej8yxj50cr
scripts__type_family_count,0.0,-0.501218028601448,0.0,ckb1qrgqep8saj8agswr30pls73hra28ry8jlnlc3ejzh3dl2ju7xxpjxqgqq9ef4udwfyuwywlsqwy08wpapagss8ej8yxj50cr
scripts__unique_lock_script_count,2.0,-0.5532947556651122,1.0986122886681098,ckb1qrgqep8saj8agswr30pls73hra28ry8jlnlc3ejzh3dl2ju7xxpjxqgqq9ef4udwfyuwywlsqwy08wpapagss8ej8yxj50cr
scripts__unique_type_script_count,0.0,0.0,0.0,ckb1qrgqep8saj8agswr30pls73hra28ry8jlnlc3ejzh3dl2ju7xxpjxqgqq9ef4udwfyuwywlsqwy08wpapagss8ej8yxj50cr
capacity__capacity_repeat_ratio,0.8,0.4518697623903299,0.8,ckb1qrgqep8saj8agswr30pls73hra28ry8jlnlc3ejzh3dl2ju7xxpjxqgqq9fmlyjt4ydumr7u27ltfz3vjfj2s2hgmgwc8awk
capacity__target_consumed_capacity,2653099891064.0,0.07963926784150242,28.606749842491798,ckb1qrgqep8saj8agswr30pls73hra28ry8jlnlc3ejzh3dl2ju7xxpjxqgqq9fmlyjt4ydumr7u27ltfz3vjfj2s2hgmgwc8awk
capacity__target_net_capacity_delta,-652699894506.0,-0.5708633245919416,-27.204383280962013,ckb1qrgqep8saj8agswr30pls73hra28ry8jlnlc3ejzh3dl2ju7xxpjxqgqq9fmlyjt4ydumr7u27ltfz3vjfj2s2hgmgwc8awk
lineage__continuation_count,0.0,0.0,0.0,ckb1qrgqep8saj8agswr30pls73hra28ry8jlnlc3ejzh3dl2ju7xxpjxqgqq9fmlyjt4ydumr7u27ltfz3vjfj2s2hgmgwc8awk
lineage__lineage_depth,2.0,0.0,1.0986122886681098,ckb1qrgqep8saj8agswr30pls73hra28ry8jlnlc3ejzh3dl2ju7xxpjxqgqq9fmlyjt4ydumr7u27ltfz3vjfj2s2hgmgwc8awk
lineage__lineage_repetition,0.6666666666666666,0.3088930804218539,0.6666666666666666,ckb1qrgqep8saj8agswr30pls73hra28ry8jlnlc3ejzh3dl2ju7xxpjxqgqq9fmlyjt4ydumr7u27ltfz3vjfj2s2hgmgwc8awk
lineage__merge_count,1.0,-0.26957728969081496,0.6931471805599453,ckb1qrgqep8saj8agswr30pls73hra28ry8jlnlc3ejzh3dl2ju7xxpjxqgqq9fmlyjt4ydumr7u27ltfz3vjfj2s2hgmgwc8awk
scripts__type_family_count,0.0,-0.501218028601448,0.0,ckb1qrgqep8saj8agswr30pls73hra28ry8jlnlc3ejzh3dl2ju7xxpjxqgqq9fmlyjt4ydumr7u27ltfz3vjfj2s2hgmgwc8awk
scripts__unique_lock_script_count,4.0,-0.14553555730732698,1.6094379124341003,ckb1qrgqep8saj8agswr30pls73hra28ry8jlnlc3ejzh3dl2ju7xxpjxqgqq9fmlyjt4ydumr7u27ltfz3vjfj2s2hgmgwc8awk
scripts__unique_type_script_count,0.0,0.0,0.0,ckb1qrgqep8saj8agswr30pls73hra28ry8jlnlc3ejzh3dl2ju7xxpjxqgqq9fmlyjt4ydumr7u27ltfz3vjfj2s2hgmgwc8awk
capacity__capacity_repeat_ratio,0.7666666666666667,0.3768346587567018,0.7666666666666667,ckb1qrgqep8saj8agswr30pls73hra28ry8jlnlc3ejzh3dl2ju7xxpjxqgqq9fz7cfu5xla5nd3ay686gm2ajnzh89h8c48k7uz
capacity__target_consumed_capacity,512698311508.0,-0.1573491457422792,26.96295342239926,ckb1qrgqep8saj8agswr30pls73hra28ry8jlnlc3ejzh3dl2ju7xxpjxqgqq9fz7cfu5xla5nd3ay686gm2ajnzh89h8c48k7uz
capacity__target_net_capacity_delta,-28260.0,-0.21507247719505412,-10.249238041316636,ckb1qrgqep8saj8agswr30pls73hra28ry8jlnlc3ejzh3dl2ju7xxpjxqgqq9fz7cfu5xla5nd3ay686gm2ajnzh89h8c48k7uz
lineage__continuation_count,15.0,4.0,2.772588722239781,ckb1qrgqep8saj8agswr30pls73hra28ry8jlnlc3ejzh3dl2ju7xxpjxqgqq9fz7cfu5xla5nd3ay686gm2ajnzh89h8c48k7uz
lineage__lineage_depth,3.0,0.7095112913514542,1.3862943611198906,ckb1qrgqep8saj8agswr30pls73hra28ry8jlnlc3ejzh3dl2ju7xxpjxqgqq9fz7cfu5xla5nd3ay686gm2ajnzh89h8c48k7uz
lineage__lineage_repetition,1.0,1.027789217390062,1.0,ckb1qrgqep8saj8agswr30pls73hra28ry8jlnlc3ejzh3dl2ju7xxpjxqgqq9fz7cfu5xla5nd3ay686gm2ajnzh89h8c48k7uz
lineage__merge_count,30.0,1.552695972177032,3.4339872044851463,ckb1qrgqep8saj8agswr30pls73hra28ry8jlnlc3ejzh3dl2ju7xxpjxqgqq9fz7cfu5xla5nd3ay686gm2ajnzh89h8c48k7uz
scripts__type_family_count,0.0,-0.501218028601448,0.0,ckb1qrgqep8saj8agswr30pls73hra28ry8jlnlc3ejzh3dl2ju7xxpjxqgqq9fz7cfu5xla5nd3ay686gm2ajnzh89h8c48k7uz
scripts__unique_lock_script_count,2.0,-0.5532947556651122,1.0986122886681098,ckb1qrgqep8saj8agswr30pls73hra28ry8jlnlc3ejzh3dl2ju7xxpjxqgqq9fz7cfu5xla5nd3ay686gm2ajnzh89h8c48k7uz
scripts__unique_type_script_count,0.0,0.0,0.0,ckb1qrgqep8saj8agswr30pls73hra28ry8jlnlc3ejzh3dl2ju7xxpjxqgqq9fz7cfu5xla5nd3ay686gm2ajnzh89h8c48k7uz
capacity__capacity_repeat_ratio,0.75,0.33931710693988765,0.75,ckb1qrgqep8saj8agswr30pls73hra28ry8jlnlc3ejzh3dl2ju7xxpjxqgqq9m8eyncfhezf8s68djzwk5f9yjgwc6frqej2wsh
capacity__target_consumed_capacity,489200899247.0,-0.16411285181339538,26.916039078958885,ckb1qrgqep8saj8agswr30pls73hra28ry8jlnlc3ejzh3dl2ju7xxpjxqgqq9m8eyncfhezf8s68djzwk5f9yjgwc6frqej2wsh
capacity__target_net_capacity_delta,-3978.0,-0.1739338758648566,-8.288785810426928,ckb1qrgqep8saj8agswr30pls73hra28ry8jlnlc3ejzh3dl2ju7xxpjxqgqq9m8eyncfhezf8s68djzwk5f9yjgwc6frqej2wsh
lineage__continuation_count,2.0,1.5849625007211563,1.0986122886681098,ckb1qrgqep8saj8agswr30pls73hra28ry8jlnlc3ejzh3dl2ju7xxpjxqgqq9m8eyncfhezf8s68djzwk5f9yjgwc6frqej2wsh
lineage__lineage_depth,2.0,0.0,1.0986122886681098,ckb1qrgqep8saj8agswr30pls73hra28ry8jlnlc3ejzh3dl2ju7xxpjxqgqq9m8eyncfhezf8s68djzwk5f9yjgwc6frqej2wsh
lineage__lineage_repetition,1.0,1.027789217390062,1.0,ckb1qrgqep8saj8agswr30pls73hra28ry8jlnlc3ejzh3dl2ju7xxpjxqgqq9m8eyncfhezf8s68djzwk5f9yjgwc6frqej2wsh
lineage__merge_count,2.0,0.0,1.0986122886681098,ckb1qrgqep8saj8agswr30pls73hra28ry8jlnlc3ejzh3dl2ju7xxpjxqgqq9m8eyncfhezf8s68djzwk5f9yjgwc6frqej2wsh
scripts__type_family_count,0.0,-0.501218028601448,0.0,ckb1qrgqep8saj8agswr30pls73hra28ry8jlnlc3ejzh3dl2ju7xxpjxqgqq9m8eyncfhezf8s68djzwk5f9yjgwc6frqej2wsh
scripts__unique_lock_script_count,1.0,-0.8769514395748773,0.6931471805599453,ckb1qrgqep8saj8agswr30pls73hra28ry8jlnlc3ejzh3dl2ju7xxpjxqgqq9m8eyncfhezf8s68djzwk5f9yjgwc6frqej2wsh
scripts__unique_type_script_count,0.0,0.0,0.0,ckb1qrgqep8saj8agswr30pls73hra28ry8jlnlc3ejzh3dl2ju7xxpjxqgqq9m8eyncfhezf8s68djzwk5f9yjgwc6frqej2wsh
capacity__capacity_repeat_ratio,0.47619047619047616,-0.2770426729077715,0.47619047619047616,ckb1qrgqep8saj8agswr30pls73hra28ry8jlnlc3ejzh3dl2ju7xxpjxqgqq9xtegwt8nftvp2sjp83djfqela8e8uxdcxz9a3g
capacity__target_consumed_capacity,44860535526305.0,0.48733141014035036,31.43457958267352,ckb1qrgqep8saj8agswr30pls73hra28ry8jlnlc3ejzh3dl2ju7xxpjxqgqq9xtegwt8nftvp2sjp83djfqela8e8uxdcxz9a3g
capacity__target_net_capacity_delta,-30715400011744.0,-0.6516820707205215,-31.055785273794978,ckb1qrgqep8saj8agswr30pls73hra28ry8jlnlc3ejzh3dl2ju7xxpjxqgqq9xtegwt8nftvp2sjp83djfqela8e8uxdcxz9a3g
lineage__continuation_count,6.0,2.807354922057604,1.9459101490553132,ckb1qrgqep8saj8agswr30pls73hra28ry8jlnlc3ejzh3dl2ju7xxpjxqgqq9xtegwt8nftvp2sjp83djfqela8e8uxdcxz9a3g
lineage__lineage_depth,4.0,1.2598510045646625,1.6094379124341003,ckb1qrgqep8saj8agswr30pls73hra28ry8jlnlc3ejzh3dl2ju7xxpjxqgqq9xtegwt8nftvp2sjp83djfqela8e8uxdcxz9a3g
lineage__lineage_repetition,0.6666666666666666,0.3088930804218539,0.6666666666666666,ckb1qrgqep8saj8agswr30pls73hra28ry8jlnlc3ejzh3dl2ju7xxpjxqgqq9xtegwt8nftvp2sjp83djfqela8e8uxdcxz9a3g
lineage__merge_count,2.0,0.0,1.0986122886681098,ckb1qrgqep8saj8agswr30pls73hra28ry8jlnlc3ejzh3dl2ju7xxpjxqgqq9xtegwt8nftvp2sjp83djfqela8e8uxdcxz9a3g
scripts__type_family_count,1.0,1.9951397255009098,0.6931471805599453,ckb1qrgqep8saj8agswr30pls73hra28ry8jlnlc3ejzh3dl2ju7xxpjxqgqq9xtegwt8nftvp2sjp83djfqela8e8uxdcxz9a3g
scripts__unique_lock_script_count,4.0,-0.14553555730732698,1.6094379124341003,ckb1qrgqep8saj8agswr30pls73hra28ry8jlnlc3ejzh3dl2ju7xxpjxqgqq9xtegwt8nftvp2sjp83djfqela8e8uxdcxz9a3g
scripts__unique_type_script_count,1.0,1.0,0.6931471805599453,ckb1qrgqep8saj8agswr30pls73hra28ry8jlnlc3ejzh3dl2ju7xxpjxqgqq9xtegwt8nftvp2sjp83djfqela8e8uxdcxz9a3g
capacity__capacity_repeat_ratio,1.0,0.9020803841920981,1.0,ckb1qrgqep8saj8agswr30pls73hra28ry8jlnlc3ejzh3dl2ju7xxpjxqgqqx0f0kn59zeww42ufe72s3zp843zjtm70qknllc8
capacity__target_consumed_capacity,4449317700000.0,0.15417905248748134,29.123771874508616,ckb1qrgqep8saj8agswr30pls73hra28ry8jlnlc3ejzh3dl2ju7xxpjxqgqqx0f0kn59zeww42ufe72s3zp843zjtm70qknllc8
capacity__target_net_capacity_delta,0.0,0.0,0.0,ckb1qrgqep8saj8agswr30pls73hra28ry8jlnlc3ejzh3dl2ju7xxpjxqgqqx0f0kn59zeww42ufe72s3zp843zjtm70qknllc8
lineage__continuation_count,0.0,0.0,0.0,ckb1qrgqep8saj8agswr30pls73hra28ry8jlnlc3ejzh3dl2ju7xxpjxqgqqx0f0kn59zeww42ufe72s3zp843zjtm70qknllc8
lineage__lineage_depth,2.0,0.0,1.0986122886681098,ckb1qrgqep8saj8agswr30pls73hra28ry8jlnlc3ejzh3dl2ju7xxpjxqgqqx0f0kn59zeww42ufe72s3zp843zjtm70qknllc8
lineage__lineage_repetition,0.5,-0.05055498806225001,0.5,ckb1qrgqep8saj8agswr30pls73hra28ry8jlnlc3ejzh3dl2ju7xxpjxqgqqx0f0kn59zeww42ufe72s3zp843zjtm70qknllc8
lineage__merge_count,1.0,-0.26957728969081496,0.6931471805599453,ckb1qrgqep8saj8agswr30pls73hra28ry8jlnlc3ejzh3dl2ju7xxpjxqgqqx0f0kn59zeww42ufe72s3zp843zjtm70qknllc8
scripts__type_family_count,0.0,-0.501218028601448,0.0,ckb1qrgqep8saj8agswr30pls73hra28ry8jlnlc3ejzh3dl2ju7xxpjxqgqqx0f0kn59zeww42ufe72s3zp843zjtm70qknllc8
scripts__unique_lock_script_count,4.0,-0.14553555730732698,1.6094379124341003,ckb1qrgqep8saj8agswr30pls73hra28ry8jlnlc3ejzh3dl2ju7xxpjxqgqqx0f0kn59zeww42ufe72s3zp843zjtm70qknllc8
scripts__unique_type_script_count,0.0,0.0,0.0,ckb1qrgqep8saj8agswr30pls73hra28ry8jlnlc3ejzh3dl2ju7xxpjxqgqqx0f0kn59zeww42ufe72s3zp843zjtm70qknllc8
capacity__capacity_repeat_ratio,0.4,-0.448551481213207,0.4,ckb1qrgqep8saj8agswr30pls73hra28ry8jlnlc3ejzh3dl2ju7xxpjxqgqqx8ced038s4z2vxfkqu7jzdcqs7q6qhxjqxupv3g
capacity__target_consumed_capacity,310053986759740.0,0.7660418050035269,33.36776754908312,ckb1qrgqep8saj8agswr30pls73hra28ry8jlnlc3ejzh3dl2ju7xxpjxqgqqx8ced038s4z2vxfkqu7jzdcqs7q6qhxjqxupv3g
capacity__target_net_capacity_delta,-99865367230.0,-0.5314697252462961,-25.327088788131107,ckb1qrgqep8saj8agswr30pls73hra28ry8jlnlc3ejzh3dl2ju7xxpjxqgqqx8ced038s4z2vxfkqu7jzdcqs7q6qhxjqxupv3g
lineage__continuation_count,2.0,1.5849625007211563,1.0986122886681098,ckb1qrgqep8saj8agswr30pls73hra28ry8jlnlc3ejzh3dl2ju7xxpjxqgqqx8ced038s4z2vxfkqu7jzdcqs7q6qhxjqxupv3g
lineage__lineage_depth,2.0,0.0,1.0986122886681098,ckb1qrgqep8saj8agswr30pls73hra28ry8jlnlc3ejzh3dl2ju7xxpjxqgqqx8ced038s4z2vxfkqu7jzdcqs7q6qhxjqxupv3g
lineage__lineage_repetition,0.0,-1.128899193514562,0.0,ckb1qrgqep8saj8agswr30pls73hra28ry8jlnlc3ejzh3dl2ju7xxpjxqgqqx8ced038s4z2vxfkqu7jzdcqs7q6qhxjqxupv3g
lineage__merge_count,1.0,-0.26957728969081496,0.6931471805599453,ckb1qrgqep8saj8agswr30pls73hra28ry8jlnlc3ejzh3dl2ju7xxpjxqgqqx8ced038s4z2vxfkqu7jzdcqs7q6qhxjqxupv3g
scripts__type_family_count,0.0,-0.501218028601448,0.0,ckb1qrgqep8saj8agswr30pls73hra28ry8jlnlc3ejzh3dl2ju7xxpjxqgqqx8ced038s4z2vxfkqu7jzdcqs7q6qhxjqxupv3g
scripts__unique_lock_script_count,3.0,-0.3236566839097652,1.3862943611198906,ckb1qrgqep8saj8agswr30pls73hra28ry8jlnlc3ejzh3dl2ju7xxpjxqgqqx8ced038s4z2vxfkqu7jzdcqs7q6qhxjqxupv3g
scripts__unique_type_script_count,0.0,0.0,0.0,ckb1qrgqep8saj8agswr30pls73hra28ry8jlnlc3ejzh3dl2ju7xxpjxqgqqx8ced038s4z2vxfkqu7jzdcqs7q6qhxjqxupv3g
capacity__capacity_repeat_ratio,0.5,-0.22344617031232286,0.5,ckb1qrgqep8saj8agswr30pls73hra28ry8jlnlc3ejzh3dl2ju7xxpjxqgqqxamnrpernhha9nsyus0k6f8a6ays6t0cusm37pn
capacity__target_consumed_capacity,170697242006.0,-0.3159082792448302,25.863157309656703,ckb1qrgqep8saj8agswr30pls73hra28ry8jlnlc3ejzh3dl2ju7xxpjxqgqqxamnrpernhha9nsyus0k6f8a6ays6t0cusm37pn
capacity__target_net_capacity_delta,-1884.0,-0.15825649282152435,-7.541683099882111,ckb1qrgqep8saj8agswr30pls73hra28ry8jlnlc3ejzh3dl2ju7xxpjxqgqqxamnrpernhha9nsyus0k6f8a6ays6t0cusm37pn
lineage__continuation_count,1.0,1.0,0.6931471805599453,ckb1qrgqep8saj8agswr30pls73hra28ry8jlnlc3ejzh3dl2ju7xxpjxqgqqxamnrpernhha9nsyus0k6f8a6ays6t0cusm37pn
lineage__lineage_depth,1.0,-1.0,0.6931471805599453,ckb1qrgqep8saj8agswr30pls73hra28ry8jlnlc3ejzh3dl2ju7xxpjxqgqqxamnrpernhha9nsyus0k6f8a6ays6t0cusm37pn
lineage__lineage_repetition,0.0,-1.128899193514562,0.0,ckb1qrgqep8saj8agswr30pls73hra28ry8jlnlc3ejzh3dl2ju7xxpjxqgqqxamnrpernhha9nsyus0k6f8a6ays6t0cusm37pn
lineage__merge_count,1.0,-0.26957728969081496,0.6931471805599453,ckb1qrgqep8saj8agswr30pls73hra28ry8jlnlc3ejzh3dl2ju7xxpjxqgqqxamnrpernhha9nsyus0k6f8a6ays6t0cusm37pn
scripts__type_family_count,0.0,-0.501218028601448,0.0,ckb1qrgqep8saj8agswr30pls73hra28ry8jlnlc3ejzh3dl2ju7xxpjxqgqqxamnrpernhha9nsyus0k6f8a6ays6t0cusm37pn
scripts__unique_lock_script_count,1.0,-0.8769514395748773,0.6931471805599453,ckb1qrgqep8saj8agswr30pls73hra28ry8jlnlc3ejzh3dl2ju7xxpjxqgqqxamnrpernhha9nsyus0k6f8a6ays6t0cusm37pn
scripts__unique_type_script_count,0.0,0.0,0.0,ckb1qrgqep8saj8agswr30pls73hra28ry8jlnlc3ejzh3dl2ju7xxpjxqgqqxamnrpernhha9nsyus0k6f8a6ays6t0cusm37pn
capacity__capacity_repeat_ratio,0.0,-1.3489727248167438,0.0,ckb1qrgqep8saj8agswr30pls73hra28ry8jlnlc3ejzh3dl2ju7xxpjxqgqqxeawela8galsacxfd7d4xaymhy9jpmqeqyruqve
capacity__target_consumed_capacity,91999016636.0,-0.40502257344942927,25.245043725210067,ckb1qrgqep8saj8agswr30pls73hra28ry8jlnlc3ejzh3dl2ju7xxpjxqgqqxeawela8galsacxfd7d4xaymhy9jpmqeqyruqve
capacity__target_net_capacity_delta,-85699001882.0,-0.5282595189266572,-25.174107015842882,ckb1qrgqep8saj8agswr30pls73hra28ry8jlnlc3ejzh3dl2ju7xxpjxqgqqxeawela8galsacxfd7d4xaymhy9jpmqeqyruqve
lineage__continuation_count,1.0,1.0,0.6931471805599453,ckb1qrgqep8saj8agswr30pls73hra28ry8jlnlc3ejzh3dl2ju7xxpjxqgqqxeawela8galsacxfd7d4xaymhy9jpmqeqyruqve
lineage__lineage_depth,1.0,-1.0,0.6931471805599453,ckb1qrgqep8saj8agswr30pls73hra28ry8jlnlc3ejzh3dl2ju7xxpjxqgqqxeawela8galsacxfd7d4xaymhy9jpmqeqyruqve
lineage__lineage_repetition,0.0,-1.128899193514562,0.0,ckb1qrgqep8saj8agswr30pls73hra28ry8jlnlc3ejzh3dl2ju7xxpjxqgqqxeawela8galsacxfd7d4xaymhy9jpmqeqyruqve
lineage__merge_count,1.0,-0.26957728969081496,0.6931471805599453,ckb1qrgqep8saj8agswr30pls73hra28ry8jlnlc3ejzh3dl2ju7xxpjxqgqqxeawela8galsacxfd7d4xaymhy9jpmqeqyruqve
scripts__type_family_count,0.0,-0.501218028601448,0.0,ckb1qrgqep8saj8agswr30pls73hra28ry8jlnlc3ejzh3dl2ju7xxpjxqgqqxeawela8galsacxfd7d4xaymhy9jpmqeqyruqve
scripts__unique_lock_script_count,2.0,-0.5532947556651122,1.0986122886681098,ckb1qrgqep8saj8agswr30pls73hra28ry8jlnlc3ejzh3dl2ju7xxpjxqgqqxeawela8galsacxfd7d4xaymhy9jpmqeqyruqve
scripts__unique_type_script_count,0.0,0.0,0.0,ckb1qrgqep8saj8agswr30pls73hra28ry8jlnlc3ejzh3dl2ju7xxpjxqgqqxeawela8galsacxfd7d4xaymhy9jpmqeqyruqve
capacity__capacity_repeat_ratio,0.0,-1.3489727248167438,0.0,ckb1qrgqep8saj8agswr30pls73hra28ry8jlnlc3ejzh3dl2ju7xxpjxqgqqxmkl3lngrcklwa8grdc8ja6n4s40pu4sc0w0aln
capacity__target_consumed_capacity,2359824345259.0,0.06275080923793054,28.48960830222144,ckb1qrgqep8saj8agswr30pls73hra28ry8jlnlc3ejzh3dl2ju7xxpjxqgqqxmkl3lngrcklwa8grdc8ja6n4s40pu4sc0w0aln
capacity__target_net_capacity_delta,-2359824345259.0,-0.5978327956844309,-28.48960830222144,ckb1qrgqep8saj8agswr30pls73hra28ry8jlnlc3ejzh3dl2ju7xxpjxqgqqxmkl3lngrcklwa8grdc8ja6n4s40pu4sc0w0aln
lineage__continuation_count,0.0,0.0,0.0,ckb1qrgqep8saj8agswr30pls73hra28ry8jlnlc3ejzh3dl2ju7xxpjxqgqqxmkl3lngrcklwa8grdc8ja6n4s40pu4sc0w0aln
lineage__lineage_depth,1.0,-1.0,0.6931471805599453,ckb1qrgqep8saj8agswr30pls73hra28ry8jlnlc3ejzh3dl2ju7xxpjxqgqqxmkl3lngrcklwa8grdc8ja6n4s40pu4sc0w0aln
lineage__lineage_repetition,0.0,-1.128899193514562,0.0,ckb1qrgqep8saj8agswr30pls73hra28ry8jlnlc3ejzh3dl2ju7xxpjxqgqqxmkl3lngrcklwa8grdc8ja6n4s40pu4sc0w0aln
lineage__merge_count,1.0,-0.26957728969081496,0.6931471805599453,ckb1qrgqep8saj8agswr30pls73hra28ry8jlnlc3ejzh3dl2ju7xxpjxqgqqxmkl3lngrcklwa8grdc8ja6n4s40pu4sc0w0aln
scripts__type_family_count,0.0,-0.501218028601448,0.0,ckb1qrgqep8saj8agswr30pls73hra28ry8jlnlc3ejzh3dl2ju7xxpjxqgqqxmkl3lngrcklwa8grdc8ja6n4s40pu4sc0w0aln
scripts__unique_lock_script_count,2.0,-0.5532947556651122,1.0986122886681098,ckb1qrgqep8saj8agswr30pls73hra28ry8jlnlc3ejzh3dl2ju7xxpjxqgqqxmkl3lngrcklwa8grdc8ja6n4s40pu4sc0w0aln
scripts__unique_type_script_count,0.0,0.0,0.0,ckb1qrgqep8saj8agswr30pls73hra28ry8jlnlc3ejzh3dl2ju7xxpjxqgqqxmkl3lngrcklwa8grdc8ja6n4s40pu4sc0w0aln
capacity__capacity_repeat_ratio,0.9516129032258065,0.7931584595626382,0.9516129032258065,ckb1qrgqep8saj8agswr30pls73hra28ry8jlnlc3ejzh3dl2ju7xxpjxqgqqxvxkq3zapxvyv6qktfyhq84puycg59s2q0smpl6
capacity__target_consumed_capacity,967524660968.0,-0.06579262510341885,27.598006750899142,ckb1qrgqep8saj8agswr30pls73hra28ry8jlnlc3ejzh3dl2ju7xxpjxqgqqxvxkq3zapxvyv6qktfyhq84puycg59s2q0smpl6
capacity__target_net_capacity_delta,-58404.0,-0.23030533070899256,-10.975156781589796,ckb1qrgqep8saj8agswr30pls73hra28ry8jlnlc3ejzh3dl2ju7xxpjxqgqqxvxkq3zapxvyv6qktfyhq84puycg59s2q0smpl6
lineage__continuation_count,31.0,5.0,3.4657359027997265,ckb1qrgqep8saj8agswr30pls73hra28ry8jlnlc3ejzh3dl2ju7xxpjxqgqqxvxkq3zapxvyv6qktfyhq84puycg59s2q0smpl6
lineage__lineage_depth,11.0,3.4190225827029086,2.4849066497880004,ckb1qrgqep8saj8agswr30pls73hra28ry8jlnlc3ejzh3dl2ju7xxpjxqgqqxvxkq3zapxvyv6qktfyhq84puycg59s2q0smpl6
lineage__lineage_repetition,1.0,1.027789217390062,1.0,ckb1qrgqep8saj8agswr30pls73hra28ry8jlnlc3ejzh3dl2ju7xxpjxqgqqxvxkq3zapxvyv6qktfyhq84puycg59s2q0smpl6
lineage__merge_count,31.0,1.573804392782666,3.4657359027997265,ckb1qrgqep8saj8agswr30pls73hra28ry8jlnlc3ejzh3dl2ju7xxpjxqgqqxvxkq3zapxvyv6qktfyhq84puycg59s2q0smpl6
scripts__type_family_count,0.0,-0.501218028601448,0.0,ckb1qrgqep8saj8agswr30pls73hra28ry8jlnlc3ejzh3dl2ju7xxpjxqgqqxvxkq3zapxvyv6qktfyhq84puycg59s2q0smpl6
scripts__unique_lock_script_count,1.0,-0.8769514395748773,0.6931471805599453,ckb1qrgqep8saj8agswr30pls73hra28ry8jlnlc3ejzh3dl2ju7xxpjxqgqqxvxkq3zapxvyv6qktfyhq84puycg59s2q0smpl6
scripts__unique_type_script_count,0.0,0.0,0.0,ckb1qrgqep8saj8agswr30pls73hra28ry8jlnlc3ejzh3dl2ju7xxpjxqgqqxvxkq3zapxvyv6qktfyhq84puycg59s2q0smpl6
capacity__capacity_repeat_ratio,0.8888888888888888,0.6519633720800045,0.8888888888888888,ckb1qrgqep8saj8agswr30pls73hra28ry8jlnlc3ejzh3dl2ju7xxpjxqgqqy5z928yw33t5enjqglmeq7w23dk99q7qvm3yvlr
capacity__target_consumed_capacity,574299750210.0,-0.1409908994519256,27.076417309871417,ckb1qrgqep8saj8agswr30pls73hra28ry8jlnlc3ejzh3dl2ju7xxpjxqgqqy5z928yw33t5enjqglmeq7w23dk99q7qvm3yvlr
capacity__target_net_capacity_delta,89899865790.0,0.5292637254210234,25.221962285553015,ckb1qrgqep8saj8agswr30pls73hra28ry8jlnlc3ejzh3dl2ju7xxpjxqgqqy5z928yw33t5enjqglmeq7w23dk99q7qvm3yvlr
lineage__continuation_count,7.0,3.0,2.0794415416798357,ckb1qrgqep8saj8agswr30pls73hra28ry8jlnlc3ejzh3dl2ju7xxpjxqgqqy5z928yw33t5enjqglmeq7w23dk99q7qvm3yvlr
lineage__lineage_depth,8.0,2.709511291351454,2.1972245773362196,ckb1qrgqep8saj8agswr30pls73hra28ry8jlnlc3ejzh3dl2ju7xxpjxqgqqy5z928yw33t5enjqglmeq7w23dk99q7qvm3yvlr
lineage__lineage_repetition,0.9333333333333333,0.8840099899964206,0.9333333333333333,ckb1qrgqep8saj8agswr30pls73hra28ry8jlnlc3ejzh3dl2ju7xxpjxqgqqy5z928yw33t5enjqglmeq7w23dk99q7qvm3yvlr
lineage__merge_count,3.0,0.1912681309275552,1.3862943611198906,ckb1qrgqep8saj8agswr30pls73hra28ry8jlnlc3ejzh3dl2ju7xxpjxqgqqy5z928yw33t5enjqglmeq7w23dk99q7qvm3yvlr
scripts__type_family_count,0.0,-0.501218028601448,0.0,ckb1qrgqep8saj8agswr30pls73hra28ry8jlnlc3ejzh3dl2ju7xxpjxqgqqy5z928yw33t5enjqglmeq7w23dk99q7qvm3yvlr
scripts__unique_lock_script_count,8.0,0.3236566839097654,2.1972245773362196,ckb1qrgqep8saj8agswr30pls73hra28ry8jlnlc3ejzh3dl2ju7xxpjxqgqqy5z928yw33t5enjqglmeq7w23dk99q7qvm3yvlr
scripts__unique_type_script_count,0.0,0.0,0.0,ckb1qrgqep8saj8agswr30pls73hra28ry8jlnlc3ejzh3dl2ju7xxpjxqgqqy5z928yw33t5enjqglmeq7w23dk99q7qvm3yvlr
capacity__capacity_repeat_ratio,0.8,0.4518697623903299,0.8,ckb1qrgqep8saj8agswr30pls73hra28ry8jlnlc3ejzh3dl2ju7xxpjxqgqqydhfg585sfcxu5gpaqs5sme8rn30c5yagaawuq2
capacity__target_consumed_capacity,681998029856.0,-0.11621139922370556,27.248292606012974,ckb1qrgqep8saj8agswr30pls73hra28ry8jlnlc3ejzh3dl2ju7xxpjxqgqqydhfg585sfcxu5gpaqs5sme8rn30c5yagaawuq2
capacity__target_net_capacity_delta,-28260.0,-0.21507247719505412,-10.249238041316636,ckb1qrgqep8saj8agswr30pls73hra28ry8jlnlc3ejzh3dl2ju7xxpjxqgqqydhfg585sfcxu5gpaqs5sme8rn30c5yagaawuq2
lineage__continuation_count,15.0,4.0,2.772588722239781,ckb1qrgqep8saj8agswr30pls73hra28ry8jlnlc3ejzh3dl2ju7xxpjxqgqqydhfg585sfcxu5gpaqs5sme8rn30c5yagaawuq2
lineage__lineage_depth,3.0,0.7095112913514542,1.3862943611198906,ckb1qrgqep8saj8agswr30pls73hra28ry8jlnlc3ejzh3dl2ju7xxpjxqgqqydhfg585sfcxu5gpaqs5sme8rn30c5yagaawuq2
lineage__lineage_repetition,1.0,1.027789217390062,1.0,ckb1qrgqep8saj8agswr30pls73hra28ry8jlnlc3ejzh3dl2ju7xxpjxqgqqydhfg585sfcxu5gpaqs5sme8rn30c5yagaawuq2
lineage__merge_count,30.0,1.552695972177032,3.4339872044851463,ckb1qrgqep8saj8agswr30pls73hra28ry8jlnlc3ejzh3dl2ju7xxpjxqgqqydhfg585sfcxu5gpaqs5sme8rn30c5yagaawuq2
scripts__type_family_count,0.0,-0.501218028601448,0.0,ckb1qrgqep8saj8agswr30pls73hra28ry8jlnlc3ejzh3dl2ju7xxpjxqgqqydhfg585sfcxu5gpaqs5sme8rn30c5yagaawuq2
scripts__unique_lock_script_count,2.0,-0.5532947556651122,1.0986122886681098,ckb1qrgqep8saj8agswr30pls73hra28ry8jlnlc3ejzh3dl2ju7xxpjxqgqqydhfg585sfcxu5gpaqs5sme8rn30c5yagaawuq2
scripts__unique_type_script_count,0.0,0.0,0.0,ckb1qrgqep8saj8agswr30pls73hra28ry8jlnlc3ejzh3dl2ju7xxpjxqgqqydhfg585sfcxu5gpaqs5sme8rn30c5yagaawuq2
capacity__capacity_repeat_ratio,0.6666666666666666,0.1517293478558174,0.6666666666666666,ckb1qrgqep8saj8agswr30pls73hra28ry8jlnlc3ejzh3dl2ju7xxpjxqgqqygpfd4a3nnel8tg9ntkwayy9hx537qf4yyyg3v0
capacity__target_consumed_capacity,69269691344.0,-0.4459341508776548,24.961273293145965,ckb1qrgqep8saj8agswr30pls73hra28ry8jlnlc3ejzh3dl2ju7xxpjxqgqqygpfd4a3nnel8tg9ntkwayy9hx537qf4yyyg3v0
capacity__target_net_capacity_delta,54269687283.0,0.5186723365862084,24.717231662779216,ckb1qrgqep8saj8agswr30pls73hra28ry8jlnlc3ejzh3dl2ju7xxpjxqgqqygpfd4a3nnel8tg9ntkwayy9hx537qf4yyyg3v0
lineage__continuation_count,2.0,1.5849625007211563,1.0986122886681098,ckb1qrgqep8saj8agswr30pls73hra28ry8jlnlc3ejzh3dl2ju7xxpjxqgqqygpfd4a3nnel8tg9ntkwayy9hx537qf4yyyg3v0
lineage__lineage_depth,2.0,0.0,1.0986122886681098,ckb1qrgqep8saj8agswr30pls73hra28ry8jlnlc3ejzh3dl2ju7xxpjxqgqqygpfd4a3nnel8tg9ntkwayy9hx537qf4yyyg3v0
lineage__lineage_repetition,0.0,-1.128899193514562,0.0,ckb1qrgqep8saj8agswr30pls73hra28ry8jlnlc3ejzh3dl2ju7xxpjxqgqqygpfd4a3nnel8tg9ntkwayy9hx537qf4yyyg3v0
lineage__merge_count,1.0,-0.26957728969081496,0.6931471805599453,ckb1qrgqep8saj8agswr30pls73hra28ry8jlnlc3ejzh3dl2ju7xxpjxqgqqygpfd4a3nnel8tg9ntkwayy9hx537qf4yyyg3v0
scripts__type_family_count,0.0,-0.501218028601448,0.0,ckb1qrgqep8saj8agswr30pls73hra28ry8jlnlc3ejzh3dl2ju7xxpjxqgqqygpfd4a3nnel8tg9ntkwayy9hx537qf4yyyg3v0
scripts__unique_lock_script_count,5.0,0.0,1.791759469228055,ckb1qrgqep8saj8agswr30pls73hra28ry8jlnlc3ejzh3dl2ju7xxpjxqgqqygpfd4a3nnel8tg9ntkwayy9hx537qf4yyyg3v0
scripts__unique_type_script_count,2.0,1.5849625007211563,1.0986122886681098,ckb1qrgqep8saj8agswr30pls73hra28ry8jlnlc3ejzh3dl2ju7xxpjxqgqqygpfd4a3nnel8tg9ntkwayy9hx537qf4yyyg3v0
capacity__capacity_repeat_ratio,0.9333333333333333,0.7520101769248421,0.9333333333333333,ckb1qrgqep8saj8agswr30pls73hra28ry8jlnlc3ejzh3dl2ju7xxpjxqgqqyjw0y2p7ahcysl4qhq97x60svqn29492qpkvy2s
capacity__target_consumed_capacity,2633624438114357.0,1.0744777294265864,35.50713740572515,ckb1qrgqep8saj8agswr30pls73hra28ry8jlnlc3ejzh3dl2ju7xxpjxqgqqyjw0y2p7ahcysl4qhq97x60svqn29492qpkvy2s
capacity__target_net_capacity_delta,1616992090372.0,0.589900343596312,28.111588804967337,ckb1qrgqep8saj8agswr30pls73hra28ry8jlnlc3ejzh3dl2ju7xxpjxqgqqyjw0y2p7ahcysl4qhq97x60svqn29492qpkvy2s
lineage__continuation_count,18.0,4.247927513443585,2.9444389791664403,ckb1qrgqep8saj8agswr30pls73hra28ry8jlnlc3ejzh3dl2ju7xxpjxqgqqyjw0y2p7ahcysl4qhq97x60svqn29492qpkvy2s
lineage__lineage_depth,27.0,5.508716229440011,3.332204510175204,ckb1qrgqep8saj8agswr30pls73hra28ry8jlnlc3ejzh3dl2ju7xxpjxqgqqyjw0y2p7ahcysl4qhq97x60svqn29492qpkvy2s
lineage__lineage_repetition,1.0,1.027789217390062,1.0,ckb1qrgqep8saj8agswr30pls73hra28ry8jlnlc3ejzh3dl2ju7xxpjxqgqqyjw0y2p7ahcysl4qhq97x60svqn29492qpkvy2s
lineage__merge_count,18.0,1.2272152313800713,2.9444389791664403,ckb1qrgqep8saj8agswr30pls73hra28ry8jlnlc3ejzh3dl2ju7xxpjxqgqqyjw0y2p7ahcysl4qhq97x60svqn29492qpkvy2s
scripts__type_family_count,1.0,1.9951397255009098,0.6931471805599453,ckb1qrgqep8saj8agswr30pls73hra28ry8jlnlc3ejzh3dl2ju7xxpjxqgqqyjw0y2p7ahcysl4qhq97x60svqn29492qpkvy2s
scripts__unique_lock_script_count,1.0,-0.8769514395748773,0.6931471805599453,ckb1qrgqep8saj8agswr30pls73hra28ry8jlnlc3ejzh3dl2ju7xxpjxqgqqyjw0y2p7ahcysl4qhq97x60svqn29492qpkvy2s
scripts__unique_type_script_count,1.0,1.0,0.6931471805599453,ckb1qrgqep8saj8agswr30pls73hra28ry8jlnlc3ejzh3dl2ju7xxpjxqgqqyjw0y2p7ahcysl4qhq97x60svqn29492qpkvy2s
capacity__capacity_repeat_ratio,0.9354838709677419,0.7568511513528179,0.9354838709677419,ckb1qrgqep8saj8agswr30pls73hra28ry8jlnlc3ejzh3dl2ju7xxpjxqgqqyknjsdgjmz9a475mzuledqlm82yujj4vu8xllec
capacity__target_consumed_capacity,34221387693308.0,0.44830311258415684,31.163871935683442,ckb1qrgqep8saj8agswr30pls73hra28ry8jlnlc3ejzh3dl2ju7xxpjxqgqqyknjsdgjmz9a475mzuledqlm82yujj4vu8xllec
capacity__target_net_capacity_delta,-366064267882.0,-0.5587279592327112,-26.626074750241468,ckb1qrgqep8saj8agswr30pls73hra28ry8jlnlc3ejzh3dl2ju7xxpjxqgqqyknjsdgjmz9a475mzuledqlm82yujj4vu8xllec
lineage__continuation_count,9.0,3.3219280948873626,2.302585092994046,ckb1qrgqep8saj8agswr30pls73hra28ry8jlnlc3ejzh3dl2ju7xxpjxqgqqyknjsdgjmz9a475mzuledqlm82yujj4vu8xllec
lineage__lineage_depth,12.0,3.616432189776136,2.5649493574615367,ckb1qrgqep8saj8agswr30pls73hra28ry8jlnlc3ejzh3dl2ju7xxpjxqgqqyknjsdgjmz9a475mzuledqlm82yujj4vu8xllec
lineage__lineage_repetition,0.7777777777777778,0.5485251260779234,0.7777777777777778,ckb1qrgqep8saj8agswr30pls73hra28ry8jlnlc3ejzh3dl2ju7xxpjxqgqqyknjsdgjmz9a475mzuledqlm82yujj4vu8xllec
lineage__merge_count,18.0,1.2272152313800713,2.9444389791664403,ckb1qrgqep8saj8agswr30pls73hra28ry8jlnlc3ejzh3dl2ju7xxpjxqgqqyknjsdgjmz9a475mzuledqlm82yujj4vu8xllec
scripts__type_family_count,1.0,1.9951397255009098,0.6931471805599453,ckb1qrgqep8saj8agswr30pls73hra28ry8jlnlc3ejzh3dl2ju7xxpjxqgqqyknjsdgjmz9a475mzuledqlm82yujj4vu8xllec
scripts__unique_lock_script_count,13.0,0.6763433160902348,2.6390573296152584,ckb1qrgqep8saj8agswr30pls73hra28ry8jlnlc3ejzh3dl2ju7xxpjxqgqqyknjsdgjmz9a475mzuledqlm82yujj4vu8xllec
scripts__unique_type_script_count,2.0,1.5849625007211563,1.0986122886681098,ckb1qrgqep8saj8agswr30pls73hra28ry8jlnlc3ejzh3dl2ju7xxpjxqgqqyknjsdgjmz9a475mzuledqlm82yujj4vu8xllec
capacity__capacity_repeat_ratio,0.9333333333333333,0.7520101769248421,0.9333333333333333,ckb1qrgqep8saj8agswr30pls73hra28ry8jlnlc3ejzh3dl2ju7xxpjxqgqqym5d4n465eu93tdcz5sycepdkatjahp9uwdcpfy
capacity__target_consumed_capacity,263494744812.0,-0.2533174309813623,26.297299260945266,ckb1qrgqep8saj8agswr30pls73hra28ry8jlnlc3ejzh3dl2ju7xxpjxqgqqym5d4n465eu93tdcz5sycepdkatjahp9uwdcpfy
capacity__target_net_capacity_delta,-28260.0,-0.21507247719505412,-10.249238041316636,ckb1qrgqep8saj8agswr30pls73hra28ry8jlnlc3ejzh3dl2ju7xxpjxqgqqym5d4n465eu93tdcz5sycepdkatjahp9uwdcpfy
lineage__continuation_count,15.0,4.0,2.772588722239781,ckb1qrgqep8saj8agswr30pls73hra28ry8jlnlc3ejzh3dl2ju7xxpjxqgqqym5d4n465eu93tdcz5sycepdkatjahp9uwdcpfy
lineage__lineage_depth,8.0,2.709511291351454,2.1972245773362196,ckb1qrgqep8saj8agswr30pls73hra28ry8jlnlc3ejzh3dl2ju7xxpjxqgqqym5d4n465eu93tdcz5sycepdkatjahp9uwdcpfy
lineage__lineage_repetition,1.0,1.027789217390062,1.0,ckb1qrgqep8saj8agswr30pls73hra28ry8jlnlc3ejzh3dl2ju7xxpjxqgqqym5d4n465eu93tdcz5sycepdkatjahp9uwdcpfy
lineage__merge_count,30.0,1.552695972177032,3.4339872044851463,ckb1qrgqep8saj8agswr30pls73hra28ry8jlnlc3ejzh3dl2ju7xxpjxqgqqym5d4n465eu93tdcz5sycepdkatjahp9uwdcpfy
scripts__type_family_count,0.0,-0.501218028601448,0.0,ckb1qrgqep8saj8agswr30pls73hra28ry8jlnlc3ejzh3dl2ju7xxpjxqgqqym5d4n465eu93tdcz5sycepdkatjahp9uwdcpfy
scripts__unique_lock_script_count,2.0,-0.5532947556651122,1.0986122886681098,ckb1qrgqep8saj8agswr30pls73hra28ry8jlnlc3ejzh3dl2ju7xxpjxqgqqym5d4n465eu93tdcz5sycepdkatjahp9uwdcpfy
scripts__unique_type_script_count,0.0,0.0,0.0,ckb1qrgqep8saj8agswr30pls73hra28ry8jlnlc3ejzh3dl2ju7xxpjxqgqqym5d4n465eu93tdcz5sycepdkatjahp9uwdcpfy
capacity__capacity_repeat_ratio,0.9333333333333333,0.7520101769248421,0.9333333333333333,ckb1qrgqep8saj8agswr30pls73hra28ry8jlnlc3ejzh3dl2ju7xxpjxqgqqymvu6d289ggsyudpamr4g6ayz62gpp34qzy30vs
capacity__target_consumed_capacity,131317123845.0,-0.35372101522424665,25.600881027466666,ckb1qrgqep8saj8agswr30pls73hra28ry8jlnlc3ejzh3dl2ju7xxpjxqgqqymvu6d289ggsyudpamr4g6ayz62gpp34qzy30vs
capacity__target_net_capacity_delta,-51630.0,-0.22771840957202638,-10.851877546270282,ckb1qrgqep8saj8agswr30pls73hra28ry8jlnlc3ejzh3dl2ju7xxpjxqgqqymvu6d289ggsyudpamr4g6ayz62gpp34qzy30vs
lineage__continuation_count,0.0,0.0,0.0,ckb1qrgqep8saj8agswr30pls73hra28ry8jlnlc3ejzh3dl2ju7xxpjxqgqqymvu6d289ggsyudpamr4g6ayz62gpp34qzy30vs
lineage__lineage_depth,30.0,5.759743240826623,3.4339872044851463,ckb1qrgqep8saj8agswr30pls73hra28ry8jlnlc3ejzh3dl2ju7xxpjxqgqqymvu6d289ggsyudpamr4g6ayz62gpp34qzy30vs
lineage__lineage_repetition,1.0,1.027789217390062,1.0,ckb1qrgqep8saj8agswr30pls73hra28ry8jlnlc3ejzh3dl2ju7xxpjxqgqqymvu6d289ggsyudpamr4g6ayz62gpp34qzy30vs
lineage__merge_count,0.0,-0.7304227103091852,0.0,ckb1qrgqep8saj8agswr30pls73hra28ry8jlnlc3ejzh3dl2ju7xxpjxqgqqymvu6d289ggsyudpamr4g6ayz62gpp34qzy30vs
scripts__type_family_count,0.0,-0.501218028601448,0.0,ckb1qrgqep8saj8agswr30pls73hra28ry8jlnlc3ejzh3dl2ju7xxpjxqgqqymvu6d289ggsyudpamr4g6ayz62gpp34qzy30vs
scripts__unique_lock_script_count,2.0,-0.5532947556651122,1.0986122886681098,ckb1qrgqep8saj8agswr30pls73hra28ry8jlnlc3ejzh3dl2ju7xxpjxqgqqymvu6d289ggsyudpamr4g6ayz62gpp34qzy30vs
scripts__unique_type_script_count,0.0,0.0,0.0,ckb1qrgqep8saj8agswr30pls73hra28ry8jlnlc3ejzh3dl2ju7xxpjxqgqqymvu6d289ggsyudpamr4g6ayz62gpp34qzy30vs
capacity__capacity_repeat_ratio,0.9090909090909091,0.6974391924640215,0.9090909090909091,ckb1qrgqep8saj8agswr30pls73hra28ry8jlnlc3ejzh3dl2ju7xxpjxqgqqytevmf523qgwexunz0pf59ysl6dvxvvusuft43p
capacity__target_consumed_capacity,585153011995304.0,0.8576089381478255,34.002894487926156,ckb1qrgqep8saj8agswr30pls73hra28ry8jlnlc3ejzh3dl2ju7xxpjxqgqqytevmf523qgwexunz0pf59ysl6dvxvvusuft43p
capacity__target_net_capacity_delta,-47048780516574.0,-0.6606301871596642,-31.482206062741465,ckb1qrgqep8saj8agswr30pls73hra28ry8jlnlc3ejzh3dl2ju7xxpjxqgqqytevmf523qgwexunz0pf59ysl6dvxvvusuft43p
lineage__continuation_count,9.0,3.3219280948873626,2.302585092994046,ckb1qrgqep8saj8agswr30pls73hra28ry8jlnlc3ejzh3dl2ju7xxpjxqgqqytevmf523qgwexunz0pf59ysl6dvxvvusuft43p
lineage__lineage_depth,8.0,2.709511291351454,2.1972245773362196,ckb1qrgqep8saj8agswr30pls73hra28ry8jlnlc3ejzh3dl2ju7xxpjxqgqqytevmf523qgwexunz0pf59ysl6dvxvvusuft43p
lineage__lineage_repetition,0.8181818181818182,0.6356640517710396,0.8181818181818182,ckb1qrgqep8saj8agswr30pls73hra28ry8jlnlc3ejzh3dl2ju7xxpjxqgqqytevmf523qgwexunz0pf59ysl6dvxvvusuft43p
lineage__merge_count,3.0,0.1912681309275552,1.3862943611198906,ckb1qrgqep8saj8agswr30pls73hra28ry8jlnlc3ejzh3dl2ju7xxpjxqgqqytevmf523qgwexunz0pf59ysl6dvxvvusuft43p
scripts__type_family_count,0.0,-0.501218028601448,0.0,ckb1qrgqep8saj8agswr30pls73hra28ry8jlnlc3ejzh3dl2ju7xxpjxqgqqytevmf523qgwexunz0pf59ysl6dvxvvusuft43p
scripts__unique_lock_script_count,12.0,0.6171876944623629,2.5649493574615367,ckb1qrgqep8saj8agswr30pls73hra28ry8jlnlc3ejzh3dl2ju7xxpjxqgqqytevmf523qgwexunz0pf59ysl6dvxvvusuft43p
scripts__unique_type_script_count,0.0,0.0,0.0,ckb1qrgqep8saj8agswr30pls73hra28ry8jlnlc3ejzh3dl2ju7xxpjxqgqqytevmf523qgwexunz0pf59ysl6dvxvvusuft43p
capacity__capacity_repeat_ratio,1.0,0.9020803841920981,1.0,ckb1qrj9k8u0yxllyvfhqddr4d636adnd2vpmmkru7pqr99ecppfvl60zq2jdhmvxjtkj8fx84gevn93j5eyc2xtgmg63glfg
capacity__target_consumed_capacity,75000000000.0,-0.43447531408633644,25.040753950496054,ckb1qrj9k8u0yxllyvfhqddr4d636adnd2vpmmkru7pqr99ecppfvl60zq2jdhmvxjtkj8fx84gevn93j5eyc2xtgmg63glfg
capacity__target_net_capacity_delta,0.0,0.0,0.0,ckb1qrj9k8u0yxllyvfhqddr4d636adnd2vpmmkru7pqr99ecppfvl60zq2jdhmvxjtkj8fx84gevn93j5eyc2xtgmg63glfg
lineage__continuation_count,0.0,0.0,0.0,ckb1qrj9k8u0yxllyvfhqddr4d636adnd2vpmmkru7pqr99ecppfvl60zq2jdhmvxjtkj8fx84gevn93j5eyc2xtgmg63glfg
lineage__lineage_depth,2.0,0.0,1.0986122886681098,ckb1qrj9k8u0yxllyvfhqddr4d636adnd2vpmmkru7pqr99ecppfvl60zq2jdhmvxjtkj8fx84gevn93j5eyc2xtgmg63glfg
lineage__lineage_repetition,0.0,-1.128899193514562,0.0,ckb1qrj9k8u0yxllyvfhqddr4d636adnd2vpmmkru7pqr99ecppfvl60zq2jdhmvxjtkj8fx84gevn93j5eyc2xtgmg63glfg
lineage__merge_count,1.0,-0.26957728969081496,0.6931471805599453,ckb1qrj9k8u0yxllyvfhqddr4d636adnd2vpmmkru7pqr99ecppfvl60zq2jdhmvxjtkj8fx84gevn93j5eyc2xtgmg63glfg
scripts__type_family_count,0.0,-0.501218028601448,0.0,ckb1qrj9k8u0yxllyvfhqddr4d636adnd2vpmmkru7pqr99ecppfvl60zq2jdhmvxjtkj8fx84gevn93j5eyc2xtgmg63glfg
scripts__unique_lock_script_count,3.0,-0.3236566839097652,1.3862943611198906,ckb1qrj9k8u0yxllyvfhqddr4d636adnd2vpmmkru7pqr99ecppfvl60zq2jdhmvxjtkj8fx84gevn93j5eyc2xtgmg63glfg
scripts__unique_type_script_count,0.0,0.0,0.0,ckb1qrj9k8u0yxllyvfhqddr4d636adnd2vpmmkru7pqr99ecppfvl60zq2jdhmvxjtkj8fx84gevn93j5eyc2xtgmg63glfg
capacity__capacity_repeat_ratio,1.0,0.9020803841920981,1.0,ckb1qrj9k8u0yxllyvfhqddr4d636adnd2vpmmkru7pqr99ecppfvl60zqfd4pj6za0jzhxvsk960aw4ylu48hmrtjq8ec8zj
capacity__target_consumed_capacity,75000000000.0,-0.43447531408633644,25.040753950496054,ckb1qrj9k8u0yxllyvfhqddr4d636adnd2vpmmkru7pqr99ecppfvl60zqfd4pj6za0jzhxvsk960aw4ylu48hmrtjq8ec8zj
capacity__target_net_capacity_delta,0.0,0.0,0.0,ckb1qrj9k8u0yxllyvfhqddr4d636adnd2vpmmkru7pqr99ecppfvl60zqfd4pj6za0jzhxvsk960aw4ylu48hmrtjq8ec8zj
lineage__continuation_count,0.0,0.0,0.0,ckb1qrj9k8u0yxllyvfhqddr4d636adnd2vpmmkru7pqr99ecppfvl60zqfd4pj6za0jzhxvsk960aw4ylu48hmrtjq8ec8zj
lineage__lineage_depth,2.0,0.0,1.0986122886681098,ckb1qrj9k8u0yxllyvfhqddr4d636adnd2vpmmkru7pqr99ecppfvl60zqfd4pj6za0jzhxvsk960aw4ylu48hmrtjq8ec8zj
lineage__lineage_repetition,0.0,-1.128899193514562,0.0,ckb1qrj9k8u0yxllyvfhqddr4d636adnd2vpmmkru7pqr99ecppfvl60zqfd4pj6za0jzhxvsk960aw4ylu48hmrtjq8ec8zj
lineage__merge_count,1.0,-0.26957728969081496,0.6931471805599453,ckb1qrj9k8u0yxllyvfhqddr4d636adnd2vpmmkru7pqr99ecppfvl60zqfd4pj6za0jzhxvsk960aw4ylu48hmrtjq8ec8zj
scripts__type_family_count,0.0,-0.501218028601448,0.0,ckb1qrj9k8u0yxllyvfhqddr4d636adnd2vpmmkru7pqr99ecppfvl60zqfd4pj6za0jzhxvsk960aw4ylu48hmrtjq8ec8zj
scripts__unique_lock_script_count,3.0,-0.3236566839097652,1.3862943611198906,ckb1qrj9k8u0yxllyvfhqddr4d636adnd2vpmmkru7pqr99ecppfvl60zqfd4pj6za0jzhxvsk960aw4ylu48hmrtjq8ec8zj
scripts__unique_type_script_count,0.0,0.0,0.0,ckb1qrj9k8u0yxllyvfhqddr4d636adnd2vpmmkru7pqr99ecppfvl60zqfd4pj6za0jzhxvsk960aw4ylu48hmrtjq8ec8zj
capacity__capacity_repeat_ratio,1.0,0.9020803841920981,1.0,ckb1qrj9k8u0yxllyvfhqddr4d636adnd2vpmmkru7pqr99ecppfvl60zqfuh3ru2j5lmm6cl4tt7dqme28545t9yzsyhsyzg
capacity__target_consumed_capacity,75000000000.0,-0.43447531408633644,25.040753950496054,ckb1qrj9k8u0yxllyvfhqddr4d636adnd2vpmmkru7pqr99ecppfvl60zqfuh3ru2j5lmm6cl4tt7dqme28545t9yzsyhsyzg
capacity__target_net_capacity_delta,0.0,0.0,0.0,ckb1qrj9k8u0yxllyvfhqddr4d636adnd2vpmmkru7pqr99ecppfvl60zqfuh3ru2j5lmm6cl4tt7dqme28545t9yzsyhsyzg
lineage__continuation_count,0.0,0.0,0.0,ckb1qrj9k8u0yxllyvfhqddr4d636adnd2vpmmkru7pqr99ecppfvl60zqfuh3ru2j5lmm6cl4tt7dqme28545t9yzsyhsyzg
lineage__lineage_depth,2.0,0.0,1.0986122886681098,ckb1qrj9k8u0yxllyvfhqddr4d636adnd2vpmmkru7pqr99ecppfvl60zqfuh3ru2j5lmm6cl4tt7dqme28545t9yzsyhsyzg
lineage__lineage_repetition,0.0,-1.128899193514562,0.0,ckb1qrj9k8u0yxllyvfhqddr4d636adnd2vpmmkru7pqr99ecppfvl60zqfuh3ru2j5lmm6cl4tt7dqme28545t9yzsyhsyzg
lineage__merge_count,1.0,-0.26957728969081496,0.6931471805599453,ckb1qrj9k8u0yxllyvfhqddr4d636adnd2vpmmkru7pqr99ecppfvl60zqfuh3ru2j5lmm6cl4tt7dqme28545t9yzsyhsyzg
scripts__type_family_count,0.0,-0.501218028601448,0.0,ckb1qrj9k8u0yxllyvfhqddr4d636adnd2vpmmkru7pqr99ecppfvl60zqfuh3ru2j5lmm6cl4tt7dqme28545t9yzsyhsyzg
scripts__unique_lock_script_count,3.0,-0.3236566839097652,1.3862943611198906,ckb1qrj9k8u0yxllyvfhqddr4d636adnd2vpmmkru7pqr99ecppfvl60zqfuh3ru2j5lmm6cl4tt7dqme28545t9yzsyhsyzg
scripts__unique_type_script_count,0.0,0.0,0.0,ckb1qrj9k8u0yxllyvfhqddr4d636adnd2vpmmkru7pqr99ecppfvl60zqfuh3ru2j5lmm6cl4tt7dqme28545t9yzsyhsyzg
capacity__capacity_repeat_ratio,1.0,0.9020803841920981,1.0,ckb1qrj9k8u0yxllyvfhqddr4d636adnd2vpmmkru7pqr99ecppfvl60zqgjydsp6tgswnf7rg5u2j2v20cvcm55dygutu3en
capacity__target_consumed_capacity,75000000000.0,-0.43447531408633644,25.040753950496054,ckb1qrj9k8u0yxllyvfhqddr4d636adnd2vpmmkru7pqr99ecppfvl60zqgjydsp6tgswnf7rg5u2j2v20cvcm55dygutu3en
capacity__target_net_capacity_delta,0.0,0.0,0.0,ckb1qrj9k8u0yxllyvfhqddr4d636adnd2vpmmkru7pqr99ecppfvl60zqgjydsp6tgswnf7rg5u2j2v20cvcm55dygutu3en
lineage__continuation_count,0.0,0.0,0.0,ckb1qrj9k8u0yxllyvfhqddr4d636adnd2vpmmkru7pqr99ecppfvl60zqgjydsp6tgswnf7rg5u2j2v20cvcm55dygutu3en
lineage__lineage_depth,2.0,0.0,1.0986122886681098,ckb1qrj9k8u0yxllyvfhqddr4d636adnd2vpmmkru7pqr99ecppfvl60zqgjydsp6tgswnf7rg5u2j2v20cvcm55dygutu3en
lineage__lineage_repetition,0.0,-1.128899193514562,0.0,ckb1qrj9k8u0yxllyvfhqddr4d636adnd2vpmmkru7pqr99ecppfvl60zqgjydsp6tgswnf7rg5u2j2v20cvcm55dygutu3en
lineage__merge_count,1.0,-0.26957728969081496,0.6931471805599453,ckb1qrj9k8u0yxllyvfhqddr4d636adnd2vpmmkru7pqr99ecppfvl60zqgjydsp6tgswnf7rg5u2j2v20cvcm55dygutu3en
scripts__type_family_count,0.0,-0.501218028601448,0.0,ckb1qrj9k8u0yxllyvfhqddr4d636adnd2vpmmkru7pqr99ecppfvl60zqgjydsp6tgswnf7rg5u2j2v20cvcm55dygutu3en
scripts__unique_lock_script_count,3.0,-0.3236566839097652,1.3862943611198906,ckb1qrj9k8u0yxllyvfhqddr4d636adnd2vpmmkru7pqr99ecppfvl60zqgjydsp6tgswnf7rg5u2j2v20cvcm55dygutu3en
scripts__unique_type_script_count,0.0,0.0,0.0,ckb1qrj9k8u0yxllyvfhqddr4d636adnd2vpmmkru7pqr99ecppfvl60zqgjydsp6tgswnf7rg5u2j2v20cvcm55dygutu3en
capacity__capacity_repeat_ratio,0.0,-1.3489727248167438,0.0,ckb1qrlh3whq40ch67jqfs97p7ddnjgctvlc3hxxqsp5202m4rslyt6n5qh3068szf235yxw9c3px3rzgxkxnf2ynq7ys5kam9r42sn5a2x845q7rg9y
capacity__target_consumed_capacity,2250000000000.0,0.05588003765302019,28.441951332145322,ckb1qrlh3whq40ch67jqfs97p7ddnjgctvlc3hxxqsp5202m4rslyt6n5qh3068szf235yxw9c3px3rzgxkxnf2ynq7ys5kam9r42sn5a2x845q7rg9y
capacity__target_net_capacity_delta,-2250000000000.0,-0.596832750357299,-28.441951332145322,ckb1qrlh3whq40ch67jqfs97p7ddnjgctvlc3hxxqsp5202m4rslyt6n5qh3068szf235yxw9c3px3rzgxkxnf2ynq7ys5kam9r42sn5a2x845q7rg9y
lineage__continuation_count,0.0,0.0,0.0,ckb1qrlh3whq40ch67jqfs97p7ddnjgctvlc3hxxqsp5202m4rslyt6n5qh3068szf235yxw9c3px3rzgxkxnf2ynq7ys5kam9r42sn5a2x845q7rg9y
lineage__lineage_depth,1.0,-1.0,0.6931471805599453,ckb1qrlh3whq40ch67jqfs97p7ddnjgctvlc3hxxqsp5202m4rslyt6n5qh3068szf235yxw9c3px3rzgxkxnf2ynq7ys5kam9r42sn5a2x845q7rg9y
lineage__lineage_repetition,0.0,-1.128899193514562,0.0,ckb1qrlh3whq40ch67jqfs97p7ddnjgctvlc3hxxqsp5202m4rslyt6n5qh3068szf235yxw9c3px3rzgxkxnf2ynq7ys5kam9r42sn5a2x845q7rg9y
lineage__merge_count,1.0,-0.26957728969081496,0.6931471805599453,ckb1qrlh3whq40ch67jqfs97p7ddnjgctvlc3hxxqsp5202m4rslyt6n5qh3068szf235yxw9c3px3rzgxkxnf2ynq7ys5kam9r42sn5a2x845q7rg9y
scripts__type_family_count,0.0,-0.501218028601448,0.0,ckb1qrlh3whq40ch67jqfs97p7ddnjgctvlc3hxxqsp5202m4rslyt6n5qh3068szf235yxw9c3px3rzgxkxnf2ynq7ys5kam9r42sn5a2x845q7rg9y
scripts__unique_lock_script_count,2.0,-0.5532947556651122,1.0986122886681098,ckb1qrlh3whq40ch67jqfs97p7ddnjgctvlc3hxxqsp5202m4rslyt6n5qh3068szf235yxw9c3px3rzgxkxnf2ynq7ys5kam9r42sn5a2x845q7rg9y
scripts__unique_type_script_count,1.0,1.0,0.6931471805599453,ckb1qrlh3whq40ch67jqfs97p7ddnjgctvlc3hxxqsp5202m4rslyt6n5qh3068szf235yxw9c3px3rzgxkxnf2ynq7ys5kam9r42sn5a2x845q7rg9y
capacity__capacity_repeat_ratio,0.0,-1.3489727248167438,0.0,ckb1qrlh3whq40ch67jqfs97p7ddnjgctvlc3hxxqsp5202m4rslyt6n5qn0ta0jq68jgwzvzpy82w8sugs9cvvza3fz0flwr67avv068nsst5uevzjl
capacity__target_consumed_capacity,120000000000.0,-0.36671423789047064,25.51075757973679,ckb1qrlh3whq40ch67jqfs97p7ddnjgctvlc3hxxqsp5202m4rslyt6n5qn0ta0jq68jgwzvzpy82w8sugs9cvvza3fz0flwr67avv068nsst5uevzjl
capacity__target_net_capacity_delta,-120000000000.0,-0.5353238753630966,-25.51075757973679,ckb1qrlh3whq40ch67jqfs97p7ddnjgctvlc3hxxqsp5202m4rslyt6n5qn0ta0jq68jgwzvzpy82w8sugs9cvvza3fz0flwr67avv068nsst5uevzjl
lineage__continuation_count,0.0,0.0,0.0,ckb1qrlh3whq40ch67jqfs97p7ddnjgctvlc3hxxqsp5202m4rslyt6n5qn0ta0jq68jgwzvzpy82w8sugs9cvvza3fz0flwr67avv068nsst5uevzjl
lineage__lineage_depth,1.0,-1.0,0.6931471805599453,ckb1qrlh3whq40ch67jqfs97p7ddnjgctvlc3hxxqsp5202m4rslyt6n5qn0ta0jq68jgwzvzpy82w8sugs9cvvza3fz0flwr67avv068nsst5uevzjl
lineage__lineage_repetition,0.0,-1.128899193514562,0.0,ckb1qrlh3whq40ch67jqfs97p7ddnjgctvlc3hxxqsp5202m4rslyt6n5qn0ta0jq68jgwzvzpy82w8sugs9cvvza3fz0flwr67avv068nsst5uevzjl
lineage__merge_count,1.0,-0.26957728969081496,0.6931471805599453,ckb1qrlh3whq40ch67jqfs97p7ddnjgctvlc3hxxqsp5202m4rslyt6n5qn0ta0jq68jgwzvzpy82w8sugs9cvvza3fz0flwr67avv068nsst5uevzjl
scripts__type_family_count,0.0,-0.501218028601448,0.0,ckb1qrlh3whq40ch67jqfs97p7ddnjgctvlc3hxxqsp5202m4rslyt6n5qn0ta0jq68jgwzvzpy82w8sugs9cvvza3fz0flwr67avv068nsst5uevzjl
scripts__unique_lock_script_count,2.0,-0.5532947556651122,1.0986122886681098,ckb1qrlh3whq40ch67jqfs97p7ddnjgctvlc3hxxqsp5202m4rslyt6n5qn0ta0jq68jgwzvzpy82w8sugs9cvvza3fz0flwr67avv068nsst5uevzjl
scripts__unique_type_script_count,1.0,1.0,0.6931471805599453,ckb1qrlh3whq40ch67jqfs97p7ddnjgctvlc3hxxqsp5202m4rslyt6n5qn0ta0jq68jgwzvzpy82w8sugs9cvvza3fz0flwr67avv068nsst5uevzjl
capacity__capacity_repeat_ratio,0.06363514419852448,-1.2057266356264293,0.06363514419852448,ckb1qzda0cr08m85hc8jlnfp3zer7xulejywt49kt2rr0vthywaa50xwsq0259kv0x5jez6h0l5qr52k64weapapgyscsnmhn
capacity__target_consumed_capacity,75982630942330.0,0.5633019913256156,31.961525889863093,ckb1qzda0cr08m85hc8jlnfp3zer7xulejywt49kt2rr0vthywaa50xwsq0259kv0x5jez6h0l5qr52k64weapapgyscsnmhn
capacity__target_net_capacity_delta,2211863931413404.0,0.7414280310388623,35.332611962851146,ckb1qzda0cr08m85hc8jlnfp3zer7xulejywt49kt2rr0vthywaa50xwsq0259kv0x5jez6h0l5qr52k64weapapgyscsnmhn
lineage__continuation_count,0.0,0.0,0.0,ckb1qzda0cr08m85hc8jlnfp3zer7xulejywt49kt2rr0vthywaa50xwsq0259kv0x5jez6h0l5qr52k64weapapgyscsnmhn
lineage__lineage_depth,2.0,0.0,1.0986122886681098,ckb1qzda0cr08m85hc8jlnfp3zer7xulejywt49kt2rr0vthywaa50xwsq0259kv0x5jez6h0l5qr52k64weapapgyscsnmhn
lineage__lineage_repetition,1.0,1.027789217390062,1.0,ckb1qzda0cr08m85hc8jlnfp3zer7xulejywt49kt2rr0vthywaa50xwsq0259kv0x5jez6h0l5qr52k64weapapgyscsnmhn
lineage__merge_count,120.0,2.4581037284736036,4.795790545596741,ckb1qzda0cr08m85hc8jlnfp3zer7xulejywt49kt2rr0vthywaa50xwsq0259kv0x5jez6h0l5qr52k64weapapgyscsnmhn
scripts__type_family_count,0.0,-0.501218028601448,0.0,ckb1qzda0cr08m85hc8jlnfp3zer7xulejywt49kt2rr0vthywaa50xwsq0259kv0x5jez6h0l5qr52k64weapapgyscsnmhn
scripts__unique_lock_script_count,2.0,-0.5532947556651122,1.0986122886681098,ckb1qzda0cr08m85hc8jlnfp3zer7xulejywt49kt2rr0vthywaa50xwsq0259kv0x5jez6h0l5qr52k64weapapgyscsnmhn
scripts__unique_type_script_count,0.0,0.0,0.0,ckb1qzda0cr08m85hc8jlnfp3zer7xulejywt49kt2rr0vthywaa50xwsq0259kv0x5jez6h0l5qr52k64weapapgyscsnmhn
capacity__capacity_repeat_ratio,1.0,0.9020803841920981,1.0,ckb1qzda0cr08m85hc8jlnfp3zer7xulejywt49kt2rr0vthywaa50xwsq02lstf96jmmavf7uln9acpkedt2clz3tqc6chk8
capacity__target_consumed_capacity,13888453503922.0,0.3182903617750926,30.262078927685735,ckb1qzda0cr08m85hc8jlnfp3zer7xulejywt49kt2rr0vthywaa50xwsq02lstf96jmmavf7uln9acpkedt2clz3tqc6chk8
capacity__target_net_capacity_delta,0.0,0.0,0.0,ckb1qzda0cr08m85hc8jlnfp3zer7xulejywt49kt2rr0vthywaa50xwsq02lstf96jmmavf7uln9acpkedt2clz3tqc6chk8
lineage__continuation_count,0.0,0.0,0.0,ckb1qzda0cr08m85hc8jlnfp3zer7xulejywt49kt2rr0vthywaa50xwsq02lstf96jmmavf7uln9acpkedt2clz3tqc6chk8
lineage__lineage_depth,2.0,0.0,1.0986122886681098,ckb1qzda0cr08m85hc8jlnfp3zer7xulejywt49kt2rr0vthywaa50xwsq02lstf96jmmavf7uln9acpkedt2clz3tqc6chk8
lineage__lineage_repetition,0.9852941176470589,0.9960732113473472,0.9852941176470589,ckb1qzda0cr08m85hc8jlnfp3zer7xulejywt49kt2rr0vthywaa50xwsq02lstf96jmmavf7uln9acpkedt2clz3tqc6chk8
lineage__merge_count,34.0,1.6333838791054807,3.5553480614894135,ckb1qzda0cr08m85hc8jlnfp3zer7xulejywt49kt2rr0vthywaa50xwsq02lstf96jmmavf7uln9acpkedt2clz3tqc6chk8
scripts__type_family_count,0.0,-0.501218028601448,0.0,ckb1qzda0cr08m85hc8jlnfp3zer7xulejywt49kt2rr0vthywaa50xwsq02lstf96jmmavf7uln9acpkedt2clz3tqc6chk8
scripts__unique_lock_script_count,3.0,-0.3236566839097652,1.3862943611198906,ckb1qzda0cr08m85hc8jlnfp3zer7xulejywt49kt2rr0vthywaa50xwsq02lstf96jmmavf7uln9acpkedt2clz3tqc6chk8
scripts__unique_type_script_count,0.0,0.0,0.0,ckb1qzda0cr08m85hc8jlnfp3zer7xulejywt49kt2rr0vthywaa50xwsq02lstf96jmmavf7uln9acpkedt2clz3tqc6chk8
capacity__capacity_repeat_ratio,0.0,-1.3489727248167438,0.0,ckb1qzda0cr08m85hc8jlnfp3zer7xulejywt49kt2rr0vthywaa50xwsq02rtsalknt9nezey405ay2gek8v5x0ncc3fd62k
capacity__target_consumed_capacity,13019622904809.0,0.3089768701086096,30.197478789525334,ckb1qzda0cr08m85hc8jlnfp3zer7xulejywt49kt2rr0vthywaa50xwsq02rtsalknt9nezey405ay2gek8v5x0ncc3fd62k
capacity__target_net_capacity_delta,-13019622904809.0,-0.6336711609318817,-30.197478789525334,ckb1qzda0cr08m85hc8jlnfp3zer7xulejywt49kt2rr0vthywaa50xwsq02rtsalknt9nezey405ay2gek8v5x0ncc3fd62k
lineage__continuation_count,0.0,0.0,0.0,ckb1qzda0cr08m85hc8jlnfp3zer7xulejywt49kt2rr0vthywaa50xwsq02rtsalknt9nezey405ay2gek8v5x0ncc3fd62k
lineage__lineage_depth,1.0,-1.0,0.6931471805599453,ckb1qzda0cr08m85hc8jlnfp3zer7xulejywt49kt2rr0vthywaa50xwsq02rtsalknt9nezey405ay2gek8v5x0ncc3fd62k
lineage__lineage_repetition,1.0,1.027789217390062,1.0,ckb1qzda0cr08m85hc8jlnfp3zer7xulejywt49kt2rr0vthywaa50xwsq02rtsalknt9nezey405ay2gek8v5x0ncc3fd62k
lineage__merge_count,0.0,-0.7304227103091852,0.0,ckb1qzda0cr08m85hc8jlnfp3zer7xulejywt49kt2rr0vthywaa50xwsq02rtsalknt9nezey405ay2gek8v5x0ncc3fd62k
scripts__type_family_count,0.0,-0.501218028601448,0.0,ckb1qzda0cr08m85hc8jlnfp3zer7xulejywt49kt2rr0vthywaa50xwsq02rtsalknt9nezey405ay2gek8v5x0ncc3fd62k
scripts__unique_lock_script_count,38.0,1.4941391340372403,3.6635616461296463,ckb1qzda0cr08m85hc8jlnfp3zer7xulejywt49kt2rr0vthywaa50xwsq02rtsalknt9nezey405ay2gek8v5x0ncc3fd62k
scripts__unique_type_script_count,0.0,0.0,0.0,ckb1qzda0cr08m85hc8jlnfp3zer7xulejywt49kt2rr0vthywaa50xwsq02rtsalknt9nezey405ay2gek8v5x0ncc3fd62k
capacity__capacity_repeat_ratio,1.0,0.9020803841920981,1.0,ckb1qzda0cr08m85hc8jlnfp3zer7xulejywt49kt2rr0vthywaa50xwsq03vvfm7dufx0a80zj27h4f5qjvygtelpshfz360
capacity__target_consumed_capacity,13174468449825.0,0.31068141920686065,30.209301864177828,ckb1qzda0cr08m85hc8jlnfp3zer7xulejywt49kt2rr0vthywaa50xwsq03vvfm7dufx0a80zj27h4f5qjvygtelpshfz360
capacity__target_net_capacity_delta,0.0,0.0,0.0,ckb1qzda0cr08m85hc8jlnfp3zer7xulejywt49kt2rr0vthywaa50xwsq03vvfm7dufx0a80zj27h4f5qjvygtelpshfz360
lineage__continuation_count,0.0,0.0,0.0,ckb1qzda0cr08m85hc8jlnfp3zer7xulejywt49kt2rr0vthywaa50xwsq03vvfm7dufx0a80zj27h4f5qjvygtelpshfz360
lineage__lineage_depth,2.0,0.0,1.0986122886681098,ckb1qzda0cr08m85hc8jlnfp3zer7xulejywt49kt2rr0vthywaa50xwsq03vvfm7dufx0a80zj27h4f5qjvygtelpshfz360
lineage__lineage_repetition,0.0,-1.128899193514562,0.0,ckb1qzda0cr08m85hc8jlnfp3zer7xulejywt49kt2rr0vthywaa50xwsq03vvfm7dufx0a80zj27h4f5qjvygtelpshfz360
lineage__merge_count,1.0,-0.26957728969081496,0.6931471805599453,ckb1qzda0cr08m85hc8jlnfp3zer7xulejywt49kt2rr0vthywaa50xwsq03vvfm7dufx0a80zj27h4f5qjvygtelpshfz360
scripts__type_family_count,1.0,1.9951397255009098,0.6931471805599453,ckb1qzda0cr08m85hc8jlnfp3zer7xulejywt49kt2rr0vthywaa50xwsq03vvfm7dufx0a80zj27h4f5qjvygtelpshfz360
scripts__unique_lock_script_count,6.0,0.12304856042512263,1.9459101490553132,ckb1qzda0cr08m85hc8jlnfp3zer7xulejywt49kt2rr0vthywaa50xwsq03vvfm7dufx0a80zj27h4f5qjvygtelpshfz360
scripts__unique_type_script_count,1.0,1.0,0.6931471805599453,ckb1qzda0cr08m85hc8jlnfp3zer7xulejywt49kt2rr0vthywaa50xwsq03vvfm7dufx0a80zj27h4f5qjvygtelpshfz360
capacity__capacity_repeat_ratio,1.0,0.9020803841920981,1.0,ckb1qzda0cr08m85hc8jlnfp3zer7xulejywt49kt2rr0vthywaa50xwsq03z3ekhq3qhe4tz8v5kf3z08gxphswumg02rsqc
capacity__target_consumed_capacity,1458788426637952.0,0.9893077943209378,34.91638264135063,ckb1qzda0cr08m85hc8jlnfp3zer7xulejywt49kt2rr0vthywaa50xwsq03z3ekhq3qhe4tz8v5kf3z08gxphswumg02rsqc
capacity__target_net_capacity_delta,0.0,0.0,0.0,ckb1qzda0cr08m85hc8jlnfp3zer7xulejywt49kt2rr0vthywaa50xwsq03z3ekhq3qhe4tz8v5kf3z08gxphswumg02rsqc
lineage__continuation_count,0.0,0.0,0.0,ckb1qzda0cr08m85hc8jlnfp3zer7xulejywt49kt2rr0vthywaa50xwsq03z3ekhq3qhe4tz8v5kf3z08gxphswumg02rsqc
lineage__lineage_depth,3.0,0.7095112913514542,1.3862943611198906,ckb1qzda0cr08m85hc8jlnfp3zer7xulejywt49kt2rr0vthywaa50xwsq03z3ekhq3qhe4tz8v5kf3z08gxphswumg02rsqc
lineage__lineage_repetition,0.95,0.9199547968448308,0.95,ckb1qzda0cr08m85hc8jlnfp3zer7xulejywt49kt2rr0vthywaa50xwsq03z3ekhq3qhe4tz8v5kf3z08gxphswumg02rsqc
lineage__merge_count,8.0,0.7304227103091852,2.1972245773362196,ckb1qzda0cr08m85hc8jlnfp3zer7xulejywt49kt2rr0vthywaa50xwsq03z3ekhq3qhe4tz8v5kf3z08gxphswumg02rsqc
scripts__type_family_count,0.0,-0.501218028601448,0.0,ckb1qzda0cr08m85hc8jlnfp3zer7xulejywt49kt2rr0vthywaa50xwsq03z3ekhq3qhe4tz8v5kf3z08gxphswumg02rsqc
scripts__unique_lock_script_count,3.0,-0.3236566839097652,1.3862943611198906,ckb1qzda0cr08m85hc8jlnfp3zer7xulejywt49kt2rr0vthywaa50xwsq03z3ekhq3qhe4tz8v5kf3z08gxphswumg02rsqc
scripts__unique_type_script_count,0.0,0.0,0.0,ckb1qzda0cr08m85hc8jlnfp3zer7xulejywt49kt2rr0vthywaa50xwsq03z3ekhq3qhe4tz8v5kf3z08gxphswumg02rsqc
capacity__capacity_repeat_ratio,1.0,0.9020803841920981,1.0,ckb1qzda0cr08m85hc8jlnfp3zer7xulejywt49kt2rr0vthywaa50xwsq046dyalzv28h7wt8fqzhhskeedyh6fpugkydwwj
capacity__target_consumed_capacity,4823002680000000.0,1.1617065648350033,36.11217309166811,ckb1qzda0cr08m85hc8jlnfp3zer7xulejywt49kt2rr0vthywaa50xwsq046dyalzv28h7wt8fqzhhskeedyh6fpugkydwwj
capacity__target_net_capacity_delta,0.0,0.0,0.0,ckb1qzda0cr08m85hc8jlnfp3zer7xulejywt49kt2rr0vthywaa50xwsq046dyalzv28h7wt8fqzhhskeedyh6fpugkydwwj
lineage__continuation_count,0.0,0.0,0.0,ckb1qzda0cr08m85hc8jlnfp3zer7xulejywt49kt2rr0vthywaa50xwsq046dyalzv28h7wt8fqzhhskeedyh6fpugkydwwj
lineage__lineage_depth,2.0,0.0,1.0986122886681098,ckb1qzda0cr08m85hc8jlnfp3zer7xulejywt49kt2rr0vthywaa50xwsq046dyalzv28h7wt8fqzhhskeedyh6fpugkydwwj
lineage__lineage_repetition,0.7,0.3807826941186747,0.7,ckb1qzda0cr08m85hc8jlnfp3zer7xulejywt49kt2rr0vthywaa50xwsq046dyalzv28h7wt8fqzhhskeedyh6fpugkydwwj
lineage__merge_count,3.0,0.1912681309275552,1.3862943611198906,ckb1qzda0cr08m85hc8jlnfp3zer7xulejywt49kt2rr0vthywaa50xwsq046dyalzv28h7wt8fqzhhskeedyh6fpugkydwwj
scripts__type_family_count,0.0,-0.501218028601448,0.0,ckb1qzda0cr08m85hc8jlnfp3zer7xulejywt49kt2rr0vthywaa50xwsq046dyalzv28h7wt8fqzhhskeedyh6fpugkydwwj
scripts__unique_lock_script_count,5.0,0.0,1.791759469228055,ckb1qzda0cr08m85hc8jlnfp3zer7xulejywt49kt2rr0vthywaa50xwsq046dyalzv28h7wt8fqzhhskeedyh6fpugkydwwj
scripts__unique_type_script_count,0.0,0.0,0.0,ckb1qzda0cr08m85hc8jlnfp3zer7xulejywt49kt2rr0vthywaa50xwsq046dyalzv28h7wt8fqzhhskeedyh6fpugkydwwj
capacity__capacity_repeat_ratio,0.0,-1.3489727248167438,0.0,ckb1qzda0cr08m85hc8jlnfp3zer7xulejywt49kt2rr0vthywaa50xwsq04avg2cjv4t0vh2v7zuztvcctzy860fjs9esl5u
capacity__target_consumed_capacity,0.0,-4.044635599832544,0.0,ckb1qzda0cr08m85hc8jlnfp3zer7xulejywt49kt2rr0vthywaa50xwsq04avg2cjv4t0vh2v7zuztvcctzy860fjs9esl5u
capacity__target_net_capacity_delta,9794670449.0,0.4827446428446709,23.005104243060227,ckb1qzda0cr08m85hc8jlnfp3zer7xulejywt49kt2rr0vthywaa50xwsq04avg2cjv4t0vh2v7zuztvcctzy860fjs9esl5u
lineage__continuation_count,0.0,0.0,0.0,ckb1qzda0cr08m85hc8jlnfp3zer7xulejywt49kt2rr0vthywaa50xwsq04avg2cjv4t0vh2v7zuztvcctzy860fjs9esl5u
lineage__lineage_depth,1.0,-1.0,0.6931471805599453,ckb1qzda0cr08m85hc8jlnfp3zer7xulejywt49kt2rr0vthywaa50xwsq04avg2cjv4t0vh2v7zuztvcctzy860fjs9esl5u
lineage__lineage_repetition,0.0,-1.128899193514562,0.0,ckb1qzda0cr08m85hc8jlnfp3zer7xulejywt49kt2rr0vthywaa50xwsq04avg2cjv4t0vh2v7zuztvcctzy860fjs9esl5u
lineage__merge_count,1.0,-0.26957728969081496,0.6931471805599453,ckb1qzda0cr08m85hc8jlnfp3zer7xulejywt49kt2rr0vthywaa50xwsq04avg2cjv4t0vh2v7zuztvcctzy860fjs9esl5u
scripts__type_family_count,1.0,1.9951397255009098,0.6931471805599453,ckb1qzda0cr08m85hc8jlnfp3zer7xulejywt49kt2rr0vthywaa50xwsq04avg2cjv4t0vh2v7zuztvcctzy860fjs9esl5u
scripts__unique_lock_script_count,3.0,-0.3236566839097652,1.3862943611198906,ckb1qzda0cr08m85hc8jlnfp3zer7xulejywt49kt2rr0vthywaa50xwsq04avg2cjv4t0vh2v7zuztvcctzy860fjs9esl5u
scripts__unique_type_script_count,1.0,1.0,0.6931471805599453,ckb1qzda0cr08m85hc8jlnfp3zer7xulejywt49kt2rr0vthywaa50xwsq04avg2cjv4t0vh2v7zuztvcctzy860fjs9esl5u
capacity__capacity_repeat_ratio,0.0,-1.3489727248167438,0.0,ckb1qzda0cr08m85hc8jlnfp3zer7xulejywt49kt2rr0vthywaa50xwsq059gaxh9mhygyzgpps4edtqdsumgslcdq3ejtuw
capacity__target_consumed_capacity,263745751154.0,-0.2531801580061038,26.298251412242003,ckb1qzda0cr08m85hc8jlnfp3zer7xulejywt49kt2rr0vthywaa50xwsq059gaxh9mhygyzgpps4edtqdsumgslcdq3ejtuw
capacity__target_net_capacity_delta,-263745751154.0,-0.5518488354284172,-26.298251412242003,ckb1qzda0cr08m85hc8jlnfp3zer7xulejywt49kt2rr0vthywaa50xwsq059gaxh9mhygyzgpps4edtqdsumgslcdq3ejtuw
lineage__continuation_count,0.0,0.0,0.0,ckb1qzda0cr08m85hc8jlnfp3zer7xulejywt49kt2rr0vthywaa50xwsq059gaxh9mhygyzgpps4edtqdsumgslcdq3ejtuw
lineage__lineage_depth,1.0,-1.0,0.6931471805599453,ckb1qzda0cr08m85hc8jlnfp3zer7xulejywt49kt2rr0vthywaa50xwsq059gaxh9mhygyzgpps4edtqdsumgslcdq3ejtuw
lineage__lineage_repetition,0.9666666666666667,0.9558996036932413,0.9666666666666667,ckb1qzda0cr08m85hc8jlnfp3zer7xulejywt49kt2rr0vthywaa50xwsq059gaxh9mhygyzgpps4edtqdsumgslcdq3ejtuw
lineage__merge_count,30.0,1.552695972177032,3.4339872044851463,ckb1qzda0cr08m85hc8jlnfp3zer7xulejywt49kt2rr0vthywaa50xwsq059gaxh9mhygyzgpps4edtqdsumgslcdq3ejtuw
scripts__type_family_count,0.0,-0.501218028601448,0.0,ckb1qzda0cr08m85hc8jlnfp3zer7xulejywt49kt2rr0vthywaa50xwsq059gaxh9mhygyzgpps4edtqdsumgslcdq3ejtuw
scripts__unique_lock_script_count,58.0,1.8245893534217414,4.07753744390572,ckb1qzda0cr08m85hc8jlnfp3zer7xulejywt49kt2rr0vthywaa50xwsq059gaxh9mhygyzgpps4edtqdsumgslcdq3ejtuw
scripts__unique_type_script_count,0.0,0.0,0.0,ckb1qzda0cr08m85hc8jlnfp3zer7xulejywt49kt2rr0vthywaa50xwsq059gaxh9mhygyzgpps4edtqdsumgslcdq3ejtuw
capacity__capacity_repeat_ratio,1.0,0.9020803841920981,1.0,ckb1qzda0cr08m85hc8jlnfp3zer7xulejywt49kt2rr0vthywaa50xwsq05jzhp0f28a78e9vnyvk4vfmw60xaqadgfyz8es
capacity__target_consumed_capacity,148744200000000.0,0.6601452695482314,32.63324916799746,ckb1qzda0cr08m85hc8jlnfp3zer7xulejywt49kt2rr0vthywaa50xwsq05jzhp0f28a78e9vnyvk4vfmw60xaqadgfyz8es
capacity__target_net_capacity_delta,0.0,0.0,0.0,ckb1qzda0cr08m85hc8jlnfp3zer7xulejywt49kt2rr0vthywaa50xwsq05jzhp0f28a78e9vnyvk4vfmw60xaqadgfyz8es
lineage__continuation_count,0.0,0.0,0.0,ckb1qzda0cr08m85hc8jlnfp3zer7xulejywt49kt2rr0vthywaa50xwsq05jzhp0f28a78e9vnyvk4vfmw60xaqadgfyz8es
lineage__lineage_depth,2.0,0.0,1.0986122886681098,ckb1qzda0cr08m85hc8jlnfp3zer7xulejywt49kt2rr0vthywaa50xwsq05jzhp0f28a78e9vnyvk4vfmw60xaqadgfyz8es
lineage__lineage_repetition,0.0,-1.128899193514562,0.0,ckb1qzda0cr08m85hc8jlnfp3zer7xulejywt49kt2rr0vthywaa50xwsq05jzhp0f28a78e9vnyvk4vfmw60xaqadgfyz8es
lineage__merge_count,0.0,-0.7304227103091852,0.0,ckb1qzda0cr08m85hc8jlnfp3zer7xulejywt49kt2rr0vthywaa50xwsq05jzhp0f28a78e9vnyvk4vfmw60xaqadgfyz8es
scripts__type_family_count,0.0,-0.501218028601448,0.0,ckb1qzda0cr08m85hc8jlnfp3zer7xulejywt49kt2rr0vthywaa50xwsq05jzhp0f28a78e9vnyvk4vfmw60xaqadgfyz8es
scripts__unique_lock_script_count,3.0,-0.3236566839097652,1.3862943611198906,ckb1qzda0cr08m85hc8jlnfp3zer7xulejywt49kt2rr0vthywaa50xwsq05jzhp0f28a78e9vnyvk4vfmw60xaqadgfyz8es
scripts__unique_type_script_count,0.0,0.0,0.0,ckb1qzda0cr08m85hc8jlnfp3zer7xulejywt49kt2rr0vthywaa50xwsq05jzhp0f28a78e9vnyvk4vfmw60xaqadgfyz8es
capacity__capacity_repeat_ratio,0.0,-1.3489727248167438,0.0,ckb1qzda0cr08m85hc8jlnfp3zer7xulejywt49kt2rr0vthywaa50xwsq05k3xttu6lzuy260j06mql7tqpgwcznlcvx836h
capacity__target_consumed_capacity,19897970822.0,-0.625772056668238,23.713883594784228,ckb1qzda0cr08m85hc8jlnfp3zer7xulejywt49kt2rr0vthywaa50xwsq05k3xttu6lzuy260j06mql7tqpgwcznlcvx836h
capacity__target_net_capacity_delta,-19897970822.0,-0.4976178393052736,-23.713883594784228,ckb1qzda0cr08m85hc8jlnfp3zer7xulejywt49kt2rr0vthywaa50xwsq05k3xttu6lzuy260j06mql7tqpgwcznlcvx836h
lineage__continuation_count,0.0,0.0,0.0,ckb1qzda0cr08m85hc8jlnfp3zer7xulejywt49kt2rr0vthywaa50xwsq05k3xttu6lzuy260j06mql7tqpgwcznlcvx836h
lineage__lineage_depth,1.0,-1.0,0.6931471805599453,ckb1qzda0cr08m85hc8jlnfp3zer7xulejywt49kt2rr0vthywaa50xwsq05k3xttu6lzuy260j06mql7tqpgwcznlcvx836h
lineage__lineage_repetition,0.0,-1.128899193514562,0.0,ckb1qzda0cr08m85hc8jlnfp3zer7xulejywt49kt2rr0vthywaa50xwsq05k3xttu6lzuy260j06mql7tqpgwcznlcvx836h
lineage__merge_count,1.0,-0.26957728969081496,0.6931471805599453,ckb1qzda0cr08m85hc8jlnfp3zer7xulejywt49kt2rr0vthywaa50xwsq05k3xttu6lzuy260j06mql7tqpgwcznlcvx836h
scripts__type_family_count,1.0,1.9951397255009098,0.6931471805599453,ckb1qzda0cr08m85hc8jlnfp3zer7xulejywt49kt2rr0vthywaa50xwsq05k3xttu6lzuy260j06mql7tqpgwcznlcvx836h
scripts__unique_lock_script_count,3.0,-0.3236566839097652,1.3862943611198906,ckb1qzda0cr08m85hc8jlnfp3zer7xulejywt49kt2rr0vthywaa50xwsq05k3xttu6lzuy260j06mql7tqpgwcznlcvx836h
scripts__unique_type_script_count,1.0,1.0,0.6931471805599453,ckb1qzda0cr08m85hc8jlnfp3zer7xulejywt49kt2rr0vthywaa50xwsq05k3xttu6lzuy260j06mql7tqpgwcznlcvx836h
capacity__capacity_repeat_ratio,0.0,-1.3489727248167438,0.0,ckb1qzda0cr08m85hc8jlnfp3zer7xulejywt49kt2rr0vthywaa50xwsq05n6zvckahhuks4wl9rznllcfgralwl3gqs5rqt
capacity__target_consumed_capacity,245521544934.0,-0.2635029552686594,26.226650539739722,ckb1qzda0cr08m85hc8jlnfp3zer7xulejywt49kt2rr0vthywaa50xwsq05n6zvckahhuks4wl9rznllcfgralwl3gqs5rqt
capacity__target_net_capacity_delta,-245521544934.0,-0.5503463454914761,-26.226650539739722,ckb1qzda0cr08m85hc8jlnfp3zer7xulejywt49kt2rr0vthywaa50xwsq05n6zvckahhuks4wl9rznllcfgralwl3gqs5rqt
lineage__continuation_count,0.0,0.0,0.0,ckb1qzda0cr08m85hc8jlnfp3zer7xulejywt49kt2rr0vthywaa50xwsq05n6zvckahhuks4wl9rznllcfgralwl3gqs5rqt
lineage__lineage_depth,1.0,-1.0,0.6931471805599453,ckb1qzda0cr08m85hc8jlnfp3zer7xulejywt49kt2rr0vthywaa50xwsq05n6zvckahhuks4wl9rznllcfgralwl3gqs5rqt
lineage__lineage_repetition,0.8928571428571429,0.7967154590788524,0.8928571428571429,ckb1qzda0cr08m85hc8jlnfp3zer7xulejywt49kt2rr0vthywaa50xwsq05n6zvckahhuks4wl9rznllcfgralwl3gqs5rqt
lineage__merge_count,28.0,1.5083555847464296,3.367295829986474,ckb1qzda0cr08m85hc8jlnfp3zer7xulejywt49kt2rr0vthywaa50xwsq05n6zvckahhuks4wl9rznllcfgralwl3gqs5rqt
scripts__type_family_count,0.0,-0.501218028601448,0.0,ckb1qzda0cr08m85hc8jlnfp3zer7xulejywt49kt2rr0vthywaa50xwsq05n6zvckahhuks4wl9rznllcfgralwl3gqs5rqt
scripts__unique_lock_script_count,54.0,1.7685498148667607,4.007333185232471,ckb1qzda0cr08m85hc8jlnfp3zer7xulejywt49kt2rr0vthywaa50xwsq05n6zvckahhuks4wl9rznllcfgralwl3gqs5rqt
scripts__unique_type_script_count,0.0,0.0,0.0,ckb1qzda0cr08m85hc8jlnfp3zer7xulejywt49kt2rr0vthywaa50xwsq05n6zvckahhuks4wl9rznllcfgralwl3gqs5rqt
capacity__capacity_repeat_ratio,1.0,0.9020803841920981,1.0,ckb1qzda0cr08m85hc8jlnfp3zer7xulejywt49kt2rr0vthywaa50xwsq05uu85tpqrf75arfkskcnwjsaj5f6c05qtmqdm9
capacity__target_consumed_capacity,271911435340.0,-0.24878425230752044,26.3287422448575,ckb1qzda0cr08m85hc8jlnfp3zer7xulejywt49kt2rr0vthywaa50xwsq05uu85tpqrf75arfkskcnwjsaj5f6c05qtmqdm9
capacity__target_net_capacity_delta,0.0,0.0,0.0,ckb1qzda0cr08m85hc8jlnfp3zer7xulejywt49kt2rr0vthywaa50xwsq05uu85tpqrf75arfkskcnwjsaj5f6c05qtmqdm9
lineage__continuation_count,0.0,0.0,0.0,ckb1qzda0cr08m85hc8jlnfp3zer7xulejywt49kt2rr0vthywaa50xwsq05uu85tpqrf75arfkskcnwjsaj5f6c05qtmqdm9
lineage__lineage_depth,2.0,0.0,1.0986122886681098,ckb1qzda0cr08m85hc8jlnfp3zer7xulejywt49kt2rr0vthywaa50xwsq05uu85tpqrf75arfkskcnwjsaj5f6c05qtmqdm9
lineage__lineage_repetition,1.0,1.027789217390062,1.0,ckb1qzda0cr08m85hc8jlnfp3zer7xulejywt49kt2rr0vthywaa50xwsq05uu85tpqrf75arfkskcnwjsaj5f6c05qtmqdm9
lineage__merge_count,10.0,0.8638405090822093,2.3978952727983707,ckb1qzda0cr08m85hc8jlnfp3zer7xulejywt49kt2rr0vthywaa50xwsq05uu85tpqrf75arfkskcnwjsaj5f6c05qtmqdm9
scripts__type_family_count,0.0,-0.501218028601448,0.0,ckb1qzda0cr08m85hc8jlnfp3zer7xulejywt49kt2rr0vthywaa50xwsq05uu85tpqrf75arfkskcnwjsaj5f6c05qtmqdm9
scripts__unique_lock_script_count,26.0,1.2006081234846426,3.295836866004329,ckb1qzda0cr08m85hc8jlnfp3zer7xulejywt49kt2rr0vthywaa50xwsq05uu85tpqrf75arfkskcnwjsaj5f6c05qtmqdm9
scripts__unique_type_script_count,0.0,0.0,0.0,ckb1qzda0cr08m85hc8jlnfp3zer7xulejywt49kt2rr0vthywaa50xwsq05uu85tpqrf75arfkskcnwjsaj5f6c05qtmqdm9
capacity__capacity_repeat_ratio,0.0,-1.3489727248167438,0.0,ckb1qzda0cr08m85hc8jlnfp3zer7xulejywt49kt2rr0vthywaa50xwsq06cwnwfzz5sv5ps5w6ewtm6q9upj8klyc7qt4xy
capacity__target_consumed_capacity,10050130000000.0,0.2716549192495738,29.938606685673456,ckb1qzda0cr08m85hc8jlnfp3zer7xulejywt49kt2rr0vthywaa50xwsq06cwnwfzz5sv5ps5w6ewtm6q9upj8klyc7qt4xy
capacity__target_net_capacity_delta,-10050130000000.0,-0.6282389264157472,-29.938606685673456,ckb1qzda0cr08m85hc8jlnfp3zer7xulejywt49kt2rr0vthywaa50xwsq06cwnwfzz5sv5ps5w6ewtm6q9upj8klyc7qt4xy
lineage__continuation_count,0.0,0.0,0.0,ckb1qzda0cr08m85hc8jlnfp3zer7xulejywt49kt2rr0vthywaa50xwsq06cwnwfzz5sv5ps5w6ewtm6q9upj8klyc7qt4xy
lineage__lineage_depth,1.0,-1.0,0.6931471805599453,ckb1qzda0cr08m85hc8jlnfp3zer7xulejywt49kt2rr0vthywaa50xwsq06cwnwfzz5sv5ps5w6ewtm6q9upj8klyc7qt4xy
lineage__lineage_repetition,0.0,-1.128899193514562,0.0,ckb1qzda0cr08m85hc8jlnfp3zer7xulejywt49kt2rr0vthywaa50xwsq06cwnwfzz5sv5ps5w6ewtm6q9upj8klyc7qt4xy
lineage__merge_count,1.0,-0.26957728969081496,0.6931471805599453,ckb1qzda0cr08m85hc8jlnfp3zer7xulejywt49kt2rr0vthywaa50xwsq06cwnwfzz5sv5ps5w6ewtm6q9upj8klyc7qt4xy
scripts__type_family_count,0.0,-0.501218028601448,0.0,ckb1qzda0cr08m85hc8jlnfp3zer7xulejywt49kt2rr0vthywaa50xwsq06cwnwfzz5sv5ps5w6ewtm6q9upj8klyc7qt4xy
scripts__unique_lock_script_count,8.0,0.3236566839097654,2.1972245773362196,ckb1qzda0cr08m85hc8jlnfp3zer7xulejywt49kt2rr0vthywaa50xwsq06cwnwfzz5sv5ps5w6ewtm6q9upj8klyc7qt4xy
scripts__unique_type_script_count,0.0,0.0,0.0,ckb1qzda0cr08m85hc8jlnfp3zer7xulejywt49kt2rr0vthywaa50xwsq06cwnwfzz5sv5ps5w6ewtm6q9upj8klyc7qt4xy
capacity__capacity_repeat_ratio,0.4117647058823529,-0.4220685034601619,0.4117647058823529,ckb1qzda0cr08m85hc8jlnfp3zer7xulejywt49kt2rr0vthywaa50xwsq06s99smdcvprv0vpjw74v7yr3gfsz63tsmgym2k
capacity__target_consumed_capacity,8723904490337.0,0.2512519760746073,29.797088016287095,ckb1qzda0cr08m85hc8jlnfp3zer7xulejywt49kt2rr0vthywaa50xwsq06s99smdcvprv0vpjw74v7yr3gfsz63tsmgym2k
capacity__target_net_capacity_delta,28795188290691.0,0.6503274150646657,30.991229415872297,ckb1qzda0cr08m85hc8jlnfp3zer7xulejywt49kt2rr0vthywaa50xwsq06s99smdcvprv0vpjw74v7yr3gfsz63tsmgym2k
lineage__continuation_count,0.0,0.0,0.0,ckb1qzda0cr08m85hc8jlnfp3zer7xulejywt49kt2rr0vthywaa50xwsq06s99smdcvprv0vpjw74v7yr3gfsz63tsmgym2k
lineage__lineage_depth,2.0,0.0,1.0986122886681098,ckb1qzda0cr08m85hc8jlnfp3zer7xulejywt49kt2rr0vthywaa50xwsq06s99smdcvprv0vpjw74v7yr3gfsz63tsmgym2k
lineage__lineage_repetition,0.9615384615384616,0.9448396631244997,0.9615384615384616,ckb1qzda0cr08m85hc8jlnfp3zer7xulejywt49kt2rr0vthywaa50xwsq06s99smdcvprv0vpjw74v7yr3gfsz63tsmgym2k
lineage__merge_count,14.0,1.0700499295339774,2.70805020110221,ckb1qzda0cr08m85hc8jlnfp3zer7xulejywt49kt2rr0vthywaa50xwsq06s99smdcvprv0vpjw74v7yr3gfsz63tsmgym2k
scripts__type_family_count,0.0,-0.501218028601448,0.0,ckb1qzda0cr08m85hc8jlnfp3zer7xulejywt49kt2rr0vthywaa50xwsq06s99smdcvprv0vpjw74v7yr3gfsz63tsmgym2k
scripts__unique_lock_script_count,32.0,1.3607906165089751,3.4965075614664802,ckb1qzda0cr08m85hc8jlnfp3zer7xulejywt49kt2rr0vthywaa50xwsq06s99smdcvprv0vpjw74v7yr3gfsz63tsmgym2k
scripts__unique_type_script_count,0.0,0.0,0.0,ckb1qzda0cr08m85hc8jlnfp3zer7xulejywt49kt2rr0vthywaa50xwsq06s99smdcvprv0vpjw74v7yr3gfsz63tsmgym2k
capacity__capacity_repeat_ratio,1.0,0.9020803841920981,1.0,ckb1qzda0cr08m85hc8jlnfp3zer7xulejywt49kt2rr0vthywaa50xwsq07j9vt4j4pr582tmmhg2r25g09e8lqhzq67lmrn
capacity__target_consumed_capacity,14308274483517.0,0.3225838136270827,30.291859121060657,ckb1qzda0cr08m85hc8jlnfp3zer7xulejywt49kt2rr0vthywaa50xwsq07j9vt4j4pr582tmmhg2r25g09e8lqhzq67lmrn
capacity__target_net_capacity_delta,0.0,0.0,0.0,ckb1qzda0cr08m85hc8jlnfp3zer7xulejywt49kt2rr0vthywaa50xwsq07j9vt4j4pr582tmmhg2r25g09e8lqhzq67lmrn
lineage__continuation_count,0.0,0.0,0.0,ckb1qzda0cr08m85hc8jlnfp3zer7xulejywt49kt2rr0vthywaa50xwsq07j9vt4j4pr582tmmhg2r25g09e8lqhzq67lmrn
lineage__lineage_depth,2.0,0.0,1.0986122886681098,ckb1qzda0cr08m85hc8jlnfp3zer7xulejywt49kt2rr0vthywaa50xwsq07j9vt4j4pr582tmmhg2r25g09e8lqhzq67lmrn
lineage__lineage_repetition,1.0,1.027789217390062,1.0,ckb1qzda0cr08m85hc8jlnfp3zer7xulejywt49kt2rr0vthywaa50xwsq07j9vt4j4pr582tmmhg2r25g09e8lqhzq67lmrn
lineage__merge_count,28.0,1.5083555847464296,3.367295829986474,ckb1qzda0cr08m85hc8jlnfp3zer7xulejywt49kt2rr0vthywaa50xwsq07j9vt4j4pr582tmmhg2r25g09e8lqhzq67lmrn
scripts__type_family_count,0.0,-0.501218028601448,0.0,ckb1qzda0cr08m85hc8jlnfp3zer7xulejywt49kt2rr0vthywaa50xwsq07j9vt4j4pr582tmmhg2r25g09e8lqhzq67lmrn
scripts__unique_lock_script_count,3.0,-0.3236566839097652,1.3862943611198906,ckb1qzda0cr08m85hc8jlnfp3zer7xulejywt49kt2rr0vthywaa50xwsq07j9vt4j4pr582tmmhg2r25g09e8lqhzq67lmrn
scripts__unique_type_script_count,0.0,0.0,0.0,ckb1qzda0cr08m85hc8jlnfp3zer7xulejywt49kt2rr0vthywaa50xwsq07j9vt4j4pr582tmmhg2r25g09e8lqhzq67lmrn
capacity__capacity_repeat_ratio,1.0,0.9020803841920981,1.0,ckb1qzda0cr08m85hc8jlnfp3zer7xulejywt49kt2rr0vthywaa50xwsq08d3jlwgma52gm4mz6fchyah7ruhk8y4swey2xv
capacity__target_consumed_capacity,48199994666.0,-0.49821769554524126,24.598624747359807,ckb1qzda0cr08m85hc8jlnfp3zer7xulejywt49kt2rr0vthywaa50xwsq08d3jlwgma52gm4mz6fchyah7ruhk8y4swey2xv
capacity__target_net_capacity_delta,0.0,0.0,0.0,ckb1qzda0cr08m85hc8jlnfp3zer7xulejywt49kt2rr0vthywaa50xwsq08d3jlwgma52gm4mz6fchyah7ruhk8y4swey2xv
lineage__continuation_count,0.0,0.0,0.0,ckb1qzda0cr08m85hc8jlnfp3zer7xulejywt49kt2rr0vthywaa50xwsq08d3jlwgma52gm4mz6fchyah7ruhk8y4swey2xv
lineage__lineage_depth,2.0,0.0,1.0986122886681098,ckb1qzda0cr08m85hc8jlnfp3zer7xulejywt49kt2rr0vthywaa50xwsq08d3jlwgma52gm4mz6fchyah7ruhk8y4swey2xv
lineage__lineage_repetition,1.0,1.027789217390062,1.0,ckb1qzda0cr08m85hc8jlnfp3zer7xulejywt49kt2rr0vthywaa50xwsq08d3jlwgma52gm4mz6fchyah7ruhk8y4swey2xv
lineage__merge_count,0.0,-0.7304227103091852,0.0,ckb1qzda0cr08m85hc8jlnfp3zer7xulejywt49kt2rr0vthywaa50xwsq08d3jlwgma52gm4mz6fchyah7ruhk8y4swey2xv
scripts__type_family_count,0.0,-0.501218028601448,0.0,ckb1qzda0cr08m85hc8jlnfp3zer7xulejywt49kt2rr0vthywaa50xwsq08d3jlwgma52gm4mz6fchyah7ruhk8y4swey2xv
scripts__unique_lock_script_count,3.0,-0.3236566839097652,1.3862943611198906,ckb1qzda0cr08m85hc8jlnfp3zer7xulejywt49kt2rr0vthywaa50xwsq08d3jlwgma52gm4mz6fchyah7ruhk8y4swey2xv
scripts__unique_type_script_count,0.0,0.0,0.0,ckb1qzda0cr08m85hc8jlnfp3zer7xulejywt49kt2rr0vthywaa50xwsq08d3jlwgma52gm4mz6fchyah7ruhk8y4swey2xv
capacity__capacity_repeat_ratio,0.875,0.6206987455659929,0.875,ckb1qzda0cr08m85hc8jlnfp3zer7xulejywt49kt2rr0vthywaa50xwsq08np8nmp86cyutmm8glcmp36udhrkquhgpeccr6
capacity__target_consumed_capacity,215295624531.0,-0.2824431285932984,26.095277918453462,ckb1qzda0cr08m85hc8jlnfp3zer7xulejywt49kt2rr0vthywaa50xwsq08np8nmp86cyutmm8glcmp36udhrkquhgpeccr6
capacity__target_net_capacity_delta,-45375611053.0,-0.5149163449768083,-24.53824059619557,ckb1qzda0cr08m85hc8jlnfp3zer7xulejywt49kt2rr0vthywaa50xwsq08np8nmp86cyutmm8glcmp36udhrkquhgpeccr6
lineage__continuation_count,0.0,0.0,0.0,ckb1qzda0cr08m85hc8jlnfp3zer7xulejywt49kt2rr0vthywaa50xwsq08np8nmp86cyutmm8glcmp36udhrkquhgpeccr6
lineage__lineage_depth,2.0,0.0,1.0986122886681098,ckb1qzda0cr08m85hc8jlnfp3zer7xulejywt49kt2rr0vthywaa50xwsq08np8nmp86cyutmm8glcmp36udhrkquhgpeccr6
lineage__lineage_repetition,0.9444444444444444,0.9079731945620274,0.9444444444444444,ckb1qzda0cr08m85hc8jlnfp3zer7xulejywt49kt2rr0vthywaa50xwsq08np8nmp86cyutmm8glcmp36udhrkquhgpeccr6
lineage__merge_count,9.0,0.8004726398431626,2.302585092994046,ckb1qzda0cr08m85hc8jlnfp3zer7xulejywt49kt2rr0vthywaa50xwsq08np8nmp86cyutmm8glcmp36udhrkquhgpeccr6
scripts__type_family_count,0.0,-0.501218028601448,0.0,ckb1qzda0cr08m85hc8jlnfp3zer7xulejywt49kt2rr0vthywaa50xwsq08np8nmp86cyutmm8glcmp36udhrkquhgpeccr6
scripts__unique_lock_script_count,38.0,1.4941391340372403,3.6635616461296463,ckb1qzda0cr08m85hc8jlnfp3zer7xulejywt49kt2rr0vthywaa50xwsq08np8nmp86cyutmm8glcmp36udhrkquhgpeccr6
scripts__unique_type_script_count,0.0,0.0,0.0,ckb1qzda0cr08m85hc8jlnfp3zer7xulejywt49kt2rr0vthywaa50xwsq08np8nmp86cyutmm8glcmp36udhrkquhgpeccr6
capacity__capacity_repeat_ratio,1.0,0.9020803841920981,1.0,ckb1qzda0cr08m85hc8jlnfp3zer7xulejywt49kt2rr0vthywaa50xwsq08nxknd7g5pzwe9mmdcqtqfs5f8ckh8fq34kxj8
capacity__target_consumed_capacity,20012384569974.0,0.3709552329720371,30.627372426338432,ckb1qzda0cr08m85hc8jlnfp3zer7xulejywt49kt2rr0vthywaa50xwsq08nxknd7g5pzwe9mmdcqtqfs5f8ckh8fq34kxj8
capacity__target_net_capacity_delta,0.0,0.0,0.0,ckb1qzda0cr08m85hc8jlnfp3zer7xulejywt49kt2rr0vthywaa50xwsq08nxknd7g5pzwe9mmdcqtqfs5f8ckh8fq34kxj8
lineage__continuation_count,0.0,0.0,0.0,ckb1qzda0cr08m85hc8jlnfp3zer7xulejywt49kt2rr0vthywaa50xwsq08nxknd7g5pzwe9mmdcqtqfs5f8ckh8fq34kxj8
lineage__lineage_depth,3.0,0.7095112913514542,1.3862943611198906,ckb1qzda0cr08m85hc8jlnfp3zer7xulejywt49kt2rr0vthywaa50xwsq08nxknd7g5pzwe9mmdcqtqfs5f8ckh8fq34kxj8
lineage__lineage_repetition,0.9855072463768116,0.9965328636088358,0.9855072463768116,ckb1qzda0cr08m85hc8jlnfp3zer7xulejywt49kt2rr0vthywaa50xwsq08nxknd7g5pzwe9mmdcqtqfs5f8ckh8fq34kxj8
lineage__merge_count,69.0,2.094229299723851,4.248495242049359,ckb1qzda0cr08m85hc8jlnfp3zer7xulejywt49kt2rr0vthywaa50xwsq08nxknd7g5pzwe9mmdcqtqfs5f8ckh8fq34kxj8
scripts__type_family_count,0.0,-0.501218028601448,0.0,ckb1qzda0cr08m85hc8jlnfp3zer7xulejywt49kt2rr0vthywaa50xwsq08nxknd7g5pzwe9mmdcqtqfs5f8ckh8fq34kxj8
scripts__unique_lock_script_count,3.0,-0.3236566839097652,1.3862943611198906,ckb1qzda0cr08m85hc8jlnfp3zer7xulejywt49kt2rr0vthywaa50xwsq08nxknd7g5pzwe9mmdcqtqfs5f8ckh8fq34kxj8
scripts__unique_type_script_count,0.0,0.0,0.0,ckb1qzda0cr08m85hc8jlnfp3zer7xulejywt49kt2rr0vthywaa50xwsq08nxknd7g5pzwe9mmdcqtqfs5f8ckh8fq34kxj8
capacity__capacity_repeat_ratio,0.0,-1.3489727248167438,0.0,ckb1qzda0cr08m85hc8jlnfp3zer7xulejywt49kt2rr0vthywaa50xwsq09rwsv5zvm3658ugyssehs360eh82v7zclyn32u
capacity__target_consumed_capacity,1578943444329.0,0.004818236920346204,28.08777703316351,ckb1qzda0cr08m85hc8jlnfp3zer7xulejywt49kt2rr0vthywaa50xwsq09rwsv5zvm3658ugyssehs360eh82v7zclyn32u
capacity__target_net_capacity_delta,-1578943444329.0,-0.5894006716472747,-28.08777703316351,ckb1qzda0cr08m85hc8jlnfp3zer7xulejywt49kt2rr0vthywaa50xwsq09rwsv5zvm3658ugyssehs360eh82v7zclyn32u
lineage__continuation_count,0.0,0.0,0.0,ckb1qzda0cr08m85hc8jlnfp3zer7xulejywt49kt2rr0vthywaa50xwsq09rwsv5zvm3658ugyssehs360eh82v7zclyn32u
lineage__lineage_depth,1.0,-1.0,0.6931471805599453,ckb1qzda0cr08m85hc8jlnfp3zer7xulejywt49kt2rr0vthywaa50xwsq09rwsv5zvm3658ugyssehs360eh82v7zclyn32u
lineage__lineage_repetition,0.0,-1.128899193514562,0.0,ckb1qzda0cr08m85hc8jlnfp3zer7xulejywt49kt2rr0vthywaa50xwsq09rwsv5zvm3658ugyssehs360eh82v7zclyn32u
lineage__merge_count,1.0,-0.26957728969081496,0.6931471805599453,ckb1qzda0cr08m85hc8jlnfp3zer7xulejywt49kt2rr0vthywaa50xwsq09rwsv5zvm3658ugyssehs360eh82v7zclyn32u
scripts__type_family_count,0.0,-0.501218028601448,0.0,ckb1qzda0cr08m85hc8jlnfp3zer7xulejywt49kt2rr0vthywaa50xwsq09rwsv5zvm3658ugyssehs360eh82v7zclyn32u
scripts__unique_lock_script_count,2.0,-0.5532947556651122,1.0986122886681098,ckb1qzda0cr08m85hc8jlnfp3zer7xulejywt49kt2rr0vthywaa50xwsq09rwsv5zvm3658ugyssehs360eh82v7zclyn32u
scripts__unique_type_script_count,0.0,0.0,0.0,ckb1qzda0cr08m85hc8jlnfp3zer7xulejywt49kt2rr0vthywaa50xwsq09rwsv5zvm3658ugyssehs360eh82v7zclyn32u
capacity__capacity_repeat_ratio,1.0,0.9020803841920981,1.0,ckb1qzda0cr08m85hc8jlnfp3zer7xulejywt49kt2rr0vthywaa50xwsq0anafacyafq0j2rek0jx5rztanvvw9kcqdtkwna
capacity__target_consumed_capacity,16713813256914.0,0.34498768904396054,30.44725663459118,ckb1qzda0cr08m85hc8jlnfp3zer7xulejywt49kt2rr0vthywaa50xwsq0anafacyafq0j2rek0jx5rztanvvw9kcqdtkwna
capacity__target_net_capacity_delta,0.0,0.0,0.0,ckb1qzda0cr08m85hc8jlnfp3zer7xulejywt49kt2rr0vthywaa50xwsq0anafacyafq0j2rek0jx5rztanvvw9kcqdtkwna
lineage__continuation_count,0.0,0.0,0.0,ckb1qzda0cr08m85hc8jlnfp3zer7xulejywt49kt2rr0vthywaa50xwsq0anafacyafq0j2rek0jx5rztanvvw9kcqdtkwna
lineage__lineage_depth,4.0,1.2598510045646625,1.6094379124341003,ckb1qzda0cr08m85hc8jlnfp3zer7xulejywt49kt2rr0vthywaa50xwsq0anafacyafq0j2rek0jx5rztanvvw9kcqdtkwna
lineage__lineage_repetition,1.0,1.027789217390062,1.0,ckb1qzda0cr08m85hc8jlnfp3zer7xulejywt49kt2rr0vthywaa50xwsq0anafacyafq0j2rek0jx5rztanvvw9kcqdtkwna
lineage__merge_count,414.0,3.277534947422561,6.028278520230698,ckb1qzda0cr08m85hc8jlnfp3zer7xulejywt49kt2rr0vthywaa50xwsq0anafacyafq0j2rek0jx5rztanvvw9kcqdtkwna
scripts__type_family_count,0.0,-0.501218028601448,0.0,ckb1qzda0cr08m85hc8jlnfp3zer7xulejywt49kt2rr0vthywaa50xwsq0anafacyafq0j2rek0jx5rztanvvw9kcqdtkwna
scripts__unique_lock_script_count,46.0,1.643078686269145,3.8501476017100584,ckb1qzda0cr08m85hc8jlnfp3zer7xulejywt49kt2rr0vthywaa50xwsq0anafacyafq0j2rek0jx5rztanvvw9kcqdtkwna
scripts__unique_type_script_count,0.0,0.0,0.0,ckb1qzda0cr08m85hc8jlnfp3zer7xulejywt49kt2rr0vthywaa50xwsq0anafacyafq0j2rek0jx5rztanvvw9kcqdtkwna
capacity__capacity_repeat_ratio,0.5365853658536586,-0.1410905687632188,0.5365853658536586,ckb1qzda0cr08m85hc8jlnfp3zer7xulejywt49kt2rr0vthywaa50xwsq0c46k06e2fp7rg9aq9yqxwaat763nrpegmdg0qn
capacity__target_consumed_capacity,24410451607918.0,0.3995963319457241,30.826032501101196,ckb1qzda0cr08m85hc8jlnfp3zer7xulejywt49kt2rr0vthywaa50xwsq0c46k06e2fp7rg9aq9yqxwaat763nrpegmdg0qn
capacity__target_net_capacity_delta,-15274660647937.0,-0.6370231334813875,-30.357216404565154,ckb1qzda0cr08m85hc8jlnfp3zer7xulejywt49kt2rr0vthywaa50xwsq0c46k06e2fp7rg9aq9yqxwaat763nrpegmdg0qn
lineage__continuation_count,0.0,0.0,0.0,ckb1qzda0cr08m85hc8jlnfp3zer7xulejywt49kt2rr0vthywaa50xwsq0c46k06e2fp7rg9aq9yqxwaat763nrpegmdg0qn
lineage__lineage_depth,2.0,0.0,1.0986122886681098,ckb1qzda0cr08m85hc8jlnfp3zer7xulejywt49kt2rr0vthywaa50xwsq0c46k06e2fp7rg9aq9yqxwaat763nrpegmdg0qn
lineage__lineage_repetition,1.0,1.027789217390062,1.0,ckb1qzda0cr08m85hc8jlnfp3zer7xulejywt49kt2rr0vthywaa50xwsq0c46k06e2fp7rg9aq9yqxwaat763nrpegmdg0qn
lineage__merge_count,0.0,-0.7304227103091852,0.0,ckb1qzda0cr08m85hc8jlnfp3zer7xulejywt49kt2rr0vthywaa50xwsq0c46k06e2fp7rg9aq9yqxwaat763nrpegmdg0qn
scripts__type_family_count,0.0,-0.501218028601448,0.0,ckb1qzda0cr08m85hc8jlnfp3zer7xulejywt49kt2rr0vthywaa50xwsq0c46k06e2fp7rg9aq9yqxwaat763nrpegmdg0qn
scripts__unique_lock_script_count,46.0,1.643078686269145,3.8501476017100584,ckb1qzda0cr08m85hc8jlnfp3zer7xulejywt49kt2rr0vthywaa50xwsq0c46k06e2fp7rg9aq9yqxwaat763nrpegmdg0qn
scripts__unique_type_script_count,0.0,0.0,0.0,ckb1qzda0cr08m85hc8jlnfp3zer7xulejywt49kt2rr0vthywaa50xwsq0c46k06e2fp7rg9aq9yqxwaat763nrpegmdg0qn
capacity__capacity_repeat_ratio,1.0,0.9020803841920981,1.0,ckb1qzda0cr08m85hc8jlnfp3zer7xulejywt49kt2rr0vthywaa50xwsq0c46rcy6f2qav3ddfgv2540mz6vl7knlc0pl0a0
capacity__target_consumed_capacity,34449317696562.0,0.4492601758826416,31.170510307577075,ckb1qzda0cr08m85hc8jlnfp3zer7xulejywt49kt2rr0vthywaa50xwsq0c46rcy6f2qav3ddfgv2540mz6vl7knlc0pl0a0
capacity__target_net_capacity_delta,0.0,0.0,0.0,ckb1qzda0cr08m85hc8jlnfp3zer7xulejywt49kt2rr0vthywaa50xwsq0c46rcy6f2qav3ddfgv2540mz6vl7knlc0pl0a0
lineage__continuation_count,0.0,0.0,0.0,ckb1qzda0cr08m85hc8jlnfp3zer7xulejywt49kt2rr0vthywaa50xwsq0c46rcy6f2qav3ddfgv2540mz6vl7knlc0pl0a0
lineage__lineage_depth,2.0,0.0,1.0986122886681098,ckb1qzda0cr08m85hc8jlnfp3zer7xulejywt49kt2rr0vthywaa50xwsq0c46rcy6f2qav3ddfgv2540mz6vl7knlc0pl0a0
lineage__lineage_repetition,0.8333333333333334,0.6683411489059582,0.8333333333333334,ckb1qzda0cr08m85hc8jlnfp3zer7xulejywt49kt2rr0vthywaa50xwsq0c46rcy6f2qav3ddfgv2540mz6vl7knlc0pl0a0
lineage__merge_count,1.0,-0.26957728969081496,0.6931471805599453,ckb1qzda0cr08m85hc8jlnfp3zer7xulejywt49kt2rr0vthywaa50xwsq0c46rcy6f2qav3ddfgv2540mz6vl7knlc0pl0a0
scripts__type_family_count,0.0,-0.501218028601448,0.0,ckb1qzda0cr08m85hc8jlnfp3zer7xulejywt49kt2rr0vthywaa50xwsq0c46rcy6f2qav3ddfgv2540mz6vl7knlc0pl0a0
scripts__unique_lock_script_count,5.0,0.0,1.791759469228055,ckb1qzda0cr08m85hc8jlnfp3zer7xulejywt49kt2rr0vthywaa50xwsq0c46rcy6f2qav3ddfgv2540mz6vl7knlc0pl0a0
scripts__unique_type_script_count,0.0,0.0,0.0,ckb1qzda0cr08m85hc8jlnfp3zer7xulejywt49kt2rr0vthywaa50xwsq0c46rcy6f2qav3ddfgv2540mz6vl7knlc0pl0a0
capacity__capacity_repeat_ratio,1.0,0.9020803841920981,1.0,ckb1qzda0cr08m85hc8jlnfp3zer7xulejywt49kt2rr0vthywaa50xwsq0cl8tlydpzpp6wzeuzfsm926sp9m0rpqqt2qecr
capacity__target_consumed_capacity,28268792624161.0,0.4207530618941378,30.972779577990558,ckb1qzda0cr08m85hc8jlnfp3zer7xulejywt49kt2rr0vthywaa50xwsq0cl8tlydpzpp6wzeuzfsm926sp9m0rpqqt2qecr
capacity__target_net_capacity_delta,0.0,0.0,0.0,ckb1qzda0cr08m85hc8jlnfp3zer7xulejywt49kt2rr0vthywaa50xwsq0cl8tlydpzpp6wzeuzfsm926sp9m0rpqqt2qecr
lineage__continuation_count,0.0,0.0,0.0,ckb1qzda0cr08m85hc8jlnfp3zer7xulejywt49kt2rr0vthywaa50xwsq0cl8tlydpzpp6wzeuzfsm926sp9m0rpqqt2qecr
lineage__lineage_depth,2.0,0.0,1.0986122886681098,ckb1qzda0cr08m85hc8jlnfp3zer7xulejywt49kt2rr0vthywaa50xwsq0cl8tlydpzpp6wzeuzfsm926sp9m0rpqqt2qecr
lineage__lineage_repetition,0.9722222222222222,0.9678812059760448,0.9722222222222222,ckb1qzda0cr08m85hc8jlnfp3zer7xulejywt49kt2rr0vthywaa50xwsq0cl8tlydpzpp6wzeuzfsm926sp9m0rpqqt2qecr
lineage__merge_count,27.0,1.4850247908082437,3.332204510175204,ckb1qzda0cr08m85hc8jlnfp3zer7xulejywt49kt2rr0vthywaa50xwsq0cl8tlydpzpp6wzeuzfsm926sp9m0rpqqt2qecr
scripts__type_family_count,0.0,-0.501218028601448,0.0,ckb1qzda0cr08m85hc8jlnfp3zer7xulejywt49kt2rr0vthywaa50xwsq0cl8tlydpzpp6wzeuzfsm926sp9m0rpqqt2qecr
scripts__unique_lock_script_count,25.0,1.1704824501274753,3.258096538021482,ckb1qzda0cr08m85hc8jlnfp3zer7xulejywt49kt2rr0vthywaa50xwsq0cl8tlydpzpp6wzeuzfsm926sp9m0rpqqt2qecr
scripts__unique_type_script_count,0.0,0.0,0.0,ckb1qzda0cr08m85hc8jlnfp3zer7xulejywt49kt2rr0vthywaa50xwsq0cl8tlydpzpp6wzeuzfsm926sp9m0rpqqt2qecr
capacity__capacity_repeat_ratio,1.0,0.9020803841920981,1.0,ckb1qzda0cr08m85hc8jlnfp3zer7xulejywt49kt2rr0vthywaa50xwsq0ejdewpqqsdy22zke90ug9h9u0jvlqskcjysp8m
capacity__target_consumed_capacity,14856434998602.0,0.32800395135139765,30.329454220554783,ckb1qzda0cr08m85hc8jlnfp3zer7xulejywt49kt2rr0vthywaa50xwsq0ejdewpqqsdy22zke90ug9h9u0jvlqskcjysp8m
capacity__target_net_capacity_delta,0.0,0.0,0.0,ckb1qzda0cr08m85hc8jlnfp3zer7xulejywt49kt2rr0vthywaa50xwsq0ejdewpqqsdy22zke90ug9h9u0jvlqskcjysp8m
lineage__continuation_count,0.0,0.0,0.0,ckb1qzda0cr08m85hc8jlnfp3zer7xulejywt49kt2rr0vthywaa50xwsq0ejdewpqqsdy22zke90ug9h9u0jvlqskcjysp8m
lineage__lineage_depth,2.0,0.0,1.0986122886681098,ckb1qzda0cr08m85hc8jlnfp3zer7xulejywt49kt2rr0vthywaa50xwsq0ejdewpqqsdy22zke90ug9h9u0jvlqskcjysp8m
lineage__lineage_repetition,0.0,-1.128899193514562,0.0,ckb1qzda0cr08m85hc8jlnfp3zer7xulejywt49kt2rr0vthywaa50xwsq0ejdewpqqsdy22zke90ug9h9u0jvlqskcjysp8m
lineage__merge_count,1.0,-0.26957728969081496,0.6931471805599453,ckb1qzda0cr08m85hc8jlnfp3zer7xulejywt49kt2rr0vthywaa50xwsq0ejdewpqqsdy22zke90ug9h9u0jvlqskcjysp8m
scripts__type_family_count,1.0,1.9951397255009098,0.6931471805599453,ckb1qzda0cr08m85hc8jlnfp3zer7xulejywt49kt2rr0vthywaa50xwsq0ejdewpqqsdy22zke90ug9h9u0jvlqskcjysp8m
scripts__unique_lock_script_count,6.0,0.12304856042512263,1.9459101490553132,ckb1qzda0cr08m85hc8jlnfp3zer7xulejywt49kt2rr0vthywaa50xwsq0ejdewpqqsdy22zke90ug9h9u0jvlqskcjysp8m
scripts__unique_type_script_count,1.0,1.0,0.6931471805599453,ckb1qzda0cr08m85hc8jlnfp3zer7xulejywt49kt2rr0vthywaa50xwsq0ejdewpqqsdy22zke90ug9h9u0jvlqskcjysp8m
capacity__capacity_repeat_ratio,0.0,-1.3489727248167438,0.0,ckb1qzda0cr08m85hc8jlnfp3zer7xulejywt49kt2rr0vthywaa50xwsq0er7n9s6mrsravyz79mjqpl97j7tg48ased4uwq
capacity__target_consumed_capacity,0.0,-4.044635599832544,0.0,ckb1qzda0cr08m85hc8jlnfp3zer7xulejywt49kt2rr0vthywaa50xwsq0er7n9s6mrsravyz79mjqpl97j7tg48ased4uwq
capacity__target_net_capacity_delta,980000000000.0,0.579392057105559,27.610818408612047,ckb1qzda0cr08m85hc8jlnfp3zer7xulejywt49kt2rr0vthywaa50xwsq0er7n9s6mrsravyz79mjqpl97j7tg48ased4uwq
lineage__continuation_count,0.0,0.0,0.0,ckb1qzda0cr08m85hc8jlnfp3zer7xulejywt49kt2rr0vthywaa50xwsq0er7n9s6mrsravyz79mjqpl97j7tg48ased4uwq
lineage__lineage_depth,1.0,-1.0,0.6931471805599453,ckb1qzda0cr08m85hc8jlnfp3zer7xulejywt49kt2rr0vthywaa50xwsq0er7n9s6mrsravyz79mjqpl97j7tg48ased4uwq
lineage__lineage_repetition,0.0,-1.128899193514562,0.0,ckb1qzda0cr08m85hc8jlnfp3zer7xulejywt49kt2rr0vthywaa50xwsq0er7n9s6mrsravyz79mjqpl97j7tg48ased4uwq
lineage__merge_count,0.0,-0.7304227103091852,0.0,ckb1qzda0cr08m85hc8jlnfp3zer7xulejywt49kt2rr0vthywaa50xwsq0er7n9s6mrsravyz79mjqpl97j7tg48ased4uwq
scripts__type_family_count,0.0,-0.501218028601448,0.0,ckb1qzda0cr08m85hc8jlnfp3zer7xulejywt49kt2rr0vthywaa50xwsq0er7n9s6mrsravyz79mjqpl97j7tg48ased4uwq
scripts__unique_lock_script_count,2.0,-0.5532947556651122,1.0986122886681098,ckb1qzda0cr08m85hc8jlnfp3zer7xulejywt49kt2rr0vthywaa50xwsq0er7n9s6mrsravyz79mjqpl97j7tg48ased4uwq
scripts__unique_type_script_count,0.0,0.0,0.0,ckb1qzda0cr08m85hc8jlnfp3zer7xulejywt49kt2rr0vthywaa50xwsq0er7n9s6mrsravyz79mjqpl97j7tg48ased4uwq
capacity__capacity_repeat_ratio,1.0,0.9020803841920981,1.0,ckb1qzda0cr08m85hc8jlnfp3zer7xulejywt49kt2rr0vthywaa50xwsq0fjsxk3ufezyljeglltk69mhtgrruqsusa36w9h
capacity__target_consumed_capacity,829781088000.0,-0.08793432251560608,27.44442775355268,ckb1qzda0cr08m85hc8jlnfp3zer7xulejywt49kt2rr0vthywaa50xwsq0fjsxk3ufezyljeglltk69mhtgrruqsusa36w9h
capacity__target_net_capacity_delta,0.0,0.0,0.0,ckb1qzda0cr08m85hc8jlnfp3zer7xulejywt49kt2rr0vthywaa50xwsq0fjsxk3ufezyljeglltk69mhtgrruqsusa36w9h
lineage__continuation_count,0.0,0.0,0.0,ckb1qzda0cr08m85hc8jlnfp3zer7xulejywt49kt2rr0vthywaa50xwsq0fjsxk3ufezyljeglltk69mhtgrruqsusa36w9h
lineage__lineage_depth,2.0,0.0,1.0986122886681098,ckb1qzda0cr08m85hc8jlnfp3zer7xulejywt49kt2rr0vthywaa50xwsq0fjsxk3ufezyljeglltk69mhtgrruqsusa36w9h
lineage__lineage_repetition,0.0,-1.128899193514562,0.0,ckb1qzda0cr08m85hc8jlnfp3zer7xulejywt49kt2rr0vthywaa50xwsq0fjsxk3ufezyljeglltk69mhtgrruqsusa36w9h
lineage__merge_count,0.0,-0.7304227103091852,0.0,ckb1qzda0cr08m85hc8jlnfp3zer7xulejywt49kt2rr0vthywaa50xwsq0fjsxk3ufezyljeglltk69mhtgrruqsusa36w9h
scripts__type_family_count,0.0,-0.501218028601448,0.0,ckb1qzda0cr08m85hc8jlnfp3zer7xulejywt49kt2rr0vthywaa50xwsq0fjsxk3ufezyljeglltk69mhtgrruqsusa36w9h
scripts__unique_lock_script_count,4.0,-0.14553555730732698,1.6094379124341003,ckb1qzda0cr08m85hc8jlnfp3zer7xulejywt49kt2rr0vthywaa50xwsq0fjsxk3ufezyljeglltk69mhtgrruqsusa36w9h
scripts__unique_type_script_count,0.0,0.0,0.0,ckb1qzda0cr08m85hc8jlnfp3zer7xulejywt49kt2rr0vthywaa50xwsq0fjsxk3ufezyljeglltk69mhtgrruqsusa36w9h
capacity__capacity_repeat_ratio,0.25,-0.7862094475645334,0.25,ckb1qzda0cr08m85hc8jlnfp3zer7xulejywt49kt2rr0vthywaa50xwsq0fuqrqqcykvepusm4st0asqya208yzxcgcgewm5
capacity__target_consumed_capacity,2321508624859.0,0.060390731869074725,28.47323835960948,ckb1qzda0cr08m85hc8jlnfp3zer7xulejywt49kt2rr0vthywaa50xwsq0fuqrqqcykvepusm4st0asqya208yzxcgcgewm5
capacity__target_net_capacity_delta,9773070644132.0,0.6276523149089088,29.910651825759377,ckb1qzda0cr08m85hc8jlnfp3zer7xulejywt49kt2rr0vthywaa50xwsq0fuqrqqcykvepusm4st0asqya208yzxcgcgewm5
lineage__continuation_count,0.0,0.0,0.0,ckb1qzda0cr08m85hc8jlnfp3zer7xulejywt49kt2rr0vthywaa50xwsq0fuqrqqcykvepusm4st0asqya208yzxcgcgewm5
lineage__lineage_depth,3.0,0.7095112913514542,1.3862943611198906,ckb1qzda0cr08m85hc8jlnfp3zer7xulejywt49kt2rr0vthywaa50xwsq0fuqrqqcykvepusm4st0asqya208yzxcgcgewm5
lineage__lineage_repetition,1.0,1.027789217390062,1.0,ckb1qzda0cr08m85hc8jlnfp3zer7xulejywt49kt2rr0vthywaa50xwsq0fuqrqqcykvepusm4st0asqya208yzxcgcgewm5
lineage__merge_count,144.0,2.5784055142804063,4.976733742420574,ckb1qzda0cr08m85hc8jlnfp3zer7xulejywt49kt2rr0vthywaa50xwsq0fuqrqqcykvepusm4st0asqya208yzxcgcgewm5
scripts__type_family_count,0.0,-0.501218028601448,0.0,ckb1qzda0cr08m85hc8jlnfp3zer7xulejywt49kt2rr0vthywaa50xwsq0fuqrqqcykvepusm4st0asqya208yzxcgcgewm5
scripts__unique_lock_script_count,4.0,-0.14553555730732698,1.6094379124341003,ckb1qzda0cr08m85hc8jlnfp3zer7xulejywt49kt2rr0vthywaa50xwsq0fuqrqqcykvepusm4st0asqya208yzxcgcgewm5
scripts__unique_type_script_count,0.0,0.0,0.0,ckb1qzda0cr08m85hc8jlnfp3zer7xulejywt49kt2rr0vthywaa50xwsq0fuqrqqcykvepusm4st0asqya208yzxcgcgewm5
capacity__capacity_repeat_ratio,0.0,-1.3489727248167438,0.0,ckb1qzda0cr08m85hc8jlnfp3zer7xulejywt49kt2rr0vthywaa50xwsq0guyenkvxw036k2zukneprz8x4erevtgs958r7v
capacity__target_consumed_capacity,0.0,-4.044635599832544,0.0,ckb1qzda0cr08m85hc8jlnfp3zer7xulejywt49kt2rr0vthywaa50xwsq0guyenkvxw036k2zukneprz8x4erevtgs958r7v
capacity__target_net_capacity_delta,13143643000000.0,0.6338701029921625,30.206959335613053,ckb1qzda0cr08m85hc8jlnfp3zer7xulejywt49kt2rr0vthywaa50xwsq0guyenkvxw036k2zukneprz8x4erevtgs958r7v
lineage__continuation_count,0.0,0.0,0.0,ckb1qzda0cr08m85hc8jlnfp3zer7xulejywt49kt2rr0vthywaa50xwsq0guyenkvxw036k2zukneprz8x4erevtgs958r7v
lineage__lineage_depth,1.0,-1.0,0.6931471805599453,ckb1qzda0cr08m85hc8jlnfp3zer7xulejywt49kt2rr0vthywaa50xwsq0guyenkvxw036k2zukneprz8x4erevtgs958r7v
lineage__lineage_repetition,1.0,1.027789217390062,1.0,ckb1qzda0cr08m85hc8jlnfp3zer7xulejywt49kt2rr0vthywaa50xwsq0guyenkvxw036k2zukneprz8x4erevtgs958r7v
lineage__merge_count,0.0,-0.7304227103091852,0.0,ckb1qzda0cr08m85hc8jlnfp3zer7xulejywt49kt2rr0vthywaa50xwsq0guyenkvxw036k2zukneprz8x4erevtgs958r7v
scripts__type_family_count,0.0,-0.501218028601448,0.0,ckb1qzda0cr08m85hc8jlnfp3zer7xulejywt49kt2rr0vthywaa50xwsq0guyenkvxw036k2zukneprz8x4erevtgs958r7v
scripts__unique_lock_script_count,2.0,-0.5532947556651122,1.0986122886681098,ckb1qzda0cr08m85hc8jlnfp3zer7xulejywt49kt2rr0vthywaa50xwsq0guyenkvxw036k2zukneprz8x4erevtgs958r7v
scripts__unique_type_script_count,0.0,0.0,0.0,ckb1qzda0cr08m85hc8jlnfp3zer7xulejywt49kt2rr0vthywaa50xwsq0guyenkvxw036k2zukneprz8x4erevtgs958r7v
capacity__capacity_repeat_ratio,0.6666666666666666,0.1517293478558174,0.6666666666666666,ckb1qzda0cr08m85hc8jlnfp3zer7xulejywt49kt2rr0vthywaa50xwsq0jc2vwf6jsj7852lryh3hfh4jkvk548gqh4yp6v
capacity__target_consumed_capacity,143055300000000.0,0.6545230491256621,32.59425238472087,ckb1qzda0cr08m85hc8jlnfp3zer7xulejywt49kt2rr0vthywaa50xwsq0jc2vwf6jsj7852lryh3hfh4jkvk548gqh4yp6v
capacity__target_net_capacity_delta,-5600000000.0,-0.471012945499608,-22.446032434866087,ckb1qzda0cr08m85hc8jlnfp3zer7xulejywt49kt2rr0vthywaa50xwsq0jc2vwf6jsj7852lryh3hfh4jkvk548gqh4yp6v
lineage__continuation_count,0.0,0.0,0.0,ckb1qzda0cr08m85hc8jlnfp3zer7xulejywt49kt2rr0vthywaa50xwsq0jc2vwf6jsj7852lryh3hfh4jkvk548gqh4yp6v
lineage__lineage_depth,2.0,0.0,1.0986122886681098,ckb1qzda0cr08m85hc8jlnfp3zer7xulejywt49kt2rr0vthywaa50xwsq0jc2vwf6jsj7852lryh3hfh4jkvk548gqh4yp6v
lineage__lineage_repetition,0.4,-0.26622382915271237,0.4,ckb1qzda0cr08m85hc8jlnfp3zer7xulejywt49kt2rr0vthywaa50xwsq0jc2vwf6jsj7852lryh3hfh4jkvk548gqh4yp6v
lineage__merge_count,5.0,0.4608454206183701,1.791759469228055,ckb1qzda0cr08m85hc8jlnfp3zer7xulejywt49kt2rr0vthywaa50xwsq0jc2vwf6jsj7852lryh3hfh4jkvk548gqh4yp6v
scripts__type_family_count,0.0,-0.501218028601448,0.0,ckb1qzda0cr08m85hc8jlnfp3zer7xulejywt49kt2rr0vthywaa50xwsq0jc2vwf6jsj7852lryh3hfh4jkvk548gqh4yp6v
scripts__unique_lock_script_count,8.0,0.3236566839097654,2.1972245773362196,ckb1qzda0cr08m85hc8jlnfp3zer7xulejywt49kt2rr0vthywaa50xwsq0jc2vwf6jsj7852lryh3hfh4jkvk548gqh4yp6v
scripts__unique_type_script_count,0.0,0.0,0.0,ckb1qzda0cr08m85hc8jlnfp3zer7xulejywt49kt2rr0vthywaa50xwsq0jc2vwf6jsj7852lryh3hfh4jkvk548gqh4yp6v
capacity__capacity_repeat_ratio,0.9333333333333333,0.7520101769248421,0.9333333333333333,ckb1qzda0cr08m85hc8jlnfp3zer7xulejywt49kt2rr0vthywaa50xwsq0k5jc20yyf62n2879zxymntrhyke0zg9crdzqfz
capacity__target_consumed_capacity,132986036438679.0,0.6440003924346683,32.521265249455695,ckb1qzda0cr08m85hc8jlnfp3zer7xulejywt49kt2rr0vthywaa50xwsq0k5jc20yyf62n2879zxymntrhyke0zg9crdzqfz
capacity__target_net_capacity_delta,-26556243918201.0,-0.6486288791971621,-30.910286011793815,ckb1qzda0cr08m85hc8jlnfp3zer7xulejywt49kt2rr0vthywaa50xwsq0k5jc20yyf62n2879zxymntrhyke0zg9crdzqfz
lineage__continuation_count,9.0,3.3219280948873626,2.302585092994046,ckb1qzda0cr08m85hc8jlnfp3zer7xulejywt49kt2rr0vthywaa50xwsq0k5jc20yyf62n2879zxymntrhyke0zg9crdzqfz
lineage__lineage_depth,11.0,3.4190225827029086,2.4849066497880004,ckb1qzda0cr08m85hc8jlnfp3zer7xulejywt49kt2rr0vthywaa50xwsq0k5jc20yyf62n2879zxymntrhyke0zg9crdzqfz
lineage__lineage_repetition,0.9090909090909091,0.8317266345805507,0.9090909090909091,ckb1qzda0cr08m85hc8jlnfp3zer7xulejywt49kt2rr0vthywaa50xwsq0k5jc20yyf62n2879zxymntrhyke0zg9crdzqfz
lineage__merge_count,5.0,0.4608454206183701,1.791759469228055,ckb1qzda0cr08m85hc8jlnfp3zer7xulejywt49kt2rr0vthywaa50xwsq0k5jc20yyf62n2879zxymntrhyke0zg9crdzqfz
scripts__type_family_count,1.0,1.9951397255009098,0.6931471805599453,ckb1qzda0cr08m85hc8jlnfp3zer7xulejywt49kt2rr0vthywaa50xwsq0k5jc20yyf62n2879zxymntrhyke0zg9crdzqfz
scripts__unique_lock_script_count,2.0,-0.5532947556651122,1.0986122886681098,ckb1qzda0cr08m85hc8jlnfp3zer7xulejywt49kt2rr0vthywaa50xwsq0k5jc20yyf62n2879zxymntrhyke0zg9crdzqfz
scripts__unique_type_script_count,1.0,1.0,0.6931471805599453,ckb1qzda0cr08m85hc8jlnfp3zer7xulejywt49kt2rr0vthywaa50xwsq0k5jc20yyf62n2879zxymntrhyke0zg9crdzqfz
capacity__capacity_repeat_ratio,0.6666666666666666,0.1517293478558174,0.6666666666666666,ckb1qzda0cr08m85hc8jlnfp3zer7xulejywt49kt2rr0vthywaa50xwsq0l05nyuesryj4upnexyk2wzw0upsn8m7q7c6g0e
capacity__target_consumed_capacity,18752984933625.0,0.36158432706191096,30.562374052134608,ckb1qzda0cr08m85hc8jlnfp3zer7xulejywt49kt2rr0vthywaa50xwsq0l05nyuesryj4upnexyk2wzw0upsn8m7q7c6g0e
capacity__target_net_capacity_delta,63841635683.0,0.5220810113564573,24.87967141137628,ckb1qzda0cr08m85hc8jlnfp3zer7xulejywt49kt2rr0vthywaa50xwsq0l05nyuesryj4upnexyk2wzw0upsn8m7q7c6g0e
lineage__continuation_count,1.0,1.0,0.6931471805599453,ckb1qzda0cr08m85hc8jlnfp3zer7xulejywt49kt2rr0vthywaa50xwsq0l05nyuesryj4upnexyk2wzw0upsn8m7q7c6g0e
lineage__lineage_depth,2.0,0.0,1.0986122886681098,ckb1qzda0cr08m85hc8jlnfp3zer7xulejywt49kt2rr0vthywaa50xwsq0l05nyuesryj4upnexyk2wzw0upsn8m7q7c6g0e
lineage__lineage_repetition,0.0,-1.128899193514562,0.0,ckb1qzda0cr08m85hc8jlnfp3zer7xulejywt49kt2rr0vthywaa50xwsq0l05nyuesryj4upnexyk2wzw0upsn8m7q7c6g0e
lineage__merge_count,1.0,-0.26957728969081496,0.6931471805599453,ckb1qzda0cr08m85hc8jlnfp3zer7xulejywt49kt2rr0vthywaa50xwsq0l05nyuesryj4upnexyk2wzw0upsn8m7q7c6g0e
scripts__type_family_count,1.0,1.9951397255009098,0.6931471805599453,ckb1qzda0cr08m85hc8jlnfp3zer7xulejywt49kt2rr0vthywaa50xwsq0l05nyuesryj4upnexyk2wzw0upsn8m7q7c6g0e
scripts__unique_lock_script_count,5.0,0.0,1.791759469228055,ckb1qzda0cr08m85hc8jlnfp3zer7xulejywt49kt2rr0vthywaa50xwsq0l05nyuesryj4upnexyk2wzw0upsn8m7q7c6g0e
scripts__unique_type_script_count,1.0,1.0,0.6931471805599453,ckb1qzda0cr08m85hc8jlnfp3zer7xulejywt49kt2rr0vthywaa50xwsq0l05nyuesryj4upnexyk2wzw0upsn8m7q7c6g0e
capacity__capacity_repeat_ratio,1.0,0.9020803841920981,1.0,ckb1qzda0cr08m85hc8jlnfp3zer7xulejywt49kt2rr0vthywaa50xwsq0m0zyttfjaw4ft9sjyz8rv2jnk2e66e5c89pdn5
capacity__target_consumed_capacity,37397954152.0,-0.5348001632970238,24.344881838079257,ckb1qzda0cr08m85hc8jlnfp3zer7xulejywt49kt2rr0vthywaa50xwsq0m0zyttfjaw4ft9sjyz8rv2jnk2e66e5c89pdn5
capacity__target_net_capacity_delta,0.0,0.0,0.0,ckb1qzda0cr08m85hc8jlnfp3zer7xulejywt49kt2rr0vthywaa50xwsq0m0zyttfjaw4ft9sjyz8rv2jnk2e66e5c89pdn5
lineage__continuation_count,0.0,0.0,0.0,ckb1qzda0cr08m85hc8jlnfp3zer7xulejywt49kt2rr0vthywaa50xwsq0m0zyttfjaw4ft9sjyz8rv2jnk2e66e5c89pdn5
lineage__lineage_depth,2.0,0.0,1.0986122886681098,ckb1qzda0cr08m85hc8jlnfp3zer7xulejywt49kt2rr0vthywaa50xwsq0m0zyttfjaw4ft9sjyz8rv2jnk2e66e5c89pdn5
lineage__lineage_repetition,0.0,-1.128899193514562,0.0,ckb1qzda0cr08m85hc8jlnfp3zer7xulejywt49kt2rr0vthywaa50xwsq0m0zyttfjaw4ft9sjyz8rv2jnk2e66e5c89pdn5
lineage__merge_count,0.0,-0.7304227103091852,0.0,ckb1qzda0cr08m85hc8jlnfp3zer7xulejywt49kt2rr0vthywaa50xwsq0m0zyttfjaw4ft9sjyz8rv2jnk2e66e5c89pdn5
scripts__type_family_count,0.0,-0.501218028601448,0.0,ckb1qzda0cr08m85hc8jlnfp3zer7xulejywt49kt2rr0vthywaa50xwsq0m0zyttfjaw4ft9sjyz8rv2jnk2e66e5c89pdn5
scripts__unique_lock_script_count,3.0,-0.3236566839097652,1.3862943611198906,ckb1qzda0cr08m85hc8jlnfp3zer7xulejywt49kt2rr0vthywaa50xwsq0m0zyttfjaw4ft9sjyz8rv2jnk2e66e5c89pdn5
scripts__unique_type_script_count,0.0,0.0,0.0,ckb1qzda0cr08m85hc8jlnfp3zer7xulejywt49kt2rr0vthywaa50xwsq0m0zyttfjaw4ft9sjyz8rv2jnk2e66e5c89pdn5
capacity__capacity_repeat_ratio,0.0,-1.3489727248167438,0.0,ckb1qzda0cr08m85hc8jlnfp3zer7xulejywt49kt2rr0vthywaa50xwsq0msjj9yjj2n6dtuafzzj6uen3p7mt966sfkapz2
capacity__target_consumed_capacity,0.0,-4.044635599832544,0.0,ckb1qzda0cr08m85hc8jlnfp3zer7xulejywt49kt2rr0vthywaa50xwsq0msjj9yjj2n6dtuafzzj6uen3p7mt966sfkapz2
capacity__target_net_capacity_delta,9766773542802.0,0.6276387897351352,29.9100072861727,ckb1qzda0cr08m85hc8jlnfp3zer7xulejywt49kt2rr0vthywaa50xwsq0msjj9yjj2n6dtuafzzj6uen3p7mt966sfkapz2
lineage__continuation_count,0.0,0.0,0.0,ckb1qzda0cr08m85hc8jlnfp3zer7xulejywt49kt2rr0vthywaa50xwsq0msjj9yjj2n6dtuafzzj6uen3p7mt966sfkapz2
lineage__lineage_depth,2.0,0.0,1.0986122886681098,ckb1qzda0cr08m85hc8jlnfp3zer7xulejywt49kt2rr0vthywaa50xwsq0msjj9yjj2n6dtuafzzj6uen3p7mt966sfkapz2
lineage__lineage_repetition,1.0,1.027789217390062,1.0,ckb1qzda0cr08m85hc8jlnfp3zer7xulejywt49kt2rr0vthywaa50xwsq0msjj9yjj2n6dtuafzzj6uen3p7mt966sfkapz2
lineage__merge_count,112.0,2.4126255323176014,4.727387818712341,ckb1qzda0cr08m85hc8jlnfp3zer7xulejywt49kt2rr0vthywaa50xwsq0msjj9yjj2n6dtuafzzj6uen3p7mt966sfkapz2
scripts__type_family_count,0.0,-0.501218028601448,0.0,ckb1qzda0cr08m85hc8jlnfp3zer7xulejywt49kt2rr0vthywaa50xwsq0msjj9yjj2n6dtuafzzj6uen3p7mt966sfkapz2
scripts__unique_lock_script_count,2.0,-0.5532947556651122,1.0986122886681098,ckb1qzda0cr08m85hc8jlnfp3zer7xulejywt49kt2rr0vthywaa50xwsq0msjj9yjj2n6dtuafzzj6uen3p7mt966sfkapz2
scripts__unique_type_script_count,0.0,0.0,0.0,ckb1qzda0cr08m85hc8jlnfp3zer7xulejywt49kt2rr0vthywaa50xwsq0msjj9yjj2n6dtuafzzj6uen3p7mt966sfkapz2
capacity__capacity_repeat_ratio,0.0,-1.3489727248167438,0.0,ckb1qzda0cr08m85hc8jlnfp3zer7xulejywt49kt2rr0vthywaa50xwsq0muw495z9pexgx7eftmgehycxjvtc89nsvmddpk
capacity__target_consumed_capacity,0.0,-4.044635599832544,0.0,ckb1qzda0cr08m85hc8jlnfp3zer7xulejywt49kt2rr0vthywaa50xwsq0muw495z9pexgx7eftmgehycxjvtc89nsvmddpk
capacity__target_net_capacity_delta,55208178000000.0,0.6639861159232585,31.64213221041208,ckb1qzda0cr08m85hc8jlnfp3zer7xulejywt49kt2rr0vthywaa50xwsq0muw495z9pexgx7eftmgehycxjvtc89nsvmddpk
lineage__continuation_count,0.0,0.0,0.0,ckb1qzda0cr08m85hc8jlnfp3zer7xulejywt49kt2rr0vthywaa50xwsq0muw495z9pexgx7eftmgehycxjvtc89nsvmddpk
lineage__lineage_depth,1.0,-1.0,0.6931471805599453,ckb1qzda0cr08m85hc8jlnfp3zer7xulejywt49kt2rr0vthywaa50xwsq0muw495z9pexgx7eftmgehycxjvtc89nsvmddpk
lineage__lineage_repetition,0.0,-1.128899193514562,0.0,ckb1qzda0cr08m85hc8jlnfp3zer7xulejywt49kt2rr0vthywaa50xwsq0muw495z9pexgx7eftmgehycxjvtc89nsvmddpk
lineage__merge_count,1.0,-0.26957728969081496,0.6931471805599453,ckb1qzda0cr08m85hc8jlnfp3zer7xulejywt49kt2rr0vthywaa50xwsq0muw495z9pexgx7eftmgehycxjvtc89nsvmddpk
scripts__type_family_count,0.0,-0.501218028601448,0.0,ckb1qzda0cr08m85hc8jlnfp3zer7xulejywt49kt2rr0vthywaa50xwsq0muw495z9pexgx7eftmgehycxjvtc89nsvmddpk
scripts__unique_lock_script_count,2.0,-0.5532947556651122,1.0986122886681098,ckb1qzda0cr08m85hc8jlnfp3zer7xulejywt49kt2rr0vthywaa50xwsq0muw495z9pexgx7eftmgehycxjvtc89nsvmddpk
scripts__unique_type_script_count,0.0,0.0,0.0,ckb1qzda0cr08m85hc8jlnfp3zer7xulejywt49kt2rr0vthywaa50xwsq0muw495z9pexgx7eftmgehycxjvtc89nsvmddpk
capacity__capacity_repeat_ratio,0.9285714285714286,0.7412908764057524,0.9285714285714286,ckb1qzda0cr08m85hc8jlnfp3zer7xulejywt49kt2rr0vthywaa50xwsq0p80per28ltwd4sm2052pjt4z8unckpucj6e5pc
capacity__target_consumed_capacity,2603339542669924.0,1.072810250276734,35.495571455239826,ckb1qzda0cr08m85hc8jlnfp3zer7xulejywt49kt2rr0vthywaa50xwsq0p80per28ltwd4sm2052pjt4z8unckpucj6e5pc
capacity__target_net_capacity_delta,-141469775360.0,-0.5387777628031641,-25.675351929524567,ckb1qzda0cr08m85hc8jlnfp3zer7xulejywt49kt2rr0vthywaa50xwsq0p80per28ltwd4sm2052pjt4z8unckpucj6e5pc
lineage__continuation_count,14.0,3.9068905956085187,2.70805020110221,ckb1qzda0cr08m85hc8jlnfp3zer7xulejywt49kt2rr0vthywaa50xwsq0p80per28ltwd4sm2052pjt4z8unckpucj6e5pc
lineage__lineage_depth,14.0,3.969362295916117,2.70805020110221,ckb1qzda0cr08m85hc8jlnfp3zer7xulejywt49kt2rr0vthywaa50xwsq0p80per28ltwd4sm2052pjt4z8unckpucj6e5pc
lineage__lineage_repetition,0.9285714285714286,0.873740045182589,0.9285714285714286,ckb1qzda0cr08m85hc8jlnfp3zer7xulejywt49kt2rr0vthywaa50xwsq0p80per28ltwd4sm2052pjt4z8unckpucj6e5pc
lineage__merge_count,1.0,-0.26957728969081496,0.6931471805599453,ckb1qzda0cr08m85hc8jlnfp3zer7xulejywt49kt2rr0vthywaa50xwsq0p80per28ltwd4sm2052pjt4z8unckpucj6e5pc
scripts__type_family_count,0.0,-0.501218028601448,0.0,ckb1qzda0cr08m85hc8jlnfp3zer7xulejywt49kt2rr0vthywaa50xwsq0p80per28ltwd4sm2052pjt4z8unckpucj6e5pc
scripts__unique_lock_script_count,5.0,0.0,1.791759469228055,ckb1qzda0cr08m85hc8jlnfp3zer7xulejywt49kt2rr0vthywaa50xwsq0p80per28ltwd4sm2052pjt4z8unckpucj6e5pc
scripts__unique_type_script_count,0.0,0.0,0.0,ckb1qzda0cr08m85hc8jlnfp3zer7xulejywt49kt2rr0vthywaa50xwsq0p80per28ltwd4sm2052pjt4z8unckpucj6e5pc
capacity__capacity_repeat_ratio,0.0,-1.3489727248167438,0.0,ckb1qzda0cr08m85hc8jlnfp3zer7xulejywt49kt2rr0vthywaa50xwsq0qer85n4uaq4gaz35uc6nc99svasgexmcymaweu
capacity__target_consumed_capacity,0.0,-4.044635599832544,0.0,ckb1qzda0cr08m85hc8jlnfp3zer7xulejywt49kt2rr0vthywaa50xwsq0qer85n4uaq4gaz35uc6nc99svasgexmcymaweu
capacity__target_net_capacity_delta,234273363868.0,0.5493622675443973,26.179754492126555,ckb1qzda0cr08m85hc8jlnfp3zer7xulejywt49kt2rr0vthywaa50xwsq0qer85n4uaq4gaz35uc6nc99svasgexmcymaweu
lineage__continuation_count,0.0,0.0,0.0,ckb1qzda0cr08m85hc8jlnfp3zer7xulejywt49kt2rr0vthywaa50xwsq0qer85n4uaq4gaz35uc6nc99svasgexmcymaweu
lineage__lineage_depth,1.0,-1.0,0.6931471805599453,ckb1qzda0cr08m85hc8jlnfp3zer7xulejywt49kt2rr0vthywaa50xwsq0qer85n4uaq4gaz35uc6nc99svasgexmcymaweu
lineage__lineage_repetition,0.75,0.48861711466390606,0.75,ckb1qzda0cr08m85hc8jlnfp3zer7xulejywt49kt2rr0vthywaa50xwsq0qer85n4uaq4gaz35uc6nc99svasgexmcymaweu
lineage__merge_count,1.0,-0.26957728969081496,0.6931471805599453,ckb1qzda0cr08m85hc8jlnfp3zer7xulejywt49kt2rr0vthywaa50xwsq0qer85n4uaq4gaz35uc6nc99svasgexmcymaweu
scripts__type_family_count,0.0,-0.501218028601448,0.0,ckb1qzda0cr08m85hc8jlnfp3zer7xulejywt49kt2rr0vthywaa50xwsq0qer85n4uaq4gaz35uc6nc99svasgexmcymaweu
scripts__unique_lock_script_count,2.0,-0.5532947556651122,1.0986122886681098,ckb1qzda0cr08m85hc8jlnfp3zer7xulejywt49kt2rr0vthywaa50xwsq0qer85n4uaq4gaz35uc6nc99svasgexmcymaweu
scripts__unique_type_script_count,0.0,0.0,0.0,ckb1qzda0cr08m85hc8jlnfp3zer7xulejywt49kt2rr0vthywaa50xwsq0qer85n4uaq4gaz35uc6nc99svasgexmcymaweu
capacity__capacity_repeat_ratio,1.0,0.9020803841920981,1.0,ckb1qzda0cr08m85hc8jlnfp3zer7xulejywt49kt2rr0vthywaa50xwsq0r0uwh2anx2znsuqqda47yw7pyzxavsag3zwln3
capacity__target_consumed_capacity,96753670000000.0,0.5981429524284324,32.20318937993556,ckb1qzda0cr08m85hc8jlnfp3zer7xulejywt49kt2rr0vthywaa50xwsq0r0uwh2anx2znsuqqda47yw7pyzxavsag3zwln3
capacity__target_net_capacity_delta,0.0,0.0,0.0,ckb1qzda0cr08m85hc8jlnfp3zer7xulejywt49kt2rr0vthywaa50xwsq0r0uwh2anx2znsuqqda47yw7pyzxavsag3zwln3
lineage__continuation_count,0.0,0.0,0.0,ckb1qzda0cr08m85hc8jlnfp3zer7xulejywt49kt2rr0vthywaa50xwsq0r0uwh2anx2znsuqqda47yw7pyzxavsag3zwln3
lineage__lineage_depth,2.0,0.0,1.0986122886681098,ckb1qzda0cr08m85hc8jlnfp3zer7xulejywt49kt2rr0vthywaa50xwsq0r0uwh2anx2znsuqqda47yw7pyzxavsag3zwln3
lineage__lineage_repetition,0.0,-1.128899193514562,0.0,ckb1qzda0cr08m85hc8jlnfp3zer7xulejywt49kt2rr0vthywaa50xwsq0r0uwh2anx2znsuqqda47yw7pyzxavsag3zwln3
lineage__merge_count,0.0,-0.7304227103091852,0.0,ckb1qzda0cr08m85hc8jlnfp3zer7xulejywt49kt2rr0vthywaa50xwsq0r0uwh2anx2znsuqqda47yw7pyzxavsag3zwln3
scripts__type_family_count,0.0,-0.501218028601448,0.0,ckb1qzda0cr08m85hc8jlnfp3zer7xulejywt49kt2rr0vthywaa50xwsq0r0uwh2anx2znsuqqda47yw7pyzxavsag3zwln3
scripts__unique_lock_script_count,3.0,-0.3236566839097652,1.3862943611198906,ckb1qzda0cr08m85hc8jlnfp3zer7xulejywt49kt2rr0vthywaa50xwsq0r0uwh2anx2znsuqqda47yw7pyzxavsag3zwln3
scripts__unique_type_script_count,0.0,0.0,0.0,ckb1qzda0cr08m85hc8jlnfp3zer7xulejywt49kt2rr0vthywaa50xwsq0r0uwh2anx2znsuqqda47yw7pyzxavsag3zwln3
capacity__capacity_repeat_ratio,1.0,0.9020803841920981,1.0,ckb1qzda0cr08m85hc8jlnfp3zer7xulejywt49kt2rr0vthywaa50xwsq0r9y77vk0sjk3m5t8x2pgp5wlque28mvqetg3vj
capacity__target_consumed_capacity,2510200000000.0,0.07165703212594014,28.551383547173156,ckb1qzda0cr08m85hc8jlnfp3zer7xulejywt49kt2rr0vthywaa50xwsq0r9y77vk0sjk3m5t8x2pgp5wlque28mvqetg3vj
capacity__target_net_capacity_delta,2510200000000.0,0.5991291022886427,28.551383547173156,ckb1qzda0cr08m85hc8jlnfp3zer7xulejywt49kt2rr0vthywaa50xwsq0r9y77vk0sjk3m5t8x2pgp5wlque28mvqetg3vj
lineage__continuation_count,1.0,1.0,0.6931471805599453,ckb1qzda0cr08m85hc8jlnfp3zer7xulejywt49kt2rr0vthywaa50xwsq0r9y77vk0sjk3m5t8x2pgp5wlque28mvqetg3vj
lineage__lineage_depth,2.0,0.0,1.0986122886681098,ckb1qzda0cr08m85hc8jlnfp3zer7xulejywt49kt2rr0vthywaa50xwsq0r9y77vk0sjk3m5t8x2pgp5wlque28mvqetg3vj
lineage__lineage_repetition,0.0,-1.128899193514562,0.0,ckb1qzda0cr08m85hc8jlnfp3zer7xulejywt49kt2rr0vthywaa50xwsq0r9y77vk0sjk3m5t8x2pgp5wlque28mvqetg3vj
lineage__merge_count,1.0,-0.26957728969081496,0.6931471805599453,ckb1qzda0cr08m85hc8jlnfp3zer7xulejywt49kt2rr0vthywaa50xwsq0r9y77vk0sjk3m5t8x2pgp5wlque28mvqetg3vj
scripts__type_family_count,1.0,1.9951397255009098,0.6931471805599453,ckb1qzda0cr08m85hc8jlnfp3zer7xulejywt49kt2rr0vthywaa50xwsq0r9y77vk0sjk3m5t8x2pgp5wlque28mvqetg3vj
scripts__unique_lock_script_count,3.0,-0.3236566839097652,1.3862943611198906,ckb1qzda0cr08m85hc8jlnfp3zer7xulejywt49kt2rr0vthywaa50xwsq0r9y77vk0sjk3m5t8x2pgp5wlque28mvqetg3vj
scripts__unique_type_script_count,1.0,1.0,0.6931471805599453,ckb1qzda0cr08m85hc8jlnfp3zer7xulejywt49kt2rr0vthywaa50xwsq0r9y77vk0sjk3m5t8x2pgp5wlque28mvqetg3vj
capacity__capacity_repeat_ratio,1.0,0.9020803841920981,1.0,ckb1qzda0cr08m85hc8jlnfp3zer7xulejywt49kt2rr0vthywaa50xwsq0rgz8mcc9ws8vv0m33vx8jm9u68knrplqz0m628
capacity__target_consumed_capacity,2653099889241.0,0.07963926774243942,28.606749841804678,ckb1qzda0cr08m85hc8jlnfp3zer7xulejywt49kt2rr0vthywaa50xwsq0rgz8mcc9ws8vv0m33vx8jm9u68knrplqz0m628
capacity__target_net_capacity_delta,0.0,0.0,0.0,ckb1qzda0cr08m85hc8jlnfp3zer7xulejywt49kt2rr0vthywaa50xwsq0rgz8mcc9ws8vv0m33vx8jm9u68knrplqz0m628
lineage__continuation_count,0.0,0.0,0.0,ckb1qzda0cr08m85hc8jlnfp3zer7xulejywt49kt2rr0vthywaa50xwsq0rgz8mcc9ws8vv0m33vx8jm9u68knrplqz0m628
lineage__lineage_depth,2.0,0.0,1.0986122886681098,ckb1qzda0cr08m85hc8jlnfp3zer7xulejywt49kt2rr0vthywaa50xwsq0rgz8mcc9ws8vv0m33vx8jm9u68knrplqz0m628
lineage__lineage_repetition,0.0,-1.128899193514562,0.0,ckb1qzda0cr08m85hc8jlnfp3zer7xulejywt49kt2rr0vthywaa50xwsq0rgz8mcc9ws8vv0m33vx8jm9u68knrplqz0m628
lineage__merge_count,1.0,-0.26957728969081496,0.6931471805599453,ckb1qzda0cr08m85hc8jlnfp3zer7xulejywt49kt2rr0vthywaa50xwsq0rgz8mcc9ws8vv0m33vx8jm9u68knrplqz0m628
scripts__type_family_count,0.0,-0.501218028601448,0.0,ckb1qzda0cr08m85hc8jlnfp3zer7xulejywt49kt2rr0vthywaa50xwsq0rgz8mcc9ws8vv0m33vx8jm9u68knrplqz0m628
scripts__unique_lock_script_count,3.0,-0.3236566839097652,1.3862943611198906,ckb1qzda0cr08m85hc8jlnfp3zer7xulejywt49kt2rr0vthywaa50xwsq0rgz8mcc9ws8vv0m33vx8jm9u68knrplqz0m628
scripts__unique_type_script_count,0.0,0.0,0.0,ckb1qzda0cr08m85hc8jlnfp3zer7xulejywt49kt2rr0vthywaa50xwsq0rgz8mcc9ws8vv0m33vx8jm9u68knrplqz0m628
capacity__capacity_repeat_ratio,0.0,-1.3489727248167438,0.0,ckb1qzda0cr08m85hc8jlnfp3zer7xulejywt49kt2rr0vthywaa50xwsq0rk5lgxzurkxdnq95zcra0lpyax9ja0rqqk8gaz
capacity__target_consumed_capacity,0.0,-4.044635599832544,0.0,ckb1qzda0cr08m85hc8jlnfp3zer7xulejywt49kt2rr0vthywaa50xwsq0rk5lgxzurkxdnq95zcra0lpyax9ja0rqqk8gaz
capacity__target_net_capacity_delta,14036835174.0,0.49029574948081284,23.364950795248284,ckb1qzda0cr08m85hc8jlnfp3zer7xulejywt49kt2rr0vthywaa50xwsq0rk5lgxzurkxdnq95zcra0lpyax9ja0rqqk8gaz
lineage__continuation_count,0.0,0.0,0.0,ckb1qzda0cr08m85hc8jlnfp3zer7xulejywt49kt2rr0vthywaa50xwsq0rk5lgxzurkxdnq95zcra0lpyax9ja0rqqk8gaz
lineage__lineage_depth,1.0,-1.0,0.6931471805599453,ckb1qzda0cr08m85hc8jlnfp3zer7xulejywt49kt2rr0vthywaa50xwsq0rk5lgxzurkxdnq95zcra0lpyax9ja0rqqk8gaz
lineage__lineage_repetition,0.0,-1.128899193514562,0.0,ckb1qzda0cr08m85hc8jlnfp3zer7xulejywt49kt2rr0vthywaa50xwsq0rk5lgxzurkxdnq95zcra0lpyax9ja0rqqk8gaz
lineage__merge_count,1.0,-0.26957728969081496,0.6931471805599453,ckb1qzda0cr08m85hc8jlnfp3zer7xulejywt49kt2rr0vthywaa50xwsq0rk5lgxzurkxdnq95zcra0lpyax9ja0rqqk8gaz
scripts__type_family_count,1.0,1.9951397255009098,0.6931471805599453,ckb1qzda0cr08m85hc8jlnfp3zer7xulejywt49kt2rr0vthywaa50xwsq0rk5lgxzurkxdnq95zcra0lpyax9ja0rqqk8gaz
scripts__unique_lock_script_count,4.0,-0.14553555730732698,1.6094379124341003,ckb1qzda0cr08m85hc8jlnfp3zer7xulejywt49kt2rr0vthywaa50xwsq0rk5lgxzurkxdnq95zcra0lpyax9ja0rqqk8gaz
scripts__unique_type_script_count,1.0,1.0,0.6931471805599453,ckb1qzda0cr08m85hc8jlnfp3zer7xulejywt49kt2rr0vthywaa50xwsq0rk5lgxzurkxdnq95zcra0lpyax9ja0rqqk8gaz
capacity__capacity_repeat_ratio,0.5862068965517241,-0.029389867811560718,0.5862068965517241,ckb1qzda0cr08m85hc8jlnfp3zer7xulejywt49kt2rr0vthywaa50xwsq0rljzn0julrpp9l3fgmm9r9r4jz8rax7sgvagwh
capacity__target_consumed_capacity,223375293759.0,-0.27713168058719667,26.13211912552307,ckb1qzda0cr08m85hc8jlnfp3zer7xulejywt49kt2rr0vthywaa50xwsq0rljzn0julrpp9l3fgmm9r9r4jz8rax7sgvagwh
capacity__target_net_capacity_delta,67937788892.0,0.5233859550284802,24.941858254153665,ckb1qzda0cr08m85hc8jlnfp3zer7xulejywt49kt2rr0vthywaa50xwsq0rljzn0julrpp9l3fgmm9r9r4jz8rax7sgvagwh
lineage__continuation_count,12.0,3.700439718141092,2.5649493574615367,ckb1qzda0cr08m85hc8jlnfp3zer7xulejywt49kt2rr0vthywaa50xwsq0rljzn0julrpp9l3fgmm9r9r4jz8rax7sgvagwh
lineage__lineage_depth,14.0,3.969362295916117,2.70805020110221,ckb1qzda0cr08m85hc8jlnfp3zer7xulejywt49kt2rr0vthywaa50xwsq0rljzn0julrpp9l3fgmm9r9r4jz8rax7sgvagwh
lineage__lineage_repetition,0.8571428571428571,0.7196908729751157,0.8571428571428571,ckb1qzda0cr08m85hc8jlnfp3zer7xulejywt49kt2rr0vthywaa50xwsq0rljzn0julrpp9l3fgmm9r9r4jz8rax7sgvagwh
lineage__merge_count,14.0,1.0700499295339774,2.70805020110221,ckb1qzda0cr08m85hc8jlnfp3zer7xulejywt49kt2rr0vthywaa50xwsq0rljzn0julrpp9l3fgmm9r9r4jz8rax7sgvagwh
scripts__type_family_count,0.0,-0.501218028601448,0.0,ckb1qzda0cr08m85hc8jlnfp3zer7xulejywt49kt2rr0vthywaa50xwsq0rljzn0julrpp9l3fgmm9r9r4jz8rax7sgvagwh
scripts__unique_lock_script_count,9.0,0.40775919835778557,2.302585092994046,ckb1qzda0cr08m85hc8jlnfp3zer7xulejywt49kt2rr0vthywaa50xwsq0rljzn0julrpp9l3fgmm9r9r4jz8rax7sgvagwh
scripts__unique_type_script_count,2.0,1.5849625007211563,1.0986122886681098,ckb1qzda0cr08m85hc8jlnfp3zer7xulejywt49kt2rr0vthywaa50xwsq0rljzn0julrpp9l3fgmm9r9r4jz8rax7sgvagwh
capacity__capacity_repeat_ratio,1.0,0.9020803841920981,1.0,ckb1qzda0cr08m85hc8jlnfp3zer7xulejywt49kt2rr0vthywaa50xwsq0rrr3az2mu0ncjeqj26du5ymfhtq5l0gcv2rv08
capacity__target_consumed_capacity,3207187610077.0,0.1069836342454791,28.79641553510873,ckb1qzda0cr08m85hc8jlnfp3zer7xulejywt49kt2rr0vthywaa50xwsq0rrr3az2mu0ncjeqj26du5ymfhtq5l0gcv2rv08
capacity__target_net_capacity_delta,0.0,0.0,0.0,ckb1qzda0cr08m85hc8jlnfp3zer7xulejywt49kt2rr0vthywaa50xwsq0rrr3az2mu0ncjeqj26du5ymfhtq5l0gcv2rv08
lineage__continuation_count,0.0,0.0,0.0,ckb1qzda0cr08m85hc8jlnfp3zer7xulejywt49kt2rr0vthywaa50xwsq0rrr3az2mu0ncjeqj26du5ymfhtq5l0gcv2rv08
lineage__lineage_depth,2.0,0.0,1.0986122886681098,ckb1qzda0cr08m85hc8jlnfp3zer7xulejywt49kt2rr0vthywaa50xwsq0rrr3az2mu0ncjeqj26du5ymfhtq5l0gcv2rv08
lineage__lineage_repetition,0.9912280701754386,1.0088708979961618,0.9912280701754386,ckb1qzda0cr08m85hc8jlnfp3zer7xulejywt49kt2rr0vthywaa50xwsq0rrr3az2mu0ncjeqj26du5ymfhtq5l0gcv2rv08
lineage__merge_count,32.0,1.5942632193913946,3.4965075614664802,ckb1qzda0cr08m85hc8jlnfp3zer7xulejywt49kt2rr0vthywaa50xwsq0rrr3az2mu0ncjeqj26du5ymfhtq5l0gcv2rv08
scripts__type_family_count,0.0,-0.501218028601448,0.0,ckb1qzda0cr08m85hc8jlnfp3zer7xulejywt49kt2rr0vthywaa50xwsq0rrr3az2mu0ncjeqj26du5ymfhtq5l0gcv2rv08
scripts__unique_lock_script_count,3.0,-0.3236566839097652,1.3862943611198906,ckb1qzda0cr08m85hc8jlnfp3zer7xulejywt49kt2rr0vthywaa50xwsq0rrr3az2mu0ncjeqj26du5ymfhtq5l0gcv2rv08
scripts__unique_type_script_count,0.0,0.0,0.0,ckb1qzda0cr08m85hc8jlnfp3zer7xulejywt49kt2rr0vthywaa50xwsq0rrr3az2mu0ncjeqj26du5ymfhtq5l0gcv2rv08
capacity__capacity_repeat_ratio,0.2857142857142857,-0.7058146936713605,0.2857142857142857,ckb1qzda0cr08m85hc8jlnfp3zer7xulejywt49kt2rr0vthywaa50xwsq0sc9f6eqnjfm8tn35nxeqtnm43x6aljdqj45cke
capacity__target_consumed_capacity,28268800726257.0,0.4207531032149783,30.972779864599715,ckb1qzda0cr08m85hc8jlnfp3zer7xulejywt49kt2rr0vthywaa50xwsq0sc9f6eqnjfm8tn35nxeqtnm43x6aljdqj45cke
capacity__target_net_capacity_delta,-23373384371794.0,-0.6459498853913078,-30.782619070930384,ckb1qzda0cr08m85hc8jlnfp3zer7xulejywt49kt2rr0vthywaa50xwsq0sc9f6eqnjfm8tn35nxeqtnm43x6aljdqj45cke
lineage__continuation_count,0.0,0.0,0.0,ckb1qzda0cr08m85hc8jlnfp3zer7xulejywt49kt2rr0vthywaa50xwsq0sc9f6eqnjfm8tn35nxeqtnm43x6aljdqj45cke
lineage__lineage_depth,2.0,0.0,1.0986122886681098,ckb1qzda0cr08m85hc8jlnfp3zer7xulejywt49kt2rr0vthywaa50xwsq0sc9f6eqnjfm8tn35nxeqtnm43x6aljdqj45cke
lineage__lineage_repetition,0.9795918367346939,0.9837751681879269,0.9795918367346939,ckb1qzda0cr08m85hc8jlnfp3zer7xulejywt49kt2rr0vthywaa50xwsq0sc9f6eqnjfm8tn35nxeqtnm43x6aljdqj45cke
lineage__merge_count,11.0,0.9216908412367403,2.4849066497880004,ckb1qzda0cr08m85hc8jlnfp3zer7xulejywt49kt2rr0vthywaa50xwsq0sc9f6eqnjfm8tn35nxeqtnm43x6aljdqj45cke
scripts__type_family_count,0.0,-0.501218028601448,0.0,ckb1qzda0cr08m85hc8jlnfp3zer7xulejywt49kt2rr0vthywaa50xwsq0sc9f6eqnjfm8tn35nxeqtnm43x6aljdqj45cke
scripts__unique_lock_script_count,57.0,1.8109439681499915,4.060443010546419,ckb1qzda0cr08m85hc8jlnfp3zer7xulejywt49kt2rr0vthywaa50xwsq0sc9f6eqnjfm8tn35nxeqtnm43x6aljdqj45cke
scripts__unique_type_script_count,0.0,0.0,0.0,ckb1qzda0cr08m85hc8jlnfp3zer7xulejywt49kt2rr0vthywaa50xwsq0sc9f6eqnjfm8tn35nxeqtnm43x6aljdqj45cke
capacity__capacity_repeat_ratio,0.8512820512820513,0.5673083833651421,0.8512820512820513,ckb1qzda0cr08m85hc8jlnfp3zer7xulejywt49kt2rr0vthywaa50xwsq0smcdjfuapeu9zuahwrsrtp4qetjgngpg5xr5fq
capacity__target_consumed_capacity,223891844780641.0,0.7191020034560552,33.04218421538014,ckb1qzda0cr08m85hc8jlnfp3zer7xulejywt49kt2rr0vthywaa50xwsq0smcdjfuapeu9zuahwrsrtp4qetjgngpg5xr5fq
capacity__target_net_capacity_delta,76400375837836.0,0.670803403011008,31.96700873143234,ckb1qzda0cr08m85hc8jlnfp3zer7xulejywt49kt2rr0vthywaa50xwsq0smcdjfuapeu9zuahwrsrtp4qetjgngpg5xr5fq
lineage__continuation_count,0.0,0.0,0.0,ckb1qzda0cr08m85hc8jlnfp3zer7xulejywt49kt2rr0vthywaa50xwsq0smcdjfuapeu9zuahwrsrtp4qetjgngpg5xr5fq
lineage__lineage_depth,16.0,4.278052588745498,2.833213344056216,ckb1qzda0cr08m85hc8jlnfp3zer7xulejywt49kt2rr0vthywaa50xwsq0smcdjfuapeu9zuahwrsrtp4qetjgngpg5xr5fq
lineage__lineage_repetition,0.9925373134328358,1.0116945277564455,0.9925373134328358,ckb1qzda0cr08m85hc8jlnfp3zer7xulejywt49kt2rr0vthywaa50xwsq0smcdjfuapeu9zuahwrsrtp4qetjgngpg5xr5fq
lineage__merge_count,132.0,2.5209718912607597,4.890349128221754,ckb1qzda0cr08m85hc8jlnfp3zer7xulejywt49kt2rr0vthywaa50xwsq0smcdjfuapeu9zuahwrsrtp4qetjgngpg5xr5fq
scripts__type_family_count,0.0,-0.501218028601448,0.0,ckb1qzda0cr08m85hc8jlnfp3zer7xulejywt49kt2rr0vthywaa50xwsq0smcdjfuapeu9zuahwrsrtp4qetjgngpg5xr5fq
scripts__unique_lock_script_count,11.0,0.5532947556651123,2.4849066497880004,ckb1qzda0cr08m85hc8jlnfp3zer7xulejywt49kt2rr0vthywaa50xwsq0smcdjfuapeu9zuahwrsrtp4qetjgngpg5xr5fq
scripts__unique_type_script_count,0.0,0.0,0.0,ckb1qzda0cr08m85hc8jlnfp3zer7xulejywt49kt2rr0vthywaa50xwsq0smcdjfuapeu9zuahwrsrtp4qetjgngpg5xr5fq
capacity__capacity_repeat_ratio,0.0,-1.3489727248167438,0.0,ckb1qzda0cr08m85hc8jlnfp3zer7xulejywt49kt2rr0vthywaa50xwsq0tck2vsvttyzk8n8gngr95nqnlx6s5vycpj8w3k
capacity__target_consumed_capacity,0.0,-4.044635599832544,0.0,ckb1qzda0cr08m85hc8jlnfp3zer7xulejywt49kt2rr0vthywaa50xwsq0tck2vsvttyzk8n8gngr95nqnlx6s5vycpj8w3k
capacity__target_net_capacity_delta,10051063419800.0,0.6282408752657765,29.938699557751363,ckb1qzda0cr08m85hc8jlnfp3zer7xulejywt49kt2rr0vthywaa50xwsq0tck2vsvttyzk8n8gngr95nqnlx6s5vycpj8w3k
lineage__continuation_count,0.0,0.0,0.0,ckb1qzda0cr08m85hc8jlnfp3zer7xulejywt49kt2rr0vthywaa50xwsq0tck2vsvttyzk8n8gngr95nqnlx6s5vycpj8w3k
lineage__lineage_depth,1.0,-1.0,0.6931471805599453,ckb1qzda0cr08m85hc8jlnfp3zer7xulejywt49kt2rr0vthywaa50xwsq0tck2vsvttyzk8n8gngr95nqnlx6s5vycpj8w3k
lineage__lineage_repetition,0.0,-1.128899193514562,0.0,ckb1qzda0cr08m85hc8jlnfp3zer7xulejywt49kt2rr0vthywaa50xwsq0tck2vsvttyzk8n8gngr95nqnlx6s5vycpj8w3k
lineage__merge_count,1.0,-0.26957728969081496,0.6931471805599453,ckb1qzda0cr08m85hc8jlnfp3zer7xulejywt49kt2rr0vthywaa50xwsq0tck2vsvttyzk8n8gngr95nqnlx6s5vycpj8w3k
scripts__type_family_count,0.0,-0.501218028601448,0.0,ckb1qzda0cr08m85hc8jlnfp3zer7xulejywt49kt2rr0vthywaa50xwsq0tck2vsvttyzk8n8gngr95nqnlx6s5vycpj8w3k
scripts__unique_lock_script_count,8.0,0.3236566839097654,2.1972245773362196,ckb1qzda0cr08m85hc8jlnfp3zer7xulejywt49kt2rr0vthywaa50xwsq0tck2vsvttyzk8n8gngr95nqnlx6s5vycpj8w3k
scripts__unique_type_script_count,0.0,0.0,0.0,ckb1qzda0cr08m85hc8jlnfp3zer7xulejywt49kt2rr0vthywaa50xwsq0tck2vsvttyzk8n8gngr95nqnlx6s5vycpj8w3k
capacity__capacity_repeat_ratio,0.0,-1.3489727248167438,0.0,ckb1qzda0cr08m85hc8jlnfp3zer7xulejywt49kt2rr0vthywaa50xwsq0u4j72c469enjkklngja9y4c94q6cqyks8c84uv
capacity__target_consumed_capacity,0.0,-4.044635599832544,0.0,ckb1qzda0cr08m85hc8jlnfp3zer7xulejywt49kt2rr0vthywaa50xwsq0u4j72c469enjkklngja9y4c94q6cqyks8c84uv
capacity__target_net_capacity_delta,3033141810000.0,0.6031000876304402,28.740620099229748,ckb1qzda0cr08m85hc8jlnfp3zer7xulejywt49kt2rr0vthywaa50xwsq0u4j72c469enjkklngja9y4c94q6cqyks8c84uv
lineage__continuation_count,0.0,0.0,0.0,ckb1qzda0cr08m85hc8jlnfp3zer7xulejywt49kt2rr0vthywaa50xwsq0u4j72c469enjkklngja9y4c94q6cqyks8c84uv
lineage__lineage_depth,1.0,-1.0,0.6931471805599453,ckb1qzda0cr08m85hc8jlnfp3zer7xulejywt49kt2rr0vthywaa50xwsq0u4j72c469enjkklngja9y4c94q6cqyks8c84uv
lineage__lineage_repetition,0.0,-1.128899193514562,0.0,ckb1qzda0cr08m85hc8jlnfp3zer7xulejywt49kt2rr0vthywaa50xwsq0u4j72c469enjkklngja9y4c94q6cqyks8c84uv
lineage__merge_count,0.0,-0.7304227103091852,0.0,ckb1qzda0cr08m85hc8jlnfp3zer7xulejywt49kt2rr0vthywaa50xwsq0u4j72c469enjkklngja9y4c94q6cqyks8c84uv
scripts__type_family_count,0.0,-0.501218028601448,0.0,ckb1qzda0cr08m85hc8jlnfp3zer7xulejywt49kt2rr0vthywaa50xwsq0u4j72c469enjkklngja9y4c94q6cqyks8c84uv
scripts__unique_lock_script_count,2.0,-0.5532947556651122,1.0986122886681098,ckb1qzda0cr08m85hc8jlnfp3zer7xulejywt49kt2rr0vthywaa50xwsq0u4j72c469enjkklngja9y4c94q6cqyks8c84uv
scripts__unique_type_script_count,0.0,0.0,0.0,ckb1qzda0cr08m85hc8jlnfp3zer7xulejywt49kt2rr0vthywaa50xwsq0u4j72c469enjkklngja9y4c94q6cqyks8c84uv
capacity__capacity_repeat_ratio,0.9090909090909091,0.6974391924640215,0.9090909090909091,ckb1qzda0cr08m85hc8jlnfp3zer7xulejywt49kt2rr0vthywaa50xwsq0vqkp4e093a5e6a2t3k08excpc3k74d0qpe0lt0
capacity__target_consumed_capacity,92608634407.0,-0.4040703944909479,25.251648218398447,ckb1qzda0cr08m85hc8jlnfp3zer7xulejywt49kt2rr0vthywaa50xwsq0vqkp4e093a5e6a2t3k08excpc3k74d0qpe0lt0
capacity__target_net_capacity_delta,-24137418405.0,-0.5016708511512085,-23.90702910431211,ckb1qzda0cr08m85hc8jlnfp3zer7xulejywt49kt2rr0vthywaa50xwsq0vqkp4e093a5e6a2t3k08excpc3k74d0qpe0lt0
lineage__continuation_count,3.0,2.0,1.3862943611198906,ckb1qzda0cr08m85hc8jlnfp3zer7xulejywt49kt2rr0vthywaa50xwsq0vqkp4e093a5e6a2t3k08excpc3k74d0qpe0lt0
lineage__lineage_depth,4.0,1.2598510045646625,1.6094379124341003,ckb1qzda0cr08m85hc8jlnfp3zer7xulejywt49kt2rr0vthywaa50xwsq0vqkp4e093a5e6a2t3k08excpc3k74d0qpe0lt0
lineage__lineage_repetition,1.0,1.027789217390062,1.0,ckb1qzda0cr08m85hc8jlnfp3zer7xulejywt49kt2rr0vthywaa50xwsq0vqkp4e093a5e6a2t3k08excpc3k74d0qpe0lt0
lineage__merge_count,3.0,0.1912681309275552,1.3862943611198906,ckb1qzda0cr08m85hc8jlnfp3zer7xulejywt49kt2rr0vthywaa50xwsq0vqkp4e093a5e6a2t3k08excpc3k74d0qpe0lt0
scripts__type_family_count,0.0,-0.501218028601448,0.0,ckb1qzda0cr08m85hc8jlnfp3zer7xulejywt49kt2rr0vthywaa50xwsq0vqkp4e093a5e6a2t3k08excpc3k74d0qpe0lt0
scripts__unique_lock_script_count,17.0,0.8769514395748773,2.8903717578961645,ckb1qzda0cr08m85hc8jlnfp3zer7xulejywt49kt2rr0vthywaa50xwsq0vqkp4e093a5e6a2t3k08excpc3k74d0qpe0lt0
scripts__unique_type_script_count,0.0,0.0,0.0,ckb1qzda0cr08m85hc8jlnfp3zer7xulejywt49kt2rr0vthywaa50xwsq0vqkp4e093a5e6a2t3k08excpc3k74d0qpe0lt0
capacity__capacity_repeat_ratio,0.1111111111111111,-1.0988557127046503,0.1111111111111111,ckb1qzda0cr08m85hc8jlnfp3zer7xulejywt49kt2rr0vthywaa50xwsq0ww9n0ex40pmhtz6ltslng7rtl35w96nszujfva
capacity__target_consumed_capacity,17964137888463.0,0.355388488773779,30.519398546946448,ckb1qzda0cr08m85hc8jlnfp3zer7xulejywt49kt2rr0vthywaa50xwsq0ww9n0ex40pmhtz6ltslng7rtl35w96nszujfva
capacity__target_net_capacity_delta,-5485902208025.0,-0.6155349831440288,-29.333202682551576,ckb1qzda0cr08m85hc8jlnfp3zer7xulejywt49kt2rr0vthywaa50xwsq0ww9n0ex40pmhtz6ltslng7rtl35w96nszujfva
lineage__continuation_count,0.0,0.0,0.0,ckb1qzda0cr08m85hc8jlnfp3zer7xulejywt49kt2rr0vthywaa50xwsq0ww9n0ex40pmhtz6ltslng7rtl35w96nszujfva
lineage__lineage_depth,2.0,0.0,1.0986122886681098,ckb1qzda0cr08m85hc8jlnfp3zer7xulejywt49kt2rr0vthywaa50xwsq0ww9n0ex40pmhtz6ltslng7rtl35w96nszujfva
lineage__lineage_repetition,1.0,1.027789217390062,1.0,ckb1qzda0cr08m85hc8jlnfp3zer7xulejywt49kt2rr0vthywaa50xwsq0ww9n0ex40pmhtz6ltslng7rtl35w96nszujfva
lineage__merge_count,17.0,1.191268130927555,2.8903717578961645,ckb1qzda0cr08m85hc8jlnfp3zer7xulejywt49kt2rr0vthywaa50xwsq0ww9n0ex40pmhtz6ltslng7rtl35w96nszujfva
scripts__type_family_count,0.0,-0.501218028601448,0.0,ckb1qzda0cr08m85hc8jlnfp3zer7xulejywt49kt2rr0vthywaa50xwsq0ww9n0ex40pmhtz6ltslng7rtl35w96nszujfva
scripts__unique_lock_script_count,26.0,1.2006081234846426,3.295836866004329,ckb1qzda0cr08m85hc8jlnfp3zer7xulejywt49kt2rr0vthywaa50xwsq0ww9n0ex40pmhtz6ltslng7rtl35w96nszujfva
scripts__unique_type_script_count,0.0,0.0,0.0,ckb1qzda0cr08m85hc8jlnfp3zer7xulejywt49kt2rr0vthywaa50xwsq0ww9n0ex40pmhtz6ltslng7rtl35w96nszujfva
capacity__capacity_repeat_ratio,1.0,0.9020803841920981,1.0,ckb1qzda0cr08m85hc8jlnfp3zer7xulejywt49kt2rr0vthywaa50xwsq0x3yrv8qls62mqeylsvmzp5cqpmvy8quq7autul
capacity__target_consumed_capacity,758407445960.0,-0.1009012627371639,27.354486605825578,ckb1qzda0cr08m85hc8jlnfp3zer7xulejywt49kt2rr0vthywaa50xwsq0x3yrv8qls62mqeylsvmzp5cqpmvy8quq7autul
capacity__target_net_capacity_delta,0.0,0.0,0.0,ckb1qzda0cr08m85hc8jlnfp3zer7xulejywt49kt2rr0vthywaa50xwsq0x3yrv8qls62mqeylsvmzp5cqpmvy8quq7autul
lineage__continuation_count,0.0,0.0,0.0,ckb1qzda0cr08m85hc8jlnfp3zer7xulejywt49kt2rr0vthywaa50xwsq0x3yrv8qls62mqeylsvmzp5cqpmvy8quq7autul
lineage__lineage_depth,2.0,0.0,1.0986122886681098,ckb1qzda0cr08m85hc8jlnfp3zer7xulejywt49kt2rr0vthywaa50xwsq0x3yrv8qls62mqeylsvmzp5cqpmvy8quq7autul
lineage__lineage_repetition,1.0,1.027789217390062,1.0,ckb1qzda0cr08m85hc8jlnfp3zer7xulejywt49kt2rr0vthywaa50xwsq0x3yrv8qls62mqeylsvmzp5cqpmvy8quq7autul
lineage__merge_count,5.0,0.4608454206183701,1.791759469228055,ckb1qzda0cr08m85hc8jlnfp3zer7xulejywt49kt2rr0vthywaa50xwsq0x3yrv8qls62mqeylsvmzp5cqpmvy8quq7autul
scripts__type_family_count,0.0,-0.501218028601448,0.0,ckb1qzda0cr08m85hc8jlnfp3zer7xulejywt49kt2rr0vthywaa50xwsq0x3yrv8qls62mqeylsvmzp5cqpmvy8quq7autul
scripts__unique_lock_script_count,3.0,-0.3236566839097652,1.3862943611198906,ckb1qzda0cr08m85hc8jlnfp3zer7xulejywt49kt2rr0vthywaa50xwsq0x3yrv8qls62mqeylsvmzp5cqpmvy8quq7autul
scripts__unique_type_script_count,0.0,0.0,0.0,ckb1qzda0cr08m85hc8jlnfp3zer7xulejywt49kt2rr0vthywaa50xwsq0x3yrv8qls62mqeylsvmzp5cqpmvy8quq7autul
capacity__capacity_repeat_ratio,0.9333333333333333,0.7520101769248421,0.9333333333333333,ckb1qzda0cr08m85hc8jlnfp3zer7xulejywt49kt2rr0vthywaa50xwsq0xm5pnqls5mls030v7q9l2k5aksglcvjgge7vq8
capacity__target_consumed_capacity,494926098600000.0,0.8334652885039857,33.83542957159394,ckb1qzda0cr08m85hc8jlnfp3zer7xulejywt49kt2rr0vthywaa50xwsq0xm5pnqls5mls030v7q9l2k5aksglcvjgge7vq8
capacity__target_net_capacity_delta,23103499800000.0,0.6457061777267185,30.771005228473896,ckb1qzda0cr08m85hc8jlnfp3zer7xulejywt49kt2rr0vthywaa50xwsq0xm5pnqls5mls030v7q9l2k5aksglcvjgge7vq8
lineage__continuation_count,0.0,0.0,0.0,ckb1qzda0cr08m85hc8jlnfp3zer7xulejywt49kt2rr0vthywaa50xwsq0xm5pnqls5mls030v7q9l2k5aksglcvjgge7vq8
lineage__lineage_depth,4.0,1.2598510045646625,1.6094379124341003,ckb1qzda0cr08m85hc8jlnfp3zer7xulejywt49kt2rr0vthywaa50xwsq0xm5pnqls5mls030v7q9l2k5aksglcvjgge7vq8
lineage__lineage_repetition,1.0,1.027789217390062,1.0,ckb1qzda0cr08m85hc8jlnfp3zer7xulejywt49kt2rr0vthywaa50xwsq0xm5pnqls5mls030v7q9l2k5aksglcvjgge7vq8
lineage__merge_count,8.0,0.7304227103091852,2.1972245773362196,ckb1qzda0cr08m85hc8jlnfp3zer7xulejywt49kt2rr0vthywaa50xwsq0xm5pnqls5mls030v7q9l2k5aksglcvjgge7vq8
scripts__type_family_count,0.0,-0.501218028601448,0.0,ckb1qzda0cr08m85hc8jlnfp3zer7xulejywt49kt2rr0vthywaa50xwsq0xm5pnqls5mls030v7q9l2k5aksglcvjgge7vq8
scripts__unique_lock_script_count,21.0,1.03713393259921,3.091042453358316,ckb1qzda0cr08m85hc8jlnfp3zer7xulejywt49kt2rr0vthywaa50xwsq0xm5pnqls5mls030v7q9l2k5aksglcvjgge7vq8
scripts__unique_type_script_count,0.0,0.0,0.0,ckb1qzda0cr08m85hc8jlnfp3zer7xulejywt49kt2rr0vthywaa50xwsq0xm5pnqls5mls030v7q9l2k5aksglcvjgge7vq8
capacity__capacity_repeat_ratio,0.2222222222222222,-0.8487387005925567,0.2222222222222222,ckb1qzda0cr08m85hc8jlnfp3zer7xulejywt49kt2rr0vthywaa50xwsq0xtd3e8c9wcj8swd2swg90w95u6xt3zsqzdnx7r
capacity__target_consumed_capacity,1046005874236.0,-0.05454821597475546,27.676000097460864,ckb1qzda0cr08m85hc8jlnfp3zer7xulejywt49kt2rr0vthywaa50xwsq0xtd3e8c9wcj8swd2swg90w95u6xt3zsqzdnx7r
capacity__target_net_capacity_delta,-950518445701.0,-0.5787510934001555,-27.580273405001165,ckb1qzda0cr08m85hc8jlnfp3zer7xulejywt49kt2rr0vthywaa50xwsq0xtd3e8c9wcj8swd2swg90w95u6xt3zsqzdnx7r
lineage__continuation_count,0.0,0.0,0.0,ckb1qzda0cr08m85hc8jlnfp3zer7xulejywt49kt2rr0vthywaa50xwsq0xtd3e8c9wcj8swd2swg90w95u6xt3zsqzdnx7r
lineage__lineage_depth,2.0,0.0,1.0986122886681098,ckb1qzda0cr08m85hc8jlnfp3zer7xulejywt49kt2rr0vthywaa50xwsq0xtd3e8c9wcj8swd2swg90w95u6xt3zsqzdnx7r
lineage__lineage_repetition,1.0,1.027789217390062,1.0,ckb1qzda0cr08m85hc8jlnfp3zer7xulejywt49kt2rr0vthywaa50xwsq0xtd3e8c9wcj8swd2swg90w95u6xt3zsqzdnx7r
lineage__merge_count,0.0,-0.7304227103091852,0.0,ckb1qzda0cr08m85hc8jlnfp3zer7xulejywt49kt2rr0vthywaa50xwsq0xtd3e8c9wcj8swd2swg90w95u6xt3zsqzdnx7r
scripts__type_family_count,0.0,-0.501218028601448,0.0,ckb1qzda0cr08m85hc8jlnfp3zer7xulejywt49kt2rr0vthywaa50xwsq0xtd3e8c9wcj8swd2swg90w95u6xt3zsqzdnx7r
scripts__unique_lock_script_count,33.0,1.384620314464955,3.5263605246161616,ckb1qzda0cr08m85hc8jlnfp3zer7xulejywt49kt2rr0vthywaa50xwsq0xtd3e8c9wcj8swd2swg90w95u6xt3zsqzdnx7r
scripts__unique_type_script_count,0.0,0.0,0.0,ckb1qzda0cr08m85hc8jlnfp3zer7xulejywt49kt2rr0vthywaa50xwsq0xtd3e8c9wcj8swd2swg90w95u6xt3zsqzdnx7r
capacity__capacity_repeat_ratio,0.0,-1.3489727248167438,0.0,ckb1qzda0cr08m85hc8jlnfp3zer7xulejywt49kt2rr0vthywaa50xwsq0xz88g9vckq3vp47c4nakj2g7ugslm2acl45l9r
capacity__target_consumed_capacity,845016500000000.0,0.910589441337095,34.3703772697223,ckb1qzda0cr08m85hc8jlnfp3zer7xulejywt49kt2rr0vthywaa50xwsq0xz88g9vckq3vp47c4nakj2g7ugslm2acl45l9r
capacity__target_net_capacity_delta,-845016500000000.0,-0.7212362667086762,-34.3703772697223,ckb1qzda0cr08m85hc8jlnfp3zer7xulejywt49kt2rr0vthywaa50xwsq0xz88g9vckq3vp47c4nakj2g7ugslm2acl45l9r
lineage__continuation_count,0.0,0.0,0.0,ckb1qzda0cr08m85hc8jlnfp3zer7xulejywt49kt2rr0vthywaa50xwsq0xz88g9vckq3vp47c4nakj2g7ugslm2acl45l9r
lineage__lineage_depth,1.0,-1.0,0.6931471805599453,ckb1qzda0cr08m85hc8jlnfp3zer7xulejywt49kt2rr0vthywaa50xwsq0xz88g9vckq3vp47c4nakj2g7ugslm2acl45l9r
lineage__lineage_repetition,0.0,-1.128899193514562,0.0,ckb1qzda0cr08m85hc8jlnfp3zer7xulejywt49kt2rr0vthywaa50xwsq0xz88g9vckq3vp47c4nakj2g7ugslm2acl45l9r
lineage__merge_count,1.0,-0.26957728969081496,0.6931471805599453,ckb1qzda0cr08m85hc8jlnfp3zer7xulejywt49kt2rr0vthywaa50xwsq0xz88g9vckq3vp47c4nakj2g7ugslm2acl45l9r
scripts__type_family_count,0.0,-0.501218028601448,0.0,ckb1qzda0cr08m85hc8jlnfp3zer7xulejywt49kt2rr0vthywaa50xwsq0xz88g9vckq3vp47c4nakj2g7ugslm2acl45l9r
scripts__unique_lock_script_count,3.0,-0.3236566839097652,1.3862943611198906,ckb1qzda0cr08m85hc8jlnfp3zer7xulejywt49kt2rr0vthywaa50xwsq0xz88g9vckq3vp47c4nakj2g7ugslm2acl45l9r
scripts__unique_type_script_count,0.0,0.0,0.0,ckb1qzda0cr08m85hc8jlnfp3zer7xulejywt49kt2rr0vthywaa50xwsq0xz88g9vckq3vp47c4nakj2g7ugslm2acl45l9r
capacity__capacity_repeat_ratio,0.7521367521367521,0.3441270494805048,0.7521367521367521,ckb1qzda0cr08m85hc8jlnfp3zer7xulejywt49kt2rr0vthywaa50xwsq0y6r5a4py64gccqrd77qvuhr8v3d2xfjcnrz45r
capacity__target_consumed_capacity,14819438402418.0,0.32764447728558826,30.326960840504857,ckb1qzda0cr08m85hc8jlnfp3zer7xulejywt49kt2rr0vthywaa50xwsq0y6r5a4py64gccqrd77qvuhr8v3d2xfjcnrz45r
capacity__target_net_capacity_delta,-12311559633370.0,-0.6324977422371862,-30.1415597445554,ckb1qzda0cr08m85hc8jlnfp3zer7xulejywt49kt2rr0vthywaa50xwsq0y6r5a4py64gccqrd77qvuhr8v3d2xfjcnrz45r
lineage__continuation_count,0.0,0.0,0.0,ckb1qzda0cr08m85hc8jlnfp3zer7xulejywt49kt2rr0vthywaa50xwsq0y6r5a4py64gccqrd77qvuhr8v3d2xfjcnrz45r
lineage__lineage_depth,2.0,0.0,1.0986122886681098,ckb1qzda0cr08m85hc8jlnfp3zer7xulejywt49kt2rr0vthywaa50xwsq0y6r5a4py64gccqrd77qvuhr8v3d2xfjcnrz45r
lineage__lineage_repetition,1.0,1.027789217390062,1.0,ckb1qzda0cr08m85hc8jlnfp3zer7xulejywt49kt2rr0vthywaa50xwsq0y6r5a4py64gccqrd77qvuhr8v3d2xfjcnrz45r
lineage__merge_count,128.0,2.500669263267325,4.859812404361672,ckb1qzda0cr08m85hc8jlnfp3zer7xulejywt49kt2rr0vthywaa50xwsq0y6r5a4py64gccqrd77qvuhr8v3d2xfjcnrz45r
scripts__type_family_count,0.0,-0.501218028601448,0.0,ckb1qzda0cr08m85hc8jlnfp3zer7xulejywt49kt2rr0vthywaa50xwsq0y6r5a4py64gccqrd77qvuhr8v3d2xfjcnrz45r
scripts__unique_lock_script_count,71.0,1.983540950905102,4.276666119016055,ckb1qzda0cr08m85hc8jlnfp3zer7xulejywt49kt2rr0vthywaa50xwsq0y6r5a4py64gccqrd77qvuhr8v3d2xfjcnrz45r
scripts__unique_type_script_count,0.0,0.0,0.0,ckb1qzda0cr08m85hc8jlnfp3zer7xulejywt49kt2rr0vthywaa50xwsq0y6r5a4py64gccqrd77qvuhr8v3d2xfjcnrz45r
capacity__capacity_repeat_ratio,1.0,0.9020803841920981,1.0,ckb1qzda0cr08m85hc8jlnfp3zer7xulejywt49kt2rr0vthywaa50xwsq0z6aytm8n2hmlggs88jguhuekkk9zq8hgaew60w
capacity__target_consumed_capacity,5750399900000.0,0.1911617014293887,29.38029051614573,ckb1qzda0cr08m85hc8jlnfp3zer7xulejywt49kt2rr0vthywaa50xwsq0z6aytm8n2hmlggs88jguhuekkk9zq8hgaew60w
capacity__target_net_capacity_delta,0.0,0.0,0.0,ckb1qzda0cr08m85hc8jlnfp3zer7xulejywt49kt2rr0vthywaa50xwsq0z6aytm8n2hmlggs88jguhuekkk9zq8hgaew60w
lineage__continuation_count,0.0,0.0,0.0,ckb1qzda0cr08m85hc8jlnfp3zer7xulejywt49kt2rr0vthywaa50xwsq0z6aytm8n2hmlggs88jguhuekkk9zq8hgaew60w
lineage__lineage_depth,2.0,0.0,1.0986122886681098,ckb1qzda0cr08m85hc8jlnfp3zer7xulejywt49kt2rr0vthywaa50xwsq0z6aytm8n2hmlggs88jguhuekkk9zq8hgaew60w
lineage__lineage_repetition,0.0,-1.128899193514562,0.0,ckb1qzda0cr08m85hc8jlnfp3zer7xulejywt49kt2rr0vthywaa50xwsq0z6aytm8n2hmlggs88jguhuekkk9zq8hgaew60w
lineage__merge_count,0.0,-0.7304227103091852,0.0,ckb1qzda0cr08m85hc8jlnfp3zer7xulejywt49kt2rr0vthywaa50xwsq0z6aytm8n2hmlggs88jguhuekkk9zq8hgaew60w
scripts__type_family_count,0.0,-0.501218028601448,0.0,ckb1qzda0cr08m85hc8jlnfp3zer7xulejywt49kt2rr0vthywaa50xwsq0z6aytm8n2hmlggs88jguhuekkk9zq8hgaew60w
scripts__unique_lock_script_count,3.0,-0.3236566839097652,1.3862943611198906,ckb1qzda0cr08m85hc8jlnfp3zer7xulejywt49kt2rr0vthywaa50xwsq0z6aytm8n2hmlggs88jguhuekkk9zq8hgaew60w
scripts__unique_type_script_count,0.0,0.0,0.0,ckb1qzda0cr08m85hc8jlnfp3zer7xulejywt49kt2rr0vthywaa50xwsq0z6aytm8n2hmlggs88jguhuekkk9zq8hgaew60w
capacity__capacity_repeat_ratio,0.9,0.676975073291214,0.9,ckb1qzda0cr08m85hc8jlnfp3zer7xulejywt49kt2rr0vthywaa50xwsq0z6h6nlju0mcdp0ny0sx77tmu6j2700lqkdeakp
capacity__target_consumed_capacity,1001499946165.0,-0.060816810927396374,27.632519938298913,ckb1qzda0cr08m85hc8jlnfp3zer7xulejywt49kt2rr0vthywaa50xwsq0z6h6nlju0mcdp0ny0sx77tmu6j2700lqkdeakp
capacity__target_net_capacity_delta,-15900.0,-0.20300442442640892,-9.674137279312397,ckb1qzda0cr08m85hc8jlnfp3zer7xulejywt49kt2rr0vthywaa50xwsq0z6h6nlju0mcdp0ny0sx77tmu6j2700lqkdeakp
lineage__continuation_count,15.0,4.0,2.772588722239781,ckb1qzda0cr08m85hc8jlnfp3zer7xulejywt49kt2rr0vthywaa50xwsq0z6h6nlju0mcdp0ny0sx77tmu6j2700lqkdeakp
lineage__lineage_depth,10.0,3.2044261223672437,2.3978952727983707,ckb1qzda0cr08m85hc8jlnfp3zer7xulejywt49kt2rr0vthywaa50xwsq0z6h6nlju0mcdp0ny0sx77tmu6j2700lqkdeakp
lineage__lineage_repetition,0.9333333333333333,0.8840099899964206,0.9333333333333333,ckb1qzda0cr08m85hc8jlnfp3zer7xulejywt49kt2rr0vthywaa50xwsq0z6h6nlju0mcdp0ny0sx77tmu6j2700lqkdeakp
lineage__merge_count,15.0,1.1129589721642954,2.772588722239781,ckb1qzda0cr08m85hc8jlnfp3zer7xulejywt49kt2rr0vthywaa50xwsq0z6h6nlju0mcdp0ny0sx77tmu6j2700lqkdeakp
scripts__type_family_count,0.0,-0.501218028601448,0.0,ckb1qzda0cr08m85hc8jlnfp3zer7xulejywt49kt2rr0vthywaa50xwsq0z6h6nlju0mcdp0ny0sx77tmu6j2700lqkdeakp
scripts__unique_lock_script_count,17.0,0.8769514395748773,2.8903717578961645,ckb1qzda0cr08m85hc8jlnfp3zer7xulejywt49kt2rr0vthywaa50xwsq0z6h6nlju0mcdp0ny0sx77tmu6j2700lqkdeakp
scripts__unique_type_script_count,0.0,0.0,0.0,ckb1qzda0cr08m85hc8jlnfp3zer7xulejywt49kt2rr0vthywaa50xwsq0z6h6nlju0mcdp0ny0sx77tmu6j2700lqkdeakp
capacity__capacity_repeat_ratio,0.0,-1.3489727248167438,0.0,ckb1qzda0cr08m85hc8jlnfp3zer7xulejywt49kt2rr0vthywaa50xwsq0z799mwernws5tt7me85kr63jauldckkcpdyx4t
capacity__target_consumed_capacity,0.0,-4.044635599832544,0.0,ckb1qzda0cr08m85hc8jlnfp3zer7xulejywt49kt2rr0vthywaa50xwsq0z799mwernws5tt7me85kr63jauldckkcpdyx4t
capacity__target_net_capacity_delta,9983127908325.0,0.6280985605039786,29.9319175748148,ckb1qzda0cr08m85hc8jlnfp3zer7xulejywt49kt2rr0vthywaa50xwsq0z799mwernws5tt7me85kr63jauldckkcpdyx4t
lineage__continuation_count,0.0,0.0,0.0,ckb1qzda0cr08m85hc8jlnfp3zer7xulejywt49kt2rr0vthywaa50xwsq0z799mwernws5tt7me85kr63jauldckkcpdyx4t
lineage__lineage_depth,1.0,-1.0,0.6931471805599453,ckb1qzda0cr08m85hc8jlnfp3zer7xulejywt49kt2rr0vthywaa50xwsq0z799mwernws5tt7me85kr63jauldckkcpdyx4t
lineage__lineage_repetition,1.0,1.027789217390062,1.0,ckb1qzda0cr08m85hc8jlnfp3zer7xulejywt49kt2rr0vthywaa50xwsq0z799mwernws5tt7me85kr63jauldckkcpdyx4t
lineage__merge_count,0.0,-0.7304227103091852,0.0,ckb1qzda0cr08m85hc8jlnfp3zer7xulejywt49kt2rr0vthywaa50xwsq0z799mwernws5tt7me85kr63jauldckkcpdyx4t
scripts__type_family_count,0.0,-0.501218028601448,0.0,ckb1qzda0cr08m85hc8jlnfp3zer7xulejywt49kt2rr0vthywaa50xwsq0z799mwernws5tt7me85kr63jauldckkcpdyx4t
scripts__unique_lock_script_count,45.0,1.625911667637685,3.828641396489095,ckb1qzda0cr08m85hc8jlnfp3zer7xulejywt49kt2rr0vthywaa50xwsq0z799mwernws5tt7me85kr63jauldckkcpdyx4t
scripts__unique_type_script_count,0.0,0.0,0.0,ckb1qzda0cr08m85hc8jlnfp3zer7xulejywt49kt2rr0vthywaa50xwsq0z799mwernws5tt7me85kr63jauldckkcpdyx4t
capacity__capacity_repeat_ratio,0.6666666666666666,0.1517293478558174,0.6666666666666666,ckb1qzda0cr08m85hc8jlnfp3zer7xulejywt49kt2rr0vthywaa50xwsq0zf2s0pke9a2nul6vhurkanmft0nx57mcuqadmm
capacity__target_consumed_capacity,59893990000.0,-0.46690118200007324,24.815842003160913,ckb1qzda0cr08m85hc8jlnfp3zer7xulejywt49kt2rr0vthywaa50xwsq0zf2s0pke9a2nul6vhurkanmft0nx57mcuqadmm
capacity__target_net_capacity_delta,1552089154279.0,0.5890407068850926,28.07062298080773,ckb1qzda0cr08m85hc8jlnfp3zer7xulejywt49kt2rr0vthywaa50xwsq0zf2s0pke9a2nul6vhurkanmft0nx57mcuqadmm
lineage__continuation_count,0.0,0.0,0.0,ckb1qzda0cr08m85hc8jlnfp3zer7xulejywt49kt2rr0vthywaa50xwsq0zf2s0pke9a2nul6vhurkanmft0nx57mcuqadmm
lineage__lineage_depth,2.0,0.0,1.0986122886681098,ckb1qzda0cr08m85hc8jlnfp3zer7xulejywt49kt2rr0vthywaa50xwsq0zf2s0pke9a2nul6vhurkanmft0nx57mcuqadmm
lineage__lineage_repetition,1.0,1.027789217390062,1.0,ckb1qzda0cr08m85hc8jlnfp3zer7xulejywt49kt2rr0vthywaa50xwsq0zf2s0pke9a2nul6vhurkanmft0nx57mcuqadmm
lineage__merge_count,3.0,0.1912681309275552,1.3862943611198906,ckb1qzda0cr08m85hc8jlnfp3zer7xulejywt49kt2rr0vthywaa50xwsq0zf2s0pke9a2nul6vhurkanmft0nx57mcuqadmm
scripts__type_family_count,1.0,1.9951397255009098,0.6931471805599453,ckb1qzda0cr08m85hc8jlnfp3zer7xulejywt49kt2rr0vthywaa50xwsq0zf2s0pke9a2nul6vhurkanmft0nx57mcuqadmm
scripts__unique_lock_script_count,6.0,0.12304856042512263,1.9459101490553132,ckb1qzda0cr08m85hc8jlnfp3zer7xulejywt49kt2rr0vthywaa50xwsq0zf2s0pke9a2nul6vhurkanmft0nx57mcuqadmm
scripts__unique_type_script_count,1.0,1.0,0.6931471805599453,ckb1qzda0cr08m85hc8jlnfp3zer7xulejywt49kt2rr0vthywaa50xwsq0zf2s0pke9a2nul6vhurkanmft0nx57mcuqadmm
capacity__capacity_repeat_ratio,0.0,-1.3489727248167438,0.0,ckb1qzda0cr08m85hc8jlnfp3zer7xulejywt49kt2rr0vthywaa50xwsq20gymh8hj0295y4sexft6t8u07c87txyg4y75m0
capacity__target_consumed_capacity,0.0,-4.044635599832544,0.0,ckb1qzda0cr08m85hc8jlnfp3zer7xulejywt49kt2rr0vthywaa50xwsq20gymh8hj0295y4sexft6t8u07c87txyg4y75m0
capacity__target_net_capacity_delta,10103656997310.0,0.628350391921684,29.943918553182684,ckb1qzda0cr08m85hc8jlnfp3zer7xulejywt49kt2rr0vthywaa50xwsq20gymh8hj0295y4sexft6t8u07c87txyg4y75m0
lineage__continuation_count,0.0,0.0,0.0,ckb1qzda0cr08m85hc8jlnfp3zer7xulejywt49kt2rr0vthywaa50xwsq20gymh8hj0295y4sexft6t8u07c87txyg4y75m0
lineage__lineage_depth,1.0,-1.0,0.6931471805599453,ckb1qzda0cr08m85hc8jlnfp3zer7xulejywt49kt2rr0vthywaa50xwsq20gymh8hj0295y4sexft6t8u07c87txyg4y75m0
lineage__lineage_repetition,0.0,-1.128899193514562,0.0,ckb1qzda0cr08m85hc8jlnfp3zer7xulejywt49kt2rr0vthywaa50xwsq20gymh8hj0295y4sexft6t8u07c87txyg4y75m0
lineage__merge_count,0.0,-0.7304227103091852,0.0,ckb1qzda0cr08m85hc8jlnfp3zer7xulejywt49kt2rr0vthywaa50xwsq20gymh8hj0295y4sexft6t8u07c87txyg4y75m0
scripts__type_family_count,0.0,-0.501218028601448,0.0,ckb1qzda0cr08m85hc8jlnfp3zer7xulejywt49kt2rr0vthywaa50xwsq20gymh8hj0295y4sexft6t8u07c87txyg4y75m0
scripts__unique_lock_script_count,2.0,-0.5532947556651122,1.0986122886681098,ckb1qzda0cr08m85hc8jlnfp3zer7xulejywt49kt2rr0vthywaa50xwsq20gymh8hj0295y4sexft6t8u07c87txyg4y75m0
scripts__unique_type_script_count,0.0,0.0,0.0,ckb1qzda0cr08m85hc8jlnfp3zer7xulejywt49kt2rr0vthywaa50xwsq20gymh8hj0295y4sexft6t8u07c87txyg4y75m0
capacity__capacity_repeat_ratio,0.5,-0.22344617031232286,0.5,ckb1qzda0cr08m85hc8jlnfp3zer7xulejywt49kt2rr0vthywaa50xwsq20k6na5zxh7ska80rl4x6cvu5269q8whsdasfzf
capacity__target_consumed_capacity,114167426790454.0,0.622002994846833,32.36868714295914,ckb1qzda0cr08m85hc8jlnfp3zer7xulejywt49kt2rr0vthywaa50xwsq20k6na5zxh7ska80rl4x6cvu5269q8whsdasfzf
capacity__target_net_capacity_delta,46931303650.0,0.5156237268504273,24.571950744994663,ckb1qzda0cr08m85hc8jlnfp3zer7xulejywt49kt2rr0vthywaa50xwsq20k6na5zxh7ska80rl4x6cvu5269q8whsdasfzf
lineage__continuation_count,1.0,1.0,0.6931471805599453,ckb1qzda0cr08m85hc8jlnfp3zer7xulejywt49kt2rr0vthywaa50xwsq20k6na5zxh7ska80rl4x6cvu5269q8whsdasfzf
lineage__lineage_depth,2.0,0.0,1.0986122886681098,ckb1qzda0cr08m85hc8jlnfp3zer7xulejywt49kt2rr0vthywaa50xwsq20k6na5zxh7ska80rl4x6cvu5269q8whsdasfzf
lineage__lineage_repetition,0.0,-1.128899193514562,0.0,ckb1qzda0cr08m85hc8jlnfp3zer7xulejywt49kt2rr0vthywaa50xwsq20k6na5zxh7ska80rl4x6cvu5269q8whsdasfzf
lineage__merge_count,1.0,-0.26957728969081496,0.6931471805599453,ckb1qzda0cr08m85hc8jlnfp3zer7xulejywt49kt2rr0vthywaa50xwsq20k6na5zxh7ska80rl4x6cvu5269q8whsdasfzf
scripts__type_family_count,0.0,-0.501218028601448,0.0,ckb1qzda0cr08m85hc8jlnfp3zer7xulejywt49kt2rr0vthywaa50xwsq20k6na5zxh7ska80rl4x6cvu5269q8whsdasfzf
scripts__unique_lock_script_count,3.0,-0.3236566839097652,1.3862943611198906,ckb1qzda0cr08m85hc8jlnfp3zer7xulejywt49kt2rr0vthywaa50xwsq20k6na5zxh7ska80rl4x6cvu5269q8whsdasfzf
scripts__unique_type_script_count,0.0,0.0,0.0,ckb1qzda0cr08m85hc8jlnfp3zer7xulejywt49kt2rr0vthywaa50xwsq20k6na5zxh7ska80rl4x6cvu5269q8whsdasfzf
capacity__capacity_repeat_ratio,0.9875666074600356,0.8740921572594839,0.9875666074600356,ckb1qzda0cr08m85hc8jlnfp3zer7xulejywt49kt2rr0vthywaa50xwsq20u0ncxwckqw79c9f9kev5mlckwsmj8psnrz4u4
capacity__target_consumed_capacity,19911570990823.0,0.37022712552612314,30.6223221355038,ckb1qzda0cr08m85hc8jlnfp3zer7xulejywt49kt2rr0vthywaa50xwsq20u0ncxwckqw79c9f9kev5mlckwsmj8psnrz4u4
capacity__target_net_capacity_delta,-919695785825.0,-0.578059355876479,-27.547308784726482,ckb1qzda0cr08m85hc8jlnfp3zer7xulejywt49kt2rr0vthywaa50xwsq20u0ncxwckqw79c9f9kev5mlckwsmj8psnrz4u4
lineage__continuation_count,0.0,0.0,0.0,ckb1qzda0cr08m85hc8jlnfp3zer7xulejywt49kt2rr0vthywaa50xwsq20u0ncxwckqw79c9f9kev5mlckwsmj8psnrz4u4
lineage__lineage_depth,3.0,0.7095112913514542,1.3862943611198906,ckb1qzda0cr08m85hc8jlnfp3zer7xulejywt49kt2rr0vthywaa50xwsq20u0ncxwckqw79c9f9kev5mlckwsmj8psnrz4u4
lineage__lineage_repetition,1.0,1.027789217390062,1.0,ckb1qzda0cr08m85hc8jlnfp3zer7xulejywt49kt2rr0vthywaa50xwsq20u0ncxwckqw79c9f9kev5mlckwsmj8psnrz4u4
lineage__merge_count,493.0,3.3933913503780966,6.202535517187923,ckb1qzda0cr08m85hc8jlnfp3zer7xulejywt49kt2rr0vthywaa50xwsq20u0ncxwckqw79c9f9kev5mlckwsmj8psnrz4u4
scripts__type_family_count,0.0,-0.501218028601448,0.0,ckb1qzda0cr08m85hc8jlnfp3zer7xulejywt49kt2rr0vthywaa50xwsq20u0ncxwckqw79c9f9kev5mlckwsmj8psnrz4u4
scripts__unique_lock_script_count,78.0,2.057602633589099,4.3694478524670215,ckb1qzda0cr08m85hc8jlnfp3zer7xulejywt49kt2rr0vthywaa50xwsq20u0ncxwckqw79c9f9kev5mlckwsmj8psnrz4u4
scripts__unique_type_script_count,0.0,0.0,0.0,ckb1qzda0cr08m85hc8jlnfp3zer7xulejywt49kt2rr0vthywaa50xwsq20u0ncxwckqw79c9f9kev5mlckwsmj8psnrz4u4
capacity__capacity_repeat_ratio,1.0,0.9020803841920981,1.0,ckb1qzda0cr08m85hc8jlnfp3zer7xulejywt49kt2rr0vthywaa50xwsq20y2fdrsxsg9d2ze0mnmjq9lyy3rdmdpq736f0p
capacity__target_consumed_capacity,455829199600000.0,0.8216013847140419,33.75313929299626,ckb1qzda0cr08m85hc8jlnfp3zer7xulejywt49kt2rr0vthywaa50xwsq20y2fdrsxsg9d2ze0mnmjq9lyy3rdmdpq736f0p
capacity__target_net_capacity_delta,0.0,0.0,0.0,ckb1qzda0cr08m85hc8jlnfp3zer7xulejywt49kt2rr0vthywaa50xwsq20y2fdrsxsg9d2ze0mnmjq9lyy3rdmdpq736f0p
lineage__continuation_count,0.0,0.0,0.0,ckb1qzda0cr08m85hc8jlnfp3zer7xulejywt49kt2rr0vthywaa50xwsq20y2fdrsxsg9d2ze0mnmjq9lyy3rdmdpq736f0p
lineage__lineage_depth,2.0,0.0,1.0986122886681098,ckb1qzda0cr08m85hc8jlnfp3zer7xulejywt49kt2rr0vthywaa50xwsq20y2fdrsxsg9d2ze0mnmjq9lyy3rdmdpq736f0p
lineage__lineage_repetition,1.0,1.027789217390062,1.0,ckb1qzda0cr08m85hc8jlnfp3zer7xulejywt49kt2rr0vthywaa50xwsq20y2fdrsxsg9d2ze0mnmjq9lyy3rdmdpq736f0p
lineage__merge_count,0.0,-0.7304227103091852,0.0,ckb1qzda0cr08m85hc8jlnfp3zer7xulejywt49kt2rr0vthywaa50xwsq20y2fdrsxsg9d2ze0mnmjq9lyy3rdmdpq736f0p
scripts__type_family_count,0.0,-0.501218028601448,0.0,ckb1qzda0cr08m85hc8jlnfp3zer7xulejywt49kt2rr0vthywaa50xwsq20y2fdrsxsg9d2ze0mnmjq9lyy3rdmdpq736f0p
scripts__unique_lock_script_count,3.0,-0.3236566839097652,1.3862943611198906,ckb1qzda0cr08m85hc8jlnfp3zer7xulejywt49kt2rr0vthywaa50xwsq20y2fdrsxsg9d2ze0mnmjq9lyy3rdmdpq736f0p
scripts__unique_type_script_count,0.0,0.0,0.0,ckb1qzda0cr08m85hc8jlnfp3zer7xulejywt49kt2rr0vthywaa50xwsq20y2fdrsxsg9d2ze0mnmjq9lyy3rdmdpq736f0p
capacity__capacity_repeat_ratio,0.5714285714285714,-0.06265666252597707,0.5714285714285714,ckb1qzda0cr08m85hc8jlnfp3zer7xulejywt49kt2rr0vthywaa50xwsq22vda73jzdlu3lf6luskzcjz7z5ksa58stp95p5
capacity__target_consumed_capacity,810304900000000.0,0.9045420920809715,34.32843171251998,ckb1qzda0cr08m85hc8jlnfp3zer7xulejywt49kt2rr0vthywaa50xwsq22vda73jzdlu3lf6luskzcjz7z5ksa58stp95p5
capacity__target_net_capacity_delta,810298699998668.0,0.7203559104832242,34.32842406104823,ckb1qzda0cr08m85hc8jlnfp3zer7xulejywt49kt2rr0vthywaa50xwsq22vda73jzdlu3lf6luskzcjz7z5ksa58stp95p5
lineage__continuation_count,1.0,1.0,0.6931471805599453,ckb1qzda0cr08m85hc8jlnfp3zer7xulejywt49kt2rr0vthywaa50xwsq22vda73jzdlu3lf6luskzcjz7z5ksa58stp95p5
lineage__lineage_depth,2.0,0.0,1.0986122886681098,ckb1qzda0cr08m85hc8jlnfp3zer7xulejywt49kt2rr0vthywaa50xwsq22vda73jzdlu3lf6luskzcjz7z5ksa58stp95p5
lineage__lineage_repetition,0.6666666666666666,0.3088930804218539,0.6666666666666666,ckb1qzda0cr08m85hc8jlnfp3zer7xulejywt49kt2rr0vthywaa50xwsq22vda73jzdlu3lf6luskzcjz7z5ksa58stp95p5
lineage__merge_count,1.0,-0.26957728969081496,0.6931471805599453,ckb1qzda0cr08m85hc8jlnfp3zer7xulejywt49kt2rr0vthywaa50xwsq22vda73jzdlu3lf6luskzcjz7z5ksa58stp95p5
scripts__type_family_count,1.0,1.9951397255009098,0.6931471805599453,ckb1qzda0cr08m85hc8jlnfp3zer7xulejywt49kt2rr0vthywaa50xwsq22vda73jzdlu3lf6luskzcjz7z5ksa58stp95p5
scripts__unique_lock_script_count,2.0,-0.5532947556651122,1.0986122886681098,ckb1qzda0cr08m85hc8jlnfp3zer7xulejywt49kt2rr0vthywaa50xwsq22vda73jzdlu3lf6luskzcjz7z5ksa58stp95p5
scripts__unique_type_script_count,1.0,1.0,0.6931471805599453,ckb1qzda0cr08m85hc8jlnfp3zer7xulejywt49kt2rr0vthywaa50xwsq22vda73jzdlu3lf6luskzcjz7z5ksa58stp95p5
capacity__capacity_repeat_ratio,0.0,-1.3489727248167438,0.0,ckb1qzda0cr08m85hc8jlnfp3zer7xulejywt49kt2rr0vthywaa50xwsq23j637de7ulapxyn0h2kl2784uhrv6whg2708tp
capacity__target_consumed_capacity,20213706548555.0,0.3723983317607406,30.637382032237888,ckb1qzda0cr08m85hc8jlnfp3zer7xulejywt49kt2rr0vthywaa50xwsq23j637de7ulapxyn0h2kl2784uhrv6whg2708tp
capacity__target_net_capacity_delta,-20213706548555.0,-0.6429021964249526,-30.637382032237888,ckb1qzda0cr08m85hc8jlnfp3zer7xulejywt49kt2rr0vthywaa50xwsq23j637de7ulapxyn0h2kl2784uhrv6whg2708tp
lineage__continuation_count,0.0,0.0,0.0,ckb1qzda0cr08m85hc8jlnfp3zer7xulejywt49kt2rr0vthywaa50xwsq23j637de7ulapxyn0h2kl2784uhrv6whg2708tp
lineage__lineage_depth,1.0,-1.0,0.6931471805599453,ckb1qzda0cr08m85hc8jlnfp3zer7xulejywt49kt2rr0vthywaa50xwsq23j637de7ulapxyn0h2kl2784uhrv6whg2708tp
lineage__lineage_repetition,0.0,-1.128899193514562,0.0,ckb1qzda0cr08m85hc8jlnfp3zer7xulejywt49kt2rr0vthywaa50xwsq23j637de7ulapxyn0h2kl2784uhrv6whg2708tp
lineage__merge_count,0.0,-0.7304227103091852,0.0,ckb1qzda0cr08m85hc8jlnfp3zer7xulejywt49kt2rr0vthywaa50xwsq23j637de7ulapxyn0h2kl2784uhrv6whg2708tp
scripts__type_family_count,0.0,-0.501218028601448,0.0,ckb1qzda0cr08m85hc8jlnfp3zer7xulejywt49kt2rr0vthywaa50xwsq23j637de7ulapxyn0h2kl2784uhrv6whg2708tp
scripts__unique_lock_script_count,13.0,0.6763433160902348,2.6390573296152584,ckb1qzda0cr08m85hc8jlnfp3zer7xulejywt49kt2rr0vthywaa50xwsq23j637de7ulapxyn0h2kl2784uhrv6whg2708tp
scripts__unique_type_script_count,0.0,0.0,0.0,ckb1qzda0cr08m85hc8jlnfp3zer7xulejywt49kt2rr0vthywaa50xwsq23j637de7ulapxyn0h2kl2784uhrv6whg2708tp
capacity__capacity_repeat_ratio,0.0,-1.3489727248167438,0.0,ckb1qzda0cr08m85hc8jlnfp3zer7xulejywt49kt2rr0vthywaa50xwsq23ylk2ds3ljwawtj47npyhqersnxamxjssl8vaq
capacity__target_consumed_capacity,15060556640238.0,0.32997132545648566,30.34310029912049,ckb1qzda0cr08m85hc8jlnfp3zer7xulejywt49kt2rr0vthywaa50xwsq23ylk2ds3ljwawtj47npyhqersnxamxjssl8vaq
capacity__target_net_capacity_delta,-15060556640238.0,-0.6367269177281684,-30.34310029912049,ckb1qzda0cr08m85hc8jlnfp3zer7xulejywt49kt2rr0vthywaa50xwsq23ylk2ds3ljwawtj47npyhqersnxamxjssl8vaq
lineage__continuation_count,0.0,0.0,0.0,ckb1qzda0cr08m85hc8jlnfp3zer7xulejywt49kt2rr0vthywaa50xwsq23ylk2ds3ljwawtj47npyhqersnxamxjssl8vaq
lineage__lineage_depth,1.0,-1.0,0.6931471805599453,ckb1qzda0cr08m85hc8jlnfp3zer7xulejywt49kt2rr0vthywaa50xwsq23ylk2ds3ljwawtj47npyhqersnxamxjssl8vaq
lineage__lineage_repetition,1.0,1.027789217390062,1.0,ckb1qzda0cr08m85hc8jlnfp3zer7xulejywt49kt2rr0vthywaa50xwsq23ylk2ds3ljwawtj47npyhqersnxamxjssl8vaq
lineage__merge_count,9.0,0.8004726398431626,2.302585092994046,ckb1qzda0cr08m85hc8jlnfp3zer7xulejywt49kt2rr0vthywaa50xwsq23ylk2ds3ljwawtj47npyhqersnxamxjssl8vaq
scripts__type_family_count,0.0,-0.501218028601448,0.0,ckb1qzda0cr08m85hc8jlnfp3zer7xulejywt49kt2rr0vthywaa50xwsq23ylk2ds3ljwawtj47npyhqersnxamxjssl8vaq
scripts__unique_lock_script_count,14.0,0.7314158822675506,2.70805020110221,ckb1qzda0cr08m85hc8jlnfp3zer7xulejywt49kt2rr0vthywaa50xwsq23ylk2ds3ljwawtj47npyhqersnxamxjssl8vaq
scripts__unique_type_script_count,0.0,0.0,0.0,ckb1qzda0cr08m85hc8jlnfp3zer7xulejywt49kt2rr0vthywaa50xwsq23ylk2ds3ljwawtj47npyhqersnxamxjssl8vaq
capacity__capacity_repeat_ratio,0.0,-1.3489727248167438,0.0,ckb1qzda0cr08m85hc8jlnfp3zer7xulejywt49kt2rr0vthywaa50xwsq247yrzkaul6mzgfrs74hr5t7q0l3ak8ugacfdq9
capacity__target_consumed_capacity,0.0,-4.044635599832544,0.0,ckb1qzda0cr08m85hc8jlnfp3zer7xulejywt49kt2rr0vthywaa50xwsq247yrzkaul6mzgfrs74hr5t7q0l3ak8ugacfdq9
capacity__target_net_capacity_delta,4739251577835.0,0.6124649396732462,29.1869003441975,ckb1qzda0cr08m85hc8jlnfp3zer7xulejywt49kt2rr0vthywaa50xwsq247yrzkaul6mzgfrs74hr5t7q0l3ak8ugacfdq9
lineage__continuation_count,0.0,0.0,0.0,ckb1qzda0cr08m85hc8jlnfp3zer7xulejywt49kt2rr0vthywaa50xwsq247yrzkaul6mzgfrs74hr5t7q0l3ak8ugacfdq9
lineage__lineage_depth,2.0,0.0,1.0986122886681098,ckb1qzda0cr08m85hc8jlnfp3zer7xulejywt49kt2rr0vthywaa50xwsq247yrzkaul6mzgfrs74hr5t7q0l3ak8ugacfdq9
lineage__lineage_repetition,0.9523809523809523,0.9250897692517466,0.9523809523809523,ckb1qzda0cr08m85hc8jlnfp3zer7xulejywt49kt2rr0vthywaa50xwsq247yrzkaul6mzgfrs74hr5t7q0l3ak8ugacfdq9
lineage__merge_count,11.0,0.9216908412367403,2.4849066497880004,ckb1qzda0cr08m85hc8jlnfp3zer7xulejywt49kt2rr0vthywaa50xwsq247yrzkaul6mzgfrs74hr5t7q0l3ak8ugacfdq9
scripts__type_family_count,0.0,-0.501218028601448,0.0,ckb1qzda0cr08m85hc8jlnfp3zer7xulejywt49kt2rr0vthywaa50xwsq247yrzkaul6mzgfrs74hr5t7q0l3ak8ugacfdq9
scripts__unique_lock_script_count,2.0,-0.5532947556651122,1.0986122886681098,ckb1qzda0cr08m85hc8jlnfp3zer7xulejywt49kt2rr0vthywaa50xwsq247yrzkaul6mzgfrs74hr5t7q0l3ak8ugacfdq9
scripts__unique_type_script_count,0.0,0.0,0.0,ckb1qzda0cr08m85hc8jlnfp3zer7xulejywt49kt2rr0vthywaa50xwsq247yrzkaul6mzgfrs74hr5t7q0l3ak8ugacfdq9
capacity__capacity_repeat_ratio,0.0,-1.3489727248167438,0.0,ckb1qzda0cr08m85hc8jlnfp3zer7xulejywt49kt2rr0vthywaa50xwsq24qy8a3esyfvy8nu68pphmwsn8yaa653c9klmac
capacity__target_consumed_capacity,444016306574392.0,0.8178158925787868,33.72688240420528,ckb1qzda0cr08m85hc8jlnfp3zer7xulejywt49kt2rr0vthywaa50xwsq24qy8a3esyfvy8nu68pphmwsn8yaa653c9klmac
capacity__target_net_capacity_delta,-1000.0,-0.14497497264973414,-6.90875477931522,ckb1qzda0cr08m85hc8jlnfp3zer7xulejywt49kt2rr0vthywaa50xwsq24qy8a3esyfvy8nu68pphmwsn8yaa653c9klmac
lineage__continuation_count,1.0,1.0,0.6931471805599453,ckb1qzda0cr08m85hc8jlnfp3zer7xulejywt49kt2rr0vthywaa50xwsq24qy8a3esyfvy8nu68pphmwsn8yaa653c9klmac
lineage__lineage_depth,1.0,-1.0,0.6931471805599453,ckb1qzda0cr08m85hc8jlnfp3zer7xulejywt49kt2rr0vthywaa50xwsq24qy8a3esyfvy8nu68pphmwsn8yaa653c9klmac
lineage__lineage_repetition,0.0,-1.128899193514562,0.0,ckb1qzda0cr08m85hc8jlnfp3zer7xulejywt49kt2rr0vthywaa50xwsq24qy8a3esyfvy8nu68pphmwsn8yaa653c9klmac
lineage__merge_count,1.0,-0.26957728969081496,0.6931471805599453,ckb1qzda0cr08m85hc8jlnfp3zer7xulejywt49kt2rr0vthywaa50xwsq24qy8a3esyfvy8nu68pphmwsn8yaa653c9klmac
scripts__type_family_count,1.0,1.9951397255009098,0.6931471805599453,ckb1qzda0cr08m85hc8jlnfp3zer7xulejywt49kt2rr0vthywaa50xwsq24qy8a3esyfvy8nu68pphmwsn8yaa653c9klmac
scripts__unique_lock_script_count,1.0,-0.8769514395748773,0.6931471805599453,ckb1qzda0cr08m85hc8jlnfp3zer7xulejywt49kt2rr0vthywaa50xwsq24qy8a3esyfvy8nu68pphmwsn8yaa653c9klmac
scripts__unique_type_script_count,1.0,1.0,0.6931471805599453,ckb1qzda0cr08m85hc8jlnfp3zer7xulejywt49kt2rr0vthywaa50xwsq24qy8a3esyfvy8nu68pphmwsn8yaa653c9klmac
capacity__capacity_repeat_ratio,0.0,-1.3489727248167438,0.0,ckb1qzda0cr08m85hc8jlnfp3zer7xulejywt49kt2rr0vthywaa50xwsq24scr6mpupq6x6arqdwz5ufzfa8skkcccm8ryrr
capacity__target_consumed_capacity,0.0,-4.044635599832544,0.0,ckb1qzda0cr08m85hc8jlnfp3zer7xulejywt49kt2rr0vthywaa50xwsq24scr6mpupq6x6arqdwz5ufzfa8skkcccm8ryrr
capacity__target_net_capacity_delta,12658957062.0,0.488127659304289,23.26163086977925,ckb1qzda0cr08m85hc8jlnfp3zer7xulejywt49kt2rr0vthywaa50xwsq24scr6mpupq6x6arqdwz5ufzfa8skkcccm8ryrr
lineage__continuation_count,0.0,0.0,0.0,ckb1qzda0cr08m85hc8jlnfp3zer7xulejywt49kt2rr0vthywaa50xwsq24scr6mpupq6x6arqdwz5ufzfa8skkcccm8ryrr
lineage__lineage_depth,1.0,-1.0,0.6931471805599453,ckb1qzda0cr08m85hc8jlnfp3zer7xulejywt49kt2rr0vthywaa50xwsq24scr6mpupq6x6arqdwz5ufzfa8skkcccm8ryrr
lineage__lineage_repetition,0.0,-1.128899193514562,0.0,ckb1qzda0cr08m85hc8jlnfp3zer7xulejywt49kt2rr0vthywaa50xwsq24scr6mpupq6x6arqdwz5ufzfa8skkcccm8ryrr
lineage__merge_count,1.0,-0.26957728969081496,0.6931471805599453,ckb1qzda0cr08m85hc8jlnfp3zer7xulejywt49kt2rr0vthywaa50xwsq24scr6mpupq6x6arqdwz5ufzfa8skkcccm8ryrr
scripts__type_family_count,1.0,1.9951397255009098,0.6931471805599453,ckb1qzda0cr08m85hc8jlnfp3zer7xulejywt49kt2rr0vthywaa50xwsq24scr6mpupq6x6arqdwz5ufzfa8skkcccm8ryrr
scripts__unique_lock_script_count,3.0,-0.3236566839097652,1.3862943611198906,ckb1qzda0cr08m85hc8jlnfp3zer7xulejywt49kt2rr0vthywaa50xwsq24scr6mpupq6x6arqdwz5ufzfa8skkcccm8ryrr
scripts__unique_type_script_count,1.0,1.0,0.6931471805599453,ckb1qzda0cr08m85hc8jlnfp3zer7xulejywt49kt2rr0vthywaa50xwsq24scr6mpupq6x6arqdwz5ufzfa8skkcccm8ryrr
capacity__capacity_repeat_ratio,1.0,0.9020803841920981,1.0,ckb1qzda0cr08m85hc8jlnfp3zer7xulejywt49kt2rr0vthywaa50xwsq258cy8km6ddpzdassg6ksjqjvdr3c0aeqavzlpd
capacity__target_consumed_capacity,93267770535.0,-0.403047898175134,25.25874044606509,ckb1qzda0cr08m85hc8jlnfp3zer7xulejywt49kt2rr0vthywaa50xwsq258cy8km6ddpzdassg6ksjqjvdr3c0aeqavzlpd
capacity__target_net_capacity_delta,0.0,0.0,0.0,ckb1qzda0cr08m85hc8jlnfp3zer7xulejywt49kt2rr0vthywaa50xwsq258cy8km6ddpzdassg6ksjqjvdr3c0aeqavzlpd
lineage__continuation_count,0.0,0.0,0.0,ckb1qzda0cr08m85hc8jlnfp3zer7xulejywt49kt2rr0vthywaa50xwsq258cy8km6ddpzdassg6ksjqjvdr3c0aeqavzlpd
lineage__lineage_depth,2.0,0.0,1.0986122886681098,ckb1qzda0cr08m85hc8jlnfp3zer7xulejywt49kt2rr0vthywaa50xwsq258cy8km6ddpzdassg6ksjqjvdr3c0aeqavzlpd
lineage__lineage_repetition,1.0,1.027789217390062,1.0,ckb1qzda0cr08m85hc8jlnfp3zer7xulejywt49kt2rr0vthywaa50xwsq258cy8km6ddpzdassg6ksjqjvdr3c0aeqavzlpd
lineage__merge_count,0.0,-0.7304227103091852,0.0,ckb1qzda0cr08m85hc8jlnfp3zer7xulejywt49kt2rr0vthywaa50xwsq258cy8km6ddpzdassg6ksjqjvdr3c0aeqavzlpd
scripts__type_family_count,0.0,-0.501218028601448,0.0,ckb1qzda0cr08m85hc8jlnfp3zer7xulejywt49kt2rr0vthywaa50xwsq258cy8km6ddpzdassg6ksjqjvdr3c0aeqavzlpd
scripts__unique_lock_script_count,18.0,0.9201098203938868,2.9444389791664403,ckb1qzda0cr08m85hc8jlnfp3zer7xulejywt49kt2rr0vthywaa50xwsq258cy8km6ddpzdassg6ksjqjvdr3c0aeqavzlpd
scripts__unique_type_script_count,0.0,0.0,0.0,ckb1qzda0cr08m85hc8jlnfp3zer7xulejywt49kt2rr0vthywaa50xwsq258cy8km6ddpzdassg6ksjqjvdr3c0aeqavzlpd
capacity__capacity_repeat_ratio,0.0,-1.3489727248167438,0.0,ckb1qzda0cr08m85hc8jlnfp3zer7xulejywt49kt2rr0vthywaa50xwsq25kj6kupzglv5kwcqh54mmm0vd830lt2quf2fvf
capacity__target_consumed_capacity,0.0,-4.044635599832544,0.0,ckb1qzda0cr08m85hc8jlnfp3zer7xulejywt49kt2rr0vthywaa50xwsq25kj6kupzglv5kwcqh54mmm0vd830lt2quf2fvf
capacity__target_net_capacity_delta,370000000000.0,0.5589523666396733,26.636768842587383,ckb1qzda0cr08m85hc8jlnfp3zer7xulejywt49kt2rr0vthywaa50xwsq25kj6kupzglv5kwcqh54mmm0vd830lt2quf2fvf
lineage__continuation_count,0.0,0.0,0.0,ckb1qzda0cr08m85hc8jlnfp3zer7xulejywt49kt2rr0vthywaa50xwsq25kj6kupzglv5kwcqh54mmm0vd830lt2quf2fvf
lineage__lineage_depth,1.0,-1.0,0.6931471805599453,ckb1qzda0cr08m85hc8jlnfp3zer7xulejywt49kt2rr0vthywaa50xwsq25kj6kupzglv5kwcqh54mmm0vd830lt2quf2fvf
lineage__lineage_repetition,0.0,-1.128899193514562,0.0,ckb1qzda0cr08m85hc8jlnfp3zer7xulejywt49kt2rr0vthywaa50xwsq25kj6kupzglv5kwcqh54mmm0vd830lt2quf2fvf
lineage__merge_count,1.0,-0.26957728969081496,0.6931471805599453,ckb1qzda0cr08m85hc8jlnfp3zer7xulejywt49kt2rr0vthywaa50xwsq25kj6kupzglv5kwcqh54mmm0vd830lt2quf2fvf
scripts__type_family_count,1.0,1.9951397255009098,0.6931471805599453,ckb1qzda0cr08m85hc8jlnfp3zer7xulejywt49kt2rr0vthywaa50xwsq25kj6kupzglv5kwcqh54mmm0vd830lt2quf2fvf
scripts__unique_lock_script_count,4.0,-0.14553555730732698,1.6094379124341003,ckb1qzda0cr08m85hc8jlnfp3zer7xulejywt49kt2rr0vthywaa50xwsq25kj6kupzglv5kwcqh54mmm0vd830lt2quf2fvf
scripts__unique_type_script_count,1.0,1.0,0.6931471805599453,ckb1qzda0cr08m85hc8jlnfp3zer7xulejywt49kt2rr0vthywaa50xwsq25kj6kupzglv5kwcqh54mmm0vd830lt2quf2fvf
capacity__capacity_repeat_ratio,1.0,0.9020803841920981,1.0,ckb1qzda0cr08m85hc8jlnfp3zer7xulejywt49kt2rr0vthywaa50xwsq270p8pvg8y2nugwcsq9syredeq5ee5mxq2x87jl
capacity__target_consumed_capacity,4502181903413178.0,1.151782592121259,36.043338541601884,ckb1qzda0cr08m85hc8jlnfp3zer7xulejywt49kt2rr0vthywaa50xwsq270p8pvg8y2nugwcsq9syredeq5ee5mxq2x87jl
capacity__target_net_capacity_delta,0.0,0.0,0.0,ckb1qzda0cr08m85hc8jlnfp3zer7xulejywt49kt2rr0vthywaa50xwsq270p8pvg8y2nugwcsq9syredeq5ee5mxq2x87jl
lineage__continuation_count,0.0,0.0,0.0,ckb1qzda0cr08m85hc8jlnfp3zer7xulejywt49kt2rr0vthywaa50xwsq270p8pvg8y2nugwcsq9syredeq5ee5mxq2x87jl
lineage__lineage_depth,2.0,0.0,1.0986122886681098,ckb1qzda0cr08m85hc8jlnfp3zer7xulejywt49kt2rr0vthywaa50xwsq270p8pvg8y2nugwcsq9syredeq5ee5mxq2x87jl
lineage__lineage_repetition,0.68,0.33764892590058243,0.68,ckb1qzda0cr08m85hc8jlnfp3zer7xulejywt49kt2rr0vthywaa50xwsq270p8pvg8y2nugwcsq9syredeq5ee5mxq2x87jl
lineage__merge_count,9.0,0.8004726398431626,2.302585092994046,ckb1qzda0cr08m85hc8jlnfp3zer7xulejywt49kt2rr0vthywaa50xwsq270p8pvg8y2nugwcsq9syredeq5ee5mxq2x87jl
scripts__type_family_count,0.0,-0.501218028601448,0.0,ckb1qzda0cr08m85hc8jlnfp3zer7xulejywt49kt2rr0vthywaa50xwsq270p8pvg8y2nugwcsq9syredeq5ee5mxq2x87jl
scripts__unique_lock_script_count,8.0,0.3236566839097654,2.1972245773362196,ckb1qzda0cr08m85hc8jlnfp3zer7xulejywt49kt2rr0vthywaa50xwsq270p8pvg8y2nugwcsq9syredeq5ee5mxq2x87jl
scripts__unique_type_script_count,0.0,0.0,0.0,ckb1qzda0cr08m85hc8jlnfp3zer7xulejywt49kt2rr0vthywaa50xwsq270p8pvg8y2nugwcsq9syredeq5ee5mxq2x87jl
capacity__capacity_repeat_ratio,1.0,0.9020803841920981,1.0,ckb1qzda0cr08m85hc8jlnfp3zer7xulejywt49kt2rr0vthywaa50xwsq270spcwvhxfszfmq9sh25v9sum044spls2uf332
capacity__target_consumed_capacity,100000000000000.0,0.6029008853694676,32.23619130191665,ckb1qzda0cr08m85hc8jlnfp3zer7xulejywt49kt2rr0vthywaa50xwsq270spcwvhxfszfmq9sh25v9sum044spls2uf332
capacity__target_net_capacity_delta,0.0,0.0,0.0,ckb1qzda0cr08m85hc8jlnfp3zer7xulejywt49kt2rr0vthywaa50xwsq270spcwvhxfszfmq9sh25v9sum044spls2uf332
lineage__continuation_count,0.0,0.0,0.0,ckb1qzda0cr08m85hc8jlnfp3zer7xulejywt49kt2rr0vthywaa50xwsq270spcwvhxfszfmq9sh25v9sum044spls2uf332
lineage__lineage_depth,2.0,0.0,1.0986122886681098,ckb1qzda0cr08m85hc8jlnfp3zer7xulejywt49kt2rr0vthywaa50xwsq270spcwvhxfszfmq9sh25v9sum044spls2uf332
lineage__lineage_repetition,0.0,-1.128899193514562,0.0,ckb1qzda0cr08m85hc8jlnfp3zer7xulejywt49kt2rr0vthywaa50xwsq270spcwvhxfszfmq9sh25v9sum044spls2uf332
lineage__merge_count,1.0,-0.26957728969081496,0.6931471805599453,ckb1qzda0cr08m85hc8jlnfp3zer7xulejywt49kt2rr0vthywaa50xwsq270spcwvhxfszfmq9sh25v9sum044spls2uf332
scripts__type_family_count,0.0,-0.501218028601448,0.0,ckb1qzda0cr08m85hc8jlnfp3zer7xulejywt49kt2rr0vthywaa50xwsq270spcwvhxfszfmq9sh25v9sum044spls2uf332
scripts__unique_lock_script_count,3.0,-0.3236566839097652,1.3862943611198906,ckb1qzda0cr08m85hc8jlnfp3zer7xulejywt49kt2rr0vthywaa50xwsq270spcwvhxfszfmq9sh25v9sum044spls2uf332
scripts__unique_type_script_count,0.0,0.0,0.0,ckb1qzda0cr08m85hc8jlnfp3zer7xulejywt49kt2rr0vthywaa50xwsq270spcwvhxfszfmq9sh25v9sum044spls2uf332
capacity__capacity_repeat_ratio,0.0,-1.3489727248167438,0.0,ckb1qzda0cr08m85hc8jlnfp3zer7xulejywt49kt2rr0vthywaa50xwsq272xupqa54z4q8z05qt2fywfvdcuxd4dqku7vr4
capacity__target_consumed_capacity,0.0,-4.044635599832544,0.0,ckb1qzda0cr08m85hc8jlnfp3zer7xulejywt49kt2rr0vthywaa50xwsq272xupqa54z4q8z05qt2fywfvdcuxd4dqku7vr4
capacity__target_net_capacity_delta,9755414731701.0,0.6276143707459515,29.908843603882264,ckb1qzda0cr08m85hc8jlnfp3zer7xulejywt49kt2rr0vthywaa50xwsq272xupqa54z4q8z05qt2fywfvdcuxd4dqku7vr4
lineage__continuation_count,0.0,0.0,0.0,ckb1qzda0cr08m85hc8jlnfp3zer7xulejywt49kt2rr0vthywaa50xwsq272xupqa54z4q8z05qt2fywfvdcuxd4dqku7vr4
lineage__lineage_depth,2.0,0.0,1.0986122886681098,ckb1qzda0cr08m85hc8jlnfp3zer7xulejywt49kt2rr0vthywaa50xwsq272xupqa54z4q8z05qt2fywfvdcuxd4dqku7vr4
lineage__lineage_repetition,1.0,1.027789217390062,1.0,ckb1qzda0cr08m85hc8jlnfp3zer7xulejywt49kt2rr0vthywaa50xwsq272xupqa54z4q8z05qt2fywfvdcuxd4dqku7vr4
lineage__merge_count,47.0,1.843381682473481,3.871201010907891,ckb1qzda0cr08m85hc8jlnfp3zer7xulejywt49kt2rr0vthywaa50xwsq272xupqa54z4q8z05qt2fywfvdcuxd4dqku7vr4
scripts__type_family_count,0.0,-0.501218028601448,0.0,ckb1qzda0cr08m85hc8jlnfp3zer7xulejywt49kt2rr0vthywaa50xwsq272xupqa54z4q8z05qt2fywfvdcuxd4dqku7vr4
scripts__unique_lock_script_count,61.0,1.8641793974976295,4.127134385045092,ckb1qzda0cr08m85hc8jlnfp3zer7xulejywt49kt2rr0vthywaa50xwsq272xupqa54z4q8z05qt2fywfvdcuxd4dqku7vr4
scripts__unique_type_script_count,0.0,0.0,0.0,ckb1qzda0cr08m85hc8jlnfp3zer7xulejywt49kt2rr0vthywaa50xwsq272xupqa54z4q8z05qt2fywfvdcuxd4dqku7vr4
capacity__capacity_repeat_ratio,0.0,-1.3489727248167438,0.0,ckb1qzda0cr08m85hc8jlnfp3zer7xulejywt49kt2rr0vthywaa50xwsq275zthc09tdzvgzlycvrl8p5n2ea2e7as0q8aes
capacity__target_consumed_capacity,0.0,-4.044635599832544,0.0,ckb1qzda0cr08m85hc8jlnfp3zer7xulejywt49kt2rr0vthywaa50xwsq275zthc09tdzvgzlycvrl8p5n2ea2e7as0q8aes
capacity__target_net_capacity_delta,1950481808679.0,0.593835071996487,28.299097539358986,ckb1qzda0cr08m85hc8jlnfp3zer7xulejywt49kt2rr0vthywaa50xwsq275zthc09tdzvgzlycvrl8p5n2ea2e7as0q8aes
lineage__continuation_count,0.0,0.0,0.0,ckb1qzda0cr08m85hc8jlnfp3zer7xulejywt49kt2rr0vthywaa50xwsq275zthc09tdzvgzlycvrl8p5n2ea2e7as0q8aes
lineage__lineage_depth,2.0,0.0,1.0986122886681098,ckb1qzda0cr08m85hc8jlnfp3zer7xulejywt49kt2rr0vthywaa50xwsq275zthc09tdzvgzlycvrl8p5n2ea2e7as0q8aes
lineage__lineage_repetition,1.0,1.027789217390062,1.0,ckb1qzda0cr08m85hc8jlnfp3zer7xulejywt49kt2rr0vthywaa50xwsq275zthc09tdzvgzlycvrl8p5n2ea2e7as0q8aes
lineage__merge_count,2.0,0.0,1.0986122886681098,ckb1qzda0cr08m85hc8jlnfp3zer7xulejywt49kt2rr0vthywaa50xwsq275zthc09tdzvgzlycvrl8p5n2ea2e7as0q8aes
scripts__type_family_count,0.0,-0.501218028601448,0.0,ckb1qzda0cr08m85hc8jlnfp3zer7xulejywt49kt2rr0vthywaa50xwsq275zthc09tdzvgzlycvrl8p5n2ea2e7as0q8aes
scripts__unique_lock_script_count,2.0,-0.5532947556651122,1.0986122886681098,ckb1qzda0cr08m85hc8jlnfp3zer7xulejywt49kt2rr0vthywaa50xwsq275zthc09tdzvgzlycvrl8p5n2ea2e7as0q8aes
scripts__unique_type_script_count,0.0,0.0,0.0,ckb1qzda0cr08m85hc8jlnfp3zer7xulejywt49kt2rr0vthywaa50xwsq275zthc09tdzvgzlycvrl8p5n2ea2e7as0q8aes
capacity__capacity_repeat_ratio,0.967741935483871,0.8294657677724582,0.967741935483871,ckb1qzda0cr08m85hc8jlnfp3zer7xulejywt49kt2rr0vthywaa50xwsq28ps4hf8swzexa6ky8dp2q540tsrvz60qt2wtqk
capacity__target_consumed_capacity,780824236058.0,-0.0967016502550731,27.38361591159814,ckb1qzda0cr08m85hc8jlnfp3zer7xulejywt49kt2rr0vthywaa50xwsq28ps4hf8swzexa6ky8dp2q540tsrvz60qt2wtqk
capacity__target_net_capacity_delta,50946465955.0,0.5173463333658357,24.654041231226106,ckb1qzda0cr08m85hc8jlnfp3zer7xulejywt49kt2rr0vthywaa50xwsq28ps4hf8swzexa6ky8dp2q540tsrvz60qt2wtqk
lineage__continuation_count,0.0,0.0,0.0,ckb1qzda0cr08m85hc8jlnfp3zer7xulejywt49kt2rr0vthywaa50xwsq28ps4hf8swzexa6ky8dp2q540tsrvz60qt2wtqk
lineage__lineage_depth,2.0,0.0,1.0986122886681098,ckb1qzda0cr08m85hc8jlnfp3zer7xulejywt49kt2rr0vthywaa50xwsq28ps4hf8swzexa6ky8dp2q540tsrvz60qt2wtqk
lineage__lineage_repetition,0.92,0.8552541445176922,0.92,ckb1qzda0cr08m85hc8jlnfp3zer7xulejywt49kt2rr0vthywaa50xwsq28ps4hf8swzexa6ky8dp2q540tsrvz60qt2wtqk
lineage__merge_count,19.0,1.2613180604615326,2.995732273553991,ckb1qzda0cr08m85hc8jlnfp3zer7xulejywt49kt2rr0vthywaa50xwsq28ps4hf8swzexa6ky8dp2q540tsrvz60qt2wtqk
scripts__type_family_count,0.0,-0.501218028601448,0.0,ckb1qzda0cr08m85hc8jlnfp3zer7xulejywt49kt2rr0vthywaa50xwsq28ps4hf8swzexa6ky8dp2q540tsrvz60qt2wtqk
scripts__unique_lock_script_count,12.0,0.6171876944623629,2.5649493574615367,ckb1qzda0cr08m85hc8jlnfp3zer7xulejywt49kt2rr0vthywaa50xwsq28ps4hf8swzexa6ky8dp2q540tsrvz60qt2wtqk
scripts__unique_type_script_count,0.0,0.0,0.0,ckb1qzda0cr08m85hc8jlnfp3zer7xulejywt49kt2rr0vthywaa50xwsq28ps4hf8swzexa6ky8dp2q540tsrvz60qt2wtqk
capacity__capacity_repeat_ratio,1.0,0.9020803841920981,1.0,ckb1qzda0cr08m85hc8jlnfp3zer7xulejywt49kt2rr0vthywaa50xwsq298q6vfh7z6allgp2ty42k6yd49vap8ysn494ka
capacity__target_consumed_capacity,4957763319999.0,0.16977896439668322,29.231975811411377,ckb1qzda0cr08m85hc8jlnfp3zer7xulejywt49kt2rr0vthywaa50xwsq298q6vfh7z6allgp2ty42k6yd49vap8ysn494ka
capacity__target_net_capacity_delta,0.0,0.0,0.0,ckb1qzda0cr08m85hc8jlnfp3zer7xulejywt49kt2rr0vthywaa50xwsq298q6vfh7z6allgp2ty42k6yd49vap8ysn494ka
lineage__continuation_count,0.0,0.0,0.0,ckb1qzda0cr08m85hc8jlnfp3zer7xulejywt49kt2rr0vthywaa50xwsq298q6vfh7z6allgp2ty42k6yd49vap8ysn494ka
lineage__lineage_depth,2.0,0.0,1.0986122886681098,ckb1qzda0cr08m85hc8jlnfp3zer7xulejywt49kt2rr0vthywaa50xwsq298q6vfh7z6allgp2ty42k6yd49vap8ysn494ka
lineage__lineage_repetition,0.0,-1.128899193514562,0.0,ckb1qzda0cr08m85hc8jlnfp3zer7xulejywt49kt2rr0vthywaa50xwsq298q6vfh7z6allgp2ty42k6yd49vap8ysn494ka
lineage__merge_count,1.0,-0.26957728969081496,0.6931471805599453,ckb1qzda0cr08m85hc8jlnfp3zer7xulejywt49kt2rr0vthywaa50xwsq298q6vfh7z6allgp2ty42k6yd49vap8ysn494ka
scripts__type_family_count,0.0,-0.501218028601448,0.0,ckb1qzda0cr08m85hc8jlnfp3zer7xulejywt49kt2rr0vthywaa50xwsq298q6vfh7z6allgp2ty42k6yd49vap8ysn494ka
scripts__unique_lock_script_count,11.0,0.5532947556651123,2.4849066497880004,ckb1qzda0cr08m85hc8jlnfp3zer7xulejywt49kt2rr0vthywaa50xwsq298q6vfh7z6allgp2ty42k6yd49vap8ysn494ka
scripts__unique_type_script_count,0.0,0.0,0.0,ckb1qzda0cr08m85hc8jlnfp3zer7xulejywt49kt2rr0vthywaa50xwsq298q6vfh7z6allgp2ty42k6yd49vap8ysn494ka
capacity__capacity_repeat_ratio,0.06451612903225806,-1.2037434919774637,0.06451612903225806,ckb1qzda0cr08m85hc8jlnfp3zer7xulejywt49kt2rr0vthywaa50xwsq2akxm0aqm8896a8ma4x7tsj0nugj4ldmg9egwhg
capacity__target_consumed_capacity,13379099710159.0,0.31290353541787846,30.224714882128637,ckb1qzda0cr08m85hc8jlnfp3zer7xulejywt49kt2rr0vthywaa50xwsq2akxm0aqm8896a8ma4x7tsj0nugj4ldmg9egwhg
capacity__target_net_capacity_delta,-13017318446264.0,-0.6336674464162577,-30.197301774988954,ckb1qzda0cr08m85hc8jlnfp3zer7xulejywt49kt2rr0vthywaa50xwsq2akxm0aqm8896a8ma4x7tsj0nugj4ldmg9egwhg
lineage__continuation_count,0.0,0.0,0.0,ckb1qzda0cr08m85hc8jlnfp3zer7xulejywt49kt2rr0vthywaa50xwsq2akxm0aqm8896a8ma4x7tsj0nugj4ldmg9egwhg
lineage__lineage_depth,2.0,0.0,1.0986122886681098,ckb1qzda0cr08m85hc8jlnfp3zer7xulejywt49kt2rr0vthywaa50xwsq2akxm0aqm8896a8ma4x7tsj0nugj4ldmg9egwhg
lineage__lineage_repetition,1.0,1.027789217390062,1.0,ckb1qzda0cr08m85hc8jlnfp3zer7xulejywt49kt2rr0vthywaa50xwsq2akxm0aqm8896a8ma4x7tsj0nugj4ldmg9egwhg
lineage__merge_count,0.0,-0.7304227103091852,0.0,ckb1qzda0cr08m85hc8jlnfp3zer7xulejywt49kt2rr0vthywaa50xwsq2akxm0aqm8896a8ma4x7tsj0nugj4ldmg9egwhg
scripts__type_family_count,0.0,-0.501218028601448,0.0,ckb1qzda0cr08m85hc8jlnfp3zer7xulejywt49kt2rr0vthywaa50xwsq2akxm0aqm8896a8ma4x7tsj0nugj4ldmg9egwhg
scripts__unique_lock_script_count,46.0,1.643078686269145,3.8501476017100584,ckb1qzda0cr08m85hc8jlnfp3zer7xulejywt49kt2rr0vthywaa50xwsq2akxm0aqm8896a8ma4x7tsj0nugj4ldmg9egwhg
scripts__unique_type_script_count,0.0,0.0,0.0,ckb1qzda0cr08m85hc8jlnfp3zer7xulejywt49kt2rr0vthywaa50xwsq2akxm0aqm8896a8ma4x7tsj0nugj4ldmg9egwhg
capacity__capacity_repeat_ratio,0.0,-1.3489727248167438,0.0,ckb1qzda0cr08m85hc8jlnfp3zer7xulejywt49kt2rr0vthywaa50xwsq2cdr6jzphx2r5y02rkrlh84f4aes20mcc4569tl
capacity__target_consumed_capacity,0.0,-4.044635599832544,0.0,ckb1qzda0cr08m85hc8jlnfp3zer7xulejywt49kt2rr0vthywaa50xwsq2cdr6jzphx2r5y02rkrlh84f4aes20mcc4569tl
capacity__target_net_capacity_delta,88028499780000.0,0.6737763034930132,32.10868173911143,ckb1qzda0cr08m85hc8jlnfp3zer7xulejywt49kt2rr0vthywaa50xwsq2cdr6jzphx2r5y02rkrlh84f4aes20mcc4569tl
lineage__continuation_count,0.0,0.0,0.0,ckb1qzda0cr08m85hc8jlnfp3zer7xulejywt49kt2rr0vthywaa50xwsq2cdr6jzphx2r5y02rkrlh84f4aes20mcc4569tl
lineage__lineage_depth,1.0,-1.0,0.6931471805599453,ckb1qzda0cr08m85hc8jlnfp3zer7xulejywt49kt2rr0vthywaa50xwsq2cdr6jzphx2r5y02rkrlh84f4aes20mcc4569tl
lineage__lineage_repetition,1.0,1.027789217390062,1.0,ckb1qzda0cr08m85hc8jlnfp3zer7xulejywt49kt2rr0vthywaa50xwsq2cdr6jzphx2r5y02rkrlh84f4aes20mcc4569tl
lineage__merge_count,0.0,-0.7304227103091852,0.0,ckb1qzda0cr08m85hc8jlnfp3zer7xulejywt49kt2rr0vthywaa50xwsq2cdr6jzphx2r5y02rkrlh84f4aes20mcc4569tl
scripts__type_family_count,0.0,-0.501218028601448,0.0,ckb1qzda0cr08m85hc8jlnfp3zer7xulejywt49kt2rr0vthywaa50xwsq2cdr6jzphx2r5y02rkrlh84f4aes20mcc4569tl
scripts__unique_lock_script_count,2.0,-0.5532947556651122,1.0986122886681098,ckb1qzda0cr08m85hc8jlnfp3zer7xulejywt49kt2rr0vthywaa50xwsq2cdr6jzphx2r5y02rkrlh84f4aes20mcc4569tl
scripts__unique_type_script_count,0.0,0.0,0.0,ckb1qzda0cr08m85hc8jlnfp3zer7xulejywt49kt2rr0vthywaa50xwsq2cdr6jzphx2r5y02rkrlh84f4aes20mcc4569tl
capacity__capacity_repeat_ratio,1.0,0.9020803841920981,1.0,ckb1qzda0cr08m85hc8jlnfp3zer7xulejywt49kt2rr0vthywaa50xwsq2cq7k6zqqnna55dzwd32rxjkajthgqr2clgqu5w
capacity__target_consumed_capacity,119040498721.0,-0.3678716432347114,25.502729597555348,ckb1qzda0cr08m85hc8jlnfp3zer7xulejywt49kt2rr0vthywaa50xwsq2cq7k6zqqnna55dzwd32rxjkajthgqr2clgqu5w
capacity__target_net_capacity_delta,0.0,0.0,0.0,ckb1qzda0cr08m85hc8jlnfp3zer7xulejywt49kt2rr0vthywaa50xwsq2cq7k6zqqnna55dzwd32rxjkajthgqr2clgqu5w
lineage__continuation_count,0.0,0.0,0.0,ckb1qzda0cr08m85hc8jlnfp3zer7xulejywt49kt2rr0vthywaa50xwsq2cq7k6zqqnna55dzwd32rxjkajthgqr2clgqu5w
lineage__lineage_depth,2.0,0.0,1.0986122886681098,ckb1qzda0cr08m85hc8jlnfp3zer7xulejywt49kt2rr0vthywaa50xwsq2cq7k6zqqnna55dzwd32rxjkajthgqr2clgqu5w
lineage__lineage_repetition,1.0,1.027789217390062,1.0,ckb1qzda0cr08m85hc8jlnfp3zer7xulejywt49kt2rr0vthywaa50xwsq2cq7k6zqqnna55dzwd32rxjkajthgqr2clgqu5w
lineage__merge_count,2.0,0.0,1.0986122886681098,ckb1qzda0cr08m85hc8jlnfp3zer7xulejywt49kt2rr0vthywaa50xwsq2cq7k6zqqnna55dzwd32rxjkajthgqr2clgqu5w
scripts__type_family_count,1.0,1.9951397255009098,0.6931471805599453,ckb1qzda0cr08m85hc8jlnfp3zer7xulejywt49kt2rr0vthywaa50xwsq2cq7k6zqqnna55dzwd32rxjkajthgqr2clgqu5w
scripts__unique_lock_script_count,5.0,0.0,1.791759469228055,ckb1qzda0cr08m85hc8jlnfp3zer7xulejywt49kt2rr0vthywaa50xwsq2cq7k6zqqnna55dzwd32rxjkajthgqr2clgqu5w
scripts__unique_type_script_count,1.0,1.0,0.6931471805599453,ckb1qzda0cr08m85hc8jlnfp3zer7xulejywt49kt2rr0vthywaa50xwsq2cq7k6zqqnna55dzwd32rxjkajthgqr2clgqu5w
capacity__capacity_repeat_ratio,1.0,0.9020803841920981,1.0,ckb1qzda0cr08m85hc8jlnfp3zer7xulejywt49kt2rr0vthywaa50xwsq2da0jqygw442724a22vmvse55pez5zw4qtj3mmg
capacity__target_consumed_capacity,18951923192230.0,0.3631056924596255,30.57292653002413,ckb1qzda0cr08m85hc8jlnfp3zer7xulejywt49kt2rr0vthywaa50xwsq2da0jqygw442724a22vmvse55pez5zw4qtj3mmg
capacity__target_net_capacity_delta,0.0,0.0,0.0,ckb1qzda0cr08m85hc8jlnfp3zer7xulejywt49kt2rr0vthywaa50xwsq2da0jqygw442724a22vmvse55pez5zw4qtj3mmg
lineage__continuation_count,0.0,0.0,0.0,ckb1qzda0cr08m85hc8jlnfp3zer7xulejywt49kt2rr0vthywaa50xwsq2da0jqygw442724a22vmvse55pez5zw4qtj3mmg
lineage__lineage_depth,8.0,2.709511291351454,2.1972245773362196,ckb1qzda0cr08m85hc8jlnfp3zer7xulejywt49kt2rr0vthywaa50xwsq2da0jqygw442724a22vmvse55pez5zw4qtj3mmg
lineage__lineage_repetition,0.5,-0.05055498806225001,0.5,ckb1qzda0cr08m85hc8jlnfp3zer7xulejywt49kt2rr0vthywaa50xwsq2da0jqygw442724a22vmvse55pez5zw4qtj3mmg
lineage__merge_count,15.0,1.1129589721642954,2.772588722239781,ckb1qzda0cr08m85hc8jlnfp3zer7xulejywt49kt2rr0vthywaa50xwsq2da0jqygw442724a22vmvse55pez5zw4qtj3mmg
scripts__type_family_count,0.0,-0.501218028601448,0.0,ckb1qzda0cr08m85hc8jlnfp3zer7xulejywt49kt2rr0vthywaa50xwsq2da0jqygw442724a22vmvse55pez5zw4qtj3mmg
scripts__unique_lock_script_count,18.0,0.9201098203938868,2.9444389791664403,ckb1qzda0cr08m85hc8jlnfp3zer7xulejywt49kt2rr0vthywaa50xwsq2da0jqygw442724a22vmvse55pez5zw4qtj3mmg
scripts__unique_type_script_count,0.0,0.0,0.0,ckb1qzda0cr08m85hc8jlnfp3zer7xulejywt49kt2rr0vthywaa50xwsq2da0jqygw442724a22vmvse55pez5zw4qtj3mmg
capacity__capacity_repeat_ratio,1.0,0.9020803841920981,1.0,ckb1qzda0cr08m85hc8jlnfp3zer7xulejywt49kt2rr0vthywaa50xwsq2dn39wdkj33e7v03mx3mg6raqh365hpnqp2nq6r
capacity__target_consumed_capacity,3280999000000.0,0.11026404227868626,28.819169065122644,ckb1qzda0cr08m85hc8jlnfp3zer7xulejywt49kt2rr0vthywaa50xwsq2dn39wdkj33e7v03mx3mg6raqh365hpnqp2nq6r
capacity__target_net_capacity_delta,0.0,0.0,0.0,ckb1qzda0cr08m85hc8jlnfp3zer7xulejywt49kt2rr0vthywaa50xwsq2dn39wdkj33e7v03mx3mg6raqh365hpnqp2nq6r
lineage__continuation_count,0.0,0.0,0.0,ckb1qzda0cr08m85hc8jlnfp3zer7xulejywt49kt2rr0vthywaa50xwsq2dn39wdkj33e7v03mx3mg6raqh365hpnqp2nq6r
lineage__lineage_depth,2.0,0.0,1.0986122886681098,ckb1qzda0cr08m85hc8jlnfp3zer7xulejywt49kt2rr0vthywaa50xwsq2dn39wdkj33e7v03mx3mg6raqh365hpnqp2nq6r
lineage__lineage_repetition,0.9285714285714286,0.873740045182589,0.9285714285714286,ckb1qzda0cr08m85hc8jlnfp3zer7xulejywt49kt2rr0vthywaa50xwsq2dn39wdkj33e7v03mx3mg6raqh365hpnqp2nq6r
lineage__merge_count,3.0,0.1912681309275552,1.3862943611198906,ckb1qzda0cr08m85hc8jlnfp3zer7xulejywt49kt2rr0vthywaa50xwsq2dn39wdkj33e7v03mx3mg6raqh365hpnqp2nq6r
scripts__type_family_count,0.0,-0.501218028601448,0.0,ckb1qzda0cr08m85hc8jlnfp3zer7xulejywt49kt2rr0vthywaa50xwsq2dn39wdkj33e7v03mx3mg6raqh365hpnqp2nq6r
scripts__unique_lock_script_count,3.0,-0.3236566839097652,1.3862943611198906,ckb1qzda0cr08m85hc8jlnfp3zer7xulejywt49kt2rr0vthywaa50xwsq2dn39wdkj33e7v03mx3mg6raqh365hpnqp2nq6r
scripts__unique_type_script_count,0.0,0.0,0.0,ckb1qzda0cr08m85hc8jlnfp3zer7xulejywt49kt2rr0vthywaa50xwsq2dn39wdkj33e7v03mx3mg6raqh365hpnqp2nq6r
capacity__capacity_repeat_ratio,0.0,-1.3489727248167438,0.0,ckb1qzda0cr08m85hc8jlnfp3zer7xulejywt49kt2rr0vthywaa50xwsq2ejd8f7wnaln83fx7u8g5tr0sv8jpuwpqdfm05a
capacity__target_consumed_capacity,263881609025.0,-0.2531059131131426,26.298766388849568,ckb1qzda0cr08m85hc8jlnfp3zer7xulejywt49kt2rr0vthywaa50xwsq2ejd8f7wnaln83fx7u8g5tr0sv8jpuwpqdfm05a
capacity__target_net_capacity_delta,-263881609025.0,-0.5518596418214623,-26.298766388849568,ckb1qzda0cr08m85hc8jlnfp3zer7xulejywt49kt2rr0vthywaa50xwsq2ejd8f7wnaln83fx7u8g5tr0sv8jpuwpqdfm05a
lineage__continuation_count,0.0,0.0,0.0,ckb1qzda0cr08m85hc8jlnfp3zer7xulejywt49kt2rr0vthywaa50xwsq2ejd8f7wnaln83fx7u8g5tr0sv8jpuwpqdfm05a
lineage__lineage_depth,1.0,-1.0,0.6931471805599453,ckb1qzda0cr08m85hc8jlnfp3zer7xulejywt49kt2rr0vthywaa50xwsq2ejd8f7wnaln83fx7u8g5tr0sv8jpuwpqdfm05a
lineage__lineage_repetition,0.9333333333333333,0.8840099899964206,0.9333333333333333,ckb1qzda0cr08m85hc8jlnfp3zer7xulejywt49kt2rr0vthywaa50xwsq2ejd8f7wnaln83fx7u8g5tr0sv8jpuwpqdfm05a
lineage__merge_count,30.0,1.552695972177032,3.4339872044851463,ckb1qzda0cr08m85hc8jlnfp3zer7xulejywt49kt2rr0vthywaa50xwsq2ejd8f7wnaln83fx7u8g5tr0sv8jpuwpqdfm05a
scripts__type_family_count,0.0,-0.501218028601448,0.0,ckb1qzda0cr08m85hc8jlnfp3zer7xulejywt49kt2rr0vthywaa50xwsq2ejd8f7wnaln83fx7u8g5tr0sv8jpuwpqdfm05a
scripts__unique_lock_script_count,53.0,1.753902879149755,3.9889840465642745,ckb1qzda0cr08m85hc8jlnfp3zer7xulejywt49kt2rr0vthywaa50xwsq2ejd8f7wnaln83fx7u8g5tr0sv8jpuwpqdfm05a
scripts__unique_type_script_count,0.0,0.0,0.0,ckb1qzda0cr08m85hc8jlnfp3zer7xulejywt49kt2rr0vthywaa50xwsq2ejd8f7wnaln83fx7u8g5tr0sv8jpuwpqdfm05a
capacity__capacity_repeat_ratio,1.0,0.9020803841920981,1.0,ckb1qzda0cr08m85hc8jlnfp3zer7xulejywt49kt2rr0vthywaa50xwsq2evwcurnqel0euyf4s2pgkut48dgp7fsg3tdhrk
capacity__target_consumed_capacity,249710236255.0,-0.2610640817107559,26.24356702760896,ckb1qzda0cr08m85hc8jlnfp3zer7xulejywt49kt2rr0vthywaa50xwsq2evwcurnqel0euyf4s2pgkut48dgp7fsg3tdhrk
capacity__target_net_capacity_delta,0.0,0.0,0.0,ckb1qzda0cr08m85hc8jlnfp3zer7xulejywt49kt2rr0vthywaa50xwsq2evwcurnqel0euyf4s2pgkut48dgp7fsg3tdhrk
lineage__continuation_count,0.0,0.0,0.0,ckb1qzda0cr08m85hc8jlnfp3zer7xulejywt49kt2rr0vthywaa50xwsq2evwcurnqel0euyf4s2pgkut48dgp7fsg3tdhrk
lineage__lineage_depth,2.0,0.0,1.0986122886681098,ckb1qzda0cr08m85hc8jlnfp3zer7xulejywt49kt2rr0vthywaa50xwsq2evwcurnqel0euyf4s2pgkut48dgp7fsg3tdhrk
lineage__lineage_repetition,0.95,0.9199547968448308,0.95,ckb1qzda0cr08m85hc8jlnfp3zer7xulejywt49kt2rr0vthywaa50xwsq2evwcurnqel0euyf4s2pgkut48dgp7fsg3tdhrk
lineage__merge_count,10.0,0.8638405090822093,2.3978952727983707,ckb1qzda0cr08m85hc8jlnfp3zer7xulejywt49kt2rr0vthywaa50xwsq2evwcurnqel0euyf4s2pgkut48dgp7fsg3tdhrk
scripts__type_family_count,0.0,-0.501218028601448,0.0,ckb1qzda0cr08m85hc8jlnfp3zer7xulejywt49kt2rr0vthywaa50xwsq2evwcurnqel0euyf4s2pgkut48dgp7fsg3tdhrk
scripts__unique_lock_script_count,41.0,1.5532947556651124,3.7376696182833684,ckb1qzda0cr08m85hc8jlnfp3zer7xulejywt49kt2rr0vthywaa50xwsq2evwcurnqel0euyf4s2pgkut48dgp7fsg3tdhrk
scripts__unique_type_script_count,0.0,0.0,0.0,ckb1qzda0cr08m85hc8jlnfp3zer7xulejywt49kt2rr0vthywaa50xwsq2evwcurnqel0euyf4s2pgkut48dgp7fsg3tdhrk
capacity__capacity_repeat_ratio,0.0,-1.3489727248167438,0.0,ckb1qzda0cr08m85hc8jlnfp3zer7xulejywt49kt2rr0vthywaa50xwsq2fdtshag9h5z8q7qy6v4hu6lpzvejmg7sp9a6kf
capacity__target_consumed_capacity,0.0,-4.044635599832544,0.0,ckb1qzda0cr08m85hc8jlnfp3zer7xulejywt49kt2rr0vthywaa50xwsq2fdtshag9h5z8q7qy6v4hu6lpzvejmg7sp9a6kf
capacity__target_net_capacity_delta,153285204898.0,0.5404609964124959,25.755566107396984,ckb1qzda0cr08m85hc8jlnfp3zer7xulejywt49kt2rr0vthywaa50xwsq2fdtshag9h5z8q7qy6v4hu6lpzvejmg7sp9a6kf
lineage__continuation_count,0.0,0.0,0.0,ckb1qzda0cr08m85hc8jlnfp3zer7xulejywt49kt2rr0vthywaa50xwsq2fdtshag9h5z8q7qy6v4hu6lpzvejmg7sp9a6kf
lineage__lineage_depth,1.0,-1.0,0.6931471805599453,ckb1qzda0cr08m85hc8jlnfp3zer7xulejywt49kt2rr0vthywaa50xwsq2fdtshag9h5z8q7qy6v4hu6lpzvejmg7sp9a6kf
lineage__lineage_repetition,0.0,-1.128899193514562,0.0,ckb1qzda0cr08m85hc8jlnfp3zer7xulejywt49kt2rr0vthywaa50xwsq2fdtshag9h5z8q7qy6v4hu6lpzvejmg7sp9a6kf
lineage__merge_count,1.0,-0.26957728969081496,0.6931471805599453,ckb1qzda0cr08m85hc8jlnfp3zer7xulejywt49kt2rr0vthywaa50xwsq2fdtshag9h5z8q7qy6v4hu6lpzvejmg7sp9a6kf
scripts__type_family_count,1.0,1.9951397255009098,0.6931471805599453,ckb1qzda0cr08m85hc8jlnfp3zer7xulejywt49kt2rr0vthywaa50xwsq2fdtshag9h5z8q7qy6v4hu6lpzvejmg7sp9a6kf
scripts__unique_lock_script_count,3.0,-0.3236566839097652,1.3862943611198906,ckb1qzda0cr08m85hc8jlnfp3zer7xulejywt49kt2rr0vthywaa50xwsq2fdtshag9h5z8q7qy6v4hu6lpzvejmg7sp9a6kf
scripts__unique_type_script_count,1.0,1.0,0.6931471805599453,ckb1qzda0cr08m85hc8jlnfp3zer7xulejywt49kt2rr0vthywaa50xwsq2fdtshag9h5z8q7qy6v4hu6lpzvejmg7sp9a6kf
capacity__capacity_repeat_ratio,0.0,-1.3489727248167438,0.0,ckb1qzda0cr08m85hc8jlnfp3zer7xulejywt49kt2rr0vthywaa50xwsq2gxfhv94tp8sc29c5xhsuttgk4hhpp2nq2mt7ff
capacity__target_consumed_capacity,0.0,-4.044635599832544,0.0,ckb1qzda0cr08m85hc8jlnfp3zer7xulejywt49kt2rr0vthywaa50xwsq2gxfhv94tp8sc29c5xhsuttgk4hhpp2nq2mt7ff
capacity__target_net_capacity_delta,15000000000.0,0.49168837370570834,23.431316038115288,ckb1qzda0cr08m85hc8jlnfp3zer7xulejywt49kt2rr0vthywaa50xwsq2gxfhv94tp8sc29c5xhsuttgk4hhpp2nq2mt7ff
lineage__continuation_count,0.0,0.0,0.0,ckb1qzda0cr08m85hc8jlnfp3zer7xulejywt49kt2rr0vthywaa50xwsq2gxfhv94tp8sc29c5xhsuttgk4hhpp2nq2mt7ff
lineage__lineage_depth,1.0,-1.0,0.6931471805599453,ckb1qzda0cr08m85hc8jlnfp3zer7xulejywt49kt2rr0vthywaa50xwsq2gxfhv94tp8sc29c5xhsuttgk4hhpp2nq2mt7ff
lineage__lineage_repetition,0.0,-1.128899193514562,0.0,ckb1qzda0cr08m85hc8jlnfp3zer7xulejywt49kt2rr0vthywaa50xwsq2gxfhv94tp8sc29c5xhsuttgk4hhpp2nq2mt7ff
lineage__merge_count,0.0,-0.7304227103091852,0.0,ckb1qzda0cr08m85hc8jlnfp3zer7xulejywt49kt2rr0vthywaa50xwsq2gxfhv94tp8sc29c5xhsuttgk4hhpp2nq2mt7ff
scripts__type_family_count,0.0,-0.501218028601448,0.0,ckb1qzda0cr08m85hc8jlnfp3zer7xulejywt49kt2rr0vthywaa50xwsq2gxfhv94tp8sc29c5xhsuttgk4hhpp2nq2mt7ff
scripts__unique_lock_script_count,2.0,-0.5532947556651122,1.0986122886681098,ckb1qzda0cr08m85hc8jlnfp3zer7xulejywt49kt2rr0vthywaa50xwsq2gxfhv94tp8sc29c5xhsuttgk4hhpp2nq2mt7ff
scripts__unique_type_script_count,0.0,0.0,0.0,ckb1qzda0cr08m85hc8jlnfp3zer7xulejywt49kt2rr0vthywaa50xwsq2gxfhv94tp8sc29c5xhsuttgk4hhpp2nq2mt7ff
capacity__capacity_repeat_ratio,1.0,0.9020803841920981,1.0,ckb1qzda0cr08m85hc8jlnfp3zer7xulejywt49kt2rr0vthywaa50xwsq2h36kp26fly5n2huuc446dc3rzhunq2nsesxffv
capacity__target_consumed_capacity,432288726420.0,-0.18194390130882596,26.79235955014209,ckb1qzda0cr08m85hc8jlnfp3zer7xulejywt49kt2rr0vthywaa50xwsq2h36kp26fly5n2huuc446dc3rzhunq2nsesxffv
capacity__target_net_capacity_delta,0.0,0.0,0.0,ckb1qzda0cr08m85hc8jlnfp3zer7xulejywt49kt2rr0vthywaa50xwsq2h36kp26fly5n2huuc446dc3rzhunq2nsesxffv
lineage__continuation_count,0.0,0.0,0.0,ckb1qzda0cr08m85hc8jlnfp3zer7xulejywt49kt2rr0vthywaa50xwsq2h36kp26fly5n2huuc446dc3rzhunq2nsesxffv
lineage__lineage_depth,2.0,0.0,1.0986122886681098,ckb1qzda0cr08m85hc8jlnfp3zer7xulejywt49kt2rr0vthywaa50xwsq2h36kp26fly5n2huuc446dc3rzhunq2nsesxffv
lineage__lineage_repetition,1.0,1.027789217390062,1.0,ckb1qzda0cr08m85hc8jlnfp3zer7xulejywt49kt2rr0vthywaa50xwsq2h36kp26fly5n2huuc446dc3rzhunq2nsesxffv
lineage__merge_count,2.0,0.0,1.0986122886681098,ckb1qzda0cr08m85hc8jlnfp3zer7xulejywt49kt2rr0vthywaa50xwsq2h36kp26fly5n2huuc446dc3rzhunq2nsesxffv
scripts__type_family_count,1.0,1.9951397255009098,0.6931471805599453,ckb1qzda0cr08m85hc8jlnfp3zer7xulejywt49kt2rr0vthywaa50xwsq2h36kp26fly5n2huuc446dc3rzhunq2nsesxffv
scripts__unique_lock_script_count,6.0,0.12304856042512263,1.9459101490553132,ckb1qzda0cr08m85hc8jlnfp3zer7xulejywt49kt2rr0vthywaa50xwsq2h36kp26fly5n2huuc446dc3rzhunq2nsesxffv
scripts__unique_type_script_count,1.0,1.0,0.6931471805599453,ckb1qzda0cr08m85hc8jlnfp3zer7xulejywt49kt2rr0vthywaa50xwsq2h36kp26fly5n2huuc446dc3rzhunq2nsesxffv
capacity__capacity_repeat_ratio,1.0,0.9020803841920981,1.0,ckb1qzda0cr08m85hc8jlnfp3zer7xulejywt49kt2rr0vthywaa50xwsq2jrflqx0dneevp0v6ssznw8ry6aj8laxcuh9svs
capacity__target_consumed_capacity,6200000000.0,-0.7938857673569987,22.547815129158746,ckb1qzda0cr08m85hc8jlnfp3zer7xulejywt49kt2rr0vthywaa50xwsq2jrflqx0dneevp0v6ssznw8ry6aj8laxcuh9svs
capacity__target_net_capacity_delta,0.0,0.0,0.0,ckb1qzda0cr08m85hc8jlnfp3zer7xulejywt49kt2rr0vthywaa50xwsq2jrflqx0dneevp0v6ssznw8ry6aj8laxcuh9svs
lineage__continuation_count,0.0,0.0,0.0,ckb1qzda0cr08m85hc8jlnfp3zer7xulejywt49kt2rr0vthywaa50xwsq2jrflqx0dneevp0v6ssznw8ry6aj8laxcuh9svs
lineage__lineage_depth,2.0,0.0,1.0986122886681098,ckb1qzda0cr08m85hc8jlnfp3zer7xulejywt49kt2rr0vthywaa50xwsq2jrflqx0dneevp0v6ssznw8ry6aj8laxcuh9svs
lineage__lineage_repetition,1.0,1.027789217390062,1.0,ckb1qzda0cr08m85hc8jlnfp3zer7xulejywt49kt2rr0vthywaa50xwsq2jrflqx0dneevp0v6ssznw8ry6aj8laxcuh9svs
lineage__merge_count,2.0,0.0,1.0986122886681098,ckb1qzda0cr08m85hc8jlnfp3zer7xulejywt49kt2rr0vthywaa50xwsq2jrflqx0dneevp0v6ssznw8ry6aj8laxcuh9svs
scripts__type_family_count,1.0,1.9951397255009098,0.6931471805599453,ckb1qzda0cr08m85hc8jlnfp3zer7xulejywt49kt2rr0vthywaa50xwsq2jrflqx0dneevp0v6ssznw8ry6aj8laxcuh9svs
scripts__unique_lock_script_count,7.0,0.229638071755347,2.0794415416798357,ckb1qzda0cr08m85hc8jlnfp3zer7xulejywt49kt2rr0vthywaa50xwsq2jrflqx0dneevp0v6ssznw8ry6aj8laxcuh9svs
scripts__unique_type_script_count,1.0,1.0,0.6931471805599453,ckb1qzda0cr08m85hc8jlnfp3zer7xulejywt49kt2rr0vthywaa50xwsq2jrflqx0dneevp0v6ssznw8ry6aj8laxcuh9svs
capacity__capacity_repeat_ratio,0.0,-1.3489727248167438,0.0,ckb1qzda0cr08m85hc8jlnfp3zer7xulejywt49kt2rr0vthywaa50xwsq2lfh4w2sguefdcw8fmehy5fpaenhehr9cped0e2
capacity__target_consumed_capacity,25145284136797.0,0.4038723089198361,30.855691485420945,ckb1qzda0cr08m85hc8jlnfp3zer7xulejywt49kt2rr0vthywaa50xwsq2lfh4w2sguefdcw8fmehy5fpaenhehr9cped0e2
capacity__target_net_capacity_delta,-25145284136797.0,-0.6474832545194084,-30.855691485420945,ckb1qzda0cr08m85hc8jlnfp3zer7xulejywt49kt2rr0vthywaa50xwsq2lfh4w2sguefdcw8fmehy5fpaenhehr9cped0e2
lineage__continuation_count,0.0,0.0,0.0,ckb1qzda0cr08m85hc8jlnfp3zer7xulejywt49kt2rr0vthywaa50xwsq2lfh4w2sguefdcw8fmehy5fpaenhehr9cped0e2
lineage__lineage_depth,1.0,-1.0,0.6931471805599453,ckb1qzda0cr08m85hc8jlnfp3zer7xulejywt49kt2rr0vthywaa50xwsq2lfh4w2sguefdcw8fmehy5fpaenhehr9cped0e2
lineage__lineage_repetition,1.0,1.027789217390062,1.0,ckb1qzda0cr08m85hc8jlnfp3zer7xulejywt49kt2rr0vthywaa50xwsq2lfh4w2sguefdcw8fmehy5fpaenhehr9cped0e2
lineage__merge_count,30.0,1.552695972177032,3.4339872044851463,ckb1qzda0cr08m85hc8jlnfp3zer7xulejywt49kt2rr0vthywaa50xwsq2lfh4w2sguefdcw8fmehy5fpaenhehr9cped0e2
scripts__type_family_count,0.0,-0.501218028601448,0.0,ckb1qzda0cr08m85hc8jlnfp3zer7xulejywt49kt2rr0vthywaa50xwsq2lfh4w2sguefdcw8fmehy5fpaenhehr9cped0e2
scripts__unique_lock_script_count,27.0,1.2296380717553472,3.332204510175204,ckb1qzda0cr08m85hc8jlnfp3zer7xulejywt49kt2rr0vthywaa50xwsq2lfh4w2sguefdcw8fmehy5fpaenhehr9cped0e2
scripts__unique_type_script_count,0.0,0.0,0.0,ckb1qzda0cr08m85hc8jlnfp3zer7xulejywt49kt2rr0vthywaa50xwsq2lfh4w2sguefdcw8fmehy5fpaenhehr9cped0e2
capacity__capacity_repeat_ratio,1.0,0.9020803841920981,1.0,ckb1qzda0cr08m85hc8jlnfp3zer7xulejywt49kt2rr0vthywaa50xwsq2mj7v7ut0alqkx38qgu393dw8lafafq0qwnqaxs
capacity__target_consumed_capacity,15100000000000.0,0.33034841446612395,30.345715859749493,ckb1qzda0cr08m85hc8jlnfp3zer7xulejywt49kt2rr0vthywaa50xwsq2mj7v7ut0alqkx38qgu393dw8lafafq0qwnqaxs
capacity__target_net_capacity_delta,0.0,0.0,0.0,ckb1qzda0cr08m85hc8jlnfp3zer7xulejywt49kt2rr0vthywaa50xwsq2mj7v7ut0alqkx38qgu393dw8lafafq0qwnqaxs
lineage__continuation_count,0.0,0.0,0.0,ckb1qzda0cr08m85hc8jlnfp3zer7xulejywt49kt2rr0vthywaa50xwsq2mj7v7ut0alqkx38qgu393dw8lafafq0qwnqaxs
lineage__lineage_depth,3.0,0.7095112913514542,1.3862943611198906,ckb1qzda0cr08m85hc8jlnfp3zer7xulejywt49kt2rr0vthywaa50xwsq2mj7v7ut0alqkx38qgu393dw8lafafq0qwnqaxs
lineage__lineage_repetition,1.0,1.027789217390062,1.0,ckb1qzda0cr08m85hc8jlnfp3zer7xulejywt49kt2rr0vthywaa50xwsq2mj7v7ut0alqkx38qgu393dw8lafafq0qwnqaxs
lineage__merge_count,0.0,-0.7304227103091852,0.0,ckb1qzda0cr08m85hc8jlnfp3zer7xulejywt49kt2rr0vthywaa50xwsq2mj7v7ut0alqkx38qgu393dw8lafafq0qwnqaxs
scripts__type_family_count,0.0,-0.501218028601448,0.0,ckb1qzda0cr08m85hc8jlnfp3zer7xulejywt49kt2rr0vthywaa50xwsq2mj7v7ut0alqkx38qgu393dw8lafafq0qwnqaxs
scripts__unique_lock_script_count,3.0,-0.3236566839097652,1.3862943611198906,ckb1qzda0cr08m85hc8jlnfp3zer7xulejywt49kt2rr0vthywaa50xwsq2mj7v7ut0alqkx38qgu393dw8lafafq0qwnqaxs
scripts__unique_type_script_count,0.0,0.0,0.0,ckb1qzda0cr08m85hc8jlnfp3zer7xulejywt49kt2rr0vthywaa50xwsq2mj7v7ut0alqkx38qgu393dw8lafafq0qwnqaxs
capacity__capacity_repeat_ratio,0.0,-1.3489727248167438,0.0,ckb1qzda0cr08m85hc8jlnfp3zer7xulejywt49kt2rr0vthywaa50xwsq2mu7xj6mj90s8dxxnuqxyty72rg72ydzscwk9vf
capacity__target_consumed_capacity,246489809908.0,-0.2629355037847176,26.23058649046311,ckb1qzda0cr08m85hc8jlnfp3zer7xulejywt49kt2rr0vthywaa50xwsq2mu7xj6mj90s8dxxnuqxyty72rg72ydzscwk9vf
capacity__target_net_capacity_delta,-246489809908.0,-0.5504289384285105,-26.23058649046311,ckb1qzda0cr08m85hc8jlnfp3zer7xulejywt49kt2rr0vthywaa50xwsq2mu7xj6mj90s8dxxnuqxyty72rg72ydzscwk9vf
lineage__continuation_count,0.0,0.0,0.0,ckb1qzda0cr08m85hc8jlnfp3zer7xulejywt49kt2rr0vthywaa50xwsq2mu7xj6mj90s8dxxnuqxyty72rg72ydzscwk9vf
lineage__lineage_depth,1.0,-1.0,0.6931471805599453,ckb1qzda0cr08m85hc8jlnfp3zer7xulejywt49kt2rr0vthywaa50xwsq2mu7xj6mj90s8dxxnuqxyty72rg72ydzscwk9vf
lineage__lineage_repetition,1.0,1.027789217390062,1.0,ckb1qzda0cr08m85hc8jlnfp3zer7xulejywt49kt2rr0vthywaa50xwsq2mu7xj6mj90s8dxxnuqxyty72rg72ydzscwk9vf
lineage__merge_count,0.0,-0.7304227103091852,0.0,ckb1qzda0cr08m85hc8jlnfp3zer7xulejywt49kt2rr0vthywaa50xwsq2mu7xj6mj90s8dxxnuqxyty72rg72ydzscwk9vf
scripts__type_family_count,0.0,-0.501218028601448,0.0,ckb1qzda0cr08m85hc8jlnfp3zer7xulejywt49kt2rr0vthywaa50xwsq2mu7xj6mj90s8dxxnuqxyty72rg72ydzscwk9vf
scripts__unique_lock_script_count,21.0,1.03713393259921,3.091042453358316,ckb1qzda0cr08m85hc8jlnfp3zer7xulejywt49kt2rr0vthywaa50xwsq2mu7xj6mj90s8dxxnuqxyty72rg72ydzscwk9vf
scripts__unique_type_script_count,0.0,0.0,0.0,ckb1qzda0cr08m85hc8jlnfp3zer7xulejywt49kt2rr0vthywaa50xwsq2mu7xj6mj90s8dxxnuqxyty72rg72ydzscwk9vf
capacity__capacity_repeat_ratio,1.0,0.9020803841920981,1.0,ckb1qzda0cr08m85hc8jlnfp3zer7xulejywt49kt2rr0vthywaa50xwsq2ne4yj30svjzvvdcmd96qhfvepdx6pfcs09q7zl
capacity__target_consumed_capacity,900941391681.0,-0.07607214702186,27.52670604436134,ckb1qzda0cr08m85hc8jlnfp3zer7xulejywt49kt2rr0vthywaa50xwsq2ne4yj30svjzvvdcmd96qhfvepdx6pfcs09q7zl
capacity__target_net_capacity_delta,0.0,0.0,0.0,ckb1qzda0cr08m85hc8jlnfp3zer7xulejywt49kt2rr0vthywaa50xwsq2ne4yj30svjzvvdcmd96qhfvepdx6pfcs09q7zl
lineage__continuation_count,0.0,0.0,0.0,ckb1qzda0cr08m85hc8jlnfp3zer7xulejywt49kt2rr0vthywaa50xwsq2ne4yj30svjzvvdcmd96qhfvepdx6pfcs09q7zl
lineage__lineage_depth,2.0,0.0,1.0986122886681098,ckb1qzda0cr08m85hc8jlnfp3zer7xulejywt49kt2rr0vthywaa50xwsq2ne4yj30svjzvvdcmd96qhfvepdx6pfcs09q7zl
lineage__lineage_repetition,0.0,-1.128899193514562,0.0,ckb1qzda0cr08m85hc8jlnfp3zer7xulejywt49kt2rr0vthywaa50xwsq2ne4yj30svjzvvdcmd96qhfvepdx6pfcs09q7zl
lineage__merge_count,0.0,-0.7304227103091852,0.0,ckb1qzda0cr08m85hc8jlnfp3zer7xulejywt49kt2rr0vthywaa50xwsq2ne4yj30svjzvvdcmd96qhfvepdx6pfcs09q7zl
scripts__type_family_count,0.0,-0.501218028601448,0.0,ckb1qzda0cr08m85hc8jlnfp3zer7xulejywt49kt2rr0vthywaa50xwsq2ne4yj30svjzvvdcmd96qhfvepdx6pfcs09q7zl
scripts__unique_lock_script_count,3.0,-0.3236566839097652,1.3862943611198906,ckb1qzda0cr08m85hc8jlnfp3zer7xulejywt49kt2rr0vthywaa50xwsq2ne4yj30svjzvvdcmd96qhfvepdx6pfcs09q7zl
scripts__unique_type_script_count,0.0,0.0,0.0,ckb1qzda0cr08m85hc8jlnfp3zer7xulejywt49kt2rr0vthywaa50xwsq2ne4yj30svjzvvdcmd96qhfvepdx6pfcs09q7zl
capacity__capacity_repeat_ratio,1.0,0.9020803841920981,1.0,ckb1qzda0cr08m85hc8jlnfp3zer7xulejywt49kt2rr0vthywaa50xwsq2nku3pd5gl7m6pp0cdx7m9gk2t9pswywqcqwjch
capacity__target_consumed_capacity,285136662824.0,-0.24193723929773372,26.376234420966927,ckb1qzda0cr08m85hc8jlnfp3zer7xulejywt49kt2rr0vthywaa50xwsq2nku3pd5gl7m6pp0cdx7m9gk2t9pswywqcqwjch
capacity__target_net_capacity_delta,0.0,0.0,0.0,ckb1qzda0cr08m85hc8jlnfp3zer7xulejywt49kt2rr0vthywaa50xwsq2nku3pd5gl7m6pp0cdx7m9gk2t9pswywqcqwjch
lineage__continuation_count,0.0,0.0,0.0,ckb1qzda0cr08m85hc8jlnfp3zer7xulejywt49kt2rr0vthywaa50xwsq2nku3pd5gl7m6pp0cdx7m9gk2t9pswywqcqwjch
lineage__lineage_depth,2.0,0.0,1.0986122886681098,ckb1qzda0cr08m85hc8jlnfp3zer7xulejywt49kt2rr0vthywaa50xwsq2nku3pd5gl7m6pp0cdx7m9gk2t9pswywqcqwjch
lineage__lineage_repetition,0.9285714285714286,0.873740045182589,0.9285714285714286,ckb1qzda0cr08m85hc8jlnfp3zer7xulejywt49kt2rr0vthywaa50xwsq2nku3pd5gl7m6pp0cdx7m9gk2t9pswywqcqwjch
lineage__merge_count,7.0,0.6521135515459253,2.0794415416798357,ckb1qzda0cr08m85hc8jlnfp3zer7xulejywt49kt2rr0vthywaa50xwsq2nku3pd5gl7m6pp0cdx7m9gk2t9pswywqcqwjch
scripts__type_family_count,0.0,-0.501218028601448,0.0,ckb1qzda0cr08m85hc8jlnfp3zer7xulejywt49kt2rr0vthywaa50xwsq2nku3pd5gl7m6pp0cdx7m9gk2t9pswywqcqwjch
scripts__unique_lock_script_count,28.0,1.2576492124848795,3.367295829986474,ckb1qzda0cr08m85hc8jlnfp3zer7xulejywt49kt2rr0vthywaa50xwsq2nku3pd5gl7m6pp0cdx7m9gk2t9pswywqcqwjch
scripts__unique_type_script_count,0.0,0.0,0.0,ckb1qzda0cr08m85hc8jlnfp3zer7xulejywt49kt2rr0vthywaa50xwsq2nku3pd5gl7m6pp0cdx7m9gk2t9pswywqcqwjch
capacity__capacity_repeat_ratio,0.0,-1.3489727248167438,0.0,ckb1qzda0cr08m85hc8jlnfp3zer7xulejywt49kt2rr0vthywaa50xwsq2nwlee8epequkd94qh3k5uymjqxgvfktgxl9jd3
capacity__target_consumed_capacity,0.0,-4.044635599832544,0.0,ckb1qzda0cr08m85hc8jlnfp3zer7xulejywt49kt2rr0vthywaa50xwsq2nwlee8epequkd94qh3k5uymjqxgvfktgxl9jd3
capacity__target_net_capacity_delta,3450307347261.0,0.6058042077367264,28.86948442916678,ckb1qzda0cr08m85hc8jlnfp3zer7xulejywt49kt2rr0vthywaa50xwsq2nwlee8epequkd94qh3k5uymjqxgvfktgxl9jd3
lineage__continuation_count,0.0,0.0,0.0,ckb1qzda0cr08m85hc8jlnfp3zer7xulejywt49kt2rr0vthywaa50xwsq2nwlee8epequkd94qh3k5uymjqxgvfktgxl9jd3
lineage__lineage_depth,1.0,-1.0,0.6931471805599453,ckb1qzda0cr08m85hc8jlnfp3zer7xulejywt49kt2rr0vthywaa50xwsq2nwlee8epequkd94qh3k5uymjqxgvfktgxl9jd3
lineage__lineage_repetition,1.0,1.027789217390062,1.0,ckb1qzda0cr08m85hc8jlnfp3zer7xulejywt49kt2rr0vthywaa50xwsq2nwlee8epequkd94qh3k5uymjqxgvfktgxl9jd3
lineage__merge_count,0.0,-0.7304227103091852,0.0,ckb1qzda0cr08m85hc8jlnfp3zer7xulejywt49kt2rr0vthywaa50xwsq2nwlee8epequkd94qh3k5uymjqxgvfktgxl9jd3
scripts__type_family_count,0.0,-0.501218028601448,0.0,ckb1qzda0cr08m85hc8jlnfp3zer7xulejywt49kt2rr0vthywaa50xwsq2nwlee8epequkd94qh3k5uymjqxgvfktgxl9jd3
scripts__unique_lock_script_count,45.0,1.625911667637685,3.828641396489095,ckb1qzda0cr08m85hc8jlnfp3zer7xulejywt49kt2rr0vthywaa50xwsq2nwlee8epequkd94qh3k5uymjqxgvfktgxl9jd3
scripts__unique_type_script_count,0.0,0.0,0.0,ckb1qzda0cr08m85hc8jlnfp3zer7xulejywt49kt2rr0vthywaa50xwsq2nwlee8epequkd94qh3k5uymjqxgvfktgxl9jd3
capacity__capacity_repeat_ratio,0.0,-1.3489727248167438,0.0,ckb1qzda0cr08m85hc8jlnfp3zer7xulejywt49kt2rr0vthywaa50xwsq2pgrf442dam0aa0l8gd2s8jlxfu7hha3c7hg4qq
capacity__target_consumed_capacity,141290714594.0,-0.3431670376410659,25.674085410358728,ckb1qzda0cr08m85hc8jlnfp3zer7xulejywt49kt2rr0vthywaa50xwsq2pgrf442dam0aa0l8gd2s8jlxfu7hha3c7hg4qq
capacity__target_net_capacity_delta,-97268289827.0,-0.5309167922654044,-25.30073887197278,ckb1qzda0cr08m85hc8jlnfp3zer7xulejywt49kt2rr0vthywaa50xwsq2pgrf442dam0aa0l8gd2s8jlxfu7hha3c7hg4qq
lineage__continuation_count,0.0,0.0,0.0,ckb1qzda0cr08m85hc8jlnfp3zer7xulejywt49kt2rr0vthywaa50xwsq2pgrf442dam0aa0l8gd2s8jlxfu7hha3c7hg4qq
lineage__lineage_depth,1.0,-1.0,0.6931471805599453,ckb1qzda0cr08m85hc8jlnfp3zer7xulejywt49kt2rr0vthywaa50xwsq2pgrf442dam0aa0l8gd2s8jlxfu7hha3c7hg4qq
lineage__lineage_repetition,1.0,1.027789217390062,1.0,ckb1qzda0cr08m85hc8jlnfp3zer7xulejywt49kt2rr0vthywaa50xwsq2pgrf442dam0aa0l8gd2s8jlxfu7hha3c7hg4qq
lineage__merge_count,16.0,1.153265822028786,2.833213344056216,ckb1qzda0cr08m85hc8jlnfp3zer7xulejywt49kt2rr0vthywaa50xwsq2pgrf442dam0aa0l8gd2s8jlxfu7hha3c7hg4qq
scripts__type_family_count,0.0,-0.501218028601448,0.0,ckb1qzda0cr08m85hc8jlnfp3zer7xulejywt49kt2rr0vthywaa50xwsq2pgrf442dam0aa0l8gd2s8jlxfu7hha3c7hg4qq
scripts__unique_lock_script_count,61.0,1.8641793974976295,4.127134385045092,ckb1qzda0cr08m85hc8jlnfp3zer7xulejywt49kt2rr0vthywaa50xwsq2pgrf442dam0aa0l8gd2s8jlxfu7hha3c7hg4qq
scripts__unique_type_script_count,0.0,0.0,0.0,ckb1qzda0cr08m85hc8jlnfp3zer7xulejywt49kt2rr0vthywaa50xwsq2pgrf442dam0aa0l8gd2s8jlxfu7hha3c7hg4qq
capacity__capacity_repeat_ratio,1.0,0.9020803841920981,1.0,ckb1qzda0cr08m85hc8jlnfp3zer7xulejywt49kt2rr0vthywaa50xwsq2pnp7gglp8clvahem5mpf7wmr0pjk5krgf4lwf2
capacity__target_consumed_capacity,4906223131472.0,0.16827233454799534,29.221525542074467,ckb1qzda0cr08m85hc8jlnfp3zer7xulejywt49kt2rr0vthywaa50xwsq2pnp7gglp8clvahem5mpf7wmr0pjk5krgf4lwf2
capacity__target_net_capacity_delta,0.0,0.0,0.0,ckb1qzda0cr08m85hc8jlnfp3zer7xulejywt49kt2rr0vthywaa50xwsq2pnp7gglp8clvahem5mpf7wmr0pjk5krgf4lwf2
lineage__continuation_count,0.0,0.0,0.0,ckb1qzda0cr08m85hc8jlnfp3zer7xulejywt49kt2rr0vthywaa50xwsq2pnp7gglp8clvahem5mpf7wmr0pjk5krgf4lwf2
lineage__lineage_depth,3.0,0.7095112913514542,1.3862943611198906,ckb1qzda0cr08m85hc8jlnfp3zer7xulejywt49kt2rr0vthywaa50xwsq2pnp7gglp8clvahem5mpf7wmr0pjk5krgf4lwf2
lineage__lineage_repetition,1.0,1.027789217390062,1.0,ckb1qzda0cr08m85hc8jlnfp3zer7xulejywt49kt2rr0vthywaa50xwsq2pnp7gglp8clvahem5mpf7wmr0pjk5krgf4lwf2
lineage__merge_count,56.0,1.9576379416892564,4.04305126783455,ckb1qzda0cr08m85hc8jlnfp3zer7xulejywt49kt2rr0vthywaa50xwsq2pnp7gglp8clvahem5mpf7wmr0pjk5krgf4lwf2
scripts__type_family_count,0.0,-0.501218028601448,0.0,ckb1qzda0cr08m85hc8jlnfp3zer7xulejywt49kt2rr0vthywaa50xwsq2pnp7gglp8clvahem5mpf7wmr0pjk5krgf4lwf2
scripts__unique_lock_script_count,3.0,-0.3236566839097652,1.3862943611198906,ckb1qzda0cr08m85hc8jlnfp3zer7xulejywt49kt2rr0vthywaa50xwsq2pnp7gglp8clvahem5mpf7wmr0pjk5krgf4lwf2
scripts__unique_type_script_count,0.0,0.0,0.0,ckb1qzda0cr08m85hc8jlnfp3zer7xulejywt49kt2rr0vthywaa50xwsq2pnp7gglp8clvahem5mpf7wmr0pjk5krgf4lwf2
capacity__capacity_repeat_ratio,1.0,0.9020803841920981,1.0,ckb1qzda0cr08m85hc8jlnfp3zer7xulejywt49kt2rr0vthywaa50xwsq2qjj3mqkrdhzuga2qfzf72ma38xhpsaasfj3trw
capacity__target_consumed_capacity,15460425438476.0,0.33374924707384684,30.369304677368767,ckb1qzda0cr08m85hc8jlnfp3zer7xulejywt49kt2rr0vthywaa50xwsq2qjj3mqkrdhzuga2qfzf72ma38xhpsaasfj3trw
capacity__target_net_capacity_delta,0.0,0.0,0.0,ckb1qzda0cr08m85hc8jlnfp3zer7xulejywt49kt2rr0vthywaa50xwsq2qjj3mqkrdhzuga2qfzf72ma38xhpsaasfj3trw
lineage__continuation_count,0.0,0.0,0.0,ckb1qzda0cr08m85hc8jlnfp3zer7xulejywt49kt2rr0vthywaa50xwsq2qjj3mqkrdhzuga2qfzf72ma38xhpsaasfj3trw
lineage__lineage_depth,2.0,0.0,1.0986122886681098,ckb1qzda0cr08m85hc8jlnfp3zer7xulejywt49kt2rr0vthywaa50xwsq2qjj3mqkrdhzuga2qfzf72ma38xhpsaasfj3trw
lineage__lineage_repetition,0.998046875,1.023576935337514,0.998046875,ckb1qzda0cr08m85hc8jlnfp3zer7xulejywt49kt2rr0vthywaa50xwsq2qjj3mqkrdhzuga2qfzf72ma38xhpsaasfj3trw
lineage__merge_count,432.0,3.3057643509511263,6.07073772800249,ckb1qzda0cr08m85hc8jlnfp3zer7xulejywt49kt2rr0vthywaa50xwsq2qjj3mqkrdhzuga2qfzf72ma38xhpsaasfj3trw
scripts__type_family_count,0.0,-0.501218028601448,0.0,ckb1qzda0cr08m85hc8jlnfp3zer7xulejywt49kt2rr0vthywaa50xwsq2qjj3mqkrdhzuga2qfzf72ma38xhpsaasfj3trw
scripts__unique_lock_script_count,50.0,1.70827699837472,3.9318256327243257,ckb1qzda0cr08m85hc8jlnfp3zer7xulejywt49kt2rr0vthywaa50xwsq2qjj3mqkrdhzuga2qfzf72ma38xhpsaasfj3trw
scripts__unique_type_script_count,0.0,0.0,0.0,ckb1qzda0cr08m85hc8jlnfp3zer7xulejywt49kt2rr0vthywaa50xwsq2qjj3mqkrdhzuga2qfzf72ma38xhpsaasfj3trw
capacity__capacity_repeat_ratio,0.0,-1.3489727248167438,0.0,ckb1qzda0cr08m85hc8jlnfp3zer7xulejywt49kt2rr0vthywaa50xwsq2qq5zmvacvrht6g5w35hgdg4mhcxcu5hgu2f8qe
capacity__target_consumed_capacity,0.0,-4.044635599832544,0.0,ckb1qzda0cr08m85hc8jlnfp3zer7xulejywt49kt2rr0vthywaa50xwsq2qq5zmvacvrht6g5w35hgdg4mhcxcu5hgu2f8qe
capacity__target_net_capacity_delta,6808198026879.0,0.6200664441132944,29.549148594156144,ckb1qzda0cr08m85hc8jlnfp3zer7xulejywt49kt2rr0vthywaa50xwsq2qq5zmvacvrht6g5w35hgdg4mhcxcu5hgu2f8qe
lineage__continuation_count,0.0,0.0,0.0,ckb1qzda0cr08m85hc8jlnfp3zer7xulejywt49kt2rr0vthywaa50xwsq2qq5zmvacvrht6g5w35hgdg4mhcxcu5hgu2f8qe
lineage__lineage_depth,1.0,-1.0,0.6931471805599453,ckb1qzda0cr08m85hc8jlnfp3zer7xulejywt49kt2rr0vthywaa50xwsq2qq5zmvacvrht6g5w35hgdg4mhcxcu5hgu2f8qe
lineage__lineage_repetition,0.0,-1.128899193514562,0.0,ckb1qzda0cr08m85hc8jlnfp3zer7xulejywt49kt2rr0vthywaa50xwsq2qq5zmvacvrht6g5w35hgdg4mhcxcu5hgu2f8qe
lineage__merge_count,0.0,-0.7304227103091852,0.0,ckb1qzda0cr08m85hc8jlnfp3zer7xulejywt49kt2rr0vthywaa50xwsq2qq5zmvacvrht6g5w35hgdg4mhcxcu5hgu2f8qe
scripts__type_family_count,0.0,-0.501218028601448,0.0,ckb1qzda0cr08m85hc8jlnfp3zer7xulejywt49kt2rr0vthywaa50xwsq2qq5zmvacvrht6g5w35hgdg4mhcxcu5hgu2f8qe
scripts__unique_lock_script_count,2.0,-0.5532947556651122,1.0986122886681098,ckb1qzda0cr08m85hc8jlnfp3zer7xulejywt49kt2rr0vthywaa50xwsq2qq5zmvacvrht6g5w35hgdg4mhcxcu5hgu2f8qe
scripts__unique_type_script_count,0.0,0.0,0.0,ckb1qzda0cr08m85hc8jlnfp3zer7xulejywt49kt2rr0vthywaa50xwsq2qq5zmvacvrht6g5w35hgdg4mhcxcu5hgu2f8qe
capacity__capacity_repeat_ratio,1.0,0.9020803841920981,1.0,ckb1qzda0cr08m85hc8jlnfp3zer7xulejywt49kt2rr0vthywaa50xwsq2qtfq8zdd9rs86hslwh8j4h8qjk6r3e6s0k50ul
capacity__target_consumed_capacity,40220220811432.0,0.4715895390909285,31.32539099034831,ckb1qzda0cr08m85hc8jlnfp3zer7xulejywt49kt2rr0vthywaa50xwsq2qtfq8zdd9rs86hslwh8j4h8qjk6r3e6s0k50ul
capacity__target_net_capacity_delta,0.0,0.0,0.0,ckb1qzda0cr08m85hc8jlnfp3zer7xulejywt49kt2rr0vthywaa50xwsq2qtfq8zdd9rs86hslwh8j4h8qjk6r3e6s0k50ul
lineage__continuation_count,0.0,0.0,0.0,ckb1qzda0cr08m85hc8jlnfp3zer7xulejywt49kt2rr0vthywaa50xwsq2qtfq8zdd9rs86hslwh8j4h8qjk6r3e6s0k50ul
lineage__lineage_depth,2.0,0.0,1.0986122886681098,ckb1qzda0cr08m85hc8jlnfp3zer7xulejywt49kt2rr0vthywaa50xwsq2qtfq8zdd9rs86hslwh8j4h8qjk6r3e6s0k50ul
lineage__lineage_repetition,1.0,1.027789217390062,1.0,ckb1qzda0cr08m85hc8jlnfp3zer7xulejywt49kt2rr0vthywaa50xwsq2qtfq8zdd9rs86hslwh8j4h8qjk6r3e6s0k50ul
lineage__merge_count,77.0,2.166176118998025,4.356708826689592,ckb1qzda0cr08m85hc8jlnfp3zer7xulejywt49kt2rr0vthywaa50xwsq2qtfq8zdd9rs86hslwh8j4h8qjk6r3e6s0k50ul
scripts__type_family_count,0.0,-0.501218028601448,0.0,ckb1qzda0cr08m85hc8jlnfp3zer7xulejywt49kt2rr0vthywaa50xwsq2qtfq8zdd9rs86hslwh8j4h8qjk6r3e6s0k50ul
scripts__unique_lock_script_count,3.0,-0.3236566839097652,1.3862943611198906,ckb1qzda0cr08m85hc8jlnfp3zer7xulejywt49kt2rr0vthywaa50xwsq2qtfq8zdd9rs86hslwh8j4h8qjk6r3e6s0k50ul
scripts__unique_type_script_count,0.0,0.0,0.0,ckb1qzda0cr08m85hc8jlnfp3zer7xulejywt49kt2rr0vthywaa50xwsq2qtfq8zdd9rs86hslwh8j4h8qjk6r3e6s0k50ul
capacity__capacity_repeat_ratio,1.0,0.9020803841920981,1.0,ckb1qzda0cr08m85hc8jlnfp3zer7xulejywt49kt2rr0vthywaa50xwsq2rsu67gzxhacdwpzfyc0gc5q9vgr6aztc6y5n8c
capacity__target_consumed_capacity,12276690942137.0,0.30050604344783227,30.138723535082114,ckb1qzda0cr08m85hc8jlnfp3zer7xulejywt49kt2rr0vthywaa50xwsq2rsu67gzxhacdwpzfyc0gc5q9vgr6aztc6y5n8c
capacity__target_net_capacity_delta,0.0,0.0,0.0,ckb1qzda0cr08m85hc8jlnfp3zer7xulejywt49kt2rr0vthywaa50xwsq2rsu67gzxhacdwpzfyc0gc5q9vgr6aztc6y5n8c
lineage__continuation_count,2.0,1.5849625007211563,1.0986122886681098,ckb1qzda0cr08m85hc8jlnfp3zer7xulejywt49kt2rr0vthywaa50xwsq2rsu67gzxhacdwpzfyc0gc5q9vgr6aztc6y5n8c
lineage__lineage_depth,5.0,1.709511291351454,1.791759469228055,ckb1qzda0cr08m85hc8jlnfp3zer7xulejywt49kt2rr0vthywaa50xwsq2rsu67gzxhacdwpzfyc0gc5q9vgr6aztc6y5n8c
lineage__lineage_repetition,0.6666666666666666,0.3088930804218539,0.6666666666666666,ckb1qzda0cr08m85hc8jlnfp3zer7xulejywt49kt2rr0vthywaa50xwsq2rsu67gzxhacdwpzfyc0gc5q9vgr6aztc6y5n8c
lineage__merge_count,3.0,0.1912681309275552,1.3862943611198906,ckb1qzda0cr08m85hc8jlnfp3zer7xulejywt49kt2rr0vthywaa50xwsq2rsu67gzxhacdwpzfyc0gc5q9vgr6aztc6y5n8c
scripts__type_family_count,1.0,1.9951397255009098,0.6931471805599453,ckb1qzda0cr08m85hc8jlnfp3zer7xulejywt49kt2rr0vthywaa50xwsq2rsu67gzxhacdwpzfyc0gc5q9vgr6aztc6y5n8c
scripts__unique_lock_script_count,7.0,0.229638071755347,2.0794415416798357,ckb1qzda0cr08m85hc8jlnfp3zer7xulejywt49kt2rr0vthywaa50xwsq2rsu67gzxhacdwpzfyc0gc5q9vgr6aztc6y5n8c
scripts__unique_type_script_count,1.0,1.0,0.6931471805599453,ckb1qzda0cr08m85hc8jlnfp3zer7xulejywt49kt2rr0vthywaa50xwsq2rsu67gzxhacdwpzfyc0gc5q9vgr6aztc6y5n8c
capacity__capacity_repeat_ratio,1.0,0.9020803841920981,1.0,ckb1qzda0cr08m85hc8jlnfp3zer7xulejywt49kt2rr0vthywaa50xwsq2rv2ln77sfue9zmr4uemppw6e6cqch00sz7curl
capacity__target_consumed_capacity,9463467000000.0,0.26298347681852524,29.878459922337463,ckb1qzda0cr08m85hc8jlnfp3zer7xulejywt49kt2rr0vthywaa50xwsq2rv2ln77sfue9zmr4uemppw6e6cqch00sz7curl
capacity__target_net_capacity_delta,0.0,0.0,0.0,ckb1qzda0cr08m85hc8jlnfp3zer7xulejywt49kt2rr0vthywaa50xwsq2rv2ln77sfue9zmr4uemppw6e6cqch00sz7curl
lineage__continuation_count,0.0,0.0,0.0,ckb1qzda0cr08m85hc8jlnfp3zer7xulejywt49kt2rr0vthywaa50xwsq2rv2ln77sfue9zmr4uemppw6e6cqch00sz7curl
lineage__lineage_depth,2.0,0.0,1.0986122886681098,ckb1qzda0cr08m85hc8jlnfp3zer7xulejywt49kt2rr0vthywaa50xwsq2rv2ln77sfue9zmr4uemppw6e6cqch00sz7curl
lineage__lineage_repetition,0.0,-1.128899193514562,0.0,ckb1qzda0cr08m85hc8jlnfp3zer7xulejywt49kt2rr0vthywaa50xwsq2rv2ln77sfue9zmr4uemppw6e6cqch00sz7curl
lineage__merge_count,0.0,-0.7304227103091852,0.0,ckb1qzda0cr08m85hc8jlnfp3zer7xulejywt49kt2rr0vthywaa50xwsq2rv2ln77sfue9zmr4uemppw6e6cqch00sz7curl
scripts__type_family_count,0.0,-0.501218028601448,0.0,ckb1qzda0cr08m85hc8jlnfp3zer7xulejywt49kt2rr0vthywaa50xwsq2rv2ln77sfue9zmr4uemppw6e6cqch00sz7curl
scripts__unique_lock_script_count,3.0,-0.3236566839097652,1.3862943611198906,ckb1qzda0cr08m85hc8jlnfp3zer7xulejywt49kt2rr0vthywaa50xwsq2rv2ln77sfue9zmr4uemppw6e6cqch00sz7curl
scripts__unique_type_script_count,0.0,0.0,0.0,ckb1qzda0cr08m85hc8jlnfp3zer7xulejywt49kt2rr0vthywaa50xwsq2rv2ln77sfue9zmr4uemppw6e6cqch00sz7curl
capacity__capacity_repeat_ratio,0.5454545454545454,-0.12112557444828467,0.5454545454545454,ckb1qzda0cr08m85hc8jlnfp3zer7xulejywt49kt2rr0vthywaa50xwsq2sfv44lf5g89ha2q296zqm8savzcyqxlsulsx6f
capacity__target_consumed_capacity,2949198901106.0,0.09489329976522869,28.712554690454688,ckb1qzda0cr08m85hc8jlnfp3zer7xulejywt49kt2rr0vthywaa50xwsq2sfv44lf5g89ha2q296zqm8savzcyqxlsulsx6f
capacity__target_net_capacity_delta,-18575054908.0,-0.49617416108812973,-23.64508538361585,ckb1qzda0cr08m85hc8jlnfp3zer7xulejywt49kt2rr0vthywaa50xwsq2sfv44lf5g89ha2q296zqm8savzcyqxlsulsx6f
lineage__continuation_count,2.0,1.5849625007211563,1.0986122886681098,ckb1qzda0cr08m85hc8jlnfp3zer7xulejywt49kt2rr0vthywaa50xwsq2sfv44lf5g89ha2q296zqm8savzcyqxlsulsx6f
lineage__lineage_depth,3.0,0.7095112913514542,1.3862943611198906,ckb1qzda0cr08m85hc8jlnfp3zer7xulejywt49kt2rr0vthywaa50xwsq2sfv44lf5g89ha2q296zqm8savzcyqxlsulsx6f
lineage__lineage_repetition,0.5714285714285714,0.10349418414522309,0.5714285714285714,ckb1qzda0cr08m85hc8jlnfp3zer7xulejywt49kt2rr0vthywaa50xwsq2sfv44lf5g89ha2q296zqm8savzcyqxlsulsx6f
lineage__merge_count,4.0,0.3396272192247922,1.6094379124341003,ckb1qzda0cr08m85hc8jlnfp3zer7xulejywt49kt2rr0vthywaa50xwsq2sfv44lf5g89ha2q296zqm8savzcyqxlsulsx6f
scripts__type_family_count,0.0,-0.501218028601448,0.0,ckb1qzda0cr08m85hc8jlnfp3zer7xulejywt49kt2rr0vthywaa50xwsq2sfv44lf5g89ha2q296zqm8savzcyqxlsulsx6f
scripts__unique_lock_script_count,2.0,-0.5532947556651122,1.0986122886681098,ckb1qzda0cr08m85hc8jlnfp3zer7xulejywt49kt2rr0vthywaa50xwsq2sfv44lf5g89ha2q296zqm8savzcyqxlsulsx6f
scripts__unique_type_script_count,0.0,0.0,0.0,ckb1qzda0cr08m85hc8jlnfp3zer7xulejywt49kt2rr0vthywaa50xwsq2sfv44lf5g89ha2q296zqm8savzcyqxlsulsx6f
capacity__capacity_repeat_ratio,1.0,0.9020803841920981,1.0,ckb1qzda0cr08m85hc8jlnfp3zer7xulejywt49kt2rr0vthywaa50xwsq2t6z8rc90g09yeh7t3nz2sfe72y20yzcg6jt76x
capacity__target_consumed_capacity,6690522846810.0,0.21299251155138,29.531713140499317,ckb1qzda0cr08m85hc8jlnfp3zer7xulejywt49kt2rr0vthywaa50xwsq2t6z8rc90g09yeh7t3nz2sfe72y20yzcg6jt76x
capacity__target_net_capacity_delta,0.0,0.0,0.0,ckb1qzda0cr08m85hc8jlnfp3zer7xulejywt49kt2rr0vthywaa50xwsq2t6z8rc90g09yeh7t3nz2sfe72y20yzcg6jt76x
lineage__continuation_count,0.0,0.0,0.0,ckb1qzda0cr08m85hc8jlnfp3zer7xulejywt49kt2rr0vthywaa50xwsq2t6z8rc90g09yeh7t3nz2sfe72y20yzcg6jt76x
lineage__lineage_depth,2.0,0.0,1.0986122886681098,ckb1qzda0cr08m85hc8jlnfp3zer7xulejywt49kt2rr0vthywaa50xwsq2t6z8rc90g09yeh7t3nz2sfe72y20yzcg6jt76x
lineage__lineage_repetition,1.0,1.027789217390062,1.0,ckb1qzda0cr08m85hc8jlnfp3zer7xulejywt49kt2rr0vthywaa50xwsq2t6z8rc90g09yeh7t3nz2sfe72y20yzcg6jt76x
lineage__merge_count,2.0,0.0,1.0986122886681098,ckb1qzda0cr08m85hc8jlnfp3zer7xulejywt49kt2rr0vthywaa50xwsq2t6z8rc90g09yeh7t3nz2sfe72y20yzcg6jt76x
scripts__type_family_count,1.0,1.9951397255009098,0.6931471805599453,ckb1qzda0cr08m85hc8jlnfp3zer7xulejywt49kt2rr0vthywaa50xwsq2t6z8rc90g09yeh7t3nz2sfe72y20yzcg6jt76x
scripts__unique_lock_script_count,7.0,0.229638071755347,2.0794415416798357,ckb1qzda0cr08m85hc8jlnfp3zer7xulejywt49kt2rr0vthywaa50xwsq2t6z8rc90g09yeh7t3nz2sfe72y20yzcg6jt76x
scripts__unique_type_script_count,1.0,1.0,0.6931471805599453,ckb1qzda0cr08m85hc8jlnfp3zer7xulejywt49kt2rr0vthywaa50xwsq2t6z8rc90g09yeh7t3nz2sfe72y20yzcg6jt76x
capacity__capacity_repeat_ratio,1.0,0.9020803841920981,1.0,ckb1qzda0cr08m85hc8jlnfp3zer7xulejywt49kt2rr0vthywaa50xwsq2t9jypuuquc0tfdca5eugj6gk7v3dt0hq4r3hx9
capacity__target_consumed_capacity,27789931986.0,-0.5776107334959552,24.04793963330668,ckb1qzda0cr08m85hc8jlnfp3zer7xulejywt49kt2rr0vthywaa50xwsq2t9jypuuquc0tfdca5eugj6gk7v3dt0hq4r3hx9
capacity__target_net_capacity_delta,0.0,0.0,0.0,ckb1qzda0cr08m85hc8jlnfp3zer7xulejywt49kt2rr0vthywaa50xwsq2t9jypuuquc0tfdca5eugj6gk7v3dt0hq4r3hx9
lineage__continuation_count,0.0,0.0,0.0,ckb1qzda0cr08m85hc8jlnfp3zer7xulejywt49kt2rr0vthywaa50xwsq2t9jypuuquc0tfdca5eugj6gk7v3dt0hq4r3hx9
lineage__lineage_depth,2.0,0.0,1.0986122886681098,ckb1qzda0cr08m85hc8jlnfp3zer7xulejywt49kt2rr0vthywaa50xwsq2t9jypuuquc0tfdca5eugj6gk7v3dt0hq4r3hx9
lineage__lineage_repetition,1.0,1.027789217390062,1.0,ckb1qzda0cr08m85hc8jlnfp3zer7xulejywt49kt2rr0vthywaa50xwsq2t9jypuuquc0tfdca5eugj6gk7v3dt0hq4r3hx9
lineage__merge_count,2.0,0.0,1.0986122886681098,ckb1qzda0cr08m85hc8jlnfp3zer7xulejywt49kt2rr0vthywaa50xwsq2t9jypuuquc0tfdca5eugj6gk7v3dt0hq4r3hx9
scripts__type_family_count,1.0,1.9951397255009098,0.6931471805599453,ckb1qzda0cr08m85hc8jlnfp3zer7xulejywt49kt2rr0vthywaa50xwsq2t9jypuuquc0tfdca5eugj6gk7v3dt0hq4r3hx9
scripts__unique_lock_script_count,5.0,0.0,1.791759469228055,ckb1qzda0cr08m85hc8jlnfp3zer7xulejywt49kt2rr0vthywaa50xwsq2t9jypuuquc0tfdca5eugj6gk7v3dt0hq4r3hx9
scripts__unique_type_script_count,1.0,1.0,0.6931471805599453,ckb1qzda0cr08m85hc8jlnfp3zer7xulejywt49kt2rr0vthywaa50xwsq2t9jypuuquc0tfdca5eugj6gk7v3dt0hq4r3hx9
capacity__capacity_repeat_ratio,1.0,0.9020803841920981,1.0,ckb1qzda0cr08m85hc8jlnfp3zer7xulejywt49kt2rr0vthywaa50xwsq2tq8vms882lepc8fk0aapfp0c9nh755xsdtnm3m
capacity__target_consumed_capacity,6199975713.0,-0.7938863321146415,22.547811211893013,ckb1qzda0cr08m85hc8jlnfp3zer7xulejywt49kt2rr0vthywaa50xwsq2tq8vms882lepc8fk0aapfp0c9nh755xsdtnm3m
capacity__target_net_capacity_delta,0.0,0.0,0.0,ckb1qzda0cr08m85hc8jlnfp3zer7xulejywt49kt2rr0vthywaa50xwsq2tq8vms882lepc8fk0aapfp0c9nh755xsdtnm3m
lineage__continuation_count,0.0,0.0,0.0,ckb1qzda0cr08m85hc8jlnfp3zer7xulejywt49kt2rr0vthywaa50xwsq2tq8vms882lepc8fk0aapfp0c9nh755xsdtnm3m
lineage__lineage_depth,2.0,0.0,1.0986122886681098,ckb1qzda0cr08m85hc8jlnfp3zer7xulejywt49kt2rr0vthywaa50xwsq2tq8vms882lepc8fk0aapfp0c9nh755xsdtnm3m
lineage__lineage_repetition,1.0,1.027789217390062,1.0,ckb1qzda0cr08m85hc8jlnfp3zer7xulejywt49kt2rr0vthywaa50xwsq2tq8vms882lepc8fk0aapfp0c9nh755xsdtnm3m
lineage__merge_count,2.0,0.0,1.0986122886681098,ckb1qzda0cr08m85hc8jlnfp3zer7xulejywt49kt2rr0vthywaa50xwsq2tq8vms882lepc8fk0aapfp0c9nh755xsdtnm3m
scripts__type_family_count,1.0,1.9951397255009098,0.6931471805599453,ckb1qzda0cr08m85hc8jlnfp3zer7xulejywt49kt2rr0vthywaa50xwsq2tq8vms882lepc8fk0aapfp0c9nh755xsdtnm3m
scripts__unique_lock_script_count,6.0,0.12304856042512263,1.9459101490553132,ckb1qzda0cr08m85hc8jlnfp3zer7xulejywt49kt2rr0vthywaa50xwsq2tq8vms882lepc8fk0aapfp0c9nh755xsdtnm3m
scripts__unique_type_script_count,1.0,1.0,0.6931471805599453,ckb1qzda0cr08m85hc8jlnfp3zer7xulejywt49kt2rr0vthywaa50xwsq2tq8vms882lepc8fk0aapfp0c9nh755xsdtnm3m
capacity__capacity_repeat_ratio,0.0,-1.3489727248167438,0.0,ckb1qzda0cr08m85hc8jlnfp3zer7xulejywt49kt2rr0vthywaa50xwsq2uj8rfycz3s3h0m0h62fj8mvxluqr627s8j5led
capacity__target_consumed_capacity,4100921247626.0,0.1424234449152962,29.042232758941942,ckb1qzda0cr08m85hc8jlnfp3zer7xulejywt49kt2rr0vthywaa50xwsq2uj8rfycz3s3h0m0h62fj8mvxluqr627s8j5led
capacity__target_net_capacity_delta,-3129680595343.0,-0.6037575652242969,-28.771952069057566,ckb1qzda0cr08m85hc8jlnfp3zer7xulejywt49kt2rr0vthywaa50xwsq2uj8rfycz3s3h0m0h62fj8mvxluqr627s8j5led
lineage__continuation_count,0.0,0.0,0.0,ckb1qzda0cr08m85hc8jlnfp3zer7xulejywt49kt2rr0vthywaa50xwsq2uj8rfycz3s3h0m0h62fj8mvxluqr627s8j5led
lineage__lineage_depth,2.0,0.0,1.0986122886681098,ckb1qzda0cr08m85hc8jlnfp3zer7xulejywt49kt2rr0vthywaa50xwsq2uj8rfycz3s3h0m0h62fj8mvxluqr627s8j5led
lineage__lineage_repetition,0.9655172413793104,0.9534206514967993,0.9655172413793104,ckb1qzda0cr08m85hc8jlnfp3zer7xulejywt49kt2rr0vthywaa50xwsq2uj8rfycz3s3h0m0h62fj8mvxluqr627s8j5led
lineage__merge_count,28.0,1.5083555847464296,3.367295829986474,ckb1qzda0cr08m85hc8jlnfp3zer7xulejywt49kt2rr0vthywaa50xwsq2uj8rfycz3s3h0m0h62fj8mvxluqr627s8j5led
scripts__type_family_count,0.0,-0.501218028601448,0.0,ckb1qzda0cr08m85hc8jlnfp3zer7xulejywt49kt2rr0vthywaa50xwsq2uj8rfycz3s3h0m0h62fj8mvxluqr627s8j5led
scripts__unique_lock_script_count,51.0,1.7237772057925875,3.9512437185814275,ckb1qzda0cr08m85hc8jlnfp3zer7xulejywt49kt2rr0vthywaa50xwsq2uj8rfycz3s3h0m0h62fj8mvxluqr627s8j5led
scripts__unique_type_script_count,0.0,0.0,0.0,ckb1qzda0cr08m85hc8jlnfp3zer7xulejywt49kt2rr0vthywaa50xwsq2uj8rfycz3s3h0m0h62fj8mvxluqr627s8j5led
capacity__capacity_repeat_ratio,0.0,-1.3489727248167438,0.0,ckb1qzda0cr08m85hc8jlnfp3zer7xulejywt49kt2rr0vthywaa50xwsq2ul0rt55hnp2e2nzzhfkep4xtc3l88rxqes83vq
capacity__target_consumed_capacity,2.2259040335540136e+16,1.3821953005620373,37.641524628217795,ckb1qzda0cr08m85hc8jlnfp3zer7xulejywt49kt2rr0vthywaa50xwsq2ul0rt55hnp2e2nzzhfkep4xtc3l88rxqes83vq
capacity__target_net_capacity_delta,-1.83000000002e+16,-0.7857691057597472,-37.44567745476899,ckb1qzda0cr08m85hc8jlnfp3zer7xulejywt49kt2rr0vthywaa50xwsq2ul0rt55hnp2e2nzzhfkep4xtc3l88rxqes83vq
lineage__continuation_count,2.0,1.5849625007211563,1.0986122886681098,ckb1qzda0cr08m85hc8jlnfp3zer7xulejywt49kt2rr0vthywaa50xwsq2ul0rt55hnp2e2nzzhfkep4xtc3l88rxqes83vq
lineage__lineage_depth,1.0,-1.0,0.6931471805599453,ckb1qzda0cr08m85hc8jlnfp3zer7xulejywt49kt2rr0vthywaa50xwsq2ul0rt55hnp2e2nzzhfkep4xtc3l88rxqes83vq
lineage__lineage_repetition,0.0,-1.128899193514562,0.0,ckb1qzda0cr08m85hc8jlnfp3zer7xulejywt49kt2rr0vthywaa50xwsq2ul0rt55hnp2e2nzzhfkep4xtc3l88rxqes83vq
lineage__merge_count,2.0,0.0,1.0986122886681098,ckb1qzda0cr08m85hc8jlnfp3zer7xulejywt49kt2rr0vthywaa50xwsq2ul0rt55hnp2e2nzzhfkep4xtc3l88rxqes83vq
scripts__type_family_count,0.0,-0.501218028601448,0.0,ckb1qzda0cr08m85hc8jlnfp3zer7xulejywt49kt2rr0vthywaa50xwsq2ul0rt55hnp2e2nzzhfkep4xtc3l88rxqes83vq
scripts__unique_lock_script_count,3.0,-0.3236566839097652,1.3862943611198906,ckb1qzda0cr08m85hc8jlnfp3zer7xulejywt49kt2rr0vthywaa50xwsq2ul0rt55hnp2e2nzzhfkep4xtc3l88rxqes83vq
scripts__unique_type_script_count,0.0,0.0,0.0,ckb1qzda0cr08m85hc8jlnfp3zer7xulejywt49kt2rr0vthywaa50xwsq2ul0rt55hnp2e2nzzhfkep4xtc3l88rxqes83vq
capacity__capacity_repeat_ratio,1.0,0.9020803841920981,1.0,ckb1qzda0cr08m85hc8jlnfp3zer7xulejywt49kt2rr0vthywaa50xwsq2uq6ykas222qjhw4k6847guv3y8c7wvccalk3tf
capacity__target_consumed_capacity,2280158100000.0,0.05779961719599911,28.455265898596547,ckb1qzda0cr08m85hc8jlnfp3zer7xulejywt49kt2rr0vthywaa50xwsq2uq6ykas222qjhw4k6847guv3y8c7wvccalk3tf
capacity__target_net_capacity_delta,0.0,0.0,0.0,ckb1qzda0cr08m85hc8jlnfp3zer7xulejywt49kt2rr0vthywaa50xwsq2uq6ykas222qjhw4k6847guv3y8c7wvccalk3tf
lineage__continuation_count,0.0,0.0,0.0,ckb1qzda0cr08m85hc8jlnfp3zer7xulejywt49kt2rr0vthywaa50xwsq2uq6ykas222qjhw4k6847guv3y8c7wvccalk3tf
lineage__lineage_depth,2.0,0.0,1.0986122886681098,ckb1qzda0cr08m85hc8jlnfp3zer7xulejywt49kt2rr0vthywaa50xwsq2uq6ykas222qjhw4k6847guv3y8c7wvccalk3tf
lineage__lineage_repetition,0.0,-1.128899193514562,0.0,ckb1qzda0cr08m85hc8jlnfp3zer7xulejywt49kt2rr0vthywaa50xwsq2uq6ykas222qjhw4k6847guv3y8c7wvccalk3tf
lineage__merge_count,0.0,-0.7304227103091852,0.0,ckb1qzda0cr08m85hc8jlnfp3zer7xulejywt49kt2rr0vthywaa50xwsq2uq6ykas222qjhw4k6847guv3y8c7wvccalk3tf
scripts__type_family_count,0.0,-0.501218028601448,0.0,ckb1qzda0cr08m85hc8jlnfp3zer7xulejywt49kt2rr0vthywaa50xwsq2uq6ykas222qjhw4k6847guv3y8c7wvccalk3tf
scripts__unique_lock_script_count,3.0,-0.3236566839097652,1.3862943611198906,ckb1qzda0cr08m85hc8jlnfp3zer7xulejywt49kt2rr0vthywaa50xwsq2uq6ykas222qjhw4k6847guv3y8c7wvccalk3tf
scripts__unique_type_script_count,0.0,0.0,0.0,ckb1qzda0cr08m85hc8jlnfp3zer7xulejywt49kt2rr0vthywaa50xwsq2uq6ykas222qjhw4k6847guv3y8c7wvccalk3tf
capacity__capacity_repeat_ratio,1.0,0.9020803841920981,1.0,ckb1qzda0cr08m85hc8jlnfp3zer7xulejywt49kt2rr0vthywaa50xwsq2uxysa465m2k0hxh4zefzd2k5j36dly3gxkjc57
capacity__target_consumed_capacity,7.31553307737822e+16,1.5537357201453394,38.83136139427774,ckb1qzda0cr08m85hc8jlnfp3zer7xulejywt49kt2rr0vthywaa50xwsq2uxysa465m2k0hxh4zefzd2k5j36dly3gxkjc57
capacity__target_net_capacity_delta,0.0,0.0,0.0,ckb1qzda0cr08m85hc8jlnfp3zer7xulejywt49kt2rr0vthywaa50xwsq2uxysa465m2k0hxh4zefzd2k5j36dly3gxkjc57
lineage__continuation_count,0.0,0.0,0.0,ckb1qzda0cr08m85hc8jlnfp3zer7xulejywt49kt2rr0vthywaa50xwsq2uxysa465m2k0hxh4zefzd2k5j36dly3gxkjc57
lineage__lineage_depth,5.0,1.709511291351454,1.791759469228055,ckb1qzda0cr08m85hc8jlnfp3zer7xulejywt49kt2rr0vthywaa50xwsq2uxysa465m2k0hxh4zefzd2k5j36dly3gxkjc57
lineage__lineage_repetition,0.976,0.976028695528351,0.976,ckb1qzda0cr08m85hc8jlnfp3zer7xulejywt49kt2rr0vthywaa50xwsq2uxysa465m2k0hxh4zefzd2k5j36dly3gxkjc57
lineage__merge_count,14.0,1.0700499295339774,2.70805020110221,ckb1qzda0cr08m85hc8jlnfp3zer7xulejywt49kt2rr0vthywaa50xwsq2uxysa465m2k0hxh4zefzd2k5j36dly3gxkjc57
scripts__type_family_count,0.0,-0.501218028601448,0.0,ckb1qzda0cr08m85hc8jlnfp3zer7xulejywt49kt2rr0vthywaa50xwsq2uxysa465m2k0hxh4zefzd2k5j36dly3gxkjc57
scripts__unique_lock_script_count,3.0,-0.3236566839097652,1.3862943611198906,ckb1qzda0cr08m85hc8jlnfp3zer7xulejywt49kt2rr0vthywaa50xwsq2uxysa465m2k0hxh4zefzd2k5j36dly3gxkjc57
scripts__unique_type_script_count,0.0,0.0,0.0,ckb1qzda0cr08m85hc8jlnfp3zer7xulejywt49kt2rr0vthywaa50xwsq2uxysa465m2k0hxh4zefzd2k5j36dly3gxkjc57
capacity__capacity_repeat_ratio,1.0,0.9020803841920981,1.0,ckb1qzda0cr08m85hc8jlnfp3zer7xulejywt49kt2rr0vthywaa50xwsq2vr8y8dws0jkz062k8vlpafpu8x9rucvcggdkr4
capacity__target_consumed_capacity,8555052530486.0,0.24843416750643257,29.777543163579626,ckb1qzda0cr08m85hc8jlnfp3zer7xulejywt49kt2rr0vthywaa50xwsq2vr8y8dws0jkz062k8vlpafpu8x9rucvcggdkr4
capacity__target_net_capacity_delta,0.0,0.0,0.0,ckb1qzda0cr08m85hc8jlnfp3zer7xulejywt49kt2rr0vthywaa50xwsq2vr8y8dws0jkz062k8vlpafpu8x9rucvcggdkr4
lineage__continuation_count,0.0,0.0,0.0,ckb1qzda0cr08m85hc8jlnfp3zer7xulejywt49kt2rr0vthywaa50xwsq2vr8y8dws0jkz062k8vlpafpu8x9rucvcggdkr4
lineage__lineage_depth,2.0,0.0,1.0986122886681098,ckb1qzda0cr08m85hc8jlnfp3zer7xulejywt49kt2rr0vthywaa50xwsq2vr8y8dws0jkz062k8vlpafpu8x9rucvcggdkr4
lineage__lineage_repetition,0.9965034965034965,1.0202483488204654,0.9965034965034965,ckb1qzda0cr08m85hc8jlnfp3zer7xulejywt49kt2rr0vthywaa50xwsq2vr8y8dws0jkz062k8vlpafpu8x9rucvcggdkr4
lineage__merge_count,87.0,2.24637677093732,4.477336814478207,ckb1qzda0cr08m85hc8jlnfp3zer7xulejywt49kt2rr0vthywaa50xwsq2vr8y8dws0jkz062k8vlpafpu8x9rucvcggdkr4
scripts__type_family_count,0.0,-0.501218028601448,0.0,ckb1qzda0cr08m85hc8jlnfp3zer7xulejywt49kt2rr0vthywaa50xwsq2vr8y8dws0jkz062k8vlpafpu8x9rucvcggdkr4
scripts__unique_lock_script_count,3.0,-0.3236566839097652,1.3862943611198906,ckb1qzda0cr08m85hc8jlnfp3zer7xulejywt49kt2rr0vthywaa50xwsq2vr8y8dws0jkz062k8vlpafpu8x9rucvcggdkr4
scripts__unique_type_script_count,0.0,0.0,0.0,ckb1qzda0cr08m85hc8jlnfp3zer7xulejywt49kt2rr0vthywaa50xwsq2vr8y8dws0jkz062k8vlpafpu8x9rucvcggdkr4
capacity__capacity_repeat_ratio,0.0,-1.3489727248167438,0.0,ckb1qzda0cr08m85hc8jlnfp3zer7xulejywt49kt2rr0vthywaa50xwsq2xg8c6fulfw65ay5aqq99atj30ev84unssl4ska
capacity__target_consumed_capacity,0.0,-4.044635599832544,0.0,ckb1qzda0cr08m85hc8jlnfp3zer7xulejywt49kt2rr0vthywaa50xwsq2xg8c6fulfw65ay5aqq99atj30ev84unssl4ska
capacity__target_net_capacity_delta,33141214933689.0,0.6532771565905547,31.131798787897406,ckb1qzda0cr08m85hc8jlnfp3zer7xulejywt49kt2rr0vthywaa50xwsq2xg8c6fulfw65ay5aqq99atj30ev84unssl4ska
lineage__continuation_count,0.0,0.0,0.0,ckb1qzda0cr08m85hc8jlnfp3zer7xulejywt49kt2rr0vthywaa50xwsq2xg8c6fulfw65ay5aqq99atj30ev84unssl4ska
lineage__lineage_depth,1.0,-1.0,0.6931471805599453,ckb1qzda0cr08m85hc8jlnfp3zer7xulejywt49kt2rr0vthywaa50xwsq2xg8c6fulfw65ay5aqq99atj30ev84unssl4ska
lineage__lineage_repetition,0.0,-1.128899193514562,0.0,ckb1qzda0cr08m85hc8jlnfp3zer7xulejywt49kt2rr0vthywaa50xwsq2xg8c6fulfw65ay5aqq99atj30ev84unssl4ska
lineage__merge_count,2.0,0.0,1.0986122886681098,ckb1qzda0cr08m85hc8jlnfp3zer7xulejywt49kt2rr0vthywaa50xwsq2xg8c6fulfw65ay5aqq99atj30ev84unssl4ska
scripts__type_family_count,0.0,-0.501218028601448,0.0,ckb1qzda0cr08m85hc8jlnfp3zer7xulejywt49kt2rr0vthywaa50xwsq2xg8c6fulfw65ay5aqq99atj30ev84unssl4ska
scripts__unique_lock_script_count,4.0,-0.14553555730732698,1.6094379124341003,ckb1qzda0cr08m85hc8jlnfp3zer7xulejywt49kt2rr0vthywaa50xwsq2xg8c6fulfw65ay5aqq99atj30ev84unssl4ska
scripts__unique_type_script_count,0.0,0.0,0.0,ckb1qzda0cr08m85hc8jlnfp3zer7xulejywt49kt2rr0vthywaa50xwsq2xg8c6fulfw65ay5aqq99atj30ev84unssl4ska
capacity__capacity_repeat_ratio,0.22448979591836735,-0.8436342717739426,0.22448979591836735,ckb1qzda0cr08m85hc8jlnfp3zer7xulejywt49kt2rr0vthywaa50xwsq2yg6kr7zvjzw0ts2j7qtkd6jzr2kq3g7sdh3azr
capacity__target_consumed_capacity,676403702211.0,-0.11739889262787924,27.240055927362125,ckb1qzda0cr08m85hc8jlnfp3zer7xulejywt49kt2rr0vthywaa50xwsq2yg6kr7zvjzw0ts2j7qtkd6jzr2kq3g7sdh3azr
capacity__target_net_capacity_delta,5368357837783.0,0.6150804748188448,29.311543174662305,ckb1qzda0cr08m85hc8jlnfp3zer7xulejywt49kt2rr0vthywaa50xwsq2yg6kr7zvjzw0ts2j7qtkd6jzr2kq3g7sdh3azr
lineage__continuation_count,0.0,0.0,0.0,ckb1qzda0cr08m85hc8jlnfp3zer7xulejywt49kt2rr0vthywaa50xwsq2yg6kr7zvjzw0ts2j7qtkd6jzr2kq3g7sdh3azr
lineage__lineage_depth,2.0,0.0,1.0986122886681098,ckb1qzda0cr08m85hc8jlnfp3zer7xulejywt49kt2rr0vthywaa50xwsq2yg6kr7zvjzw0ts2j7qtkd6jzr2kq3g7sdh3azr
lineage__lineage_repetition,0.9814814814814815,0.9878505431140506,0.9814814814814815,ckb1qzda0cr08m85hc8jlnfp3zer7xulejywt49kt2rr0vthywaa50xwsq2yg6kr7zvjzw0ts2j7qtkd6jzr2kq3g7sdh3azr
lineage__merge_count,95.0,2.3042271030918506,4.564348191467836,ckb1qzda0cr08m85hc8jlnfp3zer7xulejywt49kt2rr0vthywaa50xwsq2yg6kr7zvjzw0ts2j7qtkd6jzr2kq3g7sdh3azr
scripts__type_family_count,0.0,-0.501218028601448,0.0,ckb1qzda0cr08m85hc8jlnfp3zer7xulejywt49kt2rr0vthywaa50xwsq2yg6kr7zvjzw0ts2j7qtkd6jzr2kq3g7sdh3azr
scripts__unique_lock_script_count,46.0,1.643078686269145,3.8501476017100584,ckb1qzda0cr08m85hc8jlnfp3zer7xulejywt49kt2rr0vthywaa50xwsq2yg6kr7zvjzw0ts2j7qtkd6jzr2kq3g7sdh3azr
scripts__unique_type_script_count,0.0,0.0,0.0,ckb1qzda0cr08m85hc8jlnfp3zer7xulejywt49kt2rr0vthywaa50xwsq2yg6kr7zvjzw0ts2j7qtkd6jzr2kq3g7sdh3azr
capacity__capacity_repeat_ratio,0.5,-0.22344617031232286,0.5,ckb1qzda0cr08m85hc8jlnfp3zer7xulejywt49kt2rr0vthywaa50xwsq2zmwtcwp3x5ngxr7wxp3aq737g35nhgpqq4lp5x
capacity__target_consumed_capacity,137097636424.0,-0.3475103776099677,25.643959183577596,ckb1qzda0cr08m85hc8jlnfp3zer7xulejywt49kt2rr0vthywaa50xwsq2zmwtcwp3x5ngxr7wxp3aq737g35nhgpqq4lp5x
capacity__target_net_capacity_delta,-144500.0,-0.24931463795313036,-11.881041706925902,ckb1qzda0cr08m85hc8jlnfp3zer7xulejywt49kt2rr0vthywaa50xwsq2zmwtcwp3x5ngxr7wxp3aq737g35nhgpqq4lp5x
lineage__continuation_count,2.0,1.5849625007211563,1.0986122886681098,ckb1qzda0cr08m85hc8jlnfp3zer7xulejywt49kt2rr0vthywaa50xwsq2zmwtcwp3x5ngxr7wxp3aq737g35nhgpqq4lp5x
lineage__lineage_depth,2.0,0.0,1.0986122886681098,ckb1qzda0cr08m85hc8jlnfp3zer7xulejywt49kt2rr0vthywaa50xwsq2zmwtcwp3x5ngxr7wxp3aq737g35nhgpqq4lp5x
lineage__lineage_repetition,1.0,1.027789217390062,1.0,ckb1qzda0cr08m85hc8jlnfp3zer7xulejywt49kt2rr0vthywaa50xwsq2zmwtcwp3x5ngxr7wxp3aq737g35nhgpqq4lp5x
lineage__merge_count,2.0,0.0,1.0986122886681098,ckb1qzda0cr08m85hc8jlnfp3zer7xulejywt49kt2rr0vthywaa50xwsq2zmwtcwp3x5ngxr7wxp3aq737g35nhgpqq4lp5x
scripts__type_family_count,1.0,1.9951397255009098,0.6931471805599453,ckb1qzda0cr08m85hc8jlnfp3zer7xulejywt49kt2rr0vthywaa50xwsq2zmwtcwp3x5ngxr7wxp3aq737g35nhgpqq4lp5x
scripts__unique_lock_script_count,3.0,-0.3236566839097652,1.3862943611198906,ckb1qzda0cr08m85hc8jlnfp3zer7xulejywt49kt2rr0vthywaa50xwsq2zmwtcwp3x5ngxr7wxp3aq737g35nhgpqq4lp5x
scripts__unique_type_script_count,1.0,1.0,0.6931471805599453,ckb1qzda0cr08m85hc8jlnfp3zer7xulejywt49kt2rr0vthywaa50xwsq2zmwtcwp3x5ngxr7wxp3aq737g35nhgpqq4lp5x
capacity__capacity_repeat_ratio,0.6666666666666666,0.1517293478558174,0.6666666666666666,ckb1qzda0cr08m85hc8jlnfp3zer7xulejywt49kt2rr0vthywaa50xwsq2zuyw4u22256gp6v8s6na4p7esyg4h74q68r5ue
capacity__target_consumed_capacity,899469293455.0,-0.07630790933481701,27.52507075240689,ckb1qzda0cr08m85hc8jlnfp3zer7xulejywt49kt2rr0vthywaa50xwsq2zuyw4u22256gp6v8s6na4p7esyg4h74q68r5ue
capacity__target_net_capacity_delta,-75860.0,-0.2357927351416771,-11.236657997333701,ckb1qzda0cr08m85hc8jlnfp3zer7xulejywt49kt2rr0vthywaa50xwsq2zuyw4u22256gp6v8s6na4p7esyg4h74q68r5ue
lineage__continuation_count,9.0,3.3219280948873626,2.302585092994046,ckb1qzda0cr08m85hc8jlnfp3zer7xulejywt49kt2rr0vthywaa50xwsq2zuyw4u22256gp6v8s6na4p7esyg4h74q68r5ue
lineage__lineage_depth,5.0,1.709511291351454,1.791759469228055,ckb1qzda0cr08m85hc8jlnfp3zer7xulejywt49kt2rr0vthywaa50xwsq2zuyw4u22256gp6v8s6na4p7esyg4h74q68r5ue
lineage__lineage_repetition,0.8888888888888888,0.7881571717339927,0.8888888888888888,ckb1qzda0cr08m85hc8jlnfp3zer7xulejywt49kt2rr0vthywaa50xwsq2zuyw4u22256gp6v8s6na4p7esyg4h74q68r5ue
lineage__merge_count,9.0,0.8004726398431626,2.302585092994046,ckb1qzda0cr08m85hc8jlnfp3zer7xulejywt49kt2rr0vthywaa50xwsq2zuyw4u22256gp6v8s6na4p7esyg4h74q68r5ue
scripts__type_family_count,1.0,1.9951397255009098,0.6931471805599453,ckb1qzda0cr08m85hc8jlnfp3zer7xulejywt49kt2rr0vthywaa50xwsq2zuyw4u22256gp6v8s6na4p7esyg4h74q68r5ue
scripts__unique_lock_script_count,22.0,1.0726169119725726,3.1354942159291497,ckb1qzda0cr08m85hc8jlnfp3zer7xulejywt49kt2rr0vthywaa50xwsq2zuyw4u22256gp6v8s6na4p7esyg4h74q68r5ue
scripts__unique_type_script_count,7.0,3.0,2.0794415416798357,ckb1qzda0cr08m85hc8jlnfp3zer7xulejywt49kt2rr0vthywaa50xwsq2zuyw4u22256gp6v8s6na4p7esyg4h74q68r5ue
capacity__capacity_repeat_ratio,1.0,0.9020803841920981,1.0,ckb1qzda0cr08m85hc8jlnfp3zer7xulejywt49kt2rr0vthywaa50xwsqd280gcprvtlm89nyxuc2ru9e2tqe0aewcks0h7q
capacity__target_consumed_capacity,95981087141792.0,0.5969871158554361,32.19517227904792,ckb1qzda0cr08m85hc8jlnfp3zer7xulejywt49kt2rr0vthywaa50xwsqd280gcprvtlm89nyxuc2ru9e2tqe0aewcks0h7q
capacity__target_net_capacity_delta,0.0,0.0,0.0,ckb1qzda0cr08m85hc8jlnfp3zer7xulejywt49kt2rr0vthywaa50xwsqd280gcprvtlm89nyxuc2ru9e2tqe0aewcks0h7q
lineage__continuation_count,0.0,0.0,0.0,ckb1qzda0cr08m85hc8jlnfp3zer7xulejywt49kt2rr0vthywaa50xwsqd280gcprvtlm89nyxuc2ru9e2tqe0aewcks0h7q
lineage__lineage_depth,4.0,1.2598510045646625,1.6094379124341003,ckb1qzda0cr08m85hc8jlnfp3zer7xulejywt49kt2rr0vthywaa50xwsqd280gcprvtlm89nyxuc2ru9e2tqe0aewcks0h7q
lineage__lineage_repetition,0.0,-1.128899193514562,0.0,ckb1qzda0cr08m85hc8jlnfp3zer7xulejywt49kt2rr0vthywaa50xwsqd280gcprvtlm89nyxuc2ru9e2tqe0aewcks0h7q
lineage__merge_count,3.0,0.1912681309275552,1.3862943611198906,ckb1qzda0cr08m85hc8jlnfp3zer7xulejywt49kt2rr0vthywaa50xwsqd280gcprvtlm89nyxuc2ru9e2tqe0aewcks0h7q
scripts__type_family_count,0.0,-0.501218028601448,0.0,ckb1qzda0cr08m85hc8jlnfp3zer7xulejywt49kt2rr0vthywaa50xwsqd280gcprvtlm89nyxuc2ru9e2tqe0aewcks0h7q
scripts__unique_lock_script_count,7.0,0.229638071755347,2.0794415416798357,ckb1qzda0cr08m85hc8jlnfp3zer7xulejywt49kt2rr0vthywaa50xwsqd280gcprvtlm89nyxuc2ru9e2tqe0aewcks0h7q
scripts__unique_type_script_count,0.0,0.0,0.0,ckb1qzda0cr08m85hc8jlnfp3zer7xulejywt49kt2rr0vthywaa50xwsqd280gcprvtlm89nyxuc2ru9e2tqe0aewcks0h7q
capacity__capacity_repeat_ratio,1.0,0.9020803841920981,1.0,ckb1qzda0cr08m85hc8jlnfp3zer7xulejywt49kt2rr0vthywaa50xwsqd2ln87tv0nhyh6r2h84d3fnm5vdsjraagf5r842
capacity__target_consumed_capacity,44725831056378.0,0.4868978498577134,31.431572326623677,ckb1qzda0cr08m85hc8jlnfp3zer7xulejywt49kt2rr0vthywaa50xwsqd2ln87tv0nhyh6r2h84d3fnm5vdsjraagf5r842
capacity__target_net_capacity_delta,-22362915528189.0,-0.6450225094381177,-30.738425146063754,ckb1qzda0cr08m85hc8jlnfp3zer7xulejywt49kt2rr0vthywaa50xwsqd2ln87tv0nhyh6r2h84d3fnm5vdsjraagf5r842
lineage__continuation_count,1.0,1.0,0.6931471805599453,ckb1qzda0cr08m85hc8jlnfp3zer7xulejywt49kt2rr0vthywaa50xwsqd2ln87tv0nhyh6r2h84d3fnm5vdsjraagf5r842
lineage__lineage_depth,2.0,0.0,1.0986122886681098,ckb1qzda0cr08m85hc8jlnfp3zer7xulejywt49kt2rr0vthywaa50xwsqd2ln87tv0nhyh6r2h84d3fnm5vdsjraagf5r842
lineage__lineage_repetition,0.0,-1.128899193514562,0.0,ckb1qzda0cr08m85hc8jlnfp3zer7xulejywt49kt2rr0vthywaa50xwsqd2ln87tv0nhyh6r2h84d3fnm5vdsjraagf5r842
lineage__merge_count,1.0,-0.26957728969081496,0.6931471805599453,ckb1qzda0cr08m85hc8jlnfp3zer7xulejywt49kt2rr0vthywaa50xwsqd2ln87tv0nhyh6r2h84d3fnm5vdsjraagf5r842
scripts__type_family_count,1.0,1.9951397255009098,0.6931471805599453,ckb1qzda0cr08m85hc8jlnfp3zer7xulejywt49kt2rr0vthywaa50xwsqd2ln87tv0nhyh6r2h84d3fnm5vdsjraagf5r842
scripts__unique_lock_script_count,4.0,-0.14553555730732698,1.6094379124341003,ckb1qzda0cr08m85hc8jlnfp3zer7xulejywt49kt2rr0vthywaa50xwsqd2ln87tv0nhyh6r2h84d3fnm5vdsjraagf5r842
scripts__unique_type_script_count,1.0,1.0,0.6931471805599453,ckb1qzda0cr08m85hc8jlnfp3zer7xulejywt49kt2rr0vthywaa50xwsqd2ln87tv0nhyh6r2h84d3fnm5vdsjraagf5r842
capacity__capacity_repeat_ratio,0.3875,-0.47668964507581757,0.3875,ckb1qzda0cr08m85hc8jlnfp3zer7xulejywt49kt2rr0vthywaa50xwsqd3ele94wtw253dum78vpuuy2rcspueckqp9hktf
capacity__target_consumed_capacity,50348673923177.0,0.5039707801764822,31.549993397570084,ckb1qzda0cr08m85hc8jlnfp3zer7xulejywt49kt2rr0vthywaa50xwsqd3ele94wtw253dum78vpuuy2rcspueckqp9hktf
capacity__target_net_capacity_delta,272053104286902.0,0.6974535914714193,33.23701839951732,ckb1qzda0cr08m85hc8jlnfp3zer7xulejywt49kt2rr0vthywaa50xwsqd3ele94wtw253dum78vpuuy2rcspueckqp9hktf
lineage__continuation_count,22.0,4.523561956057013,3.1354942159291497,ckb1qzda0cr08m85hc8jlnfp3zer7xulejywt49kt2rr0vthywaa50xwsqd3ele94wtw253dum78vpuuy2rcspueckqp9hktf
lineage__lineage_depth,6.0,2.0896936467371017,1.9459101490553132,ckb1qzda0cr08m85hc8jlnfp3zer7xulejywt49kt2rr0vthywaa50xwsqd3ele94wtw253dum78vpuuy2rcspueckqp9hktf
lineage__lineage_repetition,1.0,1.027789217390062,1.0,ckb1qzda0cr08m85hc8jlnfp3zer7xulejywt49kt2rr0vthywaa50xwsqd3ele94wtw253dum78vpuuy2rcspueckqp9hktf
lineage__merge_count,900.0,3.792951733180529,6.803505257608338,ckb1qzda0cr08m85hc8jlnfp3zer7xulejywt49kt2rr0vthywaa50xwsqd3ele94wtw253dum78vpuuy2rcspueckqp9hktf
scripts__type_family_count,0.0,-0.501218028601448,0.0,ckb1qzda0cr08m85hc8jlnfp3zer7xulejywt49kt2rr0vthywaa50xwsqd3ele94wtw253dum78vpuuy2rcspueckqp9hktf
scripts__unique_lock_script_count,3.0,-0.3236566839097652,1.3862943611198906,ckb1qzda0cr08m85hc8jlnfp3zer7xulejywt49kt2rr0vthywaa50xwsqd3ele94wtw253dum78vpuuy2rcspueckqp9hktf
scripts__unique_type_script_count,0.0,0.0,0.0,ckb1qzda0cr08m85hc8jlnfp3zer7xulejywt49kt2rr0vthywaa50xwsqd3ele94wtw253dum78vpuuy2rcspueckqp9hktf
capacity__capacity_repeat_ratio,1.0,0.9020803841920981,1.0,ckb1qzda0cr08m85hc8jlnfp3zer7xulejywt49kt2rr0vthywaa50xwsqd3jnqsndu5z3ew6anr65w34cyevvnucug28nl8j
capacity__target_consumed_capacity,25500000000000.0,0.4058918736598583,30.86969956809297,ckb1qzda0cr08m85hc8jlnfp3zer7xulejywt49kt2rr0vthywaa50xwsqd3jnqsndu5z3ew6anr65w34cyevvnucug28nl8j
capacity__target_net_capacity_delta,0.0,0.0,0.0,ckb1qzda0cr08m85hc8jlnfp3zer7xulejywt49kt2rr0vthywaa50xwsqd3jnqsndu5z3ew6anr65w34cyevvnucug28nl8j
lineage__continuation_count,1.0,1.0,0.6931471805599453,ckb1qzda0cr08m85hc8jlnfp3zer7xulejywt49kt2rr0vthywaa50xwsqd3jnqsndu5z3ew6anr65w34cyevvnucug28nl8j
lineage__lineage_depth,1.0,-1.0,0.6931471805599453,ckb1qzda0cr08m85hc8jlnfp3zer7xulejywt49kt2rr0vthywaa50xwsqd3jnqsndu5z3ew6anr65w34cyevvnucug28nl8j
lineage__lineage_repetition,0.0,-1.128899193514562,0.0,ckb1qzda0cr08m85hc8jlnfp3zer7xulejywt49kt2rr0vthywaa50xwsqd3jnqsndu5z3ew6anr65w34cyevvnucug28nl8j
lineage__merge_count,1.0,-0.26957728969081496,0.6931471805599453,ckb1qzda0cr08m85hc8jlnfp3zer7xulejywt49kt2rr0vthywaa50xwsqd3jnqsndu5z3ew6anr65w34cyevvnucug28nl8j
scripts__type_family_count,1.0,1.9951397255009098,0.6931471805599453,ckb1qzda0cr08m85hc8jlnfp3zer7xulejywt49kt2rr0vthywaa50xwsqd3jnqsndu5z3ew6anr65w34cyevvnucug28nl8j
scripts__unique_lock_script_count,3.0,-0.3236566839097652,1.3862943611198906,ckb1qzda0cr08m85hc8jlnfp3zer7xulejywt49kt2rr0vthywaa50xwsqd3jnqsndu5z3ew6anr65w34cyevvnucug28nl8j
scripts__unique_type_script_count,1.0,1.0,0.6931471805599453,ckb1qzda0cr08m85hc8jlnfp3zer7xulejywt49kt2rr0vthywaa50xwsqd3jnqsndu5z3ew6anr65w34cyevvnucug28nl8j
capacity__capacity_repeat_ratio,1.0,0.9020803841920981,1.0,ckb1qzda0cr08m85hc8jlnfp3zer7xulejywt49kt2rr0vthywaa50xwsqd3t75wgj4rjmaem5f46ek9f5g2xe9gsucx860r9
capacity__target_consumed_capacity,69652946612.0,-0.4451386781537366,24.966790842278787,ckb1qzda0cr08m85hc8jlnfp3zer7xulejywt49kt2rr0vthywaa50xwsqd3t75wgj4rjmaem5f46ek9f5g2xe9gsucx860r9
capacity__target_net_capacity_delta,0.0,0.0,0.0,ckb1qzda0cr08m85hc8jlnfp3zer7xulejywt49kt2rr0vthywaa50xwsqd3t75wgj4rjmaem5f46ek9f5g2xe9gsucx860r9
lineage__continuation_count,0.0,0.0,0.0,ckb1qzda0cr08m85hc8jlnfp3zer7xulejywt49kt2rr0vthywaa50xwsqd3t75wgj4rjmaem5f46ek9f5g2xe9gsucx860r9
lineage__lineage_depth,2.0,0.0,1.0986122886681098,ckb1qzda0cr08m85hc8jlnfp3zer7xulejywt49kt2rr0vthywaa50xwsqd3t75wgj4rjmaem5f46ek9f5g2xe9gsucx860r9
lineage__lineage_repetition,1.0,1.027789217390062,1.0,ckb1qzda0cr08m85hc8jlnfp3zer7xulejywt49kt2rr0vthywaa50xwsqd3t75wgj4rjmaem5f46ek9f5g2xe9gsucx860r9
lineage__merge_count,2.0,0.0,1.0986122886681098,ckb1qzda0cr08m85hc8jlnfp3zer7xulejywt49kt2rr0vthywaa50xwsqd3t75wgj4rjmaem5f46ek9f5g2xe9gsucx860r9
scripts__type_family_count,1.0,1.9951397255009098,0.6931471805599453,ckb1qzda0cr08m85hc8jlnfp3zer7xulejywt49kt2rr0vthywaa50xwsqd3t75wgj4rjmaem5f46ek9f5g2xe9gsucx860r9
scripts__unique_lock_script_count,7.0,0.229638071755347,2.0794415416798357,ckb1qzda0cr08m85hc8jlnfp3zer7xulejywt49kt2rr0vthywaa50xwsqd3t75wgj4rjmaem5f46ek9f5g2xe9gsucx860r9
scripts__unique_type_script_count,1.0,1.0,0.6931471805599453,ckb1qzda0cr08m85hc8jlnfp3zer7xulejywt49kt2rr0vthywaa50xwsqd3t75wgj4rjmaem5f46ek9f5g2xe9gsucx860r9
capacity__capacity_repeat_ratio,0.17377567140600317,-0.9577944594281615,0.17377567140600317,ckb1qzda0cr08m85hc8jlnfp3zer7xulejywt49kt2rr0vthywaa50xwsqd3w85684vvlhfh93nrvkq6rz6ve7xu0ugjyfg3s
capacity__target_consumed_capacity,3897470212944.0,0.13508743317666427,28.99134879524362,ckb1qzda0cr08m85hc8jlnfp3zer7xulejywt49kt2rr0vthywaa50xwsqd3w85684vvlhfh93nrvkq6rz6ve7xu0ugjyfg3s
capacity__target_net_capacity_delta,39780967207949.0,0.6571091079719389,31.314409702984136,ckb1qzda0cr08m85hc8jlnfp3zer7xulejywt49kt2rr0vthywaa50xwsqd3w85684vvlhfh93nrvkq6rz6ve7xu0ugjyfg3s
lineage__continuation_count,0.0,0.0,0.0,ckb1qzda0cr08m85hc8jlnfp3zer7xulejywt49kt2rr0vthywaa50xwsqd3w85684vvlhfh93nrvkq6rz6ve7xu0ugjyfg3s
lineage__lineage_depth,3.0,0.7095112913514542,1.3862943611198906,ckb1qzda0cr08m85hc8jlnfp3zer7xulejywt49kt2rr0vthywaa50xwsqd3w85684vvlhfh93nrvkq6rz6ve7xu0ugjyfg3s
lineage__lineage_repetition,0.9984051036682615,1.0243495229548074,0.9984051036682615,ckb1qzda0cr08m85hc8jlnfp3zer7xulejywt49kt2rr0vthywaa50xwsqd3w85684vvlhfh93nrvkq6rz6ve7xu0ugjyfg3s
lineage__merge_count,535.0,3.447642976030986,6.284134161070802,ckb1qzda0cr08m85hc8jlnfp3zer7xulejywt49kt2rr0vthywaa50xwsqd3w85684vvlhfh93nrvkq6rz6ve7xu0ugjyfg3s
scripts__type_family_count,0.0,-0.501218028601448,0.0,ckb1qzda0cr08m85hc8jlnfp3zer7xulejywt49kt2rr0vthywaa50xwsqd3w85684vvlhfh93nrvkq6rz6ve7xu0ugjyfg3s
scripts__unique_lock_script_count,66.0,1.926089141237122,4.204692619390966,ckb1qzda0cr08m85hc8jlnfp3zer7xulejywt49kt2rr0vthywaa50xwsqd3w85684vvlhfh93nrvkq6rz6ve7xu0ugjyfg3s
scripts__unique_type_script_count,0.0,0.0,0.0,ckb1qzda0cr08m85hc8jlnfp3zer7xulejywt49kt2rr0vthywaa50xwsqd3w85684vvlhfh93nrvkq6rz6ve7xu0ugjyfg3s
capacity__capacity_repeat_ratio,1.0,0.9020803841920981,1.0,ckb1qzda0cr08m85hc8jlnfp3zer7xulejywt49kt2rr0vthywaa50xwsqd4h5ahm0l94adpfafpftu00tpsncrmmqgghtrxy
capacity__target_consumed_capacity,5300000000000.0,0.17940271100642644,29.298727936486813,ckb1qzda0cr08m85hc8jlnfp3zer7xulejywt49kt2rr0vthywaa50xwsqd4h5ahm0l94adpfafpftu00tpsncrmmqgghtrxy
capacity__target_net_capacity_delta,0.0,0.0,0.0,ckb1qzda0cr08m85hc8jlnfp3zer7xulejywt49kt2rr0vthywaa50xwsqd4h5ahm0l94adpfafpftu00tpsncrmmqgghtrxy
lineage__continuation_count,0.0,0.0,0.0,ckb1qzda0cr08m85hc8jlnfp3zer7xulejywt49kt2rr0vthywaa50xwsqd4h5ahm0l94adpfafpftu00tpsncrmmqgghtrxy
lineage__lineage_depth,2.0,0.0,1.0986122886681098,ckb1qzda0cr08m85hc8jlnfp3zer7xulejywt49kt2rr0vthywaa50xwsqd4h5ahm0l94adpfafpftu00tpsncrmmqgghtrxy
lineage__lineage_repetition,0.0,-1.128899193514562,0.0,ckb1qzda0cr08m85hc8jlnfp3zer7xulejywt49kt2rr0vthywaa50xwsqd4h5ahm0l94adpfafpftu00tpsncrmmqgghtrxy
lineage__merge_count,1.0,-0.26957728969081496,0.6931471805599453,ckb1qzda0cr08m85hc8jlnfp3zer7xulejywt49kt2rr0vthywaa50xwsqd4h5ahm0l94adpfafpftu00tpsncrmmqgghtrxy
scripts__type_family_count,0.0,-0.501218028601448,0.0,ckb1qzda0cr08m85hc8jlnfp3zer7xulejywt49kt2rr0vthywaa50xwsqd4h5ahm0l94adpfafpftu00tpsncrmmqgghtrxy
scripts__unique_lock_script_count,3.0,-0.3236566839097652,1.3862943611198906,ckb1qzda0cr08m85hc8jlnfp3zer7xulejywt49kt2rr0vthywaa50xwsqd4h5ahm0l94adpfafpftu00tpsncrmmqgghtrxy
scripts__unique_type_script_count,0.0,0.0,0.0,ckb1qzda0cr08m85hc8jlnfp3zer7xulejywt49kt2rr0vthywaa50xwsqd4h5ahm0l94adpfafpftu00tpsncrmmqgghtrxy
capacity__capacity_repeat_ratio,0.0,-1.3489727248167438,0.0,ckb1qzda0cr08m85hc8jlnfp3zer7xulejywt49kt2rr0vthywaa50xwsqd52pqxx3q9kjg6xxh9f2h6wuut9numalsjdnjxu
capacity__target_consumed_capacity,7594077944860.0,0.2312556675520791,29.65838984169141,ckb1qzda0cr08m85hc8jlnfp3zer7xulejywt49kt2rr0vthywaa50xwsqd52pqxx3q9kjg6xxh9f2h6wuut9numalsjdnjxu
capacity__target_net_capacity_delta,-7594077944860.0,-0.622358788736824,-29.65838984169141,ckb1qzda0cr08m85hc8jlnfp3zer7xulejywt49kt2rr0vthywaa50xwsqd52pqxx3q9kjg6xxh9f2h6wuut9numalsjdnjxu
lineage__continuation_count,0.0,0.0,0.0,ckb1qzda0cr08m85hc8jlnfp3zer7xulejywt49kt2rr0vthywaa50xwsqd52pqxx3q9kjg6xxh9f2h6wuut9numalsjdnjxu
lineage__lineage_depth,1.0,-1.0,0.6931471805599453,ckb1qzda0cr08m85hc8jlnfp3zer7xulejywt49kt2rr0vthywaa50xwsqd52pqxx3q9kjg6xxh9f2h6wuut9numalsjdnjxu
lineage__lineage_repetition,0.0,-1.128899193514562,0.0,ckb1qzda0cr08m85hc8jlnfp3zer7xulejywt49kt2rr0vthywaa50xwsqd52pqxx3q9kjg6xxh9f2h6wuut9numalsjdnjxu
lineage__merge_count,1.0,-0.26957728969081496,0.6931471805599453,ckb1qzda0cr08m85hc8jlnfp3zer7xulejywt49kt2rr0vthywaa50xwsqd52pqxx3q9kjg6xxh9f2h6wuut9numalsjdnjxu
scripts__type_family_count,0.0,-0.501218028601448,0.0,ckb1qzda0cr08m85hc8jlnfp3zer7xulejywt49kt2rr0vthywaa50xwsqd52pqxx3q9kjg6xxh9f2h6wuut9numalsjdnjxu
scripts__unique_lock_script_count,2.0,-0.5532947556651122,1.0986122886681098,ckb1qzda0cr08m85hc8jlnfp3zer7xulejywt49kt2rr0vthywaa50xwsqd52pqxx3q9kjg6xxh9f2h6wuut9numalsjdnjxu
scripts__unique_type_script_count,0.0,0.0,0.0,ckb1qzda0cr08m85hc8jlnfp3zer7xulejywt49kt2rr0vthywaa50xwsqd52pqxx3q9kjg6xxh9f2h6wuut9numalsjdnjxu
capacity__capacity_repeat_ratio,0.5365853658536586,-0.1410905687632188,0.5365853658536586,ckb1qzda0cr08m85hc8jlnfp3zer7xulejywt49kt2rr0vthywaa50xwsqd532x7yagmmqne0jkrwggysarh5kufcjgp5ry3g
capacity__target_consumed_capacity,31001981368269.0,0.4340590222562262,31.065072233476695,ckb1qzda0cr08m85hc8jlnfp3zer7xulejywt49kt2rr0vthywaa50xwsqd532x7yagmmqne0jkrwggysarh5kufcjgp5ry3g
capacity__target_net_capacity_delta,-19939021478294.0,-0.6426150852964195,-30.623699805952942,ckb1qzda0cr08m85hc8jlnfp3zer7xulejywt49kt2rr0vthywaa50xwsqd532x7yagmmqne0jkrwggysarh5kufcjgp5ry3g
lineage__continuation_count,0.0,0.0,0.0,ckb1qzda0cr08m85hc8jlnfp3zer7xulejywt49kt2rr0vthywaa50xwsqd532x7yagmmqne0jkrwggysarh5kufcjgp5ry3g
lineage__lineage_depth,2.0,0.0,1.0986122886681098,ckb1qzda0cr08m85hc8jlnfp3zer7xulejywt49kt2rr0vthywaa50xwsqd532x7yagmmqne0jkrwggysarh5kufcjgp5ry3g
lineage__lineage_repetition,1.0,1.027789217390062,1.0,ckb1qzda0cr08m85hc8jlnfp3zer7xulejywt49kt2rr0vthywaa50xwsqd532x7yagmmqne0jkrwggysarh5kufcjgp5ry3g
lineage__merge_count,0.0,-0.7304227103091852,0.0,ckb1qzda0cr08m85hc8jlnfp3zer7xulejywt49kt2rr0vthywaa50xwsqd532x7yagmmqne0jkrwggysarh5kufcjgp5ry3g
scripts__type_family_count,0.0,-0.501218028601448,0.0,ckb1qzda0cr08m85hc8jlnfp3zer7xulejywt49kt2rr0vthywaa50xwsqd532x7yagmmqne0jkrwggysarh5kufcjgp5ry3g
scripts__unique_lock_script_count,46.0,1.643078686269145,3.8501476017100584,ckb1qzda0cr08m85hc8jlnfp3zer7xulejywt49kt2rr0vthywaa50xwsqd532x7yagmmqne0jkrwggysarh5kufcjgp5ry3g
scripts__unique_type_script_count,0.0,0.0,0.0,ckb1qzda0cr08m85hc8jlnfp3zer7xulejywt49kt2rr0vthywaa50xwsqd532x7yagmmqne0jkrwggysarh5kufcjgp5ry3g
capacity__capacity_repeat_ratio,1.0,0.9020803841920981,1.0,ckb1qzda0cr08m85hc8jlnfp3zer7xulejywt49kt2rr0vthywaa50xwsqd5wxs2lr6y8gzek23nkyj04ngcgmutl4s75skv9
capacity__target_consumed_capacity,19054068628819.0,0.3638806484207375,30.578301771013095,ckb1qzda0cr08m85hc8jlnfp3zer7xulejywt49kt2rr0vthywaa50xwsqd5wxs2lr6y8gzek23nkyj04ngcgmutl4s75skv9
capacity__target_net_capacity_delta,0.0,0.0,0.0,ckb1qzda0cr08m85hc8jlnfp3zer7xulejywt49kt2rr0vthywaa50xwsqd5wxs2lr6y8gzek23nkyj04ngcgmutl4s75skv9
lineage__continuation_count,0.0,0.0,0.0,ckb1qzda0cr08m85hc8jlnfp3zer7xulejywt49kt2rr0vthywaa50xwsqd5wxs2lr6y8gzek23nkyj04ngcgmutl4s75skv9
lineage__lineage_depth,2.0,0.0,1.0986122886681098,ckb1qzda0cr08m85hc8jlnfp3zer7xulejywt49kt2rr0vthywaa50xwsqd5wxs2lr6y8gzek23nkyj04ngcgmutl4s75skv9
lineage__lineage_repetition,1.0,1.027789217390062,1.0,ckb1qzda0cr08m85hc8jlnfp3zer7xulejywt49kt2rr0vthywaa50xwsqd5wxs2lr6y8gzek23nkyj04ngcgmutl4s75skv9
lineage__merge_count,2.0,0.0,1.0986122886681098,ckb1qzda0cr08m85hc8jlnfp3zer7xulejywt49kt2rr0vthywaa50xwsqd5wxs2lr6y8gzek23nkyj04ngcgmutl4s75skv9
scripts__type_family_count,1.0,1.9951397255009098,0.6931471805599453,ckb1qzda0cr08m85hc8jlnfp3zer7xulejywt49kt2rr0vthywaa50xwsqd5wxs2lr6y8gzek23nkyj04ngcgmutl4s75skv9
scripts__unique_lock_script_count,6.0,0.12304856042512263,1.9459101490553132,ckb1qzda0cr08m85hc8jlnfp3zer7xulejywt49kt2rr0vthywaa50xwsqd5wxs2lr6y8gzek23nkyj04ngcgmutl4s75skv9
scripts__unique_type_script_count,1.0,1.0,0.6931471805599453,ckb1qzda0cr08m85hc8jlnfp3zer7xulejywt49kt2rr0vthywaa50xwsqd5wxs2lr6y8gzek23nkyj04ngcgmutl4s75skv9
capacity__capacity_repeat_ratio,0.0,-1.3489727248167438,0.0,ckb1qzda0cr08m85hc8jlnfp3zer7xulejywt49kt2rr0vthywaa50xwsqd5z95kzr62mkc2vnadeyv6hpqmwlxv2xgakd68v
capacity__target_consumed_capacity,0.0,-4.044635599832544,0.0,ckb1qzda0cr08m85hc8jlnfp3zer7xulejywt49kt2rr0vthywaa50xwsqd5z95kzr62mkc2vnadeyv6hpqmwlxv2xgakd68v
capacity__target_net_capacity_delta,40500000000000.0,0.6574850067961985,31.332323090041065,ckb1qzda0cr08m85hc8jlnfp3zer7xulejywt49kt2rr0vthywaa50xwsqd5z95kzr62mkc2vnadeyv6hpqmwlxv2xgakd68v
lineage__continuation_count,0.0,0.0,0.0,ckb1qzda0cr08m85hc8jlnfp3zer7xulejywt49kt2rr0vthywaa50xwsqd5z95kzr62mkc2vnadeyv6hpqmwlxv2xgakd68v
lineage__lineage_depth,1.0,-1.0,0.6931471805599453,ckb1qzda0cr08m85hc8jlnfp3zer7xulejywt49kt2rr0vthywaa50xwsqd5z95kzr62mkc2vnadeyv6hpqmwlxv2xgakd68v
lineage__lineage_repetition,0.0,-1.128899193514562,0.0,ckb1qzda0cr08m85hc8jlnfp3zer7xulejywt49kt2rr0vthywaa50xwsqd5z95kzr62mkc2vnadeyv6hpqmwlxv2xgakd68v
lineage__merge_count,1.0,-0.26957728969081496,0.6931471805599453,ckb1qzda0cr08m85hc8jlnfp3zer7xulejywt49kt2rr0vthywaa50xwsqd5z95kzr62mkc2vnadeyv6hpqmwlxv2xgakd68v
scripts__type_family_count,1.0,1.9951397255009098,0.6931471805599453,ckb1qzda0cr08m85hc8jlnfp3zer7xulejywt49kt2rr0vthywaa50xwsqd5z95kzr62mkc2vnadeyv6hpqmwlxv2xgakd68v
scripts__unique_lock_script_count,4.0,-0.14553555730732698,1.6094379124341003,ckb1qzda0cr08m85hc8jlnfp3zer7xulejywt49kt2rr0vthywaa50xwsqd5z95kzr62mkc2vnadeyv6hpqmwlxv2xgakd68v
scripts__unique_type_script_count,1.0,1.0,0.6931471805599453,ckb1qzda0cr08m85hc8jlnfp3zer7xulejywt49kt2rr0vthywaa50xwsqd5z95kzr62mkc2vnadeyv6hpqmwlxv2xgakd68v
capacity__capacity_repeat_ratio,0.0,-1.3489727248167438,0.0,ckb1qzda0cr08m85hc8jlnfp3zer7xulejywt49kt2rr0vthywaa50xwsqd5zvdgz64ygu94j8cwvcguc6wz5mhaknc3drq98
capacity__target_consumed_capacity,0.0,-4.044635599832544,0.0,ckb1qzda0cr08m85hc8jlnfp3zer7xulejywt49kt2rr0vthywaa50xwsqd5zvdgz64ygu94j8cwvcguc6wz5mhaknc3drq98
capacity__target_net_capacity_delta,123967553679.0,0.536006453358684,25.543285704440517,ckb1qzda0cr08m85hc8jlnfp3zer7xulejywt49kt2rr0vthywaa50xwsqd5zvdgz64ygu94j8cwvcguc6wz5mhaknc3drq98
lineage__continuation_count,0.0,0.0,0.0,ckb1qzda0cr08m85hc8jlnfp3zer7xulejywt49kt2rr0vthywaa50xwsqd5zvdgz64ygu94j8cwvcguc6wz5mhaknc3drq98
lineage__lineage_depth,1.0,-1.0,0.6931471805599453,ckb1qzda0cr08m85hc8jlnfp3zer7xulejywt49kt2rr0vthywaa50xwsqd5zvdgz64ygu94j8cwvcguc6wz5mhaknc3drq98
lineage__lineage_repetition,1.0,1.027789217390062,1.0,ckb1qzda0cr08m85hc8jlnfp3zer7xulejywt49kt2rr0vthywaa50xwsqd5zvdgz64ygu94j8cwvcguc6wz5mhaknc3drq98
lineage__merge_count,0.0,-0.7304227103091852,0.0,ckb1qzda0cr08m85hc8jlnfp3zer7xulejywt49kt2rr0vthywaa50xwsqd5zvdgz64ygu94j8cwvcguc6wz5mhaknc3drq98
scripts__type_family_count,0.0,-0.501218028601448,0.0,ckb1qzda0cr08m85hc8jlnfp3zer7xulejywt49kt2rr0vthywaa50xwsqd5zvdgz64ygu94j8cwvcguc6wz5mhaknc3drq98
scripts__unique_lock_script_count,17.0,0.8769514395748773,2.8903717578961645,ckb1qzda0cr08m85hc8jlnfp3zer7xulejywt49kt2rr0vthywaa50xwsqd5zvdgz64ygu94j8cwvcguc6wz5mhaknc3drq98
scripts__unique_type_script_count,0.0,0.0,0.0,ckb1qzda0cr08m85hc8jlnfp3zer7xulejywt49kt2rr0vthywaa50xwsqd5zvdgz64ygu94j8cwvcguc6wz5mhaknc3drq98
capacity__capacity_repeat_ratio,1.0,0.9020803841920981,1.0,ckb1qzda0cr08m85hc8jlnfp3zer7xulejywt49kt2rr0vthywaa50xwsqd6328jjvyqyx6psdkxv5gyxmlx90f50cgc8yla8
capacity__target_consumed_capacity,15000300000000.0,0.32939334491017264,30.339091316830828,ckb1qzda0cr08m85hc8jlnfp3zer7xulejywt49kt2rr0vthywaa50xwsqd6328jjvyqyx6psdkxv5gyxmlx90f50cgc8yla8
capacity__target_net_capacity_delta,0.0,0.0,0.0,ckb1qzda0cr08m85hc8jlnfp3zer7xulejywt49kt2rr0vthywaa50xwsqd6328jjvyqyx6psdkxv5gyxmlx90f50cgc8yla8
lineage__continuation_count,0.0,0.0,0.0,ckb1qzda0cr08m85hc8jlnfp3zer7xulejywt49kt2rr0vthywaa50xwsqd6328jjvyqyx6psdkxv5gyxmlx90f50cgc8yla8
lineage__lineage_depth,2.0,0.0,1.0986122886681098,ckb1qzda0cr08m85hc8jlnfp3zer7xulejywt49kt2rr0vthywaa50xwsqd6328jjvyqyx6psdkxv5gyxmlx90f50cgc8yla8
lineage__lineage_repetition,1.0,1.027789217390062,1.0,ckb1qzda0cr08m85hc8jlnfp3zer7xulejywt49kt2rr0vthywaa50xwsqd6328jjvyqyx6psdkxv5gyxmlx90f50cgc8yla8
lineage__merge_count,2.0,0.0,1.0986122886681098,ckb1qzda0cr08m85hc8jlnfp3zer7xulejywt49kt2rr0vthywaa50xwsqd6328jjvyqyx6psdkxv5gyxmlx90f50cgc8yla8
scripts__type_family_count,1.0,1.9951397255009098,0.6931471805599453,ckb1qzda0cr08m85hc8jlnfp3zer7xulejywt49kt2rr0vthywaa50xwsqd6328jjvyqyx6psdkxv5gyxmlx90f50cgc8yla8
scripts__unique_lock_script_count,5.0,0.0,1.791759469228055,ckb1qzda0cr08m85hc8jlnfp3zer7xulejywt49kt2rr0vthywaa50xwsqd6328jjvyqyx6psdkxv5gyxmlx90f50cgc8yla8
scripts__unique_type_script_count,1.0,1.0,0.6931471805599453,ckb1qzda0cr08m85hc8jlnfp3zer7xulejywt49kt2rr0vthywaa50xwsqd6328jjvyqyx6psdkxv5gyxmlx90f50cgc8yla8
capacity__capacity_repeat_ratio,0.0,-1.3489727248167438,0.0,ckb1qzda0cr08m85hc8jlnfp3zer7xulejywt49kt2rr0vthywaa50xwsqd682nhfyu5lfzt4gp9cmrqgsjpesm3pjqf252gf
capacity__target_consumed_capacity,0.0,-4.044635599832544,0.0,ckb1qzda0cr08m85hc8jlnfp3zer7xulejywt49kt2rr0vthywaa50xwsqd682nhfyu5lfzt4gp9cmrqgsjpesm3pjqf252gf
capacity__target_net_capacity_delta,859749133285.0,0.5766449696573424,27.47990647815825,ckb1qzda0cr08m85hc8jlnfp3zer7xulejywt49kt2rr0vthywaa50xwsqd682nhfyu5lfzt4gp9cmrqgsjpesm3pjqf252gf
lineage__continuation_count,0.0,0.0,0.0,ckb1qzda0cr08m85hc8jlnfp3zer7xulejywt49kt2rr0vthywaa50xwsqd682nhfyu5lfzt4gp9cmrqgsjpesm3pjqf252gf
lineage__lineage_depth,1.0,-1.0,0.6931471805599453,ckb1qzda0cr08m85hc8jlnfp3zer7xulejywt49kt2rr0vthywaa50xwsqd682nhfyu5lfzt4gp9cmrqgsjpesm3pjqf252gf
lineage__lineage_repetition,1.0,1.027789217390062,1.0,ckb1qzda0cr08m85hc8jlnfp3zer7xulejywt49kt2rr0vthywaa50xwsqd682nhfyu5lfzt4gp9cmrqgsjpesm3pjqf252gf
lineage__merge_count,10.0,0.8638405090822093,2.3978952727983707,ckb1qzda0cr08m85hc8jlnfp3zer7xulejywt49kt2rr0vthywaa50xwsqd682nhfyu5lfzt4gp9cmrqgsjpesm3pjqf252gf
scripts__type_family_count,0.0,-0.501218028601448,0.0,ckb1qzda0cr08m85hc8jlnfp3zer7xulejywt49kt2rr0vthywaa50xwsqd682nhfyu5lfzt4gp9cmrqgsjpesm3pjqf252gf
scripts__unique_lock_script_count,2.0,-0.5532947556651122,1.0986122886681098,ckb1qzda0cr08m85hc8jlnfp3zer7xulejywt49kt2rr0vthywaa50xwsqd682nhfyu5lfzt4gp9cmrqgsjpesm3pjqf252gf
scripts__unique_type_script_count,0.0,0.0,0.0,ckb1qzda0cr08m85hc8jlnfp3zer7xulejywt49kt2rr0vthywaa50xwsqd682nhfyu5lfzt4gp9cmrqgsjpesm3pjqf252gf
capacity__capacity_repeat_ratio,1.0,0.9020803841920981,1.0,ckb1qzda0cr08m85hc8jlnfp3zer7xulejywt49kt2rr0vthywaa50xwsqd6jpr7mncc8n3y4jv4z5k8fq7l77s42kq76f87n
capacity__target_consumed_capacity,31020000000000.0,0.43414279162912967,31.065653273676972,ckb1qzda0cr08m85hc8jlnfp3zer7xulejywt49kt2rr0vthywaa50xwsqd6jpr7mncc8n3y4jv4z5k8fq7l77s42kq76f87n
capacity__target_net_capacity_delta,0.0,0.0,0.0,ckb1qzda0cr08m85hc8jlnfp3zer7xulejywt49kt2rr0vthywaa50xwsqd6jpr7mncc8n3y4jv4z5k8fq7l77s42kq76f87n
lineage__continuation_count,0.0,0.0,0.0,ckb1qzda0cr08m85hc8jlnfp3zer7xulejywt49kt2rr0vthywaa50xwsqd6jpr7mncc8n3y4jv4z5k8fq7l77s42kq76f87n
lineage__lineage_depth,3.0,0.7095112913514542,1.3862943611198906,ckb1qzda0cr08m85hc8jlnfp3zer7xulejywt49kt2rr0vthywaa50xwsqd6jpr7mncc8n3y4jv4z5k8fq7l77s42kq76f87n
lineage__lineage_repetition,0.0,-1.128899193514562,0.0,ckb1qzda0cr08m85hc8jlnfp3zer7xulejywt49kt2rr0vthywaa50xwsqd6jpr7mncc8n3y4jv4z5k8fq7l77s42kq76f87n
lineage__merge_count,2.0,0.0,1.0986122886681098,ckb1qzda0cr08m85hc8jlnfp3zer7xulejywt49kt2rr0vthywaa50xwsqd6jpr7mncc8n3y4jv4z5k8fq7l77s42kq76f87n
scripts__type_family_count,0.0,-0.501218028601448,0.0,ckb1qzda0cr08m85hc8jlnfp3zer7xulejywt49kt2rr0vthywaa50xwsqd6jpr7mncc8n3y4jv4z5k8fq7l77s42kq76f87n
scripts__unique_lock_script_count,4.0,-0.14553555730732698,1.6094379124341003,ckb1qzda0cr08m85hc8jlnfp3zer7xulejywt49kt2rr0vthywaa50xwsqd6jpr7mncc8n3y4jv4z5k8fq7l77s42kq76f87n
scripts__unique_type_script_count,0.0,0.0,0.0,ckb1qzda0cr08m85hc8jlnfp3zer7xulejywt49kt2rr0vthywaa50xwsqd6jpr7mncc8n3y4jv4z5k8fq7l77s42kq76f87n
capacity__capacity_repeat_ratio,0.3333333333333333,-0.5986216884804633,0.3333333333333333,ckb1qzda0cr08m85hc8jlnfp3zer7xulejywt49kt2rr0vthywaa50xwsqd6raz9mkh95xl7tg8ymg7klqz7ns0af5ctkwa53
capacity__target_consumed_capacity,19726654265893.0,0.3688819646686207,30.612991845602394,ckb1qzda0cr08m85hc8jlnfp3zer7xulejywt49kt2rr0vthywaa50xwsqd6raz9mkh95xl7tg8ymg7klqz7ns0af5ctkwa53
capacity__target_net_capacity_delta,-15306377592539.0,-0.6370666608613643,-30.359290693588626,ckb1qzda0cr08m85hc8jlnfp3zer7xulejywt49kt2rr0vthywaa50xwsqd6raz9mkh95xl7tg8ymg7klqz7ns0af5ctkwa53
lineage__continuation_count,0.0,0.0,0.0,ckb1qzda0cr08m85hc8jlnfp3zer7xulejywt49kt2rr0vthywaa50xwsqd6raz9mkh95xl7tg8ymg7klqz7ns0af5ctkwa53
lineage__lineage_depth,2.0,0.0,1.0986122886681098,ckb1qzda0cr08m85hc8jlnfp3zer7xulejywt49kt2rr0vthywaa50xwsqd6raz9mkh95xl7tg8ymg7klqz7ns0af5ctkwa53
lineage__lineage_repetition,1.0,1.027789217390062,1.0,ckb1qzda0cr08m85hc8jlnfp3zer7xulejywt49kt2rr0vthywaa50xwsqd6raz9mkh95xl7tg8ymg7klqz7ns0af5ctkwa53
lineage__merge_count,0.0,-0.7304227103091852,0.0,ckb1qzda0cr08m85hc8jlnfp3zer7xulejywt49kt2rr0vthywaa50xwsqd6raz9mkh95xl7tg8ymg7klqz7ns0af5ctkwa53
scripts__type_family_count,0.0,-0.501218028601448,0.0,ckb1qzda0cr08m85hc8jlnfp3zer7xulejywt49kt2rr0vthywaa50xwsqd6raz9mkh95xl7tg8ymg7klqz7ns0af5ctkwa53
scripts__unique_lock_script_count,42.0,1.572077636387118,3.7612001156935624,ckb1qzda0cr08m85hc8jlnfp3zer7xulejywt49kt2rr0vthywaa50xwsqd6raz9mkh95xl7tg8ymg7klqz7ns0af5ctkwa53
scripts__unique_type_script_count,0.0,0.0,0.0,ckb1qzda0cr08m85hc8jlnfp3zer7xulejywt49kt2rr0vthywaa50xwsqd6raz9mkh95xl7tg8ymg7klqz7ns0af5ctkwa53
capacity__capacity_repeat_ratio,1.0,0.9020803841920981,1.0,ckb1qzda0cr08m85hc8jlnfp3zer7xulejywt49kt2rr0vthywaa50xwsqd7qx7ag4lw5wlu0ewhgryjrug54tauj4glm5p09
capacity__target_consumed_capacity,19897969360.0,-0.6257720672612063,23.7138835213094,ckb1qzda0cr08m85hc8jlnfp3zer7xulejywt49kt2rr0vthywaa50xwsqd7qx7ag4lw5wlu0ewhgryjrug54tauj4glm5p09
capacity__target_net_capacity_delta,0.0,0.0,0.0,ckb1qzda0cr08m85hc8jlnfp3zer7xulejywt49kt2rr0vthywaa50xwsqd7qx7ag4lw5wlu0ewhgryjrug54tauj4glm5p09
lineage__continuation_count,0.0,0.0,0.0,ckb1qzda0cr08m85hc8jlnfp3zer7xulejywt49kt2rr0vthywaa50xwsqd7qx7ag4lw5wlu0ewhgryjrug54tauj4glm5p09
lineage__lineage_depth,2.0,0.0,1.0986122886681098,ckb1qzda0cr08m85hc8jlnfp3zer7xulejywt49kt2rr0vthywaa50xwsqd7qx7ag4lw5wlu0ewhgryjrug54tauj4glm5p09
lineage__lineage_repetition,0.0,-1.128899193514562,0.0,ckb1qzda0cr08m85hc8jlnfp3zer7xulejywt49kt2rr0vthywaa50xwsqd7qx7ag4lw5wlu0ewhgryjrug54tauj4glm5p09
lineage__merge_count,2.0,0.0,1.0986122886681098,ckb1qzda0cr08m85hc8jlnfp3zer7xulejywt49kt2rr0vthywaa50xwsqd7qx7ag4lw5wlu0ewhgryjrug54tauj4glm5p09
scripts__type_family_count,1.0,1.9951397255009098,0.6931471805599453,ckb1qzda0cr08m85hc8jlnfp3zer7xulejywt49kt2rr0vthywaa50xwsqd7qx7ag4lw5wlu0ewhgryjrug54tauj4glm5p09
scripts__unique_lock_script_count,7.0,0.229638071755347,2.0794415416798357,ckb1qzda0cr08m85hc8jlnfp3zer7xulejywt49kt2rr0vthywaa50xwsqd7qx7ag4lw5wlu0ewhgryjrug54tauj4glm5p09
scripts__unique_type_script_count,1.0,1.0,0.6931471805599453,ckb1qzda0cr08m85hc8jlnfp3zer7xulejywt49kt2rr0vthywaa50xwsqd7qx7ag4lw5wlu0ewhgryjrug54tauj4glm5p09
capacity__capacity_repeat_ratio,1.0,0.9020803841920981,1.0,ckb1qzda0cr08m85hc8jlnfp3zer7xulejywt49kt2rr0vthywaa50xwsqd7xem3waujkrfq9vrj7vc5tesg793drag9966ur
capacity__target_consumed_capacity,15958640760200.0,0.33832191106775594,30.401021538922492,ckb1qzda0cr08m85hc8jlnfp3zer7xulejywt49kt2rr0vthywaa50xwsqd7xem3waujkrfq9vrj7vc5tesg793drag9966ur
capacity__target_net_capacity_delta,0.0,0.0,0.0,ckb1qzda0cr08m85hc8jlnfp3zer7xulejywt49kt2rr0vthywaa50xwsqd7xem3waujkrfq9vrj7vc5tesg793drag9966ur
lineage__continuation_count,0.0,0.0,0.0,ckb1qzda0cr08m85hc8jlnfp3zer7xulejywt49kt2rr0vthywaa50xwsqd7xem3waujkrfq9vrj7vc5tesg793drag9966ur
lineage__lineage_depth,2.0,0.0,1.0986122886681098,ckb1qzda0cr08m85hc8jlnfp3zer7xulejywt49kt2rr0vthywaa50xwsqd7xem3waujkrfq9vrj7vc5tesg793drag9966ur
lineage__lineage_repetition,0.0,-1.128899193514562,0.0,ckb1qzda0cr08m85hc8jlnfp3zer7xulejywt49kt2rr0vthywaa50xwsqd7xem3waujkrfq9vrj7vc5tesg793drag9966ur
lineage__merge_count,0.0,-0.7304227103091852,0.0,ckb1qzda0cr08m85hc8jlnfp3zer7xulejywt49kt2rr0vthywaa50xwsqd7xem3waujkrfq9vrj7vc5tesg793drag9966ur
scripts__type_family_count,0.0,-0.501218028601448,0.0,ckb1qzda0cr08m85hc8jlnfp3zer7xulejywt49kt2rr0vthywaa50xwsqd7xem3waujkrfq9vrj7vc5tesg793drag9966ur
scripts__unique_lock_script_count,3.0,-0.3236566839097652,1.3862943611198906,ckb1qzda0cr08m85hc8jlnfp3zer7xulejywt49kt2rr0vthywaa50xwsqd7xem3waujkrfq9vrj7vc5tesg793drag9966ur
scripts__unique_type_script_count,0.0,0.0,0.0,ckb1qzda0cr08m85hc8jlnfp3zer7xulejywt49kt2rr0vthywaa50xwsqd7xem3waujkrfq9vrj7vc5tesg793drag9966ur
capacity__capacity_repeat_ratio,1.0,0.9020803841920981,1.0,ckb1qzda0cr08m85hc8jlnfp3zer7xulejywt49kt2rr0vthywaa50xwsqd8a7fpzf530ks6kmw3yfvn72p5v4ayy6gq05avs
capacity__target_consumed_capacity,20032498614302.0,0.37110006395807876,30.62837700142619,ckb1qzda0cr08m85hc8jlnfp3zer7xulejywt49kt2rr0vthywaa50xwsqd8a7fpzf530ks6kmw3yfvn72p5v4ayy6gq05avs
capacity__target_net_capacity_delta,-10016249307151.0,-0.6281680654721042,-29.935229820866294,ckb1qzda0cr08m85hc8jlnfp3zer7xulejywt49kt2rr0vthywaa50xwsqd8a7fpzf530ks6kmw3yfvn72p5v4ayy6gq05avs
lineage__continuation_count,1.0,1.0,0.6931471805599453,ckb1qzda0cr08m85hc8jlnfp3zer7xulejywt49kt2rr0vthywaa50xwsqd8a7fpzf530ks6kmw3yfvn72p5v4ayy6gq05avs
lineage__lineage_depth,2.0,0.0,1.0986122886681098,ckb1qzda0cr08m85hc8jlnfp3zer7xulejywt49kt2rr0vthywaa50xwsqd8a7fpzf530ks6kmw3yfvn72p5v4ayy6gq05avs
lineage__lineage_repetition,0.0,-1.128899193514562,0.0,ckb1qzda0cr08m85hc8jlnfp3zer7xulejywt49kt2rr0vthywaa50xwsqd8a7fpzf530ks6kmw3yfvn72p5v4ayy6gq05avs
lineage__merge_count,1.0,-0.26957728969081496,0.6931471805599453,ckb1qzda0cr08m85hc8jlnfp3zer7xulejywt49kt2rr0vthywaa50xwsqd8a7fpzf530ks6kmw3yfvn72p5v4ayy6gq05avs
scripts__type_family_count,1.0,1.9951397255009098,0.6931471805599453,ckb1qzda0cr08m85hc8jlnfp3zer7xulejywt49kt2rr0vthywaa50xwsqd8a7fpzf530ks6kmw3yfvn72p5v4ayy6gq05avs
scripts__unique_lock_script_count,4.0,-0.14553555730732698,1.6094379124341003,ckb1qzda0cr08m85hc8jlnfp3zer7xulejywt49kt2rr0vthywaa50xwsqd8a7fpzf530ks6kmw3yfvn72p5v4ayy6gq05avs
scripts__unique_type_script_count,1.0,1.0,0.6931471805599453,ckb1qzda0cr08m85hc8jlnfp3zer7xulejywt49kt2rr0vthywaa50xwsqd8a7fpzf530ks6kmw3yfvn72p5v4ayy6gq05avs
capacity__capacity_repeat_ratio,1.0,0.9020803841920981,1.0,ckb1qzda0cr08m85hc8jlnfp3zer7xulejywt49kt2rr0vthywaa50xwsqd8at4zhq3lrngyw88mqued7njjluzc9dcx3mfwa
capacity__target_consumed_capacity,6199998538.0,-0.7938858013535462,22.547814893352268,ckb1qzda0cr08m85hc8jlnfp3zer7xulejywt49kt2rr0vthywaa50xwsqd8at4zhq3lrngyw88mqued7njjluzc9dcx3mfwa
capacity__target_net_capacity_delta,0.0,0.0,0.0,ckb1qzda0cr08m85hc8jlnfp3zer7xulejywt49kt2rr0vthywaa50xwsqd8at4zhq3lrngyw88mqued7njjluzc9dcx3mfwa
lineage__continuation_count,0.0,0.0,0.0,ckb1qzda0cr08m85hc8jlnfp3zer7xulejywt49kt2rr0vthywaa50xwsqd8at4zhq3lrngyw88mqued7njjluzc9dcx3mfwa
lineage__lineage_depth,2.0,0.0,1.0986122886681098,ckb1qzda0cr08m85hc8jlnfp3zer7xulejywt49kt2rr0vthywaa50xwsqd8at4zhq3lrngyw88mqued7njjluzc9dcx3mfwa
lineage__lineage_repetition,1.0,1.027789217390062,1.0,ckb1qzda0cr08m85hc8jlnfp3zer7xulejywt49kt2rr0vthywaa50xwsqd8at4zhq3lrngyw88mqued7njjluzc9dcx3mfwa
lineage__merge_count,2.0,0.0,1.0986122886681098,ckb1qzda0cr08m85hc8jlnfp3zer7xulejywt49kt2rr0vthywaa50xwsqd8at4zhq3lrngyw88mqued7njjluzc9dcx3mfwa
scripts__type_family_count,1.0,1.9951397255009098,0.6931471805599453,ckb1qzda0cr08m85hc8jlnfp3zer7xulejywt49kt2rr0vthywaa50xwsqd8at4zhq3lrngyw88mqued7njjluzc9dcx3mfwa
scripts__unique_lock_script_count,5.0,0.0,1.791759469228055,ckb1qzda0cr08m85hc8jlnfp3zer7xulejywt49kt2rr0vthywaa50xwsqd8at4zhq3lrngyw88mqued7njjluzc9dcx3mfwa
scripts__unique_type_script_count,1.0,1.0,0.6931471805599453,ckb1qzda0cr08m85hc8jlnfp3zer7xulejywt49kt2rr0vthywaa50xwsqd8at4zhq3lrngyw88mqued7njjluzc9dcx3mfwa
capacity__capacity_repeat_ratio,0.7368421052631579,0.3096979870845081,0.7368421052631579,ckb1qzda0cr08m85hc8jlnfp3zer7xulejywt49kt2rr0vthywaa50xwsqd9ec9tr57qedasftglxrgq9yl657ym3yqddeg6p
capacity__target_consumed_capacity,2773324115785245.0,1.0819293187561898,35.55882303743504,ckb1qzda0cr08m85hc8jlnfp3zer7xulejywt49kt2rr0vthywaa50xwsqd9ec9tr57qedasftglxrgq9yl657ym3yqddeg6p
capacity__target_net_capacity_delta,79234261638136.0,0.6715676739460797,32.00342991764719,ckb1qzda0cr08m85hc8jlnfp3zer7xulejywt49kt2rr0vthywaa50xwsqd9ec9tr57qedasftglxrgq9yl657ym3yqddeg6p
lineage__continuation_count,14.0,3.9068905956085187,2.70805020110221,ckb1qzda0cr08m85hc8jlnfp3zer7xulejywt49kt2rr0vthywaa50xwsqd9ec9tr57qedasftglxrgq9yl657ym3yqddeg6p
lineage__lineage_depth,5.0,1.709511291351454,1.791759469228055,ckb1qzda0cr08m85hc8jlnfp3zer7xulejywt49kt2rr0vthywaa50xwsqd9ec9tr57qedasftglxrgq9yl657ym3yqddeg6p
lineage__lineage_repetition,0.9787234042553191,0.9819022299240062,0.9787234042553191,ckb1qzda0cr08m85hc8jlnfp3zer7xulejywt49kt2rr0vthywaa50xwsqd9ec9tr57qedasftglxrgq9yl657ym3yqddeg6p
lineage__merge_count,5.0,0.4608454206183701,1.791759469228055,ckb1qzda0cr08m85hc8jlnfp3zer7xulejywt49kt2rr0vthywaa50xwsqd9ec9tr57qedasftglxrgq9yl657ym3yqddeg6p
scripts__type_family_count,0.0,-0.501218028601448,0.0,ckb1qzda0cr08m85hc8jlnfp3zer7xulejywt49kt2rr0vthywaa50xwsqd9ec9tr57qedasftglxrgq9yl657ym3yqddeg6p
scripts__unique_lock_script_count,41.0,1.5532947556651124,3.7376696182833684,ckb1qzda0cr08m85hc8jlnfp3zer7xulejywt49kt2rr0vthywaa50xwsqd9ec9tr57qedasftglxrgq9yl657ym3yqddeg6p
scripts__unique_type_script_count,0.0,0.0,0.0,ckb1qzda0cr08m85hc8jlnfp3zer7xulejywt49kt2rr0vthywaa50xwsqd9ec9tr57qedasftglxrgq9yl657ym3yqddeg6p
capacity__capacity_repeat_ratio,0.6666666666666666,0.1517293478558174,0.6666666666666666,ckb1qzda0cr08m85hc8jlnfp3zer7xulejywt49kt2rr0vthywaa50xwsqda5zj9fpg255n7vz04eqkzlles8z72susenvew6
capacity__target_consumed_capacity,354054683958.0,-0.21072661447050925,26.592717212610687,ckb1qzda0cr08m85hc8jlnfp3zer7xulejywt49kt2rr0vthywaa50xwsqda5zj9fpg255n7vz04eqkzlles8z72susenvew6
capacity__target_net_capacity_delta,-261054697203.0,-0.5516336289866459,-26.28799579014425,ckb1qzda0cr08m85hc8jlnfp3zer7xulejywt49kt2rr0vthywaa50xwsqda5zj9fpg255n7vz04eqkzlles8z72susenvew6
lineage__continuation_count,15.0,4.0,2.772588722239781,ckb1qzda0cr08m85hc8jlnfp3zer7xulejywt49kt2rr0vthywaa50xwsqda5zj9fpg255n7vz04eqkzlles8z72susenvew6
lineage__lineage_depth,15.0,4.128533874054363,2.772588722239781,ckb1qzda0cr08m85hc8jlnfp3zer7xulejywt49kt2rr0vthywaa50xwsqda5zj9fpg255n7vz04eqkzlles8z72susenvew6
lineage__lineage_repetition,1.0,1.027789217390062,1.0,ckb1qzda0cr08m85hc8jlnfp3zer7xulejywt49kt2rr0vthywaa50xwsqda5zj9fpg255n7vz04eqkzlles8z72susenvew6
lineage__merge_count,30.0,1.552695972177032,3.4339872044851463,ckb1qzda0cr08m85hc8jlnfp3zer7xulejywt49kt2rr0vthywaa50xwsqda5zj9fpg255n7vz04eqkzlles8z72susenvew6
scripts__type_family_count,0.0,-0.501218028601448,0.0,ckb1qzda0cr08m85hc8jlnfp3zer7xulejywt49kt2rr0vthywaa50xwsqda5zj9fpg255n7vz04eqkzlles8z72susenvew6
scripts__unique_lock_script_count,21.0,1.03713393259921,3.091042453358316,ckb1qzda0cr08m85hc8jlnfp3zer7xulejywt49kt2rr0vthywaa50xwsqda5zj9fpg255n7vz04eqkzlles8z72susenvew6
scripts__unique_type_script_count,0.0,0.0,0.0,ckb1qzda0cr08m85hc8jlnfp3zer7xulejywt49kt2rr0vthywaa50xwsqda5zj9fpg255n7vz04eqkzlles8z72susenvew6
capacity__capacity_repeat_ratio,1.0,0.9020803841920981,1.0,ckb1qzda0cr08m85hc8jlnfp3zer7xulejywt49kt2rr0vthywaa50xwsqdak37z6wn6w6aea983ruzrfl8yweej95cfkzyn9
capacity__target_consumed_capacity,7.3413688035e+16,1.5542439825893628,38.83488679863536,ckb1qzda0cr08m85hc8jlnfp3zer7xulejywt49kt2rr0vthywaa50xwsqdak37z6wn6w6aea983ruzrfl8yweej95cfkzyn9
capacity__target_net_capacity_delta,0.0,0.0,0.0,ckb1qzda0cr08m85hc8jlnfp3zer7xulejywt49kt2rr0vthywaa50xwsqdak37z6wn6w6aea983ruzrfl8yweej95cfkzyn9
lineage__continuation_count,0.0,0.0,0.0,ckb1qzda0cr08m85hc8jlnfp3zer7xulejywt49kt2rr0vthywaa50xwsqdak37z6wn6w6aea983ruzrfl8yweej95cfkzyn9
lineage__lineage_depth,2.0,0.0,1.0986122886681098,ckb1qzda0cr08m85hc8jlnfp3zer7xulejywt49kt2rr0vthywaa50xwsqdak37z6wn6w6aea983ruzrfl8yweej95cfkzyn9
lineage__lineage_repetition,0.9565217391304348,0.9340201560463829,0.9565217391304348,ckb1qzda0cr08m85hc8jlnfp3zer7xulejywt49kt2rr0vthywaa50xwsqdak37z6wn6w6aea983ruzrfl8yweej95cfkzyn9
lineage__merge_count,48.0,1.8570906094521917,3.8918202981106265,ckb1qzda0cr08m85hc8jlnfp3zer7xulejywt49kt2rr0vthywaa50xwsqdak37z6wn6w6aea983ruzrfl8yweej95cfkzyn9
scripts__type_family_count,0.0,-0.501218028601448,0.0,ckb1qzda0cr08m85hc8jlnfp3zer7xulejywt49kt2rr0vthywaa50xwsqdak37z6wn6w6aea983ruzrfl8yweej95cfkzyn9
scripts__unique_lock_script_count,11.0,0.5532947556651123,2.4849066497880004,ckb1qzda0cr08m85hc8jlnfp3zer7xulejywt49kt2rr0vthywaa50xwsqdak37z6wn6w6aea983ruzrfl8yweej95cfkzyn9
scripts__unique_type_script_count,0.0,0.0,0.0,ckb1qzda0cr08m85hc8jlnfp3zer7xulejywt49kt2rr0vthywaa50xwsqdak37z6wn6w6aea983ruzrfl8yweej95cfkzyn9
capacity__capacity_repeat_ratio,0.0,-1.3489727248167438,0.0,ckb1qzda0cr08m85hc8jlnfp3zer7xulejywt49kt2rr0vthywaa50xwsqdc75deduvc55qd7z48nrd6xy06td2r0wgqqs0vf
capacity__target_consumed_capacity,0.0,-4.044635599832544,0.0,ckb1qzda0cr08m85hc8jlnfp3zer7xulejywt49kt2rr0vthywaa50xwsqdc75deduvc55qd7z48nrd6xy06td2r0wgqqs0vf
capacity__target_net_capacity_delta,3634404367979.0,0.606895008939071,28.92146635323438,ckb1qzda0cr08m85hc8jlnfp3zer7xulejywt49kt2rr0vthywaa50xwsqdc75deduvc55qd7z48nrd6xy06td2r0wgqqs0vf
lineage__continuation_count,0.0,0.0,0.0,ckb1qzda0cr08m85hc8jlnfp3zer7xulejywt49kt2rr0vthywaa50xwsqdc75deduvc55qd7z48nrd6xy06td2r0wgqqs0vf
lineage__lineage_depth,1.0,-1.0,0.6931471805599453,ckb1qzda0cr08m85hc8jlnfp3zer7xulejywt49kt2rr0vthywaa50xwsqdc75deduvc55qd7z48nrd6xy06td2r0wgqqs0vf
lineage__lineage_repetition,0.0,-1.128899193514562,0.0,ckb1qzda0cr08m85hc8jlnfp3zer7xulejywt49kt2rr0vthywaa50xwsqdc75deduvc55qd7z48nrd6xy06td2r0wgqqs0vf
lineage__merge_count,1.0,-0.26957728969081496,0.6931471805599453,ckb1qzda0cr08m85hc8jlnfp3zer7xulejywt49kt2rr0vthywaa50xwsqdc75deduvc55qd7z48nrd6xy06td2r0wgqqs0vf
scripts__type_family_count,0.0,-0.501218028601448,0.0,ckb1qzda0cr08m85hc8jlnfp3zer7xulejywt49kt2rr0vthywaa50xwsqdc75deduvc55qd7z48nrd6xy06td2r0wgqqs0vf
scripts__unique_lock_script_count,2.0,-0.5532947556651122,1.0986122886681098,ckb1qzda0cr08m85hc8jlnfp3zer7xulejywt49kt2rr0vthywaa50xwsqdc75deduvc55qd7z48nrd6xy06td2r0wgqqs0vf
scripts__unique_type_script_count,0.0,0.0,0.0,ckb1qzda0cr08m85hc8jlnfp3zer7xulejywt49kt2rr0vthywaa50xwsqdc75deduvc55qd7z48nrd6xy06td2r0wgqqs0vf
capacity__capacity_repeat_ratio,0.0,-1.3489727248167438,0.0,ckb1qzda0cr08m85hc8jlnfp3zer7xulejywt49kt2rr0vthywaa50xwsqdcr3ezl9ktveg4fpuujzgrnel0nnjvjxc2gf480
capacity__target_consumed_capacity,21505544063581.0,0.38132972755777905,30.699331881243527,ckb1qzda0cr08m85hc8jlnfp3zer7xulejywt49kt2rr0vthywaa50xwsqdcr3ezl9ktveg4fpuujzgrnel0nnjvjxc2gf480
capacity__target_net_capacity_delta,-21505544063581.0,-0.6442021669626444,-30.699331881243527,ckb1qzda0cr08m85hc8jlnfp3zer7xulejywt49kt2rr0vthywaa50xwsqdcr3ezl9ktveg4fpuujzgrnel0nnjvjxc2gf480
lineage__continuation_count,0.0,0.0,0.0,ckb1qzda0cr08m85hc8jlnfp3zer7xulejywt49kt2rr0vthywaa50xwsqdcr3ezl9ktveg4fpuujzgrnel0nnjvjxc2gf480
lineage__lineage_depth,1.0,-1.0,0.6931471805599453,ckb1qzda0cr08m85hc8jlnfp3zer7xulejywt49kt2rr0vthywaa50xwsqdcr3ezl9ktveg4fpuujzgrnel0nnjvjxc2gf480
lineage__lineage_repetition,0.0,-1.128899193514562,0.0,ckb1qzda0cr08m85hc8jlnfp3zer7xulejywt49kt2rr0vthywaa50xwsqdcr3ezl9ktveg4fpuujzgrnel0nnjvjxc2gf480
lineage__merge_count,1.0,-0.26957728969081496,0.6931471805599453,ckb1qzda0cr08m85hc8jlnfp3zer7xulejywt49kt2rr0vthywaa50xwsqdcr3ezl9ktveg4fpuujzgrnel0nnjvjxc2gf480
scripts__type_family_count,1.0,1.9951397255009098,0.6931471805599453,ckb1qzda0cr08m85hc8jlnfp3zer7xulejywt49kt2rr0vthywaa50xwsqdcr3ezl9ktveg4fpuujzgrnel0nnjvjxc2gf480
scripts__unique_lock_script_count,4.0,-0.14553555730732698,1.6094379124341003,ckb1qzda0cr08m85hc8jlnfp3zer7xulejywt49kt2rr0vthywaa50xwsqdcr3ezl9ktveg4fpuujzgrnel0nnjvjxc2gf480
scripts__unique_type_script_count,1.0,1.0,0.6931471805599453,ckb1qzda0cr08m85hc8jlnfp3zer7xulejywt49kt2rr0vthywaa50xwsqdcr3ezl9ktveg4fpuujzgrnel0nnjvjxc2gf480
capacity__capacity_repeat_ratio,1.0,0.9020803841920981,1.0,ckb1qzda0cr08m85hc8jlnfp3zer7xulejywt49kt2rr0vthywaa50xwsqddm8ppq3gz8gz0d9ap6z8nc3r662npn2cuxk9f0
capacity__target_consumed_capacity,4977893975897.0,0.17036317709905988,29.23602802111318,ckb1qzda0cr08m85hc8jlnfp3zer7xulejywt49kt2rr0vthywaa50xwsqddm8ppq3gz8gz0d9ap6z8nc3r662npn2cuxk9f0
capacity__target_net_capacity_delta,0.0,0.0,0.0,ckb1qzda0cr08m85hc8jlnfp3zer7xulejywt49kt2rr0vthywaa50xwsqddm8ppq3gz8gz0d9ap6z8nc3r662npn2cuxk9f0
lineage__continuation_count,0.0,0.0,0.0,ckb1qzda0cr08m85hc8jlnfp3zer7xulejywt49kt2rr0vthywaa50xwsqddm8ppq3gz8gz0d9ap6z8nc3r662npn2cuxk9f0
lineage__lineage_depth,2.0,0.0,1.0986122886681098,ckb1qzda0cr08m85hc8jlnfp3zer7xulejywt49kt2rr0vthywaa50xwsqddm8ppq3gz8gz0d9ap6z8nc3r662npn2cuxk9f0
lineage__lineage_repetition,0.7916666666666666,0.5784791317849319,0.7916666666666666,ckb1qzda0cr08m85hc8jlnfp3zer7xulejywt49kt2rr0vthywaa50xwsqddm8ppq3gz8gz0d9ap6z8nc3r662npn2cuxk9f0
lineage__merge_count,13.0,1.0241793701898734,2.6390573296152584,ckb1qzda0cr08m85hc8jlnfp3zer7xulejywt49kt2rr0vthywaa50xwsqddm8ppq3gz8gz0d9ap6z8nc3r662npn2cuxk9f0
scripts__type_family_count,0.0,-0.501218028601448,0.0,ckb1qzda0cr08m85hc8jlnfp3zer7xulejywt49kt2rr0vthywaa50xwsqddm8ppq3gz8gz0d9ap6z8nc3r662npn2cuxk9f0
scripts__unique_lock_script_count,18.0,0.9201098203938868,2.9444389791664403,ckb1qzda0cr08m85hc8jlnfp3zer7xulejywt49kt2rr0vthywaa50xwsqddm8ppq3gz8gz0d9ap6z8nc3r662npn2cuxk9f0
scripts__unique_type_script_count,0.0,0.0,0.0,ckb1qzda0cr08m85hc8jlnfp3zer7xulejywt49kt2rr0vthywaa50xwsqddm8ppq3gz8gz0d9ap6z8nc3r662npn2cuxk9f0
capacity__capacity_repeat_ratio,1.0,0.9020803841920981,1.0,ckb1qzda0cr08m85hc8jlnfp3zer7xulejywt49kt2rr0vthywaa50xwsqddtncxgn0wga0mctct2p6k2ueqd36ju3qqqmeqa
capacity__target_consumed_capacity,0.0,-4.044635599832544,0.0,ckb1qzda0cr08m85hc8jlnfp3zer7xulejywt49kt2rr0vthywaa50xwsqddtncxgn0wga0mctct2p6k2ueqd36ju3qqqmeqa
capacity__target_net_capacity_delta,300000000000.0,0.5545515405553328,26.427048311605944,ckb1qzda0cr08m85hc8jlnfp3zer7xulejywt49kt2rr0vthywaa50xwsqddtncxgn0wga0mctct2p6k2ueqd36ju3qqqmeqa
lineage__continuation_count,0.0,0.0,0.0,ckb1qzda0cr08m85hc8jlnfp3zer7xulejywt49kt2rr0vthywaa50xwsqddtncxgn0wga0mctct2p6k2ueqd36ju3qqqmeqa
lineage__lineage_depth,1.0,-1.0,0.6931471805599453,ckb1qzda0cr08m85hc8jlnfp3zer7xulejywt49kt2rr0vthywaa50xwsqddtncxgn0wga0mctct2p6k2ueqd36ju3qqqmeqa
lineage__lineage_repetition,1.0,1.027789217390062,1.0,ckb1qzda0cr08m85hc8jlnfp3zer7xulejywt49kt2rr0vthywaa50xwsqddtncxgn0wga0mctct2p6k2ueqd36ju3qqqmeqa
lineage__merge_count,3.0,0.1912681309275552,1.3862943611198906,ckb1qzda0cr08m85hc8jlnfp3zer7xulejywt49kt2rr0vthywaa50xwsqddtncxgn0wga0mctct2p6k2ueqd36ju3qqqmeqa
scripts__type_family_count,0.0,-0.501218028601448,0.0,ckb1qzda0cr08m85hc8jlnfp3zer7xulejywt49kt2rr0vthywaa50xwsqddtncxgn0wga0mctct2p6k2ueqd36ju3qqqmeqa
scripts__unique_lock_script_count,21.0,1.03713393259921,3.091042453358316,ckb1qzda0cr08m85hc8jlnfp3zer7xulejywt49kt2rr0vthywaa50xwsqddtncxgn0wga0mctct2p6k2ueqd36ju3qqqmeqa
scripts__unique_type_script_count,0.0,0.0,0.0,ckb1qzda0cr08m85hc8jlnfp3zer7xulejywt49kt2rr0vthywaa50xwsqddtncxgn0wga0mctct2p6k2ueqd36ju3qqqmeqa
capacity__capacity_repeat_ratio,0.0,-1.3489727248167438,0.0,ckb1qzda0cr08m85hc8jlnfp3zer7xulejywt49kt2rr0vthywaa50xwsqddw45fnzxhfmsxwuf7m82k5vyynsfvkxqu8209y
capacity__target_consumed_capacity,0.0,-4.044635599832544,0.0,ckb1qzda0cr08m85hc8jlnfp3zer7xulejywt49kt2rr0vthywaa50xwsqddw45fnzxhfmsxwuf7m82k5vyynsfvkxqu8209y
capacity__target_net_capacity_delta,251032093711.0,0.550812113617498,26.24884663129879,ckb1qzda0cr08m85hc8jlnfp3zer7xulejywt49kt2rr0vthywaa50xwsqddw45fnzxhfmsxwuf7m82k5vyynsfvkxqu8209y
lineage__continuation_count,0.0,0.0,0.0,ckb1qzda0cr08m85hc8jlnfp3zer7xulejywt49kt2rr0vthywaa50xwsqddw45fnzxhfmsxwuf7m82k5vyynsfvkxqu8209y
lineage__lineage_depth,1.0,-1.0,0.6931471805599453,ckb1qzda0cr08m85hc8jlnfp3zer7xulejywt49kt2rr0vthywaa50xwsqddw45fnzxhfmsxwuf7m82k5vyynsfvkxqu8209y
lineage__lineage_repetition,0.6,0.16511385302821235,0.6,ckb1qzda0cr08m85hc8jlnfp3zer7xulejywt49kt2rr0vthywaa50xwsqddw45fnzxhfmsxwuf7m82k5vyynsfvkxqu8209y
lineage__merge_count,4.0,0.3396272192247922,1.6094379124341003,ckb1qzda0cr08m85hc8jlnfp3zer7xulejywt49kt2rr0vthywaa50xwsqddw45fnzxhfmsxwuf7m82k5vyynsfvkxqu8209y
scripts__type_family_count,0.0,-0.501218028601448,0.0,ckb1qzda0cr08m85hc8jlnfp3zer7xulejywt49kt2rr0vthywaa50xwsqddw45fnzxhfmsxwuf7m82k5vyynsfvkxqu8209y
scripts__unique_lock_script_count,2.0,-0.5532947556651122,1.0986122886681098,ckb1qzda0cr08m85hc8jlnfp3zer7xulejywt49kt2rr0vthywaa50xwsqddw45fnzxhfmsxwuf7m82k5vyynsfvkxqu8209y
scripts__unique_type_script_count,0.0,0.0,0.0,ckb1qzda0cr08m85hc8jlnfp3zer7xulejywt49kt2rr0vthywaa50xwsqddw45fnzxhfmsxwuf7m82k5vyynsfvkxqu8209y
capacity__capacity_repeat_ratio,0.0,-1.3489727248167438,0.0,ckb1qzda0cr08m85hc8jlnfp3zer7xulejywt49kt2rr0vthywaa50xwsqddyz6vl88hqfhcrfv55xpqzan04myfn7qweufsa
capacity__target_consumed_capacity,18620608740000.0,0.36056302096433257,30.55529008004656,ckb1qzda0cr08m85hc8jlnfp3zer7xulejywt49kt2rr0vthywaa50xwsqddyz6vl88hqfhcrfv55xpqzan04myfn7qweufsa
capacity__target_net_capacity_delta,-18620608740000.0,-0.6411795591474893,-30.55529008004656,ckb1qzda0cr08m85hc8jlnfp3zer7xulejywt49kt2rr0vthywaa50xwsqddyz6vl88hqfhcrfv55xpqzan04myfn7qweufsa
lineage__continuation_count,0.0,0.0,0.0,ckb1qzda0cr08m85hc8jlnfp3zer7xulejywt49kt2rr0vthywaa50xwsqddyz6vl88hqfhcrfv55xpqzan04myfn7qweufsa
lineage__lineage_depth,1.0,-1.0,0.6931471805599453,ckb1qzda0cr08m85hc8jlnfp3zer7xulejywt49kt2rr0vthywaa50xwsqddyz6vl88hqfhcrfv55xpqzan04myfn7qweufsa
lineage__lineage_repetition,0.0,-1.128899193514562,0.0,ckb1qzda0cr08m85hc8jlnfp3zer7xulejywt49kt2rr0vthywaa50xwsqddyz6vl88hqfhcrfv55xpqzan04myfn7qweufsa
lineage__merge_count,0.0,-0.7304227103091852,0.0,ckb1qzda0cr08m85hc8jlnfp3zer7xulejywt49kt2rr0vthywaa50xwsqddyz6vl88hqfhcrfv55xpqzan04myfn7qweufsa
scripts__type_family_count,0.0,-0.501218028601448,0.0,ckb1qzda0cr08m85hc8jlnfp3zer7xulejywt49kt2rr0vthywaa50xwsqddyz6vl88hqfhcrfv55xpqzan04myfn7qweufsa
scripts__unique_lock_script_count,3.0,-0.3236566839097652,1.3862943611198906,ckb1qzda0cr08m85hc8jlnfp3zer7xulejywt49kt2rr0vthywaa50xwsqddyz6vl88hqfhcrfv55xpqzan04myfn7qweufsa
scripts__unique_type_script_count,0.0,0.0,0.0,ckb1qzda0cr08m85hc8jlnfp3zer7xulejywt49kt2rr0vthywaa50xwsqddyz6vl88hqfhcrfv55xpqzan04myfn7qweufsa
capacity__capacity_repeat_ratio,1.0,0.9020803841920981,1.0,ckb1qzda0cr08m85hc8jlnfp3zer7xulejywt49kt2rr0vthywaa50xwsqdenac4ykevnaxl2ltarf6y37hps3nxxjc4ckfhj
capacity__target_consumed_capacity,10781024395842.0,0.28177604181097776,30.00880870433827,ckb1qzda0cr08m85hc8jlnfp3zer7xulejywt49kt2rr0vthywaa50xwsqdenac4ykevnaxl2ltarf6y37hps3nxxjc4ckfhj
capacity__target_net_capacity_delta,0.0,0.0,0.0,ckb1qzda0cr08m85hc8jlnfp3zer7xulejywt49kt2rr0vthywaa50xwsqdenac4ykevnaxl2ltarf6y37hps3nxxjc4ckfhj
lineage__continuation_count,0.0,0.0,0.0,ckb1qzda0cr08m85hc8jlnfp3zer7xulejywt49kt2rr0vthywaa50xwsqdenac4ykevnaxl2ltarf6y37hps3nxxjc4ckfhj
lineage__lineage_depth,2.0,0.0,1.0986122886681098,ckb1qzda0cr08m85hc8jlnfp3zer7xulejywt49kt2rr0vthywaa50xwsqdenac4ykevnaxl2ltarf6y37hps3nxxjc4ckfhj
lineage__lineage_repetition,1.0,1.027789217390062,1.0,ckb1qzda0cr08m85hc8jlnfp3zer7xulejywt49kt2rr0vthywaa50xwsqdenac4ykevnaxl2ltarf6y37hps3nxxjc4ckfhj
lineage__merge_count,2.0,0.0,1.0986122886681098,ckb1qzda0cr08m85hc8jlnfp3zer7xulejywt49kt2rr0vthywaa50xwsqdenac4ykevnaxl2ltarf6y37hps3nxxjc4ckfhj
scripts__type_family_count,0.0,-0.501218028601448,0.0,ckb1qzda0cr08m85hc8jlnfp3zer7xulejywt49kt2rr0vthywaa50xwsqdenac4ykevnaxl2ltarf6y37hps3nxxjc4ckfhj
scripts__unique_lock_script_count,4.0,-0.14553555730732698,1.6094379124341003,ckb1qzda0cr08m85hc8jlnfp3zer7xulejywt49kt2rr0vthywaa50xwsqdenac4ykevnaxl2ltarf6y37hps3nxxjc4ckfhj
scripts__unique_type_script_count,0.0,0.0,0.0,ckb1qzda0cr08m85hc8jlnfp3zer7xulejywt49kt2rr0vthywaa50xwsqdenac4ykevnaxl2ltarf6y37hps3nxxjc4ckfhj
capacity__capacity_repeat_ratio,0.5,-0.22344617031232286,0.5,ckb1qzda0cr08m85hc8jlnfp3zer7xulejywt49kt2rr0vthywaa50xwsqdev2qemedc4lercjj2ys3acwf4d6nj7jcprg6sq
capacity__target_consumed_capacity,199819367244.0,-0.2931980672440502,26.020679631621306,ckb1qzda0cr08m85hc8jlnfp3zer7xulejywt49kt2rr0vthywaa50xwsqdev2qemedc4lercjj2ys3acwf4d6nj7jcprg6sq
capacity__target_net_capacity_delta,-13817.0,-0.20005802908449133,-9.53372736904874,ckb1qzda0cr08m85hc8jlnfp3zer7xulejywt49kt2rr0vthywaa50xwsqdev2qemedc4lercjj2ys3acwf4d6nj7jcprg6sq
lineage__continuation_count,2.0,1.5849625007211563,1.0986122886681098,ckb1qzda0cr08m85hc8jlnfp3zer7xulejywt49kt2rr0vthywaa50xwsqdev2qemedc4lercjj2ys3acwf4d6nj7jcprg6sq
lineage__lineage_depth,2.0,0.0,1.0986122886681098,ckb1qzda0cr08m85hc8jlnfp3zer7xulejywt49kt2rr0vthywaa50xwsqdev2qemedc4lercjj2ys3acwf4d6nj7jcprg6sq
lineage__lineage_repetition,1.0,1.027789217390062,1.0,ckb1qzda0cr08m85hc8jlnfp3zer7xulejywt49kt2rr0vthywaa50xwsqdev2qemedc4lercjj2ys3acwf4d6nj7jcprg6sq
lineage__merge_count,2.0,0.0,1.0986122886681098,ckb1qzda0cr08m85hc8jlnfp3zer7xulejywt49kt2rr0vthywaa50xwsqdev2qemedc4lercjj2ys3acwf4d6nj7jcprg6sq
scripts__type_family_count,0.0,-0.501218028601448,0.0,ckb1qzda0cr08m85hc8jlnfp3zer7xulejywt49kt2rr0vthywaa50xwsqdev2qemedc4lercjj2ys3acwf4d6nj7jcprg6sq
scripts__unique_lock_script_count,2.0,-0.5532947556651122,1.0986122886681098,ckb1qzda0cr08m85hc8jlnfp3zer7xulejywt49kt2rr0vthywaa50xwsqdev2qemedc4lercjj2ys3acwf4d6nj7jcprg6sq
scripts__unique_type_script_count,1.0,1.0,0.6931471805599453,ckb1qzda0cr08m85hc8jlnfp3zer7xulejywt49kt2rr0vthywaa50xwsqdev2qemedc4lercjj2ys3acwf4d6nj7jcprg6sq
capacity__capacity_repeat_ratio,1.0,0.9020803841920981,1.0,ckb1qzda0cr08m85hc8jlnfp3zer7xulejywt49kt2rr0vthywaa50xwsqdfpcl42753m0xgau9yefhgfxukx83dwysy7tdl3
capacity__target_consumed_capacity,4081131995160000.0,1.1376267282309867,35.9451507946388,ckb1qzda0cr08m85hc8jlnfp3zer7xulejywt49kt2rr0vthywaa50xwsqdfpcl42753m0xgau9yefhgfxukx83dwysy7tdl3
capacity__target_net_capacity_delta,0.0,0.0,0.0,ckb1qzda0cr08m85hc8jlnfp3zer7xulejywt49kt2rr0vthywaa50xwsqdfpcl42753m0xgau9yefhgfxukx83dwysy7tdl3
lineage__continuation_count,0.0,0.0,0.0,ckb1qzda0cr08m85hc8jlnfp3zer7xulejywt49kt2rr0vthywaa50xwsqdfpcl42753m0xgau9yefhgfxukx83dwysy7tdl3
lineage__lineage_depth,3.0,0.7095112913514542,1.3862943611198906,ckb1qzda0cr08m85hc8jlnfp3zer7xulejywt49kt2rr0vthywaa50xwsqdfpcl42753m0xgau9yefhgfxukx83dwysy7tdl3
lineage__lineage_repetition,0.8979591836734694,0.8077189713793862,0.8979591836734694,ckb1qzda0cr08m85hc8jlnfp3zer7xulejywt49kt2rr0vthywaa50xwsqdfpcl42753m0xgau9yefhgfxukx83dwysy7tdl3
lineage__merge_count,7.0,0.6521135515459253,2.0794415416798357,ckb1qzda0cr08m85hc8jlnfp3zer7xulejywt49kt2rr0vthywaa50xwsqdfpcl42753m0xgau9yefhgfxukx83dwysy7tdl3
scripts__type_family_count,0.0,-0.501218028601448,0.0,ckb1qzda0cr08m85hc8jlnfp3zer7xulejywt49kt2rr0vthywaa50xwsqdfpcl42753m0xgau9yefhgfxukx83dwysy7tdl3
scripts__unique_lock_script_count,7.0,0.229638071755347,2.0794415416798357,ckb1qzda0cr08m85hc8jlnfp3zer7xulejywt49kt2rr0vthywaa50xwsqdfpcl42753m0xgau9yefhgfxukx83dwysy7tdl3
scripts__unique_type_script_count,0.0,0.0,0.0,ckb1qzda0cr08m85hc8jlnfp3zer7xulejywt49kt2rr0vthywaa50xwsqdfpcl42753m0xgau9yefhgfxukx83dwysy7tdl3
capacity__capacity_repeat_ratio,0.0,-1.3489727248167438,0.0,ckb1qzda0cr08m85hc8jlnfp3zer7xulejywt49kt2rr0vthywaa50xwsqdfunuqtrj99lz8app7uqjmdr2ecx6wwfc62xrtm
capacity__target_consumed_capacity,1908344000000.0,0.03213582210830192,28.277256966205297,ckb1qzda0cr08m85hc8jlnfp3zer7xulejywt49kt2rr0vthywaa50xwsqdfunuqtrj99lz8app7uqjmdr2ecx6wwfc62xrtm
capacity__target_net_capacity_delta,-1908344000000.0,-0.5933767641542271,-28.277256966205297,ckb1qzda0cr08m85hc8jlnfp3zer7xulejywt49kt2rr0vthywaa50xwsqdfunuqtrj99lz8app7uqjmdr2ecx6wwfc62xrtm
lineage__continuation_count,0.0,0.0,0.0,ckb1qzda0cr08m85hc8jlnfp3zer7xulejywt49kt2rr0vthywaa50xwsqdfunuqtrj99lz8app7uqjmdr2ecx6wwfc62xrtm
lineage__lineage_depth,1.0,-1.0,0.6931471805599453,ckb1qzda0cr08m85hc8jlnfp3zer7xulejywt49kt2rr0vthywaa50xwsqdfunuqtrj99lz8app7uqjmdr2ecx6wwfc62xrtm
lineage__lineage_repetition,0.0,-1.128899193514562,0.0,ckb1qzda0cr08m85hc8jlnfp3zer7xulejywt49kt2rr0vthywaa50xwsqdfunuqtrj99lz8app7uqjmdr2ecx6wwfc62xrtm
lineage__merge_count,1.0,-0.26957728969081496,0.6931471805599453,ckb1qzda0cr08m85hc8jlnfp3zer7xulejywt49kt2rr0vthywaa50xwsqdfunuqtrj99lz8app7uqjmdr2ecx6wwfc62xrtm
scripts__type_family_count,0.0,-0.501218028601448,0.0,ckb1qzda0cr08m85hc8jlnfp3zer7xulejywt49kt2rr0vthywaa50xwsqdfunuqtrj99lz8app7uqjmdr2ecx6wwfc62xrtm
scripts__unique_lock_script_count,8.0,0.3236566839097654,2.1972245773362196,ckb1qzda0cr08m85hc8jlnfp3zer7xulejywt49kt2rr0vthywaa50xwsqdfunuqtrj99lz8app7uqjmdr2ecx6wwfc62xrtm
scripts__unique_type_script_count,0.0,0.0,0.0,ckb1qzda0cr08m85hc8jlnfp3zer7xulejywt49kt2rr0vthywaa50xwsqdfunuqtrj99lz8app7uqjmdr2ecx6wwfc62xrtm
capacity__capacity_repeat_ratio,0.0,-1.3489727248167438,0.0,ckb1qzda0cr08m85hc8jlnfp3zer7xulejywt49kt2rr0vthywaa50xwsqdg04rll0lnjdvdyp2zpqguqkmnye6vmnsd4vft5
capacity__target_consumed_capacity,10084061882.0,-0.723759815481094,23.034221983004542,ckb1qzda0cr08m85hc8jlnfp3zer7xulejywt49kt2rr0vthywaa50xwsqdg04rll0lnjdvdyp2zpqguqkmnye6vmnsd4vft5
capacity__target_net_capacity_delta,-10084061882.0,-0.48335565650587187,-23.034221983004542,ckb1qzda0cr08m85hc8jlnfp3zer7xulejywt49kt2rr0vthywaa50xwsqdg04rll0lnjdvdyp2zpqguqkmnye6vmnsd4vft5
lineage__continuation_count,0.0,0.0,0.0,ckb1qzda0cr08m85hc8jlnfp3zer7xulejywt49kt2rr0vthywaa50xwsqdg04rll0lnjdvdyp2zpqguqkmnye6vmnsd4vft5
lineage__lineage_depth,1.0,-1.0,0.6931471805599453,ckb1qzda0cr08m85hc8jlnfp3zer7xulejywt49kt2rr0vthywaa50xwsqdg04rll0lnjdvdyp2zpqguqkmnye6vmnsd4vft5
lineage__lineage_repetition,0.8,0.5964515352091374,0.8,ckb1qzda0cr08m85hc8jlnfp3zer7xulejywt49kt2rr0vthywaa50xwsqdg04rll0lnjdvdyp2zpqguqkmnye6vmnsd4vft5
lineage__merge_count,5.0,0.4608454206183701,1.791759469228055,ckb1qzda0cr08m85hc8jlnfp3zer7xulejywt49kt2rr0vthywaa50xwsqdg04rll0lnjdvdyp2zpqguqkmnye6vmnsd4vft5
scripts__type_family_count,0.0,-0.501218028601448,0.0,ckb1qzda0cr08m85hc8jlnfp3zer7xulejywt49kt2rr0vthywaa50xwsqdg04rll0lnjdvdyp2zpqguqkmnye6vmnsd4vft5
scripts__unique_lock_script_count,22.0,1.0726169119725726,3.1354942159291497,ckb1qzda0cr08m85hc8jlnfp3zer7xulejywt49kt2rr0vthywaa50xwsqdg04rll0lnjdvdyp2zpqguqkmnye6vmnsd4vft5
scripts__unique_type_script_count,0.0,0.0,0.0,ckb1qzda0cr08m85hc8jlnfp3zer7xulejywt49kt2rr0vthywaa50xwsqdg04rll0lnjdvdyp2zpqguqkmnye6vmnsd4vft5
capacity__capacity_repeat_ratio,1.0,0.9020803841920981,1.0,ckb1qzda0cr08m85hc8jlnfp3zer7xulejywt49kt2rr0vthywaa50xwsqdg5awuqp2zuwnvjcr753hh38ml5ywd5rgpg79nw
capacity__target_consumed_capacity,130306344163924.0,0.6410656451591132,32.50090928777604,ckb1qzda0cr08m85hc8jlnfp3zer7xulejywt49kt2rr0vthywaa50xwsqdg5awuqp2zuwnvjcr753hh38ml5ywd5rgpg79nw
capacity__target_net_capacity_delta,0.0,0.0,0.0,ckb1qzda0cr08m85hc8jlnfp3zer7xulejywt49kt2rr0vthywaa50xwsqdg5awuqp2zuwnvjcr753hh38ml5ywd5rgpg79nw
lineage__continuation_count,0.0,0.0,0.0,ckb1qzda0cr08m85hc8jlnfp3zer7xulejywt49kt2rr0vthywaa50xwsqdg5awuqp2zuwnvjcr753hh38ml5ywd5rgpg79nw
lineage__lineage_depth,2.0,0.0,1.0986122886681098,ckb1qzda0cr08m85hc8jlnfp3zer7xulejywt49kt2rr0vthywaa50xwsqdg5awuqp2zuwnvjcr753hh38ml5ywd5rgpg79nw
lineage__lineage_repetition,0.0,-1.128899193514562,0.0,ckb1qzda0cr08m85hc8jlnfp3zer7xulejywt49kt2rr0vthywaa50xwsqdg5awuqp2zuwnvjcr753hh38ml5ywd5rgpg79nw
lineage__merge_count,1.0,-0.26957728969081496,0.6931471805599453,ckb1qzda0cr08m85hc8jlnfp3zer7xulejywt49kt2rr0vthywaa50xwsqdg5awuqp2zuwnvjcr753hh38ml5ywd5rgpg79nw
scripts__type_family_count,0.0,-0.501218028601448,0.0,ckb1qzda0cr08m85hc8jlnfp3zer7xulejywt49kt2rr0vthywaa50xwsqdg5awuqp2zuwnvjcr753hh38ml5ywd5rgpg79nw
scripts__unique_lock_script_count,12.0,0.6171876944623629,2.5649493574615367,ckb1qzda0cr08m85hc8jlnfp3zer7xulejywt49kt2rr0vthywaa50xwsqdg5awuqp2zuwnvjcr753hh38ml5ywd5rgpg79nw
scripts__unique_type_script_count,0.0,0.0,0.0,ckb1qzda0cr08m85hc8jlnfp3zer7xulejywt49kt2rr0vthywaa50xwsqdg5awuqp2zuwnvjcr753hh38ml5ywd5rgpg79nw
capacity__capacity_repeat_ratio,0.9333333333333333,0.7520101769248421,0.9333333333333333,ckb1qzda0cr08m85hc8jlnfp3zer7xulejywt49kt2rr0vthywaa50xwsqdh26mj0xls204ndg9lsdptdz0zu0jdmycngh5ht
capacity__target_consumed_capacity,1571699740959230.0,1.0000559768138289,34.99093406619516,ckb1qzda0cr08m85hc8jlnfp3zer7xulejywt49kt2rr0vthywaa50xwsqdh26mj0xls204ndg9lsdptdz0zu0jdmycngh5ht
capacity__target_net_capacity_delta,-450000047565.0,-0.5630599201634917,-26.832513525412992,ckb1qzda0cr08m85hc8jlnfp3zer7xulejywt49kt2rr0vthywaa50xwsqdh26mj0xls204ndg9lsdptdz0zu0jdmycngh5ht
lineage__continuation_count,30.0,4.954196310386876,3.4339872044851463,ckb1qzda0cr08m85hc8jlnfp3zer7xulejywt49kt2rr0vthywaa50xwsqdh26mj0xls204ndg9lsdptdz0zu0jdmycngh5ht
lineage__lineage_depth,30.0,5.759743240826623,3.4339872044851463,ckb1qzda0cr08m85hc8jlnfp3zer7xulejywt49kt2rr0vthywaa50xwsqdh26mj0xls204ndg9lsdptdz0zu0jdmycngh5ht
lineage__lineage_repetition,1.0,1.027789217390062,1.0,ckb1qzda0cr08m85hc8jlnfp3zer7xulejywt49kt2rr0vthywaa50xwsqdh26mj0xls204ndg9lsdptdz0zu0jdmycngh5ht
lineage__merge_count,30.0,1.552695972177032,3.4339872044851463,ckb1qzda0cr08m85hc8jlnfp3zer7xulejywt49kt2rr0vthywaa50xwsqdh26mj0xls204ndg9lsdptdz0zu0jdmycngh5ht
scripts__type_family_count,0.0,-0.501218028601448,0.0,ckb1qzda0cr08m85hc8jlnfp3zer7xulejywt49kt2rr0vthywaa50xwsqdh26mj0xls204ndg9lsdptdz0zu0jdmycngh5ht
scripts__unique_lock_script_count,32.0,1.3607906165089751,3.4965075614664802,ckb1qzda0cr08m85hc8jlnfp3zer7xulejywt49kt2rr0vthywaa50xwsqdh26mj0xls204ndg9lsdptdz0zu0jdmycngh5ht
scripts__unique_type_script_count,31.0,5.0,3.4657359027997265,ckb1qzda0cr08m85hc8jlnfp3zer7xulejywt49kt2rr0vthywaa50xwsqdh26mj0xls204ndg9lsdptdz0zu0jdmycngh5ht
capacity__capacity_repeat_ratio,0.0,-1.3489727248167438,0.0,ckb1qzda0cr08m85hc8jlnfp3zer7xulejywt49kt2rr0vthywaa50xwsqdhxwwku2qxwcj784l5slje2tsa76nlgvsawdc7v
capacity__target_consumed_capacity,12298327675.0,-0.6951407644919116,23.232729128780395,ckb1qzda0cr08m85hc8jlnfp3zer7xulejywt49kt2rr0vthywaa50xwsqdhxwwku2qxwcj784l5slje2tsa76nlgvsawdc7v
capacity__target_net_capacity_delta,-12298327675.0,-0.4875211782169324,-23.232729128780395,ckb1qzda0cr08m85hc8jlnfp3zer7xulejywt49kt2rr0vthywaa50xwsqdhxwwku2qxwcj784l5slje2tsa76nlgvsawdc7v
lineage__continuation_count,0.0,0.0,0.0,ckb1qzda0cr08m85hc8jlnfp3zer7xulejywt49kt2rr0vthywaa50xwsqdhxwwku2qxwcj784l5slje2tsa76nlgvsawdc7v
lineage__lineage_depth,1.0,-1.0,0.6931471805599453,ckb1qzda0cr08m85hc8jlnfp3zer7xulejywt49kt2rr0vthywaa50xwsqdhxwwku2qxwcj784l5slje2tsa76nlgvsawdc7v
lineage__lineage_repetition,0.0,-1.128899193514562,0.0,ckb1qzda0cr08m85hc8jlnfp3zer7xulejywt49kt2rr0vthywaa50xwsqdhxwwku2qxwcj784l5slje2tsa76nlgvsawdc7v
lineage__merge_count,1.0,-0.26957728969081496,0.6931471805599453,ckb1qzda0cr08m85hc8jlnfp3zer7xulejywt49kt2rr0vthywaa50xwsqdhxwwku2qxwcj784l5slje2tsa76nlgvsawdc7v
scripts__type_family_count,1.0,1.9951397255009098,0.6931471805599453,ckb1qzda0cr08m85hc8jlnfp3zer7xulejywt49kt2rr0vthywaa50xwsqdhxwwku2qxwcj784l5slje2tsa76nlgvsawdc7v
scripts__unique_lock_script_count,4.0,-0.14553555730732698,1.6094379124341003,ckb1qzda0cr08m85hc8jlnfp3zer7xulejywt49kt2rr0vthywaa50xwsqdhxwwku2qxwcj784l5slje2tsa76nlgvsawdc7v
scripts__unique_type_script_count,1.0,1.0,0.6931471805599453,ckb1qzda0cr08m85hc8jlnfp3zer7xulejywt49kt2rr0vthywaa50xwsqdhxwwku2qxwcj784l5slje2tsa76nlgvsawdc7v
capacity__capacity_repeat_ratio,0.7586206896551724,0.3587227371899638,0.7586206896551724,ckb1qzda0cr08m85hc8jlnfp3zer7xulejywt49kt2rr0vthywaa50xwsqdjsydf39sklhfvtfnk57vvd7d2vn4kxwqpr3prn
capacity__target_consumed_capacity,745801589220.0,-0.10331774393702237,27.337725435583202,ckb1qzda0cr08m85hc8jlnfp3zer7xulejywt49kt2rr0vthywaa50xwsqdjsydf39sklhfvtfnk57vvd7d2vn4kxwqpr3prn
capacity__target_net_capacity_delta,-4276.0,-0.17544938495552928,-8.361007108226909,ckb1qzda0cr08m85hc8jlnfp3zer7xulejywt49kt2rr0vthywaa50xwsqdjsydf39sklhfvtfnk57vvd7d2vn4kxwqpr3prn
lineage__continuation_count,15.0,4.0,2.772588722239781,ckb1qzda0cr08m85hc8jlnfp3zer7xulejywt49kt2rr0vthywaa50xwsqdjsydf39sklhfvtfnk57vvd7d2vn4kxwqpr3prn
lineage__lineage_depth,8.0,2.709511291351454,2.1972245773362196,ckb1qzda0cr08m85hc8jlnfp3zer7xulejywt49kt2rr0vthywaa50xwsqdjsydf39sklhfvtfnk57vvd7d2vn4kxwqpr3prn
lineage__lineage_repetition,1.0,1.027789217390062,1.0,ckb1qzda0cr08m85hc8jlnfp3zer7xulejywt49kt2rr0vthywaa50xwsqdjsydf39sklhfvtfnk57vvd7d2vn4kxwqpr3prn
lineage__merge_count,15.0,1.1129589721642954,2.772588722239781,ckb1qzda0cr08m85hc8jlnfp3zer7xulejywt49kt2rr0vthywaa50xwsqdjsydf39sklhfvtfnk57vvd7d2vn4kxwqpr3prn
scripts__type_family_count,0.0,-0.501218028601448,0.0,ckb1qzda0cr08m85hc8jlnfp3zer7xulejywt49kt2rr0vthywaa50xwsqdjsydf39sklhfvtfnk57vvd7d2vn4kxwqpr3prn
scripts__unique_lock_script_count,17.0,0.8769514395748773,2.8903717578961645,ckb1qzda0cr08m85hc8jlnfp3zer7xulejywt49kt2rr0vthywaa50xwsqdjsydf39sklhfvtfnk57vvd7d2vn4kxwqpr3prn
scripts__unique_type_script_count,0.0,0.0,0.0,ckb1qzda0cr08m85hc8jlnfp3zer7xulejywt49kt2rr0vthywaa50xwsqdjsydf39sklhfvtfnk57vvd7d2vn4kxwqpr3prn
capacity__capacity_repeat_ratio,0.0,-1.3489727248167438,0.0,ckb1qzda0cr08m85hc8jlnfp3zer7xulejywt49kt2rr0vthywaa50xwsqdk6t85vllv37se5ng6rpnz7x30clgdy6qsped2w
capacity__target_consumed_capacity,6200000000.0,-0.7938857673569987,22.547815129158746,ckb1qzda0cr08m85hc8jlnfp3zer7xulejywt49kt2rr0vthywaa50xwsqdk6t85vllv37se5ng6rpnz7x30clgdy6qsped2w
capacity__target_net_capacity_delta,-6200000000.0,-0.4731487780472436,-22.547815129158746,ckb1qzda0cr08m85hc8jlnfp3zer7xulejywt49kt2rr0vthywaa50xwsqdk6t85vllv37se5ng6rpnz7x30clgdy6qsped2w
lineage__continuation_count,0.0,0.0,0.0,ckb1qzda0cr08m85hc8jlnfp3zer7xulejywt49kt2rr0vthywaa50xwsqdk6t85vllv37se5ng6rpnz7x30clgdy6qsped2w
lineage__lineage_depth,1.0,-1.0,0.6931471805599453,ckb1qzda0cr08m85hc8jlnfp3zer7xulejywt49kt2rr0vthywaa50xwsqdk6t85vllv37se5ng6rpnz7x30clgdy6qsped2w
lineage__lineage_repetition,0.0,-1.128899193514562,0.0,ckb1qzda0cr08m85hc8jlnfp3zer7xulejywt49kt2rr0vthywaa50xwsqdk6t85vllv37se5ng6rpnz7x30clgdy6qsped2w
lineage__merge_count,1.0,-0.26957728969081496,0.6931471805599453,ckb1qzda0cr08m85hc8jlnfp3zer7xulejywt49kt2rr0vthywaa50xwsqdk6t85vllv37se5ng6rpnz7x30clgdy6qsped2w
scripts__type_family_count,1.0,1.9951397255009098,0.6931471805599453,ckb1qzda0cr08m85hc8jlnfp3zer7xulejywt49kt2rr0vthywaa50xwsqdk6t85vllv37se5ng6rpnz7x30clgdy6qsped2w
scripts__unique_lock_script_count,3.0,-0.3236566839097652,1.3862943611198906,ckb1qzda0cr08m85hc8jlnfp3zer7xulejywt49kt2rr0vthywaa50xwsqdk6t85vllv37se5ng6rpnz7x30clgdy6qsped2w
scripts__unique_type_script_count,1.0,1.0,0.6931471805599453,ckb1qzda0cr08m85hc8jlnfp3zer7xulejywt49kt2rr0vthywaa50xwsqdk6t85vllv37se5ng6rpnz7x30clgdy6qsped2w
capacity__capacity_repeat_ratio,0.0,-1.3489727248167438,0.0,ckb1qzda0cr08m85hc8jlnfp3zer7xulejywt49kt2rr0vthywaa50xwsqdktl2pnd9nrh6fna6ydh5sv34z4cx59mg2d5yh4
capacity__target_consumed_capacity,8748093760000.0,0.2516511751577608,29.79985693656412,ckb1qzda0cr08m85hc8jlnfp3zer7xulejywt49kt2rr0vthywaa50xwsqdktl2pnd9nrh6fna6ydh5sv34z4cx59mg2d5yh4
capacity__target_net_capacity_delta,-8748093760000.0,-0.6253273682949541,-29.79985693656412,ckb1qzda0cr08m85hc8jlnfp3zer7xulejywt49kt2rr0vthywaa50xwsqdktl2pnd9nrh6fna6ydh5sv34z4cx59mg2d5yh4
lineage__continuation_count,0.0,0.0,0.0,ckb1qzda0cr08m85hc8jlnfp3zer7xulejywt49kt2rr0vthywaa50xwsqdktl2pnd9nrh6fna6ydh5sv34z4cx59mg2d5yh4
lineage__lineage_depth,1.0,-1.0,0.6931471805599453,ckb1qzda0cr08m85hc8jlnfp3zer7xulejywt49kt2rr0vthywaa50xwsqdktl2pnd9nrh6fna6ydh5sv34z4cx59mg2d5yh4
lineage__lineage_repetition,0.0,-1.128899193514562,0.0,ckb1qzda0cr08m85hc8jlnfp3zer7xulejywt49kt2rr0vthywaa50xwsqdktl2pnd9nrh6fna6ydh5sv34z4cx59mg2d5yh4
lineage__merge_count,1.0,-0.26957728969081496,0.6931471805599453,ckb1qzda0cr08m85hc8jlnfp3zer7xulejywt49kt2rr0vthywaa50xwsqdktl2pnd9nrh6fna6ydh5sv34z4cx59mg2d5yh4
scripts__type_family_count,0.0,-0.501218028601448,0.0,ckb1qzda0cr08m85hc8jlnfp3zer7xulejywt49kt2rr0vthywaa50xwsqdktl2pnd9nrh6fna6ydh5sv34z4cx59mg2d5yh4
scripts__unique_lock_script_count,8.0,0.3236566839097654,2.1972245773362196,ckb1qzda0cr08m85hc8jlnfp3zer7xulejywt49kt2rr0vthywaa50xwsqdktl2pnd9nrh6fna6ydh5sv34z4cx59mg2d5yh4
scripts__unique_type_script_count,0.0,0.0,0.0,ckb1qzda0cr08m85hc8jlnfp3zer7xulejywt49kt2rr0vthywaa50xwsqdktl2pnd9nrh6fna6ydh5sv34z4cx59mg2d5yh4
capacity__capacity_repeat_ratio,0.0,-1.3489727248167438,0.0,ckb1qzda0cr08m85hc8jlnfp3zer7xulejywt49kt2rr0vthywaa50xwsqdlnnrld5uyndfrw0xxnpmpf435242xl2ccrge5g
capacity__target_consumed_capacity,53214633982534.0,0.5119522743351066,31.605354549309673,ckb1qzda0cr08m85hc8jlnfp3zer7xulejywt49kt2rr0vthywaa50xwsqdlnnrld5uyndfrw0xxnpmpf435242xl2ccrge5g
capacity__target_net_capacity_delta,-806824002784.0,-0.5753117341466736,-27.416371393185067,ckb1qzda0cr08m85hc8jlnfp3zer7xulejywt49kt2rr0vthywaa50xwsqdlnnrld5uyndfrw0xxnpmpf435242xl2ccrge5g
lineage__continuation_count,1.0,1.0,0.6931471805599453,ckb1qzda0cr08m85hc8jlnfp3zer7xulejywt49kt2rr0vthywaa50xwsqdlnnrld5uyndfrw0xxnpmpf435242xl2ccrge5g
lineage__lineage_depth,1.0,-1.0,0.6931471805599453,ckb1qzda0cr08m85hc8jlnfp3zer7xulejywt49kt2rr0vthywaa50xwsqdlnnrld5uyndfrw0xxnpmpf435242xl2ccrge5g
lineage__lineage_repetition,0.0,-1.128899193514562,0.0,ckb1qzda0cr08m85hc8jlnfp3zer7xulejywt49kt2rr0vthywaa50xwsqdlnnrld5uyndfrw0xxnpmpf435242xl2ccrge5g
lineage__merge_count,1.0,-0.26957728969081496,0.6931471805599453,ckb1qzda0cr08m85hc8jlnfp3zer7xulejywt49kt2rr0vthywaa50xwsqdlnnrld5uyndfrw0xxnpmpf435242xl2ccrge5g
scripts__type_family_count,0.0,-0.501218028601448,0.0,ckb1qzda0cr08m85hc8jlnfp3zer7xulejywt49kt2rr0vthywaa50xwsqdlnnrld5uyndfrw0xxnpmpf435242xl2ccrge5g
scripts__unique_lock_script_count,4.0,-0.14553555730732698,1.6094379124341003,ckb1qzda0cr08m85hc8jlnfp3zer7xulejywt49kt2rr0vthywaa50xwsqdlnnrld5uyndfrw0xxnpmpf435242xl2ccrge5g
scripts__unique_type_script_count,0.0,0.0,0.0,ckb1qzda0cr08m85hc8jlnfp3zer7xulejywt49kt2rr0vthywaa50xwsqdlnnrld5uyndfrw0xxnpmpf435242xl2ccrge5g
capacity__capacity_repeat_ratio,0.9964664310954063,0.8941261329235156,0.9964664310954063,ckb1qzda0cr08m85hc8jlnfp3zer7xulejywt49kt2rr0vthywaa50xwsqdly7vzugjpxpzy4wc8u8dkpt6gmv2kknsw36cs0
capacity__target_consumed_capacity,58675662914201.0,0.5260366089455254,31.703046155670872,ckb1qzda0cr08m85hc8jlnfp3zer7xulejywt49kt2rr0vthywaa50xwsqdly7vzugjpxpzy4wc8u8dkpt6gmv2kknsw36cs0
capacity__target_net_capacity_delta,-153999119962.0,-0.5405585021505059,-25.760212724817737,ckb1qzda0cr08m85hc8jlnfp3zer7xulejywt49kt2rr0vthywaa50xwsqdly7vzugjpxpzy4wc8u8dkpt6gmv2kknsw36cs0
lineage__continuation_count,0.0,0.0,0.0,ckb1qzda0cr08m85hc8jlnfp3zer7xulejywt49kt2rr0vthywaa50xwsqdly7vzugjpxpzy4wc8u8dkpt6gmv2kknsw36cs0
lineage__lineage_depth,4.0,1.2598510045646625,1.6094379124341003,ckb1qzda0cr08m85hc8jlnfp3zer7xulejywt49kt2rr0vthywaa50xwsqdly7vzugjpxpzy4wc8u8dkpt6gmv2kknsw36cs0
lineage__lineage_repetition,1.0,1.027789217390062,1.0,ckb1qzda0cr08m85hc8jlnfp3zer7xulejywt49kt2rr0vthywaa50xwsqdly7vzugjpxpzy4wc8u8dkpt6gmv2kknsw36cs0
lineage__merge_count,367.0,3.197621784496647,5.908082938168931,ckb1qzda0cr08m85hc8jlnfp3zer7xulejywt49kt2rr0vthywaa50xwsqdly7vzugjpxpzy4wc8u8dkpt6gmv2kknsw36cs0
scripts__type_family_count,0.0,-0.501218028601448,0.0,ckb1qzda0cr08m85hc8jlnfp3zer7xulejywt49kt2rr0vthywaa50xwsqdly7vzugjpxpzy4wc8u8dkpt6gmv2kknsw36cs0
scripts__unique_lock_script_count,56.0,1.7970612599687645,4.04305126783455,ckb1qzda0cr08m85hc8jlnfp3zer7xulejywt49kt2rr0vthywaa50xwsqdly7vzugjpxpzy4wc8u8dkpt6gmv2kknsw36cs0
scripts__unique_type_script_count,0.0,0.0,0.0,ckb1qzda0cr08m85hc8jlnfp3zer7xulejywt49kt2rr0vthywaa50xwsqdly7vzugjpxpzy4wc8u8dkpt6gmv2kknsw36cs0
capacity__capacity_repeat_ratio,1.0,0.9020803841920981,1.0,ckb1qzda0cr08m85hc8jlnfp3zer7xulejywt49kt2rr0vthywaa50xwsqdn85jtpzkk24ga7vprxcupwkw8h2kmcpgnkw4s2
capacity__target_consumed_capacity,20140000000000.0,0.371871669491997,30.633729003219013,ckb1qzda0cr08m85hc8jlnfp3zer7xulejywt49kt2rr0vthywaa50xwsqdn85jtpzkk24ga7vprxcupwkw8h2kmcpgnkw4s2
capacity__target_net_capacity_delta,-10070000000000.0,-0.628280373165505,-29.94058182265912,ckb1qzda0cr08m85hc8jlnfp3zer7xulejywt49kt2rr0vthywaa50xwsqdn85jtpzkk24ga7vprxcupwkw8h2kmcpgnkw4s2
lineage__continuation_count,1.0,1.0,0.6931471805599453,ckb1qzda0cr08m85hc8jlnfp3zer7xulejywt49kt2rr0vthywaa50xwsqdn85jtpzkk24ga7vprxcupwkw8h2kmcpgnkw4s2
lineage__lineage_depth,2.0,0.0,1.0986122886681098,ckb1qzda0cr08m85hc8jlnfp3zer7xulejywt49kt2rr0vthywaa50xwsqdn85jtpzkk24ga7vprxcupwkw8h2kmcpgnkw4s2
lineage__lineage_repetition,0.0,-1.128899193514562,0.0,ckb1qzda0cr08m85hc8jlnfp3zer7xulejywt49kt2rr0vthywaa50xwsqdn85jtpzkk24ga7vprxcupwkw8h2kmcpgnkw4s2
lineage__merge_count,1.0,-0.26957728969081496,0.6931471805599453,ckb1qzda0cr08m85hc8jlnfp3zer7xulejywt49kt2rr0vthywaa50xwsqdn85jtpzkk24ga7vprxcupwkw8h2kmcpgnkw4s2
scripts__type_family_count,1.0,1.9951397255009098,0.6931471805599453,ckb1qzda0cr08m85hc8jlnfp3zer7xulejywt49kt2rr0vthywaa50xwsqdn85jtpzkk24ga7vprxcupwkw8h2kmcpgnkw4s2
scripts__unique_lock_script_count,4.0,-0.14553555730732698,1.6094379124341003,ckb1qzda0cr08m85hc8jlnfp3zer7xulejywt49kt2rr0vthywaa50xwsqdn85jtpzkk24ga7vprxcupwkw8h2kmcpgnkw4s2
scripts__unique_type_script_count,1.0,1.0,0.6931471805599453,ckb1qzda0cr08m85hc8jlnfp3zer7xulejywt49kt2rr0vthywaa50xwsqdn85jtpzkk24ga7vprxcupwkw8h2kmcpgnkw4s2
capacity__capacity_repeat_ratio,0.0,-1.3489727248167438,0.0,ckb1qzda0cr08m85hc8jlnfp3zer7xulejywt49kt2rr0vthywaa50xwsqdnvsjyahhu4hnqmv5aqy06jk7p289qcsck64eed
capacity__target_consumed_capacity,0.0,-4.044635599832544,0.0,ckb1qzda0cr08m85hc8jlnfp3zer7xulejywt49kt2rr0vthywaa50xwsqdnvsjyahhu4hnqmv5aqy06jk7p289qcsck64eed
capacity__target_net_capacity_delta,950000000000000.0,0.7236936436397994,34.487483100523136,ckb1qzda0cr08m85hc8jlnfp3zer7xulejywt49kt2rr0vthywaa50xwsqdnvsjyahhu4hnqmv5aqy06jk7p289qcsck64eed
lineage__continuation_count,0.0,0.0,0.0,ckb1qzda0cr08m85hc8jlnfp3zer7xulejywt49kt2rr0vthywaa50xwsqdnvsjyahhu4hnqmv5aqy06jk7p289qcsck64eed
lineage__lineage_depth,1.0,-1.0,0.6931471805599453,ckb1qzda0cr08m85hc8jlnfp3zer7xulejywt49kt2rr0vthywaa50xwsqdnvsjyahhu4hnqmv5aqy06jk7p289qcsck64eed
lineage__lineage_repetition,0.0,-1.128899193514562,0.0,ckb1qzda0cr08m85hc8jlnfp3zer7xulejywt49kt2rr0vthywaa50xwsqdnvsjyahhu4hnqmv5aqy06jk7p289qcsck64eed
lineage__merge_count,1.0,-0.26957728969081496,0.6931471805599453,ckb1qzda0cr08m85hc8jlnfp3zer7xulejywt49kt2rr0vthywaa50xwsqdnvsjyahhu4hnqmv5aqy06jk7p289qcsck64eed
scripts__type_family_count,1.0,1.9951397255009098,0.6931471805599453,ckb1qzda0cr08m85hc8jlnfp3zer7xulejywt49kt2rr0vthywaa50xwsqdnvsjyahhu4hnqmv5aqy06jk7p289qcsck64eed
scripts__unique_lock_script_count,4.0,-0.14553555730732698,1.6094379124341003,ckb1qzda0cr08m85hc8jlnfp3zer7xulejywt49kt2rr0vthywaa50xwsqdnvsjyahhu4hnqmv5aqy06jk7p289qcsck64eed
scripts__unique_type_script_count,1.0,1.0,0.6931471805599453,ckb1qzda0cr08m85hc8jlnfp3zer7xulejywt49kt2rr0vthywaa50xwsqdnvsjyahhu4hnqmv5aqy06jk7p289qcsck64eed
capacity__capacity_repeat_ratio,1.0,0.9020803841920981,1.0,ckb1qzda0cr08m85hc8jlnfp3zer7xulejywt49kt2rr0vthywaa50xwsqdpglw7yx2vzsuu2hz4f0zqmm7ujn4gzrcpt9myf
capacity__target_consumed_capacity,29377400037739.0,0.4262989330704914,31.011246788467755,ckb1qzda0cr08m85hc8jlnfp3zer7xulejywt49kt2rr0vthywaa50xwsqdpglw7yx2vzsuu2hz4f0zqmm7ujn4gzrcpt9myf
capacity__target_net_capacity_delta,0.0,0.0,0.0,ckb1qzda0cr08m85hc8jlnfp3zer7xulejywt49kt2rr0vthywaa50xwsqdpglw7yx2vzsuu2hz4f0zqmm7ujn4gzrcpt9myf
lineage__continuation_count,0.0,0.0,0.0,ckb1qzda0cr08m85hc8jlnfp3zer7xulejywt49kt2rr0vthywaa50xwsqdpglw7yx2vzsuu2hz4f0zqmm7ujn4gzrcpt9myf
lineage__lineage_depth,2.0,0.0,1.0986122886681098,ckb1qzda0cr08m85hc8jlnfp3zer7xulejywt49kt2rr0vthywaa50xwsqdpglw7yx2vzsuu2hz4f0zqmm7ujn4gzrcpt9myf
lineage__lineage_repetition,0.0,-1.128899193514562,0.0,ckb1qzda0cr08m85hc8jlnfp3zer7xulejywt49kt2rr0vthywaa50xwsqdpglw7yx2vzsuu2hz4f0zqmm7ujn4gzrcpt9myf
lineage__merge_count,1.0,-0.26957728969081496,0.6931471805599453,ckb1qzda0cr08m85hc8jlnfp3zer7xulejywt49kt2rr0vthywaa50xwsqdpglw7yx2vzsuu2hz4f0zqmm7ujn4gzrcpt9myf
scripts__type_family_count,0.0,-0.501218028601448,0.0,ckb1qzda0cr08m85hc8jlnfp3zer7xulejywt49kt2rr0vthywaa50xwsqdpglw7yx2vzsuu2hz4f0zqmm7ujn4gzrcpt9myf
scripts__unique_lock_script_count,3.0,-0.3236566839097652,1.3862943611198906,ckb1qzda0cr08m85hc8jlnfp3zer7xulejywt49kt2rr0vthywaa50xwsqdpglw7yx2vzsuu2hz4f0zqmm7ujn4gzrcpt9myf
scripts__unique_type_script_count,0.0,0.0,0.0,ckb1qzda0cr08m85hc8jlnfp3zer7xulejywt49kt2rr0vthywaa50xwsqdpglw7yx2vzsuu2hz4f0zqmm7ujn4gzrcpt9myf
capacity__capacity_repeat_ratio,0.0,-1.3489727248167438,0.0,ckb1qzda0cr08m85hc8jlnfp3zer7xulejywt49kt2rr0vthywaa50xwsqdqpaqujjqztsvqsckxxryqkyar5g229ls79xsux
capacity__target_consumed_capacity,0.0,-4.044635599832544,0.0,ckb1qzda0cr08m85hc8jlnfp3zer7xulejywt49kt2rr0vthywaa50xwsqdqpaqujjqztsvqsckxxryqkyar5g229ls79xsux
capacity__target_net_capacity_delta,205000039137306.0,0.691515321789589,32.95403128598063,ckb1qzda0cr08m85hc8jlnfp3zer7xulejywt49kt2rr0vthywaa50xwsqdqpaqujjqztsvqsckxxryqkyar5g229ls79xsux
lineage__continuation_count,0.0,0.0,0.0,ckb1qzda0cr08m85hc8jlnfp3zer7xulejywt49kt2rr0vthywaa50xwsqdqpaqujjqztsvqsckxxryqkyar5g229ls79xsux
lineage__lineage_depth,2.0,0.0,1.0986122886681098,ckb1qzda0cr08m85hc8jlnfp3zer7xulejywt49kt2rr0vthywaa50xwsqdqpaqujjqztsvqsckxxryqkyar5g229ls79xsux
lineage__lineage_repetition,0.0,-1.128899193514562,0.0,ckb1qzda0cr08m85hc8jlnfp3zer7xulejywt49kt2rr0vthywaa50xwsqdqpaqujjqztsvqsckxxryqkyar5g229ls79xsux
lineage__merge_count,1.0,-0.26957728969081496,0.6931471805599453,ckb1qzda0cr08m85hc8jlnfp3zer7xulejywt49kt2rr0vthywaa50xwsqdqpaqujjqztsvqsckxxryqkyar5g229ls79xsux
scripts__type_family_count,0.0,-0.501218028601448,0.0,ckb1qzda0cr08m85hc8jlnfp3zer7xulejywt49kt2rr0vthywaa50xwsqdqpaqujjqztsvqsckxxryqkyar5g229ls79xsux
scripts__unique_lock_script_count,2.0,-0.5532947556651122,1.0986122886681098,ckb1qzda0cr08m85hc8jlnfp3zer7xulejywt49kt2rr0vthywaa50xwsqdqpaqujjqztsvqsckxxryqkyar5g229ls79xsux
scripts__unique_type_script_count,0.0,0.0,0.0,ckb1qzda0cr08m85hc8jlnfp3zer7xulejywt49kt2rr0vthywaa50xwsqdqpaqujjqztsvqsckxxryqkyar5g229ls79xsux
capacity__capacity_repeat_ratio,0.012903225806451613,-1.3199268782488878,0.012903225806451613,ckb1qzda0cr08m85hc8jlnfp3zer7xulejywt49kt2rr0vthywaa50xwsqdqq677slvjxejspzxxuyrz3r8m4glpqrqve4u4k
capacity__target_consumed_capacity,451294657930.0,-0.175740674048044,26.83538630664084,ckb1qzda0cr08m85hc8jlnfp3zer7xulejywt49kt2rr0vthywaa50xwsqdqq677slvjxejspzxxuyrz3r8m4glpqrqve4u4k
capacity__target_net_capacity_delta,8311386206192.0,0.6242527776326109,29.748647522700608,ckb1qzda0cr08m85hc8jlnfp3zer7xulejywt49kt2rr0vthywaa50xwsqdqq677slvjxejspzxxuyrz3r8m4glpqrqve4u4k
lineage__continuation_count,0.0,0.0,0.0,ckb1qzda0cr08m85hc8jlnfp3zer7xulejywt49kt2rr0vthywaa50xwsqdqq677slvjxejspzxxuyrz3r8m4glpqrqve4u4k
lineage__lineage_depth,2.0,0.0,1.0986122886681098,ckb1qzda0cr08m85hc8jlnfp3zer7xulejywt49kt2rr0vthywaa50xwsqdqq677slvjxejspzxxuyrz3r8m4glpqrqve4u4k
lineage__lineage_repetition,0.9931972789115646,1.013117867656017,0.9931972789115646,ckb1qzda0cr08m85hc8jlnfp3zer7xulejywt49kt2rr0vthywaa50xwsqdqq677slvjxejspzxxuyrz3r8m4glpqrqve4u4k
lineage__merge_count,100.0,2.3379835610256277,4.61512051684126,ckb1qzda0cr08m85hc8jlnfp3zer7xulejywt49kt2rr0vthywaa50xwsqdqq677slvjxejspzxxuyrz3r8m4glpqrqve4u4k
scripts__type_family_count,0.0,-0.501218028601448,0.0,ckb1qzda0cr08m85hc8jlnfp3zer7xulejywt49kt2rr0vthywaa50xwsqdqq677slvjxejspzxxuyrz3r8m4glpqrqve4u4k
scripts__unique_lock_script_count,5.0,0.0,1.791759469228055,ckb1qzda0cr08m85hc8jlnfp3zer7xulejywt49kt2rr0vthywaa50xwsqdqq677slvjxejspzxxuyrz3r8m4glpqrqve4u4k
scripts__unique_type_script_count,0.0,0.0,0.0,ckb1qzda0cr08m85hc8jlnfp3zer7xulejywt49kt2rr0vthywaa50xwsqdqq677slvjxejspzxxuyrz3r8m4glpqrqve4u4k
capacity__capacity_repeat_ratio,1.0,0.9020803841920981,1.0,ckb1qzda0cr08m85hc8jlnfp3zer7xulejywt49kt2rr0vthywaa50xwsqdqrmx3gfghxmm3m5dj4vm27j5ke9kvw9qmr8lwp
capacity__target_consumed_capacity,1271116328000000.0,0.9694538465332401,34.7786719077135,ckb1qzda0cr08m85hc8jlnfp3zer7xulejywt49kt2rr0vthywaa50xwsqdqrmx3gfghxmm3m5dj4vm27j5ke9kvw9qmr8lwp
capacity__target_net_capacity_delta,0.0,0.0,0.0,ckb1qzda0cr08m85hc8jlnfp3zer7xulejywt49kt2rr0vthywaa50xwsqdqrmx3gfghxmm3m5dj4vm27j5ke9kvw9qmr8lwp
lineage__continuation_count,0.0,0.0,0.0,ckb1qzda0cr08m85hc8jlnfp3zer7xulejywt49kt2rr0vthywaa50xwsqdqrmx3gfghxmm3m5dj4vm27j5ke9kvw9qmr8lwp
lineage__lineage_depth,2.0,0.0,1.0986122886681098,ckb1qzda0cr08m85hc8jlnfp3zer7xulejywt49kt2rr0vthywaa50xwsqdqrmx3gfghxmm3m5dj4vm27j5ke9kvw9qmr8lwp
lineage__lineage_repetition,0.5,-0.05055498806225001,0.5,ckb1qzda0cr08m85hc8jlnfp3zer7xulejywt49kt2rr0vthywaa50xwsqdqrmx3gfghxmm3m5dj4vm27j5ke9kvw9qmr8lwp
lineage__merge_count,1.0,-0.26957728969081496,0.6931471805599453,ckb1qzda0cr08m85hc8jlnfp3zer7xulejywt49kt2rr0vthywaa50xwsqdqrmx3gfghxmm3m5dj4vm27j5ke9kvw9qmr8lwp
scripts__type_family_count,0.0,-0.501218028601448,0.0,ckb1qzda0cr08m85hc8jlnfp3zer7xulejywt49kt2rr0vthywaa50xwsqdqrmx3gfghxmm3m5dj4vm27j5ke9kvw9qmr8lwp
scripts__unique_lock_script_count,5.0,0.0,1.791759469228055,ckb1qzda0cr08m85hc8jlnfp3zer7xulejywt49kt2rr0vthywaa50xwsqdqrmx3gfghxmm3m5dj4vm27j5ke9kvw9qmr8lwp
scripts__unique_type_script_count,0.0,0.0,0.0,ckb1qzda0cr08m85hc8jlnfp3zer7xulejywt49kt2rr0vthywaa50xwsqdqrmx3gfghxmm3m5dj4vm27j5ke9kvw9qmr8lwp
capacity__capacity_repeat_ratio,0.0,-1.3489727248167438,0.0,ckb1qzda0cr08m85hc8jlnfp3zer7xulejywt49kt2rr0vthywaa50xwsqdqyzqvyyqgdw9qdu9tsfwfj2j3qj05ams2m6zwh
capacity__target_consumed_capacity,12659030162.0,-0.690973127814406,23.26163664432992,ckb1qzda0cr08m85hc8jlnfp3zer7xulejywt49kt2rr0vthywaa50xwsqdqyzqvyyqgdw9qdu9tsfwfj2j3qj05ams2m6zwh
capacity__target_net_capacity_delta,-12659030162.0,-0.48812778047884964,-23.26163664432992,ckb1qzda0cr08m85hc8jlnfp3zer7xulejywt49kt2rr0vthywaa50xwsqdqyzqvyyqgdw9qdu9tsfwfj2j3qj05ams2m6zwh
lineage__continuation_count,0.0,0.0,0.0,ckb1qzda0cr08m85hc8jlnfp3zer7xulejywt49kt2rr0vthywaa50xwsqdqyzqvyyqgdw9qdu9tsfwfj2j3qj05ams2m6zwh
lineage__lineage_depth,1.0,-1.0,0.6931471805599453,ckb1qzda0cr08m85hc8jlnfp3zer7xulejywt49kt2rr0vthywaa50xwsqdqyzqvyyqgdw9qdu9tsfwfj2j3qj05ams2m6zwh
lineage__lineage_repetition,0.0,-1.128899193514562,0.0,ckb1qzda0cr08m85hc8jlnfp3zer7xulejywt49kt2rr0vthywaa50xwsqdqyzqvyyqgdw9qdu9tsfwfj2j3qj05ams2m6zwh
lineage__merge_count,1.0,-0.26957728969081496,0.6931471805599453,ckb1qzda0cr08m85hc8jlnfp3zer7xulejywt49kt2rr0vthywaa50xwsqdqyzqvyyqgdw9qdu9tsfwfj2j3qj05ams2m6zwh
scripts__type_family_count,1.0,1.9951397255009098,0.6931471805599453,ckb1qzda0cr08m85hc8jlnfp3zer7xulejywt49kt2rr0vthywaa50xwsqdqyzqvyyqgdw9qdu9tsfwfj2j3qj05ams2m6zwh
scripts__unique_lock_script_count,3.0,-0.3236566839097652,1.3862943611198906,ckb1qzda0cr08m85hc8jlnfp3zer7xulejywt49kt2rr0vthywaa50xwsqdqyzqvyyqgdw9qdu9tsfwfj2j3qj05ams2m6zwh
scripts__unique_type_script_count,1.0,1.0,0.6931471805599453,ckb1qzda0cr08m85hc8jlnfp3zer7xulejywt49kt2rr0vthywaa50xwsqdqyzqvyyqgdw9qdu9tsfwfj2j3qj05ams2m6zwh
capacity__capacity_repeat_ratio,0.0,-1.3489727248167438,0.0,ckb1qzda0cr08m85hc8jlnfp3zer7xulejywt49kt2rr0vthywaa50xwsqdrc0cvrk8yuh4248eumm00tj6la4285jgtkf6ge
capacity__target_consumed_capacity,10199999064.0,-0.7221117227580681,23.045653465569966,ckb1qzda0cr08m85hc8jlnfp3zer7xulejywt49kt2rr0vthywaa50xwsqdrc0cvrk8yuh4248eumm00tj6la4285jgtkf6ge
capacity__target_net_capacity_delta,-10199999064.0,-0.48359553748662837,-23.045653465569966,ckb1qzda0cr08m85hc8jlnfp3zer7xulejywt49kt2rr0vthywaa50xwsqdrc0cvrk8yuh4248eumm00tj6la4285jgtkf6ge
lineage__continuation_count,0.0,0.0,0.0,ckb1qzda0cr08m85hc8jlnfp3zer7xulejywt49kt2rr0vthywaa50xwsqdrc0cvrk8yuh4248eumm00tj6la4285jgtkf6ge
lineage__lineage_depth,1.0,-1.0,0.6931471805599453,ckb1qzda0cr08m85hc8jlnfp3zer7xulejywt49kt2rr0vthywaa50xwsqdrc0cvrk8yuh4248eumm00tj6la4285jgtkf6ge
lineage__lineage_repetition,0.0,-1.128899193514562,0.0,ckb1qzda0cr08m85hc8jlnfp3zer7xulejywt49kt2rr0vthywaa50xwsqdrc0cvrk8yuh4248eumm00tj6la4285jgtkf6ge
lineage__merge_count,1.0,-0.26957728969081496,0.6931471805599453,ckb1qzda0cr08m85hc8jlnfp3zer7xulejywt49kt2rr0vthywaa50xwsqdrc0cvrk8yuh4248eumm00tj6la4285jgtkf6ge
scripts__type_family_count,1.0,1.9951397255009098,0.6931471805599453,ckb1qzda0cr08m85hc8jlnfp3zer7xulejywt49kt2rr0vthywaa50xwsqdrc0cvrk8yuh4248eumm00tj6la4285jgtkf6ge
scripts__unique_lock_script_count,5.0,0.0,1.791759469228055,ckb1qzda0cr08m85hc8jlnfp3zer7xulejywt49kt2rr0vthywaa50xwsqdrc0cvrk8yuh4248eumm00tj6la4285jgtkf6ge
scripts__unique_type_script_count,1.0,1.0,0.6931471805599453,ckb1qzda0cr08m85hc8jlnfp3zer7xulejywt49kt2rr0vthywaa50xwsqdrc0cvrk8yuh4248eumm00tj6la4285jgtkf6ge
capacity__capacity_repeat_ratio,1.0,0.9020803841920981,1.0,ckb1qzda0cr08m85hc8jlnfp3zer7xulejywt49kt2rr0vthywaa50xwsqdtejzc329up3s665cxswczse77neqxr2c6uk0jz
capacity__target_consumed_capacity,829862598800000.0,0.9079805143885693,34.352281259400876,ckb1qzda0cr08m85hc8jlnfp3zer7xulejywt49kt2rr0vthywaa50xwsqdtejzc329up3s665cxswczse77neqxr2c6uk0jz
capacity__target_net_capacity_delta,0.0,0.0,0.0,ckb1qzda0cr08m85hc8jlnfp3zer7xulejywt49kt2rr0vthywaa50xwsqdtejzc329up3s665cxswczse77neqxr2c6uk0jz
lineage__continuation_count,0.0,0.0,0.0,ckb1qzda0cr08m85hc8jlnfp3zer7xulejywt49kt2rr0vthywaa50xwsqdtejzc329up3s665cxswczse77neqxr2c6uk0jz
lineage__lineage_depth,2.0,0.0,1.0986122886681098,ckb1qzda0cr08m85hc8jlnfp3zer7xulejywt49kt2rr0vthywaa50xwsqdtejzc329up3s665cxswczse77neqxr2c6uk0jz
lineage__lineage_repetition,0.8333333333333334,0.6683411489059582,0.8333333333333334,ckb1qzda0cr08m85hc8jlnfp3zer7xulejywt49kt2rr0vthywaa50xwsqdtejzc329up3s665cxswczse77neqxr2c6uk0jz
lineage__merge_count,4.0,0.3396272192247922,1.6094379124341003,ckb1qzda0cr08m85hc8jlnfp3zer7xulejywt49kt2rr0vthywaa50xwsqdtejzc329up3s665cxswczse77neqxr2c6uk0jz
scripts__type_family_count,0.0,-0.501218028601448,0.0,ckb1qzda0cr08m85hc8jlnfp3zer7xulejywt49kt2rr0vthywaa50xwsqdtejzc329up3s665cxswczse77neqxr2c6uk0jz
scripts__unique_lock_script_count,4.0,-0.14553555730732698,1.6094379124341003,ckb1qzda0cr08m85hc8jlnfp3zer7xulejywt49kt2rr0vthywaa50xwsqdtejzc329up3s665cxswczse77neqxr2c6uk0jz
scripts__unique_type_script_count,0.0,0.0,0.0,ckb1qzda0cr08m85hc8jlnfp3zer7xulejywt49kt2rr0vthywaa50xwsqdtejzc329up3s665cxswczse77neqxr2c6uk0jz
capacity__capacity_repeat_ratio,0.0,-1.3489727248167438,0.0,ckb1qzda0cr08m85hc8jlnfp3zer7xulejywt49kt2rr0vthywaa50xwsqdtr9km5rjdrntcf4a5jh7u55rl8rurp2snsf7v6
capacity__target_consumed_capacity,0.0,-4.044635599832544,0.0,ckb1qzda0cr08m85hc8jlnfp3zer7xulejywt49kt2rr0vthywaa50xwsqdtr9km5rjdrntcf4a5jh7u55rl8rurp2snsf7v6
capacity__target_net_capacity_delta,13200000000000.0,0.633959886371974,30.21123794552095,ckb1qzda0cr08m85hc8jlnfp3zer7xulejywt49kt2rr0vthywaa50xwsqdtr9km5rjdrntcf4a5jh7u55rl8rurp2snsf7v6
lineage__continuation_count,0.0,0.0,0.0,ckb1qzda0cr08m85hc8jlnfp3zer7xulejywt49kt2rr0vthywaa50xwsqdtr9km5rjdrntcf4a5jh7u55rl8rurp2snsf7v6
lineage__lineage_depth,1.0,-1.0,0.6931471805599453,ckb1qzda0cr08m85hc8jlnfp3zer7xulejywt49kt2rr0vthywaa50xwsqdtr9km5rjdrntcf4a5jh7u55rl8rurp2snsf7v6
lineage__lineage_repetition,0.0,-1.128899193514562,0.0,ckb1qzda0cr08m85hc8jlnfp3zer7xulejywt49kt2rr0vthywaa50xwsqdtr9km5rjdrntcf4a5jh7u55rl8rurp2snsf7v6
lineage__merge_count,1.0,-0.26957728969081496,0.6931471805599453,ckb1qzda0cr08m85hc8jlnfp3zer7xulejywt49kt2rr0vthywaa50xwsqdtr9km5rjdrntcf4a5jh7u55rl8rurp2snsf7v6
scripts__type_family_count,0.0,-0.501218028601448,0.0,ckb1qzda0cr08m85hc8jlnfp3zer7xulejywt49kt2rr0vthywaa50xwsqdtr9km5rjdrntcf4a5jh7u55rl8rurp2snsf7v6
scripts__unique_lock_script_count,5.0,0.0,1.791759469228055,ckb1qzda0cr08m85hc8jlnfp3zer7xulejywt49kt2rr0vthywaa50xwsqdtr9km5rjdrntcf4a5jh7u55rl8rurp2snsf7v6
scripts__unique_type_script_count,0.0,0.0,0.0,ckb1qzda0cr08m85hc8jlnfp3zer7xulejywt49kt2rr0vthywaa50xwsqdtr9km5rjdrntcf4a5jh7u55rl8rurp2snsf7v6
capacity__capacity_repeat_ratio,0.0,-1.3489727248167438,0.0,ckb1qzda0cr08m85hc8jlnfp3zer7xulejywt49kt2rr0vthywaa50xwsqdun3wce79ar4cmnl76tyehgha0muqg07gt556gd
capacity__target_consumed_capacity,404832850702.0,-0.19140434794393227,26.72674010454938,ckb1qzda0cr08m85hc8jlnfp3zer7xulejywt49kt2rr0vthywaa50xwsqdun3wce79ar4cmnl76tyehgha0muqg07gt556gd
capacity__target_net_capacity_delta,466548176902.0,0.5638177366268693,26.868627125005474,ckb1qzda0cr08m85hc8jlnfp3zer7xulejywt49kt2rr0vthywaa50xwsqdun3wce79ar4cmnl76tyehgha0muqg07gt556gd
lineage__continuation_count,0.0,0.0,0.0,ckb1qzda0cr08m85hc8jlnfp3zer7xulejywt49kt2rr0vthywaa50xwsqdun3wce79ar4cmnl76tyehgha0muqg07gt556gd
lineage__lineage_depth,1.0,-1.0,0.6931471805599453,ckb1qzda0cr08m85hc8jlnfp3zer7xulejywt49kt2rr0vthywaa50xwsqdun3wce79ar4cmnl76tyehgha0muqg07gt556gd
lineage__lineage_repetition,1.0,1.027789217390062,1.0,ckb1qzda0cr08m85hc8jlnfp3zer7xulejywt49kt2rr0vthywaa50xwsqdun3wce79ar4cmnl76tyehgha0muqg07gt556gd
lineage__merge_count,29.0,1.5308953501523477,3.4011973816621555,ckb1qzda0cr08m85hc8jlnfp3zer7xulejywt49kt2rr0vthywaa50xwsqdun3wce79ar4cmnl76tyehgha0muqg07gt556gd
scripts__type_family_count,0.0,-0.501218028601448,0.0,ckb1qzda0cr08m85hc8jlnfp3zer7xulejywt49kt2rr0vthywaa50xwsqdun3wce79ar4cmnl76tyehgha0muqg07gt556gd
scripts__unique_lock_script_count,101.0,2.261571754039832,4.624972813284271,ckb1qzda0cr08m85hc8jlnfp3zer7xulejywt49kt2rr0vthywaa50xwsqdun3wce79ar4cmnl76tyehgha0muqg07gt556gd
scripts__unique_type_script_count,0.0,0.0,0.0,ckb1qzda0cr08m85hc8jlnfp3zer7xulejywt49kt2rr0vthywaa50xwsqdun3wce79ar4cmnl76tyehgha0muqg07gt556gd
capacity__capacity_repeat_ratio,1.0,0.9020803841920981,1.0,ckb1qzda0cr08m85hc8jlnfp3zer7xulejywt49kt2rr0vthywaa50xwsqdv3msqhwu0eel0cx4vxkhzphyxdxg0p2gcn4zk4
capacity__target_consumed_capacity,23725000000000.0,0.39549003657175097,30.79755046042458,ckb1qzda0cr08m85hc8jlnfp3zer7xulejywt49kt2rr0vthywaa50xwsqdv3msqhwu0eel0cx4vxkhzphyxdxg0p2gcn4zk4
capacity__target_net_capacity_delta,0.0,0.0,0.0,ckb1qzda0cr08m85hc8jlnfp3zer7xulejywt49kt2rr0vthywaa50xwsqdv3msqhwu0eel0cx4vxkhzphyxdxg0p2gcn4zk4
lineage__continuation_count,0.0,0.0,0.0,ckb1qzda0cr08m85hc8jlnfp3zer7xulejywt49kt2rr0vthywaa50xwsqdv3msqhwu0eel0cx4vxkhzphyxdxg0p2gcn4zk4
lineage__lineage_depth,2.0,0.0,1.0986122886681098,ckb1qzda0cr08m85hc8jlnfp3zer7xulejywt49kt2rr0vthywaa50xwsqdv3msqhwu0eel0cx4vxkhzphyxdxg0p2gcn4zk4
lineage__lineage_repetition,0.0,-1.128899193514562,0.0,ckb1qzda0cr08m85hc8jlnfp3zer7xulejywt49kt2rr0vthywaa50xwsqdv3msqhwu0eel0cx4vxkhzphyxdxg0p2gcn4zk4
lineage__merge_count,2.0,0.0,1.0986122886681098,ckb1qzda0cr08m85hc8jlnfp3zer7xulejywt49kt2rr0vthywaa50xwsqdv3msqhwu0eel0cx4vxkhzphyxdxg0p2gcn4zk4
scripts__type_family_count,1.0,1.9951397255009098,0.6931471805599453,ckb1qzda0cr08m85hc8jlnfp3zer7xulejywt49kt2rr0vthywaa50xwsqdv3msqhwu0eel0cx4vxkhzphyxdxg0p2gcn4zk4
scripts__unique_lock_script_count,5.0,0.0,1.791759469228055,ckb1qzda0cr08m85hc8jlnfp3zer7xulejywt49kt2rr0vthywaa50xwsqdv3msqhwu0eel0cx4vxkhzphyxdxg0p2gcn4zk4
scripts__unique_type_script_count,1.0,1.0,0.6931471805599453,ckb1qzda0cr08m85hc8jlnfp3zer7xulejywt49kt2rr0vthywaa50xwsqdv3msqhwu0eel0cx4vxkhzphyxdxg0p2gcn4zk4
capacity__capacity_repeat_ratio,0.0,-1.3489727248167438,0.0,ckb1qzda0cr08m85hc8jlnfp3zer7xulejywt49kt2rr0vthywaa50xwsqdv5f45r3aevly9umatacdzw6x2hmycfss6cstcq
capacity__target_consumed_capacity,5011807388895.0,0.1713420577426246,29.242817722235092,ckb1qzda0cr08m85hc8jlnfp3zer7xulejywt49kt2rr0vthywaa50xwsqdv5f45r3aevly9umatacdzw6x2hmycfss6cstcq
capacity__target_net_capacity_delta,7462402598300.0,0.6219917471039678,29.64089854240812,ckb1qzda0cr08m85hc8jlnfp3zer7xulejywt49kt2rr0vthywaa50xwsqdv5f45r3aevly9umatacdzw6x2hmycfss6cstcq
lineage__continuation_count,1.0,1.0,0.6931471805599453,ckb1qzda0cr08m85hc8jlnfp3zer7xulejywt49kt2rr0vthywaa50xwsqdv5f45r3aevly9umatacdzw6x2hmycfss6cstcq
lineage__lineage_depth,1.0,-1.0,0.6931471805599453,ckb1qzda0cr08m85hc8jlnfp3zer7xulejywt49kt2rr0vthywaa50xwsqdv5f45r3aevly9umatacdzw6x2hmycfss6cstcq
lineage__lineage_repetition,0.0,-1.128899193514562,0.0,ckb1qzda0cr08m85hc8jlnfp3zer7xulejywt49kt2rr0vthywaa50xwsqdv5f45r3aevly9umatacdzw6x2hmycfss6cstcq
lineage__merge_count,1.0,-0.26957728969081496,0.6931471805599453,ckb1qzda0cr08m85hc8jlnfp3zer7xulejywt49kt2rr0vthywaa50xwsqdv5f45r3aevly9umatacdzw6x2hmycfss6cstcq
scripts__type_family_count,0.0,-0.501218028601448,0.0,ckb1qzda0cr08m85hc8jlnfp3zer7xulejywt49kt2rr0vthywaa50xwsqdv5f45r3aevly9umatacdzw6x2hmycfss6cstcq
scripts__unique_lock_script_count,2.0,-0.5532947556651122,1.0986122886681098,ckb1qzda0cr08m85hc8jlnfp3zer7xulejywt49kt2rr0vthywaa50xwsqdv5f45r3aevly9umatacdzw6x2hmycfss6cstcq
scripts__unique_type_script_count,0.0,0.0,0.0,ckb1qzda0cr08m85hc8jlnfp3zer7xulejywt49kt2rr0vthywaa50xwsqdv5f45r3aevly9umatacdzw6x2hmycfss6cstcq
capacity__capacity_repeat_ratio,1.0,0.9020803841920981,1.0,ckb1qzda0cr08m85hc8jlnfp3zer7xulejywt49kt2rr0vthywaa50xwsqdwa7y4etexhlslpeplm2gensrmkpgpfqc5kk4x9
capacity__target_consumed_capacity,100500099795030.0,0.6036200893182327,32.24117983641257,ckb1qzda0cr08m85hc8jlnfp3zer7xulejywt49kt2rr0vthywaa50xwsqdwa7y4etexhlslpeplm2gensrmkpgpfqc5kk4x9
capacity__target_net_capacity_delta,0.0,0.0,0.0,ckb1qzda0cr08m85hc8jlnfp3zer7xulejywt49kt2rr0vthywaa50xwsqdwa7y4etexhlslpeplm2gensrmkpgpfqc5kk4x9
lineage__continuation_count,0.0,0.0,0.0,ckb1qzda0cr08m85hc8jlnfp3zer7xulejywt49kt2rr0vthywaa50xwsqdwa7y4etexhlslpeplm2gensrmkpgpfqc5kk4x9
lineage__lineage_depth,2.0,0.0,1.0986122886681098,ckb1qzda0cr08m85hc8jlnfp3zer7xulejywt49kt2rr0vthywaa50xwsqdwa7y4etexhlslpeplm2gensrmkpgpfqc5kk4x9
lineage__lineage_repetition,0.0,-1.128899193514562,0.0,ckb1qzda0cr08m85hc8jlnfp3zer7xulejywt49kt2rr0vthywaa50xwsqdwa7y4etexhlslpeplm2gensrmkpgpfqc5kk4x9
lineage__merge_count,1.0,-0.26957728969081496,0.6931471805599453,ckb1qzda0cr08m85hc8jlnfp3zer7xulejywt49kt2rr0vthywaa50xwsqdwa7y4etexhlslpeplm2gensrmkpgpfqc5kk4x9
scripts__type_family_count,0.0,-0.501218028601448,0.0,ckb1qzda0cr08m85hc8jlnfp3zer7xulejywt49kt2rr0vthywaa50xwsqdwa7y4etexhlslpeplm2gensrmkpgpfqc5kk4x9
scripts__unique_lock_script_count,12.0,0.6171876944623629,2.5649493574615367,ckb1qzda0cr08m85hc8jlnfp3zer7xulejywt49kt2rr0vthywaa50xwsqdwa7y4etexhlslpeplm2gensrmkpgpfqc5kk4x9
scripts__unique_type_script_count,0.0,0.0,0.0,ckb1qzda0cr08m85hc8jlnfp3zer7xulejywt49kt2rr0vthywaa50xwsqdwa7y4etexhlslpeplm2gensrmkpgpfqc5kk4x9
capacity__capacity_repeat_ratio,1.0,0.9020803841920981,1.0,ckb1qzda0cr08m85hc8jlnfp3zer7xulejywt49kt2rr0vthywaa50xwsqdx5m2dx9j9el3arnuntxu5lkfafw4dyxgq357up
capacity__target_consumed_capacity,989900000000.0,-0.06249643261557591,27.620869764873184,ckb1qzda0cr08m85hc8jlnfp3zer7xulejywt49kt2rr0vthywaa50xwsqdx5m2dx9j9el3arnuntxu5lkfafw4dyxgq357up
capacity__target_net_capacity_delta,0.0,0.0,0.0,ckb1qzda0cr08m85hc8jlnfp3zer7xulejywt49kt2rr0vthywaa50xwsqdx5m2dx9j9el3arnuntxu5lkfafw4dyxgq357up
lineage__continuation_count,0.0,0.0,0.0,ckb1qzda0cr08m85hc8jlnfp3zer7xulejywt49kt2rr0vthywaa50xwsqdx5m2dx9j9el3arnuntxu5lkfafw4dyxgq357up
lineage__lineage_depth,2.0,0.0,1.0986122886681098,ckb1qzda0cr08m85hc8jlnfp3zer7xulejywt49kt2rr0vthywaa50xwsqdx5m2dx9j9el3arnuntxu5lkfafw4dyxgq357up
lineage__lineage_repetition,0.0,-1.128899193514562,0.0,ckb1qzda0cr08m85hc8jlnfp3zer7xulejywt49kt2rr0vthywaa50xwsqdx5m2dx9j9el3arnuntxu5lkfafw4dyxgq357up
lineage__merge_count,2.0,0.0,1.0986122886681098,ckb1qzda0cr08m85hc8jlnfp3zer7xulejywt49kt2rr0vthywaa50xwsqdx5m2dx9j9el3arnuntxu5lkfafw4dyxgq357up
scripts__type_family_count,0.0,-0.501218028601448,0.0,ckb1qzda0cr08m85hc8jlnfp3zer7xulejywt49kt2rr0vthywaa50xwsqdx5m2dx9j9el3arnuntxu5lkfafw4dyxgq357up
scripts__unique_lock_script_count,11.0,0.5532947556651123,2.4849066497880004,ckb1qzda0cr08m85hc8jlnfp3zer7xulejywt49kt2rr0vthywaa50xwsqdx5m2dx9j9el3arnuntxu5lkfafw4dyxgq357up
scripts__unique_type_script_count,0.0,0.0,0.0,ckb1qzda0cr08m85hc8jlnfp3zer7xulejywt49kt2rr0vthywaa50xwsqdx5m2dx9j9el3arnuntxu5lkfafw4dyxgq357up
capacity__capacity_repeat_ratio,1.0,0.9020803841920981,1.0,ckb1qzda0cr08m85hc8jlnfp3zer7xulejywt49kt2rr0vthywaa50xwsqdxaqe07wj7kc5y9suqc6lkdqz4wm85ltq0ng53r
capacity__target_consumed_capacity,50000000000.0,-0.49293178202726334,24.63528884239456,ckb1qzda0cr08m85hc8jlnfp3zer7xulejywt49kt2rr0vthywaa50xwsqdxaqe07wj7kc5y9suqc6lkdqz4wm85ltq0ng53r
capacity__target_net_capacity_delta,0.0,0.0,0.0,ckb1qzda0cr08m85hc8jlnfp3zer7xulejywt49kt2rr0vthywaa50xwsqdxaqe07wj7kc5y9suqc6lkdqz4wm85ltq0ng53r
lineage__continuation_count,0.0,0.0,0.0,ckb1qzda0cr08m85hc8jlnfp3zer7xulejywt49kt2rr0vthywaa50xwsqdxaqe07wj7kc5y9suqc6lkdqz4wm85ltq0ng53r
lineage__lineage_depth,2.0,0.0,1.0986122886681098,ckb1qzda0cr08m85hc8jlnfp3zer7xulejywt49kt2rr0vthywaa50xwsqdxaqe07wj7kc5y9suqc6lkdqz4wm85ltq0ng53r
lineage__lineage_repetition,0.0,-1.128899193514562,0.0,ckb1qzda0cr08m85hc8jlnfp3zer7xulejywt49kt2rr0vthywaa50xwsqdxaqe07wj7kc5y9suqc6lkdqz4wm85ltq0ng53r
lineage__merge_count,2.0,0.0,1.0986122886681098,ckb1qzda0cr08m85hc8jlnfp3zer7xulejywt49kt2rr0vthywaa50xwsqdxaqe07wj7kc5y9suqc6lkdqz4wm85ltq0ng53r
scripts__type_family_count,0.0,-0.501218028601448,0.0,ckb1qzda0cr08m85hc8jlnfp3zer7xulejywt49kt2rr0vthywaa50xwsqdxaqe07wj7kc5y9suqc6lkdqz4wm85ltq0ng53r
scripts__unique_lock_script_count,5.0,0.0,1.791759469228055,ckb1qzda0cr08m85hc8jlnfp3zer7xulejywt49kt2rr0vthywaa50xwsqdxaqe07wj7kc5y9suqc6lkdqz4wm85ltq0ng53r
scripts__unique_type_script_count,0.0,0.0,0.0,ckb1qzda0cr08m85hc8jlnfp3zer7xulejywt49kt2rr0vthywaa50xwsqdxaqe07wj7kc5y9suqc6lkdqz4wm85ltq0ng53r
capacity__capacity_repeat_ratio,1.0,0.9020803841920981,1.0,ckb1qzda0cr08m85hc8jlnfp3zer7xulejywt49kt2rr0vthywaa50xwsqdxzlmuqal6c37hk678qjekya0qjd5m5lq7hhzaq
capacity__target_consumed_capacity,2228175192549.0,0.05447476091058875,28.432204067106007,ckb1qzda0cr08m85hc8jlnfp3zer7xulejywt49kt2rr0vthywaa50xwsqdxzlmuqal6c37hk678qjekya0qjd5m5lq7hhzaq
capacity__target_net_capacity_delta,0.0,0.0,0.0,ckb1qzda0cr08m85hc8jlnfp3zer7xulejywt49kt2rr0vthywaa50xwsqdxzlmuqal6c37hk678qjekya0qjd5m5lq7hhzaq
lineage__continuation_count,0.0,0.0,0.0,ckb1qzda0cr08m85hc8jlnfp3zer7xulejywt49kt2rr0vthywaa50xwsqdxzlmuqal6c37hk678qjekya0qjd5m5lq7hhzaq
lineage__lineage_depth,8.0,2.709511291351454,2.1972245773362196,ckb1qzda0cr08m85hc8jlnfp3zer7xulejywt49kt2rr0vthywaa50xwsqdxzlmuqal6c37hk678qjekya0qjd5m5lq7hhzaq
lineage__lineage_repetition,0.9861111111111112,0.9978352116830536,0.9861111111111112,ckb1qzda0cr08m85hc8jlnfp3zer7xulejywt49kt2rr0vthywaa50xwsqdxzlmuqal6c37hk678qjekya0qjd5m5lq7hhzaq
lineage__merge_count,26.0,1.4608454206183699,3.295836866004329,ckb1qzda0cr08m85hc8jlnfp3zer7xulejywt49kt2rr0vthywaa50xwsqdxzlmuqal6c37hk678qjekya0qjd5m5lq7hhzaq
scripts__type_family_count,0.0,-0.501218028601448,0.0,ckb1qzda0cr08m85hc8jlnfp3zer7xulejywt49kt2rr0vthywaa50xwsqdxzlmuqal6c37hk678qjekya0qjd5m5lq7hhzaq
scripts__unique_lock_script_count,3.0,-0.3236566839097652,1.3862943611198906,ckb1qzda0cr08m85hc8jlnfp3zer7xulejywt49kt2rr0vthywaa50xwsqdxzlmuqal6c37hk678qjekya0qjd5m5lq7hhzaq
scripts__unique_type_script_count,0.0,0.0,0.0,ckb1qzda0cr08m85hc8jlnfp3zer7xulejywt49kt2rr0vthywaa50xwsqdxzlmuqal6c37hk678qjekya0qjd5m5lq7hhzaq
capacity__capacity_repeat_ratio,1.0,0.9020803841920981,1.0,ckb1qzda0cr08m85hc8jlnfp3zer7xulejywt49kt2rr0vthywaa50xwsqdxzpng0y93mrnmxq0e73j4yu4d3n3mkuqc5r59u
capacity__target_consumed_capacity,18235950295913.0,0.3575535834380329,30.534416052673595,ckb1qzda0cr08m85hc8jlnfp3zer7xulejywt49kt2rr0vthywaa50xwsqdxzpng0y93mrnmxq0e73j4yu4d3n3mkuqc5r59u
capacity__target_net_capacity_delta,0.0,0.0,0.0,ckb1qzda0cr08m85hc8jlnfp3zer7xulejywt49kt2rr0vthywaa50xwsqdxzpng0y93mrnmxq0e73j4yu4d3n3mkuqc5r59u
lineage__continuation_count,0.0,0.0,0.0,ckb1qzda0cr08m85hc8jlnfp3zer7xulejywt49kt2rr0vthywaa50xwsqdxzpng0y93mrnmxq0e73j4yu4d3n3mkuqc5r59u
lineage__lineage_depth,2.0,0.0,1.0986122886681098,ckb1qzda0cr08m85hc8jlnfp3zer7xulejywt49kt2rr0vthywaa50xwsqdxzpng0y93mrnmxq0e73j4yu4d3n3mkuqc5r59u
lineage__lineage_repetition,1.0,1.027789217390062,1.0,ckb1qzda0cr08m85hc8jlnfp3zer7xulejywt49kt2rr0vthywaa50xwsqdxzpng0y93mrnmxq0e73j4yu4d3n3mkuqc5r59u
lineage__merge_count,4.0,0.3396272192247922,1.6094379124341003,ckb1qzda0cr08m85hc8jlnfp3zer7xulejywt49kt2rr0vthywaa50xwsqdxzpng0y93mrnmxq0e73j4yu4d3n3mkuqc5r59u
scripts__type_family_count,0.0,-0.501218028601448,0.0,ckb1qzda0cr08m85hc8jlnfp3zer7xulejywt49kt2rr0vthywaa50xwsqdxzpng0y93mrnmxq0e73j4yu4d3n3mkuqc5r59u
scripts__unique_lock_script_count,3.0,-0.3236566839097652,1.3862943611198906,ckb1qzda0cr08m85hc8jlnfp3zer7xulejywt49kt2rr0vthywaa50xwsqdxzpng0y93mrnmxq0e73j4yu4d3n3mkuqc5r59u
scripts__unique_type_script_count,0.0,0.0,0.0,ckb1qzda0cr08m85hc8jlnfp3zer7xulejywt49kt2rr0vthywaa50xwsqdxzpng0y93mrnmxq0e73j4yu4d3n3mkuqc5r59u
capacity__capacity_repeat_ratio,0.0,-1.3489727248167438,0.0,ckb1qzda0cr08m85hc8jlnfp3zer7xulejywt49kt2rr0vthywaa50xwsqdy03jsqq4r873dyqm49pckertnx0qvw0qvde0sg
capacity__target_consumed_capacity,17089409090000.0,0.34819166771378435,30.469480036097885,ckb1qzda0cr08m85hc8jlnfp3zer7xulejywt49kt2rr0vthywaa50xwsqdy03jsqq4r873dyqm49pckertnx0qvw0qvde0sg
capacity__target_net_capacity_delta,-17089409090000.0,-0.6393789005379555,-30.469480036097885,ckb1qzda0cr08m85hc8jlnfp3zer7xulejywt49kt2rr0vthywaa50xwsqdy03jsqq4r873dyqm49pckertnx0qvw0qvde0sg
lineage__continuation_count,0.0,0.0,0.0,ckb1qzda0cr08m85hc8jlnfp3zer7xulejywt49kt2rr0vthywaa50xwsqdy03jsqq4r873dyqm49pckertnx0qvw0qvde0sg
lineage__lineage_depth,1.0,-1.0,0.6931471805599453,ckb1qzda0cr08m85hc8jlnfp3zer7xulejywt49kt2rr0vthywaa50xwsqdy03jsqq4r873dyqm49pckertnx0qvw0qvde0sg
lineage__lineage_repetition,0.0,-1.128899193514562,0.0,ckb1qzda0cr08m85hc8jlnfp3zer7xulejywt49kt2rr0vthywaa50xwsqdy03jsqq4r873dyqm49pckertnx0qvw0qvde0sg
lineage__merge_count,1.0,-0.26957728969081496,0.6931471805599453,ckb1qzda0cr08m85hc8jlnfp3zer7xulejywt49kt2rr0vthywaa50xwsqdy03jsqq4r873dyqm49pckertnx0qvw0qvde0sg
scripts__type_family_count,0.0,-0.501218028601448,0.0,ckb1qzda0cr08m85hc8jlnfp3zer7xulejywt49kt2rr0vthywaa50xwsqdy03jsqq4r873dyqm49pckertnx0qvw0qvde0sg
scripts__unique_lock_script_count,8.0,0.3236566839097654,2.1972245773362196,ckb1qzda0cr08m85hc8jlnfp3zer7xulejywt49kt2rr0vthywaa50xwsqdy03jsqq4r873dyqm49pckertnx0qvw0qvde0sg
scripts__unique_type_script_count,0.0,0.0,0.0,ckb1qzda0cr08m85hc8jlnfp3zer7xulejywt49kt2rr0vthywaa50xwsqdy03jsqq4r873dyqm49pckertnx0qvw0qvde0sg
capacity__capacity_repeat_ratio,0.0,-1.3489727248167438,0.0,ckb1qzda0cr08m85hc8jlnfp3zer7xulejywt49kt2rr0vthywaa50xwsqdytgmu0z5yskwrnegfptr3n4pcx9d6tlswehku8
capacity__target_consumed_capacity,120830807434.0,-0.3657195218205467,25.517657118368334,ckb1qzda0cr08m85hc8jlnfp3zer7xulejywt49kt2rr0vthywaa50xwsqdytgmu0z5yskwrnegfptr3n4pcx9d6tlswehku8
capacity__target_net_capacity_delta,-120830807434.0,-0.535468656941884,-25.517657118368334,ckb1qzda0cr08m85hc8jlnfp3zer7xulejywt49kt2rr0vthywaa50xwsqdytgmu0z5yskwrnegfptr3n4pcx9d6tlswehku8
lineage__continuation_count,0.0,0.0,0.0,ckb1qzda0cr08m85hc8jlnfp3zer7xulejywt49kt2rr0vthywaa50xwsqdytgmu0z5yskwrnegfptr3n4pcx9d6tlswehku8
lineage__lineage_depth,1.0,-1.0,0.6931471805599453,ckb1qzda0cr08m85hc8jlnfp3zer7xulejywt49kt2rr0vthywaa50xwsqdytgmu0z5yskwrnegfptr3n4pcx9d6tlswehku8
lineage__lineage_repetition,0.75,0.48861711466390606,0.75,ckb1qzda0cr08m85hc8jlnfp3zer7xulejywt49kt2rr0vthywaa50xwsqdytgmu0z5yskwrnegfptr3n4pcx9d6tlswehku8
lineage__merge_count,4.0,0.3396272192247922,1.6094379124341003,ckb1qzda0cr08m85hc8jlnfp3zer7xulejywt49kt2rr0vthywaa50xwsqdytgmu0z5yskwrnegfptr3n4pcx9d6tlswehku8
scripts__type_family_count,0.0,-0.501218028601448,0.0,ckb1qzda0cr08m85hc8jlnfp3zer7xulejywt49kt2rr0vthywaa50xwsqdytgmu0z5yskwrnegfptr3n4pcx9d6tlswehku8
scripts__unique_lock_script_count,41.0,1.5532947556651124,3.7376696182833684,ckb1qzda0cr08m85hc8jlnfp3zer7xulejywt49kt2rr0vthywaa50xwsqdytgmu0z5yskwrnegfptr3n4pcx9d6tlswehku8
scripts__unique_type_script_count,0.0,0.0,0.0,ckb1qzda0cr08m85hc8jlnfp3zer7xulejywt49kt2rr0vthywaa50xwsqdytgmu0z5yskwrnegfptr3n4pcx9d6tlswehku8
capacity__capacity_repeat_ratio,0.9534883720930233,0.7973802395870359,0.9534883720930233,ckb1qzda0cr08m85hc8jlnfp3zer7xulejywt49kt2rr0vthywaa50xwsqdywhhfnhv7xz24x9y79yu47u9ugwr8p2sccyn4q
capacity__target_consumed_capacity,61100000000.0,-0.46402702443770466,24.835777703140327,ckb1qzda0cr08m85hc8jlnfp3zer7xulejywt49kt2rr0vthywaa50xwsqdywhhfnhv7xz24x9y79yu47u9ugwr8p2sccyn4q
capacity__target_net_capacity_delta,26356878735028.0,0.6484707503035579,30.902750409410398,ckb1qzda0cr08m85hc8jlnfp3zer7xulejywt49kt2rr0vthywaa50xwsqdywhhfnhv7xz24x9y79yu47u9ugwr8p2sccyn4q
lineage__continuation_count,1.0,1.0,0.6931471805599453,ckb1qzda0cr08m85hc8jlnfp3zer7xulejywt49kt2rr0vthywaa50xwsqdywhhfnhv7xz24x9y79yu47u9ugwr8p2sccyn4q
lineage__lineage_depth,16.0,4.278052588745498,2.833213344056216,ckb1qzda0cr08m85hc8jlnfp3zer7xulejywt49kt2rr0vthywaa50xwsqdywhhfnhv7xz24x9y79yu47u9ugwr8p2sccyn4q
lineage__lineage_repetition,0.96875,0.9603927045492926,0.96875,ckb1qzda0cr08m85hc8jlnfp3zer7xulejywt49kt2rr0vthywaa50xwsqdywhhfnhv7xz24x9y79yu47u9ugwr8p2sccyn4q
lineage__merge_count,3.0,0.1912681309275552,1.3862943611198906,ckb1qzda0cr08m85hc8jlnfp3zer7xulejywt49kt2rr0vthywaa50xwsqdywhhfnhv7xz24x9y79yu47u9ugwr8p2sccyn4q
scripts__type_family_count,1.0,1.9951397255009098,0.6931471805599453,ckb1qzda0cr08m85hc8jlnfp3zer7xulejywt49kt2rr0vthywaa50xwsqdywhhfnhv7xz24x9y79yu47u9ugwr8p2sccyn4q
scripts__unique_lock_script_count,4.0,-0.14553555730732698,1.6094379124341003,ckb1qzda0cr08m85hc8jlnfp3zer7xulejywt49kt2rr0vthywaa50xwsqdywhhfnhv7xz24x9y79yu47u9ugwr8p2sccyn4q
scripts__unique_type_script_count,1.0,1.0,0.6931471805599453,ckb1qzda0cr08m85hc8jlnfp3zer7xulejywt49kt2rr0vthywaa50xwsqdywhhfnhv7xz24x9y79yu47u9ugwr8p2sccyn4q
capacity__capacity_repeat_ratio,0.0,-1.3489727248167438,0.0,ckb1qzda0cr08m85hc8jlnfp3zer7xulejywt49kt2rr0vthywaa50xwsqdzcwm3dgw383w7uv4v9a95jdxtxgzrmdcpxs45n
capacity__target_consumed_capacity,0.0,-4.044635599832544,0.0,ckb1qzda0cr08m85hc8jlnfp3zer7xulejywt49kt2rr0vthywaa50xwsqdzcwm3dgw383w7uv4v9a95jdxtxgzrmdcpxs45n
capacity__target_net_capacity_delta,354198252264.0,0.5580364839700618,26.5931226279662,ckb1qzda0cr08m85hc8jlnfp3zer7xulejywt49kt2rr0vthywaa50xwsqdzcwm3dgw383w7uv4v9a95jdxtxgzrmdcpxs45n
lineage__continuation_count,0.0,0.0,0.0,ckb1qzda0cr08m85hc8jlnfp3zer7xulejywt49kt2rr0vthywaa50xwsqdzcwm3dgw383w7uv4v9a95jdxtxgzrmdcpxs45n
lineage__lineage_depth,1.0,-1.0,0.6931471805599453,ckb1qzda0cr08m85hc8jlnfp3zer7xulejywt49kt2rr0vthywaa50xwsqdzcwm3dgw383w7uv4v9a95jdxtxgzrmdcpxs45n
lineage__lineage_repetition,1.0,1.027789217390062,1.0,ckb1qzda0cr08m85hc8jlnfp3zer7xulejywt49kt2rr0vthywaa50xwsqdzcwm3dgw383w7uv4v9a95jdxtxgzrmdcpxs45n
lineage__merge_count,2.0,0.0,1.0986122886681098,ckb1qzda0cr08m85hc8jlnfp3zer7xulejywt49kt2rr0vthywaa50xwsqdzcwm3dgw383w7uv4v9a95jdxtxgzrmdcpxs45n
scripts__type_family_count,0.0,-0.501218028601448,0.0,ckb1qzda0cr08m85hc8jlnfp3zer7xulejywt49kt2rr0vthywaa50xwsqdzcwm3dgw383w7uv4v9a95jdxtxgzrmdcpxs45n
scripts__unique_lock_script_count,2.0,-0.5532947556651122,1.0986122886681098,ckb1qzda0cr08m85hc8jlnfp3zer7xulejywt49kt2rr0vthywaa50xwsqdzcwm3dgw383w7uv4v9a95jdxtxgzrmdcpxs45n
scripts__unique_type_script_count,0.0,0.0,0.0,ckb1qzda0cr08m85hc8jlnfp3zer7xulejywt49kt2rr0vthywaa50xwsqdzcwm3dgw383w7uv4v9a95jdxtxgzrmdcpxs45n
capacity__capacity_repeat_ratio,0.2492462311557789,-0.7879062212647913,0.2492462311557789,ckb1qzda0cr08m85hc8jlnfp3zer7xulejywt49kt2rr0vthywaa50xwsqf2pf3uu524tn9umy7g3gchaa6sgamvs4sx454l6
capacity__target_consumed_capacity,6.778828384373339e+16,1.5427504911733723,38.75516577025989,ckb1qzda0cr08m85hc8jlnfp3zer7xulejywt49kt2rr0vthywaa50xwsqf2pf3uu524tn9umy7g3gchaa6sgamvs4sx454l6
capacity__target_net_capacity_delta,375187858574931.0,0.7041985469755573,33.55844797266211,ckb1qzda0cr08m85hc8jlnfp3zer7xulejywt49kt2rr0vthywaa50xwsqf2pf3uu524tn9umy7g3gchaa6sgamvs4sx454l6
lineage__continuation_count,85.0,6.426264754702098,4.454347296253507,ckb1qzda0cr08m85hc8jlnfp3zer7xulejywt49kt2rr0vthywaa50xwsqf2pf3uu524tn9umy7g3gchaa6sgamvs4sx454l6
lineage__lineage_depth,40.0,6.449284354545778,3.713572066704308,ckb1qzda0cr08m85hc8jlnfp3zer7xulejywt49kt2rr0vthywaa50xwsqf2pf3uu524tn9umy7g3gchaa6sgamvs4sx454l6
lineage__lineage_repetition,0.9976851851851852,1.0227968831055607,0.9976851851851852,ckb1qzda0cr08m85hc8jlnfp3zer7xulejywt49kt2rr0vthywaa50xwsqf2pf3uu524tn9umy7g3gchaa6sgamvs4sx454l6
lineage__merge_count,786.0,3.703011541617996,6.668228248417403,ckb1qzda0cr08m85hc8jlnfp3zer7xulejywt49kt2rr0vthywaa50xwsqf2pf3uu524tn9umy7g3gchaa6sgamvs4sx454l6
scripts__type_family_count,0.0,-0.501218028601448,0.0,ckb1qzda0cr08m85hc8jlnfp3zer7xulejywt49kt2rr0vthywaa50xwsqf2pf3uu524tn9umy7g3gchaa6sgamvs4sx454l6
scripts__unique_lock_script_count,96.0,2.221450968188974,4.574710978503383,ckb1qzda0cr08m85hc8jlnfp3zer7xulejywt49kt2rr0vthywaa50xwsqf2pf3uu524tn9umy7g3gchaa6sgamvs4sx454l6
scripts__unique_type_script_count,0.0,0.0,0.0,ckb1qzda0cr08m85hc8jlnfp3zer7xulejywt49kt2rr0vthywaa50xwsqf2pf3uu524tn9umy7g3gchaa6sgamvs4sx454l6
capacity__capacity_repeat_ratio,0.0,-1.3489727248167438,0.0,ckb1qzda0cr08m85hc8jlnfp3zer7xulejywt49kt2rr0vthywaa50xwsqf3q9e554euxmpqyaju2n3prxl3fxuphqs9l8zmt
capacity__target_consumed_capacity,0.0,-4.044635599832544,0.0,ckb1qzda0cr08m85hc8jlnfp3zer7xulejywt49kt2rr0vthywaa50xwsqf3q9e554euxmpqyaju2n3prxl3fxuphqs9l8zmt
capacity__target_net_capacity_delta,10853843986336.0,0.6298533223585694,30.01554041762612,ckb1qzda0cr08m85hc8jlnfp3zer7xulejywt49kt2rr0vthywaa50xwsqf3q9e554euxmpqyaju2n3prxl3fxuphqs9l8zmt
lineage__continuation_count,0.0,0.0,0.0,ckb1qzda0cr08m85hc8jlnfp3zer7xulejywt49kt2rr0vthywaa50xwsqf3q9e554euxmpqyaju2n3prxl3fxuphqs9l8zmt
lineage__lineage_depth,1.0,-1.0,0.6931471805599453,ckb1qzda0cr08m85hc8jlnfp3zer7xulejywt49kt2rr0vthywaa50xwsqf3q9e554euxmpqyaju2n3prxl3fxuphqs9l8zmt
lineage__lineage_repetition,1.0,1.027789217390062,1.0,ckb1qzda0cr08m85hc8jlnfp3zer7xulejywt49kt2rr0vthywaa50xwsqf3q9e554euxmpqyaju2n3prxl3fxuphqs9l8zmt
lineage__merge_count,26.0,1.4608454206183699,3.295836866004329,ckb1qzda0cr08m85hc8jlnfp3zer7xulejywt49kt2rr0vthywaa50xwsqf3q9e554euxmpqyaju2n3prxl3fxuphqs9l8zmt
scripts__type_family_count,0.0,-0.501218028601448,0.0,ckb1qzda0cr08m85hc8jlnfp3zer7xulejywt49kt2rr0vthywaa50xwsqf3q9e554euxmpqyaju2n3prxl3fxuphqs9l8zmt
scripts__unique_lock_script_count,92.0,2.187836081407395,4.532599493153256,ckb1qzda0cr08m85hc8jlnfp3zer7xulejywt49kt2rr0vthywaa50xwsqf3q9e554euxmpqyaju2n3prxl3fxuphqs9l8zmt
scripts__unique_type_script_count,0.0,0.0,0.0,ckb1qzda0cr08m85hc8jlnfp3zer7xulejywt49kt2rr0vthywaa50xwsqf3q9e554euxmpqyaju2n3prxl3fxuphqs9l8zmt
capacity__capacity_repeat_ratio,0.43243243243243246,-0.37554435335346076,0.43243243243243246,ckb1qzda0cr08m85hc8jlnfp3zer7xulejywt49kt2rr0vthywaa50xwsqf4s8sxvjqhp8qpxyqj03kwmry2a43kggq7um8ef
capacity__target_consumed_capacity,1072687113090581.0,0.944983825238096,34.6089432159337,ckb1qzda0cr08m85hc8jlnfp3zer7xulejywt49kt2rr0vthywaa50xwsqf4s8sxvjqhp8qpxyqj03kwmry2a43kggq7um8ef
capacity__target_net_capacity_delta,697563077157638.0,0.717212261347945,34.17861405873615,ckb1qzda0cr08m85hc8jlnfp3zer7xulejywt49kt2rr0vthywaa50xwsqf4s8sxvjqhp8qpxyqj03kwmry2a43kggq7um8ef
lineage__continuation_count,6.0,2.807354922057604,1.9459101490553132,ckb1qzda0cr08m85hc8jlnfp3zer7xulejywt49kt2rr0vthywaa50xwsqf4s8sxvjqhp8qpxyqj03kwmry2a43kggq7um8ef
lineage__lineage_depth,4.0,1.2598510045646625,1.6094379124341003,ckb1qzda0cr08m85hc8jlnfp3zer7xulejywt49kt2rr0vthywaa50xwsqf4s8sxvjqhp8qpxyqj03kwmry2a43kggq7um8ef
lineage__lineage_repetition,0.9642857142857143,0.9507646312863256,0.9642857142857143,ckb1qzda0cr08m85hc8jlnfp3zer7xulejywt49kt2rr0vthywaa50xwsqf4s8sxvjqhp8qpxyqj03kwmry2a43kggq7um8ef
lineage__merge_count,23.0,1.3825362618551107,3.1780538303479458,ckb1qzda0cr08m85hc8jlnfp3zer7xulejywt49kt2rr0vthywaa50xwsqf4s8sxvjqhp8qpxyqj03kwmry2a43kggq7um8ef
scripts__type_family_count,0.0,-0.501218028601448,0.0,ckb1qzda0cr08m85hc8jlnfp3zer7xulejywt49kt2rr0vthywaa50xwsqf4s8sxvjqhp8qpxyqj03kwmry2a43kggq7um8ef
scripts__unique_lock_script_count,11.0,0.5532947556651123,2.4849066497880004,ckb1qzda0cr08m85hc8jlnfp3zer7xulejywt49kt2rr0vthywaa50xwsqf4s8sxvjqhp8qpxyqj03kwmry2a43kggq7um8ef
scripts__unique_type_script_count,0.0,0.0,0.0,ckb1qzda0cr08m85hc8jlnfp3zer7xulejywt49kt2rr0vthywaa50xwsqf4s8sxvjqhp8qpxyqj03kwmry2a43kggq7um8ef
capacity__capacity_repeat_ratio,0.4,-0.448551481213207,0.4,ckb1qzda0cr08m85hc8jlnfp3zer7xulejywt49kt2rr0vthywaa50xwsqf68ndqgrm406nmahnk8uyvl6up7hzhgdcjvn87t
capacity__target_consumed_capacity,321313630283.0,-0.2247160960977135,26.495683524465342,ckb1qzda0cr08m85hc8jlnfp3zer7xulejywt49kt2rr0vthywaa50xwsqf68ndqgrm406nmahnk8uyvl6up7hzhgdcjvn87t
capacity__target_net_capacity_delta,-59013740283.0,-0.5204309098990177,-24.801036139907847,ckb1qzda0cr08m85hc8jlnfp3zer7xulejywt49kt2rr0vthywaa50xwsqf68ndqgrm406nmahnk8uyvl6up7hzhgdcjvn87t
lineage__continuation_count,0.0,0.0,0.0,ckb1qzda0cr08m85hc8jlnfp3zer7xulejywt49kt2rr0vthywaa50xwsqf68ndqgrm406nmahnk8uyvl6up7hzhgdcjvn87t
lineage__lineage_depth,2.0,0.0,1.0986122886681098,ckb1qzda0cr08m85hc8jlnfp3zer7xulejywt49kt2rr0vthywaa50xwsqf68ndqgrm406nmahnk8uyvl6up7hzhgdcjvn87t
lineage__lineage_repetition,0.875,0.7582031660269841,0.875,ckb1qzda0cr08m85hc8jlnfp3zer7xulejywt49kt2rr0vthywaa50xwsqf68ndqgrm406nmahnk8uyvl6up7hzhgdcjvn87t
lineage__merge_count,7.0,0.6521135515459253,2.0794415416798357,ckb1qzda0cr08m85hc8jlnfp3zer7xulejywt49kt2rr0vthywaa50xwsqf68ndqgrm406nmahnk8uyvl6up7hzhgdcjvn87t
scripts__type_family_count,1.0,1.9951397255009098,0.6931471805599453,ckb1qzda0cr08m85hc8jlnfp3zer7xulejywt49kt2rr0vthywaa50xwsqf68ndqgrm406nmahnk8uyvl6up7hzhgdcjvn87t
scripts__unique_lock_script_count,24.0,1.1391750806253358,3.2188758248682006,ckb1qzda0cr08m85hc8jlnfp3zer7xulejywt49kt2rr0vthywaa50xwsqf68ndqgrm406nmahnk8uyvl6up7hzhgdcjvn87t
scripts__unique_type_script_count,1.0,1.0,0.6931471805599453,ckb1qzda0cr08m85hc8jlnfp3zer7xulejywt49kt2rr0vthywaa50xwsqf68ndqgrm406nmahnk8uyvl6up7hzhgdcjvn87t
capacity__capacity_repeat_ratio,0.5217391304347826,-0.17451023315995676,0.5217391304347826,ckb1qzda0cr08m85hc8jlnfp3zer7xulejywt49kt2rr0vthywaa50xwsqf6qtawqcsf9ga3yuhh8gfhxuyah7rvtlgzn95vl
capacity__target_consumed_capacity,5180041398117010.0,1.1720027594333875,36.18358944306462,ckb1qzda0cr08m85hc8jlnfp3zer7xulejywt49kt2rr0vthywaa50xwsqf6qtawqcsf9ga3yuhh8gfhxuyah7rvtlgzn95vl
capacity__target_net_capacity_delta,-619685198334974.0,-0.7147281188598079,-34.06023272040073,ckb1qzda0cr08m85hc8jlnfp3zer7xulejywt49kt2rr0vthywaa50xwsqf6qtawqcsf9ga3yuhh8gfhxuyah7rvtlgzn95vl
lineage__continuation_count,11.0,3.5849625007211565,2.4849066497880004,ckb1qzda0cr08m85hc8jlnfp3zer7xulejywt49kt2rr0vthywaa50xwsqf6qtawqcsf9ga3yuhh8gfhxuyah7rvtlgzn95vl
lineage__lineage_depth,6.0,2.0896936467371017,1.9459101490553132,ckb1qzda0cr08m85hc8jlnfp3zer7xulejywt49kt2rr0vthywaa50xwsqf6qtawqcsf9ga3yuhh8gfhxuyah7rvtlgzn95vl
lineage__lineage_repetition,0.8181818181818182,0.6356640517710396,0.8181818181818182,ckb1qzda0cr08m85hc8jlnfp3zer7xulejywt49kt2rr0vthywaa50xwsqf6qtawqcsf9ga3yuhh8gfhxuyah7rvtlgzn95vl
lineage__merge_count,1.0,-0.26957728969081496,0.6931471805599453,ckb1qzda0cr08m85hc8jlnfp3zer7xulejywt49kt2rr0vthywaa50xwsqf6qtawqcsf9ga3yuhh8gfhxuyah7rvtlgzn95vl
scripts__type_family_count,0.0,-0.501218028601448,0.0,ckb1qzda0cr08m85hc8jlnfp3zer7xulejywt49kt2rr0vthywaa50xwsqf6qtawqcsf9ga3yuhh8gfhxuyah7rvtlgzn95vl
scripts__unique_lock_script_count,9.0,0.40775919835778557,2.302585092994046,ckb1qzda0cr08m85hc8jlnfp3zer7xulejywt49kt2rr0vthywaa50xwsqf6qtawqcsf9ga3yuhh8gfhxuyah7rvtlgzn95vl
scripts__unique_type_script_count,0.0,0.0,0.0,ckb1qzda0cr08m85hc8jlnfp3zer7xulejywt49kt2rr0vthywaa50xwsqf6qtawqcsf9ga3yuhh8gfhxuyah7rvtlgzn95vl
capacity__capacity_repeat_ratio,0.0,-1.3489727248167438,0.0,ckb1qzda0cr08m85hc8jlnfp3zer7xulejywt49kt2rr0vthywaa50xwsqf70nhxhk4ljdgqd4ef2ndrzka0qda3nlg5ry85g
capacity__target_consumed_capacity,0.0,-4.044635599832544,0.0,ckb1qzda0cr08m85hc8jlnfp3zer7xulejywt49kt2rr0vthywaa50xwsqf70nhxhk4ljdgqd4ef2ndrzka0qda3nlg5ry85g
capacity__target_net_capacity_delta,3204492200000.0,0.6042532693251705,28.795574753810964,ckb1qzda0cr08m85hc8jlnfp3zer7xulejywt49kt2rr0vthywaa50xwsqf70nhxhk4ljdgqd4ef2ndrzka0qda3nlg5ry85g
lineage__continuation_count,0.0,0.0,0.0,ckb1qzda0cr08m85hc8jlnfp3zer7xulejywt49kt2rr0vthywaa50xwsqf70nhxhk4ljdgqd4ef2ndrzka0qda3nlg5ry85g
lineage__lineage_depth,1.0,-1.0,0.6931471805599453,ckb1qzda0cr08m85hc8jlnfp3zer7xulejywt49kt2rr0vthywaa50xwsqf70nhxhk4ljdgqd4ef2ndrzka0qda3nlg5ry85g
lineage__lineage_repetition,0.0,-1.128899193514562,0.0,ckb1qzda0cr08m85hc8jlnfp3zer7xulejywt49kt2rr0vthywaa50xwsqf70nhxhk4ljdgqd4ef2ndrzka0qda3nlg5ry85g
lineage__merge_count,0.0,-0.7304227103091852,0.0,ckb1qzda0cr08m85hc8jlnfp3zer7xulejywt49kt2rr0vthywaa50xwsqf70nhxhk4ljdgqd4ef2ndrzka0qda3nlg5ry85g
scripts__type_family_count,0.0,-0.501218028601448,0.0,ckb1qzda0cr08m85hc8jlnfp3zer7xulejywt49kt2rr0vthywaa50xwsqf70nhxhk4ljdgqd4ef2ndrzka0qda3nlg5ry85g
scripts__unique_lock_script_count,2.0,-0.5532947556651122,1.0986122886681098,ckb1qzda0cr08m85hc8jlnfp3zer7xulejywt49kt2rr0vthywaa50xwsqf70nhxhk4ljdgqd4ef2ndrzka0qda3nlg5ry85g
scripts__unique_type_script_count,0.0,0.0,0.0,ckb1qzda0cr08m85hc8jlnfp3zer7xulejywt49kt2rr0vthywaa50xwsqf70nhxhk4ljdgqd4ef2ndrzka0qda3nlg5ry85g
capacity__capacity_repeat_ratio,0.5,-0.22344617031232286,0.5,ckb1qzda0cr08m85hc8jlnfp3zer7xulejywt49kt2rr0vthywaa50xwsqf7wdk98y3zdh3cyql86grghqwnen7ks5qzrld2q
capacity__target_consumed_capacity,20601989939072.0,0.37514144529035165,30.656408786042828,ckb1qzda0cr08m85hc8jlnfp3zer7xulejywt49kt2rr0vthywaa50xwsqf7wdk98y3zdh3cyql86grghqwnen7ks5qzrld2q
capacity__target_net_capacity_delta,-16528109940000.0,-0.6386781033664334,-30.436083680026265,ckb1qzda0cr08m85hc8jlnfp3zer7xulejywt49kt2rr0vthywaa50xwsqf7wdk98y3zdh3cyql86grghqwnen7ks5qzrld2q
lineage__continuation_count,1.0,1.0,0.6931471805599453,ckb1qzda0cr08m85hc8jlnfp3zer7xulejywt49kt2rr0vthywaa50xwsqf7wdk98y3zdh3cyql86grghqwnen7ks5qzrld2q
lineage__lineage_depth,2.0,0.0,1.0986122886681098,ckb1qzda0cr08m85hc8jlnfp3zer7xulejywt49kt2rr0vthywaa50xwsqf7wdk98y3zdh3cyql86grghqwnen7ks5qzrld2q
lineage__lineage_repetition,0.0,-1.128899193514562,0.0,ckb1qzda0cr08m85hc8jlnfp3zer7xulejywt49kt2rr0vthywaa50xwsqf7wdk98y3zdh3cyql86grghqwnen7ks5qzrld2q
lineage__merge_count,1.0,-0.26957728969081496,0.6931471805599453,ckb1qzda0cr08m85hc8jlnfp3zer7xulejywt49kt2rr0vthywaa50xwsqf7wdk98y3zdh3cyql86grghqwnen7ks5qzrld2q
scripts__type_family_count,0.0,-0.501218028601448,0.0,ckb1qzda0cr08m85hc8jlnfp3zer7xulejywt49kt2rr0vthywaa50xwsqf7wdk98y3zdh3cyql86grghqwnen7ks5qzrld2q
scripts__unique_lock_script_count,2.0,-0.5532947556651122,1.0986122886681098,ckb1qzda0cr08m85hc8jlnfp3zer7xulejywt49kt2rr0vthywaa50xwsqf7wdk98y3zdh3cyql86grghqwnen7ks5qzrld2q
scripts__unique_type_script_count,0.0,0.0,0.0,ckb1qzda0cr08m85hc8jlnfp3zer7xulejywt49kt2rr0vthywaa50xwsqf7wdk98y3zdh3cyql86grghqwnen7ks5qzrld2q
capacity__capacity_repeat_ratio,0.9,0.676975073291214,0.9,ckb1qzda0cr08m85hc8jlnfp3zer7xulejywt49kt2rr0vthywaa50xwsqfc5kszzn9mc2zycl58v8jjrk9zhmr97cg3ndvfs
capacity__target_consumed_capacity,101256200000.0,-0.39119999006050826,25.340919775636078,ckb1qzda0cr08m85hc8jlnfp3zer7xulejywt49kt2rr0vthywaa50xwsqfc5kszzn9mc2zycl58v8jjrk9zhmr97cg3ndvfs
capacity__target_net_capacity_delta,-5000000.0,-0.3236808343972232,-15.424948670398354,ckb1qzda0cr08m85hc8jlnfp3zer7xulejywt49kt2rr0vthywaa50xwsqfc5kszzn9mc2zycl58v8jjrk9zhmr97cg3ndvfs
lineage__continuation_count,10.0,3.4594316186372978,2.3978952727983707,ckb1qzda0cr08m85hc8jlnfp3zer7xulejywt49kt2rr0vthywaa50xwsqfc5kszzn9mc2zycl58v8jjrk9zhmr97cg3ndvfs
lineage__lineage_depth,10.0,3.2044261223672437,2.3978952727983707,ckb1qzda0cr08m85hc8jlnfp3zer7xulejywt49kt2rr0vthywaa50xwsqfc5kszzn9mc2zycl58v8jjrk9zhmr97cg3ndvfs
lineage__lineage_repetition,1.0,1.027789217390062,1.0,ckb1qzda0cr08m85hc8jlnfp3zer7xulejywt49kt2rr0vthywaa50xwsqfc5kszzn9mc2zycl58v8jjrk9zhmr97cg3ndvfs
lineage__merge_count,10.0,0.8638405090822093,2.3978952727983707,ckb1qzda0cr08m85hc8jlnfp3zer7xulejywt49kt2rr0vthywaa50xwsqfc5kszzn9mc2zycl58v8jjrk9zhmr97cg3ndvfs
scripts__type_family_count,0.0,-0.501218028601448,0.0,ckb1qzda0cr08m85hc8jlnfp3zer7xulejywt49kt2rr0vthywaa50xwsqfc5kszzn9mc2zycl58v8jjrk9zhmr97cg3ndvfs
scripts__unique_lock_script_count,20.0,1.0000000000000002,3.044522437723423,ckb1qzda0cr08m85hc8jlnfp3zer7xulejywt49kt2rr0vthywaa50xwsqfc5kszzn9mc2zycl58v8jjrk9zhmr97cg3ndvfs
scripts__unique_type_script_count,4.0,2.321928094887362,1.6094379124341003,ckb1qzda0cr08m85hc8jlnfp3zer7xulejywt49kt2rr0vthywaa50xwsqfc5kszzn9mc2zycl58v8jjrk9zhmr97cg3ndvfs
capacity__capacity_repeat_ratio,0.0,-1.3489727248167438,0.0,ckb1qzda0cr08m85hc8jlnfp3zer7xulejywt49kt2rr0vthywaa50xwsqfc63dma5fy3kywpnada5yy99tpqvl4dechg9csl
capacity__target_consumed_capacity,0.0,-4.044635599832544,0.0,ckb1qzda0cr08m85hc8jlnfp3zer7xulejywt49kt2rr0vthywaa50xwsqfc63dma5fy3kywpnada5yy99tpqvl4dechg9csl
capacity__target_net_capacity_delta,1510000000000.0,0.5884638036503509,28.043130766756043,ckb1qzda0cr08m85hc8jlnfp3zer7xulejywt49kt2rr0vthywaa50xwsqfc63dma5fy3kywpnada5yy99tpqvl4dechg9csl
lineage__continuation_count,0.0,0.0,0.0,ckb1qzda0cr08m85hc8jlnfp3zer7xulejywt49kt2rr0vthywaa50xwsqfc63dma5fy3kywpnada5yy99tpqvl4dechg9csl
lineage__lineage_depth,8.0,2.709511291351454,2.1972245773362196,ckb1qzda0cr08m85hc8jlnfp3zer7xulejywt49kt2rr0vthywaa50xwsqfc63dma5fy3kywpnada5yy99tpqvl4dechg9csl
lineage__lineage_repetition,0.875,0.7582031660269841,0.875,ckb1qzda0cr08m85hc8jlnfp3zer7xulejywt49kt2rr0vthywaa50xwsqfc63dma5fy3kywpnada5yy99tpqvl4dechg9csl
lineage__merge_count,8.0,0.7304227103091852,2.1972245773362196,ckb1qzda0cr08m85hc8jlnfp3zer7xulejywt49kt2rr0vthywaa50xwsqfc63dma5fy3kywpnada5yy99tpqvl4dechg9csl
scripts__type_family_count,0.0,-0.501218028601448,0.0,ckb1qzda0cr08m85hc8jlnfp3zer7xulejywt49kt2rr0vthywaa50xwsqfc63dma5fy3kywpnada5yy99tpqvl4dechg9csl
scripts__unique_lock_script_count,2.0,-0.5532947556651122,1.0986122886681098,ckb1qzda0cr08m85hc8jlnfp3zer7xulejywt49kt2rr0vthywaa50xwsqfc63dma5fy3kywpnada5yy99tpqvl4dechg9csl
scripts__unique_type_script_count,0.0,0.0,0.0,ckb1qzda0cr08m85hc8jlnfp3zer7xulejywt49kt2rr0vthywaa50xwsqfc63dma5fy3kywpnada5yy99tpqvl4dechg9csl
capacity__capacity_repeat_ratio,0.0,-1.3489727248167438,0.0,ckb1qzda0cr08m85hc8jlnfp3zer7xulejywt49kt2rr0vthywaa50xwsqfcwzl3jytqrrgtuwmapvqe42txrxvqlncewj9c8
capacity__target_consumed_capacity,0.0,-4.044635599832544,0.0,ckb1qzda0cr08m85hc8jlnfp3zer7xulejywt49kt2rr0vthywaa50xwsqfcwzl3jytqrrgtuwmapvqe42txrxvqlncewj9c8
capacity__target_net_capacity_delta,1574664000987.0,0.589343720409385,28.085063032741456,ckb1qzda0cr08m85hc8jlnfp3zer7xulejywt49kt2rr0vthywaa50xwsqfcwzl3jytqrrgtuwmapvqe42txrxvqlncewj9c8
lineage__continuation_count,0.0,0.0,0.0,ckb1qzda0cr08m85hc8jlnfp3zer7xulejywt49kt2rr0vthywaa50xwsqfcwzl3jytqrrgtuwmapvqe42txrxvqlncewj9c8
lineage__lineage_depth,1.0,-1.0,0.6931471805599453,ckb1qzda0cr08m85hc8jlnfp3zer7xulejywt49kt2rr0vthywaa50xwsqfcwzl3jytqrrgtuwmapvqe42txrxvqlncewj9c8
lineage__lineage_repetition,1.0,1.027789217390062,1.0,ckb1qzda0cr08m85hc8jlnfp3zer7xulejywt49kt2rr0vthywaa50xwsqfcwzl3jytqrrgtuwmapvqe42txrxvqlncewj9c8
lineage__merge_count,0.0,-0.7304227103091852,0.0,ckb1qzda0cr08m85hc8jlnfp3zer7xulejywt49kt2rr0vthywaa50xwsqfcwzl3jytqrrgtuwmapvqe42txrxvqlncewj9c8
scripts__type_family_count,0.0,-0.501218028601448,0.0,ckb1qzda0cr08m85hc8jlnfp3zer7xulejywt49kt2rr0vthywaa50xwsqfcwzl3jytqrrgtuwmapvqe42txrxvqlncewj9c8
scripts__unique_lock_script_count,35.0,1.4302461952399896,3.58351893845611,ckb1qzda0cr08m85hc8jlnfp3zer7xulejywt49kt2rr0vthywaa50xwsqfcwzl3jytqrrgtuwmapvqe42txrxvqlncewj9c8
scripts__unique_type_script_count,0.0,0.0,0.0,ckb1qzda0cr08m85hc8jlnfp3zer7xulejywt49kt2rr0vthywaa50xwsqfcwzl3jytqrrgtuwmapvqe42txrxvqlncewj9c8
capacity__capacity_repeat_ratio,1.0,0.9020803841920981,1.0,ckb1qzda0cr08m85hc8jlnfp3zer7xulejywt49kt2rr0vthywaa50xwsqfd8eyknzynse6m9r0zlfjyt4qpxnlr86svrekgm
capacity__target_consumed_capacity,6128717934180.0,0.20034775186778808,29.444006697865696,ckb1qzda0cr08m85hc8jlnfp3zer7xulejywt49kt2rr0vthywaa50xwsqfd8eyknzynse6m9r0zlfjyt4qpxnlr86svrekgm
capacity__target_net_capacity_delta,0.0,0.0,0.0,ckb1qzda0cr08m85hc8jlnfp3zer7xulejywt49kt2rr0vthywaa50xwsqfd8eyknzynse6m9r0zlfjyt4qpxnlr86svrekgm
lineage__continuation_count,1.0,1.0,0.6931471805599453,ckb1qzda0cr08m85hc8jlnfp3zer7xulejywt49kt2rr0vthywaa50xwsqfd8eyknzynse6m9r0zlfjyt4qpxnlr86svrekgm
lineage__lineage_depth,3.0,0.7095112913514542,1.3862943611198906,ckb1qzda0cr08m85hc8jlnfp3zer7xulejywt49kt2rr0vthywaa50xwsqfd8eyknzynse6m9r0zlfjyt4qpxnlr86svrekgm
lineage__lineage_repetition,0.0,-1.128899193514562,0.0,ckb1qzda0cr08m85hc8jlnfp3zer7xulejywt49kt2rr0vthywaa50xwsqfd8eyknzynse6m9r0zlfjyt4qpxnlr86svrekgm
lineage__merge_count,2.0,0.0,1.0986122886681098,ckb1qzda0cr08m85hc8jlnfp3zer7xulejywt49kt2rr0vthywaa50xwsqfd8eyknzynse6m9r0zlfjyt4qpxnlr86svrekgm
scripts__type_family_count,1.0,1.9951397255009098,0.6931471805599453,ckb1qzda0cr08m85hc8jlnfp3zer7xulejywt49kt2rr0vthywaa50xwsqfd8eyknzynse6m9r0zlfjyt4qpxnlr86svrekgm
scripts__unique_lock_script_count,7.0,0.229638071755347,2.0794415416798357,ckb1qzda0cr08m85hc8jlnfp3zer7xulejywt49kt2rr0vthywaa50xwsqfd8eyknzynse6m9r0zlfjyt4qpxnlr86svrekgm
scripts__unique_type_script_count,1.0,1.0,0.6931471805599453,ckb1qzda0cr08m85hc8jlnfp3zer7xulejywt49kt2rr0vthywaa50xwsqfd8eyknzynse6m9r0zlfjyt4qpxnlr86svrekgm
capacity__capacity_repeat_ratio,0.5454545454545454,-0.12112557444828467,0.5454545454545454,ckb1qzda0cr08m85hc8jlnfp3zer7xulejywt49kt2rr0vthywaa50xwsqfewq5cphjmj7j53dgvs9ekquz7wp0eadggz3t4x
capacity__target_consumed_capacity,622537031726.0,-0.12936324012453126,27.157068952233963,ckb1qzda0cr08m85hc8jlnfp3zer7xulejywt49kt2rr0vthywaa50xwsqfewq5cphjmj7j53dgvs9ekquz7wp0eadggz3t4x
capacity__target_net_capacity_delta,-63990418837.0,-0.5221298583052869,-24.881999203442824,ckb1qzda0cr08m85hc8jlnfp3zer7xulejywt49kt2rr0vthywaa50xwsqfewq5cphjmj7j53dgvs9ekquz7wp0eadggz3t4x
lineage__continuation_count,4.0,2.321928094887362,1.6094379124341003,ckb1qzda0cr08m85hc8jlnfp3zer7xulejywt49kt2rr0vthywaa50xwsqfewq5cphjmj7j53dgvs9ekquz7wp0eadggz3t4x
lineage__lineage_depth,4.0,1.2598510045646625,1.6094379124341003,ckb1qzda0cr08m85hc8jlnfp3zer7xulejywt49kt2rr0vthywaa50xwsqfewq5cphjmj7j53dgvs9ekquz7wp0eadggz3t4x
lineage__lineage_repetition,0.9285714285714286,0.873740045182589,0.9285714285714286,ckb1qzda0cr08m85hc8jlnfp3zer7xulejywt49kt2rr0vthywaa50xwsqfewq5cphjmj7j53dgvs9ekquz7wp0eadggz3t4x
lineage__merge_count,9.0,0.8004726398431626,2.302585092994046,ckb1qzda0cr08m85hc8jlnfp3zer7xulejywt49kt2rr0vthywaa50xwsqfewq5cphjmj7j53dgvs9ekquz7wp0eadggz3t4x
scripts__type_family_count,1.0,1.9951397255009098,0.6931471805599453,ckb1qzda0cr08m85hc8jlnfp3zer7xulejywt49kt2rr0vthywaa50xwsqfewq5cphjmj7j53dgvs9ekquz7wp0eadggz3t4x
scripts__unique_lock_script_count,6.0,0.12304856042512263,1.9459101490553132,ckb1qzda0cr08m85hc8jlnfp3zer7xulejywt49kt2rr0vthywaa50xwsqfewq5cphjmj7j53dgvs9ekquz7wp0eadggz3t4x
scripts__unique_type_script_count,1.0,1.0,0.6931471805599453,ckb1qzda0cr08m85hc8jlnfp3zer7xulejywt49kt2rr0vthywaa50xwsqfewq5cphjmj7j53dgvs9ekquz7wp0eadggz3t4x
capacity__capacity_repeat_ratio,0.8055555555555556,0.4643756129959345,0.8055555555555556,ckb1qzda0cr08m85hc8jlnfp3zer7xulejywt49kt2rr0vthywaa50xwsqff60m3g73j280arxmzwp6anr9g04xmmast74txw
capacity__target_consumed_capacity,6353979805794.0,0.2055517300002226,29.480102473583067,ckb1qzda0cr08m85hc8jlnfp3zer7xulejywt49kt2rr0vthywaa50xwsqff60m3g73j280arxmzwp6anr9g04xmmast74txw
capacity__target_net_capacity_delta,-3443477815328.0,-0.6057626304073246,-28.86750306943299,ckb1qzda0cr08m85hc8jlnfp3zer7xulejywt49kt2rr0vthywaa50xwsqff60m3g73j280arxmzwp6anr9g04xmmast74txw
lineage__continuation_count,18.0,4.247927513443585,2.9444389791664403,ckb1qzda0cr08m85hc8jlnfp3zer7xulejywt49kt2rr0vthywaa50xwsqff60m3g73j280arxmzwp6anr9g04xmmast74txw
lineage__lineage_depth,19.0,4.678873587267571,2.995732273553991,ckb1qzda0cr08m85hc8jlnfp3zer7xulejywt49kt2rr0vthywaa50xwsqff60m3g73j280arxmzwp6anr9g04xmmast74txw
lineage__lineage_repetition,0.9523809523809523,0.9250897692517466,0.9523809523809523,ckb1qzda0cr08m85hc8jlnfp3zer7xulejywt49kt2rr0vthywaa50xwsqff60m3g73j280arxmzwp6anr9g04xmmast74txw
lineage__merge_count,19.0,1.2613180604615326,2.995732273553991,ckb1qzda0cr08m85hc8jlnfp3zer7xulejywt49kt2rr0vthywaa50xwsqff60m3g73j280arxmzwp6anr9g04xmmast74txw
scripts__type_family_count,0.0,-0.501218028601448,0.0,ckb1qzda0cr08m85hc8jlnfp3zer7xulejywt49kt2rr0vthywaa50xwsqff60m3g73j280arxmzwp6anr9g04xmmast74txw
scripts__unique_lock_script_count,44.0,1.608367321842428,3.8066624897703196,ckb1qzda0cr08m85hc8jlnfp3zer7xulejywt49kt2rr0vthywaa50xwsqff60m3g73j280arxmzwp6anr9g04xmmast74txw
scripts__unique_type_script_count,0.0,0.0,0.0,ckb1qzda0cr08m85hc8jlnfp3zer7xulejywt49kt2rr0vthywaa50xwsqff60m3g73j280arxmzwp6anr9g04xmmast74txw
capacity__capacity_repeat_ratio,0.0,-1.3489727248167438,0.0,ckb1qzda0cr08m85hc8jlnfp3zer7xulejywt49kt2rr0vthywaa50xwsqfg0c6expwhe3wjs5vkk7e2legcah5gvjqvdy8l7
capacity__target_consumed_capacity,19054068653106.0,0.3638806486045035,30.57830177228773,ckb1qzda0cr08m85hc8jlnfp3zer7xulejywt49kt2rr0vthywaa50xwsqfg0c6expwhe3wjs5vkk7e2legcah5gvjqvdy8l7
capacity__target_net_capacity_delta,-19054068653106.0,-0.6416624420344715,-30.57830177228773,ckb1qzda0cr08m85hc8jlnfp3zer7xulejywt49kt2rr0vthywaa50xwsqfg0c6expwhe3wjs5vkk7e2legcah5gvjqvdy8l7
lineage__continuation_count,0.0,0.0,0.0,ckb1qzda0cr08m85hc8jlnfp3zer7xulejywt49kt2rr0vthywaa50xwsqfg0c6expwhe3wjs5vkk7e2legcah5gvjqvdy8l7
lineage__lineage_depth,1.0,-1.0,0.6931471805599453,ckb1qzda0cr08m85hc8jlnfp3zer7xulejywt49kt2rr0vthywaa50xwsqfg0c6expwhe3wjs5vkk7e2legcah5gvjqvdy8l7
lineage__lineage_repetition,0.0,-1.128899193514562,0.0,ckb1qzda0cr08m85hc8jlnfp3zer7xulejywt49kt2rr0vthywaa50xwsqfg0c6expwhe3wjs5vkk7e2legcah5gvjqvdy8l7
lineage__merge_count,1.0,-0.26957728969081496,0.6931471805599453,ckb1qzda0cr08m85hc8jlnfp3zer7xulejywt49kt2rr0vthywaa50xwsqfg0c6expwhe3wjs5vkk7e2legcah5gvjqvdy8l7
scripts__type_family_count,1.0,1.9951397255009098,0.6931471805599453,ckb1qzda0cr08m85hc8jlnfp3zer7xulejywt49kt2rr0vthywaa50xwsqfg0c6expwhe3wjs5vkk7e2legcah5gvjqvdy8l7
scripts__unique_lock_script_count,3.0,-0.3236566839097652,1.3862943611198906,ckb1qzda0cr08m85hc8jlnfp3zer7xulejywt49kt2rr0vthywaa50xwsqfg0c6expwhe3wjs5vkk7e2legcah5gvjqvdy8l7
scripts__unique_type_script_count,1.0,1.0,0.6931471805599453,ckb1qzda0cr08m85hc8jlnfp3zer7xulejywt49kt2rr0vthywaa50xwsqfg0c6expwhe3wjs5vkk7e2legcah5gvjqvdy8l7
capacity__capacity_repeat_ratio,0.0,-1.3489727248167438,0.0,ckb1qzda0cr08m85hc8jlnfp3zer7xulejywt49kt2rr0vthywaa50xwsqfg2np57fhkdu6fuygqt3ys4rykd03gfhsu8dvd7
capacity__target_consumed_capacity,187361130291.0,-0.3024792247215206,25.956303769506057,ckb1qzda0cr08m85hc8jlnfp3zer7xulejywt49kt2rr0vthywaa50xwsqfg2np57fhkdu6fuygqt3ys4rykd03gfhsu8dvd7
capacity__target_net_capacity_delta,-187361130291.0,-0.5446733238149919,-25.956303769506057,ckb1qzda0cr08m85hc8jlnfp3zer7xulejywt49kt2rr0vthywaa50xwsqfg2np57fhkdu6fuygqt3ys4rykd03gfhsu8dvd7
lineage__continuation_count,0.0,0.0,0.0,ckb1qzda0cr08m85hc8jlnfp3zer7xulejywt49kt2rr0vthywaa50xwsqfg2np57fhkdu6fuygqt3ys4rykd03gfhsu8dvd7
lineage__lineage_depth,2.0,0.0,1.0986122886681098,ckb1qzda0cr08m85hc8jlnfp3zer7xulejywt49kt2rr0vthywaa50xwsqfg2np57fhkdu6fuygqt3ys4rykd03gfhsu8dvd7
lineage__lineage_repetition,0.875,0.7582031660269841,0.875,ckb1qzda0cr08m85hc8jlnfp3zer7xulejywt49kt2rr0vthywaa50xwsqfg2np57fhkdu6fuygqt3ys4rykd03gfhsu8dvd7
lineage__merge_count,8.0,0.7304227103091852,2.1972245773362196,ckb1qzda0cr08m85hc8jlnfp3zer7xulejywt49kt2rr0vthywaa50xwsqfg2np57fhkdu6fuygqt3ys4rykd03gfhsu8dvd7
scripts__type_family_count,0.0,-0.501218028601448,0.0,ckb1qzda0cr08m85hc8jlnfp3zer7xulejywt49kt2rr0vthywaa50xwsqfg2np57fhkdu6fuygqt3ys4rykd03gfhsu8dvd7
scripts__unique_lock_script_count,43.0,1.590428688264322,3.784189633918261,ckb1qzda0cr08m85hc8jlnfp3zer7xulejywt49kt2rr0vthywaa50xwsqfg2np57fhkdu6fuygqt3ys4rykd03gfhsu8dvd7
scripts__unique_type_script_count,0.0,0.0,0.0,ckb1qzda0cr08m85hc8jlnfp3zer7xulejywt49kt2rr0vthywaa50xwsqfg2np57fhkdu6fuygqt3ys4rykd03gfhsu8dvd7
capacity__capacity_repeat_ratio,0.0,-1.3489727248167438,0.0,ckb1qzda0cr08m85hc8jlnfp3zer7xulejywt49kt2rr0vthywaa50xwsqfh3hsd0an0xag0qzx0ay8qrtpclap9x3she6gvj
capacity__target_consumed_capacity,0.0,-4.044635599832544,0.0,ckb1qzda0cr08m85hc8jlnfp3zer7xulejywt49kt2rr0vthywaa50xwsqfh3hsd0an0xag0qzx0ay8qrtpclap9x3she6gvj
capacity__target_net_capacity_delta,2125922000000.0,0.595642427165105,28.38522670655861,ckb1qzda0cr08m85hc8jlnfp3zer7xulejywt49kt2rr0vthywaa50xwsqfh3hsd0an0xag0qzx0ay8qrtpclap9x3she6gvj
lineage__continuation_count,0.0,0.0,0.0,ckb1qzda0cr08m85hc8jlnfp3zer7xulejywt49kt2rr0vthywaa50xwsqfh3hsd0an0xag0qzx0ay8qrtpclap9x3she6gvj
lineage__lineage_depth,1.0,-1.0,0.6931471805599453,ckb1qzda0cr08m85hc8jlnfp3zer7xulejywt49kt2rr0vthywaa50xwsqfh3hsd0an0xag0qzx0ay8qrtpclap9x3she6gvj
lineage__lineage_repetition,0.0,-1.128899193514562,0.0,ckb1qzda0cr08m85hc8jlnfp3zer7xulejywt49kt2rr0vthywaa50xwsqfh3hsd0an0xag0qzx0ay8qrtpclap9x3she6gvj
lineage__merge_count,0.0,-0.7304227103091852,0.0,ckb1qzda0cr08m85hc8jlnfp3zer7xulejywt49kt2rr0vthywaa50xwsqfh3hsd0an0xag0qzx0ay8qrtpclap9x3she6gvj
scripts__type_family_count,0.0,-0.501218028601448,0.0,ckb1qzda0cr08m85hc8jlnfp3zer7xulejywt49kt2rr0vthywaa50xwsqfh3hsd0an0xag0qzx0ay8qrtpclap9x3she6gvj
scripts__unique_lock_script_count,2.0,-0.5532947556651122,1.0986122886681098,ckb1qzda0cr08m85hc8jlnfp3zer7xulejywt49kt2rr0vthywaa50xwsqfh3hsd0an0xag0qzx0ay8qrtpclap9x3she6gvj
scripts__unique_type_script_count,0.0,0.0,0.0,ckb1qzda0cr08m85hc8jlnfp3zer7xulejywt49kt2rr0vthywaa50xwsqfh3hsd0an0xag0qzx0ay8qrtpclap9x3she6gvj
capacity__capacity_repeat_ratio,1.0,0.9020803841920981,1.0,ckb1qzda0cr08m85hc8jlnfp3zer7xulejywt49kt2rr0vthywaa50xwsqfhncpyvtj7w4euhnwwnndksez0kl7kljgjp39t5
capacity__target_consumed_capacity,4624199878206.0,0.159737234117717,29.162324472620234,ckb1qzda0cr08m85hc8jlnfp3zer7xulejywt49kt2rr0vthywaa50xwsqfhncpyvtj7w4euhnwwnndksez0kl7kljgjp39t5
capacity__target_net_capacity_delta,0.0,0.0,0.0,ckb1qzda0cr08m85hc8jlnfp3zer7xulejywt49kt2rr0vthywaa50xwsqfhncpyvtj7w4euhnwwnndksez0kl7kljgjp39t5
lineage__continuation_count,0.0,0.0,0.0,ckb1qzda0cr08m85hc8jlnfp3zer7xulejywt49kt2rr0vthywaa50xwsqfhncpyvtj7w4euhnwwnndksez0kl7kljgjp39t5
lineage__lineage_depth,2.0,0.0,1.0986122886681098,ckb1qzda0cr08m85hc8jlnfp3zer7xulejywt49kt2rr0vthywaa50xwsqfhncpyvtj7w4euhnwwnndksez0kl7kljgjp39t5
lineage__lineage_repetition,0.0,-1.128899193514562,0.0,ckb1qzda0cr08m85hc8jlnfp3zer7xulejywt49kt2rr0vthywaa50xwsqfhncpyvtj7w4euhnwwnndksez0kl7kljgjp39t5
lineage__merge_count,1.0,-0.26957728969081496,0.6931471805599453,ckb1qzda0cr08m85hc8jlnfp3zer7xulejywt49kt2rr0vthywaa50xwsqfhncpyvtj7w4euhnwwnndksez0kl7kljgjp39t5
scripts__type_family_count,0.0,-0.501218028601448,0.0,ckb1qzda0cr08m85hc8jlnfp3zer7xulejywt49kt2rr0vthywaa50xwsqfhncpyvtj7w4euhnwwnndksez0kl7kljgjp39t5
scripts__unique_lock_script_count,11.0,0.5532947556651123,2.4849066497880004,ckb1qzda0cr08m85hc8jlnfp3zer7xulejywt49kt2rr0vthywaa50xwsqfhncpyvtj7w4euhnwwnndksez0kl7kljgjp39t5
scripts__unique_type_script_count,0.0,0.0,0.0,ckb1qzda0cr08m85hc8jlnfp3zer7xulejywt49kt2rr0vthywaa50xwsqfhncpyvtj7w4euhnwwnndksez0kl7kljgjp39t5
capacity__capacity_repeat_ratio,0.8888888888888888,0.6519633720800045,0.8888888888888888,ckb1qzda0cr08m85hc8jlnfp3zer7xulejywt49kt2rr0vthywaa50xwsqfj8ejt4qckvuzrtezy9nvcv7le9ur8cuqy7s5x8
capacity__target_consumed_capacity,246059767710.0,-0.2631872542671349,26.228840301544015,ckb1qzda0cr08m85hc8jlnfp3zer7xulejywt49kt2rr0vthywaa50xwsqfj8ejt4qckvuzrtezy9nvcv7le9ur8cuqy7s5x8
capacity__target_net_capacity_delta,-47273869890.0,-0.51577634106093,-24.57922354620256,ckb1qzda0cr08m85hc8jlnfp3zer7xulejywt49kt2rr0vthywaa50xwsqfj8ejt4qckvuzrtezy9nvcv7le9ur8cuqy7s5x8
lineage__continuation_count,0.0,0.0,0.0,ckb1qzda0cr08m85hc8jlnfp3zer7xulejywt49kt2rr0vthywaa50xwsqfj8ejt4qckvuzrtezy9nvcv7le9ur8cuqy7s5x8
lineage__lineage_depth,2.0,0.0,1.0986122886681098,ckb1qzda0cr08m85hc8jlnfp3zer7xulejywt49kt2rr0vthywaa50xwsqfj8ejt4qckvuzrtezy9nvcv7le9ur8cuqy7s5x8
lineage__lineage_repetition,0.9,0.8121203762995998,0.9,ckb1qzda0cr08m85hc8jlnfp3zer7xulejywt49kt2rr0vthywaa50xwsqfj8ejt4qckvuzrtezy9nvcv7le9ur8cuqy7s5x8
lineage__merge_count,10.0,0.8638405090822093,2.3978952727983707,ckb1qzda0cr08m85hc8jlnfp3zer7xulejywt49kt2rr0vthywaa50xwsqfj8ejt4qckvuzrtezy9nvcv7le9ur8cuqy7s5x8
scripts__type_family_count,0.0,-0.501218028601448,0.0,ckb1qzda0cr08m85hc8jlnfp3zer7xulejywt49kt2rr0vthywaa50xwsqfj8ejt4qckvuzrtezy9nvcv7le9ur8cuqy7s5x8
scripts__unique_lock_script_count,45.0,1.625911667637685,3.828641396489095,ckb1qzda0cr08m85hc8jlnfp3zer7xulejywt49kt2rr0vthywaa50xwsqfj8ejt4qckvuzrtezy9nvcv7le9ur8cuqy7s5x8
scripts__unique_type_script_count,0.0,0.0,0.0,ckb1qzda0cr08m85hc8jlnfp3zer7xulejywt49kt2rr0vthywaa50xwsqfj8ejt4qckvuzrtezy9nvcv7le9ur8cuqy7s5x8
capacity__capacity_repeat_ratio,1.0,0.9020803841920981,1.0,ckb1qzda0cr08m85hc8jlnfp3zer7xulejywt49kt2rr0vthywaa50xwsqfjhl5nx82y5z2xdhwqhg34vkzta6gttgc05sfu2
capacity__target_consumed_capacity,5258184614739.0,0.17826073178805182,29.29080695282944,ckb1qzda0cr08m85hc8jlnfp3zer7xulejywt49kt2rr0vthywaa50xwsqfjhl5nx82y5z2xdhwqhg34vkzta6gttgc05sfu2
capacity__target_net_capacity_delta,0.0,0.0,0.0,ckb1qzda0cr08m85hc8jlnfp3zer7xulejywt49kt2rr0vthywaa50xwsqfjhl5nx82y5z2xdhwqhg34vkzta6gttgc05sfu2
lineage__continuation_count,0.0,0.0,0.0,ckb1qzda0cr08m85hc8jlnfp3zer7xulejywt49kt2rr0vthywaa50xwsqfjhl5nx82y5z2xdhwqhg34vkzta6gttgc05sfu2
lineage__lineage_depth,2.0,0.0,1.0986122886681098,ckb1qzda0cr08m85hc8jlnfp3zer7xulejywt49kt2rr0vthywaa50xwsqfjhl5nx82y5z2xdhwqhg34vkzta6gttgc05sfu2
lineage__lineage_repetition,1.0,1.027789217390062,1.0,ckb1qzda0cr08m85hc8jlnfp3zer7xulejywt49kt2rr0vthywaa50xwsqfjhl5nx82y5z2xdhwqhg34vkzta6gttgc05sfu2
lineage__merge_count,0.0,-0.7304227103091852,0.0,ckb1qzda0cr08m85hc8jlnfp3zer7xulejywt49kt2rr0vthywaa50xwsqfjhl5nx82y5z2xdhwqhg34vkzta6gttgc05sfu2
scripts__type_family_count,0.0,-0.501218028601448,0.0,ckb1qzda0cr08m85hc8jlnfp3zer7xulejywt49kt2rr0vthywaa50xwsqfjhl5nx82y5z2xdhwqhg34vkzta6gttgc05sfu2
scripts__unique_lock_script_count,37.0,1.473404576058999,3.6375861597263857,ckb1qzda0cr08m85hc8jlnfp3zer7xulejywt49kt2rr0vthywaa50xwsqfjhl5nx82y5z2xdhwqhg34vkzta6gttgc05sfu2
scripts__unique_type_script_count,0.0,0.0,0.0,ckb1qzda0cr08m85hc8jlnfp3zer7xulejywt49kt2rr0vthywaa50xwsqfjhl5nx82y5z2xdhwqhg34vkzta6gttgc05sfu2
capacity__capacity_repeat_ratio,1.0,0.9020803841920981,1.0,ckb1qzda0cr08m85hc8jlnfp3zer7xulejywt49kt2rr0vthywaa50xwsqfk74jml992maq6k2g9gn5znh4qsqlcg0gxqejgl
capacity__target_consumed_capacity,137057473964500.0,0.648348056901644,32.55142147177266,ckb1qzda0cr08m85hc8jlnfp3zer7xulejywt49kt2rr0vthywaa50xwsqfk74jml992maq6k2g9gn5znh4qsqlcg0gxqejgl
capacity__target_net_capacity_delta,0.0,0.0,0.0,ckb1qzda0cr08m85hc8jlnfp3zer7xulejywt49kt2rr0vthywaa50xwsqfk74jml992maq6k2g9gn5znh4qsqlcg0gxqejgl
lineage__continuation_count,0.0,0.0,0.0,ckb1qzda0cr08m85hc8jlnfp3zer7xulejywt49kt2rr0vthywaa50xwsqfk74jml992maq6k2g9gn5znh4qsqlcg0gxqejgl
lineage__lineage_depth,2.0,0.0,1.0986122886681098,ckb1qzda0cr08m85hc8jlnfp3zer7xulejywt49kt2rr0vthywaa50xwsqfk74jml992maq6k2g9gn5znh4qsqlcg0gxqejgl
lineage__lineage_repetition,0.0,-1.128899193514562,0.0,ckb1qzda0cr08m85hc8jlnfp3zer7xulejywt49kt2rr0vthywaa50xwsqfk74jml992maq6k2g9gn5znh4qsqlcg0gxqejgl
lineage__merge_count,1.0,-0.26957728969081496,0.6931471805599453,ckb1qzda0cr08m85hc8jlnfp3zer7xulejywt49kt2rr0vthywaa50xwsqfk74jml992maq6k2g9gn5znh4qsqlcg0gxqejgl
scripts__type_family_count,0.0,-0.501218028601448,0.0,ckb1qzda0cr08m85hc8jlnfp3zer7xulejywt49kt2rr0vthywaa50xwsqfk74jml992maq6k2g9gn5znh4qsqlcg0gxqejgl
scripts__unique_lock_script_count,8.0,0.3236566839097654,2.1972245773362196,ckb1qzda0cr08m85hc8jlnfp3zer7xulejywt49kt2rr0vthywaa50xwsqfk74jml992maq6k2g9gn5znh4qsqlcg0gxqejgl
scripts__unique_type_script_count,0.0,0.0,0.0,ckb1qzda0cr08m85hc8jlnfp3zer7xulejywt49kt2rr0vthywaa50xwsqfk74jml992maq6k2g9gn5znh4qsqlcg0gxqejgl
capacity__capacity_repeat_ratio,0.0,-1.3489727248167438,0.0,ckb1qzda0cr08m85hc8jlnfp3zer7xulejywt49kt2rr0vthywaa50xwsqfkjglwnv0p5h4wujzvz65rekwxmx2d0zsn7yllu
capacity__target_consumed_capacity,6901269265470.0,0.21746374521749834,29.562726462132293,ckb1qzda0cr08m85hc8jlnfp3zer7xulejywt49kt2rr0vthywaa50xwsqfkjglwnv0p5h4wujzvz65rekwxmx2d0zsn7yllu
capacity__target_net_capacity_delta,-4464902425298.0,-0.6112136102189807,-29.12726847678172,ckb1qzda0cr08m85hc8jlnfp3zer7xulejywt49kt2rr0vthywaa50xwsqfkjglwnv0p5h4wujzvz65rekwxmx2d0zsn7yllu
lineage__continuation_count,0.0,0.0,0.0,ckb1qzda0cr08m85hc8jlnfp3zer7xulejywt49kt2rr0vthywaa50xwsqfkjglwnv0p5h4wujzvz65rekwxmx2d0zsn7yllu
lineage__lineage_depth,1.0,-1.0,0.6931471805599453,ckb1qzda0cr08m85hc8jlnfp3zer7xulejywt49kt2rr0vthywaa50xwsqfkjglwnv0p5h4wujzvz65rekwxmx2d0zsn7yllu
lineage__lineage_repetition,0.9655172413793104,0.9534206514967993,0.9655172413793104,ckb1qzda0cr08m85hc8jlnfp3zer7xulejywt49kt2rr0vthywaa50xwsqfkjglwnv0p5h4wujzvz65rekwxmx2d0zsn7yllu
lineage__merge_count,1.0,-0.26957728969081496,0.6931471805599453,ckb1qzda0cr08m85hc8jlnfp3zer7xulejywt49kt2rr0vthywaa50xwsqfkjglwnv0p5h4wujzvz65rekwxmx2d0zsn7yllu
scripts__type_family_count,0.0,-0.501218028601448,0.0,ckb1qzda0cr08m85hc8jlnfp3zer7xulejywt49kt2rr0vthywaa50xwsqfkjglwnv0p5h4wujzvz65rekwxmx2d0zsn7yllu
scripts__unique_lock_script_count,46.0,1.643078686269145,3.8501476017100584,ckb1qzda0cr08m85hc8jlnfp3zer7xulejywt49kt2rr0vthywaa50xwsqfkjglwnv0p5h4wujzvz65rekwxmx2d0zsn7yllu
scripts__unique_type_script_count,0.0,0.0,0.0,ckb1qzda0cr08m85hc8jlnfp3zer7xulejywt49kt2rr0vthywaa50xwsqfkjglwnv0p5h4wujzvz65rekwxmx2d0zsn7yllu
capacity__capacity_repeat_ratio,1.0,0.9020803841920981,1.0,ckb1qzda0cr08m85hc8jlnfp3zer7xulejywt49kt2rr0vthywaa50xwsqfklpav762duvc8cva7gnz89nzvksp6r3qeh6wvh
capacity__target_consumed_capacity,45990000000000.0,0.49091630595530455,31.4594450974804,ckb1qzda0cr08m85hc8jlnfp3zer7xulejywt49kt2rr0vthywaa50xwsqfklpav762duvc8cva7gnz89nzvksp6r3qeh6wvh
capacity__target_net_capacity_delta,0.0,0.0,0.0,ckb1qzda0cr08m85hc8jlnfp3zer7xulejywt49kt2rr0vthywaa50xwsqfklpav762duvc8cva7gnz89nzvksp6r3qeh6wvh
lineage__continuation_count,1.0,1.0,0.6931471805599453,ckb1qzda0cr08m85hc8jlnfp3zer7xulejywt49kt2rr0vthywaa50xwsqfklpav762duvc8cva7gnz89nzvksp6r3qeh6wvh
lineage__lineage_depth,1.0,-1.0,0.6931471805599453,ckb1qzda0cr08m85hc8jlnfp3zer7xulejywt49kt2rr0vthywaa50xwsqfklpav762duvc8cva7gnz89nzvksp6r3qeh6wvh
lineage__lineage_repetition,0.0,-1.128899193514562,0.0,ckb1qzda0cr08m85hc8jlnfp3zer7xulejywt49kt2rr0vthywaa50xwsqfklpav762duvc8cva7gnz89nzvksp6r3qeh6wvh
lineage__merge_count,1.0,-0.26957728969081496,0.6931471805599453,ckb1qzda0cr08m85hc8jlnfp3zer7xulejywt49kt2rr0vthywaa50xwsqfklpav762duvc8cva7gnz89nzvksp6r3qeh6wvh
scripts__type_family_count,1.0,1.9951397255009098,0.6931471805599453,ckb1qzda0cr08m85hc8jlnfp3zer7xulejywt49kt2rr0vthywaa50xwsqfklpav762duvc8cva7gnz89nzvksp6r3qeh6wvh
scripts__unique_lock_script_count,3.0,-0.3236566839097652,1.3862943611198906,ckb1qzda0cr08m85hc8jlnfp3zer7xulejywt49kt2rr0vthywaa50xwsqfklpav762duvc8cva7gnz89nzvksp6r3qeh6wvh
scripts__unique_type_script_count,1.0,1.0,0.6931471805599453,ckb1qzda0cr08m85hc8jlnfp3zer7xulejywt49kt2rr0vthywaa50xwsqfklpav762duvc8cva7gnz89nzvksp6r3qeh6wvh
capacity__capacity_repeat_ratio,0.6666666666666666,0.1517293478558174,0.6666666666666666,ckb1qzda0cr08m85hc8jlnfp3zer7xulejywt49kt2rr0vthywaa50xwsqfl7q5k0n22acsv662t7zmcw6rggs4ev8sft2wt3
capacity__target_consumed_capacity,31492918063.0,-0.55957649287941,24.173028534136357,ckb1qzda0cr08m85hc8jlnfp3zer7xulejywt49kt2rr0vthywaa50xwsqfl7q5k0n22acsv662t7zmcw6rggs4ev8sft2wt3
capacity__target_net_capacity_delta,-25292918946.0,-0.5026520995426176,-23.953790309987397,ckb1qzda0cr08m85hc8jlnfp3zer7xulejywt49kt2rr0vthywaa50xwsqfl7q5k0n22acsv662t7zmcw6rggs4ev8sft2wt3
lineage__continuation_count,1.0,1.0,0.6931471805599453,ckb1qzda0cr08m85hc8jlnfp3zer7xulejywt49kt2rr0vthywaa50xwsqfl7q5k0n22acsv662t7zmcw6rggs4ev8sft2wt3
lineage__lineage_depth,1.0,-1.0,0.6931471805599453,ckb1qzda0cr08m85hc8jlnfp3zer7xulejywt49kt2rr0vthywaa50xwsqfl7q5k0n22acsv662t7zmcw6rggs4ev8sft2wt3
lineage__lineage_repetition,0.0,-1.128899193514562,0.0,ckb1qzda0cr08m85hc8jlnfp3zer7xulejywt49kt2rr0vthywaa50xwsqfl7q5k0n22acsv662t7zmcw6rggs4ev8sft2wt3
lineage__merge_count,2.0,0.0,1.0986122886681098,ckb1qzda0cr08m85hc8jlnfp3zer7xulejywt49kt2rr0vthywaa50xwsqfl7q5k0n22acsv662t7zmcw6rggs4ev8sft2wt3
scripts__type_family_count,0.0,-0.501218028601448,0.0,ckb1qzda0cr08m85hc8jlnfp3zer7xulejywt49kt2rr0vthywaa50xwsqfl7q5k0n22acsv662t7zmcw6rggs4ev8sft2wt3
scripts__unique_lock_script_count,13.0,0.6763433160902348,2.6390573296152584,ckb1qzda0cr08m85hc8jlnfp3zer7xulejywt49kt2rr0vthywaa50xwsqfl7q5k0n22acsv662t7zmcw6rggs4ev8sft2wt3
scripts__unique_type_script_count,0.0,0.0,0.0,ckb1qzda0cr08m85hc8jlnfp3zer7xulejywt49kt2rr0vthywaa50xwsqfl7q5k0n22acsv662t7zmcw6rggs4ev8sft2wt3
capacity__capacity_repeat_ratio,0.0,-1.3489727248167438,0.0,ckb1qzda0cr08m85hc8jlnfp3zer7xulejywt49kt2rr0vthywaa50xwsqfl9ggysz7z4kfeslc6snf0ykm24kd9ujqrlxxfg
capacity__target_consumed_capacity,51200000000.0,-0.4895125374359367,24.659005369011403,ckb1qzda0cr08m85hc8jlnfp3zer7xulejywt49kt2rr0vthywaa50xwsqfl9ggysz7z4kfeslc6snf0ykm24kd9ujqrlxxfg
capacity__target_net_capacity_delta,-23351109788.0,-0.500975879207572,-23.873910348368707,ckb1qzda0cr08m85hc8jlnfp3zer7xulejywt49kt2rr0vthywaa50xwsqfl9ggysz7z4kfeslc6snf0ykm24kd9ujqrlxxfg
lineage__continuation_count,0.0,0.0,0.0,ckb1qzda0cr08m85hc8jlnfp3zer7xulejywt49kt2rr0vthywaa50xwsqfl9ggysz7z4kfeslc6snf0ykm24kd9ujqrlxxfg
lineage__lineage_depth,2.0,0.0,1.0986122886681098,ckb1qzda0cr08m85hc8jlnfp3zer7xulejywt49kt2rr0vthywaa50xwsqfl9ggysz7z4kfeslc6snf0ykm24kd9ujqrlxxfg
lineage__lineage_repetition,0.0,-1.128899193514562,0.0,ckb1qzda0cr08m85hc8jlnfp3zer7xulejywt49kt2rr0vthywaa50xwsqfl9ggysz7z4kfeslc6snf0ykm24kd9ujqrlxxfg
lineage__merge_count,2.0,0.0,1.0986122886681098,ckb1qzda0cr08m85hc8jlnfp3zer7xulejywt49kt2rr0vthywaa50xwsqfl9ggysz7z4kfeslc6snf0ykm24kd9ujqrlxxfg
scripts__type_family_count,0.0,-0.501218028601448,0.0,ckb1qzda0cr08m85hc8jlnfp3zer7xulejywt49kt2rr0vthywaa50xwsqfl9ggysz7z4kfeslc6snf0ykm24kd9ujqrlxxfg
scripts__unique_lock_script_count,7.0,0.229638071755347,2.0794415416798357,ckb1qzda0cr08m85hc8jlnfp3zer7xulejywt49kt2rr0vthywaa50xwsqfl9ggysz7z4kfeslc6snf0ykm24kd9ujqrlxxfg
scripts__unique_type_script_count,2.0,1.5849625007211563,1.0986122886681098,ckb1qzda0cr08m85hc8jlnfp3zer7xulejywt49kt2rr0vthywaa50xwsqfl9ggysz7z4kfeslc6snf0ykm24kd9ujqrlxxfg
capacity__capacity_repeat_ratio,0.0,-1.3489727248167438,0.0,ckb1qzda0cr08m85hc8jlnfp3zer7xulejywt49kt2rr0vthywaa50xwsqflgd96hhegvt75t3admj08a2y88yv5mdqy6cqs0
capacity__target_consumed_capacity,12199983654.0,-0.6962982704199643,23.224700448930626,ckb1qzda0cr08m85hc8jlnfp3zer7xulejywt49kt2rr0vthywaa50xwsqflgd96hhegvt75t3admj08a2y88yv5mdqy6cqs0
capacity__target_net_capacity_delta,-12199983654.0,-0.4873527024671318,-23.224700448930626,ckb1qzda0cr08m85hc8jlnfp3zer7xulejywt49kt2rr0vthywaa50xwsqflgd96hhegvt75t3admj08a2y88yv5mdqy6cqs0
lineage__continuation_count,0.0,0.0,0.0,ckb1qzda0cr08m85hc8jlnfp3zer7xulejywt49kt2rr0vthywaa50xwsqflgd96hhegvt75t3admj08a2y88yv5mdqy6cqs0
lineage__lineage_depth,1.0,-1.0,0.6931471805599453,ckb1qzda0cr08m85hc8jlnfp3zer7xulejywt49kt2rr0vthywaa50xwsqflgd96hhegvt75t3admj08a2y88yv5mdqy6cqs0
lineage__lineage_repetition,0.0,-1.128899193514562,0.0,ckb1qzda0cr08m85hc8jlnfp3zer7xulejywt49kt2rr0vthywaa50xwsqflgd96hhegvt75t3admj08a2y88yv5mdqy6cqs0
lineage__merge_count,1.0,-0.26957728969081496,0.6931471805599453,ckb1qzda0cr08m85hc8jlnfp3zer7xulejywt49kt2rr0vthywaa50xwsqflgd96hhegvt75t3admj08a2y88yv5mdqy6cqs0
scripts__type_family_count,0.0,-0.501218028601448,0.0,ckb1qzda0cr08m85hc8jlnfp3zer7xulejywt49kt2rr0vthywaa50xwsqflgd96hhegvt75t3admj08a2y88yv5mdqy6cqs0
scripts__unique_lock_script_count,4.0,-0.14553555730732698,1.6094379124341003,ckb1qzda0cr08m85hc8jlnfp3zer7xulejywt49kt2rr0vthywaa50xwsqflgd96hhegvt75t3admj08a2y88yv5mdqy6cqs0
scripts__unique_type_script_count,0.0,0.0,0.0,ckb1qzda0cr08m85hc8jlnfp3zer7xulejywt49kt2rr0vthywaa50xwsqflgd96hhegvt75t3admj08a2y88yv5mdqy6cqs0
capacity__capacity_repeat_ratio,1.0,0.9020803841920981,1.0,ckb1qzda0cr08m85hc8jlnfp3zer7xulejywt49kt2rr0vthywaa50xwsqfn7k56km47p5javnrpw4ufny8gcyqjyxschyrkw
capacity__target_consumed_capacity,63388800000000.0,0.5371756004419603,31.78030830561479,ckb1qzda0cr08m85hc8jlnfp3zer7xulejywt49kt2rr0vthywaa50xwsqfn7k56km47p5javnrpw4ufny8gcyqjyxschyrkw
capacity__target_net_capacity_delta,0.0,0.0,0.0,ckb1qzda0cr08m85hc8jlnfp3zer7xulejywt49kt2rr0vthywaa50xwsqfn7k56km47p5javnrpw4ufny8gcyqjyxschyrkw
lineage__continuation_count,0.0,0.0,0.0,ckb1qzda0cr08m85hc8jlnfp3zer7xulejywt49kt2rr0vthywaa50xwsqfn7k56km47p5javnrpw4ufny8gcyqjyxschyrkw
lineage__lineage_depth,2.0,0.0,1.0986122886681098,ckb1qzda0cr08m85hc8jlnfp3zer7xulejywt49kt2rr0vthywaa50xwsqfn7k56km47p5javnrpw4ufny8gcyqjyxschyrkw
lineage__lineage_repetition,0.0,-1.128899193514562,0.0,ckb1qzda0cr08m85hc8jlnfp3zer7xulejywt49kt2rr0vthywaa50xwsqfn7k56km47p5javnrpw4ufny8gcyqjyxschyrkw
lineage__merge_count,0.0,-0.7304227103091852,0.0,ckb1qzda0cr08m85hc8jlnfp3zer7xulejywt49kt2rr0vthywaa50xwsqfn7k56km47p5javnrpw4ufny8gcyqjyxschyrkw
scripts__type_family_count,0.0,-0.501218028601448,0.0,ckb1qzda0cr08m85hc8jlnfp3zer7xulejywt49kt2rr0vthywaa50xwsqfn7k56km47p5javnrpw4ufny8gcyqjyxschyrkw
scripts__unique_lock_script_count,3.0,-0.3236566839097652,1.3862943611198906,ckb1qzda0cr08m85hc8jlnfp3zer7xulejywt49kt2rr0vthywaa50xwsqfn7k56km47p5javnrpw4ufny8gcyqjyxschyrkw
scripts__unique_type_script_count,0.0,0.0,0.0,ckb1qzda0cr08m85hc8jlnfp3zer7xulejywt49kt2rr0vthywaa50xwsqfn7k56km47p5javnrpw4ufny8gcyqjyxschyrkw
capacity__capacity_repeat_ratio,0.4,-0.448551481213207,0.4,ckb1qzda0cr08m85hc8jlnfp3zer7xulejywt49kt2rr0vthywaa50xwsqfplruvrt4qsh2vu7vla0uuk2pxvstfx6csgmzu5
capacity__target_consumed_capacity,73119658463.0,-0.43813594926007643,25.01536309318424,ckb1qzda0cr08m85hc8jlnfp3zer7xulejywt49kt2rr0vthywaa50xwsqfplruvrt4qsh2vu7vla0uuk2pxvstfx6csgmzu5
capacity__target_net_capacity_delta,-61597897717.0,-0.5213302407120648,-24.84389357894897,ckb1qzda0cr08m85hc8jlnfp3zer7xulejywt49kt2rr0vthywaa50xwsqfplruvrt4qsh2vu7vla0uuk2pxvstfx6csgmzu5
lineage__continuation_count,1.0,1.0,0.6931471805599453,ckb1qzda0cr08m85hc8jlnfp3zer7xulejywt49kt2rr0vthywaa50xwsqfplruvrt4qsh2vu7vla0uuk2pxvstfx6csgmzu5
lineage__lineage_depth,2.0,0.0,1.0986122886681098,ckb1qzda0cr08m85hc8jlnfp3zer7xulejywt49kt2rr0vthywaa50xwsqfplruvrt4qsh2vu7vla0uuk2pxvstfx6csgmzu5
lineage__lineage_repetition,0.5,-0.05055498806225001,0.5,ckb1qzda0cr08m85hc8jlnfp3zer7xulejywt49kt2rr0vthywaa50xwsqfplruvrt4qsh2vu7vla0uuk2pxvstfx6csgmzu5
lineage__merge_count,1.0,-0.26957728969081496,0.6931471805599453,ckb1qzda0cr08m85hc8jlnfp3zer7xulejywt49kt2rr0vthywaa50xwsqfplruvrt4qsh2vu7vla0uuk2pxvstfx6csgmzu5
scripts__type_family_count,0.0,-0.501218028601448,0.0,ckb1qzda0cr08m85hc8jlnfp3zer7xulejywt49kt2rr0vthywaa50xwsqfplruvrt4qsh2vu7vla0uuk2pxvstfx6csgmzu5
scripts__unique_lock_script_count,15.0,0.7829328274204593,2.772588722239781,ckb1qzda0cr08m85hc8jlnfp3zer7xulejywt49kt2rr0vthywaa50xwsqfplruvrt4qsh2vu7vla0uuk2pxvstfx6csgmzu5
scripts__unique_type_script_count,0.0,0.0,0.0,ckb1qzda0cr08m85hc8jlnfp3zer7xulejywt49kt2rr0vthywaa50xwsqfplruvrt4qsh2vu7vla0uuk2pxvstfx6csgmzu5
capacity__capacity_repeat_ratio,1.0,0.9020803841920981,1.0,ckb1qzda0cr08m85hc8jlnfp3zer7xulejywt49kt2rr0vthywaa50xwsqfqqgdjzldwm3gcuxnclfscjda2lw7jruqjxyp93
capacity__target_consumed_capacity,950000100000000.0,0.9274727668327711,34.48748320578629,ckb1qzda0cr08m85hc8jlnfp3zer7xulejywt49kt2rr0vthywaa50xwsqfqqgdjzldwm3gcuxnclfscjda2lw7jruqjxyp93
capacity__target_net_capacity_delta,0.0,0.0,0.0,ckb1qzda0cr08m85hc8jlnfp3zer7xulejywt49kt2rr0vthywaa50xwsqfqqgdjzldwm3gcuxnclfscjda2lw7jruqjxyp93
lineage__continuation_count,0.0,0.0,0.0,ckb1qzda0cr08m85hc8jlnfp3zer7xulejywt49kt2rr0vthywaa50xwsqfqqgdjzldwm3gcuxnclfscjda2lw7jruqjxyp93
lineage__lineage_depth,2.0,0.0,1.0986122886681098,ckb1qzda0cr08m85hc8jlnfp3zer7xulejywt49kt2rr0vthywaa50xwsqfqqgdjzldwm3gcuxnclfscjda2lw7jruqjxyp93
lineage__lineage_repetition,0.0,-1.128899193514562,0.0,ckb1qzda0cr08m85hc8jlnfp3zer7xulejywt49kt2rr0vthywaa50xwsqfqqgdjzldwm3gcuxnclfscjda2lw7jruqjxyp93
lineage__merge_count,2.0,0.0,1.0986122886681098,ckb1qzda0cr08m85hc8jlnfp3zer7xulejywt49kt2rr0vthywaa50xwsqfqqgdjzldwm3gcuxnclfscjda2lw7jruqjxyp93
scripts__type_family_count,1.0,1.9951397255009098,0.6931471805599453,ckb1qzda0cr08m85hc8jlnfp3zer7xulejywt49kt2rr0vthywaa50xwsqfqqgdjzldwm3gcuxnclfscjda2lw7jruqjxyp93
scripts__unique_lock_script_count,5.0,0.0,1.791759469228055,ckb1qzda0cr08m85hc8jlnfp3zer7xulejywt49kt2rr0vthywaa50xwsqfqqgdjzldwm3gcuxnclfscjda2lw7jruqjxyp93
scripts__unique_type_script_count,1.0,1.0,0.6931471805599453,ckb1qzda0cr08m85hc8jlnfp3zer7xulejywt49kt2rr0vthywaa50xwsqfqqgdjzldwm3gcuxnclfscjda2lw7jruqjxyp93
capacity__capacity_repeat_ratio,1.0,0.9020803841920981,1.0,ckb1qzda0cr08m85hc8jlnfp3zer7xulejywt49kt2rr0vthywaa50xwsqfqr2l6rqllmnhtpzptgq9fnagsykcffxcpqmjuu
capacity__target_consumed_capacity,15335512910658.0,0.3325796830077665,30.361192359995023,ckb1qzda0cr08m85hc8jlnfp3zer7xulejywt49kt2rr0vthywaa50xwsqfqr2l6rqllmnhtpzptgq9fnagsykcffxcpqmjuu
capacity__target_net_capacity_delta,0.0,0.0,0.0,ckb1qzda0cr08m85hc8jlnfp3zer7xulejywt49kt2rr0vthywaa50xwsqfqr2l6rqllmnhtpzptgq9fnagsykcffxcpqmjuu
lineage__continuation_count,0.0,0.0,0.0,ckb1qzda0cr08m85hc8jlnfp3zer7xulejywt49kt2rr0vthywaa50xwsqfqr2l6rqllmnhtpzptgq9fnagsykcffxcpqmjuu
lineage__lineage_depth,2.0,0.0,1.0986122886681098,ckb1qzda0cr08m85hc8jlnfp3zer7xulejywt49kt2rr0vthywaa50xwsqfqr2l6rqllmnhtpzptgq9fnagsykcffxcpqmjuu
lineage__lineage_repetition,0.9833333333333333,0.9918444105416516,0.9833333333333333,ckb1qzda0cr08m85hc8jlnfp3zer7xulejywt49kt2rr0vthywaa50xwsqfqr2l6rqllmnhtpzptgq9fnagsykcffxcpqmjuu
lineage__merge_count,30.0,1.552695972177032,3.4339872044851463,ckb1qzda0cr08m85hc8jlnfp3zer7xulejywt49kt2rr0vthywaa50xwsqfqr2l6rqllmnhtpzptgq9fnagsykcffxcpqmjuu
scripts__type_family_count,0.0,-0.501218028601448,0.0,ckb1qzda0cr08m85hc8jlnfp3zer7xulejywt49kt2rr0vthywaa50xwsqfqr2l6rqllmnhtpzptgq9fnagsykcffxcpqmjuu
scripts__unique_lock_script_count,3.0,-0.3236566839097652,1.3862943611198906,ckb1qzda0cr08m85hc8jlnfp3zer7xulejywt49kt2rr0vthywaa50xwsqfqr2l6rqllmnhtpzptgq9fnagsykcffxcpqmjuu
scripts__unique_type_script_count,0.0,0.0,0.0,ckb1qzda0cr08m85hc8jlnfp3zer7xulejywt49kt2rr0vthywaa50xwsqfqr2l6rqllmnhtpzptgq9fnagsykcffxcpqmjuu
capacity__capacity_repeat_ratio,0.9333333333333333,0.7520101769248421,0.9333333333333333,ckb1qzda0cr08m85hc8jlnfp3zer7xulejywt49kt2rr0vthywaa50xwsqfrlamn0mk353jsutukulxcxyf8je85wwg5l5nnv
capacity__target_consumed_capacity,0.0,-4.044635599832544,0.0,ckb1qzda0cr08m85hc8jlnfp3zer7xulejywt49kt2rr0vthywaa50xwsqfrlamn0mk353jsutukulxcxyf8je85wwg5l5nnv
capacity__target_net_capacity_delta,445400000000.0,0.5628443084836486,26.822238591771924,ckb1qzda0cr08m85hc8jlnfp3zer7xulejywt49kt2rr0vthywaa50xwsqfrlamn0mk353jsutukulxcxyf8je85wwg5l5nnv
lineage__continuation_count,0.0,0.0,0.0,ckb1qzda0cr08m85hc8jlnfp3zer7xulejywt49kt2rr0vthywaa50xwsqfrlamn0mk353jsutukulxcxyf8je85wwg5l5nnv
lineage__lineage_depth,14.0,3.969362295916117,2.70805020110221,ckb1qzda0cr08m85hc8jlnfp3zer7xulejywt49kt2rr0vthywaa50xwsqfrlamn0mk353jsutukulxcxyf8je85wwg5l5nnv
lineage__lineage_repetition,0.9166666666666666,0.84806518314801,0.9166666666666666,ckb1qzda0cr08m85hc8jlnfp3zer7xulejywt49kt2rr0vthywaa50xwsqfrlamn0mk353jsutukulxcxyf8je85wwg5l5nnv
lineage__merge_count,11.0,0.9216908412367403,2.4849066497880004,ckb1qzda0cr08m85hc8jlnfp3zer7xulejywt49kt2rr0vthywaa50xwsqfrlamn0mk353jsutukulxcxyf8je85wwg5l5nnv
scripts__type_family_count,0.0,-0.501218028601448,0.0,ckb1qzda0cr08m85hc8jlnfp3zer7xulejywt49kt2rr0vthywaa50xwsqfrlamn0mk353jsutukulxcxyf8je85wwg5l5nnv
scripts__unique_lock_script_count,32.0,1.3607906165089751,3.4965075614664802,ckb1qzda0cr08m85hc8jlnfp3zer7xulejywt49kt2rr0vthywaa50xwsqfrlamn0mk353jsutukulxcxyf8je85wwg5l5nnv
scripts__unique_type_script_count,0.0,0.0,0.0,ckb1qzda0cr08m85hc8jlnfp3zer7xulejywt49kt2rr0vthywaa50xwsqfrlamn0mk353jsutukulxcxyf8je85wwg5l5nnv
capacity__capacity_repeat_ratio,0.125,-1.0675910861906386,0.125,ckb1qzda0cr08m85hc8jlnfp3zer7xulejywt49kt2rr0vthywaa50xwsqfrmvt598cnr70mhtyt9afjg9yju7s0n6gw0e8d4
capacity__target_consumed_capacity,14222969207027.0,0.3217216979053965,30.285879323501852,ckb1qzda0cr08m85hc8jlnfp3zer7xulejywt49kt2rr0vthywaa50xwsqfrmvt598cnr70mhtyt9afjg9yju7s0n6gw0e8d4
capacity__target_net_capacity_delta,-13231786584610.0,-0.6340103572441755,-30.21364312534727,ckb1qzda0cr08m85hc8jlnfp3zer7xulejywt49kt2rr0vthywaa50xwsqfrmvt598cnr70mhtyt9afjg9yju7s0n6gw0e8d4
lineage__continuation_count,0.0,0.0,0.0,ckb1qzda0cr08m85hc8jlnfp3zer7xulejywt49kt2rr0vthywaa50xwsqfrmvt598cnr70mhtyt9afjg9yju7s0n6gw0e8d4
lineage__lineage_depth,2.0,0.0,1.0986122886681098,ckb1qzda0cr08m85hc8jlnfp3zer7xulejywt49kt2rr0vthywaa50xwsqfrmvt598cnr70mhtyt9afjg9yju7s0n6gw0e8d4
lineage__lineage_repetition,1.0,1.027789217390062,1.0,ckb1qzda0cr08m85hc8jlnfp3zer7xulejywt49kt2rr0vthywaa50xwsqfrmvt598cnr70mhtyt9afjg9yju7s0n6gw0e8d4
lineage__merge_count,26.0,1.4608454206183699,3.295836866004329,ckb1qzda0cr08m85hc8jlnfp3zer7xulejywt49kt2rr0vthywaa50xwsqfrmvt598cnr70mhtyt9afjg9yju7s0n6gw0e8d4
scripts__type_family_count,0.0,-0.501218028601448,0.0,ckb1qzda0cr08m85hc8jlnfp3zer7xulejywt49kt2rr0vthywaa50xwsqfrmvt598cnr70mhtyt9afjg9yju7s0n6gw0e8d4
scripts__unique_lock_script_count,23.0,1.1065895113302247,3.1780538303479458,ckb1qzda0cr08m85hc8jlnfp3zer7xulejywt49kt2rr0vthywaa50xwsqfrmvt598cnr70mhtyt9afjg9yju7s0n6gw0e8d4
scripts__unique_type_script_count,0.0,0.0,0.0,ckb1qzda0cr08m85hc8jlnfp3zer7xulejywt49kt2rr0vthywaa50xwsqfrmvt598cnr70mhtyt9afjg9yju7s0n6gw0e8d4
capacity__capacity_repeat_ratio,0.0,-1.3489727248167438,0.0,ckb1qzda0cr08m85hc8jlnfp3zer7xulejywt49kt2rr0vthywaa50xwsqfrvc7cagn8h4g3harg8cwdfpq3sx7sxms2r27la
capacity__target_consumed_capacity,9794743549.0,-0.727956684519645,23.005111706274796,ckb1qzda0cr08m85hc8jlnfp3zer7xulejywt49kt2rr0vthywaa50xwsqfrvc7cagn8h4g3harg8cwdfpq3sx7sxms2r27la
capacity__target_net_capacity_delta,-9794743549.0,-0.48274479945456117,-23.005111706274796,ckb1qzda0cr08m85hc8jlnfp3zer7xulejywt49kt2rr0vthywaa50xwsqfrvc7cagn8h4g3harg8cwdfpq3sx7sxms2r27la
lineage__continuation_count,0.0,0.0,0.0,ckb1qzda0cr08m85hc8jlnfp3zer7xulejywt49kt2rr0vthywaa50xwsqfrvc7cagn8h4g3harg8cwdfpq3sx7sxms2r27la
lineage__lineage_depth,1.0,-1.0,0.6931471805599453,ckb1qzda0cr08m85hc8jlnfp3zer7xulejywt49kt2rr0vthywaa50xwsqfrvc7cagn8h4g3harg8cwdfpq3sx7sxms2r27la
lineage__lineage_repetition,0.0,-1.128899193514562,0.0,ckb1qzda0cr08m85hc8jlnfp3zer7xulejywt49kt2rr0vthywaa50xwsqfrvc7cagn8h4g3harg8cwdfpq3sx7sxms2r27la
lineage__merge_count,1.0,-0.26957728969081496,0.6931471805599453,ckb1qzda0cr08m85hc8jlnfp3zer7xulejywt49kt2rr0vthywaa50xwsqfrvc7cagn8h4g3harg8cwdfpq3sx7sxms2r27la
scripts__type_family_count,1.0,1.9951397255009098,0.6931471805599453,ckb1qzda0cr08m85hc8jlnfp3zer7xulejywt49kt2rr0vthywaa50xwsqfrvc7cagn8h4g3harg8cwdfpq3sx7sxms2r27la
scripts__unique_lock_script_count,3.0,-0.3236566839097652,1.3862943611198906,ckb1qzda0cr08m85hc8jlnfp3zer7xulejywt49kt2rr0vthywaa50xwsqfrvc7cagn8h4g3harg8cwdfpq3sx7sxms2r27la
scripts__unique_type_script_count,1.0,1.0,0.6931471805599453,ckb1qzda0cr08m85hc8jlnfp3zer7xulejywt49kt2rr0vthywaa50xwsqfrvc7cagn8h4g3harg8cwdfpq3sx7sxms2r27la
capacity__capacity_repeat_ratio,0.6666666666666666,0.1517293478558174,0.6666666666666666,ckb1qzda0cr08m85hc8jlnfp3zer7xulejywt49kt2rr0vthywaa50xwsqfs6c4chhw5kwthmq0jzqyxwmr9fpr5a4qr8l2yd
capacity__target_consumed_capacity,156776642501298.0,0.6677278312901641,32.685843249109,ckb1qzda0cr08m85hc8jlnfp3zer7xulejywt49kt2rr0vthywaa50xwsqfs6c4chhw5kwthmq0jzqyxwmr9fpr5a4qr8l2yd
capacity__target_net_capacity_delta,17076109551372.0,0.639362563555884,30.46870150032096,ckb1qzda0cr08m85hc8jlnfp3zer7xulejywt49kt2rr0vthywaa50xwsqfs6c4chhw5kwthmq0jzqyxwmr9fpr5a4qr8l2yd
lineage__continuation_count,2.0,1.5849625007211563,1.0986122886681098,ckb1qzda0cr08m85hc8jlnfp3zer7xulejywt49kt2rr0vthywaa50xwsqfs6c4chhw5kwthmq0jzqyxwmr9fpr5a4qr8l2yd
lineage__lineage_depth,3.0,0.7095112913514542,1.3862943611198906,ckb1qzda0cr08m85hc8jlnfp3zer7xulejywt49kt2rr0vthywaa50xwsqfs6c4chhw5kwthmq0jzqyxwmr9fpr5a4qr8l2yd
lineage__lineage_repetition,0.4,-0.26622382915271237,0.4,ckb1qzda0cr08m85hc8jlnfp3zer7xulejywt49kt2rr0vthywaa50xwsqfs6c4chhw5kwthmq0jzqyxwmr9fpr5a4qr8l2yd
lineage__merge_count,4.0,0.3396272192247922,1.6094379124341003,ckb1qzda0cr08m85hc8jlnfp3zer7xulejywt49kt2rr0vthywaa50xwsqfs6c4chhw5kwthmq0jzqyxwmr9fpr5a4qr8l2yd
scripts__type_family_count,1.0,1.9951397255009098,0.6931471805599453,ckb1qzda0cr08m85hc8jlnfp3zer7xulejywt49kt2rr0vthywaa50xwsqfs6c4chhw5kwthmq0jzqyxwmr9fpr5a4qr8l2yd
scripts__unique_lock_script_count,6.0,0.12304856042512263,1.9459101490553132,ckb1qzda0cr08m85hc8jlnfp3zer7xulejywt49kt2rr0vthywaa50xwsqfs6c4chhw5kwthmq0jzqyxwmr9fpr5a4qr8l2yd
scripts__unique_type_script_count,1.0,1.0,0.6931471805599453,ckb1qzda0cr08m85hc8jlnfp3zer7xulejywt49kt2rr0vthywaa50xwsqfs6c4chhw5kwthmq0jzqyxwmr9fpr5a4qr8l2yd
capacity__capacity_repeat_ratio,0.0,-1.3489727248167438,0.0,ckb1qzda0cr08m85hc8jlnfp3zer7xulejywt49kt2rr0vthywaa50xwsqfs7v5u87mvk9zdyhmg3ua0aduh4zfw3fsgsfkel
capacity__target_consumed_capacity,47337185720000.0,0.49507884717916584,31.488317270000564,ckb1qzda0cr08m85hc8jlnfp3zer7xulejywt49kt2rr0vthywaa50xwsqfs7v5u87mvk9zdyhmg3ua0aduh4zfw3fsgsfkel
capacity__target_net_capacity_delta,-47337185720000.0,-0.6607584262032465,-31.488317270000564,ckb1qzda0cr08m85hc8jlnfp3zer7xulejywt49kt2rr0vthywaa50xwsqfs7v5u87mvk9zdyhmg3ua0aduh4zfw3fsgsfkel
lineage__continuation_count,0.0,0.0,0.0,ckb1qzda0cr08m85hc8jlnfp3zer7xulejywt49kt2rr0vthywaa50xwsqfs7v5u87mvk9zdyhmg3ua0aduh4zfw3fsgsfkel
lineage__lineage_depth,1.0,-1.0,0.6931471805599453,ckb1qzda0cr08m85hc8jlnfp3zer7xulejywt49kt2rr0vthywaa50xwsqfs7v5u87mvk9zdyhmg3ua0aduh4zfw3fsgsfkel
lineage__lineage_repetition,0.0,-1.128899193514562,0.0,ckb1qzda0cr08m85hc8jlnfp3zer7xulejywt49kt2rr0vthywaa50xwsqfs7v5u87mvk9zdyhmg3ua0aduh4zfw3fsgsfkel
lineage__merge_count,1.0,-0.26957728969081496,0.6931471805599453,ckb1qzda0cr08m85hc8jlnfp3zer7xulejywt49kt2rr0vthywaa50xwsqfs7v5u87mvk9zdyhmg3ua0aduh4zfw3fsgsfkel
scripts__type_family_count,0.0,-0.501218028601448,0.0,ckb1qzda0cr08m85hc8jlnfp3zer7xulejywt49kt2rr0vthywaa50xwsqfs7v5u87mvk9zdyhmg3ua0aduh4zfw3fsgsfkel
scripts__unique_lock_script_count,8.0,0.3236566839097654,2.1972245773362196,ckb1qzda0cr08m85hc8jlnfp3zer7xulejywt49kt2rr0vthywaa50xwsqfs7v5u87mvk9zdyhmg3ua0aduh4zfw3fsgsfkel
scripts__unique_type_script_count,0.0,0.0,0.0,ckb1qzda0cr08m85hc8jlnfp3zer7xulejywt49kt2rr0vthywaa50xwsqfs7v5u87mvk9zdyhmg3ua0aduh4zfw3fsgsfkel
capacity__capacity_repeat_ratio,0.5,-0.22344617031232286,0.5,ckb1qzda0cr08m85hc8jlnfp3zer7xulejywt49kt2rr0vthywaa50xwsqfsajumlzs2pjvtz0xxg42llw5px435u3gxmlwuc
capacity__target_consumed_capacity,6499999890000.0,0.208827419636928,29.502823275907215,ckb1qzda0cr08m85hc8jlnfp3zer7xulejywt49kt2rr0vthywaa50xwsqfsajumlzs2pjvtz0xxg42llw5px435u3gxmlwuc
capacity__target_net_capacity_delta,18450199450000.0,0.6409866345846206,30.54609629665481,ckb1qzda0cr08m85hc8jlnfp3zer7xulejywt49kt2rr0vthywaa50xwsqfsajumlzs2pjvtz0xxg42llw5px435u3gxmlwuc
lineage__continuation_count,0.0,0.0,0.0,ckb1qzda0cr08m85hc8jlnfp3zer7xulejywt49kt2rr0vthywaa50xwsqfsajumlzs2pjvtz0xxg42llw5px435u3gxmlwuc
lineage__lineage_depth,3.0,0.7095112913514542,1.3862943611198906,ckb1qzda0cr08m85hc8jlnfp3zer7xulejywt49kt2rr0vthywaa50xwsqfsajumlzs2pjvtz0xxg42llw5px435u3gxmlwuc
lineage__lineage_repetition,0.75,0.48861711466390606,0.75,ckb1qzda0cr08m85hc8jlnfp3zer7xulejywt49kt2rr0vthywaa50xwsqfsajumlzs2pjvtz0xxg42llw5px435u3gxmlwuc
lineage__merge_count,2.0,0.0,1.0986122886681098,ckb1qzda0cr08m85hc8jlnfp3zer7xulejywt49kt2rr0vthywaa50xwsqfsajumlzs2pjvtz0xxg42llw5px435u3gxmlwuc
scripts__type_family_count,1.0,1.9951397255009098,0.6931471805599453,ckb1qzda0cr08m85hc8jlnfp3zer7xulejywt49kt2rr0vthywaa50xwsqfsajumlzs2pjvtz0xxg42llw5px435u3gxmlwuc
scripts__unique_lock_script_count,5.0,0.0,1.791759469228055,ckb1qzda0cr08m85hc8jlnfp3zer7xulejywt49kt2rr0vthywaa50xwsqfsajumlzs2pjvtz0xxg42llw5px435u3gxmlwuc
scripts__unique_type_script_count,1.0,1.0,0.6931471805599453,ckb1qzda0cr08m85hc8jlnfp3zer7xulejywt49kt2rr0vthywaa50xwsqfsajumlzs2pjvtz0xxg42llw5px435u3gxmlwuc
capacity__capacity_repeat_ratio,0.9032258064516129,0.6842365349331779,0.9032258064516129,ckb1qzda0cr08m85hc8jlnfp3zer7xulejywt49kt2rr0vthywaa50xwsqft980n0alva2vjmkca85wujt5vhtwgzpgqczv9a
capacity__target_consumed_capacity,1276252101287.0,-0.02586549750995584,27.87494885287878,ckb1qzda0cr08m85hc8jlnfp3zer7xulejywt49kt2rr0vthywaa50xwsqft980n0alva2vjmkca85wujt5vhtwgzpgqczv9a
capacity__target_net_capacity_delta,131602275619.0,0.5372605648149565,25.603050147633414,ckb1qzda0cr08m85hc8jlnfp3zer7xulejywt49kt2rr0vthywaa50xwsqft980n0alva2vjmkca85wujt5vhtwgzpgqczv9a
lineage__continuation_count,5.0,2.584962500721156,1.791759469228055,ckb1qzda0cr08m85hc8jlnfp3zer7xulejywt49kt2rr0vthywaa50xwsqft980n0alva2vjmkca85wujt5vhtwgzpgqczv9a
lineage__lineage_depth,7.0,2.419022582702908,2.0794415416798357,ckb1qzda0cr08m85hc8jlnfp3zer7xulejywt49kt2rr0vthywaa50xwsqft980n0alva2vjmkca85wujt5vhtwgzpgqczv9a
lineage__lineage_repetition,0.8823529411764706,0.7740611690483415,0.8823529411764706,ckb1qzda0cr08m85hc8jlnfp3zer7xulejywt49kt2rr0vthywaa50xwsqft980n0alva2vjmkca85wujt5vhtwgzpgqczv9a
lineage__merge_count,6.0,0.5633339495715032,1.9459101490553132,ckb1qzda0cr08m85hc8jlnfp3zer7xulejywt49kt2rr0vthywaa50xwsqft980n0alva2vjmkca85wujt5vhtwgzpgqczv9a
scripts__type_family_count,0.0,-0.501218028601448,0.0,ckb1qzda0cr08m85hc8jlnfp3zer7xulejywt49kt2rr0vthywaa50xwsqft980n0alva2vjmkca85wujt5vhtwgzpgqczv9a
scripts__unique_lock_script_count,3.0,-0.3236566839097652,1.3862943611198906,ckb1qzda0cr08m85hc8jlnfp3zer7xulejywt49kt2rr0vthywaa50xwsqft980n0alva2vjmkca85wujt5vhtwgzpgqczv9a
scripts__unique_type_script_count,0.0,0.0,0.0,ckb1qzda0cr08m85hc8jlnfp3zer7xulejywt49kt2rr0vthywaa50xwsqft980n0alva2vjmkca85wujt5vhtwgzpgqczv9a
capacity__capacity_repeat_ratio,0.2,-0.8987621030149754,0.2,ckb1qzda0cr08m85hc8jlnfp3zer7xulejywt49kt2rr0vthywaa50xwsqftm2xn4dlczysw0q2x5alw2v7ur2le8gs8h3teh
capacity__target_consumed_capacity,220211688560.0,-0.2791881389959487,26.117855141392972,ckb1qzda0cr08m85hc8jlnfp3zer7xulejywt49kt2rr0vthywaa50xwsqftm2xn4dlczysw0q2x5alw2v7ur2le8gs8h3teh
capacity__target_net_capacity_delta,-193971338419.0,-0.5454008993833596,-25.990976244992,ckb1qzda0cr08m85hc8jlnfp3zer7xulejywt49kt2rr0vthywaa50xwsqftm2xn4dlczysw0q2x5alw2v7ur2le8gs8h3teh
lineage__continuation_count,0.0,0.0,0.0,ckb1qzda0cr08m85hc8jlnfp3zer7xulejywt49kt2rr0vthywaa50xwsqftm2xn4dlczysw0q2x5alw2v7ur2le8gs8h3teh
lineage__lineage_depth,2.0,0.0,1.0986122886681098,ckb1qzda0cr08m85hc8jlnfp3zer7xulejywt49kt2rr0vthywaa50xwsqftm2xn4dlczysw0q2x5alw2v7ur2le8gs8h3teh
lineage__lineage_repetition,0.9444444444444444,0.9079731945620274,0.9444444444444444,ckb1qzda0cr08m85hc8jlnfp3zer7xulejywt49kt2rr0vthywaa50xwsqftm2xn4dlczysw0q2x5alw2v7ur2le8gs8h3teh
lineage__merge_count,9.0,0.8004726398431626,2.302585092994046,ckb1qzda0cr08m85hc8jlnfp3zer7xulejywt49kt2rr0vthywaa50xwsqftm2xn4dlczysw0q2x5alw2v7ur2le8gs8h3teh
scripts__type_family_count,0.0,-0.501218028601448,0.0,ckb1qzda0cr08m85hc8jlnfp3zer7xulejywt49kt2rr0vthywaa50xwsqftm2xn4dlczysw0q2x5alw2v7ur2le8gs8h3teh
scripts__unique_lock_script_count,51.0,1.7237772057925875,3.9512437185814275,ckb1qzda0cr08m85hc8jlnfp3zer7xulejywt49kt2rr0vthywaa50xwsqftm2xn4dlczysw0q2x5alw2v7ur2le8gs8h3teh
scripts__unique_type_script_count,0.0,0.0,0.0,ckb1qzda0cr08m85hc8jlnfp3zer7xulejywt49kt2rr0vthywaa50xwsqftm2xn4dlczysw0q2x5alw2v7ur2le8gs8h3teh
capacity__capacity_repeat_ratio,0.0,-1.3489727248167438,0.0,ckb1qzda0cr08m85hc8jlnfp3zer7xulejywt49kt2rr0vthywaa50xwsqfu77q0whtmthcu45dm9l326da8rasmh6g8t7pw9
capacity__target_consumed_capacity,0.0,-4.044635599832544,0.0,ckb1qzda0cr08m85hc8jlnfp3zer7xulejywt49kt2rr0vthywaa50xwsqfu77q0whtmthcu45dm9l326da8rasmh6g8t7pw9
capacity__target_net_capacity_delta,23816000000000.0,0.6463435427934401,30.801378739642065,ckb1qzda0cr08m85hc8jlnfp3zer7xulejywt49kt2rr0vthywaa50xwsqfu77q0whtmthcu45dm9l326da8rasmh6g8t7pw9
lineage__continuation_count,0.0,0.0,0.0,ckb1qzda0cr08m85hc8jlnfp3zer7xulejywt49kt2rr0vthywaa50xwsqfu77q0whtmthcu45dm9l326da8rasmh6g8t7pw9
lineage__lineage_depth,1.0,-1.0,0.6931471805599453,ckb1qzda0cr08m85hc8jlnfp3zer7xulejywt49kt2rr0vthywaa50xwsqfu77q0whtmthcu45dm9l326da8rasmh6g8t7pw9
lineage__lineage_repetition,0.0,-1.128899193514562,0.0,ckb1qzda0cr08m85hc8jlnfp3zer7xulejywt49kt2rr0vthywaa50xwsqfu77q0whtmthcu45dm9l326da8rasmh6g8t7pw9
lineage__merge_count,0.0,-0.7304227103091852,0.0,ckb1qzda0cr08m85hc8jlnfp3zer7xulejywt49kt2rr0vthywaa50xwsqfu77q0whtmthcu45dm9l326da8rasmh6g8t7pw9
scripts__type_family_count,0.0,-0.501218028601448,0.0,ckb1qzda0cr08m85hc8jlnfp3zer7xulejywt49kt2rr0vthywaa50xwsqfu77q0whtmthcu45dm9l326da8rasmh6g8t7pw9
scripts__unique_lock_script_count,2.0,-0.5532947556651122,1.0986122886681098,ckb1qzda0cr08m85hc8jlnfp3zer7xulejywt49kt2rr0vthywaa50xwsqfu77q0whtmthcu45dm9l326da8rasmh6g8t7pw9
scripts__unique_type_script_count,0.0,0.0,0.0,ckb1qzda0cr08m85hc8jlnfp3zer7xulejywt49kt2rr0vthywaa50xwsqfu77q0whtmthcu45dm9l326da8rasmh6g8t7pw9
capacity__capacity_repeat_ratio,1.0,0.9020803841920981,1.0,ckb1qzda0cr08m85hc8jlnfp3zer7xulejywt49kt2rr0vthywaa50xwsqfuwj6lqq2hhe8qqm3m5z2xacjjyuy73yqwgnm2m
capacity__target_consumed_capacity,6560854953.0,-0.7857297567786038,22.604386759764065,ckb1qzda0cr08m85hc8jlnfp3zer7xulejywt49kt2rr0vthywaa50xwsqfuwj6lqq2hhe8qqm3m5z2xacjjyuy73yqwgnm2m
capacity__target_net_capacity_delta,0.0,0.0,0.0,ckb1qzda0cr08m85hc8jlnfp3zer7xulejywt49kt2rr0vthywaa50xwsqfuwj6lqq2hhe8qqm3m5z2xacjjyuy73yqwgnm2m
lineage__continuation_count,0.0,0.0,0.0,ckb1qzda0cr08m85hc8jlnfp3zer7xulejywt49kt2rr0vthywaa50xwsqfuwj6lqq2hhe8qqm3m5z2xacjjyuy73yqwgnm2m
lineage__lineage_depth,2.0,0.0,1.0986122886681098,ckb1qzda0cr08m85hc8jlnfp3zer7xulejywt49kt2rr0vthywaa50xwsqfuwj6lqq2hhe8qqm3m5z2xacjjyuy73yqwgnm2m
lineage__lineage_repetition,0.0,-1.128899193514562,0.0,ckb1qzda0cr08m85hc8jlnfp3zer7xulejywt49kt2rr0vthywaa50xwsqfuwj6lqq2hhe8qqm3m5z2xacjjyuy73yqwgnm2m
lineage__merge_count,1.0,-0.26957728969081496,0.6931471805599453,ckb1qzda0cr08m85hc8jlnfp3zer7xulejywt49kt2rr0vthywaa50xwsqfuwj6lqq2hhe8qqm3m5z2xacjjyuy73yqwgnm2m
scripts__type_family_count,0.0,-0.501218028601448,0.0,ckb1qzda0cr08m85hc8jlnfp3zer7xulejywt49kt2rr0vthywaa50xwsqfuwj6lqq2hhe8qqm3m5z2xacjjyuy73yqwgnm2m
scripts__unique_lock_script_count,5.0,0.0,1.791759469228055,ckb1qzda0cr08m85hc8jlnfp3zer7xulejywt49kt2rr0vthywaa50xwsqfuwj6lqq2hhe8qqm3m5z2xacjjyuy73yqwgnm2m
scripts__unique_type_script_count,0.0,0.0,0.0,ckb1qzda0cr08m85hc8jlnfp3zer7xulejywt49kt2rr0vthywaa50xwsqfuwj6lqq2hhe8qqm3m5z2xacjjyuy73yqwgnm2m
capacity__capacity_repeat_ratio,1.0,0.9020803841920981,1.0,ckb1qzda0cr08m85hc8jlnfp3zer7xulejywt49kt2rr0vthywaa50xwsqfvfcxm03q9xmn3fy68s9rxp0y5lfqfvjgmmtw0p
capacity__target_consumed_capacity,250024396291.0,-0.2608828139263593,26.244824335215537,ckb1qzda0cr08m85hc8jlnfp3zer7xulejywt49kt2rr0vthywaa50xwsqfvfcxm03q9xmn3fy68s9rxp0y5lfqfvjgmmtw0p
capacity__target_net_capacity_delta,0.0,0.0,0.0,ckb1qzda0cr08m85hc8jlnfp3zer7xulejywt49kt2rr0vthywaa50xwsqfvfcxm03q9xmn3fy68s9rxp0y5lfqfvjgmmtw0p
lineage__continuation_count,0.0,0.0,0.0,ckb1qzda0cr08m85hc8jlnfp3zer7xulejywt49kt2rr0vthywaa50xwsqfvfcxm03q9xmn3fy68s9rxp0y5lfqfvjgmmtw0p
lineage__lineage_depth,2.0,0.0,1.0986122886681098,ckb1qzda0cr08m85hc8jlnfp3zer7xulejywt49kt2rr0vthywaa50xwsqfvfcxm03q9xmn3fy68s9rxp0y5lfqfvjgmmtw0p
lineage__lineage_repetition,1.0,1.027789217390062,1.0,ckb1qzda0cr08m85hc8jlnfp3zer7xulejywt49kt2rr0vthywaa50xwsqfvfcxm03q9xmn3fy68s9rxp0y5lfqfvjgmmtw0p
lineage__merge_count,0.0,-0.7304227103091852,0.0,ckb1qzda0cr08m85hc8jlnfp3zer7xulejywt49kt2rr0vthywaa50xwsqfvfcxm03q9xmn3fy68s9rxp0y5lfqfvjgmmtw0p
scripts__type_family_count,0.0,-0.501218028601448,0.0,ckb1qzda0cr08m85hc8jlnfp3zer7xulejywt49kt2rr0vthywaa50xwsqfvfcxm03q9xmn3fy68s9rxp0y5lfqfvjgmmtw0p
scripts__unique_lock_script_count,20.0,1.0000000000000002,3.044522437723423,ckb1qzda0cr08m85hc8jlnfp3zer7xulejywt49kt2rr0vthywaa50xwsqfvfcxm03q9xmn3fy68s9rxp0y5lfqfvjgmmtw0p
scripts__unique_type_script_count,0.0,0.0,0.0,ckb1qzda0cr08m85hc8jlnfp3zer7xulejywt49kt2rr0vthywaa50xwsqfvfcxm03q9xmn3fy68s9rxp0y5lfqfvjgmmtw0p
capacity__capacity_repeat_ratio,0.0,-1.3489727248167438,0.0,ckb1qzda0cr08m85hc8jlnfp3zer7xulejywt49kt2rr0vthywaa50xwsqfwcjzujntvxpmcjmpt4r6pd4mvxu89k4sr3244x
capacity__target_consumed_capacity,0.0,-4.044635599832544,0.0,ckb1qzda0cr08m85hc8jlnfp3zer7xulejywt49kt2rr0vthywaa50xwsqfwcjzujntvxpmcjmpt4r6pd4mvxu89k4sr3244x
capacity__target_net_capacity_delta,510830857600000.0,0.7106745286404874,33.86705964859903,ckb1qzda0cr08m85hc8jlnfp3zer7xulejywt49kt2rr0vthywaa50xwsqfwcjzujntvxpmcjmpt4r6pd4mvxu89k4sr3244x
lineage__continuation_count,0.0,0.0,0.0,ckb1qzda0cr08m85hc8jlnfp3zer7xulejywt49kt2rr0vthywaa50xwsqfwcjzujntvxpmcjmpt4r6pd4mvxu89k4sr3244x
lineage__lineage_depth,1.0,-1.0,0.6931471805599453,ckb1qzda0cr08m85hc8jlnfp3zer7xulejywt49kt2rr0vthywaa50xwsqfwcjzujntvxpmcjmpt4r6pd4mvxu89k4sr3244x
lineage__lineage_repetition,0.0,-1.128899193514562,0.0,ckb1qzda0cr08m85hc8jlnfp3zer7xulejywt49kt2rr0vthywaa50xwsqfwcjzujntvxpmcjmpt4r6pd4mvxu89k4sr3244x
lineage__merge_count,0.0,-0.7304227103091852,0.0,ckb1qzda0cr08m85hc8jlnfp3zer7xulejywt49kt2rr0vthywaa50xwsqfwcjzujntvxpmcjmpt4r6pd4mvxu89k4sr3244x
scripts__type_family_count,0.0,-0.501218028601448,0.0,ckb1qzda0cr08m85hc8jlnfp3zer7xulejywt49kt2rr0vthywaa50xwsqfwcjzujntvxpmcjmpt4r6pd4mvxu89k4sr3244x
scripts__unique_lock_script_count,3.0,-0.3236566839097652,1.3862943611198906,ckb1qzda0cr08m85hc8jlnfp3zer7xulejywt49kt2rr0vthywaa50xwsqfwcjzujntvxpmcjmpt4r6pd4mvxu89k4sr3244x
scripts__unique_type_script_count,0.0,0.0,0.0,ckb1qzda0cr08m85hc8jlnfp3zer7xulejywt49kt2rr0vthywaa50xwsqfwcjzujntvxpmcjmpt4r6pd4mvxu89k4sr3244x
capacity__capacity_repeat_ratio,0.4,-0.448551481213207,0.4,ckb1qzda0cr08m85hc8jlnfp3zer7xulejywt49kt2rr0vthywaa50xwsqfwru8wpcx969py0vrrf29ckn928nz26csz7pvxw
capacity__target_consumed_capacity,50530322054429.0,0.5044899862112701,31.553594708741244,ckb1qzda0cr08m85hc8jlnfp3zer7xulejywt49kt2rr0vthywaa50xwsqfwru8wpcx969py0vrrf29ckn928nz26csz7pvxw
capacity__target_net_capacity_delta,1035124127068.0,0.5805403998721099,27.665542464990175,ckb1qzda0cr08m85hc8jlnfp3zer7xulejywt49kt2rr0vthywaa50xwsqfwru8wpcx969py0vrrf29ckn928nz26csz7pvxw
lineage__continuation_count,2.0,1.5849625007211563,1.0986122886681098,ckb1qzda0cr08m85hc8jlnfp3zer7xulejywt49kt2rr0vthywaa50xwsqfwru8wpcx969py0vrrf29ckn928nz26csz7pvxw
lineage__lineage_depth,2.0,0.0,1.0986122886681098,ckb1qzda0cr08m85hc8jlnfp3zer7xulejywt49kt2rr0vthywaa50xwsqfwru8wpcx969py0vrrf29ckn928nz26csz7pvxw
lineage__lineage_repetition,0.6666666666666666,0.3088930804218539,0.6666666666666666,ckb1qzda0cr08m85hc8jlnfp3zer7xulejywt49kt2rr0vthywaa50xwsqfwru8wpcx969py0vrrf29ckn928nz26csz7pvxw
lineage__merge_count,0.0,-0.7304227103091852,0.0,ckb1qzda0cr08m85hc8jlnfp3zer7xulejywt49kt2rr0vthywaa50xwsqfwru8wpcx969py0vrrf29ckn928nz26csz7pvxw
scripts__type_family_count,0.0,-0.501218028601448,0.0,ckb1qzda0cr08m85hc8jlnfp3zer7xulejywt49kt2rr0vthywaa50xwsqfwru8wpcx969py0vrrf29ckn928nz26csz7pvxw
scripts__unique_lock_script_count,3.0,-0.3236566839097652,1.3862943611198906,ckb1qzda0cr08m85hc8jlnfp3zer7xulejywt49kt2rr0vthywaa50xwsqfwru8wpcx969py0vrrf29ckn928nz26csz7pvxw
scripts__unique_type_script_count,0.0,0.0,0.0,ckb1qzda0cr08m85hc8jlnfp3zer7xulejywt49kt2rr0vthywaa50xwsqfwru8wpcx969py0vrrf29ckn928nz26csz7pvxw
capacity__capacity_repeat_ratio,0.8,0.4518697623903299,0.8,ckb1qzda0cr08m85hc8jlnfp3zer7xulejywt49kt2rr0vthywaa50xwsqfx7c8l89wcf42vxgajjke9zdt7myeqrdqj6mqm6
capacity__target_consumed_capacity,181480437461796.0,0.6888238153800988,32.83216898124486,ckb1qzda0cr08m85hc8jlnfp3zer7xulejywt49kt2rr0vthywaa50xwsqfx7c8l89wcf42vxgajjke9zdt7myeqrdqj6mqm6
capacity__target_net_capacity_delta,-1184251466949.0,-0.5833646594257332,-27.80013201746599,ckb1qzda0cr08m85hc8jlnfp3zer7xulejywt49kt2rr0vthywaa50xwsqfx7c8l89wcf42vxgajjke9zdt7myeqrdqj6mqm6
lineage__continuation_count,3.0,2.0,1.3862943611198906,ckb1qzda0cr08m85hc8jlnfp3zer7xulejywt49kt2rr0vthywaa50xwsqfx7c8l89wcf42vxgajjke9zdt7myeqrdqj6mqm6
lineage__lineage_depth,5.0,1.709511291351454,1.791759469228055,ckb1qzda0cr08m85hc8jlnfp3zer7xulejywt49kt2rr0vthywaa50xwsqfx7c8l89wcf42vxgajjke9zdt7myeqrdqj6mqm6
lineage__lineage_repetition,0.4,-0.26622382915271237,0.4,ckb1qzda0cr08m85hc8jlnfp3zer7xulejywt49kt2rr0vthywaa50xwsqfx7c8l89wcf42vxgajjke9zdt7myeqrdqj6mqm6
lineage__merge_count,2.0,0.0,1.0986122886681098,ckb1qzda0cr08m85hc8jlnfp3zer7xulejywt49kt2rr0vthywaa50xwsqfx7c8l89wcf42vxgajjke9zdt7myeqrdqj6mqm6
scripts__type_family_count,1.0,1.9951397255009098,0.6931471805599453,ckb1qzda0cr08m85hc8jlnfp3zer7xulejywt49kt2rr0vthywaa50xwsqfx7c8l89wcf42vxgajjke9zdt7myeqrdqj6mqm6
scripts__unique_lock_script_count,11.0,0.5532947556651123,2.4849066497880004,ckb1qzda0cr08m85hc8jlnfp3zer7xulejywt49kt2rr0vthywaa50xwsqfx7c8l89wcf42vxgajjke9zdt7myeqrdqj6mqm6
scripts__unique_type_script_count,1.0,1.0,0.6931471805599453,ckb1qzda0cr08m85hc8jlnfp3zer7xulejywt49kt2rr0vthywaa50xwsqfx7c8l89wcf42vxgajjke9zdt7myeqrdqj6mqm6
capacity__capacity_repeat_ratio,0.5,-0.22344617031232286,0.5,ckb1qzda0cr08m85hc8jlnfp3zer7xulejywt49kt2rr0vthywaa50xwsqfxgd9zxl6czs4s3kzr55letennz2l3yjqpt8r79
capacity__target_consumed_capacity,8232151602104.0,0.2428872262009015,29.739068530484232,ckb1qzda0cr08m85hc8jlnfp3zer7xulejywt49kt2rr0vthywaa50xwsqfxgd9zxl6czs4s3kzr55letennz2l3yjqpt8r79
capacity__target_net_capacity_delta,-5631457846537.0,-0.6160844929321135,-29.359389467107025,ckb1qzda0cr08m85hc8jlnfp3zer7xulejywt49kt2rr0vthywaa50xwsqfxgd9zxl6czs4s3kzr55letennz2l3yjqpt8r79
lineage__continuation_count,0.0,0.0,0.0,ckb1qzda0cr08m85hc8jlnfp3zer7xulejywt49kt2rr0vthywaa50xwsqfxgd9zxl6czs4s3kzr55letennz2l3yjqpt8r79
lineage__lineage_depth,2.0,0.0,1.0986122886681098,ckb1qzda0cr08m85hc8jlnfp3zer7xulejywt49kt2rr0vthywaa50xwsqfxgd9zxl6czs4s3kzr55letennz2l3yjqpt8r79
lineage__lineage_repetition,0.9666666666666667,0.9558996036932413,0.9666666666666667,ckb1qzda0cr08m85hc8jlnfp3zer7xulejywt49kt2rr0vthywaa50xwsqfxgd9zxl6czs4s3kzr55letennz2l3yjqpt8r79
lineage__merge_count,29.0,1.5308953501523477,3.4011973816621555,ckb1qzda0cr08m85hc8jlnfp3zer7xulejywt49kt2rr0vthywaa50xwsqfxgd9zxl6czs4s3kzr55letennz2l3yjqpt8r79
scripts__type_family_count,0.0,-0.501218028601448,0.0,ckb1qzda0cr08m85hc8jlnfp3zer7xulejywt49kt2rr0vthywaa50xwsqfxgd9zxl6czs4s3kzr55letennz2l3yjqpt8r79
scripts__unique_lock_script_count,62.0,1.8769514395748776,4.143134726391533,ckb1qzda0cr08m85hc8jlnfp3zer7xulejywt49kt2rr0vthywaa50xwsqfxgd9zxl6czs4s3kzr55letennz2l3yjqpt8r79
scripts__unique_type_script_count,0.0,0.0,0.0,ckb1qzda0cr08m85hc8jlnfp3zer7xulejywt49kt2rr0vthywaa50xwsqfxgd9zxl6czs4s3kzr55letennz2l3yjqpt8r79
capacity__capacity_repeat_ratio,0.6666666666666666,0.1517293478558174,0.6666666666666666,ckb1qzda0cr08m85hc8jlnfp3zer7xulejywt49kt2rr0vthywaa50xwsqfylyx957e0g3kyjua0fed5gzzj4s2s9qsxafn7t
capacity__target_consumed_capacity,83842684000000.0,0.5774938566170309,32.059963349347655,ckb1qzda0cr08m85hc8jlnfp3zer7xulejywt49kt2rr0vthywaa50xwsqfylyx957e0g3kyjua0fed5gzzj4s2s9qsxafn7t
capacity__target_net_capacity_delta,13842683953600.0,0.6349574777810838,30.258777974599916,ckb1qzda0cr08m85hc8jlnfp3zer7xulejywt49kt2rr0vthywaa50xwsqfylyx957e0g3kyjua0fed5gzzj4s2s9qsxafn7t
lineage__continuation_count,1.0,1.0,0.6931471805599453,ckb1qzda0cr08m85hc8jlnfp3zer7xulejywt49kt2rr0vthywaa50xwsqfylyx957e0g3kyjua0fed5gzzj4s2s9qsxafn7t
lineage__lineage_depth,2.0,0.0,1.0986122886681098,ckb1qzda0cr08m85hc8jlnfp3zer7xulejywt49kt2rr0vthywaa50xwsqfylyx957e0g3kyjua0fed5gzzj4s2s9qsxafn7t
lineage__lineage_repetition,0.0,-1.128899193514562,0.0,ckb1qzda0cr08m85hc8jlnfp3zer7xulejywt49kt2rr0vthywaa50xwsqfylyx957e0g3kyjua0fed5gzzj4s2s9qsxafn7t
lineage__merge_count,1.0,-0.26957728969081496,0.6931471805599453,ckb1qzda0cr08m85hc8jlnfp3zer7xulejywt49kt2rr0vthywaa50xwsqfylyx957e0g3kyjua0fed5gzzj4s2s9qsxafn7t
scripts__type_family_count,0.0,-0.501218028601448,0.0,ckb1qzda0cr08m85hc8jlnfp3zer7xulejywt49kt2rr0vthywaa50xwsqfylyx957e0g3kyjua0fed5gzzj4s2s9qsxafn7t
scripts__unique_lock_script_count,3.0,-0.3236566839097652,1.3862943611198906,ckb1qzda0cr08m85hc8jlnfp3zer7xulejywt49kt2rr0vthywaa50xwsqfylyx957e0g3kyjua0fed5gzzj4s2s9qsxafn7t
scripts__unique_type_script_count,0.0,0.0,0.0,ckb1qzda0cr08m85hc8jlnfp3zer7xulejywt49kt2rr0vthywaa50xwsqfylyx957e0g3kyjua0fed5gzzj4s2s9qsxafn7t
capacity__capacity_repeat_ratio,1.0,0.9020803841920981,1.0,ckb1qzda0cr08m85hc8jlnfp3zer7xulejywt49kt2rr0vthywaa50xwsqfzgxljyv0d2hezcfypqscs5zy3kn7jhnqvv0xt6
capacity__target_consumed_capacity,432288750707.0,-0.1819438932089378,26.792359606324446,ckb1qzda0cr08m85hc8jlnfp3zer7xulejywt49kt2rr0vthywaa50xwsqfzgxljyv0d2hezcfypqscs5zy3kn7jhnqvv0xt6
capacity__target_net_capacity_delta,0.0,0.0,0.0,ckb1qzda0cr08m85hc8jlnfp3zer7xulejywt49kt2rr0vthywaa50xwsqfzgxljyv0d2hezcfypqscs5zy3kn7jhnqvv0xt6
lineage__continuation_count,0.0,0.0,0.0,ckb1qzda0cr08m85hc8jlnfp3zer7xulejywt49kt2rr0vthywaa50xwsqfzgxljyv0d2hezcfypqscs5zy3kn7jhnqvv0xt6
lineage__lineage_depth,2.0,0.0,1.0986122886681098,ckb1qzda0cr08m85hc8jlnfp3zer7xulejywt49kt2rr0vthywaa50xwsqfzgxljyv0d2hezcfypqscs5zy3kn7jhnqvv0xt6
lineage__lineage_repetition,0.0,-1.128899193514562,0.0,ckb1qzda0cr08m85hc8jlnfp3zer7xulejywt49kt2rr0vthywaa50xwsqfzgxljyv0d2hezcfypqscs5zy3kn7jhnqvv0xt6
lineage__merge_count,2.0,0.0,1.0986122886681098,ckb1qzda0cr08m85hc8jlnfp3zer7xulejywt49kt2rr0vthywaa50xwsqfzgxljyv0d2hezcfypqscs5zy3kn7jhnqvv0xt6
scripts__type_family_count,1.0,1.9951397255009098,0.6931471805599453,ckb1qzda0cr08m85hc8jlnfp3zer7xulejywt49kt2rr0vthywaa50xwsqfzgxljyv0d2hezcfypqscs5zy3kn7jhnqvv0xt6
scripts__unique_lock_script_count,7.0,0.229638071755347,2.0794415416798357,ckb1qzda0cr08m85hc8jlnfp3zer7xulejywt49kt2rr0vthywaa50xwsqfzgxljyv0d2hezcfypqscs5zy3kn7jhnqvv0xt6
scripts__unique_type_script_count,1.0,1.0,0.6931471805599453,ckb1qzda0cr08m85hc8jlnfp3zer7xulejywt49kt2rr0vthywaa50xwsqfzgxljyv0d2hezcfypqscs5zy3kn7jhnqvv0xt6
capacity__capacity_repeat_ratio,0.0,-1.3489727248167438,0.0,ckb1qzda0cr08m85hc8jlnfp3zer7xulejywt49kt2rr0vthywaa50xwsqfzzknutrncp6fupm6596sgyh5r0946rpsu6mkpk
capacity__target_consumed_capacity,174352139112.0,-0.31285392627025915,25.88434287906651,ckb1qzda0cr08m85hc8jlnfp3zer7xulejywt49kt2rr0vthywaa50xwsqfzzknutrncp6fupm6596sgyh5r0946rpsu6mkpk
capacity__target_net_capacity_delta,-174352139112.0,-0.5431632791750288,-25.88434287906651,ckb1qzda0cr08m85hc8jlnfp3zer7xulejywt49kt2rr0vthywaa50xwsqfzzknutrncp6fupm6596sgyh5r0946rpsu6mkpk
lineage__continuation_count,0.0,0.0,0.0,ckb1qzda0cr08m85hc8jlnfp3zer7xulejywt49kt2rr0vthywaa50xwsqfzzknutrncp6fupm6596sgyh5r0946rpsu6mkpk
lineage__lineage_depth,1.0,-1.0,0.6931471805599453,ckb1qzda0cr08m85hc8jlnfp3zer7xulejywt49kt2rr0vthywaa50xwsqfzzknutrncp6fupm6596sgyh5r0946rpsu6mkpk
lineage__lineage_repetition,0.0,-1.128899193514562,0.0,ckb1qzda0cr08m85hc8jlnfp3zer7xulejywt49kt2rr0vthywaa50xwsqfzzknutrncp6fupm6596sgyh5r0946rpsu6mkpk
lineage__merge_count,1.0,-0.26957728969081496,0.6931471805599453,ckb1qzda0cr08m85hc8jlnfp3zer7xulejywt49kt2rr0vthywaa50xwsqfzzknutrncp6fupm6596sgyh5r0946rpsu6mkpk
scripts__type_family_count,1.0,1.9951397255009098,0.6931471805599453,ckb1qzda0cr08m85hc8jlnfp3zer7xulejywt49kt2rr0vthywaa50xwsqfzzknutrncp6fupm6596sgyh5r0946rpsu6mkpk
scripts__unique_lock_script_count,3.0,-0.3236566839097652,1.3862943611198906,ckb1qzda0cr08m85hc8jlnfp3zer7xulejywt49kt2rr0vthywaa50xwsqfzzknutrncp6fupm6596sgyh5r0946rpsu6mkpk
scripts__unique_type_script_count,1.0,1.0,0.6931471805599453,ckb1qzda0cr08m85hc8jlnfp3zer7xulejywt49kt2rr0vthywaa50xwsqfzzknutrncp6fupm6596sgyh5r0946rpsu6mkpk
capacity__capacity_repeat_ratio,1.0,0.9020803841920981,1.0,ckb1qzda0cr08m85hc8jlnfp3zer7xulejywt49kt2rr0vthywaa50xwsqg0fsmjwhnshsqzsayprx9f7w0jwkn5zyqcrdluc
capacity__target_consumed_capacity,524779566481173.0,0.8419093844833307,33.893999416979476,ckb1qzda0cr08m85hc8jlnfp3zer7xulejywt49kt2rr0vthywaa50xwsqg0fsmjwhnshsqzsayprx9f7w0jwkn5zyqcrdluc
capacity__target_net_capacity_delta,0.0,0.0,0.0,ckb1qzda0cr08m85hc8jlnfp3zer7xulejywt49kt2rr0vthywaa50xwsqg0fsmjwhnshsqzsayprx9f7w0jwkn5zyqcrdluc
lineage__continuation_count,0.0,0.0,0.0,ckb1qzda0cr08m85hc8jlnfp3zer7xulejywt49kt2rr0vthywaa50xwsqg0fsmjwhnshsqzsayprx9f7w0jwkn5zyqcrdluc
lineage__lineage_depth,2.0,0.0,1.0986122886681098,ckb1qzda0cr08m85hc8jlnfp3zer7xulejywt49kt2rr0vthywaa50xwsqg0fsmjwhnshsqzsayprx9f7w0jwkn5zyqcrdluc
lineage__lineage_repetition,0.0,-1.128899193514562,0.0,ckb1qzda0cr08m85hc8jlnfp3zer7xulejywt49kt2rr0vthywaa50xwsqg0fsmjwhnshsqzsayprx9f7w0jwkn5zyqcrdluc
lineage__merge_count,1.0,-0.26957728969081496,0.6931471805599453,ckb1qzda0cr08m85hc8jlnfp3zer7xulejywt49kt2rr0vthywaa50xwsqg0fsmjwhnshsqzsayprx9f7w0jwkn5zyqcrdluc
scripts__type_family_count,0.0,-0.501218028601448,0.0,ckb1qzda0cr08m85hc8jlnfp3zer7xulejywt49kt2rr0vthywaa50xwsqg0fsmjwhnshsqzsayprx9f7w0jwkn5zyqcrdluc
scripts__unique_lock_script_count,11.0,0.5532947556651123,2.4849066497880004,ckb1qzda0cr08m85hc8jlnfp3zer7xulejywt49kt2rr0vthywaa50xwsqg0fsmjwhnshsqzsayprx9f7w0jwkn5zyqcrdluc
scripts__unique_type_script_count,0.0,0.0,0.0,ckb1qzda0cr08m85hc8jlnfp3zer7xulejywt49kt2rr0vthywaa50xwsqg0fsmjwhnshsqzsayprx9f7w0jwkn5zyqcrdluc
capacity__capacity_repeat_ratio,0.0,-1.3489727248167438,0.0,ckb1qzda0cr08m85hc8jlnfp3zer7xulejywt49kt2rr0vthywaa50xwsqg0prwcywrcc744qq5veu4upkur4665dlgr6003x
capacity__target_consumed_capacity,0.0,-4.044635599832544,0.0,ckb1qzda0cr08m85hc8jlnfp3zer7xulejywt49kt2rr0vthywaa50xwsqg0prwcywrcc744qq5veu4upkur4665dlgr6003x
capacity__target_net_capacity_delta,7253340999999.0,0.6213954749508919,29.612483306232917,ckb1qzda0cr08m85hc8jlnfp3zer7xulejywt49kt2rr0vthywaa50xwsqg0prwcywrcc744qq5veu4upkur4665dlgr6003x
lineage__continuation_count,0.0,0.0,0.0,ckb1qzda0cr08m85hc8jlnfp3zer7xulejywt49kt2rr0vthywaa50xwsqg0prwcywrcc744qq5veu4upkur4665dlgr6003x
lineage__lineage_depth,2.0,0.0,1.0986122886681098,ckb1qzda0cr08m85hc8jlnfp3zer7xulejywt49kt2rr0vthywaa50xwsqg0prwcywrcc744qq5veu4upkur4665dlgr6003x
lineage__lineage_repetition,1.0,1.027789217390062,1.0,ckb1qzda0cr08m85hc8jlnfp3zer7xulejywt49kt2rr0vthywaa50xwsqg0prwcywrcc744qq5veu4upkur4665dlgr6003x
lineage__merge_count,8.0,0.7304227103091852,2.1972245773362196,ckb1qzda0cr08m85hc8jlnfp3zer7xulejywt49kt2rr0vthywaa50xwsqg0prwcywrcc744qq5veu4upkur4665dlgr6003x
scripts__type_family_count,0.0,-0.501218028601448,0.0,ckb1qzda0cr08m85hc8jlnfp3zer7xulejywt49kt2rr0vthywaa50xwsqg0prwcywrcc744qq5veu4upkur4665dlgr6003x
scripts__unique_lock_script_count,2.0,-0.5532947556651122,1.0986122886681098,ckb1qzda0cr08m85hc8jlnfp3zer7xulejywt49kt2rr0vthywaa50xwsqg0prwcywrcc744qq5veu4upkur4665dlgr6003x
scripts__unique_type_script_count,0.0,0.0,0.0,ckb1qzda0cr08m85hc8jlnfp3zer7xulejywt49kt2rr0vthywaa50xwsqg0prwcywrcc744qq5veu4upkur4665dlgr6003x
capacity__capacity_repeat_ratio,1.0,0.9020803841920981,1.0,ckb1qzda0cr08m85hc8jlnfp3zer7xulejywt49kt2rr0vthywaa50xwsqg24w9uh6z7vg2mf48x5rq42t5aegfzxxsge2k2w
capacity__target_consumed_capacity,119040500183.0,-0.3678716414640658,25.50272960983688,ckb1qzda0cr08m85hc8jlnfp3zer7xulejywt49kt2rr0vthywaa50xwsqg24w9uh6z7vg2mf48x5rq42t5aegfzxxsge2k2w
capacity__target_net_capacity_delta,0.0,0.0,0.0,ckb1qzda0cr08m85hc8jlnfp3zer7xulejywt49kt2rr0vthywaa50xwsqg24w9uh6z7vg2mf48x5rq42t5aegfzxxsge2k2w
lineage__continuation_count,0.0,0.0,0.0,ckb1qzda0cr08m85hc8jlnfp3zer7xulejywt49kt2rr0vthywaa50xwsqg24w9uh6z7vg2mf48x5rq42t5aegfzxxsge2k2w
lineage__lineage_depth,2.0,0.0,1.0986122886681098,ckb1qzda0cr08m85hc8jlnfp3zer7xulejywt49kt2rr0vthywaa50xwsqg24w9uh6z7vg2mf48x5rq42t5aegfzxxsge2k2w
lineage__lineage_repetition,1.0,1.027789217390062,1.0,ckb1qzda0cr08m85hc8jlnfp3zer7xulejywt49kt2rr0vthywaa50xwsqg24w9uh6z7vg2mf48x5rq42t5aegfzxxsge2k2w
lineage__merge_count,2.0,0.0,1.0986122886681098,ckb1qzda0cr08m85hc8jlnfp3zer7xulejywt49kt2rr0vthywaa50xwsqg24w9uh6z7vg2mf48x5rq42t5aegfzxxsge2k2w
scripts__type_family_count,1.0,1.9951397255009098,0.6931471805599453,ckb1qzda0cr08m85hc8jlnfp3zer7xulejywt49kt2rr0vthywaa50xwsqg24w9uh6z7vg2mf48x5rq42t5aegfzxxsge2k2w
scripts__unique_lock_script_count,5.0,0.0,1.791759469228055,ckb1qzda0cr08m85hc8jlnfp3zer7xulejywt49kt2rr0vthywaa50xwsqg24w9uh6z7vg2mf48x5rq42t5aegfzxxsge2k2w
scripts__unique_type_script_count,1.0,1.0,0.6931471805599453,ckb1qzda0cr08m85hc8jlnfp3zer7xulejywt49kt2rr0vthywaa50xwsqg24w9uh6z7vg2mf48x5rq42t5aegfzxxsge2k2w
capacity__capacity_repeat_ratio,0.0,-1.3489727248167438,0.0,ckb1qzda0cr08m85hc8jlnfp3zer7xulejywt49kt2rr0vthywaa50xwsqg2fnljwt423kchx368x8xwstmkhx0k2agegvx0a
capacity__target_consumed_capacity,0.0,-4.044635599832544,0.0,ckb1qzda0cr08m85hc8jlnfp3zer7xulejywt49kt2rr0vthywaa50xwsqg2fnljwt423kchx368x8xwstmkhx0k2agegvx0a
capacity__target_net_capacity_delta,24392878838652.0,0.6468457715318158,30.825312354756072,ckb1qzda0cr08m85hc8jlnfp3zer7xulejywt49kt2rr0vthywaa50xwsqg2fnljwt423kchx368x8xwstmkhx0k2agegvx0a
lineage__continuation_count,0.0,0.0,0.0,ckb1qzda0cr08m85hc8jlnfp3zer7xulejywt49kt2rr0vthywaa50xwsqg2fnljwt423kchx368x8xwstmkhx0k2agegvx0a
lineage__lineage_depth,1.0,-1.0,0.6931471805599453,ckb1qzda0cr08m85hc8jlnfp3zer7xulejywt49kt2rr0vthywaa50xwsqg2fnljwt423kchx368x8xwstmkhx0k2agegvx0a
lineage__lineage_repetition,1.0,1.027789217390062,1.0,ckb1qzda0cr08m85hc8jlnfp3zer7xulejywt49kt2rr0vthywaa50xwsqg2fnljwt423kchx368x8xwstmkhx0k2agegvx0a
lineage__merge_count,47.0,1.843381682473481,3.871201010907891,ckb1qzda0cr08m85hc8jlnfp3zer7xulejywt49kt2rr0vthywaa50xwsqg2fnljwt423kchx368x8xwstmkhx0k2agegvx0a
scripts__type_family_count,0.0,-0.501218028601448,0.0,ckb1qzda0cr08m85hc8jlnfp3zer7xulejywt49kt2rr0vthywaa50xwsqg2fnljwt423kchx368x8xwstmkhx0k2agegvx0a
scripts__unique_lock_script_count,2.0,-0.5532947556651122,1.0986122886681098,ckb1qzda0cr08m85hc8jlnfp3zer7xulejywt49kt2rr0vthywaa50xwsqg2fnljwt423kchx368x8xwstmkhx0k2agegvx0a
scripts__unique_type_script_count,0.0,0.0,0.0,ckb1qzda0cr08m85hc8jlnfp3zer7xulejywt49kt2rr0vthywaa50xwsqg2fnljwt423kchx368x8xwstmkhx0k2agegvx0a
capacity__capacity_repeat_ratio,0.0,-1.3489727248167438,0.0,ckb1qzda0cr08m85hc8jlnfp3zer7xulejywt49kt2rr0vthywaa50xwsqg338aj4hnmutep9ufyd9yyuh3ju7rr8lq03fejn
capacity__target_consumed_capacity,0.0,-4.044635599832544,0.0,ckb1qzda0cr08m85hc8jlnfp3zer7xulejywt49kt2rr0vthywaa50xwsqg338aj4hnmutep9ufyd9yyuh3ju7rr8lq03fejn
capacity__target_net_capacity_delta,14582551871034.0,0.6360501036465538,30.31084685264211,ckb1qzda0cr08m85hc8jlnfp3zer7xulejywt49kt2rr0vthywaa50xwsqg338aj4hnmutep9ufyd9yyuh3ju7rr8lq03fejn
lineage__continuation_count,0.0,0.0,0.0,ckb1qzda0cr08m85hc8jlnfp3zer7xulejywt49kt2rr0vthywaa50xwsqg338aj4hnmutep9ufyd9yyuh3ju7rr8lq03fejn
lineage__lineage_depth,2.0,0.0,1.0986122886681098,ckb1qzda0cr08m85hc8jlnfp3zer7xulejywt49kt2rr0vthywaa50xwsqg338aj4hnmutep9ufyd9yyuh3ju7rr8lq03fejn
lineage__lineage_repetition,1.0,1.027789217390062,1.0,ckb1qzda0cr08m85hc8jlnfp3zer7xulejywt49kt2rr0vthywaa50xwsqg338aj4hnmutep9ufyd9yyuh3ju7rr8lq03fejn
lineage__merge_count,53.0,1.9216908412367402,3.9889840465642745,ckb1qzda0cr08m85hc8jlnfp3zer7xulejywt49kt2rr0vthywaa50xwsqg338aj4hnmutep9ufyd9yyuh3ju7rr8lq03fejn
scripts__type_family_count,0.0,-0.501218028601448,0.0,ckb1qzda0cr08m85hc8jlnfp3zer7xulejywt49kt2rr0vthywaa50xwsqg338aj4hnmutep9ufyd9yyuh3ju7rr8lq03fejn
scripts__unique_lock_script_count,68.0,1.9495683515474502,4.23410650459726,ckb1qzda0cr08m85hc8jlnfp3zer7xulejywt49kt2rr0vthywaa50xwsqg338aj4hnmutep9ufyd9yyuh3ju7rr8lq03fejn
scripts__unique_type_script_count,0.0,0.0,0.0,ckb1qzda0cr08m85hc8jlnfp3zer7xulejywt49kt2rr0vthywaa50xwsqg338aj4hnmutep9ufyd9yyuh3ju7rr8lq03fejn
capacity__capacity_repeat_ratio,1.0,0.9020803841920981,1.0,ckb1qzda0cr08m85hc8jlnfp3zer7xulejywt49kt2rr0vthywaa50xwsqg3xv33uywn6sjyvmnzckatkpke54mlx8srepf4g
capacity__target_consumed_capacity,550300000000000.0,0.8487554037060869,33.94148469999426,ckb1qzda0cr08m85hc8jlnfp3zer7xulejywt49kt2rr0vthywaa50xwsqg3xv33uywn6sjyvmnzckatkpke54mlx8srepf4g
capacity__target_net_capacity_delta,0.0,0.0,0.0,ckb1qzda0cr08m85hc8jlnfp3zer7xulejywt49kt2rr0vthywaa50xwsqg3xv33uywn6sjyvmnzckatkpke54mlx8srepf4g
lineage__continuation_count,0.0,0.0,0.0,ckb1qzda0cr08m85hc8jlnfp3zer7xulejywt49kt2rr0vthywaa50xwsqg3xv33uywn6sjyvmnzckatkpke54mlx8srepf4g
lineage__lineage_depth,5.0,1.709511291351454,1.791759469228055,ckb1qzda0cr08m85hc8jlnfp3zer7xulejywt49kt2rr0vthywaa50xwsqg3xv33uywn6sjyvmnzckatkpke54mlx8srepf4g
lineage__lineage_repetition,0.9696969696969697,0.9624350231202251,0.9696969696969697,ckb1qzda0cr08m85hc8jlnfp3zer7xulejywt49kt2rr0vthywaa50xwsqg3xv33uywn6sjyvmnzckatkpke54mlx8srepf4g
lineage__merge_count,4.0,0.3396272192247922,1.6094379124341003,ckb1qzda0cr08m85hc8jlnfp3zer7xulejywt49kt2rr0vthywaa50xwsqg3xv33uywn6sjyvmnzckatkpke54mlx8srepf4g
scripts__type_family_count,0.0,-0.501218028601448,0.0,ckb1qzda0cr08m85hc8jlnfp3zer7xulejywt49kt2rr0vthywaa50xwsqg3xv33uywn6sjyvmnzckatkpke54mlx8srepf4g
scripts__unique_lock_script_count,5.0,0.0,1.791759469228055,ckb1qzda0cr08m85hc8jlnfp3zer7xulejywt49kt2rr0vthywaa50xwsqg3xv33uywn6sjyvmnzckatkpke54mlx8srepf4g
scripts__unique_type_script_count,0.0,0.0,0.0,ckb1qzda0cr08m85hc8jlnfp3zer7xulejywt49kt2rr0vthywaa50xwsqg3xv33uywn6sjyvmnzckatkpke54mlx8srepf4g
capacity__capacity_repeat_ratio,1.0,0.9020803841920981,1.0,ckb1qzda0cr08m85hc8jlnfp3zer7xulejywt49kt2rr0vthywaa50xwsqg3y6k5gqrgjt54wzhxar4kys594v2s0vg2fpsmk
capacity__target_consumed_capacity,1137985825164.0,-0.042397321794675265,27.760280995636833,ckb1qzda0cr08m85hc8jlnfp3zer7xulejywt49kt2rr0vthywaa50xwsqg3y6k5gqrgjt54wzhxar4kys594v2s0vg2fpsmk
capacity__target_net_capacity_delta,0.0,0.0,0.0,ckb1qzda0cr08m85hc8jlnfp3zer7xulejywt49kt2rr0vthywaa50xwsqg3y6k5gqrgjt54wzhxar4kys594v2s0vg2fpsmk
lineage__continuation_count,1.0,1.0,0.6931471805599453,ckb1qzda0cr08m85hc8jlnfp3zer7xulejywt49kt2rr0vthywaa50xwsqg3y6k5gqrgjt54wzhxar4kys594v2s0vg2fpsmk
lineage__lineage_depth,3.0,0.7095112913514542,1.3862943611198906,ckb1qzda0cr08m85hc8jlnfp3zer7xulejywt49kt2rr0vthywaa50xwsqg3y6k5gqrgjt54wzhxar4kys594v2s0vg2fpsmk
lineage__lineage_repetition,0.0,-1.128899193514562,0.0,ckb1qzda0cr08m85hc8jlnfp3zer7xulejywt49kt2rr0vthywaa50xwsqg3y6k5gqrgjt54wzhxar4kys594v2s0vg2fpsmk
lineage__merge_count,2.0,0.0,1.0986122886681098,ckb1qzda0cr08m85hc8jlnfp3zer7xulejywt49kt2rr0vthywaa50xwsqg3y6k5gqrgjt54wzhxar4kys594v2s0vg2fpsmk
scripts__type_family_count,1.0,1.9951397255009098,0.6931471805599453,ckb1qzda0cr08m85hc8jlnfp3zer7xulejywt49kt2rr0vthywaa50xwsqg3y6k5gqrgjt54wzhxar4kys594v2s0vg2fpsmk
scripts__unique_lock_script_count,6.0,0.12304856042512263,1.9459101490553132,ckb1qzda0cr08m85hc8jlnfp3zer7xulejywt49kt2rr0vthywaa50xwsqg3y6k5gqrgjt54wzhxar4kys594v2s0vg2fpsmk
scripts__unique_type_script_count,1.0,1.0,0.6931471805599453,ckb1qzda0cr08m85hc8jlnfp3zer7xulejywt49kt2rr0vthywaa50xwsqg3y6k5gqrgjt54wzhxar4kys594v2s0vg2fpsmk
capacity__capacity_repeat_ratio,0.0,-1.3489727248167438,0.0,ckb1qzda0cr08m85hc8jlnfp3zer7xulejywt49kt2rr0vthywaa50xwsqg40ucnf7tt8zvnje7xhatf3yllc8zh4pqq25wqh
capacity__target_consumed_capacity,0.0,-4.044635599832544,0.0,ckb1qzda0cr08m85hc8jlnfp3zer7xulejywt49kt2rr0vthywaa50xwsqg40ucnf7tt8zvnje7xhatf3yllc8zh4pqq25wqh
capacity__target_net_capacity_delta,4479698407419.0,0.6112830337154529,29.130576840317044,ckb1qzda0cr08m85hc8jlnfp3zer7xulejywt49kt2rr0vthywaa50xwsqg40ucnf7tt8zvnje7xhatf3yllc8zh4pqq25wqh
lineage__continuation_count,0.0,0.0,0.0,ckb1qzda0cr08m85hc8jlnfp3zer7xulejywt49kt2rr0vthywaa50xwsqg40ucnf7tt8zvnje7xhatf3yllc8zh4pqq25wqh
lineage__lineage_depth,2.0,0.0,1.0986122886681098,ckb1qzda0cr08m85hc8jlnfp3zer7xulejywt49kt2rr0vthywaa50xwsqg40ucnf7tt8zvnje7xhatf3yllc8zh4pqq25wqh
lineage__lineage_repetition,0.987012987012987,0.9997802769887033,0.987012987012987,ckb1qzda0cr08m85hc8jlnfp3zer7xulejywt49kt2rr0vthywaa50xwsqg40ucnf7tt8zvnje7xhatf3yllc8zh4pqq25wqh
lineage__merge_count,48.0,1.8570906094521917,3.8918202981106265,ckb1qzda0cr08m85hc8jlnfp3zer7xulejywt49kt2rr0vthywaa50xwsqg40ucnf7tt8zvnje7xhatf3yllc8zh4pqq25wqh
scripts__type_family_count,0.0,-0.501218028601448,0.0,ckb1qzda0cr08m85hc8jlnfp3zer7xulejywt49kt2rr0vthywaa50xwsqg40ucnf7tt8zvnje7xhatf3yllc8zh4pqq25wqh
scripts__unique_lock_script_count,2.0,-0.5532947556651122,1.0986122886681098,ckb1qzda0cr08m85hc8jlnfp3zer7xulejywt49kt2rr0vthywaa50xwsqg40ucnf7tt8zvnje7xhatf3yllc8zh4pqq25wqh
scripts__unique_type_script_count,0.0,0.0,0.0,ckb1qzda0cr08m85hc8jlnfp3zer7xulejywt49kt2rr0vthywaa50xwsqg40ucnf7tt8zvnje7xhatf3yllc8zh4pqq25wqh
capacity__capacity_repeat_ratio,1.0,0.9020803841920981,1.0,ckb1qzda0cr08m85hc8jlnfp3zer7xulejywt49kt2rr0vthywaa50xwsqg4cz7lvtz6anfw0uxkrxu8d0gxcfuww2gp702wk
capacity__target_consumed_capacity,15322424956741.0,0.33245658871343586,30.360338554708534,ckb1qzda0cr08m85hc8jlnfp3zer7xulejywt49kt2rr0vthywaa50xwsqg4cz7lvtz6anfw0uxkrxu8d0gxcfuww2gp702wk
capacity__target_net_capacity_delta,0.0,0.0,0.0,ckb1qzda0cr08m85hc8jlnfp3zer7xulejywt49kt2rr0vthywaa50xwsqg4cz7lvtz6anfw0uxkrxu8d0gxcfuww2gp702wk
lineage__continuation_count,0.0,0.0,0.0,ckb1qzda0cr08m85hc8jlnfp3zer7xulejywt49kt2rr0vthywaa50xwsqg4cz7lvtz6anfw0uxkrxu8d0gxcfuww2gp702wk
lineage__lineage_depth,3.0,0.7095112913514542,1.3862943611198906,ckb1qzda0cr08m85hc8jlnfp3zer7xulejywt49kt2rr0vthywaa50xwsqg4cz7lvtz6anfw0uxkrxu8d0gxcfuww2gp702wk
lineage__lineage_repetition,1.0,1.027789217390062,1.0,ckb1qzda0cr08m85hc8jlnfp3zer7xulejywt49kt2rr0vthywaa50xwsqg4cz7lvtz6anfw0uxkrxu8d0gxcfuww2gp702wk
lineage__merge_count,0.0,-0.7304227103091852,0.0,ckb1qzda0cr08m85hc8jlnfp3zer7xulejywt49kt2rr0vthywaa50xwsqg4cz7lvtz6anfw0uxkrxu8d0gxcfuww2gp702wk
scripts__type_family_count,0.0,-0.501218028601448,0.0,ckb1qzda0cr08m85hc8jlnfp3zer7xulejywt49kt2rr0vthywaa50xwsqg4cz7lvtz6anfw0uxkrxu8d0gxcfuww2gp702wk
scripts__unique_lock_script_count,3.0,-0.3236566839097652,1.3862943611198906,ckb1qzda0cr08m85hc8jlnfp3zer7xulejywt49kt2rr0vthywaa50xwsqg4cz7lvtz6anfw0uxkrxu8d0gxcfuww2gp702wk
scripts__unique_type_script_count,0.0,0.0,0.0,ckb1qzda0cr08m85hc8jlnfp3zer7xulejywt49kt2rr0vthywaa50xwsqg4cz7lvtz6anfw0uxkrxu8d0gxcfuww2gp702wk
capacity__capacity_repeat_ratio,0.3333333333333333,-0.5986216884804633,0.3333333333333333,ckb1qzda0cr08m85hc8jlnfp3zer7xulejywt49kt2rr0vthywaa50xwsqg4yg2m9jpx5efeu4q0vrp643gjmad37nqrk9glt
capacity__target_consumed_capacity,7339817186315.0,0.22634594117423362,29.624335051748343,ckb1qzda0cr08m85hc8jlnfp3zer7xulejywt49kt2rr0vthywaa50xwsqg4yg2m9jpx5efeu4q0vrp643gjmad37nqrk9glt
capacity__target_net_capacity_delta,-5770497441764.0,-0.6165962972465051,-29.383779404476904,ckb1qzda0cr08m85hc8jlnfp3zer7xulejywt49kt2rr0vthywaa50xwsqg4yg2m9jpx5efeu4q0vrp643gjmad37nqrk9glt
lineage__continuation_count,0.0,0.0,0.0,ckb1qzda0cr08m85hc8jlnfp3zer7xulejywt49kt2rr0vthywaa50xwsqg4yg2m9jpx5efeu4q0vrp643gjmad37nqrk9glt
lineage__lineage_depth,2.0,0.0,1.0986122886681098,ckb1qzda0cr08m85hc8jlnfp3zer7xulejywt49kt2rr0vthywaa50xwsqg4yg2m9jpx5efeu4q0vrp643gjmad37nqrk9glt
lineage__lineage_repetition,1.0,1.027789217390062,1.0,ckb1qzda0cr08m85hc8jlnfp3zer7xulejywt49kt2rr0vthywaa50xwsqg4yg2m9jpx5efeu4q0vrp643gjmad37nqrk9glt
lineage__merge_count,0.0,-0.7304227103091852,0.0,ckb1qzda0cr08m85hc8jlnfp3zer7xulejywt49kt2rr0vthywaa50xwsqg4yg2m9jpx5efeu4q0vrp643gjmad37nqrk9glt
scripts__type_family_count,0.0,-0.501218028601448,0.0,ckb1qzda0cr08m85hc8jlnfp3zer7xulejywt49kt2rr0vthywaa50xwsqg4yg2m9jpx5efeu4q0vrp643gjmad37nqrk9glt
scripts__unique_lock_script_count,46.0,1.643078686269145,3.8501476017100584,ckb1qzda0cr08m85hc8jlnfp3zer7xulejywt49kt2rr0vthywaa50xwsqg4yg2m9jpx5efeu4q0vrp643gjmad37nqrk9glt
scripts__unique_type_script_count,0.0,0.0,0.0,ckb1qzda0cr08m85hc8jlnfp3zer7xulejywt49kt2rr0vthywaa50xwsqg4yg2m9jpx5efeu4q0vrp643gjmad37nqrk9glt
capacity__capacity_repeat_ratio,0.0,-1.3489727248167438,0.0,ckb1qzda0cr08m85hc8jlnfp3zer7xulejywt49kt2rr0vthywaa50xwsqg60za567aggkr4kdukm540wrujl4xn83g5sff6z
capacity__target_consumed_capacity,0.0,-4.044635599832544,0.0,ckb1qzda0cr08m85hc8jlnfp3zer7xulejywt49kt2rr0vthywaa50xwsqg60za567aggkr4kdukm540wrujl4xn83g5sff6z
capacity__target_net_capacity_delta,223879139619.0,0.5484099543532212,26.134372187921272,ckb1qzda0cr08m85hc8jlnfp3zer7xulejywt49kt2rr0vthywaa50xwsqg60za567aggkr4kdukm540wrujl4xn83g5sff6z
lineage__continuation_count,0.0,0.0,0.0,ckb1qzda0cr08m85hc8jlnfp3zer7xulejywt49kt2rr0vthywaa50xwsqg60za567aggkr4kdukm540wrujl4xn83g5sff6z
lineage__lineage_depth,1.0,-1.0,0.6931471805599453,ckb1qzda0cr08m85hc8jlnfp3zer7xulejywt49kt2rr0vthywaa50xwsqg60za567aggkr4kdukm540wrujl4xn83g5sff6z
lineage__lineage_repetition,1.0,1.027789217390062,1.0,ckb1qzda0cr08m85hc8jlnfp3zer7xulejywt49kt2rr0vthywaa50xwsqg60za567aggkr4kdukm540wrujl4xn83g5sff6z
lineage__merge_count,0.0,-0.7304227103091852,0.0,ckb1qzda0cr08m85hc8jlnfp3zer7xulejywt49kt2rr0vthywaa50xwsqg60za567aggkr4kdukm540wrujl4xn83g5sff6z
scripts__type_family_count,0.0,-0.501218028601448,0.0,ckb1qzda0cr08m85hc8jlnfp3zer7xulejywt49kt2rr0vthywaa50xwsqg60za567aggkr4kdukm540wrujl4xn83g5sff6z
scripts__unique_lock_script_count,20.0,1.0000000000000002,3.044522437723423,ckb1qzda0cr08m85hc8jlnfp3zer7xulejywt49kt2rr0vthywaa50xwsqg60za567aggkr4kdukm540wrujl4xn83g5sff6z
scripts__unique_type_script_count,0.0,0.0,0.0,ckb1qzda0cr08m85hc8jlnfp3zer7xulejywt49kt2rr0vthywaa50xwsqg60za567aggkr4kdukm540wrujl4xn83g5sff6z
capacity__capacity_repeat_ratio,0.0,-1.3489727248167438,0.0,ckb1qzda0cr08m85hc8jlnfp3zer7xulejywt49kt2rr0vthywaa50xwsqg62egjmjcnvyrdl5z38esza6dgfxuy2xsy8gcsa
capacity__target_consumed_capacity,0.0,-4.044635599832544,0.0,ckb1qzda0cr08m85hc8jlnfp3zer7xulejywt49kt2rr0vthywaa50xwsqg62egjmjcnvyrdl5z38esza6dgfxuy2xsy8gcsa
capacity__target_net_capacity_delta,490505107102.0,0.5648685099466143,26.91870152793228,ckb1qzda0cr08m85hc8jlnfp3zer7xulejywt49kt2rr0vthywaa50xwsqg62egjmjcnvyrdl5z38esza6dgfxuy2xsy8gcsa
lineage__continuation_count,0.0,0.0,0.0,ckb1qzda0cr08m85hc8jlnfp3zer7xulejywt49kt2rr0vthywaa50xwsqg62egjmjcnvyrdl5z38esza6dgfxuy2xsy8gcsa
lineage__lineage_depth,1.0,-1.0,0.6931471805599453,ckb1qzda0cr08m85hc8jlnfp3zer7xulejywt49kt2rr0vthywaa50xwsqg62egjmjcnvyrdl5z38esza6dgfxuy2xsy8gcsa
lineage__lineage_repetition,1.0,1.027789217390062,1.0,ckb1qzda0cr08m85hc8jlnfp3zer7xulejywt49kt2rr0vthywaa50xwsqg62egjmjcnvyrdl5z38esza6dgfxuy2xsy8gcsa
lineage__merge_count,0.0,-0.7304227103091852,0.0,ckb1qzda0cr08m85hc8jlnfp3zer7xulejywt49kt2rr0vthywaa50xwsqg62egjmjcnvyrdl5z38esza6dgfxuy2xsy8gcsa
scripts__type_family_count,0.0,-0.501218028601448,0.0,ckb1qzda0cr08m85hc8jlnfp3zer7xulejywt49kt2rr0vthywaa50xwsqg62egjmjcnvyrdl5z38esza6dgfxuy2xsy8gcsa
scripts__unique_lock_script_count,25.0,1.1704824501274753,3.258096538021482,ckb1qzda0cr08m85hc8jlnfp3zer7xulejywt49kt2rr0vthywaa50xwsqg62egjmjcnvyrdl5z38esza6dgfxuy2xsy8gcsa
scripts__unique_type_script_count,0.0,0.0,0.0,ckb1qzda0cr08m85hc8jlnfp3zer7xulejywt49kt2rr0vthywaa50xwsqg62egjmjcnvyrdl5z38esza6dgfxuy2xsy8gcsa
capacity__capacity_repeat_ratio,1.0,0.9020803841920981,1.0,ckb1qzda0cr08m85hc8jlnfp3zer7xulejywt49kt2rr0vthywaa50xwsqg64upk25mkwaurfnz52t5wcm4hkw8ukgqdmqsjq
capacity__target_consumed_capacity,6200000000.0,-0.7938857673569987,22.547815129158746,ckb1qzda0cr08m85hc8jlnfp3zer7xulejywt49kt2rr0vthywaa50xwsqg64upk25mkwaurfnz52t5wcm4hkw8ukgqdmqsjq
capacity__target_net_capacity_delta,0.0,0.0,0.0,ckb1qzda0cr08m85hc8jlnfp3zer7xulejywt49kt2rr0vthywaa50xwsqg64upk25mkwaurfnz52t5wcm4hkw8ukgqdmqsjq
lineage__continuation_count,0.0,0.0,0.0,ckb1qzda0cr08m85hc8jlnfp3zer7xulejywt49kt2rr0vthywaa50xwsqg64upk25mkwaurfnz52t5wcm4hkw8ukgqdmqsjq
lineage__lineage_depth,2.0,0.0,1.0986122886681098,ckb1qzda0cr08m85hc8jlnfp3zer7xulejywt49kt2rr0vthywaa50xwsqg64upk25mkwaurfnz52t5wcm4hkw8ukgqdmqsjq
lineage__lineage_repetition,1.0,1.027789217390062,1.0,ckb1qzda0cr08m85hc8jlnfp3zer7xulejywt49kt2rr0vthywaa50xwsqg64upk25mkwaurfnz52t5wcm4hkw8ukgqdmqsjq
lineage__merge_count,2.0,0.0,1.0986122886681098,ckb1qzda0cr08m85hc8jlnfp3zer7xulejywt49kt2rr0vthywaa50xwsqg64upk25mkwaurfnz52t5wcm4hkw8ukgqdmqsjq
scripts__type_family_count,1.0,1.9951397255009098,0.6931471805599453,ckb1qzda0cr08m85hc8jlnfp3zer7xulejywt49kt2rr0vthywaa50xwsqg64upk25mkwaurfnz52t5wcm4hkw8ukgqdmqsjq
scripts__unique_lock_script_count,6.0,0.12304856042512263,1.9459101490553132,ckb1qzda0cr08m85hc8jlnfp3zer7xulejywt49kt2rr0vthywaa50xwsqg64upk25mkwaurfnz52t5wcm4hkw8ukgqdmqsjq
scripts__unique_type_script_count,1.0,1.0,0.6931471805599453,ckb1qzda0cr08m85hc8jlnfp3zer7xulejywt49kt2rr0vthywaa50xwsqg64upk25mkwaurfnz52t5wcm4hkw8ukgqdmqsjq
capacity__capacity_repeat_ratio,1.0,0.9020803841920981,1.0,ckb1qzda0cr08m85hc8jlnfp3zer7xulejywt49kt2rr0vthywaa50xwsqg6agcch2m7k8lsh00nv05ztfmz0euvqkcfpz7ec
capacity__target_consumed_capacity,14743867628186.0,0.3269074036152808,30.321848358243493,ckb1qzda0cr08m85hc8jlnfp3zer7xulejywt49kt2rr0vthywaa50xwsqg6agcch2m7k8lsh00nv05ztfmz0euvqkcfpz7ec
capacity__target_net_capacity_delta,0.0,0.0,0.0,ckb1qzda0cr08m85hc8jlnfp3zer7xulejywt49kt2rr0vthywaa50xwsqg6agcch2m7k8lsh00nv05ztfmz0euvqkcfpz7ec
lineage__continuation_count,0.0,0.0,0.0,ckb1qzda0cr08m85hc8jlnfp3zer7xulejywt49kt2rr0vthywaa50xwsqg6agcch2m7k8lsh00nv05ztfmz0euvqkcfpz7ec
lineage__lineage_depth,2.0,0.0,1.0986122886681098,ckb1qzda0cr08m85hc8jlnfp3zer7xulejywt49kt2rr0vthywaa50xwsqg6agcch2m7k8lsh00nv05ztfmz0euvqkcfpz7ec
lineage__lineage_repetition,0.9827586206896551,0.9906049344434306,0.9827586206896551,ckb1qzda0cr08m85hc8jlnfp3zer7xulejywt49kt2rr0vthywaa50xwsqg6agcch2m7k8lsh00nv05ztfmz0euvqkcfpz7ec
lineage__merge_count,29.0,1.5308953501523477,3.4011973816621555,ckb1qzda0cr08m85hc8jlnfp3zer7xulejywt49kt2rr0vthywaa50xwsqg6agcch2m7k8lsh00nv05ztfmz0euvqkcfpz7ec
scripts__type_family_count,0.0,-0.501218028601448,0.0,ckb1qzda0cr08m85hc8jlnfp3zer7xulejywt49kt2rr0vthywaa50xwsqg6agcch2m7k8lsh00nv05ztfmz0euvqkcfpz7ec
scripts__unique_lock_script_count,3.0,-0.3236566839097652,1.3862943611198906,ckb1qzda0cr08m85hc8jlnfp3zer7xulejywt49kt2rr0vthywaa50xwsqg6agcch2m7k8lsh00nv05ztfmz0euvqkcfpz7ec
scripts__unique_type_script_count,0.0,0.0,0.0,ckb1qzda0cr08m85hc8jlnfp3zer7xulejywt49kt2rr0vthywaa50xwsqg6agcch2m7k8lsh00nv05ztfmz0euvqkcfpz7ec
capacity__capacity_repeat_ratio,1.0,0.9020803841920981,1.0,ckb1qzda0cr08m85hc8jlnfp3zer7xulejywt49kt2rr0vthywaa50xwsqg6j932zy4ztkzmtpye2uhzsju5npw795s89dznx
capacity__target_consumed_capacity,71895528933.0,-0.4405700204807365,24.998479915233617,ckb1qzda0cr08m85hc8jlnfp3zer7xulejywt49kt2rr0vthywaa50xwsqg6j932zy4ztkzmtpye2uhzsju5npw795s89dznx
capacity__target_net_capacity_delta,0.0,0.0,0.0,ckb1qzda0cr08m85hc8jlnfp3zer7xulejywt49kt2rr0vthywaa50xwsqg6j932zy4ztkzmtpye2uhzsju5npw795s89dznx
lineage__continuation_count,0.0,0.0,0.0,ckb1qzda0cr08m85hc8jlnfp3zer7xulejywt49kt2rr0vthywaa50xwsqg6j932zy4ztkzmtpye2uhzsju5npw795s89dznx
lineage__lineage_depth,2.0,0.0,1.0986122886681098,ckb1qzda0cr08m85hc8jlnfp3zer7xulejywt49kt2rr0vthywaa50xwsqg6j932zy4ztkzmtpye2uhzsju5npw795s89dznx
lineage__lineage_repetition,0.8333333333333334,0.6683411489059582,0.8333333333333334,ckb1qzda0cr08m85hc8jlnfp3zer7xulejywt49kt2rr0vthywaa50xwsqg6j932zy4ztkzmtpye2uhzsju5npw795s89dznx
lineage__merge_count,3.0,0.1912681309275552,1.3862943611198906,ckb1qzda0cr08m85hc8jlnfp3zer7xulejywt49kt2rr0vthywaa50xwsqg6j932zy4ztkzmtpye2uhzsju5npw795s89dznx
scripts__type_family_count,0.0,-0.501218028601448,0.0,ckb1qzda0cr08m85hc8jlnfp3zer7xulejywt49kt2rr0vthywaa50xwsqg6j932zy4ztkzmtpye2uhzsju5npw795s89dznx
scripts__unique_lock_script_count,20.0,1.0000000000000002,3.044522437723423,ckb1qzda0cr08m85hc8jlnfp3zer7xulejywt49kt2rr0vthywaa50xwsqg6j932zy4ztkzmtpye2uhzsju5npw795s89dznx
scripts__unique_type_script_count,0.0,0.0,0.0,ckb1qzda0cr08m85hc8jlnfp3zer7xulejywt49kt2rr0vthywaa50xwsqg6j932zy4ztkzmtpye2uhzsju5npw795s89dznx
capacity__capacity_repeat_ratio,0.9565217391304348,0.804208509887366,0.9565217391304348,ckb1qzda0cr08m85hc8jlnfp3zer7xulejywt49kt2rr0vthywaa50xwsqg709r8jqauttpmkjv2x2jg3mtdwvqk7acc26w2j
capacity__target_consumed_capacity,18509729050000.0,0.35970196084906814,30.549317604373375,ckb1qzda0cr08m85hc8jlnfp3zer7xulejywt49kt2rr0vthywaa50xwsqg709r8jqauttpmkjv2x2jg3mtdwvqk7acc26w2j
capacity__target_net_capacity_delta,8231478000.0,0.47909605374157815,22.83123142251036,ckb1qzda0cr08m85hc8jlnfp3zer7xulejywt49kt2rr0vthywaa50xwsqg709r8jqauttpmkjv2x2jg3mtdwvqk7acc26w2j
lineage__continuation_count,6.0,2.807354922057604,1.9459101490553132,ckb1qzda0cr08m85hc8jlnfp3zer7xulejywt49kt2rr0vthywaa50xwsqg709r8jqauttpmkjv2x2jg3mtdwvqk7acc26w2j
lineage__lineage_depth,7.0,2.419022582702908,2.0794415416798357,ckb1qzda0cr08m85hc8jlnfp3zer7xulejywt49kt2rr0vthywaa50xwsqg709r8jqauttpmkjv2x2jg3mtdwvqk7acc26w2j
lineage__lineage_repetition,0.8333333333333334,0.6683411489059582,0.8333333333333334,ckb1qzda0cr08m85hc8jlnfp3zer7xulejywt49kt2rr0vthywaa50xwsqg709r8jqauttpmkjv2x2jg3mtdwvqk7acc26w2j
lineage__merge_count,6.0,0.5633339495715032,1.9459101490553132,ckb1qzda0cr08m85hc8jlnfp3zer7xulejywt49kt2rr0vthywaa50xwsqg709r8jqauttpmkjv2x2jg3mtdwvqk7acc26w2j
scripts__type_family_count,0.0,-0.501218028601448,0.0,ckb1qzda0cr08m85hc8jlnfp3zer7xulejywt49kt2rr0vthywaa50xwsqg709r8jqauttpmkjv2x2jg3mtdwvqk7acc26w2j
scripts__unique_lock_script_count,5.0,0.0,1.791759469228055,ckb1qzda0cr08m85hc8jlnfp3zer7xulejywt49kt2rr0vthywaa50xwsqg709r8jqauttpmkjv2x2jg3mtdwvqk7acc26w2j
scripts__unique_type_script_count,0.0,0.0,0.0,ckb1qzda0cr08m85hc8jlnfp3zer7xulejywt49kt2rr0vthywaa50xwsqg709r8jqauttpmkjv2x2jg3mtdwvqk7acc26w2j
capacity__capacity_repeat_ratio,1.0,0.9020803841920981,1.0,ckb1qzda0cr08m85hc8jlnfp3zer7xulejywt49kt2rr0vthywaa50xwsqg8td6r2j7dwevxfd0c84lzn0j9dh0tkecqdrktc
capacity__target_consumed_capacity,466629986000000.0,0.8249776545149656,33.776557738345964,ckb1qzda0cr08m85hc8jlnfp3zer7xulejywt49kt2rr0vthywaa50xwsqg8td6r2j7dwevxfd0c84lzn0j9dh0tkecqdrktc
capacity__target_net_capacity_delta,0.0,0.0,0.0,ckb1qzda0cr08m85hc8jlnfp3zer7xulejywt49kt2rr0vthywaa50xwsqg8td6r2j7dwevxfd0c84lzn0j9dh0tkecqdrktc
lineage__continuation_count,0.0,0.0,0.0,ckb1qzda0cr08m85hc8jlnfp3zer7xulejywt49kt2rr0vthywaa50xwsqg8td6r2j7dwevxfd0c84lzn0j9dh0tkecqdrktc
lineage__lineage_depth,2.0,0.0,1.0986122886681098,ckb1qzda0cr08m85hc8jlnfp3zer7xulejywt49kt2rr0vthywaa50xwsqg8td6r2j7dwevxfd0c84lzn0j9dh0tkecqdrktc
lineage__lineage_repetition,0.5,-0.05055498806225001,0.5,ckb1qzda0cr08m85hc8jlnfp3zer7xulejywt49kt2rr0vthywaa50xwsqg8td6r2j7dwevxfd0c84lzn0j9dh0tkecqdrktc
lineage__merge_count,0.0,-0.7304227103091852,0.0,ckb1qzda0cr08m85hc8jlnfp3zer7xulejywt49kt2rr0vthywaa50xwsqg8td6r2j7dwevxfd0c84lzn0j9dh0tkecqdrktc
scripts__type_family_count,0.0,-0.501218028601448,0.0,ckb1qzda0cr08m85hc8jlnfp3zer7xulejywt49kt2rr0vthywaa50xwsqg8td6r2j7dwevxfd0c84lzn0j9dh0tkecqdrktc
scripts__unique_lock_script_count,4.0,-0.14553555730732698,1.6094379124341003,ckb1qzda0cr08m85hc8jlnfp3zer7xulejywt49kt2rr0vthywaa50xwsqg8td6r2j7dwevxfd0c84lzn0j9dh0tkecqdrktc
scripts__unique_type_script_count,0.0,0.0,0.0,ckb1qzda0cr08m85hc8jlnfp3zer7xulejywt49kt2rr0vthywaa50xwsqg8td6r2j7dwevxfd0c84lzn0j9dh0tkecqdrktc
capacity__capacity_repeat_ratio,0.9285714285714286,0.7412908764057524,0.9285714285714286,ckb1qzda0cr08m85hc8jlnfp3zer7xulejywt49kt2rr0vthywaa50xwsqg9q2e95dadfctdfsuq5e5na0nwh58v4jc6rkddw
capacity__target_consumed_capacity,289099577396.0,-0.23994729881687366,26.390037024179335,ckb1qzda0cr08m85hc8jlnfp3zer7xulejywt49kt2rr0vthywaa50xwsqg9q2e95dadfctdfsuq5e5na0nwh58v4jc6rkddw
capacity__target_net_capacity_delta,-3612.0,-0.17190906285567098,-8.19229373114764,ckb1qzda0cr08m85hc8jlnfp3zer7xulejywt49kt2rr0vthywaa50xwsqg9q2e95dadfctdfsuq5e5na0nwh58v4jc6rkddw
lineage__continuation_count,7.0,3.0,2.0794415416798357,ckb1qzda0cr08m85hc8jlnfp3zer7xulejywt49kt2rr0vthywaa50xwsqg9q2e95dadfctdfsuq5e5na0nwh58v4jc6rkddw
lineage__lineage_depth,7.0,2.419022582702908,2.0794415416798357,ckb1qzda0cr08m85hc8jlnfp3zer7xulejywt49kt2rr0vthywaa50xwsqg9q2e95dadfctdfsuq5e5na0nwh58v4jc6rkddw
lineage__lineage_repetition,1.0,1.027789217390062,1.0,ckb1qzda0cr08m85hc8jlnfp3zer7xulejywt49kt2rr0vthywaa50xwsqg9q2e95dadfctdfsuq5e5na0nwh58v4jc6rkddw
lineage__merge_count,7.0,0.6521135515459253,2.0794415416798357,ckb1qzda0cr08m85hc8jlnfp3zer7xulejywt49kt2rr0vthywaa50xwsqg9q2e95dadfctdfsuq5e5na0nwh58v4jc6rkddw
scripts__type_family_count,0.0,-0.501218028601448,0.0,ckb1qzda0cr08m85hc8jlnfp3zer7xulejywt49kt2rr0vthywaa50xwsqg9q2e95dadfctdfsuq5e5na0nwh58v4jc6rkddw
scripts__unique_lock_script_count,1.0,-0.8769514395748773,0.6931471805599453,ckb1qzda0cr08m85hc8jlnfp3zer7xulejywt49kt2rr0vthywaa50xwsqg9q2e95dadfctdfsuq5e5na0nwh58v4jc6rkddw
scripts__unique_type_script_count,0.0,0.0,0.0,ckb1qzda0cr08m85hc8jlnfp3zer7xulejywt49kt2rr0vthywaa50xwsqg9q2e95dadfctdfsuq5e5na0nwh58v4jc6rkddw
capacity__capacity_repeat_ratio,0.0,-1.3489727248167438,0.0,ckb1qzda0cr08m85hc8jlnfp3zer7xulejywt49kt2rr0vthywaa50xwsqg9zt77ljsy79v237ska0mgf4zd50avq0cdx0vpw
capacity__target_consumed_capacity,0.0,-4.044635599832544,0.0,ckb1qzda0cr08m85hc8jlnfp3zer7xulejywt49kt2rr0vthywaa50xwsqg9zt77ljsy79v237ska0mgf4zd50avq0cdx0vpw
capacity__target_net_capacity_delta,5673897646618.0,0.6162420414781163,29.36689741313576,ckb1qzda0cr08m85hc8jlnfp3zer7xulejywt49kt2rr0vthywaa50xwsqg9zt77ljsy79v237ska0mgf4zd50avq0cdx0vpw
lineage__continuation_count,0.0,0.0,0.0,ckb1qzda0cr08m85hc8jlnfp3zer7xulejywt49kt2rr0vthywaa50xwsqg9zt77ljsy79v237ska0mgf4zd50avq0cdx0vpw
lineage__lineage_depth,1.0,-1.0,0.6931471805599453,ckb1qzda0cr08m85hc8jlnfp3zer7xulejywt49kt2rr0vthywaa50xwsqg9zt77ljsy79v237ska0mgf4zd50avq0cdx0vpw
lineage__lineage_repetition,0.0,-1.128899193514562,0.0,ckb1qzda0cr08m85hc8jlnfp3zer7xulejywt49kt2rr0vthywaa50xwsqg9zt77ljsy79v237ska0mgf4zd50avq0cdx0vpw
lineage__merge_count,0.0,-0.7304227103091852,0.0,ckb1qzda0cr08m85hc8jlnfp3zer7xulejywt49kt2rr0vthywaa50xwsqg9zt77ljsy79v237ska0mgf4zd50avq0cdx0vpw
scripts__type_family_count,0.0,-0.501218028601448,0.0,ckb1qzda0cr08m85hc8jlnfp3zer7xulejywt49kt2rr0vthywaa50xwsqg9zt77ljsy79v237ska0mgf4zd50avq0cdx0vpw
scripts__unique_lock_script_count,2.0,-0.5532947556651122,1.0986122886681098,ckb1qzda0cr08m85hc8jlnfp3zer7xulejywt49kt2rr0vthywaa50xwsqg9zt77ljsy79v237ska0mgf4zd50avq0cdx0vpw
scripts__unique_type_script_count,0.0,0.0,0.0,ckb1qzda0cr08m85hc8jlnfp3zer7xulejywt49kt2rr0vthywaa50xwsqg9zt77ljsy79v237ska0mgf4zd50avq0cdx0vpw
capacity__capacity_repeat_ratio,1.0,0.9020803841920981,1.0,ckb1qzda0cr08m85hc8jlnfp3zer7xulejywt49kt2rr0vthywaa50xwsqga8fka44mj0qm9pz3zx8fh23cd9t7ye2qw4p9mm
capacity__target_consumed_capacity,340896272638.0,-0.2161868363060193,26.554844082146655,ckb1qzda0cr08m85hc8jlnfp3zer7xulejywt49kt2rr0vthywaa50xwsqga8fka44mj0qm9pz3zx8fh23cd9t7ye2qw4p9mm
capacity__target_net_capacity_delta,0.0,0.0,0.0,ckb1qzda0cr08m85hc8jlnfp3zer7xulejywt49kt2rr0vthywaa50xwsqga8fka44mj0qm9pz3zx8fh23cd9t7ye2qw4p9mm
lineage__continuation_count,0.0,0.0,0.0,ckb1qzda0cr08m85hc8jlnfp3zer7xulejywt49kt2rr0vthywaa50xwsqga8fka44mj0qm9pz3zx8fh23cd9t7ye2qw4p9mm
lineage__lineage_depth,2.0,0.0,1.0986122886681098,ckb1qzda0cr08m85hc8jlnfp3zer7xulejywt49kt2rr0vthywaa50xwsqga8fka44mj0qm9pz3zx8fh23cd9t7ye2qw4p9mm
lineage__lineage_repetition,0.0,-1.128899193514562,0.0,ckb1qzda0cr08m85hc8jlnfp3zer7xulejywt49kt2rr0vthywaa50xwsqga8fka44mj0qm9pz3zx8fh23cd9t7ye2qw4p9mm
lineage__merge_count,1.0,-0.26957728969081496,0.6931471805599453,ckb1qzda0cr08m85hc8jlnfp3zer7xulejywt49kt2rr0vthywaa50xwsqga8fka44mj0qm9pz3zx8fh23cd9t7ye2qw4p9mm
scripts__type_family_count,0.0,-0.501218028601448,0.0,ckb1qzda0cr08m85hc8jlnfp3zer7xulejywt49kt2rr0vthywaa50xwsqga8fka44mj0qm9pz3zx8fh23cd9t7ye2qw4p9mm
scripts__unique_lock_script_count,4.0,-0.14553555730732698,1.6094379124341003,ckb1qzda0cr08m85hc8jlnfp3zer7xulejywt49kt2rr0vthywaa50xwsqga8fka44mj0qm9pz3zx8fh23cd9t7ye2qw4p9mm
scripts__unique_type_script_count,0.0,0.0,0.0,ckb1qzda0cr08m85hc8jlnfp3zer7xulejywt49kt2rr0vthywaa50xwsqga8fka44mj0qm9pz3zx8fh23cd9t7ye2qw4p9mm
capacity__capacity_repeat_ratio,0.0,-1.3489727248167438,0.0,ckb1qzda0cr08m85hc8jlnfp3zer7xulejywt49kt2rr0vthywaa50xwsqgcls79s3gyaetwz3sm27r5gfjguywnh2cxxda76
capacity__target_consumed_capacity,0.0,-4.044635599832544,0.0,ckb1qzda0cr08m85hc8jlnfp3zer7xulejywt49kt2rr0vthywaa50xwsqgcls79s3gyaetwz3sm27r5gfjguywnh2cxxda76
capacity__target_net_capacity_delta,69752945214.0,0.5239392512832802,24.968225482061083,ckb1qzda0cr08m85hc8jlnfp3zer7xulejywt49kt2rr0vthywaa50xwsqgcls79s3gyaetwz3sm27r5gfjguywnh2cxxda76
lineage__continuation_count,0.0,0.0,0.0,ckb1qzda0cr08m85hc8jlnfp3zer7xulejywt49kt2rr0vthywaa50xwsqgcls79s3gyaetwz3sm27r5gfjguywnh2cxxda76
lineage__lineage_depth,1.0,-1.0,0.6931471805599453,ckb1qzda0cr08m85hc8jlnfp3zer7xulejywt49kt2rr0vthywaa50xwsqgcls79s3gyaetwz3sm27r5gfjguywnh2cxxda76
lineage__lineage_repetition,0.0,-1.128899193514562,0.0,ckb1qzda0cr08m85hc8jlnfp3zer7xulejywt49kt2rr0vthywaa50xwsqgcls79s3gyaetwz3sm27r5gfjguywnh2cxxda76
lineage__merge_count,1.0,-0.26957728969081496,0.6931471805599453,ckb1qzda0cr08m85hc8jlnfp3zer7xulejywt49kt2rr0vthywaa50xwsqgcls79s3gyaetwz3sm27r5gfjguywnh2cxxda76
scripts__type_family_count,1.0,1.9951397255009098,0.6931471805599453,ckb1qzda0cr08m85hc8jlnfp3zer7xulejywt49kt2rr0vthywaa50xwsqgcls79s3gyaetwz3sm27r5gfjguywnh2cxxda76
scripts__unique_lock_script_count,4.0,-0.14553555730732698,1.6094379124341003,ckb1qzda0cr08m85hc8jlnfp3zer7xulejywt49kt2rr0vthywaa50xwsqgcls79s3gyaetwz3sm27r5gfjguywnh2cxxda76
scripts__unique_type_script_count,1.0,1.0,0.6931471805599453,ckb1qzda0cr08m85hc8jlnfp3zer7xulejywt49kt2rr0vthywaa50xwsqgcls79s3gyaetwz3sm27r5gfjguywnh2cxxda76
capacity__capacity_repeat_ratio,1.0,0.9020803841920981,1.0,ckb1qzda0cr08m85hc8jlnfp3zer7xulejywt49kt2rr0vthywaa50xwsqge57hkg6u3mc7jwh7emmu7pne7keyn2ccf79a2t
capacity__target_consumed_capacity,16528109938258.0,0.34337686864674166,30.43608367992087,ckb1qzda0cr08m85hc8jlnfp3zer7xulejywt49kt2rr0vthywaa50xwsqge57hkg6u3mc7jwh7emmu7pne7keyn2ccf79a2t
capacity__target_net_capacity_delta,0.0,0.0,0.0,ckb1qzda0cr08m85hc8jlnfp3zer7xulejywt49kt2rr0vthywaa50xwsqge57hkg6u3mc7jwh7emmu7pne7keyn2ccf79a2t
lineage__continuation_count,0.0,0.0,0.0,ckb1qzda0cr08m85hc8jlnfp3zer7xulejywt49kt2rr0vthywaa50xwsqge57hkg6u3mc7jwh7emmu7pne7keyn2ccf79a2t
lineage__lineage_depth,3.0,0.7095112913514542,1.3862943611198906,ckb1qzda0cr08m85hc8jlnfp3zer7xulejywt49kt2rr0vthywaa50xwsqge57hkg6u3mc7jwh7emmu7pne7keyn2ccf79a2t
lineage__lineage_repetition,0.0,-1.128899193514562,0.0,ckb1qzda0cr08m85hc8jlnfp3zer7xulejywt49kt2rr0vthywaa50xwsqge57hkg6u3mc7jwh7emmu7pne7keyn2ccf79a2t
lineage__merge_count,2.0,0.0,1.0986122886681098,ckb1qzda0cr08m85hc8jlnfp3zer7xulejywt49kt2rr0vthywaa50xwsqge57hkg6u3mc7jwh7emmu7pne7keyn2ccf79a2t
scripts__type_family_count,0.0,-0.501218028601448,0.0,ckb1qzda0cr08m85hc8jlnfp3zer7xulejywt49kt2rr0vthywaa50xwsqge57hkg6u3mc7jwh7emmu7pne7keyn2ccf79a2t
scripts__unique_lock_script_count,5.0,0.0,1.791759469228055,ckb1qzda0cr08m85hc8jlnfp3zer7xulejywt49kt2rr0vthywaa50xwsqge57hkg6u3mc7jwh7emmu7pne7keyn2ccf79a2t
scripts__unique_type_script_count,0.0,0.0,0.0,ckb1qzda0cr08m85hc8jlnfp3zer7xulejywt49kt2rr0vthywaa50xwsqge57hkg6u3mc7jwh7emmu7pne7keyn2ccf79a2t
capacity__capacity_repeat_ratio,1.0,0.9020803841920981,1.0,ckb1qzda0cr08m85hc8jlnfp3zer7xulejywt49kt2rr0vthywaa50xwsqgfkqygamtn953uq036rmprazg7rnkt67gdcyxxf
capacity__target_consumed_capacity,24874531463.0,-0.5935891547306742,23.937110284195583,ckb1qzda0cr08m85hc8jlnfp3zer7xulejywt49kt2rr0vthywaa50xwsqgfkqygamtn953uq036rmprazg7rnkt67gdcyxxf
capacity__target_net_capacity_delta,0.0,0.0,0.0,ckb1qzda0cr08m85hc8jlnfp3zer7xulejywt49kt2rr0vthywaa50xwsqgfkqygamtn953uq036rmprazg7rnkt67gdcyxxf
lineage__continuation_count,0.0,0.0,0.0,ckb1qzda0cr08m85hc8jlnfp3zer7xulejywt49kt2rr0vthywaa50xwsqgfkqygamtn953uq036rmprazg7rnkt67gdcyxxf
lineage__lineage_depth,2.0,0.0,1.0986122886681098,ckb1qzda0cr08m85hc8jlnfp3zer7xulejywt49kt2rr0vthywaa50xwsqgfkqygamtn953uq036rmprazg7rnkt67gdcyxxf
lineage__lineage_repetition,0.0,-1.128899193514562,0.0,ckb1qzda0cr08m85hc8jlnfp3zer7xulejywt49kt2rr0vthywaa50xwsqgfkqygamtn953uq036rmprazg7rnkt67gdcyxxf
lineage__merge_count,1.0,-0.26957728969081496,0.6931471805599453,ckb1qzda0cr08m85hc8jlnfp3zer7xulejywt49kt2rr0vthywaa50xwsqgfkqygamtn953uq036rmprazg7rnkt67gdcyxxf
scripts__type_family_count,0.0,-0.501218028601448,0.0,ckb1qzda0cr08m85hc8jlnfp3zer7xulejywt49kt2rr0vthywaa50xwsqgfkqygamtn953uq036rmprazg7rnkt67gdcyxxf
scripts__unique_lock_script_count,3.0,-0.3236566839097652,1.3862943611198906,ckb1qzda0cr08m85hc8jlnfp3zer7xulejywt49kt2rr0vthywaa50xwsqgfkqygamtn953uq036rmprazg7rnkt67gdcyxxf
scripts__unique_type_script_count,0.0,0.0,0.0,ckb1qzda0cr08m85hc8jlnfp3zer7xulejywt49kt2rr0vthywaa50xwsqgfkqygamtn953uq036rmprazg7rnkt67gdcyxxf
capacity__capacity_repeat_ratio,1.0,0.9020803841920981,1.0,ckb1qzda0cr08m85hc8jlnfp3zer7xulejywt49kt2rr0vthywaa50xwsqgg8w4ddafhudspnvc8aapvpek3rvmk33qqk5up2
capacity__target_consumed_capacity,8394507982524.0,0.2457029317632135,29.758598796345634,ckb1qzda0cr08m85hc8jlnfp3zer7xulejywt49kt2rr0vthywaa50xwsqgg8w4ddafhudspnvc8aapvpek3rvmk33qqk5up2
capacity__target_net_capacity_delta,0.0,0.0,0.0,ckb1qzda0cr08m85hc8jlnfp3zer7xulejywt49kt2rr0vthywaa50xwsqgg8w4ddafhudspnvc8aapvpek3rvmk33qqk5up2
lineage__continuation_count,0.0,0.0,0.0,ckb1qzda0cr08m85hc8jlnfp3zer7xulejywt49kt2rr0vthywaa50xwsqgg8w4ddafhudspnvc8aapvpek3rvmk33qqk5up2
lineage__lineage_depth,2.0,0.0,1.0986122886681098,ckb1qzda0cr08m85hc8jlnfp3zer7xulejywt49kt2rr0vthywaa50xwsqgg8w4ddafhudspnvc8aapvpek3rvmk33qqk5up2
lineage__lineage_repetition,0.5,-0.05055498806225001,0.5,ckb1qzda0cr08m85hc8jlnfp3zer7xulejywt49kt2rr0vthywaa50xwsqgg8w4ddafhudspnvc8aapvpek3rvmk33qqk5up2
lineage__merge_count,4.0,0.3396272192247922,1.6094379124341003,ckb1qzda0cr08m85hc8jlnfp3zer7xulejywt49kt2rr0vthywaa50xwsqgg8w4ddafhudspnvc8aapvpek3rvmk33qqk5up2
scripts__type_family_count,0.0,-0.501218028601448,0.0,ckb1qzda0cr08m85hc8jlnfp3zer7xulejywt49kt2rr0vthywaa50xwsqgg8w4ddafhudspnvc8aapvpek3rvmk33qqk5up2
scripts__unique_lock_script_count,9.0,0.40775919835778557,2.302585092994046,ckb1qzda0cr08m85hc8jlnfp3zer7xulejywt49kt2rr0vthywaa50xwsqgg8w4ddafhudspnvc8aapvpek3rvmk33qqk5up2
scripts__unique_type_script_count,0.0,0.0,0.0,ckb1qzda0cr08m85hc8jlnfp3zer7xulejywt49kt2rr0vthywaa50xwsqgg8w4ddafhudspnvc8aapvpek3rvmk33qqk5up2
capacity__capacity_repeat_ratio,1.0,0.9020803841920981,1.0,ckb1qzda0cr08m85hc8jlnfp3zer7xulejywt49kt2rr0vthywaa50xwsqggs86408ja7nsgdh0lz0cxafua6u0pq5cmvsxuu
capacity__target_consumed_capacity,700566295888096.0,0.8835620416338352,34.182910118038436,ckb1qzda0cr08m85hc8jlnfp3zer7xulejywt49kt2rr0vthywaa50xwsqggs86408ja7nsgdh0lz0cxafua6u0pq5cmvsxuu
capacity__target_net_capacity_delta,0.0,0.0,0.0,ckb1qzda0cr08m85hc8jlnfp3zer7xulejywt49kt2rr0vthywaa50xwsqggs86408ja7nsgdh0lz0cxafua6u0pq5cmvsxuu
lineage__continuation_count,0.0,0.0,0.0,ckb1qzda0cr08m85hc8jlnfp3zer7xulejywt49kt2rr0vthywaa50xwsqggs86408ja7nsgdh0lz0cxafua6u0pq5cmvsxuu
lineage__lineage_depth,2.0,0.0,1.0986122886681098,ckb1qzda0cr08m85hc8jlnfp3zer7xulejywt49kt2rr0vthywaa50xwsqggs86408ja7nsgdh0lz0cxafua6u0pq5cmvsxuu
lineage__lineage_repetition,0.75,0.48861711466390606,0.75,ckb1qzda0cr08m85hc8jlnfp3zer7xulejywt49kt2rr0vthywaa50xwsqggs86408ja7nsgdh0lz0cxafua6u0pq5cmvsxuu
lineage__merge_count,6.0,0.5633339495715032,1.9459101490553132,ckb1qzda0cr08m85hc8jlnfp3zer7xulejywt49kt2rr0vthywaa50xwsqggs86408ja7nsgdh0lz0cxafua6u0pq5cmvsxuu
scripts__type_family_count,0.0,-0.501218028601448,0.0,ckb1qzda0cr08m85hc8jlnfp3zer7xulejywt49kt2rr0vthywaa50xwsqggs86408ja7nsgdh0lz0cxafua6u0pq5cmvsxuu
scripts__unique_lock_script_count,4.0,-0.14553555730732698,1.6094379124341003,ckb1qzda0cr08m85hc8jlnfp3zer7xulejywt49kt2rr0vthywaa50xwsqggs86408ja7nsgdh0lz0cxafua6u0pq5cmvsxuu
scripts__unique_type_script_count,0.0,0.0,0.0,ckb1qzda0cr08m85hc8jlnfp3zer7xulejywt49kt2rr0vthywaa50xwsqggs86408ja7nsgdh0lz0cxafua6u0pq5cmvsxuu
capacity__capacity_repeat_ratio,1.0,0.9020803841920981,1.0,ckb1qzda0cr08m85hc8jlnfp3zer7xulejywt49kt2rr0vthywaa50xwsqggszva8zt4sr9p97fwvrhfhzqf7p29u8s3z6m5z
capacity__target_consumed_capacity,6199997076.0,-0.7938858353501019,22.547814657545732,ckb1qzda0cr08m85hc8jlnfp3zer7xulejywt49kt2rr0vthywaa50xwsqggszva8zt4sr9p97fwvrhfhzqf7p29u8s3z6m5z
capacity__target_net_capacity_delta,0.0,0.0,0.0,ckb1qzda0cr08m85hc8jlnfp3zer7xulejywt49kt2rr0vthywaa50xwsqggszva8zt4sr9p97fwvrhfhzqf7p29u8s3z6m5z
lineage__continuation_count,0.0,0.0,0.0,ckb1qzda0cr08m85hc8jlnfp3zer7xulejywt49kt2rr0vthywaa50xwsqggszva8zt4sr9p97fwvrhfhzqf7p29u8s3z6m5z
lineage__lineage_depth,2.0,0.0,1.0986122886681098,ckb1qzda0cr08m85hc8jlnfp3zer7xulejywt49kt2rr0vthywaa50xwsqggszva8zt4sr9p97fwvrhfhzqf7p29u8s3z6m5z
lineage__lineage_repetition,1.0,1.027789217390062,1.0,ckb1qzda0cr08m85hc8jlnfp3zer7xulejywt49kt2rr0vthywaa50xwsqggszva8zt4sr9p97fwvrhfhzqf7p29u8s3z6m5z
lineage__merge_count,2.0,0.0,1.0986122886681098,ckb1qzda0cr08m85hc8jlnfp3zer7xulejywt49kt2rr0vthywaa50xwsqggszva8zt4sr9p97fwvrhfhzqf7p29u8s3z6m5z
scripts__type_family_count,1.0,1.9951397255009098,0.6931471805599453,ckb1qzda0cr08m85hc8jlnfp3zer7xulejywt49kt2rr0vthywaa50xwsqggszva8zt4sr9p97fwvrhfhzqf7p29u8s3z6m5z
scripts__unique_lock_script_count,6.0,0.12304856042512263,1.9459101490553132,ckb1qzda0cr08m85hc8jlnfp3zer7xulejywt49kt2rr0vthywaa50xwsqggszva8zt4sr9p97fwvrhfhzqf7p29u8s3z6m5z
scripts__unique_type_script_count,1.0,1.0,0.6931471805599453,ckb1qzda0cr08m85hc8jlnfp3zer7xulejywt49kt2rr0vthywaa50xwsqggszva8zt4sr9p97fwvrhfhzqf7p29u8s3z6m5z
capacity__capacity_repeat_ratio,0.0,-1.3489727248167438,0.0,ckb1qzda0cr08m85hc8jlnfp3zer7xulejywt49kt2rr0vthywaa50xwsqgh8ejptxd3n05njryzm2vct7ew9jez6rs8uvuej
capacity__target_consumed_capacity,0.0,-4.044635599832544,0.0,ckb1qzda0cr08m85hc8jlnfp3zer7xulejywt49kt2rr0vthywaa50xwsqgh8ejptxd3n05njryzm2vct7ew9jez6rs8uvuej
capacity__target_net_capacity_delta,1130000000000.0,0.5823806397896802,27.753238748653683,ckb1qzda0cr08m85hc8jlnfp3zer7xulejywt49kt2rr0vthywaa50xwsqgh8ejptxd3n05njryzm2vct7ew9jez6rs8uvuej
lineage__continuation_count,0.0,0.0,0.0,ckb1qzda0cr08m85hc8jlnfp3zer7xulejywt49kt2rr0vthywaa50xwsqgh8ejptxd3n05njryzm2vct7ew9jez6rs8uvuej
lineage__lineage_depth,1.0,-1.0,0.6931471805599453,ckb1qzda0cr08m85hc8jlnfp3zer7xulejywt49kt2rr0vthywaa50xwsqgh8ejptxd3n05njryzm2vct7ew9jez6rs8uvuej
lineage__lineage_repetition,0.0,-1.128899193514562,0.0,ckb1qzda0cr08m85hc8jlnfp3zer7xulejywt49kt2rr0vthywaa50xwsqgh8ejptxd3n05njryzm2vct7ew9jez6rs8uvuej
lineage__merge_count,1.0,-0.26957728969081496,0.6931471805599453,ckb1qzda0cr08m85hc8jlnfp3zer7xulejywt49kt2rr0vthywaa50xwsqgh8ejptxd3n05njryzm2vct7ew9jez6rs8uvuej
scripts__type_family_count,1.0,1.9951397255009098,0.6931471805599453,ckb1qzda0cr08m85hc8jlnfp3zer7xulejywt49kt2rr0vthywaa50xwsqgh8ejptxd3n05njryzm2vct7ew9jez6rs8uvuej
scripts__unique_lock_script_count,3.0,-0.3236566839097652,1.3862943611198906,ckb1qzda0cr08m85hc8jlnfp3zer7xulejywt49kt2rr0vthywaa50xwsqgh8ejptxd3n05njryzm2vct7ew9jez6rs8uvuej
scripts__unique_type_script_count,1.0,1.0,0.6931471805599453,ckb1qzda0cr08m85hc8jlnfp3zer7xulejywt49kt2rr0vthywaa50xwsqgh8ejptxd3n05njryzm2vct7ew9jez6rs8uvuej
capacity__capacity_repeat_ratio,0.0,-1.3489727248167438,0.0,ckb1qzda0cr08m85hc8jlnfp3zer7xulejywt49kt2rr0vthywaa50xwsqghntjqmjfan28zcakl06kt5v5x6upxtdgnsclpd
capacity__target_consumed_capacity,305312722077.0,-0.23208053183190355,26.444602406562574,ckb1qzda0cr08m85hc8jlnfp3zer7xulejywt49kt2rr0vthywaa50xwsqghntjqmjfan28zcakl06kt5v5x6upxtdgnsclpd
capacity__target_net_capacity_delta,-305312722077.0,-0.5549198999077082,-26.444602406562574,ckb1qzda0cr08m85hc8jlnfp3zer7xulejywt49kt2rr0vthywaa50xwsqghntjqmjfan28zcakl06kt5v5x6upxtdgnsclpd
lineage__continuation_count,0.0,0.0,0.0,ckb1qzda0cr08m85hc8jlnfp3zer7xulejywt49kt2rr0vthywaa50xwsqghntjqmjfan28zcakl06kt5v5x6upxtdgnsclpd
lineage__lineage_depth,1.0,-1.0,0.6931471805599453,ckb1qzda0cr08m85hc8jlnfp3zer7xulejywt49kt2rr0vthywaa50xwsqghntjqmjfan28zcakl06kt5v5x6upxtdgnsclpd
lineage__lineage_repetition,0.0,-1.128899193514562,0.0,ckb1qzda0cr08m85hc8jlnfp3zer7xulejywt49kt2rr0vthywaa50xwsqghntjqmjfan28zcakl06kt5v5x6upxtdgnsclpd
lineage__merge_count,1.0,-0.26957728969081496,0.6931471805599453,ckb1qzda0cr08m85hc8jlnfp3zer7xulejywt49kt2rr0vthywaa50xwsqghntjqmjfan28zcakl06kt5v5x6upxtdgnsclpd
scripts__type_family_count,1.0,1.9951397255009098,0.6931471805599453,ckb1qzda0cr08m85hc8jlnfp3zer7xulejywt49kt2rr0vthywaa50xwsqghntjqmjfan28zcakl06kt5v5x6upxtdgnsclpd
scripts__unique_lock_script_count,4.0,-0.14553555730732698,1.6094379124341003,ckb1qzda0cr08m85hc8jlnfp3zer7xulejywt49kt2rr0vthywaa50xwsqghntjqmjfan28zcakl06kt5v5x6upxtdgnsclpd
scripts__unique_type_script_count,1.0,1.0,0.6931471805599453,ckb1qzda0cr08m85hc8jlnfp3zer7xulejywt49kt2rr0vthywaa50xwsqghntjqmjfan28zcakl06kt5v5x6upxtdgnsclpd
capacity__capacity_repeat_ratio,1.0,0.9020803841920981,1.0,ckb1qzda0cr08m85hc8jlnfp3zer7xulejywt49kt2rr0vthywaa50xwsqgj3l4affhawvqru83788u58fphcrx2f8shd3h9l
capacity__target_consumed_capacity,1259714000000000.0,0.9681547467290949,34.769661105982294,ckb1qzda0cr08m85hc8jlnfp3zer7xulejywt49kt2rr0vthywaa50xwsqgj3l4affhawvqru83788u58fphcrx2f8shd3h9l
capacity__target_net_capacity_delta,0.0,0.0,0.0,ckb1qzda0cr08m85hc8jlnfp3zer7xulejywt49kt2rr0vthywaa50xwsqgj3l4affhawvqru83788u58fphcrx2f8shd3h9l
lineage__continuation_count,0.0,0.0,0.0,ckb1qzda0cr08m85hc8jlnfp3zer7xulejywt49kt2rr0vthywaa50xwsqgj3l4affhawvqru83788u58fphcrx2f8shd3h9l
lineage__lineage_depth,3.0,0.7095112913514542,1.3862943611198906,ckb1qzda0cr08m85hc8jlnfp3zer7xulejywt49kt2rr0vthywaa50xwsqgj3l4affhawvqru83788u58fphcrx2f8shd3h9l
lineage__lineage_repetition,1.0,1.027789217390062,1.0,ckb1qzda0cr08m85hc8jlnfp3zer7xulejywt49kt2rr0vthywaa50xwsqgj3l4affhawvqru83788u58fphcrx2f8shd3h9l
lineage__merge_count,2.0,0.0,1.0986122886681098,ckb1qzda0cr08m85hc8jlnfp3zer7xulejywt49kt2rr0vthywaa50xwsqgj3l4affhawvqru83788u58fphcrx2f8shd3h9l
scripts__type_family_count,0.0,-0.501218028601448,0.0,ckb1qzda0cr08m85hc8jlnfp3zer7xulejywt49kt2rr0vthywaa50xwsqgj3l4affhawvqru83788u58fphcrx2f8shd3h9l
scripts__unique_lock_script_count,3.0,-0.3236566839097652,1.3862943611198906,ckb1qzda0cr08m85hc8jlnfp3zer7xulejywt49kt2rr0vthywaa50xwsqgj3l4affhawvqru83788u58fphcrx2f8shd3h9l
scripts__unique_type_script_count,0.0,0.0,0.0,ckb1qzda0cr08m85hc8jlnfp3zer7xulejywt49kt2rr0vthywaa50xwsqgj3l4affhawvqru83788u58fphcrx2f8shd3h9l
capacity__capacity_repeat_ratio,0.9411764705882353,0.7696654954268721,0.9411764705882353,ckb1qzda0cr08m85hc8jlnfp3zer7xulejywt49kt2rr0vthywaa50xwsqgjr2xdh0zyc53jxpwsvwxq5x8y05rmytcewmqcv
capacity__target_consumed_capacity,1.63380133e+16,1.3376097597535983,37.33227089188316,ckb1qzda0cr08m85hc8jlnfp3zer7xulejywt49kt2rr0vthywaa50xwsqgjr2xdh0zyc53jxpwsvwxq5x8y05rmytcewmqcv
capacity__target_net_capacity_delta,2961001030000000.0,0.7475489625651949,35.62430379188553,ckb1qzda0cr08m85hc8jlnfp3zer7xulejywt49kt2rr0vthywaa50xwsqgjr2xdh0zyc53jxpwsvwxq5x8y05rmytcewmqcv
lineage__continuation_count,0.0,0.0,0.0,ckb1qzda0cr08m85hc8jlnfp3zer7xulejywt49kt2rr0vthywaa50xwsqgjr2xdh0zyc53jxpwsvwxq5x8y05rmytcewmqcv
lineage__lineage_depth,3.0,0.7095112913514542,1.3862943611198906,ckb1qzda0cr08m85hc8jlnfp3zer7xulejywt49kt2rr0vthywaa50xwsqgjr2xdh0zyc53jxpwsvwxq5x8y05rmytcewmqcv
lineage__lineage_repetition,0.9,0.8121203762995998,0.9,ckb1qzda0cr08m85hc8jlnfp3zer7xulejywt49kt2rr0vthywaa50xwsqgjr2xdh0zyc53jxpwsvwxq5x8y05rmytcewmqcv
lineage__merge_count,33.0,1.614111242647156,3.5263605246161616,ckb1qzda0cr08m85hc8jlnfp3zer7xulejywt49kt2rr0vthywaa50xwsqgjr2xdh0zyc53jxpwsvwxq5x8y05rmytcewmqcv
scripts__type_family_count,0.0,-0.501218028601448,0.0,ckb1qzda0cr08m85hc8jlnfp3zer7xulejywt49kt2rr0vthywaa50xwsqgjr2xdh0zyc53jxpwsvwxq5x8y05rmytcewmqcv
scripts__unique_lock_script_count,34.0,1.4077591983577853,3.5553480614894135,ckb1qzda0cr08m85hc8jlnfp3zer7xulejywt49kt2rr0vthywaa50xwsqgjr2xdh0zyc53jxpwsvwxq5x8y05rmytcewmqcv
scripts__unique_type_script_count,0.0,0.0,0.0,ckb1qzda0cr08m85hc8jlnfp3zer7xulejywt49kt2rr0vthywaa50xwsqgjr2xdh0zyc53jxpwsvwxq5x8y05rmytcewmqcv
capacity__capacity_repeat_ratio,1.0,0.9020803841920981,1.0,ckb1qzda0cr08m85hc8jlnfp3zer7xulejywt49kt2rr0vthywaa50xwsqgjuhrq84l5nk7ylhlcqpsa3yg974735rgy30uch
capacity__target_consumed_capacity,27808533771028.0,0.41838641381642966,30.956364059700334,ckb1qzda0cr08m85hc8jlnfp3zer7xulejywt49kt2rr0vthywaa50xwsqgjuhrq84l5nk7ylhlcqpsa3yg974735rgy30uch
capacity__target_net_capacity_delta,0.0,0.0,0.0,ckb1qzda0cr08m85hc8jlnfp3zer7xulejywt49kt2rr0vthywaa50xwsqgjuhrq84l5nk7ylhlcqpsa3yg974735rgy30uch
lineage__continuation_count,0.0,0.0,0.0,ckb1qzda0cr08m85hc8jlnfp3zer7xulejywt49kt2rr0vthywaa50xwsqgjuhrq84l5nk7ylhlcqpsa3yg974735rgy30uch
lineage__lineage_depth,5.0,1.709511291351454,1.791759469228055,ckb1qzda0cr08m85hc8jlnfp3zer7xulejywt49kt2rr0vthywaa50xwsqgjuhrq84l5nk7ylhlcqpsa3yg974735rgy30uch
lineage__lineage_repetition,0.7142857142857143,0.4115925285601695,0.7142857142857143,ckb1qzda0cr08m85hc8jlnfp3zer7xulejywt49kt2rr0vthywaa50xwsqgjuhrq84l5nk7ylhlcqpsa3yg974735rgy30uch
lineage__merge_count,4.0,0.3396272192247922,1.6094379124341003,ckb1qzda0cr08m85hc8jlnfp3zer7xulejywt49kt2rr0vthywaa50xwsqgjuhrq84l5nk7ylhlcqpsa3yg974735rgy30uch
scripts__type_family_count,0.0,-0.501218028601448,0.0,ckb1qzda0cr08m85hc8jlnfp3zer7xulejywt49kt2rr0vthywaa50xwsqgjuhrq84l5nk7ylhlcqpsa3yg974735rgy30uch
scripts__unique_lock_script_count,10.0,0.48383917693409767,2.3978952727983707,ckb1qzda0cr08m85hc8jlnfp3zer7xulejywt49kt2rr0vthywaa50xwsqgjuhrq84l5nk7ylhlcqpsa3yg974735rgy30uch
scripts__unique_type_script_count,0.0,0.0,0.0,ckb1qzda0cr08m85hc8jlnfp3zer7xulejywt49kt2rr0vthywaa50xwsqgjuhrq84l5nk7ylhlcqpsa3yg974735rgy30uch
capacity__capacity_repeat_ratio,0.9,0.676975073291214,0.9,ckb1qzda0cr08m85hc8jlnfp3zer7xulejywt49kt2rr0vthywaa50xwsqgk9kfuz7fchth20ksf8d2x3eqph9le6cqhenpf3
capacity__target_consumed_capacity,741228189729374.0,0.8916961228107351,34.23932964217101,ckb1qzda0cr08m85hc8jlnfp3zer7xulejywt49kt2rr0vthywaa50xwsqgk9kfuz7fchth20ksf8d2x3eqph9le6cqhenpf3
capacity__target_net_capacity_delta,-641323693416706.0,-0.7154483548003725,-34.09455542731809,ckb1qzda0cr08m85hc8jlnfp3zer7xulejywt49kt2rr0vthywaa50xwsqgk9kfuz7fchth20ksf8d2x3eqph9le6cqhenpf3
lineage__continuation_count,6.0,2.807354922057604,1.9459101490553132,ckb1qzda0cr08m85hc8jlnfp3zer7xulejywt49kt2rr0vthywaa50xwsqgk9kfuz7fchth20ksf8d2x3eqph9le6cqhenpf3
lineage__lineage_depth,10.0,3.2044261223672437,2.3978952727983707,ckb1qzda0cr08m85hc8jlnfp3zer7xulejywt49kt2rr0vthywaa50xwsqgk9kfuz7fchth20ksf8d2x3eqph9le6cqhenpf3
lineage__lineage_repetition,0.8,0.5964515352091374,0.8,ckb1qzda0cr08m85hc8jlnfp3zer7xulejywt49kt2rr0vthywaa50xwsqgk9kfuz7fchth20ksf8d2x3eqph9le6cqhenpf3
lineage__merge_count,2.0,0.0,1.0986122886681098,ckb1qzda0cr08m85hc8jlnfp3zer7xulejywt49kt2rr0vthywaa50xwsqgk9kfuz7fchth20ksf8d2x3eqph9le6cqhenpf3
scripts__type_family_count,0.0,-0.501218028601448,0.0,ckb1qzda0cr08m85hc8jlnfp3zer7xulejywt49kt2rr0vthywaa50xwsqgk9kfuz7fchth20ksf8d2x3eqph9le6cqhenpf3
scripts__unique_lock_script_count,6.0,0.12304856042512263,1.9459101490553132,ckb1qzda0cr08m85hc8jlnfp3zer7xulejywt49kt2rr0vthywaa50xwsqgk9kfuz7fchth20ksf8d2x3eqph9le6cqhenpf3
scripts__unique_type_script_count,0.0,0.0,0.0,ckb1qzda0cr08m85hc8jlnfp3zer7xulejywt49kt2rr0vthywaa50xwsqgk9kfuz7fchth20ksf8d2x3eqph9le6cqhenpf3
capacity__capacity_repeat_ratio,0.0,-1.3489727248167438,0.0,ckb1qzda0cr08m85hc8jlnfp3zer7xulejywt49kt2rr0vthywaa50xwsqgkfsftjekwd5gtrpludsuaynmccg37mssm6hpt9
capacity__target_consumed_capacity,0.0,-4.044635599832544,0.0,ckb1qzda0cr08m85hc8jlnfp3zer7xulejywt49kt2rr0vthywaa50xwsqgkfsftjekwd5gtrpludsuaynmccg37mssm6hpt9
capacity__target_net_capacity_delta,690522826842.0,0.5720454001618401,27.26071486767512,ckb1qzda0cr08m85hc8jlnfp3zer7xulejywt49kt2rr0vthywaa50xwsqgkfsftjekwd5gtrpludsuaynmccg37mssm6hpt9
lineage__continuation_count,0.0,0.0,0.0,ckb1qzda0cr08m85hc8jlnfp3zer7xulejywt49kt2rr0vthywaa50xwsqgkfsftjekwd5gtrpludsuaynmccg37mssm6hpt9
lineage__lineage_depth,1.0,-1.0,0.6931471805599453,ckb1qzda0cr08m85hc8jlnfp3zer7xulejywt49kt2rr0vthywaa50xwsqgkfsftjekwd5gtrpludsuaynmccg37mssm6hpt9
lineage__lineage_repetition,0.0,-1.128899193514562,0.0,ckb1qzda0cr08m85hc8jlnfp3zer7xulejywt49kt2rr0vthywaa50xwsqgkfsftjekwd5gtrpludsuaynmccg37mssm6hpt9
lineage__merge_count,1.0,-0.26957728969081496,0.6931471805599453,ckb1qzda0cr08m85hc8jlnfp3zer7xulejywt49kt2rr0vthywaa50xwsqgkfsftjekwd5gtrpludsuaynmccg37mssm6hpt9
scripts__type_family_count,0.0,-0.501218028601448,0.0,ckb1qzda0cr08m85hc8jlnfp3zer7xulejywt49kt2rr0vthywaa50xwsqgkfsftjekwd5gtrpludsuaynmccg37mssm6hpt9
scripts__unique_lock_script_count,4.0,-0.14553555730732698,1.6094379124341003,ckb1qzda0cr08m85hc8jlnfp3zer7xulejywt49kt2rr0vthywaa50xwsqgkfsftjekwd5gtrpludsuaynmccg37mssm6hpt9
scripts__unique_type_script_count,0.0,0.0,0.0,ckb1qzda0cr08m85hc8jlnfp3zer7xulejywt49kt2rr0vthywaa50xwsqgkfsftjekwd5gtrpludsuaynmccg37mssm6hpt9
capacity__capacity_repeat_ratio,1.0,0.9020803841920981,1.0,ckb1qzda0cr08m85hc8jlnfp3zer7xulejywt49kt2rr0vthywaa50xwsqgkfv8pzr5d26zcapqrd58ksc65w0qv8qqqp6xtc
capacity__target_consumed_capacity,2910329988221021.0,1.0888812386734863,35.60704286767911,ckb1qzda0cr08m85hc8jlnfp3zer7xulejywt49kt2rr0vthywaa50xwsqgkfv8pzr5d26zcapqrd58ksc65w0qv8qqqp6xtc
capacity__target_net_capacity_delta,0.0,0.0,0.0,ckb1qzda0cr08m85hc8jlnfp3zer7xulejywt49kt2rr0vthywaa50xwsqgkfv8pzr5d26zcapqrd58ksc65w0qv8qqqp6xtc
lineage__continuation_count,0.0,0.0,0.0,ckb1qzda0cr08m85hc8jlnfp3zer7xulejywt49kt2rr0vthywaa50xwsqgkfv8pzr5d26zcapqrd58ksc65w0qv8qqqp6xtc
lineage__lineage_depth,2.0,0.0,1.0986122886681098,ckb1qzda0cr08m85hc8jlnfp3zer7xulejywt49kt2rr0vthywaa50xwsqgkfv8pzr5d26zcapqrd58ksc65w0qv8qqqp6xtc
lineage__lineage_repetition,0.9166666666666666,0.84806518314801,0.9166666666666666,ckb1qzda0cr08m85hc8jlnfp3zer7xulejywt49kt2rr0vthywaa50xwsqgkfv8pzr5d26zcapqrd58ksc65w0qv8qqqp6xtc
lineage__merge_count,4.0,0.3396272192247922,1.6094379124341003,ckb1qzda0cr08m85hc8jlnfp3zer7xulejywt49kt2rr0vthywaa50xwsqgkfv8pzr5d26zcapqrd58ksc65w0qv8qqqp6xtc
scripts__type_family_count,0.0,-0.501218028601448,0.0,ckb1qzda0cr08m85hc8jlnfp3zer7xulejywt49kt2rr0vthywaa50xwsqgkfv8pzr5d26zcapqrd58ksc65w0qv8qqqp6xtc
scripts__unique_lock_script_count,3.0,-0.3236566839097652,1.3862943611198906,ckb1qzda0cr08m85hc8jlnfp3zer7xulejywt49kt2rr0vthywaa50xwsqgkfv8pzr5d26zcapqrd58ksc65w0qv8qqqp6xtc
scripts__unique_type_script_count,0.0,0.0,0.0,ckb1qzda0cr08m85hc8jlnfp3zer7xulejywt49kt2rr0vthywaa50xwsqgkfv8pzr5d26zcapqrd58ksc65w0qv8qqqp6xtc
capacity__capacity_repeat_ratio,1.0,0.9020803841920981,1.0,ckb1qzda0cr08m85hc8jlnfp3zer7xulejywt49kt2rr0vthywaa50xwsqgl8p3tyd357ap33wygmdxur9xj2pft5dc5q6uz7
capacity__target_consumed_capacity,97899000000.0,-0.3960611038292079,25.307202171936325,ckb1qzda0cr08m85hc8jlnfp3zer7xulejywt49kt2rr0vthywaa50xwsqgl8p3tyd357ap33wygmdxur9xj2pft5dc5q6uz7
capacity__target_net_capacity_delta,-12200000000.0,-0.48735273058259304,-23.22470178876759,ckb1qzda0cr08m85hc8jlnfp3zer7xulejywt49kt2rr0vthywaa50xwsqgl8p3tyd357ap33wygmdxur9xj2pft5dc5q6uz7
lineage__continuation_count,0.0,0.0,0.0,ckb1qzda0cr08m85hc8jlnfp3zer7xulejywt49kt2rr0vthywaa50xwsqgl8p3tyd357ap33wygmdxur9xj2pft5dc5q6uz7
lineage__lineage_depth,2.0,0.0,1.0986122886681098,ckb1qzda0cr08m85hc8jlnfp3zer7xulejywt49kt2rr0vthywaa50xwsqgl8p3tyd357ap33wygmdxur9xj2pft5dc5q6uz7
lineage__lineage_repetition,0.0,-1.128899193514562,0.0,ckb1qzda0cr08m85hc8jlnfp3zer7xulejywt49kt2rr0vthywaa50xwsqgl8p3tyd357ap33wygmdxur9xj2pft5dc5q6uz7
lineage__merge_count,2.0,0.0,1.0986122886681098,ckb1qzda0cr08m85hc8jlnfp3zer7xulejywt49kt2rr0vthywaa50xwsqgl8p3tyd357ap33wygmdxur9xj2pft5dc5q6uz7
scripts__type_family_count,0.0,-0.501218028601448,0.0,ckb1qzda0cr08m85hc8jlnfp3zer7xulejywt49kt2rr0vthywaa50xwsqgl8p3tyd357ap33wygmdxur9xj2pft5dc5q6uz7
scripts__unique_lock_script_count,3.0,-0.3236566839097652,1.3862943611198906,ckb1qzda0cr08m85hc8jlnfp3zer7xulejywt49kt2rr0vthywaa50xwsqgl8p3tyd357ap33wygmdxur9xj2pft5dc5q6uz7
scripts__unique_type_script_count,0.0,0.0,0.0,ckb1qzda0cr08m85hc8jlnfp3zer7xulejywt49kt2rr0vthywaa50xwsqgl8p3tyd357ap33wygmdxur9xj2pft5dc5q6uz7
capacity__capacity_repeat_ratio,1.0,0.9020803841920981,1.0,ckb1qzda0cr08m85hc8jlnfp3zer7xulejywt49kt2rr0vthywaa50xwsqglrz80pqlcstnc89aw4dwr2av8spdc98sk7k0rz
capacity__target_consumed_capacity,30000000000000.0,0.42932245351039855,31.032218497590737,ckb1qzda0cr08m85hc8jlnfp3zer7xulejywt49kt2rr0vthywaa50xwsqglrz80pqlcstnc89aw4dwr2av8spdc98sk7k0rz
capacity__target_net_capacity_delta,0.0,0.0,0.0,ckb1qzda0cr08m85hc8jlnfp3zer7xulejywt49kt2rr0vthywaa50xwsqglrz80pqlcstnc89aw4dwr2av8spdc98sk7k0rz
lineage__continuation_count,0.0,0.0,0.0,ckb1qzda0cr08m85hc8jlnfp3zer7xulejywt49kt2rr0vthywaa50xwsqglrz80pqlcstnc89aw4dwr2av8spdc98sk7k0rz
lineage__lineage_depth,2.0,0.0,1.0986122886681098,ckb1qzda0cr08m85hc8jlnfp3zer7xulejywt49kt2rr0vthywaa50xwsqglrz80pqlcstnc89aw4dwr2av8spdc98sk7k0rz
lineage__lineage_repetition,1.0,1.027789217390062,1.0,ckb1qzda0cr08m85hc8jlnfp3zer7xulejywt49kt2rr0vthywaa50xwsqglrz80pqlcstnc89aw4dwr2av8spdc98sk7k0rz
lineage__merge_count,2.0,0.0,1.0986122886681098,ckb1qzda0cr08m85hc8jlnfp3zer7xulejywt49kt2rr0vthywaa50xwsqglrz80pqlcstnc89aw4dwr2av8spdc98sk7k0rz
scripts__type_family_count,0.0,-0.501218028601448,0.0,ckb1qzda0cr08m85hc8jlnfp3zer7xulejywt49kt2rr0vthywaa50xwsqglrz80pqlcstnc89aw4dwr2av8spdc98sk7k0rz
scripts__unique_lock_script_count,5.0,0.0,1.791759469228055,ckb1qzda0cr08m85hc8jlnfp3zer7xulejywt49kt2rr0vthywaa50xwsqglrz80pqlcstnc89aw4dwr2av8spdc98sk7k0rz
scripts__unique_type_script_count,0.0,0.0,0.0,ckb1qzda0cr08m85hc8jlnfp3zer7xulejywt49kt2rr0vthywaa50xwsqglrz80pqlcstnc89aw4dwr2av8spdc98sk7k0rz
capacity__capacity_repeat_ratio,0.0,-1.3489727248167438,0.0,ckb1qzda0cr08m85hc8jlnfp3zer7xulejywt49kt2rr0vthywaa50xwsqgmjsf5sg7y340mh52tdh8z4p4v2yryk6ggzyu8m
capacity__target_consumed_capacity,0.0,-4.044635599832544,0.0,ckb1qzda0cr08m85hc8jlnfp3zer7xulejywt49kt2rr0vthywaa50xwsqgmjsf5sg7y340mh52tdh8z4p4v2yryk6ggzyu8m
capacity__target_net_capacity_delta,3408734383871.0,0.6055498317512822,28.857362189906716,ckb1qzda0cr08m85hc8jlnfp3zer7xulejywt49kt2rr0vthywaa50xwsqgmjsf5sg7y340mh52tdh8z4p4v2yryk6ggzyu8m
lineage__continuation_count,0.0,0.0,0.0,ckb1qzda0cr08m85hc8jlnfp3zer7xulejywt49kt2rr0vthywaa50xwsqgmjsf5sg7y340mh52tdh8z4p4v2yryk6ggzyu8m
lineage__lineage_depth,1.0,-1.0,0.6931471805599453,ckb1qzda0cr08m85hc8jlnfp3zer7xulejywt49kt2rr0vthywaa50xwsqgmjsf5sg7y340mh52tdh8z4p4v2yryk6ggzyu8m
lineage__lineage_repetition,0.0,-1.128899193514562,0.0,ckb1qzda0cr08m85hc8jlnfp3zer7xulejywt49kt2rr0vthywaa50xwsqgmjsf5sg7y340mh52tdh8z4p4v2yryk6ggzyu8m
lineage__merge_count,0.0,-0.7304227103091852,0.0,ckb1qzda0cr08m85hc8jlnfp3zer7xulejywt49kt2rr0vthywaa50xwsqgmjsf5sg7y340mh52tdh8z4p4v2yryk6ggzyu8m
scripts__type_family_count,0.0,-0.501218028601448,0.0,ckb1qzda0cr08m85hc8jlnfp3zer7xulejywt49kt2rr0vthywaa50xwsqgmjsf5sg7y340mh52tdh8z4p4v2yryk6ggzyu8m
scripts__unique_lock_script_count,3.0,-0.3236566839097652,1.3862943611198906,ckb1qzda0cr08m85hc8jlnfp3zer7xulejywt49kt2rr0vthywaa50xwsqgmjsf5sg7y340mh52tdh8z4p4v2yryk6ggzyu8m
scripts__unique_type_script_count,0.0,0.0,0.0,ckb1qzda0cr08m85hc8jlnfp3zer7xulejywt49kt2rr0vthywaa50xwsqgmjsf5sg7y340mh52tdh8z4p4v2yryk6ggzyu8m
capacity__capacity_repeat_ratio,1.0,0.9020803841920981,1.0,ckb1qzda0cr08m85hc8jlnfp3zer7xulejywt49kt2rr0vthywaa50xwsqgnhsvcls3zfj0jggg74nej0hxwmtzjjvcu09935
capacity__target_consumed_capacity,214870164406.0,-0.2827283172293298,26.093299796182123,ckb1qzda0cr08m85hc8jlnfp3zer7xulejywt49kt2rr0vthywaa50xwsqgnhsvcls3zfj0jggg74nej0hxwmtzjjvcu09935
capacity__target_net_capacity_delta,0.0,0.0,0.0,ckb1qzda0cr08m85hc8jlnfp3zer7xulejywt49kt2rr0vthywaa50xwsqgnhsvcls3zfj0jggg74nej0hxwmtzjjvcu09935
lineage__continuation_count,0.0,0.0,0.0,ckb1qzda0cr08m85hc8jlnfp3zer7xulejywt49kt2rr0vthywaa50xwsqgnhsvcls3zfj0jggg74nej0hxwmtzjjvcu09935
lineage__lineage_depth,2.0,0.0,1.0986122886681098,ckb1qzda0cr08m85hc8jlnfp3zer7xulejywt49kt2rr0vthywaa50xwsqgnhsvcls3zfj0jggg74nej0hxwmtzjjvcu09935
lineage__lineage_repetition,0.875,0.7582031660269841,0.875,ckb1qzda0cr08m85hc8jlnfp3zer7xulejywt49kt2rr0vthywaa50xwsqgnhsvcls3zfj0jggg74nej0hxwmtzjjvcu09935
lineage__merge_count,3.0,0.1912681309275552,1.3862943611198906,ckb1qzda0cr08m85hc8jlnfp3zer7xulejywt49kt2rr0vthywaa50xwsqgnhsvcls3zfj0jggg74nej0hxwmtzjjvcu09935
scripts__type_family_count,0.0,-0.501218028601448,0.0,ckb1qzda0cr08m85hc8jlnfp3zer7xulejywt49kt2rr0vthywaa50xwsqgnhsvcls3zfj0jggg74nej0hxwmtzjjvcu09935
scripts__unique_lock_script_count,13.0,0.6763433160902348,2.6390573296152584,ckb1qzda0cr08m85hc8jlnfp3zer7xulejywt49kt2rr0vthywaa50xwsqgnhsvcls3zfj0jggg74nej0hxwmtzjjvcu09935
scripts__unique_type_script_count,0.0,0.0,0.0,ckb1qzda0cr08m85hc8jlnfp3zer7xulejywt49kt2rr0vthywaa50xwsqgnhsvcls3zfj0jggg74nej0hxwmtzjjvcu09935
capacity__capacity_repeat_ratio,0.9787234042553191,0.85418563719191,0.9787234042553191,ckb1qzda0cr08m85hc8jlnfp3zer7xulejywt49kt2rr0vthywaa50xwsqgq74prpeqz7rlncvqz0j2gn4jxsg75ztggj7v7a
capacity__target_consumed_capacity,9913864247275.0,0.2696867832409289,29.924955322400702,ckb1qzda0cr08m85hc8jlnfp3zer7xulejywt49kt2rr0vthywaa50xwsqgq74prpeqz7rlncvqz0j2gn4jxsg75ztggj7v7a
capacity__target_net_capacity_delta,508398746266.0,0.5656203833099657,26.954531910222084,ckb1qzda0cr08m85hc8jlnfp3zer7xulejywt49kt2rr0vthywaa50xwsqgq74prpeqz7rlncvqz0j2gn4jxsg75ztggj7v7a
lineage__continuation_count,0.0,0.0,0.0,ckb1qzda0cr08m85hc8jlnfp3zer7xulejywt49kt2rr0vthywaa50xwsqgq74prpeqz7rlncvqz0j2gn4jxsg75ztggj7v7a
lineage__lineage_depth,2.0,0.0,1.0986122886681098,ckb1qzda0cr08m85hc8jlnfp3zer7xulejywt49kt2rr0vthywaa50xwsqgq74prpeqz7rlncvqz0j2gn4jxsg75ztggj7v7a
lineage__lineage_repetition,0.9555555555555556,0.9319363991276345,0.9555555555555556,ckb1qzda0cr08m85hc8jlnfp3zer7xulejywt49kt2rr0vthywaa50xwsqgq74prpeqz7rlncvqz0j2gn4jxsg75ztggj7v7a
lineage__merge_count,45.0,1.8150855226415363,3.828641396489095,ckb1qzda0cr08m85hc8jlnfp3zer7xulejywt49kt2rr0vthywaa50xwsqgq74prpeqz7rlncvqz0j2gn4jxsg75ztggj7v7a
scripts__type_family_count,0.0,-0.501218028601448,0.0,ckb1qzda0cr08m85hc8jlnfp3zer7xulejywt49kt2rr0vthywaa50xwsqgq74prpeqz7rlncvqz0j2gn4jxsg75ztggj7v7a
scripts__unique_lock_script_count,24.0,1.1391750806253358,3.2188758248682006,ckb1qzda0cr08m85hc8jlnfp3zer7xulejywt49kt2rr0vthywaa50xwsqgq74prpeqz7rlncvqz0j2gn4jxsg75ztggj7v7a
scripts__unique_type_script_count,0.0,0.0,0.0,ckb1qzda0cr08m85hc8jlnfp3zer7xulejywt49kt2rr0vthywaa50xwsqgq74prpeqz7rlncvqz0j2gn4jxsg75ztggj7v7a
capacity__capacity_repeat_ratio,0.5714285714285714,-0.06265666252597707,0.5714285714285714,ckb1qzda0cr08m85hc8jlnfp3zer7xulejywt49kt2rr0vthywaa50xwsqgtjqt05crwkdrdnqjvvlckq8yy907z3xq8nhw6d
capacity__target_consumed_capacity,5426084790453.0,0.1827923274597214,29.32223895673947,ckb1qzda0cr08m85hc8jlnfp3zer7xulejywt49kt2rr0vthywaa50xwsqgtjqt05crwkdrdnqjvvlckq8yy907z3xq8nhw6d
capacity__target_net_capacity_delta,5412342626668.0,0.6152517053465618,29.319703132930332,ckb1qzda0cr08m85hc8jlnfp3zer7xulejywt49kt2rr0vthywaa50xwsqgtjqt05crwkdrdnqjvvlckq8yy907z3xq8nhw6d
lineage__continuation_count,1.0,1.0,0.6931471805599453,ckb1qzda0cr08m85hc8jlnfp3zer7xulejywt49kt2rr0vthywaa50xwsqgtjqt05crwkdrdnqjvvlckq8yy907z3xq8nhw6d
lineage__lineage_depth,2.0,0.0,1.0986122886681098,ckb1qzda0cr08m85hc8jlnfp3zer7xulejywt49kt2rr0vthywaa50xwsqgtjqt05crwkdrdnqjvvlckq8yy907z3xq8nhw6d
lineage__lineage_repetition,0.6666666666666666,0.3088930804218539,0.6666666666666666,ckb1qzda0cr08m85hc8jlnfp3zer7xulejywt49kt2rr0vthywaa50xwsqgtjqt05crwkdrdnqjvvlckq8yy907z3xq8nhw6d
lineage__merge_count,1.0,-0.26957728969081496,0.6931471805599453,ckb1qzda0cr08m85hc8jlnfp3zer7xulejywt49kt2rr0vthywaa50xwsqgtjqt05crwkdrdnqjvvlckq8yy907z3xq8nhw6d
scripts__type_family_count,1.0,1.9951397255009098,0.6931471805599453,ckb1qzda0cr08m85hc8jlnfp3zer7xulejywt49kt2rr0vthywaa50xwsqgtjqt05crwkdrdnqjvvlckq8yy907z3xq8nhw6d
scripts__unique_lock_script_count,2.0,-0.5532947556651122,1.0986122886681098,ckb1qzda0cr08m85hc8jlnfp3zer7xulejywt49kt2rr0vthywaa50xwsqgtjqt05crwkdrdnqjvvlckq8yy907z3xq8nhw6d
scripts__unique_type_script_count,1.0,1.0,0.6931471805599453,ckb1qzda0cr08m85hc8jlnfp3zer7xulejywt49kt2rr0vthywaa50xwsqgtjqt05crwkdrdnqjvvlckq8yy907z3xq8nhw6d
capacity__capacity_repeat_ratio,1.0,0.9020803841920981,1.0,ckb1qzda0cr08m85hc8jlnfp3zer7xulejywt49kt2rr0vthywaa50xwsqgulzg2h44865y9svyw7s5390npefh3x9qrr8hc9
capacity__target_consumed_capacity,1138158098569671.0,0.9535251772662692,34.66818764765229,ckb1qzda0cr08m85hc8jlnfp3zer7xulejywt49kt2rr0vthywaa50xwsqgulzg2h44865y9svyw7s5390npefh3x9qrr8hc9
capacity__target_net_capacity_delta,0.0,0.0,0.0,ckb1qzda0cr08m85hc8jlnfp3zer7xulejywt49kt2rr0vthywaa50xwsqgulzg2h44865y9svyw7s5390npefh3x9qrr8hc9
lineage__continuation_count,0.0,0.0,0.0,ckb1qzda0cr08m85hc8jlnfp3zer7xulejywt49kt2rr0vthywaa50xwsqgulzg2h44865y9svyw7s5390npefh3x9qrr8hc9
lineage__lineage_depth,2.0,0.0,1.0986122886681098,ckb1qzda0cr08m85hc8jlnfp3zer7xulejywt49kt2rr0vthywaa50xwsqgulzg2h44865y9svyw7s5390npefh3x9qrr8hc9
lineage__lineage_repetition,0.8888888888888888,0.7881571717339927,0.8888888888888888,ckb1qzda0cr08m85hc8jlnfp3zer7xulejywt49kt2rr0vthywaa50xwsqgulzg2h44865y9svyw7s5390npefh3x9qrr8hc9
lineage__merge_count,4.0,0.3396272192247922,1.6094379124341003,ckb1qzda0cr08m85hc8jlnfp3zer7xulejywt49kt2rr0vthywaa50xwsqgulzg2h44865y9svyw7s5390npefh3x9qrr8hc9
scripts__type_family_count,0.0,-0.501218028601448,0.0,ckb1qzda0cr08m85hc8jlnfp3zer7xulejywt49kt2rr0vthywaa50xwsqgulzg2h44865y9svyw7s5390npefh3x9qrr8hc9
scripts__unique_lock_script_count,3.0,-0.3236566839097652,1.3862943611198906,ckb1qzda0cr08m85hc8jlnfp3zer7xulejywt49kt2rr0vthywaa50xwsqgulzg2h44865y9svyw7s5390npefh3x9qrr8hc9
scripts__unique_type_script_count,0.0,0.0,0.0,ckb1qzda0cr08m85hc8jlnfp3zer7xulejywt49kt2rr0vthywaa50xwsqgulzg2h44865y9svyw7s5390npefh3x9qrr8hc9
capacity__capacity_repeat_ratio,0.0,-1.3489727248167438,0.0,ckb1qzda0cr08m85hc8jlnfp3zer7xulejywt49kt2rr0vthywaa50xwsqgvf6u2sgx8ud45x9dy6gqwl2rx5625w8g52tt66
capacity__target_consumed_capacity,492870280115.0,-0.16303549161696157,26.923511852869083,ckb1qzda0cr08m85hc8jlnfp3zer7xulejywt49kt2rr0vthywaa50xwsqgvf6u2sgx8ud45x9dy6gqwl2rx5625w8g52tt66
capacity__target_net_capacity_delta,-492870280115.0,-0.5649694509625318,-26.923511852869083,ckb1qzda0cr08m85hc8jlnfp3zer7xulejywt49kt2rr0vthywaa50xwsqgvf6u2sgx8ud45x9dy6gqwl2rx5625w8g52tt66
lineage__continuation_count,0.0,0.0,0.0,ckb1qzda0cr08m85hc8jlnfp3zer7xulejywt49kt2rr0vthywaa50xwsqgvf6u2sgx8ud45x9dy6gqwl2rx5625w8g52tt66
lineage__lineage_depth,2.0,0.0,1.0986122886681098,ckb1qzda0cr08m85hc8jlnfp3zer7xulejywt49kt2rr0vthywaa50xwsqgvf6u2sgx8ud45x9dy6gqwl2rx5625w8g52tt66
lineage__lineage_repetition,0.9333333333333333,0.8840099899964206,0.9333333333333333,ckb1qzda0cr08m85hc8jlnfp3zer7xulejywt49kt2rr0vthywaa50xwsqgvf6u2sgx8ud45x9dy6gqwl2rx5625w8g52tt66
lineage__merge_count,15.0,1.1129589721642954,2.772588722239781,ckb1qzda0cr08m85hc8jlnfp3zer7xulejywt49kt2rr0vthywaa50xwsqgvf6u2sgx8ud45x9dy6gqwl2rx5625w8g52tt66
scripts__type_family_count,0.0,-0.501218028601448,0.0,ckb1qzda0cr08m85hc8jlnfp3zer7xulejywt49kt2rr0vthywaa50xwsqgvf6u2sgx8ud45x9dy6gqwl2rx5625w8g52tt66
scripts__unique_lock_script_count,58.0,1.8245893534217414,4.07753744390572,ckb1qzda0cr08m85hc8jlnfp3zer7xulejywt49kt2rr0vthywaa50xwsqgvf6u2sgx8ud45x9dy6gqwl2rx5625w8g52tt66
scripts__unique_type_script_count,0.0,0.0,0.0,ckb1qzda0cr08m85hc8jlnfp3zer7xulejywt49kt2rr0vthywaa50xwsqgvf6u2sgx8ud45x9dy6gqwl2rx5625w8g52tt66
capacity__capacity_repeat_ratio,1.0,0.9020803841920981,1.0,ckb1qzda0cr08m85hc8jlnfp3zer7xulejywt49kt2rr0vthywaa50xwsqgvhdamaryxwum3rdm2pfpm2vzlmt3e0uq0cll7q
capacity__target_consumed_capacity,4507000000000.0,0.15603612200881936,29.13665285963728,ckb1qzda0cr08m85hc8jlnfp3zer7xulejywt49kt2rr0vthywaa50xwsqgvhdamaryxwum3rdm2pfpm2vzlmt3e0uq0cll7q
capacity__target_net_capacity_delta,0.0,0.0,0.0,ckb1qzda0cr08m85hc8jlnfp3zer7xulejywt49kt2rr0vthywaa50xwsqgvhdamaryxwum3rdm2pfpm2vzlmt3e0uq0cll7q
lineage__continuation_count,0.0,0.0,0.0,ckb1qzda0cr08m85hc8jlnfp3zer7xulejywt49kt2rr0vthywaa50xwsqgvhdamaryxwum3rdm2pfpm2vzlmt3e0uq0cll7q
lineage__lineage_depth,2.0,0.0,1.0986122886681098,ckb1qzda0cr08m85hc8jlnfp3zer7xulejywt49kt2rr0vthywaa50xwsqgvhdamaryxwum3rdm2pfpm2vzlmt3e0uq0cll7q
lineage__lineage_repetition,0.0,-1.128899193514562,0.0,ckb1qzda0cr08m85hc8jlnfp3zer7xulejywt49kt2rr0vthywaa50xwsqgvhdamaryxwum3rdm2pfpm2vzlmt3e0uq0cll7q
lineage__merge_count,1.0,-0.26957728969081496,0.6931471805599453,ckb1qzda0cr08m85hc8jlnfp3zer7xulejywt49kt2rr0vthywaa50xwsqgvhdamaryxwum3rdm2pfpm2vzlmt3e0uq0cll7q
scripts__type_family_count,0.0,-0.501218028601448,0.0,ckb1qzda0cr08m85hc8jlnfp3zer7xulejywt49kt2rr0vthywaa50xwsqgvhdamaryxwum3rdm2pfpm2vzlmt3e0uq0cll7q
scripts__unique_lock_script_count,3.0,-0.3236566839097652,1.3862943611198906,ckb1qzda0cr08m85hc8jlnfp3zer7xulejywt49kt2rr0vthywaa50xwsqgvhdamaryxwum3rdm2pfpm2vzlmt3e0uq0cll7q
scripts__unique_type_script_count,0.0,0.0,0.0,ckb1qzda0cr08m85hc8jlnfp3zer7xulejywt49kt2rr0vthywaa50xwsqgvhdamaryxwum3rdm2pfpm2vzlmt3e0uq0cll7q
capacity__capacity_repeat_ratio,1.0,0.9020803841920981,1.0,ckb1qzda0cr08m85hc8jlnfp3zer7xulejywt49kt2rr0vthywaa50xwsqgvmsa3c3ecl7edwqjvezvjcrwqs3ypy0gdesfvg
capacity__target_consumed_capacity,215688168703394.0,0.713720172247267,33.00485481711645,ckb1qzda0cr08m85hc8jlnfp3zer7xulejywt49kt2rr0vthywaa50xwsqgvmsa3c3ecl7edwqjvezvjcrwqs3ypy0gdesfvg
capacity__target_net_capacity_delta,0.0,0.0,0.0,ckb1qzda0cr08m85hc8jlnfp3zer7xulejywt49kt2rr0vthywaa50xwsqgvmsa3c3ecl7edwqjvezvjcrwqs3ypy0gdesfvg
lineage__continuation_count,0.0,0.0,0.0,ckb1qzda0cr08m85hc8jlnfp3zer7xulejywt49kt2rr0vthywaa50xwsqgvmsa3c3ecl7edwqjvezvjcrwqs3ypy0gdesfvg
lineage__lineage_depth,2.0,0.0,1.0986122886681098,ckb1qzda0cr08m85hc8jlnfp3zer7xulejywt49kt2rr0vthywaa50xwsqgvmsa3c3ecl7edwqjvezvjcrwqs3ypy0gdesfvg
lineage__lineage_repetition,0.5,-0.05055498806225001,0.5,ckb1qzda0cr08m85hc8jlnfp3zer7xulejywt49kt2rr0vthywaa50xwsqgvmsa3c3ecl7edwqjvezvjcrwqs3ypy0gdesfvg
lineage__merge_count,2.0,0.0,1.0986122886681098,ckb1qzda0cr08m85hc8jlnfp3zer7xulejywt49kt2rr0vthywaa50xwsqgvmsa3c3ecl7edwqjvezvjcrwqs3ypy0gdesfvg
scripts__type_family_count,0.0,-0.501218028601448,0.0,ckb1qzda0cr08m85hc8jlnfp3zer7xulejywt49kt2rr0vthywaa50xwsqgvmsa3c3ecl7edwqjvezvjcrwqs3ypy0gdesfvg
scripts__unique_lock_script_count,3.0,-0.3236566839097652,1.3862943611198906,ckb1qzda0cr08m85hc8jlnfp3zer7xulejywt49kt2rr0vthywaa50xwsqgvmsa3c3ecl7edwqjvezvjcrwqs3ypy0gdesfvg
scripts__unique_type_script_count,0.0,0.0,0.0,ckb1qzda0cr08m85hc8jlnfp3zer7xulejywt49kt2rr0vthywaa50xwsqgvmsa3c3ecl7edwqjvezvjcrwqs3ypy0gdesfvg
capacity__capacity_repeat_ratio,1.0,0.9020803841920981,1.0,ckb1qzda0cr08m85hc8jlnfp3zer7xulejywt49kt2rr0vthywaa50xwsqgvqj4l72jsc6mve69s24ggznk7vf09dpsgdszvp
capacity__target_consumed_capacity,845030858547911.0,0.9105918910812287,34.370394261610535,ckb1qzda0cr08m85hc8jlnfp3zer7xulejywt49kt2rr0vthywaa50xwsqgvqj4l72jsc6mve69s24ggznk7vf09dpsgdszvp
capacity__target_net_capacity_delta,0.0,0.0,0.0,ckb1qzda0cr08m85hc8jlnfp3zer7xulejywt49kt2rr0vthywaa50xwsqgvqj4l72jsc6mve69s24ggznk7vf09dpsgdszvp
lineage__continuation_count,0.0,0.0,0.0,ckb1qzda0cr08m85hc8jlnfp3zer7xulejywt49kt2rr0vthywaa50xwsqgvqj4l72jsc6mve69s24ggznk7vf09dpsgdszvp
lineage__lineage_depth,2.0,0.0,1.0986122886681098,ckb1qzda0cr08m85hc8jlnfp3zer7xulejywt49kt2rr0vthywaa50xwsqgvqj4l72jsc6mve69s24ggznk7vf09dpsgdszvp
lineage__lineage_repetition,0.0,-1.128899193514562,0.0,ckb1qzda0cr08m85hc8jlnfp3zer7xulejywt49kt2rr0vthywaa50xwsqgvqj4l72jsc6mve69s24ggznk7vf09dpsgdszvp
lineage__merge_count,1.0,-0.26957728969081496,0.6931471805599453,ckb1qzda0cr08m85hc8jlnfp3zer7xulejywt49kt2rr0vthywaa50xwsqgvqj4l72jsc6mve69s24ggznk7vf09dpsgdszvp
scripts__type_family_count,0.0,-0.501218028601448,0.0,ckb1qzda0cr08m85hc8jlnfp3zer7xulejywt49kt2rr0vthywaa50xwsqgvqj4l72jsc6mve69s24ggznk7vf09dpsgdszvp
scripts__unique_lock_script_count,4.0,-0.14553555730732698,1.6094379124341003,ckb1qzda0cr08m85hc8jlnfp3zer7xulejywt49kt2rr0vthywaa50xwsqgvqj4l72jsc6mve69s24ggznk7vf09dpsgdszvp
scripts__unique_type_script_count,0.0,0.0,0.0,ckb1qzda0cr08m85hc8jlnfp3zer7xulejywt49kt2rr0vthywaa50xwsqgvqj4l72jsc6mve69s24ggznk7vf09dpsgdszvp
capacity__capacity_repeat_ratio,0.0,-1.3489727248167438,0.0,ckb1qzda0cr08m85hc8jlnfp3zer7xulejywt49kt2rr0vthywaa50xwsqgvs5gksmvyjy2jl746vvnnq5a7nuey9hsz2uudd
capacity__target_consumed_capacity,0.0,-4.044635599832544,0.0,ckb1qzda0cr08m85hc8jlnfp3zer7xulejywt49kt2rr0vthywaa50xwsqgvs5gksmvyjy2jl746vvnnq5a7nuey9hsz2uudd
capacity__target_net_capacity_delta,68928201168.0,0.5236896595832657,24.95633123701426,ckb1qzda0cr08m85hc8jlnfp3zer7xulejywt49kt2rr0vthywaa50xwsqgvs5gksmvyjy2jl746vvnnq5a7nuey9hsz2uudd
lineage__continuation_count,0.0,0.0,0.0,ckb1qzda0cr08m85hc8jlnfp3zer7xulejywt49kt2rr0vthywaa50xwsqgvs5gksmvyjy2jl746vvnnq5a7nuey9hsz2uudd
lineage__lineage_depth,1.0,-1.0,0.6931471805599453,ckb1qzda0cr08m85hc8jlnfp3zer7xulejywt49kt2rr0vthywaa50xwsqgvs5gksmvyjy2jl746vvnnq5a7nuey9hsz2uudd
lineage__lineage_repetition,0.0,-1.128899193514562,0.0,ckb1qzda0cr08m85hc8jlnfp3zer7xulejywt49kt2rr0vthywaa50xwsqgvs5gksmvyjy2jl746vvnnq5a7nuey9hsz2uudd
lineage__merge_count,1.0,-0.26957728969081496,0.6931471805599453,ckb1qzda0cr08m85hc8jlnfp3zer7xulejywt49kt2rr0vthywaa50xwsqgvs5gksmvyjy2jl746vvnnq5a7nuey9hsz2uudd
scripts__type_family_count,0.0,-0.501218028601448,0.0,ckb1qzda0cr08m85hc8jlnfp3zer7xulejywt49kt2rr0vthywaa50xwsqgvs5gksmvyjy2jl746vvnnq5a7nuey9hsz2uudd
scripts__unique_lock_script_count,2.0,-0.5532947556651122,1.0986122886681098,ckb1qzda0cr08m85hc8jlnfp3zer7xulejywt49kt2rr0vthywaa50xwsqgvs5gksmvyjy2jl746vvnnq5a7nuey9hsz2uudd
scripts__unique_type_script_count,0.0,0.0,0.0,ckb1qzda0cr08m85hc8jlnfp3zer7xulejywt49kt2rr0vthywaa50xwsqgvs5gksmvyjy2jl746vvnnq5a7nuey9hsz2uudd
capacity__capacity_repeat_ratio,0.35294117647058826,-0.5544833922253878,0.35294117647058826,ckb1qzda0cr08m85hc8jlnfp3zer7xulejywt49kt2rr0vthywaa50xwsqgw7a8wtdmg4er900svtg4vqn27upcpq4cnd4g7v
capacity__target_consumed_capacity,18702929066782.0,0.3611989872108727,30.5597012621105,ckb1qzda0cr08m85hc8jlnfp3zer7xulejywt49kt2rr0vthywaa50xwsqgw7a8wtdmg4er900svtg4vqn27upcpq4cnd4g7v
capacity__target_net_capacity_delta,59585023427516.0,0.6655870700180252,31.71842537364934,ckb1qzda0cr08m85hc8jlnfp3zer7xulejywt49kt2rr0vthywaa50xwsqgw7a8wtdmg4er900svtg4vqn27upcpq4cnd4g7v
lineage__continuation_count,0.0,0.0,0.0,ckb1qzda0cr08m85hc8jlnfp3zer7xulejywt49kt2rr0vthywaa50xwsqgw7a8wtdmg4er900svtg4vqn27upcpq4cnd4g7v
lineage__lineage_depth,2.0,0.0,1.0986122886681098,ckb1qzda0cr08m85hc8jlnfp3zer7xulejywt49kt2rr0vthywaa50xwsqgw7a8wtdmg4er900svtg4vqn27upcpq4cnd4g7v
lineage__lineage_repetition,1.0,1.027789217390062,1.0,ckb1qzda0cr08m85hc8jlnfp3zer7xulejywt49kt2rr0vthywaa50xwsqgw7a8wtdmg4er900svtg4vqn27upcpq4cnd4g7v
lineage__merge_count,52.0,1.9092632008425587,3.970291913552122,ckb1qzda0cr08m85hc8jlnfp3zer7xulejywt49kt2rr0vthywaa50xwsqgw7a8wtdmg4er900svtg4vqn27upcpq4cnd4g7v
scripts__type_family_count,0.0,-0.501218028601448,0.0,ckb1qzda0cr08m85hc8jlnfp3zer7xulejywt49kt2rr0vthywaa50xwsqgw7a8wtdmg4er900svtg4vqn27upcpq4cnd4g7v
scripts__unique_lock_script_count,70.0,1.9723766346485814,4.2626798770413155,ckb1qzda0cr08m85hc8jlnfp3zer7xulejywt49kt2rr0vthywaa50xwsqgw7a8wtdmg4er900svtg4vqn27upcpq4cnd4g7v
scripts__unique_type_script_count,0.0,0.0,0.0,ckb1qzda0cr08m85hc8jlnfp3zer7xulejywt49kt2rr0vthywaa50xwsqgw7a8wtdmg4er900svtg4vqn27upcpq4cnd4g7v
capacity__capacity_repeat_ratio,0.0,-1.3489727248167438,0.0,ckb1qzda0cr08m85hc8jlnfp3zer7xulejywt49kt2rr0vthywaa50xwsqgwclc88er2n8s5d5cscywyshz8r3rwr9qla2lgd
capacity__target_consumed_capacity,0.0,-4.044635599832544,0.0,ckb1qzda0cr08m85hc8jlnfp3zer7xulejywt49kt2rr0vthywaa50xwsqgwclc88er2n8s5d5cscywyshz8r3rwr9qla2lgd
capacity__target_net_capacity_delta,7289142952052.0,0.6214987968175971,29.61740709016169,ckb1qzda0cr08m85hc8jlnfp3zer7xulejywt49kt2rr0vthywaa50xwsqgwclc88er2n8s5d5cscywyshz8r3rwr9qla2lgd
lineage__continuation_count,0.0,0.0,0.0,ckb1qzda0cr08m85hc8jlnfp3zer7xulejywt49kt2rr0vthywaa50xwsqgwclc88er2n8s5d5cscywyshz8r3rwr9qla2lgd
lineage__lineage_depth,1.0,-1.0,0.6931471805599453,ckb1qzda0cr08m85hc8jlnfp3zer7xulejywt49kt2rr0vthywaa50xwsqgwclc88er2n8s5d5cscywyshz8r3rwr9qla2lgd
lineage__lineage_repetition,0.0,-1.128899193514562,0.0,ckb1qzda0cr08m85hc8jlnfp3zer7xulejywt49kt2rr0vthywaa50xwsqgwclc88er2n8s5d5cscywyshz8r3rwr9qla2lgd
lineage__merge_count,0.0,-0.7304227103091852,0.0,ckb1qzda0cr08m85hc8jlnfp3zer7xulejywt49kt2rr0vthywaa50xwsqgwclc88er2n8s5d5cscywyshz8r3rwr9qla2lgd
scripts__type_family_count,0.0,-0.501218028601448,0.0,ckb1qzda0cr08m85hc8jlnfp3zer7xulejywt49kt2rr0vthywaa50xwsqgwclc88er2n8s5d5cscywyshz8r3rwr9qla2lgd
scripts__unique_lock_script_count,2.0,-0.5532947556651122,1.0986122886681098,ckb1qzda0cr08m85hc8jlnfp3zer7xulejywt49kt2rr0vthywaa50xwsqgwclc88er2n8s5d5cscywyshz8r3rwr9qla2lgd
scripts__unique_type_script_count,0.0,0.0,0.0,ckb1qzda0cr08m85hc8jlnfp3zer7xulejywt49kt2rr0vthywaa50xwsqgwclc88er2n8s5d5cscywyshz8r3rwr9qla2lgd
capacity__capacity_repeat_ratio,1.0,0.9020803841920981,1.0,ckb1qzda0cr08m85hc8jlnfp3zer7xulejywt49kt2rr0vthywaa50xwsqgwfecefxhhy7jtetnnf835cc6pc4hup2g3047fh
capacity__target_consumed_capacity,7827228257243694.0,1.2315160470451438,36.596384852109196,ckb1qzda0cr08m85hc8jlnfp3zer7xulejywt49kt2rr0vthywaa50xwsqgwfecefxhhy7jtetnnf835cc6pc4hup2g3047fh
capacity__target_net_capacity_delta,-3913614128621847.0,-0.7534021782121598,-35.90323767154925,ckb1qzda0cr08m85hc8jlnfp3zer7xulejywt49kt2rr0vthywaa50xwsqgwfecefxhhy7jtetnnf835cc6pc4hup2g3047fh
lineage__continuation_count,1.0,1.0,0.6931471805599453,ckb1qzda0cr08m85hc8jlnfp3zer7xulejywt49kt2rr0vthywaa50xwsqgwfecefxhhy7jtetnnf835cc6pc4hup2g3047fh
lineage__lineage_depth,2.0,0.0,1.0986122886681098,ckb1qzda0cr08m85hc8jlnfp3zer7xulejywt49kt2rr0vthywaa50xwsqgwfecefxhhy7jtetnnf835cc6pc4hup2g3047fh
lineage__lineage_repetition,0.0,-1.128899193514562,0.0,ckb1qzda0cr08m85hc8jlnfp3zer7xulejywt49kt2rr0vthywaa50xwsqgwfecefxhhy7jtetnnf835cc6pc4hup2g3047fh
lineage__merge_count,1.0,-0.26957728969081496,0.6931471805599453,ckb1qzda0cr08m85hc8jlnfp3zer7xulejywt49kt2rr0vthywaa50xwsqgwfecefxhhy7jtetnnf835cc6pc4hup2g3047fh
scripts__type_family_count,1.0,1.9951397255009098,0.6931471805599453,ckb1qzda0cr08m85hc8jlnfp3zer7xulejywt49kt2rr0vthywaa50xwsqgwfecefxhhy7jtetnnf835cc6pc4hup2g3047fh
scripts__unique_lock_script_count,4.0,-0.14553555730732698,1.6094379124341003,ckb1qzda0cr08m85hc8jlnfp3zer7xulejywt49kt2rr0vthywaa50xwsqgwfecefxhhy7jtetnnf835cc6pc4hup2g3047fh
scripts__unique_type_script_count,1.0,1.0,0.6931471805599453,ckb1qzda0cr08m85hc8jlnfp3zer7xulejywt49kt2rr0vthywaa50xwsqgwfecefxhhy7jtetnnf835cc6pc4hup2g3047fh
capacity__capacity_repeat_ratio,0.0,-1.3489727248167438,0.0,ckb1qzda0cr08m85hc8jlnfp3zer7xulejywt49kt2rr0vthywaa50xwsqgwum3jcpnajgd4teaa2zezc99pwfl3sug4xfx7f
capacity__target_consumed_capacity,0.0,-4.044635599832544,0.0,ckb1qzda0cr08m85hc8jlnfp3zer7xulejywt49kt2rr0vthywaa50xwsqgwum3jcpnajgd4teaa2zezc99pwfl3sug4xfx7f
capacity__target_net_capacity_delta,1071322035498.0,0.5812616719521498,27.699914548937393,ckb1qzda0cr08m85hc8jlnfp3zer7xulejywt49kt2rr0vthywaa50xwsqgwum3jcpnajgd4teaa2zezc99pwfl3sug4xfx7f
lineage__continuation_count,0.0,0.0,0.0,ckb1qzda0cr08m85hc8jlnfp3zer7xulejywt49kt2rr0vthywaa50xwsqgwum3jcpnajgd4teaa2zezc99pwfl3sug4xfx7f
lineage__lineage_depth,2.0,0.0,1.0986122886681098,ckb1qzda0cr08m85hc8jlnfp3zer7xulejywt49kt2rr0vthywaa50xwsqgwum3jcpnajgd4teaa2zezc99pwfl3sug4xfx7f
lineage__lineage_repetition,1.0,1.027789217390062,1.0,ckb1qzda0cr08m85hc8jlnfp3zer7xulejywt49kt2rr0vthywaa50xwsqgwum3jcpnajgd4teaa2zezc99pwfl3sug4xfx7f
lineage__merge_count,44.0,1.800472639843162,3.8066624897703196,ckb1qzda0cr08m85hc8jlnfp3zer7xulejywt49kt2rr0vthywaa50xwsqgwum3jcpnajgd4teaa2zezc99pwfl3sug4xfx7f
scripts__type_family_count,0.0,-0.501218028601448,0.0,ckb1qzda0cr08m85hc8jlnfp3zer7xulejywt49kt2rr0vthywaa50xwsqgwum3jcpnajgd4teaa2zezc99pwfl3sug4xfx7f
scripts__unique_lock_script_count,123.0,2.417474153162742,4.820281565605037,ckb1qzda0cr08m85hc8jlnfp3zer7xulejywt49kt2rr0vthywaa50xwsqgwum3jcpnajgd4teaa2zezc99pwfl3sug4xfx7f
scripts__unique_type_script_count,0.0,0.0,0.0,ckb1qzda0cr08m85hc8jlnfp3zer7xulejywt49kt2rr0vthywaa50xwsqgwum3jcpnajgd4teaa2zezc99pwfl3sug4xfx7f
capacity__capacity_repeat_ratio,1.0,0.9020803841920981,1.0,ckb1qzda0cr08m85hc8jlnfp3zer7xulejywt49kt2rr0vthywaa50xwsqgxe3ru50ecjjruz4tymv759ztsdff7lxq74umg9
capacity__target_consumed_capacity,30823760450757.0,0.43322783357361144,31.059306951705143,ckb1qzda0cr08m85hc8jlnfp3zer7xulejywt49kt2rr0vthywaa50xwsqgxe3ru50ecjjruz4tymv759ztsdff7lxq74umg9
capacity__target_net_capacity_delta,0.0,0.0,0.0,ckb1qzda0cr08m85hc8jlnfp3zer7xulejywt49kt2rr0vthywaa50xwsqgxe3ru50ecjjruz4tymv759ztsdff7lxq74umg9
lineage__continuation_count,0.0,0.0,0.0,ckb1qzda0cr08m85hc8jlnfp3zer7xulejywt49kt2rr0vthywaa50xwsqgxe3ru50ecjjruz4tymv759ztsdff7lxq74umg9
lineage__lineage_depth,2.0,0.0,1.0986122886681098,ckb1qzda0cr08m85hc8jlnfp3zer7xulejywt49kt2rr0vthywaa50xwsqgxe3ru50ecjjruz4tymv759ztsdff7lxq74umg9
lineage__lineage_repetition,0.0,-1.128899193514562,0.0,ckb1qzda0cr08m85hc8jlnfp3zer7xulejywt49kt2rr0vthywaa50xwsqgxe3ru50ecjjruz4tymv759ztsdff7lxq74umg9
lineage__merge_count,5.0,0.4608454206183701,1.791759469228055,ckb1qzda0cr08m85hc8jlnfp3zer7xulejywt49kt2rr0vthywaa50xwsqgxe3ru50ecjjruz4tymv759ztsdff7lxq74umg9
scripts__type_family_count,0.0,-0.501218028601448,0.0,ckb1qzda0cr08m85hc8jlnfp3zer7xulejywt49kt2rr0vthywaa50xwsqgxe3ru50ecjjruz4tymv759ztsdff7lxq74umg9
scripts__unique_lock_script_count,3.0,-0.3236566839097652,1.3862943611198906,ckb1qzda0cr08m85hc8jlnfp3zer7xulejywt49kt2rr0vthywaa50xwsqgxe3ru50ecjjruz4tymv759ztsdff7lxq74umg9
scripts__unique_type_script_count,0.0,0.0,0.0,ckb1qzda0cr08m85hc8jlnfp3zer7xulejywt49kt2rr0vthywaa50xwsqgxe3ru50ecjjruz4tymv759ztsdff7lxq74umg9
capacity__capacity_repeat_ratio,0.5,-0.22344617031232286,0.5,ckb1qzda0cr08m85hc8jlnfp3zer7xulejywt49kt2rr0vthywaa50xwsqgyc38gxchqxq76zu6enhvgp5mdsgv8e7gzp680x
capacity__target_consumed_capacity,173553255585835.0,0.682384636083478,32.787505616837905,ckb1qzda0cr08m85hc8jlnfp3zer7xulejywt49kt2rr0vthywaa50xwsqgyc38gxchqxq76zu6enhvgp5mdsgv8e7gzp680x
capacity__target_net_capacity_delta,718.0,0.13803142547257596,6.577861357721047,ckb1qzda0cr08m85hc8jlnfp3zer7xulejywt49kt2rr0vthywaa50xwsqgyc38gxchqxq76zu6enhvgp5mdsgv8e7gzp680x
lineage__continuation_count,1.0,1.0,0.6931471805599453,ckb1qzda0cr08m85hc8jlnfp3zer7xulejywt49kt2rr0vthywaa50xwsqgyc38gxchqxq76zu6enhvgp5mdsgv8e7gzp680x
lineage__lineage_depth,2.0,0.0,1.0986122886681098,ckb1qzda0cr08m85hc8jlnfp3zer7xulejywt49kt2rr0vthywaa50xwsqgyc38gxchqxq76zu6enhvgp5mdsgv8e7gzp680x
lineage__lineage_repetition,0.0,-1.128899193514562,0.0,ckb1qzda0cr08m85hc8jlnfp3zer7xulejywt49kt2rr0vthywaa50xwsqgyc38gxchqxq76zu6enhvgp5mdsgv8e7gzp680x
lineage__merge_count,1.0,-0.26957728969081496,0.6931471805599453,ckb1qzda0cr08m85hc8jlnfp3zer7xulejywt49kt2rr0vthywaa50xwsqgyc38gxchqxq76zu6enhvgp5mdsgv8e7gzp680x
scripts__type_family_count,0.0,-0.501218028601448,0.0,ckb1qzda0cr08m85hc8jlnfp3zer7xulejywt49kt2rr0vthywaa50xwsqgyc38gxchqxq76zu6enhvgp5mdsgv8e7gzp680x
scripts__unique_lock_script_count,3.0,-0.3236566839097652,1.3862943611198906,ckb1qzda0cr08m85hc8jlnfp3zer7xulejywt49kt2rr0vthywaa50xwsqgyc38gxchqxq76zu6enhvgp5mdsgv8e7gzp680x
scripts__unique_type_script_count,0.0,0.0,0.0,ckb1qzda0cr08m85hc8jlnfp3zer7xulejywt49kt2rr0vthywaa50xwsqgyc38gxchqxq76zu6enhvgp5mdsgv8e7gzp680x
capacity__capacity_repeat_ratio,0.21951219512195122,-0.8548391155221201,0.21951219512195122,ckb1qzda0cr08m85hc8jlnfp3zer7xulejywt49kt2rr0vthywaa50xwsqgygj0n7vv7vk6ejt4d23yp87v5fe5352sv3hvfw
capacity__target_consumed_capacity,3097934772910.0,0.10198683670408326,28.76175680312152,ckb1qzda0cr08m85hc8jlnfp3zer7xulejywt49kt2rr0vthywaa50xwsqgygj0n7vv7vk6ejt4d23yp87v5fe5352sv3hvfw
capacity__target_net_capacity_delta,22168818991650.0,0.644839583968816,30.729707867576316,ckb1qzda0cr08m85hc8jlnfp3zer7xulejywt49kt2rr0vthywaa50xwsqgygj0n7vv7vk6ejt4d23yp87v5fe5352sv3hvfw
lineage__continuation_count,0.0,0.0,0.0,ckb1qzda0cr08m85hc8jlnfp3zer7xulejywt49kt2rr0vthywaa50xwsqgygj0n7vv7vk6ejt4d23yp87v5fe5352sv3hvfw
lineage__lineage_depth,2.0,0.0,1.0986122886681098,ckb1qzda0cr08m85hc8jlnfp3zer7xulejywt49kt2rr0vthywaa50xwsqgygj0n7vv7vk6ejt4d23yp87v5fe5352sv3hvfw
lineage__lineage_repetition,1.0,1.027789217390062,1.0,ckb1qzda0cr08m85hc8jlnfp3zer7xulejywt49kt2rr0vthywaa50xwsqgygj0n7vv7vk6ejt4d23yp87v5fe5352sv3hvfw
lineage__merge_count,107.0,2.3825362618551105,4.68213122712422,ckb1qzda0cr08m85hc8jlnfp3zer7xulejywt49kt2rr0vthywaa50xwsqgygj0n7vv7vk6ejt4d23yp87v5fe5352sv3hvfw
scripts__type_family_count,0.0,-0.501218028601448,0.0,ckb1qzda0cr08m85hc8jlnfp3zer7xulejywt49kt2rr0vthywaa50xwsqgygj0n7vv7vk6ejt4d23yp87v5fe5352sv3hvfw
scripts__unique_lock_script_count,75.0,2.0266993317241115,4.330733340286331,ckb1qzda0cr08m85hc8jlnfp3zer7xulejywt49kt2rr0vthywaa50xwsqgygj0n7vv7vk6ejt4d23yp87v5fe5352sv3hvfw
scripts__unique_type_script_count,0.0,0.0,0.0,ckb1qzda0cr08m85hc8jlnfp3zer7xulejywt49kt2rr0vthywaa50xwsqgygj0n7vv7vk6ejt4d23yp87v5fe5352sv3hvfw
capacity__capacity_repeat_ratio,0.4,-0.448551481213207,0.4,ckb1qzda0cr08m85hc8jlnfp3zer7xulejywt49kt2rr0vthywaa50xwsqgzgak4nyyfjzlcnx6lel86kkl9wmn8cmqg5mv52
capacity__target_consumed_capacity,5.834275514925883e+16,1.5211169706678964,38.60511158396809,ckb1qzda0cr08m85hc8jlnfp3zer7xulejywt49kt2rr0vthywaa50xwsqgzgak4nyyfjzlcnx6lel86kkl9wmn8cmqg5mv52
capacity__target_net_capacity_delta,-3956122123263751.0,-0.753628871111178,-35.914040678584904,ckb1qzda0cr08m85hc8jlnfp3zer7xulejywt49kt2rr0vthywaa50xwsqgzgak4nyyfjzlcnx6lel86kkl9wmn8cmqg5mv52
lineage__continuation_count,13.0,3.8073549220576037,2.6390573296152584,ckb1qzda0cr08m85hc8jlnfp3zer7xulejywt49kt2rr0vthywaa50xwsqgzgak4nyyfjzlcnx6lel86kkl9wmn8cmqg5mv52
lineage__lineage_depth,6.0,2.0896936467371017,1.9459101490553132,ckb1qzda0cr08m85hc8jlnfp3zer7xulejywt49kt2rr0vthywaa50xwsqgzgak4nyyfjzlcnx6lel86kkl9wmn8cmqg5mv52
lineage__lineage_repetition,1.0,1.027789217390062,1.0,ckb1qzda0cr08m85hc8jlnfp3zer7xulejywt49kt2rr0vthywaa50xwsqgzgak4nyyfjzlcnx6lel86kkl9wmn8cmqg5mv52
lineage__merge_count,2.0,0.0,1.0986122886681098,ckb1qzda0cr08m85hc8jlnfp3zer7xulejywt49kt2rr0vthywaa50xwsqgzgak4nyyfjzlcnx6lel86kkl9wmn8cmqg5mv52
scripts__type_family_count,0.0,-0.501218028601448,0.0,ckb1qzda0cr08m85hc8jlnfp3zer7xulejywt49kt2rr0vthywaa50xwsqgzgak4nyyfjzlcnx6lel86kkl9wmn8cmqg5mv52
scripts__unique_lock_script_count,18.0,0.9201098203938868,2.9444389791664403,ckb1qzda0cr08m85hc8jlnfp3zer7xulejywt49kt2rr0vthywaa50xwsqgzgak4nyyfjzlcnx6lel86kkl9wmn8cmqg5mv52
scripts__unique_type_script_count,0.0,0.0,0.0,ckb1qzda0cr08m85hc8jlnfp3zer7xulejywt49kt2rr0vthywaa50xwsqgzgak4nyyfjzlcnx6lel86kkl9wmn8cmqg5mv52
capacity__capacity_repeat_ratio,0.9473684210526315,0.7836039047705801,0.9473684210526315,ckb1qzda0cr08m85hc8jlnfp3zer7xulejywt49kt2rr0vthywaa50xwsqgzku5d6wp53s4ukledn8j8u3t9vjxt7ys9uu00a
capacity__target_consumed_capacity,1604218501702.0,0.007107794775469796,28.10365783910222,ckb1qzda0cr08m85hc8jlnfp3zer7xulejywt49kt2rr0vthywaa50xwsqgzku5d6wp53s4ukledn8j8u3t9vjxt7ys9uu00a
capacity__target_net_capacity_delta,164999979495.0,0.5420063824743021,25.829211186580316,ckb1qzda0cr08m85hc8jlnfp3zer7xulejywt49kt2rr0vthywaa50xwsqgzku5d6wp53s4ukledn8j8u3t9vjxt7ys9uu00a
lineage__continuation_count,0.0,0.0,0.0,ckb1qzda0cr08m85hc8jlnfp3zer7xulejywt49kt2rr0vthywaa50xwsqgzku5d6wp53s4ukledn8j8u3t9vjxt7ys9uu00a
lineage__lineage_depth,2.0,0.0,1.0986122886681098,ckb1qzda0cr08m85hc8jlnfp3zer7xulejywt49kt2rr0vthywaa50xwsqgzku5d6wp53s4ukledn8j8u3t9vjxt7ys9uu00a
lineage__lineage_repetition,0.6363636363636364,0.2435388861520169,0.6363636363636364,ckb1qzda0cr08m85hc8jlnfp3zer7xulejywt49kt2rr0vthywaa50xwsqgzku5d6wp53s4ukledn8j8u3t9vjxt7ys9uu00a
lineage__merge_count,11.0,0.9216908412367403,2.4849066497880004,ckb1qzda0cr08m85hc8jlnfp3zer7xulejywt49kt2rr0vthywaa50xwsqgzku5d6wp53s4ukledn8j8u3t9vjxt7ys9uu00a
scripts__type_family_count,0.0,-0.501218028601448,0.0,ckb1qzda0cr08m85hc8jlnfp3zer7xulejywt49kt2rr0vthywaa50xwsqgzku5d6wp53s4ukledn8j8u3t9vjxt7ys9uu00a
scripts__unique_lock_script_count,13.0,0.6763433160902348,2.6390573296152584,ckb1qzda0cr08m85hc8jlnfp3zer7xulejywt49kt2rr0vthywaa50xwsqgzku5d6wp53s4ukledn8j8u3t9vjxt7ys9uu00a
scripts__unique_type_script_count,0.0,0.0,0.0,ckb1qzda0cr08m85hc8jlnfp3zer7xulejywt49kt2rr0vthywaa50xwsqgzku5d6wp53s4ukledn8j8u3t9vjxt7ys9uu00a
capacity__capacity_repeat_ratio,1.0,0.9020803841920981,1.0,ckb1qzda0cr08m85hc8jlnfp3zer7xulejywt49kt2rr0vthywaa50xwsqgzm5e3yf726rc70mkxfc2y2u4y3w27h6qeazjwx
capacity__target_consumed_capacity,122595170065.0,-0.363629563560171,25.532153463799727,ckb1qzda0cr08m85hc8jlnfp3zer7xulejywt49kt2rr0vthywaa50xwsqgzm5e3yf726rc70mkxfc2y2u4y3w27h6qeazjwx
capacity__target_net_capacity_delta,0.0,0.0,0.0,ckb1qzda0cr08m85hc8jlnfp3zer7xulejywt49kt2rr0vthywaa50xwsqgzm5e3yf726rc70mkxfc2y2u4y3w27h6qeazjwx
lineage__continuation_count,0.0,0.0,0.0,ckb1qzda0cr08m85hc8jlnfp3zer7xulejywt49kt2rr0vthywaa50xwsqgzm5e3yf726rc70mkxfc2y2u4y3w27h6qeazjwx
lineage__lineage_depth,2.0,0.0,1.0986122886681098,ckb1qzda0cr08m85hc8jlnfp3zer7xulejywt49kt2rr0vthywaa50xwsqgzm5e3yf726rc70mkxfc2y2u4y3w27h6qeazjwx
lineage__lineage_repetition,0.0,-1.128899193514562,0.0,ckb1qzda0cr08m85hc8jlnfp3zer7xulejywt49kt2rr0vthywaa50xwsqgzm5e3yf726rc70mkxfc2y2u4y3w27h6qeazjwx
lineage__merge_count,1.0,-0.26957728969081496,0.6931471805599453,ckb1qzda0cr08m85hc8jlnfp3zer7xulejywt49kt2rr0vthywaa50xwsqgzm5e3yf726rc70mkxfc2y2u4y3w27h6qeazjwx
scripts__type_family_count,0.0,-0.501218028601448,0.0,ckb1qzda0cr08m85hc8jlnfp3zer7xulejywt49kt2rr0vthywaa50xwsqgzm5e3yf726rc70mkxfc2y2u4y3w27h6qeazjwx
scripts__unique_lock_script_count,5.0,0.0,1.791759469228055,ckb1qzda0cr08m85hc8jlnfp3zer7xulejywt49kt2rr0vthywaa50xwsqgzm5e3yf726rc70mkxfc2y2u4y3w27h6qeazjwx
scripts__unique_type_script_count,0.0,0.0,0.0,ckb1qzda0cr08m85hc8jlnfp3zer7xulejywt49kt2rr0vthywaa50xwsqgzm5e3yf726rc70mkxfc2y2u4y3w27h6qeazjwx
capacity__capacity_repeat_ratio,0.6363636363636364,0.08351561727979195,0.6363636363636364,ckb1qzda0cr08m85hc8jlnfp3zer7xulejywt49kt2rr0vthywaa50xwsqgzw9vj0prshmp4pm5jr0t8m4vwf353syqvqfm08
capacity__target_consumed_capacity,12926164835009.0,0.3079382400101643,30.190274654893575,ckb1qzda0cr08m85hc8jlnfp3zer7xulejywt49kt2rr0vthywaa50xwsqgzw9vj0prshmp4pm5jr0t8m4vwf353syqvqfm08
capacity__target_net_capacity_delta,-6618383018212.0,-0.6194730854330311,-29.520872198974327,ckb1qzda0cr08m85hc8jlnfp3zer7xulejywt49kt2rr0vthywaa50xwsqgzw9vj0prshmp4pm5jr0t8m4vwf353syqvqfm08
lineage__continuation_count,0.0,0.0,0.0,ckb1qzda0cr08m85hc8jlnfp3zer7xulejywt49kt2rr0vthywaa50xwsqgzw9vj0prshmp4pm5jr0t8m4vwf353syqvqfm08
lineage__lineage_depth,2.0,0.0,1.0986122886681098,ckb1qzda0cr08m85hc8jlnfp3zer7xulejywt49kt2rr0vthywaa50xwsqgzw9vj0prshmp4pm5jr0t8m4vwf353syqvqfm08
lineage__lineage_repetition,0.9833333333333333,0.9918444105416516,0.9833333333333333,ckb1qzda0cr08m85hc8jlnfp3zer7xulejywt49kt2rr0vthywaa50xwsqgzw9vj0prshmp4pm5jr0t8m4vwf353syqvqfm08
lineage__merge_count,30.0,1.552695972177032,3.4339872044851463,ckb1qzda0cr08m85hc8jlnfp3zer7xulejywt49kt2rr0vthywaa50xwsqgzw9vj0prshmp4pm5jr0t8m4vwf353syqvqfm08
scripts__type_family_count,0.0,-0.501218028601448,0.0,ckb1qzda0cr08m85hc8jlnfp3zer7xulejywt49kt2rr0vthywaa50xwsqgzw9vj0prshmp4pm5jr0t8m4vwf353syqvqfm08
scripts__unique_lock_script_count,64.0,1.9018983323950254,4.174387269895637,ckb1qzda0cr08m85hc8jlnfp3zer7xulejywt49kt2rr0vthywaa50xwsqgzw9vj0prshmp4pm5jr0t8m4vwf353syqvqfm08
scripts__unique_type_script_count,0.0,0.0,0.0,ckb1qzda0cr08m85hc8jlnfp3zer7xulejywt49kt2rr0vthywaa50xwsqgzw9vj0prshmp4pm5jr0t8m4vwf353syqvqfm08
capacity__capacity_repeat_ratio,1.0,0.9020803841920981,1.0,ckb1qzda0cr08m85hc8jlnfp3zer7xulejywt49kt2rr0vthywaa50xwsqt0ayt9cx3tfx3gdmm9vt4r46tj26aus5q6rpaqf
capacity__target_consumed_capacity,59389358505000.0,0.5277796440449917,31.715136176500458,ckb1qzda0cr08m85hc8jlnfp3zer7xulejywt49kt2rr0vthywaa50xwsqt0ayt9cx3tfx3gdmm9vt4r46tj26aus5q6rpaqf
capacity__target_net_capacity_delta,0.0,0.0,0.0,ckb1qzda0cr08m85hc8jlnfp3zer7xulejywt49kt2rr0vthywaa50xwsqt0ayt9cx3tfx3gdmm9vt4r46tj26aus5q6rpaqf
lineage__continuation_count,0.0,0.0,0.0,ckb1qzda0cr08m85hc8jlnfp3zer7xulejywt49kt2rr0vthywaa50xwsqt0ayt9cx3tfx3gdmm9vt4r46tj26aus5q6rpaqf
lineage__lineage_depth,2.0,0.0,1.0986122886681098,ckb1qzda0cr08m85hc8jlnfp3zer7xulejywt49kt2rr0vthywaa50xwsqt0ayt9cx3tfx3gdmm9vt4r46tj26aus5q6rpaqf
lineage__lineage_repetition,0.0,-1.128899193514562,0.0,ckb1qzda0cr08m85hc8jlnfp3zer7xulejywt49kt2rr0vthywaa50xwsqt0ayt9cx3tfx3gdmm9vt4r46tj26aus5q6rpaqf
lineage__merge_count,1.0,-0.26957728969081496,0.6931471805599453,ckb1qzda0cr08m85hc8jlnfp3zer7xulejywt49kt2rr0vthywaa50xwsqt0ayt9cx3tfx3gdmm9vt4r46tj26aus5q6rpaqf
scripts__type_family_count,0.0,-0.501218028601448,0.0,ckb1qzda0cr08m85hc8jlnfp3zer7xulejywt49kt2rr0vthywaa50xwsqt0ayt9cx3tfx3gdmm9vt4r46tj26aus5q6rpaqf
scripts__unique_lock_script_count,4.0,-0.14553555730732698,1.6094379124341003,ckb1qzda0cr08m85hc8jlnfp3zer7xulejywt49kt2rr0vthywaa50xwsqt0ayt9cx3tfx3gdmm9vt4r46tj26aus5q6rpaqf
scripts__unique_type_script_count,0.0,0.0,0.0,ckb1qzda0cr08m85hc8jlnfp3zer7xulejywt49kt2rr0vthywaa50xwsqt0ayt9cx3tfx3gdmm9vt4r46tj26aus5q6rpaqf
capacity__capacity_repeat_ratio,0.0,-1.3489727248167438,0.0,ckb1qzda0cr08m85hc8jlnfp3zer7xulejywt49kt2rr0vthywaa50xwsqt2dw05dtsdwuhpd9klvtd8kywq7wmjd7c9zwp3d
capacity__target_consumed_capacity,6199997076.0,-0.7938858353501019,22.547814657545732,ckb1qzda0cr08m85hc8jlnfp3zer7xulejywt49kt2rr0vthywaa50xwsqt2dw05dtsdwuhpd9klvtd8kywq7wmjd7c9zwp3d
capacity__target_net_capacity_delta,-6199997076.0,-0.47314876815080265,-22.547814657545732,ckb1qzda0cr08m85hc8jlnfp3zer7xulejywt49kt2rr0vthywaa50xwsqt2dw05dtsdwuhpd9klvtd8kywq7wmjd7c9zwp3d
lineage__continuation_count,0.0,0.0,0.0,ckb1qzda0cr08m85hc8jlnfp3zer7xulejywt49kt2rr0vthywaa50xwsqt2dw05dtsdwuhpd9klvtd8kywq7wmjd7c9zwp3d
lineage__lineage_depth,1.0,-1.0,0.6931471805599453,ckb1qzda0cr08m85hc8jlnfp3zer7xulejywt49kt2rr0vthywaa50xwsqt2dw05dtsdwuhpd9klvtd8kywq7wmjd7c9zwp3d
lineage__lineage_repetition,0.0,-1.128899193514562,0.0,ckb1qzda0cr08m85hc8jlnfp3zer7xulejywt49kt2rr0vthywaa50xwsqt2dw05dtsdwuhpd9klvtd8kywq7wmjd7c9zwp3d
lineage__merge_count,1.0,-0.26957728969081496,0.6931471805599453,ckb1qzda0cr08m85hc8jlnfp3zer7xulejywt49kt2rr0vthywaa50xwsqt2dw05dtsdwuhpd9klvtd8kywq7wmjd7c9zwp3d
scripts__type_family_count,1.0,1.9951397255009098,0.6931471805599453,ckb1qzda0cr08m85hc8jlnfp3zer7xulejywt49kt2rr0vthywaa50xwsqt2dw05dtsdwuhpd9klvtd8kywq7wmjd7c9zwp3d
scripts__unique_lock_script_count,4.0,-0.14553555730732698,1.6094379124341003,ckb1qzda0cr08m85hc8jlnfp3zer7xulejywt49kt2rr0vthywaa50xwsqt2dw05dtsdwuhpd9klvtd8kywq7wmjd7c9zwp3d
scripts__unique_type_script_count,1.0,1.0,0.6931471805599453,ckb1qzda0cr08m85hc8jlnfp3zer7xulejywt49kt2rr0vthywaa50xwsqt2dw05dtsdwuhpd9klvtd8kywq7wmjd7c9zwp3d
capacity__capacity_repeat_ratio,0.75,0.33931710693988765,0.75,ckb1qzda0cr08m85hc8jlnfp3zer7xulejywt49kt2rr0vthywaa50xwsqt2e7jpk20nyyyuwdqmvqk427ql2593nugpqd4pp
capacity__target_consumed_capacity,4549439263218.0,0.1573873312749519,29.146025102443907,ckb1qzda0cr08m85hc8jlnfp3zer7xulejywt49kt2rr0vthywaa50xwsqt2e7jpk20nyyyuwdqmvqk427ql2593nugpqd4pp
capacity__target_net_capacity_delta,3044471868080.0,0.6031783265422789,28.744348559709614,ckb1qzda0cr08m85hc8jlnfp3zer7xulejywt49kt2rr0vthywaa50xwsqt2e7jpk20nyyyuwdqmvqk427ql2593nugpqd4pp
lineage__continuation_count,0.0,0.0,0.0,ckb1qzda0cr08m85hc8jlnfp3zer7xulejywt49kt2rr0vthywaa50xwsqt2e7jpk20nyyyuwdqmvqk427ql2593nugpqd4pp
lineage__lineage_depth,2.0,0.0,1.0986122886681098,ckb1qzda0cr08m85hc8jlnfp3zer7xulejywt49kt2rr0vthywaa50xwsqt2e7jpk20nyyyuwdqmvqk427ql2593nugpqd4pp
lineage__lineage_repetition,0.9583333333333334,0.9379272002690362,0.9583333333333334,ckb1qzda0cr08m85hc8jlnfp3zer7xulejywt49kt2rr0vthywaa50xwsqt2e7jpk20nyyyuwdqmvqk427ql2593nugpqd4pp
lineage__merge_count,16.0,1.153265822028786,2.833213344056216,ckb1qzda0cr08m85hc8jlnfp3zer7xulejywt49kt2rr0vthywaa50xwsqt2e7jpk20nyyyuwdqmvqk427ql2593nugpqd4pp
scripts__type_family_count,0.0,-0.501218028601448,0.0,ckb1qzda0cr08m85hc8jlnfp3zer7xulejywt49kt2rr0vthywaa50xwsqt2e7jpk20nyyyuwdqmvqk427ql2593nugpqd4pp
scripts__unique_lock_script_count,10.0,0.48383917693409767,2.3978952727983707,ckb1qzda0cr08m85hc8jlnfp3zer7xulejywt49kt2rr0vthywaa50xwsqt2e7jpk20nyyyuwdqmvqk427ql2593nugpqd4pp
scripts__unique_type_script_count,0.0,0.0,0.0,ckb1qzda0cr08m85hc8jlnfp3zer7xulejywt49kt2rr0vthywaa50xwsqt2e7jpk20nyyyuwdqmvqk427ql2593nugpqd4pp
capacity__capacity_repeat_ratio,0.9122807017543859,0.7046195851562347,0.9122807017543859,ckb1qzda0cr08m85hc8jlnfp3zer7xulejywt49kt2rr0vthywaa50xwsqt2gnkqzr9sm0q9syuahhy9mgu9hx3r5pg74y4jz
capacity__target_consumed_capacity,6043436748548844.0,1.194228191982404,36.33774924314348,ckb1qzda0cr08m85hc8jlnfp3zer7xulejywt49kt2rr0vthywaa50xwsqt2gnkqzr9sm0q9syuahhy9mgu9hx3r5pg74y4jz
capacity__target_net_capacity_delta,47696250256179.0,0.6609169963401857,31.495873899751288,ckb1qzda0cr08m85hc8jlnfp3zer7xulejywt49kt2rr0vthywaa50xwsqt2gnkqzr9sm0q9syuahhy9mgu9hx3r5pg74y4jz
lineage__continuation_count,0.0,0.0,0.0,ckb1qzda0cr08m85hc8jlnfp3zer7xulejywt49kt2rr0vthywaa50xwsqt2gnkqzr9sm0q9syuahhy9mgu9hx3r5pg74y4jz
lineage__lineage_depth,3.0,0.7095112913514542,1.3862943611198906,ckb1qzda0cr08m85hc8jlnfp3zer7xulejywt49kt2rr0vthywaa50xwsqt2gnkqzr9sm0q9syuahhy9mgu9hx3r5pg74y4jz
lineage__lineage_repetition,0.9298245614035088,0.8764426622388604,0.9298245614035088,ckb1qzda0cr08m85hc8jlnfp3zer7xulejywt49kt2rr0vthywaa50xwsqt2gnkqzr9sm0q9syuahhy9mgu9hx3r5pg74y4jz
lineage__merge_count,25.0,1.43575340868884,3.258096538021482,ckb1qzda0cr08m85hc8jlnfp3zer7xulejywt49kt2rr0vthywaa50xwsqt2gnkqzr9sm0q9syuahhy9mgu9hx3r5pg74y4jz
scripts__type_family_count,0.0,-0.501218028601448,0.0,ckb1qzda0cr08m85hc8jlnfp3zer7xulejywt49kt2rr0vthywaa50xwsqt2gnkqzr9sm0q9syuahhy9mgu9hx3r5pg74y4jz
scripts__unique_lock_script_count,9.0,0.40775919835778557,2.302585092994046,ckb1qzda0cr08m85hc8jlnfp3zer7xulejywt49kt2rr0vthywaa50xwsqt2gnkqzr9sm0q9syuahhy9mgu9hx3r5pg74y4jz
scripts__unique_type_script_count,0.0,0.0,0.0,ckb1qzda0cr08m85hc8jlnfp3zer7xulejywt49kt2rr0vthywaa50xwsqt2gnkqzr9sm0q9syuahhy9mgu9hx3r5pg74y4jz
capacity__capacity_repeat_ratio,1.0,0.9020803841920981,1.0,ckb1qzda0cr08m85hc8jlnfp3zer7xulejywt49kt2rr0vthywaa50xwsqt2hf4pt58qrvnfk02tyhq2pe30t209xecsrj2fy
capacity__target_consumed_capacity,160000000000000.0,0.6706619615660536,32.70619493116238,ckb1qzda0cr08m85hc8jlnfp3zer7xulejywt49kt2rr0vthywaa50xwsqt2hf4pt58qrvnfk02tyhq2pe30t209xecsrj2fy
capacity__target_net_capacity_delta,0.0,0.0,0.0,ckb1qzda0cr08m85hc8jlnfp3zer7xulejywt49kt2rr0vthywaa50xwsqt2hf4pt58qrvnfk02tyhq2pe30t209xecsrj2fy
lineage__continuation_count,0.0,0.0,0.0,ckb1qzda0cr08m85hc8jlnfp3zer7xulejywt49kt2rr0vthywaa50xwsqt2hf4pt58qrvnfk02tyhq2pe30t209xecsrj2fy
lineage__lineage_depth,2.0,0.0,1.0986122886681098,ckb1qzda0cr08m85hc8jlnfp3zer7xulejywt49kt2rr0vthywaa50xwsqt2hf4pt58qrvnfk02tyhq2pe30t209xecsrj2fy
lineage__lineage_repetition,0.0,-1.128899193514562,0.0,ckb1qzda0cr08m85hc8jlnfp3zer7xulejywt49kt2rr0vthywaa50xwsqt2hf4pt58qrvnfk02tyhq2pe30t209xecsrj2fy
lineage__merge_count,1.0,-0.26957728969081496,0.6931471805599453,ckb1qzda0cr08m85hc8jlnfp3zer7xulejywt49kt2rr0vthywaa50xwsqt2hf4pt58qrvnfk02tyhq2pe30t209xecsrj2fy
scripts__type_family_count,0.0,-0.501218028601448,0.0,ckb1qzda0cr08m85hc8jlnfp3zer7xulejywt49kt2rr0vthywaa50xwsqt2hf4pt58qrvnfk02tyhq2pe30t209xecsrj2fy
scripts__unique_lock_script_count,9.0,0.40775919835778557,2.302585092994046,ckb1qzda0cr08m85hc8jlnfp3zer7xulejywt49kt2rr0vthywaa50xwsqt2hf4pt58qrvnfk02tyhq2pe30t209xecsrj2fy
scripts__unique_type_script_count,0.0,0.0,0.0,ckb1qzda0cr08m85hc8jlnfp3zer7xulejywt49kt2rr0vthywaa50xwsqt2hf4pt58qrvnfk02tyhq2pe30t209xecsrj2fy
capacity__capacity_repeat_ratio,0.0,-1.3489727248167438,0.0,ckb1qzda0cr08m85hc8jlnfp3zer7xulejywt49kt2rr0vthywaa50xwsqt3tqddwnr5xfm52vevcyujfw8nhrr77hc0uppq7
capacity__target_consumed_capacity,0.0,-4.044635599832544,0.0,ckb1qzda0cr08m85hc8jlnfp3zer7xulejywt49kt2rr0vthywaa50xwsqt3tqddwnr5xfm52vevcyujfw8nhrr77hc0uppq7
capacity__target_net_capacity_delta,5183404462389.0,0.6143447676319252,29.276483188439116,ckb1qzda0cr08m85hc8jlnfp3zer7xulejywt49kt2rr0vthywaa50xwsqt3tqddwnr5xfm52vevcyujfw8nhrr77hc0uppq7
lineage__continuation_count,0.0,0.0,0.0,ckb1qzda0cr08m85hc8jlnfp3zer7xulejywt49kt2rr0vthywaa50xwsqt3tqddwnr5xfm52vevcyujfw8nhrr77hc0uppq7
lineage__lineage_depth,1.0,-1.0,0.6931471805599453,ckb1qzda0cr08m85hc8jlnfp3zer7xulejywt49kt2rr0vthywaa50xwsqt3tqddwnr5xfm52vevcyujfw8nhrr77hc0uppq7
lineage__lineage_repetition,1.0,1.027789217390062,1.0,ckb1qzda0cr08m85hc8jlnfp3zer7xulejywt49kt2rr0vthywaa50xwsqt3tqddwnr5xfm52vevcyujfw8nhrr77hc0uppq7
lineage__merge_count,0.0,-0.7304227103091852,0.0,ckb1qzda0cr08m85hc8jlnfp3zer7xulejywt49kt2rr0vthywaa50xwsqt3tqddwnr5xfm52vevcyujfw8nhrr77hc0uppq7
scripts__type_family_count,0.0,-0.501218028601448,0.0,ckb1qzda0cr08m85hc8jlnfp3zer7xulejywt49kt2rr0vthywaa50xwsqt3tqddwnr5xfm52vevcyujfw8nhrr77hc0uppq7
scripts__unique_lock_script_count,45.0,1.625911667637685,3.828641396489095,ckb1qzda0cr08m85hc8jlnfp3zer7xulejywt49kt2rr0vthywaa50xwsqt3tqddwnr5xfm52vevcyujfw8nhrr77hc0uppq7
scripts__unique_type_script_count,0.0,0.0,0.0,ckb1qzda0cr08m85hc8jlnfp3zer7xulejywt49kt2rr0vthywaa50xwsqt3tqddwnr5xfm52vevcyujfw8nhrr77hc0uppq7
capacity__capacity_repeat_ratio,1.0,0.9020803841920981,1.0,ckb1qzda0cr08m85hc8jlnfp3zer7xulejywt49kt2rr0vthywaa50xwsqt44ntk8mswsuzjtd7e5d4nm5q3akq8ppsvm3kqy
capacity__target_consumed_capacity,165276964201338.0,0.6753401533660629,32.738643753520705,ckb1qzda0cr08m85hc8jlnfp3zer7xulejywt49kt2rr0vthywaa50xwsqt44ntk8mswsuzjtd7e5d4nm5q3akq8ppsvm3kqy
capacity__target_net_capacity_delta,0.0,0.0,0.0,ckb1qzda0cr08m85hc8jlnfp3zer7xulejywt49kt2rr0vthywaa50xwsqt44ntk8mswsuzjtd7e5d4nm5q3akq8ppsvm3kqy
lineage__continuation_count,0.0,0.0,0.0,ckb1qzda0cr08m85hc8jlnfp3zer7xulejywt49kt2rr0vthywaa50xwsqt44ntk8mswsuzjtd7e5d4nm5q3akq8ppsvm3kqy
lineage__lineage_depth,2.0,0.0,1.0986122886681098,ckb1qzda0cr08m85hc8jlnfp3zer7xulejywt49kt2rr0vthywaa50xwsqt44ntk8mswsuzjtd7e5d4nm5q3akq8ppsvm3kqy
lineage__lineage_repetition,0.8333333333333334,0.6683411489059582,0.8333333333333334,ckb1qzda0cr08m85hc8jlnfp3zer7xulejywt49kt2rr0vthywaa50xwsqt44ntk8mswsuzjtd7e5d4nm5q3akq8ppsvm3kqy
lineage__merge_count,1.0,-0.26957728969081496,0.6931471805599453,ckb1qzda0cr08m85hc8jlnfp3zer7xulejywt49kt2rr0vthywaa50xwsqt44ntk8mswsuzjtd7e5d4nm5q3akq8ppsvm3kqy
scripts__type_family_count,0.0,-0.501218028601448,0.0,ckb1qzda0cr08m85hc8jlnfp3zer7xulejywt49kt2rr0vthywaa50xwsqt44ntk8mswsuzjtd7e5d4nm5q3akq8ppsvm3kqy
scripts__unique_lock_script_count,3.0,-0.3236566839097652,1.3862943611198906,ckb1qzda0cr08m85hc8jlnfp3zer7xulejywt49kt2rr0vthywaa50xwsqt44ntk8mswsuzjtd7e5d4nm5q3akq8ppsvm3kqy
scripts__unique_type_script_count,0.0,0.0,0.0,ckb1qzda0cr08m85hc8jlnfp3zer7xulejywt49kt2rr0vthywaa50xwsqt44ntk8mswsuzjtd7e5d4nm5q3akq8ppsvm3kqy
capacity__capacity_repeat_ratio,0.0,-1.3489727248167438,0.0,ckb1qzda0cr08m85hc8jlnfp3zer7xulejywt49kt2rr0vthywaa50xwsqt4m3njt3khypyev79qutpf67rewetpltge0mfds
capacity__target_consumed_capacity,0.0,-4.044635599832544,0.0,ckb1qzda0cr08m85hc8jlnfp3zer7xulejywt49kt2rr0vthywaa50xwsqt4m3njt3khypyev79qutpf67rewetpltge0mfds
capacity__target_net_capacity_delta,100262186321.0,0.531552941755485,25.33105445506705,ckb1qzda0cr08m85hc8jlnfp3zer7xulejywt49kt2rr0vthywaa50xwsqt4m3njt3khypyev79qutpf67rewetpltge0mfds
lineage__continuation_count,0.0,0.0,0.0,ckb1qzda0cr08m85hc8jlnfp3zer7xulejywt49kt2rr0vthywaa50xwsqt4m3njt3khypyev79qutpf67rewetpltge0mfds
lineage__lineage_depth,1.0,-1.0,0.6931471805599453,ckb1qzda0cr08m85hc8jlnfp3zer7xulejywt49kt2rr0vthywaa50xwsqt4m3njt3khypyev79qutpf67rewetpltge0mfds
lineage__lineage_repetition,0.0,-1.128899193514562,0.0,ckb1qzda0cr08m85hc8jlnfp3zer7xulejywt49kt2rr0vthywaa50xwsqt4m3njt3khypyev79qutpf67rewetpltge0mfds
lineage__merge_count,1.0,-0.26957728969081496,0.6931471805599453,ckb1qzda0cr08m85hc8jlnfp3zer7xulejywt49kt2rr0vthywaa50xwsqt4m3njt3khypyev79qutpf67rewetpltge0mfds
scripts__type_family_count,0.0,-0.501218028601448,0.0,ckb1qzda0cr08m85hc8jlnfp3zer7xulejywt49kt2rr0vthywaa50xwsqt4m3njt3khypyev79qutpf67rewetpltge0mfds
scripts__unique_lock_script_count,2.0,-0.5532947556651122,1.0986122886681098,ckb1qzda0cr08m85hc8jlnfp3zer7xulejywt49kt2rr0vthywaa50xwsqt4m3njt3khypyev79qutpf67rewetpltge0mfds
scripts__unique_type_script_count,0.0,0.0,0.0,ckb1qzda0cr08m85hc8jlnfp3zer7xulejywt49kt2rr0vthywaa50xwsqt4m3njt3khypyev79qutpf67rewetpltge0mfds
capacity__capacity_repeat_ratio,0.0,-1.3489727248167438,0.0,ckb1qzda0cr08m85hc8jlnfp3zer7xulejywt49kt2rr0vthywaa50xwsqt4rtfua5eqvmwtyn08y8yycc5lx2wty3qtcxx2a
capacity__target_consumed_capacity,0.0,-4.044635599832544,0.0,ckb1qzda0cr08m85hc8jlnfp3zer7xulejywt49kt2rr0vthywaa50xwsqt4rtfua5eqvmwtyn08y8yycc5lx2wty3qtcxx2a
capacity__target_net_capacity_delta,10121587101.0,0.48343359897934335,23.037936316770335,ckb1qzda0cr08m85hc8jlnfp3zer7xulejywt49kt2rr0vthywaa50xwsqt4rtfua5eqvmwtyn08y8yycc5lx2wty3qtcxx2a
lineage__continuation_count,0.0,0.0,0.0,ckb1qzda0cr08m85hc8jlnfp3zer7xulejywt49kt2rr0vthywaa50xwsqt4rtfua5eqvmwtyn08y8yycc5lx2wty3qtcxx2a
lineage__lineage_depth,1.0,-1.0,0.6931471805599453,ckb1qzda0cr08m85hc8jlnfp3zer7xulejywt49kt2rr0vthywaa50xwsqt4rtfua5eqvmwtyn08y8yycc5lx2wty3qtcxx2a
lineage__lineage_repetition,0.0,-1.128899193514562,0.0,ckb1qzda0cr08m85hc8jlnfp3zer7xulejywt49kt2rr0vthywaa50xwsqt4rtfua5eqvmwtyn08y8yycc5lx2wty3qtcxx2a
lineage__merge_count,1.0,-0.26957728969081496,0.6931471805599453,ckb1qzda0cr08m85hc8jlnfp3zer7xulejywt49kt2rr0vthywaa50xwsqt4rtfua5eqvmwtyn08y8yycc5lx2wty3qtcxx2a
scripts__type_family_count,0.0,-0.501218028601448,0.0,ckb1qzda0cr08m85hc8jlnfp3zer7xulejywt49kt2rr0vthywaa50xwsqt4rtfua5eqvmwtyn08y8yycc5lx2wty3qtcxx2a
scripts__unique_lock_script_count,4.0,-0.14553555730732698,1.6094379124341003,ckb1qzda0cr08m85hc8jlnfp3zer7xulejywt49kt2rr0vthywaa50xwsqt4rtfua5eqvmwtyn08y8yycc5lx2wty3qtcxx2a
scripts__unique_type_script_count,0.0,0.0,0.0,ckb1qzda0cr08m85hc8jlnfp3zer7xulejywt49kt2rr0vthywaa50xwsqt4rtfua5eqvmwtyn08y8yycc5lx2wty3qtcxx2a
capacity__capacity_repeat_ratio,0.6666666666666666,0.1517293478558174,0.6666666666666666,ckb1qzda0cr08m85hc8jlnfp3zer7xulejywt49kt2rr0vthywaa50xwsqt5ctdrmqm0ay6yk8h9nxh7uy0xu7tm8zs8tvu99
capacity__target_consumed_capacity,1259734762114496.0,0.9681571228860834,34.76967758745619,ckb1qzda0cr08m85hc8jlnfp3zer7xulejywt49kt2rr0vthywaa50xwsqt5ctdrmqm0ay6yk8h9nxh7uy0xu7tm8zs8tvu99
capacity__target_net_capacity_delta,635879053387300.0,0.7152694445547964,34.086029493554484,ckb1qzda0cr08m85hc8jlnfp3zer7xulejywt49kt2rr0vthywaa50xwsqt5ctdrmqm0ay6yk8h9nxh7uy0xu7tm8zs8tvu99
lineage__continuation_count,2.0,1.5849625007211563,1.0986122886681098,ckb1qzda0cr08m85hc8jlnfp3zer7xulejywt49kt2rr0vthywaa50xwsqt5ctdrmqm0ay6yk8h9nxh7uy0xu7tm8zs8tvu99
lineage__lineage_depth,3.0,0.7095112913514542,1.3862943611198906,ckb1qzda0cr08m85hc8jlnfp3zer7xulejywt49kt2rr0vthywaa50xwsqt5ctdrmqm0ay6yk8h9nxh7uy0xu7tm8zs8tvu99
lineage__lineage_repetition,0.8,0.5964515352091374,0.8,ckb1qzda0cr08m85hc8jlnfp3zer7xulejywt49kt2rr0vthywaa50xwsqt5ctdrmqm0ay6yk8h9nxh7uy0xu7tm8zs8tvu99
lineage__merge_count,3.0,0.1912681309275552,1.3862943611198906,ckb1qzda0cr08m85hc8jlnfp3zer7xulejywt49kt2rr0vthywaa50xwsqt5ctdrmqm0ay6yk8h9nxh7uy0xu7tm8zs8tvu99
scripts__type_family_count,0.0,-0.501218028601448,0.0,ckb1qzda0cr08m85hc8jlnfp3zer7xulejywt49kt2rr0vthywaa50xwsqt5ctdrmqm0ay6yk8h9nxh7uy0xu7tm8zs8tvu99
scripts__unique_lock_script_count,4.0,-0.14553555730732698,1.6094379124341003,ckb1qzda0cr08m85hc8jlnfp3zer7xulejywt49kt2rr0vthywaa50xwsqt5ctdrmqm0ay6yk8h9nxh7uy0xu7tm8zs8tvu99
scripts__unique_type_script_count,0.0,0.0,0.0,ckb1qzda0cr08m85hc8jlnfp3zer7xulejywt49kt2rr0vthywaa50xwsqt5ctdrmqm0ay6yk8h9nxh7uy0xu7tm8zs8tvu99
capacity__capacity_repeat_ratio,1.0,0.9020803841920981,1.0,ckb1qzda0cr08m85hc8jlnfp3zer7xulejywt49kt2rr0vthywaa50xwsqt6tazknn3shl6jeynqghajfkmx0uxcsyg49hx74
capacity__target_consumed_capacity,19999999999094.0,0.37086598556198175,30.62675338943729,ckb1qzda0cr08m85hc8jlnfp3zer7xulejywt49kt2rr0vthywaa50xwsqt6tazknn3shl6jeynqghajfkmx0uxcsyg49hx74
capacity__target_net_capacity_delta,0.0,0.0,0.0,ckb1qzda0cr08m85hc8jlnfp3zer7xulejywt49kt2rr0vthywaa50xwsqt6tazknn3shl6jeynqghajfkmx0uxcsyg49hx74
lineage__continuation_count,1.0,1.0,0.6931471805599453,ckb1qzda0cr08m85hc8jlnfp3zer7xulejywt49kt2rr0vthywaa50xwsqt6tazknn3shl6jeynqghajfkmx0uxcsyg49hx74
lineage__lineage_depth,1.0,-1.0,0.6931471805599453,ckb1qzda0cr08m85hc8jlnfp3zer7xulejywt49kt2rr0vthywaa50xwsqt6tazknn3shl6jeynqghajfkmx0uxcsyg49hx74
lineage__lineage_repetition,0.0,-1.128899193514562,0.0,ckb1qzda0cr08m85hc8jlnfp3zer7xulejywt49kt2rr0vthywaa50xwsqt6tazknn3shl6jeynqghajfkmx0uxcsyg49hx74
lineage__merge_count,1.0,-0.26957728969081496,0.6931471805599453,ckb1qzda0cr08m85hc8jlnfp3zer7xulejywt49kt2rr0vthywaa50xwsqt6tazknn3shl6jeynqghajfkmx0uxcsyg49hx74
scripts__type_family_count,1.0,1.9951397255009098,0.6931471805599453,ckb1qzda0cr08m85hc8jlnfp3zer7xulejywt49kt2rr0vthywaa50xwsqt6tazknn3shl6jeynqghajfkmx0uxcsyg49hx74
scripts__unique_lock_script_count,3.0,-0.3236566839097652,1.3862943611198906,ckb1qzda0cr08m85hc8jlnfp3zer7xulejywt49kt2rr0vthywaa50xwsqt6tazknn3shl6jeynqghajfkmx0uxcsyg49hx74
scripts__unique_type_script_count,1.0,1.0,0.6931471805599453,ckb1qzda0cr08m85hc8jlnfp3zer7xulejywt49kt2rr0vthywaa50xwsqt6tazknn3shl6jeynqghajfkmx0uxcsyg49hx74
capacity__capacity_repeat_ratio,1.0,0.9020803841920981,1.0,ckb1qzda0cr08m85hc8jlnfp3zer7xulejywt49kt2rr0vthywaa50xwsqt77x997v0x3d3m4sxxavmcanlvwn3q0hs4upt05
capacity__target_consumed_capacity,6289312117256.0,0.20407690653526353,29.46987281933412,ckb1qzda0cr08m85hc8jlnfp3zer7xulejywt49kt2rr0vthywaa50xwsqt77x997v0x3d3m4sxxavmcanlvwn3q0hs4upt05
capacity__target_net_capacity_delta,0.0,0.0,0.0,ckb1qzda0cr08m85hc8jlnfp3zer7xulejywt49kt2rr0vthywaa50xwsqt77x997v0x3d3m4sxxavmcanlvwn3q0hs4upt05
lineage__continuation_count,0.0,0.0,0.0,ckb1qzda0cr08m85hc8jlnfp3zer7xulejywt49kt2rr0vthywaa50xwsqt77x997v0x3d3m4sxxavmcanlvwn3q0hs4upt05
lineage__lineage_depth,2.0,0.0,1.0986122886681098,ckb1qzda0cr08m85hc8jlnfp3zer7xulejywt49kt2rr0vthywaa50xwsqt77x997v0x3d3m4sxxavmcanlvwn3q0hs4upt05
lineage__lineage_repetition,0.0,-1.128899193514562,0.0,ckb1qzda0cr08m85hc8jlnfp3zer7xulejywt49kt2rr0vthywaa50xwsqt77x997v0x3d3m4sxxavmcanlvwn3q0hs4upt05
lineage__merge_count,2.0,0.0,1.0986122886681098,ckb1qzda0cr08m85hc8jlnfp3zer7xulejywt49kt2rr0vthywaa50xwsqt77x997v0x3d3m4sxxavmcanlvwn3q0hs4upt05
scripts__type_family_count,0.0,-0.501218028601448,0.0,ckb1qzda0cr08m85hc8jlnfp3zer7xulejywt49kt2rr0vthywaa50xwsqt77x997v0x3d3m4sxxavmcanlvwn3q0hs4upt05
scripts__unique_lock_script_count,12.0,0.6171876944623629,2.5649493574615367,ckb1qzda0cr08m85hc8jlnfp3zer7xulejywt49kt2rr0vthywaa50xwsqt77x997v0x3d3m4sxxavmcanlvwn3q0hs4upt05
scripts__unique_type_script_count,0.0,0.0,0.0,ckb1qzda0cr08m85hc8jlnfp3zer7xulejywt49kt2rr0vthywaa50xwsqt77x997v0x3d3m4sxxavmcanlvwn3q0hs4upt05
capacity__capacity_repeat_ratio,1.0,0.9020803841920981,1.0,ckb1qzda0cr08m85hc8jlnfp3zer7xulejywt49kt2rr0vthywaa50xwsqt7830n3sgc4rvmu4vym50snrq0f3qjsrgs64u8s
capacity__target_consumed_capacity,179410415754.0,-0.3087307738039892,25.912941843720763,ckb1qzda0cr08m85hc8jlnfp3zer7xulejywt49kt2rr0vthywaa50xwsqt7830n3sgc4rvmu4vym50snrq0f3qjsrgs64u8s
capacity__target_net_capacity_delta,0.0,0.0,0.0,ckb1qzda0cr08m85hc8jlnfp3zer7xulejywt49kt2rr0vthywaa50xwsqt7830n3sgc4rvmu4vym50snrq0f3qjsrgs64u8s
lineage__continuation_count,0.0,0.0,0.0,ckb1qzda0cr08m85hc8jlnfp3zer7xulejywt49kt2rr0vthywaa50xwsqt7830n3sgc4rvmu4vym50snrq0f3qjsrgs64u8s
lineage__lineage_depth,2.0,0.0,1.0986122886681098,ckb1qzda0cr08m85hc8jlnfp3zer7xulejywt49kt2rr0vthywaa50xwsqt7830n3sgc4rvmu4vym50snrq0f3qjsrgs64u8s
lineage__lineage_repetition,0.0,-1.128899193514562,0.0,ckb1qzda0cr08m85hc8jlnfp3zer7xulejywt49kt2rr0vthywaa50xwsqt7830n3sgc4rvmu4vym50snrq0f3qjsrgs64u8s
lineage__merge_count,1.0,-0.26957728969081496,0.6931471805599453,ckb1qzda0cr08m85hc8jlnfp3zer7xulejywt49kt2rr0vthywaa50xwsqt7830n3sgc4rvmu4vym50snrq0f3qjsrgs64u8s
scripts__type_family_count,0.0,-0.501218028601448,0.0,ckb1qzda0cr08m85hc8jlnfp3zer7xulejywt49kt2rr0vthywaa50xwsqt7830n3sgc4rvmu4vym50snrq0f3qjsrgs64u8s
scripts__unique_lock_script_count,9.0,0.40775919835778557,2.302585092994046,ckb1qzda0cr08m85hc8jlnfp3zer7xulejywt49kt2rr0vthywaa50xwsqt7830n3sgc4rvmu4vym50snrq0f3qjsrgs64u8s
scripts__unique_type_script_count,0.0,0.0,0.0,ckb1qzda0cr08m85hc8jlnfp3zer7xulejywt49kt2rr0vthywaa50xwsqt7830n3sgc4rvmu4vym50snrq0f3qjsrgs64u8s
capacity__capacity_repeat_ratio,0.0,-1.3489727248167438,0.0,ckb1qzda0cr08m85hc8jlnfp3zer7xulejywt49kt2rr0vthywaa50xwsqt785chmwk9t3w2j3570chwvmwq3l2sxrcvmsm9d
capacity__target_consumed_capacity,5360027580741023.0,1.1769270878691585,36.21774551564079,ckb1qzda0cr08m85hc8jlnfp3zer7xulejywt49kt2rr0vthywaa50xwsqt785chmwk9t3w2j3570chwvmwq3l2sxrcvmsm9d
capacity__target_net_capacity_delta,260594268858597.0,0.6965505848027933,33.19398578827692,ckb1qzda0cr08m85hc8jlnfp3zer7xulejywt49kt2rr0vthywaa50xwsqt785chmwk9t3w2j3570chwvmwq3l2sxrcvmsm9d
lineage__continuation_count,9.0,3.3219280948873626,2.302585092994046,ckb1qzda0cr08m85hc8jlnfp3zer7xulejywt49kt2rr0vthywaa50xwsqt785chmwk9t3w2j3570chwvmwq3l2sxrcvmsm9d
lineage__lineage_depth,2.0,0.0,1.0986122886681098,ckb1qzda0cr08m85hc8jlnfp3zer7xulejywt49kt2rr0vthywaa50xwsqt785chmwk9t3w2j3570chwvmwq3l2sxrcvmsm9d
lineage__lineage_repetition,0.9523809523809523,0.9250897692517466,0.9523809523809523,ckb1qzda0cr08m85hc8jlnfp3zer7xulejywt49kt2rr0vthywaa50xwsqt785chmwk9t3w2j3570chwvmwq3l2sxrcvmsm9d
lineage__merge_count,6.0,0.5633339495715032,1.9459101490553132,ckb1qzda0cr08m85hc8jlnfp3zer7xulejywt49kt2rr0vthywaa50xwsqt785chmwk9t3w2j3570chwvmwq3l2sxrcvmsm9d
scripts__type_family_count,0.0,-0.501218028601448,0.0,ckb1qzda0cr08m85hc8jlnfp3zer7xulejywt49kt2rr0vthywaa50xwsqt785chmwk9t3w2j3570chwvmwq3l2sxrcvmsm9d
scripts__unique_lock_script_count,18.0,0.9201098203938868,2.9444389791664403,ckb1qzda0cr08m85hc8jlnfp3zer7xulejywt49kt2rr0vthywaa50xwsqt785chmwk9t3w2j3570chwvmwq3l2sxrcvmsm9d
scripts__unique_type_script_count,0.0,0.0,0.0,ckb1qzda0cr08m85hc8jlnfp3zer7xulejywt49kt2rr0vthywaa50xwsqt785chmwk9t3w2j3570chwvmwq3l2sxrcvmsm9d
capacity__capacity_repeat_ratio,0.0,-1.3489727248167438,0.0,ckb1qzda0cr08m85hc8jlnfp3zer7xulejywt49kt2rr0vthywaa50xwsqt84rvxyppu7c7zfv6xq50zgv034hdjxmguxeszx
capacity__target_consumed_capacity,0.0,-4.044635599832544,0.0,ckb1qzda0cr08m85hc8jlnfp3zer7xulejywt49kt2rr0vthywaa50xwsqt84rvxyppu7c7zfv6xq50zgv034hdjxmguxeszx
capacity__target_net_capacity_delta,50084523101.0,0.5169882718390553,24.63697787719182,ckb1qzda0cr08m85hc8jlnfp3zer7xulejywt49kt2rr0vthywaa50xwsqt84rvxyppu7c7zfv6xq50zgv034hdjxmguxeszx
lineage__continuation_count,0.0,0.0,0.0,ckb1qzda0cr08m85hc8jlnfp3zer7xulejywt49kt2rr0vthywaa50xwsqt84rvxyppu7c7zfv6xq50zgv034hdjxmguxeszx
lineage__lineage_depth,1.0,-1.0,0.6931471805599453,ckb1qzda0cr08m85hc8jlnfp3zer7xulejywt49kt2rr0vthywaa50xwsqt84rvxyppu7c7zfv6xq50zgv034hdjxmguxeszx
lineage__lineage_repetition,0.0,-1.128899193514562,0.0,ckb1qzda0cr08m85hc8jlnfp3zer7xulejywt49kt2rr0vthywaa50xwsqt84rvxyppu7c7zfv6xq50zgv034hdjxmguxeszx
lineage__merge_count,1.0,-0.26957728969081496,0.6931471805599453,ckb1qzda0cr08m85hc8jlnfp3zer7xulejywt49kt2rr0vthywaa50xwsqt84rvxyppu7c7zfv6xq50zgv034hdjxmguxeszx
scripts__type_family_count,0.0,-0.501218028601448,0.0,ckb1qzda0cr08m85hc8jlnfp3zer7xulejywt49kt2rr0vthywaa50xwsqt84rvxyppu7c7zfv6xq50zgv034hdjxmguxeszx
scripts__unique_lock_script_count,4.0,-0.14553555730732698,1.6094379124341003,ckb1qzda0cr08m85hc8jlnfp3zer7xulejywt49kt2rr0vthywaa50xwsqt84rvxyppu7c7zfv6xq50zgv034hdjxmguxeszx
scripts__unique_type_script_count,0.0,0.0,0.0,ckb1qzda0cr08m85hc8jlnfp3zer7xulejywt49kt2rr0vthywaa50xwsqt84rvxyppu7c7zfv6xq50zgv034hdjxmguxeszx
capacity__capacity_repeat_ratio,1.0,0.9020803841920981,1.0,ckb1qzda0cr08m85hc8jlnfp3zer7xulejywt49kt2rr0vthywaa50xwsqt8ypvjjfwqn6eneekj0ykwyzrr2jnhxfq8t88cr
capacity__target_consumed_capacity,4066976024788.0,0.14122510513486936,29.03392084777577,ckb1qzda0cr08m85hc8jlnfp3zer7xulejywt49kt2rr0vthywaa50xwsqt8ypvjjfwqn6eneekj0ykwyzrr2jnhxfq8t88cr
capacity__target_net_capacity_delta,0.0,0.0,0.0,ckb1qzda0cr08m85hc8jlnfp3zer7xulejywt49kt2rr0vthywaa50xwsqt8ypvjjfwqn6eneekj0ykwyzrr2jnhxfq8t88cr
lineage__continuation_count,0.0,0.0,0.0,ckb1qzda0cr08m85hc8jlnfp3zer7xulejywt49kt2rr0vthywaa50xwsqt8ypvjjfwqn6eneekj0ykwyzrr2jnhxfq8t88cr
lineage__lineage_depth,2.0,0.0,1.0986122886681098,ckb1qzda0cr08m85hc8jlnfp3zer7xulejywt49kt2rr0vthywaa50xwsqt8ypvjjfwqn6eneekj0ykwyzrr2jnhxfq8t88cr
lineage__lineage_repetition,0.625,0.21903106330082803,0.625,ckb1qzda0cr08m85hc8jlnfp3zer7xulejywt49kt2rr0vthywaa50xwsqt8ypvjjfwqn6eneekj0ykwyzrr2jnhxfq8t88cr
lineage__merge_count,16.0,1.153265822028786,2.833213344056216,ckb1qzda0cr08m85hc8jlnfp3zer7xulejywt49kt2rr0vthywaa50xwsqt8ypvjjfwqn6eneekj0ykwyzrr2jnhxfq8t88cr
scripts__type_family_count,0.0,-0.501218028601448,0.0,ckb1qzda0cr08m85hc8jlnfp3zer7xulejywt49kt2rr0vthywaa50xwsqt8ypvjjfwqn6eneekj0ykwyzrr2jnhxfq8t88cr
scripts__unique_lock_script_count,17.0,0.8769514395748773,2.8903717578961645,ckb1qzda0cr08m85hc8jlnfp3zer7xulejywt49kt2rr0vthywaa50xwsqt8ypvjjfwqn6eneekj0ykwyzrr2jnhxfq8t88cr
scripts__unique_type_script_count,0.0,0.0,0.0,ckb1qzda0cr08m85hc8jlnfp3zer7xulejywt49kt2rr0vthywaa50xwsqt8ypvjjfwqn6eneekj0ykwyzrr2jnhxfq8t88cr
capacity__capacity_repeat_ratio,0.6666666666666666,0.1517293478558174,0.6666666666666666,ckb1qzda0cr08m85hc8jlnfp3zer7xulejywt49kt2rr0vthywaa50xwsqt94xsmh5kjp24djx4y5mpeq0usqthda4cvxxmuk
capacity__target_consumed_capacity,40199953600.0,-0.5243838034472753,24.41713167836674,ckb1qzda0cr08m85hc8jlnfp3zer7xulejywt49kt2rr0vthywaa50xwsqt94xsmh5kjp24djx4y5mpeq0usqthda4cvxxmuk
capacity__target_net_capacity_delta,-30100000000.0,-0.5063033720725699,-24.127791008734462,ckb1qzda0cr08m85hc8jlnfp3zer7xulejywt49kt2rr0vthywaa50xwsqt94xsmh5kjp24djx4y5mpeq0usqthda4cvxxmuk
lineage__continuation_count,1.0,1.0,0.6931471805599453,ckb1qzda0cr08m85hc8jlnfp3zer7xulejywt49kt2rr0vthywaa50xwsqt94xsmh5kjp24djx4y5mpeq0usqthda4cvxxmuk
lineage__lineage_depth,2.0,0.0,1.0986122886681098,ckb1qzda0cr08m85hc8jlnfp3zer7xulejywt49kt2rr0vthywaa50xwsqt94xsmh5kjp24djx4y5mpeq0usqthda4cvxxmuk
lineage__lineage_repetition,0.0,-1.128899193514562,0.0,ckb1qzda0cr08m85hc8jlnfp3zer7xulejywt49kt2rr0vthywaa50xwsqt94xsmh5kjp24djx4y5mpeq0usqthda4cvxxmuk
lineage__merge_count,1.0,-0.26957728969081496,0.6931471805599453,ckb1qzda0cr08m85hc8jlnfp3zer7xulejywt49kt2rr0vthywaa50xwsqt94xsmh5kjp24djx4y5mpeq0usqthda4cvxxmuk
scripts__type_family_count,0.0,-0.501218028601448,0.0,ckb1qzda0cr08m85hc8jlnfp3zer7xulejywt49kt2rr0vthywaa50xwsqt94xsmh5kjp24djx4y5mpeq0usqthda4cvxxmuk
scripts__unique_lock_script_count,3.0,-0.3236566839097652,1.3862943611198906,ckb1qzda0cr08m85hc8jlnfp3zer7xulejywt49kt2rr0vthywaa50xwsqt94xsmh5kjp24djx4y5mpeq0usqthda4cvxxmuk
scripts__unique_type_script_count,0.0,0.0,0.0,ckb1qzda0cr08m85hc8jlnfp3zer7xulejywt49kt2rr0vthywaa50xwsqt94xsmh5kjp24djx4y5mpeq0usqthda4cvxxmuk
capacity__capacity_repeat_ratio,0.6666666666666666,0.1517293478558174,0.6666666666666666,ckb1qzda0cr08m85hc8jlnfp3zer7xulejywt49kt2rr0vthywaa50xwsqt99g9mrrpztjlg4tfwrnzeczrx6kpwdnqx90acl
capacity__target_consumed_capacity,120000000000.0,-0.36671423789047064,25.51075757973679,ckb1qzda0cr08m85hc8jlnfp3zer7xulejywt49kt2rr0vthywaa50xwsqt99g9mrrpztjlg4tfwrnzeczrx6kpwdnqx90acl
capacity__target_net_capacity_delta,6999999534.0,0.47569544207471137,22.66917591957315,ckb1qzda0cr08m85hc8jlnfp3zer7xulejywt49kt2rr0vthywaa50xwsqt99g9mrrpztjlg4tfwrnzeczrx6kpwdnqx90acl
lineage__continuation_count,1.0,1.0,0.6931471805599453,ckb1qzda0cr08m85hc8jlnfp3zer7xulejywt49kt2rr0vthywaa50xwsqt99g9mrrpztjlg4tfwrnzeczrx6kpwdnqx90acl
lineage__lineage_depth,2.0,0.0,1.0986122886681098,ckb1qzda0cr08m85hc8jlnfp3zer7xulejywt49kt2rr0vthywaa50xwsqt99g9mrrpztjlg4tfwrnzeczrx6kpwdnqx90acl
lineage__lineage_repetition,0.0,-1.128899193514562,0.0,ckb1qzda0cr08m85hc8jlnfp3zer7xulejywt49kt2rr0vthywaa50xwsqt99g9mrrpztjlg4tfwrnzeczrx6kpwdnqx90acl
lineage__merge_count,0.0,-0.7304227103091852,0.0,ckb1qzda0cr08m85hc8jlnfp3zer7xulejywt49kt2rr0vthywaa50xwsqt99g9mrrpztjlg4tfwrnzeczrx6kpwdnqx90acl
scripts__type_family_count,0.0,-0.501218028601448,0.0,ckb1qzda0cr08m85hc8jlnfp3zer7xulejywt49kt2rr0vthywaa50xwsqt99g9mrrpztjlg4tfwrnzeczrx6kpwdnqx90acl
scripts__unique_lock_script_count,3.0,-0.3236566839097652,1.3862943611198906,ckb1qzda0cr08m85hc8jlnfp3zer7xulejywt49kt2rr0vthywaa50xwsqt99g9mrrpztjlg4tfwrnzeczrx6kpwdnqx90acl
scripts__unique_type_script_count,0.0,0.0,0.0,ckb1qzda0cr08m85hc8jlnfp3zer7xulejywt49kt2rr0vthywaa50xwsqt99g9mrrpztjlg4tfwrnzeczrx6kpwdnqx90acl
capacity__capacity_repeat_ratio,1.0,0.9020803841920981,1.0,ckb1qzda0cr08m85hc8jlnfp3zer7xulejywt49kt2rr0vthywaa50xwsqt9vmtr0jddwrpmpp4tfvvmsmfxt4dvllqkk0arq
capacity__target_consumed_capacity,63225287125446.0,0.5368032265311143,31.777725449802016,ckb1qzda0cr08m85hc8jlnfp3zer7xulejywt49kt2rr0vthywaa50xwsqt9vmtr0jddwrpmpp4tfvvmsmfxt4dvllqkk0arq
capacity__target_net_capacity_delta,-31612643562723.0,-0.6522862698650543,-31.084578269242087,ckb1qzda0cr08m85hc8jlnfp3zer7xulejywt49kt2rr0vthywaa50xwsqt9vmtr0jddwrpmpp4tfvvmsmfxt4dvllqkk0arq
lineage__continuation_count,1.0,1.0,0.6931471805599453,ckb1qzda0cr08m85hc8jlnfp3zer7xulejywt49kt2rr0vthywaa50xwsqt9vmtr0jddwrpmpp4tfvvmsmfxt4dvllqkk0arq
lineage__lineage_depth,2.0,0.0,1.0986122886681098,ckb1qzda0cr08m85hc8jlnfp3zer7xulejywt49kt2rr0vthywaa50xwsqt9vmtr0jddwrpmpp4tfvvmsmfxt4dvllqkk0arq
lineage__lineage_repetition,0.0,-1.128899193514562,0.0,ckb1qzda0cr08m85hc8jlnfp3zer7xulejywt49kt2rr0vthywaa50xwsqt9vmtr0jddwrpmpp4tfvvmsmfxt4dvllqkk0arq
lineage__merge_count,1.0,-0.26957728969081496,0.6931471805599453,ckb1qzda0cr08m85hc8jlnfp3zer7xulejywt49kt2rr0vthywaa50xwsqt9vmtr0jddwrpmpp4tfvvmsmfxt4dvllqkk0arq
scripts__type_family_count,1.0,1.9951397255009098,0.6931471805599453,ckb1qzda0cr08m85hc8jlnfp3zer7xulejywt49kt2rr0vthywaa50xwsqt9vmtr0jddwrpmpp4tfvvmsmfxt4dvllqkk0arq
scripts__unique_lock_script_count,4.0,-0.14553555730732698,1.6094379124341003,ckb1qzda0cr08m85hc8jlnfp3zer7xulejywt49kt2rr0vthywaa50xwsqt9vmtr0jddwrpmpp4tfvvmsmfxt4dvllqkk0arq
scripts__unique_type_script_count,1.0,1.0,0.6931471805599453,ckb1qzda0cr08m85hc8jlnfp3zer7xulejywt49kt2rr0vthywaa50xwsqt9vmtr0jddwrpmpp4tfvvmsmfxt4dvllqkk0arq
capacity__capacity_repeat_ratio,0.7777777777777778,0.40184635996791107,0.7777777777777778,ckb1qzda0cr08m85hc8jlnfp3zer7xulejywt49kt2rr0vthywaa50xwsqtc39e2l04ha5t5fzvupspn49lftrglr8gw99j4e
capacity__target_consumed_capacity,1342497453478.0,-0.01856986098322005,27.925552766477725,ckb1qzda0cr08m85hc8jlnfp3zer7xulejywt49kt2rr0vthywaa50xwsqtc39e2l04ha5t5fzvupspn49lftrglr8gw99j4e
capacity__target_net_capacity_delta,-503501049060.0,-0.5654172500359506,-26.9448516326401,ckb1qzda0cr08m85hc8jlnfp3zer7xulejywt49kt2rr0vthywaa50xwsqtc39e2l04ha5t5fzvupspn49lftrglr8gw99j4e
lineage__continuation_count,0.0,0.0,0.0,ckb1qzda0cr08m85hc8jlnfp3zer7xulejywt49kt2rr0vthywaa50xwsqtc39e2l04ha5t5fzvupspn49lftrglr8gw99j4e
lineage__lineage_depth,2.0,0.0,1.0986122886681098,ckb1qzda0cr08m85hc8jlnfp3zer7xulejywt49kt2rr0vthywaa50xwsqtc39e2l04ha5t5fzvupspn49lftrglr8gw99j4e
lineage__lineage_repetition,0.9772727272727273,0.9787735716876843,0.9772727272727273,ckb1qzda0cr08m85hc8jlnfp3zer7xulejywt49kt2rr0vthywaa50xwsqtc39e2l04ha5t5fzvupspn49lftrglr8gw99j4e
lineage__merge_count,22.0,1.3542401020231662,3.1354942159291497,ckb1qzda0cr08m85hc8jlnfp3zer7xulejywt49kt2rr0vthywaa50xwsqtc39e2l04ha5t5fzvupspn49lftrglr8gw99j4e
scripts__type_family_count,0.0,-0.501218028601448,0.0,ckb1qzda0cr08m85hc8jlnfp3zer7xulejywt49kt2rr0vthywaa50xwsqtc39e2l04ha5t5fzvupspn49lftrglr8gw99j4e
scripts__unique_lock_script_count,63.0,1.8895223387506836,4.1588830833596715,ckb1qzda0cr08m85hc8jlnfp3zer7xulejywt49kt2rr0vthywaa50xwsqtc39e2l04ha5t5fzvupspn49lftrglr8gw99j4e
scripts__unique_type_script_count,0.0,0.0,0.0,ckb1qzda0cr08m85hc8jlnfp3zer7xulejywt49kt2rr0vthywaa50xwsqtc39e2l04ha5t5fzvupspn49lftrglr8gw99j4e
capacity__capacity_repeat_ratio,0.6060606060606061,0.015301886703766494,0.6060606060606061,ckb1qzda0cr08m85hc8jlnfp3zer7xulejywt49kt2rr0vthywaa50xwsqtcj3ytn3vr7ux8twl2esdzhwqklqm5a9qjff8zs
capacity__target_consumed_capacity,28132757499900.0,0.4200576054450411,30.967955760639878,ckb1qzda0cr08m85hc8jlnfp3zer7xulejywt49kt2rr0vthywaa50xwsqtcj3ytn3vr7ux8twl2esdzhwqklqm5a9qjff8zs
capacity__target_net_capacity_delta,9274897922600.0,0.6265544381777848,29.858332718711996,ckb1qzda0cr08m85hc8jlnfp3zer7xulejywt49kt2rr0vthywaa50xwsqtcj3ytn3vr7ux8twl2esdzhwqklqm5a9qjff8zs
lineage__continuation_count,5.0,2.584962500721156,1.791759469228055,ckb1qzda0cr08m85hc8jlnfp3zer7xulejywt49kt2rr0vthywaa50xwsqtcj3ytn3vr7ux8twl2esdzhwqklqm5a9qjff8zs
lineage__lineage_depth,7.0,2.419022582702908,2.0794415416798357,ckb1qzda0cr08m85hc8jlnfp3zer7xulejywt49kt2rr0vthywaa50xwsqtcj3ytn3vr7ux8twl2esdzhwqklqm5a9qjff8zs
lineage__lineage_repetition,0.9523809523809523,0.9250897692517466,0.9523809523809523,ckb1qzda0cr08m85hc8jlnfp3zer7xulejywt49kt2rr0vthywaa50xwsqtcj3ytn3vr7ux8twl2esdzhwqklqm5a9qjff8zs
lineage__merge_count,5.0,0.4608454206183701,1.791759469228055,ckb1qzda0cr08m85hc8jlnfp3zer7xulejywt49kt2rr0vthywaa50xwsqtcj3ytn3vr7ux8twl2esdzhwqklqm5a9qjff8zs
scripts__type_family_count,1.0,1.9951397255009098,0.6931471805599453,ckb1qzda0cr08m85hc8jlnfp3zer7xulejywt49kt2rr0vthywaa50xwsqtcj3ytn3vr7ux8twl2esdzhwqklqm5a9qjff8zs
scripts__unique_lock_script_count,7.0,0.229638071755347,2.0794415416798357,ckb1qzda0cr08m85hc8jlnfp3zer7xulejywt49kt2rr0vthywaa50xwsqtcj3ytn3vr7ux8twl2esdzhwqklqm5a9qjff8zs
scripts__unique_type_script_count,1.0,1.0,0.6931471805599453,ckb1qzda0cr08m85hc8jlnfp3zer7xulejywt49kt2rr0vthywaa50xwsqtcj3ytn3vr7ux8twl2esdzhwqklqm5a9qjff8zs
capacity__capacity_repeat_ratio,0.0,-1.3489727248167438,0.0,ckb1qzda0cr08m85hc8jlnfp3zer7xulejywt49kt2rr0vthywaa50xwsqtcpq6rsr3xmfz4xnav7vrszp3qwpcv9yg8urgcw
capacity__target_consumed_capacity,0.0,-4.044635599832544,0.0,ckb1qzda0cr08m85hc8jlnfp3zer7xulejywt49kt2rr0vthywaa50xwsqtcpq6rsr3xmfz4xnav7vrszp3qwpcv9yg8urgcw
capacity__target_net_capacity_delta,301741473746.0,0.5546730000449388,26.43283644050827,ckb1qzda0cr08m85hc8jlnfp3zer7xulejywt49kt2rr0vthywaa50xwsqtcpq6rsr3xmfz4xnav7vrszp3qwpcv9yg8urgcw
lineage__continuation_count,0.0,0.0,0.0,ckb1qzda0cr08m85hc8jlnfp3zer7xulejywt49kt2rr0vthywaa50xwsqtcpq6rsr3xmfz4xnav7vrszp3qwpcv9yg8urgcw
lineage__lineage_depth,1.0,-1.0,0.6931471805599453,ckb1qzda0cr08m85hc8jlnfp3zer7xulejywt49kt2rr0vthywaa50xwsqtcpq6rsr3xmfz4xnav7vrszp3qwpcv9yg8urgcw
lineage__lineage_repetition,1.0,1.027789217390062,1.0,ckb1qzda0cr08m85hc8jlnfp3zer7xulejywt49kt2rr0vthywaa50xwsqtcpq6rsr3xmfz4xnav7vrszp3qwpcv9yg8urgcw
lineage__merge_count,2.0,0.0,1.0986122886681098,ckb1qzda0cr08m85hc8jlnfp3zer7xulejywt49kt2rr0vthywaa50xwsqtcpq6rsr3xmfz4xnav7vrszp3qwpcv9yg8urgcw
scripts__type_family_count,0.0,-0.501218028601448,0.0,ckb1qzda0cr08m85hc8jlnfp3zer7xulejywt49kt2rr0vthywaa50xwsqtcpq6rsr3xmfz4xnav7vrszp3qwpcv9yg8urgcw
scripts__unique_lock_script_count,2.0,-0.5532947556651122,1.0986122886681098,ckb1qzda0cr08m85hc8jlnfp3zer7xulejywt49kt2rr0vthywaa50xwsqtcpq6rsr3xmfz4xnav7vrszp3qwpcv9yg8urgcw
scripts__unique_type_script_count,0.0,0.0,0.0,ckb1qzda0cr08m85hc8jlnfp3zer7xulejywt49kt2rr0vthywaa50xwsqtcpq6rsr3xmfz4xnav7vrszp3qwpcv9yg8urgcw
capacity__capacity_repeat_ratio,0.890625,0.6558714503942561,0.890625,ckb1qzda0cr08m85hc8jlnfp3zer7xulejywt49kt2rr0vthywaa50xwsqtcz03jau3958a7esc84ygpk8vj8ad0njcym245u
capacity__target_consumed_capacity,2.062780783981487e+17,1.7031895713733547,39.868001548547575,ckb1qzda0cr08m85hc8jlnfp3zer7xulejywt49kt2rr0vthywaa50xwsqtcz03jau3958a7esc84ygpk8vj8ad0njcym245u
capacity__target_net_capacity_delta,-104558054185921.0,-0.6773873101540674,-32.28076357552585,ckb1qzda0cr08m85hc8jlnfp3zer7xulejywt49kt2rr0vthywaa50xwsqtcz03jau3958a7esc84ygpk8vj8ad0njcym245u
lineage__continuation_count,56.0,5.832890014164742,4.04305126783455,ckb1qzda0cr08m85hc8jlnfp3zer7xulejywt49kt2rr0vthywaa50xwsqtcz03jau3958a7esc84ygpk8vj8ad0njcym245u
lineage__lineage_depth,40.0,6.449284354545778,3.713572066704308,ckb1qzda0cr08m85hc8jlnfp3zer7xulejywt49kt2rr0vthywaa50xwsqtcz03jau3958a7esc84ygpk8vj8ad0njcym245u
lineage__lineage_repetition,0.9253731343283582,0.8668423210538961,0.9253731343283582,ckb1qzda0cr08m85hc8jlnfp3zer7xulejywt49kt2rr0vthywaa50xwsqtcz03jau3958a7esc84ygpk8vj8ad0njcym245u
lineage__merge_count,6.0,0.5633339495715032,1.9459101490553132,ckb1qzda0cr08m85hc8jlnfp3zer7xulejywt49kt2rr0vthywaa50xwsqtcz03jau3958a7esc84ygpk8vj8ad0njcym245u
scripts__type_family_count,0.0,-0.501218028601448,0.0,ckb1qzda0cr08m85hc8jlnfp3zer7xulejywt49kt2rr0vthywaa50xwsqtcz03jau3958a7esc84ygpk8vj8ad0njcym245u
scripts__unique_lock_script_count,26.0,1.2006081234846426,3.295836866004329,ckb1qzda0cr08m85hc8jlnfp3zer7xulejywt49kt2rr0vthywaa50xwsqtcz03jau3958a7esc84ygpk8vj8ad0njcym245u
scripts__unique_type_script_count,0.0,0.0,0.0,ckb1qzda0cr08m85hc8jlnfp3zer7xulejywt49kt2rr0vthywaa50xwsqtcz03jau3958a7esc84ygpk8vj8ad0njcym245u
capacity__capacity_repeat_ratio,0.0,-1.3489727248167438,0.0,ckb1qzda0cr08m85hc8jlnfp3zer7xulejywt49kt2rr0vthywaa50xwsqtd9vhcdxgszckmrhj4em08p4l7g6u877ccyzsy7
capacity__target_consumed_capacity,0.0,-4.044635599832544,0.0,ckb1qzda0cr08m85hc8jlnfp3zer7xulejywt49kt2rr0vthywaa50xwsqtd9vhcdxgszckmrhj4em08p4l7g6u877ccyzsy7
capacity__target_net_capacity_delta,14613942356068.0,0.636095225895801,30.312997144857675,ckb1qzda0cr08m85hc8jlnfp3zer7xulejywt49kt2rr0vthywaa50xwsqtd9vhcdxgszckmrhj4em08p4l7g6u877ccyzsy7
lineage__continuation_count,0.0,0.0,0.0,ckb1qzda0cr08m85hc8jlnfp3zer7xulejywt49kt2rr0vthywaa50xwsqtd9vhcdxgszckmrhj4em08p4l7g6u877ccyzsy7
lineage__lineage_depth,1.0,-1.0,0.6931471805599453,ckb1qzda0cr08m85hc8jlnfp3zer7xulejywt49kt2rr0vthywaa50xwsqtd9vhcdxgszckmrhj4em08p4l7g6u877ccyzsy7
lineage__lineage_repetition,0.0,-1.128899193514562,0.0,ckb1qzda0cr08m85hc8jlnfp3zer7xulejywt49kt2rr0vthywaa50xwsqtd9vhcdxgszckmrhj4em08p4l7g6u877ccyzsy7
lineage__merge_count,1.0,-0.26957728969081496,0.6931471805599453,ckb1qzda0cr08m85hc8jlnfp3zer7xulejywt49kt2rr0vthywaa50xwsqtd9vhcdxgszckmrhj4em08p4l7g6u877ccyzsy7
scripts__type_family_count,0.0,-0.501218028601448,0.0,ckb1qzda0cr08m85hc8jlnfp3zer7xulejywt49kt2rr0vthywaa50xwsqtd9vhcdxgszckmrhj4em08p4l7g6u877ccyzsy7
scripts__unique_lock_script_count,11.0,0.5532947556651123,2.4849066497880004,ckb1qzda0cr08m85hc8jlnfp3zer7xulejywt49kt2rr0vthywaa50xwsqtd9vhcdxgszckmrhj4em08p4l7g6u877ccyzsy7
scripts__unique_type_script_count,0.0,0.0,0.0,ckb1qzda0cr08m85hc8jlnfp3zer7xulejywt49kt2rr0vthywaa50xwsqtd9vhcdxgszckmrhj4em08p4l7g6u877ccyzsy7
capacity__capacity_repeat_ratio,1.0,0.9020803841920981,1.0,ckb1qzda0cr08m85hc8jlnfp3zer7xulejywt49kt2rr0vthywaa50xwsqtdc7efeq2t3xnqhtp336tfxd9sns8hz4cg3qf4y
capacity__target_consumed_capacity,100000000000.0,-0.3929997900295229,25.3284360229445,ckb1qzda0cr08m85hc8jlnfp3zer7xulejywt49kt2rr0vthywaa50xwsqtdc7efeq2t3xnqhtp336tfxd9sns8hz4cg3qf4y
capacity__target_net_capacity_delta,0.0,0.0,0.0,ckb1qzda0cr08m85hc8jlnfp3zer7xulejywt49kt2rr0vthywaa50xwsqtdc7efeq2t3xnqhtp336tfxd9sns8hz4cg3qf4y
lineage__continuation_count,0.0,0.0,0.0,ckb1qzda0cr08m85hc8jlnfp3zer7xulejywt49kt2rr0vthywaa50xwsqtdc7efeq2t3xnqhtp336tfxd9sns8hz4cg3qf4y
lineage__lineage_depth,2.0,0.0,1.0986122886681098,ckb1qzda0cr08m85hc8jlnfp3zer7xulejywt49kt2rr0vthywaa50xwsqtdc7efeq2t3xnqhtp336tfxd9sns8hz4cg3qf4y
lineage__lineage_repetition,0.0,-1.128899193514562,0.0,ckb1qzda0cr08m85hc8jlnfp3zer7xulejywt49kt2rr0vthywaa50xwsqtdc7efeq2t3xnqhtp336tfxd9sns8hz4cg3qf4y
lineage__merge_count,0.0,-0.7304227103091852,0.0,ckb1qzda0cr08m85hc8jlnfp3zer7xulejywt49kt2rr0vthywaa50xwsqtdc7efeq2t3xnqhtp336tfxd9sns8hz4cg3qf4y
scripts__type_family_count,0.0,-0.501218028601448,0.0,ckb1qzda0cr08m85hc8jlnfp3zer7xulejywt49kt2rr0vthywaa50xwsqtdc7efeq2t3xnqhtp336tfxd9sns8hz4cg3qf4y
scripts__unique_lock_script_count,3.0,-0.3236566839097652,1.3862943611198906,ckb1qzda0cr08m85hc8jlnfp3zer7xulejywt49kt2rr0vthywaa50xwsqtdc7efeq2t3xnqhtp336tfxd9sns8hz4cg3qf4y
scripts__unique_type_script_count,0.0,0.0,0.0,ckb1qzda0cr08m85hc8jlnfp3zer7xulejywt49kt2rr0vthywaa50xwsqtdc7efeq2t3xnqhtp336tfxd9sns8hz4cg3qf4y
capacity__capacity_repeat_ratio,0.9281767955801105,0.7404025365837282,0.9281767955801105,ckb1qzda0cr08m85hc8jlnfp3zer7xulejywt49kt2rr0vthywaa50xwsqtdjy59w688e9h3e6spw0ypv7k69nl2h6q3sma2z
capacity__target_consumed_capacity,44048726112012.0,0.4846985473392523,31.416317548755522,ckb1qzda0cr08m85hc8jlnfp3zer7xulejywt49kt2rr0vthywaa50xwsqtdjy59w688e9h3e6spw0ypv7k69nl2h6q3sma2z
capacity__target_net_capacity_delta,-7551762789338.0,-0.6222415349334707,-29.65280213396845,ckb1qzda0cr08m85hc8jlnfp3zer7xulejywt49kt2rr0vthywaa50xwsqtdjy59w688e9h3e6spw0ypv7k69nl2h6q3sma2z
lineage__continuation_count,40.0,5.357552004618084,3.713572066704308,ckb1qzda0cr08m85hc8jlnfp3zer7xulejywt49kt2rr0vthywaa50xwsqtdjy59w688e9h3e6spw0ypv7k69nl2h6q3sma2z
lineage__lineage_depth,13.0,3.7992049380885557,2.6390573296152584,ckb1qzda0cr08m85hc8jlnfp3zer7xulejywt49kt2rr0vthywaa50xwsqtdjy59w688e9h3e6spw0ypv7k69nl2h6q3sma2z
lineage__lineage_repetition,0.8181818181818182,0.6356640517710396,0.8181818181818182,ckb1qzda0cr08m85hc8jlnfp3zer7xulejywt49kt2rr0vthywaa50xwsqtdjy59w688e9h3e6spw0ypv7k69nl2h6q3sma2z
lineage__merge_count,40.0,1.738580596743828,3.713572066704308,ckb1qzda0cr08m85hc8jlnfp3zer7xulejywt49kt2rr0vthywaa50xwsqtdjy59w688e9h3e6spw0ypv7k69nl2h6q3sma2z
scripts__type_family_count,0.0,-0.501218028601448,0.0,ckb1qzda0cr08m85hc8jlnfp3zer7xulejywt49kt2rr0vthywaa50xwsqtdjy59w688e9h3e6spw0ypv7k69nl2h6q3sma2z
scripts__unique_lock_script_count,16.0,0.8313255587998426,2.833213344056216,ckb1qzda0cr08m85hc8jlnfp3zer7xulejywt49kt2rr0vthywaa50xwsqtdjy59w688e9h3e6spw0ypv7k69nl2h6q3sma2z
scripts__unique_type_script_count,15.0,4.0,2.772588722239781,ckb1qzda0cr08m85hc8jlnfp3zer7xulejywt49kt2rr0vthywaa50xwsqtdjy59w688e9h3e6spw0ypv7k69nl2h6q3sma2z
capacity__capacity_repeat_ratio,0.0,-1.3489727248167438,0.0,ckb1qzda0cr08m85hc8jlnfp3zer7xulejywt49kt2rr0vthywaa50xwsqtdvhzxzyqcqqu3qu548g0yfhyhkn68s0s5tlqdh
capacity__target_consumed_capacity,0.0,-4.044635599832544,0.0,ckb1qzda0cr08m85hc8jlnfp3zer7xulejywt49kt2rr0vthywaa50xwsqtdvhzxzyqcqqu3qu548g0yfhyhkn68s0s5tlqdh
capacity__target_net_capacity_delta,3332009125669.0,0.6050721126947771,28.834596579025913,ckb1qzda0cr08m85hc8jlnfp3zer7xulejywt49kt2rr0vthywaa50xwsqtdvhzxzyqcqqu3qu548g0yfhyhkn68s0s5tlqdh
lineage__continuation_count,0.0,0.0,0.0,ckb1qzda0cr08m85hc8jlnfp3zer7xulejywt49kt2rr0vthywaa50xwsqtdvhzxzyqcqqu3qu548g0yfhyhkn68s0s5tlqdh
lineage__lineage_depth,1.0,-1.0,0.6931471805599453,ckb1qzda0cr08m85hc8jlnfp3zer7xulejywt49kt2rr0vthywaa50xwsqtdvhzxzyqcqqu3qu548g0yfhyhkn68s0s5tlqdh
lineage__lineage_repetition,1.0,1.027789217390062,1.0,ckb1qzda0cr08m85hc8jlnfp3zer7xulejywt49kt2rr0vthywaa50xwsqtdvhzxzyqcqqu3qu548g0yfhyhkn68s0s5tlqdh
lineage__merge_count,0.0,-0.7304227103091852,0.0,ckb1qzda0cr08m85hc8jlnfp3zer7xulejywt49kt2rr0vthywaa50xwsqtdvhzxzyqcqqu3qu548g0yfhyhkn68s0s5tlqdh
scripts__type_family_count,0.0,-0.501218028601448,0.0,ckb1qzda0cr08m85hc8jlnfp3zer7xulejywt49kt2rr0vthywaa50xwsqtdvhzxzyqcqqu3qu548g0yfhyhkn68s0s5tlqdh
scripts__unique_lock_script_count,29.0,1.284710637932663,3.4011973816621555,ckb1qzda0cr08m85hc8jlnfp3zer7xulejywt49kt2rr0vthywaa50xwsqtdvhzxzyqcqqu3qu548g0yfhyhkn68s0s5tlqdh
scripts__unique_type_script_count,0.0,0.0,0.0,ckb1qzda0cr08m85hc8jlnfp3zer7xulejywt49kt2rr0vthywaa50xwsqtdvhzxzyqcqqu3qu548g0yfhyhkn68s0s5tlqdh
capacity__capacity_repeat_ratio,1.0,0.9020803841920981,1.0,ckb1qzda0cr08m85hc8jlnfp3zer7xulejywt49kt2rr0vthywaa50xwsqtdwr0smrhh7h0pnkg2yve4ux7mfk3k9nswdj2s2
capacity__target_consumed_capacity,654215291961.0,-0.12220752755361332,27.20670232683406,ckb1qzda0cr08m85hc8jlnfp3zer7xulejywt49kt2rr0vthywaa50xwsqtdwr0smrhh7h0pnkg2yve4ux7mfk3k9nswdj2s2
capacity__target_net_capacity_delta,0.0,0.0,0.0,ckb1qzda0cr08m85hc8jlnfp3zer7xulejywt49kt2rr0vthywaa50xwsqtdwr0smrhh7h0pnkg2yve4ux7mfk3k9nswdj2s2
lineage__continuation_count,0.0,0.0,0.0,ckb1qzda0cr08m85hc8jlnfp3zer7xulejywt49kt2rr0vthywaa50xwsqtdwr0smrhh7h0pnkg2yve4ux7mfk3k9nswdj2s2
lineage__lineage_depth,2.0,0.0,1.0986122886681098,ckb1qzda0cr08m85hc8jlnfp3zer7xulejywt49kt2rr0vthywaa50xwsqtdwr0smrhh7h0pnkg2yve4ux7mfk3k9nswdj2s2
lineage__lineage_repetition,0.0,-1.128899193514562,0.0,ckb1qzda0cr08m85hc8jlnfp3zer7xulejywt49kt2rr0vthywaa50xwsqtdwr0smrhh7h0pnkg2yve4ux7mfk3k9nswdj2s2
lineage__merge_count,0.0,-0.7304227103091852,0.0,ckb1qzda0cr08m85hc8jlnfp3zer7xulejywt49kt2rr0vthywaa50xwsqtdwr0smrhh7h0pnkg2yve4ux7mfk3k9nswdj2s2
scripts__type_family_count,0.0,-0.501218028601448,0.0,ckb1qzda0cr08m85hc8jlnfp3zer7xulejywt49kt2rr0vthywaa50xwsqtdwr0smrhh7h0pnkg2yve4ux7mfk3k9nswdj2s2
scripts__unique_lock_script_count,3.0,-0.3236566839097652,1.3862943611198906,ckb1qzda0cr08m85hc8jlnfp3zer7xulejywt49kt2rr0vthywaa50xwsqtdwr0smrhh7h0pnkg2yve4ux7mfk3k9nswdj2s2
scripts__unique_type_script_count,0.0,0.0,0.0,ckb1qzda0cr08m85hc8jlnfp3zer7xulejywt49kt2rr0vthywaa50xwsqtdwr0smrhh7h0pnkg2yve4ux7mfk3k9nswdj2s2
capacity__capacity_repeat_ratio,1.0,0.9020803841920981,1.0,ckb1qzda0cr08m85hc8jlnfp3zer7xulejywt49kt2rr0vthywaa50xwsqte8ruahspqmzkwmeuae4v5yymsg8r9r7spk8h0y
capacity__target_consumed_capacity,23410000000000.0,0.39356303270077636,30.78418439743141,ckb1qzda0cr08m85hc8jlnfp3zer7xulejywt49kt2rr0vthywaa50xwsqte8ruahspqmzkwmeuae4v5yymsg8r9r7spk8h0y
capacity__target_net_capacity_delta,0.0,0.0,0.0,ckb1qzda0cr08m85hc8jlnfp3zer7xulejywt49kt2rr0vthywaa50xwsqte8ruahspqmzkwmeuae4v5yymsg8r9r7spk8h0y
lineage__continuation_count,0.0,0.0,0.0,ckb1qzda0cr08m85hc8jlnfp3zer7xulejywt49kt2rr0vthywaa50xwsqte8ruahspqmzkwmeuae4v5yymsg8r9r7spk8h0y
lineage__lineage_depth,3.0,0.7095112913514542,1.3862943611198906,ckb1qzda0cr08m85hc8jlnfp3zer7xulejywt49kt2rr0vthywaa50xwsqte8ruahspqmzkwmeuae4v5yymsg8r9r7spk8h0y
lineage__lineage_repetition,0.5,-0.05055498806225001,0.5,ckb1qzda0cr08m85hc8jlnfp3zer7xulejywt49kt2rr0vthywaa50xwsqte8ruahspqmzkwmeuae4v5yymsg8r9r7spk8h0y
lineage__merge_count,1.0,-0.26957728969081496,0.6931471805599453,ckb1qzda0cr08m85hc8jlnfp3zer7xulejywt49kt2rr0vthywaa50xwsqte8ruahspqmzkwmeuae4v5yymsg8r9r7spk8h0y
scripts__type_family_count,0.0,-0.501218028601448,0.0,ckb1qzda0cr08m85hc8jlnfp3zer7xulejywt49kt2rr0vthywaa50xwsqte8ruahspqmzkwmeuae4v5yymsg8r9r7spk8h0y
scripts__unique_lock_script_count,6.0,0.12304856042512263,1.9459101490553132,ckb1qzda0cr08m85hc8jlnfp3zer7xulejywt49kt2rr0vthywaa50xwsqte8ruahspqmzkwmeuae4v5yymsg8r9r7spk8h0y
scripts__unique_type_script_count,0.0,0.0,0.0,ckb1qzda0cr08m85hc8jlnfp3zer7xulejywt49kt2rr0vthywaa50xwsqte8ruahspqmzkwmeuae4v5yymsg8r9r7spk8h0y
capacity__capacity_repeat_ratio,0.0,-1.3489727248167438,0.0,ckb1qzda0cr08m85hc8jlnfp3zer7xulejywt49kt2rr0vthywaa50xwsqtefa8zf5x0lltkreu77zv5830nwkld24gwljv3p
capacity__target_consumed_capacity,0.0,-4.044635599832544,0.0,ckb1qzda0cr08m85hc8jlnfp3zer7xulejywt49kt2rr0vthywaa50xwsqtefa8zf5x0lltkreu77zv5830nwkld24gwljv3p
capacity__target_net_capacity_delta,15212499995740.0,0.6369375633028223,30.353138573962227,ckb1qzda0cr08m85hc8jlnfp3zer7xulejywt49kt2rr0vthywaa50xwsqtefa8zf5x0lltkreu77zv5830nwkld24gwljv3p
lineage__continuation_count,0.0,0.0,0.0,ckb1qzda0cr08m85hc8jlnfp3zer7xulejywt49kt2rr0vthywaa50xwsqtefa8zf5x0lltkreu77zv5830nwkld24gwljv3p
lineage__lineage_depth,1.0,-1.0,0.6931471805599453,ckb1qzda0cr08m85hc8jlnfp3zer7xulejywt49kt2rr0vthywaa50xwsqtefa8zf5x0lltkreu77zv5830nwkld24gwljv3p
lineage__lineage_repetition,0.6666666666666666,0.3088930804218539,0.6666666666666666,ckb1qzda0cr08m85hc8jlnfp3zer7xulejywt49kt2rr0vthywaa50xwsqtefa8zf5x0lltkreu77zv5830nwkld24gwljv3p
lineage__merge_count,0.0,-0.7304227103091852,0.0,ckb1qzda0cr08m85hc8jlnfp3zer7xulejywt49kt2rr0vthywaa50xwsqtefa8zf5x0lltkreu77zv5830nwkld24gwljv3p
scripts__type_family_count,0.0,-0.501218028601448,0.0,ckb1qzda0cr08m85hc8jlnfp3zer7xulejywt49kt2rr0vthywaa50xwsqtefa8zf5x0lltkreu77zv5830nwkld24gwljv3p
scripts__unique_lock_script_count,4.0,-0.14553555730732698,1.6094379124341003,ckb1qzda0cr08m85hc8jlnfp3zer7xulejywt49kt2rr0vthywaa50xwsqtefa8zf5x0lltkreu77zv5830nwkld24gwljv3p
scripts__unique_type_script_count,0.0,0.0,0.0,ckb1qzda0cr08m85hc8jlnfp3zer7xulejywt49kt2rr0vthywaa50xwsqtefa8zf5x0lltkreu77zv5830nwkld24gwljv3p
capacity__capacity_repeat_ratio,1.0,0.9020803841920981,1.0,ckb1qzda0cr08m85hc8jlnfp3zer7xulejywt49kt2rr0vthywaa50xwsqteuhr80vfws6en6ju03huzvp3xh9z0juqelhgxu
capacity__target_consumed_capacity,205746141587833.0,0.7069166357617891,32.95766420239535,ckb1qzda0cr08m85hc8jlnfp3zer7xulejywt49kt2rr0vthywaa50xwsqteuhr80vfws6en6ju03huzvp3xh9z0juqelhgxu
capacity__target_net_capacity_delta,0.0,0.0,0.0,ckb1qzda0cr08m85hc8jlnfp3zer7xulejywt49kt2rr0vthywaa50xwsqteuhr80vfws6en6ju03huzvp3xh9z0juqelhgxu
lineage__continuation_count,0.0,0.0,0.0,ckb1qzda0cr08m85hc8jlnfp3zer7xulejywt49kt2rr0vthywaa50xwsqteuhr80vfws6en6ju03huzvp3xh9z0juqelhgxu
lineage__lineage_depth,2.0,0.0,1.0986122886681098,ckb1qzda0cr08m85hc8jlnfp3zer7xulejywt49kt2rr0vthywaa50xwsqteuhr80vfws6en6ju03huzvp3xh9z0juqelhgxu
lineage__lineage_repetition,1.0,1.027789217390062,1.0,ckb1qzda0cr08m85hc8jlnfp3zer7xulejywt49kt2rr0vthywaa50xwsqteuhr80vfws6en6ju03huzvp3xh9z0juqelhgxu
lineage__merge_count,0.0,-0.7304227103091852,0.0,ckb1qzda0cr08m85hc8jlnfp3zer7xulejywt49kt2rr0vthywaa50xwsqteuhr80vfws6en6ju03huzvp3xh9z0juqelhgxu
scripts__type_family_count,0.0,-0.501218028601448,0.0,ckb1qzda0cr08m85hc8jlnfp3zer7xulejywt49kt2rr0vthywaa50xwsqteuhr80vfws6en6ju03huzvp3xh9z0juqelhgxu
scripts__unique_lock_script_count,4.0,-0.14553555730732698,1.6094379124341003,ckb1qzda0cr08m85hc8jlnfp3zer7xulejywt49kt2rr0vthywaa50xwsqteuhr80vfws6en6ju03huzvp3xh9z0juqelhgxu
scripts__unique_type_script_count,0.0,0.0,0.0,ckb1qzda0cr08m85hc8jlnfp3zer7xulejywt49kt2rr0vthywaa50xwsqteuhr80vfws6en6ju03huzvp3xh9z0juqelhgxu
capacity__capacity_repeat_ratio,1.0,0.9020803841920981,1.0,ckb1qzda0cr08m85hc8jlnfp3zer7xulejywt49kt2rr0vthywaa50xwsqtf8pf9tn3xzl0pjnwpyp49nqyazx5rwts7a7d5z
capacity__target_consumed_capacity,300000000000.0,-0.23461133008941318,26.427048311605944,ckb1qzda0cr08m85hc8jlnfp3zer7xulejywt49kt2rr0vthywaa50xwsqtf8pf9tn3xzl0pjnwpyp49nqyazx5rwts7a7d5z
capacity__target_net_capacity_delta,-150000000000.0,-0.5400063733358654,-25.733901131049333,ckb1qzda0cr08m85hc8jlnfp3zer7xulejywt49kt2rr0vthywaa50xwsqtf8pf9tn3xzl0pjnwpyp49nqyazx5rwts7a7d5z
lineage__continuation_count,1.0,1.0,0.6931471805599453,ckb1qzda0cr08m85hc8jlnfp3zer7xulejywt49kt2rr0vthywaa50xwsqtf8pf9tn3xzl0pjnwpyp49nqyazx5rwts7a7d5z
lineage__lineage_depth,2.0,0.0,1.0986122886681098,ckb1qzda0cr08m85hc8jlnfp3zer7xulejywt49kt2rr0vthywaa50xwsqtf8pf9tn3xzl0pjnwpyp49nqyazx5rwts7a7d5z
lineage__lineage_repetition,0.0,-1.128899193514562,0.0,ckb1qzda0cr08m85hc8jlnfp3zer7xulejywt49kt2rr0vthywaa50xwsqtf8pf9tn3xzl0pjnwpyp49nqyazx5rwts7a7d5z
lineage__merge_count,1.0,-0.26957728969081496,0.6931471805599453,ckb1qzda0cr08m85hc8jlnfp3zer7xulejywt49kt2rr0vthywaa50xwsqtf8pf9tn3xzl0pjnwpyp49nqyazx5rwts7a7d5z
scripts__type_family_count,1.0,1.9951397255009098,0.6931471805599453,ckb1qzda0cr08m85hc8jlnfp3zer7xulejywt49kt2rr0vthywaa50xwsqtf8pf9tn3xzl0pjnwpyp49nqyazx5rwts7a7d5z
scripts__unique_lock_script_count,4.0,-0.14553555730732698,1.6094379124341003,ckb1qzda0cr08m85hc8jlnfp3zer7xulejywt49kt2rr0vthywaa50xwsqtf8pf9tn3xzl0pjnwpyp49nqyazx5rwts7a7d5z
scripts__unique_type_script_count,1.0,1.0,0.6931471805599453,ckb1qzda0cr08m85hc8jlnfp3zer7xulejywt49kt2rr0vthywaa50xwsqtf8pf9tn3xzl0pjnwpyp49nqyazx5rwts7a7d5z
capacity__capacity_repeat_ratio,1.0,0.9020803841920981,1.0,ckb1qzda0cr08m85hc8jlnfp3zer7xulejywt49kt2rr0vthywaa50xwsqtfs070fqhspjhhzf0l5d2hrpd5hjvzmkgh8p6j2
capacity__target_consumed_capacity,250826308320.0,-0.2604211479287632,26.24802653781545,ckb1qzda0cr08m85hc8jlnfp3zer7xulejywt49kt2rr0vthywaa50xwsqtfs070fqhspjhhzf0l5d2hrpd5hjvzmkgh8p6j2
capacity__target_net_capacity_delta,0.0,0.0,0.0,ckb1qzda0cr08m85hc8jlnfp3zer7xulejywt49kt2rr0vthywaa50xwsqtfs070fqhspjhhzf0l5d2hrpd5hjvzmkgh8p6j2
lineage__continuation_count,0.0,0.0,0.0,ckb1qzda0cr08m85hc8jlnfp3zer7xulejywt49kt2rr0vthywaa50xwsqtfs070fqhspjhhzf0l5d2hrpd5hjvzmkgh8p6j2
lineage__lineage_depth,2.0,0.0,1.0986122886681098,ckb1qzda0cr08m85hc8jlnfp3zer7xulejywt49kt2rr0vthywaa50xwsqtfs070fqhspjhhzf0l5d2hrpd5hjvzmkgh8p6j2
lineage__lineage_repetition,0.4,-0.26622382915271237,0.4,ckb1qzda0cr08m85hc8jlnfp3zer7xulejywt49kt2rr0vthywaa50xwsqtfs070fqhspjhhzf0l5d2hrpd5hjvzmkgh8p6j2
lineage__merge_count,6.0,0.5633339495715032,1.9459101490553132,ckb1qzda0cr08m85hc8jlnfp3zer7xulejywt49kt2rr0vthywaa50xwsqtfs070fqhspjhhzf0l5d2hrpd5hjvzmkgh8p6j2
scripts__type_family_count,0.0,-0.501218028601448,0.0,ckb1qzda0cr08m85hc8jlnfp3zer7xulejywt49kt2rr0vthywaa50xwsqtfs070fqhspjhhzf0l5d2hrpd5hjvzmkgh8p6j2
scripts__unique_lock_script_count,23.0,1.1065895113302247,3.1780538303479458,ckb1qzda0cr08m85hc8jlnfp3zer7xulejywt49kt2rr0vthywaa50xwsqtfs070fqhspjhhzf0l5d2hrpd5hjvzmkgh8p6j2
scripts__unique_type_script_count,0.0,0.0,0.0,ckb1qzda0cr08m85hc8jlnfp3zer7xulejywt49kt2rr0vthywaa50xwsqtfs070fqhspjhhzf0l5d2hrpd5hjvzmkgh8p6j2
capacity__capacity_repeat_ratio,1.0,0.9020803841920981,1.0,ckb1qzda0cr08m85hc8jlnfp3zer7xulejywt49kt2rr0vthywaa50xwsqtg2eyp82x7jqlmy9ggy6nwp4kf3nzzkpqfgp859
capacity__target_consumed_capacity,267903617680245.0,0.7449756037362972,33.22164839623357,ckb1qzda0cr08m85hc8jlnfp3zer7xulejywt49kt2rr0vthywaa50xwsqtg2eyp82x7jqlmy9ggy6nwp4kf3nzzkpqfgp859
capacity__target_net_capacity_delta,0.0,0.0,0.0,ckb1qzda0cr08m85hc8jlnfp3zer7xulejywt49kt2rr0vthywaa50xwsqtg2eyp82x7jqlmy9ggy6nwp4kf3nzzkpqfgp859
lineage__continuation_count,0.0,0.0,0.0,ckb1qzda0cr08m85hc8jlnfp3zer7xulejywt49kt2rr0vthywaa50xwsqtg2eyp82x7jqlmy9ggy6nwp4kf3nzzkpqfgp859
lineage__lineage_depth,2.0,0.0,1.0986122886681098,ckb1qzda0cr08m85hc8jlnfp3zer7xulejywt49kt2rr0vthywaa50xwsqtg2eyp82x7jqlmy9ggy6nwp4kf3nzzkpqfgp859
lineage__lineage_repetition,0.5,-0.05055498806225001,0.5,ckb1qzda0cr08m85hc8jlnfp3zer7xulejywt49kt2rr0vthywaa50xwsqtg2eyp82x7jqlmy9ggy6nwp4kf3nzzkpqfgp859
lineage__merge_count,0.0,-0.7304227103091852,0.0,ckb1qzda0cr08m85hc8jlnfp3zer7xulejywt49kt2rr0vthywaa50xwsqtg2eyp82x7jqlmy9ggy6nwp4kf3nzzkpqfgp859
scripts__type_family_count,0.0,-0.501218028601448,0.0,ckb1qzda0cr08m85hc8jlnfp3zer7xulejywt49kt2rr0vthywaa50xwsqtg2eyp82x7jqlmy9ggy6nwp4kf3nzzkpqfgp859
scripts__unique_lock_script_count,4.0,-0.14553555730732698,1.6094379124341003,ckb1qzda0cr08m85hc8jlnfp3zer7xulejywt49kt2rr0vthywaa50xwsqtg2eyp82x7jqlmy9ggy6nwp4kf3nzzkpqfgp859
scripts__unique_type_script_count,0.0,0.0,0.0,ckb1qzda0cr08m85hc8jlnfp3zer7xulejywt49kt2rr0vthywaa50xwsqtg2eyp82x7jqlmy9ggy6nwp4kf3nzzkpqfgp859
capacity__capacity_repeat_ratio,1.0,0.9020803841920981,1.0,ckb1qzda0cr08m85hc8jlnfp3zer7xulejywt49kt2rr0vthywaa50xwsqtg608sukx6zv02svdu0hm3304fxhfrfzqvaphhu
capacity__target_consumed_capacity,835446400000000.0,0.9089473348332633,34.358987308704414,ckb1qzda0cr08m85hc8jlnfp3zer7xulejywt49kt2rr0vthywaa50xwsqtg608sukx6zv02svdu0hm3304fxhfrfzqvaphhu
capacity__target_net_capacity_delta,0.0,0.0,0.0,ckb1qzda0cr08m85hc8jlnfp3zer7xulejywt49kt2rr0vthywaa50xwsqtg608sukx6zv02svdu0hm3304fxhfrfzqvaphhu
lineage__continuation_count,0.0,0.0,0.0,ckb1qzda0cr08m85hc8jlnfp3zer7xulejywt49kt2rr0vthywaa50xwsqtg608sukx6zv02svdu0hm3304fxhfrfzqvaphhu
lineage__lineage_depth,2.0,0.0,1.0986122886681098,ckb1qzda0cr08m85hc8jlnfp3zer7xulejywt49kt2rr0vthywaa50xwsqtg608sukx6zv02svdu0hm3304fxhfrfzqvaphhu
lineage__lineage_repetition,0.0,-1.128899193514562,0.0,ckb1qzda0cr08m85hc8jlnfp3zer7xulejywt49kt2rr0vthywaa50xwsqtg608sukx6zv02svdu0hm3304fxhfrfzqvaphhu
lineage__merge_count,1.0,-0.26957728969081496,0.6931471805599453,ckb1qzda0cr08m85hc8jlnfp3zer7xulejywt49kt2rr0vthywaa50xwsqtg608sukx6zv02svdu0hm3304fxhfrfzqvaphhu
scripts__type_family_count,0.0,-0.501218028601448,0.0,ckb1qzda0cr08m85hc8jlnfp3zer7xulejywt49kt2rr0vthywaa50xwsqtg608sukx6zv02svdu0hm3304fxhfrfzqvaphhu
scripts__unique_lock_script_count,3.0,-0.3236566839097652,1.3862943611198906,ckb1qzda0cr08m85hc8jlnfp3zer7xulejywt49kt2rr0vthywaa50xwsqtg608sukx6zv02svdu0hm3304fxhfrfzqvaphhu
scripts__unique_type_script_count,0.0,0.0,0.0,ckb1qzda0cr08m85hc8jlnfp3zer7xulejywt49kt2rr0vthywaa50xwsqtg608sukx6zv02svdu0hm3304fxhfrfzqvaphhu
capacity__capacity_repeat_ratio,1.0,0.9020803841920981,1.0,ckb1qzda0cr08m85hc8jlnfp3zer7xulejywt49kt2rr0vthywaa50xwsqtgcug2zyn96tlrk38uespknjpm9kje90cuwuc97
capacity__target_consumed_capacity,2038166080637.0,0.04162440055803927,28.343071539380333,ckb1qzda0cr08m85hc8jlnfp3zer7xulejywt49kt2rr0vthywaa50xwsqtgcug2zyn96tlrk38uespknjpm9kje90cuwuc97
capacity__target_net_capacity_delta,0.0,0.0,0.0,ckb1qzda0cr08m85hc8jlnfp3zer7xulejywt49kt2rr0vthywaa50xwsqtgcug2zyn96tlrk38uespknjpm9kje90cuwuc97
lineage__continuation_count,0.0,0.0,0.0,ckb1qzda0cr08m85hc8jlnfp3zer7xulejywt49kt2rr0vthywaa50xwsqtgcug2zyn96tlrk38uespknjpm9kje90cuwuc97
lineage__lineage_depth,2.0,0.0,1.0986122886681098,ckb1qzda0cr08m85hc8jlnfp3zer7xulejywt49kt2rr0vthywaa50xwsqtgcug2zyn96tlrk38uespknjpm9kje90cuwuc97
lineage__lineage_repetition,0.0,-1.128899193514562,0.0,ckb1qzda0cr08m85hc8jlnfp3zer7xulejywt49kt2rr0vthywaa50xwsqtgcug2zyn96tlrk38uespknjpm9kje90cuwuc97
lineage__merge_count,0.0,-0.7304227103091852,0.0,ckb1qzda0cr08m85hc8jlnfp3zer7xulejywt49kt2rr0vthywaa50xwsqtgcug2zyn96tlrk38uespknjpm9kje90cuwuc97
scripts__type_family_count,0.0,-0.501218028601448,0.0,ckb1qzda0cr08m85hc8jlnfp3zer7xulejywt49kt2rr0vthywaa50xwsqtgcug2zyn96tlrk38uespknjpm9kje90cuwuc97
scripts__unique_lock_script_count,3.0,-0.3236566839097652,1.3862943611198906,ckb1qzda0cr08m85hc8jlnfp3zer7xulejywt49kt2rr0vthywaa50xwsqtgcug2zyn96tlrk38uespknjpm9kje90cuwuc97
scripts__unique_type_script_count,0.0,0.0,0.0,ckb1qzda0cr08m85hc8jlnfp3zer7xulejywt49kt2rr0vthywaa50xwsqtgcug2zyn96tlrk38uespknjpm9kje90cuwuc97
capacity__capacity_repeat_ratio,1.0,0.9020803841920981,1.0,ckb1qzda0cr08m85hc8jlnfp3zer7xulejywt49kt2rr0vthywaa50xwsqtkpvummtxgqsj3c4hjzz72atds4jf8zcsyp90ve
capacity__target_consumed_capacity,400000000000.0,-0.19313580603223904,26.714730384056892,ckb1qzda0cr08m85hc8jlnfp3zer7xulejywt49kt2rr0vthywaa50xwsqtkpvummtxgqsj3c4hjzz72atds4jf8zcsyp90ve
capacity__target_net_capacity_delta,-200000000000.0,-0.5460431631652198,-26.021583203499446,ckb1qzda0cr08m85hc8jlnfp3zer7xulejywt49kt2rr0vthywaa50xwsqtkpvummtxgqsj3c4hjzz72atds4jf8zcsyp90ve
lineage__continuation_count,1.0,1.0,0.6931471805599453,ckb1qzda0cr08m85hc8jlnfp3zer7xulejywt49kt2rr0vthywaa50xwsqtkpvummtxgqsj3c4hjzz72atds4jf8zcsyp90ve
lineage__lineage_depth,2.0,0.0,1.0986122886681098,ckb1qzda0cr08m85hc8jlnfp3zer7xulejywt49kt2rr0vthywaa50xwsqtkpvummtxgqsj3c4hjzz72atds4jf8zcsyp90ve
lineage__lineage_repetition,0.0,-1.128899193514562,0.0,ckb1qzda0cr08m85hc8jlnfp3zer7xulejywt49kt2rr0vthywaa50xwsqtkpvummtxgqsj3c4hjzz72atds4jf8zcsyp90ve
lineage__merge_count,1.0,-0.26957728969081496,0.6931471805599453,ckb1qzda0cr08m85hc8jlnfp3zer7xulejywt49kt2rr0vthywaa50xwsqtkpvummtxgqsj3c4hjzz72atds4jf8zcsyp90ve
scripts__type_family_count,1.0,1.9951397255009098,0.6931471805599453,ckb1qzda0cr08m85hc8jlnfp3zer7xulejywt49kt2rr0vthywaa50xwsqtkpvummtxgqsj3c4hjzz72atds4jf8zcsyp90ve
scripts__unique_lock_script_count,4.0,-0.14553555730732698,1.6094379124341003,ckb1qzda0cr08m85hc8jlnfp3zer7xulejywt49kt2rr0vthywaa50xwsqtkpvummtxgqsj3c4hjzz72atds4jf8zcsyp90ve
scripts__unique_type_script_count,1.0,1.0,0.6931471805599453,ckb1qzda0cr08m85hc8jlnfp3zer7xulejywt49kt2rr0vthywaa50xwsqtkpvummtxgqsj3c4hjzz72atds4jf8zcsyp90ve
capacity__capacity_repeat_ratio,0.07142857142857142,-1.188183217030398,0.07142857142857142,ckb1qzda0cr08m85hc8jlnfp3zer7xulejywt49kt2rr0vthywaa50xwsqtl60mlnd8498tpqyfu5yud3fsrt5ndptc80xq2q
capacity__target_consumed_capacity,13187765690182.0,0.3108268607326663,30.210310674084763,ckb1qzda0cr08m85hc8jlnfp3zer7xulejywt49kt2rr0vthywaa50xwsqtl60mlnd8498tpqyfu5yud3fsrt5ndptc80xq2q
capacity__target_net_capacity_delta,-12689459774042.0,-0.6331321604875795,-30.171792825751275,ckb1qzda0cr08m85hc8jlnfp3zer7xulejywt49kt2rr0vthywaa50xwsqtl60mlnd8498tpqyfu5yud3fsrt5ndptc80xq2q
lineage__continuation_count,0.0,0.0,0.0,ckb1qzda0cr08m85hc8jlnfp3zer7xulejywt49kt2rr0vthywaa50xwsqtl60mlnd8498tpqyfu5yud3fsrt5ndptc80xq2q
lineage__lineage_depth,2.0,0.0,1.0986122886681098,ckb1qzda0cr08m85hc8jlnfp3zer7xulejywt49kt2rr0vthywaa50xwsqtl60mlnd8498tpqyfu5yud3fsrt5ndptc80xq2q
lineage__lineage_repetition,0.9444444444444444,0.9079731945620274,0.9444444444444444,ckb1qzda0cr08m85hc8jlnfp3zer7xulejywt49kt2rr0vthywaa50xwsqtl60mlnd8498tpqyfu5yud3fsrt5ndptc80xq2q
lineage__merge_count,27.0,1.4850247908082437,3.332204510175204,ckb1qzda0cr08m85hc8jlnfp3zer7xulejywt49kt2rr0vthywaa50xwsqtl60mlnd8498tpqyfu5yud3fsrt5ndptc80xq2q
scripts__type_family_count,0.0,-0.501218028601448,0.0,ckb1qzda0cr08m85hc8jlnfp3zer7xulejywt49kt2rr0vthywaa50xwsqtl60mlnd8498tpqyfu5yud3fsrt5ndptc80xq2q
scripts__unique_lock_script_count,63.0,1.8895223387506836,4.1588830833596715,ckb1qzda0cr08m85hc8jlnfp3zer7xulejywt49kt2rr0vthywaa50xwsqtl60mlnd8498tpqyfu5yud3fsrt5ndptc80xq2q
scripts__unique_type_script_count,0.0,0.0,0.0,ckb1qzda0cr08m85hc8jlnfp3zer7xulejywt49kt2rr0vthywaa50xwsqtl60mlnd8498tpqyfu5yud3fsrt5ndptc80xq2q
capacity__capacity_repeat_ratio,0.9333333333333333,0.7520101769248421,0.9333333333333333,ckb1qzda0cr08m85hc8jlnfp3zer7xulejywt49kt2rr0vthywaa50xwsqtlpgc29k57ufndd7gpm2jjvpwc2hqygjgtf54lg
capacity__target_consumed_capacity,1099599101060.0,-0.04734445055188294,27.72596677572262,ckb1qzda0cr08m85hc8jlnfp3zer7xulejywt49kt2rr0vthywaa50xwsqtlpgc29k57ufndd7gpm2jjvpwc2hqygjgtf54lg
capacity__target_net_capacity_delta,-15900.0,-0.20300442442640892,-9.674137279312397,ckb1qzda0cr08m85hc8jlnfp3zer7xulejywt49kt2rr0vthywaa50xwsqtlpgc29k57ufndd7gpm2jjvpwc2hqygjgtf54lg
lineage__continuation_count,15.0,4.0,2.772588722239781,ckb1qzda0cr08m85hc8jlnfp3zer7xulejywt49kt2rr0vthywaa50xwsqtlpgc29k57ufndd7gpm2jjvpwc2hqygjgtf54lg
lineage__lineage_depth,8.0,2.709511291351454,2.1972245773362196,ckb1qzda0cr08m85hc8jlnfp3zer7xulejywt49kt2rr0vthywaa50xwsqtlpgc29k57ufndd7gpm2jjvpwc2hqygjgtf54lg
lineage__lineage_repetition,1.0,1.027789217390062,1.0,ckb1qzda0cr08m85hc8jlnfp3zer7xulejywt49kt2rr0vthywaa50xwsqtlpgc29k57ufndd7gpm2jjvpwc2hqygjgtf54lg
lineage__merge_count,15.0,1.1129589721642954,2.772588722239781,ckb1qzda0cr08m85hc8jlnfp3zer7xulejywt49kt2rr0vthywaa50xwsqtlpgc29k57ufndd7gpm2jjvpwc2hqygjgtf54lg
scripts__type_family_count,0.0,-0.501218028601448,0.0,ckb1qzda0cr08m85hc8jlnfp3zer7xulejywt49kt2rr0vthywaa50xwsqtlpgc29k57ufndd7gpm2jjvpwc2hqygjgtf54lg
scripts__unique_lock_script_count,17.0,0.8769514395748773,2.8903717578961645,ckb1qzda0cr08m85hc8jlnfp3zer7xulejywt49kt2rr0vthywaa50xwsqtlpgc29k57ufndd7gpm2jjvpwc2hqygjgtf54lg
scripts__unique_type_script_count,0.0,0.0,0.0,ckb1qzda0cr08m85hc8jlnfp3zer7xulejywt49kt2rr0vthywaa50xwsqtlpgc29k57ufndd7gpm2jjvpwc2hqygjgtf54lg
capacity__capacity_repeat_ratio,1.0,0.9020803841920981,1.0,ckb1qzda0cr08m85hc8jlnfp3zer7xulejywt49kt2rr0vthywaa50xwsqtmf2ge3pt50a67vdmwsj8l8rf6px43vxg098nyj
capacity__target_consumed_capacity,23917426881535.0,0.39665465405752526,30.805628467382572,ckb1qzda0cr08m85hc8jlnfp3zer7xulejywt49kt2rr0vthywaa50xwsqtmf2ge3pt50a67vdmwsj8l8rf6px43vxg098nyj
capacity__target_net_capacity_delta,0.0,0.0,0.0,ckb1qzda0cr08m85hc8jlnfp3zer7xulejywt49kt2rr0vthywaa50xwsqtmf2ge3pt50a67vdmwsj8l8rf6px43vxg098nyj
lineage__continuation_count,0.0,0.0,0.0,ckb1qzda0cr08m85hc8jlnfp3zer7xulejywt49kt2rr0vthywaa50xwsqtmf2ge3pt50a67vdmwsj8l8rf6px43vxg098nyj
lineage__lineage_depth,2.0,0.0,1.0986122886681098,ckb1qzda0cr08m85hc8jlnfp3zer7xulejywt49kt2rr0vthywaa50xwsqtmf2ge3pt50a67vdmwsj8l8rf6px43vxg098nyj
lineage__lineage_repetition,0.0,-1.128899193514562,0.0,ckb1qzda0cr08m85hc8jlnfp3zer7xulejywt49kt2rr0vthywaa50xwsqtmf2ge3pt50a67vdmwsj8l8rf6px43vxg098nyj
lineage__merge_count,1.0,-0.26957728969081496,0.6931471805599453,ckb1qzda0cr08m85hc8jlnfp3zer7xulejywt49kt2rr0vthywaa50xwsqtmf2ge3pt50a67vdmwsj8l8rf6px43vxg098nyj
scripts__type_family_count,1.0,1.9951397255009098,0.6931471805599453,ckb1qzda0cr08m85hc8jlnfp3zer7xulejywt49kt2rr0vthywaa50xwsqtmf2ge3pt50a67vdmwsj8l8rf6px43vxg098nyj
scripts__unique_lock_script_count,5.0,0.0,1.791759469228055,ckb1qzda0cr08m85hc8jlnfp3zer7xulejywt49kt2rr0vthywaa50xwsqtmf2ge3pt50a67vdmwsj8l8rf6px43vxg098nyj
scripts__unique_type_script_count,1.0,1.0,0.6931471805599453,ckb1qzda0cr08m85hc8jlnfp3zer7xulejywt49kt2rr0vthywaa50xwsqtmf2ge3pt50a67vdmwsj8l8rf6px43vxg098nyj
capacity__capacity_repeat_ratio,1.0,0.9020803841920981,1.0,ckb1qzda0cr08m85hc8jlnfp3zer7xulejywt49kt2rr0vthywaa50xwsqtnlh5nyt9d4rw4nn753ty8g9vuwxemmhgxqc6ug
capacity__target_consumed_capacity,1103000000000000.0,0.9490014377011788,34.63681013518205,ckb1qzda0cr08m85hc8jlnfp3zer7xulejywt49kt2rr0vthywaa50xwsqtnlh5nyt9d4rw4nn753ty8g9vuwxemmhgxqc6ug
capacity__target_net_capacity_delta,-551500000000000.0,-0.7122819908460971,-33.943662954622106,ckb1qzda0cr08m85hc8jlnfp3zer7xulejywt49kt2rr0vthywaa50xwsqtnlh5nyt9d4rw4nn753ty8g9vuwxemmhgxqc6ug
lineage__continuation_count,1.0,1.0,0.6931471805599453,ckb1qzda0cr08m85hc8jlnfp3zer7xulejywt49kt2rr0vthywaa50xwsqtnlh5nyt9d4rw4nn753ty8g9vuwxemmhgxqc6ug
lineage__lineage_depth,2.0,0.0,1.0986122886681098,ckb1qzda0cr08m85hc8jlnfp3zer7xulejywt49kt2rr0vthywaa50xwsqtnlh5nyt9d4rw4nn753ty8g9vuwxemmhgxqc6ug
lineage__lineage_repetition,0.0,-1.128899193514562,0.0,ckb1qzda0cr08m85hc8jlnfp3zer7xulejywt49kt2rr0vthywaa50xwsqtnlh5nyt9d4rw4nn753ty8g9vuwxemmhgxqc6ug
lineage__merge_count,2.0,0.0,1.0986122886681098,ckb1qzda0cr08m85hc8jlnfp3zer7xulejywt49kt2rr0vthywaa50xwsqtnlh5nyt9d4rw4nn753ty8g9vuwxemmhgxqc6ug
scripts__type_family_count,1.0,1.9951397255009098,0.6931471805599453,ckb1qzda0cr08m85hc8jlnfp3zer7xulejywt49kt2rr0vthywaa50xwsqtnlh5nyt9d4rw4nn753ty8g9vuwxemmhgxqc6ug
scripts__unique_lock_script_count,3.0,-0.3236566839097652,1.3862943611198906,ckb1qzda0cr08m85hc8jlnfp3zer7xulejywt49kt2rr0vthywaa50xwsqtnlh5nyt9d4rw4nn753ty8g9vuwxemmhgxqc6ug
scripts__unique_type_script_count,1.0,1.0,0.6931471805599453,ckb1qzda0cr08m85hc8jlnfp3zer7xulejywt49kt2rr0vthywaa50xwsqtnlh5nyt9d4rw4nn753ty8g9vuwxemmhgxqc6ug
capacity__capacity_repeat_ratio,1.0,0.9020803841920981,1.0,ckb1qzda0cr08m85hc8jlnfp3zer7xulejywt49kt2rr0vthywaa50xwsqtq43kkkjp78arrz5dk9yazecfynnduu5qz9nfxd
capacity__target_consumed_capacity,1.0184582636442776e+16,1.2694715604484537,36.85965146549187,ckb1qzda0cr08m85hc8jlnfp3zer7xulejywt49kt2rr0vthywaa50xwsqtq43kkkjp78arrz5dk9yazecfynnduu5qz9nfxd
capacity__target_net_capacity_delta,0.0,0.0,0.0,ckb1qzda0cr08m85hc8jlnfp3zer7xulejywt49kt2rr0vthywaa50xwsqtq43kkkjp78arrz5dk9yazecfynnduu5qz9nfxd
lineage__continuation_count,0.0,0.0,0.0,ckb1qzda0cr08m85hc8jlnfp3zer7xulejywt49kt2rr0vthywaa50xwsqtq43kkkjp78arrz5dk9yazecfynnduu5qz9nfxd
lineage__lineage_depth,2.0,0.0,1.0986122886681098,ckb1qzda0cr08m85hc8jlnfp3zer7xulejywt49kt2rr0vthywaa50xwsqtq43kkkjp78arrz5dk9yazecfynnduu5qz9nfxd
lineage__lineage_repetition,0.0,-1.128899193514562,0.0,ckb1qzda0cr08m85hc8jlnfp3zer7xulejywt49kt2rr0vthywaa50xwsqtq43kkkjp78arrz5dk9yazecfynnduu5qz9nfxd
lineage__merge_count,1.0,-0.26957728969081496,0.6931471805599453,ckb1qzda0cr08m85hc8jlnfp3zer7xulejywt49kt2rr0vthywaa50xwsqtq43kkkjp78arrz5dk9yazecfynnduu5qz9nfxd
scripts__type_family_count,0.0,-0.501218028601448,0.0,ckb1qzda0cr08m85hc8jlnfp3zer7xulejywt49kt2rr0vthywaa50xwsqtq43kkkjp78arrz5dk9yazecfynnduu5qz9nfxd
scripts__unique_lock_script_count,6.0,0.12304856042512263,1.9459101490553132,ckb1qzda0cr08m85hc8jlnfp3zer7xulejywt49kt2rr0vthywaa50xwsqtq43kkkjp78arrz5dk9yazecfynnduu5qz9nfxd
scripts__unique_type_script_count,0.0,0.0,0.0,ckb1qzda0cr08m85hc8jlnfp3zer7xulejywt49kt2rr0vthywaa50xwsqtq43kkkjp78arrz5dk9yazecfynnduu5qz9nfxd
capacity__capacity_repeat_ratio,0.0,-1.3489727248167438,0.0,ckb1qzda0cr08m85hc8jlnfp3zer7xulejywt49kt2rr0vthywaa50xwsqtq7kfg7m5nzejcjug02mqqklfjea7fykqu7h5nz
capacity__target_consumed_capacity,1121250666419.0,-0.04453324269146505,27.745465844673756,ckb1qzda0cr08m85hc8jlnfp3zer7xulejywt49kt2rr0vthywaa50xwsqtq7kfg7m5nzejcjug02mqqklfjea7fykqu7h5nz
capacity__target_net_capacity_delta,-1121250666419.0,-0.5822175313022763,-27.745465844673756,ckb1qzda0cr08m85hc8jlnfp3zer7xulejywt49kt2rr0vthywaa50xwsqtq7kfg7m5nzejcjug02mqqklfjea7fykqu7h5nz
lineage__continuation_count,0.0,0.0,0.0,ckb1qzda0cr08m85hc8jlnfp3zer7xulejywt49kt2rr0vthywaa50xwsqtq7kfg7m5nzejcjug02mqqklfjea7fykqu7h5nz
lineage__lineage_depth,1.0,-1.0,0.6931471805599453,ckb1qzda0cr08m85hc8jlnfp3zer7xulejywt49kt2rr0vthywaa50xwsqtq7kfg7m5nzejcjug02mqqklfjea7fykqu7h5nz
lineage__lineage_repetition,0.0,-1.128899193514562,0.0,ckb1qzda0cr08m85hc8jlnfp3zer7xulejywt49kt2rr0vthywaa50xwsqtq7kfg7m5nzejcjug02mqqklfjea7fykqu7h5nz
lineage__merge_count,1.0,-0.26957728969081496,0.6931471805599453,ckb1qzda0cr08m85hc8jlnfp3zer7xulejywt49kt2rr0vthywaa50xwsqtq7kfg7m5nzejcjug02mqqklfjea7fykqu7h5nz
scripts__type_family_count,0.0,-0.501218028601448,0.0,ckb1qzda0cr08m85hc8jlnfp3zer7xulejywt49kt2rr0vthywaa50xwsqtq7kfg7m5nzejcjug02mqqklfjea7fykqu7h5nz
scripts__unique_lock_script_count,2.0,-0.5532947556651122,1.0986122886681098,ckb1qzda0cr08m85hc8jlnfp3zer7xulejywt49kt2rr0vthywaa50xwsqtq7kfg7m5nzejcjug02mqqklfjea7fykqu7h5nz
scripts__unique_type_script_count,0.0,0.0,0.0,ckb1qzda0cr08m85hc8jlnfp3zer7xulejywt49kt2rr0vthywaa50xwsqtq7kfg7m5nzejcjug02mqqklfjea7fykqu7h5nz
capacity__capacity_repeat_ratio,1.0,0.9020803841920981,1.0,ckb1qzda0cr08m85hc8jlnfp3zer7xulejywt49kt2rr0vthywaa50xwsqtr5klxrl240p2jsldlwhd6w3dv7fjj59cp6nkwy
capacity__target_consumed_capacity,1511430200000000.0,0.994418685704841,34.95183274978967,ckb1qzda0cr08m85hc8jlnfp3zer7xulejywt49kt2rr0vthywaa50xwsqtr5klxrl240p2jsldlwhd6w3dv7fjj59cp6nkwy
capacity__target_net_capacity_delta,0.0,0.0,0.0,ckb1qzda0cr08m85hc8jlnfp3zer7xulejywt49kt2rr0vthywaa50xwsqtr5klxrl240p2jsldlwhd6w3dv7fjj59cp6nkwy
lineage__continuation_count,0.0,0.0,0.0,ckb1qzda0cr08m85hc8jlnfp3zer7xulejywt49kt2rr0vthywaa50xwsqtr5klxrl240p2jsldlwhd6w3dv7fjj59cp6nkwy
lineage__lineage_depth,3.0,0.7095112913514542,1.3862943611198906,ckb1qzda0cr08m85hc8jlnfp3zer7xulejywt49kt2rr0vthywaa50xwsqtr5klxrl240p2jsldlwhd6w3dv7fjj59cp6nkwy
lineage__lineage_repetition,1.0,1.027789217390062,1.0,ckb1qzda0cr08m85hc8jlnfp3zer7xulejywt49kt2rr0vthywaa50xwsqtr5klxrl240p2jsldlwhd6w3dv7fjj59cp6nkwy
lineage__merge_count,0.0,-0.7304227103091852,0.0,ckb1qzda0cr08m85hc8jlnfp3zer7xulejywt49kt2rr0vthywaa50xwsqtr5klxrl240p2jsldlwhd6w3dv7fjj59cp6nkwy
scripts__type_family_count,0.0,-0.501218028601448,0.0,ckb1qzda0cr08m85hc8jlnfp3zer7xulejywt49kt2rr0vthywaa50xwsqtr5klxrl240p2jsldlwhd6w3dv7fjj59cp6nkwy
scripts__unique_lock_script_count,5.0,0.0,1.791759469228055,ckb1qzda0cr08m85hc8jlnfp3zer7xulejywt49kt2rr0vthywaa50xwsqtr5klxrl240p2jsldlwhd6w3dv7fjj59cp6nkwy
scripts__unique_type_script_count,0.0,0.0,0.0,ckb1qzda0cr08m85hc8jlnfp3zer7xulejywt49kt2rr0vthywaa50xwsqtr5klxrl240p2jsldlwhd6w3dv7fjj59cp6nkwy
capacity__capacity_repeat_ratio,1.0,0.9020803841920981,1.0,ckb1qzda0cr08m85hc8jlnfp3zer7xulejywt49kt2rr0vthywaa50xwsqtrp6ncuqxwmyp7wfr9uywxyyfs7nvk44sx7ast5
capacity__target_consumed_capacity,46000000000000.0,0.49094765096886095,31.459662512417665,ckb1qzda0cr08m85hc8jlnfp3zer7xulejywt49kt2rr0vthywaa50xwsqtrp6ncuqxwmyp7wfr9uywxyyfs7nvk44sx7ast5
capacity__target_net_capacity_delta,-23000000000000.0,-0.6456119606557817,-30.766515331857743,ckb1qzda0cr08m85hc8jlnfp3zer7xulejywt49kt2rr0vthywaa50xwsqtrp6ncuqxwmyp7wfr9uywxyyfs7nvk44sx7ast5
lineage__continuation_count,1.0,1.0,0.6931471805599453,ckb1qzda0cr08m85hc8jlnfp3zer7xulejywt49kt2rr0vthywaa50xwsqtrp6ncuqxwmyp7wfr9uywxyyfs7nvk44sx7ast5
lineage__lineage_depth,2.0,0.0,1.0986122886681098,ckb1qzda0cr08m85hc8jlnfp3zer7xulejywt49kt2rr0vthywaa50xwsqtrp6ncuqxwmyp7wfr9uywxyyfs7nvk44sx7ast5
lineage__lineage_repetition,0.0,-1.128899193514562,0.0,ckb1qzda0cr08m85hc8jlnfp3zer7xulejywt49kt2rr0vthywaa50xwsqtrp6ncuqxwmyp7wfr9uywxyyfs7nvk44sx7ast5
lineage__merge_count,1.0,-0.26957728969081496,0.6931471805599453,ckb1qzda0cr08m85hc8jlnfp3zer7xulejywt49kt2rr0vthywaa50xwsqtrp6ncuqxwmyp7wfr9uywxyyfs7nvk44sx7ast5
scripts__type_family_count,1.0,1.9951397255009098,0.6931471805599453,ckb1qzda0cr08m85hc8jlnfp3zer7xulejywt49kt2rr0vthywaa50xwsqtrp6ncuqxwmyp7wfr9uywxyyfs7nvk44sx7ast5
scripts__unique_lock_script_count,4.0,-0.14553555730732698,1.6094379124341003,ckb1qzda0cr08m85hc8jlnfp3zer7xulejywt49kt2rr0vthywaa50xwsqtrp6ncuqxwmyp7wfr9uywxyyfs7nvk44sx7ast5
scripts__unique_type_script_count,1.0,1.0,0.6931471805599453,ckb1qzda0cr08m85hc8jlnfp3zer7xulejywt49kt2rr0vthywaa50xwsqtrp6ncuqxwmyp7wfr9uywxyyfs7nvk44sx7ast5
capacity__capacity_repeat_ratio,0.6666666666666666,0.1517293478558174,0.6666666666666666,ckb1qzda0cr08m85hc8jlnfp3zer7xulejywt49kt2rr0vthywaa50xwsqtrvtdrcnncgh0vsc6rvsfvl3mk4lrf0hqv5ttla
capacity__target_consumed_capacity,4554989473727.0,0.15756310982891547,29.147244335710905,ckb1qzda0cr08m85hc8jlnfp3zer7xulejywt49kt2rr0vthywaa50xwsqtrvtdrcnncgh0vsc6rvsfvl3mk4lrf0hqv5ttla
capacity__target_net_capacity_delta,6300000770.0,0.47348453562469056,22.563815592724843,ckb1qzda0cr08m85hc8jlnfp3zer7xulejywt49kt2rr0vthywaa50xwsqtrvtdrcnncgh0vsc6rvsfvl3mk4lrf0hqv5ttla
lineage__continuation_count,1.0,1.0,0.6931471805599453,ckb1qzda0cr08m85hc8jlnfp3zer7xulejywt49kt2rr0vthywaa50xwsqtrvtdrcnncgh0vsc6rvsfvl3mk4lrf0hqv5ttla
lineage__lineage_depth,2.0,0.0,1.0986122886681098,ckb1qzda0cr08m85hc8jlnfp3zer7xulejywt49kt2rr0vthywaa50xwsqtrvtdrcnncgh0vsc6rvsfvl3mk4lrf0hqv5ttla
lineage__lineage_repetition,0.0,-1.128899193514562,0.0,ckb1qzda0cr08m85hc8jlnfp3zer7xulejywt49kt2rr0vthywaa50xwsqtrvtdrcnncgh0vsc6rvsfvl3mk4lrf0hqv5ttla
lineage__merge_count,0.0,-0.7304227103091852,0.0,ckb1qzda0cr08m85hc8jlnfp3zer7xulejywt49kt2rr0vthywaa50xwsqtrvtdrcnncgh0vsc6rvsfvl3mk4lrf0hqv5ttla
scripts__type_family_count,0.0,-0.501218028601448,0.0,ckb1qzda0cr08m85hc8jlnfp3zer7xulejywt49kt2rr0vthywaa50xwsqtrvtdrcnncgh0vsc6rvsfvl3mk4lrf0hqv5ttla
scripts__unique_lock_script_count,3.0,-0.3236566839097652,1.3862943611198906,ckb1qzda0cr08m85hc8jlnfp3zer7xulejywt49kt2rr0vthywaa50xwsqtrvtdrcnncgh0vsc6rvsfvl3mk4lrf0hqv5ttla
scripts__unique_type_script_count,0.0,0.0,0.0,ckb1qzda0cr08m85hc8jlnfp3zer7xulejywt49kt2rr0vthywaa50xwsqtrvtdrcnncgh0vsc6rvsfvl3mk4lrf0hqv5ttla
capacity__capacity_repeat_ratio,1.0,0.9020803841920981,1.0,ckb1qzda0cr08m85hc8jlnfp3zer7xulejywt49kt2rr0vthywaa50xwsqtsqnt3y4hf88rqmpjz3t6aq94z5hzukvcx4papd
capacity__target_consumed_capacity,27789933448.0,-0.5776107259112451,24.04793968591566,ckb1qzda0cr08m85hc8jlnfp3zer7xulejywt49kt2rr0vthywaa50xwsqtsqnt3y4hf88rqmpjz3t6aq94z5hzukvcx4papd
capacity__target_net_capacity_delta,0.0,0.0,0.0,ckb1qzda0cr08m85hc8jlnfp3zer7xulejywt49kt2rr0vthywaa50xwsqtsqnt3y4hf88rqmpjz3t6aq94z5hzukvcx4papd
lineage__continuation_count,0.0,0.0,0.0,ckb1qzda0cr08m85hc8jlnfp3zer7xulejywt49kt2rr0vthywaa50xwsqtsqnt3y4hf88rqmpjz3t6aq94z5hzukvcx4papd
lineage__lineage_depth,2.0,0.0,1.0986122886681098,ckb1qzda0cr08m85hc8jlnfp3zer7xulejywt49kt2rr0vthywaa50xwsqtsqnt3y4hf88rqmpjz3t6aq94z5hzukvcx4papd
lineage__lineage_repetition,1.0,1.027789217390062,1.0,ckb1qzda0cr08m85hc8jlnfp3zer7xulejywt49kt2rr0vthywaa50xwsqtsqnt3y4hf88rqmpjz3t6aq94z5hzukvcx4papd
lineage__merge_count,2.0,0.0,1.0986122886681098,ckb1qzda0cr08m85hc8jlnfp3zer7xulejywt49kt2rr0vthywaa50xwsqtsqnt3y4hf88rqmpjz3t6aq94z5hzukvcx4papd
scripts__type_family_count,1.0,1.9951397255009098,0.6931471805599453,ckb1qzda0cr08m85hc8jlnfp3zer7xulejywt49kt2rr0vthywaa50xwsqtsqnt3y4hf88rqmpjz3t6aq94z5hzukvcx4papd
scripts__unique_lock_script_count,5.0,0.0,1.791759469228055,ckb1qzda0cr08m85hc8jlnfp3zer7xulejywt49kt2rr0vthywaa50xwsqtsqnt3y4hf88rqmpjz3t6aq94z5hzukvcx4papd
scripts__unique_type_script_count,1.0,1.0,0.6931471805599453,ckb1qzda0cr08m85hc8jlnfp3zer7xulejywt49kt2rr0vthywaa50xwsqtsqnt3y4hf88rqmpjz3t6aq94z5hzukvcx4papd
capacity__capacity_repeat_ratio,0.0,-1.3489727248167438,0.0,ckb1qzda0cr08m85hc8jlnfp3zer7xulejywt49kt2rr0vthywaa50xwsqttkscr3p930542e3zgzj3yujwpak0gq4slpgsny
capacity__target_consumed_capacity,0.0,-4.044635599832544,0.0,ckb1qzda0cr08m85hc8jlnfp3zer7xulejywt49kt2rr0vthywaa50xwsqttkscr3p930542e3zgzj3yujwpak0gq4slpgsny
capacity__target_net_capacity_delta,171266137182.0,0.542788535519894,25.866484541374763,ckb1qzda0cr08m85hc8jlnfp3zer7xulejywt49kt2rr0vthywaa50xwsqttkscr3p930542e3zgzj3yujwpak0gq4slpgsny
lineage__continuation_count,0.0,0.0,0.0,ckb1qzda0cr08m85hc8jlnfp3zer7xulejywt49kt2rr0vthywaa50xwsqttkscr3p930542e3zgzj3yujwpak0gq4slpgsny
lineage__lineage_depth,1.0,-1.0,0.6931471805599453,ckb1qzda0cr08m85hc8jlnfp3zer7xulejywt49kt2rr0vthywaa50xwsqttkscr3p930542e3zgzj3yujwpak0gq4slpgsny
lineage__lineage_repetition,1.0,1.027789217390062,1.0,ckb1qzda0cr08m85hc8jlnfp3zer7xulejywt49kt2rr0vthywaa50xwsqttkscr3p930542e3zgzj3yujwpak0gq4slpgsny
lineage__merge_count,0.0,-0.7304227103091852,0.0,ckb1qzda0cr08m85hc8jlnfp3zer7xulejywt49kt2rr0vthywaa50xwsqttkscr3p930542e3zgzj3yujwpak0gq4slpgsny
scripts__type_family_count,0.0,-0.501218028601448,0.0,ckb1qzda0cr08m85hc8jlnfp3zer7xulejywt49kt2rr0vthywaa50xwsqttkscr3p930542e3zgzj3yujwpak0gq4slpgsny
scripts__unique_lock_script_count,19.0,0.9610539540228975,2.995732273553991,ckb1qzda0cr08m85hc8jlnfp3zer7xulejywt49kt2rr0vthywaa50xwsqttkscr3p930542e3zgzj3yujwpak0gq4slpgsny
scripts__unique_type_script_count,0.0,0.0,0.0,ckb1qzda0cr08m85hc8jlnfp3zer7xulejywt49kt2rr0vthywaa50xwsqttkscr3p930542e3zgzj3yujwpak0gq4slpgsny
capacity__capacity_repeat_ratio,1.0,0.9020803841920981,1.0,ckb1qzda0cr08m85hc8jlnfp3zer7xulejywt49kt2rr0vthywaa50xwsqtuds5922cp4p8zmnerrmqkwvq3358xywcws26ya
capacity__target_consumed_capacity,7960000000000.0,0.2380404126482037,29.705450115784966,ckb1qzda0cr08m85hc8jlnfp3zer7xulejywt49kt2rr0vthywaa50xwsqtuds5922cp4p8zmnerrmqkwvq3358xywcws26ya
capacity__target_net_capacity_delta,0.0,0.0,0.0,ckb1qzda0cr08m85hc8jlnfp3zer7xulejywt49kt2rr0vthywaa50xwsqtuds5922cp4p8zmnerrmqkwvq3358xywcws26ya
lineage__continuation_count,0.0,0.0,0.0,ckb1qzda0cr08m85hc8jlnfp3zer7xulejywt49kt2rr0vthywaa50xwsqtuds5922cp4p8zmnerrmqkwvq3358xywcws26ya
lineage__lineage_depth,2.0,0.0,1.0986122886681098,ckb1qzda0cr08m85hc8jlnfp3zer7xulejywt49kt2rr0vthywaa50xwsqtuds5922cp4p8zmnerrmqkwvq3358xywcws26ya
lineage__lineage_repetition,0.0,-1.128899193514562,0.0,ckb1qzda0cr08m85hc8jlnfp3zer7xulejywt49kt2rr0vthywaa50xwsqtuds5922cp4p8zmnerrmqkwvq3358xywcws26ya
lineage__merge_count,1.0,-0.26957728969081496,0.6931471805599453,ckb1qzda0cr08m85hc8jlnfp3zer7xulejywt49kt2rr0vthywaa50xwsqtuds5922cp4p8zmnerrmqkwvq3358xywcws26ya
scripts__type_family_count,0.0,-0.501218028601448,0.0,ckb1qzda0cr08m85hc8jlnfp3zer7xulejywt49kt2rr0vthywaa50xwsqtuds5922cp4p8zmnerrmqkwvq3358xywcws26ya
scripts__unique_lock_script_count,3.0,-0.3236566839097652,1.3862943611198906,ckb1qzda0cr08m85hc8jlnfp3zer7xulejywt49kt2rr0vthywaa50xwsqtuds5922cp4p8zmnerrmqkwvq3358xywcws26ya
scripts__unique_type_script_count,0.0,0.0,0.0,ckb1qzda0cr08m85hc8jlnfp3zer7xulejywt49kt2rr0vthywaa50xwsqtuds5922cp4p8zmnerrmqkwvq3358xywcws26ya
capacity__capacity_repeat_ratio,0.0,-1.3489727248167438,0.0,ckb1qzda0cr08m85hc8jlnfp3zer7xulejywt49kt2rr0vthywaa50xwsqtvk38dnwm5w9w2txerj53jfjlkwdmx63sacfnev
capacity__target_consumed_capacity,0.0,-4.044635599832544,0.0,ckb1qzda0cr08m85hc8jlnfp3zer7xulejywt49kt2rr0vthywaa50xwsqtvk38dnwm5w9w2txerj53jfjlkwdmx63sacfnev
capacity__target_net_capacity_delta,4933037808494.0,0.613305899029463,29.226976102552765,ckb1qzda0cr08m85hc8jlnfp3zer7xulejywt49kt2rr0vthywaa50xwsqtvk38dnwm5w9w2txerj53jfjlkwdmx63sacfnev
lineage__continuation_count,0.0,0.0,0.0,ckb1qzda0cr08m85hc8jlnfp3zer7xulejywt49kt2rr0vthywaa50xwsqtvk38dnwm5w9w2txerj53jfjlkwdmx63sacfnev
lineage__lineage_depth,1.0,-1.0,0.6931471805599453,ckb1qzda0cr08m85hc8jlnfp3zer7xulejywt49kt2rr0vthywaa50xwsqtvk38dnwm5w9w2txerj53jfjlkwdmx63sacfnev
lineage__lineage_repetition,0.0,-1.128899193514562,0.0,ckb1qzda0cr08m85hc8jlnfp3zer7xulejywt49kt2rr0vthywaa50xwsqtvk38dnwm5w9w2txerj53jfjlkwdmx63sacfnev
lineage__merge_count,1.0,-0.26957728969081496,0.6931471805599453,ckb1qzda0cr08m85hc8jlnfp3zer7xulejywt49kt2rr0vthywaa50xwsqtvk38dnwm5w9w2txerj53jfjlkwdmx63sacfnev
scripts__type_family_count,0.0,-0.501218028601448,0.0,ckb1qzda0cr08m85hc8jlnfp3zer7xulejywt49kt2rr0vthywaa50xwsqtvk38dnwm5w9w2txerj53jfjlkwdmx63sacfnev
scripts__unique_lock_script_count,7.0,0.229638071755347,2.0794415416798357,ckb1qzda0cr08m85hc8jlnfp3zer7xulejywt49kt2rr0vthywaa50xwsqtvk38dnwm5w9w2txerj53jfjlkwdmx63sacfnev
scripts__unique_type_script_count,0.0,0.0,0.0,ckb1qzda0cr08m85hc8jlnfp3zer7xulejywt49kt2rr0vthywaa50xwsqtvk38dnwm5w9w2txerj53jfjlkwdmx63sacfnev
capacity__capacity_repeat_ratio,1.0,0.9020803841920981,1.0,ckb1qzda0cr08m85hc8jlnfp3zer7xulejywt49kt2rr0vthywaa50xwsqtxd3nueqkvw2s3xactdp9t0c6axsgmewgweeu7e
capacity__target_consumed_capacity,3951181100000.0,0.13706068788788028,29.005035662804683,ckb1qzda0cr08m85hc8jlnfp3zer7xulejywt49kt2rr0vthywaa50xwsqtxd3nueqkvw2s3xactdp9t0c6axsgmewgweeu7e
capacity__target_net_capacity_delta,0.0,0.0,0.0,ckb1qzda0cr08m85hc8jlnfp3zer7xulejywt49kt2rr0vthywaa50xwsqtxd3nueqkvw2s3xactdp9t0c6axsgmewgweeu7e
lineage__continuation_count,0.0,0.0,0.0,ckb1qzda0cr08m85hc8jlnfp3zer7xulejywt49kt2rr0vthywaa50xwsqtxd3nueqkvw2s3xactdp9t0c6axsgmewgweeu7e
lineage__lineage_depth,2.0,0.0,1.0986122886681098,ckb1qzda0cr08m85hc8jlnfp3zer7xulejywt49kt2rr0vthywaa50xwsqtxd3nueqkvw2s3xactdp9t0c6axsgmewgweeu7e
lineage__lineage_repetition,0.0,-1.128899193514562,0.0,ckb1qzda0cr08m85hc8jlnfp3zer7xulejywt49kt2rr0vthywaa50xwsqtxd3nueqkvw2s3xactdp9t0c6axsgmewgweeu7e
lineage__merge_count,0.0,-0.7304227103091852,0.0,ckb1qzda0cr08m85hc8jlnfp3zer7xulejywt49kt2rr0vthywaa50xwsqtxd3nueqkvw2s3xactdp9t0c6axsgmewgweeu7e
scripts__type_family_count,0.0,-0.501218028601448,0.0,ckb1qzda0cr08m85hc8jlnfp3zer7xulejywt49kt2rr0vthywaa50xwsqtxd3nueqkvw2s3xactdp9t0c6axsgmewgweeu7e
scripts__unique_lock_script_count,3.0,-0.3236566839097652,1.3862943611198906,ckb1qzda0cr08m85hc8jlnfp3zer7xulejywt49kt2rr0vthywaa50xwsqtxd3nueqkvw2s3xactdp9t0c6axsgmewgweeu7e
scripts__unique_type_script_count,0.0,0.0,0.0,ckb1qzda0cr08m85hc8jlnfp3zer7xulejywt49kt2rr0vthywaa50xwsqtxd3nueqkvw2s3xactdp9t0c6axsgmewgweeu7e
capacity__capacity_repeat_ratio,0.0,-1.3489727248167438,0.0,ckb1qzda0cr08m85hc8jlnfp3zer7xulejywt49kt2rr0vthywaa50xwsqtxdw8h4yk3jnuln8ktwcdfymeapm6jg7s5pmley
capacity__target_consumed_capacity,0.0,-4.044635599832544,0.0,ckb1qzda0cr08m85hc8jlnfp3zer7xulejywt49kt2rr0vthywaa50xwsqtxdw8h4yk3jnuln8ktwcdfymeapm6jg7s5pmley
capacity__target_net_capacity_delta,607765555560.0,0.5693665557287789,27.13305504514376,ckb1qzda0cr08m85hc8jlnfp3zer7xulejywt49kt2rr0vthywaa50xwsqtxdw8h4yk3jnuln8ktwcdfymeapm6jg7s5pmley
lineage__continuation_count,0.0,0.0,0.0,ckb1qzda0cr08m85hc8jlnfp3zer7xulejywt49kt2rr0vthywaa50xwsqtxdw8h4yk3jnuln8ktwcdfymeapm6jg7s5pmley
lineage__lineage_depth,1.0,-1.0,0.6931471805599453,ckb1qzda0cr08m85hc8jlnfp3zer7xulejywt49kt2rr0vthywaa50xwsqtxdw8h4yk3jnuln8ktwcdfymeapm6jg7s5pmley
lineage__lineage_repetition,1.0,1.027789217390062,1.0,ckb1qzda0cr08m85hc8jlnfp3zer7xulejywt49kt2rr0vthywaa50xwsqtxdw8h4yk3jnuln8ktwcdfymeapm6jg7s5pmley
lineage__merge_count,16.0,1.153265822028786,2.833213344056216,ckb1qzda0cr08m85hc8jlnfp3zer7xulejywt49kt2rr0vthywaa50xwsqtxdw8h4yk3jnuln8ktwcdfymeapm6jg7s5pmley
scripts__type_family_count,0.0,-0.501218028601448,0.0,ckb1qzda0cr08m85hc8jlnfp3zer7xulejywt49kt2rr0vthywaa50xwsqtxdw8h4yk3jnuln8ktwcdfymeapm6jg7s5pmley
scripts__unique_lock_script_count,31.0,1.3362275830855717,3.4657359027997265,ckb1qzda0cr08m85hc8jlnfp3zer7xulejywt49kt2rr0vthywaa50xwsqtxdw8h4yk3jnuln8ktwcdfymeapm6jg7s5pmley
scripts__unique_type_script_count,0.0,0.0,0.0,ckb1qzda0cr08m85hc8jlnfp3zer7xulejywt49kt2rr0vthywaa50xwsqtxdw8h4yk3jnuln8ktwcdfymeapm6jg7s5pmley
capacity__capacity_repeat_ratio,1.0,0.9020803841920981,1.0,ckb1qzda0cr08m85hc8jlnfp3zer7xulejywt49kt2rr0vthywaa50xwsqtyedgf3hcmvghz4cmstp7pu7u76x93apgp9rzws
capacity__target_consumed_capacity,26791030703047.0,0.41301231174150493,30.91908827216969,ckb1qzda0cr08m85hc8jlnfp3zer7xulejywt49kt2rr0vthywaa50xwsqtyedgf3hcmvghz4cmstp7pu7u76x93apgp9rzws
capacity__target_net_capacity_delta,0.0,0.0,0.0,ckb1qzda0cr08m85hc8jlnfp3zer7xulejywt49kt2rr0vthywaa50xwsqtyedgf3hcmvghz4cmstp7pu7u76x93apgp9rzws
lineage__continuation_count,0.0,0.0,0.0,ckb1qzda0cr08m85hc8jlnfp3zer7xulejywt49kt2rr0vthywaa50xwsqtyedgf3hcmvghz4cmstp7pu7u76x93apgp9rzws
lineage__lineage_depth,2.0,0.0,1.0986122886681098,ckb1qzda0cr08m85hc8jlnfp3zer7xulejywt49kt2rr0vthywaa50xwsqtyedgf3hcmvghz4cmstp7pu7u76x93apgp9rzws
lineage__lineage_repetition,0.9285714285714286,0.873740045182589,0.9285714285714286,ckb1qzda0cr08m85hc8jlnfp3zer7xulejywt49kt2rr0vthywaa50xwsqtyedgf3hcmvghz4cmstp7pu7u76x93apgp9rzws
lineage__merge_count,0.0,-0.7304227103091852,0.0,ckb1qzda0cr08m85hc8jlnfp3zer7xulejywt49kt2rr0vthywaa50xwsqtyedgf3hcmvghz4cmstp7pu7u76x93apgp9rzws
scripts__type_family_count,0.0,-0.501218028601448,0.0,ckb1qzda0cr08m85hc8jlnfp3zer7xulejywt49kt2rr0vthywaa50xwsqtyedgf3hcmvghz4cmstp7pu7u76x93apgp9rzws
scripts__unique_lock_script_count,4.0,-0.14553555730732698,1.6094379124341003,ckb1qzda0cr08m85hc8jlnfp3zer7xulejywt49kt2rr0vthywaa50xwsqtyedgf3hcmvghz4cmstp7pu7u76x93apgp9rzws
scripts__unique_type_script_count,0.0,0.0,0.0,ckb1qzda0cr08m85hc8jlnfp3zer7xulejywt49kt2rr0vthywaa50xwsqtyedgf3hcmvghz4cmstp7pu7u76x93apgp9rzws
capacity__capacity_repeat_ratio,0.0,-1.3489727248167438,0.0,ckb1qzda0cr08m85hc8jlnfp3zer7xulejywt49kt2rr0vthywaa50xwsqtz7rcay08zu2uym7crxxe8dv9aj3thjgs7f3wu2
capacity__target_consumed_capacity,0.0,-4.044635599832544,0.0,ckb1qzda0cr08m85hc8jlnfp3zer7xulejywt49kt2rr0vthywaa50xwsqtz7rcay08zu2uym7crxxe8dv9aj3thjgs7f3wu2
capacity__target_net_capacity_delta,14850234997478.0,0.6364318060003826,30.329036805798108,ckb1qzda0cr08m85hc8jlnfp3zer7xulejywt49kt2rr0vthywaa50xwsqtz7rcay08zu2uym7crxxe8dv9aj3thjgs7f3wu2
lineage__continuation_count,0.0,0.0,0.0,ckb1qzda0cr08m85hc8jlnfp3zer7xulejywt49kt2rr0vthywaa50xwsqtz7rcay08zu2uym7crxxe8dv9aj3thjgs7f3wu2
lineage__lineage_depth,1.0,-1.0,0.6931471805599453,ckb1qzda0cr08m85hc8jlnfp3zer7xulejywt49kt2rr0vthywaa50xwsqtz7rcay08zu2uym7crxxe8dv9aj3thjgs7f3wu2
lineage__lineage_repetition,0.0,-1.128899193514562,0.0,ckb1qzda0cr08m85hc8jlnfp3zer7xulejywt49kt2rr0vthywaa50xwsqtz7rcay08zu2uym7crxxe8dv9aj3thjgs7f3wu2
lineage__merge_count,0.0,-0.7304227103091852,0.0,ckb1qzda0cr08m85hc8jlnfp3zer7xulejywt49kt2rr0vthywaa50xwsqtz7rcay08zu2uym7crxxe8dv9aj3thjgs7f3wu2
scripts__type_family_count,1.0,1.9951397255009098,0.6931471805599453,ckb1qzda0cr08m85hc8jlnfp3zer7xulejywt49kt2rr0vthywaa50xwsqtz7rcay08zu2uym7crxxe8dv9aj3thjgs7f3wu2
scripts__unique_lock_script_count,3.0,-0.3236566839097652,1.3862943611198906,ckb1qzda0cr08m85hc8jlnfp3zer7xulejywt49kt2rr0vthywaa50xwsqtz7rcay08zu2uym7crxxe8dv9aj3thjgs7f3wu2
scripts__unique_type_script_count,1.0,1.0,0.6931471805599453,ckb1qzda0cr08m85hc8jlnfp3zer7xulejywt49kt2rr0vthywaa50xwsqtz7rcay08zu2uym7crxxe8dv9aj3thjgs7f3wu2
capacity__capacity_repeat_ratio,0.0,-1.3489727248167438,0.0,ckb1qzda0cr08m85hc8jlnfp3zer7xulejywt49kt2rr0vthywaa50xwsqv07sjyn42umzcrg5tr9zvx4mne3ay649s9mszdr
capacity__target_consumed_capacity,115206703602.0,-0.37259121232199843,25.469993774513437,ckb1qzda0cr08m85hc8jlnfp3zer7xulejywt49kt2rr0vthywaa50xwsqv07sjyn42umzcrg5tr9zvx4mne3ay649s9mszdr
capacity__target_net_capacity_delta,-115206703602.0,-0.5344684778658445,-25.469993774513437,ckb1qzda0cr08m85hc8jlnfp3zer7xulejywt49kt2rr0vthywaa50xwsqv07sjyn42umzcrg5tr9zvx4mne3ay649s9mszdr
lineage__continuation_count,0.0,0.0,0.0,ckb1qzda0cr08m85hc8jlnfp3zer7xulejywt49kt2rr0vthywaa50xwsqv07sjyn42umzcrg5tr9zvx4mne3ay649s9mszdr
lineage__lineage_depth,1.0,-1.0,0.6931471805599453,ckb1qzda0cr08m85hc8jlnfp3zer7xulejywt49kt2rr0vthywaa50xwsqv07sjyn42umzcrg5tr9zvx4mne3ay649s9mszdr
lineage__lineage_repetition,0.0,-1.128899193514562,0.0,ckb1qzda0cr08m85hc8jlnfp3zer7xulejywt49kt2rr0vthywaa50xwsqv07sjyn42umzcrg5tr9zvx4mne3ay649s9mszdr
lineage__merge_count,1.0,-0.26957728969081496,0.6931471805599453,ckb1qzda0cr08m85hc8jlnfp3zer7xulejywt49kt2rr0vthywaa50xwsqv07sjyn42umzcrg5tr9zvx4mne3ay649s9mszdr
scripts__type_family_count,0.0,-0.501218028601448,0.0,ckb1qzda0cr08m85hc8jlnfp3zer7xulejywt49kt2rr0vthywaa50xwsqv07sjyn42umzcrg5tr9zvx4mne3ay649s9mszdr
scripts__unique_lock_script_count,5.0,0.0,1.791759469228055,ckb1qzda0cr08m85hc8jlnfp3zer7xulejywt49kt2rr0vthywaa50xwsqv07sjyn42umzcrg5tr9zvx4mne3ay649s9mszdr
scripts__unique_type_script_count,0.0,0.0,0.0,ckb1qzda0cr08m85hc8jlnfp3zer7xulejywt49kt2rr0vthywaa50xwsqv07sjyn42umzcrg5tr9zvx4mne3ay649s9mszdr
capacity__capacity_repeat_ratio,1.0,0.9020803841920981,1.0,ckb1qzda0cr08m85hc8jlnfp3zer7xulejywt49kt2rr0vthywaa50xwsqv2mxk8gk0kdcqrjee7fdyy4dzjs3c8etq9dlarq
capacity__target_consumed_capacity,13763467201906.0,0.3169870474982765,30.253038893575678,ckb1qzda0cr08m85hc8jlnfp3zer7xulejywt49kt2rr0vthywaa50xwsqv2mxk8gk0kdcqrjee7fdyy4dzjs3c8etq9dlarq
capacity__target_net_capacity_delta,0.0,0.0,0.0,ckb1qzda0cr08m85hc8jlnfp3zer7xulejywt49kt2rr0vthywaa50xwsqv2mxk8gk0kdcqrjee7fdyy4dzjs3c8etq9dlarq
lineage__continuation_count,0.0,0.0,0.0,ckb1qzda0cr08m85hc8jlnfp3zer7xulejywt49kt2rr0vthywaa50xwsqv2mxk8gk0kdcqrjee7fdyy4dzjs3c8etq9dlarq
lineage__lineage_depth,3.0,0.7095112913514542,1.3862943611198906,ckb1qzda0cr08m85hc8jlnfp3zer7xulejywt49kt2rr0vthywaa50xwsqv2mxk8gk0kdcqrjee7fdyy4dzjs3c8etq9dlarq
lineage__lineage_repetition,0.9949109414758269,1.0168137038485627,0.9949109414758269,ckb1qzda0cr08m85hc8jlnfp3zer7xulejywt49kt2rr0vthywaa50xwsqv2mxk8gk0kdcqrjee7fdyy4dzjs3c8etq9dlarq
lineage__merge_count,366.0,3.1958126421478603,5.905361848054571,ckb1qzda0cr08m85hc8jlnfp3zer7xulejywt49kt2rr0vthywaa50xwsqv2mxk8gk0kdcqrjee7fdyy4dzjs3c8etq9dlarq
scripts__type_family_count,0.0,-0.501218028601448,0.0,ckb1qzda0cr08m85hc8jlnfp3zer7xulejywt49kt2rr0vthywaa50xwsqv2mxk8gk0kdcqrjee7fdyy4dzjs3c8etq9dlarq
scripts__unique_lock_script_count,49.0,1.692469836290448,3.912023005428146,ckb1qzda0cr08m85hc8jlnfp3zer7xulejywt49kt2rr0vthywaa50xwsqv2mxk8gk0kdcqrjee7fdyy4dzjs3c8etq9dlarq
scripts__unique_type_script_count,0.0,0.0,0.0,ckb1qzda0cr08m85hc8jlnfp3zer7xulejywt49kt2rr0vthywaa50xwsqv2mxk8gk0kdcqrjee7fdyy4dzjs3c8etq9dlarq
capacity__capacity_repeat_ratio,0.8444444444444444,0.5519165672351671,0.8444444444444444,ckb1qzda0cr08m85hc8jlnfp3zer7xulejywt49kt2rr0vthywaa50xwsqv3zjwlrxn8vk53c4d9a8ksecf9rj86mfsv8t4pc
capacity__target_consumed_capacity,265974681962.0,-0.2519668767066075,26.306666960607924,ckb1qzda0cr08m85hc8jlnfp3zer7xulejywt49kt2rr0vthywaa50xwsqv3zjwlrxn8vk53c4d9a8ksecf9rj86mfsv8t4pc
capacity__target_net_capacity_delta,141013583425.0,0.5387099864237377,25.67212205903914,ckb1qzda0cr08m85hc8jlnfp3zer7xulejywt49kt2rr0vthywaa50xwsqv3zjwlrxn8vk53c4d9a8ksecf9rj86mfsv8t4pc
lineage__continuation_count,11.0,3.5849625007211565,2.4849066497880004,ckb1qzda0cr08m85hc8jlnfp3zer7xulejywt49kt2rr0vthywaa50xwsqv3zjwlrxn8vk53c4d9a8ksecf9rj86mfsv8t4pc
lineage__lineage_depth,26.0,5.419022582702907,3.295836866004329,ckb1qzda0cr08m85hc8jlnfp3zer7xulejywt49kt2rr0vthywaa50xwsqv3zjwlrxn8vk53c4d9a8ksecf9rj86mfsv8t4pc
lineage__lineage_repetition,0.8461538461538461,0.6959910003278122,0.8461538461538461,ckb1qzda0cr08m85hc8jlnfp3zer7xulejywt49kt2rr0vthywaa50xwsqv3zjwlrxn8vk53c4d9a8ksecf9rj86mfsv8t4pc
lineage__merge_count,21.0,1.3246859297005795,3.091042453358316,ckb1qzda0cr08m85hc8jlnfp3zer7xulejywt49kt2rr0vthywaa50xwsqv3zjwlrxn8vk53c4d9a8ksecf9rj86mfsv8t4pc
scripts__type_family_count,0.0,-0.501218028601448,0.0,ckb1qzda0cr08m85hc8jlnfp3zer7xulejywt49kt2rr0vthywaa50xwsqv3zjwlrxn8vk53c4d9a8ksecf9rj86mfsv8t4pc
scripts__unique_lock_script_count,26.0,1.2006081234846426,3.295836866004329,ckb1qzda0cr08m85hc8jlnfp3zer7xulejywt49kt2rr0vthywaa50xwsqv3zjwlrxn8vk53c4d9a8ksecf9rj86mfsv8t4pc
scripts__unique_type_script_count,6.0,2.807354922057604,1.9459101490553132,ckb1qzda0cr08m85hc8jlnfp3zer7xulejywt49kt2rr0vthywaa50xwsqv3zjwlrxn8vk53c4d9a8ksecf9rj86mfsv8t4pc
capacity__capacity_repeat_ratio,0.7,0.22676445148944546,0.7,ckb1qzda0cr08m85hc8jlnfp3zer7xulejywt49kt2rr0vthywaa50xwsqv47n6dc9ay34npwktvlpp5huzjvd07t4qhspqyz
capacity__target_consumed_capacity,3424099907455.0,0.11641881796741681,28.861859752361795,ckb1qzda0cr08m85hc8jlnfp3zer7xulejywt49kt2rr0vthywaa50xwsqv47n6dc9ay34npwktvlpp5huzjvd07t4qhspqyz
capacity__target_net_capacity_delta,-4380.0,-0.17595353510483794,-8.385032287813898,ckb1qzda0cr08m85hc8jlnfp3zer7xulejywt49kt2rr0vthywaa50xwsqv47n6dc9ay34npwktvlpp5huzjvd07t4qhspqyz
lineage__continuation_count,15.0,4.0,2.772588722239781,ckb1qzda0cr08m85hc8jlnfp3zer7xulejywt49kt2rr0vthywaa50xwsqv47n6dc9ay34npwktvlpp5huzjvd07t4qhspqyz
lineage__lineage_depth,10.0,3.2044261223672437,2.3978952727983707,ckb1qzda0cr08m85hc8jlnfp3zer7xulejywt49kt2rr0vthywaa50xwsqv47n6dc9ay34npwktvlpp5huzjvd07t4qhspqyz
lineage__lineage_repetition,0.9333333333333333,0.8840099899964206,0.9333333333333333,ckb1qzda0cr08m85hc8jlnfp3zer7xulejywt49kt2rr0vthywaa50xwsqv47n6dc9ay34npwktvlpp5huzjvd07t4qhspqyz
lineage__merge_count,15.0,1.1129589721642954,2.772588722239781,ckb1qzda0cr08m85hc8jlnfp3zer7xulejywt49kt2rr0vthywaa50xwsqv47n6dc9ay34npwktvlpp5huzjvd07t4qhspqyz
scripts__type_family_count,0.0,-0.501218028601448,0.0,ckb1qzda0cr08m85hc8jlnfp3zer7xulejywt49kt2rr0vthywaa50xwsqv47n6dc9ay34npwktvlpp5huzjvd07t4qhspqyz
scripts__unique_lock_script_count,17.0,0.8769514395748773,2.8903717578961645,ckb1qzda0cr08m85hc8jlnfp3zer7xulejywt49kt2rr0vthywaa50xwsqv47n6dc9ay34npwktvlpp5huzjvd07t4qhspqyz
scripts__unique_type_script_count,0.0,0.0,0.0,ckb1qzda0cr08m85hc8jlnfp3zer7xulejywt49kt2rr0vthywaa50xwsqv47n6dc9ay34npwktvlpp5huzjvd07t4qhspqyz
capacity__capacity_repeat_ratio,0.723404255319149,0.2794486731896526,0.723404255319149,ckb1qzda0cr08m85hc8jlnfp3zer7xulejywt49kt2rr0vthywaa50xwsqv52twl330j4d2n858snefzewnuwchku7ql2qas8
capacity__target_consumed_capacity,9650010348420.0,0.26579772847800864,29.897980103654103,ckb1qzda0cr08m85hc8jlnfp3zer7xulejywt49kt2rr0vthywaa50xwsqv52twl330j4d2n858snefzewnuwchku7ql2qas8
capacity__target_net_capacity_delta,-4276836975561.0,-0.6103105817764012,-29.084234827907704,ckb1qzda0cr08m85hc8jlnfp3zer7xulejywt49kt2rr0vthywaa50xwsqv52twl330j4d2n858snefzewnuwchku7ql2qas8
lineage__continuation_count,0.0,0.0,0.0,ckb1qzda0cr08m85hc8jlnfp3zer7xulejywt49kt2rr0vthywaa50xwsqv52twl330j4d2n858snefzewnuwchku7ql2qas8
lineage__lineage_depth,2.0,0.0,1.0986122886681098,ckb1qzda0cr08m85hc8jlnfp3zer7xulejywt49kt2rr0vthywaa50xwsqv52twl330j4d2n858snefzewnuwchku7ql2qas8
lineage__lineage_repetition,0.9661016949152542,0.9546811356644815,0.9661016949152542,ckb1qzda0cr08m85hc8jlnfp3zer7xulejywt49kt2rr0vthywaa50xwsqv52twl330j4d2n858snefzewnuwchku7ql2qas8
lineage__merge_count,29.0,1.5308953501523477,3.4011973816621555,ckb1qzda0cr08m85hc8jlnfp3zer7xulejywt49kt2rr0vthywaa50xwsqv52twl330j4d2n858snefzewnuwchku7ql2qas8
scripts__type_family_count,0.0,-0.501218028601448,0.0,ckb1qzda0cr08m85hc8jlnfp3zer7xulejywt49kt2rr0vthywaa50xwsqv52twl330j4d2n858snefzewnuwchku7ql2qas8
scripts__unique_lock_script_count,72.0,1.9945512716754408,4.290459441148391,ckb1qzda0cr08m85hc8jlnfp3zer7xulejywt49kt2rr0vthywaa50xwsqv52twl330j4d2n858snefzewnuwchku7ql2qas8
scripts__unique_type_script_count,0.0,0.0,0.0,ckb1qzda0cr08m85hc8jlnfp3zer7xulejywt49kt2rr0vthywaa50xwsqv52twl330j4d2n858snefzewnuwchku7ql2qas8
capacity__capacity_repeat_ratio,0.19157088122605365,-0.9177364970372722,0.19157088122605365,ckb1qzda0cr08m85hc8jlnfp3zer7xulejywt49kt2rr0vthywaa50xwsqv5uwm78vrgdrfmd056xn32q9junu3rg2c2we24p
capacity__target_consumed_capacity,1563055441813.0,0.003360174710718828,28.077663638148902,ckb1qzda0cr08m85hc8jlnfp3zer7xulejywt49kt2rr0vthywaa50xwsqv5uwm78vrgdrfmd056xn32q9junu3rg2c2we24p
capacity__target_net_capacity_delta,12388931786635.0,0.6326292053051717,30.14782459208493,ckb1qzda0cr08m85hc8jlnfp3zer7xulejywt49kt2rr0vthywaa50xwsqv5uwm78vrgdrfmd056xn32q9junu3rg2c2we24p
lineage__continuation_count,0.0,0.0,0.0,ckb1qzda0cr08m85hc8jlnfp3zer7xulejywt49kt2rr0vthywaa50xwsqv5uwm78vrgdrfmd056xn32q9junu3rg2c2we24p
lineage__lineage_depth,2.0,0.0,1.0986122886681098,ckb1qzda0cr08m85hc8jlnfp3zer7xulejywt49kt2rr0vthywaa50xwsqv5uwm78vrgdrfmd056xn32q9junu3rg2c2we24p
lineage__lineage_repetition,1.0,1.027789217390062,1.0,ckb1qzda0cr08m85hc8jlnfp3zer7xulejywt49kt2rr0vthywaa50xwsqv5uwm78vrgdrfmd056xn32q9junu3rg2c2we24p
lineage__merge_count,193.0,2.771962320111495,5.267858159063328,ckb1qzda0cr08m85hc8jlnfp3zer7xulejywt49kt2rr0vthywaa50xwsqv5uwm78vrgdrfmd056xn32q9junu3rg2c2we24p
scripts__type_family_count,0.0,-0.501218028601448,0.0,ckb1qzda0cr08m85hc8jlnfp3zer7xulejywt49kt2rr0vthywaa50xwsqv5uwm78vrgdrfmd056xn32q9junu3rg2c2we24p
scripts__unique_lock_script_count,51.0,1.7237772057925875,3.9512437185814275,ckb1qzda0cr08m85hc8jlnfp3zer7xulejywt49kt2rr0vthywaa50xwsqv5uwm78vrgdrfmd056xn32q9junu3rg2c2we24p
scripts__unique_type_script_count,0.0,0.0,0.0,ckb1qzda0cr08m85hc8jlnfp3zer7xulejywt49kt2rr0vthywaa50xwsqv5uwm78vrgdrfmd056xn32q9junu3rg2c2we24p
capacity__capacity_repeat_ratio,1.0,0.9020803841920981,1.0,ckb1qzda0cr08m85hc8jlnfp3zer7xulejywt49kt2rr0vthywaa50xwsqv5xn32cdl2t82kswqnrf27q6c4fzv5l2g22mhle
capacity__target_consumed_capacity,120040580140000.0,0.6292351833934224,32.418850969378084,ckb1qzda0cr08m85hc8jlnfp3zer7xulejywt49kt2rr0vthywaa50xwsqv5xn32cdl2t82kswqnrf27q6c4fzv5l2g22mhle
capacity__target_net_capacity_delta,0.0,0.0,0.0,ckb1qzda0cr08m85hc8jlnfp3zer7xulejywt49kt2rr0vthywaa50xwsqv5xn32cdl2t82kswqnrf27q6c4fzv5l2g22mhle
lineage__continuation_count,0.0,0.0,0.0,ckb1qzda0cr08m85hc8jlnfp3zer7xulejywt49kt2rr0vthywaa50xwsqv5xn32cdl2t82kswqnrf27q6c4fzv5l2g22mhle
lineage__lineage_depth,2.0,0.0,1.0986122886681098,ckb1qzda0cr08m85hc8jlnfp3zer7xulejywt49kt2rr0vthywaa50xwsqv5xn32cdl2t82kswqnrf27q6c4fzv5l2g22mhle
lineage__lineage_repetition,0.5,-0.05055498806225001,0.5,ckb1qzda0cr08m85hc8jlnfp3zer7xulejywt49kt2rr0vthywaa50xwsqv5xn32cdl2t82kswqnrf27q6c4fzv5l2g22mhle
lineage__merge_count,4.0,0.3396272192247922,1.6094379124341003,ckb1qzda0cr08m85hc8jlnfp3zer7xulejywt49kt2rr0vthywaa50xwsqv5xn32cdl2t82kswqnrf27q6c4fzv5l2g22mhle
scripts__type_family_count,0.0,-0.501218028601448,0.0,ckb1qzda0cr08m85hc8jlnfp3zer7xulejywt49kt2rr0vthywaa50xwsqv5xn32cdl2t82kswqnrf27q6c4fzv5l2g22mhle
scripts__unique_lock_script_count,20.0,1.0000000000000002,3.044522437723423,ckb1qzda0cr08m85hc8jlnfp3zer7xulejywt49kt2rr0vthywaa50xwsqv5xn32cdl2t82kswqnrf27q6c4fzv5l2g22mhle
scripts__unique_type_script_count,0.0,0.0,0.0,ckb1qzda0cr08m85hc8jlnfp3zer7xulejywt49kt2rr0vthywaa50xwsqv5xn32cdl2t82kswqnrf27q6c4fzv5l2g22mhle
capacity__capacity_repeat_ratio,1.0,0.9020803841920981,1.0,ckb1qzda0cr08m85hc8jlnfp3zer7xulejywt49kt2rr0vthywaa50xwsqv7ayqjm88s60nm3gf56q55y578uw2weqgfx02sw
capacity__target_consumed_capacity,220656321097.0,-0.27889733398896377,26.119872219874566,ckb1qzda0cr08m85hc8jlnfp3zer7xulejywt49kt2rr0vthywaa50xwsqv7ayqjm88s60nm3gf56q55y578uw2weqgfx02sw
capacity__target_net_capacity_delta,0.0,0.0,0.0,ckb1qzda0cr08m85hc8jlnfp3zer7xulejywt49kt2rr0vthywaa50xwsqv7ayqjm88s60nm3gf56q55y578uw2weqgfx02sw
lineage__continuation_count,0.0,0.0,0.0,ckb1qzda0cr08m85hc8jlnfp3zer7xulejywt49kt2rr0vthywaa50xwsqv7ayqjm88s60nm3gf56q55y578uw2weqgfx02sw
lineage__lineage_depth,2.0,0.0,1.0986122886681098,ckb1qzda0cr08m85hc8jlnfp3zer7xulejywt49kt2rr0vthywaa50xwsqv7ayqjm88s60nm3gf56q55y578uw2weqgfx02sw
lineage__lineage_repetition,0.625,0.21903106330082803,0.625,ckb1qzda0cr08m85hc8jlnfp3zer7xulejywt49kt2rr0vthywaa50xwsqv7ayqjm88s60nm3gf56q55y578uw2weqgfx02sw
lineage__merge_count,7.0,0.6521135515459253,2.0794415416798357,ckb1qzda0cr08m85hc8jlnfp3zer7xulejywt49kt2rr0vthywaa50xwsqv7ayqjm88s60nm3gf56q55y578uw2weqgfx02sw
scripts__type_family_count,0.0,-0.501218028601448,0.0,ckb1qzda0cr08m85hc8jlnfp3zer7xulejywt49kt2rr0vthywaa50xwsqv7ayqjm88s60nm3gf56q55y578uw2weqgfx02sw
scripts__unique_lock_script_count,22.0,1.0726169119725726,3.1354942159291497,ckb1qzda0cr08m85hc8jlnfp3zer7xulejywt49kt2rr0vthywaa50xwsqv7ayqjm88s60nm3gf56q55y578uw2weqgfx02sw
scripts__unique_type_script_count,0.0,0.0,0.0,ckb1qzda0cr08m85hc8jlnfp3zer7xulejywt49kt2rr0vthywaa50xwsqv7ayqjm88s60nm3gf56q55y578uw2weqgfx02sw
capacity__capacity_repeat_ratio,0.0,-1.3489727248167438,0.0,ckb1qzda0cr08m85hc8jlnfp3zer7xulejywt49kt2rr0vthywaa50xwsqv8mt7uj0ynsd25vlufex6xm5czh04nglsd68gcc
capacity__target_consumed_capacity,5794397260954.0,0.19226058454952183,29.387912577121874,ckb1qzda0cr08m85hc8jlnfp3zer7xulejywt49kt2rr0vthywaa50xwsqv8mt7uj0ynsd25vlufex6xm5czh04nglsd68gcc
capacity__target_net_capacity_delta,-5794397260954.0,-0.6166830287357967,-29.387912577121874,ckb1qzda0cr08m85hc8jlnfp3zer7xulejywt49kt2rr0vthywaa50xwsqv8mt7uj0ynsd25vlufex6xm5czh04nglsd68gcc
lineage__continuation_count,0.0,0.0,0.0,ckb1qzda0cr08m85hc8jlnfp3zer7xulejywt49kt2rr0vthywaa50xwsqv8mt7uj0ynsd25vlufex6xm5czh04nglsd68gcc
lineage__lineage_depth,1.0,-1.0,0.6931471805599453,ckb1qzda0cr08m85hc8jlnfp3zer7xulejywt49kt2rr0vthywaa50xwsqv8mt7uj0ynsd25vlufex6xm5czh04nglsd68gcc
lineage__lineage_repetition,0.9354838709677419,0.8886480295897636,0.9354838709677419,ckb1qzda0cr08m85hc8jlnfp3zer7xulejywt49kt2rr0vthywaa50xwsqv8mt7uj0ynsd25vlufex6xm5czh04nglsd68gcc
lineage__merge_count,2.0,0.0,1.0986122886681098,ckb1qzda0cr08m85hc8jlnfp3zer7xulejywt49kt2rr0vthywaa50xwsqv8mt7uj0ynsd25vlufex6xm5czh04nglsd68gcc
scripts__type_family_count,0.0,-0.501218028601448,0.0,ckb1qzda0cr08m85hc8jlnfp3zer7xulejywt49kt2rr0vthywaa50xwsqv8mt7uj0ynsd25vlufex6xm5czh04nglsd68gcc
scripts__unique_lock_script_count,47.0,1.659884266995337,3.871201010907891,ckb1qzda0cr08m85hc8jlnfp3zer7xulejywt49kt2rr0vthywaa50xwsqv8mt7uj0ynsd25vlufex6xm5czh04nglsd68gcc
scripts__unique_type_script_count,0.0,0.0,0.0,ckb1qzda0cr08m85hc8jlnfp3zer7xulejywt49kt2rr0vthywaa50xwsqv8mt7uj0ynsd25vlufex6xm5czh04nglsd68gcc
capacity__capacity_repeat_ratio,0.0,-1.3489727248167438,0.0,ckb1qzda0cr08m85hc8jlnfp3zer7xulejywt49kt2rr0vthywaa50xwsqv8yreznvv7falyl3sk08l74zh6aj9u9hsrpfysy
capacity__target_consumed_capacity,3541565642978.0,0.12128175712859915,28.89559001732875,ckb1qzda0cr08m85hc8jlnfp3zer7xulejywt49kt2rr0vthywaa50xwsqv8yreznvv7falyl3sk08l74zh6aj9u9hsrpfysy
capacity__target_net_capacity_delta,-3541565642978.0,-0.6063520136801531,-28.89559001732875,ckb1qzda0cr08m85hc8jlnfp3zer7xulejywt49kt2rr0vthywaa50xwsqv8yreznvv7falyl3sk08l74zh6aj9u9hsrpfysy
lineage__continuation_count,0.0,0.0,0.0,ckb1qzda0cr08m85hc8jlnfp3zer7xulejywt49kt2rr0vthywaa50xwsqv8yreznvv7falyl3sk08l74zh6aj9u9hsrpfysy
lineage__lineage_depth,2.0,0.0,1.0986122886681098,ckb1qzda0cr08m85hc8jlnfp3zer7xulejywt49kt2rr0vthywaa50xwsqv8yreznvv7falyl3sk08l74zh6aj9u9hsrpfysy
lineage__lineage_repetition,0.9375,0.8929961917085231,0.9375,ckb1qzda0cr08m85hc8jlnfp3zer7xulejywt49kt2rr0vthywaa50xwsqv8yreznvv7falyl3sk08l74zh6aj9u9hsrpfysy
lineage__merge_count,8.0,0.7304227103091852,2.1972245773362196,ckb1qzda0cr08m85hc8jlnfp3zer7xulejywt49kt2rr0vthywaa50xwsqv8yreznvv7falyl3sk08l74zh6aj9u9hsrpfysy
scripts__type_family_count,0.0,-0.501218028601448,0.0,ckb1qzda0cr08m85hc8jlnfp3zer7xulejywt49kt2rr0vthywaa50xwsqv8yreznvv7falyl3sk08l74zh6aj9u9hsrpfysy
scripts__unique_lock_script_count,51.0,1.7237772057925875,3.9512437185814275,ckb1qzda0cr08m85hc8jlnfp3zer7xulejywt49kt2rr0vthywaa50xwsqv8yreznvv7falyl3sk08l74zh6aj9u9hsrpfysy
scripts__unique_type_script_count,0.0,0.0,0.0,ckb1qzda0cr08m85hc8jlnfp3zer7xulejywt49kt2rr0vthywaa50xwsqv8yreznvv7falyl3sk08l74zh6aj9u9hsrpfysy
capacity__capacity_repeat_ratio,0.0,-1.3489727248167438,0.0,ckb1qzda0cr08m85hc8jlnfp3zer7xulejywt49kt2rr0vthywaa50xwsqv98zwvdlfvcwhppy75jcs0u8566vupxzs735ggx
capacity__target_consumed_capacity,0.0,-4.044635599832544,0.0,ckb1qzda0cr08m85hc8jlnfp3zer7xulejywt49kt2rr0vthywaa50xwsqv98zwvdlfvcwhppy75jcs0u8566vupxzs735ggx
capacity__target_net_capacity_delta,6200000000.0,0.4731487780472436,22.547815129158746,ckb1qzda0cr08m85hc8jlnfp3zer7xulejywt49kt2rr0vthywaa50xwsqv98zwvdlfvcwhppy75jcs0u8566vupxzs735ggx
lineage__continuation_count,0.0,0.0,0.0,ckb1qzda0cr08m85hc8jlnfp3zer7xulejywt49kt2rr0vthywaa50xwsqv98zwvdlfvcwhppy75jcs0u8566vupxzs735ggx
lineage__lineage_depth,1.0,-1.0,0.6931471805599453,ckb1qzda0cr08m85hc8jlnfp3zer7xulejywt49kt2rr0vthywaa50xwsqv98zwvdlfvcwhppy75jcs0u8566vupxzs735ggx
lineage__lineage_repetition,0.0,-1.128899193514562,0.0,ckb1qzda0cr08m85hc8jlnfp3zer7xulejywt49kt2rr0vthywaa50xwsqv98zwvdlfvcwhppy75jcs0u8566vupxzs735ggx
lineage__merge_count,0.0,-0.7304227103091852,0.0,ckb1qzda0cr08m85hc8jlnfp3zer7xulejywt49kt2rr0vthywaa50xwsqv98zwvdlfvcwhppy75jcs0u8566vupxzs735ggx
scripts__type_family_count,1.0,1.9951397255009098,0.6931471805599453,ckb1qzda0cr08m85hc8jlnfp3zer7xulejywt49kt2rr0vthywaa50xwsqv98zwvdlfvcwhppy75jcs0u8566vupxzs735ggx
scripts__unique_lock_script_count,3.0,-0.3236566839097652,1.3862943611198906,ckb1qzda0cr08m85hc8jlnfp3zer7xulejywt49kt2rr0vthywaa50xwsqv98zwvdlfvcwhppy75jcs0u8566vupxzs735ggx
scripts__unique_type_script_count,1.0,1.0,0.6931471805599453,ckb1qzda0cr08m85hc8jlnfp3zer7xulejywt49kt2rr0vthywaa50xwsqv98zwvdlfvcwhppy75jcs0u8566vupxzs735ggx
capacity__capacity_repeat_ratio,1.0,0.9020803841920981,1.0,ckb1qzda0cr08m85hc8jlnfp3zer7xulejywt49kt2rr0vthywaa50xwsqv9hhmy8u8z5xeay9r56pp3akjdmmannxqx3n837
capacity__target_consumed_capacity,100000000000.0,-0.3929997900295229,25.3284360229445,ckb1qzda0cr08m85hc8jlnfp3zer7xulejywt49kt2rr0vthywaa50xwsqv9hhmy8u8z5xeay9r56pp3akjdmmannxqx3n837
capacity__target_net_capacity_delta,100000000000.0,0.5314979959457873,25.3284360229445,ckb1qzda0cr08m85hc8jlnfp3zer7xulejywt49kt2rr0vthywaa50xwsqv9hhmy8u8z5xeay9r56pp3akjdmmannxqx3n837
lineage__continuation_count,1.0,1.0,0.6931471805599453,ckb1qzda0cr08m85hc8jlnfp3zer7xulejywt49kt2rr0vthywaa50xwsqv9hhmy8u8z5xeay9r56pp3akjdmmannxqx3n837
lineage__lineage_depth,2.0,0.0,1.0986122886681098,ckb1qzda0cr08m85hc8jlnfp3zer7xulejywt49kt2rr0vthywaa50xwsqv9hhmy8u8z5xeay9r56pp3akjdmmannxqx3n837
lineage__lineage_repetition,0.0,-1.128899193514562,0.0,ckb1qzda0cr08m85hc8jlnfp3zer7xulejywt49kt2rr0vthywaa50xwsqv9hhmy8u8z5xeay9r56pp3akjdmmannxqx3n837
lineage__merge_count,1.0,-0.26957728969081496,0.6931471805599453,ckb1qzda0cr08m85hc8jlnfp3zer7xulejywt49kt2rr0vthywaa50xwsqv9hhmy8u8z5xeay9r56pp3akjdmmannxqx3n837
scripts__type_family_count,1.0,1.9951397255009098,0.6931471805599453,ckb1qzda0cr08m85hc8jlnfp3zer7xulejywt49kt2rr0vthywaa50xwsqv9hhmy8u8z5xeay9r56pp3akjdmmannxqx3n837
scripts__unique_lock_script_count,5.0,0.0,1.791759469228055,ckb1qzda0cr08m85hc8jlnfp3zer7xulejywt49kt2rr0vthywaa50xwsqv9hhmy8u8z5xeay9r56pp3akjdmmannxqx3n837
scripts__unique_type_script_count,1.0,1.0,0.6931471805599453,ckb1qzda0cr08m85hc8jlnfp3zer7xulejywt49kt2rr0vthywaa50xwsqv9hhmy8u8z5xeay9r56pp3akjdmmannxqx3n837
capacity__capacity_repeat_ratio,0.0,-1.3489727248167438,0.0,ckb1qzda0cr08m85hc8jlnfp3zer7xulejywt49kt2rr0vthywaa50xwsqvde0h8xdeqmmvrxqsjqf8pl9kjltjsupsfxlpgt
capacity__target_consumed_capacity,0.0,-4.044635599832544,0.0,ckb1qzda0cr08m85hc8jlnfp3zer7xulejywt49kt2rr0vthywaa50xwsqvde0h8xdeqmmvrxqsjqf8pl9kjltjsupsfxlpgt
capacity__target_net_capacity_delta,6107051397971.0,0.6177858053333529,29.4404651863732,ckb1qzda0cr08m85hc8jlnfp3zer7xulejywt49kt2rr0vthywaa50xwsqvde0h8xdeqmmvrxqsjqf8pl9kjltjsupsfxlpgt
lineage__continuation_count,0.0,0.0,0.0,ckb1qzda0cr08m85hc8jlnfp3zer7xulejywt49kt2rr0vthywaa50xwsqvde0h8xdeqmmvrxqsjqf8pl9kjltjsupsfxlpgt
lineage__lineage_depth,2.0,0.0,1.0986122886681098,ckb1qzda0cr08m85hc8jlnfp3zer7xulejywt49kt2rr0vthywaa50xwsqvde0h8xdeqmmvrxqsjqf8pl9kjltjsupsfxlpgt
lineage__lineage_repetition,1.0,1.027789217390062,1.0,ckb1qzda0cr08m85hc8jlnfp3zer7xulejywt49kt2rr0vthywaa50xwsqvde0h8xdeqmmvrxqsjqf8pl9kjltjsupsfxlpgt
lineage__merge_count,53.0,1.9216908412367402,3.9889840465642745,ckb1qzda0cr08m85hc8jlnfp3zer7xulejywt49kt2rr0vthywaa50xwsqvde0h8xdeqmmvrxqsjqf8pl9kjltjsupsfxlpgt
scripts__type_family_count,0.0,-0.501218028601448,0.0,ckb1qzda0cr08m85hc8jlnfp3zer7xulejywt49kt2rr0vthywaa50xwsqvde0h8xdeqmmvrxqsjqf8pl9kjltjsupsfxlpgt
scripts__unique_lock_script_count,68.0,1.9495683515474502,4.23410650459726,ckb1qzda0cr08m85hc8jlnfp3zer7xulejywt49kt2rr0vthywaa50xwsqvde0h8xdeqmmvrxqsjqf8pl9kjltjsupsfxlpgt
scripts__unique_type_script_count,0.0,0.0,0.0,ckb1qzda0cr08m85hc8jlnfp3zer7xulejywt49kt2rr0vthywaa50xwsqvde0h8xdeqmmvrxqsjqf8pl9kjltjsupsfxlpgt
capacity__capacity_repeat_ratio,0.0,-1.3489727248167438,0.0,ckb1qzda0cr08m85hc8jlnfp3zer7xulejywt49kt2rr0vthywaa50xwsqvdsgte9pkmratzhwchaanuuvhvmd3pp9cfvddsg
capacity__target_consumed_capacity,0.0,-4.044635599832544,0.0,ckb1qzda0cr08m85hc8jlnfp3zer7xulejywt49kt2rr0vthywaa50xwsqvdsgte9pkmratzhwchaanuuvhvmd3pp9cfvddsg
capacity__target_net_capacity_delta,33092648403461.0,0.6532463828477133,31.130332271028685,ckb1qzda0cr08m85hc8jlnfp3zer7xulejywt49kt2rr0vthywaa50xwsqvdsgte9pkmratzhwchaanuuvhvmd3pp9cfvddsg
lineage__continuation_count,0.0,0.0,0.0,ckb1qzda0cr08m85hc8jlnfp3zer7xulejywt49kt2rr0vthywaa50xwsqvdsgte9pkmratzhwchaanuuvhvmd3pp9cfvddsg
lineage__lineage_depth,2.0,0.0,1.0986122886681098,ckb1qzda0cr08m85hc8jlnfp3zer7xulejywt49kt2rr0vthywaa50xwsqvdsgte9pkmratzhwchaanuuvhvmd3pp9cfvddsg
lineage__lineage_repetition,0.0,-1.128899193514562,0.0,ckb1qzda0cr08m85hc8jlnfp3zer7xulejywt49kt2rr0vthywaa50xwsqvdsgte9pkmratzhwchaanuuvhvmd3pp9cfvddsg
lineage__merge_count,2.0,0.0,1.0986122886681098,ckb1qzda0cr08m85hc8jlnfp3zer7xulejywt49kt2rr0vthywaa50xwsqvdsgte9pkmratzhwchaanuuvhvmd3pp9cfvddsg
scripts__type_family_count,0.0,-0.501218028601448,0.0,ckb1qzda0cr08m85hc8jlnfp3zer7xulejywt49kt2rr0vthywaa50xwsqvdsgte9pkmratzhwchaanuuvhvmd3pp9cfvddsg
scripts__unique_lock_script_count,2.0,-0.5532947556651122,1.0986122886681098,ckb1qzda0cr08m85hc8jlnfp3zer7xulejywt49kt2rr0vthywaa50xwsqvdsgte9pkmratzhwchaanuuvhvmd3pp9cfvddsg
scripts__unique_type_script_count,0.0,0.0,0.0,ckb1qzda0cr08m85hc8jlnfp3zer7xulejywt49kt2rr0vthywaa50xwsqvdsgte9pkmratzhwchaanuuvhvmd3pp9cfvddsg
capacity__capacity_repeat_ratio,0.0,-1.3489727248167438,0.0,ckb1qzda0cr08m85hc8jlnfp3zer7xulejywt49kt2rr0vthywaa50xwsqvdu4tnf9uueqjdd4k57c8hh5g458jlvlsk90qe4
capacity__target_consumed_capacity,0.0,-4.044635599832544,0.0,ckb1qzda0cr08m85hc8jlnfp3zer7xulejywt49kt2rr0vthywaa50xwsqvdu4tnf9uueqjdd4k57c8hh5g458jlvlsk90qe4
capacity__target_net_capacity_delta,50294507477.0,0.517076066452608,24.64116171282148,ckb1qzda0cr08m85hc8jlnfp3zer7xulejywt49kt2rr0vthywaa50xwsqvdu4tnf9uueqjdd4k57c8hh5g458jlvlsk90qe4
lineage__continuation_count,0.0,0.0,0.0,ckb1qzda0cr08m85hc8jlnfp3zer7xulejywt49kt2rr0vthywaa50xwsqvdu4tnf9uueqjdd4k57c8hh5g458jlvlsk90qe4
lineage__lineage_depth,1.0,-1.0,0.6931471805599453,ckb1qzda0cr08m85hc8jlnfp3zer7xulejywt49kt2rr0vthywaa50xwsqvdu4tnf9uueqjdd4k57c8hh5g458jlvlsk90qe4
lineage__lineage_repetition,0.967741935483871,0.958218623489913,0.967741935483871,ckb1qzda0cr08m85hc8jlnfp3zer7xulejywt49kt2rr0vthywaa50xwsqvdu4tnf9uueqjdd4k57c8hh5g458jlvlsk90qe4
lineage__merge_count,0.0,-0.7304227103091852,0.0,ckb1qzda0cr08m85hc8jlnfp3zer7xulejywt49kt2rr0vthywaa50xwsqvdu4tnf9uueqjdd4k57c8hh5g458jlvlsk90qe4
scripts__type_family_count,0.0,-0.501218028601448,0.0,ckb1qzda0cr08m85hc8jlnfp3zer7xulejywt49kt2rr0vthywaa50xwsqvdu4tnf9uueqjdd4k57c8hh5g458jlvlsk90qe4
scripts__unique_lock_script_count,38.0,1.4941391340372403,3.6635616461296463,ckb1qzda0cr08m85hc8jlnfp3zer7xulejywt49kt2rr0vthywaa50xwsqvdu4tnf9uueqjdd4k57c8hh5g458jlvlsk90qe4
scripts__unique_type_script_count,0.0,0.0,0.0,ckb1qzda0cr08m85hc8jlnfp3zer7xulejywt49kt2rr0vthywaa50xwsqvdu4tnf9uueqjdd4k57c8hh5g458jlvlsk90qe4
capacity__capacity_repeat_ratio,1.0,0.9020803841920981,1.0,ckb1qzda0cr08m85hc8jlnfp3zer7xulejywt49kt2rr0vthywaa50xwsqvdu6azqm97z3nfv9r2zs0q9m9jedf4z0qllxwrl
capacity__target_consumed_capacity,300000000000.0,-0.23461133008941318,26.427048311605944,ckb1qzda0cr08m85hc8jlnfp3zer7xulejywt49kt2rr0vthywaa50xwsqvdu6azqm97z3nfv9r2zs0q9m9jedf4z0qllxwrl
capacity__target_net_capacity_delta,-150000000000.0,-0.5400063733358654,-25.733901131049333,ckb1qzda0cr08m85hc8jlnfp3zer7xulejywt49kt2rr0vthywaa50xwsqvdu6azqm97z3nfv9r2zs0q9m9jedf4z0qllxwrl
lineage__continuation_count,1.0,1.0,0.6931471805599453,ckb1qzda0cr08m85hc8jlnfp3zer7xulejywt49kt2rr0vthywaa50xwsqvdu6azqm97z3nfv9r2zs0q9m9jedf4z0qllxwrl
lineage__lineage_depth,2.0,0.0,1.0986122886681098,ckb1qzda0cr08m85hc8jlnfp3zer7xulejywt49kt2rr0vthywaa50xwsqvdu6azqm97z3nfv9r2zs0q9m9jedf4z0qllxwrl
lineage__lineage_repetition,0.0,-1.128899193514562,0.0,ckb1qzda0cr08m85hc8jlnfp3zer7xulejywt49kt2rr0vthywaa50xwsqvdu6azqm97z3nfv9r2zs0q9m9jedf4z0qllxwrl
lineage__merge_count,1.0,-0.26957728969081496,0.6931471805599453,ckb1qzda0cr08m85hc8jlnfp3zer7xulejywt49kt2rr0vthywaa50xwsqvdu6azqm97z3nfv9r2zs0q9m9jedf4z0qllxwrl
scripts__type_family_count,1.0,1.9951397255009098,0.6931471805599453,ckb1qzda0cr08m85hc8jlnfp3zer7xulejywt49kt2rr0vthywaa50xwsqvdu6azqm97z3nfv9r2zs0q9m9jedf4z0qllxwrl
scripts__unique_lock_script_count,4.0,-0.14553555730732698,1.6094379124341003,ckb1qzda0cr08m85hc8jlnfp3zer7xulejywt49kt2rr0vthywaa50xwsqvdu6azqm97z3nfv9r2zs0q9m9jedf4z0qllxwrl
scripts__unique_type_script_count,1.0,1.0,0.6931471805599453,ckb1qzda0cr08m85hc8jlnfp3zer7xulejywt49kt2rr0vthywaa50xwsqvdu6azqm97z3nfv9r2zs0q9m9jedf4z0qllxwrl
capacity__capacity_repeat_ratio,1.0,0.9020803841920981,1.0,ckb1qzda0cr08m85hc8jlnfp3zer7xulejywt49kt2rr0vthywaa50xwsqvh639mn84vea2mr46k5rqrvfq6zg6h4mqaxt69f
capacity__target_consumed_capacity,7594077942106.0,0.23125566749979531,29.65838984132876,ckb1qzda0cr08m85hc8jlnfp3zer7xulejywt49kt2rr0vthywaa50xwsqvh639mn84vea2mr46k5rqrvfq6zg6h4mqaxt69f
capacity__target_net_capacity_delta,0.0,0.0,0.0,ckb1qzda0cr08m85hc8jlnfp3zer7xulejywt49kt2rr0vthywaa50xwsqvh639mn84vea2mr46k5rqrvfq6zg6h4mqaxt69f
lineage__continuation_count,0.0,0.0,0.0,ckb1qzda0cr08m85hc8jlnfp3zer7xulejywt49kt2rr0vthywaa50xwsqvh639mn84vea2mr46k5rqrvfq6zg6h4mqaxt69f
lineage__lineage_depth,2.0,0.0,1.0986122886681098,ckb1qzda0cr08m85hc8jlnfp3zer7xulejywt49kt2rr0vthywaa50xwsqvh639mn84vea2mr46k5rqrvfq6zg6h4mqaxt69f
lineage__lineage_repetition,0.0,-1.128899193514562,0.0,ckb1qzda0cr08m85hc8jlnfp3zer7xulejywt49kt2rr0vthywaa50xwsqvh639mn84vea2mr46k5rqrvfq6zg6h4mqaxt69f
lineage__merge_count,1.0,-0.26957728969081496,0.6931471805599453,ckb1qzda0cr08m85hc8jlnfp3zer7xulejywt49kt2rr0vthywaa50xwsqvh639mn84vea2mr46k5rqrvfq6zg6h4mqaxt69f
scripts__type_family_count,0.0,-0.501218028601448,0.0,ckb1qzda0cr08m85hc8jlnfp3zer7xulejywt49kt2rr0vthywaa50xwsqvh639mn84vea2mr46k5rqrvfq6zg6h4mqaxt69f
scripts__unique_lock_script_count,3.0,-0.3236566839097652,1.3862943611198906,ckb1qzda0cr08m85hc8jlnfp3zer7xulejywt49kt2rr0vthywaa50xwsqvh639mn84vea2mr46k5rqrvfq6zg6h4mqaxt69f
scripts__unique_type_script_count,0.0,0.0,0.0,ckb1qzda0cr08m85hc8jlnfp3zer7xulejywt49kt2rr0vthywaa50xwsqvh639mn84vea2mr46k5rqrvfq6zg6h4mqaxt69f
capacity__capacity_repeat_ratio,0.0,-1.3489727248167438,0.0,ckb1qzda0cr08m85hc8jlnfp3zer7xulejywt49kt2rr0vthywaa50xwsqvhl5ywzxe4tpun3frshvq34p7rlh356sq0sx2vd
capacity__target_consumed_capacity,0.0,-4.044635599832544,0.0,ckb1qzda0cr08m85hc8jlnfp3zer7xulejywt49kt2rr0vthywaa50xwsqvhl5ywzxe4tpun3frshvq34p7rlh356sq0sx2vd
capacity__target_net_capacity_delta,62327685901.0,0.5215773927114489,24.855671560525742,ckb1qzda0cr08m85hc8jlnfp3zer7xulejywt49kt2rr0vthywaa50xwsqvhl5ywzxe4tpun3frshvq34p7rlh356sq0sx2vd
lineage__continuation_count,0.0,0.0,0.0,ckb1qzda0cr08m85hc8jlnfp3zer7xulejywt49kt2rr0vthywaa50xwsqvhl5ywzxe4tpun3frshvq34p7rlh356sq0sx2vd
lineage__lineage_depth,1.0,-1.0,0.6931471805599453,ckb1qzda0cr08m85hc8jlnfp3zer7xulejywt49kt2rr0vthywaa50xwsqvhl5ywzxe4tpun3frshvq34p7rlh356sq0sx2vd
lineage__lineage_repetition,0.0,-1.128899193514562,0.0,ckb1qzda0cr08m85hc8jlnfp3zer7xulejywt49kt2rr0vthywaa50xwsqvhl5ywzxe4tpun3frshvq34p7rlh356sq0sx2vd
lineage__merge_count,1.0,-0.26957728969081496,0.6931471805599453,ckb1qzda0cr08m85hc8jlnfp3zer7xulejywt49kt2rr0vthywaa50xwsqvhl5ywzxe4tpun3frshvq34p7rlh356sq0sx2vd
scripts__type_family_count,0.0,-0.501218028601448,0.0,ckb1qzda0cr08m85hc8jlnfp3zer7xulejywt49kt2rr0vthywaa50xwsqvhl5ywzxe4tpun3frshvq34p7rlh356sq0sx2vd
scripts__unique_lock_script_count,2.0,-0.5532947556651122,1.0986122886681098,ckb1qzda0cr08m85hc8jlnfp3zer7xulejywt49kt2rr0vthywaa50xwsqvhl5ywzxe4tpun3frshvq34p7rlh356sq0sx2vd
scripts__unique_type_script_count,0.0,0.0,0.0,ckb1qzda0cr08m85hc8jlnfp3zer7xulejywt49kt2rr0vthywaa50xwsqvhl5ywzxe4tpun3frshvq34p7rlh356sq0sx2vd
capacity__capacity_repeat_ratio,0.0,-1.3489727248167438,0.0,ckb1qzda0cr08m85hc8jlnfp3zer7xulejywt49kt2rr0vthywaa50xwsqvjpnzdqgz2pqdmn72qmm3wus9je59wheqangdzf
capacity__target_consumed_capacity,0.0,-4.044635599832544,0.0,ckb1qzda0cr08m85hc8jlnfp3zer7xulejywt49kt2rr0vthywaa50xwsqvjpnzdqgz2pqdmn72qmm3wus9je59wheqangdzf
capacity__target_net_capacity_delta,448510710213912.0,0.7079443536313785,33.73695367721789,ckb1qzda0cr08m85hc8jlnfp3zer7xulejywt49kt2rr0vthywaa50xwsqvjpnzdqgz2pqdmn72qmm3wus9je59wheqangdzf
lineage__continuation_count,0.0,0.0,0.0,ckb1qzda0cr08m85hc8jlnfp3zer7xulejywt49kt2rr0vthywaa50xwsqvjpnzdqgz2pqdmn72qmm3wus9je59wheqangdzf
lineage__lineage_depth,1.0,-1.0,0.6931471805599453,ckb1qzda0cr08m85hc8jlnfp3zer7xulejywt49kt2rr0vthywaa50xwsqvjpnzdqgz2pqdmn72qmm3wus9je59wheqangdzf
lineage__lineage_repetition,0.96875,0.9603927045492926,0.96875,ckb1qzda0cr08m85hc8jlnfp3zer7xulejywt49kt2rr0vthywaa50xwsqvjpnzdqgz2pqdmn72qmm3wus9je59wheqangdzf
lineage__merge_count,31.0,1.573804392782666,3.4657359027997265,ckb1qzda0cr08m85hc8jlnfp3zer7xulejywt49kt2rr0vthywaa50xwsqvjpnzdqgz2pqdmn72qmm3wus9je59wheqangdzf
scripts__type_family_count,0.0,-0.501218028601448,0.0,ckb1qzda0cr08m85hc8jlnfp3zer7xulejywt49kt2rr0vthywaa50xwsqvjpnzdqgz2pqdmn72qmm3wus9je59wheqangdzf
scripts__unique_lock_script_count,14.0,0.7314158822675506,2.70805020110221,ckb1qzda0cr08m85hc8jlnfp3zer7xulejywt49kt2rr0vthywaa50xwsqvjpnzdqgz2pqdmn72qmm3wus9je59wheqangdzf
scripts__unique_type_script_count,0.0,0.0,0.0,ckb1qzda0cr08m85hc8jlnfp3zer7xulejywt49kt2rr0vthywaa50xwsqvjpnzdqgz2pqdmn72qmm3wus9je59wheqangdzf
capacity__capacity_repeat_ratio,0.0,-1.3489727248167438,0.0,ckb1qzda0cr08m85hc8jlnfp3zer7xulejywt49kt2rr0vthywaa50xwsqvjvfddqll5qztlccn06gs02ske0yc68esgdkxfp
capacity__target_consumed_capacity,243583171637.0,-0.26464569392889736,26.218724288450073,ckb1qzda0cr08m85hc8jlnfp3zer7xulejywt49kt2rr0vthywaa50xwsqvjvfddqll5qztlccn06gs02ske0yc68esgdkxfp
capacity__target_net_capacity_delta,-243583171637.0,-0.550180019127227,-26.218724288450073,ckb1qzda0cr08m85hc8jlnfp3zer7xulejywt49kt2rr0vthywaa50xwsqvjvfddqll5qztlccn06gs02ske0yc68esgdkxfp
lineage__continuation_count,0.0,0.0,0.0,ckb1qzda0cr08m85hc8jlnfp3zer7xulejywt49kt2rr0vthywaa50xwsqvjvfddqll5qztlccn06gs02ske0yc68esgdkxfp
lineage__lineage_depth,2.0,0.0,1.0986122886681098,ckb1qzda0cr08m85hc8jlnfp3zer7xulejywt49kt2rr0vthywaa50xwsqvjvfddqll5qztlccn06gs02ske0yc68esgdkxfp
lineage__lineage_repetition,0.9,0.8121203762995998,0.9,ckb1qzda0cr08m85hc8jlnfp3zer7xulejywt49kt2rr0vthywaa50xwsqvjvfddqll5qztlccn06gs02ske0yc68esgdkxfp
lineage__merge_count,10.0,0.8638405090822093,2.3978952727983707,ckb1qzda0cr08m85hc8jlnfp3zer7xulejywt49kt2rr0vthywaa50xwsqvjvfddqll5qztlccn06gs02ske0yc68esgdkxfp
scripts__type_family_count,0.0,-0.501218028601448,0.0,ckb1qzda0cr08m85hc8jlnfp3zer7xulejywt49kt2rr0vthywaa50xwsqvjvfddqll5qztlccn06gs02ske0yc68esgdkxfp
scripts__unique_lock_script_count,49.0,1.692469836290448,3.912023005428146,ckb1qzda0cr08m85hc8jlnfp3zer7xulejywt49kt2rr0vthywaa50xwsqvjvfddqll5qztlccn06gs02ske0yc68esgdkxfp
scripts__unique_type_script_count,0.0,0.0,0.0,ckb1qzda0cr08m85hc8jlnfp3zer7xulejywt49kt2rr0vthywaa50xwsqvjvfddqll5qztlccn06gs02ske0yc68esgdkxfp
capacity__capacity_repeat_ratio,1.0,0.9020803841920981,1.0,ckb1qzda0cr08m85hc8jlnfp3zer7xulejywt49kt2rr0vthywaa50xwsqvkdvwnt7g07cavxzwdpc6rhyz9dpje6zgyldedd
capacity__target_consumed_capacity,6200000000.0,-0.7938857673569987,22.547815129158746,ckb1qzda0cr08m85hc8jlnfp3zer7xulejywt49kt2rr0vthywaa50xwsqvkdvwnt7g07cavxzwdpc6rhyz9dpje6zgyldedd
capacity__target_net_capacity_delta,0.0,0.0,0.0,ckb1qzda0cr08m85hc8jlnfp3zer7xulejywt49kt2rr0vthywaa50xwsqvkdvwnt7g07cavxzwdpc6rhyz9dpje6zgyldedd
lineage__continuation_count,0.0,0.0,0.0,ckb1qzda0cr08m85hc8jlnfp3zer7xulejywt49kt2rr0vthywaa50xwsqvkdvwnt7g07cavxzwdpc6rhyz9dpje6zgyldedd
lineage__lineage_depth,2.0,0.0,1.0986122886681098,ckb1qzda0cr08m85hc8jlnfp3zer7xulejywt49kt2rr0vthywaa50xwsqvkdvwnt7g07cavxzwdpc6rhyz9dpje6zgyldedd
lineage__lineage_repetition,0.0,-1.128899193514562,0.0,ckb1qzda0cr08m85hc8jlnfp3zer7xulejywt49kt2rr0vthywaa50xwsqvkdvwnt7g07cavxzwdpc6rhyz9dpje6zgyldedd
lineage__merge_count,2.0,0.0,1.0986122886681098,ckb1qzda0cr08m85hc8jlnfp3zer7xulejywt49kt2rr0vthywaa50xwsqvkdvwnt7g07cavxzwdpc6rhyz9dpje6zgyldedd
scripts__type_family_count,1.0,1.9951397255009098,0.6931471805599453,ckb1qzda0cr08m85hc8jlnfp3zer7xulejywt49kt2rr0vthywaa50xwsqvkdvwnt7g07cavxzwdpc6rhyz9dpje6zgyldedd
scripts__unique_lock_script_count,5.0,0.0,1.791759469228055,ckb1qzda0cr08m85hc8jlnfp3zer7xulejywt49kt2rr0vthywaa50xwsqvkdvwnt7g07cavxzwdpc6rhyz9dpje6zgyldedd
scripts__unique_type_script_count,1.0,1.0,0.6931471805599453,ckb1qzda0cr08m85hc8jlnfp3zer7xulejywt49kt2rr0vthywaa50xwsqvkdvwnt7g07cavxzwdpc6rhyz9dpje6zgyldedd
capacity__capacity_repeat_ratio,0.5714285714285714,-0.06265666252597707,0.5714285714285714,ckb1qzda0cr08m85hc8jlnfp3zer7xulejywt49kt2rr0vthywaa50xwsqvknttjvpk89lj2c9ykxvethuaft52j3fs9df6l3
capacity__target_consumed_capacity,11308598360225.0,0.28866394019515773,30.05658446913056,ckb1qzda0cr08m85hc8jlnfp3zer7xulejywt49kt2rr0vthywaa50xwsqvknttjvpk89lj2c9ykxvethuaft52j3fs9df6l3
capacity__target_net_capacity_delta,-1026709158765.0,-0.5803691127934537,-27.657379811797888,ckb1qzda0cr08m85hc8jlnfp3zer7xulejywt49kt2rr0vthywaa50xwsqvknttjvpk89lj2c9ykxvethuaft52j3fs9df6l3
lineage__continuation_count,0.0,0.0,0.0,ckb1qzda0cr08m85hc8jlnfp3zer7xulejywt49kt2rr0vthywaa50xwsqvknttjvpk89lj2c9ykxvethuaft52j3fs9df6l3
lineage__lineage_depth,2.0,0.0,1.0986122886681098,ckb1qzda0cr08m85hc8jlnfp3zer7xulejywt49kt2rr0vthywaa50xwsqvknttjvpk89lj2c9ykxvethuaft52j3fs9df6l3
lineage__lineage_repetition,0.9090909090909091,0.8317266345805507,0.9090909090909091,ckb1qzda0cr08m85hc8jlnfp3zer7xulejywt49kt2rr0vthywaa50xwsqvknttjvpk89lj2c9ykxvethuaft52j3fs9df6l3
lineage__merge_count,2.0,0.0,1.0986122886681098,ckb1qzda0cr08m85hc8jlnfp3zer7xulejywt49kt2rr0vthywaa50xwsqvknttjvpk89lj2c9ykxvethuaft52j3fs9df6l3
scripts__type_family_count,0.0,-0.501218028601448,0.0,ckb1qzda0cr08m85hc8jlnfp3zer7xulejywt49kt2rr0vthywaa50xwsqvknttjvpk89lj2c9ykxvethuaft52j3fs9df6l3
scripts__unique_lock_script_count,47.0,1.659884266995337,3.871201010907891,ckb1qzda0cr08m85hc8jlnfp3zer7xulejywt49kt2rr0vthywaa50xwsqvknttjvpk89lj2c9ykxvethuaft52j3fs9df6l3
scripts__unique_type_script_count,0.0,0.0,0.0,ckb1qzda0cr08m85hc8jlnfp3zer7xulejywt49kt2rr0vthywaa50xwsqvknttjvpk89lj2c9ykxvethuaft52j3fs9df6l3
capacity__capacity_repeat_ratio,1.0,0.9020803841920981,1.0,ckb1qzda0cr08m85hc8jlnfp3zer7xulejywt49kt2rr0vthywaa50xwsqvkt2ql6y7gdn7dsh0txtwkluf8n57tadgdmaj8h
capacity__target_consumed_capacity,51180669255654.0,0.5063336952564007,31.566383023082217,ckb1qzda0cr08m85hc8jlnfp3zer7xulejywt49kt2rr0vthywaa50xwsqvkt2ql6y7gdn7dsh0txtwkluf8n57tadgdmaj8h
capacity__target_net_capacity_delta,0.0,0.0,0.0,ckb1qzda0cr08m85hc8jlnfp3zer7xulejywt49kt2rr0vthywaa50xwsqvkt2ql6y7gdn7dsh0txtwkluf8n57tadgdmaj8h
lineage__continuation_count,0.0,0.0,0.0,ckb1qzda0cr08m85hc8jlnfp3zer7xulejywt49kt2rr0vthywaa50xwsqvkt2ql6y7gdn7dsh0txtwkluf8n57tadgdmaj8h
lineage__lineage_depth,3.0,0.7095112913514542,1.3862943611198906,ckb1qzda0cr08m85hc8jlnfp3zer7xulejywt49kt2rr0vthywaa50xwsqvkt2ql6y7gdn7dsh0txtwkluf8n57tadgdmaj8h
lineage__lineage_repetition,1.0,1.027789217390062,1.0,ckb1qzda0cr08m85hc8jlnfp3zer7xulejywt49kt2rr0vthywaa50xwsqvkt2ql6y7gdn7dsh0txtwkluf8n57tadgdmaj8h
lineage__merge_count,0.0,-0.7304227103091852,0.0,ckb1qzda0cr08m85hc8jlnfp3zer7xulejywt49kt2rr0vthywaa50xwsqvkt2ql6y7gdn7dsh0txtwkluf8n57tadgdmaj8h
scripts__type_family_count,0.0,-0.501218028601448,0.0,ckb1qzda0cr08m85hc8jlnfp3zer7xulejywt49kt2rr0vthywaa50xwsqvkt2ql6y7gdn7dsh0txtwkluf8n57tadgdmaj8h
scripts__unique_lock_script_count,3.0,-0.3236566839097652,1.3862943611198906,ckb1qzda0cr08m85hc8jlnfp3zer7xulejywt49kt2rr0vthywaa50xwsqvkt2ql6y7gdn7dsh0txtwkluf8n57tadgdmaj8h
scripts__unique_type_script_count,0.0,0.0,0.0,ckb1qzda0cr08m85hc8jlnfp3zer7xulejywt49kt2rr0vthywaa50xwsqvkt2ql6y7gdn7dsh0txtwkluf8n57tadgdmaj8h
capacity__capacity_repeat_ratio,0.0,-1.3489727248167438,0.0,ckb1qzda0cr08m85hc8jlnfp3zer7xulejywt49kt2rr0vthywaa50xwsqvkxl5y7fzw25kenl7zsh5u5f8yjww5juc69llx3
capacity__target_consumed_capacity,2212410239557.0,0.053451082948026606,28.425103643314223,ckb1qzda0cr08m85hc8jlnfp3zer7xulejywt49kt2rr0vthywaa50xwsqvkxl5y7fzw25kenl7zsh5u5f8yjww5juc69llx3
capacity__target_net_capacity_delta,-2212410239557.0,-0.5964792144010348,-28.425103643314223,ckb1qzda0cr08m85hc8jlnfp3zer7xulejywt49kt2rr0vthywaa50xwsqvkxl5y7fzw25kenl7zsh5u5f8yjww5juc69llx3
lineage__continuation_count,0.0,0.0,0.0,ckb1qzda0cr08m85hc8jlnfp3zer7xulejywt49kt2rr0vthywaa50xwsqvkxl5y7fzw25kenl7zsh5u5f8yjww5juc69llx3
lineage__lineage_depth,1.0,-1.0,0.6931471805599453,ckb1qzda0cr08m85hc8jlnfp3zer7xulejywt49kt2rr0vthywaa50xwsqvkxl5y7fzw25kenl7zsh5u5f8yjww5juc69llx3
lineage__lineage_repetition,1.0,1.027789217390062,1.0,ckb1qzda0cr08m85hc8jlnfp3zer7xulejywt49kt2rr0vthywaa50xwsqvkxl5y7fzw25kenl7zsh5u5f8yjww5juc69llx3
lineage__merge_count,0.0,-0.7304227103091852,0.0,ckb1qzda0cr08m85hc8jlnfp3zer7xulejywt49kt2rr0vthywaa50xwsqvkxl5y7fzw25kenl7zsh5u5f8yjww5juc69llx3
scripts__type_family_count,0.0,-0.501218028601448,0.0,ckb1qzda0cr08m85hc8jlnfp3zer7xulejywt49kt2rr0vthywaa50xwsqvkxl5y7fzw25kenl7zsh5u5f8yjww5juc69llx3
scripts__unique_lock_script_count,25.0,1.1704824501274753,3.258096538021482,ckb1qzda0cr08m85hc8jlnfp3zer7xulejywt49kt2rr0vthywaa50xwsqvkxl5y7fzw25kenl7zsh5u5f8yjww5juc69llx3
scripts__unique_type_script_count,0.0,0.0,0.0,ckb1qzda0cr08m85hc8jlnfp3zer7xulejywt49kt2rr0vthywaa50xwsqvkxl5y7fzw25kenl7zsh5u5f8yjww5juc69llx3
capacity__capacity_repeat_ratio,0.0,-1.3489727248167438,0.0,ckb1qzda0cr08m85hc8jlnfp3zer7xulejywt49kt2rr0vthywaa50xwsqvmmkpv65ayqg2c6ezrf2644lcfqe4vjng0qv493
capacity__target_consumed_capacity,0.0,-4.044635599832544,0.0,ckb1qzda0cr08m85hc8jlnfp3zer7xulejywt49kt2rr0vthywaa50xwsqvmmkpv65ayqg2c6ezrf2644lcfqe4vjng0qv493
capacity__target_net_capacity_delta,126691237874.0,0.5364625051394035,25.565018765410105,ckb1qzda0cr08m85hc8jlnfp3zer7xulejywt49kt2rr0vthywaa50xwsqvmmkpv65ayqg2c6ezrf2644lcfqe4vjng0qv493
lineage__continuation_count,0.0,0.0,0.0,ckb1qzda0cr08m85hc8jlnfp3zer7xulejywt49kt2rr0vthywaa50xwsqvmmkpv65ayqg2c6ezrf2644lcfqe4vjng0qv493
lineage__lineage_depth,1.0,-1.0,0.6931471805599453,ckb1qzda0cr08m85hc8jlnfp3zer7xulejywt49kt2rr0vthywaa50xwsqvmmkpv65ayqg2c6ezrf2644lcfqe4vjng0qv493
lineage__lineage_repetition,1.0,1.027789217390062,1.0,ckb1qzda0cr08m85hc8jlnfp3zer7xulejywt49kt2rr0vthywaa50xwsqvmmkpv65ayqg2c6ezrf2644lcfqe4vjng0qv493
lineage__merge_count,0.0,-0.7304227103091852,0.0,ckb1qzda0cr08m85hc8jlnfp3zer7xulejywt49kt2rr0vthywaa50xwsqvmmkpv65ayqg2c6ezrf2644lcfqe4vjng0qv493
scripts__type_family_count,0.0,-0.501218028601448,0.0,ckb1qzda0cr08m85hc8jlnfp3zer7xulejywt49kt2rr0vthywaa50xwsqvmmkpv65ayqg2c6ezrf2644lcfqe4vjng0qv493
scripts__unique_lock_script_count,17.0,0.8769514395748773,2.8903717578961645,ckb1qzda0cr08m85hc8jlnfp3zer7xulejywt49kt2rr0vthywaa50xwsqvmmkpv65ayqg2c6ezrf2644lcfqe4vjng0qv493
scripts__unique_type_script_count,0.0,0.0,0.0,ckb1qzda0cr08m85hc8jlnfp3zer7xulejywt49kt2rr0vthywaa50xwsqvmmkpv65ayqg2c6ezrf2644lcfqe4vjng0qv493
capacity__capacity_repeat_ratio,1.0,0.9020803841920981,1.0,ckb1qzda0cr08m85hc8jlnfp3zer7xulejywt49kt2rr0vthywaa50xwsqvn87j7a9sndal6f0rv6ny34z7s7mcvypg5qhygq
capacity__target_consumed_capacity,5515746088555.0,0.18515516479408275,29.338628042993726,ckb1qzda0cr08m85hc8jlnfp3zer7xulejywt49kt2rr0vthywaa50xwsqvn87j7a9sndal6f0rv6ny34z7s7mcvypg5qhygq
capacity__target_net_capacity_delta,0.0,0.0,0.0,ckb1qzda0cr08m85hc8jlnfp3zer7xulejywt49kt2rr0vthywaa50xwsqvn87j7a9sndal6f0rv6ny34z7s7mcvypg5qhygq
lineage__continuation_count,0.0,0.0,0.0,ckb1qzda0cr08m85hc8jlnfp3zer7xulejywt49kt2rr0vthywaa50xwsqvn87j7a9sndal6f0rv6ny34z7s7mcvypg5qhygq
lineage__lineage_depth,2.0,0.0,1.0986122886681098,ckb1qzda0cr08m85hc8jlnfp3zer7xulejywt49kt2rr0vthywaa50xwsqvn87j7a9sndal6f0rv6ny34z7s7mcvypg5qhygq
lineage__lineage_repetition,0.0,-1.128899193514562,0.0,ckb1qzda0cr08m85hc8jlnfp3zer7xulejywt49kt2rr0vthywaa50xwsqvn87j7a9sndal6f0rv6ny34z7s7mcvypg5qhygq
lineage__merge_count,1.0,-0.26957728969081496,0.6931471805599453,ckb1qzda0cr08m85hc8jlnfp3zer7xulejywt49kt2rr0vthywaa50xwsqvn87j7a9sndal6f0rv6ny34z7s7mcvypg5qhygq
scripts__type_family_count,0.0,-0.501218028601448,0.0,ckb1qzda0cr08m85hc8jlnfp3zer7xulejywt49kt2rr0vthywaa50xwsqvn87j7a9sndal6f0rv6ny34z7s7mcvypg5qhygq
scripts__unique_lock_script_count,9.0,0.40775919835778557,2.302585092994046,ckb1qzda0cr08m85hc8jlnfp3zer7xulejywt49kt2rr0vthywaa50xwsqvn87j7a9sndal6f0rv6ny34z7s7mcvypg5qhygq
scripts__unique_type_script_count,0.0,0.0,0.0,ckb1qzda0cr08m85hc8jlnfp3zer7xulejywt49kt2rr0vthywaa50xwsqvn87j7a9sndal6f0rv6ny34z7s7mcvypg5qhygq
capacity__capacity_repeat_ratio,1.0,0.9020803841920981,1.0,ckb1qzda0cr08m85hc8jlnfp3zer7xulejywt49kt2rr0vthywaa50xwsqvq6ve8a90spwj33sdl7rtus9w5e0an4cc83el7m
capacity__target_consumed_capacity,2089435554724.0,0.045206127735727575,28.36791507592036,ckb1qzda0cr08m85hc8jlnfp3zer7xulejywt49kt2rr0vthywaa50xwsqvq6ve8a90spwj33sdl7rtus9w5e0an4cc83el7m
capacity__target_net_capacity_delta,0.0,0.0,0.0,ckb1qzda0cr08m85hc8jlnfp3zer7xulejywt49kt2rr0vthywaa50xwsqvq6ve8a90spwj33sdl7rtus9w5e0an4cc83el7m
lineage__continuation_count,0.0,0.0,0.0,ckb1qzda0cr08m85hc8jlnfp3zer7xulejywt49kt2rr0vthywaa50xwsqvq6ve8a90spwj33sdl7rtus9w5e0an4cc83el7m
lineage__lineage_depth,2.0,0.0,1.0986122886681098,ckb1qzda0cr08m85hc8jlnfp3zer7xulejywt49kt2rr0vthywaa50xwsqvq6ve8a90spwj33sdl7rtus9w5e0an4cc83el7m
lineage__lineage_repetition,0.0,-1.128899193514562,0.0,ckb1qzda0cr08m85hc8jlnfp3zer7xulejywt49kt2rr0vthywaa50xwsqvq6ve8a90spwj33sdl7rtus9w5e0an4cc83el7m
lineage__merge_count,2.0,0.0,1.0986122886681098,ckb1qzda0cr08m85hc8jlnfp3zer7xulejywt49kt2rr0vthywaa50xwsqvq6ve8a90spwj33sdl7rtus9w5e0an4cc83el7m
scripts__type_family_count,0.0,-0.501218028601448,0.0,ckb1qzda0cr08m85hc8jlnfp3zer7xulejywt49kt2rr0vthywaa50xwsqvq6ve8a90spwj33sdl7rtus9w5e0an4cc83el7m
scripts__unique_lock_script_count,5.0,0.0,1.791759469228055,ckb1qzda0cr08m85hc8jlnfp3zer7xulejywt49kt2rr0vthywaa50xwsqvq6ve8a90spwj33sdl7rtus9w5e0an4cc83el7m
scripts__unique_type_script_count,0.0,0.0,0.0,ckb1qzda0cr08m85hc8jlnfp3zer7xulejywt49kt2rr0vthywaa50xwsqvq6ve8a90spwj33sdl7rtus9w5e0an4cc83el7m
capacity__capacity_repeat_ratio,1.0,0.9020803841920981,1.0,ckb1qzda0cr08m85hc8jlnfp3zer7xulejywt49kt2rr0vthywaa50xwsqvqt5lc9tlz527sfaf9k75eec0p3hf5epqqkr4vs
capacity__target_consumed_capacity,13728894000000.0,0.3166244399258156,30.25052377893148,ckb1qzda0cr08m85hc8jlnfp3zer7xulejywt49kt2rr0vthywaa50xwsqvqt5lc9tlz527sfaf9k75eec0p3hf5epqqkr4vs
capacity__target_net_capacity_delta,0.0,0.0,0.0,ckb1qzda0cr08m85hc8jlnfp3zer7xulejywt49kt2rr0vthywaa50xwsqvqt5lc9tlz527sfaf9k75eec0p3hf5epqqkr4vs
lineage__continuation_count,0.0,0.0,0.0,ckb1qzda0cr08m85hc8jlnfp3zer7xulejywt49kt2rr0vthywaa50xwsqvqt5lc9tlz527sfaf9k75eec0p3hf5epqqkr4vs
lineage__lineage_depth,2.0,0.0,1.0986122886681098,ckb1qzda0cr08m85hc8jlnfp3zer7xulejywt49kt2rr0vthywaa50xwsqvqt5lc9tlz527sfaf9k75eec0p3hf5epqqkr4vs
lineage__lineage_repetition,0.0,-1.128899193514562,0.0,ckb1qzda0cr08m85hc8jlnfp3zer7xulejywt49kt2rr0vthywaa50xwsqvqt5lc9tlz527sfaf9k75eec0p3hf5epqqkr4vs
lineage__merge_count,1.0,-0.26957728969081496,0.6931471805599453,ckb1qzda0cr08m85hc8jlnfp3zer7xulejywt49kt2rr0vthywaa50xwsqvqt5lc9tlz527sfaf9k75eec0p3hf5epqqkr4vs
scripts__type_family_count,0.0,-0.501218028601448,0.0,ckb1qzda0cr08m85hc8jlnfp3zer7xulejywt49kt2rr0vthywaa50xwsqvqt5lc9tlz527sfaf9k75eec0p3hf5epqqkr4vs
scripts__unique_lock_script_count,3.0,-0.3236566839097652,1.3862943611198906,ckb1qzda0cr08m85hc8jlnfp3zer7xulejywt49kt2rr0vthywaa50xwsqvqt5lc9tlz527sfaf9k75eec0p3hf5epqqkr4vs
scripts__unique_type_script_count,0.0,0.0,0.0,ckb1qzda0cr08m85hc8jlnfp3zer7xulejywt49kt2rr0vthywaa50xwsqvqt5lc9tlz527sfaf9k75eec0p3hf5epqqkr4vs
capacity__capacity_repeat_ratio,1.0,0.9020803841920981,1.0,ckb1qzda0cr08m85hc8jlnfp3zer7xulejywt49kt2rr0vthywaa50xwsqvtd053tgl4c6dcn4qe70nvyygkmh2llwgesskle
capacity__target_consumed_capacity,6200000000.0,-0.7938857673569987,22.547815129158746,ckb1qzda0cr08m85hc8jlnfp3zer7xulejywt49kt2rr0vthywaa50xwsqvtd053tgl4c6dcn4qe70nvyygkmh2llwgesskle
capacity__target_net_capacity_delta,0.0,0.0,0.0,ckb1qzda0cr08m85hc8jlnfp3zer7xulejywt49kt2rr0vthywaa50xwsqvtd053tgl4c6dcn4qe70nvyygkmh2llwgesskle
lineage__continuation_count,0.0,0.0,0.0,ckb1qzda0cr08m85hc8jlnfp3zer7xulejywt49kt2rr0vthywaa50xwsqvtd053tgl4c6dcn4qe70nvyygkmh2llwgesskle
lineage__lineage_depth,2.0,0.0,1.0986122886681098,ckb1qzda0cr08m85hc8jlnfp3zer7xulejywt49kt2rr0vthywaa50xwsqvtd053tgl4c6dcn4qe70nvyygkmh2llwgesskle
lineage__lineage_repetition,0.0,-1.128899193514562,0.0,ckb1qzda0cr08m85hc8jlnfp3zer7xulejywt49kt2rr0vthywaa50xwsqvtd053tgl4c6dcn4qe70nvyygkmh2llwgesskle
lineage__merge_count,1.0,-0.26957728969081496,0.6931471805599453,ckb1qzda0cr08m85hc8jlnfp3zer7xulejywt49kt2rr0vthywaa50xwsqvtd053tgl4c6dcn4qe70nvyygkmh2llwgesskle
scripts__type_family_count,1.0,1.9951397255009098,0.6931471805599453,ckb1qzda0cr08m85hc8jlnfp3zer7xulejywt49kt2rr0vthywaa50xwsqvtd053tgl4c6dcn4qe70nvyygkmh2llwgesskle
scripts__unique_lock_script_count,6.0,0.12304856042512263,1.9459101490553132,ckb1qzda0cr08m85hc8jlnfp3zer7xulejywt49kt2rr0vthywaa50xwsqvtd053tgl4c6dcn4qe70nvyygkmh2llwgesskle
scripts__unique_type_script_count,1.0,1.0,0.6931471805599453,ckb1qzda0cr08m85hc8jlnfp3zer7xulejywt49kt2rr0vthywaa50xwsqvtd053tgl4c6dcn4qe70nvyygkmh2llwgesskle
capacity__capacity_repeat_ratio,1.0,0.9020803841920981,1.0,ckb1qzda0cr08m85hc8jlnfp3zer7xulejywt49kt2rr0vthywaa50xwsqvtfx52pmwvmnlxc89ahpga6w6rk8r69xgmnsu28
capacity__target_consumed_capacity,7845330650820.0,0.23594841852076057,29.690939649194878,ckb1qzda0cr08m85hc8jlnfp3zer7xulejywt49kt2rr0vthywaa50xwsqvtfx52pmwvmnlxc89ahpga6w6rk8r69xgmnsu28
capacity__target_net_capacity_delta,0.0,0.0,0.0,ckb1qzda0cr08m85hc8jlnfp3zer7xulejywt49kt2rr0vthywaa50xwsqvtfx52pmwvmnlxc89ahpga6w6rk8r69xgmnsu28
lineage__continuation_count,0.0,0.0,0.0,ckb1qzda0cr08m85hc8jlnfp3zer7xulejywt49kt2rr0vthywaa50xwsqvtfx52pmwvmnlxc89ahpga6w6rk8r69xgmnsu28
lineage__lineage_depth,3.0,0.7095112913514542,1.3862943611198906,ckb1qzda0cr08m85hc8jlnfp3zer7xulejywt49kt2rr0vthywaa50xwsqvtfx52pmwvmnlxc89ahpga6w6rk8r69xgmnsu28
lineage__lineage_repetition,1.0,1.027789217390062,1.0,ckb1qzda0cr08m85hc8jlnfp3zer7xulejywt49kt2rr0vthywaa50xwsqvtfx52pmwvmnlxc89ahpga6w6rk8r69xgmnsu28
lineage__merge_count,84.0,2.2233157515627635,4.442651256490317,ckb1qzda0cr08m85hc8jlnfp3zer7xulejywt49kt2rr0vthywaa50xwsqvtfx52pmwvmnlxc89ahpga6w6rk8r69xgmnsu28
scripts__type_family_count,0.0,-0.501218028601448,0.0,ckb1qzda0cr08m85hc8jlnfp3zer7xulejywt49kt2rr0vthywaa50xwsqvtfx52pmwvmnlxc89ahpga6w6rk8r69xgmnsu28
scripts__unique_lock_script_count,3.0,-0.3236566839097652,1.3862943611198906,ckb1qzda0cr08m85hc8jlnfp3zer7xulejywt49kt2rr0vthywaa50xwsqvtfx52pmwvmnlxc89ahpga6w6rk8r69xgmnsu28
scripts__unique_type_script_count,0.0,0.0,0.0,ckb1qzda0cr08m85hc8jlnfp3zer7xulejywt49kt2rr0vthywaa50xwsqvtfx52pmwvmnlxc89ahpga6w6rk8r69xgmnsu28
capacity__capacity_repeat_ratio,1.0,0.9020803841920981,1.0,ckb1qzda0cr08m85hc8jlnfp3zer7xulejywt49kt2rr0vthywaa50xwsqvu4vva27ejspmqt30kg7zld29xznhxvwc5zpfpf
capacity__target_consumed_capacity,174352114825.0,-0.3128539463531256,25.884342739767952,ckb1qzda0cr08m85hc8jlnfp3zer7xulejywt49kt2rr0vthywaa50xwsqvu4vva27ejspmqt30kg7zld29xznhxvwc5zpfpf
capacity__target_net_capacity_delta,0.0,0.0,0.0,ckb1qzda0cr08m85hc8jlnfp3zer7xulejywt49kt2rr0vthywaa50xwsqvu4vva27ejspmqt30kg7zld29xznhxvwc5zpfpf
lineage__continuation_count,0.0,0.0,0.0,ckb1qzda0cr08m85hc8jlnfp3zer7xulejywt49kt2rr0vthywaa50xwsqvu4vva27ejspmqt30kg7zld29xznhxvwc5zpfpf
lineage__lineage_depth,2.0,0.0,1.0986122886681098,ckb1qzda0cr08m85hc8jlnfp3zer7xulejywt49kt2rr0vthywaa50xwsqvu4vva27ejspmqt30kg7zld29xznhxvwc5zpfpf
lineage__lineage_repetition,0.0,-1.128899193514562,0.0,ckb1qzda0cr08m85hc8jlnfp3zer7xulejywt49kt2rr0vthywaa50xwsqvu4vva27ejspmqt30kg7zld29xznhxvwc5zpfpf
lineage__merge_count,2.0,0.0,1.0986122886681098,ckb1qzda0cr08m85hc8jlnfp3zer7xulejywt49kt2rr0vthywaa50xwsqvu4vva27ejspmqt30kg7zld29xznhxvwc5zpfpf
scripts__type_family_count,1.0,1.9951397255009098,0.6931471805599453,ckb1qzda0cr08m85hc8jlnfp3zer7xulejywt49kt2rr0vthywaa50xwsqvu4vva27ejspmqt30kg7zld29xznhxvwc5zpfpf
scripts__unique_lock_script_count,5.0,0.0,1.791759469228055,ckb1qzda0cr08m85hc8jlnfp3zer7xulejywt49kt2rr0vthywaa50xwsqvu4vva27ejspmqt30kg7zld29xznhxvwc5zpfpf
scripts__unique_type_script_count,1.0,1.0,0.6931471805599453,ckb1qzda0cr08m85hc8jlnfp3zer7xulejywt49kt2rr0vthywaa50xwsqvu4vva27ejspmqt30kg7zld29xznhxvwc5zpfpf
capacity__capacity_repeat_ratio,0.625,0.0579354683137824,0.625,ckb1qzda0cr08m85hc8jlnfp3zer7xulejywt49kt2rr0vthywaa50xwsqvuh8nmuphsgaua6g0usmlknkk98gu4lhcmpyhsp
capacity__target_consumed_capacity,5804107892267.0,0.19250199419944308,29.38958704007268,ckb1qzda0cr08m85hc8jlnfp3zer7xulejywt49kt2rr0vthywaa50xwsqvuh8nmuphsgaua6g0usmlknkk98gu4lhcmpyhsp
capacity__target_net_capacity_delta,23270441312202.0,0.6458572606801942,30.778205057919084,ckb1qzda0cr08m85hc8jlnfp3zer7xulejywt49kt2rr0vthywaa50xwsqvuh8nmuphsgaua6g0usmlknkk98gu4lhcmpyhsp
lineage__continuation_count,1.0,1.0,0.6931471805599453,ckb1qzda0cr08m85hc8jlnfp3zer7xulejywt49kt2rr0vthywaa50xwsqvuh8nmuphsgaua6g0usmlknkk98gu4lhcmpyhsp
lineage__lineage_depth,3.0,0.7095112913514542,1.3862943611198906,ckb1qzda0cr08m85hc8jlnfp3zer7xulejywt49kt2rr0vthywaa50xwsqvuh8nmuphsgaua6g0usmlknkk98gu4lhcmpyhsp
lineage__lineage_repetition,0.8125,0.6234101403454451,0.8125,ckb1qzda0cr08m85hc8jlnfp3zer7xulejywt49kt2rr0vthywaa50xwsqvuh8nmuphsgaua6g0usmlknkk98gu4lhcmpyhsp
lineage__merge_count,15.0,1.1129589721642954,2.772588722239781,ckb1qzda0cr08m85hc8jlnfp3zer7xulejywt49kt2rr0vthywaa50xwsqvuh8nmuphsgaua6g0usmlknkk98gu4lhcmpyhsp
scripts__type_family_count,1.0,1.9951397255009098,0.6931471805599453,ckb1qzda0cr08m85hc8jlnfp3zer7xulejywt49kt2rr0vthywaa50xwsqvuh8nmuphsgaua6g0usmlknkk98gu4lhcmpyhsp
scripts__unique_lock_script_count,26.0,1.2006081234846426,3.295836866004329,ckb1qzda0cr08m85hc8jlnfp3zer7xulejywt49kt2rr0vthywaa50xwsqvuh8nmuphsgaua6g0usmlknkk98gu4lhcmpyhsp
scripts__unique_type_script_count,1.0,1.0,0.6931471805599453,ckb1qzda0cr08m85hc8jlnfp3zer7xulejywt49kt2rr0vthywaa50xwsqvuh8nmuphsgaua6g0usmlknkk98gu4lhcmpyhsp
capacity__capacity_repeat_ratio,0.6666666666666666,0.1517293478558174,0.6666666666666666,ckb1qzda0cr08m85hc8jlnfp3zer7xulejywt49kt2rr0vthywaa50xwsqvva6zmstttmwvat2uw3k057rgnv5t3hts4vk7tv
capacity__target_consumed_capacity,326343140224.0,-0.2224768667855895,26.51121524211927,ckb1qzda0cr08m85hc8jlnfp3zer7xulejywt49kt2rr0vthywaa50xwsqvva6zmstttmwvat2uw3k057rgnv5t3hts4vk7tv
capacity__target_net_capacity_delta,-156774442056.0,-0.5409333060720085,-25.77807393449179,ckb1qzda0cr08m85hc8jlnfp3zer7xulejywt49kt2rr0vthywaa50xwsqvva6zmstttmwvat2uw3k057rgnv5t3hts4vk7tv
lineage__continuation_count,0.0,0.0,0.0,ckb1qzda0cr08m85hc8jlnfp3zer7xulejywt49kt2rr0vthywaa50xwsqvva6zmstttmwvat2uw3k057rgnv5t3hts4vk7tv
lineage__lineage_depth,2.0,0.0,1.0986122886681098,ckb1qzda0cr08m85hc8jlnfp3zer7xulejywt49kt2rr0vthywaa50xwsqvva6zmstttmwvat2uw3k057rgnv5t3hts4vk7tv
lineage__lineage_repetition,1.0,1.027789217390062,1.0,ckb1qzda0cr08m85hc8jlnfp3zer7xulejywt49kt2rr0vthywaa50xwsqvva6zmstttmwvat2uw3k057rgnv5t3hts4vk7tv
lineage__merge_count,2.0,0.0,1.0986122886681098,ckb1qzda0cr08m85hc8jlnfp3zer7xulejywt49kt2rr0vthywaa50xwsqvva6zmstttmwvat2uw3k057rgnv5t3hts4vk7tv
scripts__type_family_count,0.0,-0.501218028601448,0.0,ckb1qzda0cr08m85hc8jlnfp3zer7xulejywt49kt2rr0vthywaa50xwsqvva6zmstttmwvat2uw3k057rgnv5t3hts4vk7tv
scripts__unique_lock_script_count,40.0,1.5340592321183055,3.713572066704308,ckb1qzda0cr08m85hc8jlnfp3zer7xulejywt49kt2rr0vthywaa50xwsqvva6zmstttmwvat2uw3k057rgnv5t3hts4vk7tv
scripts__unique_type_script_count,0.0,0.0,0.0,ckb1qzda0cr08m85hc8jlnfp3zer7xulejywt49kt2rr0vthywaa50xwsqvva6zmstttmwvat2uw3k057rgnv5t3hts4vk7tv
capacity__capacity_repeat_ratio,0.6666666666666666,0.1517293478558174,0.6666666666666666,ckb1qzda0cr08m85hc8jlnfp3zer7xulejywt49kt2rr0vthywaa50xwsqvwl42mn75qtakq62dsx96gtfy76rdchhsd37u49
capacity__target_consumed_capacity,49650509738.0,-0.4939430503756952,24.628274494031416,ckb1qzda0cr08m85hc8jlnfp3zer7xulejywt49kt2rr0vthywaa50xwsqvwl42mn75qtakq62dsx96gtfy76rdchhsd37u49
capacity__target_net_capacity_delta,98178279.0,0.38615819808692725,18.402295567597783,ckb1qzda0cr08m85hc8jlnfp3zer7xulejywt49kt2rr0vthywaa50xwsqvwl42mn75qtakq62dsx96gtfy76rdchhsd37u49
lineage__continuation_count,1.0,1.0,0.6931471805599453,ckb1qzda0cr08m85hc8jlnfp3zer7xulejywt49kt2rr0vthywaa50xwsqvwl42mn75qtakq62dsx96gtfy76rdchhsd37u49
lineage__lineage_depth,3.0,0.7095112913514542,1.3862943611198906,ckb1qzda0cr08m85hc8jlnfp3zer7xulejywt49kt2rr0vthywaa50xwsqvwl42mn75qtakq62dsx96gtfy76rdchhsd37u49
lineage__lineage_repetition,0.0,-1.128899193514562,0.0,ckb1qzda0cr08m85hc8jlnfp3zer7xulejywt49kt2rr0vthywaa50xwsqvwl42mn75qtakq62dsx96gtfy76rdchhsd37u49
lineage__merge_count,2.0,0.0,1.0986122886681098,ckb1qzda0cr08m85hc8jlnfp3zer7xulejywt49kt2rr0vthywaa50xwsqvwl42mn75qtakq62dsx96gtfy76rdchhsd37u49
scripts__type_family_count,0.0,-0.501218028601448,0.0,ckb1qzda0cr08m85hc8jlnfp3zer7xulejywt49kt2rr0vthywaa50xwsqvwl42mn75qtakq62dsx96gtfy76rdchhsd37u49
scripts__unique_lock_script_count,4.0,-0.14553555730732698,1.6094379124341003,ckb1qzda0cr08m85hc8jlnfp3zer7xulejywt49kt2rr0vthywaa50xwsqvwl42mn75qtakq62dsx96gtfy76rdchhsd37u49
scripts__unique_type_script_count,0.0,0.0,0.0,ckb1qzda0cr08m85hc8jlnfp3zer7xulejywt49kt2rr0vthywaa50xwsqvwl42mn75qtakq62dsx96gtfy76rdchhsd37u49
capacity__capacity_repeat_ratio,1.0,0.9020803841920981,1.0,ckb1qzda0cr08m85hc8jlnfp3zer7xulejywt49kt2rr0vthywaa50xwsqvwwjyy2ue6h3cg9yf6k07c4u5mlsep05s3evt90
capacity__target_consumed_capacity,110717348004.0,-0.37832164994831774,25.43024637626193,ckb1qzda0cr08m85hc8jlnfp3zer7xulejywt49kt2rr0vthywaa50xwsqvwwjyy2ue6h3cg9yf6k07c4u5mlsep05s3evt90
capacity__target_net_capacity_delta,0.0,0.0,0.0,ckb1qzda0cr08m85hc8jlnfp3zer7xulejywt49kt2rr0vthywaa50xwsqvwwjyy2ue6h3cg9yf6k07c4u5mlsep05s3evt90
lineage__continuation_count,0.0,0.0,0.0,ckb1qzda0cr08m85hc8jlnfp3zer7xulejywt49kt2rr0vthywaa50xwsqvwwjyy2ue6h3cg9yf6k07c4u5mlsep05s3evt90
lineage__lineage_depth,2.0,0.0,1.0986122886681098,ckb1qzda0cr08m85hc8jlnfp3zer7xulejywt49kt2rr0vthywaa50xwsqvwwjyy2ue6h3cg9yf6k07c4u5mlsep05s3evt90
lineage__lineage_repetition,1.0,1.027789217390062,1.0,ckb1qzda0cr08m85hc8jlnfp3zer7xulejywt49kt2rr0vthywaa50xwsqvwwjyy2ue6h3cg9yf6k07c4u5mlsep05s3evt90
lineage__merge_count,2.0,0.0,1.0986122886681098,ckb1qzda0cr08m85hc8jlnfp3zer7xulejywt49kt2rr0vthywaa50xwsqvwwjyy2ue6h3cg9yf6k07c4u5mlsep05s3evt90
scripts__type_family_count,0.0,-0.501218028601448,0.0,ckb1qzda0cr08m85hc8jlnfp3zer7xulejywt49kt2rr0vthywaa50xwsqvwwjyy2ue6h3cg9yf6k07c4u5mlsep05s3evt90
scripts__unique_lock_script_count,3.0,-0.3236566839097652,1.3862943611198906,ckb1qzda0cr08m85hc8jlnfp3zer7xulejywt49kt2rr0vthywaa50xwsqvwwjyy2ue6h3cg9yf6k07c4u5mlsep05s3evt90
scripts__unique_type_script_count,0.0,0.0,0.0,ckb1qzda0cr08m85hc8jlnfp3zer7xulejywt49kt2rr0vthywaa50xwsqvwwjyy2ue6h3cg9yf6k07c4u5mlsep05s3evt90
capacity__capacity_repeat_ratio,1.0,0.9020803841920981,1.0,ckb1qzda0cr08m85hc8jlnfp3zer7xulejywt49kt2rr0vthywaa50xwsqvx0mstg9aqgrgvsqnrqd4ekwcthk0pfpqkaq02f
capacity__target_consumed_capacity,29999999800000.0,0.4293224525492559,31.03221849092407,ckb1qzda0cr08m85hc8jlnfp3zer7xulejywt49kt2rr0vthywaa50xwsqvx0mstg9aqgrgvsqnrqd4ekwcthk0pfpqkaq02f
capacity__target_net_capacity_delta,0.0,0.0,0.0,ckb1qzda0cr08m85hc8jlnfp3zer7xulejywt49kt2rr0vthywaa50xwsqvx0mstg9aqgrgvsqnrqd4ekwcthk0pfpqkaq02f
lineage__continuation_count,0.0,0.0,0.0,ckb1qzda0cr08m85hc8jlnfp3zer7xulejywt49kt2rr0vthywaa50xwsqvx0mstg9aqgrgvsqnrqd4ekwcthk0pfpqkaq02f
lineage__lineage_depth,2.0,0.0,1.0986122886681098,ckb1qzda0cr08m85hc8jlnfp3zer7xulejywt49kt2rr0vthywaa50xwsqvx0mstg9aqgrgvsqnrqd4ekwcthk0pfpqkaq02f
lineage__lineage_repetition,0.0,-1.128899193514562,0.0,ckb1qzda0cr08m85hc8jlnfp3zer7xulejywt49kt2rr0vthywaa50xwsqvx0mstg9aqgrgvsqnrqd4ekwcthk0pfpqkaq02f
lineage__merge_count,1.0,-0.26957728969081496,0.6931471805599453,ckb1qzda0cr08m85hc8jlnfp3zer7xulejywt49kt2rr0vthywaa50xwsqvx0mstg9aqgrgvsqnrqd4ekwcthk0pfpqkaq02f
scripts__type_family_count,1.0,1.9951397255009098,0.6931471805599453,ckb1qzda0cr08m85hc8jlnfp3zer7xulejywt49kt2rr0vthywaa50xwsqvx0mstg9aqgrgvsqnrqd4ekwcthk0pfpqkaq02f
scripts__unique_lock_script_count,4.0,-0.14553555730732698,1.6094379124341003,ckb1qzda0cr08m85hc8jlnfp3zer7xulejywt49kt2rr0vthywaa50xwsqvx0mstg9aqgrgvsqnrqd4ekwcthk0pfpqkaq02f
scripts__unique_type_script_count,1.0,1.0,0.6931471805599453,ckb1qzda0cr08m85hc8jlnfp3zer7xulejywt49kt2rr0vthywaa50xwsqvx0mstg9aqgrgvsqnrqd4ekwcthk0pfpqkaq02f
capacity__capacity_repeat_ratio,1.0,0.9020803841920981,1.0,ckb1qzda0cr08m85hc8jlnfp3zer7xulejywt49kt2rr0vthywaa50xwsqvxfn4dw95uwpq972rjvvkzc44c0hxltkghsrja0
capacity__target_consumed_capacity,7165004040000000.0,1.2187713204437023,36.50798502004272,ckb1qzda0cr08m85hc8jlnfp3zer7xulejywt49kt2rr0vthywaa50xwsqvxfn4dw95uwpq972rjvvkzc44c0hxltkghsrja0
capacity__target_net_capacity_delta,0.0,0.0,0.0,ckb1qzda0cr08m85hc8jlnfp3zer7xulejywt49kt2rr0vthywaa50xwsqvxfn4dw95uwpq972rjvvkzc44c0hxltkghsrja0
lineage__continuation_count,0.0,0.0,0.0,ckb1qzda0cr08m85hc8jlnfp3zer7xulejywt49kt2rr0vthywaa50xwsqvxfn4dw95uwpq972rjvvkzc44c0hxltkghsrja0
lineage__lineage_depth,3.0,0.7095112913514542,1.3862943611198906,ckb1qzda0cr08m85hc8jlnfp3zer7xulejywt49kt2rr0vthywaa50xwsqvxfn4dw95uwpq972rjvvkzc44c0hxltkghsrja0
lineage__lineage_repetition,1.0,1.027789217390062,1.0,ckb1qzda0cr08m85hc8jlnfp3zer7xulejywt49kt2rr0vthywaa50xwsqvxfn4dw95uwpq972rjvvkzc44c0hxltkghsrja0
lineage__merge_count,4.0,0.3396272192247922,1.6094379124341003,ckb1qzda0cr08m85hc8jlnfp3zer7xulejywt49kt2rr0vthywaa50xwsqvxfn4dw95uwpq972rjvvkzc44c0hxltkghsrja0
scripts__type_family_count,0.0,-0.501218028601448,0.0,ckb1qzda0cr08m85hc8jlnfp3zer7xulejywt49kt2rr0vthywaa50xwsqvxfn4dw95uwpq972rjvvkzc44c0hxltkghsrja0
scripts__unique_lock_script_count,5.0,0.0,1.791759469228055,ckb1qzda0cr08m85hc8jlnfp3zer7xulejywt49kt2rr0vthywaa50xwsqvxfn4dw95uwpq972rjvvkzc44c0hxltkghsrja0
scripts__unique_type_script_count,0.0,0.0,0.0,ckb1qzda0cr08m85hc8jlnfp3zer7xulejywt49kt2rr0vthywaa50xwsqvxfn4dw95uwpq972rjvvkzc44c0hxltkghsrja0
capacity__capacity_repeat_ratio,1.0,0.9020803841920981,1.0,ckb1qzda0cr08m85hc8jlnfp3zer7xulejywt49kt2rr0vthywaa50xwsqvy6p5scn5xvswncwlzpfhap4prkxracucm68kwj
capacity__target_consumed_capacity,41528472083328.0,0.47620437758731604,31.357400382220902,ckb1qzda0cr08m85hc8jlnfp3zer7xulejywt49kt2rr0vthywaa50xwsqvy6p5scn5xvswncwlzpfhap4prkxracucm68kwj
capacity__target_net_capacity_delta,0.0,0.0,0.0,ckb1qzda0cr08m85hc8jlnfp3zer7xulejywt49kt2rr0vthywaa50xwsqvy6p5scn5xvswncwlzpfhap4prkxracucm68kwj
lineage__continuation_count,0.0,0.0,0.0,ckb1qzda0cr08m85hc8jlnfp3zer7xulejywt49kt2rr0vthywaa50xwsqvy6p5scn5xvswncwlzpfhap4prkxracucm68kwj
lineage__lineage_depth,2.0,0.0,1.0986122886681098,ckb1qzda0cr08m85hc8jlnfp3zer7xulejywt49kt2rr0vthywaa50xwsqvy6p5scn5xvswncwlzpfhap4prkxracucm68kwj
lineage__lineage_repetition,0.0,-1.128899193514562,0.0,ckb1qzda0cr08m85hc8jlnfp3zer7xulejywt49kt2rr0vthywaa50xwsqvy6p5scn5xvswncwlzpfhap4prkxracucm68kwj
lineage__merge_count,1.0,-0.26957728969081496,0.6931471805599453,ckb1qzda0cr08m85hc8jlnfp3zer7xulejywt49kt2rr0vthywaa50xwsqvy6p5scn5xvswncwlzpfhap4prkxracucm68kwj
scripts__type_family_count,0.0,-0.501218028601448,0.0,ckb1qzda0cr08m85hc8jlnfp3zer7xulejywt49kt2rr0vthywaa50xwsqvy6p5scn5xvswncwlzpfhap4prkxracucm68kwj
scripts__unique_lock_script_count,3.0,-0.3236566839097652,1.3862943611198906,ckb1qzda0cr08m85hc8jlnfp3zer7xulejywt49kt2rr0vthywaa50xwsqvy6p5scn5xvswncwlzpfhap4prkxracucm68kwj
scripts__unique_type_script_count,0.0,0.0,0.0,ckb1qzda0cr08m85hc8jlnfp3zer7xulejywt49kt2rr0vthywaa50xwsqvy6p5scn5xvswncwlzpfhap4prkxracucm68kwj
capacity__capacity_repeat_ratio,0.0,-1.3489727248167438,0.0,ckb1qzda0cr08m85hc8jlnfp3zer7xulejywt49kt2rr0vthywaa50xwsqvy7kcd79as6em28rtmg777va2j349a3ycz75qyg
capacity__target_consumed_capacity,51199256664.0,-0.4895146305719086,24.658990850624765,ckb1qzda0cr08m85hc8jlnfp3zer7xulejywt49kt2rr0vthywaa50xwsqvy7kcd79as6em28rtmg777va2j349a3ycz75qyg
capacity__target_net_capacity_delta,-6200034286.0,-0.4731488940897734,-22.547820659143458,ckb1qzda0cr08m85hc8jlnfp3zer7xulejywt49kt2rr0vthywaa50xwsqvy7kcd79as6em28rtmg777va2j349a3ycz75qyg
lineage__continuation_count,1.0,1.0,0.6931471805599453,ckb1qzda0cr08m85hc8jlnfp3zer7xulejywt49kt2rr0vthywaa50xwsqvy7kcd79as6em28rtmg777va2j349a3ycz75qyg
lineage__lineage_depth,1.0,-1.0,0.6931471805599453,ckb1qzda0cr08m85hc8jlnfp3zer7xulejywt49kt2rr0vthywaa50xwsqvy7kcd79as6em28rtmg777va2j349a3ycz75qyg
lineage__lineage_repetition,0.0,-1.128899193514562,0.0,ckb1qzda0cr08m85hc8jlnfp3zer7xulejywt49kt2rr0vthywaa50xwsqvy7kcd79as6em28rtmg777va2j349a3ycz75qyg
lineage__merge_count,1.0,-0.26957728969081496,0.6931471805599453,ckb1qzda0cr08m85hc8jlnfp3zer7xulejywt49kt2rr0vthywaa50xwsqvy7kcd79as6em28rtmg777va2j349a3ycz75qyg
scripts__type_family_count,0.0,-0.501218028601448,0.0,ckb1qzda0cr08m85hc8jlnfp3zer7xulejywt49kt2rr0vthywaa50xwsqvy7kcd79as6em28rtmg777va2j349a3ycz75qyg
scripts__unique_lock_script_count,2.0,-0.5532947556651122,1.0986122886681098,ckb1qzda0cr08m85hc8jlnfp3zer7xulejywt49kt2rr0vthywaa50xwsqvy7kcd79as6em28rtmg777va2j349a3ycz75qyg
scripts__unique_type_script_count,0.0,0.0,0.0,ckb1qzda0cr08m85hc8jlnfp3zer7xulejywt49kt2rr0vthywaa50xwsqvy7kcd79as6em28rtmg777va2j349a3ycz75qyg
capacity__capacity_repeat_ratio,0.0,-1.3489727248167438,0.0,ckb1qzda0cr08m85hc8jlnfp3zer7xulejywt49kt2rr0vthywaa50xwsqvyeguxz4y45vydqtdrvz6xz43tlcdc7acjhkesk
capacity__target_consumed_capacity,14609446263734.0,0.3255869496176754,30.312689439791164,ckb1qzda0cr08m85hc8jlnfp3zer7xulejywt49kt2rr0vthywaa50xwsqvyeguxz4y45vydqtdrvz6xz43tlcdc7acjhkesk
capacity__target_net_capacity_delta,-14609446263734.0,-0.6360887689386464,-30.312689439791164,ckb1qzda0cr08m85hc8jlnfp3zer7xulejywt49kt2rr0vthywaa50xwsqvyeguxz4y45vydqtdrvz6xz43tlcdc7acjhkesk
lineage__continuation_count,0.0,0.0,0.0,ckb1qzda0cr08m85hc8jlnfp3zer7xulejywt49kt2rr0vthywaa50xwsqvyeguxz4y45vydqtdrvz6xz43tlcdc7acjhkesk
lineage__lineage_depth,1.0,-1.0,0.6931471805599453,ckb1qzda0cr08m85hc8jlnfp3zer7xulejywt49kt2rr0vthywaa50xwsqvyeguxz4y45vydqtdrvz6xz43tlcdc7acjhkesk
lineage__lineage_repetition,1.0,1.027789217390062,1.0,ckb1qzda0cr08m85hc8jlnfp3zer7xulejywt49kt2rr0vthywaa50xwsqvyeguxz4y45vydqtdrvz6xz43tlcdc7acjhkesk
lineage__merge_count,0.0,-0.7304227103091852,0.0,ckb1qzda0cr08m85hc8jlnfp3zer7xulejywt49kt2rr0vthywaa50xwsqvyeguxz4y45vydqtdrvz6xz43tlcdc7acjhkesk
scripts__type_family_count,0.0,-0.501218028601448,0.0,ckb1qzda0cr08m85hc8jlnfp3zer7xulejywt49kt2rr0vthywaa50xwsqvyeguxz4y45vydqtdrvz6xz43tlcdc7acjhkesk
scripts__unique_lock_script_count,38.0,1.4941391340372403,3.6635616461296463,ckb1qzda0cr08m85hc8jlnfp3zer7xulejywt49kt2rr0vthywaa50xwsqvyeguxz4y45vydqtdrvz6xz43tlcdc7acjhkesk
scripts__unique_type_script_count,0.0,0.0,0.0,ckb1qzda0cr08m85hc8jlnfp3zer7xulejywt49kt2rr0vthywaa50xwsqvyeguxz4y45vydqtdrvz6xz43tlcdc7acjhkesk
capacity__capacity_repeat_ratio,1.0,0.9020803841920981,1.0,ckb1qzda0cr08m85hc8jlnfp3zer7xulejywt49kt2rr0vthywaa50xwsqvzfcj3jtlhzyuu4s5frtv9d3r7mexqhnclvhwkr
capacity__target_consumed_capacity,5120000000000.0,0.174421246161563,29.26417555498016,ckb1qzda0cr08m85hc8jlnfp3zer7xulejywt49kt2rr0vthywaa50xwsqvzfcj3jtlhzyuu4s5frtv9d3r7mexqhnclvhwkr
capacity__target_net_capacity_delta,0.0,0.0,0.0,ckb1qzda0cr08m85hc8jlnfp3zer7xulejywt49kt2rr0vthywaa50xwsqvzfcj3jtlhzyuu4s5frtv9d3r7mexqhnclvhwkr
lineage__continuation_count,0.0,0.0,0.0,ckb1qzda0cr08m85hc8jlnfp3zer7xulejywt49kt2rr0vthywaa50xwsqvzfcj3jtlhzyuu4s5frtv9d3r7mexqhnclvhwkr
lineage__lineage_depth,13.0,3.7992049380885557,2.6390573296152584,ckb1qzda0cr08m85hc8jlnfp3zer7xulejywt49kt2rr0vthywaa50xwsqvzfcj3jtlhzyuu4s5frtv9d3r7mexqhnclvhwkr
lineage__lineage_repetition,0.9583333333333334,0.9379272002690362,0.9583333333333334,ckb1qzda0cr08m85hc8jlnfp3zer7xulejywt49kt2rr0vthywaa50xwsqvzfcj3jtlhzyuu4s5frtv9d3r7mexqhnclvhwkr
lineage__merge_count,12.0,0.9749079880704696,2.5649493574615367,ckb1qzda0cr08m85hc8jlnfp3zer7xulejywt49kt2rr0vthywaa50xwsqvzfcj3jtlhzyuu4s5frtv9d3r7mexqhnclvhwkr
scripts__type_family_count,0.0,-0.501218028601448,0.0,ckb1qzda0cr08m85hc8jlnfp3zer7xulejywt49kt2rr0vthywaa50xwsqvzfcj3jtlhzyuu4s5frtv9d3r7mexqhnclvhwkr
scripts__unique_lock_script_count,3.0,-0.3236566839097652,1.3862943611198906,ckb1qzda0cr08m85hc8jlnfp3zer7xulejywt49kt2rr0vthywaa50xwsqvzfcj3jtlhzyuu4s5frtv9d3r7mexqhnclvhwkr
scripts__unique_type_script_count,0.0,0.0,0.0,ckb1qzda0cr08m85hc8jlnfp3zer7xulejywt49kt2rr0vthywaa50xwsqvzfcj3jtlhzyuu4s5frtv9d3r7mexqhnclvhwkr
capacity__capacity_repeat_ratio,0.9987577639751553,0.8992840449262486,0.9987577639751553,ckb1qzda0cr08m85hc8jlnfp3zer7xulejywt49kt2rr0vthywaa50xwsqw0dr0ghl76nf5xkw6lx0lxm032kw2jwwq6lnmhx
capacity__target_consumed_capacity,28440520312238.0,0.4216262269446375,30.978836015781994,ckb1qzda0cr08m85hc8jlnfp3zer7xulejywt49kt2rr0vthywaa50xwsqw0dr0ghl76nf5xkw6lx0lxm032kw2jwwq6lnmhx
capacity__target_net_capacity_delta,56308784883.0,0.5194463347228211,24.754116396935533,ckb1qzda0cr08m85hc8jlnfp3zer7xulejywt49kt2rr0vthywaa50xwsqw0dr0ghl76nf5xkw6lx0lxm032kw2jwwq6lnmhx
lineage__continuation_count,0.0,0.0,0.0,ckb1qzda0cr08m85hc8jlnfp3zer7xulejywt49kt2rr0vthywaa50xwsqw0dr0ghl76nf5xkw6lx0lxm032kw2jwwq6lnmhx
lineage__lineage_depth,3.0,0.7095112913514542,1.3862943611198906,ckb1qzda0cr08m85hc8jlnfp3zer7xulejywt49kt2rr0vthywaa50xwsqw0dr0ghl76nf5xkw6lx0lxm032kw2jwwq6lnmhx
lineage__lineage_repetition,0.9987531172069826,1.025100079720605,0.9987531172069826,ckb1qzda0cr08m85hc8jlnfp3zer7xulejywt49kt2rr0vthywaa50xwsqw0dr0ghl76nf5xkw6lx0lxm032kw2jwwq6lnmhx
lineage__merge_count,742.0,3.6647607150162838,6.610696044717759,ckb1qzda0cr08m85hc8jlnfp3zer7xulejywt49kt2rr0vthywaa50xwsqw0dr0ghl76nf5xkw6lx0lxm032kw2jwwq6lnmhx
scripts__type_family_count,0.0,-0.501218028601448,0.0,ckb1qzda0cr08m85hc8jlnfp3zer7xulejywt49kt2rr0vthywaa50xwsqw0dr0ghl76nf5xkw6lx0lxm032kw2jwwq6lnmhx
scripts__unique_lock_script_count,53.0,1.753902879149755,3.9889840465642745,ckb1qzda0cr08m85hc8jlnfp3zer7xulejywt49kt2rr0vthywaa50xwsqw0dr0ghl76nf5xkw6lx0lxm032kw2jwwq6lnmhx
scripts__unique_type_script_count,0.0,0.0,0.0,ckb1qzda0cr08m85hc8jlnfp3zer7xulejywt49kt2rr0vthywaa50xwsqw0dr0ghl76nf5xkw6lx0lxm032kw2jwwq6lnmhx
capacity__capacity_repeat_ratio,1.0,0.9020803841920981,1.0,ckb1qzda0cr08m85hc8jlnfp3zer7xulejywt49kt2rr0vthywaa50xwsqw0kyehc00l04ru5dldfhhtalx43fe9ppsdzgzgz
capacity__target_consumed_capacity,6874592664698.0,0.216905376177277,29.55885350895485,ckb1qzda0cr08m85hc8jlnfp3zer7xulejywt49kt2rr0vthywaa50xwsqw0kyehc00l04ru5dldfhhtalx43fe9ppsdzgzgz
capacity__target_net_capacity_delta,-3437296332349.0,-0.605724927161059,-28.865706328395053,ckb1qzda0cr08m85hc8jlnfp3zer7xulejywt49kt2rr0vthywaa50xwsqw0kyehc00l04ru5dldfhhtalx43fe9ppsdzgzgz
lineage__continuation_count,1.0,1.0,0.6931471805599453,ckb1qzda0cr08m85hc8jlnfp3zer7xulejywt49kt2rr0vthywaa50xwsqw0kyehc00l04ru5dldfhhtalx43fe9ppsdzgzgz
lineage__lineage_depth,2.0,0.0,1.0986122886681098,ckb1qzda0cr08m85hc8jlnfp3zer7xulejywt49kt2rr0vthywaa50xwsqw0kyehc00l04ru5dldfhhtalx43fe9ppsdzgzgz
lineage__lineage_repetition,0.0,-1.128899193514562,0.0,ckb1qzda0cr08m85hc8jlnfp3zer7xulejywt49kt2rr0vthywaa50xwsqw0kyehc00l04ru5dldfhhtalx43fe9ppsdzgzgz
lineage__merge_count,1.0,-0.26957728969081496,0.6931471805599453,ckb1qzda0cr08m85hc8jlnfp3zer7xulejywt49kt2rr0vthywaa50xwsqw0kyehc00l04ru5dldfhhtalx43fe9ppsdzgzgz
scripts__type_family_count,1.0,1.9951397255009098,0.6931471805599453,ckb1qzda0cr08m85hc8jlnfp3zer7xulejywt49kt2rr0vthywaa50xwsqw0kyehc00l04ru5dldfhhtalx43fe9ppsdzgzgz
scripts__unique_lock_script_count,4.0,-0.14553555730732698,1.6094379124341003,ckb1qzda0cr08m85hc8jlnfp3zer7xulejywt49kt2rr0vthywaa50xwsqw0kyehc00l04ru5dldfhhtalx43fe9ppsdzgzgz
scripts__unique_type_script_count,1.0,1.0,0.6931471805599453,ckb1qzda0cr08m85hc8jlnfp3zer7xulejywt49kt2rr0vthywaa50xwsqw0kyehc00l04ru5dldfhhtalx43fe9ppsdzgzgz
capacity__capacity_repeat_ratio,0.0,-1.3489727248167438,0.0,ckb1qzda0cr08m85hc8jlnfp3zer7xulejywt49kt2rr0vthywaa50xwsqw20ylwscm8q35fdgh6vvl0mjpmg4p3macchmmr6
capacity__target_consumed_capacity,9.751281663650467e+16,1.5951704076894782,39.11876021695744,ckb1qzda0cr08m85hc8jlnfp3zer7xulejywt49kt2rr0vthywaa50xwsqw20ylwscm8q35fdgh6vvl0mjpmg4p3macchmmr6
capacity__target_net_capacity_delta,-7612803400001032.0,-0.7673644668210399,-36.568607882653446,ckb1qzda0cr08m85hc8jlnfp3zer7xulejywt49kt2rr0vthywaa50xwsqw20ylwscm8q35fdgh6vvl0mjpmg4p3macchmmr6
lineage__continuation_count,1.0,1.0,0.6931471805599453,ckb1qzda0cr08m85hc8jlnfp3zer7xulejywt49kt2rr0vthywaa50xwsqw20ylwscm8q35fdgh6vvl0mjpmg4p3macchmmr6
lineage__lineage_depth,1.0,-1.0,0.6931471805599453,ckb1qzda0cr08m85hc8jlnfp3zer7xulejywt49kt2rr0vthywaa50xwsqw20ylwscm8q35fdgh6vvl0mjpmg4p3macchmmr6
lineage__lineage_repetition,0.0,-1.128899193514562,0.0,ckb1qzda0cr08m85hc8jlnfp3zer7xulejywt49kt2rr0vthywaa50xwsqw20ylwscm8q35fdgh6vvl0mjpmg4p3macchmmr6
lineage__merge_count,1.0,-0.26957728969081496,0.6931471805599453,ckb1qzda0cr08m85hc8jlnfp3zer7xulejywt49kt2rr0vthywaa50xwsqw20ylwscm8q35fdgh6vvl0mjpmg4p3macchmmr6
scripts__type_family_count,0.0,-0.501218028601448,0.0,ckb1qzda0cr08m85hc8jlnfp3zer7xulejywt49kt2rr0vthywaa50xwsqw20ylwscm8q35fdgh6vvl0mjpmg4p3macchmmr6
scripts__unique_lock_script_count,2.0,-0.5532947556651122,1.0986122886681098,ckb1qzda0cr08m85hc8jlnfp3zer7xulejywt49kt2rr0vthywaa50xwsqw20ylwscm8q35fdgh6vvl0mjpmg4p3macchmmr6
scripts__unique_type_script_count,0.0,0.0,0.0,ckb1qzda0cr08m85hc8jlnfp3zer7xulejywt49kt2rr0vthywaa50xwsqw20ylwscm8q35fdgh6vvl0mjpmg4p3macchmmr6
capacity__capacity_repeat_ratio,1.0,0.9020803841920981,1.0,ckb1qzda0cr08m85hc8jlnfp3zer7xulejywt49kt2rr0vthywaa50xwsqw2qmgk7tphggddk6mavjxzxhlaguum7ds7c7t8q
capacity__target_consumed_capacity,2176469052443.0,0.05108974814229472,28.40872497888247,ckb1qzda0cr08m85hc8jlnfp3zer7xulejywt49kt2rr0vthywaa50xwsqw2qmgk7tphggddk6mavjxzxhlaguum7ds7c7t8q
capacity__target_net_capacity_delta,0.0,0.0,0.0,ckb1qzda0cr08m85hc8jlnfp3zer7xulejywt49kt2rr0vthywaa50xwsqw2qmgk7tphggddk6mavjxzxhlaguum7ds7c7t8q
lineage__continuation_count,0.0,0.0,0.0,ckb1qzda0cr08m85hc8jlnfp3zer7xulejywt49kt2rr0vthywaa50xwsqw2qmgk7tphggddk6mavjxzxhlaguum7ds7c7t8q
lineage__lineage_depth,2.0,0.0,1.0986122886681098,ckb1qzda0cr08m85hc8jlnfp3zer7xulejywt49kt2rr0vthywaa50xwsqw2qmgk7tphggddk6mavjxzxhlaguum7ds7c7t8q
lineage__lineage_repetition,0.9642857142857143,0.9507646312863256,0.9642857142857143,ckb1qzda0cr08m85hc8jlnfp3zer7xulejywt49kt2rr0vthywaa50xwsqw2qmgk7tphggddk6mavjxzxhlaguum7ds7c7t8q
lineage__merge_count,56.0,1.9576379416892564,4.04305126783455,ckb1qzda0cr08m85hc8jlnfp3zer7xulejywt49kt2rr0vthywaa50xwsqw2qmgk7tphggddk6mavjxzxhlaguum7ds7c7t8q
scripts__type_family_count,0.0,-0.501218028601448,0.0,ckb1qzda0cr08m85hc8jlnfp3zer7xulejywt49kt2rr0vthywaa50xwsqw2qmgk7tphggddk6mavjxzxhlaguum7ds7c7t8q
scripts__unique_lock_script_count,21.0,1.03713393259921,3.091042453358316,ckb1qzda0cr08m85hc8jlnfp3zer7xulejywt49kt2rr0vthywaa50xwsqw2qmgk7tphggddk6mavjxzxhlaguum7ds7c7t8q
scripts__unique_type_script_count,0.0,0.0,0.0,ckb1qzda0cr08m85hc8jlnfp3zer7xulejywt49kt2rr0vthywaa50xwsqw2qmgk7tphggddk6mavjxzxhlaguum7ds7c7t8q
capacity__capacity_repeat_ratio,0.3333333333333333,-0.5986216884804633,0.3333333333333333,ckb1qzda0cr08m85hc8jlnfp3zer7xulejywt49kt2rr0vthywaa50xwsqw4klymd5zxdtersxfu8wafdq803fudg7qpp9dz7
capacity__target_consumed_capacity,1106126974361952.0,0.9494095813202045,34.63964109645013,ckb1qzda0cr08m85hc8jlnfp3zer7xulejywt49kt2rr0vthywaa50xwsqw4klymd5zxdtersxfu8wafdq803fudg7qpp9dz7
capacity__target_net_capacity_delta,-884692627722413.0,-0.7221991100724297,-34.41626138730123,ckb1qzda0cr08m85hc8jlnfp3zer7xulejywt49kt2rr0vthywaa50xwsqw4klymd5zxdtersxfu8wafdq803fudg7qpp9dz7
lineage__continuation_count,0.0,0.0,0.0,ckb1qzda0cr08m85hc8jlnfp3zer7xulejywt49kt2rr0vthywaa50xwsqw4klymd5zxdtersxfu8wafdq803fudg7qpp9dz7
lineage__lineage_depth,2.0,0.0,1.0986122886681098,ckb1qzda0cr08m85hc8jlnfp3zer7xulejywt49kt2rr0vthywaa50xwsqw4klymd5zxdtersxfu8wafdq803fudg7qpp9dz7
lineage__lineage_repetition,1.0,1.027789217390062,1.0,ckb1qzda0cr08m85hc8jlnfp3zer7xulejywt49kt2rr0vthywaa50xwsqw4klymd5zxdtersxfu8wafdq803fudg7qpp9dz7
lineage__merge_count,0.0,-0.7304227103091852,0.0,ckb1qzda0cr08m85hc8jlnfp3zer7xulejywt49kt2rr0vthywaa50xwsqw4klymd5zxdtersxfu8wafdq803fudg7qpp9dz7
scripts__type_family_count,0.0,-0.501218028601448,0.0,ckb1qzda0cr08m85hc8jlnfp3zer7xulejywt49kt2rr0vthywaa50xwsqw4klymd5zxdtersxfu8wafdq803fudg7qpp9dz7
scripts__unique_lock_script_count,46.0,1.643078686269145,3.8501476017100584,ckb1qzda0cr08m85hc8jlnfp3zer7xulejywt49kt2rr0vthywaa50xwsqw4klymd5zxdtersxfu8wafdq803fudg7qpp9dz7
scripts__unique_type_script_count,0.0,0.0,0.0,ckb1qzda0cr08m85hc8jlnfp3zer7xulejywt49kt2rr0vthywaa50xwsqw4klymd5zxdtersxfu8wafdq803fudg7qpp9dz7
capacity__capacity_repeat_ratio,1.0,0.9020803841920981,1.0,ckb1qzda0cr08m85hc8jlnfp3zer7xulejywt49kt2rr0vthywaa50xwsqw4xpk4t3688duglxp0xvupwfj9u4y20rc5xvtlj
capacity__target_consumed_capacity,24133336588678.0,0.3979502926567099,30.814615261542112,ckb1qzda0cr08m85hc8jlnfp3zer7xulejywt49kt2rr0vthywaa50xwsqw4xpk4t3688duglxp0xvupwfj9u4y20rc5xvtlj
capacity__target_net_capacity_delta,0.0,0.0,0.0,ckb1qzda0cr08m85hc8jlnfp3zer7xulejywt49kt2rr0vthywaa50xwsqw4xpk4t3688duglxp0xvupwfj9u4y20rc5xvtlj
lineage__continuation_count,0.0,0.0,0.0,ckb1qzda0cr08m85hc8jlnfp3zer7xulejywt49kt2rr0vthywaa50xwsqw4xpk4t3688duglxp0xvupwfj9u4y20rc5xvtlj
lineage__lineage_depth,2.0,0.0,1.0986122886681098,ckb1qzda0cr08m85hc8jlnfp3zer7xulejywt49kt2rr0vthywaa50xwsqw4xpk4t3688duglxp0xvupwfj9u4y20rc5xvtlj
lineage__lineage_repetition,0.9787234042553191,0.9819022299240062,0.9787234042553191,ckb1qzda0cr08m85hc8jlnfp3zer7xulejywt49kt2rr0vthywaa50xwsqw4xpk4t3688duglxp0xvupwfj9u4y20rc5xvtlj
lineage__merge_count,94.0,2.2972651609140486,4.553876891600541,ckb1qzda0cr08m85hc8jlnfp3zer7xulejywt49kt2rr0vthywaa50xwsqw4xpk4t3688duglxp0xvupwfj9u4y20rc5xvtlj
scripts__type_family_count,0.0,-0.501218028601448,0.0,ckb1qzda0cr08m85hc8jlnfp3zer7xulejywt49kt2rr0vthywaa50xwsqw4xpk4t3688duglxp0xvupwfj9u4y20rc5xvtlj
scripts__unique_lock_script_count,38.0,1.4941391340372403,3.6635616461296463,ckb1qzda0cr08m85hc8jlnfp3zer7xulejywt49kt2rr0vthywaa50xwsqw4xpk4t3688duglxp0xvupwfj9u4y20rc5xvtlj
scripts__unique_type_script_count,0.0,0.0,0.0,ckb1qzda0cr08m85hc8jlnfp3zer7xulejywt49kt2rr0vthywaa50xwsqw4xpk4t3688duglxp0xvupwfj9u4y20rc5xvtlj
capacity__capacity_repeat_ratio,0.0,-1.3489727248167438,0.0,ckb1qzda0cr08m85hc8jlnfp3zer7xulejywt49kt2rr0vthywaa50xwsqw5pyla7y2d5y6dy2jxlj03c4p76ahmnhc0j4ars
capacity__target_consumed_capacity,7921604649.0,-0.7585573612958969,22.792859629573886,ckb1qzda0cr08m85hc8jlnfp3zer7xulejywt49kt2rr0vthywaa50xwsqw5pyla7y2d5y6dy2jxlj03c4p76ahmnhc0j4ars
capacity__target_net_capacity_delta,-7921604649.0,-0.47829085080571165,-22.792859629573886,ckb1qzda0cr08m85hc8jlnfp3zer7xulejywt49kt2rr0vthywaa50xwsqw5pyla7y2d5y6dy2jxlj03c4p76ahmnhc0j4ars
lineage__continuation_count,0.0,0.0,0.0,ckb1qzda0cr08m85hc8jlnfp3zer7xulejywt49kt2rr0vthywaa50xwsqw5pyla7y2d5y6dy2jxlj03c4p76ahmnhc0j4ars
lineage__lineage_depth,1.0,-1.0,0.6931471805599453,ckb1qzda0cr08m85hc8jlnfp3zer7xulejywt49kt2rr0vthywaa50xwsqw5pyla7y2d5y6dy2jxlj03c4p76ahmnhc0j4ars
lineage__lineage_repetition,0.0,-1.128899193514562,0.0,ckb1qzda0cr08m85hc8jlnfp3zer7xulejywt49kt2rr0vthywaa50xwsqw5pyla7y2d5y6dy2jxlj03c4p76ahmnhc0j4ars
lineage__merge_count,1.0,-0.26957728969081496,0.6931471805599453,ckb1qzda0cr08m85hc8jlnfp3zer7xulejywt49kt2rr0vthywaa50xwsqw5pyla7y2d5y6dy2jxlj03c4p76ahmnhc0j4ars
scripts__type_family_count,0.0,-0.501218028601448,0.0,ckb1qzda0cr08m85hc8jlnfp3zer7xulejywt49kt2rr0vthywaa50xwsqw5pyla7y2d5y6dy2jxlj03c4p76ahmnhc0j4ars
scripts__unique_lock_script_count,4.0,-0.14553555730732698,1.6094379124341003,ckb1qzda0cr08m85hc8jlnfp3zer7xulejywt49kt2rr0vthywaa50xwsqw5pyla7y2d5y6dy2jxlj03c4p76ahmnhc0j4ars
scripts__unique_type_script_count,0.0,0.0,0.0,ckb1qzda0cr08m85hc8jlnfp3zer7xulejywt49kt2rr0vthywaa50xwsqw5pyla7y2d5y6dy2jxlj03c4p76ahmnhc0j4ars
capacity__capacity_repeat_ratio,1.0,0.9020803841920981,1.0,ckb1qzda0cr08m85hc8jlnfp3zer7xulejywt49kt2rr0vthywaa50xwsqw5rj262huu0sgcnq38shahvee2qpuuvtg8rve95
capacity__target_consumed_capacity,13472159773814.0,0.3139028667446026,30.231646433053488,ckb1qzda0cr08m85hc8jlnfp3zer7xulejywt49kt2rr0vthywaa50xwsqw5rj262huu0sgcnq38shahvee2qpuuvtg8rve95
capacity__target_net_capacity_delta,0.0,0.0,0.0,ckb1qzda0cr08m85hc8jlnfp3zer7xulejywt49kt2rr0vthywaa50xwsqw5rj262huu0sgcnq38shahvee2qpuuvtg8rve95
lineage__continuation_count,0.0,0.0,0.0,ckb1qzda0cr08m85hc8jlnfp3zer7xulejywt49kt2rr0vthywaa50xwsqw5rj262huu0sgcnq38shahvee2qpuuvtg8rve95
lineage__lineage_depth,2.0,0.0,1.0986122886681098,ckb1qzda0cr08m85hc8jlnfp3zer7xulejywt49kt2rr0vthywaa50xwsqw5rj262huu0sgcnq38shahvee2qpuuvtg8rve95
lineage__lineage_repetition,1.0,1.027789217390062,1.0,ckb1qzda0cr08m85hc8jlnfp3zer7xulejywt49kt2rr0vthywaa50xwsqw5rj262huu0sgcnq38shahvee2qpuuvtg8rve95
lineage__merge_count,2.0,0.0,1.0986122886681098,ckb1qzda0cr08m85hc8jlnfp3zer7xulejywt49kt2rr0vthywaa50xwsqw5rj262huu0sgcnq38shahvee2qpuuvtg8rve95
scripts__type_family_count,0.0,-0.501218028601448,0.0,ckb1qzda0cr08m85hc8jlnfp3zer7xulejywt49kt2rr0vthywaa50xwsqw5rj262huu0sgcnq38shahvee2qpuuvtg8rve95
scripts__unique_lock_script_count,9.0,0.40775919835778557,2.302585092994046,ckb1qzda0cr08m85hc8jlnfp3zer7xulejywt49kt2rr0vthywaa50xwsqw5rj262huu0sgcnq38shahvee2qpuuvtg8rve95
scripts__unique_type_script_count,0.0,0.0,0.0,ckb1qzda0cr08m85hc8jlnfp3zer7xulejywt49kt2rr0vthywaa50xwsqw5rj262huu0sgcnq38shahvee2qpuuvtg8rve95
capacity__capacity_repeat_ratio,1.0,0.9020803841920981,1.0,ckb1qzda0cr08m85hc8jlnfp3zer7xulejywt49kt2rr0vthywaa50xwsqw6hjwylgj9pw0ae8pw0ctke60jpqw6f6slep8r3
capacity__target_consumed_capacity,44800000000.0,-0.5087639438231555,24.525473976389673,ckb1qzda0cr08m85hc8jlnfp3zer7xulejywt49kt2rr0vthywaa50xwsqw6hjwylgj9pw0ae8pw0ctke60jpqw6f6slep8r3
capacity__target_net_capacity_delta,0.0,0.0,0.0,ckb1qzda0cr08m85hc8jlnfp3zer7xulejywt49kt2rr0vthywaa50xwsqw6hjwylgj9pw0ae8pw0ctke60jpqw6f6slep8r3
lineage__continuation_count,0.0,0.0,0.0,ckb1qzda0cr08m85hc8jlnfp3zer7xulejywt49kt2rr0vthywaa50xwsqw6hjwylgj9pw0ae8pw0ctke60jpqw6f6slep8r3
lineage__lineage_depth,2.0,0.0,1.0986122886681098,ckb1qzda0cr08m85hc8jlnfp3zer7xulejywt49kt2rr0vthywaa50xwsqw6hjwylgj9pw0ae8pw0ctke60jpqw6f6slep8r3
lineage__lineage_repetition,0.7857142857142857,0.5656417007676426,0.7857142857142857,ckb1qzda0cr08m85hc8jlnfp3zer7xulejywt49kt2rr0vthywaa50xwsqw6hjwylgj9pw0ae8pw0ctke60jpqw6f6slep8r3
lineage__merge_count,7.0,0.6521135515459253,2.0794415416798357,ckb1qzda0cr08m85hc8jlnfp3zer7xulejywt49kt2rr0vthywaa50xwsqw6hjwylgj9pw0ae8pw0ctke60jpqw6f6slep8r3
scripts__type_family_count,0.0,-0.501218028601448,0.0,ckb1qzda0cr08m85hc8jlnfp3zer7xulejywt49kt2rr0vthywaa50xwsqw6hjwylgj9pw0ae8pw0ctke60jpqw6f6slep8r3
scripts__unique_lock_script_count,14.0,0.7314158822675506,2.70805020110221,ckb1qzda0cr08m85hc8jlnfp3zer7xulejywt49kt2rr0vthywaa50xwsqw6hjwylgj9pw0ae8pw0ctke60jpqw6f6slep8r3
scripts__unique_type_script_count,0.0,0.0,0.0,ckb1qzda0cr08m85hc8jlnfp3zer7xulejywt49kt2rr0vthywaa50xwsqw6hjwylgj9pw0ae8pw0ctke60jpqw6f6slep8r3
capacity__capacity_repeat_ratio,0.0,-1.3489727248167438,0.0,ckb1qzda0cr08m85hc8jlnfp3zer7xulejywt49kt2rr0vthywaa50xwsqw6sushnyawdllx7u6pgsf6vdtv90d3v2c6scl6v
capacity__target_consumed_capacity,373776699419040.0,0.7929891858210845,33.55467967465466,ckb1qzda0cr08m85hc8jlnfp3zer7xulejywt49kt2rr0vthywaa50xwsqw6sushnyawdllx7u6pgsf6vdtv90d3v2c6scl6v
capacity__target_net_capacity_delta,231001399923840.0,0.6940211255201452,33.073444886708344,ckb1qzda0cr08m85hc8jlnfp3zer7xulejywt49kt2rr0vthywaa50xwsqw6sushnyawdllx7u6pgsf6vdtv90d3v2c6scl6v
lineage__continuation_count,2.0,1.5849625007211563,1.0986122886681098,ckb1qzda0cr08m85hc8jlnfp3zer7xulejywt49kt2rr0vthywaa50xwsqw6sushnyawdllx7u6pgsf6vdtv90d3v2c6scl6v
lineage__lineage_depth,1.0,-1.0,0.6931471805599453,ckb1qzda0cr08m85hc8jlnfp3zer7xulejywt49kt2rr0vthywaa50xwsqw6sushnyawdllx7u6pgsf6vdtv90d3v2c6scl6v
lineage__lineage_repetition,1.0,1.027789217390062,1.0,ckb1qzda0cr08m85hc8jlnfp3zer7xulejywt49kt2rr0vthywaa50xwsqw6sushnyawdllx7u6pgsf6vdtv90d3v2c6scl6v
lineage__merge_count,0.0,-0.7304227103091852,0.0,ckb1qzda0cr08m85hc8jlnfp3zer7xulejywt49kt2rr0vthywaa50xwsqw6sushnyawdllx7u6pgsf6vdtv90d3v2c6scl6v
scripts__type_family_count,0.0,-0.501218028601448,0.0,ckb1qzda0cr08m85hc8jlnfp3zer7xulejywt49kt2rr0vthywaa50xwsqw6sushnyawdllx7u6pgsf6vdtv90d3v2c6scl6v
scripts__unique_lock_script_count,3.0,-0.3236566839097652,1.3862943611198906,ckb1qzda0cr08m85hc8jlnfp3zer7xulejywt49kt2rr0vthywaa50xwsqw6sushnyawdllx7u6pgsf6vdtv90d3v2c6scl6v
scripts__unique_type_script_count,0.0,0.0,0.0,ckb1qzda0cr08m85hc8jlnfp3zer7xulejywt49kt2rr0vthywaa50xwsqw6sushnyawdllx7u6pgsf6vdtv90d3v2c6scl6v
capacity__capacity_repeat_ratio,0.0,-1.3489727248167438,0.0,ckb1qzda0cr08m85hc8jlnfp3zer7xulejywt49kt2rr0vthywaa50xwsqw76vqq45434vph49vkxl406cp95886x2g79zp4d
capacity__target_consumed_capacity,9970600000000.0,0.27050950538099827,29.930661878633245,ckb1qzda0cr08m85hc8jlnfp3zer7xulejywt49kt2rr0vthywaa50xwsqw76vqq45434vph49vkxl406cp95886x2g79zp4d
capacity__target_net_capacity_delta,-9970600000000.0,-0.6280722106731635,-29.930661878633245,ckb1qzda0cr08m85hc8jlnfp3zer7xulejywt49kt2rr0vthywaa50xwsqw76vqq45434vph49vkxl406cp95886x2g79zp4d
lineage__continuation_count,0.0,0.0,0.0,ckb1qzda0cr08m85hc8jlnfp3zer7xulejywt49kt2rr0vthywaa50xwsqw76vqq45434vph49vkxl406cp95886x2g79zp4d
lineage__lineage_depth,1.0,-1.0,0.6931471805599453,ckb1qzda0cr08m85hc8jlnfp3zer7xulejywt49kt2rr0vthywaa50xwsqw76vqq45434vph49vkxl406cp95886x2g79zp4d
lineage__lineage_repetition,0.0,-1.128899193514562,0.0,ckb1qzda0cr08m85hc8jlnfp3zer7xulejywt49kt2rr0vthywaa50xwsqw76vqq45434vph49vkxl406cp95886x2g79zp4d
lineage__merge_count,1.0,-0.26957728969081496,0.6931471805599453,ckb1qzda0cr08m85hc8jlnfp3zer7xulejywt49kt2rr0vthywaa50xwsqw76vqq45434vph49vkxl406cp95886x2g79zp4d
scripts__type_family_count,0.0,-0.501218028601448,0.0,ckb1qzda0cr08m85hc8jlnfp3zer7xulejywt49kt2rr0vthywaa50xwsqw76vqq45434vph49vkxl406cp95886x2g79zp4d
scripts__unique_lock_script_count,2.0,-0.5532947556651122,1.0986122886681098,ckb1qzda0cr08m85hc8jlnfp3zer7xulejywt49kt2rr0vthywaa50xwsqw76vqq45434vph49vkxl406cp95886x2g79zp4d
scripts__unique_type_script_count,0.0,0.0,0.0,ckb1qzda0cr08m85hc8jlnfp3zer7xulejywt49kt2rr0vthywaa50xwsqw76vqq45434vph49vkxl406cp95886x2g79zp4d
capacity__capacity_repeat_ratio,1.0,0.9020803841920981,1.0,ckb1qzda0cr08m85hc8jlnfp3zer7xulejywt49kt2rr0vthywaa50xwsqw7fspuj5ny44ce32pp8lvgjqw90uekrjcg8usv9
capacity__target_consumed_capacity,2359824343384.0,0.06275080912337913,28.48960830142689,ckb1qzda0cr08m85hc8jlnfp3zer7xulejywt49kt2rr0vthywaa50xwsqw7fspuj5ny44ce32pp8lvgjqw90uekrjcg8usv9
capacity__target_net_capacity_delta,0.0,0.0,0.0,ckb1qzda0cr08m85hc8jlnfp3zer7xulejywt49kt2rr0vthywaa50xwsqw7fspuj5ny44ce32pp8lvgjqw90uekrjcg8usv9
lineage__continuation_count,0.0,0.0,0.0,ckb1qzda0cr08m85hc8jlnfp3zer7xulejywt49kt2rr0vthywaa50xwsqw7fspuj5ny44ce32pp8lvgjqw90uekrjcg8usv9
lineage__lineage_depth,2.0,0.0,1.0986122886681098,ckb1qzda0cr08m85hc8jlnfp3zer7xulejywt49kt2rr0vthywaa50xwsqw7fspuj5ny44ce32pp8lvgjqw90uekrjcg8usv9
lineage__lineage_repetition,0.0,-1.128899193514562,0.0,ckb1qzda0cr08m85hc8jlnfp3zer7xulejywt49kt2rr0vthywaa50xwsqw7fspuj5ny44ce32pp8lvgjqw90uekrjcg8usv9
lineage__merge_count,1.0,-0.26957728969081496,0.6931471805599453,ckb1qzda0cr08m85hc8jlnfp3zer7xulejywt49kt2rr0vthywaa50xwsqw7fspuj5ny44ce32pp8lvgjqw90uekrjcg8usv9
scripts__type_family_count,0.0,-0.501218028601448,0.0,ckb1qzda0cr08m85hc8jlnfp3zer7xulejywt49kt2rr0vthywaa50xwsqw7fspuj5ny44ce32pp8lvgjqw90uekrjcg8usv9
scripts__unique_lock_script_count,3.0,-0.3236566839097652,1.3862943611198906,ckb1qzda0cr08m85hc8jlnfp3zer7xulejywt49kt2rr0vthywaa50xwsqw7fspuj5ny44ce32pp8lvgjqw90uekrjcg8usv9
scripts__unique_type_script_count,0.0,0.0,0.0,ckb1qzda0cr08m85hc8jlnfp3zer7xulejywt49kt2rr0vthywaa50xwsqw7fspuj5ny44ce32pp8lvgjqw90uekrjcg8usv9
capacity__capacity_repeat_ratio,1.0,0.9020803841920981,1.0,ckb1qzda0cr08m85hc8jlnfp3zer7xulejywt49kt2rr0vthywaa50xwsqw827vkp4zln5plmzzktcymdr0ec8aqhpc4sr8d5
capacity__target_consumed_capacity,500068295152.0,-0.1609451991605988,26.938010516346996,ckb1qzda0cr08m85hc8jlnfp3zer7xulejywt49kt2rr0vthywaa50xwsqw827vkp4zln5plmzzktcymdr0ec8aqhpc4sr8d5
capacity__target_net_capacity_delta,0.0,0.0,0.0,ckb1qzda0cr08m85hc8jlnfp3zer7xulejywt49kt2rr0vthywaa50xwsqw827vkp4zln5plmzzktcymdr0ec8aqhpc4sr8d5
lineage__continuation_count,0.0,0.0,0.0,ckb1qzda0cr08m85hc8jlnfp3zer7xulejywt49kt2rr0vthywaa50xwsqw827vkp4zln5plmzzktcymdr0ec8aqhpc4sr8d5
lineage__lineage_depth,2.0,0.0,1.0986122886681098,ckb1qzda0cr08m85hc8jlnfp3zer7xulejywt49kt2rr0vthywaa50xwsqw827vkp4zln5plmzzktcymdr0ec8aqhpc4sr8d5
lineage__lineage_repetition,0.0,-1.128899193514562,0.0,ckb1qzda0cr08m85hc8jlnfp3zer7xulejywt49kt2rr0vthywaa50xwsqw827vkp4zln5plmzzktcymdr0ec8aqhpc4sr8d5
lineage__merge_count,1.0,-0.26957728969081496,0.6931471805599453,ckb1qzda0cr08m85hc8jlnfp3zer7xulejywt49kt2rr0vthywaa50xwsqw827vkp4zln5plmzzktcymdr0ec8aqhpc4sr8d5
scripts__type_family_count,0.0,-0.501218028601448,0.0,ckb1qzda0cr08m85hc8jlnfp3zer7xulejywt49kt2rr0vthywaa50xwsqw827vkp4zln5plmzzktcymdr0ec8aqhpc4sr8d5
scripts__unique_lock_script_count,3.0,-0.3236566839097652,1.3862943611198906,ckb1qzda0cr08m85hc8jlnfp3zer7xulejywt49kt2rr0vthywaa50xwsqw827vkp4zln5plmzzktcymdr0ec8aqhpc4sr8d5
scripts__unique_type_script_count,0.0,0.0,0.0,ckb1qzda0cr08m85hc8jlnfp3zer7xulejywt49kt2rr0vthywaa50xwsqw827vkp4zln5plmzzktcymdr0ec8aqhpc4sr8d5
capacity__capacity_repeat_ratio,0.0,-1.3489727248167438,0.0,ckb1qzda0cr08m85hc8jlnfp3zer7xulejywt49kt2rr0vthywaa50xwsqw8sae6fd5sruyeewfc82gs6epxav9tapqsgphme
capacity__target_consumed_capacity,0.0,-4.044635599832544,0.0,ckb1qzda0cr08m85hc8jlnfp3zer7xulejywt49kt2rr0vthywaa50xwsqw8sae6fd5sruyeewfc82gs6epxav9tapqsgphme
capacity__target_net_capacity_delta,8564145191804.0,0.6248814217828254,29.77860544024943,ckb1qzda0cr08m85hc8jlnfp3zer7xulejywt49kt2rr0vthywaa50xwsqw8sae6fd5sruyeewfc82gs6epxav9tapqsgphme
lineage__continuation_count,0.0,0.0,0.0,ckb1qzda0cr08m85hc8jlnfp3zer7xulejywt49kt2rr0vthywaa50xwsqw8sae6fd5sruyeewfc82gs6epxav9tapqsgphme
lineage__lineage_depth,1.0,-1.0,0.6931471805599453,ckb1qzda0cr08m85hc8jlnfp3zer7xulejywt49kt2rr0vthywaa50xwsqw8sae6fd5sruyeewfc82gs6epxav9tapqsgphme
lineage__lineage_repetition,1.0,1.027789217390062,1.0,ckb1qzda0cr08m85hc8jlnfp3zer7xulejywt49kt2rr0vthywaa50xwsqw8sae6fd5sruyeewfc82gs6epxav9tapqsgphme
lineage__merge_count,11.0,0.9216908412367403,2.4849066497880004,ckb1qzda0cr08m85hc8jlnfp3zer7xulejywt49kt2rr0vthywaa50xwsqw8sae6fd5sruyeewfc82gs6epxav9tapqsgphme
scripts__type_family_count,0.0,-0.501218028601448,0.0,ckb1qzda0cr08m85hc8jlnfp3zer7xulejywt49kt2rr0vthywaa50xwsqw8sae6fd5sruyeewfc82gs6epxav9tapqsgphme
scripts__unique_lock_script_count,67.0,1.9379150701300674,4.219507705176107,ckb1qzda0cr08m85hc8jlnfp3zer7xulejywt49kt2rr0vthywaa50xwsqw8sae6fd5sruyeewfc82gs6epxav9tapqsgphme
scripts__unique_type_script_count,0.0,0.0,0.0,ckb1qzda0cr08m85hc8jlnfp3zer7xulejywt49kt2rr0vthywaa50xwsqw8sae6fd5sruyeewfc82gs6epxav9tapqsgphme
capacity__capacity_repeat_ratio,1.0,0.9020803841920981,1.0,ckb1qzda0cr08m85hc8jlnfp3zer7xulejywt49kt2rr0vthywaa50xwsqw973g6gzfxn2yh804xl67mpf888tlagkqzh4v47
capacity__target_consumed_capacity,307500000000000.0,0.7648493135727282,33.35949620317513,ckb1qzda0cr08m85hc8jlnfp3zer7xulejywt49kt2rr0vthywaa50xwsqw973g6gzfxn2yh804xl67mpf888tlagkqzh4v47
capacity__target_net_capacity_delta,0.0,0.0,0.0,ckb1qzda0cr08m85hc8jlnfp3zer7xulejywt49kt2rr0vthywaa50xwsqw973g6gzfxn2yh804xl67mpf888tlagkqzh4v47
lineage__continuation_count,0.0,0.0,0.0,ckb1qzda0cr08m85hc8jlnfp3zer7xulejywt49kt2rr0vthywaa50xwsqw973g6gzfxn2yh804xl67mpf888tlagkqzh4v47
lineage__lineage_depth,5.0,1.709511291351454,1.791759469228055,ckb1qzda0cr08m85hc8jlnfp3zer7xulejywt49kt2rr0vthywaa50xwsqw973g6gzfxn2yh804xl67mpf888tlagkqzh4v47
lineage__lineage_repetition,0.9069767441860465,0.8271670396314923,0.9069767441860465,ckb1qzda0cr08m85hc8jlnfp3zer7xulejywt49kt2rr0vthywaa50xwsqw973g6gzfxn2yh804xl67mpf888tlagkqzh4v47
lineage__merge_count,38.0,1.7053306983796546,3.6635616461296463,ckb1qzda0cr08m85hc8jlnfp3zer7xulejywt49kt2rr0vthywaa50xwsqw973g6gzfxn2yh804xl67mpf888tlagkqzh4v47
scripts__type_family_count,0.0,-0.501218028601448,0.0,ckb1qzda0cr08m85hc8jlnfp3zer7xulejywt49kt2rr0vthywaa50xwsqw973g6gzfxn2yh804xl67mpf888tlagkqzh4v47
scripts__unique_lock_script_count,37.0,1.473404576058999,3.6375861597263857,ckb1qzda0cr08m85hc8jlnfp3zer7xulejywt49kt2rr0vthywaa50xwsqw973g6gzfxn2yh804xl67mpf888tlagkqzh4v47
scripts__unique_type_script_count,0.0,0.0,0.0,ckb1qzda0cr08m85hc8jlnfp3zer7xulejywt49kt2rr0vthywaa50xwsqw973g6gzfxn2yh804xl67mpf888tlagkqzh4v47
capacity__capacity_repeat_ratio,1.0,0.9020803841920981,1.0,ckb1qzda0cr08m85hc8jlnfp3zer7xulejywt49kt2rr0vthywaa50xwsqw9cxywse038q9496gt72efccm2jf0lygs5fcq86
capacity__target_consumed_capacity,34548463899999.0,0.4496745096597324,31.173384204951237,ckb1qzda0cr08m85hc8jlnfp3zer7xulejywt49kt2rr0vthywaa50xwsqw9cxywse038q9496gt72efccm2jf0lygs5fcq86
capacity__target_net_capacity_delta,0.0,0.0,0.0,ckb1qzda0cr08m85hc8jlnfp3zer7xulejywt49kt2rr0vthywaa50xwsqw9cxywse038q9496gt72efccm2jf0lygs5fcq86
lineage__continuation_count,0.0,0.0,0.0,ckb1qzda0cr08m85hc8jlnfp3zer7xulejywt49kt2rr0vthywaa50xwsqw9cxywse038q9496gt72efccm2jf0lygs5fcq86
lineage__lineage_depth,2.0,0.0,1.0986122886681098,ckb1qzda0cr08m85hc8jlnfp3zer7xulejywt49kt2rr0vthywaa50xwsqw9cxywse038q9496gt72efccm2jf0lygs5fcq86
lineage__lineage_repetition,0.0,-1.128899193514562,0.0,ckb1qzda0cr08m85hc8jlnfp3zer7xulejywt49kt2rr0vthywaa50xwsqw9cxywse038q9496gt72efccm2jf0lygs5fcq86
lineage__merge_count,1.0,-0.26957728969081496,0.6931471805599453,ckb1qzda0cr08m85hc8jlnfp3zer7xulejywt49kt2rr0vthywaa50xwsqw9cxywse038q9496gt72efccm2jf0lygs5fcq86
scripts__type_family_count,0.0,-0.501218028601448,0.0,ckb1qzda0cr08m85hc8jlnfp3zer7xulejywt49kt2rr0vthywaa50xwsqw9cxywse038q9496gt72efccm2jf0lygs5fcq86
scripts__unique_lock_script_count,3.0,-0.3236566839097652,1.3862943611198906,ckb1qzda0cr08m85hc8jlnfp3zer7xulejywt49kt2rr0vthywaa50xwsqw9cxywse038q9496gt72efccm2jf0lygs5fcq86
scripts__unique_type_script_count,0.0,0.0,0.0,ckb1qzda0cr08m85hc8jlnfp3zer7xulejywt49kt2rr0vthywaa50xwsqw9cxywse038q9496gt72efccm2jf0lygs5fcq86
capacity__capacity_repeat_ratio,1.0,0.9020803841920981,1.0,ckb1qzda0cr08m85hc8jlnfp3zer7xulejywt49kt2rr0vthywaa50xwsqw9eyh2qqwkzdmu5xlwkc4lhfx6zsmh0ssed8wsm
capacity__target_consumed_capacity,422706100000000.0,0.8107249453757899,33.67769825443573,ckb1qzda0cr08m85hc8jlnfp3zer7xulejywt49kt2rr0vthywaa50xwsqw9eyh2qqwkzdmu5xlwkc4lhfx6zsmh0ssed8wsm
capacity__target_net_capacity_delta,0.0,0.0,0.0,ckb1qzda0cr08m85hc8jlnfp3zer7xulejywt49kt2rr0vthywaa50xwsqw9eyh2qqwkzdmu5xlwkc4lhfx6zsmh0ssed8wsm
lineage__continuation_count,0.0,0.0,0.0,ckb1qzda0cr08m85hc8jlnfp3zer7xulejywt49kt2rr0vthywaa50xwsqw9eyh2qqwkzdmu5xlwkc4lhfx6zsmh0ssed8wsm
lineage__lineage_depth,2.0,0.0,1.0986122886681098,ckb1qzda0cr08m85hc8jlnfp3zer7xulejywt49kt2rr0vthywaa50xwsqw9eyh2qqwkzdmu5xlwkc4lhfx6zsmh0ssed8wsm
lineage__lineage_repetition,1.0,1.027789217390062,1.0,ckb1qzda0cr08m85hc8jlnfp3zer7xulejywt49kt2rr0vthywaa50xwsqw9eyh2qqwkzdmu5xlwkc4lhfx6zsmh0ssed8wsm
lineage__merge_count,0.0,-0.7304227103091852,0.0,ckb1qzda0cr08m85hc8jlnfp3zer7xulejywt49kt2rr0vthywaa50xwsqw9eyh2qqwkzdmu5xlwkc4lhfx6zsmh0ssed8wsm
scripts__type_family_count,0.0,-0.501218028601448,0.0,ckb1qzda0cr08m85hc8jlnfp3zer7xulejywt49kt2rr0vthywaa50xwsqw9eyh2qqwkzdmu5xlwkc4lhfx6zsmh0ssed8wsm
scripts__unique_lock_script_count,4.0,-0.14553555730732698,1.6094379124341003,ckb1qzda0cr08m85hc8jlnfp3zer7xulejywt49kt2rr0vthywaa50xwsqw9eyh2qqwkzdmu5xlwkc4lhfx6zsmh0ssed8wsm
scripts__unique_type_script_count,0.0,0.0,0.0,ckb1qzda0cr08m85hc8jlnfp3zer7xulejywt49kt2rr0vthywaa50xwsqw9eyh2qqwkzdmu5xlwkc4lhfx6zsmh0ssed8wsm
capacity__capacity_repeat_ratio,0.0,-1.3489727248167438,0.0,ckb1qzda0cr08m85hc8jlnfp3zer7xulejywt49kt2rr0vthywaa50xwsqw9qsdmw4sh8288hp9rg6rzv0zjnlq2ujs3mez8t
capacity__target_consumed_capacity,17450506683.0,-0.6446944179049622,23.58263452150568,ckb1qzda0cr08m85hc8jlnfp3zer7xulejywt49kt2rr0vthywaa50xwsqw9qsdmw4sh8288hp9rg6rzv0zjnlq2ujs3mez8t
capacity__target_net_capacity_delta,-17450506683.0,-0.4948636771709003,-23.58263452150568,ckb1qzda0cr08m85hc8jlnfp3zer7xulejywt49kt2rr0vthywaa50xwsqw9qsdmw4sh8288hp9rg6rzv0zjnlq2ujs3mez8t
lineage__continuation_count,0.0,0.0,0.0,ckb1qzda0cr08m85hc8jlnfp3zer7xulejywt49kt2rr0vthywaa50xwsqw9qsdmw4sh8288hp9rg6rzv0zjnlq2ujs3mez8t
lineage__lineage_depth,1.0,-1.0,0.6931471805599453,ckb1qzda0cr08m85hc8jlnfp3zer7xulejywt49kt2rr0vthywaa50xwsqw9qsdmw4sh8288hp9rg6rzv0zjnlq2ujs3mez8t
lineage__lineage_repetition,0.0,-1.128899193514562,0.0,ckb1qzda0cr08m85hc8jlnfp3zer7xulejywt49kt2rr0vthywaa50xwsqw9qsdmw4sh8288hp9rg6rzv0zjnlq2ujs3mez8t
lineage__merge_count,0.0,-0.7304227103091852,0.0,ckb1qzda0cr08m85hc8jlnfp3zer7xulejywt49kt2rr0vthywaa50xwsqw9qsdmw4sh8288hp9rg6rzv0zjnlq2ujs3mez8t
scripts__type_family_count,0.0,-0.501218028601448,0.0,ckb1qzda0cr08m85hc8jlnfp3zer7xulejywt49kt2rr0vthywaa50xwsqw9qsdmw4sh8288hp9rg6rzv0zjnlq2ujs3mez8t
scripts__unique_lock_script_count,3.0,-0.3236566839097652,1.3862943611198906,ckb1qzda0cr08m85hc8jlnfp3zer7xulejywt49kt2rr0vthywaa50xwsqw9qsdmw4sh8288hp9rg6rzv0zjnlq2ujs3mez8t
scripts__unique_type_script_count,0.0,0.0,0.0,ckb1qzda0cr08m85hc8jlnfp3zer7xulejywt49kt2rr0vthywaa50xwsqw9qsdmw4sh8288hp9rg6rzv0zjnlq2ujs3mez8t
capacity__capacity_repeat_ratio,1.0,0.9020803841920981,1.0,ckb1qzda0cr08m85hc8jlnfp3zer7xulejywt49kt2rr0vthywaa50xwsqw9t5zng6xx58m2nha3lw65da4tsdntkqcxt2q9p
capacity__target_consumed_capacity,7890219818016.0,0.2367709828367712,29.696645110729925,ckb1qzda0cr08m85hc8jlnfp3zer7xulejywt49kt2rr0vthywaa50xwsqw9t5zng6xx58m2nha3lw65da4tsdntkqcxt2q9p
capacity__target_net_capacity_delta,0.0,0.0,0.0,ckb1qzda0cr08m85hc8jlnfp3zer7xulejywt49kt2rr0vthywaa50xwsqw9t5zng6xx58m2nha3lw65da4tsdntkqcxt2q9p
lineage__continuation_count,2.0,1.5849625007211563,1.0986122886681098,ckb1qzda0cr08m85hc8jlnfp3zer7xulejywt49kt2rr0vthywaa50xwsqw9t5zng6xx58m2nha3lw65da4tsdntkqcxt2q9p
lineage__lineage_depth,4.0,1.2598510045646625,1.6094379124341003,ckb1qzda0cr08m85hc8jlnfp3zer7xulejywt49kt2rr0vthywaa50xwsqw9t5zng6xx58m2nha3lw65da4tsdntkqcxt2q9p
lineage__lineage_repetition,0.0,-1.128899193514562,0.0,ckb1qzda0cr08m85hc8jlnfp3zer7xulejywt49kt2rr0vthywaa50xwsqw9t5zng6xx58m2nha3lw65da4tsdntkqcxt2q9p
lineage__merge_count,2.0,0.0,1.0986122886681098,ckb1qzda0cr08m85hc8jlnfp3zer7xulejywt49kt2rr0vthywaa50xwsqw9t5zng6xx58m2nha3lw65da4tsdntkqcxt2q9p
scripts__type_family_count,0.0,-0.501218028601448,0.0,ckb1qzda0cr08m85hc8jlnfp3zer7xulejywt49kt2rr0vthywaa50xwsqw9t5zng6xx58m2nha3lw65da4tsdntkqcxt2q9p
scripts__unique_lock_script_count,7.0,0.229638071755347,2.0794415416798357,ckb1qzda0cr08m85hc8jlnfp3zer7xulejywt49kt2rr0vthywaa50xwsqw9t5zng6xx58m2nha3lw65da4tsdntkqcxt2q9p
scripts__unique_type_script_count,0.0,0.0,0.0,ckb1qzda0cr08m85hc8jlnfp3zer7xulejywt49kt2rr0vthywaa50xwsqw9t5zng6xx58m2nha3lw65da4tsdntkqcxt2q9p
capacity__capacity_repeat_ratio,1.0,0.9020803841920981,1.0,ckb1qzda0cr08m85hc8jlnfp3zer7xulejywt49kt2rr0vthywaa50xwsqwau96q6673hp5t3ncxypt85vrlv3ldvmchs7tt3
capacity__target_consumed_capacity,1527046863159.0,0.0,28.054356831386333,ckb1qzda0cr08m85hc8jlnfp3zer7xulejywt49kt2rr0vthywaa50xwsqwau96q6673hp5t3ncxypt85vrlv3ldvmchs7tt3
capacity__target_net_capacity_delta,0.0,0.0,0.0,ckb1qzda0cr08m85hc8jlnfp3zer7xulejywt49kt2rr0vthywaa50xwsqwau96q6673hp5t3ncxypt85vrlv3ldvmchs7tt3
lineage__continuation_count,0.0,0.0,0.0,ckb1qzda0cr08m85hc8jlnfp3zer7xulejywt49kt2rr0vthywaa50xwsqwau96q6673hp5t3ncxypt85vrlv3ldvmchs7tt3
lineage__lineage_depth,2.0,0.0,1.0986122886681098,ckb1qzda0cr08m85hc8jlnfp3zer7xulejywt49kt2rr0vthywaa50xwsqwau96q6673hp5t3ncxypt85vrlv3ldvmchs7tt3
lineage__lineage_repetition,0.5,-0.05055498806225001,0.5,ckb1qzda0cr08m85hc8jlnfp3zer7xulejywt49kt2rr0vthywaa50xwsqwau96q6673hp5t3ncxypt85vrlv3ldvmchs7tt3
lineage__merge_count,1.0,-0.26957728969081496,0.6931471805599453,ckb1qzda0cr08m85hc8jlnfp3zer7xulejywt49kt2rr0vthywaa50xwsqwau96q6673hp5t3ncxypt85vrlv3ldvmchs7tt3
scripts__type_family_count,0.0,-0.501218028601448,0.0,ckb1qzda0cr08m85hc8jlnfp3zer7xulejywt49kt2rr0vthywaa50xwsqwau96q6673hp5t3ncxypt85vrlv3ldvmchs7tt3
scripts__unique_lock_script_count,3.0,-0.3236566839097652,1.3862943611198906,ckb1qzda0cr08m85hc8jlnfp3zer7xulejywt49kt2rr0vthywaa50xwsqwau96q6673hp5t3ncxypt85vrlv3ldvmchs7tt3
scripts__unique_type_script_count,0.0,0.0,0.0,ckb1qzda0cr08m85hc8jlnfp3zer7xulejywt49kt2rr0vthywaa50xwsqwau96q6673hp5t3ncxypt85vrlv3ldvmchs7tt3
capacity__capacity_repeat_ratio,0.0,-1.3489727248167438,0.0,ckb1qzda0cr08m85hc8jlnfp3zer7xulejywt49kt2rr0vthywaa50xwsqwd9wdqn3udclk6u86ed8glq7ep4gs2l6c4cwthv
capacity__target_consumed_capacity,0.0,-4.044635599832544,0.0,ckb1qzda0cr08m85hc8jlnfp3zer7xulejywt49kt2rr0vthywaa50xwsqwd9wdqn3udclk6u86ed8glq7ep4gs2l6c4cwthv
capacity__target_net_capacity_delta,105406348973.0,0.5326028725619691,25.38108870818447,ckb1qzda0cr08m85hc8jlnfp3zer7xulejywt49kt2rr0vthywaa50xwsqwd9wdqn3udclk6u86ed8glq7ep4gs2l6c4cwthv
lineage__continuation_count,0.0,0.0,0.0,ckb1qzda0cr08m85hc8jlnfp3zer7xulejywt49kt2rr0vthywaa50xwsqwd9wdqn3udclk6u86ed8glq7ep4gs2l6c4cwthv
lineage__lineage_depth,1.0,-1.0,0.6931471805599453,ckb1qzda0cr08m85hc8jlnfp3zer7xulejywt49kt2rr0vthywaa50xwsqwd9wdqn3udclk6u86ed8glq7ep4gs2l6c4cwthv
lineage__lineage_repetition,1.0,1.027789217390062,1.0,ckb1qzda0cr08m85hc8jlnfp3zer7xulejywt49kt2rr0vthywaa50xwsqwd9wdqn3udclk6u86ed8glq7ep4gs2l6c4cwthv
lineage__merge_count,2.0,0.0,1.0986122886681098,ckb1qzda0cr08m85hc8jlnfp3zer7xulejywt49kt2rr0vthywaa50xwsqwd9wdqn3udclk6u86ed8glq7ep4gs2l6c4cwthv
scripts__type_family_count,0.0,-0.501218028601448,0.0,ckb1qzda0cr08m85hc8jlnfp3zer7xulejywt49kt2rr0vthywaa50xwsqwd9wdqn3udclk6u86ed8glq7ep4gs2l6c4cwthv
scripts__unique_lock_script_count,11.0,0.5532947556651123,2.4849066497880004,ckb1qzda0cr08m85hc8jlnfp3zer7xulejywt49kt2rr0vthywaa50xwsqwd9wdqn3udclk6u86ed8glq7ep4gs2l6c4cwthv
scripts__unique_type_script_count,0.0,0.0,0.0,ckb1qzda0cr08m85hc8jlnfp3zer7xulejywt49kt2rr0vthywaa50xwsqwd9wdqn3udclk6u86ed8glq7ep4gs2l6c4cwthv
capacity__capacity_repeat_ratio,1.0,0.9020803841920981,1.0,ckb1qzda0cr08m85hc8jlnfp3zer7xulejywt49kt2rr0vthywaa50xwsqwda7qe8d78vuwpx20spzsuvtj92eulcagjenqnt
capacity__target_consumed_capacity,1.0152005119e+16,1.2690096589708688,36.85644762955826,ckb1qzda0cr08m85hc8jlnfp3zer7xulejywt49kt2rr0vthywaa50xwsqwda7qe8d78vuwpx20spzsuvtj92eulcagjenqnt
capacity__target_net_capacity_delta,0.0,0.0,0.0,ckb1qzda0cr08m85hc8jlnfp3zer7xulejywt49kt2rr0vthywaa50xwsqwda7qe8d78vuwpx20spzsuvtj92eulcagjenqnt
lineage__continuation_count,0.0,0.0,0.0,ckb1qzda0cr08m85hc8jlnfp3zer7xulejywt49kt2rr0vthywaa50xwsqwda7qe8d78vuwpx20spzsuvtj92eulcagjenqnt
lineage__lineage_depth,2.0,0.0,1.0986122886681098,ckb1qzda0cr08m85hc8jlnfp3zer7xulejywt49kt2rr0vthywaa50xwsqwda7qe8d78vuwpx20spzsuvtj92eulcagjenqnt
lineage__lineage_repetition,0.9615384615384616,0.9448396631244997,0.9615384615384616,ckb1qzda0cr08m85hc8jlnfp3zer7xulejywt49kt2rr0vthywaa50xwsqwda7qe8d78vuwpx20spzsuvtj92eulcagjenqnt
lineage__merge_count,3.0,0.1912681309275552,1.3862943611198906,ckb1qzda0cr08m85hc8jlnfp3zer7xulejywt49kt2rr0vthywaa50xwsqwda7qe8d78vuwpx20spzsuvtj92eulcagjenqnt
scripts__type_family_count,0.0,-0.501218028601448,0.0,ckb1qzda0cr08m85hc8jlnfp3zer7xulejywt49kt2rr0vthywaa50xwsqwda7qe8d78vuwpx20spzsuvtj92eulcagjenqnt
scripts__unique_lock_script_count,8.0,0.3236566839097654,2.1972245773362196,ckb1qzda0cr08m85hc8jlnfp3zer7xulejywt49kt2rr0vthywaa50xwsqwda7qe8d78vuwpx20spzsuvtj92eulcagjenqnt
scripts__unique_type_script_count,0.0,0.0,0.0,ckb1qzda0cr08m85hc8jlnfp3zer7xulejywt49kt2rr0vthywaa50xwsqwda7qe8d78vuwpx20spzsuvtj92eulcagjenqnt
capacity__capacity_repeat_ratio,0.8907563025210085,0.6561670193423929,0.8907563025210085,ckb1qzda0cr08m85hc8jlnfp3zer7xulejywt49kt2rr0vthywaa50xwsqwdr5q4rwruykhehd8hn6gxh892wtmdprcw3h3ce
capacity__target_consumed_capacity,7.894914644482539e+16,1.5647243091641432,38.907580324215395,ckb1qzda0cr08m85hc8jlnfp3zer7xulejywt49kt2rr0vthywaa50xwsqwdr5q4rwruykhehd8hn6gxh892wtmdprcw3h3ce
capacity__target_net_capacity_delta,1415875643841753.0,0.7320672257291456,34.88652456417997,ckb1qzda0cr08m85hc8jlnfp3zer7xulejywt49kt2rr0vthywaa50xwsqwdr5q4rwruykhehd8hn6gxh892wtmdprcw3h3ce
lineage__continuation_count,50.0,5.672425341971496,3.9318256327243257,ckb1qzda0cr08m85hc8jlnfp3zer7xulejywt49kt2rr0vthywaa50xwsqwdr5q4rwruykhehd8hn6gxh892wtmdprcw3h3ce
lineage__lineage_depth,11.0,3.4190225827029086,2.4849066497880004,ckb1qzda0cr08m85hc8jlnfp3zer7xulejywt49kt2rr0vthywaa50xwsqwdr5q4rwruykhehd8hn6gxh892wtmdprcw3h3ce
lineage__lineage_repetition,0.9375,0.8929961917085231,0.9375,ckb1qzda0cr08m85hc8jlnfp3zer7xulejywt49kt2rr0vthywaa50xwsqwdr5q4rwruykhehd8hn6gxh892wtmdprcw3h3ce
lineage__merge_count,17.0,1.191268130927555,2.8903717578961645,ckb1qzda0cr08m85hc8jlnfp3zer7xulejywt49kt2rr0vthywaa50xwsqwdr5q4rwruykhehd8hn6gxh892wtmdprcw3h3ce
scripts__type_family_count,0.0,-0.501218028601448,0.0,ckb1qzda0cr08m85hc8jlnfp3zer7xulejywt49kt2rr0vthywaa50xwsqwdr5q4rwruykhehd8hn6gxh892wtmdprcw3h3ce
scripts__unique_lock_script_count,20.0,1.0000000000000002,3.044522437723423,ckb1qzda0cr08m85hc8jlnfp3zer7xulejywt49kt2rr0vthywaa50xwsqwdr5q4rwruykhehd8hn6gxh892wtmdprcw3h3ce
scripts__unique_type_script_count,0.0,0.0,0.0,ckb1qzda0cr08m85hc8jlnfp3zer7xulejywt49kt2rr0vthywaa50xwsqwdr5q4rwruykhehd8hn6gxh892wtmdprcw3h3ce
capacity__capacity_repeat_ratio,1.0,0.9020803841920981,1.0,ckb1qzda0cr08m85hc8jlnfp3zer7xulejywt49kt2rr0vthywaa50xwsqwe92am9fu642zn6fjv7xp9u27e9afey2ce26d2t
capacity__target_consumed_capacity,7450491267.0,-0.7673970599647553,22.731545809177224,ckb1qzda0cr08m85hc8jlnfp3zer7xulejywt49kt2rr0vthywaa50xwsqwe92am9fu642zn6fjv7xp9u27e9afey2ce26d2t
capacity__target_net_capacity_delta,0.0,0.0,0.0,ckb1qzda0cr08m85hc8jlnfp3zer7xulejywt49kt2rr0vthywaa50xwsqwe92am9fu642zn6fjv7xp9u27e9afey2ce26d2t
lineage__continuation_count,0.0,0.0,0.0,ckb1qzda0cr08m85hc8jlnfp3zer7xulejywt49kt2rr0vthywaa50xwsqwe92am9fu642zn6fjv7xp9u27e9afey2ce26d2t
lineage__lineage_depth,2.0,0.0,1.0986122886681098,ckb1qzda0cr08m85hc8jlnfp3zer7xulejywt49kt2rr0vthywaa50xwsqwe92am9fu642zn6fjv7xp9u27e9afey2ce26d2t
lineage__lineage_repetition,0.0,-1.128899193514562,0.0,ckb1qzda0cr08m85hc8jlnfp3zer7xulejywt49kt2rr0vthywaa50xwsqwe92am9fu642zn6fjv7xp9u27e9afey2ce26d2t
lineage__merge_count,1.0,-0.26957728969081496,0.6931471805599453,ckb1qzda0cr08m85hc8jlnfp3zer7xulejywt49kt2rr0vthywaa50xwsqwe92am9fu642zn6fjv7xp9u27e9afey2ce26d2t
scripts__type_family_count,0.0,-0.501218028601448,0.0,ckb1qzda0cr08m85hc8jlnfp3zer7xulejywt49kt2rr0vthywaa50xwsqwe92am9fu642zn6fjv7xp9u27e9afey2ce26d2t
scripts__unique_lock_script_count,5.0,0.0,1.791759469228055,ckb1qzda0cr08m85hc8jlnfp3zer7xulejywt49kt2rr0vthywaa50xwsqwe92am9fu642zn6fjv7xp9u27e9afey2ce26d2t
scripts__unique_type_script_count,0.0,0.0,0.0,ckb1qzda0cr08m85hc8jlnfp3zer7xulejywt49kt2rr0vthywaa50xwsqwe92am9fu642zn6fjv7xp9u27e9afey2ce26d2t
capacity__capacity_repeat_ratio,0.0,-1.3489727248167438,0.0,ckb1qzda0cr08m85hc8jlnfp3zer7xulejywt49kt2rr0vthywaa50xwsqweaz0wqm6d5wzkyt2jay4ayx22vgxu6ys67s4w2
capacity__target_consumed_capacity,0.0,-4.044635599832544,0.0,ckb1qzda0cr08m85hc8jlnfp3zer7xulejywt49kt2rr0vthywaa50xwsqweaz0wqm6d5wzkyt2jay4ayx22vgxu6ys67s4w2
capacity__target_net_capacity_delta,18533676491399.0,0.6410813626385538,30.550610544068583,ckb1qzda0cr08m85hc8jlnfp3zer7xulejywt49kt2rr0vthywaa50xwsqweaz0wqm6d5wzkyt2jay4ayx22vgxu6ys67s4w2
lineage__continuation_count,0.0,0.0,0.0,ckb1qzda0cr08m85hc8jlnfp3zer7xulejywt49kt2rr0vthywaa50xwsqweaz0wqm6d5wzkyt2jay4ayx22vgxu6ys67s4w2
lineage__lineage_depth,1.0,-1.0,0.6931471805599453,ckb1qzda0cr08m85hc8jlnfp3zer7xulejywt49kt2rr0vthywaa50xwsqweaz0wqm6d5wzkyt2jay4ayx22vgxu6ys67s4w2
lineage__lineage_repetition,1.0,1.027789217390062,1.0,ckb1qzda0cr08m85hc8jlnfp3zer7xulejywt49kt2rr0vthywaa50xwsqweaz0wqm6d5wzkyt2jay4ayx22vgxu6ys67s4w2
lineage__merge_count,27.0,1.4850247908082437,3.332204510175204,ckb1qzda0cr08m85hc8jlnfp3zer7xulejywt49kt2rr0vthywaa50xwsqweaz0wqm6d5wzkyt2jay4ayx22vgxu6ys67s4w2
scripts__type_family_count,0.0,-0.501218028601448,0.0,ckb1qzda0cr08m85hc8jlnfp3zer7xulejywt49kt2rr0vthywaa50xwsqweaz0wqm6d5wzkyt2jay4ayx22vgxu6ys67s4w2
scripts__unique_lock_script_count,92.0,2.187836081407395,4.532599493153256,ckb1qzda0cr08m85hc8jlnfp3zer7xulejywt49kt2rr0vthywaa50xwsqweaz0wqm6d5wzkyt2jay4ayx22vgxu6ys67s4w2
scripts__unique_type_script_count,0.0,0.0,0.0,ckb1qzda0cr08m85hc8jlnfp3zer7xulejywt49kt2rr0vthywaa50xwsqweaz0wqm6d5wzkyt2jay4ayx22vgxu6ys67s4w2
capacity__capacity_repeat_ratio,0.0,-1.3489727248167438,0.0,ckb1qzda0cr08m85hc8jlnfp3zer7xulejywt49kt2rr0vthywaa50xwsqwg4vuyxa8u6yekv7n3vevs5xj6mzn5rxgeudapp
capacity__target_consumed_capacity,14429783513774.0,0.32380297952185116,30.300315486091392,ckb1qzda0cr08m85hc8jlnfp3zer7xulejywt49kt2rr0vthywaa50xwsqwg4vuyxa8u6yekv7n3vevs5xj6mzn5rxgeudapp
capacity__target_net_capacity_delta,-14429783513774.0,-0.6358291109168327,-30.300315486091392,ckb1qzda0cr08m85hc8jlnfp3zer7xulejywt49kt2rr0vthywaa50xwsqwg4vuyxa8u6yekv7n3vevs5xj6mzn5rxgeudapp
lineage__continuation_count,0.0,0.0,0.0,ckb1qzda0cr08m85hc8jlnfp3zer7xulejywt49kt2rr0vthywaa50xwsqwg4vuyxa8u6yekv7n3vevs5xj6mzn5rxgeudapp
lineage__lineage_depth,1.0,-1.0,0.6931471805599453,ckb1qzda0cr08m85hc8jlnfp3zer7xulejywt49kt2rr0vthywaa50xwsqwg4vuyxa8u6yekv7n3vevs5xj6mzn5rxgeudapp
lineage__lineage_repetition,1.0,1.027789217390062,1.0,ckb1qzda0cr08m85hc8jlnfp3zer7xulejywt49kt2rr0vthywaa50xwsqwg4vuyxa8u6yekv7n3vevs5xj6mzn5rxgeudapp
lineage__merge_count,0.0,-0.7304227103091852,0.0,ckb1qzda0cr08m85hc8jlnfp3zer7xulejywt49kt2rr0vthywaa50xwsqwg4vuyxa8u6yekv7n3vevs5xj6mzn5rxgeudapp
scripts__type_family_count,0.0,-0.501218028601448,0.0,ckb1qzda0cr08m85hc8jlnfp3zer7xulejywt49kt2rr0vthywaa50xwsqwg4vuyxa8u6yekv7n3vevs5xj6mzn5rxgeudapp
scripts__unique_lock_script_count,38.0,1.4941391340372403,3.6635616461296463,ckb1qzda0cr08m85hc8jlnfp3zer7xulejywt49kt2rr0vthywaa50xwsqwg4vuyxa8u6yekv7n3vevs5xj6mzn5rxgeudapp
scripts__unique_type_script_count,0.0,0.0,0.0,ckb1qzda0cr08m85hc8jlnfp3zer7xulejywt49kt2rr0vthywaa50xwsqwg4vuyxa8u6yekv7n3vevs5xj6mzn5rxgeudapp
capacity__capacity_repeat_ratio,1.0,0.9020803841920981,1.0,ckb1qzda0cr08m85hc8jlnfp3zer7xulejywt49kt2rr0vthywaa50xwsqwh8cgh37vm79za0w7h9wc36rvkcucyaag3pg77j
capacity__target_consumed_capacity,22943171832034.0,0.3906590009603295,30.76404148450755,ckb1qzda0cr08m85hc8jlnfp3zer7xulejywt49kt2rr0vthywaa50xwsqwh8cgh37vm79za0w7h9wc36rvkcucyaag3pg77j
capacity__target_net_capacity_delta,0.0,0.0,0.0,ckb1qzda0cr08m85hc8jlnfp3zer7xulejywt49kt2rr0vthywaa50xwsqwh8cgh37vm79za0w7h9wc36rvkcucyaag3pg77j
lineage__continuation_count,0.0,0.0,0.0,ckb1qzda0cr08m85hc8jlnfp3zer7xulejywt49kt2rr0vthywaa50xwsqwh8cgh37vm79za0w7h9wc36rvkcucyaag3pg77j
lineage__lineage_depth,2.0,0.0,1.0986122886681098,ckb1qzda0cr08m85hc8jlnfp3zer7xulejywt49kt2rr0vthywaa50xwsqwh8cgh37vm79za0w7h9wc36rvkcucyaag3pg77j
lineage__lineage_repetition,0.5,-0.05055498806225001,0.5,ckb1qzda0cr08m85hc8jlnfp3zer7xulejywt49kt2rr0vthywaa50xwsqwh8cgh37vm79za0w7h9wc36rvkcucyaag3pg77j
lineage__merge_count,2.0,0.0,1.0986122886681098,ckb1qzda0cr08m85hc8jlnfp3zer7xulejywt49kt2rr0vthywaa50xwsqwh8cgh37vm79za0w7h9wc36rvkcucyaag3pg77j
scripts__type_family_count,0.0,-0.501218028601448,0.0,ckb1qzda0cr08m85hc8jlnfp3zer7xulejywt49kt2rr0vthywaa50xwsqwh8cgh37vm79za0w7h9wc36rvkcucyaag3pg77j
scripts__unique_lock_script_count,3.0,-0.3236566839097652,1.3862943611198906,ckb1qzda0cr08m85hc8jlnfp3zer7xulejywt49kt2rr0vthywaa50xwsqwh8cgh37vm79za0w7h9wc36rvkcucyaag3pg77j
scripts__unique_type_script_count,0.0,0.0,0.0,ckb1qzda0cr08m85hc8jlnfp3zer7xulejywt49kt2rr0vthywaa50xwsqwh8cgh37vm79za0w7h9wc36rvkcucyaag3pg77j
capacity__capacity_repeat_ratio,0.0,-1.3489727248167438,0.0,ckb1qzda0cr08m85hc8jlnfp3zer7xulejywt49kt2rr0vthywaa50xwsqwhygetaaapeuwf7z4tftxkukdu6svw6qg2qajmg
capacity__target_consumed_capacity,8823580908.0,-0.743010784605148,22.900693623322752,ckb1qzda0cr08m85hc8jlnfp3zer7xulejywt49kt2rr0vthywaa50xwsqwhygetaaapeuwf7z4tftxkukdu6svw6qg2qajmg
capacity__target_net_capacity_delta,-8823580908.0,-0.48055366527717897,-22.900693623322752,ckb1qzda0cr08m85hc8jlnfp3zer7xulejywt49kt2rr0vthywaa50xwsqwhygetaaapeuwf7z4tftxkukdu6svw6qg2qajmg
lineage__continuation_count,0.0,0.0,0.0,ckb1qzda0cr08m85hc8jlnfp3zer7xulejywt49kt2rr0vthywaa50xwsqwhygetaaapeuwf7z4tftxkukdu6svw6qg2qajmg
lineage__lineage_depth,1.0,-1.0,0.6931471805599453,ckb1qzda0cr08m85hc8jlnfp3zer7xulejywt49kt2rr0vthywaa50xwsqwhygetaaapeuwf7z4tftxkukdu6svw6qg2qajmg
lineage__lineage_repetition,0.0,-1.128899193514562,0.0,ckb1qzda0cr08m85hc8jlnfp3zer7xulejywt49kt2rr0vthywaa50xwsqwhygetaaapeuwf7z4tftxkukdu6svw6qg2qajmg
lineage__merge_count,1.0,-0.26957728969081496,0.6931471805599453,ckb1qzda0cr08m85hc8jlnfp3zer7xulejywt49kt2rr0vthywaa50xwsqwhygetaaapeuwf7z4tftxkukdu6svw6qg2qajmg
scripts__type_family_count,1.0,1.9951397255009098,0.6931471805599453,ckb1qzda0cr08m85hc8jlnfp3zer7xulejywt49kt2rr0vthywaa50xwsqwhygetaaapeuwf7z4tftxkukdu6svw6qg2qajmg
scripts__unique_lock_script_count,5.0,0.0,1.791759469228055,ckb1qzda0cr08m85hc8jlnfp3zer7xulejywt49kt2rr0vthywaa50xwsqwhygetaaapeuwf7z4tftxkukdu6svw6qg2qajmg
scripts__unique_type_script_count,1.0,1.0,0.6931471805599453,ckb1qzda0cr08m85hc8jlnfp3zer7xulejywt49kt2rr0vthywaa50xwsqwhygetaaapeuwf7z4tftxkukdu6svw6qg2qajmg
capacity__capacity_repeat_ratio,0.0,-1.3489727248167438,0.0,ckb1qzda0cr08m85hc8jlnfp3zer7xulejywt49kt2rr0vthywaa50xwsqwj5mah4ck3m7dkusnwpgyhmzf6zaaahpqzjwzns
capacity__target_consumed_capacity,0.0,-4.044635599832544,0.0,ckb1qzda0cr08m85hc8jlnfp3zer7xulejywt49kt2rr0vthywaa50xwsqwj5mah4ck3m7dkusnwpgyhmzf6zaaahpqzjwzns
capacity__target_net_capacity_delta,109573121311.0,0.5334164154064085,25.41985793787957,ckb1qzda0cr08m85hc8jlnfp3zer7xulejywt49kt2rr0vthywaa50xwsqwj5mah4ck3m7dkusnwpgyhmzf6zaaahpqzjwzns
lineage__continuation_count,0.0,0.0,0.0,ckb1qzda0cr08m85hc8jlnfp3zer7xulejywt49kt2rr0vthywaa50xwsqwj5mah4ck3m7dkusnwpgyhmzf6zaaahpqzjwzns
lineage__lineage_depth,1.0,-1.0,0.6931471805599453,ckb1qzda0cr08m85hc8jlnfp3zer7xulejywt49kt2rr0vthywaa50xwsqwj5mah4ck3m7dkusnwpgyhmzf6zaaahpqzjwzns
lineage__lineage_repetition,0.0,-1.128899193514562,0.0,ckb1qzda0cr08m85hc8jlnfp3zer7xulejywt49kt2rr0vthywaa50xwsqwj5mah4ck3m7dkusnwpgyhmzf6zaaahpqzjwzns
lineage__merge_count,1.0,-0.26957728969081496,0.6931471805599453,ckb1qzda0cr08m85hc8jlnfp3zer7xulejywt49kt2rr0vthywaa50xwsqwj5mah4ck3m7dkusnwpgyhmzf6zaaahpqzjwzns
scripts__type_family_count,0.0,-0.501218028601448,0.0,ckb1qzda0cr08m85hc8jlnfp3zer7xulejywt49kt2rr0vthywaa50xwsqwj5mah4ck3m7dkusnwpgyhmzf6zaaahpqzjwzns
scripts__unique_lock_script_count,5.0,0.0,1.791759469228055,ckb1qzda0cr08m85hc8jlnfp3zer7xulejywt49kt2rr0vthywaa50xwsqwj5mah4ck3m7dkusnwpgyhmzf6zaaahpqzjwzns
scripts__unique_type_script_count,0.0,0.0,0.0,ckb1qzda0cr08m85hc8jlnfp3zer7xulejywt49kt2rr0vthywaa50xwsqwj5mah4ck3m7dkusnwpgyhmzf6zaaahpqzjwzns
capacity__capacity_repeat_ratio,0.0,-1.3489727248167438,0.0,ckb1qzda0cr08m85hc8jlnfp3zer7xulejywt49kt2rr0vthywaa50xwsqwjeupgccqe3mp2wzajp975muw56rxfzysgzn7cd
capacity__target_consumed_capacity,7615154000000.0,0.23165523619645592,29.661161325314914,ckb1qzda0cr08m85hc8jlnfp3zer7xulejywt49kt2rr0vthywaa50xwsqwjeupgccqe3mp2wzajp975muw56rxfzysgzn7cd
capacity__target_net_capacity_delta,-7615154000000.0,-0.6224169462160445,-29.661161325314914,ckb1qzda0cr08m85hc8jlnfp3zer7xulejywt49kt2rr0vthywaa50xwsqwjeupgccqe3mp2wzajp975muw56rxfzysgzn7cd
lineage__continuation_count,0.0,0.0,0.0,ckb1qzda0cr08m85hc8jlnfp3zer7xulejywt49kt2rr0vthywaa50xwsqwjeupgccqe3mp2wzajp975muw56rxfzysgzn7cd
lineage__lineage_depth,1.0,-1.0,0.6931471805599453,ckb1qzda0cr08m85hc8jlnfp3zer7xulejywt49kt2rr0vthywaa50xwsqwjeupgccqe3mp2wzajp975muw56rxfzysgzn7cd
lineage__lineage_repetition,0.0,-1.128899193514562,0.0,ckb1qzda0cr08m85hc8jlnfp3zer7xulejywt49kt2rr0vthywaa50xwsqwjeupgccqe3mp2wzajp975muw56rxfzysgzn7cd
lineage__merge_count,1.0,-0.26957728969081496,0.6931471805599453,ckb1qzda0cr08m85hc8jlnfp3zer7xulejywt49kt2rr0vthywaa50xwsqwjeupgccqe3mp2wzajp975muw56rxfzysgzn7cd
scripts__type_family_count,0.0,-0.501218028601448,0.0,ckb1qzda0cr08m85hc8jlnfp3zer7xulejywt49kt2rr0vthywaa50xwsqwjeupgccqe3mp2wzajp975muw56rxfzysgzn7cd
scripts__unique_lock_script_count,8.0,0.3236566839097654,2.1972245773362196,ckb1qzda0cr08m85hc8jlnfp3zer7xulejywt49kt2rr0vthywaa50xwsqwjeupgccqe3mp2wzajp975muw56rxfzysgzn7cd
scripts__unique_type_script_count,0.0,0.0,0.0,ckb1qzda0cr08m85hc8jlnfp3zer7xulejywt49kt2rr0vthywaa50xwsqwjeupgccqe3mp2wzajp975muw56rxfzysgzn7cd
capacity__capacity_repeat_ratio,0.6666666666666666,0.1517293478558174,0.6666666666666666,ckb1qzda0cr08m85hc8jlnfp3zer7xulejywt49kt2rr0vthywaa50xwsqwjhnuyhphnp99ysnl09ht9e3x2kh8s8acgdjpg3
capacity__target_consumed_capacity,57165061214.0,-0.4736243656650049,24.769208730787316,ckb1qzda0cr08m85hc8jlnfp3zer7xulejywt49kt2rr0vthywaa50xwsqwjhnuyhphnp99ysnl09ht9e3x2kh8s8acgdjpg3
capacity__target_net_capacity_delta,159794569739.0,0.5413337053936991,25.797154888099197,ckb1qzda0cr08m85hc8jlnfp3zer7xulejywt49kt2rr0vthywaa50xwsqwjhnuyhphnp99ysnl09ht9e3x2kh8s8acgdjpg3
lineage__continuation_count,0.0,0.0,0.0,ckb1qzda0cr08m85hc8jlnfp3zer7xulejywt49kt2rr0vthywaa50xwsqwjhnuyhphnp99ysnl09ht9e3x2kh8s8acgdjpg3
lineage__lineage_depth,2.0,0.0,1.0986122886681098,ckb1qzda0cr08m85hc8jlnfp3zer7xulejywt49kt2rr0vthywaa50xwsqwjhnuyhphnp99ysnl09ht9e3x2kh8s8acgdjpg3
lineage__lineage_repetition,0.0,-1.128899193514562,0.0,ckb1qzda0cr08m85hc8jlnfp3zer7xulejywt49kt2rr0vthywaa50xwsqwjhnuyhphnp99ysnl09ht9e3x2kh8s8acgdjpg3
lineage__merge_count,2.0,0.0,1.0986122886681098,ckb1qzda0cr08m85hc8jlnfp3zer7xulejywt49kt2rr0vthywaa50xwsqwjhnuyhphnp99ysnl09ht9e3x2kh8s8acgdjpg3
scripts__type_family_count,0.0,-0.501218028601448,0.0,ckb1qzda0cr08m85hc8jlnfp3zer7xulejywt49kt2rr0vthywaa50xwsqwjhnuyhphnp99ysnl09ht9e3x2kh8s8acgdjpg3
scripts__unique_lock_script_count,14.0,0.7314158822675506,2.70805020110221,ckb1qzda0cr08m85hc8jlnfp3zer7xulejywt49kt2rr0vthywaa50xwsqwjhnuyhphnp99ysnl09ht9e3x2kh8s8acgdjpg3
scripts__unique_type_script_count,0.0,0.0,0.0,ckb1qzda0cr08m85hc8jlnfp3zer7xulejywt49kt2rr0vthywaa50xwsqwjhnuyhphnp99ysnl09ht9e3x2kh8s8acgdjpg3
capacity__capacity_repeat_ratio,1.0,0.9020803841920981,1.0,ckb1qzda0cr08m85hc8jlnfp3zer7xulejywt49kt2rr0vthywaa50xwsqwjhry2dvdzmftxqrsrwf04mjw3ah8hhjqh9zh7y
capacity__target_consumed_capacity,401737538269.0,-0.1925109040252649,26.719064822464404,ckb1qzda0cr08m85hc8jlnfp3zer7xulejywt49kt2rr0vthywaa50xwsqwjhry2dvdzmftxqrsrwf04mjw3ah8hhjqh9zh7y
capacity__target_net_capacity_delta,0.0,0.0,0.0,ckb1qzda0cr08m85hc8jlnfp3zer7xulejywt49kt2rr0vthywaa50xwsqwjhry2dvdzmftxqrsrwf04mjw3ah8hhjqh9zh7y
lineage__continuation_count,0.0,0.0,0.0,ckb1qzda0cr08m85hc8jlnfp3zer7xulejywt49kt2rr0vthywaa50xwsqwjhry2dvdzmftxqrsrwf04mjw3ah8hhjqh9zh7y
lineage__lineage_depth,2.0,0.0,1.0986122886681098,ckb1qzda0cr08m85hc8jlnfp3zer7xulejywt49kt2rr0vthywaa50xwsqwjhry2dvdzmftxqrsrwf04mjw3ah8hhjqh9zh7y
lineage__lineage_repetition,1.0,1.027789217390062,1.0,ckb1qzda0cr08m85hc8jlnfp3zer7xulejywt49kt2rr0vthywaa50xwsqwjhry2dvdzmftxqrsrwf04mjw3ah8hhjqh9zh7y
lineage__merge_count,4.0,0.3396272192247922,1.6094379124341003,ckb1qzda0cr08m85hc8jlnfp3zer7xulejywt49kt2rr0vthywaa50xwsqwjhry2dvdzmftxqrsrwf04mjw3ah8hhjqh9zh7y
scripts__type_family_count,0.0,-0.501218028601448,0.0,ckb1qzda0cr08m85hc8jlnfp3zer7xulejywt49kt2rr0vthywaa50xwsqwjhry2dvdzmftxqrsrwf04mjw3ah8hhjqh9zh7y
scripts__unique_lock_script_count,3.0,-0.3236566839097652,1.3862943611198906,ckb1qzda0cr08m85hc8jlnfp3zer7xulejywt49kt2rr0vthywaa50xwsqwjhry2dvdzmftxqrsrwf04mjw3ah8hhjqh9zh7y
scripts__unique_type_script_count,0.0,0.0,0.0,ckb1qzda0cr08m85hc8jlnfp3zer7xulejywt49kt2rr0vthywaa50xwsqwjhry2dvdzmftxqrsrwf04mjw3ah8hhjqh9zh7y
capacity__capacity_repeat_ratio,1.0,0.9020803841920981,1.0,ckb1qzda0cr08m85hc8jlnfp3zer7xulejywt49kt2rr0vthywaa50xwsqwkp3rnla6nr3al235xz3kmr3c8s0v3kngg0vdcv
capacity__target_consumed_capacity,857542575623.0,-0.08318979894198761,27.477336665627412,ckb1qzda0cr08m85hc8jlnfp3zer7xulejywt49kt2rr0vthywaa50xwsqwkp3rnla6nr3al235xz3kmr3c8s0v3kngg0vdcv
capacity__target_net_capacity_delta,0.0,0.0,0.0,ckb1qzda0cr08m85hc8jlnfp3zer7xulejywt49kt2rr0vthywaa50xwsqwkp3rnla6nr3al235xz3kmr3c8s0v3kngg0vdcv
lineage__continuation_count,0.0,0.0,0.0,ckb1qzda0cr08m85hc8jlnfp3zer7xulejywt49kt2rr0vthywaa50xwsqwkp3rnla6nr3al235xz3kmr3c8s0v3kngg0vdcv
lineage__lineage_depth,2.0,0.0,1.0986122886681098,ckb1qzda0cr08m85hc8jlnfp3zer7xulejywt49kt2rr0vthywaa50xwsqwkp3rnla6nr3al235xz3kmr3c8s0v3kngg0vdcv
lineage__lineage_repetition,0.5,-0.05055498806225001,0.5,ckb1qzda0cr08m85hc8jlnfp3zer7xulejywt49kt2rr0vthywaa50xwsqwkp3rnla6nr3al235xz3kmr3c8s0v3kngg0vdcv
lineage__merge_count,2.0,0.0,1.0986122886681098,ckb1qzda0cr08m85hc8jlnfp3zer7xulejywt49kt2rr0vthywaa50xwsqwkp3rnla6nr3al235xz3kmr3c8s0v3kngg0vdcv
scripts__type_family_count,0.0,-0.501218028601448,0.0,ckb1qzda0cr08m85hc8jlnfp3zer7xulejywt49kt2rr0vthywaa50xwsqwkp3rnla6nr3al235xz3kmr3c8s0v3kngg0vdcv
scripts__unique_lock_script_count,11.0,0.5532947556651123,2.4849066497880004,ckb1qzda0cr08m85hc8jlnfp3zer7xulejywt49kt2rr0vthywaa50xwsqwkp3rnla6nr3al235xz3kmr3c8s0v3kngg0vdcv
scripts__unique_type_script_count,0.0,0.0,0.0,ckb1qzda0cr08m85hc8jlnfp3zer7xulejywt49kt2rr0vthywaa50xwsqwkp3rnla6nr3al235xz3kmr3c8s0v3kngg0vdcv
capacity__capacity_repeat_ratio,0.18018018018018017,-0.9433775700403759,0.18018018018018017,ckb1qzda0cr08m85hc8jlnfp3zer7xulejywt49kt2rr0vthywaa50xwsqwlkxpk8rnrzz2nhuswk2kzvempzsz2zjgwxnwny
capacity__target_consumed_capacity,622515816552.0,-0.129368153363538,27.157034873079763,ckb1qzda0cr08m85hc8jlnfp3zer7xulejywt49kt2rr0vthywaa50xwsqwlkxpk8rnrzz2nhuswk2kzvempzsz2zjgwxnwny
capacity__target_net_capacity_delta,5416706412017.0,0.6152686173997609,29.320509073612588,ckb1qzda0cr08m85hc8jlnfp3zer7xulejywt49kt2rr0vthywaa50xwsqwlkxpk8rnrzz2nhuswk2kzvempzsz2zjgwxnwny
lineage__continuation_count,0.0,0.0,0.0,ckb1qzda0cr08m85hc8jlnfp3zer7xulejywt49kt2rr0vthywaa50xwsqwlkxpk8rnrzz2nhuswk2kzvempzsz2zjgwxnwny
lineage__lineage_depth,2.0,0.0,1.0986122886681098,ckb1qzda0cr08m85hc8jlnfp3zer7xulejywt49kt2rr0vthywaa50xwsqwlkxpk8rnrzz2nhuswk2kzvempzsz2zjgwxnwny
lineage__lineage_repetition,0.9927007299270073,1.0120469662155758,0.9927007299270073,ckb1qzda0cr08m85hc8jlnfp3zer7xulejywt49kt2rr0vthywaa50xwsqwlkxpk8rnrzz2nhuswk2kzvempzsz2zjgwxnwny
lineage__merge_count,99.0,2.33136798999551,4.605170185988092,ckb1qzda0cr08m85hc8jlnfp3zer7xulejywt49kt2rr0vthywaa50xwsqwlkxpk8rnrzz2nhuswk2kzvempzsz2zjgwxnwny
scripts__type_family_count,0.0,-0.501218028601448,0.0,ckb1qzda0cr08m85hc8jlnfp3zer7xulejywt49kt2rr0vthywaa50xwsqwlkxpk8rnrzz2nhuswk2kzvempzsz2zjgwxnwny
scripts__unique_lock_script_count,53.0,1.753902879149755,3.9889840465642745,ckb1qzda0cr08m85hc8jlnfp3zer7xulejywt49kt2rr0vthywaa50xwsqwlkxpk8rnrzz2nhuswk2kzvempzsz2zjgwxnwny
scripts__unique_type_script_count,0.0,0.0,0.0,ckb1qzda0cr08m85hc8jlnfp3zer7xulejywt49kt2rr0vthywaa50xwsqwlkxpk8rnrzz2nhuswk2kzvempzsz2zjgwxnwny
capacity__capacity_repeat_ratio,1.0,0.9020803841920981,1.0,ckb1qzda0cr08m85hc8jlnfp3zer7xulejywt49kt2rr0vthywaa50xwsqwmrpzfvvj8mckknp5m5rkt8cd5hy2vhgq24t8sv
capacity__target_consumed_capacity,5000000000000.0,0.1710020015701692,29.24045902836285,ckb1qzda0cr08m85hc8jlnfp3zer7xulejywt49kt2rr0vthywaa50xwsqwmrpzfvvj8mckknp5m5rkt8cd5hy2vhgq24t8sv
capacity__target_net_capacity_delta,0.0,0.0,0.0,ckb1qzda0cr08m85hc8jlnfp3zer7xulejywt49kt2rr0vthywaa50xwsqwmrpzfvvj8mckknp5m5rkt8cd5hy2vhgq24t8sv
lineage__continuation_count,0.0,0.0,0.0,ckb1qzda0cr08m85hc8jlnfp3zer7xulejywt49kt2rr0vthywaa50xwsqwmrpzfvvj8mckknp5m5rkt8cd5hy2vhgq24t8sv
lineage__lineage_depth,2.0,0.0,1.0986122886681098,ckb1qzda0cr08m85hc8jlnfp3zer7xulejywt49kt2rr0vthywaa50xwsqwmrpzfvvj8mckknp5m5rkt8cd5hy2vhgq24t8sv
lineage__lineage_repetition,0.0,-1.128899193514562,0.0,ckb1qzda0cr08m85hc8jlnfp3zer7xulejywt49kt2rr0vthywaa50xwsqwmrpzfvvj8mckknp5m5rkt8cd5hy2vhgq24t8sv
lineage__merge_count,0.0,-0.7304227103091852,0.0,ckb1qzda0cr08m85hc8jlnfp3zer7xulejywt49kt2rr0vthywaa50xwsqwmrpzfvvj8mckknp5m5rkt8cd5hy2vhgq24t8sv
scripts__type_family_count,0.0,-0.501218028601448,0.0,ckb1qzda0cr08m85hc8jlnfp3zer7xulejywt49kt2rr0vthywaa50xwsqwmrpzfvvj8mckknp5m5rkt8cd5hy2vhgq24t8sv
scripts__unique_lock_script_count,2.0,-0.5532947556651122,1.0986122886681098,ckb1qzda0cr08m85hc8jlnfp3zer7xulejywt49kt2rr0vthywaa50xwsqwmrpzfvvj8mckknp5m5rkt8cd5hy2vhgq24t8sv
scripts__unique_type_script_count,0.0,0.0,0.0,ckb1qzda0cr08m85hc8jlnfp3zer7xulejywt49kt2rr0vthywaa50xwsqwmrpzfvvj8mckknp5m5rkt8cd5hy2vhgq24t8sv
capacity__capacity_repeat_ratio,1.0,0.9020803841920981,1.0,ckb1qzda0cr08m85hc8jlnfp3zer7xulejywt49kt2rr0vthywaa50xwsqwn663qcrflxjdlepuaykc4lruvysm9u5cnn299s
capacity__target_consumed_capacity,119040501645.0,-0.36787163969341974,25.502729622118416,ckb1qzda0cr08m85hc8jlnfp3zer7xulejywt49kt2rr0vthywaa50xwsqwn663qcrflxjdlepuaykc4lruvysm9u5cnn299s
capacity__target_net_capacity_delta,0.0,0.0,0.0,ckb1qzda0cr08m85hc8jlnfp3zer7xulejywt49kt2rr0vthywaa50xwsqwn663qcrflxjdlepuaykc4lruvysm9u5cnn299s
lineage__continuation_count,0.0,0.0,0.0,ckb1qzda0cr08m85hc8jlnfp3zer7xulejywt49kt2rr0vthywaa50xwsqwn663qcrflxjdlepuaykc4lruvysm9u5cnn299s
lineage__lineage_depth,2.0,0.0,1.0986122886681098,ckb1qzda0cr08m85hc8jlnfp3zer7xulejywt49kt2rr0vthywaa50xwsqwn663qcrflxjdlepuaykc4lruvysm9u5cnn299s
lineage__lineage_repetition,0.0,-1.128899193514562,0.0,ckb1qzda0cr08m85hc8jlnfp3zer7xulejywt49kt2rr0vthywaa50xwsqwn663qcrflxjdlepuaykc4lruvysm9u5cnn299s
lineage__merge_count,1.0,-0.26957728969081496,0.6931471805599453,ckb1qzda0cr08m85hc8jlnfp3zer7xulejywt49kt2rr0vthywaa50xwsqwn663qcrflxjdlepuaykc4lruvysm9u5cnn299s
scripts__type_family_count,1.0,1.9951397255009098,0.6931471805599453,ckb1qzda0cr08m85hc8jlnfp3zer7xulejywt49kt2rr0vthywaa50xwsqwn663qcrflxjdlepuaykc4lruvysm9u5cnn299s
scripts__unique_lock_script_count,5.0,0.0,1.791759469228055,ckb1qzda0cr08m85hc8jlnfp3zer7xulejywt49kt2rr0vthywaa50xwsqwn663qcrflxjdlepuaykc4lruvysm9u5cnn299s
scripts__unique_type_script_count,1.0,1.0,0.6931471805599453,ckb1qzda0cr08m85hc8jlnfp3zer7xulejywt49kt2rr0vthywaa50xwsqwn663qcrflxjdlepuaykc4lruvysm9u5cnn299s
capacity__capacity_repeat_ratio,1.0,0.9020803841920981,1.0,ckb1qzda0cr08m85hc8jlnfp3zer7xulejywt49kt2rr0vthywaa50xwsqwnla5w93964qlqcwaaeessdsk4h5pzkfs2f0ehn
capacity__target_consumed_capacity,30089308559460.0,0.42975100723756493,31.035191027225753,ckb1qzda0cr08m85hc8jlnfp3zer7xulejywt49kt2rr0vthywaa50xwsqwnla5w93964qlqcwaaeessdsk4h5pzkfs2f0ehn
capacity__target_net_capacity_delta,0.0,0.0,0.0,ckb1qzda0cr08m85hc8jlnfp3zer7xulejywt49kt2rr0vthywaa50xwsqwnla5w93964qlqcwaaeessdsk4h5pzkfs2f0ehn
lineage__continuation_count,0.0,0.0,0.0,ckb1qzda0cr08m85hc8jlnfp3zer7xulejywt49kt2rr0vthywaa50xwsqwnla5w93964qlqcwaaeessdsk4h5pzkfs2f0ehn
lineage__lineage_depth,2.0,0.0,1.0986122886681098,ckb1qzda0cr08m85hc8jlnfp3zer7xulejywt49kt2rr0vthywaa50xwsqwnla5w93964qlqcwaaeessdsk4h5pzkfs2f0ehn
lineage__lineage_repetition,0.9666666666666667,0.9558996036932413,0.9666666666666667,ckb1qzda0cr08m85hc8jlnfp3zer7xulejywt49kt2rr0vthywaa50xwsqwnla5w93964qlqcwaaeessdsk4h5pzkfs2f0ehn
lineage__merge_count,15.0,1.1129589721642954,2.772588722239781,ckb1qzda0cr08m85hc8jlnfp3zer7xulejywt49kt2rr0vthywaa50xwsqwnla5w93964qlqcwaaeessdsk4h5pzkfs2f0ehn
scripts__type_family_count,0.0,-0.501218028601448,0.0,ckb1qzda0cr08m85hc8jlnfp3zer7xulejywt49kt2rr0vthywaa50xwsqwnla5w93964qlqcwaaeessdsk4h5pzkfs2f0ehn
scripts__unique_lock_script_count,4.0,-0.14553555730732698,1.6094379124341003,ckb1qzda0cr08m85hc8jlnfp3zer7xulejywt49kt2rr0vthywaa50xwsqwnla5w93964qlqcwaaeessdsk4h5pzkfs2f0ehn
scripts__unique_type_script_count,0.0,0.0,0.0,ckb1qzda0cr08m85hc8jlnfp3zer7xulejywt49kt2rr0vthywaa50xwsqwnla5w93964qlqcwaaeessdsk4h5pzkfs2f0ehn
capacity__capacity_repeat_ratio,0.9980732177263969,0.8977430949647208,0.9980732177263969,ckb1qzda0cr08m85hc8jlnfp3zer7xulejywt49kt2rr0vthywaa50xwsqwpyugm7a4wtc5tphl0lwzjhcf9fu2l0ksdaezkc
capacity__target_consumed_capacity,15775154826657.0,0.3366546842979407,30.389457338992795,ckb1qzda0cr08m85hc8jlnfp3zer7xulejywt49kt2rr0vthywaa50xwsqwpyugm7a4wtc5tphl0lwzjhcf9fu2l0ksdaezkc
capacity__target_net_capacity_delta,-51495436896.0,-0.5175712383758049,-24.664759036748794,ckb1qzda0cr08m85hc8jlnfp3zer7xulejywt49kt2rr0vthywaa50xwsqwpyugm7a4wtc5tphl0lwzjhcf9fu2l0ksdaezkc
lineage__continuation_count,0.0,0.0,0.0,ckb1qzda0cr08m85hc8jlnfp3zer7xulejywt49kt2rr0vthywaa50xwsqwpyugm7a4wtc5tphl0lwzjhcf9fu2l0ksdaezkc
lineage__lineage_depth,4.0,1.2598510045646625,1.6094379124341003,ckb1qzda0cr08m85hc8jlnfp3zer7xulejywt49kt2rr0vthywaa50xwsqwpyugm7a4wtc5tphl0lwzjhcf9fu2l0ksdaezkc
lineage__lineage_repetition,1.0,1.027789217390062,1.0,ckb1qzda0cr08m85hc8jlnfp3zer7xulejywt49kt2rr0vthywaa50xwsqwpyugm7a4wtc5tphl0lwzjhcf9fu2l0ksdaezkc
lineage__merge_count,193.0,2.771962320111495,5.267858159063328,ckb1qzda0cr08m85hc8jlnfp3zer7xulejywt49kt2rr0vthywaa50xwsqwpyugm7a4wtc5tphl0lwzjhcf9fu2l0ksdaezkc
scripts__type_family_count,0.0,-0.501218028601448,0.0,ckb1qzda0cr08m85hc8jlnfp3zer7xulejywt49kt2rr0vthywaa50xwsqwpyugm7a4wtc5tphl0lwzjhcf9fu2l0ksdaezkc
scripts__unique_lock_script_count,3.0,-0.3236566839097652,1.3862943611198906,ckb1qzda0cr08m85hc8jlnfp3zer7xulejywt49kt2rr0vthywaa50xwsqwpyugm7a4wtc5tphl0lwzjhcf9fu2l0ksdaezkc
scripts__unique_type_script_count,0.0,0.0,0.0,ckb1qzda0cr08m85hc8jlnfp3zer7xulejywt49kt2rr0vthywaa50xwsqwpyugm7a4wtc5tphl0lwzjhcf9fu2l0ksdaezkc
capacity__capacity_repeat_ratio,0.5128205128205128,-0.19458651506861985,0.5128205128205128,ckb1qzda0cr08m85hc8jlnfp3zer7xulejywt49kt2rr0vthywaa50xwsqwq5jlc6p7y2g7c59emwef66z5dc02m36sq3vsmj
capacity__target_consumed_capacity,26254156315148.0,0.410093872810209,30.89884542824759,ckb1qzda0cr08m85hc8jlnfp3zer7xulejywt49kt2rr0vthywaa50xwsqwq5jlc6p7y2g7c59emwef66z5dc02m36sq3vsmj
capacity__target_net_capacity_delta,-16939668069098.0,-0.6391942218950682,-30.46067921045629,ckb1qzda0cr08m85hc8jlnfp3zer7xulejywt49kt2rr0vthywaa50xwsqwq5jlc6p7y2g7c59emwef66z5dc02m36sq3vsmj
lineage__continuation_count,0.0,0.0,0.0,ckb1qzda0cr08m85hc8jlnfp3zer7xulejywt49kt2rr0vthywaa50xwsqwq5jlc6p7y2g7c59emwef66z5dc02m36sq3vsmj
lineage__lineage_depth,2.0,0.0,1.0986122886681098,ckb1qzda0cr08m85hc8jlnfp3zer7xulejywt49kt2rr0vthywaa50xwsqwq5jlc6p7y2g7c59emwef66z5dc02m36sq3vsmj
lineage__lineage_repetition,1.0,1.027789217390062,1.0,ckb1qzda0cr08m85hc8jlnfp3zer7xulejywt49kt2rr0vthywaa50xwsqwq5jlc6p7y2g7c59emwef66z5dc02m36sq3vsmj
lineage__merge_count,0.0,-0.7304227103091852,0.0,ckb1qzda0cr08m85hc8jlnfp3zer7xulejywt49kt2rr0vthywaa50xwsqwq5jlc6p7y2g7c59emwef66z5dc02m36sq3vsmj
scripts__type_family_count,0.0,-0.501218028601448,0.0,ckb1qzda0cr08m85hc8jlnfp3zer7xulejywt49kt2rr0vthywaa50xwsqwq5jlc6p7y2g7c59emwef66z5dc02m36sq3vsmj
scripts__unique_lock_script_count,46.0,1.643078686269145,3.8501476017100584,ckb1qzda0cr08m85hc8jlnfp3zer7xulejywt49kt2rr0vthywaa50xwsqwq5jlc6p7y2g7c59emwef66z5dc02m36sq3vsmj
scripts__unique_type_script_count,0.0,0.0,0.0,ckb1qzda0cr08m85hc8jlnfp3zer7xulejywt49kt2rr0vthywaa50xwsqwq5jlc6p7y2g7c59emwef66z5dc02m36sq3vsmj
capacity__capacity_repeat_ratio,1.0,0.9020803841920981,1.0,ckb1qzda0cr08m85hc8jlnfp3zer7xulejywt49kt2rr0vthywaa50xwsqwr3fzgs5ke9hg0gwzu6qhd7kxwj6e7t6sy7j449
capacity__target_consumed_capacity,90646007145762.0,0.5887420587968487,32.13798300522895,ckb1qzda0cr08m85hc8jlnfp3zer7xulejywt49kt2rr0vthywaa50xwsqwr3fzgs5ke9hg0gwzu6qhd7kxwj6e7t6sy7j449
capacity__target_net_capacity_delta,0.0,0.0,0.0,ckb1qzda0cr08m85hc8jlnfp3zer7xulejywt49kt2rr0vthywaa50xwsqwr3fzgs5ke9hg0gwzu6qhd7kxwj6e7t6sy7j449
lineage__continuation_count,0.0,0.0,0.0,ckb1qzda0cr08m85hc8jlnfp3zer7xulejywt49kt2rr0vthywaa50xwsqwr3fzgs5ke9hg0gwzu6qhd7kxwj6e7t6sy7j449
lineage__lineage_depth,2.0,0.0,1.0986122886681098,ckb1qzda0cr08m85hc8jlnfp3zer7xulejywt49kt2rr0vthywaa50xwsqwr3fzgs5ke9hg0gwzu6qhd7kxwj6e7t6sy7j449
lineage__lineage_repetition,1.0,1.027789217390062,1.0,ckb1qzda0cr08m85hc8jlnfp3zer7xulejywt49kt2rr0vthywaa50xwsqwr3fzgs5ke9hg0gwzu6qhd7kxwj6e7t6sy7j449
lineage__merge_count,2.0,0.0,1.0986122886681098,ckb1qzda0cr08m85hc8jlnfp3zer7xulejywt49kt2rr0vthywaa50xwsqwr3fzgs5ke9hg0gwzu6qhd7kxwj6e7t6sy7j449
scripts__type_family_count,0.0,-0.501218028601448,0.0,ckb1qzda0cr08m85hc8jlnfp3zer7xulejywt49kt2rr0vthywaa50xwsqwr3fzgs5ke9hg0gwzu6qhd7kxwj6e7t6sy7j449
scripts__unique_lock_script_count,10.0,0.48383917693409767,2.3978952727983707,ckb1qzda0cr08m85hc8jlnfp3zer7xulejywt49kt2rr0vthywaa50xwsqwr3fzgs5ke9hg0gwzu6qhd7kxwj6e7t6sy7j449
scripts__unique_type_script_count,0.0,0.0,0.0,ckb1qzda0cr08m85hc8jlnfp3zer7xulejywt49kt2rr0vthywaa50xwsqwr3fzgs5ke9hg0gwzu6qhd7kxwj6e7t6sy7j449
capacity__capacity_repeat_ratio,0.0,-1.3489727248167438,0.0,ckb1qzda0cr08m85hc8jlnfp3zer7xulejywt49kt2rr0vthywaa50xwsqwr42a6hutw02a36n99zxzk9cdg8epdr4skkl97l
capacity__target_consumed_capacity,0.0,-4.044635599832544,0.0,ckb1qzda0cr08m85hc8jlnfp3zer7xulejywt49kt2rr0vthywaa50xwsqwr42a6hutw02a36n99zxzk9cdg8epdr4skkl97l
capacity__target_net_capacity_delta,6499999886345.0,0.6190943424767221,29.50282327534491,ckb1qzda0cr08m85hc8jlnfp3zer7xulejywt49kt2rr0vthywaa50xwsqwr42a6hutw02a36n99zxzk9cdg8epdr4skkl97l
lineage__continuation_count,0.0,0.0,0.0,ckb1qzda0cr08m85hc8jlnfp3zer7xulejywt49kt2rr0vthywaa50xwsqwr42a6hutw02a36n99zxzk9cdg8epdr4skkl97l
lineage__lineage_depth,1.0,-1.0,0.6931471805599453,ckb1qzda0cr08m85hc8jlnfp3zer7xulejywt49kt2rr0vthywaa50xwsqwr42a6hutw02a36n99zxzk9cdg8epdr4skkl97l
lineage__lineage_repetition,0.0,-1.128899193514562,0.0,ckb1qzda0cr08m85hc8jlnfp3zer7xulejywt49kt2rr0vthywaa50xwsqwr42a6hutw02a36n99zxzk9cdg8epdr4skkl97l
lineage__merge_count,1.0,-0.26957728969081496,0.6931471805599453,ckb1qzda0cr08m85hc8jlnfp3zer7xulejywt49kt2rr0vthywaa50xwsqwr42a6hutw02a36n99zxzk9cdg8epdr4skkl97l
scripts__type_family_count,1.0,1.9951397255009098,0.6931471805599453,ckb1qzda0cr08m85hc8jlnfp3zer7xulejywt49kt2rr0vthywaa50xwsqwr42a6hutw02a36n99zxzk9cdg8epdr4skkl97l
scripts__unique_lock_script_count,3.0,-0.3236566839097652,1.3862943611198906,ckb1qzda0cr08m85hc8jlnfp3zer7xulejywt49kt2rr0vthywaa50xwsqwr42a6hutw02a36n99zxzk9cdg8epdr4skkl97l
scripts__unique_type_script_count,1.0,1.0,0.6931471805599453,ckb1qzda0cr08m85hc8jlnfp3zer7xulejywt49kt2rr0vthywaa50xwsqwr42a6hutw02a36n99zxzk9cdg8epdr4skkl97l
capacity__capacity_repeat_ratio,0.0,-1.3489727248167438,0.0,ckb1qzda0cr08m85hc8jlnfp3zer7xulejywt49kt2rr0vthywaa50xwsqwrcse92s9lm5u09npr6uwhgsr0tk6scdsxn0pul
capacity__target_consumed_capacity,0.0,-4.044635599832544,0.0,ckb1qzda0cr08m85hc8jlnfp3zer7xulejywt49kt2rr0vthywaa50xwsqwrcse92s9lm5u09npr6uwhgsr0tk6scdsxn0pul
capacity__target_net_capacity_delta,2414899890000.0,0.5983169156825358,28.512678948758133,ckb1qzda0cr08m85hc8jlnfp3zer7xulejywt49kt2rr0vthywaa50xwsqwrcse92s9lm5u09npr6uwhgsr0tk6scdsxn0pul
lineage__continuation_count,0.0,0.0,0.0,ckb1qzda0cr08m85hc8jlnfp3zer7xulejywt49kt2rr0vthywaa50xwsqwrcse92s9lm5u09npr6uwhgsr0tk6scdsxn0pul
lineage__lineage_depth,1.0,-1.0,0.6931471805599453,ckb1qzda0cr08m85hc8jlnfp3zer7xulejywt49kt2rr0vthywaa50xwsqwrcse92s9lm5u09npr6uwhgsr0tk6scdsxn0pul
lineage__lineage_repetition,0.0,-1.128899193514562,0.0,ckb1qzda0cr08m85hc8jlnfp3zer7xulejywt49kt2rr0vthywaa50xwsqwrcse92s9lm5u09npr6uwhgsr0tk6scdsxn0pul
lineage__merge_count,0.0,-0.7304227103091852,0.0,ckb1qzda0cr08m85hc8jlnfp3zer7xulejywt49kt2rr0vthywaa50xwsqwrcse92s9lm5u09npr6uwhgsr0tk6scdsxn0pul
scripts__type_family_count,0.0,-0.501218028601448,0.0,ckb1qzda0cr08m85hc8jlnfp3zer7xulejywt49kt2rr0vthywaa50xwsqwrcse92s9lm5u09npr6uwhgsr0tk6scdsxn0pul
scripts__unique_lock_script_count,2.0,-0.5532947556651122,1.0986122886681098,ckb1qzda0cr08m85hc8jlnfp3zer7xulejywt49kt2rr0vthywaa50xwsqwrcse92s9lm5u09npr6uwhgsr0tk6scdsxn0pul
scripts__unique_type_script_count,0.0,0.0,0.0,ckb1qzda0cr08m85hc8jlnfp3zer7xulejywt49kt2rr0vthywaa50xwsqwrcse92s9lm5u09npr6uwhgsr0tk6scdsxn0pul
capacity__capacity_repeat_ratio,0.12293144208037825,-1.072247519926768,0.12293144208037825,ckb1qzda0cr08m85hc8jlnfp3zer7xulejywt49kt2rr0vthywaa50xwsqwrn48zffgqgctt2netwvhcdn3pnznxceg9lhd3j
capacity__target_consumed_capacity,2473644599956.0,0.06954206356352155,28.53671372556062,ckb1qzda0cr08m85hc8jlnfp3zer7xulejywt49kt2rr0vthywaa50xwsqwrn48zffgqgctt2netwvhcdn3pnznxceg9lhd3j
capacity__target_net_capacity_delta,53864431606775.0,0.6634690489081247,31.617491480038133,ckb1qzda0cr08m85hc8jlnfp3zer7xulejywt49kt2rr0vthywaa50xwsqwrn48zffgqgctt2netwvhcdn3pnznxceg9lhd3j
lineage__continuation_count,0.0,0.0,0.0,ckb1qzda0cr08m85hc8jlnfp3zer7xulejywt49kt2rr0vthywaa50xwsqwrn48zffgqgctt2netwvhcdn3pnznxceg9lhd3j
lineage__lineage_depth,3.0,0.7095112913514542,1.3862943611198906,ckb1qzda0cr08m85hc8jlnfp3zer7xulejywt49kt2rr0vthywaa50xwsqwrn48zffgqgctt2netwvhcdn3pnznxceg9lhd3j
lineage__lineage_repetition,1.0,1.027789217390062,1.0,ckb1qzda0cr08m85hc8jlnfp3zer7xulejywt49kt2rr0vthywaa50xwsqwrn48zffgqgctt2netwvhcdn3pnznxceg9lhd3j
lineage__merge_count,405.0,3.2629576652454877,6.0063531596017325,ckb1qzda0cr08m85hc8jlnfp3zer7xulejywt49kt2rr0vthywaa50xwsqwrn48zffgqgctt2netwvhcdn3pnznxceg9lhd3j
scripts__type_family_count,0.0,-0.501218028601448,0.0,ckb1qzda0cr08m85hc8jlnfp3zer7xulejywt49kt2rr0vthywaa50xwsqwrn48zffgqgctt2netwvhcdn3pnznxceg9lhd3j
scripts__unique_lock_script_count,65.0,1.9140853721740871,4.189654742026425,ckb1qzda0cr08m85hc8jlnfp3zer7xulejywt49kt2rr0vthywaa50xwsqwrn48zffgqgctt2netwvhcdn3pnznxceg9lhd3j
scripts__unique_type_script_count,0.0,0.0,0.0,ckb1qzda0cr08m85hc8jlnfp3zer7xulejywt49kt2rr0vthywaa50xwsqwrn48zffgqgctt2netwvhcdn3pnznxceg9lhd3j
capacity__capacity_repeat_ratio,1.0,0.9020803841920981,1.0,ckb1qzda0cr08m85hc8jlnfp3zer7xulejywt49kt2rr0vthywaa50xwsqwsaytgethft2tx90hfcvmpazn02dmhyacz9xtxp
capacity__target_consumed_capacity,1.1790006927e+16,1.2905749692732238,37.0060286969916,ckb1qzda0cr08m85hc8jlnfp3zer7xulejywt49kt2rr0vthywaa50xwsqwsaytgethft2tx90hfcvmpazn02dmhyacz9xtxp
capacity__target_net_capacity_delta,0.0,0.0,0.0,ckb1qzda0cr08m85hc8jlnfp3zer7xulejywt49kt2rr0vthywaa50xwsqwsaytgethft2tx90hfcvmpazn02dmhyacz9xtxp
lineage__continuation_count,0.0,0.0,0.0,ckb1qzda0cr08m85hc8jlnfp3zer7xulejywt49kt2rr0vthywaa50xwsqwsaytgethft2tx90hfcvmpazn02dmhyacz9xtxp
lineage__lineage_depth,3.0,0.7095112913514542,1.3862943611198906,ckb1qzda0cr08m85hc8jlnfp3zer7xulejywt49kt2rr0vthywaa50xwsqwsaytgethft2tx90hfcvmpazn02dmhyacz9xtxp
lineage__lineage_repetition,1.0,1.027789217390062,1.0,ckb1qzda0cr08m85hc8jlnfp3zer7xulejywt49kt2rr0vthywaa50xwsqwsaytgethft2tx90hfcvmpazn02dmhyacz9xtxp
lineage__merge_count,0.0,-0.7304227103091852,0.0,ckb1qzda0cr08m85hc8jlnfp3zer7xulejywt49kt2rr0vthywaa50xwsqwsaytgethft2tx90hfcvmpazn02dmhyacz9xtxp
scripts__type_family_count,0.0,-0.501218028601448,0.0,ckb1qzda0cr08m85hc8jlnfp3zer7xulejywt49kt2rr0vthywaa50xwsqwsaytgethft2tx90hfcvmpazn02dmhyacz9xtxp
scripts__unique_lock_script_count,5.0,0.0,1.791759469228055,ckb1qzda0cr08m85hc8jlnfp3zer7xulejywt49kt2rr0vthywaa50xwsqwsaytgethft2tx90hfcvmpazn02dmhyacz9xtxp
scripts__unique_type_script_count,0.0,0.0,0.0,ckb1qzda0cr08m85hc8jlnfp3zer7xulejywt49kt2rr0vthywaa50xwsqwsaytgethft2tx90hfcvmpazn02dmhyacz9xtxp
capacity__capacity_repeat_ratio,0.0,-1.3489727248167438,0.0,ckb1qzda0cr08m85hc8jlnfp3zer7xulejywt49kt2rr0vthywaa50xwsqwtjgqcuyekuh50hv2gp447rx6mwzxvlwgm4j8vz
capacity__target_consumed_capacity,410879141700000.0,0.8066336458876242,33.64932022805684,ckb1qzda0cr08m85hc8jlnfp3zer7xulejywt49kt2rr0vthywaa50xwsqwtjgqcuyekuh50hv2gp447rx6mwzxvlwgm4j8vz
capacity__target_net_capacity_delta,-30989900106500.0,-0.6518687715071474,-31.064682464312263,ckb1qzda0cr08m85hc8jlnfp3zer7xulejywt49kt2rr0vthywaa50xwsqwtjgqcuyekuh50hv2gp447rx6mwzxvlwgm4j8vz
lineage__continuation_count,1.0,1.0,0.6931471805599453,ckb1qzda0cr08m85hc8jlnfp3zer7xulejywt49kt2rr0vthywaa50xwsqwtjgqcuyekuh50hv2gp447rx6mwzxvlwgm4j8vz
lineage__lineage_depth,1.0,-1.0,0.6931471805599453,ckb1qzda0cr08m85hc8jlnfp3zer7xulejywt49kt2rr0vthywaa50xwsqwtjgqcuyekuh50hv2gp447rx6mwzxvlwgm4j8vz
lineage__lineage_repetition,0.0,-1.128899193514562,0.0,ckb1qzda0cr08m85hc8jlnfp3zer7xulejywt49kt2rr0vthywaa50xwsqwtjgqcuyekuh50hv2gp447rx6mwzxvlwgm4j8vz
lineage__merge_count,1.0,-0.26957728969081496,0.6931471805599453,ckb1qzda0cr08m85hc8jlnfp3zer7xulejywt49kt2rr0vthywaa50xwsqwtjgqcuyekuh50hv2gp447rx6mwzxvlwgm4j8vz
scripts__type_family_count,0.0,-0.501218028601448,0.0,ckb1qzda0cr08m85hc8jlnfp3zer7xulejywt49kt2rr0vthywaa50xwsqwtjgqcuyekuh50hv2gp447rx6mwzxvlwgm4j8vz
scripts__unique_lock_script_count,3.0,-0.3236566839097652,1.3862943611198906,ckb1qzda0cr08m85hc8jlnfp3zer7xulejywt49kt2rr0vthywaa50xwsqwtjgqcuyekuh50hv2gp447rx6mwzxvlwgm4j8vz
scripts__unique_type_script_count,0.0,0.0,0.0,ckb1qzda0cr08m85hc8jlnfp3zer7xulejywt49kt2rr0vthywaa50xwsqwtjgqcuyekuh50hv2gp447rx6mwzxvlwgm4j8vz
capacity__capacity_repeat_ratio,0.0,-1.3489727248167438,0.0,ckb1qzda0cr08m85hc8jlnfp3zer7xulejywt49kt2rr0vthywaa50xwsqwuuu2n4serlsnuvhxwu0nuhsms76aez0cv7nxdh
capacity__target_consumed_capacity,0.0,-4.044635599832544,0.0,ckb1qzda0cr08m85hc8jlnfp3zer7xulejywt49kt2rr0vthywaa50xwsqwuuu2n4serlsnuvhxwu0nuhsms76aez0cv7nxdh
capacity__target_net_capacity_delta,29993799798876.0,0.651183202486133,31.03201180286005,ckb1qzda0cr08m85hc8jlnfp3zer7xulejywt49kt2rr0vthywaa50xwsqwuuu2n4serlsnuvhxwu0nuhsms76aez0cv7nxdh
lineage__continuation_count,0.0,0.0,0.0,ckb1qzda0cr08m85hc8jlnfp3zer7xulejywt49kt2rr0vthywaa50xwsqwuuu2n4serlsnuvhxwu0nuhsms76aez0cv7nxdh
lineage__lineage_depth,1.0,-1.0,0.6931471805599453,ckb1qzda0cr08m85hc8jlnfp3zer7xulejywt49kt2rr0vthywaa50xwsqwuuu2n4serlsnuvhxwu0nuhsms76aez0cv7nxdh
lineage__lineage_repetition,0.0,-1.128899193514562,0.0,ckb1qzda0cr08m85hc8jlnfp3zer7xulejywt49kt2rr0vthywaa50xwsqwuuu2n4serlsnuvhxwu0nuhsms76aez0cv7nxdh
lineage__merge_count,0.0,-0.7304227103091852,0.0,ckb1qzda0cr08m85hc8jlnfp3zer7xulejywt49kt2rr0vthywaa50xwsqwuuu2n4serlsnuvhxwu0nuhsms76aez0cv7nxdh
scripts__type_family_count,1.0,1.9951397255009098,0.6931471805599453,ckb1qzda0cr08m85hc8jlnfp3zer7xulejywt49kt2rr0vthywaa50xwsqwuuu2n4serlsnuvhxwu0nuhsms76aez0cv7nxdh
scripts__unique_lock_script_count,3.0,-0.3236566839097652,1.3862943611198906,ckb1qzda0cr08m85hc8jlnfp3zer7xulejywt49kt2rr0vthywaa50xwsqwuuu2n4serlsnuvhxwu0nuhsms76aez0cv7nxdh
scripts__unique_type_script_count,1.0,1.0,0.6931471805599453,ckb1qzda0cr08m85hc8jlnfp3zer7xulejywt49kt2rr0vthywaa50xwsqwuuu2n4serlsnuvhxwu0nuhsms76aez0cv7nxdh
capacity__capacity_repeat_ratio,0.0,-1.3489727248167438,0.0,ckb1qzda0cr08m85hc8jlnfp3zer7xulejywt49kt2rr0vthywaa50xwsqwvalxcu23ejp75sp0sgg7t6ktdy3dyy3q5czey6
capacity__target_consumed_capacity,0.0,-4.044635599832544,0.0,ckb1qzda0cr08m85hc8jlnfp3zer7xulejywt49kt2rr0vthywaa50xwsqwvalxcu23ejp75sp0sgg7t6ktdy3dyy3q5czey6
capacity__target_net_capacity_delta,150065000000.0,0.5400154645371812,25.73433437052089,ckb1qzda0cr08m85hc8jlnfp3zer7xulejywt49kt2rr0vthywaa50xwsqwvalxcu23ejp75sp0sgg7t6ktdy3dyy3q5czey6
lineage__continuation_count,0.0,0.0,0.0,ckb1qzda0cr08m85hc8jlnfp3zer7xulejywt49kt2rr0vthywaa50xwsqwvalxcu23ejp75sp0sgg7t6ktdy3dyy3q5czey6
lineage__lineage_depth,1.0,-1.0,0.6931471805599453,ckb1qzda0cr08m85hc8jlnfp3zer7xulejywt49kt2rr0vthywaa50xwsqwvalxcu23ejp75sp0sgg7t6ktdy3dyy3q5czey6
lineage__lineage_repetition,0.0,-1.128899193514562,0.0,ckb1qzda0cr08m85hc8jlnfp3zer7xulejywt49kt2rr0vthywaa50xwsqwvalxcu23ejp75sp0sgg7t6ktdy3dyy3q5czey6
lineage__merge_count,1.0,-0.26957728969081496,0.6931471805599453,ckb1qzda0cr08m85hc8jlnfp3zer7xulejywt49kt2rr0vthywaa50xwsqwvalxcu23ejp75sp0sgg7t6ktdy3dyy3q5czey6
scripts__type_family_count,1.0,1.9951397255009098,0.6931471805599453,ckb1qzda0cr08m85hc8jlnfp3zer7xulejywt49kt2rr0vthywaa50xwsqwvalxcu23ejp75sp0sgg7t6ktdy3dyy3q5czey6
scripts__unique_lock_script_count,4.0,-0.14553555730732698,1.6094379124341003,ckb1qzda0cr08m85hc8jlnfp3zer7xulejywt49kt2rr0vthywaa50xwsqwvalxcu23ejp75sp0sgg7t6ktdy3dyy3q5czey6
scripts__unique_type_script_count,1.0,1.0,0.6931471805599453,ckb1qzda0cr08m85hc8jlnfp3zer7xulejywt49kt2rr0vthywaa50xwsqwvalxcu23ejp75sp0sgg7t6ktdy3dyy3q5czey6
capacity__capacity_repeat_ratio,1.0,0.9020803841920981,1.0,ckb1qzda0cr08m85hc8jlnfp3zer7xulejywt49kt2rr0vthywaa50xwsqwvhy6a0x57agapj2sh47ll9fpgvp753nshpjjpz
capacity__target_consumed_capacity,25181000000000.0,0.40407694180979525,30.857110857814984,ckb1qzda0cr08m85hc8jlnfp3zer7xulejywt49kt2rr0vthywaa50xwsqwvhy6a0x57agapj2sh47ll9fpgvp753nshpjjpz
capacity__target_net_capacity_delta,0.0,0.0,0.0,ckb1qzda0cr08m85hc8jlnfp3zer7xulejywt49kt2rr0vthywaa50xwsqwvhy6a0x57agapj2sh47ll9fpgvp753nshpjjpz
lineage__continuation_count,0.0,0.0,0.0,ckb1qzda0cr08m85hc8jlnfp3zer7xulejywt49kt2rr0vthywaa50xwsqwvhy6a0x57agapj2sh47ll9fpgvp753nshpjjpz
lineage__lineage_depth,2.0,0.0,1.0986122886681098,ckb1qzda0cr08m85hc8jlnfp3zer7xulejywt49kt2rr0vthywaa50xwsqwvhy6a0x57agapj2sh47ll9fpgvp753nshpjjpz
lineage__lineage_repetition,0.0,-1.128899193514562,0.0,ckb1qzda0cr08m85hc8jlnfp3zer7xulejywt49kt2rr0vthywaa50xwsqwvhy6a0x57agapj2sh47ll9fpgvp753nshpjjpz
lineage__merge_count,2.0,0.0,1.0986122886681098,ckb1qzda0cr08m85hc8jlnfp3zer7xulejywt49kt2rr0vthywaa50xwsqwvhy6a0x57agapj2sh47ll9fpgvp753nshpjjpz
scripts__type_family_count,0.0,-0.501218028601448,0.0,ckb1qzda0cr08m85hc8jlnfp3zer7xulejywt49kt2rr0vthywaa50xwsqwvhy6a0x57agapj2sh47ll9fpgvp753nshpjjpz
scripts__unique_lock_script_count,11.0,0.5532947556651123,2.4849066497880004,ckb1qzda0cr08m85hc8jlnfp3zer7xulejywt49kt2rr0vthywaa50xwsqwvhy6a0x57agapj2sh47ll9fpgvp753nshpjjpz
scripts__unique_type_script_count,0.0,0.0,0.0,ckb1qzda0cr08m85hc8jlnfp3zer7xulejywt49kt2rr0vthywaa50xwsqwvhy6a0x57agapj2sh47ll9fpgvp753nshpjjpz
capacity__capacity_repeat_ratio,0.0,-1.3489727248167438,0.0,ckb1qzda0cr08m85hc8jlnfp3zer7xulejywt49kt2rr0vthywaa50xwsqwx8ftt5lmk8pt5ux00wvyz5qrswq9uckq3yqc5x
capacity__target_consumed_capacity,0.0,-4.044635599832544,0.0,ckb1qzda0cr08m85hc8jlnfp3zer7xulejywt49kt2rr0vthywaa50xwsqwx8ftt5lmk8pt5ux00wvyz5qrswq9uckq3yqc5x
capacity__target_net_capacity_delta,29900000000.0,0.5061634766169983,24.1211243173765,ckb1qzda0cr08m85hc8jlnfp3zer7xulejywt49kt2rr0vthywaa50xwsqwx8ftt5lmk8pt5ux00wvyz5qrswq9uckq3yqc5x
lineage__continuation_count,0.0,0.0,0.0,ckb1qzda0cr08m85hc8jlnfp3zer7xulejywt49kt2rr0vthywaa50xwsqwx8ftt5lmk8pt5ux00wvyz5qrswq9uckq3yqc5x
lineage__lineage_depth,1.0,-1.0,0.6931471805599453,ckb1qzda0cr08m85hc8jlnfp3zer7xulejywt49kt2rr0vthywaa50xwsqwx8ftt5lmk8pt5ux00wvyz5qrswq9uckq3yqc5x
lineage__lineage_repetition,0.0,-1.128899193514562,0.0,ckb1qzda0cr08m85hc8jlnfp3zer7xulejywt49kt2rr0vthywaa50xwsqwx8ftt5lmk8pt5ux00wvyz5qrswq9uckq3yqc5x
lineage__merge_count,1.0,-0.26957728969081496,0.6931471805599453,ckb1qzda0cr08m85hc8jlnfp3zer7xulejywt49kt2rr0vthywaa50xwsqwx8ftt5lmk8pt5ux00wvyz5qrswq9uckq3yqc5x
scripts__type_family_count,0.0,-0.501218028601448,0.0,ckb1qzda0cr08m85hc8jlnfp3zer7xulejywt49kt2rr0vthywaa50xwsqwx8ftt5lmk8pt5ux00wvyz5qrswq9uckq3yqc5x
scripts__unique_lock_script_count,8.0,0.3236566839097654,2.1972245773362196,ckb1qzda0cr08m85hc8jlnfp3zer7xulejywt49kt2rr0vthywaa50xwsqwx8ftt5lmk8pt5ux00wvyz5qrswq9uckq3yqc5x
scripts__unique_type_script_count,0.0,0.0,0.0,ckb1qzda0cr08m85hc8jlnfp3zer7xulejywt49kt2rr0vthywaa50xwsqwx8ftt5lmk8pt5ux00wvyz5qrswq9uckq3yqc5x
capacity__capacity_repeat_ratio,1.0,0.9020803841920981,1.0,ckb1qzda0cr08m85hc8jlnfp3zer7xulejywt49kt2rr0vthywaa50xwsqwxdvqk5f5k404wykzsfuu4cjvh4n96zrq9yl6w6
capacity__target_consumed_capacity,493625353598.0,-0.1628147911686405,26.925042672884192,ckb1qzda0cr08m85hc8jlnfp3zer7xulejywt49kt2rr0vthywaa50xwsqwxdvqk5f5k404wykzsfuu4cjvh4n96zrq9yl6w6
capacity__target_net_capacity_delta,0.0,0.0,0.0,ckb1qzda0cr08m85hc8jlnfp3zer7xulejywt49kt2rr0vthywaa50xwsqwxdvqk5f5k404wykzsfuu4cjvh4n96zrq9yl6w6
lineage__continuation_count,0.0,0.0,0.0,ckb1qzda0cr08m85hc8jlnfp3zer7xulejywt49kt2rr0vthywaa50xwsqwxdvqk5f5k404wykzsfuu4cjvh4n96zrq9yl6w6
lineage__lineage_depth,2.0,0.0,1.0986122886681098,ckb1qzda0cr08m85hc8jlnfp3zer7xulejywt49kt2rr0vthywaa50xwsqwxdvqk5f5k404wykzsfuu4cjvh4n96zrq9yl6w6
lineage__lineage_repetition,0.8333333333333334,0.6683411489059582,0.8333333333333334,ckb1qzda0cr08m85hc8jlnfp3zer7xulejywt49kt2rr0vthywaa50xwsqwxdvqk5f5k404wykzsfuu4cjvh4n96zrq9yl6w6
lineage__merge_count,17.0,1.191268130927555,2.8903717578961645,ckb1qzda0cr08m85hc8jlnfp3zer7xulejywt49kt2rr0vthywaa50xwsqwxdvqk5f5k404wykzsfuu4cjvh4n96zrq9yl6w6
scripts__type_family_count,0.0,-0.501218028601448,0.0,ckb1qzda0cr08m85hc8jlnfp3zer7xulejywt49kt2rr0vthywaa50xwsqwxdvqk5f5k404wykzsfuu4cjvh4n96zrq9yl6w6
scripts__unique_lock_script_count,23.0,1.1065895113302247,3.1780538303479458,ckb1qzda0cr08m85hc8jlnfp3zer7xulejywt49kt2rr0vthywaa50xwsqwxdvqk5f5k404wykzsfuu4cjvh4n96zrq9yl6w6
scripts__unique_type_script_count,0.0,0.0,0.0,ckb1qzda0cr08m85hc8jlnfp3zer7xulejywt49kt2rr0vthywaa50xwsqwxdvqk5f5k404wykzsfuu4cjvh4n96zrq9yl6w6
capacity__capacity_repeat_ratio,0.0,-1.3489727248167438,0.0,ckb1qzda0cr08m85hc8jlnfp3zer7xulejywt49kt2rr0vthywaa50xwsqwz877ez7j69yehpaxf8fjl4g6cxg59k4cmp9c8s
capacity__target_consumed_capacity,0.0,-4.044635599832544,0.0,ckb1qzda0cr08m85hc8jlnfp3zer7xulejywt49kt2rr0vthywaa50xwsqwz877ez7j69yehpaxf8fjl4g6cxg59k4cmp9c8s
capacity__target_net_capacity_delta,31870972390151.0,0.6524570498092103,31.092716755036108,ckb1qzda0cr08m85hc8jlnfp3zer7xulejywt49kt2rr0vthywaa50xwsqwz877ez7j69yehpaxf8fjl4g6cxg59k4cmp9c8s
lineage__continuation_count,0.0,0.0,0.0,ckb1qzda0cr08m85hc8jlnfp3zer7xulejywt49kt2rr0vthywaa50xwsqwz877ez7j69yehpaxf8fjl4g6cxg59k4cmp9c8s
lineage__lineage_depth,1.0,-1.0,0.6931471805599453,ckb1qzda0cr08m85hc8jlnfp3zer7xulejywt49kt2rr0vthywaa50xwsqwz877ez7j69yehpaxf8fjl4g6cxg59k4cmp9c8s
lineage__lineage_repetition,0.0,-1.128899193514562,0.0,ckb1qzda0cr08m85hc8jlnfp3zer7xulejywt49kt2rr0vthywaa50xwsqwz877ez7j69yehpaxf8fjl4g6cxg59k4cmp9c8s
lineage__merge_count,1.0,-0.26957728969081496,0.6931471805599453,ckb1qzda0cr08m85hc8jlnfp3zer7xulejywt49kt2rr0vthywaa50xwsqwz877ez7j69yehpaxf8fjl4g6cxg59k4cmp9c8s
scripts__type_family_count,1.0,1.9951397255009098,0.6931471805599453,ckb1qzda0cr08m85hc8jlnfp3zer7xulejywt49kt2rr0vthywaa50xwsqwz877ez7j69yehpaxf8fjl4g6cxg59k4cmp9c8s
scripts__unique_lock_script_count,5.0,0.0,1.791759469228055,ckb1qzda0cr08m85hc8jlnfp3zer7xulejywt49kt2rr0vthywaa50xwsqwz877ez7j69yehpaxf8fjl4g6cxg59k4cmp9c8s
scripts__unique_type_script_count,1.0,1.0,0.6931471805599453,ckb1qzda0cr08m85hc8jlnfp3zer7xulejywt49kt2rr0vthywaa50xwsqwz877ez7j69yehpaxf8fjl4g6cxg59k4cmp9c8s
capacity__capacity_repeat_ratio,1.0,0.9020803841920981,1.0,ckb1qzda0cr08m85hc8jlnfp3zer7xulejywt49kt2rr0vthywaa50xwsqwzcjq4mzexlu6h5mrpldplwt6ht8w7ujcfjltsn
capacity__target_consumed_capacity,205040039150562.0,0.7064210014177353,32.95422638892544,ckb1qzda0cr08m85hc8jlnfp3zer7xulejywt49kt2rr0vthywaa50xwsqwzcjq4mzexlu6h5mrpldplwt6ht8w7ujcfjltsn
capacity__target_net_capacity_delta,0.0,0.0,0.0,ckb1qzda0cr08m85hc8jlnfp3zer7xulejywt49kt2rr0vthywaa50xwsqwzcjq4mzexlu6h5mrpldplwt6ht8w7ujcfjltsn
lineage__continuation_count,1.0,1.0,0.6931471805599453,ckb1qzda0cr08m85hc8jlnfp3zer7xulejywt49kt2rr0vthywaa50xwsqwzcjq4mzexlu6h5mrpldplwt6ht8w7ujcfjltsn
lineage__lineage_depth,3.0,0.7095112913514542,1.3862943611198906,ckb1qzda0cr08m85hc8jlnfp3zer7xulejywt49kt2rr0vthywaa50xwsqwzcjq4mzexlu6h5mrpldplwt6ht8w7ujcfjltsn
lineage__lineage_repetition,0.0,-1.128899193514562,0.0,ckb1qzda0cr08m85hc8jlnfp3zer7xulejywt49kt2rr0vthywaa50xwsqwzcjq4mzexlu6h5mrpldplwt6ht8w7ujcfjltsn
lineage__merge_count,3.0,0.1912681309275552,1.3862943611198906,ckb1qzda0cr08m85hc8jlnfp3zer7xulejywt49kt2rr0vthywaa50xwsqwzcjq4mzexlu6h5mrpldplwt6ht8w7ujcfjltsn
scripts__type_family_count,0.0,-0.501218028601448,0.0,ckb1qzda0cr08m85hc8jlnfp3zer7xulejywt49kt2rr0vthywaa50xwsqwzcjq4mzexlu6h5mrpldplwt6ht8w7ujcfjltsn
scripts__unique_lock_script_count,4.0,-0.14553555730732698,1.6094379124341003,ckb1qzda0cr08m85hc8jlnfp3zer7xulejywt49kt2rr0vthywaa50xwsqwzcjq4mzexlu6h5mrpldplwt6ht8w7ujcfjltsn
scripts__unique_type_script_count,0.0,0.0,0.0,ckb1qzda0cr08m85hc8jlnfp3zer7xulejywt49kt2rr0vthywaa50xwsqwzcjq4mzexlu6h5mrpldplwt6ht8w7ujcfjltsn
capacity__capacity_repeat_ratio,0.6666666666666666,0.1517293478558174,0.6666666666666666,ckb1qzdcr9un5ezx8tkh03s46m9jymh22jruelq8svzr5krj2nx69dhjvqgj8zvgw355fmpvj6qqyaxtary4w9d4cqzrqq9ktcjg
capacity__target_consumed_capacity,20999986458.0,-0.6180006370433694,23.767787629860102,ckb1qzdcr9un5ezx8tkh03s46m9jymh22jruelq8svzr5krj2nx69dhjvqgj8zvgw355fmpvj6qqyaxtary4w9d4cqzrqq9ktcjg
capacity__target_net_capacity_delta,-2481.0,-0.1640300310176787,-7.8168199657645525,ckb1qzdcr9un5ezx8tkh03s46m9jymh22jruelq8svzr5krj2nx69dhjvqgj8zvgw355fmpvj6qqyaxtary4w9d4cqzrqq9ktcjg
lineage__continuation_count,3.0,2.0,1.3862943611198906,ckb1qzdcr9un5ezx8tkh03s46m9jymh22jruelq8svzr5krj2nx69dhjvqgj8zvgw355fmpvj6qqyaxtary4w9d4cqzrqq9ktcjg
lineage__lineage_depth,3.0,0.7095112913514542,1.3862943611198906,ckb1qzdcr9un5ezx8tkh03s46m9jymh22jruelq8svzr5krj2nx69dhjvqgj8zvgw355fmpvj6qqyaxtary4w9d4cqzrqq9ktcjg
lineage__lineage_repetition,1.0,1.027789217390062,1.0,ckb1qzdcr9un5ezx8tkh03s46m9jymh22jruelq8svzr5krj2nx69dhjvqgj8zvgw355fmpvj6qqyaxtary4w9d4cqzrqq9ktcjg
lineage__merge_count,3.0,0.1912681309275552,1.3862943611198906,ckb1qzdcr9un5ezx8tkh03s46m9jymh22jruelq8svzr5krj2nx69dhjvqgj8zvgw355fmpvj6qqyaxtary4w9d4cqzrqq9ktcjg
scripts__type_family_count,1.0,1.9951397255009098,0.6931471805599453,ckb1qzdcr9un5ezx8tkh03s46m9jymh22jruelq8svzr5krj2nx69dhjvqgj8zvgw355fmpvj6qqyaxtary4w9d4cqzrqq9ktcjg
scripts__unique_lock_script_count,2.0,-0.5532947556651122,1.0986122886681098,ckb1qzdcr9un5ezx8tkh03s46m9jymh22jruelq8svzr5krj2nx69dhjvqgj8zvgw355fmpvj6qqyaxtary4w9d4cqzrqq9ktcjg
scripts__unique_type_script_count,1.0,1.0,0.6931471805599453,ckb1qzdcr9un5ezx8tkh03s46m9jymh22jruelq8svzr5krj2nx69dhjvqgj8zvgw355fmpvj6qqyaxtary4w9d4cqzrqq9ktcjg
capacity__capacity_repeat_ratio,0.9583333333333334,0.8082865046500631,0.9583333333333334,ckb1qzdcr9un5ezx8tkh03s46m9jymh22jruelq8svzr5krj2nx69dhjvqgj99jj9hhu3m95gpncj0zqtt8trplsj44sqqe5d89y
capacity__target_consumed_capacity,13695733072798.0,0.31627578546557783,30.24810544571037,ckb1qzdcr9un5ezx8tkh03s46m9jymh22jruelq8svzr5krj2nx69dhjvqgj99jj9hhu3m95gpncj0zqtt8trplsj44sqqe5d89y
capacity__target_net_capacity_delta,-4377393077391.0,-0.6107982481293821,-29.10747447531228,ckb1qzdcr9un5ezx8tkh03s46m9jymh22jruelq8svzr5krj2nx69dhjvqgj99jj9hhu3m95gpncj0zqtt8trplsj44sqqe5d89y
lineage__continuation_count,5.0,2.584962500721156,1.791759469228055,ckb1qzdcr9un5ezx8tkh03s46m9jymh22jruelq8svzr5krj2nx69dhjvqgj99jj9hhu3m95gpncj0zqtt8trplsj44sqqe5d89y
lineage__lineage_depth,6.0,2.0896936467371017,1.9459101490553132,ckb1qzdcr9un5ezx8tkh03s46m9jymh22jruelq8svzr5krj2nx69dhjvqgj99jj9hhu3m95gpncj0zqtt8trplsj44sqqe5d89y
lineage__lineage_repetition,0.75,0.48861711466390606,0.75,ckb1qzdcr9un5ezx8tkh03s46m9jymh22jruelq8svzr5krj2nx69dhjvqgj99jj9hhu3m95gpncj0zqtt8trplsj44sqqe5d89y
lineage__merge_count,5.0,0.4608454206183701,1.791759469228055,ckb1qzdcr9un5ezx8tkh03s46m9jymh22jruelq8svzr5krj2nx69dhjvqgj99jj9hhu3m95gpncj0zqtt8trplsj44sqqe5d89y
scripts__type_family_count,1.0,1.9951397255009098,0.6931471805599453,ckb1qzdcr9un5ezx8tkh03s46m9jymh22jruelq8svzr5krj2nx69dhjvqgj99jj9hhu3m95gpncj0zqtt8trplsj44sqqe5d89y
scripts__unique_lock_script_count,4.0,-0.14553555730732698,1.6094379124341003,ckb1qzdcr9un5ezx8tkh03s46m9jymh22jruelq8svzr5krj2nx69dhjvqgj99jj9hhu3m95gpncj0zqtt8trplsj44sqqe5d89y
scripts__unique_type_script_count,1.0,1.0,0.6931471805599453,ckb1qzdcr9un5ezx8tkh03s46m9jymh22jruelq8svzr5krj2nx69dhjvqgj99jj9hhu3m95gpncj0zqtt8trplsj44sqqe5d89y
capacity__capacity_repeat_ratio,0.95,0.789527728741656,0.95,ckb1qzdcr9un5ezx8tkh03s46m9jymh22jruelq8svzr5krj2nx69dhjvqgjn6kfkeu23q74kndpaxw42z77vgat6v86qq6z03rf
capacity__target_consumed_capacity,50049893653686.0,0.5031126863859903,31.544041496886063,ckb1qzdcr9un5ezx8tkh03s46m9jymh22jruelq8svzr5krj2nx69dhjvqgjn6kfkeu23q74kndpaxw42z77vgat6v86qq6z03rf
capacity__target_net_capacity_delta,32643919451.0,0.5080058955390193,24.20892444108314,ckb1qzdcr9un5ezx8tkh03s46m9jymh22jruelq8svzr5krj2nx69dhjvqgjn6kfkeu23q74kndpaxw42z77vgat6v86qq6z03rf
lineage__continuation_count,12.0,3.700439718141092,2.5649493574615367,ckb1qzdcr9un5ezx8tkh03s46m9jymh22jruelq8svzr5krj2nx69dhjvqgjn6kfkeu23q74kndpaxw42z77vgat6v86qq6z03rf
lineage__lineage_depth,12.0,3.616432189776136,2.5649493574615367,ckb1qzdcr9un5ezx8tkh03s46m9jymh22jruelq8svzr5krj2nx69dhjvqgjn6kfkeu23q74kndpaxw42z77vgat6v86qq6z03rf
lineage__lineage_repetition,1.0,1.027789217390062,1.0,ckb1qzdcr9un5ezx8tkh03s46m9jymh22jruelq8svzr5krj2nx69dhjvqgjn6kfkeu23q74kndpaxw42z77vgat6v86qq6z03rf
lineage__merge_count,12.0,0.9749079880704696,2.5649493574615367,ckb1qzdcr9un5ezx8tkh03s46m9jymh22jruelq8svzr5krj2nx69dhjvqgjn6kfkeu23q74kndpaxw42z77vgat6v86qq6z03rf
scripts__type_family_count,1.0,1.9951397255009098,0.6931471805599453,ckb1qzdcr9un5ezx8tkh03s46m9jymh22jruelq8svzr5krj2nx69dhjvqgjn6kfkeu23q74kndpaxw42z77vgat6v86qq6z03rf
scripts__unique_lock_script_count,1.0,-0.8769514395748773,0.6931471805599453,ckb1qzdcr9un5ezx8tkh03s46m9jymh22jruelq8svzr5krj2nx69dhjvqgjn6kfkeu23q74kndpaxw42z77vgat6v86qq6z03rf
scripts__unique_type_script_count,1.0,1.0,0.6931471805599453,ckb1qzdcr9un5ezx8tkh03s46m9jymh22jruelq8svzr5krj2nx69dhjvqgjn6kfkeu23q74kndpaxw42z77vgat6v86qq6z03rf
capacity__capacity_repeat_ratio,0.4,-0.448551481213207,0.4,ckb1qzdcr9un5ezx8tkh03s46m9jymh22jruelq8svzr5krj2nx69dhjvqgjrdnzrv7tvcd9nrfr7lmqh0gatk7nxy9jqq2yluhf
capacity__target_consumed_capacity,41002561944322.0,0.47436695430628834,31.34465566712756,ckb1qzdcr9un5ezx8tkh03s46m9jymh22jruelq8svzr5krj2nx69dhjvqgjrdnzrv7tvcd9nrfr7lmqh0gatk7nxy9jqq2yluhf
capacity__target_net_capacity_delta,-33092648459209.0,-0.6532463828830635,-31.13033227271329,ckb1qzdcr9un5ezx8tkh03s46m9jymh22jruelq8svzr5krj2nx69dhjvqgjrdnzrv7tvcd9nrfr7lmqh0gatk7nxy9jqq2yluhf
lineage__continuation_count,2.0,1.5849625007211563,1.0986122886681098,ckb1qzdcr9un5ezx8tkh03s46m9jymh22jruelq8svzr5krj2nx69dhjvqgjrdnzrv7tvcd9nrfr7lmqh0gatk7nxy9jqq2yluhf
lineage__lineage_depth,2.0,0.0,1.0986122886681098,ckb1qzdcr9un5ezx8tkh03s46m9jymh22jruelq8svzr5krj2nx69dhjvqgjrdnzrv7tvcd9nrfr7lmqh0gatk7nxy9jqq2yluhf
lineage__lineage_repetition,0.0,-1.128899193514562,0.0,ckb1qzdcr9un5ezx8tkh03s46m9jymh22jruelq8svzr5krj2nx69dhjvqgjrdnzrv7tvcd9nrfr7lmqh0gatk7nxy9jqq2yluhf
lineage__merge_count,2.0,0.0,1.0986122886681098,ckb1qzdcr9un5ezx8tkh03s46m9jymh22jruelq8svzr5krj2nx69dhjvqgjrdnzrv7tvcd9nrfr7lmqh0gatk7nxy9jqq2yluhf
scripts__type_family_count,0.0,-0.501218028601448,0.0,ckb1qzdcr9un5ezx8tkh03s46m9jymh22jruelq8svzr5krj2nx69dhjvqgjrdnzrv7tvcd9nrfr7lmqh0gatk7nxy9jqq2yluhf
scripts__unique_lock_script_count,2.0,-0.5532947556651122,1.0986122886681098,ckb1qzdcr9un5ezx8tkh03s46m9jymh22jruelq8svzr5krj2nx69dhjvqgjrdnzrv7tvcd9nrfr7lmqh0gatk7nxy9jqq2yluhf
scripts__unique_type_script_count,0.0,0.0,0.0,ckb1qzdcr9un5ezx8tkh03s46m9jymh22jruelq8svzr5krj2nx69dhjvqgjrdnzrv7tvcd9nrfr7lmqh0gatk7nxy9jqq2yluhf
capacity__capacity_repeat_ratio,1.0,0.9020803841920981,1.0,ckb1qzfhdsa4syv599s2s3nfrctwga70g0tu07n9gpnun9ydlngf5vsnwqg90xpp8x5pye38hetcd6kdgl899qk2arfgq4ucyyu6synxy7l90ph2e4ruu55zet5d9q7s4c2a
capacity__target_consumed_capacity,108000000000.0,-0.38190420980833906,25.40539706407989,ckb1qzfhdsa4syv599s2s3nfrctwga70g0tu07n9gpnun9ydlngf5vsnwqg90xpp8x5pye38hetcd6kdgl899qk2arfgq4ucyyu6synxy7l90ph2e4ruu55zet5d9q7s4c2a
capacity__target_net_capacity_delta,-100000.0,-0.24159020799843764,-11.51293546492023,ckb1qzfhdsa4syv599s2s3nfrctwga70g0tu07n9gpnun9ydlngf5vsnwqg90xpp8x5pye38hetcd6kdgl899qk2arfgq4ucyyu6synxy7l90ph2e4ruu55zet5d9q7s4c2a
lineage__continuation_count,0.0,0.0,0.0,ckb1qzfhdsa4syv599s2s3nfrctwga70g0tu07n9gpnun9ydlngf5vsnwqg90xpp8x5pye38hetcd6kdgl899qk2arfgq4ucyyu6synxy7l90ph2e4ruu55zet5d9q7s4c2a
lineage__lineage_depth,1.0,-1.0,0.6931471805599453,ckb1qzfhdsa4syv599s2s3nfrctwga70g0tu07n9gpnun9ydlngf5vsnwqg90xpp8x5pye38hetcd6kdgl899qk2arfgq4ucyyu6synxy7l90ph2e4ruu55zet5d9q7s4c2a
lineage__lineage_repetition,1.0,1.027789217390062,1.0,ckb1qzfhdsa4syv599s2s3nfrctwga70g0tu07n9gpnun9ydlngf5vsnwqg90xpp8x5pye38hetcd6kdgl899qk2arfgq4ucyyu6synxy7l90ph2e4ruu55zet5d9q7s4c2a
lineage__merge_count,5.0,0.4608454206183701,1.791759469228055,ckb1qzfhdsa4syv599s2s3nfrctwga70g0tu07n9gpnun9ydlngf5vsnwqg90xpp8x5pye38hetcd6kdgl899qk2arfgq4ucyyu6synxy7l90ph2e4ruu55zet5d9q7s4c2a
scripts__type_family_count,0.0,-0.501218028601448,0.0,ckb1qzfhdsa4syv599s2s3nfrctwga70g0tu07n9gpnun9ydlngf5vsnwqg90xpp8x5pye38hetcd6kdgl899qk2arfgq4ucyyu6synxy7l90ph2e4ruu55zet5d9q7s4c2a
scripts__unique_lock_script_count,6.0,0.12304856042512263,1.9459101490553132,ckb1qzfhdsa4syv599s2s3nfrctwga70g0tu07n9gpnun9ydlngf5vsnwqg90xpp8x5pye38hetcd6kdgl899qk2arfgq4ucyyu6synxy7l90ph2e4ruu55zet5d9q7s4c2a
scripts__unique_type_script_count,2.0,1.5849625007211563,1.0986122886681098,ckb1qzfhdsa4syv599s2s3nfrctwga70g0tu07n9gpnun9ydlngf5vsnwqg90xpp8x5pye38hetcd6kdgl899qk2arfgq4ucyyu6synxy7l90ph2e4ruu55zet5d9q7s4c2a
capacity__capacity_repeat_ratio,1.0,0.9020803841920981,1.0,ckb1qzfhdsa4syv599s2s3nfrctwga70g0tu07n9gpnun9ydlngf5vsnwqg92falqnnya92lpxwtsy25nuns2hsundmxq4f8huzwvn54tuyeewq32j0jwp27rjdhvcdctkl6
capacity__target_consumed_capacity,66299990086.0,-0.45225141079093156,24.91745558462087,ckb1qzfhdsa4syv599s2s3nfrctwga70g0tu07n9gpnun9ydlngf5vsnwqg92falqnnya92lpxwtsy25nuns2hsundmxq4f8huzwvn54tuyeewq32j0jwp27rjdhvcdctkl6
capacity__target_net_capacity_delta,22099993327.0,0.4998203357319884,23.81884314356962,ckb1qzfhdsa4syv599s2s3nfrctwga70g0tu07n9gpnun9ydlngf5vsnwqg92falqnnya92lpxwtsy25nuns2hsundmxq4f8huzwvn54tuyeewq32j0jwp27rjdhvcdctkl6
lineage__continuation_count,3.0,2.0,1.3862943611198906,ckb1qzfhdsa4syv599s2s3nfrctwga70g0tu07n9gpnun9ydlngf5vsnwqg92falqnnya92lpxwtsy25nuns2hsundmxq4f8huzwvn54tuyeewq32j0jwp27rjdhvcdctkl6
lineage__lineage_depth,4.0,1.2598510045646625,1.6094379124341003,ckb1qzfhdsa4syv599s2s3nfrctwga70g0tu07n9gpnun9ydlngf5vsnwqg92falqnnya92lpxwtsy25nuns2hsundmxq4f8huzwvn54tuyeewq32j0jwp27rjdhvcdctkl6
lineage__lineage_repetition,0.5,-0.05055498806225001,0.5,ckb1qzfhdsa4syv599s2s3nfrctwga70g0tu07n9gpnun9ydlngf5vsnwqg92falqnnya92lpxwtsy25nuns2hsundmxq4f8huzwvn54tuyeewq32j0jwp27rjdhvcdctkl6
lineage__merge_count,2.0,0.0,1.0986122886681098,ckb1qzfhdsa4syv599s2s3nfrctwga70g0tu07n9gpnun9ydlngf5vsnwqg92falqnnya92lpxwtsy25nuns2hsundmxq4f8huzwvn54tuyeewq32j0jwp27rjdhvcdctkl6
scripts__type_family_count,0.0,-0.501218028601448,0.0,ckb1qzfhdsa4syv599s2s3nfrctwga70g0tu07n9gpnun9ydlngf5vsnwqg92falqnnya92lpxwtsy25nuns2hsundmxq4f8huzwvn54tuyeewq32j0jwp27rjdhvcdctkl6
scripts__unique_lock_script_count,6.0,0.12304856042512263,1.9459101490553132,ckb1qzfhdsa4syv599s2s3nfrctwga70g0tu07n9gpnun9ydlngf5vsnwqg92falqnnya92lpxwtsy25nuns2hsundmxq4f8huzwvn54tuyeewq32j0jwp27rjdhvcdctkl6
scripts__unique_type_script_count,4.0,2.321928094887362,1.6094379124341003,ckb1qzfhdsa4syv599s2s3nfrctwga70g0tu07n9gpnun9ydlngf5vsnwqg92falqnnya92lpxwtsy25nuns2hsundmxq4f8huzwvn54tuyeewq32j0jwp27rjdhvcdctkl6
capacity__capacity_repeat_ratio,1.0,0.9020803841920981,1.0,ckb1qzfhdsa4syv599s2s3nfrctwga70g0tu07n9gpnun9ydlngf5vsnwqg939y8pph07lrs6upe8j570llehe5rgjkqqky5suyxalmuwrts8y72nelllxlxsdz2cq2yp3v8
capacity__target_consumed_capacity,88500000000.0,-0.4106128675448599,25.206268388971594,ckb1qzfhdsa4syv599s2s3nfrctwga70g0tu07n9gpnun9ydlngf5vsnwqg939y8pph07lrs6upe8j570llehe5rgjkqqky5suyxalmuwrts8y72nelllxlxsdz2cq2yp3v8
capacity__target_net_capacity_delta,0.0,0.0,0.0,ckb1qzfhdsa4syv599s2s3nfrctwga70g0tu07n9gpnun9ydlngf5vsnwqg939y8pph07lrs6upe8j570llehe5rgjkqqky5suyxalmuwrts8y72nelllxlxsdz2cq2yp3v8
lineage__continuation_count,4.0,2.321928094887362,1.6094379124341003,ckb1qzfhdsa4syv599s2s3nfrctwga70g0tu07n9gpnun9ydlngf5vsnwqg939y8pph07lrs6upe8j570llehe5rgjkqqky5suyxalmuwrts8y72nelllxlxsdz2cq2yp3v8
lineage__lineage_depth,2.0,0.0,1.0986122886681098,ckb1qzfhdsa4syv599s2s3nfrctwga70g0tu07n9gpnun9ydlngf5vsnwqg939y8pph07lrs6upe8j570llehe5rgjkqqky5suyxalmuwrts8y72nelllxlxsdz2cq2yp3v8
lineage__lineage_repetition,1.0,1.027789217390062,1.0,ckb1qzfhdsa4syv599s2s3nfrctwga70g0tu07n9gpnun9ydlngf5vsnwqg939y8pph07lrs6upe8j570llehe5rgjkqqky5suyxalmuwrts8y72nelllxlxsdz2cq2yp3v8
lineage__merge_count,4.0,0.3396272192247922,1.6094379124341003,ckb1qzfhdsa4syv599s2s3nfrctwga70g0tu07n9gpnun9ydlngf5vsnwqg939y8pph07lrs6upe8j570llehe5rgjkqqky5suyxalmuwrts8y72nelllxlxsdz2cq2yp3v8
scripts__type_family_count,0.0,-0.501218028601448,0.0,ckb1qzfhdsa4syv599s2s3nfrctwga70g0tu07n9gpnun9ydlngf5vsnwqg939y8pph07lrs6upe8j570llehe5rgjkqqky5suyxalmuwrts8y72nelllxlxsdz2cq2yp3v8
scripts__unique_lock_script_count,8.0,0.3236566839097654,2.1972245773362196,ckb1qzfhdsa4syv599s2s3nfrctwga70g0tu07n9gpnun9ydlngf5vsnwqg939y8pph07lrs6upe8j570llehe5rgjkqqky5suyxalmuwrts8y72nelllxlxsdz2cq2yp3v8
scripts__unique_type_script_count,5.0,2.584962500721156,1.791759469228055,ckb1qzfhdsa4syv599s2s3nfrctwga70g0tu07n9gpnun9ydlngf5vsnwqg939y8pph07lrs6upe8j570llehe5rgjkqqky5suyxalmuwrts8y72nelllxlxsdz2cq2yp3v8
capacity__capacity_repeat_ratio,1.0,0.9020803841920981,1.0,ckb1qzfhdsa4syv599s2s3nfrctwga70g0tu07n9gpnun9ydlngf5vsnwqg94uyxasd2sd0n8e7pl8qv43ps3x28wkpnqkhssmkp42p47vl8c8uupjkyxzyega6cxv63qjzm
capacity__target_consumed_capacity,22400000000.0,-0.6086959358191202,23.832326795852047,ckb1qzfhdsa4syv599s2s3nfrctwga70g0tu07n9gpnun9ydlngf5vsnwqg94uyxasd2sd0n8e7pl8qv43ps3x28wkpnqkhssmkp42p47vl8c8uupjkyxzyega6cxv63qjzm
capacity__target_net_capacity_delta,0.0,0.0,0.0,ckb1qzfhdsa4syv599s2s3nfrctwga70g0tu07n9gpnun9ydlngf5vsnwqg94uyxasd2sd0n8e7pl8qv43ps3x28wkpnqkhssmkp42p47vl8c8uupjkyxzyega6cxv63qjzm
lineage__continuation_count,1.0,1.0,0.6931471805599453,ckb1qzfhdsa4syv599s2s3nfrctwga70g0tu07n9gpnun9ydlngf5vsnwqg94uyxasd2sd0n8e7pl8qv43ps3x28wkpnqkhssmkp42p47vl8c8uupjkyxzyega6cxv63qjzm
lineage__lineage_depth,1.0,-1.0,0.6931471805599453,ckb1qzfhdsa4syv599s2s3nfrctwga70g0tu07n9gpnun9ydlngf5vsnwqg94uyxasd2sd0n8e7pl8qv43ps3x28wkpnqkhssmkp42p47vl8c8uupjkyxzyega6cxv63qjzm
lineage__lineage_repetition,0.0,-1.128899193514562,0.0,ckb1qzfhdsa4syv599s2s3nfrctwga70g0tu07n9gpnun9ydlngf5vsnwqg94uyxasd2sd0n8e7pl8qv43ps3x28wkpnqkhssmkp42p47vl8c8uupjkyxzyega6cxv63qjzm
lineage__merge_count,1.0,-0.26957728969081496,0.6931471805599453,ckb1qzfhdsa4syv599s2s3nfrctwga70g0tu07n9gpnun9ydlngf5vsnwqg94uyxasd2sd0n8e7pl8qv43ps3x28wkpnqkhssmkp42p47vl8c8uupjkyxzyega6cxv63qjzm
scripts__type_family_count,0.0,-0.501218028601448,0.0,ckb1qzfhdsa4syv599s2s3nfrctwga70g0tu07n9gpnun9ydlngf5vsnwqg94uyxasd2sd0n8e7pl8qv43ps3x28wkpnqkhssmkp42p47vl8c8uupjkyxzyega6cxv63qjzm
scripts__unique_lock_script_count,5.0,0.0,1.791759469228055,ckb1qzfhdsa4syv599s2s3nfrctwga70g0tu07n9gpnun9ydlngf5vsnwqg94uyxasd2sd0n8e7pl8qv43ps3x28wkpnqkhssmkp42p47vl8c8uupjkyxzyega6cxv63qjzm
scripts__unique_type_script_count,4.0,2.321928094887362,1.6094379124341003,ckb1qzfhdsa4syv599s2s3nfrctwga70g0tu07n9gpnun9ydlngf5vsnwqg94uyxasd2sd0n8e7pl8qv43ps3x28wkpnqkhssmkp42p47vl8c8uupjkyxzyega6cxv63qjzm
capacity__capacity_repeat_ratio,1.0,0.9020803841920981,1.0,ckb1qzfhdsa4syv599s2s3nfrctwga70g0tu07n9gpnun9ydlngf5vsnwqg94vapl8vqp48yyrzf9kvvqd6ddjvnlzgqqk4n58uasqx5ussvfyke3sphf4kfj0ufqqg0acwp
capacity__target_consumed_capacity,48999995645.0,-0.4958444472220574,24.61508604619989,ckb1qzfhdsa4syv599s2s3nfrctwga70g0tu07n9gpnun9ydlngf5vsnwqg94vapl8vqp48yyrzf9kvvqd6ddjvnlzgqqk4n58uasqx5ussvfyke3sphf4kfj0ufqqg0acwp
capacity__target_net_capacity_delta,0.0,0.0,0.0,ckb1qzfhdsa4syv599s2s3nfrctwga70g0tu07n9gpnun9ydlngf5vsnwqg94vapl8vqp48yyrzf9kvvqd6ddjvnlzgqqk4n58uasqx5ussvfyke3sphf4kfj0ufqqg0acwp
lineage__continuation_count,1.0,1.0,0.6931471805599453,ckb1qzfhdsa4syv599s2s3nfrctwga70g0tu07n9gpnun9ydlngf5vsnwqg94vapl8vqp48yyrzf9kvvqd6ddjvnlzgqqk4n58uasqx5ussvfyke3sphf4kfj0ufqqg0acwp
lineage__lineage_depth,3.0,0.7095112913514542,1.3862943611198906,ckb1qzfhdsa4syv599s2s3nfrctwga70g0tu07n9gpnun9ydlngf5vsnwqg94vapl8vqp48yyrzf9kvvqd6ddjvnlzgqqk4n58uasqx5ussvfyke3sphf4kfj0ufqqg0acwp
lineage__lineage_repetition,0.0,-1.128899193514562,0.0,ckb1qzfhdsa4syv599s2s3nfrctwga70g0tu07n9gpnun9ydlngf5vsnwqg94vapl8vqp48yyrzf9kvvqd6ddjvnlzgqqk4n58uasqx5ussvfyke3sphf4kfj0ufqqg0acwp
lineage__merge_count,1.0,-0.26957728969081496,0.6931471805599453,ckb1qzfhdsa4syv599s2s3nfrctwga70g0tu07n9gpnun9ydlngf5vsnwqg94vapl8vqp48yyrzf9kvvqd6ddjvnlzgqqk4n58uasqx5ussvfyke3sphf4kfj0ufqqg0acwp
scripts__type_family_count,0.0,-0.501218028601448,0.0,ckb1qzfhdsa4syv599s2s3nfrctwga70g0tu07n9gpnun9ydlngf5vsnwqg94vapl8vqp48yyrzf9kvvqd6ddjvnlzgqqk4n58uasqx5ussvfyke3sphf4kfj0ufqqg0acwp
scripts__unique_lock_script_count,6.0,0.12304856042512263,1.9459101490553132,ckb1qzfhdsa4syv599s2s3nfrctwga70g0tu07n9gpnun9ydlngf5vsnwqg94vapl8vqp48yyrzf9kvvqd6ddjvnlzgqqk4n58uasqx5ussvfyke3sphf4kfj0ufqqg0acwp
scripts__unique_type_script_count,4.0,2.321928094887362,1.6094379124341003,ckb1qzfhdsa4syv599s2s3nfrctwga70g0tu07n9gpnun9ydlngf5vsnwqg94vapl8vqp48yyrzf9kvvqd6ddjvnlzgqqk4n58uasqx5ussvfyke3sphf4kfj0ufqqg0acwp
capacity__capacity_repeat_ratio,0.5,-0.22344617031232286,0.5,ckb1qzfhdsa4syv599s2s3nfrctwga70g0tu07n9gpnun9ydlngf5vsnwqg95gqrcgaw8zpgwmw3frreclfrtsg776gfqk3qq0pr4cug9pmd69yv08raydwprmmfpyn90q6w
capacity__target_consumed_capacity,87399958393.0,-0.4124161265767009,25.1937606435666,ckb1qzfhdsa4syv599s2s3nfrctwga70g0tu07n9gpnun9ydlngf5vsnwqg95gqrcgaw8zpgwmw3frreclfrtsg776gfqk3qq0pr4cug9pmd69yv08raydwprmmfpyn90q6w
capacity__target_net_capacity_delta,-40000.0,-0.22236285756419738,-10.596659732783579,ckb1qzfhdsa4syv599s2s3nfrctwga70g0tu07n9gpnun9ydlngf5vsnwqg95gqrcgaw8zpgwmw3frreclfrtsg776gfqk3qq0pr4cug9pmd69yv08raydwprmmfpyn90q6w
lineage__continuation_count,2.0,1.5849625007211563,1.0986122886681098,ckb1qzfhdsa4syv599s2s3nfrctwga70g0tu07n9gpnun9ydlngf5vsnwqg95gqrcgaw8zpgwmw3frreclfrtsg776gfqk3qq0pr4cug9pmd69yv08raydwprmmfpyn90q6w
lineage__lineage_depth,1.0,-1.0,0.6931471805599453,ckb1qzfhdsa4syv599s2s3nfrctwga70g0tu07n9gpnun9ydlngf5vsnwqg95gqrcgaw8zpgwmw3frreclfrtsg776gfqk3qq0pr4cug9pmd69yv08raydwprmmfpyn90q6w
lineage__lineage_repetition,1.0,1.027789217390062,1.0,ckb1qzfhdsa4syv599s2s3nfrctwga70g0tu07n9gpnun9ydlngf5vsnwqg95gqrcgaw8zpgwmw3frreclfrtsg776gfqk3qq0pr4cug9pmd69yv08raydwprmmfpyn90q6w
lineage__merge_count,4.0,0.3396272192247922,1.6094379124341003,ckb1qzfhdsa4syv599s2s3nfrctwga70g0tu07n9gpnun9ydlngf5vsnwqg95gqrcgaw8zpgwmw3frreclfrtsg776gfqk3qq0pr4cug9pmd69yv08raydwprmmfpyn90q6w
scripts__type_family_count,0.0,-0.501218028601448,0.0,ckb1qzfhdsa4syv599s2s3nfrctwga70g0tu07n9gpnun9ydlngf5vsnwqg95gqrcgaw8zpgwmw3frreclfrtsg776gfqk3qq0pr4cug9pmd69yv08raydwprmmfpyn90q6w
scripts__unique_lock_script_count,5.0,0.0,1.791759469228055,ckb1qzfhdsa4syv599s2s3nfrctwga70g0tu07n9gpnun9ydlngf5vsnwqg95gqrcgaw8zpgwmw3frreclfrtsg776gfqk3qq0pr4cug9pmd69yv08raydwprmmfpyn90q6w
scripts__unique_type_script_count,2.0,1.5849625007211563,1.0986122886681098,ckb1qzfhdsa4syv599s2s3nfrctwga70g0tu07n9gpnun9ydlngf5vsnwqg95gqrcgaw8zpgwmw3frreclfrtsg776gfqk3qq0pr4cug9pmd69yv08raydwprmmfpyn90q6w
capacity__capacity_repeat_ratio,1.0,0.9020803841920981,1.0,ckb1qzfhdsa4syv599s2s3nfrctwga70g0tu07n9gpnun9ydlngf5vsnwqg966wtv7g5pldu9eds69maqxsd2mf9r0wfqhtfednezs8ahsh9krgh05q6p4tdy5daeylqaayk
capacity__target_consumed_capacity,108900000000.0,-0.3807077598771667,25.413695866894507,ckb1qzfhdsa4syv599s2s3nfrctwga70g0tu07n9gpnun9ydlngf5vsnwqg966wtv7g5pldu9eds69maqxsd2mf9r0wfqhtfednezs8ahsh9krgh05q6p4tdy5daeylqaayk
capacity__target_net_capacity_delta,-80000.0,-0.2369077624856452,-11.289794413577894,ckb1qzfhdsa4syv599s2s3nfrctwga70g0tu07n9gpnun9ydlngf5vsnwqg966wtv7g5pldu9eds69maqxsd2mf9r0wfqhtfednezs8ahsh9krgh05q6p4tdy5daeylqaayk
lineage__continuation_count,1.0,1.0,0.6931471805599453,ckb1qzfhdsa4syv599s2s3nfrctwga70g0tu07n9gpnun9ydlngf5vsnwqg966wtv7g5pldu9eds69maqxsd2mf9r0wfqhtfednezs8ahsh9krgh05q6p4tdy5daeylqaayk
lineage__lineage_depth,2.0,0.0,1.0986122886681098,ckb1qzfhdsa4syv599s2s3nfrctwga70g0tu07n9gpnun9ydlngf5vsnwqg966wtv7g5pldu9eds69maqxsd2mf9r0wfqhtfednezs8ahsh9krgh05q6p4tdy5daeylqaayk
lineage__lineage_repetition,0.8,0.5964515352091374,0.8,ckb1qzfhdsa4syv599s2s3nfrctwga70g0tu07n9gpnun9ydlngf5vsnwqg966wtv7g5pldu9eds69maqxsd2mf9r0wfqhtfednezs8ahsh9krgh05q6p4tdy5daeylqaayk
lineage__merge_count,5.0,0.4608454206183701,1.791759469228055,ckb1qzfhdsa4syv599s2s3nfrctwga70g0tu07n9gpnun9ydlngf5vsnwqg966wtv7g5pldu9eds69maqxsd2mf9r0wfqhtfednezs8ahsh9krgh05q6p4tdy5daeylqaayk
scripts__type_family_count,0.0,-0.501218028601448,0.0,ckb1qzfhdsa4syv599s2s3nfrctwga70g0tu07n9gpnun9ydlngf5vsnwqg966wtv7g5pldu9eds69maqxsd2mf9r0wfqhtfednezs8ahsh9krgh05q6p4tdy5daeylqaayk
scripts__unique_lock_script_count,5.0,0.0,1.791759469228055,ckb1qzfhdsa4syv599s2s3nfrctwga70g0tu07n9gpnun9ydlngf5vsnwqg966wtv7g5pldu9eds69maqxsd2mf9r0wfqhtfednezs8ahsh9krgh05q6p4tdy5daeylqaayk
scripts__unique_type_script_count,2.0,1.5849625007211563,1.0986122886681098,ckb1qzfhdsa4syv599s2s3nfrctwga70g0tu07n9gpnun9ydlngf5vsnwqg966wtv7g5pldu9eds69maqxsd2mf9r0wfqhtfednezs8ahsh9krgh05q6p4tdy5daeylqaayk
capacity__capacity_repeat_ratio,0.8571428571428571,0.5805013686194064,0.8571428571428571,ckb1qzfhdsa4syv599s2s3nfrctwga70g0tu07n9gpnun9ydlngf5vsnwqg96cy3mxvy66tmahlt4v9ewah9nj9qs329qhtqj8vesntf00klaw4sh9mkukwg5zz9g5zvla9n
capacity__target_consumed_capacity,148599948475.0,-0.33589529052361206,25.724523622500534,ckb1qzfhdsa4syv599s2s3nfrctwga70g0tu07n9gpnun9ydlngf5vsnwqg96cy3mxvy66tmahlt4v9ewah9nj9qs329qhtqj8vesntf00klaw4sh9mkukwg5zz9g5zvla9n
capacity__target_net_capacity_delta,49799973113.0,0.5168687121116732,24.631280281097354,ckb1qzfhdsa4syv599s2s3nfrctwga70g0tu07n9gpnun9ydlngf5vsnwqg96cy3mxvy66tmahlt4v9ewah9nj9qs329qhtqj8vesntf00klaw4sh9mkukwg5zz9g5zvla9n
lineage__continuation_count,6.0,2.807354922057604,1.9459101490553132,ckb1qzfhdsa4syv599s2s3nfrctwga70g0tu07n9gpnun9ydlngf5vsnwqg96cy3mxvy66tmahlt4v9ewah9nj9qs329qhtqj8vesntf00klaw4sh9mkukwg5zz9g5zvla9n
lineage__lineage_depth,5.0,1.709511291351454,1.791759469228055,ckb1qzfhdsa4syv599s2s3nfrctwga70g0tu07n9gpnun9ydlngf5vsnwqg96cy3mxvy66tmahlt4v9ewah9nj9qs329qhtqj8vesntf00klaw4sh9mkukwg5zz9g5zvla9n
lineage__lineage_repetition,0.75,0.48861711466390606,0.75,ckb1qzfhdsa4syv599s2s3nfrctwga70g0tu07n9gpnun9ydlngf5vsnwqg96cy3mxvy66tmahlt4v9ewah9nj9qs329qhtqj8vesntf00klaw4sh9mkukwg5zz9g5zvla9n
lineage__merge_count,3.0,0.1912681309275552,1.3862943611198906,ckb1qzfhdsa4syv599s2s3nfrctwga70g0tu07n9gpnun9ydlngf5vsnwqg96cy3mxvy66tmahlt4v9ewah9nj9qs329qhtqj8vesntf00klaw4sh9mkukwg5zz9g5zvla9n
scripts__type_family_count,0.0,-0.501218028601448,0.0,ckb1qzfhdsa4syv599s2s3nfrctwga70g0tu07n9gpnun9ydlngf5vsnwqg96cy3mxvy66tmahlt4v9ewah9nj9qs329qhtqj8vesntf00klaw4sh9mkukwg5zz9g5zvla9n
scripts__unique_lock_script_count,7.0,0.229638071755347,2.0794415416798357,ckb1qzfhdsa4syv599s2s3nfrctwga70g0tu07n9gpnun9ydlngf5vsnwqg96cy3mxvy66tmahlt4v9ewah9nj9qs329qhtqj8vesntf00klaw4sh9mkukwg5zz9g5zvla9n
scripts__unique_type_script_count,4.0,2.321928094887362,1.6094379124341003,ckb1qzfhdsa4syv599s2s3nfrctwga70g0tu07n9gpnun9ydlngf5vsnwqg96cy3mxvy66tmahlt4v9ewah9nj9qs329qhtqj8vesntf00klaw4sh9mkukwg5zz9g5zvla9n
capacity__capacity_repeat_ratio,1.0,0.9020803841920981,1.0,ckb1qzfhdsa4syv599s2s3nfrctwga70g0tu07n9gpnun9ydlngf5vsnwqg989xqg8r09h0jjzvcqduwspsx40dsaqxwq5u5cpquduka72gfnqph36qxq64akr5qeclp66q4
capacity__target_consumed_capacity,22200000000.0,-0.609988961430501,23.82335812586969,ckb1qzfhdsa4syv599s2s3nfrctwga70g0tu07n9gpnun9ydlngf5vsnwqg989xqg8r09h0jjzvcqduwspsx40dsaqxwq5u5cpquduka72gfnqph36qxq64akr5qeclp66q4
capacity__target_net_capacity_delta,0.0,0.0,0.0,ckb1qzfhdsa4syv599s2s3nfrctwga70g0tu07n9gpnun9ydlngf5vsnwqg989xqg8r09h0jjzvcqduwspsx40dsaqxwq5u5cpquduka72gfnqph36qxq64akr5qeclp66q4
lineage__continuation_count,1.0,1.0,0.6931471805599453,ckb1qzfhdsa4syv599s2s3nfrctwga70g0tu07n9gpnun9ydlngf5vsnwqg989xqg8r09h0jjzvcqduwspsx40dsaqxwq5u5cpquduka72gfnqph36qxq64akr5qeclp66q4
lineage__lineage_depth,1.0,-1.0,0.6931471805599453,ckb1qzfhdsa4syv599s2s3nfrctwga70g0tu07n9gpnun9ydlngf5vsnwqg989xqg8r09h0jjzvcqduwspsx40dsaqxwq5u5cpquduka72gfnqph36qxq64akr5qeclp66q4
lineage__lineage_repetition,0.0,-1.128899193514562,0.0,ckb1qzfhdsa4syv599s2s3nfrctwga70g0tu07n9gpnun9ydlngf5vsnwqg989xqg8r09h0jjzvcqduwspsx40dsaqxwq5u5cpquduka72gfnqph36qxq64akr5qeclp66q4
lineage__merge_count,1.0,-0.26957728969081496,0.6931471805599453,ckb1qzfhdsa4syv599s2s3nfrctwga70g0tu07n9gpnun9ydlngf5vsnwqg989xqg8r09h0jjzvcqduwspsx40dsaqxwq5u5cpquduka72gfnqph36qxq64akr5qeclp66q4
scripts__type_family_count,0.0,-0.501218028601448,0.0,ckb1qzfhdsa4syv599s2s3nfrctwga70g0tu07n9gpnun9ydlngf5vsnwqg989xqg8r09h0jjzvcqduwspsx40dsaqxwq5u5cpquduka72gfnqph36qxq64akr5qeclp66q4
scripts__unique_lock_script_count,2.0,-0.5532947556651122,1.0986122886681098,ckb1qzfhdsa4syv599s2s3nfrctwga70g0tu07n9gpnun9ydlngf5vsnwqg989xqg8r09h0jjzvcqduwspsx40dsaqxwq5u5cpquduka72gfnqph36qxq64akr5qeclp66q4
scripts__unique_type_script_count,2.0,1.5849625007211563,1.0986122886681098,ckb1qzfhdsa4syv599s2s3nfrctwga70g0tu07n9gpnun9ydlngf5vsnwqg989xqg8r09h0jjzvcqduwspsx40dsaqxwq5u5cpquduka72gfnqph36qxq64akr5qeclp66q4
capacity__capacity_repeat_ratio,0.0,-1.3489727248167438,0.0,ckb1qzfhdsa4syv599s2s3nfrctwga70g0tu07n9gpnun9ydlngf5vsnwqg99y922zqav2vvrqv5n9rgjwrk5xmkhu2yq55s4fggr43f3svpjjv5dzfcw6smw6l3gsnklkev
capacity__target_consumed_capacity,21700000000.0,-0.6132731897628645,23.800578097538907,ckb1qzfhdsa4syv599s2s3nfrctwga70g0tu07n9gpnun9ydlngf5vsnwqg99y922zqav2vvrqv5n9rgjwrk5xmkhu2yq55s4fggr43f3svpjjv5dzfcw6smw6l3gsnklkev
capacity__target_net_capacity_delta,-20000.0,-0.20781821493100341,-9.90353755128617,ckb1qzfhdsa4syv599s2s3nfrctwga70g0tu07n9gpnun9ydlngf5vsnwqg99y922zqav2vvrqv5n9rgjwrk5xmkhu2yq55s4fggr43f3svpjjv5dzfcw6smw6l3gsnklkev
lineage__continuation_count,0.0,0.0,0.0,ckb1qzfhdsa4syv599s2s3nfrctwga70g0tu07n9gpnun9ydlngf5vsnwqg99y922zqav2vvrqv5n9rgjwrk5xmkhu2yq55s4fggr43f3svpjjv5dzfcw6smw6l3gsnklkev
lineage__lineage_depth,1.0,-1.0,0.6931471805599453,ckb1qzfhdsa4syv599s2s3nfrctwga70g0tu07n9gpnun9ydlngf5vsnwqg99y922zqav2vvrqv5n9rgjwrk5xmkhu2yq55s4fggr43f3svpjjv5dzfcw6smw6l3gsnklkev
lineage__lineage_repetition,0.0,-1.128899193514562,0.0,ckb1qzfhdsa4syv599s2s3nfrctwga70g0tu07n9gpnun9ydlngf5vsnwqg99y922zqav2vvrqv5n9rgjwrk5xmkhu2yq55s4fggr43f3svpjjv5dzfcw6smw6l3gsnklkev
lineage__merge_count,1.0,-0.26957728969081496,0.6931471805599453,ckb1qzfhdsa4syv599s2s3nfrctwga70g0tu07n9gpnun9ydlngf5vsnwqg99y922zqav2vvrqv5n9rgjwrk5xmkhu2yq55s4fggr43f3svpjjv5dzfcw6smw6l3gsnklkev
scripts__type_family_count,0.0,-0.501218028601448,0.0,ckb1qzfhdsa4syv599s2s3nfrctwga70g0tu07n9gpnun9ydlngf5vsnwqg99y922zqav2vvrqv5n9rgjwrk5xmkhu2yq55s4fggr43f3svpjjv5dzfcw6smw6l3gsnklkev
scripts__unique_lock_script_count,2.0,-0.5532947556651122,1.0986122886681098,ckb1qzfhdsa4syv599s2s3nfrctwga70g0tu07n9gpnun9ydlngf5vsnwqg99y922zqav2vvrqv5n9rgjwrk5xmkhu2yq55s4fggr43f3svpjjv5dzfcw6smw6l3gsnklkev
scripts__unique_type_script_count,2.0,1.5849625007211563,1.0986122886681098,ckb1qzfhdsa4syv599s2s3nfrctwga70g0tu07n9gpnun9ydlngf5vsnwqg99y922zqav2vvrqv5n9rgjwrk5xmkhu2yq55s4fggr43f3svpjjv5dzfcw6smw6l3gsnklkev
capacity__capacity_repeat_ratio,0.8727272727272727,0.6155827157727909,0.8727272727272727,ckb1qzfhdsa4syv599s2s3nfrctwga70g0tu07n9gpnun9ydlngf5vsnwqg9apm7q2y4u92yz5znq8n4tspl5wpm58mfqh580cpgjhs4gs2s2vq7w4wq873c8wsldy7w2h9l
capacity__target_consumed_capacity,2714373325455.0,0.08293104390591172,28.629582223318337,ckb1qzfhdsa4syv599s2s3nfrctwga70g0tu07n9gpnun9ydlngf5vsnwqg9apm7q2y4u92yz5znq8n4tspl5wpm58mfqh580cpgjhs4gs2s2vq7w4wq873c8wsldy7w2h9l
capacity__target_net_capacity_delta,720124342361.0,0.5729262108098736,27.302689731770975,ckb1qzfhdsa4syv599s2s3nfrctwga70g0tu07n9gpnun9ydlngf5vsnwqg9apm7q2y4u92yz5znq8n4tspl5wpm58mfqh580cpgjhs4gs2s2vq7w4wq873c8wsldy7w2h9l
lineage__continuation_count,21.0,4.459431618637297,3.091042453358316,ckb1qzfhdsa4syv599s2s3nfrctwga70g0tu07n9gpnun9ydlngf5vsnwqg9apm7q2y4u92yz5znq8n4tspl5wpm58mfqh580cpgjhs4gs2s2vq7w4wq873c8wsldy7w2h9l
lineage__lineage_depth,6.0,2.0896936467371017,1.9459101490553132,ckb1qzfhdsa4syv599s2s3nfrctwga70g0tu07n9gpnun9ydlngf5vsnwqg9apm7q2y4u92yz5znq8n4tspl5wpm58mfqh580cpgjhs4gs2s2vq7w4wq873c8wsldy7w2h9l
lineage__lineage_repetition,0.9090909090909091,0.8317266345805507,0.9090909090909091,ckb1qzfhdsa4syv599s2s3nfrctwga70g0tu07n9gpnun9ydlngf5vsnwqg9apm7q2y4u92yz5znq8n4tspl5wpm58mfqh580cpgjhs4gs2s2vq7w4wq873c8wsldy7w2h9l
lineage__merge_count,11.0,0.9216908412367403,2.4849066497880004,ckb1qzfhdsa4syv599s2s3nfrctwga70g0tu07n9gpnun9ydlngf5vsnwqg9apm7q2y4u92yz5znq8n4tspl5wpm58mfqh580cpgjhs4gs2s2vq7w4wq873c8wsldy7w2h9l
scripts__type_family_count,0.0,-0.501218028601448,0.0,ckb1qzfhdsa4syv599s2s3nfrctwga70g0tu07n9gpnun9ydlngf5vsnwqg9apm7q2y4u92yz5znq8n4tspl5wpm58mfqh580cpgjhs4gs2s2vq7w4wq873c8wsldy7w2h9l
scripts__unique_lock_script_count,12.0,0.6171876944623629,2.5649493574615367,ckb1qzfhdsa4syv599s2s3nfrctwga70g0tu07n9gpnun9ydlngf5vsnwqg9apm7q2y4u92yz5znq8n4tspl5wpm58mfqh580cpgjhs4gs2s2vq7w4wq873c8wsldy7w2h9l
scripts__unique_type_script_count,13.0,3.8073549220576037,2.6390573296152584,ckb1qzfhdsa4syv599s2s3nfrctwga70g0tu07n9gpnun9ydlngf5vsnwqg9apm7q2y4u92yz5znq8n4tspl5wpm58mfqh580cpgjhs4gs2s2vq7w4wq873c8wsldy7w2h9l
capacity__capacity_repeat_ratio,0.0,-1.3489727248167438,0.0,ckb1qzfhdsa4syv599s2s3nfrctwga70g0tu07n9gpnun9ydlngf5vsnwqg9d2dw93zxz5s6cz9ef0r3e86v8eu9ptewq44f4ckygc2jrtqgh99uw8ylfsl8s5909c03vuqx
capacity__target_consumed_capacity,21800000000.0,-0.6126103316329989,23.805175806787325,ckb1qzfhdsa4syv599s2s3nfrctwga70g0tu07n9gpnun9ydlngf5vsnwqg9d2dw93zxz5s6cz9ef0r3e86v8eu9ptewq44f4ckygc2jrtqgh99uw8ylfsl8s5909c03vuqx
capacity__target_net_capacity_delta,-20000.0,-0.20781821493100341,-9.90353755128617,ckb1qzfhdsa4syv599s2s3nfrctwga70g0tu07n9gpnun9ydlngf5vsnwqg9d2dw93zxz5s6cz9ef0r3e86v8eu9ptewq44f4ckygc2jrtqgh99uw8ylfsl8s5909c03vuqx
lineage__continuation_count,0.0,0.0,0.0,ckb1qzfhdsa4syv599s2s3nfrctwga70g0tu07n9gpnun9ydlngf5vsnwqg9d2dw93zxz5s6cz9ef0r3e86v8eu9ptewq44f4ckygc2jrtqgh99uw8ylfsl8s5909c03vuqx
lineage__lineage_depth,1.0,-1.0,0.6931471805599453,ckb1qzfhdsa4syv599s2s3nfrctwga70g0tu07n9gpnun9ydlngf5vsnwqg9d2dw93zxz5s6cz9ef0r3e86v8eu9ptewq44f4ckygc2jrtqgh99uw8ylfsl8s5909c03vuqx
lineage__lineage_repetition,0.0,-1.128899193514562,0.0,ckb1qzfhdsa4syv599s2s3nfrctwga70g0tu07n9gpnun9ydlngf5vsnwqg9d2dw93zxz5s6cz9ef0r3e86v8eu9ptewq44f4ckygc2jrtqgh99uw8ylfsl8s5909c03vuqx
lineage__merge_count,1.0,-0.26957728969081496,0.6931471805599453,ckb1qzfhdsa4syv599s2s3nfrctwga70g0tu07n9gpnun9ydlngf5vsnwqg9d2dw93zxz5s6cz9ef0r3e86v8eu9ptewq44f4ckygc2jrtqgh99uw8ylfsl8s5909c03vuqx
scripts__type_family_count,0.0,-0.501218028601448,0.0,ckb1qzfhdsa4syv599s2s3nfrctwga70g0tu07n9gpnun9ydlngf5vsnwqg9d2dw93zxz5s6cz9ef0r3e86v8eu9ptewq44f4ckygc2jrtqgh99uw8ylfsl8s5909c03vuqx
scripts__unique_lock_script_count,2.0,-0.5532947556651122,1.0986122886681098,ckb1qzfhdsa4syv599s2s3nfrctwga70g0tu07n9gpnun9ydlngf5vsnwqg9d2dw93zxz5s6cz9ef0r3e86v8eu9ptewq44f4ckygc2jrtqgh99uw8ylfsl8s5909c03vuqx
scripts__unique_type_script_count,2.0,1.5849625007211563,1.0986122886681098,ckb1qzfhdsa4syv599s2s3nfrctwga70g0tu07n9gpnun9ydlngf5vsnwqg9d2dw93zxz5s6cz9ef0r3e86v8eu9ptewq44f4ckygc2jrtqgh99uw8ylfsl8s5909c03vuqx
capacity__capacity_repeat_ratio,0.0,-1.3489727248167438,0.0,ckb1qzfhdsa4syv599s2s3nfrctwga70g0tu07n9gpnun9ydlngf5vsnwqg9d8578luy5wxmq9hqgqkqf0hlc2slmegyq457ncllsj3cmvqkupqzcp97llp2rl09qsf6gpau
capacity__target_consumed_capacity,0.0,-4.044635599832544,0.0,ckb1qzfhdsa4syv599s2s3nfrctwga70g0tu07n9gpnun9ydlngf5vsnwqg9d8578luy5wxmq9hqgqkqf0hlc2slmegyq457ncllsj3cmvqkupqzcp97llp2rl09qsf6gpau
capacity__target_net_capacity_delta,21800000000.0,0.4995335370483616,23.805175806787325,ckb1qzfhdsa4syv599s2s3nfrctwga70g0tu07n9gpnun9ydlngf5vsnwqg9d8578luy5wxmq9hqgqkqf0hlc2slmegyq457ncllsj3cmvqkupqzcp97llp2rl09qsf6gpau
lineage__continuation_count,0.0,0.0,0.0,ckb1qzfhdsa4syv599s2s3nfrctwga70g0tu07n9gpnun9ydlngf5vsnwqg9d8578luy5wxmq9hqgqkqf0hlc2slmegyq457ncllsj3cmvqkupqzcp97llp2rl09qsf6gpau
lineage__lineage_depth,1.0,-1.0,0.6931471805599453,ckb1qzfhdsa4syv599s2s3nfrctwga70g0tu07n9gpnun9ydlngf5vsnwqg9d8578luy5wxmq9hqgqkqf0hlc2slmegyq457ncllsj3cmvqkupqzcp97llp2rl09qsf6gpau
lineage__lineage_repetition,0.0,-1.128899193514562,0.0,ckb1qzfhdsa4syv599s2s3nfrctwga70g0tu07n9gpnun9ydlngf5vsnwqg9d8578luy5wxmq9hqgqkqf0hlc2slmegyq457ncllsj3cmvqkupqzcp97llp2rl09qsf6gpau
lineage__merge_count,1.0,-0.26957728969081496,0.6931471805599453,ckb1qzfhdsa4syv599s2s3nfrctwga70g0tu07n9gpnun9ydlngf5vsnwqg9d8578luy5wxmq9hqgqkqf0hlc2slmegyq457ncllsj3cmvqkupqzcp97llp2rl09qsf6gpau
scripts__type_family_count,0.0,-0.501218028601448,0.0,ckb1qzfhdsa4syv599s2s3nfrctwga70g0tu07n9gpnun9ydlngf5vsnwqg9d8578luy5wxmq9hqgqkqf0hlc2slmegyq457ncllsj3cmvqkupqzcp97llp2rl09qsf6gpau
scripts__unique_lock_script_count,5.0,0.0,1.791759469228055,ckb1qzfhdsa4syv599s2s3nfrctwga70g0tu07n9gpnun9ydlngf5vsnwqg9d8578luy5wxmq9hqgqkqf0hlc2slmegyq457ncllsj3cmvqkupqzcp97llp2rl09qsf6gpau
scripts__unique_type_script_count,4.0,2.321928094887362,1.6094379124341003,ckb1qzfhdsa4syv599s2s3nfrctwga70g0tu07n9gpnun9ydlngf5vsnwqg9d8578luy5wxmq9hqgqkqf0hlc2slmegyq457ncllsj3cmvqkupqzcp97llp2rl09qsf6gpau
capacity__capacity_repeat_ratio,1.0,0.9020803841920981,1.0,ckb1qzfhdsa4syv599s2s3nfrctwga70g0tu07n9gpnun9ydlngf5vsnwqg9dewxvecx99rdppfuw5zdppzkyhh6mmahq4h9cen8qc55d5y9836sf5yy2cj7lt00ku7jdu9g
capacity__target_consumed_capacity,86799916498.0,-0.4134093444630897,25.186871496619165,ckb1qzfhdsa4syv599s2s3nfrctwga70g0tu07n9gpnun9ydlngf5vsnwqg9dewxvecx99rdppfuw5zdppzkyhh6mmahq4h9cen8qc55d5y9836sf5yy2cj7lt00ku7jdu9g
capacity__target_net_capacity_delta,0.0,0.0,0.0,ckb1qzfhdsa4syv599s2s3nfrctwga70g0tu07n9gpnun9ydlngf5vsnwqg9dewxvecx99rdppfuw5zdppzkyhh6mmahq4h9cen8qc55d5y9836sf5yy2cj7lt00ku7jdu9g
lineage__continuation_count,4.0,2.321928094887362,1.6094379124341003,ckb1qzfhdsa4syv599s2s3nfrctwga70g0tu07n9gpnun9ydlngf5vsnwqg9dewxvecx99rdppfuw5zdppzkyhh6mmahq4h9cen8qc55d5y9836sf5yy2cj7lt00ku7jdu9g
lineage__lineage_depth,1.0,-1.0,0.6931471805599453,ckb1qzfhdsa4syv599s2s3nfrctwga70g0tu07n9gpnun9ydlngf5vsnwqg9dewxvecx99rdppfuw5zdppzkyhh6mmahq4h9cen8qc55d5y9836sf5yy2cj7lt00ku7jdu9g
lineage__lineage_repetition,1.0,1.027789217390062,1.0,ckb1qzfhdsa4syv599s2s3nfrctwga70g0tu07n9gpnun9ydlngf5vsnwqg9dewxvecx99rdppfuw5zdppzkyhh6mmahq4h9cen8qc55d5y9836sf5yy2cj7lt00ku7jdu9g
lineage__merge_count,4.0,0.3396272192247922,1.6094379124341003,ckb1qzfhdsa4syv599s2s3nfrctwga70g0tu07n9gpnun9ydlngf5vsnwqg9dewxvecx99rdppfuw5zdppzkyhh6mmahq4h9cen8qc55d5y9836sf5yy2cj7lt00ku7jdu9g
scripts__type_family_count,0.0,-0.501218028601448,0.0,ckb1qzfhdsa4syv599s2s3nfrctwga70g0tu07n9gpnun9ydlngf5vsnwqg9dewxvecx99rdppfuw5zdppzkyhh6mmahq4h9cen8qc55d5y9836sf5yy2cj7lt00ku7jdu9g
scripts__unique_lock_script_count,5.0,0.0,1.791759469228055,ckb1qzfhdsa4syv599s2s3nfrctwga70g0tu07n9gpnun9ydlngf5vsnwqg9dewxvecx99rdppfuw5zdppzkyhh6mmahq4h9cen8qc55d5y9836sf5yy2cj7lt00ku7jdu9g
scripts__unique_type_script_count,2.0,1.5849625007211563,1.0986122886681098,ckb1qzfhdsa4syv599s2s3nfrctwga70g0tu07n9gpnun9ydlngf5vsnwqg9dewxvecx99rdppfuw5zdppzkyhh6mmahq4h9cen8qc55d5y9836sf5yy2cj7lt00ku7jdu9g
capacity__capacity_repeat_ratio,1.0,0.9020803841920981,1.0,ckb1qzfhdsa4syv599s2s3nfrctwga70g0tu07n9gpnun9ydlngf5vsnwqg9epk0fesdwvgyqm0snhugdv4sv9scazygqhyxea8xp4e3qsrd7zwl3p4jkpskrr5g3qatxn96
capacity__target_consumed_capacity,21599937835.0,-0.6139395245311507,23.795956273669425,ckb1qzfhdsa4syv599s2s3nfrctwga70g0tu07n9gpnun9ydlngf5vsnwqg9epk0fesdwvgyqm0snhugdv4sv9scazygqhyxea8xp4e3qsrd7zwl3p4jkpskrr5g3qatxn96
capacity__target_net_capacity_delta,0.0,0.0,0.0,ckb1qzfhdsa4syv599s2s3nfrctwga70g0tu07n9gpnun9ydlngf5vsnwqg9epk0fesdwvgyqm0snhugdv4sv9scazygqhyxea8xp4e3qsrd7zwl3p4jkpskrr5g3qatxn96
lineage__continuation_count,1.0,1.0,0.6931471805599453,ckb1qzfhdsa4syv599s2s3nfrctwga70g0tu07n9gpnun9ydlngf5vsnwqg9epk0fesdwvgyqm0snhugdv4sv9scazygqhyxea8xp4e3qsrd7zwl3p4jkpskrr5g3qatxn96
lineage__lineage_depth,1.0,-1.0,0.6931471805599453,ckb1qzfhdsa4syv599s2s3nfrctwga70g0tu07n9gpnun9ydlngf5vsnwqg9epk0fesdwvgyqm0snhugdv4sv9scazygqhyxea8xp4e3qsrd7zwl3p4jkpskrr5g3qatxn96
lineage__lineage_repetition,0.0,-1.128899193514562,0.0,ckb1qzfhdsa4syv599s2s3nfrctwga70g0tu07n9gpnun9ydlngf5vsnwqg9epk0fesdwvgyqm0snhugdv4sv9scazygqhyxea8xp4e3qsrd7zwl3p4jkpskrr5g3qatxn96
lineage__merge_count,1.0,-0.26957728969081496,0.6931471805599453,ckb1qzfhdsa4syv599s2s3nfrctwga70g0tu07n9gpnun9ydlngf5vsnwqg9epk0fesdwvgyqm0snhugdv4sv9scazygqhyxea8xp4e3qsrd7zwl3p4jkpskrr5g3qatxn96
scripts__type_family_count,0.0,-0.501218028601448,0.0,ckb1qzfhdsa4syv599s2s3nfrctwga70g0tu07n9gpnun9ydlngf5vsnwqg9epk0fesdwvgyqm0snhugdv4sv9scazygqhyxea8xp4e3qsrd7zwl3p4jkpskrr5g3qatxn96
scripts__unique_lock_script_count,2.0,-0.5532947556651122,1.0986122886681098,ckb1qzfhdsa4syv599s2s3nfrctwga70g0tu07n9gpnun9ydlngf5vsnwqg9epk0fesdwvgyqm0snhugdv4sv9scazygqhyxea8xp4e3qsrd7zwl3p4jkpskrr5g3qatxn96
scripts__unique_type_script_count,2.0,1.5849625007211563,1.0986122886681098,ckb1qzfhdsa4syv599s2s3nfrctwga70g0tu07n9gpnun9ydlngf5vsnwqg9epk0fesdwvgyqm0snhugdv4sv9scazygqhyxea8xp4e3qsrd7zwl3p4jkpskrr5g3qatxn96
capacity__capacity_repeat_ratio,1.0,0.9020803841920981,1.0,ckb1qzfhdsa4syv599s2s3nfrctwga70g0tu07n9gpnun9ydlngf5vsnwqg9eu7ea9crgq4jcckyy8xtc9tsvmp7dfr9qh8nm85hqdqzktrzcssue0q4wpnv8e4yv5zyyn9r
capacity__target_consumed_capacity,21899990000.0,-0.6119505730210996,23.809752017193418,ckb1qzfhdsa4syv599s2s3nfrctwga70g0tu07n9gpnun9ydlngf5vsnwqg9eu7ea9crgq4jcckyy8xtc9tsvmp7dfr9qh8nm85hqdqzktrzcssue0q4wpnv8e4yv5zyyn9r
capacity__target_net_capacity_delta,0.0,0.0,0.0,ckb1qzfhdsa4syv599s2s3nfrctwga70g0tu07n9gpnun9ydlngf5vsnwqg9eu7ea9crgq4jcckyy8xtc9tsvmp7dfr9qh8nm85hqdqzktrzcssue0q4wpnv8e4yv5zyyn9r
lineage__continuation_count,1.0,1.0,0.6931471805599453,ckb1qzfhdsa4syv599s2s3nfrctwga70g0tu07n9gpnun9ydlngf5vsnwqg9eu7ea9crgq4jcckyy8xtc9tsvmp7dfr9qh8nm85hqdqzktrzcssue0q4wpnv8e4yv5zyyn9r
lineage__lineage_depth,1.0,-1.0,0.6931471805599453,ckb1qzfhdsa4syv599s2s3nfrctwga70g0tu07n9gpnun9ydlngf5vsnwqg9eu7ea9crgq4jcckyy8xtc9tsvmp7dfr9qh8nm85hqdqzktrzcssue0q4wpnv8e4yv5zyyn9r
lineage__lineage_repetition,0.0,-1.128899193514562,0.0,ckb1qzfhdsa4syv599s2s3nfrctwga70g0tu07n9gpnun9ydlngf5vsnwqg9eu7ea9crgq4jcckyy8xtc9tsvmp7dfr9qh8nm85hqdqzktrzcssue0q4wpnv8e4yv5zyyn9r
lineage__merge_count,1.0,-0.26957728969081496,0.6931471805599453,ckb1qzfhdsa4syv599s2s3nfrctwga70g0tu07n9gpnun9ydlngf5vsnwqg9eu7ea9crgq4jcckyy8xtc9tsvmp7dfr9qh8nm85hqdqzktrzcssue0q4wpnv8e4yv5zyyn9r
scripts__type_family_count,0.0,-0.501218028601448,0.0,ckb1qzfhdsa4syv599s2s3nfrctwga70g0tu07n9gpnun9ydlngf5vsnwqg9eu7ea9crgq4jcckyy8xtc9tsvmp7dfr9qh8nm85hqdqzktrzcssue0q4wpnv8e4yv5zyyn9r
scripts__unique_lock_script_count,2.0,-0.5532947556651122,1.0986122886681098,ckb1qzfhdsa4syv599s2s3nfrctwga70g0tu07n9gpnun9ydlngf5vsnwqg9eu7ea9crgq4jcckyy8xtc9tsvmp7dfr9qh8nm85hqdqzktrzcssue0q4wpnv8e4yv5zyyn9r
scripts__unique_type_script_count,2.0,1.5849625007211563,1.0986122886681098,ckb1qzfhdsa4syv599s2s3nfrctwga70g0tu07n9gpnun9ydlngf5vsnwqg9eu7ea9crgq4jcckyy8xtc9tsvmp7dfr9qh8nm85hqdqzktrzcssue0q4wpnv8e4yv5zyyn9r
capacity__capacity_repeat_ratio,1.0,0.9020803841920981,1.0,ckb1qzfhdsa4syv599s2s3nfrctwga70g0tu07n9gpnun9ydlngf5vsnwqg9f27gfvl2w82qaenx7ygdazqwdw9u72vwq49tep9nafcagrhxvmc3ph5gpe4chnef3ce546ng
capacity__target_consumed_capacity,22100000000.0,-0.610639849169354,23.818843445515366,ckb1qzfhdsa4syv599s2s3nfrctwga70g0tu07n9gpnun9ydlngf5vsnwqg9f27gfvl2w82qaenx7ygdazqwdw9u72vwq49tep9nafcagrhxvmc3ph5gpe4chnef3ce546ng
capacity__target_net_capacity_delta,0.0,0.0,0.0,ckb1qzfhdsa4syv599s2s3nfrctwga70g0tu07n9gpnun9ydlngf5vsnwqg9f27gfvl2w82qaenx7ygdazqwdw9u72vwq49tep9nafcagrhxvmc3ph5gpe4chnef3ce546ng
lineage__continuation_count,1.0,1.0,0.6931471805599453,ckb1qzfhdsa4syv599s2s3nfrctwga70g0tu07n9gpnun9ydlngf5vsnwqg9f27gfvl2w82qaenx7ygdazqwdw9u72vwq49tep9nafcagrhxvmc3ph5gpe4chnef3ce546ng
lineage__lineage_depth,1.0,-1.0,0.6931471805599453,ckb1qzfhdsa4syv599s2s3nfrctwga70g0tu07n9gpnun9ydlngf5vsnwqg9f27gfvl2w82qaenx7ygdazqwdw9u72vwq49tep9nafcagrhxvmc3ph5gpe4chnef3ce546ng
lineage__lineage_repetition,0.0,-1.128899193514562,0.0,ckb1qzfhdsa4syv599s2s3nfrctwga70g0tu07n9gpnun9ydlngf5vsnwqg9f27gfvl2w82qaenx7ygdazqwdw9u72vwq49tep9nafcagrhxvmc3ph5gpe4chnef3ce546ng
lineage__merge_count,1.0,-0.26957728969081496,0.6931471805599453,ckb1qzfhdsa4syv599s2s3nfrctwga70g0tu07n9gpnun9ydlngf5vsnwqg9f27gfvl2w82qaenx7ygdazqwdw9u72vwq49tep9nafcagrhxvmc3ph5gpe4chnef3ce546ng
scripts__type_family_count,0.0,-0.501218028601448,0.0,ckb1qzfhdsa4syv599s2s3nfrctwga70g0tu07n9gpnun9ydlngf5vsnwqg9f27gfvl2w82qaenx7ygdazqwdw9u72vwq49tep9nafcagrhxvmc3ph5gpe4chnef3ce546ng
scripts__unique_lock_script_count,2.0,-0.5532947556651122,1.0986122886681098,ckb1qzfhdsa4syv599s2s3nfrctwga70g0tu07n9gpnun9ydlngf5vsnwqg9f27gfvl2w82qaenx7ygdazqwdw9u72vwq49tep9nafcagrhxvmc3ph5gpe4chnef3ce546ng
scripts__unique_type_script_count,2.0,1.5849625007211563,1.0986122886681098,ckb1qzfhdsa4syv599s2s3nfrctwga70g0tu07n9gpnun9ydlngf5vsnwqg9f27gfvl2w82qaenx7ygdazqwdw9u72vwq49tep9nafcagrhxvmc3ph5gpe4chnef3ce546ng
capacity__capacity_repeat_ratio,0.0,-1.3489727248167438,0.0,ckb1qzfhdsa4syv599s2s3nfrctwga70g0tu07n9gpnun9ydlngf5vsnwqg9kjwx8e2juvc2vmlcst8rssrv4j0lxrfkqk6fccl92t3npfn0lzpvuwzqdjkflucdxcurx4r4
capacity__target_consumed_capacity,21599994939.0,-0.6139391433841215,23.795958917377245,ckb1qzfhdsa4syv599s2s3nfrctwga70g0tu07n9gpnun9ydlngf5vsnwqg9kjwx8e2juvc2vmlcst8rssrv4j0lxrfkqk6fccl92t3npfn0lzpvuwzqdjkflucdxcurx4r4
capacity__target_net_capacity_delta,-20000.0,-0.20781821493100341,-9.90353755128617,ckb1qzfhdsa4syv599s2s3nfrctwga70g0tu07n9gpnun9ydlngf5vsnwqg9kjwx8e2juvc2vmlcst8rssrv4j0lxrfkqk6fccl92t3npfn0lzpvuwzqdjkflucdxcurx4r4
lineage__continuation_count,0.0,0.0,0.0,ckb1qzfhdsa4syv599s2s3nfrctwga70g0tu07n9gpnun9ydlngf5vsnwqg9kjwx8e2juvc2vmlcst8rssrv4j0lxrfkqk6fccl92t3npfn0lzpvuwzqdjkflucdxcurx4r4
lineage__lineage_depth,1.0,-1.0,0.6931471805599453,ckb1qzfhdsa4syv599s2s3nfrctwga70g0tu07n9gpnun9ydlngf5vsnwqg9kjwx8e2juvc2vmlcst8rssrv4j0lxrfkqk6fccl92t3npfn0lzpvuwzqdjkflucdxcurx4r4
lineage__lineage_repetition,0.0,-1.128899193514562,0.0,ckb1qzfhdsa4syv599s2s3nfrctwga70g0tu07n9gpnun9ydlngf5vsnwqg9kjwx8e2juvc2vmlcst8rssrv4j0lxrfkqk6fccl92t3npfn0lzpvuwzqdjkflucdxcurx4r4
lineage__merge_count,1.0,-0.26957728969081496,0.6931471805599453,ckb1qzfhdsa4syv599s2s3nfrctwga70g0tu07n9gpnun9ydlngf5vsnwqg9kjwx8e2juvc2vmlcst8rssrv4j0lxrfkqk6fccl92t3npfn0lzpvuwzqdjkflucdxcurx4r4
scripts__type_family_count,0.0,-0.501218028601448,0.0,ckb1qzfhdsa4syv599s2s3nfrctwga70g0tu07n9gpnun9ydlngf5vsnwqg9kjwx8e2juvc2vmlcst8rssrv4j0lxrfkqk6fccl92t3npfn0lzpvuwzqdjkflucdxcurx4r4
scripts__unique_lock_script_count,2.0,-0.5532947556651122,1.0986122886681098,ckb1qzfhdsa4syv599s2s3nfrctwga70g0tu07n9gpnun9ydlngf5vsnwqg9kjwx8e2juvc2vmlcst8rssrv4j0lxrfkqk6fccl92t3npfn0lzpvuwzqdjkflucdxcurx4r4
scripts__unique_type_script_count,2.0,1.5849625007211563,1.0986122886681098,ckb1qzfhdsa4syv599s2s3nfrctwga70g0tu07n9gpnun9ydlngf5vsnwqg9kjwx8e2juvc2vmlcst8rssrv4j0lxrfkqk6fccl92t3npfn0lzpvuwzqdjkflucdxcurx4r4
capacity__capacity_repeat_ratio,1.0,0.9020803841920981,1.0,ckb1qzfhdsa4syv599s2s3nfrctwga70g0tu07n9gpnun9ydlngf5vsnwqg9krv8c4sraut26xuns26r372lg0s2wnfcqh580cpgjhs4gs2s2vq7w4wq873c8wsldygzwp0z
capacity__target_consumed_capacity,22099987095.0,-0.6106399333563367,23.818842861578545,ckb1qzfhdsa4syv599s2s3nfrctwga70g0tu07n9gpnun9ydlngf5vsnwqg9krv8c4sraut26xuns26r372lg0s2wnfcqh580cpgjhs4gs2s2vq7w4wq873c8wsldygzwp0z
capacity__target_net_capacity_delta,0.0,0.0,0.0,ckb1qzfhdsa4syv599s2s3nfrctwga70g0tu07n9gpnun9ydlngf5vsnwqg9krv8c4sraut26xuns26r372lg0s2wnfcqh580cpgjhs4gs2s2vq7w4wq873c8wsldygzwp0z
lineage__continuation_count,0.0,0.0,0.0,ckb1qzfhdsa4syv599s2s3nfrctwga70g0tu07n9gpnun9ydlngf5vsnwqg9krv8c4sraut26xuns26r372lg0s2wnfcqh580cpgjhs4gs2s2vq7w4wq873c8wsldygzwp0z
lineage__lineage_depth,2.0,0.0,1.0986122886681098,ckb1qzfhdsa4syv599s2s3nfrctwga70g0tu07n9gpnun9ydlngf5vsnwqg9krv8c4sraut26xuns26r372lg0s2wnfcqh580cpgjhs4gs2s2vq7w4wq873c8wsldygzwp0z
lineage__lineage_repetition,1.0,1.027789217390062,1.0,ckb1qzfhdsa4syv599s2s3nfrctwga70g0tu07n9gpnun9ydlngf5vsnwqg9krv8c4sraut26xuns26r372lg0s2wnfcqh580cpgjhs4gs2s2vq7w4wq873c8wsldygzwp0z
lineage__merge_count,0.0,-0.7304227103091852,0.0,ckb1qzfhdsa4syv599s2s3nfrctwga70g0tu07n9gpnun9ydlngf5vsnwqg9krv8c4sraut26xuns26r372lg0s2wnfcqh580cpgjhs4gs2s2vq7w4wq873c8wsldygzwp0z
scripts__type_family_count,0.0,-0.501218028601448,0.0,ckb1qzfhdsa4syv599s2s3nfrctwga70g0tu07n9gpnun9ydlngf5vsnwqg9krv8c4sraut26xuns26r372lg0s2wnfcqh580cpgjhs4gs2s2vq7w4wq873c8wsldygzwp0z
scripts__unique_lock_script_count,3.0,-0.3236566839097652,1.3862943611198906,ckb1qzfhdsa4syv599s2s3nfrctwga70g0tu07n9gpnun9ydlngf5vsnwqg9krv8c4sraut26xuns26r372lg0s2wnfcqh580cpgjhs4gs2s2vq7w4wq873c8wsldygzwp0z
scripts__unique_type_script_count,1.0,1.0,0.6931471805599453,ckb1qzfhdsa4syv599s2s3nfrctwga70g0tu07n9gpnun9ydlngf5vsnwqg9krv8c4sraut26xuns26r372lg0s2wnfcqh580cpgjhs4gs2s2vq7w4wq873c8wsldygzwp0z
capacity__capacity_repeat_ratio,1.0,0.9020803841920981,1.0,ckb1qzfhdsa4syv599s2s3nfrctwga70g0tu07n9gpnun9ydlngf5vsnwqg9l7r63jg9j5t36pkf945jdkalgdmheaarqhlc02xfqk23w8gxeykkjfkmhaphwl8h5v5cv94s
capacity__target_consumed_capacity,21899950000.0,-0.6119508363481984,23.8097501907069,ckb1qzfhdsa4syv599s2s3nfrctwga70g0tu07n9gpnun9ydlngf5vsnwqg9l7r63jg9j5t36pkf945jdkalgdmheaarqhlc02xfqk23w8gxeykkjfkmhaphwl8h5v5cv94s
capacity__target_net_capacity_delta,0.0,0.0,0.0,ckb1qzfhdsa4syv599s2s3nfrctwga70g0tu07n9gpnun9ydlngf5vsnwqg9l7r63jg9j5t36pkf945jdkalgdmheaarqhlc02xfqk23w8gxeykkjfkmhaphwl8h5v5cv94s
lineage__continuation_count,1.0,1.0,0.6931471805599453,ckb1qzfhdsa4syv599s2s3nfrctwga70g0tu07n9gpnun9ydlngf5vsnwqg9l7r63jg9j5t36pkf945jdkalgdmheaarqhlc02xfqk23w8gxeykkjfkmhaphwl8h5v5cv94s
lineage__lineage_depth,1.0,-1.0,0.6931471805599453,ckb1qzfhdsa4syv599s2s3nfrctwga70g0tu07n9gpnun9ydlngf5vsnwqg9l7r63jg9j5t36pkf945jdkalgdmheaarqhlc02xfqk23w8gxeykkjfkmhaphwl8h5v5cv94s
lineage__lineage_repetition,0.0,-1.128899193514562,0.0,ckb1qzfhdsa4syv599s2s3nfrctwga70g0tu07n9gpnun9ydlngf5vsnwqg9l7r63jg9j5t36pkf945jdkalgdmheaarqhlc02xfqk23w8gxeykkjfkmhaphwl8h5v5cv94s
lineage__merge_count,1.0,-0.26957728969081496,0.6931471805599453,ckb1qzfhdsa4syv599s2s3nfrctwga70g0tu07n9gpnun9ydlngf5vsnwqg9l7r63jg9j5t36pkf945jdkalgdmheaarqhlc02xfqk23w8gxeykkjfkmhaphwl8h5v5cv94s
scripts__type_family_count,0.0,-0.501218028601448,0.0,ckb1qzfhdsa4syv599s2s3nfrctwga70g0tu07n9gpnun9ydlngf5vsnwqg9l7r63jg9j5t36pkf945jdkalgdmheaarqhlc02xfqk23w8gxeykkjfkmhaphwl8h5v5cv94s
scripts__unique_lock_script_count,2.0,-0.5532947556651122,1.0986122886681098,ckb1qzfhdsa4syv599s2s3nfrctwga70g0tu07n9gpnun9ydlngf5vsnwqg9l7r63jg9j5t36pkf945jdkalgdmheaarqhlc02xfqk23w8gxeykkjfkmhaphwl8h5v5cv94s
scripts__unique_type_script_count,2.0,1.5849625007211563,1.0986122886681098,ckb1qzfhdsa4syv599s2s3nfrctwga70g0tu07n9gpnun9ydlngf5vsnwqg9l7r63jg9j5t36pkf945jdkalgdmheaarqhlc02xfqk23w8gxeykkjfkmhaphwl8h5v5cv94s
capacity__capacity_repeat_ratio,0.0,-1.3489727248167438,0.0,ckb1qzfhdsa4syv599s2s3nfrctwga70g0tu07n9gpnun9ydlngf5vsnwqg9ppwdq9xgt6fr7grkwhj6twd3w43hdsh5q5y9e5q5ep0fy0eqwe67tfdek96kxakz7sm9w7mn
capacity__target_consumed_capacity,22300000000.0,-0.6093409990396705,23.827852515457327,ckb1qzfhdsa4syv599s2s3nfrctwga70g0tu07n9gpnun9ydlngf5vsnwqg9ppwdq9xgt6fr7grkwhj6twd3w43hdsh5q5y9e5q5ep0fy0eqwe67tfdek96kxakz7sm9w7mn
capacity__target_net_capacity_delta,-20000.0,-0.20781821493100341,-9.90353755128617,ckb1qzfhdsa4syv599s2s3nfrctwga70g0tu07n9gpnun9ydlngf5vsnwqg9ppwdq9xgt6fr7grkwhj6twd3w43hdsh5q5y9e5q5ep0fy0eqwe67tfdek96kxakz7sm9w7mn
lineage__continuation_count,0.0,0.0,0.0,ckb1qzfhdsa4syv599s2s3nfrctwga70g0tu07n9gpnun9ydlngf5vsnwqg9ppwdq9xgt6fr7grkwhj6twd3w43hdsh5q5y9e5q5ep0fy0eqwe67tfdek96kxakz7sm9w7mn
lineage__lineage_depth,1.0,-1.0,0.6931471805599453,ckb1qzfhdsa4syv599s2s3nfrctwga70g0tu07n9gpnun9ydlngf5vsnwqg9ppwdq9xgt6fr7grkwhj6twd3w43hdsh5q5y9e5q5ep0fy0eqwe67tfdek96kxakz7sm9w7mn
lineage__lineage_repetition,0.0,-1.128899193514562,0.0,ckb1qzfhdsa4syv599s2s3nfrctwga70g0tu07n9gpnun9ydlngf5vsnwqg9ppwdq9xgt6fr7grkwhj6twd3w43hdsh5q5y9e5q5ep0fy0eqwe67tfdek96kxakz7sm9w7mn
lineage__merge_count,1.0,-0.26957728969081496,0.6931471805599453,ckb1qzfhdsa4syv599s2s3nfrctwga70g0tu07n9gpnun9ydlngf5vsnwqg9ppwdq9xgt6fr7grkwhj6twd3w43hdsh5q5y9e5q5ep0fy0eqwe67tfdek96kxakz7sm9w7mn
scripts__type_family_count,0.0,-0.501218028601448,0.0,ckb1qzfhdsa4syv599s2s3nfrctwga70g0tu07n9gpnun9ydlngf5vsnwqg9ppwdq9xgt6fr7grkwhj6twd3w43hdsh5q5y9e5q5ep0fy0eqwe67tfdek96kxakz7sm9w7mn
scripts__unique_lock_script_count,2.0,-0.5532947556651122,1.0986122886681098,ckb1qzfhdsa4syv599s2s3nfrctwga70g0tu07n9gpnun9ydlngf5vsnwqg9ppwdq9xgt6fr7grkwhj6twd3w43hdsh5q5y9e5q5ep0fy0eqwe67tfdek96kxakz7sm9w7mn
scripts__unique_type_script_count,2.0,1.5849625007211563,1.0986122886681098,ckb1qzfhdsa4syv599s2s3nfrctwga70g0tu07n9gpnun9ydlngf5vsnwqg9ppwdq9xgt6fr7grkwhj6twd3w43hdsh5q5y9e5q5ep0fy0eqwe67tfdek96kxakz7sm9w7mn
capacity__capacity_repeat_ratio,0.8888888888888888,0.6519633720800045,0.8888888888888888,ckb1qzfhdsa4syv599s2s3nfrctwga70g0tu07n9gpnun9ydlngf5vsnwqg9rhw8jpwu9z3f40kyqvucsjx9dxdvnjucq5wac7g9ms529x47cspnnzzgc45e4jwtnqr08mrg
capacity__target_consumed_capacity,232480153841.0,-0.27137180680545453,26.17207069851111,ckb1qzfhdsa4syv599s2s3nfrctwga70g0tu07n9gpnun9ydlngf5vsnwqg9rhw8jpwu9z3f40kyqvucsjx9dxdvnjucq5wac7g9ms529x47cspnnzzgc45e4jwtnqr08mrg
capacity__target_net_capacity_delta,-210780153841.0,-0.5471448000996695,-26.074081502321942,ckb1qzfhdsa4syv599s2s3nfrctwga70g0tu07n9gpnun9ydlngf5vsnwqg9rhw8jpwu9z3f40kyqvucsjx9dxdvnjucq5wac7g9ms529x47cspnnzzgc45e4jwtnqr08mrg
lineage__continuation_count,0.0,0.0,0.0,ckb1qzfhdsa4syv599s2s3nfrctwga70g0tu07n9gpnun9ydlngf5vsnwqg9rhw8jpwu9z3f40kyqvucsjx9dxdvnjucq5wac7g9ms529x47cspnnzzgc45e4jwtnqr08mrg
lineage__lineage_depth,2.0,0.0,1.0986122886681098,ckb1qzfhdsa4syv599s2s3nfrctwga70g0tu07n9gpnun9ydlngf5vsnwqg9rhw8jpwu9z3f40kyqvucsjx9dxdvnjucq5wac7g9ms529x47cspnnzzgc45e4jwtnqr08mrg
lineage__lineage_repetition,0.8888888888888888,0.7881571717339927,0.8888888888888888,ckb1qzfhdsa4syv599s2s3nfrctwga70g0tu07n9gpnun9ydlngf5vsnwqg9rhw8jpwu9z3f40kyqvucsjx9dxdvnjucq5wac7g9ms529x47cspnnzzgc45e4jwtnqr08mrg
lineage__merge_count,1.0,-0.26957728969081496,0.6931471805599453,ckb1qzfhdsa4syv599s2s3nfrctwga70g0tu07n9gpnun9ydlngf5vsnwqg9rhw8jpwu9z3f40kyqvucsjx9dxdvnjucq5wac7g9ms529x47cspnnzzgc45e4jwtnqr08mrg
scripts__type_family_count,0.0,-0.501218028601448,0.0,ckb1qzfhdsa4syv599s2s3nfrctwga70g0tu07n9gpnun9ydlngf5vsnwqg9rhw8jpwu9z3f40kyqvucsjx9dxdvnjucq5wac7g9ms529x47cspnnzzgc45e4jwtnqr08mrg
scripts__unique_lock_script_count,7.0,0.229638071755347,2.0794415416798357,ckb1qzfhdsa4syv599s2s3nfrctwga70g0tu07n9gpnun9ydlngf5vsnwqg9rhw8jpwu9z3f40kyqvucsjx9dxdvnjucq5wac7g9ms529x47cspnnzzgc45e4jwtnqr08mrg
scripts__unique_type_script_count,5.0,2.584962500721156,1.791759469228055,ckb1qzfhdsa4syv599s2s3nfrctwga70g0tu07n9gpnun9ydlngf5vsnwqg9rhw8jpwu9z3f40kyqvucsjx9dxdvnjucq5wac7g9ms529x47cspnnzzgc45e4jwtnqr08mrg
capacity__capacity_repeat_ratio,0.0,-1.3489727248167438,0.0,ckb1qzfhdsa4syv599s2s3nfrctwga70g0tu07n9gpnun9ydlngf5vsnwqg9slzd7jvhwlruz9jtrx62wpy66cehjgz2qkrufh6fjamu0sgkfvvmffcynttrx7fqfg9yms90
capacity__target_consumed_capacity,21699973413.0,-0.6132733664028218,23.800576872330783,ckb1qzfhdsa4syv599s2s3nfrctwga70g0tu07n9gpnun9ydlngf5vsnwqg9slzd7jvhwlruz9jtrx62wpy66cehjgz2qkrufh6fjamu0sgkfvvmffcynttrx7fqfg9yms90
capacity__target_net_capacity_delta,-20000.0,-0.20781821493100341,-9.90353755128617,ckb1qzfhdsa4syv599s2s3nfrctwga70g0tu07n9gpnun9ydlngf5vsnwqg9slzd7jvhwlruz9jtrx62wpy66cehjgz2qkrufh6fjamu0sgkfvvmffcynttrx7fqfg9yms90
lineage__continuation_count,0.0,0.0,0.0,ckb1qzfhdsa4syv599s2s3nfrctwga70g0tu07n9gpnun9ydlngf5vsnwqg9slzd7jvhwlruz9jtrx62wpy66cehjgz2qkrufh6fjamu0sgkfvvmffcynttrx7fqfg9yms90
lineage__lineage_depth,1.0,-1.0,0.6931471805599453,ckb1qzfhdsa4syv599s2s3nfrctwga70g0tu07n9gpnun9ydlngf5vsnwqg9slzd7jvhwlruz9jtrx62wpy66cehjgz2qkrufh6fjamu0sgkfvvmffcynttrx7fqfg9yms90
lineage__lineage_repetition,0.0,-1.128899193514562,0.0,ckb1qzfhdsa4syv599s2s3nfrctwga70g0tu07n9gpnun9ydlngf5vsnwqg9slzd7jvhwlruz9jtrx62wpy66cehjgz2qkrufh6fjamu0sgkfvvmffcynttrx7fqfg9yms90
lineage__merge_count,1.0,-0.26957728969081496,0.6931471805599453,ckb1qzfhdsa4syv599s2s3nfrctwga70g0tu07n9gpnun9ydlngf5vsnwqg9slzd7jvhwlruz9jtrx62wpy66cehjgz2qkrufh6fjamu0sgkfvvmffcynttrx7fqfg9yms90
scripts__type_family_count,0.0,-0.501218028601448,0.0,ckb1qzfhdsa4syv599s2s3nfrctwga70g0tu07n9gpnun9ydlngf5vsnwqg9slzd7jvhwlruz9jtrx62wpy66cehjgz2qkrufh6fjamu0sgkfvvmffcynttrx7fqfg9yms90
scripts__unique_lock_script_count,2.0,-0.5532947556651122,1.0986122886681098,ckb1qzfhdsa4syv599s2s3nfrctwga70g0tu07n9gpnun9ydlngf5vsnwqg9slzd7jvhwlruz9jtrx62wpy66cehjgz2qkrufh6fjamu0sgkfvvmffcynttrx7fqfg9yms90
scripts__unique_type_script_count,2.0,1.5849625007211563,1.0986122886681098,ckb1qzfhdsa4syv599s2s3nfrctwga70g0tu07n9gpnun9ydlngf5vsnwqg9slzd7jvhwlruz9jtrx62wpy66cehjgz2qkrufh6fjamu0sgkfvvmffcynttrx7fqfg9yms90
capacity__capacity_repeat_ratio,0.0,-1.3489727248167438,0.0,ckb1qzfhdsa4syv599s2s3nfrctwga70g0tu07n9gpnun9ydlngf5vsnwqg9v2an42yr5rxmy7x683wkgmce2a8gswtsq43tkw4gswsvmvncmg796er0r9t5azpewq87pvhs
capacity__target_consumed_capacity,21700000000.0,-0.6132731897628645,23.800578097538907,ckb1qzfhdsa4syv599s2s3nfrctwga70g0tu07n9gpnun9ydlngf5vsnwqg9v2an42yr5rxmy7x683wkgmce2a8gswtsq43tkw4gswsvmvncmg796er0r9t5azpewq87pvhs
capacity__target_net_capacity_delta,-20000.0,-0.20781821493100341,-9.90353755128617,ckb1qzfhdsa4syv599s2s3nfrctwga70g0tu07n9gpnun9ydlngf5vsnwqg9v2an42yr5rxmy7x683wkgmce2a8gswtsq43tkw4gswsvmvncmg796er0r9t5azpewq87pvhs
lineage__continuation_count,0.0,0.0,0.0,ckb1qzfhdsa4syv599s2s3nfrctwga70g0tu07n9gpnun9ydlngf5vsnwqg9v2an42yr5rxmy7x683wkgmce2a8gswtsq43tkw4gswsvmvncmg796er0r9t5azpewq87pvhs
lineage__lineage_depth,1.0,-1.0,0.6931471805599453,ckb1qzfhdsa4syv599s2s3nfrctwga70g0tu07n9gpnun9ydlngf5vsnwqg9v2an42yr5rxmy7x683wkgmce2a8gswtsq43tkw4gswsvmvncmg796er0r9t5azpewq87pvhs
lineage__lineage_repetition,0.0,-1.128899193514562,0.0,ckb1qzfhdsa4syv599s2s3nfrctwga70g0tu07n9gpnun9ydlngf5vsnwqg9v2an42yr5rxmy7x683wkgmce2a8gswtsq43tkw4gswsvmvncmg796er0r9t5azpewq87pvhs
lineage__merge_count,1.0,-0.26957728969081496,0.6931471805599453,ckb1qzfhdsa4syv599s2s3nfrctwga70g0tu07n9gpnun9ydlngf5vsnwqg9v2an42yr5rxmy7x683wkgmce2a8gswtsq43tkw4gswsvmvncmg796er0r9t5azpewq87pvhs
scripts__type_family_count,0.0,-0.501218028601448,0.0,ckb1qzfhdsa4syv599s2s3nfrctwga70g0tu07n9gpnun9ydlngf5vsnwqg9v2an42yr5rxmy7x683wkgmce2a8gswtsq43tkw4gswsvmvncmg796er0r9t5azpewq87pvhs
scripts__unique_lock_script_count,2.0,-0.5532947556651122,1.0986122886681098,ckb1qzfhdsa4syv599s2s3nfrctwga70g0tu07n9gpnun9ydlngf5vsnwqg9v2an42yr5rxmy7x683wkgmce2a8gswtsq43tkw4gswsvmvncmg796er0r9t5azpewq87pvhs
scripts__unique_type_script_count,2.0,1.5849625007211563,1.0986122886681098,ckb1qzfhdsa4syv599s2s3nfrctwga70g0tu07n9gpnun9ydlngf5vsnwqg9v2an42yr5rxmy7x683wkgmce2a8gswtsq43tkw4gswsvmvncmg796er0r9t5azpewq87pvhs
capacity__capacity_repeat_ratio,1.0,0.9020803841920981,1.0,ckb1qzfhdsa4syv599s2s3nfrctwga70g0tu07n9gpnun9ydlngf5vsnwqg9vjzjm0xkz8frv8u7c644xprsf2q3654lq4jg2tdu6cgaydslnmr2k5cywp9gz82jhul7732h
capacity__target_consumed_capacity,22300000000.0,-0.6093409990396705,23.827852515457327,ckb1qzfhdsa4syv599s2s3nfrctwga70g0tu07n9gpnun9ydlngf5vsnwqg9vjzjm0xkz8frv8u7c644xprsf2q3654lq4jg2tdu6cgaydslnmr2k5cywp9gz82jhul7732h
capacity__target_net_capacity_delta,0.0,0.0,0.0,ckb1qzfhdsa4syv599s2s3nfrctwga70g0tu07n9gpnun9ydlngf5vsnwqg9vjzjm0xkz8frv8u7c644xprsf2q3654lq4jg2tdu6cgaydslnmr2k5cywp9gz82jhul7732h
lineage__continuation_count,1.0,1.0,0.6931471805599453,ckb1qzfhdsa4syv599s2s3nfrctwga70g0tu07n9gpnun9ydlngf5vsnwqg9vjzjm0xkz8frv8u7c644xprsf2q3654lq4jg2tdu6cgaydslnmr2k5cywp9gz82jhul7732h
lineage__lineage_depth,1.0,-1.0,0.6931471805599453,ckb1qzfhdsa4syv599s2s3nfrctwga70g0tu07n9gpnun9ydlngf5vsnwqg9vjzjm0xkz8frv8u7c644xprsf2q3654lq4jg2tdu6cgaydslnmr2k5cywp9gz82jhul7732h
lineage__lineage_repetition,0.0,-1.128899193514562,0.0,ckb1qzfhdsa4syv599s2s3nfrctwga70g0tu07n9gpnun9ydlngf5vsnwqg9vjzjm0xkz8frv8u7c644xprsf2q3654lq4jg2tdu6cgaydslnmr2k5cywp9gz82jhul7732h
lineage__merge_count,1.0,-0.26957728969081496,0.6931471805599453,ckb1qzfhdsa4syv599s2s3nfrctwga70g0tu07n9gpnun9ydlngf5vsnwqg9vjzjm0xkz8frv8u7c644xprsf2q3654lq4jg2tdu6cgaydslnmr2k5cywp9gz82jhul7732h
scripts__type_family_count,0.0,-0.501218028601448,0.0,ckb1qzfhdsa4syv599s2s3nfrctwga70g0tu07n9gpnun9ydlngf5vsnwqg9vjzjm0xkz8frv8u7c644xprsf2q3654lq4jg2tdu6cgaydslnmr2k5cywp9gz82jhul7732h
scripts__unique_lock_script_count,5.0,0.0,1.791759469228055,ckb1qzfhdsa4syv599s2s3nfrctwga70g0tu07n9gpnun9ydlngf5vsnwqg9vjzjm0xkz8frv8u7c644xprsf2q3654lq4jg2tdu6cgaydslnmr2k5cywp9gz82jhul7732h
scripts__unique_type_script_count,4.0,2.321928094887362,1.6094379124341003,ckb1qzfhdsa4syv599s2s3nfrctwga70g0tu07n9gpnun9ydlngf5vsnwqg9vjzjm0xkz8frv8u7c644xprsf2q3654lq4jg2tdu6cgaydslnmr2k5cywp9gz82jhul7732h
capacity__capacity_repeat_ratio,1.0,0.9020803841920981,1.0,ckb1qzfhdsa4syv599s2s3nfrctwga70g0tu07n9gpnun9ydlngf5vsnwqg9vqzwej3l7amlg7w4fea6d5apt73pe5z5q4sqfmx28lmh0are6488hfkn5906y8xs2s5cdt5x
capacity__target_consumed_capacity,22099960000.0,-0.610640110113281,23.81884163555898,ckb1qzfhdsa4syv599s2s3nfrctwga70g0tu07n9gpnun9ydlngf5vsnwqg9vqzwej3l7amlg7w4fea6d5apt73pe5z5q4sqfmx28lmh0are6488hfkn5906y8xs2s5cdt5x
capacity__target_net_capacity_delta,0.0,0.0,0.0,ckb1qzfhdsa4syv599s2s3nfrctwga70g0tu07n9gpnun9ydlngf5vsnwqg9vqzwej3l7amlg7w4fea6d5apt73pe5z5q4sqfmx28lmh0are6488hfkn5906y8xs2s5cdt5x
lineage__continuation_count,1.0,1.0,0.6931471805599453,ckb1qzfhdsa4syv599s2s3nfrctwga70g0tu07n9gpnun9ydlngf5vsnwqg9vqzwej3l7amlg7w4fea6d5apt73pe5z5q4sqfmx28lmh0are6488hfkn5906y8xs2s5cdt5x
lineage__lineage_depth,1.0,-1.0,0.6931471805599453,ckb1qzfhdsa4syv599s2s3nfrctwga70g0tu07n9gpnun9ydlngf5vsnwqg9vqzwej3l7amlg7w4fea6d5apt73pe5z5q4sqfmx28lmh0are6488hfkn5906y8xs2s5cdt5x
lineage__lineage_repetition,0.0,-1.128899193514562,0.0,ckb1qzfhdsa4syv599s2s3nfrctwga70g0tu07n9gpnun9ydlngf5vsnwqg9vqzwej3l7amlg7w4fea6d5apt73pe5z5q4sqfmx28lmh0are6488hfkn5906y8xs2s5cdt5x
lineage__merge_count,1.0,-0.26957728969081496,0.6931471805599453,ckb1qzfhdsa4syv599s2s3nfrctwga70g0tu07n9gpnun9ydlngf5vsnwqg9vqzwej3l7amlg7w4fea6d5apt73pe5z5q4sqfmx28lmh0are6488hfkn5906y8xs2s5cdt5x
scripts__type_family_count,0.0,-0.501218028601448,0.0,ckb1qzfhdsa4syv599s2s3nfrctwga70g0tu07n9gpnun9ydlngf5vsnwqg9vqzwej3l7amlg7w4fea6d5apt73pe5z5q4sqfmx28lmh0are6488hfkn5906y8xs2s5cdt5x
scripts__unique_lock_script_count,2.0,-0.5532947556651122,1.0986122886681098,ckb1qzfhdsa4syv599s2s3nfrctwga70g0tu07n9gpnun9ydlngf5vsnwqg9vqzwej3l7amlg7w4fea6d5apt73pe5z5q4sqfmx28lmh0are6488hfkn5906y8xs2s5cdt5x
scripts__unique_type_script_count,2.0,1.5849625007211563,1.0986122886681098,ckb1qzfhdsa4syv599s2s3nfrctwga70g0tu07n9gpnun9ydlngf5vsnwqg9vqzwej3l7amlg7w4fea6d5apt73pe5z5q4sqfmx28lmh0are6488hfkn5906y8xs2s5cdt5x
capacity__capacity_repeat_ratio,0.0,-1.3489727248167438,0.0,ckb1qzfhdsa4syv599s2s3nfrctwga70g0tu07n9gpnun9ydlngf5vsnwqggq7xygka0fffckdwnzn68hgm9h9r3g74xryyq0rzytwh555utxhf3farm5djmj3c502npjc8dplu
capacity__target_consumed_capacity,21899976401.0,-0.6119506625456761,23.809751396234038,ckb1qzfhdsa4syv599s2s3nfrctwga70g0tu07n9gpnun9ydlngf5vsnwqggq7xygka0fffckdwnzn68hgm9h9r3g74xryyq0rzytwh555utxhf3farm5djmj3c502npjc8dplu
capacity__target_net_capacity_delta,-20000.0,-0.20781821493100341,-9.90353755128617,ckb1qzfhdsa4syv599s2s3nfrctwga70g0tu07n9gpnun9ydlngf5vsnwqggq7xygka0fffckdwnzn68hgm9h9r3g74xryyq0rzytwh555utxhf3farm5djmj3c502npjc8dplu
lineage__continuation_count,0.0,0.0,0.0,ckb1qzfhdsa4syv599s2s3nfrctwga70g0tu07n9gpnun9ydlngf5vsnwqggq7xygka0fffckdwnzn68hgm9h9r3g74xryyq0rzytwh555utxhf3farm5djmj3c502npjc8dplu
lineage__lineage_depth,1.0,-1.0,0.6931471805599453,ckb1qzfhdsa4syv599s2s3nfrctwga70g0tu07n9gpnun9ydlngf5vsnwqggq7xygka0fffckdwnzn68hgm9h9r3g74xryyq0rzytwh555utxhf3farm5djmj3c502npjc8dplu
lineage__lineage_repetition,0.0,-1.128899193514562,0.0,ckb1qzfhdsa4syv599s2s3nfrctwga70g0tu07n9gpnun9ydlngf5vsnwqggq7xygka0fffckdwnzn68hgm9h9r3g74xryyq0rzytwh555utxhf3farm5djmj3c502npjc8dplu
lineage__merge_count,1.0,-0.26957728969081496,0.6931471805599453,ckb1qzfhdsa4syv599s2s3nfrctwga70g0tu07n9gpnun9ydlngf5vsnwqggq7xygka0fffckdwnzn68hgm9h9r3g74xryyq0rzytwh555utxhf3farm5djmj3c502npjc8dplu
scripts__type_family_count,0.0,-0.501218028601448,0.0,ckb1qzfhdsa4syv599s2s3nfrctwga70g0tu07n9gpnun9ydlngf5vsnwqggq7xygka0fffckdwnzn68hgm9h9r3g74xryyq0rzytwh555utxhf3farm5djmj3c502npjc8dplu
scripts__unique_lock_script_count,2.0,-0.5532947556651122,1.0986122886681098,ckb1qzfhdsa4syv599s2s3nfrctwga70g0tu07n9gpnun9ydlngf5vsnwqggq7xygka0fffckdwnzn68hgm9h9r3g74xryyq0rzytwh555utxhf3farm5djmj3c502npjc8dplu
scripts__unique_type_script_count,2.0,1.5849625007211563,1.0986122886681098,ckb1qzfhdsa4syv599s2s3nfrctwga70g0tu07n9gpnun9ydlngf5vsnwqggq7xygka0fffckdwnzn68hgm9h9r3g74xryyq0rzytwh555utxhf3farm5djmj3c502npjc8dplu
capacity__capacity_repeat_ratio,1.0,0.9020803841920981,1.0,ckb1qzfhdsa4syv599s2s3nfrctwga70g0tu07n9gpnun9ydlngf5vsnwqggqlc8fmqp73anzq4x4hm9w42vuvm85n62xsz7salq9z27z4zp2pfsre64cql68qa6ra5s08ms0u
capacity__target_consumed_capacity,21899978676.0,-0.6119506475689521,23.809751500115425,ckb1qzfhdsa4syv599s2s3nfrctwga70g0tu07n9gpnun9ydlngf5vsnwqggqlc8fmqp73anzq4x4hm9w42vuvm85n62xsz7salq9z27z4zp2pfsre64cql68qa6ra5s08ms0u
capacity__target_net_capacity_delta,0.0,0.0,0.0,ckb1qzfhdsa4syv599s2s3nfrctwga70g0tu07n9gpnun9ydlngf5vsnwqggqlc8fmqp73anzq4x4hm9w42vuvm85n62xsz7salq9z27z4zp2pfsre64cql68qa6ra5s08ms0u
lineage__continuation_count,0.0,0.0,0.0,ckb1qzfhdsa4syv599s2s3nfrctwga70g0tu07n9gpnun9ydlngf5vsnwqggqlc8fmqp73anzq4x4hm9w42vuvm85n62xsz7salq9z27z4zp2pfsre64cql68qa6ra5s08ms0u
lineage__lineage_depth,2.0,0.0,1.0986122886681098,ckb1qzfhdsa4syv599s2s3nfrctwga70g0tu07n9gpnun9ydlngf5vsnwqggqlc8fmqp73anzq4x4hm9w42vuvm85n62xsz7salq9z27z4zp2pfsre64cql68qa6ra5s08ms0u
lineage__lineage_repetition,1.0,1.027789217390062,1.0,ckb1qzfhdsa4syv599s2s3nfrctwga70g0tu07n9gpnun9ydlngf5vsnwqggqlc8fmqp73anzq4x4hm9w42vuvm85n62xsz7salq9z27z4zp2pfsre64cql68qa6ra5s08ms0u
lineage__merge_count,0.0,-0.7304227103091852,0.0,ckb1qzfhdsa4syv599s2s3nfrctwga70g0tu07n9gpnun9ydlngf5vsnwqggqlc8fmqp73anzq4x4hm9w42vuvm85n62xsz7salq9z27z4zp2pfsre64cql68qa6ra5s08ms0u
scripts__type_family_count,0.0,-0.501218028601448,0.0,ckb1qzfhdsa4syv599s2s3nfrctwga70g0tu07n9gpnun9ydlngf5vsnwqggqlc8fmqp73anzq4x4hm9w42vuvm85n62xsz7salq9z27z4zp2pfsre64cql68qa6ra5s08ms0u
scripts__unique_lock_script_count,3.0,-0.3236566839097652,1.3862943611198906,ckb1qzfhdsa4syv599s2s3nfrctwga70g0tu07n9gpnun9ydlngf5vsnwqggqlc8fmqp73anzq4x4hm9w42vuvm85n62xsz7salq9z27z4zp2pfsre64cql68qa6ra5s08ms0u
scripts__unique_type_script_count,1.0,1.0,0.6931471805599453,ckb1qzfhdsa4syv599s2s3nfrctwga70g0tu07n9gpnun9ydlngf5vsnwqggqlc8fmqp73anzq4x4hm9w42vuvm85n62xsz7salq9z27z4zp2pfsre64cql68qa6ra5s08ms0u
capacity__capacity_repeat_ratio,1.0,0.9020803841920981,1.0,ckb1qzl58smqy32hnrq6vxjedcxe2fugvnz497h7yvwqvwel40uh4rltcqfcnzr5d9zwctyksqp8fjlge9t3tdwqqscw0dlgc
capacity__target_consumed_capacity,41500000000000.0,0.4761054992178343,31.356714543165225,ckb1qzl58smqy32hnrq6vxjedcxe2fugvnz497h7yvwqvwel40uh4rltcqfcnzr5d9zwctyksqp8fjlge9t3tdwqqscw0dlgc
capacity__target_net_capacity_delta,0.0,0.0,0.0,ckb1qzl58smqy32hnrq6vxjedcxe2fugvnz497h7yvwqvwel40uh4rltcqfcnzr5d9zwctyksqp8fjlge9t3tdwqqscw0dlgc
lineage__continuation_count,3.0,2.0,1.3862943611198906,ckb1qzl58smqy32hnrq6vxjedcxe2fugvnz497h7yvwqvwel40uh4rltcqfcnzr5d9zwctyksqp8fjlge9t3tdwqqscw0dlgc
lineage__lineage_depth,3.0,0.7095112913514542,1.3862943611198906,ckb1qzl58smqy32hnrq6vxjedcxe2fugvnz497h7yvwqvwel40uh4rltcqfcnzr5d9zwctyksqp8fjlge9t3tdwqqscw0dlgc
lineage__lineage_repetition,1.0,1.027789217390062,1.0,ckb1qzl58smqy32hnrq6vxjedcxe2fugvnz497h7yvwqvwel40uh4rltcqfcnzr5d9zwctyksqp8fjlge9t3tdwqqscw0dlgc
lineage__merge_count,3.0,0.1912681309275552,1.3862943611198906,ckb1qzl58smqy32hnrq6vxjedcxe2fugvnz497h7yvwqvwel40uh4rltcqfcnzr5d9zwctyksqp8fjlge9t3tdwqqscw0dlgc
scripts__type_family_count,1.0,1.9951397255009098,0.6931471805599453,ckb1qzl58smqy32hnrq6vxjedcxe2fugvnz497h7yvwqvwel40uh4rltcqfcnzr5d9zwctyksqp8fjlge9t3tdwqqscw0dlgc
scripts__unique_lock_script_count,2.0,-0.5532947556651122,1.0986122886681098,ckb1qzl58smqy32hnrq6vxjedcxe2fugvnz497h7yvwqvwel40uh4rltcqfcnzr5d9zwctyksqp8fjlge9t3tdwqqscw0dlgc
scripts__unique_type_script_count,1.0,1.0,0.6931471805599453,ckb1qzl58smqy32hnrq6vxjedcxe2fugvnz497h7yvwqvwel40uh4rltcqfcnzr5d9zwctyksqp8fjlge9t3tdwqqscw0dlgc
