PC1,PC10,PC11,PC12,PC13,PC14,PC15,PC16,PC17,PC18,PC19,PC2,PC20,PC21,PC22,PC23,PC24,PC25,PC26,PC27,PC28,PC29,PC3,PC30,PC31,PC32,PC33,PC34,PC4,PC5,PC6,PC7,PC8,PC9,wallet
-2.041535153706271,0.7974084430250993,-0.5137184790664521,0.5263235433431841,0.14538306054523922,-0.030047630016817643,1.1199660008087091,-0.7135803529558441,-0.2752263479353015,-0.03127050940516041,0.8228015025346024,1.0141299701075042,-0.05180692975846886,0.6022991320014796,0.3172583148970534,0.5294157765607156,-0.031063818604399326,-0.1878988375522079,0.18873049007239429,-0.017527513797771618,-0.00852997683255796,0.1218441408465618,1.056503341401985,-0.09949268006091277,0.07360517522807698,-0.03105835778770998,0.04077376824826148,-2.5867190488922366e-14,0.33992376216184195,3.8173822555638393,-0.23730347671690386,0.08410561742616882,2.0762564871357467,-1.2367874166223938,ckb1qpl0dc3xe2dr299vwe6e7zc42rnsex4pptlcjyglahevnkqq6ft0wqgw8xxul
-2.150510046640857,0.8574216415592378,-0.535780739032971,1.27960133581869,-0.14549721946465755,0.6847785166166045,0.11869307535546757,0.3687243810048487,0.10645692269802517,0.10649876626685481,0.8048584845666641,-1.607679935580972,0.09787746511952626,0.09504173856636872,0.35769598521774626,-0.02229139726489175,-0.03043296195255644,0.1717637327158721,-0.012586558651219477,-0.02672955793768572,0.2785380283276819,-0.06472423117669097,0.9560789783747251,-0.2549557428106123,-0.05489425241603179,0.08968197940338131,-0.18286794216234703,8.44135683205056e-14,0.1969159510232894,3.059197895769476,1.0109780225087923,0.692725619478387,0.9395191241760065,-0.9552413448679079,ckb1qpw9q60tppt7l3j7r09qcp7lxnp3vcanvgha8pmvsa3jplykxn32sqgwvhnrqkx9ka45f2cnc90fy30m3scpupqggwawq
0.08014083950892806,-0.4537440042814745,-1.8365805716159982,-0.6502130021843663,-0.08480039032757593,0.44654230831890607,0.5568040134753239,0.255956423142026,0.90313317750486,-0.42823860943407904,0.49337545691693396,1.436528063180815,0.2948731263438331,-0.5859273827794942,0.8816017909311236,-0.33014800265071387,-0.3155340345986587,0.043043047815833124,0.01846728777353531,0.07055279002945433,-0.011925488475678878,0.13562118495780287,-0.6798043728762495,0.0188315577972624,0.014040029260353215,0.0911380405415983,-0.026995701033236088,-1.1431429812547285e-14,-0.11259679138888061,2.5738855593724,-0.5940136840917648,-1.378145113671199,-2.7187085465523566,-3.226077572379189,ckb1qqcratfhhe0whl8n2pyyw9248r9kyw3x7gmkp80jf0ffvagvzgc8sqgdzm4fw
-2.2953768574072537,-0.09860178680230973,0.5684329397063583,-0.9066445451366139,-0.8862560182820733,-1.401948700356363,-0.5059692615228588,-0.7582743253924918,-0.6612372888186102,0.3832591454758733,-0.10509459583699467,-1.550298881672568,0.3490875162585934,-0.1851111340912902,0.05073128259323678,0.031804171529466845,0.1830026056124612,-0.13999553616395205,-0.4222347485087195,-0.5308777031884591,0.2954283508907882,-0.15822016617333515,-1.0667517317874784,0.08979694650385386,0.17597518131208226,0.05414340444660961,-0.08616214786144458,1.3890052728415055e-14,1.3253275124494792,0.8012020065799879,-0.964397661478918,0.2349480342386904,-0.15865389368147287,-0.4591978553327663,ckb1qqcz6dvc97r9a097mwdfxc8yq5cw6v4dhrsskshmhecdsvf07l8d7qfg6grazjdwmf9uzf8deshhr9wsn85w2l66e8d9g7gpz0gveu28zv6pk3z4
-1.536992832484128,0.3127966358406936,2.0828885358204943,-0.665328268585057,-0.2802181851378851,-0.7844003857601743,1.489761026116945,-2.167357750484716,-1.9520408500768662,-0.027787861020193094,0.928145839543877,8.201962759779315,-0.2992080192593927,0.5216928065468741,-0.1487879714342367,1.128852906500729,0.5775888226158994,0.696139971106333,0.3521793644214164,-0.002826080322112176,0.027098356223927426,-0.028964741790243456,3.0947261128198824,0.2650428267883233,-0.12402558787097859,0.07983097061875978,0.13944802642595203,-1.2052903948067937e-13,-2.048172040467409,2.9949615644924004,-1.7596429977758132,-2.4767609215018678,3.9703822055284035,-0.31626282140809114,ckb1qqunmue4ncels5qse4j6839yy68h9k27c6cyj7q6j9kxsze3a2dgsqdc96g88lhq0ww27cjlp0j960kqvxlzyyhww4pyhk5ztgzaem7q5s6rs7mt
-2.025213114330198,-0.7859746699242045,1.4683471037363625,-0.6957890218366227,1.333250076523699,0.6376825998536517,0.28959986414037703,1.2947242132328023,0.9526783598628199,0.30750056712238,0.2518275493998339,2.7559869632202205,0.10392239958756548,0.5425587239983811,0.554323385810079,-0.4612745499644619,0.4098451641007952,-0.08524948948574816,0.12948417617668112,0.09539467662655454,-0.21466569313089878,-0.1491871076465002,0.6067079768625616,-0.239000303754928,0.05486213942265105,-0.02872473718265808,0.15157596931837972,-3.780632994784535e-14,0.24300344788070072,5.370207326441444,-1.9712869257758248,0.7220048303738439,3.7632858213398115,0.7411364284199998,ckb1qqunmue4ncels5qse4j6839yy68h9k27c6cyj7q6j9kxsze3a2dgsqvcg4qnx88s32fzxpeldkc9daejv92lx2yupu5ahmqkdhwlhm9qksdws8hd
-2.1659649030022146,1.0581508974626745,-0.28083333973263,1.767497541508384,-0.04822021011752715,-0.010878207871628845,-0.21434311104909662,0.5742031484750998,0.12488296844088355,0.4605743225900279,0.8047661350059422,-0.3157392485250149,0.177023705110852,0.1667904550250912,-0.3679225293903693,-0.08309694147996675,0.0674910114190705,0.070848970931796,-0.28914794742596217,-0.03494987429144181,0.05299522721514843,-0.13897611246767513,1.3061008686262559,0.004055722415893049,0.05202149153053453,0.10724484955659165,0.07216338267448916,-3.903261087563867e-14,-0.29003560758111296,2.7556151544978458,0.7023674694634978,0.5597258700550477,0.8232656765659662,-1.3467776747591556,ckb1qr2g8yj3vrjzx2evk20szt5rszmmvykhrn6w0xv3ga4khnmpqu6lvqq3u8mhh
-1.6212454078072942,-2.2292410176547164,-0.5077062569709699,-0.21134791226438712,1.1737765307247316,-0.2410280101085523,0.1852112957551239,0.12610788785813584,-0.5713034755859367,0.20837227385050983,0.5692581220517104,-0.618965507006532,-0.07881709599142155,-0.5010034765483178,0.09972650757652916,-0.0710795873413063,0.05160755811991362,-0.17632226363856807,-0.008296518515980884,-0.2068912002938531,-0.10239256845176203,0.018577209042493145,1.339437908065139,0.08523274778730985,0.029757214519260465,-0.021993572945483823,-0.13474516639199158,4.010015132227437e-14,-3.6604413550130706,2.592715175692816,2.619001128625025,-1.327114023284844,-1.6339564247023122,0.23853314787327565,ckb1qrgqep8saj8agswr30pls73hra28ry8jlnlc3ejzh3dl2ju7xxpjxqgqq8897n3kut095xgled9dpczz0t7hg7w87un0vrnk
-1.7514322110035747,0.42372053853681274,-0.7714330883469146,-0.4762055455273217,0.5661515594582825,-0.16867484384859027,-2.0422258413431833,0.23304645099895338,-2.0593360035975423,-0.9319412490413584,-0.7498254614889139,5.517209521713148,-0.43615105752642147,-0.6006267573997595,-0.8013239194390306,0.4986653690820229,-0.820188209850657,-1.1630081478054546,-0.062215215990947786,0.5904968268583719,0.11635557455263555,0.5491572485078396,-1.9037974844481533,-0.3986885494589628,-0.21830991148589393,-0.005311374215495493,-0.0945122860177016,1.2578350897050868e-13,-0.7832823020579893,3.193712286254734,-5.066426873558771,-0.7336022355619728,0.6415430208053493,1.1411161594765917,ckb1qrgqep8saj8agswr30pls73hra28ry8jlnlc3ejzh3dl2ju7xxpjxqgqq89qeq8sz02jymcmc8nm5qsfmwyxtvqemvnunp36
10.36747347840426,0.979695949794469,-0.4184308575646524,0.7300860739596778,0.3879365358970189,-1.0228604921684812,0.12640255592607835,0.3091251781647041,-0.34420011877770984,0.8196167646987832,-0.29283396068675255,-0.8172403922312546,-0.20795940769500432,-0.11260597205926014,-0.3919283444530434,0.24548305474340693,-0.04711153760166,0.3412942774648986,0.004421217797700883,0.1342952653492107,-0.2918721413912309,0.2987638615620392,0.9409344296944162,-0.0024860012213985642,-0.04788337523352564,0.019304800951326865,-0.001787021737061119,9.423202915477918e-15,-1.6824828889798116,2.1016230160027836,1.357002639293764,-0.16052540096592396,-1.8513006878696965,2.764569468633582,ckb1qrgqep8saj8agswr30pls73hra28ry8jlnlc3ejzh3dl2ju7xxpjxqgqq89s0k62mh0xf6hn8cc20wunuarrumudx5nwq9uk
2.7702316664356785,-0.1276386709971654,0.11090518544635275,-0.051184522191144874,-0.022685049088037864,0.0273328035983282,-0.4567854927431606,-0.5535195824825186,0.049771071989683495,-0.03642448143740459,-0.05145264945693049,-1.7214768350905727,0.13331691910623675,-0.509623494215006,-0.22205493978499088,-0.12782610939463626,-0.12782347839098554,0.5154452325650708,0.08948334084744566,0.31774573656950605,-0.022374105482152913,-0.008300568244328968,-1.8535240923127758,-0.4425834893742634,0.23207235757784936,-0.08423961026089352,-0.023668737636982545,6.86337251793349e-14,-0.7605412385685614,1.3728265862427464,1.0136105922229737,-0.6710250522239972,-1.4541206401475004,-1.1062236882030603,ckb1qrgqep8saj8agswr30pls73hra28ry8jlnlc3ejzh3dl2ju7xxpjxqgqq8gauytada8x688zt0makt3pjmdaad6u8uym77ef
19.993221286031783,-1.8694965720874577,1.3221382589771686,0.025604151369551197,-1.0121177475567238,1.5479339952991864,0.25975905876509936,-0.08031156191470444,-0.030022546138710048,-1.0340326506198985,-0.3219254902374175,-3.2065299469126214,-0.015739751526667355,0.22139018425071005,-0.021888304989198158,0.3747953837284597,0.21058592668467688,0.10715020665987263,-0.5765817479734219,-0.03704863941512275,0.15532358437714633,0.02626811937696426,0.6304448725753925,0.27021589796349577,0.010241390160290168,0.09159483732776023,0.07006283282786811,-6.380145018919023e-14,-0.5505166912102922,-0.5767549758965114,-0.2997915982097598,1.1120985931977663,-1.6590400362285218,0.5528552315809564,ckb1qrgqep8saj8agswr30pls73hra28ry8jlnlc3ejzh3dl2ju7xxpjxqgqq8jjta82sj7lcz5ewruppmfrrvtg9nh4vvg5klxg
2.7065494976689,-1.9000780476470576,0.27488726575439754,-0.005573520217007785,-0.5660484431686429,0.753618146629845,0.6694295048237712,-0.40176961067730343,0.031668278141223485,-0.33078385516667536,-0.5548241414092747,-1.2109065376831052,0.22458062412902594,-0.31360964053105295,-0.3069713315836578,0.189772897853195,-0.1914044786924806,0.2101077325321041,0.19288915204738685,-0.2511018410040919,-0.3195327300883678,0.32881959176480896,1.4510218909566814,0.001969198609655696,-0.11096170691047527,-0.2472045335192574,-0.2719956931182206,1.4420427810497192e-13,-3.209953167241072,-1.0094457028005164,0.04708751254773312,0.4612118595401271,-1.1900607001815622,0.6591174443724575,ckb1qrgqep8saj8agswr30pls73hra28ry8jlnlc3ejzh3dl2ju7xxpjxqgqq8kwzq44p8ap4zclfc3vfgw5uxqqnegf0u7t0l86
-1.436174747360624,-1.2327414752971442,-2.4687928789905014,0.42212789915587956,0.14723090256268118,-0.2641010364108755,-1.6576525227936145,0.31107033601164336,-0.78824238012371,-0.363250061461607,-0.03207674863210124,-1.175433636200211,0.4710466357535431,0.17618761157741497,0.45975586665659657,0.2296852591780158,0.48658467416144346,0.1595318050717437,0.26201856954735264,-0.07604031584661108,0.05446370976406767,-0.18944637982384835,-0.504698942304913,-0.04555619492626887,-0.12255126763202062,0.01845808565878949,0.06641563812829235,-2.123965697704657e-14,-4.555904841775769,-0.6626867154871514,1.2767095095531824,-1.3043315459381806,1.7424985607968033,1.1641402104355087,ckb1qrgqep8saj8agswr30pls73hra28ry8jlnlc3ejzh3dl2ju7xxpjxqgqq8t3pqdfg3rnsqe8vgv93d49evdzkvpxcce0ml7v
-2.1208384613779017,-0.9299449908204445,1.589491326162845,-0.25288436580657847,0.02828241362026137,-0.8321189298257526,-0.21180114151932153,-0.23540687598499382,0.36248073812826287,0.11500511680709255,-0.13203990940973856,1.0673582296977764,0.03966745821446052,-0.09826893635104096,0.2362189962458522,-0.5320289139702674,0.08895285637940611,0.3272176240944956,0.08944372606605108,-0.13544171543095618,-0.16417779636169802,-0.2568230525059703,-1.4706832688532618,0.05177561605290625,0.0016741781655389353,-0.06735114137025727,0.0746310565501953,-2.2280148923923333e-14,0.17902502485811012,1.8071665569787398,-2.8359544150320386,0.5620352368035956,0.3160250582960372,-0.6462373102760472,ckb1qrgqep8saj8agswr30pls73hra28ry8jlnlc3ejzh3dl2ju7xxpjxqgqq92dx9xep8pwxacajpvvlcj4j7tlk9uhng4j74ms
-0.011167438944213364,0.018777671086738154,-0.5227252204450277,-0.9437788469458437,-1.187123605285978,0.6034146317374947,-0.2522037224427476,-0.42377496697275924,0.16290765106970342,-0.676132922032678,0.2872156543244552,-1.7936753542825545,0.4313120355565253,-0.1297793686032997,-0.24085363461237952,-0.4426308048329532,-0.4624331670935436,0.21289061033428952,-0.3376901572752034,-0.18858378024991057,-0.0691931534291621,-0.2766777304865083,-2.498586354077864,-0.23813329675372583,0.2467305949691498,-0.007047993457506917,-0.009604588855464493,5.741832200262907e-14,-0.3555979492307966,1.3921882668457464,0.13969905481190623,-0.5789859207866979,-0.6035917631409932,-1.128861211983662,ckb1qrgqep8saj8agswr30pls73hra28ry8jlnlc3ejzh3dl2ju7xxpjxqgqq94q52uky0frd8sge5jnfwnm89zclmrg35ltra3y
5.05090843754382,0.4991055427060974,-0.40621515229234045,0.6593696177130883,-0.1677877535342788,0.7554010739886559,0.5921565840309824,-0.46398138657789334,-0.9509268738702815,0.24068908562225869,0.11610524885236718,-1.260136986083482,-0.5012563402977446,0.32274017236654423,-0.7802503573057598,-1.4260774151847417,0.630630628119743,-0.49012900349228333,-0.27906434892916887,0.21756281997682764,0.40075337544961,-0.396180353759698,1.0786381109331438,0.28656129024385846,0.17564970143753014,-0.009904200693194313,0.0691116638513906,-7.2733467305944e-14,-2.9997277121965786,2.0513946932466034,1.499636238520556,-1.8148937152887161,-1.5096486426081377,3.1130898907710813,ckb1qrgqep8saj8agswr30pls73hra28ry8jlnlc3ejzh3dl2ju7xxpjxqgqq97nlhckh68mupdw9w33xhp4hedejskhxs9ef2y4
-0.392407176219752,-1.4109042961279363,-0.07328828705432669,-0.44378513050998925,0.8817910929882588,0.4365223912439053,-0.2028684687559907,0.1486806009881675,-0.3809896574610659,0.8796639910390301,0.055108960954873686,-0.6125545920593989,-0.19906526571822244,-0.4765178327126175,-0.07697111457630416,0.104778346111801,-0.07524796176746122,-0.08415578202346062,0.6617303142558159,-0.18179115605946183,0.055176063114120766,0.012488888568390352,1.655035273961221,-0.061299817110241496,0.07905034371810606,-0.11542479184613369,-0.1145245896375442,3.3438813174523434e-14,-3.0647955661984607,2.517449286488608,2.227069697405555,-1.2063436185541612,-1.673142969476481,-0.34996123580161,ckb1qrgqep8saj8agswr30pls73hra28ry8jlnlc3ejzh3dl2ju7xxpjxqgqq9fz7cfu5xla5nd3ay686gm2ajnzh89h8c48k7uz
-2.143321465454294,1.1955308699354208,-0.2712581886182648,0.03901919412749405,-0.996835041200315,-0.9455887493955408,0.690693209075538,-1.1219052731248143,-0.6648869050475078,-0.31711672771738453,-0.2309683876753742,-0.41140868326920993,-0.6470798404504589,0.4408125469873975,-0.6262010021904141,0.04989603719135521,-0.2012204416377069,0.442783988667932,-0.26381087855985946,-0.026727019369049865,-0.4641404552730429,-0.4191285661213878,-0.4759891562961887,-0.08312422163885262,-0.2732349778496553,-0.26494017157246136,-0.007893478115538326,1.0545012700242028e-13,0.1654771378823857,1.9357413655781488,-3.124498942399617,0.17081797147019612,-1.6192435441728048,0.9563749831764276,ckb1qrgqep8saj8agswr30pls73hra28ry8jlnlc3ejzh3dl2ju7xxpjxqgqq9xtegwt8nftvp2sjp83djfqela8e8uxdcxz9a3g
9.091232981992011,-0.4951879208440151,-0.25287784861939994,1.01144251233135,0.5675651509318257,-1.0075798944612944,0.5712172103865774,0.648497190704922,-0.411359815545766,0.5883306864863702,0.014446413822067733,-1.3916409697226828,-0.2853092014099903,-0.31688462879748586,-0.45495455873367363,-0.5891498441510827,-0.19859685727913762,0.07555146207407139,-0.07322487005933305,-0.3520501137950599,0.01203495812728378,0.025258778298013138,1.3564987670867654,0.06926333491923345,-0.23845640867866275,-0.08259238069966213,-0.015237618708880102,3.3882902384373497e-14,-2.1908554036314376,1.763656919042452,2.4862027556906248,-0.2402370822555477,0.5214564183171475,0.9594736531770895,ckb1qrgqep8saj8agswr30pls73hra28ry8jlnlc3ejzh3dl2ju7xxpjxqgqqxvxkq3zapxvyv6qktfyhq84puycg59s2q0smpl6
-1.9726522368981154,-0.8851742206514824,2.0329193429114722,-0.6302031870375319,0.35997690802360366,-1.1335279237953926,-0.8543876636976822,-0.595584966013783,-0.03843022225565295,-0.06669155100251048,0.12878839738438205,3.64166918411966,0.28126987445041296,-0.26029320500805303,0.2023651297816542,-0.19018267290950386,0.3916388516657761,0.3142966165305158,0.23859637480671547,-0.31540340061276095,0.06671503078397911,-0.22630130064905246,-1.7371794779259941,0.16178820885674478,0.1309529740724637,0.026526511741407476,0.044187369981652576,-6.161141806886829e-14,-0.33914755991815826,1.236398071923425,-3.3399881006647814,-0.370749543024526,0.6941879149131324,-0.7291855028884062,ckb1qrgqep8saj8agswr30pls73hra28ry8jlnlc3ejzh3dl2ju7xxpjxqgqqy5z928yw33t5enjqglmeq7w23dk99q7qvm3yvlr
-0.392407176219752,-1.4109042961279363,-0.07328828705432669,-0.44378513050998925,0.8817910929882588,0.4365223912439053,-0.2028684687559907,0.1486806009881675,-0.3809896574610659,0.8796639910390301,0.055108960954873686,-0.6125545920593989,-0.19906526571822244,-0.4765178327126175,-0.07697111457630416,0.104778346111801,-0.07524796176746122,-0.08415578202346062,0.6617303142558159,-0.18179115605946183,0.055176063114120766,0.012488888568390352,1.655035273961221,-0.061299817110241496,0.07905034371810606,-0.11542479184613369,-0.1145245896375442,3.3438813174523434e-14,-3.0647955661984607,2.517449286488608,2.227069697405555,-1.2063436185541612,-1.673142969476481,-0.34996123580161,ckb1qrgqep8saj8agswr30pls73hra28ry8jlnlc3ejzh3dl2ju7xxpjxqgqqydhfg585sfcxu5gpaqs5sme8rn30c5yagaawuq2
5.48656431401194,-0.1566092455486748,-0.19514212868486555,0.9964556560046524,0.5154067386188154,-1.3518261065234414,0.44429296722885786,0.11834633208574225,0.26476561314106933,-0.06883884047913608,0.11755253743734659,-0.6575560339049481,0.09781021475478963,-0.437641693436329,-0.22126526621256182,-0.5105900727623652,-0.5055941254113548,0.40100966020802925,-0.021269050014929326,0.19233014182275693,-0.055533657930170045,0.2543007178856894,-2.655474830032459,-0.0014400274387251259,0.01608339659260936,0.08221935951716601,0.13671109266184944,-5.193649529495709e-14,-0.7832180929056075,1.107271461782822,1.1470122158405394,0.2710015006407639,0.3037848636278796,0.14603434770963616,ckb1qrgqep8saj8agswr30pls73hra28ry8jlnlc3ejzh3dl2ju7xxpjxqgqqyjw0y2p7ahcysl4qhq97x60svqn29492qpkvy2s
-2.0710642852103596,-1.4710796682413323,1.8149624966956475,-0.9728105104146366,1.5650221325539786,0.3587059761732765,-0.4053779589480827,0.6068582796854891,0.6482204688200034,-0.071510757777198,-0.13009858114886483,3.29881101905882,-0.22316172602621787,0.15933150673383698,0.6302744755786132,-0.3743749142372085,-0.06876929211408292,0.10772412695103016,-0.030966470604688188,0.44135617787171605,-0.10665395244522395,0.16192881098142284,0.05014671298630332,0.0016291707320270274,-0.0353387007514569,0.23153461683450569,-0.07482705960365438,4.421443943500116e-15,0.5323737925352162,5.422124803803014,-2.1314064452303674,0.19937416664512186,1.6093365076274677,-0.2089866927083492,ckb1qrgqep8saj8agswr30pls73hra28ry8jlnlc3ejzh3dl2ju7xxpjxqgqqyknjsdgjmz9a475mzuledqlm82yujj4vu8xllec
-1.6212454078072942,-2.2292410176547164,-0.5077062569709699,-0.21134791226438712,1.1737765307247316,-0.2410280101085523,0.1852112957551239,0.12610788785813584,-0.5713034755859367,0.20837227385050983,0.5692581220517104,-0.618965507006532,-0.07881709599142155,-0.5010034765483178,0.09972650757652916,-0.0710795873413063,0.05160755811991362,-0.17632226363856807,-0.008296518515980884,-0.2068912002938531,-0.10239256845176203,0.018577209042493145,1.339437908065139,0.08523274778730985,0.029757214519260465,-0.021993572945483823,-0.13474516639199158,4.010015132227437e-14,-3.6604413550130706,2.592715175692816,2.619001128625025,-1.327114023284844,-1.6339564247023122,0.23853314787327565,ckb1qrgqep8saj8agswr30pls73hra28ry8jlnlc3ejzh3dl2ju7xxpjxqgqqym5d4n465eu93tdcz5sycepdkatjahp9uwdcpfy
-1.436174747360624,-1.2327414752971442,-2.4687928789905014,0.42212789915587956,0.14723090256268118,-0.2641010364108755,-1.6576525227936145,0.31107033601164336,-0.78824238012371,-0.363250061461607,-0.03207674863210124,-1.175433636200211,0.4710466357535431,0.17618761157741497,0.45975586665659657,0.2296852591780158,0.48658467416144346,0.1595318050717437,0.26201856954735264,-0.07604031584661108,0.05446370976406767,-0.18944637982384835,-0.504698942304913,-0.04555619492626887,-0.12255126763202062,0.01845808565878949,0.06641563812829235,-2.123965697704657e-14,-4.555904841775769,-0.6626867154871514,1.2767095095531824,-1.3043315459381806,1.7424985607968033,1.1641402104355087,ckb1qrgqep8saj8agswr30pls73hra28ry8jlnlc3ejzh3dl2ju7xxpjxqgqqymvu6d289ggsyudpamr4g6ayz62gpp34qzy30vs
-2.2467156795939154,-0.5690195451780747,0.501128908079035,-0.2693018069217518,-0.3684309062893333,-0.42236109203955546,0.2381453663310177,0.13163911518309804,-0.2959004479305551,0.3522642789863744,-0.5475981632165395,-2.184557740701231,0.26645005806573896,-0.17729087258241324,0.30356513942342067,-0.12893523678558425,-0.3805758799432032,0.48174116765807307,0.15630680625468402,0.1603246814999755,0.24535125595087484,0.15669597635696353,-0.17411627616749997,0.43610049259778527,-0.04834155755430986,-0.10075824561714228,-0.353092945527331,5.123195549654048e-14,-0.10661648181041479,0.6956914560787205,-1.0603887702994281,1.042763730478319,-1.0701626745875124,-0.5833242111547794,ckb1qrgqep8saj8agswr30pls73hra28ry8jlnlc3ejzh3dl2ju7xxpjxqgqqytevmf523qgwexunz0pf59ysl6dvxvvusuft43p
75.52390101159145,1.0453239702855128,-4.5003839590733525,-2.019355490576319,-1.6657808959364204,-1.1494776381208807,1.9281318824220608,1.5700396084503592,0.16249934948014613,0.07321048290119934,-0.1520624612091727,7.5450410820960245,-0.33342746766808035,-0.25617440837703964,-0.04515275705061887,-0.03231270527271163,0.33489250965830586,0.1286707275478567,0.14155912967791584,-0.35874740356310947,0.014919644285168692,-0.10499252757292062,3.0877058819340424,0.10226452216332968,0.09316322307937971,-0.06938187673665326,-0.06124391661423993,1.136066897300968e-14,0.37643680534672735,-1.8282427654310127,-4.51985186132936,-3.504395368931572,0.6327702687178741,-3.188278648227734,ckb1qzda0cr08m85hc8jlnfp3zer7xulejywt49kt2rr0vthywaa50xwsq0259kv0x5jez6h0l5qr52k64weapapgyscsnmhn
0.036940960448487686,0.45955198017423987,0.09667782924204346,0.026964759616259475,-0.2854690502835622,-0.2930349793625389,-0.0074971508779202115,0.08302402095914305,0.348077283507513,-0.35542527461862944,-0.3023286696549025,0.7472397235725293,-0.278197314934556,0.2757347589283206,0.2573691394410369,0.22380591323496524,-0.005055725586964322,-0.18624420543942527,-0.4219085418272427,0.09905520718954892,-0.07204612259580513,0.09739710960616028,-2.3171627501263883,-0.02449047942739492,0.02421604817667656,-0.13260609831870937,-0.011721568618017143,2.5932246205460693e-14,-1.1545431259010963,-0.5524077490744779,1.563184891237362,-1.119993037899877,0.3039068584804851,0.18094329868404868,ckb1qzda0cr08m85hc8jlnfp3zer7xulejywt49kt2rr0vthywaa50xwsq02lstf96jmmavf7uln9acpkedt2clz3tqc6chk8
-1.9091288445317602,1.0661290218895252,0.43490046051802556,-0.6140897774190781,0.6438217926671007,0.9009547867222144,0.09702627880108257,0.19555247514399654,-0.23504188482805782,0.47819336742970064,-0.08804175634852185,-0.2434365208227122,0.3135064641239376,0.11025499460684332,-0.1844393916336138,-0.1768306945280014,-0.2050108840857316,-0.10555943263581712,-0.042566632910964845,0.07686995483739524,-0.20054582235567578,-0.1791968371698674,-1.0580218196641358,0.23475958338298375,0.07881293357140358,0.031788435582450356,-0.07845420584286257,-1.0068279572532888e-14,-1.1320636708570007,-2.268002470723533,-0.7702446349263772,-0.8395736200037991,0.2305095290540657,-0.22902196880745856,ckb1qzda0cr08m85hc8jlnfp3zer7xulejywt49kt2rr0vthywaa50xwsq02rtsalknt9nezey405ay2gek8v5x0ncc3fd62k
-1.8837251562952086,0.7839133903180376,-0.022229117953840798,0.2649867788766837,-0.37074147673373603,0.49957122001858756,-0.4282655606127293,0.1565041148608901,0.4276830582707359,0.08772350188014587,-0.06549838614345962,0.0868597767207689,-0.8778097917498517,-0.4148240710728208,0.051403029158202086,0.4528144293506474,0.20307243401680844,-0.18038026444180086,0.1729121404860708,-0.009641862460483059,0.011486971083099403,0.050713281346793905,-3.1002648617199298,0.14456788162600018,-0.021185291867001833,-0.22347574648842597,0.1470516070038614,-7.240217502485376e-14,-0.2864000804031419,0.1428539644720104,-0.06215199136015893,0.5047651651412057,0.4671690324668913,-0.7610954658822586,ckb1qzda0cr08m85hc8jlnfp3zer7xulejywt49kt2rr0vthywaa50xwsq03z3ekhq3qhe4tz8v5kf3z08gxphswumg02rsqc
-2.1804184122435886,0.6793709971224998,-0.3861333096229432,-0.4091147445220788,-0.628221001416517,-0.4962521914285067,-0.9099867280652163,0.3855379794528176,0.15071933516161595,-0.25589391372910897,-0.07983608338129226,-2.4408838743342782,-0.4941536258227079,0.47676600719293416,0.024241137716118636,0.012550818911076629,-0.053146237790760054,-0.03733592865326125,0.11030758345832727,-0.3059554310167841,0.12981312441876747,0.12645108549184403,-2.2473480607047884,0.027240123200147136,-0.05426715678912938,-0.17636799856773633,0.06812007595244589,-1.4761805784123535e-14,0.5534502617205054,0.2100554539471074,-0.25824621753492,0.4314814542567634,0.21276167851991243,-0.5881767684539704,ckb1qzda0cr08m85hc8jlnfp3zer7xulejywt49kt2rr0vthywaa50xwsq046dyalzv28h7wt8fqzhhskeedyh6fpugkydwwj
-2.387658906527329,0.5058708827228693,-0.3097872161128729,-0.43260319851052786,0.9709149945183092,0.4299913439547922,0.5347681967606974,-0.16425766073322562,0.3185984529682504,-0.17278418326126954,0.11863711602048745,-0.08583281553403459,0.48532717927889757,0.15984258112485322,-0.3407770348328754,-0.09077472293568789,0.0793902328367455,-0.13379754687977574,0.0827188912142451,0.03649915055487547,0.03136380733996299,0.16548372215235255,0.6079770947989779,0.08001080697945577,0.019566706520690414,-0.006041383840872897,0.05242667658009273,-4.3183205987940446e-14,3.0848025294206076,0.04008575069571739,1.5330162878948226,-1.140474584613656,0.3178857995582479,0.36451505543599755,ckb1qzda0cr08m85hc8jlnfp3zer7xulejywt49kt2rr0vthywaa50xwsq059gaxh9mhygyzgpps4edtqdsumgslcdq3ejtuw
-2.389416404458244,0.490020990713162,-0.3944968506316173,-0.1796921285105222,0.7726801503237734,0.373096888297416,0.5001395070706964,-0.21752388582253857,0.13966550899857175,-0.25192816916157834,-0.020425497962476086,-0.17435616473772766,0.5502230355597656,-0.3391939533843504,-0.17819033507045198,-0.17744742375618042,0.01771467180270263,0.058672234115864155,0.23736241641803274,0.19729824271461807,-0.01802836970992251,-0.29849653618387134,0.7215072384198649,-0.11277065271355778,0.048298753922736734,-0.04818859312347266,0.020223336960674545,2.5579826266160164e-15,3.0375797291239923,0.017568920573172626,1.688702334188785,-1.0947719966113567,0.1826899046533471,0.3664508668262987,ckb1qzda0cr08m85hc8jlnfp3zer7xulejywt49kt2rr0vthywaa50xwsq05n6zvckahhuks4wl9rznllcfgralwl3gqs5rqt
-2.3748616396228988,-0.3821789933125304,-0.34725949843679704,-0.14010850873892491,0.5715825561580213,0.28016093435539435,0.43544602696703855,0.12888687773035046,-0.08879951028169611,0.25884796553894124,0.095939366231004,-1.235050517825681,-0.3369998167700581,0.08890224596702204,-0.6448804028373597,-0.27852407532221574,-0.31298178432316587,0.18541518571014973,0.0970534154869931,-0.2621282032284057,0.16110588084049093,0.1945284673957227,0.20889269911087405,0.028293862491660673,0.12357174249480896,0.1463028393329784,-0.10421701685246594,2.6871866865906945e-14,2.113094189849775,-1.4817665637074755,-0.22333141485635477,-0.0982422065174632,-0.3590161681066079,0.38045050261347524,ckb1qzda0cr08m85hc8jlnfp3zer7xulejywt49kt2rr0vthywaa50xwsq05uu85tpqrf75arfkskcnwjsaj5f6c05qtmqdm9
-2.354058399623559,-0.7536342631171107,-0.2113071979999304,0.6108116479603857,-0.510742459215111,-0.32168805763142727,0.2203146156229281,-0.5183286009341975,0.061655982104595976,0.22524891478411757,0.15738490157250293,-0.6017219864213441,-0.19637130779403775,0.08128459863528209,0.3101516644291022,0.15300057553022714,-0.06974993078698977,-0.3318612046591638,0.8610470265424792,-0.13926269353090082,-0.10847453283599474,-0.19435878454383598,-0.3291196456840871,0.03494669909036438,0.07080835709854315,-0.2733499067225908,-0.15025396243237665,4.532470730871304e-14,2.442627661505991,-0.40929515511816184,-0.20625980558526202,0.3321869006589729,-0.0722579247232787,0.14523828914500758,ckb1qzda0cr08m85hc8jlnfp3zer7xulejywt49kt2rr0vthywaa50xwsq06s99smdcvprv0vpjw74v7yr3gfsz63tsmgym2k
-0.09016536544327265,0.7368319302800218,0.18092481192754675,0.10750844588957668,-0.2949864319467557,-0.12144395841350693,-0.02111035759751908,0.02065776447580624,0.4275279178808611,-0.4078566866461568,-0.5786312659464982,0.356971583820887,-0.31553021973903506,0.32641127064147846,0.14648228433083718,0.09189440184199354,0.19959460061648915,-0.23562976424335452,-0.2579058232334271,0.11816917492878475,0.054817595719258004,0.04353110839594443,-2.0409060353309023,-0.05161907496668537,-0.003071610519163015,-0.14783079791281803,0.005275304560579644,2.038113108233491e-14,-0.8613066686257289,-0.5396272476386275,1.4987810401464778,-1.6422000045464316,0.32543888427702355,0.01915131895436138,ckb1qzda0cr08m85hc8jlnfp3zer7xulejywt49kt2rr0vthywaa50xwsq07j9vt4j4pr582tmmhg2r25g09e8lqhzq67lmrn
-2.492003089284348,-0.24851476471236306,-0.46318772632632466,0.14634595150703825,0.6219251378659282,0.046731908007996086,0.30516722616242936,-0.11883006004348975,-0.11066506523751202,-0.35131152776517804,0.20521216151154772,-1.0838464695442975,-0.2635419492414851,0.13823542550172133,-0.1363726812493418,-0.1047165812660703,0.048035599996245106,0.03506124929678124,0.08446162719885532,0.037600691861288574,-0.03877934748778276,-0.07785851455701231,0.6449228252985374,-0.12392096190937148,-0.00078417994519748,-0.030615395805600833,-0.13731001897881126,7.982950514052688e-14,3.032495861331203,-1.1876159297809217,-0.2705810547670624,-0.10188913183535356,-0.2569043957158227,0.20618454832745517,ckb1qzda0cr08m85hc8jlnfp3zer7xulejywt49kt2rr0vthywaa50xwsq08np8nmp86cyutmm8glcmp36udhrkquhgpeccr6
2.38509396440076,0.49609482703182034,0.4278002693906888,0.3781513372992868,-0.10756756703921098,-0.4602355469163312,-0.028205429637713185,0.05866154102562123,0.3653716387639276,-0.15380085457056325,-0.1558031755387208,1.4747577769348277,-0.35091338809606,0.1279178982777162,0.21970335411580474,0.11430198218676346,0.13743053907120337,-0.06715408748415493,-0.3651716679452456,0.1915526813036995,-0.1505759356325628,0.046434471357265306,-2.1322488508202957,-0.006103611526235633,0.07200235146952763,-0.021359365857681764,-0.043019857911934925,2.4155889366060443e-14,-1.2974906331887952,-0.7982128190703476,1.3370466383657074,-1.379537729703119,0.3306467085765474,0.13584067576456227,ckb1qzda0cr08m85hc8jlnfp3zer7xulejywt49kt2rr0vthywaa50xwsq08nxknd7g5pzwe9mmdcqtqfs5f8ckh8fq34kxj8
-1.8301085033463544,-0.16364300366330511,0.7809016897697775,0.8918508640182465,-0.6361927105307122,0.4390439850833091,-0.3257441898833601,0.08132551228434025,0.5018633423819108,0.8721901303618623,0.1926583836961902,4.468861380241502,0.15769507005947214,-0.01693842582616357,-0.08489526607660988,0.28009174510031415,-0.312828173345383,-0.16868471047008732,-0.17754713685070894,-0.20305820489322765,0.014374768710323043,-0.34122490782029574,0.3996066641474779,0.1739164108438658,-0.20166168285755187,0.2552915381290125,0.17207552749430688,-8.591043858575527e-14,0.8468665850301712,-0.8290633350569953,0.9625846373059732,-0.8670419362271535,0.21236851513928204,0.06709717394998145,ckb1qzda0cr08m85hc8jlnfp3zer7xulejywt49kt2rr0vthywaa50xwsq0anafacyafq0j2rek0jx5rztanvvw9kcqdtkwna
-2.1131616380229974,1.492216303430555,-0.15360762474127274,-0.26210675818157214,0.3581286763275868,0.24006028425024942,0.11174145567226733,-0.6511284211293503,0.7089094352753815,-0.6252988102705057,-0.516906721278862,-0.12168804356743665,-0.15510144288243383,-0.5601341880149786,-0.022727346837835245,-0.19813849015380794,0.0735045191310719,-0.134263214270881,0.19325835852676881,-0.20899925758104132,-0.0399041054087933,0.23046603417855246,4.045581272976236,-0.04897918473028257,0.1699887644703695,-0.31508245434747717,0.33343538350123375,-1.1065612307234322e-13,-1.1337329356429644,1.6678300849821772,2.1946913313368683,-0.9347445953644361,1.2125271738804717,0.1486291557998465,ckb1qzda0cr08m85hc8jlnfp3zer7xulejywt49kt2rr0vthywaa50xwsq0anxptffq8enukzzyc9yjry5kt3ugua2gg39eh9
-1.8981102280484932,1.1265897710124264,0.35033188277926564,0.13848815972643244,0.33363613607543585,0.7897502363494393,0.10663725337017145,-0.19962632401571445,-0.12880736052671457,0.5130700453078729,-0.09741374603573083,-0.20178258134460053,0.42192876977015764,-0.052506173649364135,0.08222481271871904,-0.22596467059570968,-0.045089786178772254,-0.012735294634681467,-0.07997476954094834,0.12227509548744019,-0.07923503394925438,0.08794377373793037,-1.3944058317756207,-0.07975209084648317,0.03174893960795312,-0.029076909421693067,-0.020682997649593988,1.524480538892068e-14,-1.0896811732910292,-2.1330916330845757,-0.82794600358756,-0.8622382997447996,0.15594186342676486,-0.5789776964702512,ckb1qzda0cr08m85hc8jlnfp3zer7xulejywt49kt2rr0vthywaa50xwsq0c46k06e2fp7rg9aq9yqxwaat763nrpegmdg0qn
0.3268385363922974,-0.0025124723284045553,-1.83517351825974,-0.5669596082047883,0.482275358409335,0.11054622929201638,-1.0555071963179627,0.6024806222838355,-0.0019226828258785966,0.029947087334752893,0.1804012735321639,-3.526236406658271,-0.02712617752102783,1.1208797610404193,-0.26539399367309535,0.18822456366434961,-0.353268361468054,0.24287647946454466,0.6716010971196238,0.28983041411155974,0.03572712307876967,0.25817796393442743,-2.7783030407839235,0.06670895075798922,-0.08264344760625938,0.05467222182259689,0.04044885490383349,-4.804987507236864e-14,-1.219707545939884,0.17015413476711166,0.5590055063225511,0.05923122725534586,0.9582517884717247,0.054169079644280645,ckb1qzda0cr08m85hc8jlnfp3zer7xulejywt49kt2rr0vthywaa50xwsq0c46rcy6f2qav3ddfgv2540mz6vl7knlc0pl0a0
-1.9548670807068997,-1.230637524286689,-1.4088041009489567,0.8986335854472579,-0.6573947383788094,0.34787511013354533,-0.9537536830840138,-0.480560551851126,0.11284105245487418,0.962261799197098,-0.156302082571482,-0.026240663766114225,-0.28722686968330285,0.5613243139089106,-0.711604426026248,0.3806937729169613,-0.125874154956028,0.3834973871429198,0.28393451281495896,0.5777944065297682,-0.04764430757975246,0.2437417574586741,-0.56766994339429,-0.17085977375440492,0.6177527845758578,0.01359147973738303,0.21118462705732305,-1.0005071307918013e-13,1.745463434803683,-0.5708399161667917,0.6127001550500895,-0.6344969002886954,0.5125171339793334,0.2582029911780971,ckb1qzda0cr08m85hc8jlnfp3zer7xulejywt49kt2rr0vthywaa50xwsq0cl8tlydpzpp6wzeuzfsm926sp9m0rpqqt2qecr
0.6807494777365487,0.04028107046896705,-0.36001903028288373,-1.3961602387333412,-0.002246755267342094,0.3155031831097381,0.39861074380414696,0.33130201827827804,-0.19968378752205318,-0.335323497784906,-0.0282609648945115,5.601517816531086,-0.06647716545304624,0.34640804756127475,-0.2110081075338248,0.10372582848068913,-0.015742884056906496,0.13800895668310442,-0.09192052595046335,-0.008557902631701543,0.3791154611590563,-0.15115115096810738,-0.7174960128824283,-0.023105443206542293,0.33351190865476277,0.05577385848887462,-0.12092137313816105,1.475178457320178e-14,-1.6102215091033782,-0.2908950875043772,2.7986526888607295,6.060098058259661,-0.9443937366559415,0.219314742117772,ckb1qzda0cr08m85hc8jlnfp3zer7xulejywt49kt2rr0vthywaa50xwsq0fuqrqqcykvepusm4st0asqya208yzxcgcgewm5
-2.399074827236569,0.12525443558678975,-0.6575738341427776,-0.28996311159727084,-1.0097931859339613,-0.35918717915656645,-0.44584391245394833,0.1410051803703545,-0.3880016613329611,0.6197012817997403,-0.09874564767377346,-3.1324616701126144,-0.15120147584579213,-0.7896973885628462,-0.11521400844566776,-0.34986147568816434,0.22599104640091172,0.24415168564881645,-0.4762103130626703,0.22399719513505637,0.005592334707461403,0.31090239831761246,-0.4642420109462488,0.23106692794998007,0.01897050033817905,0.09345077849783677,-0.10546594492825256,7.248347156755355e-15,2.3699125516486306,1.2461464294899929,0.96575200367783,0.6014090605112488,-0.006574428752935112,0.094367571407435,ckb1qzda0cr08m85hc8jlnfp3zer7xulejywt49kt2rr0vthywaa50xwsq0jc2vwf6jsj7852lryh3hfh4jkvk548gqh4yp6v
-0.5458866732908824,-0.6836114190729506,0.21681831371949953,-0.5157453444979753,-0.016297459617784473,-1.2039950396547703,0.09185433885829386,-0.4035081659923005,0.05398685457840572,0.3297903646370809,0.1121888262207067,-2.0753554489534114,0.19744609192182003,0.11721961108261128,-0.0613027392082621,-0.4306803784932475,-0.6601605880631081,0.08240175902806549,0.20887601502889272,-0.6466783380286097,0.20302362305674876,0.2942614734259726,-2.6033603785165784,-0.03586390892965133,0.23799111146286048,-0.23343878814121485,0.06350255449722475,-2.0114044585968752e-14,-0.5049270384946439,1.1029469433626689,-0.11248618114186795,0.12060787479104801,-0.7033486980567811,-0.3394366414136992,ckb1qzda0cr08m85hc8jlnfp3zer7xulejywt49kt2rr0vthywaa50xwsq0k5jc20yyf62n2879zxymntrhyke0zg9crdzqfz
-1.0096495755887454,0.10055125518373584,1.366878756179564,-0.06796405745624287,-1.0366801244274595,-0.32711422702663406,0.37367128395688204,0.9651098383495211,-0.09746697591964483,0.04397299057534113,0.1507179041341778,3.3615834047599953,0.34760728522426965,0.16851312421548748,-0.4577128685018222,0.23858044779797097,-0.48908282287178834,0.46525725527132017,0.37279184942321864,0.19344482456167883,-0.09309769893636306,0.27164471031536097,1.0597277981600568,-0.04551716712592395,0.26018411184276286,0.1152524190608289,0.03438367080203455,-4.712036164974834e-14,-1.707029411797498,-0.01618714728690203,1.1909804190221562,-0.17362767559288556,0.1369442148046853,0.34191408680832724,ckb1qzda0cr08m85hc8jlnfp3zer7xulejywt49kt2rr0vthywaa50xwsq0msjj9yjj2n6dtuafzzj6uen3p7mt966sfkapz2
-1.4502172523259984,-0.5736208259887208,-0.01655691044538434,0.6762713005624377,-0.8525645616936885,-0.0007983922693616483,0.32965843763483726,0.7546948441057229,-0.3029707581354612,-0.07182035158922147,-0.8127969116845862,-1.7036598707072528,0.42279341176728613,0.20702617196567472,-0.4543018857069424,0.18976456525131188,-0.018508323694436047,0.22533714353763717,-0.23609757156446104,-0.049777917752285586,0.056281225599296006,0.041380390861911955,1.5233106031027712,0.2058824081604111,-0.14596357568857565,-0.13487836948761814,-0.15213298111291113,5.316479745566287e-14,-1.4912057134434566,-0.6072202388078521,-0.7160733185506267,1.2110954438401051,-0.29005666820519754,0.011325511439906838,ckb1qzda0cr08m85hc8jlnfp3zer7xulejywt49kt2rr0vthywaa50xwsq0p80per28ltwd4sm2052pjt4z8unckpucj6e5pc
-2.1332272027864105,0.915156217046624,-0.5306347049590024,1.2807078118034692,-0.2856667769261757,0.7083611205313647,-0.000804484590282494,0.5835194792022115,0.06267588178042366,0.1262382619874732,0.42373412476662126,-1.7756055667190633,0.09498014210660664,-0.2169456699037422,0.23615317923215975,-0.11022874933918451,-0.01065807921861164,0.23800088045994683,-0.2530310475928257,-0.17328744173329425,0.4197590225057671,0.008470389083676519,1.0508297612755308,0.01671837643383983,0.04378243546000942,0.09029729318116168,-0.11559299452791491,1.4348919362627124e-14,-0.05923383658371883,2.929304344010573,1.1699380083206967,0.700932883256944,0.7760958925505258,-0.9080489631912959,ckb1qzda0cr08m85hc8jlnfp3zer7xulejywt49kt2rr0vthywaa50xwsq0rljzn0julrpp9l3fgmm9r9r4jz8rax7sgvagwh
4.550530102035204,-0.1459336998767084,0.09518895163895863,0.6551448261299775,0.31212026084568484,-1.004207159430387,0.3424850789307381,-0.0807510677998342,-0.0021745203991548156,0.18375510790707256,0.43269786003865385,0.3380222890831339,-0.08991411023010652,0.142525326809233,0.12149832396891816,0.04564176036855104,0.024833308251051133,-0.05605070201274471,-0.22770173307734598,0.14654137378081206,-0.10983229362495377,-0.05719482262935541,-2.3680797681964822,0.15374218369981527,0.16292512440356097,0.07779659245831858,-0.13915045044587154,1.5313132603895576e-14,-1.7102352646013959,-1.3871241219666983,0.7903521288821901,-0.9278206455458858,0.13236785999396136,0.36717138960056966,ckb1qzda0cr08m85hc8jlnfp3zer7xulejywt49kt2rr0vthywaa50xwsq0rrr3az2mu0ncjeqj26du5ymfhtq5l0gcv2rv08
-2.171401946287857,0.12200062907109324,0.24704244648101145,0.6490624387159698,-0.27563362581346085,0.009156901481671103,-0.20185706095080133,0.2662127867028903,-0.5142825388720981,0.020290954626174865,-0.4359323115960025,-0.20381757192141797,-0.41570276189665445,-0.2290892352579116,0.18793841113408558,-0.4849057011662634,-0.3946091910940349,0.3514911584499642,-0.14950155299900245,-0.21306587186665266,0.22912194595218124,-0.009702961986570953,0.7854073861077485,-0.22380694361276007,0.07351792006849796,0.17781332289146176,0.017045868765208156,2.712848404433809e-14,0.032808835594271064,-1.649677341806127,-0.7601957652344347,-0.3133373966429614,-0.2923635896530793,-0.10957337929005435,ckb1qzda0cr08m85hc8jlnfp3zer7xulejywt49kt2rr0vthywaa50xwsq0sc9f6eqnjfm8tn35nxeqtnm43x6aljdqj45cke
-2.098631485139876,0.8109113049337249,0.5527272325507882,0.7234530892489821,-0.5214322052899764,-0.2098680471856664,-0.39078239279554733,0.30881252496754263,0.07755794199882776,-0.2612363811753809,-0.7958050768220545,2.179085927964004,0.48530074109773036,0.1670413952940383,-0.29379558421828894,-0.2857315919972599,-0.21621871492248088,-0.0119041183293494,-0.11582111676676395,0.034067433506364694,-0.06262906229821716,0.12124898126956433,2.184030479459439,0.2973195589604774,-0.26874908071293846,-0.15953831059526977,0.054515920835926455,-3.082650912293331e-14,0.02169265567137814,1.0537813561670393,1.6226797435259839,-1.165074835562919,0.517608135454967,-0.23024250943259833,ckb1qzda0cr08m85hc8jlnfp3zer7xulejywt49kt2rr0vthywaa50xwsq0smcdjfuapeu9zuahwrsrtp4qetjgngpg5xr5fq
-2.176256804758101,0.2274583880452215,-0.054624668791935595,-0.027466640648325293,-0.02532109984794684,-0.46057842966113355,-0.06653660900987811,-1.3359245919790814,0.7356229958223708,-0.09836296154329316,0.2653950332871098,-0.8764887365071152,-0.21244842999577854,-0.5391815156824941,-0.005128979866197722,0.09052194634234252,0.10277602176648017,0.012446050910115587,0.13368016422660195,0.09292534661319674,-0.0004828600334321176,0.2129964974103515,4.873895903538975,-0.06949393261942216,-0.034569113226444396,0.004266280076445859,0.02810810083568213,-1.4656886004590467e-15,-2.342760572070699,-1.3245111746563698,-1.5016233009121531,0.5210177638355774,0.779391958097663,0.19145297036109957,ckb1qzda0cr08m85hc8jlnfp3zer7xulejywt49kt2rr0vthywaa50xwsq0uddvtx7dvuxl3cyasr6820dwuslmvvnqa8qtus
-2.0946911099604946,0.08638255971550561,1.0089724237902757,-1.5352621974854745,0.6174599518960041,0.43799352266585245,1.157352460565673,-0.21315849944864232,-0.11793387266282795,0.5565397837920214,0.23234220252962698,-1.6626780182450254,-0.38637982564367945,-0.023356893629633,-0.3001416723213961,0.15158215931179514,-0.037285790311728184,0.23454765807189634,0.06787342163180284,-0.24279404795843074,0.2547740774696794,0.1867938105041333,-0.9589544179335977,0.12537981191097008,-0.2535262453979128,0.15522403741921253,0.21248281456093998,-1.0426826013130696e-13,-0.28876879501448566,0.2199652626954854,-0.2765394662134918,-0.2519907501024297,-1.1713490875721853,-0.5035517769237862,ckb1qzda0cr08m85hc8jlnfp3zer7xulejywt49kt2rr0vthywaa50xwsq0vqkp4e093a5e6a2t3k08excpc3k74d0qpe0lt0
-1.1798651402425067,1.2487511231377584,0.28414277777698443,-0.901387882020588,0.7336266156393381,0.5934276024343865,0.30410045461662005,0.07417679796780861,0.12557486513623498,-0.7531219333450399,-0.587366879841055,0.20218929599449567,-0.6234534926172942,0.07158798615800607,0.034741189530027874,-0.03825310673388692,-0.14561009812876763,-0.014508724286265247,-0.15195014069456847,-0.12398587168390705,-0.048274834414406616,-0.09417552964430681,-1.4468920341595564,0.23935233322228694,0.06535807000482617,0.09473659978050891,0.021376564850069193,-3.8934078212786945e-14,-0.5410532389188347,-0.6691197397847718,1.3000170161096385,-1.7192160428492014,0.5795876480876719,0.19318676946908322,ckb1qzda0cr08m85hc8jlnfp3zer7xulejywt49kt2rr0vthywaa50xwsq0ww9n0ex40pmhtz6ltslng7rtl35w96nszujfva
0.6781016702677234,-0.3123327602672974,-0.3549520664055104,0.26014149199419034,0.025431440285812484,-0.6502581308636524,0.29319782578458325,0.21194232847860636,0.055248775742205214,0.07075334696049454,0.2671212643521733,-1.1789901366769777,0.13435060114821187,0.4009615096818303,0.03824265993829576,-0.087780731097307,0.13306465432861123,-0.17495720691525082,-0.2615721420805269,0.022308541349071127,0.08967109889493582,0.08928661784975134,-2.4470608068484414,-0.2590913229013461,-0.04146960526539208,-0.04113012038245112,-0.1279789632831292,9.610392641230068e-14,-1.6447802729934984,-1.3430895037897288,0.5655362332833717,-0.7352878410382817,0.050066189585154464,0.42904676056636787,ckb1qzda0cr08m85hc8jlnfp3zer7xulejywt49kt2rr0vthywaa50xwsq0x3yrv8qls62mqeylsvmzp5cqpmvy8quq7autul
-2.356224972357187,-0.5294074045754334,0.2567068950786614,0.06622753039820348,-0.48031498093503605,-0.710654975786283,-0.011208763773058163,-0.16096091803363116,-0.30190266781064823,-0.05800869661372702,0.24109310204093856,0.5108612232676314,-0.12983119562753184,-0.44621667469706744,0.1298599422120719,0.4771038460434206,0.27990313570219033,-0.46566140157710173,0.19573728459844233,-0.0031541905052251407,-0.04037960132004629,-0.2504369833333071,-0.4362870545520783,0.0186619158254236,0.006842329775705326,-0.15775988051571016,-0.08914428738900575,3.251627640790168e-14,2.6731613033893664,0.0852715677145942,-0.5971528945754323,0.8055960173457015,0.20490791258602425,0.15919182791359357,ckb1qzda0cr08m85hc8jlnfp3zer7xulejywt49kt2rr0vthywaa50xwsq0xm5pnqls5mls030v7q9l2k5aksglcvjgge7vq8
-1.9148507948778852,0.9187884580544745,0.3523073874225954,-0.35219020269773954,0.4905021506536291,0.5523367897591012,0.32707775758109947,-0.4634287929106299,-0.4618399021057725,0.3329764749919665,0.03499642629826917,-0.3630412527857254,0.26299550497184915,-0.18493867115434703,-0.19746649412699024,-0.09186964204745865,0.13493363985052204,0.242052223572273,0.25761071169297506,-0.00740462907976279,-0.012702814193548833,0.0657343057750329,-1.4597330914638889,-0.03241415586302904,-0.028780637393976884,-0.04743793966611915,0.009058162466172383,-4.9612536592571676e-15,-1.0741830572140179,-1.7969766557098756,-1.109407957279475,-0.7625756288506336,0.49864206438265,-0.3697134317943187,ckb1qzda0cr08m85hc8jlnfp3zer7xulejywt49kt2rr0vthywaa50xwsq0xtd3e8c9wcj8swd2swg90w95u6xt3zsqzdnx7r
-2.230011644060066,-0.22165122305476873,0.4004892835025659,0.7857617527131179,0.2562427527183181,0.20424379138261126,0.023823925652252928,0.031719005685991015,0.7293154298114286,0.12062059274709694,-0.017776704692105703,2.744882881908528,0.34331248774076206,-0.17959817659760116,0.34569157254215466,-0.3013435144079875,-0.3550896744125954,0.3595364877946172,0.19663701818006465,-0.0978808524795541,0.28141277301503587,-0.08103810687765609,0.2708711517503954,0.38342622365886014,-0.12551935112006166,0.19880403692067117,-0.22378494163254764,2.057045824962103e-15,2.364396002216378,-0.15797494064922776,0.5067570858659506,-0.8107477889689438,0.38982600089040426,0.22742003044806908,ckb1qzda0cr08m85hc8jlnfp3zer7xulejywt49kt2rr0vthywaa50xwsq0y6r5a4py64gccqrd77qvuhr8v3d2xfjcnrz45r
-2.3662306915712263,-0.3045749526786978,1.0616153753927773,-0.9106741322956622,1.1869527412666105,-0.5536270368605591,-0.3218721848232636,0.24077395244976893,0.30239568181769044,-0.3983510047136983,0.3534354573487289,-0.6077184514448767,0.051355671791342636,0.5104069900944809,-0.513267361969869,0.028878930431128602,0.36822145098470793,-0.42436429290936467,-0.06448444140489869,-0.1466660629422375,-0.11182987257056484,0.1104402389002721,0.44651859513034253,0.08852412928071743,0.0010186502246229676,-0.008311361900039206,0.05054921422589667,-2.8416599786467142e-14,0.6316078340072016,0.7042419509038215,-0.47839192796248103,-0.6988619727051607,-2.8511477441060564,-1.6430307033445122,ckb1qzda0cr08m85hc8jlnfp3zer7xulejywt49kt2rr0vthywaa50xwsq0z6h6nlju0mcdp0ny0sx77tmu6j2700lqkdeakp
-2.253624341100946,0.10123693157429249,-0.12251833273324217,0.9823321587992091,0.24168333019461757,0.054916724742484054,0.020336979839572628,0.3357338482369396,-0.3915326264576483,0.05663944311131147,-0.30091383864848514,-1.1054318424544458,0.3631475382020459,0.17792317237776592,0.2197274988767899,-0.07996226296658986,0.1108138776480523,-0.1125857044573937,-0.12424661813264448,-0.2775567085525401,-0.09029256013373022,0.07367544462871199,3.9891856885230643,-0.22084356737741392,0.0758434094638115,-0.004051328974482517,0.09007869387060344,2.4200919857290012e-15,-1.4939629795628535,-0.9298986253953632,-1.384241517934903,0.7036989290275951,0.2576041879731293,-0.2260530428963032,ckb1qzda0cr08m85hc8jlnfp3zer7xulejywt49kt2rr0vthywaa50xwsq0z799mwernws5tt7me85kr63jauldckkcpdyx4t
-1.9584877805626864,0.17911681714029173,-0.6153908163972414,-0.5911570675958905,0.18523109126958762,0.6103714201540892,-0.6250133608083076,-1.0726976500782133,-0.09966242172617489,0.31921423819841005,-0.07645595941132075,8.090694865233159,0.23715878520753805,0.20717813460222992,-0.05389309164915169,-0.4494148746651116,0.005202387044003506,0.08057165577388085,-0.08615001614991805,-0.04152943569223356,0.11322216629219023,-0.05231539225958855,-0.3936263440202334,0.16453962404498568,-0.33037407393588236,0.05501202877485168,0.04172189272727331,-1.501432752752363e-14,0.9159008345881371,-1.2229513200776423,2.244399253151053,5.112359930256296,-0.805559490082218,-0.3144185959089334,ckb1qzda0cr08m85hc8jlnfp3zer7xulejywt49kt2rr0vthywaa50xwsq20u0ncxwckqw79c9f9kev5mlckwsmj8psnrz4u4
11.856536131573103,0.4557212759941306,0.20043441176441318,-0.6046780469291176,1.880441816981037,-1.3011029197810244,0.768791479709586,-0.10173170746826984,-0.14479195936453468,-1.1758591209776588,-0.9427840395623258,-0.5805486475100596,-0.37341429396856674,-0.22503925447542134,0.3650586794654173,-0.07683767077149294,-0.26471427836981104,0.46550714053386105,0.30859675991133034,0.016478760842373784,0.16069555512379635,-0.4277621064420095,-1.137301796594129,-0.11658239807749166,-0.2992493242200156,0.29582946349890404,0.20224402699841745,-5.26961272163387e-14,0.15652422427312987,-0.2737151198194634,1.983887487646935,-1.4031569580569623,0.5084167570636124,1.1739313479997975,ckb1qzda0cr08m85hc8jlnfp3zer7xulejywt49kt2rr0vthywaa50xwsq23ylk2ds3ljwawtj47npyhqersnxamxjssl8vaq
-1.818108749907595,0.25213710684949264,0.48461504115485743,-0.12029336246306156,-0.12056643524190139,-0.3838841606064327,0.7022085800621364,0.9390076399575119,-0.28651286829831574,-0.377022187741827,-0.2804673342644076,-0.08314509752104089,-0.026453685492111332,-1.0387333781420596,-0.5662147918659194,0.12592849534983758,-0.16160882516520486,-0.6589491323305345,0.8858867853877068,-0.15375400739164047,-0.5444525483195938,-0.09730435137632291,-0.2145514630475483,0.24198652056467118,0.12866335822051345,0.22519875060501793,0.014278840139314528,-5.890046516860116e-14,0.09644221506777154,-0.18429140044752534,0.6145031994980861,1.3400091344334617,-0.6347786624579222,0.1314505213576999,ckb1qzda0cr08m85hc8jlnfp3zer7xulejywt49kt2rr0vthywaa50xwsq247yrzkaul6mzgfrs74hr5t7q0l3ak8ugacfdq9
-2.032453424493193,0.8333521446080763,-0.07092475186618422,-1.0362567507112876,0.6791677182282368,0.5705240075047219,0.25049323621693,0.14651079277518586,-0.29545451436674264,0.3084410538765442,0.06635771708893741,-1.8702178464999102,0.3074093541876053,0.08891713372461588,-0.32588182689716855,-0.010323843717419873,-0.002441383737947293,0.23068992477904374,0.2723564773528716,-0.1581518641668036,0.13074061449929758,0.024146536992758375,-1.5766106440176009,0.16254497014316677,-0.06865959774002615,-0.007030111675518495,0.07649407284931034,-6.513534159394065e-14,-0.6768728515501623,-1.617124979672394,-0.8265972856241143,-0.2004015728704274,0.33266560873984974,-0.12994434979487474,ckb1qzda0cr08m85hc8jlnfp3zer7xulejywt49kt2rr0vthywaa50xwsq258cy8km6ddpzdassg6ksjqjvdr3c0aeqavzlpd
-2.224687090895306,0.3499465649394385,-0.056963313676219186,0.3381090038112811,0.08559639743939551,-0.4561580385066029,-0.2877707694901629,-1.0782519333265903,0.8454929716378754,-0.14667114175696327,0.23869306709528368,-0.7599150810691224,-0.06811097006770576,-0.37641472034302703,0.009250001634656982,-0.2793609896543479,-0.20157277236486165,-0.24346656692946506,0.10849094018634035,0.09378801631847877,-0.01899177058499168,0.09811264998530177,5.1500169130236015,0.03525555420155157,-0.004193266600738052,0.027695140409226198,0.07153865220507358,-3.23298886850384e-14,-2.2102778608026474,-1.5142914982004996,-1.3947072691367308,0.34933926400279236,0.519625183589064,0.048555536179237004,ckb1qzda0cr08m85hc8jlnfp3zer7xulejywt49kt2rr0vthywaa50xwsq267kk27maadm0c09luxfqgfacyt70arugh7lh8k
-2.001591683627956,0.6145751316548633,-0.0718588703091374,0.691828321157246,-0.7508853629937131,0.04622733821968415,-0.8866709386610151,0.2711991402608932,0.3196702431632965,-0.4618781149862955,0.13455514424418757,-0.493073122016954,-0.3913574537552845,-0.32975469283450687,0.021238202809402872,-0.25456527304479126,0.11887855233900128,0.15848447317346323,0.33426980383509924,-0.44423145370490064,0.1943109943456295,-0.10465862332450394,-1.9457536917491174,0.05501633464235434,0.24904941272080552,-0.26007777521905695,-0.08555178288633083,1.682922707385109e-14,0.0879398633546608,-0.2056807668632557,-0.11548130498625996,-0.08341060667503648,0.10551248881668486,-0.7441138211499649,ckb1qzda0cr08m85hc8jlnfp3zer7xulejywt49kt2rr0vthywaa50xwsq270p8pvg8y2nugwcsq9syredeq5ee5mxq2x87jl
-2.3525378297939414,0.2228823092439812,-0.23271792710741962,-0.7395560443905552,0.1669193017797028,0.09112673392873703,-0.6209658055460039,0.8518631861385014,-0.2353669705080968,0.0476279130199649,0.8050226680980399,1.6825257079792648,-0.10305091163322941,-0.44619995682307745,0.3588098622171649,0.3430820650954502,-0.1376618518185369,0.11115647849521809,-0.17910733980482813,-0.21883042988657686,-0.3334098147024368,0.0738654138482966,1.2819203463252418,0.00018607986976208605,-0.06292559124019287,-0.023828573729517598,0.07711203926214855,-1.6572437128190477e-14,2.371989735756268,-0.8002766521068588,1.375308759183002,0.8677613543296104,-0.25576164580655936,0.5188408444791336,ckb1qzda0cr08m85hc8jlnfp3zer7xulejywt49kt2rr0vthywaa50xwsq272xupqa54z4q8z05qt2fywfvdcuxd4dqku7vr4
44.623720182291024,-0.17744522512352837,0.4990078938386958,1.1254843859581822,0.6402034385901064,1.2840022854970263,-2.2441928701467293,-0.7456282346458877,-0.2699213005926785,-1.4106026094610815,0.506178757713207,-3.0720818876641824,0.8626868114663292,-0.07422752783189468,-0.49556087229872203,0.060842381419622095,0.06883360479849504,0.5994295073015706,0.6433499165524468,0.0921645347387043,0.04155459746955958,-0.17029880969912695,-1.146640805399749,-0.040961831559105245,-0.16550311811448956,0.03845607961671403,0.36035558240623766,-1.4079137230217836e-13,0.8757860164394872,-0.5893567179631111,0.03971145573768824,0.8665450648895948,0.42082728299918093,0.23565155549589833,ckb1qzda0cr08m85hc8jlnfp3zer7xulejywt49kt2rr0vthywaa50xwsq275zthc09tdzvgzlycvrl8p5n2ea2e7as0q8aes
-2.2642183679974837,0.19087913147926944,-0.20980382550240526,-0.9177254617614361,0.057375059410197375,-0.4849980685486926,-0.38476519113652896,-0.4340361889844128,1.0651356691349816,-0.05529881894320854,0.259808870077467,-1.7803635814919374,-0.06881809212951005,-0.006056254378935446,-0.0759457475996906,0.07430794300117179,-0.3564485554945098,-0.06357620925986766,-0.13129694568075517,0.16097431436287923,0.19124133502319207,-0.1647825305073707,5.277286355009809,0.04312637163333776,0.04515536816756204,0.021022100923644853,-0.011998253863056002,-7.682937538359923e-15,-2.123035525298576,-1.4611112370729396,-1.1500139287349969,0.785754639683855,0.5753131682796736,0.5781032727446247,ckb1qzda0cr08m85hc8jlnfp3zer7xulejywt49kt2rr0vthywaa50xwsq27hu6zh0dn2w848xsrkt3303mj79ym6fqdw7xqn
-2.185006110456681,-0.11479095023322888,0.6314368280975468,0.17220228512532978,-0.9529446514987922,-0.6939596979580354,-0.11708171666106924,0.02353773683128239,-0.2715218363032572,0.30581802207383574,0.06497506610028722,1.228413104846768,-0.11840823498254767,-0.5020992042440141,-0.3759774377225682,-0.1369921190182173,0.25416700189848684,0.030747008106216108,0.2518096371148999,-0.28432887948401325,0.0757248403388368,-0.03782586212044824,0.3707750624580503,-0.2536800163600003,-0.016805311479774838,0.044790691325497525,-0.046750421836373755,6.012146760007689e-14,1.2095741776868358,-0.7189042263251854,0.441064482870014,-0.6721630606591947,-0.15603894858508896,0.25806220836909327,ckb1qzda0cr08m85hc8jlnfp3zer7xulejywt49kt2rr0vthywaa50xwsq28ps4hf8swzexa6ky8dp2q540tsrvz60qt2wtqk
-1.8981651405947804,1.1369046863889842,0.3477063078240875,0.17841383547225872,0.37618477687433244,0.8029656379752474,0.12845255130073316,-0.2481340443873693,-0.11644333997220128,0.5096060971882577,-0.08234394730784517,-0.19723977146154345,0.39764001920571723,-0.04871702254136637,0.054863391534486564,-0.24672597066201704,-0.027092774276664497,-0.04711138526490048,-0.05338479788983624,0.09108932937045945,-0.10278169970292092,0.15764071372004076,-1.426704502724861,-0.0491135435173969,0.03713877184409457,-0.025473240512547082,-0.023705498095363948,1.1248002500270118e-14,-1.0856299659358073,-2.124546871612527,-0.8537351433882802,-0.8759138912769358,0.1649709587480827,-0.6062676011997501,ckb1qzda0cr08m85hc8jlnfp3zer7xulejywt49kt2rr0vthywaa50xwsq2akxm0aqm8896a8ma4x7tsj0nugj4ldmg9egwhg
-2.4116349598991085,-0.37871650293896303,-0.38404988498141884,0.4024622472405173,-0.1468150605789833,-0.42356961268611365,-0.06791610507419958,-0.4415505957877889,0.48823999475763674,0.11130054389868516,-0.12245905126338018,-0.3582177688795847,0.41328159687411575,0.029415628921858714,-0.1989294804102888,0.06934924442634648,0.2248121886446071,-0.19949266116653144,-0.04581917096626794,-0.02226396517014239,-0.013030713072790164,0.15544916619044638,-0.5711802446704322,0.04927724133221118,0.12214223844464756,0.1705108900783248,-0.1868732105338202,4.716832189598464e-14,3.2140365830762874,0.9200198908115315,0.11502162848989662,0.42703085845776206,0.4189073862616222,-0.052168832482849745,ckb1qzda0cr08m85hc8jlnfp3zer7xulejywt49kt2rr0vthywaa50xwsq2da0jqygw442724a22vmvse55pez5zw4qtj3mmg
-0.7685363103725389,-0.44328119264816673,0.1946737027957385,-0.17474337900631778,-0.17274081796166327,-0.1333313003428741,-0.17117566370249107,0.09745952868843481,0.5195794332996888,0.23860758084432135,-0.20803909058217737,-0.718783842507471,-0.3164669494858774,0.012215654498818984,0.5753370826441695,-0.23760872929350776,-0.06163716264950691,-0.13043335616903928,0.1316910092576275,-0.0831930032283698,-0.1521688531402408,0.0341854872644913,-3.4521304301859117,0.11313969961062065,-0.005498701878026075,0.058604366664291606,0.0201554642685752,-2.59940013132335e-14,-0.4638046684937867,0.5349711273372636,-1.1016731555247499,0.5382640277372835,1.0239003346854803,0.1704710910357394,ckb1qzda0cr08m85hc8jlnfp3zer7xulejywt49kt2rr0vthywaa50xwsq2dn39wdkj33e7v03mx3mg6raqh365hpnqp2nq6r
-2.2642183679974837,0.19087913147926944,-0.20980382550240526,-0.9177254617614361,0.057375059410197375,-0.4849980685486926,-0.38476519113652896,-0.4340361889844128,1.0651356691349816,-0.05529881894320854,0.259808870077467,-1.7803635814919374,-0.06881809212951005,-0.006056254378935446,-0.0759457475996906,0.07430794300117179,-0.3564485554945098,-0.06357620925986766,-0.13129694568075517,0.16097431436287923,0.19124133502319207,-0.1647825305073707,5.277286355009809,0.04312637163333776,0.04515536816756204,0.021022100923644853,-0.011998253863056002,-7.682937538359923e-15,-2.123035525298576,-1.4611112370729396,-1.1500139287349969,0.785754639683855,0.5753131682796736,0.5781032727446247,ckb1qzda0cr08m85hc8jlnfp3zer7xulejywt49kt2rr0vthywaa50xwsq2efq967zf7uw4g2nazz6mwal8ehl3yfrgn5r9vq
-2.3781530389591836,0.45611852091262667,-0.37218538937914425,-0.27364596629462623,0.7891055984956035,0.44644853676131113,0.5647862608055595,-0.30757711767171747,0.10759117672987577,-0.18216610666051125,0.004029919250156083,-0.18723420875470884,0.5739059061303773,-0.3067639996508767,-0.11392626030257515,-0.14655396680505828,-0.012876043253739242,-0.0006882343057862801,0.3010506573260265,0.2295319944998829,-0.07307367066195354,-0.3274535366870726,0.6780679521701957,-0.08384371284292268,0.02985520780921593,-0.07779154198269887,0.03130288250954452,-4.8805116383725324e-15,3.033301872422877,0.052724365857774,1.6743507542160676,-1.1081545563725432,0.26233668768119456,0.4217751716290123,ckb1qzda0cr08m85hc8jlnfp3zer7xulejywt49kt2rr0vthywaa50xwsq2ejd8f7wnaln83fx7u8g5tr0sv8jpuwpqdfm05a
-2.3372306840722183,0.4084399186303147,0.11396009736064323,-1.278089797273178,0.2937263236040289,-0.13211658724771702,0.004351862375613218,0.09414095302186844,-0.12550427039262568,-0.2384993668505913,-0.13757903234362767,1.1975024940746624,1.0028063977248958,-0.35550474697716367,0.16526525363667036,0.25638370087129675,0.42390977143004666,0.28462818011382374,-0.1370598983723527,0.17313812723971844,-0.10280621842086661,0.3129356925870067,2.0193677949326143,-0.0929464425794308,0.06373145443479593,-0.13187691490259282,-0.09119041376383623,3.6618460480266855e-14,2.4590580128565187,-0.12531389967845846,1.6548042161676686,-1.0384368475854897,0.6041289508880185,0.9904702805351393,ckb1qzda0cr08m85hc8jlnfp3zer7xulejywt49kt2rr0vthywaa50xwsq2emn0uxk7ch03desrc0r0pc66ukaz6p8ghpddey
-2.496057921848006,-0.24670405136396073,-0.5037645440624096,0.2949890718872993,0.5091314080432877,0.05799985927920858,0.22392135958714848,-0.09738761573005841,-0.2318939304931742,-0.324547885259326,0.26925705756043,-1.1359139989255653,-0.29362764909663774,-0.1125568864942603,0.004171558902529,-0.17114508942834444,0.07402023860404287,0.05420244193020875,0.17410919230128918,0.12934851283263188,-0.13888847842176313,-0.24173419361375198,0.76064352693907,-0.15014740087836584,-0.005734595694094271,-0.09205731449547443,-0.12257871110727693,8.249404039962726e-14,3.003360206084737,-1.2887224793851189,-0.21163225420096363,-0.07736325421895436,-0.3570638324789604,0.20378084941548183,ckb1qzda0cr08m85hc8jlnfp3zer7xulejywt49kt2rr0vthywaa50xwsq2evwcurnqel0euyf4s2pgkut48dgp7fsg3tdhrk
2.300631529687426,1.17308286644547,0.31527733422901155,-0.6558887965936456,1.042340879878048,0.2829008721041432,0.34849724095092044,0.04786562316705124,0.16395283521966478,-0.6738145508346567,-0.6322888602286024,0.0630519249452253,-0.6709005488071528,0.0687911706715352,0.15586813983362327,-0.11487705781913075,-0.2232753087983481,-0.10177074603280421,-0.1487824374850244,-0.0649755258617911,-0.1297652957164728,-0.052417785790317,-1.4591636302713666,0.19462298722825425,0.11073600740264469,0.07952012109838014,-0.04178809500143228,-8.513967338057669e-15,-0.4054599273952638,-0.7604268363328804,1.4505528669301866,-1.6859247650811808,0.4617652095542032,0.3138405386944154,ckb1qzda0cr08m85hc8jlnfp3zer7xulejywt49kt2rr0vthywaa50xwsq2lfh4w2sguefdcw8fmehy5fpaenhehr9cped0e2
-2.010601464534506,0.9695789189423119,-0.050768587987008534,-0.8693375236188625,0.702356328406202,0.7992052948980612,0.18217712623839186,0.26761062901057825,-0.15142040896366804,0.40946708869155957,-0.02510079722757902,-1.8569934386234792,0.2840199118468241,0.13244327993429836,-0.25662205650292336,-0.13186878745814984,-0.0781165390820472,-0.0025668054430256623,0.10384864963013353,-0.0531969591945418,-0.046500969943408445,0.002241937795580048,-1.5049072194462627,0.0995381856001715,0.050398575949841914,-0.028088305698975927,-0.06869724936519002,3.920530537744085e-15,-0.717985168524354,-1.8369256971299601,-0.6804995691819483,-0.3180451184361708,0.1714903759462046,-0.19277899510792887,ckb1qzda0cr08m85hc8jlnfp3zer7xulejywt49kt2rr0vthywaa50xwsq2mu7xj6mj90s8dxxnuqxyty72rg72ydzscwk9vf
-2.234000450270455,-0.4764209752140553,0.059137202527912325,0.016089237597683364,-0.018286610156030426,0.19791765485920945,0.3902539014821059,0.12461177663600387,-0.31252342530230715,0.3837670038809803,-0.08381306205710726,0.2778821225614075,-0.17240066960903017,-0.4208980791746992,-0.32264108703730715,-0.03141622943034407,0.16276197672513987,0.6367725124458384,0.07883339111072575,-0.08690740189589123,0.4485632131168999,0.14222443491823733,0.7168810920815591,-0.11815328293484319,0.021117938618178973,0.17211022498882272,0.023501051096106198,-1.553865267477406e-14,1.3626975752380581,-1.9563862798771465,-0.08154326586861861,-0.6076744074275117,-0.26308793374163764,0.6027339891323628,ckb1qzda0cr08m85hc8jlnfp3zer7xulejywt49kt2rr0vthywaa50xwsq2nku3pd5gl7m6pp0cdx7m9gk2t9pswywqcqwjch
-2.253624341100946,0.10123693157429249,-0.12251833273324217,0.9823321587992091,0.24168333019461757,0.054916724742484054,0.020336979839572628,0.3357338482369396,-0.3915326264576483,0.05663944311131147,-0.30091383864848514,-1.1054318424544458,0.3631475382020459,0.17792317237776592,0.2197274988767899,-0.07996226296658986,0.1108138776480523,-0.1125857044573937,-0.12424661813264448,-0.2775567085525401,-0.09029256013373022,0.07367544462871199,3.9891856885230643,-0.22084356737741392,0.0758434094638115,-0.004051328974482517,0.09007869387060344,2.4200919857290012e-15,-1.4939629795628535,-0.9298986253953632,-1.384241517934903,0.7036989290275951,0.2576041879731293,-0.2260530428963032,ckb1qzda0cr08m85hc8jlnfp3zer7xulejywt49kt2rr0vthywaa50xwsq2nwlee8epequkd94qh3k5uymjqxgvfktgxl9jd3
-2.152350914849599,0.4937205081106043,0.803181952568729,-0.29550669796493495,-0.08895799876827823,0.1424501032186957,1.0825364928738155,-0.6126157665263562,0.12523551560956458,-0.37540201552214103,-0.920237436833052,1.0267798023591168,0.16124373412610238,-0.46600100611048767,0.4694590939433087,0.3211624242669122,0.3444479313137932,0.03000702258779597,-0.0862726110778521,-0.3654041661019036,0.35324834810754197,-0.1357380236242677,0.3556769774406747,-0.2880803058245514,-0.004442939661377883,0.23588699071655722,0.25959456399405245,-7.19554289527762e-14,1.498732577515352,-0.7956618804226109,0.7801613349372081,-1.1263371101820236,0.15053870356598295,0.40189010873736863,ckb1qzda0cr08m85hc8jlnfp3zer7xulejywt49kt2rr0vthywaa50xwsq2pgrf442dam0aa0l8gd2s8jlxfu7hha3c7hg4qq
7.560935576817134,-0.06057600686610685,0.5735524669065195,0.7844388268014139,0.6126519560238352,-0.8924164262079505,0.06912583000317528,0.4004756840052778,0.5388290218964525,0.39234590599184493,0.30758156975551165,1.6136557281673802,-0.24081080977596536,-0.17959531414622232,0.2026647760632539,-0.05212064877555671,0.3679761796837498,0.24509823083112547,-0.16799977790838647,0.2507064823551424,-0.15766205840496583,-0.12738171220606678,-2.3579677277141617,-0.03929451125895151,0.12911887399062244,0.05796088602902299,-0.11528060394212764,3.6118324643455886e-14,-1.4713096171217126,-1.0983142345632615,0.43507936415888204,-0.6370397433505265,0.3633721860417229,0.362544505730698,ckb1qzda0cr08m85hc8jlnfp3zer7xulejywt49kt2rr0vthywaa50xwsq2pnp7gglp8clvahem5mpf7wmr0pjk5krgf4lwf2
-2.0255062900505045,-0.2728701719824509,0.6896514446349655,0.6638499671683596,-0.7699891177391304,-0.10663099744043968,-0.584561850429313,-0.1548001671050821,0.09392333844531506,0.6410844820739696,-0.0312941609980782,4.594431950509464,0.29106912121747547,0.3409371263967908,-0.11388271140720692,-0.015052000968032915,-0.450704084625978,-0.0939790970122891,0.005654755280486419,-0.24998927570407534,-0.049542390153823064,-0.10045891761384465,1.2684295013299847,-0.05575711645413679,-0.17311015590952833,0.13953631278233014,0.02614625650307351,1.5296089005838646e-14,0.8705930437793413,-1.3112876144275,0.9432834917776115,-0.832847628925531,0.005762168285140267,0.21185954509755878,ckb1qzda0cr08m85hc8jlnfp3zer7xulejywt49kt2rr0vthywaa50xwsq2qjj3mqkrdhzuga2qfzf72ma38xhpsaasfj3trw
1.0407620006327305,0.7042206310113,0.6096483020692355,0.16290054560812092,-0.2772729497297593,-0.23464252204510241,-0.11817669424090335,0.049967798395937145,0.4090753072162686,-0.33129800649374547,-0.6065765465039241,1.7120058087987207,-0.2287066112880442,0.4736007942261206,0.2706406598436544,0.14220195244209788,-0.013805191610787445,-0.2557590959621204,-0.4830094652323694,0.21050136264427913,-0.0299434207962939,-0.10013692991060785,-1.715014348259842,0.05728424433730421,-0.017675154146955745,-0.10269194622946835,0.028279826864170295,6.404973169454589e-17,-1.1229425977310044,-0.813641972325675,1.4227435952661853,-1.8979809215164034,0.41644736142637384,0.10896759258142807,ckb1qzda0cr08m85hc8jlnfp3zer7xulejywt49kt2rr0vthywaa50xwsq2qtfq8zdd9rs86hslwh8j4h8qjk6r3e6s0k50ul
-2.26210062917954,-0.3844039082737114,1.3767136680633676,-0.526443595070777,-0.5967120734963418,-1.0082382796747895,0.395240939605614,0.3455502094428863,0.2523361806163182,0.28486909543100336,-0.13735443958759297,-0.7689398730645475,0.3483058109425557,-0.2204602233954198,0.23066427236525153,-0.647977132922242,0.3288142893018414,-0.274030200014141,-0.06566261551219615,-0.0019080156737821688,-0.261099322238934,-0.11625040061813224,-1.3578177154647788,-0.003881540706982698,0.09794397257092655,0.10761054249489799,0.15412020075805005,-6.140149741805999e-14,1.1811922582356613,2.1827567231535574,-2.143450538851341,1.3920363431613016,1.050707635307939,0.08429913427750246,ckb1qzda0cr08m85hc8jlnfp3zer7xulejywt49kt2rr0vthywaa50xwsq2rsu67gzxhacdwpzfyc0gc5q9vgr6aztc6y5n8c
-2.01546562867648,0.16853247037688496,0.4968803642294089,-0.9884621280662961,-1.3358655361497203,0.010428673908861113,-0.7806303447218962,-0.09031639491562383,-0.6364624429514909,-0.5358541539648901,-0.21733852280525998,-1.6739969188517394,0.2692487032678926,-0.4402572449119744,0.06265312239012355,-0.3160950924551867,0.2500832311559566,0.0011078059747090428,0.09790003936984898,-0.2076402129647703,0.15182047924937495,-0.039328149677513045,-0.45917989987365543,0.10868404777856461,0.14497804256877284,0.024455831647232588,-0.01902571107912603,-2.3574016589264894e-14,-0.0957264610991859,0.9975096189641227,0.2588225611015019,-0.39223471613012495,-0.1782727112117301,-0.23835748275365015,ckb1qzda0cr08m85hc8jlnfp3zer7xulejywt49kt2rr0vthywaa50xwsq2sfv44lf5g89ha2q296zqm8savzcyqxlsulsx6f
-2.332147203674566,0.3090361505639711,-0.24186991855398518,-1.022764010771121,0.5208717250753767,0.19795367639340664,-0.04955058348227274,0.30670000265429975,0.04055864517818381,-0.24951026615535665,-0.15518910867877858,1.6783204525160063,0.8583357753709489,-0.4485022066670729,0.3140646568344829,0.7289347981689095,0.15186557419064073,0.05840170165537321,-0.14192373424185786,-0.2563809983113396,-0.03214327516680456,0.0955539676632282,1.543957761491339,-0.05357751424906743,-0.0629803894529208,-0.016677397160863004,-0.17684041865968225,7.089356460893946e-14,2.5890691777526076,-0.15458119573625834,1.8343069852522962,0.05597078940281088,0.38068034847299137,0.8008521922589608,ckb1qzda0cr08m85hc8jlnfp3zer7xulejywt49kt2rr0vthywaa50xwsq2uj8rfycz3s3h0m0h62fj8mvxluqr627s8j5led
5.565141578153867,-0.35200789742246447,0.14932958053036016,0.8707362312545023,0.6933277223258066,-0.7781925530473361,0.34924711852802925,-0.04801687395441937,0.21124849641487758,0.003029310923578588,0.19469138317307333,1.0793155955425817,-0.531072594817954,0.07663751514166929,0.0585059991714839,0.26167764960225326,0.17217385319462403,-0.04708358354434435,-0.06931541181999386,-0.16575610930563367,-0.15597965389707422,-0.32000762984832426,-2.1137914720447983,-0.009316120690141155,0.018128013475406192,0.1326981087377162,-0.3183373934886514,1.2896421813495716e-13,-1.7229510314355947,-1.782220865433804,0.17751566795464715,-0.3809495331231458,0.12326052808133674,0.312320164504567,ckb1qzda0cr08m85hc8jlnfp3zer7xulejywt49kt2rr0vthywaa50xwsq2uxysa465m2k0hxh4zefzd2k5j36dly3gxkjc57
10.264607523664088,0.3266213335374689,-0.7928233815919423,-0.5192683871898178,1.4906447734309238,-0.658511658547955,0.053777037814046184,-0.8941666676064963,-0.28160203267115963,0.11964928488552509,0.07413352464845777,5.332992396720818,-0.27765939542977863,-0.1286921036322715,0.11167275171127491,0.09168999405989299,0.7726353693651806,0.02145389378628925,-0.3003276349980762,0.5257470584123084,0.322906920049362,-0.06482895770284736,-3.5138385518545148,-0.019321999861976955,0.11710968114512157,-0.07014365135583468,0.001431473429624044,-2.0359999403274314e-14,-1.6780160091365,-1.4673303868915921,1.939569296217661,5.477837745965586,-0.5629737333387053,-0.0836371151023728,ckb1qzda0cr08m85hc8jlnfp3zer7xulejywt49kt2rr0vthywaa50xwsq2vr8y8dws0jkz062k8vlpafpu8x9rucvcggdkr4
3.892016395483901,-0.3119157558688034,1.1175895956895285,0.8161924179945176,-1.001882340531583,0.6781138338091452,0.4111665926700416,-0.07391267041422205,0.05608769801196204,-0.20156512339924854,0.7122985397015608,2.5003710723364954,-0.3905022539247176,-0.05662846986531938,0.031680704432641246,0.13217114142553424,-0.009347203196092306,-0.0004314904985770365,0.05546033878621826,0.2677298366757288,-0.27771348755326647,0.05583983236791062,0.17810469489796862,0.17239867291206443,-0.05737194727859131,0.17591337362823736,0.09012551232184794,-6.836484219316562e-14,-0.16910198083910669,-0.1605572709016844,1.245169224828694,-0.6491816731479721,0.1047342712602796,0.32939123964223743,ckb1qzda0cr08m85hc8jlnfp3zer7xulejywt49kt2rr0vthywaa50xwsq2yg6kr7zvjzw0ts2j7qtkd6jzr2kq3g7sdh3azr
-2.041535153706271,0.7974084430250993,-0.5137184790664521,0.5263235433431841,0.14538306054523922,-0.030047630016817643,1.1199660008087091,-0.7135803529558441,-0.2752263479353015,-0.03127050940516041,0.8228015025346024,1.0141299701075042,-0.05180692975846886,0.6022991320014796,0.3172583148970534,0.5294157765607156,-0.031063818604399326,-0.1878988375522079,0.18873049007239429,-0.017527513797771618,-0.00852997683255796,0.1218441408465618,1.056503341401985,-0.09949268006091277,0.07360517522807698,-0.03105835778770998,0.04077376824826148,-2.5867190488922366e-14,0.33992376216184195,3.8173822555638393,-0.23730347671690386,0.08410561742616882,2.0762564871357467,-1.2367874166223938,ckb1qzda0cr08m85hc8jlnfp3zer7xulejywt49kt2rr0vthywaa50xwsq2zuyw4u22256gp6v8s6na4p7esyg4h74q68r5ue
-2.294213104921065,-0.4365273619244209,0.04889215796008755,-1.1595786512407942,-0.14719280432127346,-0.7060352629039215,-0.45299406304179357,-0.14575370944057855,0.05628987248342174,0.11378004486600411,0.10346040763052235,-0.7451014901754263,-0.5507195697941569,0.6343733443972549,-0.8755362458651182,0.19999465735416605,0.11425307902528788,0.05458606950032933,-0.44529981155048187,-0.4998323752005704,0.173789758407827,-0.03687865564830209,-1.4204641332793608,0.14300326858247625,0.008344739431407278,0.038129373725340344,-0.06496345235266912,3.092017814600315e-14,2.2571969047889375,0.4709004872478154,-0.9698746875357097,0.24050670482479208,0.8462922075318825,0.22155527367281896,ckb1qzda0cr08m85hc8jlnfp3zer7xulejywt49kt2rr0vthywaa50xwsqd280gcprvtlm89nyxuc2ru9e2tqe0aewcks0h7q
-1.450210650798533,-0.8216990235007435,1.330142492756648,-0.1435455682807271,0.5969841224219904,0.2962989750268091,-1.046552377650264,-0.22621126779600256,0.23341260809338157,0.07830033298205064,-0.6981994535125856,5.358024795260715,0.4410443438215217,0.7945526621768079,0.4164965028517465,0.6320934624147435,-0.4404921821140815,0.07718442676922212,0.10949975181382503,-0.1600862198083558,0.32665393212252497,-0.021962492398448843,3.38285184306762,-0.1058906803876332,0.0366209833976718,-0.2716256977159328,-0.0428536543516779,2.233658292827187e-14,-2.7830032692265734,2.1652894302807253,1.9311370758197957,-2.031043055726592,-1.6642312325297415,-1.205422234293536,ckb1qzda0cr08m85hc8jlnfp3zer7xulejywt49kt2rr0vthywaa50xwsqd3ele94wtw253dum78vpuuy2rcspueckqp9hktf
-0.30492800399731573,-0.0029815107623980836,1.5050474014652342,0.9869631465599648,-1.0248810410299753,-0.4225269121342837,0.16031765586625202,0.3592731173611225,-0.27349114159365084,0.019899965379941337,0.21493152780868902,4.069423846345875,-0.33971829316401997,0.35892117349582137,-0.03907130195672168,-0.28542492031564815,-0.5849671110684451,0.017193228893437107,0.2565854748305593,0.21643819628602298,-0.13669135935905513,0.2496723368896176,1.557044836779131,-0.06062571093137053,0.12746506397964355,0.14261745314839874,-0.1277264944319614,3.862827778592075e-14,-1.5764553388567677,-0.2516709607048414,1.2099371778672825,-1.6073903749225948,0.2461318281380436,0.2637492696189495,ckb1qzda0cr08m85hc8jlnfp3zer7xulejywt49kt2rr0vthywaa50xwsqd3w85684vvlhfh93nrvkq6rz6ve7xu0ugjyfg3s
-1.8981652464575782,1.136904065319585,0.34770566363111755,0.17841786690479752,0.3761896422664112,0.8029678186329015,0.1284562825155456,-0.24812863849023165,-0.11644400029856132,0.5096060331826244,-0.08234218294403894,-0.19723845444000515,0.39763948930787035,-0.048717609931608036,0.0548606680747374,-0.24672230130306633,-0.027094738398590237,-0.04711389089807076,-0.05338552332473589,0.09109405436779579,-0.10277265724088483,0.15763422133068708,-1.4267140418927327,-0.049107546823986784,0.03714185845822672,-0.025471864031669136,-0.02370319768993769,1.1248002500270118e-14,-1.0856254012374311,-2.124543014403976,-0.853738053914602,-0.8759097772671105,0.16497113773623084,-0.606270413830983,ckb1qzda0cr08m85hc8jlnfp3zer7xulejywt49kt2rr0vthywaa50xwsqd532x7yagmmqne0jkrwggysarh5kufcjgp5ry3g
-0.6688161446603983,-0.39441928335974846,0.8204378811932503,-1.5028000075243992,-1.7983343113675465,0.002397928967097901,0.45770485246086284,0.9113293243950715,0.1619089321937339,-0.25712381234226594,0.04140741541337394,-1.4871080720191547,0.473994344178763,0.11046325308720382,0.06420405458723688,-0.12447779040382058,0.07619090544897328,-0.21515769416680122,-0.34040954318665606,0.06806670485533187,-0.1069307071815724,0.08430885459016128,0.6302582428091169,-0.24953545898513718,0.11974265293649732,0.16182596111988948,-0.0564140857125791,5.2458764498834224e-14,-1.089418510024792,-0.5338011106269508,1.4694063150077015,-0.06751336042103831,-0.3597250677949089,1.3261893435827314,ckb1qzda0cr08m85hc8jlnfp3zer7xulejywt49kt2rr0vthywaa50xwsqd682nhfyu5lfzt4gp9cmrqgsjpesm3pjqf252gf
-1.897334744198915,1.0183742386525705,0.32653229457635813,0.11560498498652226,0.13013917725527488,0.565801083847473,0.14729707114694388,-0.28931210837657434,-0.18477190951708702,0.5031198539703088,-0.07265447102667821,-0.2609061844570111,0.4717702188466585,-0.09186566184124974,0.14991967693061156,-0.07837244875010216,0.16694661415880147,0.23907514285660125,-0.058862010852607775,0.10054424874669439,0.19946005219186785,0.24911832364442762,-1.5280154203367524,-0.21142251716178936,0.026977517380309252,-0.06375999189643818,0.02414175772254309,5.030753562369241e-15,-1.0963764472341218,-1.9510746247880435,-0.9084595305754597,-0.7863215791497756,0.26543671831946686,-0.5546974264574278,ckb1qzda0cr08m85hc8jlnfp3zer7xulejywt49kt2rr0vthywaa50xwsqd6raz9mkh95xl7tg8ymg7klqz7ns0af5ctkwa53
-2.1811782977567518,-0.012281012664956218,-0.37082586267572193,0.46343136202291646,0.4032196367673874,-0.6845524232509203,-2.491887765611799,-0.18746797595384956,-0.17067948710083297,-0.6418372466098814,0.024212116934646886,0.06550043522449925,0.2873422440142277,0.24401837821060568,0.4542083782969469,0.07093172322317723,0.031159387815204498,0.2728151049294017,0.21586619093768447,0.258520937627121,-0.14681780138246514,-0.16973195686088394,-1.01132544241494,0.2875533163463108,0.23211594913748532,0.20476490041117593,-0.10369380856735164,-4.230647526861991e-14,-0.1446228003194729,0.6257137480298669,-1.3919406976825972,-0.31012807583425583,-0.8271550214257923,-1.958261433957342,ckb1qzda0cr08m85hc8jlnfp3zer7xulejywt49kt2rr0vthywaa50xwsqd9ec9tr57qedasftglxrgq9yl657ym3yqddeg6p
0.4817768134206421,-0.5776554054418569,-0.011949424161472467,-0.4389897486790608,1.887752041869499,1.489042670579703,0.6252137747549382,-0.3653178221941628,0.20346748745112953,0.19669892920885917,-0.3422990805636832,-0.9627106893337599,-1.2430169112685248,0.21726461770622826,0.4066408992504016,0.7805203556606547,-0.21878819993110654,0.16170567184443618,-0.43086804307608334,-0.0011123853074541637,0.38578028266671605,-0.1387426980535402,0.6270028607847651,0.05737538870887134,-0.17302744831031872,0.0035529844058857763,-0.2890758303198965,1.0808915761784927e-13,-1.659427849049251,2.875850038400819,2.0527154631402564,-1.4005430297084376,-1.4300875752581423,-0.9778112066533521,ckb1qzda0cr08m85hc8jlnfp3zer7xulejywt49kt2rr0vthywaa50xwsqda5zj9fpg255n7vz04eqkzlles8z72susenvew6
-1.7770569664664935,0.8995600423974587,0.48099845820747505,-0.19993422745157516,-0.5075640685408497,0.2753011006872428,-0.606640256995499,0.33562870848432713,0.07927502243927395,0.06853846045950844,-0.23123469925192028,1.256200451605726,-0.5115760780882352,-0.07762021173777253,-0.10843344917343821,0.1572414134488072,-0.1519084539579069,-0.22047505150438204,-0.005733895970853613,-0.16377830853064929,-0.24779926909321007,-0.8521325449578725,-0.9681621632910496,0.14959532356466881,-0.11759986646981574,0.09249604321923685,-0.009173354373653363,1.1762336833877012e-14,-0.49372992170510754,-0.9226614802991955,0.8280516176382503,-1.0102578475411292,0.19947264114152372,-0.21887220725827436,ckb1qzda0cr08m85hc8jlnfp3zer7xulejywt49kt2rr0vthywaa50xwsqdak37z6wn6w6aea983ruzrfl8yweej95cfkzyn9
-2.0133159593993186,-0.37350126544517703,-1.0873437653801892,0.039522730931008145,-0.47790544051020606,0.6842057789403706,-0.9322627717244568,-0.5653935943403633,0.2304315219232139,0.7613634696531768,-0.26289481510828533,0.007730408726242018,-0.2673047600553223,0.10608059777658393,-0.10735490873730524,0.9352150381800874,0.17636825462646144,-0.20527470963483285,0.18372978094515094,0.04407778795568574,0.001396715727720084,-0.08101981418093875,-2.07362169213893,-0.10487870397298031,0.2236298666526217,0.25002492397744724,0.05838576531155949,-3.8243787349540824e-14,1.2834660928074841,-0.6096696248125812,0.43578157345928353,-0.041784641154812945,0.715132912576637,0.0011202766040102241,ckb1qzda0cr08m85hc8jlnfp3zer7xulejywt49kt2rr0vthywaa50xwsqddm8ppq3gz8gz0d9ap6z8nc3r662npn2cuxk9f0
-2.2655472160687964,-0.0415347440105141,0.30769110365171953,1.4477452940825806,-0.30247937568618133,-0.6417743807967077,0.44450077172793656,0.1437269838577641,0.05508017517019218,-0.0910620991178195,0.04512323831483835,-0.6265953215978965,0.32688654175825593,0.6389020348079313,-0.36049164575613507,0.04801543518757085,0.21850524238042282,0.0842578316903229,0.09039177078443672,0.34585109802918435,-0.14762380636198516,0.1695764984314126,0.5674744479589623,0.24176529743595324,-0.02638724985836466,0.025370692025525284,-0.04616727854105493,-2.880831791709449e-14,0.06481544950887726,0.18458286905756496,-1.7838587073911145,1.2803558161066526,0.03401123964330808,-0.9867969589456833,ckb1qzda0cr08m85hc8jlnfp3zer7xulejywt49kt2rr0vthywaa50xwsqddtncxgn0wga0mctct2p6k2ueqd36ju3qqqmeqa
-2.1531718080976225,0.5474041676814456,0.029445129514073343,-1.7546034326762907,-1.3588099440365438,-0.05309905639717544,-0.1303759281493016,1.102256290708248,0.39950074747318065,0.3735950671790236,-0.26198404649597123,-2.9952019963272605,-0.3657545531850614,-0.16768100722171633,-0.20521649380056273,-0.01308561876065345,0.25609972805648445,0.03650072532829691,0.24993527597448237,0.4663100039992578,-0.256482233761295,0.22972296393939354,1.5268787930260685,-0.06844476328319354,-0.3903103536993241,0.1721799006983321,0.17117386205214258,-4.089126460488811e-14,-0.7025317686313509,0.4815467970972001,1.850806890346981,0.2391478257495685,-0.0733027790646217,0.8203288277483995,ckb1qzda0cr08m85hc8jlnfp3zer7xulejywt49kt2rr0vthywaa50xwsqddw45fnzxhfmsxwuf7m82k5vyynsfvkxqu8209y
0.4754308775933081,-0.22258490288814475,0.11010240491212876,0.807807199639539,-0.020476952306860106,-0.37760529430065803,0.0792037524260406,0.10430990497876216,0.36689167776195825,-0.10908599984497781,0.02064004774860638,1.0986091881971365,-0.525994309825558,-0.0943091732661716,0.20964130627536026,0.41086658675148696,0.0006741561377307337,-0.164911871435357,-0.1372458968210337,-0.3590448506243745,0.15674512943640193,-0.13839392061401862,-2.514567763445493,0.05225795203558895,-0.04937522305771803,0.15600283588450595,-0.11880494238841735,3.7190032828445476e-14,-0.9933370506164066,-1.3194626438671202,-0.2394829670680157,0.33986309867537395,0.013115035059786158,-0.1201136220801311,ckb1qzda0cr08m85hc8jlnfp3zer7xulejywt49kt2rr0vthywaa50xwsqdfpcl42753m0xgau9yefhgfxukx83dwysy7tdl3
-2.385140256095703,0.4241637154696378,-0.04883240136599208,-1.4230801392693329,-0.1825399516358789,-0.24752879264066205,0.6216926140892364,-1.5146639920455884,-1.2206728122840393,-0.20603568807402622,-0.9579042346603232,-3.0546898482508666,0.2888762241433376,-0.02227228716583942,0.9998001896728927,-0.336037295827955,-0.5016987369913395,-0.2554106959683544,0.02723630869127839,0.41193221492084225,-0.25481855343386467,0.19475409460663226,0.6042979951064321,0.3286757995943909,0.36118746493544074,-0.06199370256386476,0.15361307349938141,-1.334683312875863e-13,2.3617898356061393,3.344746468356872,0.5798391249001388,0.02428560862302838,1.7126068217533543,0.4882496381978009,ckb1qzda0cr08m85hc8jlnfp3zer7xulejywt49kt2rr0vthywaa50xwsqdg04rll0lnjdvdyp2zpqguqkmnye6vmnsd4vft5
-2.1659649030022146,1.0581508974626745,-0.28083333973263,1.767497541508384,-0.04822021011752715,-0.010878207871628845,-0.21434311104909662,0.5742031484750998,0.12488296844088355,0.4605743225900279,0.8047661350059422,-0.3157392485250149,0.177023705110852,0.1667904550250912,-0.3679225293903693,-0.08309694147996675,0.0674910114190705,0.070848970931796,-0.28914794742596217,-0.03494987429144181,0.05299522721514843,-0.13897611246767513,1.3061008686262559,0.004055722415893049,0.05202149153053453,0.10724484955659165,0.07216338267448916,-3.903261087563867e-14,-0.29003560758111296,2.7556151544978458,0.7023674694634978,0.5597258700550477,0.8232656765659662,-1.3467776747591556,ckb1qzda0cr08m85hc8jlnfp3zer7xulejywt49kt2rr0vthywaa50xwsqdh26mj0xls204ndg9lsdptdz0zu0jdmycngh5ht
-2.3648117665401123,-0.2345447914562837,1.0514794836091357,-0.8662334575165949,1.1737993091677472,-0.5636205596345824,-0.2708585889643233,0.25677700459885044,0.33630127741880333,-0.39866392473201906,0.3925215641560187,-0.5959476036497053,0.0528720709663396,0.5860795582244861,-0.5854638126699205,-0.0006256230976071633,0.3522343507794406,-0.4301741420232131,-0.07857070323786486,-0.1704342028540794,-0.11868113139855622,0.1571271043426981,0.4115151835196271,0.052203878434573636,-0.022355941576338335,-0.003933028910648535,0.04576655941275361,-1.770294759883438e-14,0.6468771325840167,0.6597766022711846,-0.49170998091540147,-0.6782490299150306,-2.7299530873482496,-1.6166262793659296,ckb1qzda0cr08m85hc8jlnfp3zer7xulejywt49kt2rr0vthywaa50xwsqdjsydf39sklhfvtfnk57vvd7d2vn4kxwqpr3prn
0.025777272259746076,-0.08635374500756632,0.299760569732214,0.9071085866681069,-1.041763376571605,0.1573649841481059,0.32980953610010827,0.4336416331050141,0.4470085739923549,0.14710765561742808,0.09503159469885904,3.96006143458446,-0.0021990448272991587,-0.05398530740871424,-0.04839881471180266,-0.2269346154980937,-0.6558049733033707,-0.016942363042496637,-0.10943359373943433,-0.22101539069059314,-0.02927187463782336,-0.13953894502155179,0.6535000570704528,0.4011378516171307,-0.03443238223448131,0.02296010587300656,0.1366825452134212,-1.0145811446539953e-13,0.03678617214434446,0.07449586249545097,0.8572600235947648,-1.1481092167414095,0.16930287868254118,-0.2695483511298468,ckb1qzda0cr08m85hc8jlnfp3zer7xulejywt49kt2rr0vthywaa50xwsqdly7vzugjpxpzy4wc8u8dkpt6gmv2kknsw36cs0
-0.3432821999993918,0.06669707239930035,0.35193424260402234,-0.5679799737792599,-0.10435557859615968,-0.00872396690522691,0.685345299015124,1.1438031656291883,-0.026382244003144196,-0.19188057047571966,-0.013223333946575636,4.372837147543431,0.18284350995458598,-0.12392385360355997,-0.49251807612083737,0.5149193071230046,-0.40524062944643957,0.018289836732489982,0.21926174854249855,0.45788552829554774,0.37987237458436807,-0.06741877930522637,-0.7536525786366989,0.1220985131942164,0.36164020377880535,0.18332888531287683,0.16407034821105967,-1.5013635591084456e-13,-1.2578629925458882,-0.2122675223669268,1.8911165624658854,3.636690926860046,-0.6984016477109344,0.1696798050756535,ckb1qzda0cr08m85hc8jlnfp3zer7xulejywt49kt2rr0vthywaa50xwsqdqq677slvjxejspzxxuyrz3r8m4glpqrqve4u4k
-2.122607965894606,0.6320753138644883,-0.23320594902997474,-0.36718893217135395,-0.2566181953848759,-0.35272623853891316,-0.5358766005746416,0.12831513628761482,-0.2383896276135942,-0.13402789583209473,0.0042301830456186905,-1.8591506329338163,-0.09775928872701839,0.04514453005260701,-0.3176120159020193,-0.02066582153068487,0.23160873918886268,0.12159200867013095,0.4073673946857244,-0.2186607013214033,0.12534956022302973,-0.12557138182957975,-1.7942586288267128,0.06284198010608931,-0.17214036665604554,0.014159574017268058,-0.05654702601109384,1.6152245723092605e-14,-0.05083835228826403,-0.48767182410727344,-0.6587495936776196,0.0938309750631936,0.3014813994639314,-0.4857432142196629,ckb1qzda0cr08m85hc8jlnfp3zer7xulejywt49kt2rr0vthywaa50xwsqdqrmx3gfghxmm3m5dj4vm27j5ke9kvw9qmr8lwp
-1.9365541302423945,0.6337009839466309,-0.06428894137648494,0.10962339864392324,-0.27773955757261504,0.40262211292181516,-0.34162499993711243,0.17342266894596806,0.3282244993869145,0.24621676268958892,-0.03661946909899153,-0.7600356392155766,-0.4914821854014959,-0.38175052640681784,-0.11512838699185252,0.19078954350585567,0.2527793448772993,-0.19810370023023663,0.32541569688291583,0.006422745455676011,-0.001087298523353654,0.13947241384241577,-3.097331463811886,-0.012554158605722537,-0.09271966674628206,0.025392259029552663,0.11029516602877544,-4.522746462248174e-14,-0.27384495521535235,0.13937373971154474,-0.4263341059890276,0.40482692345339655,0.5226959122128833,-0.639564497811352,ckb1qzda0cr08m85hc8jlnfp3zer7xulejywt49kt2rr0vthywaa50xwsqdtejzc329up3s665cxswczse77neqxr2c6uk0jz
-2.417941531548543,-0.4409337207622661,0.18471956304966494,-0.13358856690586776,-0.08219775058387269,-0.18576694525257423,-0.49674726164328725,0.6718388562164652,-0.46162165229230595,0.03677561254891447,0.4902149494452837,0.7094350129259197,-0.16194031027773198,0.14564573332917255,0.4719051729786982,-0.21968546954059953,-0.037921428892352727,0.06360722010284893,-0.06329401458134253,0.14659197042437433,-0.0856403618601065,0.021774352889778668,1.9839078123820024,0.08338967002656925,-0.086776239667894,-0.3288913251100828,0.10464955296407459,-3.493144160913008e-14,2.2613293827480616,-2.055805140006738,-0.2760256708357408,-0.49710231204598787,-0.338585461239319,0.698107834694971,ckb1qzda0cr08m85hc8jlnfp3zer7xulejywt49kt2rr0vthywaa50xwsqdun3wce79ar4cmnl76tyehgha0muqg07gt556gd
-2.2016005066549806,1.3021586550611082,-0.4060134237026093,0.11512343207788459,1.0039784700605179,0.7285438897083178,0.4458766490471628,0.702190059357424,0.1049613500597554,-0.653872518062397,-0.6556595813702057,-0.6808874210311318,0.07190088763354423,-0.517785767390876,-0.026264289512310596,0.39768192708302674,0.4493580870677826,0.04521212013660043,-0.17675766056068226,-0.3971497728975528,-0.27716189097884436,-0.08383336112930607,2.560502628009294,0.25648918167235724,0.36169035113463344,-0.19706082684270523,0.29984311348408194,-1.5639731168689967e-13,0.004067113678010278,2.674129740187705,1.7830036466507742,0.28993816268166384,1.191030306598656,-0.21919391857194384,ckb1qzda0cr08m85hc8jlnfp3zer7xulejywt49kt2rr0vthywaa50xwsqdv7nz5efx58k589jup242p9f5lhx9mwgc3rtspx
0.03954580537746992,0.21021990859447365,0.04547168847079692,0.4272946626641885,-0.23483176300187497,-0.30555716975859015,-0.06513669449823087,0.18285835283987262,0.14526712404096628,0.2390198380779555,0.33490700258932377,0.5811976435331966,-0.06283124929801254,0.0671343207802994,0.1417687309890576,0.07628718460025147,0.0024514632690312245,-0.1822019561660732,-0.39895103317925196,0.09265753414073259,-0.15678416535944223,0.05130279512978605,-2.4212244417069213,-0.07570120342148554,0.04910514249531368,0.05239807891423829,-0.0864658588460649,4.8874979457731754e-14,-1.6639800690718232,-1.0054136858182132,0.7770828639729582,-0.700261818032017,0.20326269564588414,0.03164973075130582,ckb1qzda0cr08m85hc8jlnfp3zer7xulejywt49kt2rr0vthywaa50xwsqdxzlmuqal6c37hk678qjekya0qjd5m5lq7hhzaq
-1.0375807804794068,-2.168956878836609,-2.033775126385743,-0.10182822550065054,0.5171966986360542,-0.655931071085508,0.2969445398868871,-1.0955546153590956,0.4445369483220994,-0.603747164573038,-0.7050006513154223,-2.2311570417423665,-0.0902918614403946,0.366268400175556,-0.3746540017759368,0.0687690977056804,-0.42977656780330964,-0.17915631819789474,-0.1909216459793832,-0.5352580448631952,-0.31533473815805113,0.16971969940953258,-3.8239555455918146,0.11737159078905517,0.10416520689307603,0.021370094016354178,0.53175261432066,-1.7284264440955344e-13,0.5662080350599281,0.27630951801362663,1.3069707739102883,-0.38252847346488716,0.9029991118449602,1.4684084310200591,ckb1qzda0cr08m85hc8jlnfp3zer7xulejywt49kt2rr0vthywaa50xwsqdxzpng0y93mrnmxq0e73j4yu4d3n3mkuqc5r59u
-2.42130549886601,-0.354392434946669,-0.2462350167144915,-0.3132351876133732,0.6858400460258003,0.06748099803411907,0.5270609376181973,-0.1658339199723784,-0.15576050575237507,-0.2766053250070649,0.3671337410877892,-0.5399615809891927,-0.4263392645922051,0.33054498771603713,-0.31967519114103576,0.2410775931764249,0.36490112712488854,0.2037210619302932,0.0820232209964611,0.0047507089823897305,0.1447282748499737,0.10695016655956267,0.5872100585283753,0.004470871727572656,-0.008960615262182734,0.0406286333398596,-0.12046676836107552,3.597569566783323e-14,2.772430781134963,-1.2372478672041556,-0.4365254075431488,-0.23987838230595657,0.05000687344945158,0.38927663910188093,ckb1qzda0cr08m85hc8jlnfp3zer7xulejywt49kt2rr0vthywaa50xwsqdytgmu0z5yskwrnegfptr3n4pcx9d6tlswehku8
2.0355259738764686,-1.8294799524912875,0.5219316533827577,0.6885064513803367,-0.8987196248089568,0.8232595741990779,0.8774381041983983,-0.08321081155727462,-0.6239443898910828,-0.5777345161852351,-0.5253606284072224,-1.4959116152462677,-0.7528082559355997,0.5273863669715053,0.18477304722795812,-0.621084573773078,0.27784024847512634,-0.427127042973067,0.67280814535643,0.2918240675739656,0.43554992995122704,-0.07676978107436801,1.1670551579279809,-0.09173489028305691,0.05900782261650448,0.05599536086406586,-0.14550327473324884,3.889379732210688e-14,-2.1788215826388058,-0.9845864021319082,-0.21518413356231925,-0.5333953597930633,-0.8931791452123083,0.6881590763672596,ckb1qzda0cr08m85hc8jlnfp3zer7xulejywt49kt2rr0vthywaa50xwsqdywhhfnhv7xz24x9y79yu47u9ugwr8p2sccyn4q
-2.0135025324372595,-0.40591628406325625,0.5444508750798994,-1.5112967294583435,-1.9153513982127695,0.4916547264629468,0.19916537847227722,1.0588943047382395,0.005074159422776882,0.04444475685731013,-0.2721916854487318,-2.377276929068206,0.49349604768564564,0.22070853969291002,0.0028056557750912687,0.3729391214111402,0.17194262610185396,0.12447512450064208,0.009251219537576068,0.13816967623345114,-0.15720868147585143,0.16562306298079243,0.9371945084888552,-0.10856981990739327,-0.18794384426996397,0.015911243087173357,0.051706800195743016,3.979769002553049e-15,-0.7993990928670628,-0.7146907746883452,0.11782578704880046,1.0901924589890033,-0.3426492983079629,0.8337079228256924,ckb1qzda0cr08m85hc8jlnfp3zer7xulejywt49kt2rr0vthywaa50xwsqdzcwm3dgw383w7uv4v9a95jdxtxgzrmdcpxs45n
-1.8170669854146193,-2.643570612408342,-3.2082002069663216,-0.7137387065031638,-0.7760681639793494,0.4308790623179531,-0.46923210873276,-0.34958013196268994,-0.018007415501848433,1.0121378753088495,-0.5090673357169144,6.153122007517685,0.5910119633578205,0.2637491293204298,0.5046748580097304,-0.2901601319360929,-0.21564361113582697,-0.4953896088176323,-0.31351416377667907,0.43993290049746003,0.0048088113243778706,0.07215054037415622,3.7659692335575854,0.20085472194569448,-0.22247890717196425,0.24308118936736609,0.19825108419497672,-9.688757264173159e-14,0.9967104172487002,0.3494978802119431,-1.1506013426764032,-4.498109566314168,-2.4098483941219913,-2.3682816922929653,ckb1qzda0cr08m85hc8jlnfp3zer7xulejywt49kt2rr0vthywaa50xwsqf2pf3uu524tn9umy7g3gchaa6sgamvs4sx454l6
-2.4122531933204034,-0.45261626556157303,0.11672392035508124,-0.36886816935980915,-0.07963199258153503,-0.1723815123137401,-0.5117744613867399,0.7781764382905098,-0.421935134054392,-0.031102025207182086,0.46625144769550225,0.831201043080497,-0.1259677950770847,0.10919132202105511,0.5242110890613948,0.04998609440920723,-0.13286897099136674,0.16779878339791987,-0.09122441802930328,0.12650721393229827,-0.23811176937063244,0.07581903970738167,1.9525053616330654,0.0675715617991671,-0.09938763175241455,-0.2976603623588262,0.06975398400758126,-1.5808759598512515e-14,2.1867187188837724,-2.007143359308296,-0.21513452600632577,0.03633446887444686,-0.35938896451922997,0.7344055571832206,ckb1qzda0cr08m85hc8jlnfp3zer7xulejywt49kt2rr0vthywaa50xwsqf3q9e554euxmpqyaju2n3prxl3fxuphqs9l8zmt
-2.2789068251556546,0.19001204589545045,-0.369965718633068,-1.05451263141396,0.0023575737995490354,-0.45264015365790083,-0.35579910264473324,-0.49331577428722134,1.1829410141522574,-0.023880914414207588,0.26245580166482185,-2.4063699848037268,-0.14546589916111607,-0.10279592082445904,-0.04519157116924707,0.09670620093100997,-0.2552271115006504,-0.06446812072946993,-0.11843572196329102,0.218434419868629,0.26205785844846435,-0.15265144030297426,5.185157260405631,0.02710698429907576,0.04241658519420626,0.01562346453034663,-0.016531229960563137,-7.460892933434892e-15,-2.0836768774574517,-1.4107762002061437,-1.059760641389036,0.8928545823568154,0.5575180592839263,0.638624729030193,ckb1qzda0cr08m85hc8jlnfp3zer7xulejywt49kt2rr0vthywaa50xwsqf4n5g7ce6k9gxgvs7cjc40rk8r0tqtg4qg775ha
-1.1011551306977698,-1.8431065726060627,-0.7510660637971407,0.12800128115534645,0.10597630710565005,0.7631369569285568,-0.9403596490947729,-1.0272699883666718,-0.4041323154535561,0.13569819202304992,-0.606745787093288,0.1285855018111605,-0.007003737366957247,-0.5005006230624854,-0.893520944768884,0.007043956715357883,0.06914901948859457,0.16989796966669285,-0.2651988615568612,0.08109883210052637,-0.28252958530324596,-0.04865143666179194,0.8029285302955107,0.072580199072758,0.03734943039628634,0.14955965255992965,-0.15450496391893537,8.151818577178109e-14,1.386591300262099,0.06779377718708743,0.5862552934684544,-1.175893451546432,-0.7465131109718952,0.16545771463916123,ckb1qzda0cr08m85hc8jlnfp3zer7xulejywt49kt2rr0vthywaa50xwsqf4s8sxvjqhp8qpxyqj03kwmry2a43kggq7um8ef
-2.261231215539774,0.9555030775817994,-0.07671039764268368,1.136287643694067,0.18450972042756894,0.29035964134986336,0.27969742400382047,0.9367757204380978,0.18099789646026976,-0.5113163037723907,0.3076782692712431,-1.202739185316824,-0.8437899457936912,-0.8513293683422282,0.26659754196923924,-0.3639408266377644,0.2118240401981346,0.5099861679033295,-0.1606712741661195,0.5102650231340651,0.10759996821304883,0.2254115506917167,-0.12222779497761783,0.20982113514207867,-0.23200251941483457,-0.1769391776397988,-0.0453893546469074,-6.4631147275609574e-15,0.9491847090665172,2.242923259261109,0.4013206624802088,0.9744976899700224,0.29718626041647456,-0.8406394877288342,ckb1qzda0cr08m85hc8jlnfp3zer7xulejywt49kt2rr0vthywaa50xwsqf68ndqgrm406nmahnk8uyvl6up7hzhgdcjvn87t
-2.1758382290099827,-0.48938665134330167,0.11323871999013857,0.964469211654681,-0.22843726959577138,-0.1361552615773044,0.30086393401826533,0.40536767070458357,-0.14492565390844978,0.19914756661902375,-0.7942426655413717,-1.32221484352878,0.25121363190481216,-0.03466999576118501,-0.387588707999902,0.3985912560377455,0.19477124589674946,0.46836638065919933,-0.2032671383831129,0.1840392712997461,0.3539199403394451,0.04188423805166721,0.7002028198835907,0.4982157871363994,-0.11108844370752415,-0.08449692200398098,-0.10279146763476346,-4.160671574890969e-14,-0.9316476070091082,0.16852249848524045,-1.451002695263327,1.3607876086171506,-0.6952984826526387,-0.923329509773331,ckb1qzda0cr08m85hc8jlnfp3zer7xulejywt49kt2rr0vthywaa50xwsqf6qtawqcsf9ga3yuhh8gfhxuyah7rvtlgzn95vl
-2.282137542292624,1.1017768788417508,-0.84214736780589,0.7732174191298036,-0.11749272833210789,0.1920606400480974,0.030080286296678516,0.5906308245719861,-0.1440188776428804,0.2235543098618002,0.29731878301106246,-2.5830708821291304,0.23876123313202538,0.19381014951361333,0.38001109532517746,0.3482632164745219,0.3060284844725202,-0.18932946499345246,-0.12068274134485454,0.030476807721659952,0.23165666458980755,-0.027559866106279432,1.692025871272387,-0.04103696497963786,0.2810204754442113,0.028503680383249807,0.08707829316641272,-7.55539127851007e-14,0.379369588946574,2.9087915081878193,1.5856639137118256,0.6876088090715683,0.8048223305206111,-0.7529168718095754,ckb1qzda0cr08m85hc8jlnfp3zer7xulejywt49kt2rr0vthywaa50xwsqfc5kszzn9mc2zycl58v8jjrk9zhmr97cg3ndvfs
24.750345981488433,-0.7569257848578523,1.2049746318123666,-0.09413241888313975,-1.466413348342476,2.2007244312802943,0.02698728080874817,-0.530125977759973,-0.056619758623870614,-0.8544424928085865,1.4447201937478886,-2.042309729637024,0.32378232271528207,-0.19593177226224595,-0.252865565895633,0.20122016041413784,0.38825220220117607,-0.23103945511765073,-0.423374999790918,-0.47160527371090744,-0.0045051232654896274,0.3344352149678733,1.9617090245775988,-0.0047353997825409,-0.2373761570359843,0.18164606825325746,0.009875856721436732,8.347772817994896e-15,-1.1485987532057753,1.2573462420445942,2.3320450567583864,0.1809660921574038,0.5519718002477175,1.3694711543989455,ckb1qzda0cr08m85hc8jlnfp3zer7xulejywt49kt2rr0vthywaa50xwsqfc63dma5fy3kywpnada5yy99tpqvl4dechg9csl
-2.204170988429063,0.057142807857488334,-0.13616061446773617,0.4800919830465501,0.20937299082875305,-0.0013439290833023782,0.19155186708228555,-0.1424198147877095,-0.2844612020429928,0.00916669745678178,-0.15962101639078816,-1.1380071975557762,0.10266754685948963,-0.16242840199515013,0.0747331880902121,0.2514182555515147,0.3647479411711444,0.10065318693094706,0.006997782542546087,-0.2554673665536834,-0.19274042012613257,0.20043122017585666,4.007866424503356,-0.265396995853361,0.03189435819466795,-0.025074225558262716,-0.00024764265262369723,4.716207987812281e-14,-1.7760105255324201,-0.9238750821117727,-1.4418220821828716,0.8223223302413941,0.522353141567333,-0.02288725597879025,ckb1qzda0cr08m85hc8jlnfp3zer7xulejywt49kt2rr0vthywaa50xwsqfcwzl3jytqrrgtuwmapvqe42txrxvqlncewj9c8
-2.1958015129850215,-0.14532649146206938,0.6817067198882911,-0.6232254194849186,-0.7360925093883155,-0.24294188516452825,-0.2134851807956144,0.5836066461373792,-0.010746429392718575,0.061600421233150196,-0.528050091566249,-1.7928778195910111,-0.32906007791674124,-0.059895251766351416,0.12886578965004808,-0.024453311583477678,0.46742955152793486,-0.06742246764399269,-0.003527661014174097,0.43196385122206715,0.10691301380078154,-0.1323440685078621,0.3244107905546484,-0.29173099985532736,-0.11873567255424729,0.12155658643408368,0.3345124401958691,-8.742574080779639e-14,-0.05551313149679088,0.812402105206463,0.687070247880819,-0.4472461660386243,-1.8531288284274614,-0.6923500744920769,ckb1qzda0cr08m85hc8jlnfp3zer7xulejywt49kt2rr0vthywaa50xwsqfewq5cphjmj7j53dgvs9ekquz7wp0eadggz3t4x
-2.106355588903841,-0.484097520711864,1.0515262539851191,-0.2645433624259363,0.6734979419308443,0.4105785034357729,-0.13037319936871186,-0.4385904743525403,-0.19796166425033174,0.4821625345849737,0.06852914930894044,0.0816085840605039,-0.06980002558340874,-0.8298403699719988,0.6908122023741905,0.28263867462717096,0.05817835197222181,0.2583461961479022,-0.3315419701078688,-0.03777496937065429,0.12230994709665792,-0.08971368272038154,0.18370077357983694,-0.3939443213184394,-0.205647166577933,-0.005060886465457227,0.18556504126704124,1.8597315599421773e-16,-0.6962001531210567,0.30544981709607216,-0.4440057855778389,-0.44854651950137925,-2.9240307703210777,-1.675989844521166,ckb1qzda0cr08m85hc8jlnfp3zer7xulejywt49kt2rr0vthywaa50xwsqff60m3g73j280arxmzwp6anr9g04xmmast74txw
-2.501993635859734,-0.2828948392984113,-0.6181566377714071,-0.01695385780737745,0.9194019301993382,0.19277306992552548,0.46266566112483626,-0.10809843882969075,0.06320592282866845,-0.47363783001381193,0.18089273990991536,-0.8926972161953386,-0.1669122240612398,0.164131335726513,-0.12316910375322894,0.31728132672080894,0.04353805403216752,-0.18771818633459258,0.17441357394738144,-0.031175061968048187,-0.06625428381310984,0.2789786475443527,0.2746659021153275,-0.015420248051518703,0.024050159484697232,0.08121649812593135,-0.20270481084315753,6.950443101151295e-14,3.2972755365104565,-0.9426836895236013,-0.21826621259788723,0.48468676401326416,-0.15698196561085656,0.207876626035595,ckb1qzda0cr08m85hc8jlnfp3zer7xulejywt49kt2rr0vthywaa50xwsqfg2np57fhkdu6fuygqt3ys4rykd03gfhsu8dvd7
-2.5007752737823927,-0.24263351003146444,-0.4515969025164174,-0.04672510370376172,0.800043836878013,0.10598194106128751,0.3066362849280884,0.11630033375647453,0.03313077756613806,-0.34623617847490595,0.319503219825114,-1.0178001067133693,-0.2824988966342017,0.4332190384578364,-0.2477915080851223,-0.049533430716432195,0.07782790408090305,-0.06836562228781827,0.08004809649213641,-0.038005642701007966,0.008858847852960611,0.11967346037060121,0.7175827212370829,-0.013089389004322674,0.016212894143571514,-0.045147444475251576,-0.13699944792771715,5.651482162339861e-14,3.063730888025186,-1.2963041106663267,-0.2213367698395438,-0.14341303935106595,-0.25971950048159487,0.2752969371565214,ckb1qzda0cr08m85hc8jlnfp3zer7xulejywt49kt2rr0vthywaa50xwsqfj8ejt4qckvuzrtezy9nvcv7le9ur8cuqy7s5x8
-1.9093456863105704,1.068674534624974,0.4370204172454504,-0.6150475300577719,0.6684321621415368,0.8922404977238679,0.11591921281781388,0.16442323428883454,-0.20391026635368117,0.46743740505404363,-0.047545486192492534,-0.23053661158996994,0.3134468913107273,0.1847491537983243,-0.22846029726598072,-0.17926945189474672,-0.23648822020880575,-0.08208715221584527,-0.05869578613809872,0.07817554651413063,-0.20972846695648228,-0.1896519256168831,-1.1036980739921118,0.15370453064175646,0.04267727792563726,0.012297422238714596,-0.07282421322847611,6.474043494381945e-15,-1.1169537532287461,-2.240920848951337,-0.8059830335577933,-0.8469047751298734,0.24724552875757577,-0.25741428431920116,ckb1qzda0cr08m85hc8jlnfp3zer7xulejywt49kt2rr0vthywaa50xwsqfjhl5nx82y5z2xdhwqhg34vkzta6gttgc05sfu2
-2.278165508163378,-0.06710367219246702,-0.21530177927678035,0.7383878226264478,0.09502638322342738,0.12400625418467583,-0.053808780586239724,0.6710163729095441,-0.5530440731947982,-0.6849277500466209,-0.5956537419242852,-0.4084731447766111,-0.7040776789457189,0.08394976462506011,0.4399716664214169,0.470913749321387,-0.31008862880075483,0.25226212746024024,-0.18089226862310123,-0.3498549362908165,-0.4840534871966447,0.320894484012626,2.712653855925034,-0.07639637104966276,-0.05003869639424964,0.3701100999904426,-0.01496447737983997,3.422215050206239e-14,-0.5897501486698711,-0.8569522681959704,-1.1956413066272704,2.0887617269454424,-0.22656039404997616,-0.31721290619115955,ckb1qzda0cr08m85hc8jlnfp3zer7xulejywt49kt2rr0vthywaa50xwsqfkjglwnv0p5h4wujzvz65rekwxmx2d0zsn7yllu
1.1295358397903812,0.7419319767361789,0.16657343122549287,0.13901588021152064,-0.21902729893309708,-0.23646519983946163,-0.07665196814549777,-0.1772276247062243,0.4056326925463468,-0.31461908108098147,-0.5166343887134023,0.4595742003999924,-0.34150181932380985,0.25911627787159197,0.2303861189822695,0.22442438659247932,0.0747801008377207,-0.2583329708880739,-0.2516249987064772,0.0789539724426029,-0.11063617521644592,0.2073814983120007,-2.2921539060744687,-0.04962096992219604,-0.0202225111060473,-0.18793953189817977,0.0011243134526212728,2.88188260694861e-14,-0.6749576074652567,-0.3499682688820199,1.3410377869622123,-1.0993981214245725,0.35793110549799634,-0.08938453301927689,ckb1qzda0cr08m85hc8jlnfp3zer7xulejywt49kt2rr0vthywaa50xwsqfqr2l6rqllmnhtpzptgq9fnagsykcffxcpqmjuu
1.1708512042322983,-1.1572321184153798,0.10836699713124562,0.4240736920681764,-1.1666298088533595,1.176454913391829,0.4629282598705343,-0.2863368189496782,0.11161100106980752,0.11340210950205161,0.33501284434738215,-0.9803318606516164,-0.42197674951127573,-0.1091177011730993,0.32831074951585804,0.3134496288700809,0.31947807934208966,-0.28737609172012507,0.05773693504130527,0.07021627799149842,-0.22323017503246043,-0.24155988892798122,-0.504328862654655,0.15591844999518162,-0.0642983070996233,-0.3945491619036057,-0.03593172478752251,1.7482191728775022e-14,1.140313962775667,-1.1759774055570307,0.12534283036757674,0.2563731551971386,-0.2962278604750625,0.6331737077919554,ckb1qzda0cr08m85hc8jlnfp3zer7xulejywt49kt2rr0vthywaa50xwsqfrlamn0mk353jsutukulxcxyf8je85wwg5l5nnv
-1.66418152671649,1.4330493035596157,0.3379625170342653,-0.1816101951246757,0.23776624894842374,0.7570611152455571,-0.265975046445247,0.1696496575777437,-0.1587436163059344,0.5037770022333906,0.37391440183109015,0.050705657120610856,-0.38911411457612105,-0.09835203379024675,0.03937159317010435,-0.3258087050705057,-0.18914909934106366,-0.0809171157531573,-0.24143160402287137,-0.14046235730085277,-0.058678784494717535,0.097557970278359,-1.4734893165020033,-0.013500758132444033,0.08844910784088798,0.1413719956200152,0.035849597331042975,-1.708206300003497e-14,-1.0699601266650436,-1.058887323058659,0.352016964492117,-1.2535871955134827,0.3880958444922938,-0.47562623024211315,ckb1qzda0cr08m85hc8jlnfp3zer7xulejywt49kt2rr0vthywaa50xwsqfrmvt598cnr70mhtyt9afjg9yju7s0n6gw0e8d4
-2.2712009108248115,0.3932884322304239,-0.12585189848919096,-1.2545727518242777,-0.1696210945228563,-0.5258280113616339,-0.6474114491003504,-0.10817240562996666,-0.6040702270059802,0.025771429606547443,0.23454502724084925,-3.0481788502526816,0.0065037797539121275,0.41944425429632515,-0.359781563526271,-0.07183911314837686,-0.254962557425408,0.2755385721441441,-0.22612812440069785,0.6625006818477578,-0.32853267232906813,-0.4944589731802464,-0.480820534120408,-0.28349071865013586,-0.15343312750291274,0.02974887746054053,-0.07326998733071484,1.0416319884340404e-13,0.6151493665879729,2.800549433344487,0.20285673443431315,0.2576974232538313,-0.10425754949505221,-0.9243944324116562,ckb1qzda0cr08m85hc8jlnfp3zer7xulejywt49kt2rr0vthywaa50xwsqfs6c4chhw5kwthmq0jzqyxwmr9fpr5a4qr8l2yd
3.1143350578589817,-1.1412633107301489,0.3708896785979661,0.26147251880829436,-1.6844508266864726,1.3495523523942237,1.3316510944324598,-0.78550020643995,-0.10286065431754951,-0.800301454709721,0.6358795771177106,-3.72769839371675,0.32563913734833333,0.6576118573028904,-0.04046556732214221,-0.05972575278223652,-0.2797851249407898,-0.3067364869016047,-0.2139577115973175,0.22211589194054543,-0.24211461928229938,-0.19901972676564256,-1.4473912297069795,-0.2360552319524769,-0.06696561124243514,-0.025962139635707496,0.11994036015122715,1.709546705430617e-14,-0.1876473701062663,0.35520261468585757,-0.5290581059980862,1.1980660751528853,-0.18126964936482684,0.20280692671028439,ckb1qzda0cr08m85hc8jlnfp3zer7xulejywt49kt2rr0vthywaa50xwsqfsajumlzs2pjvtz0xxg42llw5px435u3gxmlwuc
5.8779531744054125,-0.9498100098119243,0.6481270664748618,-0.7113185997759784,-0.6365959723277747,0.8604172475922107,-1.3317915829422187,-0.6222122184478743,-0.47098278383270936,-0.8042598094923759,0.37072099028571137,-0.31250354989978013,0.21154027745609974,-0.44371572645694873,0.19844811064490203,0.025730492181394386,0.3799315459399935,0.30944428993197154,-0.30688494987249554,-0.12982729022211925,0.1139049135720756,-0.23227670169110318,-1.5574543668859866,0.013665998610443304,0.2659841031491493,-0.02668151521614077,-0.0018942166733950541,-1.2752144486282004e-14,-1.7387790260009122,0.0859529512575771,0.25590587939518517,-1.385779418382209,-0.9226985291225345,-0.29647662586505547,ckb1qzda0cr08m85hc8jlnfp3zer7xulejywt49kt2rr0vthywaa50xwsqft980n0alva2vjmkca85wujt5vhtwgzpgqczv9a
-2.5051112614436155,-0.25047673385742747,-0.4641007951919912,-0.1298364035435527,0.8446023595164863,0.11912708208817212,0.43022232047903936,-0.034861622395210644,0.09604423987469725,-0.4770513447044831,0.12571576926163,-0.9850962951188521,-0.13362227395356735,0.4900103903189548,-0.14538044427564947,0.05681401800793215,0.12265755809054547,-0.09635504917698877,0.14704509894948725,-0.00678316732018923,0.04490923489099757,0.06964056368141112,0.7400107057640222,-0.06171276195831511,0.011446292558280743,0.10211542760536778,-0.20428208894777503,7.794212599866411e-14,3.2084125541766215,-1.1607328770343794,-0.132840245727626,-0.1992113852731403,-0.14660268231436377,0.3334687118445028,ckb1qzda0cr08m85hc8jlnfp3zer7xulejywt49kt2rr0vthywaa50xwsqftm2xn4dlczysw0q2x5alw2v7ur2le8gs8h3teh
-2.0099869013478417,0.9793418174002517,-0.05260207352278162,-0.8606238035971203,0.7304445067247574,0.8003337980935805,0.19972376185079474,0.2509365818029754,-0.11309277992814976,0.3973821437563857,0.013786600823945908,-1.8417262898358677,0.2810006813217036,0.196341324730343,-0.30464332285380136,-0.13581832575557376,-0.09655281840367701,0.019855844379215018,0.08663704552665309,-0.049468127835616424,-0.05859214668027849,-0.006140980665787858,-1.5400596385901397,0.015846374792777847,0.016847002194248777,-0.04816595047357448,-0.06705130278879408,2.2239210444059168e-14,-0.710703267781957,-1.8293513286774834,-0.70116210081515,-0.33220631372855713,0.17566857944277758,-0.221927673742707,ckb1qzda0cr08m85hc8jlnfp3zer7xulejywt49kt2rr0vthywaa50xwsqfvfcxm03q9xmn3fy68s9rxp0y5lfqfvjgmmtw0p
-2.3428328589830785,1.7291584668589357,-0.27855039372178064,-0.6403272279172398,-1.0180635040501511,-0.9420412468233578,-0.7217362815865868,-0.6121594141126995,-1.009026503391031,0.3487878064743556,-0.11584867478694008,-3.0107506692778525,0.41645198700478514,-0.32927358702359166,0.6234779010052359,-0.0792401809941077,0.19284270332303846,-0.013311947319053295,-0.3023703638349664,-0.4221339705200521,0.22836673527470208,-0.11742554164449213,-0.9338064175252291,0.1635786159075913,-0.027381848200298774,-0.011106494449677934,-0.334601288154682,1.0076290806377009e-13,0.8097359807709503,1.5248386591657657,-1.601429518040868,0.3882262954264231,-1.8528926751720804,1.7602301628231067,ckb1qzda0cr08m85hc8jlnfp3zer7xulejywt49kt2rr0vthywaa50xwsqfx7c8l89wcf42vxgajjke9zdt7myeqrdqj6mqm6
-2.4032622751243347,-0.23809442892881844,-0.16015824160169656,1.1686523007433656,0.20640436083737446,-0.06959991744723687,-0.2596909692964182,0.016571709020984825,-0.2673601651774451,0.10594742003894478,0.7337300284441848,0.5392957712205906,-0.33654499725795867,0.12684696208429638,0.28826555268404824,-0.16560901707870687,0.036134940392126315,-0.11532126351062383,-0.08390437134683004,-0.25518601661654317,0.2227704579755575,0.17960966803934397,1.1357314285292497,-0.014004676730651477,-0.0861266725559967,-0.29940901435779754,0.07609673666246419,-1.3763264823771356e-14,2.3024410241365194,-1.6003004430331227,-0.5869157944695238,-0.40208611525967575,-0.28502485220503504,-0.14826193877791072,ckb1qzda0cr08m85hc8jlnfp3zer7xulejywt49kt2rr0vthywaa50xwsqfxgd9zxl6czs4s3kzr55letennz2l3yjqpt8r79
-2.083261409628968,1.116165047557968,0.018040894133419937,-0.46895295919232305,-0.6215878694686447,-0.5217931894047056,-0.712846370805988,-0.8393296303005849,0.5978821970655427,-0.028202336775337955,0.5011579603489779,-0.28576747949157727,-0.650246777765265,-0.6723923128078443,-0.6565997017712067,-0.17037861264321066,0.4174750223984484,-0.2895895727607849,0.21179109636934068,0.1600351783674845,-0.2966118887957033,0.1361928331201043,3.9880371807012387,0.2589666944948164,-0.33367735054526176,-0.01990832250247088,-0.3147098606125973,1.147071385770849e-13,-1.6230323782122105,1.613566625047751,1.3456391973026784,-0.6711042004025228,1.2996253128983177,0.06296324033540784,ckb1qzda0cr08m85hc8jlnfp3zer7xulejywt49kt2rr0vthywaa50xwsqg0prwcywrcc744qq5veu4upkur4665dlgr6003x
-1.9602377026309694,0.7193192089873442,-0.013238274011743302,0.1970595350437842,-0.5776793881022845,0.6683564003924192,0.07753421686747035,0.8925294068871552,0.57980096192046,-0.13458878332248286,-1.0002257441177613,0.43637087342416414,0.4726423707955685,0.4648349434701861,-0.04137816945980146,0.6090645087110327,-0.05315114975886972,0.02061345007732119,0.13120719805731185,-0.3136374817406734,0.3391200462086233,-0.07053291192129997,2.455385608409677,0.02859419826108661,-0.0827642521703254,-0.4063220749009417,-0.17735986315967373,7.229661903640391e-14,-1.0582054407589974,2.0252241328341887,2.590538621991736,-0.5397832841014598,0.8806104716330636,0.08855678424840469,ckb1qzda0cr08m85hc8jlnfp3zer7xulejywt49kt2rr0vthywaa50xwsqg2fnljwt423kchx368x8xwstmkhx0k2agegvx0a
-2.363961441218762,0.1431377862754397,0.21120612822078333,-0.5760675707585527,-0.11876412528276968,-0.13779001024290086,-0.6813249449010715,0.8113649199191616,-0.3800712637723908,0.19097375768228167,0.7549461128012519,0.9940289534354454,-0.16397504627254955,-0.11025369582206775,0.3891521904653671,-0.21687201215723012,-0.09254904959319366,-0.02198711867412341,-0.16710107377870662,-0.11134790632037535,-0.05158688997097561,-0.04650881214236919,1.9347187191687045,-0.06661872449877118,-0.05168859946870865,-0.04243935654276956,0.11254469724717592,-2.6548681238349415e-14,2.273722162990816,-0.8608716068533098,1.0386857457486436,-0.9091611511684021,0.005446465316305361,0.7239308945330937,ckb1qzda0cr08m85hc8jlnfp3zer7xulejywt49kt2rr0vthywaa50xwsqg338aj4hnmutep9ufyd9yyuh3ju7rr8lq03fejn
-0.18250765099700716,-0.07134790470316303,-0.13081388938193647,0.5008793473835269,0.02931662251754766,-0.28801154576846344,0.07539768718452268,-0.037180800816624296,0.26286197168340136,0.3059072601799266,0.12368983596394396,-0.29105408243792535,0.21731913570660918,0.06779762532442511,0.09802663867309484,0.11927809296953402,0.15468272758137386,-0.2533453204816822,-0.1280654280438225,-0.32685479105653265,-0.06282299051342602,-0.1148744239668264,-2.213348438714228,0.012778911594830621,-0.045730974917249576,0.011840241268600081,-0.17124776765593286,7.308435410853398e-14,-1.143425909198381,-1.2315368098865027,-0.20594015904636206,-0.03164113213371137,0.17414082166626646,-0.06345142652570498,ckb1qzda0cr08m85hc8jlnfp3zer7xulejywt49kt2rr0vthywaa50xwsqg3xv33uywn6sjyvmnzckatkpke54mlx8srepf4g
-0.6467106547096013,-0.2623584824301983,1.7651380863780908,-0.9090111847709513,-1.3375942038096673,-0.8897884645523331,0.49231774926734323,0.9421461913842201,-0.15557115516329237,-0.07246342608653451,0.06947646550749387,2.4617986872144955,0.4271915166950492,0.4162014968565612,-0.40005018748255367,-0.09082019532098727,-0.19116383321599703,0.32700443414075797,0.16827869671735132,0.1088868023035136,0.15287278462420992,0.12673925782860612,1.4705455217512369,-0.3746274569146784,0.3638348520724421,0.04630070170020139,-0.14620279163359542,7.357770687377254e-14,-1.810784597195114,-0.856156778601458,0.9274616869241309,-1.1338821956915903,0.07462577380815609,1.0961715412867012,ckb1qzda0cr08m85hc8jlnfp3zer7xulejywt49kt2rr0vthywaa50xwsqg40ucnf7tt8zvnje7xhatf3yllc8zh4pqq25wqh
-1.298120231661796,-1.602132001640479,-0.8311045580461871,-0.5756740159122911,0.38179759126231627,-1.198603838312052,0.8373666215249154,-0.22881809084396668,-0.19534458902224047,-0.16914775035014867,0.40776655269631046,-2.34843781133636,0.935423830770308,0.5382452856361282,0.3612430807588961,-0.0151562309795433,-0.6681098919541931,-0.210737311097474,-0.08214458690733273,-0.2548162190487956,0.01891170409371325,0.01206632365394972,-3.693839048943166,0.34876797463194076,-0.1983587239490213,-0.03664270238031309,0.1321911324676626,-9.019708217033069e-14,-1.454498119007011,-0.21312676773636777,-0.31454241953951495,0.7316565564026863,0.6942180404411505,1.132581043674953,ckb1qzda0cr08m85hc8jlnfp3zer7xulejywt49kt2rr0vthywaa50xwsqg4cz7lvtz6anfw0uxkrxu8d0gxcfuww2gp702wk
-1.8989933227737104,1.123727533074651,0.2347645477554076,0.06873315910030008,0.41172000215333826,0.8240745295298997,0.12746407805899437,-0.14971921830944546,-0.08168972465393147,0.45756002752420566,-0.06780027973135117,-0.09984083349849654,0.426624059996232,-0.19302084118363633,0.042658984655727886,-0.04050175254002743,-0.025367619655968468,0.05257868525891714,-0.056713391764088954,0.08234016083084646,-0.13719418397601174,0.14454768245797905,-1.5362882458265423,-0.06898259568502448,0.02156130974826333,-0.026550071763606256,-0.032567482772793546,1.8797519067721182e-14,-1.0683464392827056,-2.097039323721034,-0.7579790888451511,-0.45632839392613034,0.11782128168353166,-0.5937063338446796,ckb1qzda0cr08m85hc8jlnfp3zer7xulejywt49kt2rr0vthywaa50xwsqg4yg2m9jpx5efeu4q0vrp643gjmad37nqrk9glt
-2.275395030830361,0.21521563311734176,-0.3796359407721746,-1.1126465757211828,-0.029715749779474002,-0.505446989158476,-0.39360117662034966,-0.6241054899445513,1.3165303414935094,-0.039238946872538705,0.3123931579141418,-2.3477461137068683,-0.17074508558309986,-0.15393829955425536,-0.045889206080777255,0.10053992423296838,-0.28287831051448376,-0.05846811957936115,-0.11217781224413217,0.2509624521004663,0.27717757787315406,-0.1358357995165416,5.271441137091217,0.04142833402702472,0.03426180232232672,0.017378096762201808,-0.01624330198720511,-1.0458495099922815e-14,-2.1496482833456323,-1.4623901334426062,-1.0428668179651637,0.9230379914589388,0.5699321794511142,0.6537871444999599,ckb1qzda0cr08m85hc8jlnfp3zer7xulejywt49kt2rr0vthywaa50xwsqg58nlmgm0f04zj3fedh4d369cpdz67s5q8n0dxm
-2.275395030830361,0.21521563311734176,-0.3796359407721746,-1.1126465757211828,-0.029715749779474002,-0.505446989158476,-0.39360117662034966,-0.6241054899445513,1.3165303414935094,-0.039238946872538705,0.3123931579141418,-2.3477461137068683,-0.17074508558309986,-0.15393829955425536,-0.045889206080777255,0.10053992423296838,-0.28287831051448376,-0.05846811957936115,-0.11217781224413217,0.2509624521004663,0.27717757787315406,-0.1358357995165416,5.271441137091217,0.04142833402702472,0.03426180232232672,0.017378096762201808,-0.01624330198720511,-1.0458495099922815e-14,-2.1496482833456323,-1.4623901334426062,-1.0428668179651637,0.9230379914589388,0.5699321794511142,0.6537871444999599,ckb1qzda0cr08m85hc8jlnfp3zer7xulejywt49kt2rr0vthywaa50xwsqg60za567aggkr4kdukm540wrujl4xn83g5sff6z
-2.187173450130473,0.2688172227615136,-0.07675291967959139,0.11811394673644746,0.041803127683822876,-0.42318127929366606,-0.08019578019738414,-1.1658854609066347,0.7384256255107815,-0.12622804609428173,0.25997263474087706,-0.9035071515935093,-0.20269198809903188,-0.5251700368310893,-0.06156657386230765,-0.009635042184806469,0.15320635459675672,-0.020207081572381262,0.14305041371295374,0.10385481188670997,0.047437892810669235,0.18054685641091447,4.938888995954939,-0.0768288287543285,-0.004998595167115713,-0.0021887935496934263,0.027502819863611888,-3.242045439859297e-15,-2.3199760532822555,-1.4202538850100204,-1.4349687308985124,0.4057442331895368,0.674520860147703,0.15210699626867194,ckb1qzda0cr08m85hc8jlnfp3zer7xulejywt49kt2rr0vthywaa50xwsqg62egjmjcnvyrdl5z38esza6dgfxuy2xsy8gcsa
1.15378251039633,0.8586576680868331,0.2543728490643264,0.16213878392169542,-0.2462101235707092,-0.18725818012557058,-0.09752293576129142,-0.2030984560711781,0.4051486148474527,-0.3079125456599047,-0.6591610937490898,0.16497196899612818,-0.3502140067827162,0.35727335874890886,0.19676119507305287,0.05546594152697931,0.14285828468877496,-0.31082663747033534,-0.18446720608342324,0.11094874338659445,-0.031434538387094514,0.10851577525862956,-2.0631819355193985,-0.05164292225254134,-0.028275595768713295,-0.17457380758911484,0.01143490589610718,2.293464403897277e-14,-0.5481766562859481,-0.36987993318829876,1.2975189446482212,-1.535887973245993,0.3806767663678491,-0.12177941502282881,ckb1qzda0cr08m85hc8jlnfp3zer7xulejywt49kt2rr0vthywaa50xwsqg6agcch2m7k8lsh00nv05ztfmz0euvqkcfpz7ec
-2.286989932533763,-0.5956970513707366,-0.22023824641393502,-0.7042867326579075,0.3371649367918394,0.38367574870870536,0.7843930384959459,-0.38210544068934305,-0.31795204931497545,0.5475618368641556,0.07963934287205691,-1.3574689415456491,-0.4235587274232974,0.038904864494712345,-0.536689602880107,0.13917969475680825,-0.10305963616325643,0.4249362250000073,0.08542088502641655,-0.21205631662723923,0.29212670592194934,0.15425590154375218,-0.2932766773203633,0.15022586221883694,-0.05382822227602883,0.23060613748775788,0.057082557445046506,-5.694997149329239e-14,1.8681095796153084,-1.1605725362670452,-0.46419794650953555,0.011474568568707762,0.10916619569036061,0.5930259267755239,ckb1qzda0cr08m85hc8jlnfp3zer7xulejywt49kt2rr0vthywaa50xwsqg6j932zy4ztkzmtpye2uhzsju5npw795s89dznx
-2.1365312924201163,-0.28926301164954604,0.9709257346417365,-0.3171758682234687,-0.17589586663027681,-0.32349282497845583,0.4287298966584168,-0.43777418731639645,0.16273600350184497,0.42260173847756555,-0.01217014344613851,-0.9898446890762299,0.16485892246977835,-0.3108451687058136,-0.24057412931076907,0.22420333309921675,0.3733125995754563,0.016880278674092072,0.10790670742204712,0.1064120321365521,-0.0962606050606236,-0.31270046558951076,-0.9629825271800687,-0.32447227055604394,-0.09511364554457606,0.004713698131255674,0.34987491286327316,-7.472417371356187e-14,-0.11343711588229612,0.8262486958681488,-0.4539652266725902,-0.010023158327829542,-1.740883752641872,-1.2270743629152943,ckb1qzda0cr08m85hc8jlnfp3zer7xulejywt49kt2rr0vthywaa50xwsqg709r8jqauttpmkjv2x2jg3mtdwvqk7acc26w2j
76.98323102657531,0.7421342493852989,3.059239023931172,0.829946766391518,1.5079238023901693,-0.3967245235096843,-1.252161351561909,-0.5290648378730668,0.03439446580572868,1.723380809059309,-0.6895521947634989,-6.4228491030461985,0.13213393250461428,0.4372648721697633,0.25669207268117317,0.03757081187017388,-0.7190984389993692,-0.5665675793909297,0.054759324966354286,0.10556591799911552,0.04722001783547769,0.12598404961615192,2.388269338552075,-0.05934580498589007,0.011294683041995426,-0.07547020765907353,-0.037791060956729045,6.793460583519677e-15,4.600010631258271,1.9818550081262725,1.3965703536439111,2.649681502044965,-0.363872025191923,0.8711341420112921,ckb1qzda0cr08m85hc8jlnfp3zer7xulejywt49kt2rr0vthywaa50xwsqg9q2e95dadfctdfsuq5e5na0nwh58v4jc6rkddw
-1.1144720699073145,-0.2158275468677876,0.015274235222135028,0.7167242569540418,-0.12496594413018956,0.026928880198145735,0.07938411190080637,0.19390227740315108,0.47018398066906936,-0.15909978035029687,0.12196335821405599,0.48386271108578505,-0.2636582598941387,-0.7150362516635618,0.08323533150207066,0.15314742235024414,-0.09561380635623792,-0.14033347603335358,0.11342508701538864,-0.3736415748343397,0.3632195703906628,-0.1467518232886349,-3.154897527148111,-0.09580585824769212,-0.03897590158226219,-0.048334970403765214,-0.07514647642120816,4.1211717328066654e-14,-0.11030434982294492,-0.5143184180284806,-0.5077938032799895,1.010514307426834,0.03901867845992291,-0.2648446037951613,ckb1qzda0cr08m85hc8jlnfp3zer7xulejywt49kt2rr0vthywaa50xwsqggs86408ja7nsgdh0lz0cxafua6u0pq5cmvsxuu
-2.3149853063224,0.1904172394922798,0.017102051595640645,0.44565279234979294,-0.23105496451253013,-0.20471555576051087,0.07875356274950351,-0.12121825119538127,0.3693488825401603,-0.44154249248584276,-0.07784358456993853,0.8103249417412907,0.31922474138719337,-0.32711654733198475,0.0904929902359178,0.25895609495458594,0.178783316958526,-0.34521416066073823,0.2485831043902659,-0.00410279428515982,-0.18171077509391514,-0.1315271829742698,-0.0847361335661666,0.3625872215037915,-0.009162405239376477,0.2424047399371244,-0.09074091918973635,-4.05875521892953e-14,2.5015889752449447,0.5577136733006827,0.7959155423599877,0.5189479595615681,0.041004009649276536,-0.1896009017913914,ckb1qzda0cr08m85hc8jlnfp3zer7xulejywt49kt2rr0vthywaa50xwsqgjr2xdh0zyc53jxpwsvwxq5x8y05rmytcewmqcv
-2.1400747745495674,-1.782986179777736,1.2655250572331858,-1.0748778918985287,-0.13571289613008636,0.08222857584882251,0.42558726426284116,1.2057968081169035,1.1991071508937827,0.6120613289573619,-0.44680066134157526,0.6965488063465028,-0.4029382592941871,-0.02223091309916182,0.271819308740511,-0.6307320721058424,0.08556281736517536,0.07033110196953608,0.5993514315666937,-0.2750743065123681,0.19785921099763384,-0.11431582497675302,-1.9119935173028177,-0.39582310185522124,-0.06994886236942938,-0.054269079373013306,0.030810798449817874,4.632496584945686e-14,1.535733146526226,1.4555680055169251,-1.848205530213231,0.8296577811015987,1.3326233074044187,1.3963565762313956,ckb1qzda0cr08m85hc8jlnfp3zer7xulejywt49kt2rr0vthywaa50xwsqgjuhrq84l5nk7ylhlcqpsa3yg974735rgy30uch
-2.293141697613989,-0.1712372641532736,0.14979716768570364,0.6252307760455,0.4160018757953473,-0.46500271793565995,-0.39674688890420307,0.48110585376520243,0.5313177163326075,-0.3584090716300008,-0.0968538698732241,-1.3362598284920524,-0.004265901999990305,-0.29236934124303676,-0.3484417683048349,-0.11720983532533866,0.5301441000883366,0.04297459922967842,-0.12127567901430007,0.013402888391285638,0.008491746506535426,0.17045112962128733,-1.32283925933613,-0.01216690944736809,-0.011246309498830265,-0.05891245626728064,-0.05316029589640377,2.896979143163313e-14,0.5359111360834138,0.720010767575405,-1.6505254488038217,1.1589535512262346,-1.0279196899351768,-1.3804564236382464,ckb1qzda0cr08m85hc8jlnfp3zer7xulejywt49kt2rr0vthywaa50xwsqgk9kfuz7fchth20ksf8d2x3eqph9le6cqhenpf3
-1.342378650081084,0.40885328196152293,-0.15079566808805697,0.07672154026409646,-0.3309885674283754,0.14185065206657588,-0.2568106534677787,0.29416491247882987,0.5554798526164629,0.09740603127561412,-0.06932424530145663,-0.8772302085840696,-0.5450462655505478,0.5417516284879771,-0.038640890700525066,0.32654655196420673,0.06153969495154233,-0.1366592562561705,-0.08311603599366912,-0.1316982352241191,0.0393828052980342,0.20330678496904703,-2.70655999415341,-0.09242076419846146,-0.0956351000561136,0.0959876724507498,-0.05452469669128578,4.037073057611783e-14,-0.6536184500576778,-0.9298832315987866,-0.18576640947122325,0.14570603996838172,0.07882590666156247,-0.45457802360884225,ckb1qzda0cr08m85hc8jlnfp3zer7xulejywt49kt2rr0vthywaa50xwsqgkfv8pzr5d26zcapqrd58ksc65w0qv8qqqp6xtc
-2.268662795014499,0.07642791408221745,-0.34487841958101595,0.9118922433191564,0.7524430374158295,0.4134959789143635,0.20673989648158053,0.7185935317284364,-0.41316382582442646,-0.05081347756585386,-0.2677304239512313,-1.0407103366645718,0.3290657494489009,-0.07560225701206028,0.04394621285759628,0.2854815072386422,0.03714199173250287,-0.03011595256097526,0.005755225343128572,-0.49803014911026505,-0.618089547781302,-0.04263905372964212,3.4632944712944553,0.02546725784290826,0.11025624263771137,0.05480185049590515,0.0012049295964479403,1.0968809275342707e-14,-1.2425785405648677,-0.7444664754126866,-1.3240114822172493,1.5771802308096035,0.168169517991636,-0.30507917599224627,ckb1qzda0cr08m85hc8jlnfp3zer7xulejywt49kt2rr0vthywaa50xwsqglfcyvg2tr5h09lxhcgrlezm7cuz3ywkcf8tp3d
-2.0505221525610025,0.9583948255890132,-0.11089335914117811,-1.4475653150579677,-0.07129929727495794,0.22782543380185438,-0.27104119983268526,-0.005694667833870127,-0.3734753833258373,0.5372594128170505,0.2436868840146766,-2.600322279295025,-0.1795543007304449,0.413904968919193,0.25482246974918926,-0.08422547632933965,-0.5570344062706815,0.15469126008374118,-0.05843758754550264,-0.334944620915097,0.3010441976149244,0.2712854337366306,-2.252675341867065,-0.04432528011211294,0.017221106632886063,0.09798094717021577,0.1498519517116914,-6.63778544875633e-14,-0.09908112992287962,0.13115640063899775,-0.18740274989835165,-0.039752205374264125,0.7491498786349289,-0.16579685369475067,ckb1qzda0cr08m85hc8jlnfp3zer7xulejywt49kt2rr0vthywaa50xwsqgnhsvcls3zfj0jggg74nej0hxwmtzjjvcu09935
-2.2550101284050803,0.2384252720273472,-0.051182371820885184,0.8100431801364663,-0.5510062526749484,-0.31404052366449986,-0.10866155083781597,-0.40199384507702607,0.3614007425026353,-0.20396507404854675,-0.5139673870990765,1.1121787777817043,0.5165478988082562,-0.2725356349702684,-0.55567889042063,-0.05708428558009951,0.14027175532594005,0.08757974434042548,-0.13655959057690825,0.011286747538455887,0.12703129162195959,0.21344360047748911,0.19290711971776944,0.004032304214972756,0.028077933756984533,0.058418026256029196,0.03643651666509955,-1.3637767695909166e-14,2.3010838987252846,0.36640663579156585,1.3803412286660934,-0.7806120137568143,0.02354615707681762,-0.1926239248048156,ckb1qzda0cr08m85hc8jlnfp3zer7xulejywt49kt2rr0vthywaa50xwsqgq74prpeqz7rlncvqz0j2gn4jxsg75ztggj7v7a
-0.46822144816572697,-0.3758961590723235,-0.009743912334454985,0.3544634248496173,0.1604104445980314,-0.08884867434143193,0.0838339010115176,0.48213521335564297,0.3910548485265686,-0.2967225446428501,0.03674318997270834,0.5551179843343564,-0.7389626325525208,-0.1694353501511927,0.09706329655819794,0.36973714587099127,-0.020031028822649795,-0.31889563158680323,-0.09239692355213991,0.10042220301258696,0.1864046253041217,0.15942730599248048,-3.600392165494383,-0.01643664563581877,-0.10040333077996924,0.13737638069703187,0.0913562999499807,-3.8643017361333944e-14,-0.9001458879761154,-0.22651858254581836,-0.42920349650092515,0.5921559472536216,0.5115176943127834,0.04352166086185088,ckb1qzda0cr08m85hc8jlnfp3zer7xulejywt49kt2rr0vthywaa50xwsqgulzg2h44865y9svyw7s5390npefh3x9qrr8hc9
-2.4846976270978263,-0.22555587720350773,-0.3454829253936701,0.20685588777569355,0.6168983388537042,0.06081346070477422,0.2746474766057731,-0.10453742394654955,-0.15411762981357932,-0.5051799704780088,0.03992340760297018,-0.4823686986031658,-0.07249376220133359,0.03973988197640269,0.03527725559057705,-0.09301671352345707,-0.00866802354003947,0.00994835688255104,0.17466858955833964,0.15827976432044577,-0.09357652784113371,-0.39433757390514984,1.040708264368239,-0.1134894722901315,-0.037963939420683025,0.07198356850551921,-0.14698864155276012,7.849723751097669e-14,3.040780993735069,-1.3222295427379172,-0.11954377321416211,-0.3169692132989296,-0.24907989242100345,0.28773722643440924,ckb1qzda0cr08m85hc8jlnfp3zer7xulejywt49kt2rr0vthywaa50xwsqgvf6u2sgx8ud45x9dy6gqwl2rx5625w8g52tt66
-2.033816651940953,0.7324858525707634,-0.35932491809606204,-0.2508027214088719,-0.5764298163638886,0.07747778874230747,-0.4077108789504284,-0.03069786406373168,0.16120958155726228,0.110741300971921,-0.00025537895776752263,-2.3431177110514922,-0.6819123192887337,0.20130323594681845,-0.1815217721158958,0.06577000330410436,0.266886666712995,-0.035307793689958025,0.40752846958040545,-0.25822592147222917,0.09015420432110535,0.2577176606181528,-2.706797005491803,-0.14572704972751466,-0.2604901317200242,-0.0675617253241534,0.1702705153568428,-2.5576517086616478e-14,-0.09144264908654137,-0.022930130643859598,-0.02521443678005506,-0.04452602890013395,0.29965913654432036,-0.5877335189672392,ckb1qzda0cr08m85hc8jlnfp3zer7xulejywt49kt2rr0vthywaa50xwsqgvmsa3c3ecl7edwqjvezvjcrwqs3ypy0gdesfvg
-2.355496997507039,0.1593108544625455,0.046769036905661455,-0.5104482384025767,-0.045361029887801996,-0.049670295332121736,-0.6929637852391778,0.7349330489681487,-0.36500425280823334,0.21075595079836873,0.8056909579413509,1.1432150965390577,-0.17463679139663368,-0.2704216301039856,0.4027541233514075,-0.02918997788255596,-0.13625416944998753,-0.0030512101915583967,-0.16186935131313132,-0.20987307847053266,-0.16157566192091052,0.010115855935215554,1.740059676037218,-0.049384441169879514,-0.059831875417082486,-0.04849403781748299,0.07173055409306871,-9.117966167658393e-15,2.308378807487647,-0.6551694004386515,1.1458517775655193,-0.47749536247612534,0.03360883007456298,0.628183482125239,ckb1qzda0cr08m85hc8jlnfp3zer7xulejywt49kt2rr0vthywaa50xwsqgw7a8wtdmg4er900svtg4vqn27upcpq4cnd4g7v
-2.3980507556079123,0.0549487995681838,0.15229919762435215,0.244112311298585,0.33206898023774123,-0.05804613517748128,0.19535285017651216,-0.23617917079346276,0.11729427944508986,-0.6502041485336176,-0.5984428987394755,1.1710688234280768,0.5523760817903002,0.10569239514142365,0.48470717287717296,-0.00011351668871222274,0.08041468683425568,-0.15446553230853155,-0.013954474795432754,-0.13623885198809152,0.16914550252802454,-0.12925791770007306,1.6420339002809712,-0.20355799842428013,-0.15362555657518048,0.38746869569904646,-0.06465052992575872,4.2729588173390784e-14,2.6997121961464225,-1.187360270874653,0.4743797820306607,-1.0448180626238195,-0.00904265054221951,0.3962876270719722,ckb1qzda0cr08m85hc8jlnfp3zer7xulejywt49kt2rr0vthywaa50xwsqgwum3jcpnajgd4teaa2zezc99pwfl3sug4xfx7f
-2.2852684357253445,0.34949001660405876,-0.09282009010572721,-0.7589486172874736,-1.0449933819434332,-0.8266098813758632,-0.6353046875131175,-0.28635712580734074,-0.636507131332195,-0.055168543311173456,-0.5423048171944476,-2.1048788305234,-0.2244959723796738,-0.1735112526324821,0.1565354911033236,-0.09043854703129883,-0.08623659877916674,0.04173243936223893,-0.24328586341301894,0.03507186792960034,-0.1732368673057712,0.0880839223996686,-0.4369622634116365,0.4463785690685954,0.12579662925275056,0.05187793607376457,-0.12445889230137867,-1.6610553672827058e-14,1.488745281906259,2.1131320261164745,0.339120592261426,0.4645782435931197,0.8602065176495527,-0.04493127348515869,ckb1qzda0cr08m85hc8jlnfp3zer7xulejywt49kt2rr0vthywaa50xwsqgxe3ru50ecjjruz4tymv759ztsdff7lxq74umg9
-1.9277618497902638,0.4588229345246038,0.46162115219096933,0.5057385065470373,-0.37749956810970914,0.2005175864438561,0.1302397756830315,-0.08671931265446661,0.017996682557951282,-0.26390944930793314,-0.2508224458725287,1.7588564263038906,0.6676897560884806,0.06813710989355068,0.09302494579546448,-0.4127440984085107,-0.08714015266030647,-0.0306169239978175,0.37938570590202836,0.5568979946912392,0.01522564160860178,0.19000194989751282,1.4151776161311387,0.15438791339228786,-0.34075606874179587,-0.12042277470672956,-0.26036270410677975,7.777551485554258e-14,1.1762953369794225,0.3462885933102811,1.7799277876911395,-1.7046652721263684,0.34082243591497796,0.20938771899178502,ckb1qzda0cr08m85hc8jlnfp3zer7xulejywt49kt2rr0vthywaa50xwsqgygj0n7vv7vk6ejt4d23yp87v5fe5352sv3hvfw
-2.217347589283036,-0.15380474001461863,0.012423041308178952,1.8165105067380702,-0.41103678591517473,-0.3972358461213803,0.3501579291364639,0.10484124174402183,-0.2697289370977708,-0.03535646165327439,-0.4224011463092432,-0.5323576883117092,0.4643698300609333,0.2839498404442482,-0.32667602674814106,0.3820241586839263,-0.14431759627944235,0.042518260715249646,-0.07238339326757764,0.32118506247975215,-0.024699812777376443,-0.0646431839880193,0.8414250254364081,0.04686197796565159,-0.22071694767010566,-0.08703191704779699,-0.06709269201231192,3.7533155564571504e-14,-0.4592167834325564,0.1501921079736791,-1.716438950640227,1.7568167905888004,-0.025818186121297156,-1.0712228463440894,ckb1qzda0cr08m85hc8jlnfp3zer7xulejywt49kt2rr0vthywaa50xwsqgzgak4nyyfjzlcnx6lel86kkl9wmn8cmqg5mv52
-1.9025166765927572,-3.4985131315905487,-1.1004777244984627,-0.05339957124805281,0.9883777391312244,1.2264198908876447,-0.2984970122898401,0.5819731383423115,1.0220406040038164,1.1632674052998233,-1.3252747745243405,5.474896637539971,-0.2678208943362897,-0.2319390929168721,-1.4989552254746057,-0.3992962964525035,0.27301402850620093,0.3117088254221112,-0.7776676179778593,-0.10046747009782642,-0.08004122603918873,0.020718912812362142,0.522851104164616,-0.29464972933379,0.04358834552455947,-0.23221088020608172,-0.04020509992582619,1.3801678649350756e-13,1.9282666594348983,3.5507690936728338,-3.4884536844964495,-0.1988063590290898,3.9520806931578436,1.167479645053281,ckb1qzda0cr08m85hc8jlnfp3zer7xulejywt49kt2rr0vthywaa50xwsqgzku5d6wp53s4ukledn8j8u3t9vjxt7ys9uu00a
-2.427296525144927,-0.17753445373491644,-0.07009457196479957,0.9916155838568209,0.2462849094809391,-0.11937244142311017,0.012367700871437811,-0.13476817057489768,-0.08306702746343554,-0.21315411799687775,0.2874284851018131,0.630033611417591,-0.012492700344174495,0.14267744436352842,0.22640438621045875,-0.19493948649784848,0.07926701089013853,-0.024835452468133,-0.02735796685786727,0.041950009604566754,0.15702862852984,0.3106163743690301,1.0136727233284621,-0.003636464827092859,-0.050434350764326764,-0.004304281832081786,0.07643931558121128,-3.696595705003957e-14,2.686629856111974,-1.6095791363019276,-0.3632322553543275,-0.5744187596776817,-0.35401431560340785,-0.04798697705359337,ckb1qzda0cr08m85hc8jlnfp3zer7xulejywt49kt2rr0vthywaa50xwsqgzw9vj0prshmp4pm5jr0t8m4vwf353syqvqfm08
-2.1178445683675635,1.1021362771257597,-0.35320520461603544,0.02742765366487481,-0.23643120389752462,-0.0007433021014952976,-0.37960101626552634,0.4543925000494736,0.65261308919658,-1.1634326415705638,-0.8216895092700072,-0.22872037786123992,0.4455094326082372,0.12245353682706092,-0.3494025033377269,0.33540777741868466,-0.13060943852525997,0.26237707115786363,0.027798762275844602,-0.04965574200195494,0.18030790162925817,-0.505279274219642,-0.6917873072372422,-0.43752139118812444,-0.17860185221746025,-0.1041509071291156,-0.11109338906952161,1.3949326679452838e-13,0.7271443722258293,0.9505628541522031,1.5551096585792499,-0.07164508867417979,0.24921045222371105,-0.5543513131056257,ckb1qzda0cr08m85hc8jlnfp3zer7xulejywt49kt2rr0vthywaa50xwsqt2e7jpk20nyyyuwdqmvqk427ql2593nugpqd4pp
-0.1633446285423575,0.12380288592462052,0.5764567932884198,0.70980064731544,-0.8470252727346926,-0.14726121633466066,-0.5419276032161164,-0.08890376875645101,0.24680446960381086,-0.7182430680643109,0.5771317316357123,1.1197703207216227,-0.08417149218013047,-0.1754232788152655,-0.15003452947667054,-0.1493312122303991,-0.45988778805493874,-0.1565228603386423,0.018471439453783375,-0.6445878351094264,0.2477363295300414,-0.1871287265063781,-2.243281126238507,-0.09220068616164061,0.26634557332016684,-0.32012356572660977,0.06696501748070521,-1.7257042365527195e-15,0.38210404019341854,-0.13458237884266877,-0.3427825440409362,0.17190724485310904,0.10007669880601636,-0.5500293806403235,ckb1qzda0cr08m85hc8jlnfp3zer7xulejywt49kt2rr0vthywaa50xwsqt2gnkqzr9sm0q9syuahhy9mgu9hx3r5pg74y4jz
-2.253624341100946,0.10123693157429249,-0.12251833273324217,0.9823321587992091,0.24168333019461757,0.054916724742484054,0.020336979839572628,0.3357338482369396,-0.3915326264576483,0.05663944311131147,-0.30091383864848514,-1.1054318424544458,0.3631475382020459,0.17792317237776592,0.2197274988767899,-0.07996226296658986,0.1108138776480523,-0.1125857044573937,-0.12424661813264448,-0.2775567085525401,-0.09029256013373022,0.07367544462871199,3.9891856885230643,-0.22084356737741392,0.0758434094638115,-0.004051328974482517,0.09007869387060344,2.4200919857290012e-15,-1.4939629795628535,-0.9298986253953632,-1.384241517934903,0.7036989290275951,0.2576041879731293,-0.2260530428963032,ckb1qzda0cr08m85hc8jlnfp3zer7xulejywt49kt2rr0vthywaa50xwsqt3tqddwnr5xfm52vevcyujfw8nhrr77hc0uppq7
-2.0462774011753684,0.4865457796677912,-0.39737625010354466,-0.15056328981720413,-0.3300962602941198,0.18606339674363578,-0.26010025218738314,0.07360493496568642,0.3469652964691442,0.24207654115796762,-0.11151994443511895,-2.3791536063478786,-0.20966042682458366,0.12288651086526604,-0.17871610233359736,0.08364566969605759,0.3439321588160245,-0.03413171886973497,0.4403297218059963,-0.2198879893973547,0.08638407023413688,0.21409854026933806,-2.800166040593548,-0.15071012522478777,-0.25691729749508174,-0.011655346896845172,0.09543662589511463,-5.481480340901139e-15,-0.17497263289246606,-0.28124885808362343,-0.5800193460809205,0.3646427634333822,0.3110898329739603,-0.5394847543304977,ckb1qzda0cr08m85hc8jlnfp3zer7xulejywt49kt2rr0vthywaa50xwsqt44ntk8mswsuzjtd7e5d4nm5q3akq8ppsvm3kqy
-2.20349755686629,-0.08085858111772821,0.39735454607925247,-0.7603140328346795,-0.893183575452834,-0.21951088617756728,0.3969490734440432,-0.0587474873732621,-0.2809434947351114,0.5760733041584546,-0.534463390403623,-3.139648873428007,0.20919650179928012,-0.5403558884138094,0.34740708327331704,0.015242119645433077,0.3105285101882952,-0.02344576706960645,0.24807475502316464,0.2257426840774507,0.16636900071059998,0.09653317941281338,-0.703633246708953,0.02728916327719819,-0.1393154716541259,0.17591043165444967,0.1884085804348421,-1.0147892510455353e-13,0.145473816149154,1.188891383193635,0.4037784540742124,0.3666998973680361,-1.1120201237859262,-0.4273748427511821,ckb1qzda0cr08m85hc8jlnfp3zer7xulejywt49kt2rr0vthywaa50xwsqt5ctdrmqm0ay6yk8h9nxh7uy0xu7tm8zs8tvu99
-2.224687090895306,0.3499465649394385,-0.056963313676219186,0.3381090038112811,0.08559639743939551,-0.4561580385066029,-0.2877707694901629,-1.0782519333265903,0.8454929716378754,-0.14667114175696327,0.23869306709528368,-0.7599150810691224,-0.06811097006770576,-0.37641472034302703,0.009250001634656982,-0.2793609896543479,-0.20157277236486165,-0.24346656692946506,0.10849094018634035,0.09378801631847877,-0.01899177058499168,0.09811264998530177,5.1500169130236015,0.03525555420155157,-0.004193266600738052,0.027695140409226198,0.07153865220507358,-3.23298886850384e-14,-2.2102778608026474,-1.5142914982004996,-1.3947072691367308,0.34933926400279236,0.519625183589064,0.048555536179237004,ckb1qzda0cr08m85hc8jlnfp3zer7xulejywt49kt2rr0vthywaa50xwsqt5hd8ra55wkxyswhn2w70tvgp8pzwvapqeasdg3
-2.2290329515845375,-0.16998808248924688,0.5682720625226956,0.62819138300265,-0.547872767717014,-0.5181942517298129,0.13670864958410978,0.1801994626415725,-0.10686049599756597,-0.22349212096081117,-0.044461217160852565,-0.8677619006877731,0.4789680756866952,0.0013746628946703773,-0.3568156247982787,-0.013970240965535018,-0.0007022205466714705,0.08934165106476155,-0.045856318822656054,0.32034559296049475,-0.2707067798289904,-0.10564823199214061,0.1591478709364738,-0.08049389365084907,-0.023911689476245133,-0.06566777998037651,0.12158428192169453,-1.8835314153493917e-14,0.1091376172091025,0.3735859158212778,-1.1687418889040648,1.0957492191073075,-0.9125212836889902,-1.0036222448793415,ckb1qzda0cr08m85hc8jlnfp3zer7xulejywt49kt2rr0vthywaa50xwsqt785chmwk9t3w2j3570chwvmwq3l2sxrcvmsm9d
-2.321762799142521,0.18252057121884466,-0.04025267063963134,0.1597770523976689,-0.12922265912031042,-0.4639279779571277,0.042838826599630744,-0.3994445640732208,0.13347310118547592,-0.0831572560452702,-0.10291762681522262,0.8246649073332205,0.5315934787127168,-0.03355198330825236,-0.7028344300671523,0.10931130854856974,0.7516911460564198,-0.07311417647721909,-0.015233458415632709,0.1338776387015654,0.14555241345914138,0.17494885089003054,0.5643880638802339,0.13962748716809564,0.09833534392836712,-0.008657321762256857,-0.08309332516079034,-7.404724814871909e-15,2.685371730815945,0.29778394941600983,1.1443554672100988,-1.143727649381696,0.38648075273403093,0.11320709519972759,ckb1qzda0cr08m85hc8jlnfp3zer7xulejywt49kt2rr0vthywaa50xwsqt8ypvjjfwqn6eneekj0ykwyzrr2jnhxfq8t88cr
-2.4422247512097237,-0.22328044877604275,-0.20086221287734612,0.9254036669991371,0.32818356158881135,-0.06759954288950085,0.12375089370294694,-0.15000065712541064,0.2262008311521594,-0.29898090558611046,0.12432527150811444,0.39576432371959586,0.09157388800334694,0.09906942341188593,0.34493994243870324,-0.09289938421633892,0.20542178495062552,0.10732069501558773,0.006813554786216499,-0.0072496991157474525,0.15136828157893395,0.31591742003685025,0.7782773217086013,0.007305660334643138,0.01431400090526421,0.10099516919713872,-0.010204859880515022,-1.8536254841261983e-14,2.8830124140545803,-1.349949308750112,-0.2947297169153567,-0.2939288158899516,-0.2788884407240866,-0.01521426442002031,ckb1qzda0cr08m85hc8jlnfp3zer7xulejywt49kt2rr0vthywaa50xwsqtc39e2l04ha5t5fzvupspn49lftrglr8gw99j4e
9.948490331426376,-1.634024888870765,0.47363854646848386,0.08324327302993674,-0.8661514406490586,1.5648234398450434,1.3562432492242555,-0.9953052496723479,0.46430906765433766,-0.2533869505661739,0.40343443896970604,-2.002869774124633,0.0789866596892992,0.2417219595880593,0.26338605578947716,0.340736406215914,0.2075747923504042,-0.22428161976221292,-0.23103875497151957,0.38598635852745217,-0.23136995242752553,0.12273735227571629,-1.3547434059732206,-0.11267587068669582,0.22938632498399644,-0.03216052326972782,0.025415203385962298,-6.35421748676453e-15,-0.5205096814245619,0.5219026167607089,-1.0982262938898744,0.4529099415646307,-1.8242024376978463,-0.9730893199681161,ckb1qzda0cr08m85hc8jlnfp3zer7xulejywt49kt2rr0vthywaa50xwsqtcj3ytn3vr7ux8twl2esdzhwqklqm5a9qjff8zs
-2.372908203701208,0.16840262805161116,0.013401629979022434,-0.1598241381265168,-0.5641178850250423,-0.3259475875867564,0.10689090690658593,1.836121438873403,0.19575899703701066,0.01590409060552626,-0.2538454653936209,-2.9568721402462477,0.2519037873258094,-0.4514947165198817,-0.16264764320930883,-0.10181400959370934,0.8416029712312806,-0.13561965447376725,0.006566350330301256,0.35752149317047743,-0.2736250558884592,-0.10496120560634824,0.41476693969079376,0.2998025258393244,0.028459686582617348,0.11687134646754224,0.0419025957520852,-7.80782913378062e-14,0.6026176157241883,-0.09859963336721249,-0.25659297636320594,1.6306669897146258,-0.677512913636453,0.014593097899413607,ckb1qzda0cr08m85hc8jlnfp3zer7xulejywt49kt2rr0vthywaa50xwsqtcpq6rsr3xmfz4xnav7vrszp3qwpcv9yg8urgcw
-2.0056820407326086,-0.8847641435774892,0.4804838354939619,1.295555491166421,0.06279874762109061,-0.1548535634939857,-0.35606770514514646,0.1310198683898491,0.2024317908451831,-0.3597305613852686,-0.6636561785891892,0.9522232359656484,-0.19336665061141223,-0.0489234905730012,0.009224508308447626,0.3471457741827525,-0.3876323686504519,0.38070969189484305,0.19209725732330313,0.07316253196587573,0.24129082186902032,-0.038621793326095784,-0.11879652339210897,0.12043206802102376,-0.009110726549940771,0.03281294337275533,-0.05565940912225927,-7.857227142430441e-15,-0.9561853361570274,0.06151429985678577,-1.4326479546829913,0.9319214389954689,-1.6982692082756554,-1.522381042086795,ckb1qzda0cr08m85hc8jlnfp3zer7xulejywt49kt2rr0vthywaa50xwsqtcz03jau3958a7esc84ygpk8vj8ad0njcym245u
-1.4573283594224158,3.548962786217452,-1.4072858976957425,1.1743971422244706,0.1886303400482114,0.8739728731024016,-0.29892344336404286,-0.23544840472648865,1.341841921375,0.2799140416211281,0.12454368230473298,5.189292454003152,0.1837931456909446,0.5652261925870274,0.4382364056851547,0.3282800373603727,0.32591085864578095,0.4705636239368051,0.21775610661326136,-0.23782154295773583,-0.1367903204263127,-0.033838592094648734,-1.9134947211619764,0.2416518687983671,0.12638513596926038,0.09181532445077137,0.12216204981236187,-1.1797132289557433e-13,-0.5261194439292964,6.045286909477691,-6.25267587670045,-0.7957851510883971,-6.712443991349087,7.408374454692787,ckb1qzda0cr08m85hc8jlnfp3zer7xulejywt49kt2rr0vthywaa50xwsqtdjy59w688e9h3e6spw0ypv7k69nl2h6q3sma2z
-2.308693815786973,-0.40529342749263125,-0.48087905094621053,-0.751253451076874,0.37127895300175245,0.37954834328598086,0.3883105171387637,1.0410770233023257,-0.6816995613497283,0.38487604065626824,-0.4498745061569135,-3.3578864733747,0.2806668168476133,0.6413654261805837,0.3132507196109103,0.7329331713402873,-0.05356392689405599,0.10758144629702272,-0.3610679739426447,-0.30720965825815394,0.0014225337083361178,-0.3989515273957002,2.771644759694774,0.03171520461720922,0.1643548076285208,0.05894619019505572,0.03513269401588523,-2.7333885074225194e-14,-0.8233144206095322,0.1264334292534635,-1.4857602269850427,2.0680646665470133,0.6704326211177886,0.37526661606563894,ckb1qzda0cr08m85hc8jlnfp3zer7xulejywt49kt2rr0vthywaa50xwsqtdvhzxzyqcqqu3qu548g0yfhyhkn68s0s5tlqdh
0.30912578658084267,-0.6916645164997928,-0.03947432071341242,0.07038345590124338,0.1348910531402352,-0.8014773416934813,0.46382333655209074,-0.5272519411037035,-0.05488102148303151,0.2336944437516274,0.10871266368246195,-0.6695196928583841,0.7641428908489584,0.15223362445152222,0.21382785394802697,0.07267441545353134,0.04424645053783812,0.013253859132398032,0.10866811478711921,-0.018158807920720985,0.034826647730711556,0.14120660225805962,-3.0314418307247606,0.12463222256341844,-0.14899831853702328,-0.0894259771577889,0.07767821749457335,-4.9673941771512474e-14,-1.2054563902996347,-0.559732943591786,-1.0466692782703089,0.2179116608364284,0.8018258366877966,0.3084361425710856,ckb1qzda0cr08m85hc8jlnfp3zer7xulejywt49kt2rr0vthywaa50xwsqteuhr80vfws6en6ju03huzvp3xh9z0juqelhgxu
-2.338893519145336,-0.8645927432678341,-0.5785315788356726,-0.08989296697041421,-0.8673238897579162,-0.07752806711949499,0.33912636452411005,-0.9870051667205596,-0.07195494181542106,0.4444478673170659,-0.6991832338150811,-2.1286254976626444,0.03890750978250514,0.1612860066170466,0.2708556698245196,0.3700027299662991,0.07864658985740801,-0.17393356269699992,0.2942572800915478,0.031028749012741424,0.1439255932356374,-0.26300573297806656,-0.5416615562000676,-0.2710149137254858,-0.15479562944688502,0.02893409650909198,-0.1700642465802772,1.1280825635227571e-13,2.612251340943933,0.073520300144157,0.1666138809669639,0.1789274504214368,0.23811362471185865,0.45856546729191766,ckb1qzda0cr08m85hc8jlnfp3zer7xulejywt49kt2rr0vthywaa50xwsqtfs070fqhspjhhzf0l5d2hrpd5hjvzmkgh8p6j2
-2.42520700413932,-0.16935076913708863,-0.09042897946718725,0.9907644036313691,0.24551286512048007,-0.10435946594024582,0.018550551001319325,-0.054159939297258014,-0.05045349302197671,-0.22157396065002496,0.30264932323887744,0.633026573451068,-0.01664705469946923,0.13234140335942027,0.21660065546844073,-0.15526445536820468,0.15472668776183623,0.009746893707526032,-0.03283025579477004,0.05888685717208615,0.20393564990420898,0.31911762039544633,1.0356706809441285,-0.023251546395735165,-0.04557192519983875,-0.02007196933123198,0.0770600231735448,-3.6854934747577053e-14,2.670193232585948,-1.6651130772646598,-0.30540732495165657,-0.5836502510991111,-0.38548843701473096,-0.034862917815064155,ckb1qzda0cr08m85hc8jlnfp3zer7xulejywt49kt2rr0vthywaa50xwsqtl60mlnd8498tpqyfu5yud3fsrt5ndptc80xq2q
-2.365413831106772,-0.2952393520330505,1.0637140283794178,-0.9095378878351443,1.2215915913135462,-0.5523873391384808,-0.3068386215598448,0.23112602200699284,0.3395328535062811,-0.3905475653205276,0.39131338591124776,-0.5922455007594487,0.0590431235589488,0.5775769392500075,-0.5629525786683479,0.023553728537672042,0.3654481264259751,-0.42550523379864774,-0.07735247892456401,-0.16291442704649517,-0.11287238622494813,0.1578099271124333,0.41503616778086894,0.049653907213830215,-0.014456024086167594,-0.004999948300192043,0.048214096717321214,-1.975686019439092e-14,0.6277860730572824,0.7061790370763952,-0.5028127061343439,-0.7117715573712239,-2.842659794726124,-1.666593925859236,ckb1qzda0cr08m85hc8jlnfp3zer7xulejywt49kt2rr0vthywaa50xwsqtlpgc29k57ufndd7gpm2jjvpwc2hqygjgtf54lg
2.657663821361209,-0.6887170761892394,-0.26113174409076456,0.7735758442994282,0.8394154911727949,-0.50377326890001,0.6551222828251866,0.2111935369107737,0.16406728482282146,0.0856037879858136,0.11847956322242308,0.7442804406045923,0.7323525833605526,-0.5833022619443593,0.06810377683561855,0.5603253994821479,0.05631018548661767,-0.3401162490182134,-0.13232313847809876,0.4808764137199528,0.2817257361171194,0.013130423910723195,-3.6146561182015065,0.08117691916659472,0.009141690259810686,-0.08196986225455151,0.04429988053299966,-5.844470366605121e-14,-1.3588432840448574,-0.9865501152882408,-0.5175627705108963,1.2397130974384885,0.31164332438796655,0.23848338624411172,ckb1qzda0cr08m85hc8jlnfp3zer7xulejywt49kt2rr0vthywaa50xwsqtr5klxrl240p2jsldlwhd6w3dv7fjj59cp6nkwy
-2.2789068251556546,0.19001204589545045,-0.369965718633068,-1.05451263141396,0.0023575737995490354,-0.45264015365790083,-0.35579910264473324,-0.49331577428722134,1.1829410141522574,-0.023880914414207588,0.26245580166482185,-2.4063699848037268,-0.14546589916111607,-0.10279592082445904,-0.04519157116924707,0.09670620093100997,-0.2552271115006504,-0.06446812072946993,-0.11843572196329102,0.218434419868629,0.26205785844846435,-0.15265144030297426,5.185157260405631,0.02710698429907576,0.04241658519420626,0.01562346453034663,-0.016531229960563137,-7.460892933434892e-15,-2.0836768774574517,-1.4107762002061437,-1.059760641389036,0.8928545823568154,0.5575180592839263,0.638624729030193,ckb1qzda0cr08m85hc8jlnfp3zer7xulejywt49kt2rr0vthywaa50xwsqttkscr3p930542e3zgzj3yujwpak0gq4slpgsny
-2.0800429858348366,-0.4759837729283589,0.03265751132087572,0.4216722946095379,-0.09807536575835189,1.1853433398943136,0.7689119841007566,-0.6261871891863225,-0.028473438227953323,0.8110787832574083,-0.41821456522161843,-0.2642359504058315,-1.0156643356829236,-0.8220258129190553,0.0768398481493713,0.017039198749178107,-0.28197061202923085,0.34154097586971693,-0.24960355198325676,0.08721065880849617,-0.2974868899784287,-0.0610946362992794,-0.87857517908315,0.08929353505067167,-0.05749360861943986,-0.5535946878303571,0.2087356047890261,-2.969460329830619e-14,1.2094122803027125,-1.4958731617331045,-0.350546592522321,0.060875599645635874,-0.17146032728256574,0.28745477507468226,ckb1qzda0cr08m85hc8jlnfp3zer7xulejywt49kt2rr0vthywaa50xwsqtxdw8h4yk3jnuln8ktwcdfymeapm6jg7s5pmley
1.2565711881666013,-1.4302552019518533,-0.2684243230717795,0.4226413014229398,0.7139361492547781,-0.587068055439736,0.5471524163632462,0.4175570819443887,0.4180286405363575,0.08366387261689702,-0.07598197034371815,-0.7275403751287551,0.822775002710691,-0.6606444296956305,0.6828479623822552,-0.4376543135411759,0.09323439064814876,-0.19566576796372037,0.1132460622637394,0.1108411603593958,-0.10151524452396817,0.026973345569137056,-3.6578419386279806,0.14329595528061795,-0.11924315040494686,-0.06303848070880838,0.036515327070984455,-3.9138064115168535e-14,-1.317744759866827,-0.22674466606036423,-0.8982504946322828,0.823593787122936,0.7552005416326928,0.9766984831065622,ckb1qzda0cr08m85hc8jlnfp3zer7xulejywt49kt2rr0vthywaa50xwsqtyedgf3hcmvghz4cmstp7pu7u76x93apgp9rzws
-1.7815669388435613,-0.173425068259651,0.556739581960348,0.9119139816101525,-0.5513168795415718,0.5090740960376566,-0.26594260376232826,-0.11038314975468208,0.5469125461563681,0.8386306450422383,0.20974930732573158,4.481533847701382,0.10464325646305496,-0.07357754059160143,-0.06420782569529968,0.30160842771015217,-0.26149838581686974,-0.15205621836733382,-0.17851594790229938,-0.2207269552274851,-0.033611208268521583,-0.2866656156562705,0.10652618822728283,0.1954535779803002,-0.17944047548354553,0.2659530165221975,0.15031107719013603,-8.117446862604284e-14,0.9082921467021998,-0.7350789105409108,1.0539452273151841,-0.2579631281934961,0.13747399181150707,-0.02889607572811271,ckb1qzda0cr08m85hc8jlnfp3zer7xulejywt49kt2rr0vthywaa50xwsqv2mxk8gk0kdcqrjee7fdyy4dzjs3c8etq9dlarq
-2.0982089085731372,1.5755260001300104,-2.120588053778079,0.15691371657356004,-0.5231355793671663,0.1286727987273852,0.8653679551462226,0.09371823539598287,0.5043277203896057,0.03264072147704635,0.41773160686514144,-0.6066451276521938,0.17671088954646727,0.20547515881819367,0.5415524373648389,-0.043888585620371644,-0.3844926461258901,0.33690464807432907,0.24773919556371274,0.37215585203022394,-0.1383139156918279,-0.005019137180762162,-0.18041455371251847,-0.5107892578362492,-0.02129278968538185,0.03389405522859001,-0.05273317293732422,8.633529638727595e-14,0.47173153790541505,3.208069629603073,-0.863493861791099,-0.560158839358781,-3.0360775712107886,-0.0672087403139999,ckb1qzda0cr08m85hc8jlnfp3zer7xulejywt49kt2rr0vthywaa50xwsqv3zjwlrxn8vk53c4d9a8ksecf9rj86mfsv8t4pc
-2.3659397011456953,-0.2752399992738916,1.0557021634450394,-0.8897441933761836,1.1638537294847702,-0.559056287796848,-0.3044822808571896,0.2531716100317512,0.300833793354385,-0.402273811352221,0.3540193952202327,-0.6095077553751377,0.04837307271586479,0.5145164840765598,-0.524147513242825,0.017192542938756633,0.361834956227861,-0.42662087412384947,-0.06507323475190847,-0.15030052821941942,-0.11463736087575924,0.11011021634234308,0.44481682963008906,0.08975658382414382,-0.002799545496274648,-0.007795697394331857,0.04936626814137557,-2.74173990643045e-14,0.6408349432628456,0.6818146814756372,-0.4730257481290823,-0.6826598324870932,-2.7966742298747884,-1.6188802923735814,ckb1qzda0cr08m85hc8jlnfp3zer7xulejywt49kt2rr0vthywaa50xwsqv47n6dc9ay34npwktvlpp5huzjvd07t4qhspqyz
-2.435335042884086,-0.26254611529463867,-0.001595171052482818,0.38330447014058733,0.48396545708133426,0.02203794834707516,-0.09854617612892294,0.33289284317839324,-0.4448993471766171,-0.13772151950915099,0.7579167075632763,0.45832601014629054,-0.40040455436797273,0.07550656808768147,-0.06280315871235864,-0.29834785361394034,-0.21319237390690676,0.016719020023539217,0.10022575518153491,0.21167520553605906,-0.24428678992326808,-0.39201513934350773,1.3525333481728812,0.10396337978685805,-0.10889140462030206,-0.3193297875515575,0.12893536357978114,-3.1045661022942034e-14,2.5083547875842442,-1.8776681645462021,-0.48703781324447065,-0.4302671300183109,-0.40335185281785935,0.22481672271131597,ckb1qzda0cr08m85hc8jlnfp3zer7xulejywt49kt2rr0vthywaa50xwsqv52twl330j4d2n858snefzewnuwchku7ql2qas8
0.07780285285616426,0.001961028516561841,0.5153579126246489,-0.7014526527070147,-0.7106733880562657,-0.15461087704430249,0.01011626277928576,0.037132145991111566,-0.07348664072456071,-0.24021166198601665,-0.029711317886863924,4.478610028964636,-0.24553436972589213,0.36443526614007965,0.14017300982808245,-0.29559352905558395,-0.15210379250564895,0.07299466318025143,0.1457372823958202,-0.2256315930638879,-0.5431884666946781,0.22792792754172655,0.5784141340606821,-0.35450403000649755,0.01723924186735453,-0.00026338011393330546,-0.26203590911945635,1.82718172687278e-13,-0.9163585725621982,-1.0645478562420398,2.0756639041078606,2.2923067004048012,-0.7113273104836281,0.47373274789951836,ckb1qzda0cr08m85hc8jlnfp3zer7xulejywt49kt2rr0vthywaa50xwsqv5uwm78vrgdrfmd056xn32q9junu3rg2c2we24p
-2.4456438430821357,-0.037041735571566044,-0.5129474440655327,-0.08439925055730281,-0.2652522767754744,-0.329935836766389,-0.001283698206607834,-0.7718360580209647,-0.452044161392853,0.29205030889215544,0.1592316994723966,-2.0093872838189695,-0.2458299432577344,-0.27858482845780186,0.2952073642988399,-0.1979537653650352,-0.1482869794285167,0.1669756763272339,-0.36995876403107786,-0.1734296614917012,0.2399580288455984,0.35834875525767795,-0.30782656584402723,-0.09587024116024645,0.20451308605271268,0.06270793751329426,-0.02900175260379519,1.2417699979244942e-14,3.1327123557422123,0.7350625806395117,0.23027358128299663,0.13730609310785302,0.33149197451132006,0.06799373663410949,ckb1qzda0cr08m85hc8jlnfp3zer7xulejywt49kt2rr0vthywaa50xwsqv7ayqjm88s60nm3gf56q55y578uw2weqgfx02sw
-2.2942097264407457,-0.0028361559241561526,0.11621844724187018,1.0487057371547162,0.17837427657882995,0.09874863829868956,0.09469918167697798,0.43261053198703175,-0.8923249676715249,-0.7409365160773869,-0.6401927243610651,-0.8888612310501232,-1.0884212724763564,0.1624398602810845,0.2730945030575702,-0.41551154567706444,-0.04695727467839275,-0.16791697569370614,0.07503837976669779,-0.15519444273588776,-0.173656948545343,0.04501703659716067,2.941049294448347,0.03548497214915872,0.03692224541247904,0.31000471628614906,0.11520858341439127,-4.515695641113123e-14,-0.4993675863649445,-0.8998464538410514,-1.4225411165658501,0.6481802562311142,-0.12835285647736225,-0.2728941821483575,ckb1qzda0cr08m85hc8jlnfp3zer7xulejywt49kt2rr0vthywaa50xwsqv8mt7uj0ynsd25vlufex6xm5czh04nglsd68gcc
-2.503051617934717,-0.5302983032261145,-0.38201407750100147,-0.25812467446262793,0.48413847995851345,-0.09452681192604726,0.4061033287528909,-0.6141798848644723,-0.14479521064580828,-0.40053174911468203,-0.058177974476774724,-1.0941375363333616,-0.025428646536450276,0.17219654221774194,0.3902196174459855,0.07649524325152149,-0.21252252638897845,0.08981826484679047,0.2015093602193507,0.09254742215205537,-0.19169907185375187,-0.3269463919259567,0.3592488728138923,-0.1539547419207698,0.04619571821528211,0.08042163236581319,-0.2528818718252205,1.2057469014427013e-13,3.417998020609264,-0.42514198943614534,-0.5561849486000794,0.32748242536453337,0.23589128247580493,0.41261673534308574,ckb1qzda0cr08m85hc8jlnfp3zer7xulejywt49kt2rr0vthywaa50xwsqv8yreznvv7falyl3sk08l74zh6aj9u9hsrpfysy
-2.363961441218762,0.1431377862754397,0.21120612822078333,-0.5760675707585527,-0.11876412528276968,-0.13779001024290086,-0.6813249449010715,0.8113649199191616,-0.3800712637723908,0.19097375768228167,0.7549461128012519,0.9940289534354454,-0.16397504627254955,-0.11025369582206775,0.3891521904653671,-0.21687201215723012,-0.09254904959319366,-0.02198711867412341,-0.16710107377870662,-0.11134790632037535,-0.05158688997097561,-0.04650881214236919,1.9347187191687045,-0.06661872449877118,-0.05168859946870865,-0.04243935654276956,0.11254469724717592,-2.6548681238349415e-14,2.273722162990816,-0.8608716068533098,1.0386857457486436,-0.9091611511684021,0.005446465316305361,0.7239308945330937,ckb1qzda0cr08m85hc8jlnfp3zer7xulejywt49kt2rr0vthywaa50xwsqvde0h8xdeqmmvrxqsjqf8pl9kjltjsupsfxlpgt
-2.2711005358039533,0.11911283207933941,-0.04344126854936262,1.1697414363371441,0.6329514656499733,0.33603480150573595,0.24344282506795722,0.21477101916484115,-1.1899798118927953,0.1265236698818946,-0.4992959363434478,-1.4369979349135478,0.05793476219457182,0.6651111758747936,0.05444281992946295,-1.4421108794617032,0.5874394139755312,-0.5915806548609618,0.05413906238856207,0.06028325338641771,0.7193839393788497,-0.42279537809377277,3.966693223751325,-0.07139620503961244,0.10852028768572562,-0.06879211346921466,0.10561224990407511,-5.140111053819658e-14,-1.3524567847904034,-0.8930748546584577,-1.5546118793463088,-0.02653369639042854,0.25953585588866773,-0.24054524084691106,ckb1qzda0cr08m85hc8jlnfp3zer7xulejywt49kt2rr0vthywaa50xwsqvdu4tnf9uueqjdd4k57c8hh5g458jlvlsk90qe4
0.36699412481132365,-1.0454184545790361,-1.0478486086832304,0.3372427200452341,-0.2628175643663022,0.04022294364044284,-0.8660411919485064,-0.18446852833970945,-0.17953608780504776,0.46908410158098546,0.2793059549001969,0.6335294167543135,-0.3690681357449218,-0.10735216500099115,-0.141546527736722,0.33588311136958016,0.13796356721871061,-0.2103365092394492,0.21626814162560193,0.3416302398714556,-0.6502065296719904,-0.25404109081456316,-1.7111298322423207,0.02219823533346736,0.48964203114580096,0.14916700660404417,0.25783427334754394,-1.2239584562126265e-13,0.03153087832458723,-1.8201964930109449,1.0740181913429314,-0.8179210724708602,0.2687206108528206,0.8054125626232663,ckb1qzda0cr08m85hc8jlnfp3zer7xulejywt49kt2rr0vthywaa50xwsqvjpnzdqgz2pqdmn72qmm3wus9je59wheqangdzf
-2.5079355697595838,-0.23345178111035686,-0.48459453416460496,-0.07002539587499139,0.8658966861443046,0.144328280599105,0.3818950731875568,0.07739547845180003,0.10481725493322709,-0.4439613208604541,0.19214086422839813,-0.993640799124229,-0.17096038494070948,0.4586399037435731,-0.1860913944591843,0.026969406562598747,0.1265244656811526,-0.1291537926052586,0.13732844778274192,-0.0216967972694571,0.036005361764345316,0.13016230459497963,0.7431068613675851,-0.02990629228008286,0.017343564684524214,0.06985981466955515,-0.18471356160386068,6.661785114748754e-14,3.1748889435159118,-1.2394192594892297,-0.12316084835617493,-0.1648992670148042,-0.22031220026945408,0.3080891529024556,ckb1qzda0cr08m85hc8jlnfp3zer7xulejywt49kt2rr0vthywaa50xwsqvjvfddqll5qztlccn06gs02ske0yc68esgdkxfp
-2.3012217473101084,-0.04668079398056258,0.17972509344291404,1.225063658528253,-0.08932556129208222,-0.030545999151905617,0.01811949205489854,0.48945144231614085,-0.8556408194406769,-0.5332074173964475,-0.6806547038468661,-1.0462271582107383,-0.7999333482352203,0.4045580927976453,0.3682182051799883,-0.7334550399746145,0.06460948670783931,0.003759054325772359,-0.11708287333728479,0.1205975175013144,0.2970588939585747,0.09713696518885978,2.952713693445275,-0.06526778570864333,0.014695129599928343,0.2916562819879123,0.12917210210870367,-5.262453871240707e-14,-0.434924093949182,-1.067456673605274,-1.4671740156676671,0.17052148499076425,-0.19378595654082362,-0.2681156855901115,ckb1qzda0cr08m85hc8jlnfp3zer7xulejywt49kt2rr0vthywaa50xwsqvknttjvpk89lj2c9ykxvethuaft52j3fs9df6l3
-1.5679905868726713,-1.4772697414557,-0.751729084280512,0.03015450704502563,0.2687356036589187,-1.0896658638416852,0.7939787112375736,0.1727988491054295,0.24716697102290244,-0.20113132288686894,0.48856255134589244,-1.619840572632648,0.9769787032935138,0.4006228288089281,0.3253878586487765,-0.17115410352482646,-0.04836779888293048,0.16807820428477246,-0.1694189544399691,-0.21283161568639586,0.22882662446636576,0.0914324905051439,-3.381077905144517,0.1351012734939251,-0.25369987800629606,-0.05643601135959448,0.2039626828280468,-9.053014907771823e-14,-1.8623775152275543,-0.7821624897232159,-0.06697255173344581,0.14184377720293,0.44415211578790526,1.0215735445862733,ckb1qzda0cr08m85hc8jlnfp3zer7xulejywt49kt2rr0vthywaa50xwsqvkt2ql6y7gdn7dsh0txtwkluf8n57tadgdmaj8h
-1.9310053220093704,0.8580729212530835,0.3316601338226217,-0.9020535662813367,0.6492566950317139,0.5504586531973471,0.306288182617652,0.08881386933039079,-0.4567833739298188,0.2605043879721163,0.0928091318608837,-0.3916902673896519,0.2439617441104226,-0.11409060820968671,-0.43915588636020236,0.08508132087346729,0.254234152597825,0.404370413391551,0.28115707198774276,-0.06209422770871102,0.17358688508821563,-0.0602519148634548,-1.1666940895029405,0.17688465048577942,-0.042814176763592095,0.005823956399778163,0.06237133683295923,-6.891009987766618e-14,-1.1593955460041763,-2.0006443028689413,-0.922137479907106,-0.7051921587186581,0.46304400837216686,-0.08219564336051859,ckb1qzda0cr08m85hc8jlnfp3zer7xulejywt49kt2rr0vthywaa50xwsqvkxl5y7fzw25kenl7zsh5u5f8yjww5juc69llx3
7.876523123555343,0.019910171749714302,1.0021479166553235,0.476878065595219,0.18298661056374899,-1.2741418448730426,0.017106663985672486,-0.06087058816581932,-0.2604579694781348,0.37268842977298766,0.20433724925668253,2.7446989555462213,-0.2031006148572694,0.0822175793034943,0.14940804774153707,0.20127417662165908,0.2960277256985194,0.20310131342003584,-0.30841675118374806,0.3122670968194978,-0.03056180005421805,-0.017110593434332962,-1.4720754298329408,-0.15178959469529962,0.07407135291326135,0.04081462676588946,-0.15251408891470733,7.147594524998436e-14,-2.043636819948425,-1.743894675424982,0.5494374599781086,-1.400080211198829,0.4265460505259421,0.5204568859960982,ckb1qzda0cr08m85hc8jlnfp3zer7xulejywt49kt2rr0vthywaa50xwsqvtfx52pmwvmnlxc89ahpga6w6rk8r69xgmnsu28
-2.2637219417935195,1.0745313717670653,0.10882149914870722,0.26638358734801537,0.42428840301738435,-0.01224412490453665,0.5138382523255992,-0.41456384784331957,-0.20567759944036462,-0.9233131422114023,-0.7173921165602853,-0.038825167694612986,0.06762836180056664,-0.45160310361709183,0.08897358653195063,-0.10594286522129262,-0.15377715137651787,0.33889623072110037,-0.2571254702085346,0.07062597804098143,-0.19758033978785805,0.1578414671454567,1.1386393405998907,-0.04466519682069201,0.004685854832939713,-0.048722819061801835,0.014827910674144984,2.259746851746989e-14,1.2938289620787802,2.071671209561269,0.9672049218492056,-0.12895912012650831,0.8458347455885625,-0.38277953329413755,ckb1qzda0cr08m85hc8jlnfp3zer7xulejywt49kt2rr0vthywaa50xwsqvuh8nmuphsgaua6g0usmlknkk98gu4lhcmpyhsp
-2.0642095142240606,0.5195029957120718,-0.2426441990779115,0.2753398164605862,0.7357877788678107,0.6768595851723446,0.2501725408499709,0.10314500557558715,-0.5382999576845175,-0.01952998993555614,-0.0646946600090398,-0.10655160740383535,0.13420368188006745,-1.00490781840035,-0.1839809314025207,0.5099382823486668,-0.5626632885681471,-0.010687569595998059,-0.028897419263214538,0.2816787833660685,0.16150549748425783,-0.46845676134207526,-1.8028734512246671,-0.17284885800643107,-0.1173424425081165,0.07721815971913554,0.131299534932859,-2.3099487117463785e-14,0.019409325564170906,-0.9827436341437452,-1.1425334612039773,1.4089848946665726,0.11851621151673249,-0.6052800414301612,ckb1qzda0cr08m85hc8jlnfp3zer7xulejywt49kt2rr0vthywaa50xwsqvva6zmstttmwvat2uw3k057rgnv5t3hts4vk7tv
-1.9126560903837095,0.29346096798263055,0.2910352229056702,0.07149916915011356,-0.5747209275012198,0.2655331236710766,-0.42999824492903893,0.0647725446953383,0.550544295229066,0.5738286172597659,-0.2957556483276271,-0.5348742567063861,-0.05013821491116652,-0.11797615735186731,0.3940188990120188,-0.11922472055598855,0.27736278082680904,-0.02162907944892744,0.18059800309600446,0.02753373316406889,-0.018498445592565468,0.11589493343832134,-2.9695063592314814,-0.03300453646322178,0.0159061881107566,0.0333803831483562,0.02224554418122802,-1.8103891405768548e-14,-0.41822597125094735,0.13584959327652374,-1.072026511600262,0.26946483994061116,0.8044427469689457,-0.42876395644770676,ckb1qzda0cr08m85hc8jlnfp3zer7xulejywt49kt2rr0vthywaa50xwsqvxfn4dw95uwpq972rjvvkzc44c0hxltkghsrja0
-1.9091254367674668,1.0661775821295527,0.434884570737165,-0.6140341562500927,0.6439405371998783,0.9009581765541185,0.09711346812742024,0.19545628689842331,-0.2348654558278681,0.47811292338732236,-0.0878460190867732,-0.2433654008831179,0.31350149313140957,0.11053762763404953,-0.18467154898156404,-0.17685807858916988,-0.20513121101600787,-0.1053977846276437,-0.04265618141075533,0.07693689482426887,-0.20063542641477647,-0.17936372565562758,-1.0581883662879115,0.23424654441373655,0.0786123706227095,0.03166927204791002,-0.0784463048419572,-9.957257270070372e-15,-1.1320229785569007,-2.267957790500474,-0.7703418539429727,-0.8396416080615495,0.23052244595149418,-0.2291716556609517,ckb1qzda0cr08m85hc8jlnfp3zer7xulejywt49kt2rr0vthywaa50xwsqvyeguxz4y45vydqtdrvz6xz43tlcdc7acjhkesk
5.164532459721433,-0.20702197249356669,-0.36561447847378603,0.525054960445928,0.6854599062484358,-1.0162566330190854,0.323448869191541,0.287918798428481,0.037918687788418545,-0.14317929448610767,0.44252454133221286,-0.32907567611361654,-0.12500546327774748,-0.469392986530159,0.013874192654777432,0.09176155277800951,-0.10276100127970751,-0.3215681757192066,-0.06456503484247213,0.17262177392030162,-0.022980185993876506,0.3155237188261485,-3.401581605491298,-0.0841001076295952,-0.10598874720647707,0.17373668538883266,0.13805624374327488,-4.7120428814874614e-14,-0.9992361233146563,-0.04280144378147892,1.283711203978566,0.011163400867624875,0.24064720929976874,0.4519792157271065,ckb1qzda0cr08m85hc8jlnfp3zer7xulejywt49kt2rr0vthywaa50xwsqvzfcj3jtlhzyuu4s5frtv9d3r7mexqhnclvhwkr
-1.9339810347481192,0.22002640597533896,-0.6300651349797967,-0.5167706466285862,-0.11212922344438546,0.5168499883972878,-0.9454126991167896,-1.2813267613011103,-0.08920106040213423,0.48730756603944503,-0.1786249204766566,8.081771534269798,0.24935732806346642,0.4563002375870836,-0.0025951686309947106,-0.7362443857250046,0.16805318716209747,-0.02786059231307265,-0.05304494809393429,-0.5140993652964997,-0.2709242461970394,0.010275091670090728,0.4004006412214882,-0.2112613963302482,-0.3252134306304522,-0.011805189147791134,0.09270662876976597,5.667259658390659e-14,0.47054550545530954,-1.2946568349232441,2.5697380921939175,4.621138622876848,-0.7635180503693515,-0.26218585587189547,ckb1qzda0cr08m85hc8jlnfp3zer7xulejywt49kt2rr0vthywaa50xwsqw0dr0ghl76nf5xkw6lx0lxm032kw2jwwq6lnmhx
-2.2304639527663443,-0.5626245948506967,-0.010985042266669243,0.7947163007986215,-0.5480428225773119,-0.21403304940693849,-0.1440968851628796,0.0058839603492066095,0.3450510468954056,0.4271046886907601,0.04214559997651651,1.5892545289067228,0.16832763841929585,0.24715336190792322,-0.235759926477265,0.19694347444390917,-0.1817870402398387,0.021236967124164476,0.2779480590306452,-0.06616721422217708,0.15242962601870186,0.12330932827150805,0.15079177035195274,-0.08157600288120098,0.06440453069782798,-0.0235720458616289,-0.07159766274503582,2.518590600840654e-14,1.842480234560515,-1.0286040849268479,0.37280548749581743,-0.05390150753468709,-0.2648162662918868,0.08254662338705081,ckb1qzda0cr08m85hc8jlnfp3zer7xulejywt49kt2rr0vthywaa50xwsqw2qmgk7tphggddk6mavjxzxhlaguum7ds7c7t8q
-1.8981073526437042,1.126633013692547,0.35040074681173505,0.13843082054220965,0.33399935017628496,0.7897867738630369,0.10673634470534894,-0.19958222601662895,-0.12845334588806143,0.5131818786219391,-0.0972175315726283,-0.20160450989931997,0.42182022828440696,-0.0518279206466338,0.08188223186060314,-0.22593243833089766,-0.044926306362995924,-0.013068584823578906,-0.08003960315576025,0.12186286546541107,-0.07903980686368786,0.08904072424416042,-1.3946858125863253,-0.07938482921950464,0.03184930522064773,-0.0290231909293774,-0.02066908067603525,1.5133783086458166e-14,-1.0896880926097432,-2.1331011295346354,-0.8281400897527512,-0.8623553087823579,0.15605254858411816,-0.5790912499684572,ckb1qzda0cr08m85hc8jlnfp3zer7xulejywt49kt2rr0vthywaa50xwsqw4klymd5zxdtersxfu8wafdq803fudg7qpp9dz7
-2.270901566135115,0.16370775440045277,0.1786167016452611,0.45836902336015367,-0.36608858763863195,-0.2809551081061973,-0.17191845338254824,-0.12487046056421255,0.41817932346735326,0.12716740641370078,-0.25459856609483983,1.7536546952861178,0.8365019942239872,0.2982710458893042,-0.36228557899656066,0.0029485146737001653,0.1024791363996402,-0.19839784351614653,-0.10694186895597071,0.15293655496664052,0.175966916662613,0.049753821286865396,0.6923948425404707,0.1083734473499467,-0.09487322514995696,-0.017790472518216076,0.15538320053884797,-7.790388687856934e-14,2.438653177601591,-0.0542618330474397,1.4056113696135712,-1.3564102572441525,0.17710140025168364,0.10200673285390273,ckb1qzda0cr08m85hc8jlnfp3zer7xulejywt49kt2rr0vthywaa50xwsqw4xpk4t3688duglxp0xvupwfj9u4y20rc5xvtlj
-0.9120360836227208,-1.563903767452257,-0.39137053726041504,0.5714198642047166,-0.9719646558766127,0.496110597217847,0.7789018724653585,-0.8162819431554178,0.19891285916106677,0.6516133076356679,-0.0993679229143035,-1.5073868391960084,-0.4550715049319188,-0.21481837166247558,0.1719837465752743,0.13319879639254628,0.07050805014408042,0.028020280654216606,0.023520647256025252,0.09901663469618606,-0.09904909252647527,-0.10167710827285592,-1.6327142571548239,-0.07103503317062461,-0.04310862460112049,0.03910025866039292,-0.05236283063755452,4.288837820064768e-14,1.3074852869930975,-0.8956670270606337,0.03278538436530443,0.25714000422076416,-0.159224714993559,0.7170281386528984,ckb1qzda0cr08m85hc8jlnfp3zer7xulejywt49kt2rr0vthywaa50xwsqw6hjwylgj9pw0ae8pw0ctke60jpqw6f6slep8r3
-2.4158563282760834,-0.7041957610959206,-0.21223883294853926,-0.5329026186278876,0.5625428658677364,0.163582432145181,-0.08833489773049626,1.420453813080137,-0.5829018804492979,-0.11130070076481581,0.5484822099010183,0.9394891701115156,-0.18845774629760226,-0.34479424079156484,0.16664738527071124,0.9986986486958646,-0.3884859387315176,-0.20705726542115496,-0.23229094514599435,0.5888252241381091,0.5600469003553712,-0.19329091399680093,0.3436792881445724,0.34583541876133655,0.1447941089335981,-0.26031873991237586,0.1828097547705571,-1.6351900948618234e-13,2.793942974814891,-1.144783863679266,-0.5514857289657348,1.7133975987874337,-0.19716387950402628,0.6278389007718819,ckb1qzda0cr08m85hc8jlnfp3zer7xulejywt49kt2rr0vthywaa50xwsqw8sae6fd5sruyeewfc82gs6epxav9tapqsgphme
-1.4929843762801,0.1749043381122453,-0.33475563360863414,0.7096250693508822,-0.14183453733094878,-0.34966097086644415,0.1192517898040513,-0.23581283518394902,0.49092008195376313,-0.39617119310614357,-0.6800734519030261,0.36500279318890533,0.4794526310280966,-0.1592129065394116,-0.2540020100672675,-0.05594770585010271,0.06373225257715993,-0.06799359714598384,0.21151866947814865,-0.03859406889258693,0.20843385772684858,-0.23079996232633915,-0.18124967009835447,-0.15670801639255372,0.09735224785236493,-0.014593706991229985,-0.13068476693753248,6.674057139776569e-14,1.7788932988484494,0.2405355890761759,1.8396602207071895,-1.1130749881141269,0.0748926632711974,0.10883228688903059,ckb1qzda0cr08m85hc8jlnfp3zer7xulejywt49kt2rr0vthywaa50xwsqw973g6gzfxn2yh804xl67mpf888tlagkqzh4v47
-1.9095843499765457,0.17675864019929477,0.2895265960922471,0.05167172859277599,-0.669463082532438,0.20686853851309667,-0.38110853662157435,-0.35059604829700336,0.3091427765809948,0.3444973434793033,-0.4637150008956504,-0.3902014555370389,-0.4653555278374656,0.15164449829090693,0.5671176546638921,0.24736540888232814,-0.15366379042973063,-0.14865369969712047,0.11143888701105793,-0.07246871124005558,-0.004633183895943531,0.01760112261834837,-3.0415826863553126,0.02327689007433931,-0.01432710779534715,0.11688938145429782,-0.12860021882687553,3.823513370378052e-14,-0.3146993046378405,-0.036341319448984145,-1.3683676567897225,0.599240525582213,0.7759598118897318,-0.5307069940326559,ckb1qzda0cr08m85hc8jlnfp3zer7xulejywt49kt2rr0vthywaa50xwsqwda7qe8d78vuwpx20spzsuvtj92eulcagjenqnt
-1.755326475108447,-0.8701017446379951,1.4252959975674917,0.9164982871695019,-0.42718914533819335,-0.554670888052816,0.07119568665038677,-0.3622730462252821,-0.1702463900915905,-0.6583099739711948,-0.32175860014208113,1.9552756707748304,-0.3934524689325877,0.2482734055339093,-0.31346066738114253,0.17554604137159788,-0.2913932915901505,0.37339283282672137,0.08522498301683498,0.08946359821095232,0.005202181011600872,-0.02115646735748778,0.5391213362784085,0.208617637498764,0.07565024120443424,-0.2385387455407787,0.28793579431334637,-1.2710836483557497e-13,-1.0331215541353014,-0.035960233412714114,-1.2467115440907983,-0.3432554549637154,-1.6213889964338635,-1.2516332747146377,ckb1qzda0cr08m85hc8jlnfp3zer7xulejywt49kt2rr0vthywaa50xwsqwdr5q4rwruykhehd8hn6gxh892wtmdprcw3h3ce
-2.416092401538577,-0.4634530095897941,0.21737529856717844,-0.35896585414494425,-0.12198372097675937,-0.20848657942455487,-0.525670253139201,0.8277182521553527,-0.4443540412627114,0.00382361244904924,0.4607939307306639,0.6762622063889644,-0.14543266476219344,0.23373912929706409,0.5047456781944321,-0.12045868783227275,-0.09955367365714812,0.1287329195959615,-0.09927918290925518,0.17895065227115106,-0.11078653422946347,-0.001422007464925863,2.126437691544,0.059958249326048485,-0.09319245525804726,-0.3011217701161049,0.0934623431938122,-2.7367113055510167e-14,2.161228251687638,-2.0692542986454647,-0.2640805009235263,-0.39430273824706374,-0.32579323960968104,0.7951833972723698,ckb1qzda0cr08m85hc8jlnfp3zer7xulejywt49kt2rr0vthywaa50xwsqweaz0wqm6d5wzkyt2jay4ayx22vgxu6ys67s4w2
-1.9066061462748274,1.1073180419921889,0.4025730878493454,-0.36500271299318354,0.6650942577036262,0.9058112554852905,0.1563771015274351,-0.011629426821775877,-0.2038016319593128,0.44710678346264976,-0.039368804974655155,-0.227567244638018,0.2899817075058163,0.06862767959985408,-0.20914980391073434,-0.2346060561205308,-0.18029140237016483,-0.10501379202173443,-0.0016809461231535546,0.07860087691117652,-0.26181743359395554,-0.12608276636236615,-1.1960797575836002,0.10251812444825398,0.03130988231526115,-0.0010207936341078564,-0.0728565897544682,1.67991176233959e-14,-1.106111168137013,-2.215829777117071,-0.8356541199499847,-0.8775271448092241,0.2258592226537781,-0.3748003851255784,ckb1qzda0cr08m85hc8jlnfp3zer7xulejywt49kt2rr0vthywaa50xwsqwg4vuyxa8u6yekv7n3vevs5xj6mzn5rxgeudapp
-0.990398338764398,0.4443632365205065,-0.29729152904493117,-0.3186441980083123,-0.2839988964973461,-0.10261175800817109,-0.19347791443277707,0.3238939578330281,0.13895843789879586,0.36716724450637606,0.10445038547702877,-1.9607447444426223,0.02857223211504593,0.4769728926656447,-0.1902630366049296,-0.022791472892390956,0.14033331030578491,-0.2186020503112046,-0.04792756370777937,-0.027297258415049288,0.07784353954569424,0.1468467366878829,-2.334790009935127,-0.14797542129697272,-0.07520965192972304,-0.020367226841613538,-0.03537413956660045,4.024174872902335e-14,-0.8142662830819961,-0.8238921531837338,0.2848607636798413,-0.39233761559649,0.12917661172647643,-0.11738201462643724,ckb1qzda0cr08m85hc8jlnfp3zer7xulejywt49kt2rr0vthywaa50xwsqwjhry2dvdzmftxqrsrwf04mjw3ah8hhjqh9zh7y
-2.3664542640812174,-0.6243481136475914,0.34938952443161375,-0.988538782896931,-0.28707399255913824,-0.3552867002983111,-0.24109480977979808,0.888474014178557,-0.6265448920860622,-0.07846040368399082,0.32283435137188904,0.22151249008776863,-0.34685625719641316,0.4685956349537605,0.47349479275915185,0.22522814170920546,0.12444732163436639,0.5206704194334912,-0.16695853250559434,0.33748266161891916,0.16834675383827466,0.039865896114183036,2.0694225200188057,-0.08015886352900022,0.024449705089090095,-0.2618266763362481,0.04169209940724352,-9.416644032003244e-15,1.7205110664874497,-1.7000791139342084,-0.5962846598495372,-0.12952229181997219,0.005687620571448155,1.002957609900066,ckb1qzda0cr08m85hc8jlnfp3zer7xulejywt49kt2rr0vthywaa50xwsqwjzhp5ljeurdf9yznes3xhs7cn6ye9mssmxkwgz
-1.7300161328025934,-0.3289547720069551,0.8962054155103188,0.5895847592655712,-0.759807827504506,-0.27838077049070825,0.1737562655922005,0.5294492991794074,0.3157887578196178,0.05413524421261969,0.22818743875896635,2.041911525904533,-0.2079682069978725,-0.13418136707675332,0.09571175359460793,-0.27211778687063526,-0.21684713946887482,-0.1479199379796743,0.5972411822159399,-0.18814444690913765,-0.08397995047504259,-0.14908959953630957,0.20061898117280652,0.09203011717991008,0.2756217319746318,-0.04417809159440269,-0.10180984279072025,-1.303602879673275e-15,0.7016616222351905,-0.7790024669964439,0.7310410214901054,-0.7089045164304205,-0.2737800487122908,0.3931243671269481,ckb1qzda0cr08m85hc8jlnfp3zer7xulejywt49kt2rr0vthywaa50xwsqwlkxpk8rnrzz2nhuswk2kzvempzsz2zjgwxnwny
-0.011702777437348454,0.42498622578137213,-0.15681670306928946,-0.14717725655761937,-0.23774382801946253,-0.37570994773246374,0.1172719314069253,-0.29392504378633544,0.4388734863392043,-0.42775958085764276,-0.5059913043163203,-0.886901692076206,-0.29806624688923256,0.3943647747735135,0.36281573918895105,0.09898897044577465,-0.019883094195381118,-0.22441017486192333,-0.19298403525590377,-0.036591253886274086,-0.03904393303986573,0.1167925656603848,-2.719309899900741,0.07783425599888653,0.06757832968046698,-0.1288775012372713,-0.03179664097871722,1.1277302280408627e-14,-0.4555836235622577,0.1976466343112947,1.3354874919531978,-0.9576836146648371,0.5185938810201691,0.12649315800060484,ckb1qzda0cr08m85hc8jlnfp3zer7xulejywt49kt2rr0vthywaa50xwsqwnla5w93964qlqcwaaeessdsk4h5pzkfs2f0ehn
11.94467965422216,0.40222856097406495,0.29091422050096827,-0.17696277731692936,0.6893126458288741,-1.2248927214759613,-0.3025987315675758,-0.6856553671170696,-0.33582978714932255,0.4544464655320244,-0.023540249635108937,4.0638351085175115,-0.28529251609304584,0.060492561557683525,0.3649437990958407,-0.14968468048568587,0.6417466605595371,0.32939140263523736,-0.26464451415899864,0.26633566950618853,-0.31120450244562164,-0.019052735688752914,-1.7300400660690625,-0.41377115028680544,-0.022455171802180013,-0.09619553401408291,-0.20225720363155317,1.6163517927667904e-13,-1.8869270066437949,-1.8064208256074252,1.620088813022702,1.7504818194043401,-0.14419649055071346,0.3413313567742685,ckb1qzda0cr08m85hc8jlnfp3zer7xulejywt49kt2rr0vthywaa50xwsqwpyugm7a4wtc5tphl0lwzjhcf9fu2l0ksdaezkc
-1.8994109787785756,1.1174107541116132,0.3347808360502452,0.1335797792325246,0.3297552074045554,0.7874861498229508,0.10131521642383919,-0.20016761880297834,-0.1219853029640026,0.5114800454667536,-0.1004850686040617,-0.19184294630672363,0.4367018720223444,-0.068503269632773,0.09837557245775594,-0.19221854614548697,-0.06668692405604605,-0.012353795368862537,-0.08627519220849894,0.11642195865517309,-0.08744781135839313,0.10714596508110473,-1.4386207807010964,-0.0859555775864052,0.02521830151071149,-0.028930495145902527,-0.017936246913858107,1.5688894598770744e-14,-1.0715767004248027,-2.099291105089291,-0.8327806305155827,-0.780381618867285,0.15863876639533792,-0.5848871269228977,ckb1qzda0cr08m85hc8jlnfp3zer7xulejywt49kt2rr0vthywaa50xwsqwq5jlc6p7y2g7c59emwef66z5dc02m36sq3vsmj
-1.426022216883632,0.8145134963040577,-2.028277834991842,-0.9962203143291365,-0.29010303456261893,0.704072174518457,0.45543916115433936,-0.746178817399536,-0.27320914502978166,-0.35555578829842027,-0.26908793993993757,7.9497197506206145,-0.30995323440959066,0.457306289113069,0.15811010643174975,-1.230497649027359,0.06186458210497552,-0.17842506093165453,0.3650782623944512,0.05357320946851824,0.051279702993652046,0.16274306367288519,-0.2222657451703638,0.22258541548983485,0.040695665064655995,-0.12756511675431664,0.08732084002255189,-6.240688771075627e-14,-1.0217161668125174,0.638967447002721,2.798670993930494,6.526272150169118,-0.9091325305212556,-1.2689198204544558,ckb1qzda0cr08m85hc8jlnfp3zer7xulejywt49kt2rr0vthywaa50xwsqwrn48zffgqgctt2netwvhcdn3pnznxceg9lhd3j
-2.2456825065377095,0.162307783460859,-0.49794518174204705,0.6165262178125078,0.6856997707831923,0.35972092297127367,0.08825027722383975,0.3135717309640232,-0.4620659006576675,-0.13727255720502818,-0.2764540128540085,-0.40843377936400077,0.3768965112341427,-0.20984305997187064,0.09281954150655067,0.5287027431069375,-0.09534811301828648,-0.004704326305320575,-0.0052122186811180814,-0.6282827762048127,-0.9556030822617176,0.22297399673376725,3.5188507826428532,-0.10191426340973207,-0.01197372578203667,0.02313616618892537,-0.062048730595137186,8.013570370948996e-14,-1.4022861847396901,-0.8394822159450623,-1.0932786350616408,2.3934264052624323,0.09538458005304566,-0.33693541181783143,ckb1qzda0cr08m85hc8jlnfp3zer7xulejywt49kt2rr0vthywaa50xwsqws78vs7l7djw5jpvttxpe6semy4fzarecvme860
-0.2885420632681176,-0.41165544413612326,-0.2935273028240264,0.6174465595109282,0.22782691268216307,-0.34858047069477005,0.5566601323057027,-0.4111979583067194,0.26752013725220636,0.25986419679614264,0.13057048214457254,-0.4209281060845719,0.6996299660729633,-0.11332791211595156,0.2758874657270515,0.13307490863830768,0.053932648323669875,-0.08422278537198273,-0.05481476931855082,0.1431809042404295,-0.12462507748131761,0.08443514247072471,-3.2499794371468465,0.10146004980674517,0.09371589708670129,-0.1184169647887728,-0.17714093682797452,4.179835174661699e-14,-1.3949142279513667,-1.0303426406803697,-0.5370922928091336,0.45636107130025416,0.35338571521578743,0.021263461590669462,ckb1qzda0cr08m85hc8jlnfp3zer7xulejywt49kt2rr0vthywaa50xwsqwsaytgethft2tx90hfcvmpazn02dmhyacz9xtxp
-2.3990671396638437,0.2368056987983486,-0.4403396732168667,0.5048513188145184,-0.16010699236232542,-0.30002644655977334,-0.2524940315064472,-0.4203426099444174,-0.35668726750486796,0.22826007615952992,0.3759058064928714,-0.7533611399545554,-0.33094042966758724,-0.6169021592472169,0.0020221297380593104,-0.23713249631944514,-0.22680253358760538,0.2932339247923462,-0.48376443541573805,-0.29702736142705305,0.19944365416610202,0.21153358992914378,0.03348813545047,-0.0764641374807945,0.19673244736997125,0.1520133450381112,1.6456727872009105e-05,5.50678320414449e-15,2.7440756022906356,0.39002169068431397,0.521610404170775,0.04174757400662148,0.05189260835876826,-0.22833117491229163,ckb1qzda0cr08m85hc8jlnfp3zer7xulejywt49kt2rr0vthywaa50xwsqwxdvqk5f5k404wykzsfuu4cjvh4n96zrq9yl6w6
-2.200129059604434,0.4690118341457969,-0.24951813852325672,-0.6223887372396553,-0.470833697716573,-0.9809686022832574,0.33804162071943883,-0.4477275274345416,-0.2167070160082101,-0.14138098727584603,0.09695859470678377,-1.497493941950823,0.06614154112361707,-0.008121340858308729,-0.476747217205622,-0.4381537436938577,-0.3223634553751706,0.006955480018101754,-0.24034091796856225,-0.0316400967785742,-0.49135135305424743,-0.33979647905569443,-0.9137011191368898,-0.16815979428201663,-0.07686120551144889,-0.007006813922381573,-0.11207299699818637,1.2312451324043688e-13,0.7859014787674085,2.2078906986555205,-1.0514651835049669,0.3471212653555151,-0.04674862681504202,-1.4053592870623652,ckb1qzdcr9un5ezx8tkh03s46m9jymh22jruelq8svzr5krj2nx69dhjvqgj99jj9hhu3m95gpncj0zqtt8trplsj44sqqe5d89y
-1.5994079015112108,-0.3576199721472704,-1.0389395380673614,0.6324786576433399,0.4209950216392904,-1.0492487494479252,0.9251861638345593,0.37646729393722517,0.17817597272755142,-0.7661594127410811,0.7937206947909154,-1.8170316253739336,0.08965719689651036,0.06026638917792326,-0.8594441929831097,-0.6247658028917912,-0.6074148304160194,0.5007797445214912,-0.3316898762943099,0.060126574409425204,-0.11925882405714977,-0.21102568056328277,-2.618026983048103,-0.20977875747510644,-0.1742809588659452,0.03683309222919772,0.13490885173599093,2.866569629282927e-14,-1.6817405351414891,0.49799605689364845,2.151201260689728,-0.4973196345763428,-0.11352261847181883,0.3700551775624308,ckb1qzdcr9un5ezx8tkh03s46m9jymh22jruelq8svzr5krj2nx69dhjvqgjn6kfkeu23q74kndpaxw42z77vgat6v86qq6z03rf
-2.2474265877313373,0.6040716686978039,-0.7436957096672866,0.2687147368396537,-0.07934137343777709,0.1297032501443793,0.08856965025236811,0.201016635021706,-0.1947038453039812,0.70497694959804,0.6564058495310519,-3.3298764036323343,-0.11673520808116346,0.47718942476531073,-0.43148647648220584,0.1696210097816356,-0.16318604046608054,-0.21977218717914876,-0.19176074364095735,0.07059361783327578,-0.14054833026161218,-0.47394087038201016,0.20234655813926997,-0.058113652581930055,-0.13879478744471735,0.008770635056845553,-0.1684328556006443,9.56113025535322e-14,0.3748217291639483,3.9662662155748443,0.4267709061578759,1.4582454181155962,1.3315461444098555,-0.858717224435705,ckb1qzfhdsa4syv599s2s3nfrctwga70g0tu07n9gpnun9ydlngf5vsnwqg90xpp8x5pye38hetcd6kdgl899qk2arfgq4ucyyu6synxy7l90ph2e4ruu55zet5d9q7s4c2a
-2.071001242678544,0.3187265952710847,-0.44834208341827636,-0.03762515485683679,-1.0167054185389583,0.38344096384934734,0.1962202436658016,-0.19242021072926777,-0.8402162481247125,1.2439996368164494,-0.03612620085303552,-3.193224762887432,-0.18769147363379943,0.07816677009774903,0.22923900746857667,0.12175533117464456,-0.09579869926717675,-0.33383502159312145,0.3416422856742544,0.0016133895124057526,0.14589178577320505,-0.15497034016738978,0.6663741555035948,0.09914074092440153,-0.18830102231083665,0.059632899239749695,-0.007056127513684424,-2.2960516476434493e-14,-0.7171515571793637,3.3333661927623983,1.0949394899463383,0.567001367048521,1.3495482204383782,-0.17574904299852037,ckb1qzfhdsa4syv599s2s3nfrctwga70g0tu07n9gpnun9ydlngf5vsnwqg966wtv7g5pldu9eds69maqxsd2mf9r0wfqhtfednezs8ahsh9krgh05q6p4tdy5daeylqaayk
-1.8354575324449653,0.6955753312080296,-0.1930174523393243,-0.5757550524805677,-0.5350166989995783,0.9041030429625878,-0.7554085805227907,0.055426498465818694,0.03838306209410613,-0.3143786998429773,0.6108525439361104,-1.155019121553767,-0.22556156344382763,0.3232881521169133,-0.16334904302948083,0.0011917437298842961,0.008740464723280298,0.4066779900868564,0.29869200167341936,0.0836040669785414,0.19996926651687935,0.3237772874877879,-2.6933437817520245,0.18279913318612237,-0.010331521992406622,0.007062829249274025,-0.010855619400620886,-4.851323813646352e-14,-0.4034701822387318,0.24554455870600309,-0.182928869884542,-0.2833505604851069,0.8897059965672799,-0.5009039637408484,ckb1qzfhdsa4syv599s2s3nfrctwga70g0tu07n9gpnun9ydlngf5vsnwqg96cy3mxvy66tmahlt4v9ewah9nj9qs329qhtqj8vesntf00klaw4sh9mkukwg5zz9g5zvla9n
0.6803791003760304,0.8687167680438495,0.4232508223985896,-0.09787240814130997,-0.3608665680072881,0.3788519669905595,0.5176207258311237,0.3904709125604383,-1.0101517682555197,-0.846990897339527,0.6967551977516032,6.18363107066301,0.6184119145491548,-1.1369089367049965,-0.6807096205541256,0.2696676050516314,-0.5318790871441994,-1.1801099899553553,-0.13660630803038534,-0.03432122074825206,0.68308623776466,0.12681548758334563,-2.7193570504742226,-0.36745952365412454,-0.06755109648023294,-0.114212174154228,-0.06809337601131651,7.175901681409369e-14,-0.6425779712132368,1.438524797865671,-3.827072397089163,0.09349759653768004,0.07972738853232841,1.9258552325675298,ckb1qzfhdsa4syv599s2s3nfrctwga70g0tu07n9gpnun9ydlngf5vsnwqg9apm7q2y4u92yz5znq8n4tspl5wpm58mfqh580cpgjhs4gs2s2vq7w4wq873c8wsldy7w2h9l
12.550621888044471,-1.6957034571303786,0.18192805703715867,-0.5633651479536835,-0.09535323046976785,2.5738016293024057,-0.971645728153527,0.08185660689320105,0.35341637500178436,-1.541697260744607,0.6187091262551643,1.3790332837508597,0.060239597910623194,-0.11576380850360897,0.3020647837423928,-0.8770368967886819,-0.10072641492159956,0.36080775407279453,-0.11186862857968606,0.12625780062867617,-0.1951231218392528,0.07109723420832029,-3.461545666142238,0.197111512896214,-0.026187130484442,0.10192995639722281,-0.3574908949064846,1.1463144071310237e-13,-1.3395436538152878,1.743228948938489,-2.773228749809173,-0.10808919326488957,2.8964567203365545,0.6702183874765527,ckb1qzfhdsa4syv599s2s3nfrctwga70g0tu07n9gpnun9ydlngf5vsnwqg9rhw8jpwu9z3f40kyqvucsjx9dxdvnjucq5wac7g9ms529x47cspnnzzgc45e4jwtnqr08mrg
