address,n_tx_cell_layer,shape_1_to_1_ratio,shape_1_to_n_ratio,shape_n_to_1_ratio,shape_n_to_n_ratio,topology_state,n_inputs_total,cell_lifetime_support_n,cell_lifetime_support_ratio,cell_lifetime_mean_s,cell_lifetime_median_s,cell_lifetime_cv,same_block_spend_ratio,lifecycle_state,lock_hash_known_ratio,n_distinct_lock_hashes,lock_family_primary,multisig_usage_ratio,lock_state,has_type_script_ratio,n_distinct_type_hashes,uses_since_ratio,since_support_n,repeated_since_value_ratio,since_state,unique_counterparties_out_cell,unique_counterparties_in_cell,reciprocity_ratio_cell,out_capacity_concentration_hhi_cell,out_capacity_entropy_cell,network_state,sent_capacity_ckb_cell,received_capacity_ckb_cell,net_capacity_delta_ckb_cell,n_cellbase_inputs_direct,touches_cellbase_directly
ckb1qzda0cr08m85hc8jlnfp3zer7xulejywt49kt2rr0vthywaa50xwsqfzz2s8jscd5wm0faglpyxl5w3t8fyk69gthp4j7,64,0.0,0.140625,0.0,0.859375,OK,99.0,51.0,0.5151515151515151,2834700828.9215684,655164427.0,1.5025153118136998,0.0,OK,1.0,1,secp256k1_blake160_sighash_all,0.0,OK,0.0,0.0,0.0,99.0,,OK,1,1,1.0,1.0,,OK,61068418161.993935,58356128249.99239,-2712289912.001541,0,False
ckb1qzda0cr08m85hc8jlnfp3zer7xulejywt49kt2rr0vthywaa50xwsq2ul0rt55hnp2e2nzzhfkep4xtc3l88rxqes83vq,863,0.0440324449594438,0.013904982618771726,0.7415990730011588,0.20046349942062572,OK,504.0,504.0,1.0,3618037333.6845236,778188266.0,1.91790560922643,0.0,OK,1.0,1,secp256k1_blake160_sighash_all,0.0,OK,0.0,0.0,0.0,504.0,,OK,5,837,0.003575685339690107,0.49126403631671656,0.5880715701650583,OK,17207664726.153683,22350585500.347633,5142920774.193951,0,False
ckb1qzda0cr08m85hc8jlnfp3zer7xulejywt49kt2rr0vthywaa50xwsqvdzl6lke4a3epsg4pt8xm024zlth6prushfxpta,1,0.0,1.0,0.0,0.0,OK,,,,,,,,,1.0,1,secp256k1_blake160_sighash_all,0.0,OK,0.0,0.0,,,,,0,1,0.0,,,OK,0.0,2845166665.9996843,2845166665.9996843,0,False
ckb1qzda0cr08m85hc8jlnfp3zer7xulejywt49kt2rr0vthywaa50xwsqv7nn9j6tfzxufy3v6enaren4n9ds6f0dqvkwddv,68,0.5588235294117647,0.04411764705882353,0.35294117647058826,0.04411764705882353,OK,2.0,2.0,1.0,42624162.5,42624162.5,0.9369164848693508,0.0,INSUFFICIENT_EVIDENCE,1.0,1,secp256k1_blake160_sighash_all,0.0,OK,0.0,0.0,0.0,2.0,,INSUFFICIENT_EVIDENCE,1,10,0.0,1.0,,OK,1882969673.6190605,3501864522.9125643,1618894849.2935038,0,False
ckb1qzda0cr08m85hc8jlnfp3zer7xulejywt49kt2rr0vthywaa50xwsqdmvgx9866nn68gsfshgy660unf97wzfcgcxrvec,3063,0.20535422788116225,0.017303297420829252,0.6862553052562846,0.0910871694417238,OK,8132.0,3015.0,0.3707575012297098,3519709081.3953567,3059250712.0,0.7329817805615393,0.0,OK,1.0,1,secp256k1_blake160_sighash_all,0.0,OK,0.0,0.0,0.0,8132.0,,OK,8,1103,0.0045207956600361665,0.8777351811780774,0.14684053840929567,OK,49463088579.99612,49670294002.17306,207205422.17694092,0,False
ckb1qzda0cr08m85hc8jlnfp3zer7xulejywt49kt2rr0vthywaa50xwsqgjdw5vq6y0me78r46vf29flspd83qy9us3p3jgp,5553,0.023230686115613183,0.0014406627048442284,0.9728074914460652,0.0025211597334773997,OK,4280.0,4280.0,1.0,7697467844.57243,7541427570.0,0.6756778791846044,0.0,OK,1.0,1,secp256k1_blake160_sighash_all,0.0,OK,0.0,0.0,0.0,4280.0,,OK,3,730,0.0027359781121751026,0.506327212603912,0.6251712828214212,OK,16970551378.05073,18333521581.57712,1362970203.526392,0,False
ckb1qzda0cr08m85hc8jlnfp3zer7xulejywt49kt2rr0vthywaa50xwsqw20ylwscm8q35fdgh6vvl0mjpmg4p3macchmmr6,39,0.0,0.5384615384615384,0.0,0.46153846153846156,OK,31.0,31.0,1.0,8359533434.741936,2420742045.0,1.1940633509165066,0.0,OK,1.0,1,secp256k1_blake160_sighash_all,0.0,OK,0.0,0.0,0.0,31.0,,OK,4,3,0.16666666666666666,0.3940165876482276,0.7308355802761761,OK,4214219992.0495057,5162289916.935285,948069924.8857789,0,False
ckb1qzda0cr08m85hc8jlnfp3zer7xulejywt49kt2rr0vthywaa50xwsqfs6k9ygrwtdrn828l4a04ns9fnes960jg3x8k26,1,0.0,1.0,0.0,0.0,OK,,,,,,,,,1.0,1,secp256k1_blake160_sighash_all,0.0,OK,0.0,0.0,,,,,0,1,0.0,,,OK,0.0,10000.0,10000.0,0,False
ckb1qzda0cr08m85hc8jlnfp3zer7xulejywt49kt2rr0vthywaa50xwsq09qn6u0gmgf2fxgw6re5ntcaexrxlsrmsls56gk,2,0.0,1.0,0.0,0.0,OK,1.0,1.0,1.0,2920531057.0,2920531057.0,0.0,0.0,INSUFFICIENT_EVIDENCE,1.0,1,secp256k1_blake160_sighash_all,0.0,OK,0.0,0.0,0.0,1.0,,INSUFFICIENT_EVIDENCE,2,1,0.0,0.9936643986014213,0.030946740191084548,OK,472009855.5179994,472009855.5179994,0.0,0,False
ckb1qzda0cr08m85hc8jlnfp3zer7xulejywt49kt2rr0vthywaa50xwsqta6nhp4728qf2825cqule68ahw6ke55cgswr6t8,2,0.0,1.0,0.0,0.0,OK,1.0,1.0,1.0,2310807812.0,2310807812.0,0.0,0.0,INSUFFICIENT_EVIDENCE,1.0,1,secp256k1_blake160_sighash_all,0.0,OK,0.0,0.0,0.0,1.0,,INSUFFICIENT_EVIDENCE,2,1,0.0,0.6431745788540131,0.7822440089543262,OK,430214870.26649463,430214870.26649463,0.0,0,False
ckb1qzda0cr08m85hc8jlnfp3zer7xulejywt49kt2rr0vthywaa50xwsqgzgak4nyyfjzlcnx6lel86kkl9wmn8cmqg5mv52,523,0.0,0.780114722753346,0.0,0.2198852772466539,OK,287.0,287.0,1.0,2585484527.9512196,264660575.0,1.8765050746131218,0.0,OK,1.0,1,secp256k1_blake160_sighash_all,0.0,OK,0.0,0.0,0.0,287.0,,OK,106,1,0.009433962264150943,0.5552089856079113,0.27098544339302727,OK,8772425922.026976,9188964062.699894,416538140.6729183,0,False
ckb1qzda0cr08m85hc8jlnfp3zer7xulejywt49kt2rr0vthywaa50xwsq0w6cnm7hle7fxvua79nw2nelyyzemc8zcrphyge,18,0.1111111111111111,0.5555555555555556,0.0,0.3333333333333333,OK,24.0,19.0,0.7916666666666666,208006961.57894737,131076.0,1.9504906656093175,0.0,OK,1.0,1,secp256k1_blake160_sighash_all,0.0,OK,0.45454545454545453,1.0,0.0,24.0,,OK,1,0,0.0,1.0,,OK,1432369649.2126253,1432369649.92272,0.710094690322876,0,False
ckb1qzda0cr08m85hc8jlnfp3zer7xulejywt49kt2rr0vthywaa50xwsqg7amrm9saduc4acdzlerezh8x02rnlhpgctv0fh,38,0.0,0.2631578947368421,0.0,0.7368421052631579,OK,30.0,30.0,1.0,6174976921.333333,4908634321.0,0.9951553531286554,0.0,OK,1.0,1,secp256k1_blake160_sighash_all,0.0,OK,0.0,0.0,0.0,30.0,,OK,1,2,0.5,1.0,,OK,2729062435.20899,3051015700.1328588,321953264.92386866,0,False
ckb1qzda0cr08m85hc8jlnfp3zer7xulejywt49kt2rr0vthywaa50xwsqt6knef6c2z0fu3jn04zqhw2e6sk98a3gsrn64xu,4,0.0,1.0,0.0,0.0,OK,2.0,2.0,1.0,4043309.5,4043309.5,0.9161862330845562,0.0,INSUFFICIENT_EVIDENCE,1.0,1,secp256k1_blake160_sighash_all,0.0,OK,0.0,0.0,0.0,2.0,,INSUFFICIENT_EVIDENCE,2,1,0.0,0.5555555555555556,0.9182958340544894,OK,30000300.0,330000299.99997,299999999.99997,0,False
ckb1qzda0cr08m85hc8jlnfp3zer7xulejywt49kt2rr0vthywaa50xwsqfwcjzujntvxpmcjmpt4r6pd4mvxu89k4sr3244x,126,0.11904761904761904,0.48412698412698413,0.007936507936507936,0.3888888888888889,OK,239.0,99.0,0.41422594142259417,17888717836.38384,18784708570.0,0.8123127756417176,0.0,OK,1.0,1,secp256k1_blake160_sighash_all,0.0,OK,0.11347517730496454,1.0,0.0,239.0,,OK,3,1,0.0,0.9802935586748925,0.05104594216210394,OK,419529147.61114943,496278584.9365646,76749437.3254152,0,False
ckb1qzda0cr08m85hc8jlnfp3zer7xulejywt49kt2rr0vthywaa50xwsqdm3dkt45znks4ckxyvgrn6s8e2fycz7tqhatyac,77,0.03896103896103896,0.5194805194805194,0.05194805194805195,0.38961038961038963,OK,76.0,72.0,0.9473684210526315,3485333598.0277777,1295374261.5,1.3875173957722629,0.0,OK,1.0,1,secp256k1_blake160_sighash_all,0.0,OK,0.02531645569620253,1.0,0.0,76.0,,OK,2,4,0.2,0.5387149223173222,0.943402083920307,OK,677513636.2722808,811179579.8543502,133665943.5820694,0,False
ckb1qzda0cr08m85hc8jlnfp3zer7xulejywt49kt2rr0vthywaa50xwsq26xzankvzzjswhy449c3y76vnmm8fngrcvqcl6s,11,0.0,0.45454545454545453,0.0,0.5454545454545454,OK,7.0,4.0,0.5714285714285714,30892094.25,12262120.5,1.1053074902832738,0.0,INSUFFICIENT_EVIDENCE,1.0,1,secp256k1_blake160_sighash_all,0.0,OK,0.0,0.0,0.0,7.0,,OK,1,22,0.045454545454545456,1.0,,OK,119347499.9999318,124756999.99990185,5409499.999970049,0,False
ckb1qzda0cr08m85hc8jlnfp3zer7xulejywt49kt2rr0vthywaa50xwsqwtrv4yvp4w4ujz0cxgp29tc0nuug4c5cs3ltm8j,1,0.0,0.0,0.0,1.0,OK,,,,,,,,,1.0,1,secp256k1_blake160_sighash_all,0.0,OK,0.0,0.0,,,,,0,2,0.0,,,OK,0.0,208693713.75343695,208693713.75343695,0,False
ckb1qzda0cr08m85hc8jlnfp3zer7xulejywt49kt2rr0vthywaa50xwsqvjpnzdqgz2pqdmn72qmm3wus9je59wheqangdzf,894,0.319910514541387,0.003355704697986577,0.6655480984340044,0.011185682326621925,OK,563.0,563.0,1.0,6709590447.6358795,6780118638.0,0.47975761050461335,0.0,OK,1.0,1,secp256k1_blake160_sighash_all,0.0,OK,0.0,0.0,0.0,563.0,,OK,1,89,0.011235955056179775,1.0,,OK,1043084715.3503752,1223967109.692134,180882394.34175873,0,False
ckb1qpw9q60tppt7l3j7r09qcp7lxnp3vcanvgha8pmvsa3jplykxn32sqf352eynr4y9zl66sdxjcef3a6z9uqhkncsaanyg,21,0.047619047619047616,0.6666666666666666,0.0,0.2857142857142857,OK,24.0,20.0,0.8333333333333334,3353193480.85,1510731601.5,1.9439926604013742,0.0,OK,1.0,1,unrecognized,0.0,OK,0.0,0.0,0.0,24.0,,OK,9,2,0.0,0.1531494846566579,0.9079640658700707,OK,293908948.5414848,216675855.28825656,-77233093.25322822,0,False
ckb1qzda0cr08m85hc8jlnfp3zer7xulejywt49kt2rr0vthywaa50xwsq2yul8wt2defw04dp37h0qanqrnmy5tu7qfnad37,14,0.2857142857142857,0.21428571428571427,0.07142857142857142,0.42857142857142855,OK,13.0,13.0,1.0,4834880478.307693,99890267.0,1.7837280086625238,0.0,OK,1.0,1,secp256k1_blake160_sighash_all,0.0,OK,0.23529411764705882,1.0,0.0,13.0,,OK,3,8,0.2222222222222222,0.3404772957015667,0.9903662390360216,OK,766742418.0559733,921568713.3058909,154826295.24991763,0,False
ckb1qzda0cr08m85hc8jlnfp3zer7xulejywt49kt2rr0vthywaa50xwsqvh96uwpjsghcyeuedp0wmt5k8nzc0gwjqfr5qu7,24,0.4583333333333333,0.0,0.0,0.5416666666666666,OK,46.0,35.0,0.7608695652173914,4756916883.114285,433878199.0,1.8858283127206952,0.0,OK,1.0,1,secp256k1_blake160_sighash_all,0.0,OK,0.35135135135135137,1.0,0.0,46.0,,OK,0,0,,,,OK,495231093.6363996,504334137.5495352,9103043.913135588,0,False
ckb1qzda0cr08m85hc8jlnfp3zer7xulejywt49kt2rr0vthywaa50xwsqftd47h3v4gg75m5w3amn3t9f3jqwe4xgqg9r36q,3,0.0,0.3333333333333333,0.0,0.6666666666666666,OK,5.0,2.0,0.4,73057.0,73057.0,0.48897436248408777,0.0,INSUFFICIENT_EVIDENCE,1.0,1,secp256k1_blake160_sighash_all,0.0,OK,0.5,1.0,0.0,5.0,,OK,0,0,,,,OK,111844804.05418704,111844804.0541486,-3.844499588012695e-05,0,False
ckb1qzda0cr08m85hc8jlnfp3zer7xulejywt49kt2rr0vthywaa50xwsqfvq4dqqh8vq032qx3lxaltkffqvxfe8ts4jur9h,1,0.0,0.0,0.0,1.0,OK,1.0,0.0,0.0,,,,,INSUFFICIENT_EVIDENCE,1.0,1,secp256k1_blake160_sighash_all,0.0,OK,1.0,1.0,0.0,1.0,,INSUFFICIENT_EVIDENCE,1,1,0.0,1.0,,OK,126518248.0,126518248.0,0.0,0,False
ckb1qzda0cr08m85hc8jlnfp3zer7xulejywt49kt2rr0vthywaa50xwsqfju4w7mgnq2xl34rgmv7avnczycrkc9xqedr5fc,44,0.0,0.045454545454545456,0.0,0.9545454545454546,OK,25.0,18.0,0.72,16004475548.777779,11352007680.5,0.691704855303925,0.0,OK,1.0,1,secp256k1_blake160_sighash_all,0.0,OK,0.0,0.0,0.0,25.0,,OK,1,1,0.0,1.0,,OK,123960003.71885732,174960010.89134803,51000007.172490716,0,False
ckb1qzda0cr08m85hc8jlnfp3zer7xulejywt49kt2rr0vthywaa50xwsqf2pf3uu524tn9umy7g3gchaa6sgamvs4sx454l6,1499,0.019346230820547032,0.037358238825883926,0.9152768512341561,0.028018679119412943,OK,170.0,170.0,1.0,108786785.6117647,58991393.5,1.2921451868563087,0.0,OK,1.0,1,secp256k1_blake160_sighash_all,0.0,OK,0.0,0.0,0.0,170.0,,OK,38,82,0.02564102564102564,0.3543457448788403,0.4495830750356153,OK,1051344270.049714,1156278081.9122217,104933811.8625077,0,False
ckb1qzda0cr08m85hc8jlnfp3zer7xulejywt49kt2rr0vthywaa50xwsqdswxz9w93ffp2dkdr4gjgyw6akpd9ml2sc3j7ft,1,0.0,0.0,0.0,1.0,OK,,,,,,,,,1.0,1,secp256k1_blake160_sighash_all,0.0,OK,0.0,0.0,,,,,0,2,0.0,,,OK,0.0,103915941.73858508,103915941.73858508,0,False
ckb1qzda0cr08m85hc8jlnfp3zer7xulejywt49kt2rr0vthywaa50xwsqgphyyw5jenumukdqqega4x0zwmvh0fnuqeh9e2g,1,0.0,1.0,0.0,0.0,OK,,,,,,,,,1.0,1,secp256k1_blake160_sighash_all,0.0,OK,0.0,0.0,,,,,0,1,0.0,,,OK,0.0,299.999,299.999,0,False
ckb1qzda0cr08m85hc8jlnfp3zer7xulejywt49kt2rr0vthywaa50xwsqtq43kkkjp78arrz5dk9yazecfynnduu5qz9nfxd,1,0.0,0.0,0.0,1.0,OK,,,,,,,,,1.0,1,secp256k1_blake160_sighash_all,0.0,OK,0.0,0.0,,,,,0,2,0.0,,,OK,0.0,101845826.36442776,101845826.36442776,0,False
ckb1qzda0cr08m85hc8jlnfp3zer7xulejywt49kt2rr0vthywaa50xwsqtwuh9492rw529d223n4u36642lnadmxyc7f7u8l,1,0.0,0.0,0.0,1.0,OK,1.0,0.0,0.0,,,,,INSUFFICIENT_EVIDENCE,1.0,1,secp256k1_blake160_sighash_all,0.0,OK,1.0,1.0,0.0,1.0,,INSUFFICIENT_EVIDENCE,1,1,0.0,1.0,,OK,100689717.0,100689717.0,0.0,0,False
ckb1qzda0cr08m85hc8jlnfp3zer7xulejywt49kt2rr0vthywaa50xwsqf9gpm79hetc79v6ctwyzddhtwe9g6mfmq0sm2ez,1,0.0,0.0,0.0,1.0,OK,,,,,,,,,1.0,1,secp256k1_blake160_sighash_all,0.0,OK,1.0,1.0,,,,,0,2,0.0,,,OK,0.0,100455043.47815138,100455043.47815138,0,False
ckb1qzda0cr08m85hc8jlnfp3zer7xulejywt49kt2rr0vthywaa50xwsqtwv6eueqmzuljtepywy5hdc2gl5jrtz6g6ef93l,4,0.0,0.25,0.0,0.75,OK,7.0,3.0,0.42857142857142855,8693460217.333334,4586279326.0,0.9936914097119868,0.0,INSUFFICIENT_EVIDENCE,1.0,1,secp256k1_blake160_sighash_all,0.0,OK,0.0,0.0,0.0,7.0,,OK,2,0,0.0,0.909297052154195,0.2761954276479391,OK,100425931.30766712,16425931.30134323,-84000000.00632389,0,False
ckb1qzda0cr08m85hc8jlnfp3zer7xulejywt49kt2rr0vthywaa50xwsqw827vkp4zln5plmzzktcymdr0ec8aqhpc4sr8d5,2268,0.5,0.09700176366843033,0.0,0.40299823633156967,OK,1134.0,1134.0,1.0,725106.975308642,568420.5,3.1789719087238995,0.0,OK,1.0,1,secp256k1_blake160_sighash_all,0.0,OK,0.0,0.0,0.0,1134.0,,OK,1,13,0.0,1.0,,OK,3133893.04700613,3133893.04700613,0.0,0,False
ckb1qzda0cr08m85hc8jlnfp3zer7xulejywt49kt2rr0vthywaa50xwsq20u0ncxwckqw79c9f9kev5mlckwsmj8psnrz4u4,1241,0.0016116035455278,0.1232876712328767,0.48912167606768736,0.3859790491539081,OK,632.0,632.0,1.0,2169906.5727848103,2125267.5,0.49513005174017727,0.0,OK,1.0,1,secp256k1_blake160_sighash_all,0.0,OK,0.0,0.0,0.0,632.0,,OK,2,2,0.0,0.6497538551696458,0.771618024358619,OK,464959.76833161,464959.76833161,0.0,0,False
ckb1qzda0cr08m85hc8jlnfp3zer7xulejywt49kt2rr0vthywaa50xwsq2vr8y8dws0jkz062k8vlpafpu8x9rucvcggdkr4,1072,0.5,0.08582089552238806,0.0,0.4141791044776119,OK,536.0,536.0,1.0,521113.8563432836,515400.5,0.5698939415754031,0.0,OK,1.0,1,secp256k1_blake160_sighash_all,0.0,OK,0.0,0.0,0.0,536.0,,OK,1,11,0.0,1.0,,OK,830174.82685023,830174.82685023,0.0,0,False
ckb1qzfhdsa4syv599s2s3nfrctwga70g0tu07n9gpnun9ydlngf5vsnwqggqlc8fmqp73anzq4x4hm9w42vuvm85n62xsyq0ur5asqlg7e3q2n2majh24xwxdn6fa9rg33tphd,12,0.08333333333333333,0.16666666666666666,0.0,0.75,OK,9.0,7.0,0.7777777777777778,5047233043.714286,2591922879.0,1.2134361071017183,0.0,OK,1.0,1,unrecognized,0.0,OK,0.6666666666666666,2.0,0.0,9.0,,OK,6,10,0.6,0.6622125559951761,0.4381186439550498,OK,3826.99926213,4360.94842895,533.9491668199998,0,False
ckb1qzda0cr08m85hc8jlnfp3zer7xulejywt49kt2rr0vthywaa50xwsq0tmqv9558dmffj72454pzkvfx5etm2rsg2jzelt,1668,0.5,0.02997601918465228,0.0,0.47002398081534774,OK,834.0,834.0,1.0,604465.8669064748,583548.5,0.18938968678040222,0.0,OK,1.0,1,secp256k1_blake160_sighash_all,0.0,OK,0.0,0.0,0.0,834.0,,OK,1,13,0.0,1.0,,OK,1240542.106835,1240542.106835,0.0,0,False
ckb1qzda0cr08m85hc8jlnfp3zer7xulejywt49kt2rr0vthywaa50xwsqdzcwm3dgw383w7uv4v9a95jdxtxgzrmdcpxs45n,85,0.0,0.6235294117647059,0.0,0.3764705882352941,OK,,,,,,,,,1.0,1,secp256k1_blake160_sighash_all,0.0,OK,0.0,0.0,,,,,0,2,0.0,,,OK,0.0,42871.22303345,42871.22303345,0,False
ckb1qzda0cr08m85hc8jlnfp3zer7xulejywt49kt2rr0vthywaa50xwsq0she9la0u4z5zlwj3ckv25cvg6f2kjxmgw9vxx3,2239,0.0,0.5024564537740063,0.0,0.4975435462259937,OK,,,,,,,,,1.0,1,secp256k1_blake160_sighash_all,0.0,OK,0.0,0.0,,,,,0,1,0.0,,,OK,0.0,1232997.14816517,1232997.14816517,0,False
ckb1qzfhdsa4syv599s2s3nfrctwga70g0tu07n9gpnun9ydlngf5vsnwqg9yr6t499eazdx5f40fewvzm04uuea2gtnq5s0fw55h85f563x4a89estd7hnn84fpwvn3swz8,2,0.0,0.0,0.0,1.0,OK,2.0,1.0,0.5,34834892718.0,34834892718.0,0.0,0.0,INSUFFICIENT_EVIDENCE,1.0,1,unrecognized,0.0,OK,1.0,1.0,0.0,2.0,,INSUFFICIENT_EVIDENCE,2,2,1.0,0.5000103316293691,0.9999850945582122,OK,434.0,434.0,0.0,0,False
ckb1qzda0cr08m85hc8jlnfp3zer7xulejywt49kt2rr0vthywaa50xwsq2pnp7gglp8clvahem5mpf7wmr0pjk5krgf4lwf2,660,0.25606060606060604,0.30303030303030304,0.04696969696969697,0.3939393939393939,OK,460.0,460.0,1.0,510316693.8869565,69434251.0,3.338429498091,0.0,OK,1.0,1,secp256k1_blake160_sighash_all,0.0,OK,0.0,0.0,0.0,460.0,,OK,1,1,0.0,1.0,,OK,264201.67920715,264201.67920715,0.0,0,False
ckb1qzda0cr08m85hc8jlnfp3zer7xulejywt49kt2rr0vthywaa50xwsqv9vxgmpvg55u2p84e8xerreq8kg4lf4ugyddftc,1556,0.0,0.4730077120822622,0.008997429305912597,0.5179948586118251,OK,1436.0,1436.0,1.0,1174613001.9937327,887951302.5,0.811386064598266,0.0,OK,1.0,1,secp256k1_blake160_sighash_all,0.0,OK,0.0,0.0,0.0,1436.0,,OK,16,1,0.0,0.10541656945619009,0.8996162287974289,OK,1304976.22515641,1371015.17752008,66038.9523636701,0,False
ckb1qzda0cr08m85hc8jlnfp3zer7xulejywt49kt2rr0vthywaa50xwsqd3ele94wtw253dum78vpuuy2rcspueckqp9hktf,1639,0.0,0.0012202562538133007,0.0006101281269066504,0.9981696156192801,OK,1597.0,1597.0,1.0,149908276.59048215,77374499.0,2.0404541775724994,0.0,OK,1.0,1,secp256k1_blake160_sighash_all,0.0,OK,0.0,0.0,0.0,1597.0,,OK,4,13,0.0625,0.5870074568671426,0.4486940457898698,OK,9781739.26103913,9925688.78096512,143949.5199259892,0,False
ckb1qzda0cr08m85hc8jlnfp3zer7xulejywt49kt2rr0vthywaa50xwsq0msjj9yjj2n6dtuafzzj6uen3p7mt966sfkapz2,1102,0.0,0.3157894736842105,0.0,0.6842105263157895,OK,,,,,,,,,1.0,1,secp256k1_blake160_sighash_all,0.0,OK,0.0,0.0,,,,,0,1,0.0,,,OK,0.0,714266.33560465,714266.33560465,0,False
ckb1qzda0cr08m85hc8jlnfp3zer7xulejywt49kt2rr0vthywaa50xwsqd3w85684vvlhfh93nrvkq6rz6ve7xu0ugjyfg3s,1079,0.0,0.12048192771084337,0.07599629286376275,0.8035217794253939,OK,975.0,975.0,1.0,66925712.40717949,51863543.0,1.023812802911338,0.0,OK,1.0,1,secp256k1_blake160_sighash_all,0.0,OK,0.0,0.0,0.0,975.0,,OK,1,3,0.0,1.0,,OK,1218094.75946143,1232589.80743201,14495.04797058017,0,False
ckb1qzda0cr08m85hc8jlnfp3zer7xulejywt49kt2rr0vthywaa50xwsqfcls7pnlg5eausdqrj4k0jrlhm7zy3jrsjljh33,2123,0.007536504945831371,0.06782854451248234,0.437588318417334,0.48704663212435234,OK,1177.0,1177.0,1.0,2144743.008496177,2098630.0,0.48841352722235976,0.0,OK,1.0,1,secp256k1_blake160_sighash_all,0.0,OK,0.0,0.0,0.0,1177.0,,OK,2,2,0.0,0.6300289882181409,0.8032901472398329,OK,1059257.35713335,1060414.39140939,1157.0342760398053,0,False
ckb1qzda0cr08m85hc8jlnfp3zer7xulejywt49kt2rr0vthywaa50xwsq2j02vr6g0w9839ptv6m6qr8r3ddzq2x3qjp5nuw,1458,0.0027434842249657062,0.4993141289437586,0.49725651577503427,0.0006858710562414266,OK,729.0,729.0,1.0,2702387.2373113856,2240497.0,2.9086658393279565,0.0,OK,1.0,1,secp256k1_blake160_sighash_all,0.0,OK,0.0,0.0,0.0,729.0,,OK,2,1,0.0,0.835303447167874,0.4382931460110781,OK,24743528.99669001,24743528.99669001,0.0,0,False
ckb1qzda0cr08m85hc8jlnfp3zer7xulejywt49kt2rr0vthywaa50xwsqgzw9vj0prshmp4pm5jr0t8m4vwf353syqvqfm08,251,0.0,0.50199203187251,0.49800796812749004,0.0,OK,126.0,126.0,1.0,2109222.785714286,2094622.5,0.5140774035127484,0.0,OK,1.0,1,secp256k1_blake160_sighash_all,0.0,OK,0.0,0.0,0.0,126.0,,OK,2,2,0.0,0.5381904829501232,0.9441790329925732,OK,520853.2215504,520853.2215504,0.0,0,False
ckb1qzda0cr08m85hc8jlnfp3zer7xulejywt49kt2rr0vthywaa50xwsqtc39e2l04ha5t5fzvupspn49lftrglr8gw99j4e,106,0.0,0.37735849056603776,0.5,0.12264150943396226,OK,53.0,53.0,1.0,2041813.358490566,1878633.0,0.48079210837466385,0.0,OK,1.0,1,secp256k1_blake160_sighash_all,0.0,OK,0.0,0.0,0.0,53.0,,OK,2,2,0.0,0.6344342489011829,0.7962643091605272,OK,46306.28435702,46306.28435702,0.0,0,False
ckb1qzda0cr08m85hc8jlnfp3zer7xulejywt49kt2rr0vthywaa50xwsqfxgd9zxl6czs4s3kzr55letennz2l3yjqpt8r79,102,0.00980392156862745,0.5,0.49019607843137253,0.0,OK,51.0,51.0,1.0,2136798.588235294,2122181.0,0.46891335967540065,0.0,OK,1.0,1,secp256k1_blake160_sighash_all,0.0,OK,0.0,0.0,0.0,51.0,,OK,2,1,0.0,0.5841652804922326,0.8749160751416492,OK,160384.00278271,160384.00278271,0.0,0,False
ckb1qzda0cr08m85hc8jlnfp3zer7xulejywt49kt2rr0vthywaa50xwsqtl60mlnd8498tpqyfu5yud3fsrt5ndptc80xq2q,98,0.01020408163265306,0.5,0.4897959183673469,0.0,OK,49.0,49.0,1.0,2109137.8163265307,2067064.0,0.47586726489579495,0.0,OK,1.0,1,secp256k1_blake160_sighash_all,0.0,OK,0.0,0.0,0.0,49.0,,OK,2,1,0.0,0.6007972188004609,0.8492516457478769,OK,254268.30673493,254268.30673493,0.0,0,False
ckb1qzda0cr08m85hc8jlnfp3zer7xulejywt49kt2rr0vthywaa50xwsq0smcdjfuapeu9zuahwrsrtp4qetjgngpg5xr5fq,166,0.012048192771084338,0.0,0.09036144578313253,0.8975903614457831,OK,120.0,120.0,1.0,260152930.41666666,120951550.0,1.0709936866345675,0.0,OK,1.0,1,secp256k1_blake160_sighash_all,0.0,OK,0.0,0.0,0.0,120.0,,OK,1,1,0.0,1.0,,OK,5473864.73635063,6241447.19396716,767582.4576165294,0,False
ckb1qzda0cr08m85hc8jlnfp3zer7xulejywt49kt2rr0vthywaa50xwsqg6agcch2m7k8lsh00nv05ztfmz0euvqkcfpz7ec,370,0.5,0.02702702702702703,0.0,0.47297297297297297,OK,185.0,185.0,1.0,566343.7621621621,569913.0,0.3175886821366157,0.0,OK,1.0,1,secp256k1_blake160_sighash_all,0.0,OK,0.0,0.0,0.0,185.0,,OK,1,2,0.0,1.0,,OK,643065.49631067,643065.49631067,0.0,0,False
ckb1qzda0cr08m85hc8jlnfp3zer7xulejywt49kt2rr0vthywaa50xwsqw973g6gzfxn2yh804xl67mpf888tlagkqzh4v47,166,0.07228915662650602,0.018072289156626505,0.42771084337349397,0.4819277108433735,OK,83.0,83.0,1.0,1368127.4819277108,1313429.0,0.34433062592246727,0.0,OK,1.0,1,secp256k1_blake160_sighash_all,0.0,OK,0.0,0.0,0.0,83.0,,OK,1,4,0.0,1.0,,OK,15400400.0,15550400.0,150000.0,0,False
ckb1qzda0cr08m85hc8jlnfp3zer7xulejywt49kt2rr0vthywaa50xwsqd532x7yagmmqne0jkrwggysarh5kufcjgp5ry3g,100,0.5,0.5,0.0,0.0,OK,50.0,50.0,1.0,504479.82,522663.0,0.33909172901281753,0.0,OK,1.0,1,secp256k1_blake160_sighash_all,0.0,OK,0.0,0.0,0.0,50.0,,OK,1,2,0.0,1.0,,OK,523383.90038591,523383.90038591,0.0,0,False
ckb1qzda0cr08m85hc8jlnfp3zer7xulejywt49kt2rr0vthywaa50xwsq2akxm0aqm8896a8ma4x7tsj0nugj4ldmg9egwhg,804,0.5,0.5,0.0,0.0,OK,402.0,402.0,1.0,525371.2960199005,520188.0,0.36833896636399716,0.0,OK,1.0,1,secp256k1_blake160_sighash_all,0.0,OK,0.0,0.0,0.0,402.0,,OK,1,1,0.0,1.0,,OK,981930.49440144,981930.49440144,0.0,0,False
ckb1qzda0cr08m85hc8jlnfp3zer7xulejywt49kt2rr0vthywaa50xwsq23j637de7ulapxyn0h2kl2784uhrv6whg2708tp,78,0.5,0.5,0.0,0.0,OK,39.0,39.0,1.0,583319.4871794871,581883.0,0.17849809635054606,0.0,OK,1.0,1,secp256k1_blake160_sighash_all,0.0,OK,0.0,0.0,0.0,39.0,,OK,1,1,0.0,1.0,,OK,998972.61054525,998972.61054525,0.0,0,False
ckb1qzda0cr08m85hc8jlnfp3zer7xulejywt49kt2rr0vthywaa50xwsq2g7t7wtgqxq0528gsnsprw8adlz7mvpncn6cxdt,1012,0.5,0.046442687747035576,0.0,0.4535573122529644,OK,506.0,506.0,1.0,619874.7569169961,600925.5,0.18878723456661375,0.0,OK,1.0,1,secp256k1_blake160_sighash_all,0.0,OK,0.0,0.0,0.0,506.0,,OK,1,11,0.0,1.0,,OK,2251555.68332321,2251555.68332321,0.0,0,False
ckb1qzda0cr08m85hc8jlnfp3zer7xulejywt49kt2rr0vthywaa50xwsqg7hr6px90xaq7398ykma025h78hlt9q6sx6xhlc,1236,0.003236245954692557,0.39967637540453077,0.07524271844660194,0.5218446601941747,OK,1996.0,1088.0,0.5450901803607214,486806013.5202206,309023859.0,1.0245513720676847,0.0,OK,1.0,1,secp256k1_blake160_sighash_all,0.0,OK,0.0,0.0,0.0,1996.0,,OK,3,2,0.0,0.9838829652497737,0.0479766144972864,OK,1249935.67481023,776120.34246573,-473815.3323445,0,False
ckb1qzda0cr08m85hc8jlnfp3zer7xulejywt49kt2rr0vthywaa50xwsq0c46k06e2fp7rg9aq9yqxwaat763nrpegmdg0qn,208,0.5,0.5,0.0,0.0,OK,104.0,104.0,1.0,475019.70192307694,362896.5,0.6312367272132385,0.0,OK,1.0,1,secp256k1_blake160_sighash_all,0.0,OK,0.0,0.0,0.0,104.0,,OK,1,1,0.0,1.0,,OK,476903.27208082,476903.27208082,0.0,0,False
ckb1qzda0cr08m85hc8jlnfp3zer7xulejywt49kt2rr0vthywaa50xwsqw55e3a0nd8dflp7ew8km8njxh3mp57e6qp75cau,948,0.5,0.04113924050632911,0.0,0.4588607594936709,OK,474.0,474.0,1.0,648307.5084388186,683596.0,0.5634096683269987,0.0,OK,1.0,1,secp256k1_blake160_sighash_all,0.0,OK,0.0,0.0,0.0,474.0,,OK,1,12,0.0,1.0,,OK,1138324.16923046,1138324.16923046,0.0,0,False
ckb1qzda0cr08m85hc8jlnfp3zer7xulejywt49kt2rr0vthywaa50xwsqg4yg2m9jpx5efeu4q0vrp643gjmad37nqrk9glt,883,0.49943374858437145,0.49943374858437145,0.0,0.0011325028312570782,OK,441.0,441.0,1.0,852006.8412698413,613221.0,1.2072929725463777,0.0,OK,1.0,1,secp256k1_blake160_sighash_all,0.0,OK,0.0,0.0,0.0,441.0,,OK,1,1,0.0,1.0,,OK,866464.14815838,867885.24198895,1421.0938305699965,0,False
ckb1qzda0cr08m85hc8jlnfp3zer7xulejywt49kt2rr0vthywaa50xwsqvva6zmstttmwvat2uw3k057rgnv5t3hts4vk7tv,323,0.3560371517027864,0.544891640866873,0.09597523219814241,0.0030959752321981426,OK,177.0,177.0,1.0,88253816.6440678,804444.0,5.679578599025547,0.0,OK,1.0,1,secp256k1_blake160_sighash_all,0.0,OK,0.0,0.0,0.0,177.0,,OK,1,1,0.0,1.0,,OK,31695.02472692,31695.02472692,0.0,0,False
ckb1qzda0cr08m85hc8jlnfp3zer7xulejywt49kt2rr0vthywaa50xwsqfnxmdem0nvxr00pmjc4nva7aft2e6gtus2lccwn,1161,0.4935400516795866,0.49956933677863913,0.004306632213608958,0.002583979328165375,OK,583.0,583.0,1.0,1915979.8833619212,902517.0,5.948530911752877,0.0,OK,1.0,1,secp256k1_blake160_sighash_all,0.0,OK,0.0,0.0,0.0,583.0,,OK,1,2,0.0,1.0,,OK,218664.4216193,218664.4216193,0.0,0,False
ckb1qzda0cr08m85hc8jlnfp3zer7xulejywt49kt2rr0vthywaa50xwsq23h24ts4fzu5nu799amfkhkc85t28qc8ghp5r90,1368,0.5,0.1695906432748538,0.0,0.3304093567251462,OK,684.0,684.0,1.0,760010.9985380117,675311.5,1.0371573465404746,0.0,OK,1.0,1,secp256k1_blake160_sighash_all,0.0,OK,0.0,0.0,0.0,684.0,,OK,1,2,0.0,1.0,,OK,1223955.60769286,1223955.60769286,0.0,0,False
ckb1qzda0cr08m85hc8jlnfp3zer7xulejywt49kt2rr0vthywaa50xwsqdgjmn0k90sa3q24g3lr6qmgv5hqdjdjwcm7mukc,1081,0.49861239592969475,0.4958371877890842,0.0018501387604070306,0.0037002775208140612,OK,541.0,541.0,1.0,934855.0295748614,592918.0,4.641931209422237,0.0,OK,1.0,1,secp256k1_blake160_sighash_all,0.0,OK,0.0,0.0,0.0,541.0,,OK,1,2,0.0,1.0,,OK,1804195.56205012,1804195.56205012,0.0,0,False
ckb1qzda0cr08m85hc8jlnfp3zer7xulejywt49kt2rr0vthywaa50xwsqt485s60lj75yksuswl5uyyr7fyclqq2tsk3kxkr,1208,0.5,0.039735099337748346,0.0,0.4602649006622517,OK,604.0,604.0,1.0,934268.071192053,936217.5,0.7046535146566584,0.0,OK,1.0,1,secp256k1_blake160_sighash_all,0.0,OK,0.0,0.0,0.0,604.0,,OK,1,2,0.0,1.0,,OK,19212059.01556357,19212059.01556357,0.0,0,False
ckb1qzda0cr08m85hc8jlnfp3zer7xulejywt49kt2rr0vthywaa50xwsqw4klymd5zxdtersxfu8wafdq803fudg7qpp9dz7,986,0.5,0.49898580121703856,0.0,0.0010141987829614604,OK,493.0,493.0,1.0,735987.0344827586,576653.0,1.2243700515901599,0.0,OK,1.0,1,secp256k1_blake160_sighash_all,0.0,OK,0.0,0.0,0.0,493.0,,OK,1,1,0.0,1.0,,OK,63551444.75432684,63551444.75432684,0.0,0,False
ckb1qzda0cr08m85hc8jlnfp3zer7xulejywt49kt2rr0vthywaa50xwsq07vlts907h0ev3vz40qttyg6qx7xh3xlqgyyr4j,1144,0.5,0.4973776223776224,0.0,0.0026223776223776225,OK,572.0,572.0,1.0,635394.0297202797,499080.5,1.2833346005367492,0.0,OK,1.0,1,secp256k1_blake160_sighash_all,0.0,OK,0.0,0.0,0.0,572.0,,OK,1,2,0.0,1.0,,OK,2310093.92135562,2310093.92135562,0.0,0,False
ckb1qzda0cr08m85hc8jlnfp3zer7xulejywt49kt2rr0vthywaa50xwsqdtjy373hqrz0x0dh8qeq90xcwm7ks5gnghey3u8,1189,0.4987384356602187,0.4987384356602187,0.0008410428931875525,0.001682085786375105,OK,595.0,595.0,1.0,1045295.0588235294,560140.0,6.800050291099549,0.0,OK,1.0,1,secp256k1_blake160_sighash_all,0.0,OK,0.0,0.0,0.0,595.0,,OK,1,2,0.0,1.0,,OK,1236800.52272154,1236800.52272154,0.0,0,False
ckb1qzda0cr08m85hc8jlnfp3zer7xulejywt49kt2rr0vthywaa50xwsqwq5jlc6p7y2g7c59emwef66z5dc02m36sq3vsmj,216,0.5,0.5,0.0,0.0,OK,108.0,108.0,1.0,966744.5555555555,748532.0,1.5527641676293196,0.0,OK,1.0,1,secp256k1_blake160_sighash_all,0.0,OK,0.0,0.0,0.0,108.0,,OK,1,1,0.0,1.0,,OK,859993.70220416,859993.70220416,0.0,0,False
ckb1qzda0cr08m85hc8jlnfp3zer7xulejywt49kt2rr0vthywaa50xwsq0kjhyk3k6yh6s0x0qhcfzu42l0nshm5rsmfmr6g,1640,0.4871951219512195,0.2329268292682927,0.00853658536585366,0.27134146341463417,OK,827.0,827.0,1.0,948756.3143893591,876333.0,1.167449535765209,0.0,OK,1.0,1,secp256k1_blake160_sighash_all,0.0,OK,0.0,0.0,0.0,827.0,,OK,1,2,0.0,1.0,,OK,5618667.60459596,5618667.60459596,0.0,0,False
ckb1qzda0cr08m85hc8jlnfp3zer7xulejywt49kt2rr0vthywaa50xwsqd8k7hgtu960r0sefypjj5c80zvdyyhagq0k0z5r,1416,0.0,0.5,0.0,0.5,OK,1416.0,1415.0,0.9992937853107344,45270505.81696113,44327650.0,1.0797009805641495,0.0,OK,1.0,1,secp256k1_blake160_sighash_all,0.0,OK,0.0,0.0,0.0,1416.0,,OK,1,1,0.0,1.0,,OK,2180294.09398652,2180294.09398652,0.0,0,False
ckb1qzda0cr08m85hc8jlnfp3zer7xulejywt49kt2rr0vthywaa50xwsqfrmvt598cnr70mhtyt9afjg9yju7s0n6gw0e8d4,146,0.5,0.03424657534246575,0.0,0.4657534246575342,OK,73.0,73.0,1.0,567774.3150684931,560427.0,0.16286622979510454,0.0,OK,1.0,1,secp256k1_blake160_sighash_all,0.0,OK,0.0,0.0,0.0,73.0,,OK,1,11,0.0,1.0,,OK,275434.18694617,275434.18694617,0.0,0,False
ckb1qzda0cr08m85hc8jlnfp3zer7xulejywt49kt2rr0vthywaa50xwsqd7w5u492rs93nr0e0086myx8qdknytcmsw3hx46,1461,0.0,0.5345653661875428,0.0,0.4654346338124572,OK,730.0,730.0,1.0,3871952.7739726026,1018402.5,14.779582787245609,0.0,OK,1.0,1,secp256k1_blake160_sighash_all,0.0,OK,0.0,0.0,0.0,730.0,,OK,404,5,0.0024509803921568627,0.04432604190877121,0.6634087049836684,OK,687688919.4039477,688853873.8349718,1164954.4310240746,0,False
ckb1qzda0cr08m85hc8jlnfp3zer7xulejywt49kt2rr0vthywaa50xwsqff60m3g73j280arxmzwp6anr9g04xmmast74txw,274,0.0072992700729927005,0.21897810218978103,0.0036496350364963502,0.7700729927007299,OK,270.0,270.0,1.0,123356905.89629629,77600428.0,3.4246526102438994,0.0,OK,1.0,1,secp256k1_blake160_sighash_all,0.0,OK,0.0,0.0,0.0,270.0,,OK,4,3,0.0,0.41269064565105995,0.7134679906436369,OK,351190.84907603,351291.45539071,100.606314679957,0,False
ckb1qzda0cr08m85hc8jlnfp3zer7xulejywt49kt2rr0vthywaa50xwsqvknttjvpk89lj2c9ykxvethuaft52j3fs9df6l3,102,0.0,0.9607843137254902,0.0392156862745098,0.0,OK,97.0,97.0,1.0,1248766934.7319589,1194114608.0,0.6375886746342756,0.0,OK,1.0,1,secp256k1_blake160_sighash_all,0.0,OK,0.0,0.0,0.0,97.0,,OK,2,1,0.0,0.8764334527213966,0.35142913739734244,OK,389469.51134501,394234.72222595,4765.210880939965,0,False
ckb1qzda0cr08m85hc8jlnfp3zer7xulejywt49kt2rr0vthywaa50xwsqt3tqddwnr5xfm52vevcyujfw8nhrr77hc0uppq7,732,0.0,0.994535519125683,0.004098360655737705,0.001366120218579235,OK,483.0,414.0,0.8571428571428571,6659336746.538648,6011847342.5,0.6682201776963961,0.0,OK,1.0,1,secp256k1_blake160_sighash_all,0.0,OK,0.0,0.0,0.0,483.0,,OK,1,1,0.0,1.0,,OK,1938390.12059707,4086496.06128951,2148105.94069244,0,False
ckb1qzda0cr08m85hc8jlnfp3zer7xulejywt49kt2rr0vthywaa50xwsqw8sae6fd5sruyeewfc82gs6epxav9tapqsgphme,488,0.0,0.5020491803278688,0.4918032786885246,0.006147540983606557,OK,246.0,246.0,1.0,33339247.166666668,29363817.0,1.8459248324070492,0.0,OK,1.0,1,secp256k1_blake160_sighash_all,0.0,OK,0.0,0.0,0.0,246.0,,OK,1,3,0.0,1.0,,OK,2189809.14740243,2189809.14740243,0.0,0,False
ckb1qzda0cr08m85hc8jlnfp3zer7xulejywt49kt2rr0vthywaa50xwsqfkjglwnv0p5h4wujzvz65rekwxmx2d0zsn7yllu,44,0.0,1.0,0.0,0.0,OK,,,,,,,,,1.0,1,secp256k1_blake160_sighash_all,0.0,OK,0.0,0.0,,,,,0,1,0.0,,,OK,0.0,231564.65668287,231564.65668287,0,False
ckb1qzda0cr08m85hc8jlnfp3zer7xulejywt49kt2rr0vthywaa50xwsqfcwzl3jytqrrgtuwmapvqe42txrxvqlncewj9c8,4,0.0,1.0,0.0,0.0,OK,,,,,,,,,1.0,1,secp256k1_blake160_sighash_all,0.0,OK,0.0,0.0,,,,,0,2,0.0,,,OK,0.0,439229.70370741,439229.70370741,0,False
ckb1qzda0cr08m85hc8jlnfp3zer7xulejywt49kt2rr0vthywaa50xwsqwjzhp5ljeurdf9yznes3xhs7cn6ye9mssmxkwgz,1698,0.0,0.38987043580683156,0.47820965842167257,0.13191990577149587,OK,879.0,878.0,0.9988623435722411,53579895.04100228,30103015.0,3.1230025947088893,0.0,OK,1.0,1,secp256k1_blake160_sighash_all,0.0,OK,0.0,0.0,0.0,879.0,,OK,1,2,0.0,1.0,,OK,3170417.77072551,3165544.82968585,-4872.941039660014,0,False
ckb1qzda0cr08m85hc8jlnfp3zer7xulejywt49kt2rr0vthywaa50xwsq2nwlee8epequkd94qh3k5uymjqxgvfktgxl9jd3,544,0.0,0.17463235294117646,0.0,0.8253676470588235,OK,,,,,,,,,1.0,1,secp256k1_blake160_sighash_all,0.0,OK,0.0,0.0,,,,,0,2,0.0,,,OK,0.0,825516.75487817,825516.75487817,0,False
ckb1qzda0cr08m85hc8jlnfp3zer7xulejywt49kt2rr0vthywaa50xwsqf0qpamhk3hv8a8yv79krku3zfspql7zkq0ddtu4,1473,0.13238289205702647,0.5125594025797692,0.35369993211133743,0.0013577732518669382,OK,756.0,756.0,1.0,9691919.585978836,1431856.5,2.8773201073844876,0.0,OK,1.0,1,secp256k1_blake160_sighash_all,0.0,OK,0.0,0.0,0.0,756.0,,OK,3,2,0.0,0.48457286362228047,0.8033549546710868,OK,4142571.97454771,4156531.33857509,13959.364027380012,0,False
ckb1qzda0cr08m85hc8jlnfp3zer7xulejywt49kt2rr0vthywaa50xwsqf3q9e554euxmpqyaju2n3prxl3fxuphqs9l8zmt,1381,0.0,0.5083272990586531,0.4844315713251267,0.00724112961622013,OK,704.0,703.0,0.9985795454545454,57755862.57467994,29185793.0,3.2073020531331298,0.0,OK,1.0,1,secp256k1_blake160_sighash_all,0.0,OK,0.0,0.0,0.0,704.0,,OK,1,1,0.0,1.0,,OK,4645779.92342897,4642792.04352501,-2987.8799039600417,0,False
ckb1qzda0cr08m85hc8jlnfp3zer7xulejywt49kt2rr0vthywaa50xwsq0sc9f6eqnjfm8tn35nxeqtnm43x6aljdqj45cke,800,0.01875,0.46,0.03,0.49125,OK,795.0,760.0,0.9559748427672956,12820171836.602633,9761688149.5,0.895837058646518,0.0,OK,1.0,1,secp256k1_blake160_sighash_all,0.0,OK,0.0,0.0,0.0,795.0,,OK,1,12,0.0,1.0,,OK,2576899.72294581,2526041.41939748,-50858.303548329975,0,False
ckb1qzda0cr08m85hc8jlnfp3zer7xulejywt49kt2rr0vthywaa50xwsqdun3wce79ar4cmnl76tyehgha0muqg07gt556gd,294,0.0,0.1292517006802721,0.42517006802721086,0.445578231292517,OK,153.0,152.0,0.9934640522875817,157983811.81578946,33836735.0,2.5127534648697463,0.0,OK,1.0,1,secp256k1_blake160_sighash_all,0.0,OK,0.0,0.0,0.0,153.0,,OK,1,2,0.0,1.0,,OK,271885.46198662,270938.00008645,-947.4619001699612,0,False
ckb1qzda0cr08m85hc8jlnfp3zer7xulejywt49kt2rr0vthywaa50xwsq2pgrf442dam0aa0l8gd2s8jlxfu7hha3c7hg4qq,2452,0.0,0.29812398042414356,0.3438009787928222,0.35807504078303426,OK,1500.0,1498.0,0.9986666666666667,98396717.5881175,33829850.0,3.1176846958411883,0.0,OK,1.0,1,secp256k1_blake160_sighash_all,0.0,OK,0.0,0.0,0.0,1500.0,,OK,1,14,0.0,1.0,,OK,1765111.61179594,1766292.74948325,1181.1376873101108,0,False
ckb1qzda0cr08m85hc8jlnfp3zer7xulejywt49kt2rr0vthywaa50xwsqgwum3jcpnajgd4teaa2zezc99pwfl3sug4xfx7f,1209,0.0,0.46898263027295284,0.4838709677419355,0.04714640198511166,OK,611.0,611.0,1.0,39006815.03764321,29453066.0,1.7232800045668843,0.0,OK,1.0,1,secp256k1_blake160_sighash_all,0.0,OK,0.0,0.0,0.0,611.0,,OK,1,2,0.0,1.0,,OK,1192425.40682874,1192425.40682874,0.0,0,False
ckb1qzda0cr08m85hc8jlnfp3zer7xulejywt49kt2rr0vthywaa50xwsqweaz0wqm6d5wzkyt2jay4ayx22vgxu6ys67s4w2,1426,0.0,0.09817671809256662,0.48807854137447404,0.41374474053295934,OK,728.0,727.0,0.9986263736263736,61400156.79917469,33853816.0,2.980490111048636,0.0,OK,1.0,1,secp256k1_blake160_sighash_all,0.0,OK,0.0,0.0,0.0,728.0,,OK,1,2,0.0,1.0,,OK,5036074.42357265,5032071.63678238,-4002.7867902703583,0,False
ckb1qzda0cr08m85hc8jlnfp3zer7xulejywt49kt2rr0vthywaa50xwsqv0d3y4xzhcy0lglxd46uqzqx6hfge8rfcu59hjh,1324,0.04229607250755287,0.5007552870090635,0.4561933534743202,0.0007552870090634441,OK,662.0,662.0,1.0,4922117.244712991,1395027.0,2.9185521714421276,0.0,OK,1.0,1,secp256k1_blake160_sighash_all,0.0,OK,0.0,0.0,0.0,662.0,,OK,1,2,0.0,1.0,,OK,5145992.09489614,5170407.59984526,24415.504949120805,0,False
ckb1qzda0cr08m85hc8jlnfp3zer7xulejywt49kt2rr0vthywaa50xwsqfdna4hqan5me6y8mfqr83y4epmrdrc6cs33gx6e,9,0.0,0.8888888888888888,0.1111111111111111,0.0,OK,5.0,5.0,1.0,3152600578.6,2841554170.0,0.705101183414301,0.0,OK,1.0,1,secp256k1_blake160_sighash_all,0.0,OK,0.0,0.0,0.0,5.0,,OK,1,1,0.0,1.0,,OK,2551.04175988,4128.31266542,1577.2709055399996,0,False
ckb1qzda0cr08m85hc8jlnfp3zer7xulejywt49kt2rr0vthywaa50xwsq0z799mwernws5tt7me85kr63jauldckkcpdyx4t,580,0.0,0.9982758620689656,0.0,0.0017241379310344827,OK,,,,,,,,,1.0,1,secp256k1_blake160_sighash_all,0.0,OK,0.0,0.0,,,,,0,1,0.0,,,OK,0.0,3313121.74659608,3313121.74659608,0,False
ckb1qzda0cr08m85hc8jlnfp3zer7xulejywt49kt2rr0vthywaa50xwsqtequhzd3hfxhammwmwh6e2sw6xynnrkzqzq6wuh,1430,0.0,0.3902097902097902,0.0,0.6097902097902098,OK,1417.0,1417.0,1.0,531263332.7085392,521872422.0,0.5051072129641121,0.0,OK,1.0,1,secp256k1_blake160_sighash_all,0.0,OK,0.0,0.0,0.0,1417.0,,OK,124,2,0.008,0.05134327058967507,0.7118404976603814,OK,98610700.02802011,99469299.27016124,858599.2421411276,0,False
ckb1qzda0cr08m85hc8jlnfp3zer7xulejywt49kt2rr0vthywaa50xwsq0w5cger8gkfqrzly29erurag0yrmkx8vgk92dj4,1385,0.0,0.16895306859205775,0.459927797833935,0.3711191335740072,OK,707.0,706.0,0.9985855728429985,60779962.30453258,29753459.0,3.0641633523383263,0.0,OK,1.0,1,secp256k1_blake160_sighash_all,0.0,OK,0.0,0.0,0.0,707.0,,OK,1,2,0.0,1.0,,OK,1321852.93877499,1320879.73968762,-973.1990873699542,0,False
ckb1qzda0cr08m85hc8jlnfp3zer7xulejywt49kt2rr0vthywaa50xwsqgw7a8wtdmg4er900svtg4vqn27upcpq4cnd4g7v,566,0.0,0.14840989399293286,0.4911660777385159,0.36042402826855124,OK,286.0,286.0,1.0,33015341.101398602,29325370.5,1.2695261700575042,0.0,OK,1.0,1,secp256k1_blake160_sighash_all,0.0,OK,0.0,0.0,0.0,286.0,,OK,1,2,0.0,1.0,,OK,7143733.40686255,7143733.40686255,0.0,0,False
ckb1qzda0cr08m85hc8jlnfp3zer7xulejywt49kt2rr0vthywaa50xwsqfrylux2xrmpnzgkwzs8u9cjgq5cy6lqusc94mes,1296,0.0,0.16435185185185186,0.4837962962962963,0.35185185185185186,OK,657.0,656.0,0.9984779299847792,59469919.59603658,29795505.0,3.1556243202499457,0.0,OK,1.0,1,secp256k1_blake160_sighash_all,0.0,OK,0.0,0.0,0.0,657.0,,OK,1,2,0.0,1.0,,OK,1994200.56757914,1992984.76861824,-1215.7989608999342,0,False
ckb1qzda0cr08m85hc8jlnfp3zer7xulejywt49kt2rr0vthywaa50xwsqvjzc76tmx2q85dz9l660n2625wnk6vngga7rpqc,845,0.0,0.20828402366863905,0.47692307692307695,0.31479289940828403,OK,428.0,428.0,1.0,31617699.03037383,29391652.5,0.6667531602689662,0.0,OK,1.0,1,secp256k1_blake160_sighash_all,0.0,OK,0.0,0.0,0.0,428.0,,OK,1,3,0.0,1.0,,OK,1348542.74854029,1348542.74854029,0.0,0,False
ckb1qzda0cr08m85hc8jlnfp3zer7xulejywt49kt2rr0vthywaa50xwsqg338aj4hnmutep9ufyd9yyuh3ju7rr8lq03fejn,89,0.0,0.10112359550561797,0.48314606741573035,0.4157303370786517,OK,46.0,46.0,1.0,33136914.95652174,28947622.5,0.6341480688767784,0.0,OK,1.0,1,secp256k1_blake160_sighash_all,0.0,OK,0.0,0.0,0.0,46.0,,OK,1,1,0.0,1.0,,OK,225264.12043031,225264.12043031,0.0,0,False
ckb1qzda0cr08m85hc8jlnfp3zer7xulejywt49kt2rr0vthywaa50xwsqwepkut2qzg2udxm2g38plwwslh0ejrmzs7qle27,1279,0.0,0.1563721657544957,0.46677091477716964,0.37685691946833466,OK,647.0,647.0,1.0,33290249.01236476,29688053.0,0.8148288582582021,0.0,OK,1.0,1,secp256k1_blake160_sighash_all,0.0,OK,0.0,0.0,0.0,647.0,,OK,1,2,0.0,1.0,,OK,1173002.57771906,1173002.57771906,0.0,0,False
ckb1qzda0cr08m85hc8jlnfp3zer7xulejywt49kt2rr0vthywaa50xwsqvde0h8xdeqmmvrxqsjqf8pl9kjltjsupsfxlpgt,300,0.0,0.12333333333333334,0.49333333333333335,0.38333333333333336,OK,152.0,152.0,1.0,30579809.02631579,29132115.0,0.5045845285104481,0.0,OK,1.0,1,secp256k1_blake160_sighash_all,0.0,OK,0.0,0.0,0.0,152.0,,OK,1,1,0.0,1.0,,OK,548110.61416793,548110.61416793,0.0,0,False
ckb1qzda0cr08m85hc8jlnfp3zer7xulejywt49kt2rr0vthywaa50xwsq02lstf96jmmavf7uln9acpkedt2clz3tqc6chk8,106,0.5,0.0,0.0,0.5,OK,53.0,53.0,1.0,645998.6037735849,714261.0,0.40748301703589807,0.0,OK,1.0,1,secp256k1_blake160_sighash_all,0.0,OK,0.0,0.0,0.0,53.0,,OK,1,4,0.0,1.0,,OK,442123.41704642,442123.41704642,0.0,0,False
ckb1qzda0cr08m85hc8jlnfp3zer7xulejywt49kt2rr0vthywaa50xwsq0atd3ep6w47442fk86cxg5n0nsactvlts9nzk3r,1671,0.4991023339317774,0.19389587073608616,0.0005984440454817474,0.3064033512866547,OK,836.0,836.0,1.0,859075.990430622,688709.5,1.0320605885352647,0.0,OK,1.0,1,secp256k1_blake160_sighash_all,0.0,OK,0.0,0.0,0.0,836.0,,OK,1,1,0.0,1.0,,OK,496081.81844957,496081.81844957,0.0,0,False
ckb1qzda0cr08m85hc8jlnfp3zer7xulejywt49kt2rr0vthywaa50xwsqv5uwm78vrgdrfmd056xn32q9junu3rg2c2we24p,484,0.0,0.2809917355371901,0.11363636363636363,0.6053719008264463,OK,415.0,415.0,1.0,85339471.73975904,57075179.0,1.1481765019738626,0.0,OK,1.0,1,secp256k1_blake160_sighash_all,0.0,OK,0.0,0.0,0.0,415.0,,OK,1,2,0.0,1.0,,OK,1015823.58290214,1023742.16184751,7918.578945370042,0,False
ckb1qzda0cr08m85hc8jlnfp3zer7xulejywt49kt2rr0vthywaa50xwsqv9hhmy8u8z5xeay9r56pp3akjdmmannxqx3n837,1,0.0,1.0,0.0,0.0,OK,,,,,,,,,1.0,1,secp256k1_blake160_sighash_all,0.0,OK,1.0,1.0,,,,,0,1,0.0,,,OK,0.0,1000.0,1000.0,0,False
ckb1qzda0cr08m85hc8jlnfp3zer7xulejywt49kt2rr0vthywaa50xwsqtf8pf9tn3xzl0pjnwpyp49nqyazx5rwts7a7d5z,1,0.0,0.0,0.0,1.0,OK,,,,,,,,,1.0,1,secp256k1_blake160_sighash_all,0.0,OK,1.0,1.0,,,,,0,2,0.0,,,OK,0.0,1500.0,1500.0,0,False
ckb1qzda0cr08m85hc8jlnfp3zer7xulejywt49kt2rr0vthywaa50xwsqdqq677slvjxejspzxxuyrz3r8m4glpqrqve4u4k,717,0.0,0.500697350069735,0.0,0.499302649930265,OK,619.0,619.0,1.0,4697696788.029079,5933128041.0,0.9072269871427169,0.0,OK,1.0,1,secp256k1_blake160_sighash_all,0.0,OK,0.0,0.0,0.0,619.0,,OK,63,2,0.0,0.03889881760249448,0.8346473247248668,OK,1427023.86441122,1465838.94913341,38815.08472218993,0,False
ckb1qzda0cr08m85hc8jlnfp3zer7xulejywt49kt2rr0vthywaa50xwsqtkpvummtxgqsj3c4hjzz72atds4jf8zcsyp90ve,1,0.0,0.0,0.0,1.0,OK,,,,,,,,,1.0,1,secp256k1_blake160_sighash_all,0.0,OK,1.0,1.0,,,,,0,2,0.0,,,OK,0.0,2000.0,2000.0,0,False
ckb1qzda0cr08m85hc8jlnfp3zer7xulejywt49kt2rr0vthywaa50xwsqwn663qcrflxjdlepuaykc4lruvysm9u5cnn299s,1,0.0,1.0,0.0,0.0,OK,,,,,,,,,1.0,1,secp256k1_blake160_sighash_all,0.0,OK,0.0,0.0,,,,,0,1,0.0,,,OK,0.0,1190.40501645,1190.40501645,0,False
ckb1qzda0cr08m85hc8jlnfp3zer7xulejywt49kt2rr0vthywaa50xwsqf2el7rdezj77kunr7ncjup03x55y849rqa5khs6,464,0.0,0.0,0.5,0.5,OK,232.0,232.0,1.0,2240038.6810344825,2386251.0,0.5222644950276103,0.0,OK,1.0,1,secp256k1_blake160_sighash_all,0.0,OK,0.0,0.0,0.0,232.0,,OK,2,1,0.0,0.7434031793081506,0.6126919192376034,OK,616153.67374894,616153.67374894,0.0,0,False
ckb1qzda0cr08m85hc8jlnfp3zer7xulejywt49kt2rr0vthywaa50xwsq0yagawpkdal8gysxt2jymqx3te0znzm3gdefnjd,64,0.0,0.0,0.5,0.5,OK,32.0,32.0,1.0,2289413.4375,2269722.5,0.5652240767066488,0.0,OK,1.0,1,secp256k1_blake160_sighash_all,0.0,OK,0.0,0.0,0.0,32.0,,OK,1,1,0.0,1.0,,OK,233412.82539897,233412.82539897,0.0,0,False
ckb1qzda0cr08m85hc8jlnfp3zer7xulejywt49kt2rr0vthywaa50xwsqw25a63jaehqxerg5z263nfp6s3dljrntgwkkw4h,78,0.0,0.0,0.5,0.5,OK,39.0,39.0,1.0,2442934.8974358975,2520235.0,0.5243421485204827,0.0,OK,1.0,1,secp256k1_blake160_sighash_all,0.0,OK,0.0,0.0,0.0,39.0,,OK,2,1,0.0,0.6512348109491639,0.7692174664679279,OK,155173.10246181,155173.10246181,0.0,0,False
ckb1qzda0cr08m85hc8jlnfp3zer7xulejywt49kt2rr0vthywaa50xwsqtrnw7zxsu43ta29zppg7rk8e3d2zk4kpcz7nrpq,1454,0.0,0.0,0.5,0.5,OK,727.0,727.0,1.0,3285929.634112792,2379581.0,4.720990566868748,0.0,OK,1.0,1,secp256k1_blake160_sighash_all,0.0,OK,0.0,0.0,0.0,727.0,,OK,2,1,0.0,0.9134782185630699,0.26614854431564483,OK,523239.61003087,523239.61003087,0.0,0,False
ckb1qzda0cr08m85hc8jlnfp3zer7xulejywt49kt2rr0vthywaa50xwsqg5lst9mlwu80g4jr84edy4yl3aznsjppqhnt9pw,648,0.0,0.0,0.5,0.5,OK,324.0,324.0,1.0,2301141.824074074,2399550.5,0.5126841389594478,0.0,OK,1.0,1,secp256k1_blake160_sighash_all,0.0,OK,0.0,0.0,0.0,324.0,,OK,2,1,0.0,0.7799419128898186,0.5460104557300135,OK,156948.58137419,156948.58137419,0.0,0,False
ckb1qzda0cr08m85hc8jlnfp3zer7xulejywt49kt2rr0vthywaa50xwsqgyvkdp7jhf7qmnqwwwwqkcx486ph24weqs2g79k,54,0.0,0.0,0.5,0.5,OK,27.0,27.0,1.0,2442091.4444444445,2943756.0,0.4304085980246772,0.0,OK,1.0,1,secp256k1_blake160_sighash_all,0.0,OK,0.0,0.0,0.0,27.0,,OK,2,1,0.0,0.661602866505234,0.7523198045851199,OK,33451.31557908,33451.31557908,0.0,0,False
ckb1qzda0cr08m85hc8jlnfp3zer7xulejywt49kt2rr0vthywaa50xwsqd5hxteyzsxsfckx7my779ksvgyrznwzsqhe3qgy,832,0.002403846153846154,0.001201923076923077,0.49759615384615385,0.4987980769230769,OK,416.0,416.0,1.0,2284127.6009615385,2375545.5,0.49590424870501953,0.0,OK,1.0,1,secp256k1_blake160_sighash_all,0.0,OK,0.0,0.0,0.0,416.0,,OK,2,2,0.0,0.8876019035843229,0.3265380055924303,OK,302236.45567555,302236.45567555,0.0,0,False
ckb1qzda0cr08m85hc8jlnfp3zer7xulejywt49kt2rr0vthywaa50xwsqvpgseqcuuk9dl4s3rp7x0vehjyj3hjwuq5d67zk,464,0.0021551724137931034,0.0,0.4978448275862069,0.5,OK,232.0,232.0,1.0,2355141.5732758623,2399550.5,0.4868445186342273,0.0,OK,1.0,1,secp256k1_blake160_sighash_all,0.0,OK,0.0,0.0,0.0,232.0,,OK,2,1,0.0,0.9138233256587303,0.265313787349922,OK,545688.42288811,545688.42288811,0.0,0,False
ckb1qzda0cr08m85hc8jlnfp3zer7xulejywt49kt2rr0vthywaa50xwsqw0dr0ghl76nf5xkw6lx0lxm032kw2jwwq6lnmhx,1887,0.0037095919448860626,0.06624271330153683,0.4949655537890832,0.4350821409644939,OK,946.0,946.0,1.0,2585886.8847780125,2219943.5,4.587021039543878,0.0,OK,1.0,1,secp256k1_blake160_sighash_all,0.0,OK,0.0,0.0,0.0,946.0,,OK,2,2,0.0,0.5492695142696674,0.9277031411513981,OK,762458.50252783,762458.50252783,0.0,0,False
ckb1qzda0cr08m85hc8jlnfp3zer7xulejywt49kt2rr0vthywaa50xwsqguzqmcp4wprkpawalhp3hqfu9ur2q2tps9lv2ge,1089,0.12396694214876033,0.051423324150596875,0.3755739210284665,0.4490358126721763,OK,545.0,545.0,1.0,2468160.847706422,2252435.0,1.57002017862437,0.0,OK,1.0,1,secp256k1_blake160_sighash_all,0.0,OK,0.0,0.0,0.0,545.0,,OK,2,2,0.0,0.7049499205395213,0.6798207988370414,OK,3219276.27853194,3219276.27853194,0.0,0,False
ckb1qzda0cr08m85hc8jlnfp3zer7xulejywt49kt2rr0vthywaa50xwsqftut643fj67jhgc0u2h4m3ggtt290vqmqxqpkju,390,0.0,0.0,0.5,0.5,OK,195.0,195.0,1.0,2246940.328205128,2330812.0,0.5238998169623708,0.0,OK,1.0,1,secp256k1_blake160_sighash_all,0.0,OK,0.0,0.0,0.0,195.0,,OK,2,1,0.0,0.6501265952044728,0.7710141345712656,OK,1156456.07891449,1156456.07891449,0.0,0,False
ckb1qzda0cr08m85hc8jlnfp3zer7xulejywt49kt2rr0vthywaa50xwsqw70980sa70epqpxnhawt4ek50d7t99augeehwa4,670,0.0,0.011940298507462687,0.5,0.4880597014925373,OK,335.0,335.0,1.0,3487322.853731343,2334570.0,5.712299086100211,0.0,OK,1.0,1,secp256k1_blake160_sighash_all,0.0,OK,0.0,0.0,0.0,335.0,,OK,2,2,0.0,0.6778734770044825,0.7254686192238052,OK,893311.10061701,893311.10061701,0.0,0,False
ckb1qzda0cr08m85hc8jlnfp3zer7xulejywt49kt2rr0vthywaa50xwsqgtx2tjysfne99gjt69psfea8xc2my2zlgsfgp59,421,0.004750593824228029,0.2042755344418052,0.49406175771971494,0.29691211401425177,OK,211.0,211.0,1.0,2292628.184834123,2411960.0,0.5010928131052793,0.0,OK,1.0,1,secp256k1_blake160_sighash_all,0.0,OK,0.0,0.0,0.0,211.0,,OK,2,4,0.0,0.686956068128576,0.7102948240311104,OK,987545.67310666,987545.67310666,0.0,0,False
ckb1qzda0cr08m85hc8jlnfp3zer7xulejywt49kt2rr0vthywaa50xwsq0g3rymnznt4dm00ep5yekxtdulmepc85g8av65a,1436,0.008356545961002786,0.0,0.49164345403899723,0.5,OK,718.0,718.0,1.0,2687104.888579387,2280060.5,2.8782064724889813,0.0,OK,1.0,1,secp256k1_blake160_sighash_all,0.0,OK,0.0,0.0,0.0,718.0,,OK,2,11,0.0,0.8343653247976994,0.44019800285667327,OK,1227098.45170941,1227098.45170941,0.0,0,False
ckb1qzda0cr08m85hc8jlnfp3zer7xulejywt49kt2rr0vthywaa50xwsq07zh8qks3jgz4rzfnnvz6l3669qm0nrugucl40c,538,0.0,0.0018587360594795538,0.5,0.49814126394052044,OK,269.0,269.0,1.0,3290189.5130111524,2386061.0,3.7868211400031297,0.0,OK,1.0,1,secp256k1_blake160_sighash_all,0.0,OK,0.0,0.0,0.0,269.0,,OK,2,2,0.0,0.6541612455297372,0.7644643271343827,OK,664437.65567616,664437.65567616,0.0,0,False
ckb1qzda0cr08m85hc8jlnfp3zer7xulejywt49kt2rr0vthywaa50xwsqd622kmxwaqw0x24xqxfcc9vu6gh3c3w9qpeguet,110,0.01818181818181818,0.0,0.4909090909090909,0.4909090909090909,OK,55.0,55.0,1.0,2553759.3636363638,2850706.0,0.45974297040985934,0.0,OK,1.0,1,secp256k1_blake160_sighash_all,0.0,OK,0.0,0.0,0.0,55.0,,OK,2,2,0.0,0.5245388294342279,0.964302538685353,OK,241018.49431751,241018.49431751,0.0,0,False
ckb1qzda0cr08m85hc8jlnfp3zer7xulejywt49kt2rr0vthywaa50xwsq0s0kdxjtk6w92mphezmw02vgq8f9c3n2chrrtuk,94,0.0,0.0,0.5,0.5,OK,47.0,47.0,1.0,2491244.914893617,2580077.0,0.5047154061011656,0.0,OK,1.0,1,secp256k1_blake160_sighash_all,0.0,OK,0.0,0.0,0.0,47.0,,OK,2,1,0.0,0.5951993414820682,0.8579276402389027,OK,242019.95011015,242019.95011015,0.0,0,False
ckb1qzda0cr08m85hc8jlnfp3zer7xulejywt49kt2rr0vthywaa50xwsq0y6r5a4py64gccqrd77qvuhr8v3d2xfjcnrz45r,1448,0.003453038674033149,0.35290055248618785,0.4951657458563536,0.1484806629834254,OK,726.0,726.0,1.0,2629709.2630853993,2298903.5,2.7554452300499195,0.0,OK,1.0,1,secp256k1_blake160_sighash_all,0.0,OK,0.0,0.0,0.0,726.0,,OK,2,5,0.0,0.9364368442187438,0.20854490681114937,OK,821875.96639892,821875.96639892,0.0,0,False
ckb1qzda0cr08m85hc8jlnfp3zer7xulejywt49kt2rr0vthywaa50xwsqg8zg7hg80ul7sj74vc0rfe2ya7zxvzxxcv5tleh,96,0.0,0.0,0.5,0.5,OK,48.0,48.0,1.0,2500068.5833333335,2980664.5,0.46237723195914404,0.0,OK,1.0,1,secp256k1_blake160_sighash_all,0.0,OK,0.0,0.0,0.0,48.0,,OK,2,1,0.0,0.5301950236405162,0.9559883877579928,OK,230598.1607135,230598.1607135,0.0,0,False
ckb1qzda0cr08m85hc8jlnfp3zer7xulejywt49kt2rr0vthywaa50xwsqvdu6azqm97z3nfv9r2zs0q9m9jedf4z0qllxwrl,1,0.0,0.0,0.0,1.0,OK,,,,,,,,,1.0,1,secp256k1_blake160_sighash_all,0.0,OK,1.0,1.0,,,,,0,2,0.0,,,OK,0.0,1500.0,1500.0,0,False
ckb1qzda0cr08m85hc8jlnfp3zer7xulejywt49kt2rr0vthywaa50xwsqf68ndqgrm406nmahnk8uyvl6up7hzhgdcjvn87t,2,0.0,0.5,0.0,0.5,OK,1.0,1.0,1.0,351180.0,351180.0,0.0,0.0,INSUFFICIENT_EVIDENCE,1.0,1,secp256k1_blake160_sighash_all,0.0,OK,0.0,0.0,0.0,1.0,,INSUFFICIENT_EVIDENCE,2,1,0.0,0.6973859444728139,0.6926994754889095,OK,2622.9989,2622.9989,0.0,0,False
ckb1qzda0cr08m85hc8jlnfp3zer7xulejywt49kt2rr0vthywaa50xwsqvtfx52pmwvmnlxc89ahpga6w6rk8r69xgmnsu28,974,0.5,0.24845995893223818,0.008213552361396304,0.2433264887063655,OK,487.0,487.0,1.0,509838.5338809035,500669.0,0.33202223360505495,0.0,OK,1.0,1,secp256k1_blake160_sighash_all,0.0,OK,0.0,0.0,0.0,487.0,,OK,1,2,0.0,1.0,,OK,1060472.98141489,1060472.98141489,0.0,0,False
ckb1qzda0cr08m85hc8jlnfp3zer7xulejywt49kt2rr0vthywaa50xwsqvnz75wpz7kgfy6kmvukhlfmpkmg2kd2zgtuhp4d,2682,0.0,0.49030574198359433,0.0,0.5096942580164057,OK,,,,,,,,,1.0,1,secp256k1_blake160_sighash_all,0.0,OK,0.0,0.0,,,,,0,1,0.0,,,OK,0.0,1525548.86459735,1525548.86459735,0,False
ckb1qzda0cr08m85hc8jlnfp3zer7xulejywt49kt2rr0vthywaa50xwsqwrn48zffgqgctt2netwvhcdn3pnznxceg9lhd3j,468,0.0,0.05555555555555555,0.0876068376068376,0.8568376068376068,OK,423.0,423.0,1.0,61486021.56028369,49343414.0,0.8680806378919592,0.0,OK,1.0,1,secp256k1_blake160_sighash_all,0.0,OK,0.0,0.0,0.0,423.0,,OK,1,2,0.0,1.0,,OK,589842.97892246,592447.34723422,2604.368311760016,0,False
ckb1qzda0cr08m85hc8jlnfp3zer7xulejywt49kt2rr0vthywaa50xwsqf0urdhtn86cykn6v4j6q5cl4l22zpjjfqp3eql2,2540,0.0,0.4748031496062992,0.0,0.5251968503937008,OK,,,,,,,,,1.0,1,secp256k1_blake160_sighash_all,0.0,OK,0.0,0.0,,,,,0,1,0.0,,,OK,0.0,1438528.28222654,1438528.28222654,0,False
ckb1qzda0cr08m85hc8jlnfp3zer7xulejywt49kt2rr0vthywaa50xwsq29kqmgkuplk5r7j3h8tjdex4cruvfzkfcmnttus,2194,0.17775752051048313,0.3646308113035551,0.06289881494986327,0.39471285323609845,OK,1666.0,1666.0,1.0,90922949.6842737,45239260.5,4.329527242403011,0.0,OK,1.0,1,secp256k1_blake160_sighash_all,0.0,OK,0.0,0.0,0.0,1666.0,,OK,1,1,0.0,1.0,,OK,960330.35103989,960330.35103989,0.0,0,False
ckb1qzda0cr08m85hc8jlnfp3zer7xulejywt49kt2rr0vthywaa50xwsqtg4cs6f9a2z82rlt748wx8jghe6qj9wfs6fnl7j,2043,0.0004894762604013706,0.2936857562408223,0.13705335291238374,0.5687714145863926,OK,1752.0,1752.0,1.0,99920261.64611872,54727318.0,1.4217076859633893,0.0,OK,1.0,1,secp256k1_blake160_sighash_all,0.0,OK,0.0,0.0,0.0,1752.0,,OK,1,13,0.0,1.0,,OK,2275232.69569644,2279887.64102394,4654.945327499881,0,False
ckb1qzda0cr08m85hc8jlnfp3zer7xulejywt49kt2rr0vthywaa50xwsqggs86408ja7nsgdh0lz0cxafua6u0pq5cmvsxuu,241,0.3029045643153527,0.35269709543568467,0.12863070539419086,0.2157676348547718,OK,163.0,163.0,1.0,1692757.509202454,1517396.0,0.596965382305742,0.0,OK,1.0,1,secp256k1_blake160_sighash_all,0.0,OK,0.0,0.0,0.0,163.0,,OK,1,1,0.0,1.0,,OK,54427047.15316509,54427047.15316509,0.0,0,False
ckb1qzda0cr08m85hc8jlnfp3zer7xulejywt49kt2rr0vthywaa50xwsqt44ntk8mswsuzjtd7e5d4nm5q3akq8ppsvm3kqy,44,0.5,0.09090909090909091,0.0,0.4090909090909091,OK,22.0,22.0,1.0,857754.1363636364,490824.5,1.0935221634612495,0.0,OK,1.0,1,secp256k1_blake160_sighash_all,0.0,OK,0.0,0.0,0.0,22.0,,OK,1,1,0.0,1.0,,OK,7570007.87652367,7570007.87652367,0.0,0,False
ckb1qzda0cr08m85hc8jlnfp3zer7xulejywt49kt2rr0vthywaa50xwsqvzfcj3jtlhzyuu4s5frtv9d3r7mexqhnclvhwkr,458,0.5,0.0,0.002183406113537118,0.4978165938864629,OK,229.0,229.0,1.0,679046.6593886463,541299.0,0.9494618804856882,0.0,OK,1.0,1,secp256k1_blake160_sighash_all,0.0,OK,0.0,0.0,0.0,229.0,,OK,1,1,0.0,1.0,,OK,913822.33216123,913822.33216123,0.0,0,False
ckb1qzda0cr08m85hc8jlnfp3zer7xulejywt49kt2rr0vthywaa50xwsqtcj3ytn3vr7ux8twl2esdzhwqklqm5a9qjff8zs,73,0.0,0.821917808219178,0.0,0.1780821917808219,OK,67.0,67.0,1.0,1014682811.4776119,242482281.0,2.041988280124356,0.0,OK,1.0,1,secp256k1_blake160_sighash_all,0.0,OK,0.0,0.0,0.0,67.0,,OK,13,2,0.0,0.11706403820065908,0.9069917871866231,OK,629473.156976,671981.062413,42507.90543699998,0,False
ckb1qzda0cr08m85hc8jlnfp3zer7xulejywt49kt2rr0vthywaa50xwsqg709r8jqauttpmkjv2x2jg3mtdwvqk7acc26w2j,8,0.0,0.625,0.0,0.375,OK,7.0,7.0,1.0,84595326.42857143,1083650.0,1.34554855221082,0.0,OK,1.0,1,secp256k1_blake160_sighash_all,0.0,OK,0.0,0.0,0.0,7.0,,OK,1,3,0.3333333333333333,1.0,,OK,62315.95686,62445.96476,130.00790000000416,0,False
ckb1qzda0cr08m85hc8jlnfp3zer7xulejywt49kt2rr0vthywaa50xwsqwl4qyx3j83nsjlyx3pj9q8msqt9hwmz5g0c8u0j,246,0.016260162601626018,0.0,0.32113821138211385,0.6626016260162602,OK,162.0,162.0,1.0,159647451.00617284,2526399.5,1.2292426829317562,0.0,OK,1.0,1,secp256k1_blake160_sighash_all,0.0,OK,0.0,0.0,0.0,162.0,,OK,1,1,0.0,1.0,,OK,20281.21988389,20436.29693975,155.07705585999793,0,False
ckb1qzda0cr08m85hc8jlnfp3zer7xulejywt49kt2rr0vthywaa50xwsq2s6dygffm0ed03txsa3ca8npdpel05vqg5j9mgd,593,0.1433389544688027,0.0,0.2209106239460371,0.6357504215851602,OK,347.0,346.0,0.9971181556195965,41552351.70231214,1051198.5,1.3806237415236875,0.0,OK,1.0,1,secp256k1_blake160_sighash_all,0.0,OK,0.0,0.0,0.0,347.0,,OK,1,1,0.0,1.0,,OK,49357.14954379,53460.83673408,4103.687190290002,0,False
ckb1qzda0cr08m85hc8jlnfp3zer7xulejywt49kt2rr0vthywaa50xwsqdw5wngjpd0llhvztxawxx2hkqktr7qqcgtr68xk,1028,0.35116731517509725,0.0,0.0,0.6488326848249028,OK,361.0,361.0,1.0,982806.0,960072.0,0.3663618552975868,0.0,OK,1.0,1,secp256k1_blake160_sighash_all,0.0,OK,0.0,0.0,0.0,361.0,,OK,1,1,0.0,1.0,,OK,716657.57461291,1034059.97292925,317402.39831633994,0,False
ckb1qzda0cr08m85hc8jlnfp3zer7xulejywt49kt2rr0vthywaa50xwsqd6ttxhzqms8gqpqw02ld92az8vy6g824gcc9ffr,1431,0.4989517819706499,0.001397624039133473,0.0006988120195667365,0.4989517819706499,OK,716.0,716.0,1.0,882542.9553072626,954200.0,0.40775391657073184,0.0,OK,1.0,1,secp256k1_blake160_sighash_all,0.0,OK,0.0,0.0,0.0,716.0,,OK,1,9,0.0,1.0,,OK,1301915.34198026,1301915.34198026,0.0,0,False
ckb1qzda0cr08m85hc8jlnfp3zer7xulejywt49kt2rr0vthywaa50xwsqwgp8u8962lw0pup3qdeaxga29denq87ygrhw3x2,155,0.49032258064516127,0.0,0.0064516129032258064,0.5032258064516129,OK,78.0,78.0,1.0,3717275.5384615385,985646.5,5.221192140632955,0.0,OK,1.0,1,secp256k1_blake160_sighash_all,0.0,OK,0.0,0.0,0.0,78.0,,OK,1,11,0.0,1.0,,OK,49522.11169074,49522.11169074,0.0,0,False
ckb1qzda0cr08m85hc8jlnfp3zer7xulejywt49kt2rr0vthywaa50xwsqwuu3rvzwd5vm6wn45ql8qjgrw6tqh0cvgrxrwtu,1418,0.5,0.0,0.0,0.5,OK,709.0,709.0,1.0,909708.629055007,961435.0,0.4030977568714148,0.0,OK,1.0,1,secp256k1_blake160_sighash_all,0.0,OK,0.0,0.0,0.0,709.0,,OK,1,1,0.0,1.0,,OK,1169522.50082331,1169522.50082331,0.0,0,False
ckb1qzda0cr08m85hc8jlnfp3zer7xulejywt49kt2rr0vthywaa50xwsqv8ejrmt8xqzuql29z9f0n3w0hsth3us3qyhqspl,1447,0.49896337249481687,0.0,0.000691085003455425,0.5003455425017277,OK,724.0,724.0,1.0,1059032.7720994474,962398.0,3.0476954106756886,0.0,OK,1.0,1,secp256k1_blake160_sighash_all,0.0,OK,0.0,0.0,0.0,724.0,,OK,1,1,0.0,1.0,,OK,454385.69796103,454385.69796103,0.0,0,False
ckb1qzda0cr08m85hc8jlnfp3zer7xulejywt49kt2rr0vthywaa50xwsqwdcrrc7pg028fpfwrnsm7ahx5tvd74f2ge9u32a,240,0.5,0.0,0.0,0.5,OK,120.0,120.0,1.0,1034124.825,942114.5,0.4225405653121507,0.0,OK,1.0,1,secp256k1_blake160_sighash_all,0.0,OK,0.0,0.0,0.0,120.0,,OK,1,1,0.0,1.0,,OK,628340.79518505,628340.79518505,0.0,0,False
ckb1qzda0cr08m85hc8jlnfp3zer7xulejywt49kt2rr0vthywaa50xwsqtwhwseukev26py79eqk25vcqy6p7ldkngzrmrvv,1070,0.4093457943925234,0.0009345794392523365,0.026168224299065422,0.5635514018691589,OK,494.0,494.0,1.0,6538940.099190284,961474.0,3.8427734215627494,0.0,OK,1.0,1,secp256k1_blake160_sighash_all,0.0,OK,0.0,0.0,0.0,494.0,,OK,1,2,0.0,1.0,,OK,297814.18266733,315850.44835592,18036.26568858995,0,False
ckb1qzda0cr08m85hc8jlnfp3zer7xulejywt49kt2rr0vthywaa50xwsqgdxphgsetrscx0nayzu4w3y0mptppcf2cdy8eyh,590,0.4491525423728814,0.0,0.03389830508474576,0.5169491525423728,OK,305.0,305.0,1.0,20510496.518032786,965592.0,4.734821153876053,0.0,OK,1.0,1,secp256k1_blake160_sighash_all,0.0,OK,0.0,0.0,0.0,305.0,,OK,1,1,0.0,1.0,,OK,240160.36850755,240160.36850755,0.0,0,False
ckb1qzda0cr08m85hc8jlnfp3zer7xulejywt49kt2rr0vthywaa50xwsqv45yf5q6ynep69kppw897xdgxd86w69nstg29fy,727,0.30261348005502064,0.0,0.11691884456671252,0.5804676753782668,OK,390.0,390.0,1.0,46972351.15897436,971873.5,2.1076762992446265,0.0,OK,1.0,1,secp256k1_blake160_sighash_all,0.0,OK,0.0,0.0,0.0,390.0,,OK,1,1,0.0,1.0,,OK,75395.60833311,79620.29806599,4224.689732880011,0,False
ckb1qzda0cr08m85hc8jlnfp3zer7xulejywt49kt2rr0vthywaa50xwsqdmttx5ka8lg5ejf2q9rxnmu5vavlpcy7c2frlzd,1409,0.46486870120652946,0.0,0.0234208658623137,0.5117104329311568,OK,721.0,721.0,1.0,5369856.2760055475,963410.0,3.9484784480035895,0.0,OK,1.0,1,secp256k1_blake160_sighash_all,0.0,OK,0.0,0.0,0.0,721.0,,OK,1,1,0.0,1.0,,OK,268955.85263306,268955.85263306,0.0,0,False
ckb1qzda0cr08m85hc8jlnfp3zer7xulejywt49kt2rr0vthywaa50xwsqwz6xqpyrsgqm4xt07drgukqjdy5p4eq8semnq2f,186,0.43548387096774194,0.0,0.043010752688172046,0.521505376344086,OK,97.0,97.0,1.0,17095946.6185567,955100.0,3.995413652816729,0.0,OK,1.0,1,secp256k1_blake160_sighash_all,0.0,OK,0.0,0.0,0.0,97.0,,OK,1,1,0.0,1.0,,OK,31681.7687308,31681.7687308,0.0,0,False
ckb1qzda0cr08m85hc8jlnfp3zer7xulejywt49kt2rr0vthywaa50xwsq2n7pqmhqlygzfhe9y2pfegeeqzlgkvfkqkaaams,295,0.2,0.0,0.21016949152542372,0.5898305084745763,OK,177.0,177.0,1.0,33945935.58757062,992069.0,1.5003423140331122,0.0,OK,1.0,1,secp256k1_blake160_sighash_all,0.0,OK,0.0,0.0,0.0,177.0,,OK,1,10,0.0,1.0,,OK,109088.48657299,109088.48657299,0.0,0,False
ckb1qzda0cr08m85hc8jlnfp3zer7xulejywt49kt2rr0vthywaa50xwsqgtnlxsdxd59738lfcuwtx9rwht50pmcus3ye2h3,278,0.1618705035971223,0.0,0.22661870503597123,0.6115107913669064,OK,171.0,170.0,0.9941520467836257,122510721.07058823,1138457.5,1.7114726520088275,0.0,OK,1.0,1,secp256k1_blake160_sighash_all,0.0,OK,0.0,0.0,0.0,171.0,,OK,1,1,0.0,1.0,,OK,27821.90211949,27721.25878978,-100.64332971000113,0,False
ckb1qzda0cr08m85hc8jlnfp3zer7xulejywt49kt2rr0vthywaa50xwsqda5zj9fpg255n7vz04eqkzlles8z72susenvew6,382,0.0,0.0,0.0,1.0,OK,382.0,381.0,0.9973821989528796,165431212.1233596,51423510.0,1.2413941772040846,0.0,OK,1.0,1,secp256k1_blake160_sighash_all,0.0,OK,0.0,0.0,0.0,382.0,,OK,1,1,0.0,1.0,,OK,35829.57837283,35829.57837283,0.0,0,False
ckb1qzda0cr08m85hc8jlnfp3zer7xulejywt49kt2rr0vthywaa50xwsqwxa6w0ye7fsk6q5ekdrmynesst3y88nxqmqfn4f,216,0.5,0.004629629629629629,0.0,0.49537037037037035,OK,108.0,108.0,1.0,932043.5648148148,927136.5,0.21507791888585945,0.0,OK,1.0,1,secp256k1_blake160_sighash_all,0.0,OK,0.0,0.0,0.0,108.0,,OK,1,2,0.0,1.0,,OK,28490262.88096074,28490262.88096074,0.0,0,False
ckb1qzda0cr08m85hc8jlnfp3zer7xulejywt49kt2rr0vthywaa50xwsqwfa8pxvswqfjn530whn97try3rq9l7gjg4nddxz,1228,0.5,0.0,0.0,0.5,OK,614.0,614.0,1.0,810390.2768729642,926625.0,0.3214960744605237,0.0,OK,1.0,1,secp256k1_blake160_sighash_all,0.0,OK,0.0,0.0,0.0,614.0,,OK,1,1,0.0,1.0,,OK,46700278.28681418,46700278.28681418,0.0,0,False
ckb1qzda0cr08m85hc8jlnfp3zer7xulejywt49kt2rr0vthywaa50xwsqwxlcluqtxv4qjnxfa3y53qjyyan3ym5xc0uwhmj,290,0.5,0.0,0.0,0.5,OK,145.0,145.0,1.0,1079346.2758620689,942134.0,0.47165945205112214,0.0,OK,1.0,1,secp256k1_blake160_sighash_all,0.0,OK,0.0,0.0,0.0,145.0,,OK,1,1,0.0,1.0,,OK,9371330.93334151,9371330.93334151,0.0,0,False
ckb1qzda0cr08m85hc8jlnfp3zer7xulejywt49kt2rr0vthywaa50xwsqd403rpqrzn2kc57yx8f2p74n4e0zf2rxqq2drwj,50,0.5,0.0,0.0,0.5,OK,25.0,25.0,1.0,1043934.08,923619.0,0.5042271184225299,0.0,OK,1.0,1,secp256k1_blake160_sighash_all,0.0,OK,0.0,0.0,0.0,25.0,,OK,1,1,0.0,1.0,,OK,2559400.54589375,2559400.54589375,0.0,0,False
ckb1qzda0cr08m85hc8jlnfp3zer7xulejywt49kt2rr0vthywaa50xwsq0ccj0jne37a2e7g4aw9473j0wju4xx2ag7zssne,823,0.11907654921020656,0.0,0.0,0.8809234507897934,OK,98.0,98.0,1.0,925949.1734693878,931161.0,0.08017686235367263,0.0,OK,1.0,1,secp256k1_blake160_sighash_all,0.0,OK,0.0,0.0,0.0,98.0,,OK,1,1,0.0,1.0,,OK,1585188.49510753,5783764.3826741,4198575.88756657,0,False
ckb1qzda0cr08m85hc8jlnfp3zer7xulejywt49kt2rr0vthywaa50xwsqwzmg9q6njct6tvpsylhv4dgdt2jtesqeqzx57u7,264,0.5,0.0,0.0,0.5,OK,132.0,132.0,1.0,1047465.1818181818,942431.5,0.40118341821889475,0.0,OK,1.0,1,secp256k1_blake160_sighash_all,0.0,OK,0.0,0.0,0.0,132.0,,OK,1,1,0.0,1.0,,OK,2043167.3677527,2043167.3677527,0.0,0,False
ckb1qzda0cr08m85hc8jlnfp3zer7xulejywt49kt2rr0vthywaa50xwsqda6qmftuk4uc08kxa6mchk5gl52wj46usevshdf,462,0.5,0.004329004329004329,0.0,0.49567099567099565,OK,231.0,231.0,1.0,1020620.7402597403,941088.0,0.40421908861144445,0.0,OK,1.0,1,secp256k1_blake160_sighash_all,0.0,OK,0.0,0.0,0.0,231.0,,OK,1,2,0.0,1.0,,OK,13354666.35066379,13354666.35066379,0.0,0,False
ckb1qzda0cr08m85hc8jlnfp3zer7xulejywt49kt2rr0vthywaa50xwsqdhlh26x095s6eayfehscs0g3w7a35xeps0kzd64,552,0.5,0.0,0.0,0.5,OK,276.0,276.0,1.0,1009361.3442028986,938803.5,0.38073958184559525,0.0,OK,1.0,1,secp256k1_blake160_sighash_all,0.0,OK,0.0,0.0,0.0,276.0,,OK,1,1,0.0,1.0,,OK,5009472.43222534,5009472.43222534,0.0,0,False
ckb1qzda0cr08m85hc8jlnfp3zer7xulejywt49kt2rr0vthywaa50xwsqt8cqqp7h76xg76krfy7gf9e76ukjptnwsggzgwq,816,0.5,0.0,0.0,0.5,OK,408.0,408.0,1.0,974713.4264705882,950725.0,0.23154200974887798,0.0,OK,1.0,1,secp256k1_blake160_sighash_all,0.0,OK,0.0,0.0,0.0,408.0,,OK,1,1,0.0,1.0,,OK,2554579.45849596,2554579.45849596,0.0,0,False
ckb1qzda0cr08m85hc8jlnfp3zer7xulejywt49kt2rr0vthywaa50xwsqdj4umj7up8wpnzcfyfluuedu62pk2sk2c5lwnrt,1454,0.5,0.0,0.0,0.5,OK,727.0,727.0,1.0,900789.3975240715,941487.0,0.3843011565682275,0.0,OK,1.0,1,secp256k1_blake160_sighash_all,0.0,OK,0.0,0.0,0.0,727.0,,OK,1,1,0.0,1.0,,OK,4030397.39513876,4030397.39513876,0.0,0,False
ckb1qzda0cr08m85hc8jlnfp3zer7xulejywt49kt2rr0vthywaa50xwsqwexweexwze3qsd7a425f2hmm8296utjkc0850ly,670,0.5,0.004477611940298508,0.0,0.4955223880597015,OK,335.0,335.0,1.0,995789.1253731343,939871.0,0.38283167716923583,0.0,OK,1.0,1,secp256k1_blake160_sighash_all,0.0,OK,0.0,0.0,0.0,335.0,,OK,1,4,0.0,1.0,,OK,4521325.94806299,4521325.94806299,0.0,0,False
ckb1qzda0cr08m85hc8jlnfp3zer7xulejywt49kt2rr0vthywaa50xwsqgyxsdzsqagk0lly758rp0hawjzx76wstsungwjh,784,0.5,0.002551020408163265,0.0,0.49744897959183676,OK,392.0,392.0,1.0,982717.6173469388,942450.0,0.3073716933460577,0.0,OK,1.0,1,secp256k1_blake160_sighash_all,0.0,OK,0.0,0.0,0.0,392.0,,OK,1,2,0.0,1.0,,OK,3411488.96469944,3411488.96469944,0.0,0,False
ckb1qzda0cr08m85hc8jlnfp3zer7xulejywt49kt2rr0vthywaa50xwsq2czvm3xs4y353l9hfh4k8u0a5a3fpvwysp4mlc0,1430,0.5,0.0,0.0,0.5,OK,715.0,715.0,1.0,901693.5776223777,944549.0,0.33542823428361784,0.0,OK,1.0,1,secp256k1_blake160_sighash_all,0.0,OK,0.0,0.0,0.0,715.0,,OK,1,1,0.0,1.0,,OK,3436029.5303424,3436029.5303424,0.0,0,False
ckb1qzda0cr08m85hc8jlnfp3zer7xulejywt49kt2rr0vthywaa50xwsq0hdpsvr460r784ym6afepeygsacdj7vksh7jjd6,1456,0.49793956043956045,0.0020604395604395605,0.0013736263736263737,0.49862637362637363,OK,729.0,729.0,1.0,1095334.913580247,943905.0,3.9709225316528456,0.0,OK,1.0,1,secp256k1_blake160_sighash_all,0.0,OK,0.0,0.0,0.0,729.0,,OK,1,2,0.0,1.0,,OK,2732251.25480202,2732251.25480202,0.0,0,False
ckb1qzda0cr08m85hc8jlnfp3zer7xulejywt49kt2rr0vthywaa50xwsqg5jmhqdrajsdjx6cfxjxh8rgcyd0tqknsgt33vf,808,0.5,0.0,0.0,0.5,OK,404.0,404.0,1.0,983262.0272277228,942727.0,0.300881927634003,0.0,OK,1.0,1,secp256k1_blake160_sighash_all,0.0,OK,0.0,0.0,0.0,404.0,,OK,1,1,0.0,1.0,,OK,2147132.64754442,2147132.64754442,0.0,0,False
ckb1qzda0cr08m85hc8jlnfp3zer7xulejywt49kt2rr0vthywaa50xwsq0gcpdgn07xeev0gcfc9eskt7zvmnvwyuqv3vek3,714,0.4957983193277311,0.18347338935574228,0.0028011204481792717,0.3179271708683473,OK,358.0,358.0,1.0,36728768.245810054,916725.0,14.054965207895066,0.0,OK,1.0,1,secp256k1_blake160_sighash_all,0.0,OK,0.0,0.0,0.0,358.0,,OK,1,2,0.0,1.0,,OK,1510806.43380444,1510806.43380444,0.0,0,False
ckb1qzda0cr08m85hc8jlnfp3zer7xulejywt49kt2rr0vthywaa50xwsq2lfh4w2sguefdcw8fmehy5fpaenhehr9cped0e2,482,0.5,0.0,0.0,0.5,OK,241.0,241.0,1.0,1017124.713692946,947030.0,0.3654511035011102,0.0,OK,1.0,1,secp256k1_blake160_sighash_all,0.0,OK,0.0,0.0,0.0,241.0,,OK,1,1,0.0,1.0,,OK,1432672.81468649,1432672.81468649,0.0,0,False
ckb1qzda0cr08m85hc8jlnfp3zer7xulejywt49kt2rr0vthywaa50xwsqfhhns5zvr3d2rxe8lswgx9whpq0a0kmzsruh3s5,1110,0.5,0.0,0.0,0.5,OK,555.0,555.0,1.0,840504.990990991,938428.0,0.30422677579963325,0.0,OK,1.0,1,secp256k1_blake160_sighash_all,0.0,OK,0.0,0.0,0.0,555.0,,OK,1,1,0.0,1.0,,OK,1872944.426464,1872944.426464,0.0,0,False
ckb1qzda0cr08m85hc8jlnfp3zer7xulejywt49kt2rr0vthywaa50xwsqwmk6ckqgsgj3vszez0ujy68ryrhfegksq3jpy2e,654,0.5,0.0,0.0,0.5,OK,327.0,327.0,1.0,1000640.7706422019,949722.0,0.3291305426174834,0.0,OK,1.0,1,secp256k1_blake160_sighash_all,0.0,OK,0.0,0.0,0.0,327.0,,OK,1,1,0.0,1.0,,OK,1826370.76349714,1826370.76349714,0.0,0,False
ckb1qzda0cr08m85hc8jlnfp3zer7xulejywt49kt2rr0vthywaa50xwsqgdfcqrc54z7gdl04pmq7vskgdzx2axu0cns0vcq,468,0.5,0.004273504273504274,0.0,0.49572649572649574,OK,234.0,234.0,1.0,673018.7948717949,604860.0,0.3958920096702346,0.0,OK,1.0,1,secp256k1_blake160_sighash_all,0.0,OK,0.0,0.0,0.0,234.0,,OK,1,2,0.0,1.0,,OK,21016975.29249312,21016975.29249312,0.0,0,False
ckb1qzda0cr08m85hc8jlnfp3zer7xulejywt49kt2rr0vthywaa50xwsqwclramlxrmcu6r5nwxg55jmhj8ycwtcfs0lxcas,1379,0.49891225525743294,0.0007251631617113851,0.0007251631617113851,0.49963741841914433,OK,690.0,690.0,1.0,1800265.3144927537,955384.5,12.781512446363848,0.0,OK,1.0,1,secp256k1_blake160_sighash_all,0.0,OK,0.0,0.0,0.0,690.0,,OK,1,2,0.0,1.0,,OK,1527826.54131157,1527826.54131157,0.0,0,False
ckb1qzda0cr08m85hc8jlnfp3zer7xulejywt49kt2rr0vthywaa50xwsq2cte26209d9uf8efuawf7zykhdxhggjjsr8msdw,780,0.49615384615384617,0.0,0.002564102564102564,0.5012820512820513,OK,391.0,391.0,1.0,7562187.565217392,953038.0,16.738922511870186,0.0,OK,1.0,1,secp256k1_blake160_sighash_all,0.0,OK,0.0,0.0,0.0,391.0,,OK,1,7,0.0,1.0,,OK,916040.38113629,916040.38113629,0.0,0,False
ckb1qzda0cr08m85hc8jlnfp3zer7xulejywt49kt2rr0vthywaa50xwsq0mmaezyca50v248mvc47vss8sxtrt0h9c4z835r,1308,0.5,0.0,0.0,0.5,OK,654.0,654.0,1.0,886353.0672782875,952178.5,0.3034228809249591,0.0,OK,1.0,1,secp256k1_blake160_sighash_all,0.0,OK,0.0,0.0,0.0,654.0,,OK,1,1,0.0,1.0,,OK,1124830.00016665,1124830.00016665,0.0,0,False
ckb1qzda0cr08m85hc8jlnfp3zer7xulejywt49kt2rr0vthywaa50xwsqw6ujq2qpcu7m6rmwt276sq275wpagjkhquf7rhu,1009,0.4985133795837463,0.0,0.0009910802775024777,0.5004955401387512,OK,505.0,505.0,1.0,3856663.491089109,960671.0,16.909875930836105,0.0,OK,1.0,1,secp256k1_blake160_sighash_all,0.0,OK,0.0,0.0,0.0,505.0,,OK,1,1,0.0,1.0,,OK,992926.37967814,992926.37967814,0.0,0,False
ckb1qzda0cr08m85hc8jlnfp3zer7xulejywt49kt2rr0vthywaa50xwsqdcdz8fzqaqzeecdt5u5yp9nvq3ewesgzgf9jqeg,114,0.5,0.0,0.0,0.5,OK,57.0,57.0,1.0,928688.2807017544,935814.0,0.10050351191078614,0.0,OK,1.0,1,secp256k1_blake160_sighash_all,0.0,OK,0.0,0.0,0.0,57.0,,OK,1,10,0.0,1.0,,OK,1085828.21113343,1085828.21113343,0.0,0,False
ckb1qzda0cr08m85hc8jlnfp3zer7xulejywt49kt2rr0vthywaa50xwsqvehcws3ggwuk35js8qz299pmtd20ppvmg5ksx6t,1326,0.5,0.004524886877828055,0.0,0.49547511312217196,OK,663.0,663.0,1.0,889311.3695324283,945399.0,0.37807623117135375,0.0,OK,1.0,1,secp256k1_blake160_sighash_all,0.0,OK,0.0,0.0,0.0,663.0,,OK,1,2,0.0,1.0,,OK,3661466.56697012,3661466.56697012,0.0,0,False
ckb1qzda0cr08m85hc8jlnfp3zer7xulejywt49kt2rr0vthywaa50xwsq2stwwespmk3ffj7g7g7auauwvzcqrvf3g7mtxue,1390,0.5,0.0,0.0,0.5,OK,695.0,695.0,1.0,891167.1208633094,955669.0,0.41002145112981514,0.0,OK,1.0,1,secp256k1_blake160_sighash_all,0.0,OK,0.0,0.0,0.0,695.0,,OK,1,1,0.0,1.0,,OK,1297897.15739407,1297897.15739407,0.0,0,False
ckb1qzda0cr08m85hc8jlnfp3zer7xulejywt49kt2rr0vthywaa50xwsqgfqwmvzh39rck52chuz5t6404wqmywtagx3n5lf,50,0.5,0.0,0.0,0.5,OK,25.0,25.0,1.0,919615.52,942134.0,0.09105673165328615,0.0,OK,1.0,1,secp256k1_blake160_sighash_all,0.0,OK,0.0,0.0,0.0,25.0,,OK,1,1,0.0,1.0,,OK,119264.09464148,119264.09464148,0.0,0,False
ckb1qzda0cr08m85hc8jlnfp3zer7xulejywt49kt2rr0vthywaa50xwsq258tee40n8kuyqgcleve2z46h0wacml4gmt9drn,1414,0.5,0.0,0.0,0.5,OK,707.0,707.0,1.0,903802.2347949081,957126.0,0.43270897419276105,0.0,OK,1.0,1,secp256k1_blake160_sighash_all,0.0,OK,0.0,0.0,0.0,707.0,,OK,1,1,0.0,1.0,,OK,1220842.80603882,1220842.80603882,0.0,0,False
ckb1qzda0cr08m85hc8jlnfp3zer7xulejywt49kt2rr0vthywaa50xwsqdrke350wl8qag3cv75pp4q2zh9wurf25c8csrmu,1237,0.39854486661277283,0.009700889248181084,0.007275666936135812,0.5844785772029103,OK,511.0,511.0,1.0,2361144.9080234836,958828.0,4.418323962856723,0.0,OK,1.0,1,secp256k1_blake160_sighash_all,0.0,OK,0.0,0.0,0.0,511.0,,OK,1,7,0.0,1.0,,OK,1094156.94229586,1301772.48658438,207615.54428852,0,False
ckb1qzda0cr08m85hc8jlnfp3zer7xulejywt49kt2rr0vthywaa50xwsqw5lewnq2e8cv8kmsye0k5z6jlnhrs5pdgfzkhzy,718,0.5,0.0,0.0,0.5,OK,359.0,359.0,1.0,777737.417827298,941379.0,0.43389420251986677,0.0,OK,1.0,1,secp256k1_blake160_sighash_all,0.0,OK,0.0,0.0,0.0,359.0,,OK,1,10,0.0,1.0,,OK,2282008.8964377,2282008.8964377,0.0,0,False
ckb1qzda0cr08m85hc8jlnfp3zer7xulejywt49kt2rr0vthywaa50xwsqv28623ss9uptevpdfusyqk7rf6ggh9lucdgrcf5,1084,0.5,0.0,0.0,0.5,OK,542.0,542.0,1.0,917452.4760147601,946799.0,0.39233008659228247,0.0,OK,1.0,1,secp256k1_blake160_sighash_all,0.0,OK,0.0,0.0,0.0,542.0,,OK,1,1,0.0,1.0,,OK,1098030.05345542,1098030.05345542,0.0,0,False
ckb1qzda0cr08m85hc8jlnfp3zer7xulejywt49kt2rr0vthywaa50xwsqw8n05pvq0v6vht3graz05kjzla3edv9cgf7s09r,1419,0.4989429175475687,0.0,0.0007047216349541931,0.5003523608174771,OK,710.0,710.0,1.0,1039488.8338028169,957000.5,3.114149246966426,0.0,OK,1.0,1,secp256k1_blake160_sighash_all,0.0,OK,0.0,0.0,0.0,710.0,,OK,1,1,0.0,1.0,,OK,1246704.0129524,1246704.0129524,0.0,0,False
ckb1qzda0cr08m85hc8jlnfp3zer7xulejywt49kt2rr0vthywaa50xwsqwdds9zeghmn5d5jl8htyp8wm3gyl7jz9qqrsxqy,1152,0.4973958333333333,0.0,0.001736111111111111,0.5008680555555556,OK,577.0,577.0,1.0,1518984.568457539,949865.0,7.465236205162315,0.0,OK,1.0,1,secp256k1_blake160_sighash_all,0.0,OK,0.0,0.0,0.0,577.0,,OK,1,1,0.0,1.0,,OK,1060555.65635123,1060555.65635123,0.0,0,False
ckb1qzda0cr08m85hc8jlnfp3zer7xulejywt49kt2rr0vthywaa50xwsqvac5x8rl5h5ha25vngn064x44uep988tgt5sz7p,88,0.5,0.011363636363636364,0.0,0.48863636363636365,OK,44.0,44.0,1.0,910221.5227272727,936312.5,0.09488356489518922,0.0,OK,1.0,1,secp256k1_blake160_sighash_all,0.0,OK,0.0,0.0,0.0,44.0,,OK,1,11,0.0,1.0,,OK,360777.5403906,360777.5403906,0.0,0,False
ckb1qzda0cr08m85hc8jlnfp3zer7xulejywt49kt2rr0vthywaa50xwsqt3j4qnk2pk9pwdn0wnx04ngejfc5de4dccgk8ws,1280,0.5,0.0,0.0,0.5,OK,640.0,640.0,1.0,877057.975,938804.5,0.42883329739865245,0.0,OK,1.0,1,secp256k1_blake160_sighash_all,0.0,OK,0.0,0.0,0.0,640.0,,OK,1,1,0.0,1.0,,OK,3165880.71478103,3165880.71478103,0.0,0,False
ckb1qzda0cr08m85hc8jlnfp3zer7xulejywt49kt2rr0vthywaa50xwsqwu20nshpqgcg45hh2zla8uxjmyxxma63ca9emrw,545,0.4917431192660551,0.0,0.005504587155963303,0.5027522935779817,OK,274.0,274.0,1.0,1743149.4489051094,922246.0,5.170993400760729,0.0,OK,1.0,1,secp256k1_blake160_sighash_all,0.0,OK,0.0,0.0,0.0,274.0,,OK,1,1,0.0,1.0,,OK,258019.09663357,258019.09663357,0.0,0,False
ckb1qzda0cr08m85hc8jlnfp3zer7xulejywt49kt2rr0vthywaa50xwsq06hq9768t33hwp5cxyq4kxaskw7xgrqhgyj6gz0,1380,0.49782608695652175,0.2108695652173913,0.0014492753623188406,0.2898550724637681,OK,691.0,691.0,1.0,1017184.3545586107,921789.0,4.48660233741782,0.0,OK,1.0,1,secp256k1_blake160_sighash_all,0.0,OK,0.0,0.0,0.0,691.0,,OK,1,2,0.0,1.0,,OK,1171681.32746588,1171681.32746588,0.0,0,False
ckb1qzda0cr08m85hc8jlnfp3zer7xulejywt49kt2rr0vthywaa50xwsq0g42eercj9puzjr3aj5qzej2kky9xvgrqcqehre,519,0.4913294797687861,0.0019267822736030828,0.015414258188824663,0.4913294797687861,OK,261.0,261.0,1.0,1994909.3793103448,950276.0,8.025321240483361,0.0,OK,1.0,1,secp256k1_blake160_sighash_all,0.0,OK,0.0,0.0,0.0,261.0,,OK,1,3,0.0,1.0,,OK,1620629.54963206,1620629.54963206,0.0,0,False
ckb1qzda0cr08m85hc8jlnfp3zer7xulejywt49kt2rr0vthywaa50xwsq0ww9n0ex40pmhtz6ltslng7rtl35w96nszujfva,18,0.5,0.0,0.0,0.5,OK,9.0,9.0,1.0,918232.5555555555,942134.0,0.0968832049429215,0.0,OK,1.0,1,secp256k1_blake160_sighash_all,0.0,OK,0.0,0.0,0.0,9.0,,OK,1,1,0.0,1.0,,OK,153212.27130833,153212.27130833,0.0,0,False
ckb1qzda0cr08m85hc8jlnfp3zer7xulejywt49kt2rr0vthywaa50xwsqwpcd535qtqw2pdwmaxkyeevw02nhxes8sh82574,154,0.5,0.0,0.0,0.5,OK,77.0,77.0,1.0,927261.0,938459.0,0.068405643632029,0.0,OK,1.0,1,secp256k1_blake160_sighash_all,0.0,OK,0.0,0.0,0.0,77.0,,OK,1,1,0.0,1.0,,OK,485914.63140343,485914.63140343,0.0,0,False
ckb1qzda0cr08m85hc8jlnfp3zer7xulejywt49kt2rr0vthywaa50xwsqdug54pz4xhn0z0exgx6kune22z0k5xpdqap800k,666,0.0,0.0,0.0,1.0,OK,666.0,665.0,0.9984984984984985,95427403.09473684,43021889.0,1.7274619962066065,0.0,OK,1.0,1,secp256k1_blake160_sighash_all,0.0,OK,0.0,0.0,0.0,666.0,,OK,1,1,0.0,1.0,,OK,72295.88675022,72295.88675022,0.0,0,False
ckb1qzda0cr08m85hc8jlnfp3zer7xulejywt49kt2rr0vthywaa50xwsq2k7w0yl67ft05fyk4qrjfx3gfemp25pcsvpyj40,786,0.0,0.029262086513994912,0.001272264631043257,0.9694656488549618,OK,788.0,784.0,0.9949238578680203,301078355.3214286,117911494.5,1.8014341315763671,0.0,OK,1.0,1,secp256k1_blake160_sighash_all,0.0,OK,0.0,0.0,0.0,788.0,,OK,1,2,0.0,1.0,,OK,946112.04359065,940222.46875125,-5889.574839400011,0,False
ckb1qzda0cr08m85hc8jlnfp3zer7xulejywt49kt2rr0vthywaa50xwsqdsczh9v0wp9w3p7th99t7kdf5sscfsd5g5w0zah,408,0.5,0.0,0.0,0.5,OK,204.0,204.0,1.0,564188.1470588235,557147.0,0.2927839372187443,0.0,OK,1.0,1,secp256k1_blake160_sighash_all,0.0,OK,0.0,0.0,0.0,204.0,,OK,1,1,0.0,1.0,,OK,698206.44298349,698206.44298349,0.0,0,False
ckb1qzda0cr08m85hc8jlnfp3zer7xulejywt49kt2rr0vthywaa50xwsqfsq8jqye7jzl6krc66gkd3lch36mxyhts00xst4,662,0.5,0.0,0.0,0.5,OK,331.0,331.0,1.0,536779.7341389728,535452.0,0.28862354017610875,0.0,OK,1.0,1,secp256k1_blake160_sighash_all,0.0,OK,0.0,0.0,0.0,331.0,,OK,1,1,0.0,1.0,,OK,1671743.66551628,1671743.66551628,0.0,0,False
ckb1qzda0cr08m85hc8jlnfp3zer7xulejywt49kt2rr0vthywaa50xwsqthl80tuq23uvh5fxm6auu4va9dw76gclqtu8vax,318,0.5,0.0,0.0,0.5,OK,159.0,159.0,1.0,541175.7987421383,515892.0,0.3024452822600714,0.0,OK,1.0,1,secp256k1_blake160_sighash_all,0.0,OK,0.0,0.0,0.0,159.0,,OK,1,1,0.0,1.0,,OK,697845.45157851,697845.45157851,0.0,0,False
ckb1qzda0cr08m85hc8jlnfp3zer7xulejywt49kt2rr0vthywaa50xwsqvdd6sal6kly783vvjjs7z67v96lrelzss078v03,240,0.5,0.0,0.0,0.5,OK,120.0,120.0,1.0,581589.175,554075.5,0.30845038136539643,0.0,OK,1.0,1,secp256k1_blake160_sighash_all,0.0,OK,0.0,0.0,0.0,120.0,,OK,1,1,0.0,1.0,,OK,467515.44946163,467515.44946163,0.0,0,False
ckb1qzda0cr08m85hc8jlnfp3zer7xulejywt49kt2rr0vthywaa50xwsqvhrfezapvnxmakv6relqsjugjyeccwwaqz6drgw,808,0.5,0.0,0.0,0.5,OK,404.0,404.0,1.0,542219.9628712871,535304.0,0.3002682562223133,0.0,OK,1.0,1,secp256k1_blake160_sighash_all,0.0,OK,0.0,0.0,0.0,404.0,,OK,1,1,0.0,1.0,,OK,1111308.75477676,1111308.75477676,0.0,0,False
ckb1qzda0cr08m85hc8jlnfp3zer7xulejywt49kt2rr0vthywaa50xwsqgcz52lrjnahz4fqftgu99pl00ekkzmcnqw90ng6,528,0.5018939393939394,0.011363636363636364,0.001893939393939394,0.48484848484848486,OK,264.0,264.0,1.0,570500.9318181818,558616.0,0.2733357954080476,0.0,OK,1.0,1,secp256k1_blake160_sighash_all,0.0,OK,0.0,0.0,0.0,264.0,,OK,1,6,0.0,1.0,,OK,1263744.60393836,1263744.60393836,0.0,0,False
ckb1qzda0cr08m85hc8jlnfp3zer7xulejywt49kt2rr0vthywaa50xwsqduy4r065e9prkxhdnwmzw75dtph3ecu6sfrv9s4,276,0.5,0.0,0.0,0.5,OK,138.0,138.0,1.0,561502.804347826,562315.5,0.2776750083985362,0.0,OK,1.0,1,secp256k1_blake160_sighash_all,0.0,OK,0.0,0.0,0.0,138.0,,OK,1,11,0.0,1.0,,OK,391947.48597751,391947.48597751,0.0,0,False
ckb1qzda0cr08m85hc8jlnfp3zer7xulejywt49kt2rr0vthywaa50xwsqgymz5r96gzf6r87vldacvwxsxmk99t47swcpt4f,344,0.5,0.0,0.0,0.5,OK,172.0,172.0,1.0,597355.6511627907,585955.5,0.3045194823700022,0.0,OK,1.0,1,secp256k1_blake160_sighash_all,0.0,OK,0.0,0.0,0.0,172.0,,OK,1,1,0.0,1.0,,OK,1286749.74747269,1286749.74747269,0.0,0,False
ckb1qzda0cr08m85hc8jlnfp3zer7xulejywt49kt2rr0vthywaa50xwsq0p2y5tnuw0y02sequmjwswja4v5ywc3ag3xanwy,814,0.5,0.002457002457002457,0.0,0.4975429975429975,OK,407.0,407.0,1.0,569981.9778869778,556515.0,0.30721019141737754,0.0,OK,1.0,1,secp256k1_blake160_sighash_all,0.0,OK,0.0,0.0,0.0,407.0,,OK,1,2,0.0,1.0,,OK,373951.92737332,373951.92737332,0.0,0,False
ckb1qzda0cr08m85hc8jlnfp3zer7xulejywt49kt2rr0vthywaa50xwsq0s2sjs6vxhfxkk22fms3k3tt4c02c9jmc5y4vrm,454,0.5,0.004405286343612335,0.0,0.4955947136563877,OK,227.0,227.0,1.0,573703.9207048458,565388.0,0.7144006115251685,0.0,OK,1.0,1,secp256k1_blake160_sighash_all,0.0,OK,0.0,0.0,0.0,227.0,,OK,1,12,0.0,1.0,,OK,821784.94457824,821784.94457824,0.0,0,False
ckb1qzda0cr08m85hc8jlnfp3zer7xulejywt49kt2rr0vthywaa50xwsqfxqhntpalmhxqf2dls2ak9tq52pclnals5mtv4z,736,0.5,0.0,0.0,0.5,OK,368.0,368.0,1.0,566298.3559782609,552768.0,0.3097859228115198,0.0,OK,1.0,1,secp256k1_blake160_sighash_all,0.0,OK,0.0,0.0,0.0,368.0,,OK,1,1,0.0,1.0,,OK,144061.25202382,144061.25202382,0.0,0,False
ckb1qzda0cr08m85hc8jlnfp3zer7xulejywt49kt2rr0vthywaa50xwsqgdh67vg3ffv9r3zccpq3nmdysrqzgv77s04dskt,1154,0.5,0.0,0.0,0.5,OK,577.0,577.0,1.0,624314.410745234,608293.0,0.18602985163933736,0.0,OK,1.0,1,secp256k1_blake160_sighash_all,0.0,OK,0.0,0.0,0.0,577.0,,OK,1,1,0.0,1.0,,OK,1046829.98540841,1046829.98540841,0.0,0,False
ckb1qzda0cr08m85hc8jlnfp3zer7xulejywt49kt2rr0vthywaa50xwsq0tc0g06xvj256jx3v9f7ffxsrtfd8zuhqr9cqcg,1092,0.5,0.0,0.0,0.5,OK,546.0,546.0,1.0,627528.9926739926,610856.0,0.1902138754294463,0.0,OK,1.0,1,secp256k1_blake160_sighash_all,0.0,OK,0.0,0.0,0.0,546.0,,OK,1,11,0.0,1.0,,OK,2371745.67767065,2371745.67767065,0.0,0,False
ckb1qzda0cr08m85hc8jlnfp3zer7xulejywt49kt2rr0vthywaa50xwsqwkr8fn99ghht0zeyert3w949f25zjw24gcwcxy8,578,0.5,0.0,0.0,0.5,OK,289.0,289.0,1.0,628246.7820069204,607285.0,0.2059512160484962,0.0,OK,1.0,1,secp256k1_blake160_sighash_all,0.0,OK,0.0,0.0,0.0,289.0,,OK,1,1,0.0,1.0,,OK,553913.25008221,553913.25008221,0.0,0,False
ckb1qzda0cr08m85hc8jlnfp3zer7xulejywt49kt2rr0vthywaa50xwsq2eqg5mtlwgsjzpwjel4kdtlyamfyflfwshadjmx,1408,0.5,0.0,0.0,0.5,OK,704.0,704.0,1.0,628473.1988636364,612783.0,0.18829232114932679,0.0,OK,1.0,1,secp256k1_blake160_sighash_all,0.0,OK,0.0,0.0,0.0,704.0,,OK,1,1,0.0,1.0,,OK,5267663.85045587,5267663.85045587,0.0,0,False
ckb1qzda0cr08m85hc8jlnfp3zer7xulejywt49kt2rr0vthywaa50xwsqw8agrm4yvlzsah4ca3dyvt9hz9qsdaxmq5qskx2,1044,0.5,0.0,0.0,0.5,OK,522.0,522.0,1.0,640895.0421455939,624097.5,0.1930425420167667,0.0,OK,1.0,1,secp256k1_blake160_sighash_all,0.0,OK,0.0,0.0,0.0,522.0,,OK,1,1,0.0,1.0,,OK,940193.51161314,940193.51161314,0.0,0,False
ckb1qzda0cr08m85hc8jlnfp3zer7xulejywt49kt2rr0vthywaa50xwsqfrwmam5nkqvxfjujhr7kk9d2f2dvdj4egq7kqlm,554,0.5,0.0,0.0018050541516245488,0.4981949458483754,OK,277.0,277.0,1.0,627161.6245487365,614647.0,0.18909375292935707,0.0,OK,1.0,1,secp256k1_blake160_sighash_all,0.0,OK,0.0,0.0,0.0,277.0,,OK,1,2,0.0,1.0,,OK,161665.61939551,161665.61939551,0.0,0,False
ckb1qzda0cr08m85hc8jlnfp3zer7xulejywt49kt2rr0vthywaa50xwsqdly7vzugjpxpzy4wc8u8dkpt6gmv2kknsw36cs0,2332,0.0,0.10248713550600343,0.3829331046312178,0.5145797598627787,OK,1434.0,1434.0,1.0,11023313.555788005,6897842.0,1.2426583827020015,0.0,OK,1.0,1,secp256k1_blake160_sighash_all,0.0,OK,0.0,0.0,0.0,1434.0,,OK,2,3,0.0,0.8543812421653865,0.3988577722804452,OK,1376978.29895137,1405822.70152878,28844.402577409986,0,False
ckb1qzda0cr08m85hc8jlnfp3zer7xulejywt49kt2rr0vthywaa50xwsqgdfkqjl4zve8hmvt72a2gykfrwnae27ecw45zxl,114,0.5,0.0,0.0,0.5,OK,57.0,57.0,1.0,356437.2807017544,338077.0,0.20279723944199593,0.0,OK,1.0,1,secp256k1_blake160_sighash_all,0.0,OK,0.0,0.0,0.0,57.0,,OK,1,11,0.0,1.0,,OK,16358473.58325025,16358473.58325025,0.0,0,False
ckb1qzda0cr08m85hc8jlnfp3zer7xulejywt49kt2rr0vthywaa50xwsqguvzhn36ualhchhnpmm7w5l5w6wwyzdjc9gyxqq,2355,0.7800424628450107,0.08917197452229299,0.02165605095541401,0.10912951167728238,OK,2613.0,2159.0,0.8262533486414083,3533655880.220936,3041061364.0,0.8450721350624504,0.0,OK,1.0,1,secp256k1_blake160_sighash_all,0.0,OK,0.0,0.0,0.0,2613.0,,OK,123,85,0.004830917874396135,0.06167905892472026,0.6636323959628756,OK,1331857289.274139,1350046166.8609302,18188877.586791277,0,False
ckb1qzda0cr08m85hc8jlnfp3zer7xulejywt49kt2rr0vthywaa50xwsq2k3fxq87k84uvjlx93f6kjgfllm0uasqge8xsjk,144,0.5,0.0,0.0,0.5,OK,72.0,72.0,1.0,365256.8888888889,344567.5,0.2011774334012565,0.0,OK,1.0,1,secp256k1_blake160_sighash_all,0.0,OK,0.0,0.0,0.0,72.0,,OK,1,11,0.0,1.0,,OK,15275114.28705748,15275114.28705748,0.0,0,False
ckb1qzda0cr08m85hc8jlnfp3zer7xulejywt49kt2rr0vthywaa50xwsqw4z50cyvxxvvnt8akzu07gn8agqvlx5js7pep0j,1163,0.4961306964746346,0.0,0.0008598452278589854,0.5030094582975064,OK,585.0,585.0,1.0,4952741.376068376,383761.0,8.91864687812752,0.0,OK,1.0,1,secp256k1_blake160_sighash_all,0.0,OK,0.0,0.0,0.0,585.0,,OK,1,1,0.0,1.0,,OK,1162958.89521157,1162958.89521157,0.0,0,False
ckb1qzda0cr08m85hc8jlnfp3zer7xulejywt49kt2rr0vthywaa50xwsqggtmv990h0ggv7g747uk0mj422sf3anps8teujc,560,0.5,0.0,0.0,0.5,OK,280.0,280.0,1.0,525565.95,529108.5,0.2974416337159557,0.0,OK,1.0,1,secp256k1_blake160_sighash_all,0.0,OK,0.0,0.0,0.0,280.0,,OK,1,1,0.0,1.0,,OK,2599686.75258856,2599686.75258856,0.0,0,False
ckb1qzda0cr08m85hc8jlnfp3zer7xulejywt49kt2rr0vthywaa50xwsqfh8xfzhxnsgxq7st5khe2fa59da8lp6gchut7ky,74,0.5,0.0,0.0,0.5,OK,37.0,37.0,1.0,512923.6216216216,495592.0,0.27034664337688263,0.0,OK,1.0,1,secp256k1_blake160_sighash_all,0.0,OK,0.0,0.0,0.0,37.0,,OK,1,1,0.0,1.0,,OK,1219830.42141999,1219830.42141999,0.0,0,False
ckb1qzda0cr08m85hc8jlnfp3zer7xulejywt49kt2rr0vthywaa50xwsqg234899dy86s85krenks2uxma9pz0thwsukch3x,416,0.5,0.0,0.0,0.5,OK,208.0,208.0,1.0,559899.1298076923,557968.5,0.28842273878268754,0.0,OK,1.0,1,secp256k1_blake160_sighash_all,0.0,OK,0.0,0.0,0.0,208.0,,OK,1,1,0.0,1.0,,OK,1402496.80310302,1402496.80310302,0.0,0,False
ckb1qzda0cr08m85hc8jlnfp3zer7xulejywt49kt2rr0vthywaa50xwsqv4twdpchew2fdreeukg2dtl9p7f0wnjxckl7k7s,243,0.2222222222222222,0.0,0.18518518518518517,0.5925925925925926,OK,144.0,144.0,1.0,27632851.75,282563.5,1.498023995854084,0.0,OK,1.0,1,secp256k1_blake160_sighash_all,0.0,OK,0.0,0.0,0.0,144.0,,OK,1,1,0.0,1.0,,OK,593768.50134597,593768.50134597,0.0,0,False
ckb1qzda0cr08m85hc8jlnfp3zer7xulejywt49kt2rr0vthywaa50xwsqts0nuc7ay2w00u35eal83750sgsr4xr9c723k5h,98,0.5,0.0,0.0,0.5,OK,49.0,49.0,1.0,183669.10204081633,179604.0,0.21070715605214985,0.0,OK,1.0,1,secp256k1_blake160_sighash_all,0.0,OK,0.0,0.0,0.0,49.0,,OK,1,1,0.0,1.0,,OK,288074.48548989,288074.48548989,0.0,0,False
ckb1qzda0cr08m85hc8jlnfp3zer7xulejywt49kt2rr0vthywaa50xwsq0r6u0pkm3j5lhvy5dlqe0wcppr4cftwacwfa6sd,925,0.19135135135135134,0.001081081081081081,0.11783783783783784,0.6897297297297297,OK,432.0,432.0,1.0,98027711.42592593,305580.5,6.473489311912048,0.0,OK,1.0,1,secp256k1_blake160_sighash_all,0.0,OK,0.0,0.0,0.0,432.0,,OK,1,2,0.0,1.0,,OK,1925598.97636455,2266498.80483278,340899.82846822985,0,False
ckb1qzda0cr08m85hc8jlnfp3zer7xulejywt49kt2rr0vthywaa50xwsq2avwaksfsgf3ths5hjh5sl4ema0pazc6q48umuh,1391,0.38892882818116464,0.0,0.10783608914450037,0.503235082674335,OK,699.0,699.0,1.0,2753039.101573677,933271.0,5.625813400609614,0.0,OK,1.0,1,secp256k1_blake160_sighash_all,0.0,OK,0.0,0.0,0.0,699.0,,OK,4,1,0.0,0.6459464651389277,0.4180676087546125,OK,1235225.81671517,1240285.22828296,5059.411567789968,0,False
ckb1qzda0cr08m85hc8jlnfp3zer7xulejywt49kt2rr0vthywaa50xwsq2avras5exc632a794vzxp4cflqny59w2g4ytdca,1379,0.38651196519216824,0.0,0.11094996374184192,0.5025380710659898,OK,693.0,693.0,1.0,2410974.3001443003,931069.0,6.056769202705755,0.0,OK,1.0,1,secp256k1_blake160_sighash_all,0.0,OK,0.0,0.0,0.0,693.0,,OK,3,1,0.0,0.9460002399470631,0.13222233672212771,OK,1334714.54972137,1334714.54972137,0.0,0,False
ckb1qzda0cr08m85hc8jlnfp3zer7xulejywt49kt2rr0vthywaa50xwsqw35ntna3rkqcmgextlmp8pfwnmcxlafeqh6ry93,103,0.0,0.0,0.4854368932038835,0.5145631067961165,OK,53.0,53.0,1.0,38743700.8490566,33871711.0,0.515409570703928,0.0,OK,1.0,1,secp256k1_blake160_sighash_all,0.0,OK,0.0,0.0,0.0,53.0,,OK,1,1,0.0,1.0,,OK,10903941.12663656,10903941.12663656,0.0,0,False
ckb1qzda0cr08m85hc8jlnfp3zer7xulejywt49kt2rr0vthywaa50xwsqtd9vhcdxgszckmrhj4em08p4l7g6u877ccyzsy7,15,0.0,0.0,0.0,1.0,OK,,,,,,,,,1.0,1,secp256k1_blake160_sighash_all,0.0,OK,0.0,0.0,,,,,0,1,0.0,,,OK,0.0,1253679.11630272,1253679.11630272,0,False
ckb1qzda0cr08m85hc8jlnfp3zer7xulejywt49kt2rr0vthywaa50xwsqd8v6u0w52u9lptyqx9qg05zs3lprp5t4qsxtt54,1254,0.0,0.0,0.48724082934609253,0.5127591706539075,OK,641.0,640.0,0.9984399375975039,67011404.2171875,33861819.0,2.915794595156014,0.0,OK,1.0,1,secp256k1_blake160_sighash_all,0.0,OK,0.0,0.0,0.0,641.0,,OK,1,1,0.0,1.0,,OK,16157382.99054787,16152911.76705439,-4471.223493479192,0,False
ckb1qzda0cr08m85hc8jlnfp3zer7xulejywt49kt2rr0vthywaa50xwsqv54r405f85mw65djy9l56j6v3qp7a6v8crpuwl7,1254,0.0,0.0,0.48724082934609253,0.5127591706539075,OK,641.0,640.0,0.9984399375975039,67011566.2609375,33861819.0,2.9157870548723137,0.0,OK,1.0,1,secp256k1_blake160_sighash_all,0.0,OK,0.0,0.0,0.0,641.0,,OK,1,1,0.0,1.0,,OK,16157382.99054787,16152911.76705439,-4471.223493479192,0,False
ckb1qzda0cr08m85hc8jlnfp3zer7xulejywt49kt2rr0vthywaa50xwsq0vzwrhe2aznrvkq00r477dpzmzdfptfvgt9xx9u,1254,0.0,0.0,0.48724082934609253,0.5127591706539075,OK,641.0,640.0,0.9984399375975039,67011396.2890625,33861819.0,2.915794961831515,0.0,OK,1.0,1,secp256k1_blake160_sighash_all,0.0,OK,0.0,0.0,0.0,641.0,,OK,1,1,0.0,1.0,,OK,16157382.99054787,16152911.76705439,-4471.223493479192,0,False
ckb1qzda0cr08m85hc8jlnfp3zer7xulejywt49kt2rr0vthywaa50xwsqdtx60cacasvak8s6a7umwganlkyrk2vvgmj2zdf,1253,0.0,0.0,0.4868316041500399,0.5131683958499601,OK,641.0,640.0,0.9984399375975039,67011488.86875,33861819.0,2.9157951743745,0.0,OK,1.0,1,secp256k1_blake160_sighash_all,0.0,OK,0.0,0.0,0.0,641.0,,OK,1,1,0.0,1.0,,OK,16157382.99054787,16152911.76705439,-4471.223493479192,0,False
ckb1qzda0cr08m85hc8jlnfp3zer7xulejywt49kt2rr0vthywaa50xwsqvvlm7uccuwt0shwln4mp4xnetf24h3h4sezvcyk,973,0.0,0.0,0.4943473792394656,0.5056526207605344,OK,491.0,491.0,1.0,35469908.716904275,33863172.0,0.3884434112713198,0.0,OK,1.0,1,secp256k1_blake160_sighash_all,0.0,OK,0.0,0.0,0.0,491.0,,OK,1,1,0.0,1.0,,OK,8843605.40079384,8843605.40079384,0.0,0,False
ckb1qzda0cr08m85hc8jlnfp3zer7xulejywt49kt2rr0vthywaa50xwsqwx5d4t4cwytglh7fx5pu96lx79d69ur3q25xsmm,211,0.2938388625592417,0.0,0.2037914691943128,0.5023696682464455,OK,105.0,105.0,1.0,1403048.5142857144,1366209.0,0.3739466417994739,0.0,OK,1.0,1,secp256k1_blake160_sighash_all,0.0,OK,0.0,0.0,0.0,105.0,,OK,1,1,0.0,1.0,,OK,5458092.98504736,5496179.94027548,38086.95522812009,0,False
ckb1qzda0cr08m85hc8jlnfp3zer7xulejywt49kt2rr0vthywaa50xwsqv080q88xv7q4vjthljxx8hqyhma76nypggwehsa,1185,0.0,0.019409282700421943,0.4835443037974684,0.4970464135021097,OK,607.0,606.0,0.9983525535420099,66941809.278877884,33844899.0,2.985940944423386,0.0,OK,1.0,1,secp256k1_blake160_sighash_all,0.0,OK,0.0,0.0,0.0,607.0,,OK,1,3,0.0,1.0,,OK,5904625.01988196,5901663.34251695,-2961.677365009673,0,False
ckb1qzda0cr08m85hc8jlnfp3zer7xulejywt49kt2rr0vthywaa50xwsqv59ncvatjy3r9640tdutfdyacrmz3cwwsu27h6d,393,0.0,0.0,0.49363867684478374,0.5063613231552163,OK,198.0,198.0,1.0,35111564.78787879,33871078.5,0.30114383942618234,0.0,OK,1.0,1,secp256k1_blake160_sighash_all,0.0,OK,0.0,0.0,0.0,198.0,,OK,1,1,0.0,1.0,,OK,4961172.85294779,4961172.85294779,0.0,0,False
ckb1qzda0cr08m85hc8jlnfp3zer7xulejywt49kt2rr0vthywaa50xwsqttxq08u8yv9qf3jnfnkr4sj5ek9cneyvglyset5,1405,0.0,0.0,0.4903914590747331,0.5096085409252669,OK,714.0,713.0,0.9985994397759104,63083780.39551192,33861443.0,2.9249121192297296,0.0,OK,1.0,1,secp256k1_blake160_sighash_all,0.0,OK,0.0,0.0,0.0,714.0,,OK,1,1,0.0,1.0,,OK,6736138.96154438,6730446.7353097,-5692.226234680042,0,False
ckb1qzda0cr08m85hc8jlnfp3zer7xulejywt49kt2rr0vthywaa50xwsqgwwfzh5cmw04fyp5c7wh5rdvzq22m4jzsp9yju2,930,0.0,0.0,0.4838709677419355,0.5161290322580645,OK,476.0,475.0,0.9978991596638656,77525721.04421052,33859150.0,2.898940997416195,0.0,OK,1.0,1,secp256k1_blake160_sighash_all,0.0,OK,0.0,0.0,0.0,476.0,,OK,1,1,0.0,1.0,,OK,4067030.49314386,4065133.06221598,-1897.4309278796427,0,False
ckb1qzda0cr08m85hc8jlnfp3zer7xulejywt49kt2rr0vthywaa50xwsqw9u3r7vuv8pskppxp50rsf2xxxw8cj7nqyxyy7c,1407,0.0,0.0,0.4982231698649609,0.501776830135039,OK,705.0,705.0,1.0,4333572.554609929,1265167.0,8.223481339842794,0.0,OK,1.0,1,secp256k1_blake160_sighash_all,0.0,OK,0.0,0.0,0.0,705.0,,OK,2,1,0.0,0.6873667766997957,0.7096054455422709,OK,5072888.41089998,5092473.59678519,19585.18588520959,0,False
ckb1qzda0cr08m85hc8jlnfp3zer7xulejywt49kt2rr0vthywaa50xwsqgm4jfxekt225yeqlkhhz585mhekalxa7qrv09fu,1430,0.0,0.0,0.4888111888111888,0.5111888111888112,OK,726.0,725.0,0.9986225895316805,63064163.12689655,33864279.0,2.9086562130674136,0.0,OK,1.0,1,secp256k1_blake160_sighash_all,0.0,OK,0.0,0.0,0.0,726.0,,OK,1,1,0.0,1.0,,OK,3394388.80389138,3393452.66956497,-936.1343264100142,0,False
ckb1qzda0cr08m85hc8jlnfp3zer7xulejywt49kt2rr0vthywaa50xwsq2emn0uxk7ch03desrc0r0pc66ukaz6p8ghpddey,1216,0.0,0.0,0.48848684210526316,0.5115131578947368,OK,620.0,619.0,0.9983870967741936,66747662.91114701,33860546.0,2.9612108639577426,0.0,OK,1.0,1,secp256k1_blake160_sighash_all,0.0,OK,0.0,0.0,0.0,620.0,,OK,1,1,0.0,1.0,,OK,4376192.69091483,4373176.82357303,-3015.867341800593,0,False
ckb1qzda0cr08m85hc8jlnfp3zer7xulejywt49kt2rr0vthywaa50xwsqdwfknw8tnpne8m7pa5mg39xvv7qallxgccrzanp,1426,0.0,0.0,0.48667601683029454,0.5133239831697055,OK,728.0,727.0,0.9986263736263736,62294075.58459422,33862144.0,2.9338351069272104,0.0,OK,1.0,1,secp256k1_blake160_sighash_all,0.0,OK,0.0,0.0,0.0,728.0,,OK,1,1,0.0,1.0,,OK,3482775.88014736,3479831.77359869,-2944.106548669748,0,False
ckb1qzda0cr08m85hc8jlnfp3zer7xulejywt49kt2rr0vthywaa50xwsqggk97uhpah6re39cfce5d08rrwu0yvyjg5vjg0s,614,0.0,0.0,0.49348534201954397,0.506514657980456,OK,310.0,310.0,1.0,37609514.72580645,33870060.5,0.9652759868313443,0.0,OK,1.0,1,secp256k1_blake160_sighash_all,0.0,OK,0.0,0.0,0.0,310.0,,OK,1,1,0.0,1.0,,OK,1816171.11752561,1816171.11752561,0.0,0,False
ckb1qzda0cr08m85hc8jlnfp3zer7xulejywt49kt2rr0vthywaa50xwsq2uj8rfycz3s3h0m0h62fj8mvxluqr627s8j5led,14,0.0,0.07142857142857142,0.5,0.42857142857142855,OK,7.0,7.0,1.0,33072947.285714287,33867573.0,0.058794066101261255,0.0,OK,1.0,1,secp256k1_blake160_sighash_all,0.0,OK,0.0,0.0,0.0,7.0,,OK,1,2,0.0,1.0,,OK,102720.52600568,102720.52600568,0.0,0,False
ckb1qzda0cr08m85hc8jlnfp3zer7xulejywt49kt2rr0vthywaa50xwsqd90zjdscfh4ycd5u75tyntedxxsaxsencatqh4s,292,0.0,0.003424657534246575,0.4897260273972603,0.5068493150684932,OK,149.0,149.0,1.0,36991726.973154366,33866326.0,0.4661368846668301,0.0,OK,1.0,1,secp256k1_blake160_sighash_all,0.0,OK,0.0,0.0,0.0,149.0,,OK,1,2,0.0,1.0,,OK,1139527.2619977,1139527.2619977,0.0,0,False
ckb1qzda0cr08m85hc8jlnfp3zer7xulejywt49kt2rr0vthywaa50xwsqw8d28w8rr2qqwrepmex52mesujgfjqskcuvwgxj,57,0.0,0.0,0.38596491228070173,0.6140350877192983,OK,23.0,23.0,1.0,19944925.217391305,135431.0,4.658996866806211,0.0,OK,1.0,1,secp256k1_blake160_sighash_all,0.0,OK,0.0,0.0,0.0,23.0,,OK,10,1,0.0,0.2438523912587513,0.7487185003105715,OK,1045183.48855228,1154348.02072941,109164.53217713,0,False
ckb1qzda0cr08m85hc8jlnfp3zer7xulejywt49kt2rr0vthywaa50xwsq0vyjg39dcl6hxdetwjsxdq5ufn94dm9yc6rdshs,312,0.0,0.00641025641025641,0.49038461538461536,0.5032051282051282,OK,159.0,159.0,1.0,38439062.80503145,33868256.0,0.611898270479612,0.0,OK,1.0,1,secp256k1_blake160_sighash_all,0.0,OK,0.0,0.0,0.0,159.0,,OK,1,3,0.0,1.0,,OK,1268449.0886346,1268449.0886346,0.0,0,False
ckb1qzda0cr08m85hc8jlnfp3zer7xulejywt49kt2rr0vthywaa50xwsqdhf3xqk7tf9antv2mxh6ptvwq3sqhptwgat9tmx,463,0.0,0.0,0.47516198704103674,0.5248380129589633,OK,241.0,240.0,0.995850622406639,63174341.2625,33857715.0,1.7622898533729257,0.0,OK,1.0,1,secp256k1_blake160_sighash_all,0.0,OK,0.0,0.0,0.0,241.0,,OK,1,1,0.0,1.0,,OK,5913435.85833985,5882725.22428794,-30710.63405190967,0,False
ckb1qzda0cr08m85hc8jlnfp3zer7xulejywt49kt2rr0vthywaa50xwsqfyj5nenrx8y7mcrg2zdhqtyet4xegysfc3xyemf,1268,0.0,0.0,0.48974763406940064,0.5102523659305994,OK,645.0,644.0,0.9984496124031008,66058068.89440994,33860620.5,2.9355159513607587,0.0,OK,1.0,1,secp256k1_blake160_sighash_all,0.0,OK,0.0,0.0,0.0,645.0,,OK,1,1,0.0,1.0,,OK,5260180.06115301,5254954.92773858,-5225.133414430544,0,False
ckb1qzda0cr08m85hc8jlnfp3zer7xulejywt49kt2rr0vthywaa50xwsqvuh8nmuphsgaua6g0usmlknkk98gu4lhcmpyhsp,8,0.0,0.125,0.25,0.625,OK,2.0,2.0,1.0,310857550.0,310857550.0,0.0018998766476799422,0.0,INSUFFICIENT_EVIDENCE,1.0,1,secp256k1_blake160_sighash_all,0.0,OK,0.1111111111111111,1.0,0.0,2.0,,INSUFFICIENT_EVIDENCE,0,4,0.0,,,OK,58041.07892267,331587.92676919,273546.84784652,0,False
ckb1qzda0cr08m85hc8jlnfp3zer7xulejywt49kt2rr0vthywaa50xwsqvqjuupm239tnfp88qrra95336xzvm4dtqpxss5m,1430,0.0,0.0,0.4944055944055944,0.5055944055944056,OK,722.0,722.0,1.0,8949934.247922437,1751150.5,4.284303562204718,0.0,OK,1.0,1,secp256k1_blake160_sighash_all,0.0,OK,0.0,0.0,0.0,722.0,,OK,3,1,0.0,0.5672275530502892,0.7005314112571056,OK,1423563.18757994,1429086.42489509,5523.237315149978,0,False
ckb1qzda0cr08m85hc8jlnfp3zer7xulejywt49kt2rr0vthywaa50xwsqgzn8kzhxna4m6zgj48hzm2a56splrqffcce3rs5,1204,0.0,0.0,0.4642857142857143,0.5357142857142857,OK,613.0,612.0,0.99836867862969,73622539.35620914,33873882.0,2.8312981428114843,0.0,OK,1.0,1,secp256k1_blake160_sighash_all,0.0,OK,0.0,0.0,0.0,613.0,,OK,1,1,0.0,1.0,,OK,1033814.24326442,1032805.69439477,-1008.548869649996,0,False
ckb1qzda0cr08m85hc8jlnfp3zer7xulejywt49kt2rr0vthywaa50xwsqgx7zz4z95yfe23juh4dhsyxymx94qxrhscedcek,1383,0.0,0.0,0.485177151120752,0.514822848879248,OK,705.0,704.0,0.9985815602836879,63465617.75426137,33866985.0,2.925128056054924,0.0,OK,1.0,1,secp256k1_blake160_sighash_all,0.0,OK,0.0,0.0,0.0,705.0,,OK,1,1,0.0,1.0,,OK,2693499.7699935,2690875.34822702,-2624.4217664799653,0,False
ckb1qzda0cr08m85hc8jlnfp3zer7xulejywt49kt2rr0vthywaa50xwsqwzq09g8qd95he6qjne0delv4gt4wpzh7su5cj2q,318,0.0,0.0,0.4968553459119497,0.5031446540880503,OK,160.0,160.0,1.0,36855538.1625,33867554.5,0.45131547225405116,0.0,OK,1.0,1,secp256k1_blake160_sighash_all,0.0,OK,0.0,0.0,0.0,160.0,,OK,1,1,0.0,1.0,,OK,603495.92977479,603495.92977479,0.0,0,False
ckb1qzda0cr08m85hc8jlnfp3zer7xulejywt49kt2rr0vthywaa50xwsqfk06jtv959avpca47ucdh54qfg8wr9x5g9e69zn,679,0.0,0.0,0.4992636229749632,0.5007363770250368,OK,339.0,339.0,1.0,1569861.545722714,1271192.0,1.2694786994816385,0.0,OK,1.0,1,secp256k1_blake160_sighash_all,0.0,OK,0.0,0.0,0.0,339.0,,OK,1,1,0.0,1.0,,OK,684961.62295041,690038.67771995,5077.054769539973,0,False
ckb1qzda0cr08m85hc8jlnfp3zer7xulejywt49kt2rr0vthywaa50xwsqwq58dc707p97auarsgdf6vp07f84t7htgv294a8,101,0.31683168316831684,0.0,0.09900990099009901,0.5841584158415841,OK,59.0,59.0,1.0,94658979.45762712,48291020.0,1.403820174702672,0.0,OK,1.0,1,secp256k1_blake160_sighash_all,0.0,OK,0.0,0.0,0.0,59.0,,OK,5,1,0.0,0.44703221458564535,0.6153063258919367,OK,272214.91848748,272214.91848748,0.0,0,False
ckb1qzda0cr08m85hc8jlnfp3zer7xulejywt49kt2rr0vthywaa50xwsq02u38k4kh65ek037y6ladw8h387u78pcs8gc8lh,35,0.0,0.0,0.0,1.0,OK,,,,,,,,,1.0,1,secp256k1_blake160_sighash_all,0.0,OK,0.0,0.0,,,,,0,1,0.0,,,OK,0.0,188358.68573747,188358.68573747,0,False
ckb1qzda0cr08m85hc8jlnfp3zer7xulejywt49kt2rr0vthywaa50xwsqdj4r9tvue7rvadva3kshjcqzyjdhzxxrcz5nngn,110,0.0,0.0,0.44545454545454544,0.5545454545454546,OK,61.0,61.0,1.0,79900194.44262294,33885167.0,1.4131965231289851,0.0,OK,1.0,1,secp256k1_blake160_sighash_all,0.0,OK,0.0,0.0,0.0,61.0,,OK,1,1,0.0,1.0,,OK,147121.03943798,147121.03943798,0.0,0,False
ckb1qzda0cr08m85hc8jlnfp3zer7xulejywt49kt2rr0vthywaa50xwsqd39v2lwwu4grcvg0r6sc20x3h9jnfje2qt67tm2,197,0.0,0.0,0.4873096446700508,0.5126903553299492,OK,101.0,101.0,1.0,51791655.237623766,33868256.0,2.0642681501088362,0.0,OK,1.0,1,secp256k1_blake160_sighash_all,0.0,OK,0.0,0.0,0.0,101.0,,OK,1,1,0.0,1.0,,OK,381748.58902132,381748.58902132,0.0,0,False
ckb1qzda0cr08m85hc8jlnfp3zer7xulejywt49kt2rr0vthywaa50xwsqdrfqfkxp3pgctx8k974q9l9pyupmrdrwq8je3v0,308,0.0,0.0,0.4935064935064935,0.5064935064935064,OK,156.0,156.0,1.0,44664257.55128205,33867554.5,2.3370564335990904,0.0,OK,1.0,1,secp256k1_blake160_sighash_all,0.0,OK,0.0,0.0,0.0,156.0,,OK,1,1,0.0,1.0,,OK,4135235.10304871,4135235.10304871,0.0,0,False
ckb1qzda0cr08m85hc8jlnfp3zer7xulejywt49kt2rr0vthywaa50xwsqvs3zzveq452hhguh3ac42r07s6r738lxc675d2w,1040,0.0,0.0,0.4625,0.5375,OK,529.0,529.0,1.0,68981138.19281663,33875882.0,2.709885954117198,0.0,OK,1.0,1,secp256k1_blake160_sighash_all,0.0,OK,0.0,0.0,0.0,529.0,,OK,1,1,0.0,1.0,,OK,835371.87534289,835371.87534289,0.0,0,False
ckb1qzda0cr08m85hc8jlnfp3zer7xulejywt49kt2rr0vthywaa50xwsqv5vn90nv29ngxyzlddcqhfec4ejag85fgz5ryz3,968,0.0,0.0,0.48140495867768596,0.518595041322314,OK,489.0,489.0,1.0,37908366.693251535,33874059.0,0.864450944539413,0.0,OK,1.0,1,secp256k1_blake160_sighash_all,0.0,OK,0.0,0.0,0.0,489.0,,OK,1,1,0.0,1.0,,OK,994142.0619666,994142.0619666,0.0,0,False
ckb1qzda0cr08m85hc8jlnfp3zer7xulejywt49kt2rr0vthywaa50xwsq2vfrwwa2h4ag878nn7935gzex40d9y7xcckkcz2,81,0.06172839506172839,0.08641975308641975,0.0,0.8518518518518519,OK,82.0,75.0,0.9146341463414634,2444011607.8933334,1247893919.0,1.8132110453974009,0.0,OK,1.0,1,secp256k1_blake160_sighash_all,0.0,OK,0.19,1.0,0.0,82.0,,OK,0,2,0.0,,,OK,7339157.19889045,8624520.86910835,1285363.6702178987,0,False
ckb1qzda0cr08m85hc8jlnfp3zer7xulejywt49kt2rr0vthywaa50xwsqv7vnn4a83fkxlf3vdcyjqns8e4dcuv5msj4lqye,30,0.0,0.0,0.5,0.5,OK,15.0,15.0,1.0,33781983.46666667,33862477.0,0.009043888701557293,0.0,OK,1.0,1,secp256k1_blake160_sighash_all,0.0,OK,0.0,0.0,0.0,15.0,,OK,1,1,0.0,1.0,,OK,70159.75518913,70159.75518913,0.0,0,False
ckb1qzda0cr08m85hc8jlnfp3zer7xulejywt49kt2rr0vthywaa50xwsqdqxnfeggrmljfnrf8nvsnv26xv4rvyhwsztv7ae,1040,0.0,0.0,0.4971153846153846,0.5028846153846154,OK,523.0,523.0,1.0,37888592.41300191,33858044.0,1.4232477307863716,0.0,OK,1.0,1,secp256k1_blake160_sighash_all,0.0,OK,0.0,0.0,0.0,523.0,,OK,1,2,0.0,1.0,,OK,1846111.80086192,1846111.80086192,0.0,0,False
ckb1qzda0cr08m85hc8jlnfp3zer7xulejywt49kt2rr0vthywaa50xwsqd8nhae0j2vdd70r20939u449qn0w3v2ygjrepsg,996,0.0,0.0,0.48092369477911645,0.5190763052208835,OK,504.0,504.0,1.0,36700358.871031746,33872542.5,0.564584532836444,0.0,OK,1.0,1,secp256k1_blake160_sighash_all,0.0,OK,0.0,0.0,0.0,504.0,,OK,1,1,0.0,1.0,,OK,1110795.24028884,1110795.24028884,0.0,0,False
ckb1qzda0cr08m85hc8jlnfp3zer7xulejywt49kt2rr0vthywaa50xwsqfhlkvwqu09p0fh8aqkzw4q63frnwe3lqgphr4ny,17,0.0,0.0,0.0,1.0,OK,,,,,,,,,1.0,1,secp256k1_blake160_sighash_all,0.0,OK,0.0,0.0,,,,,0,1,0.0,,,OK,0.0,114353.42907676,114353.42907676,0,False
ckb1qzda0cr08m85hc8jlnfp3zer7xulejywt49kt2rr0vthywaa50xwsqg8pu56q5tq5fw73kv89xfvc8krqrwmz4seqggu7,1218,0.0,0.0,0.4975369458128079,0.5024630541871922,OK,611.0,611.0,1.0,8260447.903436989,2642386.0,4.648489638107168,0.0,OK,1.0,1,secp256k1_blake160_sighash_all,0.0,OK,0.0,0.0,0.0,611.0,,OK,1,1,0.0,1.0,,OK,651246.94498142,652808.61849563,1561.673514210037,0,False
ckb1qzda0cr08m85hc8jlnfp3zer7xulejywt49kt2rr0vthywaa50xwsqtdqrvcxvvmd02h6x8l4lwqh02g5zcskgqd42txr,1113,0.0,0.0,0.4950584007187781,0.504941599281222,OK,551.0,551.0,1.0,158551.53539019963,147629.0,0.36560437017346104,0.0,OK,1.0,1,secp256k1_blake160_sighash_all,0.0,OK,0.0,0.0,0.0,551.0,,OK,11,1,0.0,0.09437520969446775,0.9913669681128545,OK,575057.05298146,585141.68881549,10084.635834029992,0,False
ckb1qzda0cr08m85hc8jlnfp3zer7xulejywt49kt2rr0vthywaa50xwsqwd08wtnzyj7wa3ux429fketrlal83gfycf3pgjs,1127,0.0,0.0,0.4489795918367347,0.5510204081632653,OK,578.0,577.0,0.9982698961937716,77049857.43847486,33875845.0,3.0377512312822916,0.0,OK,1.0,1,secp256k1_blake160_sighash_all,0.0,OK,0.0,0.0,0.0,578.0,,OK,1,1,0.0,1.0,,OK,608213.73501366,607214.61100322,-999.1240104400786,0,False
ckb1qzda0cr08m85hc8jlnfp3zer7xulejywt49kt2rr0vthywaa50xwsqdwd0h8eflp0j2qee9vtfhyhdtmn3p4wrqzdsaew,547,0.0,0.0018281535648994515,0.45886654478976235,0.5393053016453382,OK,283.0,283.0,1.0,65752780.19787986,33882404.0,1.864744805412133,0.0,OK,1.0,1,secp256k1_blake160_sighash_all,0.0,OK,0.0,0.0,0.0,283.0,,OK,1,2,0.0,1.0,,OK,368599.46129849,368599.46129849,0.0,0,False
ckb1qzda0cr08m85hc8jlnfp3zer7xulejywt49kt2rr0vthywaa50xwsqvp8xhg5clq467hh46ucqyj3ewsz8ym6hcgnrf4z,999,0.0,0.0,0.35135135135135137,0.6486486486486487,OK,537.0,537.0,1.0,96375027.41713221,33887427.0,1.9805718210966907,0.0,OK,1.0,1,secp256k1_blake160_sighash_all,0.0,OK,0.0,0.0,0.0,537.0,,OK,1,1,0.0,1.0,,OK,310342.37775249,313153.428704,2811.0509515100275,0,False
ckb1qzda0cr08m85hc8jlnfp3zer7xulejywt49kt2rr0vthywaa50xwsq0d9ma6yrsj0r83e5qhf0ja2x39ph8gc0qgkmu25,1399,0.0,0.0,0.46890636168691924,0.5310936383130808,OK,728.0,727.0,0.9986263736263736,80233401.57221457,33876291.0,2.544375500694163,0.0,OK,1.0,1,secp256k1_blake160_sighash_all,0.0,OK,0.0,0.0,0.0,728.0,,OK,1,1,0.0,1.0,,OK,891970.65751859,891143.99622439,-826.661294199992,0,False
ckb1qzda0cr08m85hc8jlnfp3zer7xulejywt49kt2rr0vthywaa50xwsqdzm8lk39ashezjh2pdyrdz7nw0j43av9ce3k38n,812,0.0,0.0,0.21182266009852216,0.7881773399014779,OK,436.0,435.0,0.9977064220183486,156937299.75862068,33889638.0,2.625523395332368,0.0,OK,1.0,1,secp256k1_blake160_sighash_all,0.0,OK,0.0,0.0,0.0,436.0,,OK,1,1,0.0,1.0,,OK,125448.36341267,126020.20116064,571.8377479699993,0,False
ckb1qzda0cr08m85hc8jlnfp3zer7xulejywt49kt2rr0vthywaa50xwsqdv7nz5efx58k589jup242p9f5lhx9mwgc3rtspx,9,0.0,0.0,0.0,1.0,OK,,,,,,,,,1.0,1,secp256k1_blake160_sighash_all,0.0,OK,0.0,0.0,,,,,0,1,0.0,,,OK,0.0,4351.75886687,4351.75886687,0,False
ckb1qzda0cr08m85hc8jlnfp3zer7xulejywt49kt2rr0vthywaa50xwsqg2ww55lsgft0gcwr3d3t4q080au6w59dcm27x2h,1043,0.0,0.0,0.49856184084372,0.50143815915628,OK,522.0,522.0,1.0,4866118.026819923,1250845.0,8.05756314118421,0.0,OK,1.0,1,secp256k1_blake160_sighash_all,0.0,OK,0.0,0.0,0.0,522.0,,OK,2,1,0.0,0.8293527977531325,0.45032453008890466,OK,98254.93390392,98619.34891362,364.4150096999947,0,False
ckb1qzda0cr08m85hc8jlnfp3zer7xulejywt49kt2rr0vthywaa50xwsqvtdygskru5q65j5d3juvhf4mt9px5aewsvuteqn,679,0.0,0.0,0.374079528718704,0.625920471281296,OK,370.0,370.0,1.0,160893675.64054054,33894043.5,2.5541586860696017,0.0,OK,1.0,1,secp256k1_blake160_sighash_all,0.0,OK,0.0,0.0,0.0,370.0,,OK,1,1,0.0,1.0,,OK,198225.68496395,200397.41197252,2171.7270085699856,0,False
ckb1qzda0cr08m85hc8jlnfp3zer7xulejywt49kt2rr0vthywaa50xwsqdzt3t3nzcdsvaxvkqvfn6p3lxdk3f9agguqwlys,1072,0.0,0.0,0.3358208955223881,0.664179104477612,OK,595.0,594.0,0.9983193277310924,265773356.13131315,33894790.5,2.415755404498915,0.0,OK,1.0,1,secp256k1_blake160_sighash_all,0.0,OK,0.0,0.0,0.0,595.0,,OK,1,1,0.0,1.0,,OK,196802.510855,196541.09781001,-261.41304499001126,0,False
ckb1qzda0cr08m85hc8jlnfp3zer7xulejywt49kt2rr0vthywaa50xwsqgt4w6g2rka0ufkctegwzcmm7g2gc8hvhgu5xy24,533,0.0,0.0,0.31894934333958724,0.6810506566604128,OK,291.0,291.0,1.0,171965277.27147767,33897929.0,2.2235544569310304,0.0,OK,1.0,1,secp256k1_blake160_sighash_all,0.0,OK,0.0,0.0,0.0,291.0,,OK,1,1,0.0,1.0,,OK,40403.35383081,40403.35383081,0.0,0,False
ckb1qzda0cr08m85hc8jlnfp3zer7xulejywt49kt2rr0vthywaa50xwsqw4k0cfcpvzekpmze0czdkzpxqf4dgqaycetlmuf,342,0.0,0.0,0.5,0.5,OK,171.0,171.0,1.0,3283917.830409357,1352799.0,5.385749676510544,0.0,OK,1.0,1,secp256k1_blake160_sighash_all,0.0,OK,0.0,0.0,0.0,171.0,,OK,2,1,0.0,0.9487345785817825,0.17561694397473576,OK,21480.08410744,21480.08410744,0.0,0,False
ckb1qzda0cr08m85hc8jlnfp3zer7xulejywt49kt2rr0vthywaa50xwsqvmjk724y9qgf30ccu4zqd5aktvd4e8hcq3r3exj,340,0.0,0.0,0.5,0.5,OK,170.0,170.0,1.0,11038838.029411765,4189779.5,5.649673977481612,0.0,OK,1.0,1,secp256k1_blake160_sighash_all,0.0,OK,0.0,0.0,0.0,170.0,,OK,1,1,0.0,1.0,,OK,21667.79389624,21667.79389624,0.0,0,False
ckb1qzda0cr08m85hc8jlnfp3zer7xulejywt49kt2rr0vthywaa50xwsqteqxahcw2yy83y4svgzgg7aqk58708pqgfmxclg,366,0.0,0.0,0.5,0.5,OK,183.0,183.0,1.0,2964195.650273224,1297379.0,4.146743903800883,0.0,OK,1.0,1,secp256k1_blake160_sighash_all,0.0,OK,0.0,0.0,0.0,183.0,,OK,2,1,0.0,0.8211757402864264,0.46666401950631314,OK,22051.06931059,22051.06931059,0.0,0,False
ckb1qzda0cr08m85hc8jlnfp3zer7xulejywt49kt2rr0vthywaa50xwsqfs65nfxwjwhd2q8t9vpan08q7tr76pugseqqmtp,396,0.0,0.0,0.5,0.5,OK,198.0,198.0,1.0,2806658.707070707,1275219.0,4.170781484048089,0.0,OK,1.0,1,secp256k1_blake160_sighash_all,0.0,OK,0.0,0.0,0.0,198.0,,OK,2,1,0.0,0.8306337311212622,0.44774488392493833,OK,24490.65154167,24490.65154167,0.0,0,False
ckb1qzda0cr08m85hc8jlnfp3zer7xulejywt49kt2rr0vthywaa50xwsqdev8tckcmflyqm9ucs7dkfaqjhfp6ar7cxed08m,332,0.0,0.0,0.5,0.5,OK,166.0,166.0,1.0,7511072.21686747,1829063.5,3.5301700407928114,0.0,OK,1.0,1,secp256k1_blake160_sighash_all,0.0,OK,0.0,0.0,0.0,166.0,,OK,3,1,0.0,0.666083881391204,0.5642147960704154,OK,20612.74001039,20612.74001039,0.0,0,False
ckb1qzda0cr08m85hc8jlnfp3zer7xulejywt49kt2rr0vthywaa50xwsq2ejd8f7wnaln83fx7u8g5tr0sv8jpuwpqdfm05a,270,0.0,0.0,0.5,0.5,OK,135.0,135.0,1.0,3080364.125925926,1347943.0,3.755916366344705,0.0,OK,1.0,1,secp256k1_blake160_sighash_all,0.0,OK,0.0,0.0,0.0,135.0,,OK,2,1,0.0,0.5057581718247968,0.9916766952298453,OK,17017.21478324,17017.21478324,0.0,0,False
ckb1qzda0cr08m85hc8jlnfp3zer7xulejywt49kt2rr0vthywaa50xwsqgggfv0k0gj6r4du3z58c6d39fq6vn7hps0v89nt,986,0.0,0.0010141987829614604,0.49898580121703856,0.5,OK,494.0,494.0,1.0,5283103.530364373,1286248.0,7.739250084698083,0.0,OK,1.0,1,secp256k1_blake160_sighash_all,0.0,OK,0.0,0.0,0.0,494.0,,OK,2,2,0.0,0.5258103772386834,0.962436330055923,OK,1096016.33005562,1096198.08110952,181.75105389999226,0,False
ckb1qzda0cr08m85hc8jlnfp3zer7xulejywt49kt2rr0vthywaa50xwsqv5fy2zkt07lz0jwtsukxstvhr9u7rx2zc38tmwe,342,0.0,0.0,0.35964912280701755,0.6403508771929824,OK,180.0,180.0,1.0,140753047.56666666,33903621.5,1.8887381316843075,0.0,OK,1.0,1,secp256k1_blake160_sighash_all,0.0,OK,0.0,0.0,0.0,180.0,,OK,1,8,0.0,1.0,,OK,46345.87706161,46345.87706161,0.0,0,False
ckb1qzda0cr08m85hc8jlnfp3zer7xulejywt49kt2rr0vthywaa50xwsqfkame6ddm458vr9j43h04m2hq3uecnxlgr77utf,151,0.0,0.0,0.019867549668874173,0.9801324503311258,OK,135.0,135.0,1.0,12144372172.518518,10409404716.0,0.7939040278892058,0.0,OK,1.0,1,secp256k1_blake160_sighash_all,0.0,OK,0.0,0.0,0.0,135.0,,OK,7,1,0.0,0.40249769513707395,0.5946693762069666,OK,17199.85143341,18569.3831714,1369.5317379900007,0,False
ckb1qzda0cr08m85hc8jlnfp3zer7xulejywt49kt2rr0vthywaa50xwsq05n6zvckahhuks4wl9rznllcfgralwl3gqs5rqt,244,0.0,0.0,0.5,0.5,OK,122.0,122.0,1.0,2627791.975409836,1298041.5,4.108875729205706,0.0,OK,1.0,1,secp256k1_blake160_sighash_all,0.0,OK,0.0,0.0,0.0,122.0,,OK,2,1,0.0,0.8359830330002596,0.43691132417080675,OK,15262.3139349,15262.3139349,0.0,0,False
ckb1qzda0cr08m85hc8jlnfp3zer7xulejywt49kt2rr0vthywaa50xwsq2euh7k90hhj7v75y8kjxlm0qgtg8pdxjqqktt4m,265,0.0,0.0,0.022641509433962263,0.9773584905660377,OK,100.0,100.0,1.0,846324149.84,591183451.5,1.2654257845484143,0.0,OK,1.0,1,secp256k1_blake160_sighash_all,0.0,OK,0.0,0.0,0.0,100.0,,OK,1,1,0.0,1.0,,OK,2501511.12406215,6648845.93190169,4147334.80783954,0,False
ckb1qzda0cr08m85hc8jlnfp3zer7xulejywt49kt2rr0vthywaa50xwsqw6pm0xlgq3kdfmf29zqd9yfpd8q2g6duqjl7wqm,523,0.0,0.0,0.49904397705544934,0.5009560229445507,OK,261.0,261.0,1.0,2055157.5478927202,1307681.0,1.8369613312796813,0.0,OK,1.0,1,secp256k1_blake160_sighash_all,0.0,OK,0.0,0.0,0.0,261.0,,OK,1,1,0.0,1.0,,OK,37116.59200963,37290.11839206,173.5263824299982,0,False
ckb1qzda0cr08m85hc8jlnfp3zer7xulejywt49kt2rr0vthywaa50xwsqg7s83aycfqw32rp2cl30mezyc5l5q4zfqppp5t0,448,0.0,0.0,0.49776785714285715,0.5022321428571429,OK,224.0,224.0,1.0,2620447.40625,1333997.0,2.802076422507759,0.0,OK,1.0,1,secp256k1_blake160_sighash_all,0.0,OK,0.0,0.0,0.0,224.0,,OK,1,1,0.0,1.0,,OK,32193.03950066,32367.75508319,174.71558252999966,0,False
ckb1qzda0cr08m85hc8jlnfp3zer7xulejywt49kt2rr0vthywaa50xwsqts8lza76xjqvsahh9zhwwpacxd30ctx7gmvqr75,60,0.0,0.016666666666666666,0.5,0.48333333333333334,OK,30.0,30.0,1.0,3004656.8666666667,1515425.5,2.626495599074264,0.0,OK,1.0,1,secp256k1_blake160_sighash_all,0.0,OK,0.0,0.0,0.0,30.0,,OK,1,2,0.0,1.0,,OK,24323.15065487,24499.76936651,176.61871163999967,0,False
ckb1qzda0cr08m85hc8jlnfp3zer7xulejywt49kt2rr0vthywaa50xwsq2qje0r5vg9pzmpz4uqt7fw32qvcp4a8cc7deems,482,0.0,0.0,0.5020746887966805,0.4979253112033195,OK,241.0,241.0,1.0,3209401.755186722,1298498.0,4.5877719531900985,0.0,OK,1.0,1,secp256k1_blake160_sighash_all,0.0,OK,0.0,0.0,0.0,241.0,,OK,2,3,0.0,0.7791371504400435,0.5475131510989005,OK,278721.55073775,278721.55073775,0.0,0,False
ckb1qzda0cr08m85hc8jlnfp3zer7xulejywt49kt2rr0vthywaa50xwsq2wctw0r06v9ecgf0w8wv33vfkkdp5em2gaet4lw,343,0.0,0.0,0.49271137026239065,0.5072886297376094,OK,169.0,169.0,1.0,158220.60946745562,146630.0,0.341223638028315,0.0,OK,1.0,1,secp256k1_blake160_sighash_all,0.0,OK,0.0,0.0,0.0,169.0,,OK,11,1,0.0,0.09454233615426919,0.9910078519089938,OK,20929.81929872,21816.96225004,887.1429513200019,0,False
ckb1qzda0cr08m85hc8jlnfp3zer7xulejywt49kt2rr0vthywaa50xwsq2hh36z6qmk3vjqha2lv9vykuxwexsaazqx40dhd,1282,0.0,0.0,0.2995319812792512,0.7004680187207488,OK,697.0,696.0,0.9985652797704447,260951410.96120688,33894921.5,2.847490120485885,0.0,OK,1.0,1,secp256k1_blake160_sighash_all,0.0,OK,0.0,0.0,0.0,697.0,,OK,1,1,0.0,1.0,,OK,256857.48527144,255890.56882456,-966.9164468800009,0,False
ckb1qzda0cr08m85hc8jlnfp3zer7xulejywt49kt2rr0vthywaa50xwsqw4masztz302vmjlz02qkdx0u2h77v52jswycyu5,1083,0.0,0.0,0.3425669436749769,0.6574330563250231,OK,598.0,597.0,0.9983277591973244,281737676.09380233,33895327.0,2.9049081555588194,0.0,OK,1.0,1,secp256k1_blake160_sighash_all,0.0,OK,0.0,0.0,0.0,598.0,,OK,1,1,0.0,1.0,,OK,198466.0367533,198205.49222439,-260.544528909988,0,False
ckb1qzda0cr08m85hc8jlnfp3zer7xulejywt49kt2rr0vthywaa50xwsq0dtptjfpdqwdy4u8uukg2msx5l7vhwt4q2t2k08,828,0.0,0.0,0.5,0.5,OK,414.0,414.0,1.0,5010638.492753623,1273763.0,8.31620127175135,0.0,OK,1.0,1,secp256k1_blake160_sighash_all,0.0,OK,0.0,0.0,0.0,414.0,,OK,2,1,0.0,0.5836610471064453,0.8756888890088623,OK,75768.98472112,75768.98472112,0.0,0,False
ckb1qzda0cr08m85hc8jlnfp3zer7xulejywt49kt2rr0vthywaa50xwsq0anxptffq8enukzzyc9yjry5kt3ugua2gg39eh9,10,0.0,0.0,0.0,1.0,OK,,,,,,,,,1.0,1,secp256k1_blake160_sighash_all,0.0,OK,0.0,0.0,,,,,0,1,0.0,,,OK,0.0,2172.66169385,2172.66169385,0,False
ckb1qzda0cr08m85hc8jlnfp3zer7xulejywt49kt2rr0vthywaa50xwsqgnfvuxythnvn6vprmx6jxl9fqh5ezez8q9guwpx,756,0.0,0.0,0.31084656084656087,0.6891534391534392,OK,420.0,420.0,1.0,234180285.80952382,33899941.0,2.363518882643413,0.0,OK,1.0,1,secp256k1_blake160_sighash_all,0.0,OK,0.0,0.0,0.0,420.0,,OK,1,1,0.0,1.0,,OK,90448.24080009,91911.73342782,1463.4926277299965,0,False
ckb1qzda0cr08m85hc8jlnfp3zer7xulejywt49kt2rr0vthywaa50xwsqdkqd8la4z3aqeh8v4c3fdsr4efuxf9slcdenyvw,742,0.09703504043126684,0.0,0.25067385444743934,0.6522911051212938,OK,444.0,444.0,1.0,63251894.93693694,1201502.0,3.1236758421665,0.0,OK,1.0,1,secp256k1_blake160_sighash_all,0.0,OK,0.0,0.0,0.0,444.0,,OK,1,1,0.0,1.0,,OK,61829.899463,67381.51341787,5551.613954869994,0,False
ckb1qzda0cr08m85hc8jlnfp3zer7xulejywt49kt2rr0vthywaa50xwsqvyeguxz4y45vydqtdrvz6xz43tlcdc7acjhkesk,456,0.5,0.4956140350877193,0.0,0.0043859649122807015,OK,228.0,228.0,1.0,1042708.4868421053,907934.5,0.6302712088439366,0.0,OK,1.0,1,secp256k1_blake160_sighash_all,0.0,OK,0.0,0.0,0.0,228.0,,OK,1,1,0.0,1.0,,OK,1291399.03662184,1291399.03662184,0.0,0,False
ckb1qzda0cr08m85hc8jlnfp3zer7xulejywt49kt2rr0vthywaa50xwsq02rtsalknt9nezey405ay2gek8v5x0ncc3fd62k,752,0.5,0.49601063829787234,0.0,0.003989361702127659,OK,376.0,376.0,1.0,1089921.4734042552,912796.0,0.5050960063671581,0.0,OK,1.0,1,secp256k1_blake160_sighash_all,0.0,OK,0.0,0.0,0.0,376.0,,OK,1,1,0.0,1.0,,OK,858565.50145292,858565.50145292,0.0,0,False
ckb1qzda0cr08m85hc8jlnfp3zer7xulejywt49kt2rr0vthywaa50xwsqwpyugm7a4wtc5tphl0lwzjhcf9fu2l0ksdaezkc,1119,0.49865951742627346,0.14655942806076855,0.0008936550491510277,0.353887399463807,OK,560.0,560.0,1.0,632690.3267857142,588558.0,1.049472985331419,0.0,OK,1.0,1,secp256k1_blake160_sighash_all,0.0,OK,0.0,0.0,0.0,560.0,,OK,1,1,0.0,1.0,,OK,337981.20574967,337981.20574967,0.0,0,False
ckb1qzda0cr08m85hc8jlnfp3zer7xulejywt49kt2rr0vthywaa50xwsq258cy8km6ddpzdassg6ksjqjvdr3c0aeqavzlpd,134,0.5,0.5,0.0,0.0,OK,67.0,67.0,1.0,860493.432835821,902892.0,0.251644360171666,0.0,OK,1.0,1,secp256k1_blake160_sighash_all,0.0,OK,0.0,0.0,0.0,67.0,,OK,1,1,0.0,1.0,,OK,15095.25124103,15095.25124103,0.0,0,False
ckb1qzda0cr08m85hc8jlnfp3zer7xulejywt49kt2rr0vthywaa50xwsqtcpq6rsr3xmfz4xnav7vrszp3qwpcv9yg8urgcw,85,0.0,0.5411764705882353,0.0,0.4588235294117647,OK,,,,,,,,,1.0,1,secp256k1_blake160_sighash_all,0.0,OK,0.0,0.0,,,,,0,1,0.0,,,OK,0.0,42684.87025271,42684.87025271,0,False
ckb1qzda0cr08m85hc8jlnfp3zer7xulejywt49kt2rr0vthywaa50xwsqfkwd5sdf803w98t5l5yk4k2myy60x3qyqzn876v,1206,0.0,0.3888888888888889,0.001658374792703151,0.6094527363184079,OK,592.0,592.0,1.0,957868775.4341216,615524646.5,0.9886574688095675,0.0,OK,1.0,1,secp256k1_blake160_sighash_all,0.0,OK,0.0,0.0,0.0,592.0,,OK,2,4,0.2,0.9989370930922292,0.006550624704185576,OK,384509.00174492,758304.92915427,373795.92740935,0,False
ckb1qzda0cr08m85hc8jlnfp3zer7xulejywt49kt2rr0vthywaa50xwsq2qjj3mqkrdhzuga2qfzf72ma38xhpsaasfj3trw,904,0.0022123893805309734,0.15376106194690264,0.497787610619469,0.34623893805309736,OK,452.0,452.0,1.0,2263262.5508849556,2333624.0,0.4582905589367638,0.0,OK,1.0,1,secp256k1_blake160_sighash_all,0.0,OK,0.0,0.0,0.0,452.0,,OK,2,1,0.0,0.6238864388204732,0.8130422383335926,OK,271338.48822941,271338.48822941,0.0,0,False
ckb1qzda0cr08m85hc8jlnfp3zer7xulejywt49kt2rr0vthywaa50xwsqdytgmu0z5yskwrnegfptr3n4pcx9d6tlswehku8,124,0.0,0.49193548387096775,0.5,0.008064516129032258,OK,62.0,62.0,1.0,2214049.080645161,2034455.5,0.5227544463176816,0.0,OK,1.0,1,secp256k1_blake160_sighash_all,0.0,OK,0.0,0.0,0.0,62.0,,OK,2,1,0.0,0.9291077333570339,0.22742472497231125,OK,13933.2994185,13933.2994185,0.0,0,False
ckb1qzda0cr08m85hc8jlnfp3zer7xulejywt49kt2rr0vthywaa50xwsq0y9wlz9hgd8yt8rtckqxejvja2wtde45sxllrnv,1374,0.001455604075691412,0.49708879184861715,0.4985443959243086,0.002911208151382824,OK,687.0,687.0,1.0,3242686.4949053857,2285297.0,4.927370506128924,0.0,OK,1.0,1,secp256k1_blake160_sighash_all,0.0,OK,0.0,0.0,0.0,687.0,,OK,2,1,0.0,0.8903945565369327,0.3202121294984691,OK,1297920.16886693,1297920.16886693,0.0,0,False
ckb1qzda0cr08m85hc8jlnfp3zer7xulejywt49kt2rr0vthywaa50xwsqfjhl5nx82y5z2xdhwqhg34vkzta6gttgc05sfu2,1312,0.5,0.4969512195121951,0.0,0.003048780487804878,OK,656.0,656.0,1.0,630258.8887195121,607408.5,0.20261974010150127,0.0,OK,1.0,1,secp256k1_blake160_sighash_all,0.0,OK,0.0,0.0,0.0,656.0,,OK,1,1,0.0,1.0,,OK,475639.93746192,475639.93746192,0.0,0,False
ckb1qzda0cr08m85hc8jlnfp3zer7xulejywt49kt2rr0vthywaa50xwsqf8dmcwxvvdpwl6uefpwajgydh4un9yulqxl5y8f,1648,0.0,0.33859223300970875,0.220873786407767,0.4405339805825243,OK,1227.0,1227.0,1.0,91680600.8801956,52377083.0,1.5138567446976015,0.0,OK,1.0,1,secp256k1_blake160_sighash_all,0.0,OK,0.0,0.0,0.0,1227.0,,OK,1,3,0.0,1.0,,OK,978443.50011183,980081.76989384,1638.2697820100002,0,False
ckb1qzda0cr08m85hc8jlnfp3zer7xulejywt49kt2rr0vthywaa50xwsqwg4vuyxa8u6yekv7n3vevs5xj6mzn5rxgeudapp,742,0.5,0.49595687331536387,0.0,0.004043126684636119,OK,371.0,371.0,1.0,515107.64420485176,521002.0,0.3451464220967902,0.0,OK,1.0,1,secp256k1_blake160_sighash_all,0.0,OK,0.0,0.0,0.0,371.0,,OK,1,1,0.0,1.0,,OK,1897922.92438859,1897922.92438859,0.0,0,False
ckb1qzda0cr08m85hc8jlnfp3zer7xulejywt49kt2rr0vthywaa50xwsqgrz3hvgkrdt2k7cfdpwj8dfnunvjtssssjl8n5h,90,0.5,0.5,0.0,0.0,OK,45.0,45.0,1.0,495949.2888888889,521002.0,0.3832094022742394,0.0,OK,1.0,1,secp256k1_blake160_sighash_all,0.0,OK,0.0,0.0,0.0,45.0,,OK,1,2,0.0,1.0,,OK,307057.49678576,307057.49678576,0.0,0,False
ckb1qrgqep8saj8agswr30pls73hra28ry8jlnlc3ejzh3dl2ju7xxpjxqgqqxvxkq3zapxvyv6qktfyhq84puycg59s2q0smpl6,731,0.0013679890560875513,0.006839945280437756,0.0,0.9917920656634747,OK,1445.0,1445.0,1.0,258851475.30795848,259098865.0,0.18453452246850005,0.0,OK,1.0,1,unrecognized,0.0,OK,0.004132231404958678,3.0,0.0,1445.0,,OK,5,10,0.36363636363636365,0.24757233791982827,0.9327439093604805,OK,229984.37251998,231082.2039437,1097.8314237199957,0,False
ckb1qzda0cr08m85hc8jlnfp3zer7xulejywt49kt2rr0vthywaa50xwsqg40ucnf7tt8zvnje7xhatf3yllc8zh4pqq25wqh,2931,0.0,0.4592289321050836,0.001364721937905152,0.5394063459570113,OK,164.0,164.0,1.0,1232626992.304878,1198125651.0,0.6841349050342974,0.0,OK,1.0,1,secp256k1_blake160_sighash_all,0.0,OK,0.0,0.0,0.0,164.0,,OK,1,1,0.0,1.0,,OK,89256.39455282,1721229.02512112,1631972.6305683001,0,False
ckb1qzda0cr08m85hc8jlnfp3zer7xulejywt49kt2rr0vthywaa50xwsq0z3cryxyjf4df3u2p4t4t2ujzhwa74wpga7me7t,1781,0.0,0.9904548006737788,0.0,0.009545199326221224,OK,1781.0,1780.0,0.9994385176866929,45597377.6494382,35098694.0,0.9355534518214771,0.0,OK,1.0,1,secp256k1_blake160_sighash_all,0.0,OK,0.0,0.0,0.0,1781.0,,OK,885,2,0.0,0.01299750987757851,0.7474075752424888,OK,9891735657.676521,9886389289.713575,-5346367.962945938,0,False
ckb1qzda0cr08m85hc8jlnfp3zer7xulejywt49kt2rr0vthywaa50xwsqtjv4gnawq9taamz2yvlh5pe06vaw2u66qmwqjs7,1391,0.0,0.4982027318475917,0.49892163910855497,0.002875629043853343,OK,696.0,696.0,1.0,3458762.363505747,1420010.0,5.396794549499903,0.0,OK,1.0,1,secp256k1_blake160_sighash_all,0.0,OK,0.0,0.0,0.0,696.0,,OK,2,1,0.0,0.6450140750694411,0.7792794154479765,OK,1362352.69888265,1367424.9530136,5072.254130950198,0,False
ckb1qrgqep8saj8agswr30pls73hra28ry8jlnlc3ejzh3dl2ju7xxpjxqgqq899vvrx27ql0lgaj7x39zamtj8m5twumgvv6h4q,53,0.05660377358490566,0.8867924528301887,0.0,0.05660377358490566,OK,4.0,4.0,1.0,214587.75,212719.0,0.47713115995801364,0.0,INSUFFICIENT_EVIDENCE,1.0,1,unrecognized,0.0,OK,0.07547169811320754,2.0,0.0,4.0,,OK,1,4,0.0,1.0,,OK,59832.09172138,129398.45774963,69566.36602825,0,False
ckb1qzda0cr08m85hc8jlnfp3zer7xulejywt49kt2rr0vthywaa50xwsq2cf62jx0mk0t2c2xdrgmy43rqumz8t0gsvd6jh7,1393,0.0,0.4989231873653984,0.49820531227566406,0.002871500358937545,OK,698.0,698.0,1.0,3942160.2435530084,1419282.5,4.9603747837850225,0.0,OK,1.0,1,secp256k1_blake160_sighash_all,0.0,OK,0.0,0.0,0.0,698.0,,OK,2,1,0.0,0.6572390539476467,0.7594515547611582,OK,396760.03326076,397680.93578737,920.902526610007,0,False
ckb1qzda0cr08m85hc8jlnfp3zer7xulejywt49kt2rr0vthywaa50xwsqv52twl330j4d2n858snefzewnuwchku7ql2qas8,1394,0.0,0.49928263988522237,0.49784791965566716,0.0028694404591104736,OK,699.0,699.0,1.0,3791195.721030043,1417857.0,5.132842982637911,0.0,OK,1.0,1,secp256k1_blake160_sighash_all,0.0,OK,0.0,0.0,0.0,699.0,,OK,2,1,0.0,0.6846227588316016,0.7142059592693065,OK,1792534.02200748,1795878.48165196,3344.45964447991,0,False
ckb1qzda0cr08m85hc8jlnfp3zer7xulejywt49kt2rr0vthywaa50xwsqdqex3u79vvhdzdfu66k5rd877nwea2xhszxnv47,872,0.0,0.49770642201834864,0.4988532110091743,0.0034403669724770644,OK,437.0,437.0,1.0,3764498.752860412,1412796.0,5.3965678205338685,0.0,OK,1.0,1,secp256k1_blake160_sighash_all,0.0,OK,0.0,0.0,0.0,437.0,,OK,2,1,0.0,0.5130626763249885,0.9810716145597119,OK,361178.75709254,361178.75709254,0.0,0,False
ckb1qzda0cr08m85hc8jlnfp3zer7xulejywt49kt2rr0vthywaa50xwsqvywhujlcxgs2glnv60xj83vzczrewnmcq7zy8t8,469,0.0042643923240938165,0.9317697228144989,0.057569296375266525,0.006396588486140725,OK,404.0,403.0,0.9975247524752475,1355108257.9776676,1126591711.0,0.7775435976629664,0.0,OK,1.0,1,secp256k1_blake160_sighash_all,0.0,OK,0.0,0.0,0.0,404.0,,OK,2,2,0.0,0.9834967739724678,0.06944355998044145,OK,120309.81005941,136447.12404779,16137.313988380018,0,False
ckb1qzda0cr08m85hc8jlnfp3zer7xulejywt49kt2rr0vthywaa50xwsqvyj2r4yc3a4cch60f6xdk37zuyvhfm30gnzj3gx,566,0.0,0.49823321554770317,0.49823321554770317,0.0035335689045936395,OK,283.0,283.0,1.0,2778938.929328622,1389203.0,5.054309438506852,0.0,OK,1.0,1,secp256k1_blake160_sighash_all,0.0,OK,0.0,0.0,0.0,283.0,,OK,2,1,0.0,0.7184150281383164,0.6566385695539299,OK,75045.25369343,75298.34224316,253.08854973000416,0,False
ckb1qzda0cr08m85hc8jlnfp3zer7xulejywt49kt2rr0vthywaa50xwsqv8mt7uj0ynsd25vlufex6xm5czh04nglsd68gcc,804,0.026119402985074626,0.8669154228855721,0.0845771144278607,0.022388059701492536,OK,697.0,694.0,0.9956958393113343,804092752.8040346,564895759.0,0.9211381687023388,0.0,OK,1.0,1,secp256k1_blake160_sighash_all,0.0,OK,0.0,0.0,0.0,697.0,,OK,1,2,0.0,1.0,,OK,2051233.47426669,2230971.14351656,179737.66924987012,0,False
ckb1qzda0cr08m85hc8jlnfp3zer7xulejywt49kt2rr0vthywaa50xwsqws78vs7l7djw5jpvttxpe6semy4fzarecvme860,282,0.0,0.975177304964539,0.0,0.024822695035460994,OK,202.0,170.0,0.8415841584158416,19521141302.55294,19519932268.5,0.6136434296115009,0.0,OK,1.0,1,secp256k1_blake160_sighash_all,0.0,OK,0.0,0.0,0.0,202.0,,OK,10,1,0.0,0.30084560116458664,0.6197381445824226,OK,54757.73758941,88486.89911648,33729.16152707,0,False
ckb1qzda0cr08m85hc8jlnfp3zer7xulejywt49kt2rr0vthywaa50xwsq267kk27maadm0c09luxfqgfacyt70arugh7lh8k,94,0.0,0.9148936170212766,0.05319148936170213,0.031914893617021274,OK,39.0,3.0,0.07692307692307693,895251299.6666666,895287361.0,0.5515407261055888,0.0,INSUFFICIENT_EVIDENCE,1.0,1,secp256k1_blake160_sighash_all,0.0,OK,0.0,0.0,0.0,39.0,,OK,3,1,0.0,0.3671951159860285,0.9552907805517418,OK,16913.04470644,178831.79536665,161918.75066021,0,False
ckb1qzda0cr08m85hc8jlnfp3zer7xulejywt49kt2rr0vthywaa50xwsqgvf6u2sgx8ud45x9dy6gqwl2rx5625w8g52tt66,275,0.0,0.49818181818181817,0.49818181818181817,0.0036363636363636364,OK,138.0,138.0,1.0,1836215.652173913,1345387.5,1.7713893018744922,0.0,OK,1.0,1,secp256k1_blake160_sighash_all,0.0,OK,0.0,0.0,0.0,138.0,,OK,2,1,0.0,0.8882601954896985,0.32505066592952087,OK,36132.89339561,36132.89339561,0.0,0,False
ckb1qzda0cr08m85hc8jlnfp3zer7xulejywt49kt2rr0vthywaa50xwsqgzsfhz25zu4du35s2eyyre700dhhc04pqghrdgn,641,0.0,0.500780031201248,0.49921996879875197,0.0,OK,320.0,320.0,1.0,3495055.871875,1448944.5,4.229363624420878,0.0,OK,1.0,1,secp256k1_blake160_sighash_all,0.0,OK,0.0,0.0,0.0,320.0,,OK,2,1,0.0,0.8021478201521299,0.5038778679971762,OK,92600.47441644,92920.07530462,319.6008881799935,0,False
ckb1qzda0cr08m85hc8jlnfp3zer7xulejywt49kt2rr0vthywaa50xwsqglfcyvg2tr5h09lxhcgrlezm7cuz3ywkcf8tp3d,31,0.0,1.0,0.0,0.0,OK,,,,,,,,,1.0,1,secp256k1_blake160_sighash_all,0.0,OK,0.0,0.0,,,,,0,2,0.0,,,OK,0.0,69444.90760399,69444.90760399,0,False
ckb1qzda0cr08m85hc8jlnfp3zer7xulejywt49kt2rr0vthywaa50xwsqvdu4tnf9uueqjdd4k57c8hh5g458jlvlsk90qe4,454,0.0,0.9647577092511013,0.0,0.03524229074889868,OK,264.0,264.0,1.0,13058073026.810606,13721599592.0,0.6039363624641616,0.0,OK,1.0,1,secp256k1_blake160_sighash_all,0.0,OK,0.0,0.0,0.0,264.0,,OK,1,14,0.0,1.0,,OK,296904.80222071,872064.18976606,575159.38754535,0,False
ckb1qzda0cr08m85hc8jlnfp3zer7xulejywt49kt2rr0vthywaa50xwsqt5hd8ra55wkxyswhn2w70tvgp8pzwvapqeasdg3,136,0.0,0.9705882352941176,0.029411764705882353,0.0,OK,30.0,30.0,1.0,360045889.06666666,287166551.5,0.7334028703415733,0.0,OK,1.0,1,secp256k1_blake160_sighash_all,0.0,OK,0.0,0.0,0.0,30.0,,OK,1,1,0.0,1.0,,OK,545467.3534896,3004771.77615854,2459304.42266894,0,False
ckb1qzda0cr08m85hc8jlnfp3zer7xulejywt49kt2rr0vthywaa50xwsq0uddvtx7dvuxl3cyasr6820dwuslmvvnqa8qtus,30,0.0,0.8333333333333334,0.0,0.16666666666666666,OK,23.0,23.0,1.0,713467818.9565217,765958412.0,0.6305399989365222,0.0,OK,1.0,1,secp256k1_blake160_sighash_all,0.0,OK,0.0,0.0,0.0,23.0,,OK,1,2,0.0,1.0,,OK,430431.28811472,489066.82586686,58635.537752139964,0,False
ckb1qzda0cr08m85hc8jlnfp3zer7xulejywt49kt2rr0vthywaa50xwsq084l0edu0ucchdngufewmh2mp2mlmqk8cqsq99n,2128,0.5,0.06015037593984962,0.0,0.4398496240601504,OK,1064.0,1064.0,1.0,605647.0404135338,609731.0,0.44733936702103155,0.0,OK,1.0,1,secp256k1_blake160_sighash_all,0.0,OK,0.0,0.0,0.0,1064.0,,OK,1,1,0.0,1.0,,OK,877836.77136566,877836.77136566,0.0,0,False
ckb1qzda0cr08m85hc8jlnfp3zer7xulejywt49kt2rr0vthywaa50xwsq2e0epw8crx5qg3qz0v43fy5mql74jketq6hmau6,1413,0.0,0.46284501061571126,0.0,0.5371549893842887,OK,809.0,809.0,1.0,6139023202.772559,6193736580.0,0.6372934491578646,0.0,OK,1.0,1,secp256k1_blake160_sighash_all,0.0,OK,0.0,0.0,0.0,809.0,,OK,3,3,0.2,0.542138371177487,0.5940522420639163,OK,464351.72816732,825655.76251608,361304.03434876003,0,False
ckb1qrgqep8saj8agswr30pls73hra28ry8jlnlc3ejzh3dl2ju7xxpjxqgqqym5d4n465eu93tdcz5sycepdkatjahp9uwdcpfy,721,0.0,0.11650485436893204,0.0,0.883495145631068,OK,834.0,717.0,0.8597122302158273,4271649057.157601,2171145497.0,0.9479203662055263,0.0,OK,1.0,1,unrecognized,0.0,OK,0.0013850415512465374,1.0,0.0,834.0,,OK,3,3,0.2,0.4795102925588972,0.7217480800175515,OK,119385.49500375,112391.48840014,-6994.006603609989,0,False
ckb1qrgqep8saj8agswr30pls73hra28ry8jlnlc3ejzh3dl2ju7xxpjxqgqq8897n3kut095xgled9dpczz0t7hg7w87un0vrnk,720,0.0,0.11388888888888889,0.0,0.8861111111111111,OK,720.0,719.0,0.9986111111111111,543225837.1919333,521437919.0,0.40465429147648574,0.0,OK,1.0,1,unrecognized,0.0,OK,0.0,0.0,0.0,720.0,,OK,3,1,0.3333333333333333,0.9238580726679929,0.15849340971942674,OK,1007576.29179216,995293.28460036,-12283.007191800047,0,False
ckb1qrgqep8saj8agswr30pls73hra28ry8jlnlc3ejzh3dl2ju7xxpjxqgqqydhfg585sfcxu5gpaqs5sme8rn30c5yagaawuq2,717,0.0,0.04602510460251046,0.0,0.9539748953974896,OK,717.0,705.0,0.9832635983263598,888371593.5815603,809637478.0,0.20667772559683018,0.0,OK,1.0,1,unrecognized,0.0,OK,0.0,0.0,0.0,717.0,,OK,1,3,0.3333333333333333,1.0,,OK,128801.6772546,129991.67052716,1189.9932725599938,0,False
ckb1qrgqep8saj8agswr30pls73hra28ry8jlnlc3ejzh3dl2ju7xxpjxqgqq9fz7cfu5xla5nd3ay686gm2ajnzh89h8c48k7uz,719,0.0,0.04450625869262865,0.0,0.9554937413073713,OK,718.0,709.0,0.9874651810584958,1133602366.4626234,1127058058.0,0.1370578628408373,0.0,OK,1.0,1,unrecognized,0.0,OK,0.0,0.0,0.0,718.0,,OK,1,2,0.5,1.0,,OK,100708.7450192,101907.73822004,1198.9932008400065,0,False
ckb1qrgqep8saj8agswr30pls73hra28ry8jlnlc3ejzh3dl2ju7xxpjxqgqq97nlhckh68mupdw9w33xhp4hedejskhxs9ef2y4,735,0.07891156462585033,0.04081632653061224,0.017687074829931974,0.8625850340136054,OK,1348.0,1342.0,0.9955489614243324,192314177.1847988,172880708.0,1.9995662657072475,0.0,OK,1.0,1,unrecognized,0.0,OK,0.010332103321033211,11.0,0.0,1348.0,,OK,14,23,0.5416666666666666,0.16428047457273115,0.8112889519375864,OK,591914.02911412,594338.06485201,2424.0357378899353,0,False
ckb1qzda0cr08m85hc8jlnfp3zer7xulejywt49kt2rr0vthywaa50xwsq03z3ekhq3qhe4tz8v5kf3z08gxphswumg02rsqc,782,0.48081841432225064,0.13554987212276215,0.01278772378516624,0.37084398976982097,OK,396.0,396.0,1.0,794495.2904040404,607409.0,0.9151401875138554,0.0,OK,1.0,1,secp256k1_blake160_sighash_all,0.0,OK,0.0,0.0,0.0,396.0,,OK,1,3,0.0,1.0,,OK,369869939.0140687,369869939.0140687,0.0,0,False
ckb1qzda0cr08m85hc8jlnfp3zer7xulejywt49kt2rr0vthywaa50xwsqtr5klxrl240p2jsldlwhd6w3dv7fjj59cp6nkwy,171,0.43859649122807015,0.4619883040935672,0.04093567251461988,0.05847953216374269,OK,89.0,89.0,1.0,784065.3033707865,475495.0,1.0970098495084422,0.0,OK,1.0,1,secp256k1_blake160_sighash_all,0.0,OK,0.0,0.0,0.0,89.0,,OK,1,10,0.0,1.0,,OK,95780081.168,95780081.168,0.0,0,False
ckb1qzda0cr08m85hc8jlnfp3zer7xulejywt49kt2rr0vthywaa50xwsq2e7teagdtnarf320ckuekrnpcdc4uzpdscj99tg,2240,0.4758928571428571,0.004910714285714286,0.01607142857142857,0.503125,OK,1138.0,1138.0,1.0,905450.0826010545,938201.0,0.7864683505343054,0.0,OK,1.0,1,secp256k1_blake160_sighash_all,0.0,OK,0.0,0.0,0.0,1138.0,,OK,1,13,0.0,1.0,,OK,8605525.81590283,8605525.81590283,0.0,0,False
ckb1qzda0cr08m85hc8jlnfp3zer7xulejywt49kt2rr0vthywaa50xwsqtcz03jau3958a7esc84ygpk8vj8ad0njcym245u,1674,0.22879330943847073,0.497610513739546,0.08422939068100359,0.18936678614097968,OK,1657.0,1657.0,1.0,118235720.85334943,29755531.0,2.250738404462014,0.0,OK,1.0,1,secp256k1_blake160_sighash_all,0.0,OK,0.0,0.0,0.0,1657.0,,OK,109,116,0.008968609865470852,0.06948967766447676,0.6688759760742612,OK,24635602224.28419,24733571593.908833,97969369.62464142,0,False
ckb1qzda0cr08m85hc8jlnfp3zer7xulejywt49kt2rr0vthywaa50xwsq0cl8tlydpzpp6wzeuzfsm926sp9m0rpqqt2qecr,90,0.18888888888888888,0.0,0.7444444444444445,0.06666666666666667,OK,45.0,45.0,1.0,1981308.711111111,1903821.0,0.5606895067163036,0.0,OK,1.0,1,secp256k1_blake160_sighash_all,0.0,OK,0.0,0.0,0.0,45.0,,OK,2,1,0.0,0.6743606579807317,0.7313012233211739,OK,2572933.02470668,2572933.02470668,0.0,0,False
ckb1qzda0cr08m85hc8jlnfp3zer7xulejywt49kt2rr0vthywaa50xwsq2x2jxnym8qzdt7sn29pnlzwgneh80w3jszglw9k,2666,0.0,0.4748687171792948,0.011627906976744186,0.513503375843961,OK,2658.0,2598.0,0.9774266365688488,1292753269.613549,1115056476.0,0.7319717713928415,0.0,OK,1.0,1,secp256k1_blake160_sighash_all,0.0,OK,0.0,0.0,0.0,2658.0,,OK,3,1,0.0,0.359030263922502,0.9630361679985606,OK,1679644.69509107,1665328.42108962,-14316.274001449812,0,False
ckb1qzda0cr08m85hc8jlnfp3zer7xulejywt49kt2rr0vthywaa50xwsq2uxysa465m2k0hxh4zefzd2k5j36dly3gxkjc57,356,0.45786516853932585,0.23876404494382023,0.028089887640449437,0.2752808988764045,OK,183.0,183.0,1.0,663878.5027322405,549082.0,0.8420181113720582,0.0,OK,1.0,1,secp256k1_blake160_sighash_all,0.0,OK,0.0,0.0,0.0,183.0,,OK,1,2,0.0,1.0,,OK,1062142819.927467,1062142819.927467,0.0,0,False
ckb1qzda0cr08m85hc8jlnfp3zer7xulejywt49kt2rr0vthywaa50xwsqw6hjwylgj9pw0ae8pw0ctke60jpqw6f6slep8r3,6,0.0,0.5,0.5,0.0,OK,3.0,3.0,1.0,7792601.0,3744712.0,0.735345435571297,0.0,INSUFFICIENT_EVIDENCE,1.0,1,secp256k1_blake160_sighash_all,0.0,OK,0.0,0.0,0.0,3.0,,OK,1,1,0.0,1.0,,OK,192.0,192.0,0.0,0,False
ckb1qrgqep8saj8agswr30pls73hra28ry8jlnlc3ejzh3dl2ju7xxpjxqgqq8gauytada8x688zt0makt3pjmdaad6u8uym77ef,41,0.14634146341463414,0.21951219512195122,0.024390243902439025,0.6097560975609756,OK,51.0,51.0,1.0,2755815052.3333335,434609600.0,1.6262527215186509,0.0,OK,1.0,1,unrecognized,0.0,OK,0.3508771929824561,3.0,0.0,51.0,,OK,6,13,0.11764705882352941,0.33597642801589106,0.6165081762465691,OK,2827998.93898894,3286270.7635492,458271.82456025993,0,False
ckb1qr2g8yj3vrjzx2evk20szt5rszmmvykhrn6w0xv3ga4khnmpqu6lvqq3u8mhh,1555,0.0,0.0,0.0,1.0,OK,1555.0,1554.0,0.9993569131832798,40423763.91956242,9063300.0,2.276534323763287,0.0,OK,1.0,1,unrecognized,0.0,OK,1.0,1.0,0.0,1555.0,,OK,1835,2,0.0010899182561307902,0.9987159855789323,0.0013551301746059547,OK,233250.0,233250.0,0.0,0,False
ckb1qzda0cr08m85hc8jlnfp3zer7xulejywt49kt2rr0vthywaa50xwsqdh26mj0xls204ndg9lsdptdz0zu0jdmycngh5ht,1546,0.0,0.0,0.0,1.0,OK,1546.0,1544.0,0.9987063389391979,68445918.51165803,12195265.0,2.2928427112582104,0.0,OK,1.0,1,secp256k1_blake160_sighash_all,0.0,OK,0.0,0.0,0.0,1546.0,,OK,1824,2,0.000547945205479452,0.21059320360413214,0.6330885302028224,OK,430461292.03449565,431187842.00772446,726549.9732288122,0,False
ckb1qzda0cr08m85hc8jlnfp3zer7xulejywt49kt2rr0vthywaa50xwsqddtncxgn0wga0mctct2p6k2ueqd36ju3qqqmeqa,207,0.0,0.893719806763285,0.0,0.10628019323671498,OK,,,,,,,,,1.0,1,secp256k1_blake160_sighash_all,0.0,OK,0.0,0.0,,,,,0,206,0.0,,,OK,0.0,31050.0,31050.0,0,False
ckb1qrgqep8saj8agswr30pls73hra28ry8jlnlc3ejzh3dl2ju7xxpjxqgqqxamnrpernhha9nsyus0k6f8a6ays6t0cusm37pn,1184,0.11739864864864864,0.16131756756756757,0.017736486486486486,0.7035472972972973,OK,1913.0,1894.0,0.9900679560899112,183916182.82576558,87397721.0,4.3692469723193135,0.061246040126715945,OK,1.0,1,unrecognized,0.0,OK,0.13959143968871596,180.0,0.0,1913.0,,OK,154,161,0.6935483870967742,0.06265751415593544,0.6942836661658357,OK,3382367.19199754,3405425.56714196,23058.375144419726,0,False
ckb1qrgqep8saj8agswr30pls73hra28ry8jlnlc3ejzh3dl2ju7xxpjxqgqq9m8eyncfhezf8s68djzwk5f9yjgwc6frqej2wsh,352,0.022727272727272728,0.08806818181818182,0.011363636363636364,0.8778409090909091,OK,655.0,651.0,0.9938931297709923,536600352.3732719,209630205.0,3.3485028277165414,0.0,OK,1.0,1,unrecognized,0.0,OK,0.05580693815987934,16.0,0.0,655.0,,OK,25,38,0.3125,0.13967846101590262,0.778080200301971,OK,373344.7275283,373393.05316786,48.325639560003765,0,False
ckb1qzfhdsa4syv599s2s3nfrctwga70g0tu07n9gpnun9ydlngf5vsnwqg9rhw8jpwu9z3f40kyqvucsjx9dxdvnjucqh580cpgjhs4gs2s2vq7w4wq873c8wsldyydqm7v,1,1.0,0.0,0.0,0.0,OK,,,,,,,,,1.0,1,unrecognized,0.0,OK,1.0,1.0,,,,,0,1,0.0,,,OK,0.0,215.99997152,215.99997152,0,False
ckb1qzfhdsa4syv599s2s3nfrctwga70g0tu07n9gpnun9ydlngf5vsnwqg9rhw8jpwu9z3f40kyqvucsjx9dxdvnjucq5wac7g9ms529x47cspnnzzgc45e4jwtnqr08mrg,18,0.05555555555555555,0.0,0.0,0.9444444444444444,OK,18.0,12.0,0.6666666666666666,14930071039.25,10192832769.0,1.130966841007407,0.0,OK,1.0,1,unrecognized,0.0,OK,1.0,1.0,0.0,18.0,,OK,19,17,0.8947368421052632,0.11686195877518385,0.8950515724436857,OK,3919.99936123,3703.99932246,-216.00003877000017,0,False
ckb1qqcratfhhe0whl8n2pyyw9248r9kyw3x7gmkp80jf0ffvagvzgc8sqgdzm4fw,9391,0.3554467042913428,0.0027686082419337665,0.0,0.6417846874667235,OK,10195.0,9563.0,0.9380088278567925,231967023.9868242,420536.0,8.712459545582155,0.07853184147234131,OK,1.0,1,unrecognized,0.0,OK,1.0,98.0,0.0,10195.0,,OK,1596,773,0.31101272827891535,0.2292234136333056,0.2865877868297279,OK,627086787.2357955,626075379.7123336,-1011407.5234619379,0,False
ckb1qpw9q60tppt7l3j7r09qcp7lxnp3vcanvgha8pmvsa3jplykxn32sqgwvhnrqkx9ka45f2cnc90fy30m3scpupqggwawq,919,0.0,0.009793253536452665,0.0,0.9902067464635473,OK,561.0,561.0,1.0,41339432934.22995,43332499787.0,0.2143136153872006,0.0,OK,1.0,1,unrecognized,0.0,OK,0.0495611770779556,75.0,0.0,561.0,,OK,5,71,0.02702702702702703,0.5964449956482102,0.38328251681583053,OK,4815375.3552855,12927965.54963982,8112590.194354319,0,False
ckb1qzda0cr08m85hc8jlnfp3zer7xulejywt49kt2rr0vthywaa50xwsqv3zjwlrxn8vk53c4d9a8ksecf9rj86mfsv8t4pc,1304,0.0015337423312883436,0.019938650306748466,0.0,0.9785276073619632,OK,1235.0,1200.0,0.97165991902834,103290457.07,15172461.5,3.7643870510834208,0.0,OK,1.0,1,secp256k1_blake160_sighash_all,0.0,OK,0.0,0.0,0.0,1235.0,,OK,124,593,0.195,0.332851492977285,0.5561036069471418,OK,166965.61169265,188002.54528509,21036.93359243998,0,False
ckb1qzda0cr08m85hc8jlnfp3zer7xulejywt49kt2rr0vthywaa50xwsq0rljzn0julrpp9l3fgmm9r9r4jz8rax7sgvagwh,1911,0.0,0.0,0.0,1.0,OK,1910.0,1770.0,0.9267015706806283,3928932392.60565,2222320837.0,1.1067073609315445,0.0,OK,1.0,1,secp256k1_blake160_sighash_all,0.0,OK,0.0,0.0,0.0,1910.0,,OK,34,1,0.029411764705882353,0.5308242453582083,0.2497625295983222,OK,2153985.90463252,2162497.18989271,8511.285260190256,0,False
ckb1qzfhdsa4syv599s2s3nfrctwga70g0tu07n9gpnun9ydlngf5vsnwqg9vjzjm0xkz8frv8u7c644xprsf2q3654lq4jg2tdu6cgaydslnmr2k5cywp9gz82jhul7732h,3,0.0,0.0,0.0,1.0,OK,3.0,2.0,0.6666666666666666,25660439842.0,25660439842.0,0.9390713602484321,0.0,INSUFFICIENT_EVIDENCE,1.0,1,unrecognized,0.0,OK,1.0,1.0,0.0,3.0,,OK,3,3,1.0,0.3333349112302203,0.9999978444971697,OK,669.0,669.0,0.0,0,False
ckb1qzda0cr08m85hc8jlnfp3zer7xulejywt49kt2rr0vthywaa50xwsqfc5kszzn9mc2zycl58v8jjrk9zhmr97cg3ndvfs,542,0.0,0.0,0.0,1.0,OK,542.0,539.0,0.9944649446494465,192404394.88497218,20090343.0,4.492787482685155,0.0,OK,1.0,1,secp256k1_blake160_sighash_all,0.0,OK,0.0,0.0,0.0,542.0,,OK,689,489,0.7097242380261248,0.6025314161184817,0.26594863738978985,OK,56577.1555,56574.4455,-2.709999999999127,0,False
ckb1qzda0cr08m85hc8jlnfp3zer7xulejywt49kt2rr0vthywaa50xwsq0gk6md9mexs90tmr5tq2lu58zjf22jvqg2eq8hj,30,0.0,0.6333333333333333,0.0,0.36666666666666664,OK,10.0,10.0,1.0,1915980740.9,1788897120.5,0.5692136150274858,0.0,OK,1.0,1,secp256k1_blake160_sighash_all,0.0,OK,0.0,0.0,0.0,10.0,,OK,1,1,0.0,1.0,,OK,5037.81930127,15107.23405013,10069.41474886,0,False
ckb1qzda0cr08m85hc8jlnfp3zer7xulejywt49kt2rr0vthywaa50xwsq0z6h6nlju0mcdp0ny0sx77tmu6j2700lqkdeakp,261,0.0,0.48659003831417624,0.0038314176245210726,0.5095785440613027,OK,255.0,255.0,1.0,596134597.0156863,364266254.0,4.044865312140749,0.0,OK,1.0,1,secp256k1_blake160_sighash_all,0.0,OK,0.0,0.0,0.0,255.0,,OK,133,128,0.9051094890510949,0.3721277777205305,0.4922068685954545,OK,102000.03113496,104003.03097429,2002.9998393300048,0,False
ckb1qzda0cr08m85hc8jlnfp3zer7xulejywt49kt2rr0vthywaa50xwsqv47n6dc9ay34npwktvlpp5huzjvd07t4qhspqyz,224,0.0,0.4732142857142857,0.0,0.5267857142857143,OK,275.0,275.0,1.0,2741688758.8836365,3190215690.0,0.47551309453228646,0.0,OK,1.0,1,secp256k1_blake160_sighash_all,0.0,OK,0.0,0.0,0.0,275.0,,OK,117,109,0.8677685950413223,0.3971288261594678,0.4563794412188259,OK,608309.99611767,646150.99504137,37840.99892370007,0,False
ckb1qzda0cr08m85hc8jlnfp3zer7xulejywt49kt2rr0vthywaa50xwsqtlpgc29k57ufndd7gpm2jjvpwc2hqygjgtf54lg,252,0.0,0.49206349206349204,0.0,0.5079365079365079,OK,244.0,244.0,1.0,630566812.5942622,346340054.0,3.9121800085372893,0.0,OK,1.0,1,secp256k1_blake160_sighash_all,0.0,OK,0.0,0.0,0.0,244.0,,OK,129,123,0.9090909090909091,0.31355202586907494,0.5444789801872296,OK,113929.88705914,116928.88470842,2998.9976492799906,0,False
ckb1qzda0cr08m85hc8jlnfp3zer7xulejywt49kt2rr0vthywaa50xwsqdjsydf39sklhfvtfnk57vvd7d2vn4kxwqpr3prn,216,0.0,0.48148148148148145,0.0,0.5185185185185185,OK,250.0,250.0,1.0,3768642071.088,4732614458.0,0.4565589488621057,0.0,OK,1.0,1,secp256k1_blake160_sighash_all,0.0,OK,0.0,0.0,0.0,250.0,,OK,110,102,0.8596491228070176,0.37573543312047036,0.4675662449697486,OK,798396.03080145,836303.04640323,37907.01560178003,0,False
ckb1qzda0cr08m85hc8jlnfp3zer7xulejywt49kt2rr0vthywaa50xwsqdn85jtpzkk24ga7vprxcupwkw8h2kmcpgnkw4s2,2,0.0,0.0,0.5,0.5,OK,1.0,1.0,1.0,5189458792.0,5189458792.0,0.0,0.0,INSUFFICIENT_EVIDENCE,1.0,1,secp256k1_blake160_sighash_all,0.0,OK,1.0,1.0,0.0,1.0,,INSUFFICIENT_EVIDENCE,1,3,0.0,1.0,,OK,100700.0,201400.0,100700.0,0,False
ckb1qzda0cr08m85hc8jlnfp3zer7xulejywt49kt2rr0vthywaa50xwsqdak37z6wn6w6aea983ruzrfl8yweej95cfkzyn9,320,0.290625,0.20625,0.20625,0.296875,OK,160.0,160.0,1.0,2085947.38125,1403428.5,3.5135446808464668,0.0,OK,1.0,1,secp256k1_blake160_sighash_all,0.0,OK,0.0,0.0,0.0,160.0,,OK,1,2,0.0,1.0,,OK,1068707426.836,1081954597.436,13247170.600000143,0,False
ckb1qzda0cr08m85hc8jlnfp3zer7xulejywt49kt2rr0vthywaa50xwsqdw7svu2fzp5uqpu4xfupgkm4xw0zd79agr0jz8p,2895,0.2932642487046632,0.4,0.12918825561312608,0.1775474956822107,OK,1758.0,1758.0,1.0,583358.4431171786,383873.0,3.1889026167992927,0.0,OK,1.0,1,secp256k1_blake160_sighash_all,0.0,OK,0.0,0.0,0.0,1758.0,,OK,1,11,0.0,1.0,,OK,5581110883.861772,5581788981.168103,678097.3063316345,0,False
ckb1qzda0cr08m85hc8jlnfp3zer7xulejywt49kt2rr0vthywaa50xwsqgkfv8pzr5d26zcapqrd58ksc65w0qv8qqqp6xtc,103,0.47572815533980584,0.2815533980582524,0.019417475728155338,0.22330097087378642,OK,54.0,54.0,1.0,597486.0370370371,185392.5,2.8047256036372454,0.0,OK,1.0,1,secp256k1_blake160_sighash_all,0.0,OK,0.0,0.0,0.0,54.0,,OK,1,1,0.0,1.0,,OK,116118531.98612481,116118531.98612481,0.0,0,False
ckb1qzda0cr08m85hc8jlnfp3zer7xulejywt49kt2rr0vthywaa50xwsqfd8eyknzynse6m9r0zlfjyt4qpxnlr86svrekgm,3,0.0,0.3333333333333333,0.0,0.6666666666666666,OK,2.0,2.0,1.0,394961592.0,394961592.0,0.9992011121932078,0.0,INSUFFICIENT_EVIDENCE,1.0,1,secp256k1_blake160_sighash_all,0.0,OK,0.0,0.0,0.0,2.0,,INSUFFICIENT_EVIDENCE,3,3,0.0,0.8071750105418175,0.31840049424228156,OK,61287.1793418,61287.1793418,0.0,0,False
ckb1qzda0cr08m85hc8jlnfp3zer7xulejywt49kt2rr0vthywaa50xwsqg3y6k5gqrgjt54wzhxar4kys594v2s0vg2fpsmk,2,0.0,0.5,0.0,0.5,OK,1.0,1.0,1.0,779500.0,779500.0,0.0,0.0,INSUFFICIENT_EVIDENCE,1.0,1,secp256k1_blake160_sighash_all,0.0,OK,0.0,0.0,0.0,1.0,,INSUFFICIENT_EVIDENCE,1,2,0.0,1.0,,OK,11225.77930442,11379.85825164,154.07894721999946,0,False
ckb1qzda0cr08m85hc8jlnfp3zer7xulejywt49kt2rr0vthywaa50xwsqgh8ejptxd3n05njryzm2vct7ew9jez6rs8uvuej,1,0.0,0.0,0.0,1.0,OK,,,,,,,,,1.0,1,secp256k1_blake160_sighash_all,0.0,OK,1.0,1.0,,,,,0,2,0.0,,,OK,0.0,11300.0,11300.0,0,False
ckb1qzda0cr08m85hc8jlnfp3zer7xulejywt49kt2rr0vthywaa50xwsqfza43g58rzyhcd8j6nav9c7cgefmwfgsq34yn7t,1437,0.0006958942240779402,0.1419624217118998,0.23869171885873347,0.6186499652052888,OK,1052.0,1052.0,1.0,103587538.34410647,52125619.5,1.8315660648914698,0.0,OK,1.0,1,secp256k1_blake160_sighash_all,0.0,OK,0.0,0.0,0.0,1052.0,,OK,1,13,0.0,1.0,,OK,1351657.16471891,1359705.22496228,8048.060243370011,0,False
ckb1qzda0cr08m85hc8jlnfp3zer7xulejywt49kt2rr0vthywaa50xwsqw4xpk4t3688duglxp0xvupwfj9u4y20rc5xvtlj,864,0.056712962962962965,0.003472222222222222,0.44328703703703703,0.4965277777777778,OK,432.0,432.0,1.0,2118597.4560185187,2097792.5,0.5125028690983136,0.0,OK,1.0,1,secp256k1_blake160_sighash_all,0.0,OK,0.0,0.0,0.0,432.0,,OK,2,2,0.0,0.7171426437661106,0.6588435774456678,OK,1637477.03913758,1637477.03913758,0.0,0,False
ckb1qzda0cr08m85hc8jlnfp3zer7xulejywt49kt2rr0vthywaa50xwsq0anafacyafq0j2rek0jx5rztanvvw9kcqdtkwna,785,0.007643312101910828,0.07898089171974522,0.4713375796178344,0.44203821656050957,OK,409.0,409.0,1.0,2197723.9926650366,2261685.0,0.48380740696834895,0.0,OK,1.0,1,secp256k1_blake160_sighash_all,0.0,OK,0.0,0.0,0.0,409.0,,OK,2,1,0.0,0.5376184221027785,0.9450262008322344,OK,284796.45281697,284796.45281697,0.0,0,False
ckb1qzda0cr08m85hc8jlnfp3zer7xulejywt49kt2rr0vthywaa50xwsqwzcjq4mzexlu6h5mrpldplwt6ht8w7ujcfjltsn,4,0.0,0.25,0.5,0.25,OK,3.0,3.0,1.0,742974612.0,1114305295.0,0.7069540392231765,0.0,INSUFFICIENT_EVIDENCE,1.0,1,secp256k1_blake160_sighash_all,0.0,OK,0.0,0.0,0.0,3.0,,OK,1,2,0.0,1.0,,OK,2050400.39150562,2050400.39150562,0.0,0,False
ckb1qzda0cr08m85hc8jlnfp3zer7xulejywt49kt2rr0vthywaa50xwsqdqpaqujjqztsvqsckxxryqkyar5g229ls79xsux,2,0.0,0.5,0.5,0.0,OK,,,,,,,,,1.0,1,secp256k1_blake160_sighash_all,0.0,OK,0.0,0.0,,,,,0,1,0.0,,,OK,0.0,2050000.39137306,2050000.39137306,0,False
ckb1qzda0cr08m85hc8jlnfp3zer7xulejywt49kt2rr0vthywaa50xwsqwurl7mk9mnev9jtq0jspjrynvp42g7zyc4j3jk2,2,1.0,0.0,0.0,0.0,OK,1.0,1.0,1.0,2271713634.0,2271713634.0,0.0,0.0,INSUFFICIENT_EVIDENCE,1.0,1,secp256k1_blake160_sighash_all,0.0,OK,0.0,0.0,0.0,1.0,,INSUFFICIENT_EVIDENCE,1,1,0.0,1.0,,OK,1005000.99797515,1005000.99797515,0.0,0,False
ckb1qzda0cr08m85hc8jlnfp3zer7xulejywt49kt2rr0vthywaa50xwsqdwa7y4etexhlslpeplm2gensrmkpgpfqc5kk4x9,1,1.0,0.0,0.0,0.0,OK,,,,,,,,,1.0,1,secp256k1_blake160_sighash_all,0.0,OK,0.0,0.0,,,,,0,1,0.0,,,OK,0.0,1005000.9979503,1005000.9979503,0,False
ckb1qzda0cr08m85hc8jlnfp3zer7xulejywt49kt2rr0vthywaa50xwsq2qtfq8zdd9rs86hslwh8j4h8qjk6r3e6s0k50ul,428,0.5,0.0,0.0,0.5,OK,214.0,214.0,1.0,500239.0560747664,495773.0,0.3260570317737755,0.0,OK,1.0,1,secp256k1_blake160_sighash_all,0.0,OK,0.0,0.0,0.0,214.0,,OK,1,1,0.0,1.0,,OK,1115634.94505816,1115634.94505816,0.0,0,False
ckb1qzda0cr08m85hc8jlnfp3zer7xulejywt49kt2rr0vthywaa50xwsqt6ppdkmsp25ffsxyr8ey2hg5detv2ulcsq54hkh,2037,0.49779086892488955,0.14187530682376043,0.0014727540500736377,0.3588610702012764,OK,1020.0,1020.0,1.0,624057.2009803922,610369.0,0.19840587359966352,0.0,OK,1.0,1,secp256k1_blake160_sighash_all,0.0,OK,0.0,0.0,0.0,1020.0,,OK,1,16,0.0,1.0,,OK,784457.87459299,784457.87459299,0.0,0,False
ckb1qzda0cr08m85hc8jlnfp3zer7xulejywt49kt2rr0vthywaa50xwsqwlkxpk8rnrzz2nhuswk2kzvempzsz2zjgwxnwny,135,0.0,0.2740740740740741,0.22962962962962963,0.4962962962962963,OK,93.0,93.0,1.0,91471862.43010753,69396738.0,0.6685782840761183,0.0,OK,1.0,1,secp256k1_blake160_sighash_all,0.0,OK,0.0,0.0,0.0,93.0,,OK,1,1,0.0,1.0,,OK,56145.08048598,62209.23292846,6064.152442480001,0,False
ckb1qzda0cr08m85hc8jlnfp3zer7xulejywt49kt2rr0vthywaa50xwsqwfna6z53rzj0vrgm3tujzzwldryr6jcnc8z4zde,1312,0.4885670731707317,0.09451219512195122,0.007621951219512195,0.4092987804878049,OK,661.0,661.0,1.0,959042.1028744327,705999.0,0.9194804255655331,0.0,OK,1.0,1,secp256k1_blake160_sighash_all,0.0,OK,0.0,0.0,0.0,661.0,,OK,1,1,0.0,1.0,,OK,471378.21801798,471378.21801798,0.0,0,False
ckb1qzda0cr08m85hc8jlnfp3zer7xulejywt49kt2rr0vthywaa50xwsq08nxknd7g5pzwe9mmdcqtqfs5f8ckh8fq34kxj8,536,0.498134328358209,0.0037313432835820895,0.0018656716417910447,0.4962686567164179,OK,275.0,275.0,1.0,512022.9381818182,492855.0,0.4436725970236888,0.0,OK,1.0,1,secp256k1_blake160_sighash_all,0.0,OK,0.0,0.0,0.0,275.0,,OK,1,2,0.0,1.0,,OK,776076.30346639,776076.30346639,0.0,0,False
ckb1qzda0cr08m85hc8jlnfp3zer7xulejywt49kt2rr0vthywaa50xwsq2yg6kr7zvjzw0ts2j7qtkd6jzr2kq3g7sdh3azr,493,0.0,0.13387423935091278,0.20689655172413793,0.6592292089249493,OK,373.0,373.0,1.0,86819689.64879356,57315522.0,1.448194144087689,0.0,OK,1.0,1,secp256k1_blake160_sighash_all,0.0,OK,0.0,0.0,0.0,373.0,,OK,1,2,0.0,1.0,,OK,370739.9309462,381967.10810033,11227.177154130011,0,False
ckb1qzda0cr08m85hc8jlnfp3zer7xulejywt49kt2rr0vthywaa50xwsqd682nhfyu5lfzt4gp9cmrqgsjpesm3pjqf252gf,207,0.0,0.5893719806763285,0.004830917874396135,0.4057971014492754,OK,39.0,9.0,0.23076923076923078,2895320505.2222223,2803640726.0,0.5960279672646748,0.0,OK,1.0,1,secp256k1_blake160_sighash_all,0.0,OK,0.0,0.0,0.0,39.0,,OK,1,1,0.0,1.0,,OK,19690.54935939,105300.53476138,85609.98540199,0,False
ckb1qzda0cr08m85hc8jlnfp3zer7xulejywt49kt2rr0vthywaa50xwsqfs6c4chhw5kwthmq0jzqyxwmr9fpr5a4qr8l2yd,123,0.16260162601626016,0.25203252032520324,0.016260162601626018,0.5691056910569106,OK,151.0,151.0,1.0,1518630811.4834437,349233200.0,2.237223707985602,0.0,OK,1.0,1,secp256k1_blake160_sighash_all,0.0,OK,0.26380368098159507,1.0,0.0,151.0,,OK,13,29,0.024390243902439025,0.4130441175005355,0.5323715599546679,OK,27676574.2214752,33787429.30825526,6110855.086780064,0,False
ckb1qzda0cr08m85hc8jlnfp3zer7xulejywt49kt2rr0vthywaa50xwsq087uc2epsa0ft08zu747g30c6zuh2lyxcsqugmn,1568,0.039540816326530615,0.2372448979591837,0.4604591836734694,0.2627551020408163,OK,784.0,784.0,1.0,2236426.2091836734,2263971.0,0.46768745587495436,0.0,OK,1.0,1,secp256k1_blake160_sighash_all,0.0,OK,0.0,0.0,0.0,784.0,,OK,2,1,0.0,0.7823812165994255,0.54144566694506,OK,445198.09074948,445198.09074948,0.0,0,False
ckb1qzda0cr08m85hc8jlnfp3zer7xulejywt49kt2rr0vthywaa50xwsq2t6z8rc90g09yeh7t3nz2sfe72y20yzcg6jt76x,2,0.0,0.0,0.0,1.0,OK,1.0,1.0,1.0,682178986.0,682178986.0,0.0,0.0,INSUFFICIENT_EVIDENCE,1.0,1,secp256k1_blake160_sighash_all,0.0,OK,0.0,0.0,0.0,1.0,,INSUFFICIENT_EVIDENCE,2,2,0.0,0.9630680077701215,0.1347640397260502,OK,66905.2284681,66905.2284681,0.0,0,False
ckb1qzda0cr08m85hc8jlnfp3zer7xulejywt49kt2rr0vthywaa50xwsqglrz80pqlcstnc89aw4dwr2av8spdc98sk7k0rz,2,0.0,0.0,0.0,1.0,OK,1.0,1.0,1.0,680947414.0,680947414.0,0.0,0.0,INSUFFICIENT_EVIDENCE,1.0,1,secp256k1_blake160_sighash_all,0.0,OK,0.0,0.0,0.0,1.0,,INSUFFICIENT_EVIDENCE,2,1,0.0,0.9630680077701215,0.1347640397260502,OK,300000.0,300000.0,0.0,0,False
ckb1qzda0cr08m85hc8jlnfp3zer7xulejywt49kt2rr0vthywaa50xwsqgkfsftjekwd5gtrpludsuaynmccg37mssm6hpt9,1,0.0,0.0,0.0,1.0,OK,,,,,,,,,1.0,1,secp256k1_blake160_sighash_all,0.0,OK,0.0,0.0,,,,,0,2,0.0,,,OK,0.0,6905.22826842,6905.22826842,0,False
ckb1qzda0cr08m85hc8jlnfp3zer7xulejywt49kt2rr0vthywaa50xwsqfewq5cphjmj7j53dgvs9ekquz7wp0eadggz3t4x,22,0.0,0.6363636363636364,0.0,0.36363636363636365,OK,20.0,20.0,1.0,991374674.25,771279343.5,0.8015107349258016,0.0,OK,1.0,1,secp256k1_blake160_sighash_all,0.0,OK,0.0,0.0,0.0,20.0,,OK,4,3,0.0,0.44184716674048263,0.747603165327327,OK,6928.19373663,7534.20658816,606.0128515300003,0,False
ckb1qzl58smqy32hnrq6vxjedcxe2fugvnz497h7yvwqvwel40uh4rltcqfcnzr5d9zwctyksqp8fjlge9t3tdwqqscw0dlgc,8,0.25,0.0,0.0,0.75,OK,9.0,2.0,0.2222222222222222,637428871.0,637428871.0,9.936794971434545e-05,0.0,INSUFFICIENT_EVIDENCE,1.0,1,unrecognized,0.0,OK,1.0,1.0,0.0,9.0,,OK,2,1,0.5,0.5025326681586116,0.9963430412621626,OK,2884662.55995816,1544000.0,-1340662.55995816,0,False
ckb1qzdcr9un5ezx8tkh03s46m9jymh22jruelq8svzr5krj2nx69dhjvqgj8zvgw355fmpvj6qqyaxtary4w9d4cqzrqq9ktcjg,9,0.2222222222222222,0.1111111111111111,0.0,0.6666666666666666,OK,8.0,8.0,1.0,2191822203.5,1981322604.0,1.0065192561230052,0.0,OK,1.0,1,unrecognized,0.0,OK,0.0,0.0,0.0,8.0,,OK,2,1,0.5,0.5652535676781075,0.903696288118541,OK,1228809.98898065,1228879.98891897,69.9999383201357,0,False
ckb1qzda0cr08m85hc8jlnfp3zer7xulejywt49kt2rr0vthywaa50xwsqt54rd9j3r3zpapkccj9y7p7m48y228hngff7u47,1062,0.0160075329566855,0.0018832391713747645,0.4839924670433145,0.4981167608286252,OK,531.0,531.0,1.0,3092411.779661017,2348568.0,5.125243843367412,0.0,OK,1.0,1,secp256k1_blake160_sighash_all,0.0,OK,0.0,0.0,0.0,531.0,,OK,2,3,0.0,0.9415043915126191,0.1951799212935937,OK,1249530.51293587,1249530.51293587,0.0,0,False
ckb1qzda0cr08m85hc8jlnfp3zer7xulejywt49kt2rr0vthywaa50xwsqd3jnqsndu5z3ew6anr65w34cyevvnucug28nl8j,1,0.0,0.0,0.0,1.0,OK,1.0,0.0,0.0,,,,,INSUFFICIENT_EVIDENCE,1.0,1,secp256k1_blake160_sighash_all,0.0,OK,1.0,1.0,0.0,1.0,,INSUFFICIENT_EVIDENCE,1,1,0.0,1.0,,OK,255000.0,255000.0,0.0,0,False
ckb1qzda0cr08m85hc8jlnfp3zer7xulejywt49kt2rr0vthywaa50xwsqdqyzqvyyqgdw9qdu9tsfwfj2j3qj05ams2m6zwh,1,0.0,0.0,0.0,1.0,OK,1.0,0.0,0.0,,,,,INSUFFICIENT_EVIDENCE,1.0,1,secp256k1_blake160_sighash_all,0.0,OK,,,0.0,1.0,,INSUFFICIENT_EVIDENCE,2,0,0.0,0.9990081256587691,0.006162188613010501,OK,126.59030162,0.0,-126.59030162,0,False
ckb1qzda0cr08m85hc8jlnfp3zer7xulejywt49kt2rr0vthywaa50xwsq24scr6mpupq6x6arqdwz5ufzfa8skkcccm8ryrr,1,0.0,0.0,0.0,1.0,OK,,,,,,,,,1.0,1,secp256k1_blake160_sighash_all,0.0,OK,0.0,0.0,,,,,0,2,0.0,,,OK,0.0,126.58957062,126.58957062,0,False
ckb1qzda0cr08m85hc8jlnfp3zer7xulejywt49kt2rr0vthywaa50xwsq03gy6qc59208692fxn2pa2pln3xwcwdxsc7p7te,986,0.12474645030425964,0.45740365111561865,0.0,0.4178498985801217,OK,123.0,123.0,1.0,713298.8617886179,731771.0,0.42837580545441234,0.0,OK,1.0,1,secp256k1_blake160_sighash_all,0.0,OK,0.0,0.0,0.0,123.0,,OK,1,1,0.0,1.0,,OK,65041.88042427,481707.03084667,416665.1504224,0,False
ckb1qzda0cr08m85hc8jlnfp3zer7xulejywt49kt2rr0vthywaa50xwsqfsajumlzs2pjvtz0xxg42llw5px435u3gxmlwuc,107,0.0,0.6074766355140186,0.028037383177570093,0.3644859813084112,OK,87.0,87.0,1.0,1678657664.8965516,438110183.0,1.6579917746070854,0.0,OK,1.0,1,secp256k1_blake160_sighash_all,0.0,OK,0.0,0.0,0.0,87.0,,OK,42,27,0.3269230769230769,0.06490770906347658,0.7592618228750744,OK,26037705.68551357,26330028.67671357,292322.99120000005,0,False
ckb1qzda0cr08m85hc8jlnfp3zer7xulejywt49kt2rr0vthywaa50xwsqwr42a6hutw02a36n99zxzk9cdg8epdr4skkl97l,1,0.0,0.0,0.0,1.0,OK,,,,,,,,,1.0,1,secp256k1_blake160_sighash_all,0.0,OK,0.0,0.0,,,,,0,2,0.0,,,OK,0.0,64999.99886345,64999.99886345,0,False
ckb1qzda0cr08m85hc8jlnfp3zer7xulejywt49kt2rr0vthywaa50xwsqgygj0n7vv7vk6ejt4d23yp87v5fe5352sv3hvfw,1374,0.0,0.00727802037845706,0.34643377001455605,0.6462882096069869,OK,893.0,893.0,1.0,50886868.58566629,41543036.0,1.1516604869564602,0.0,OK,1.0,1,secp256k1_blake160_sighash_all,0.0,OK,0.0,0.0,0.0,893.0,,OK,1,7,0.0,1.0,,OK,2905015.17813332,2908599.36588213,3584.1877488098107,0,False
ckb1qzda0cr08m85hc8jlnfp3zer7xulejywt49kt2rr0vthywaa50xwsq28ps4hf8swzexa6ky8dp2q540tsrvz60qt2wtqk,541,0.0,0.3179297597042514,0.4953789279112754,0.1866913123844732,OK,271.0,271.0,1.0,39296108.014760144,37778869.0,0.7716225889012094,0.0,OK,1.0,1,secp256k1_blake160_sighash_all,0.0,OK,0.0,0.0,0.0,271.0,,OK,3,1,0.0,0.4399616904345549,0.8616482640213513,OK,137884.61088187,138917.7451782,1033.1342963300121,0,False
ckb1qzda0cr08m85hc8jlnfp3zer7xulejywt49kt2rr0vthywaa50xwsq09rwsv5zvm3658ugyssehs360eh82v7zclyn32u,128,0.0,0.578125,0.0078125,0.4140625,OK,1339.0,124.0,0.09260642270351008,50789853870.25,54945722887.5,0.3005678452435707,0.0,OK,1.0,1,secp256k1_blake160_sighash_all,0.0,OK,0.0,0.0,0.0,1339.0,,OK,7,1,0.0,0.5793241510529552,0.4080809068101676,OK,1062513.06386668,64246.79898482,-998266.26488186,0,False
ckb1qzda0cr08m85hc8jlnfp3zer7xulejywt49kt2rr0vthywaa50xwsqdhyzsujyst3daq3tuqale3rse4mm623zs6juzyw,2,0.0,0.0,0.5,0.5,OK,1.0,1.0,1.0,60329657316.0,60329657316.0,0.0,0.0,INSUFFICIENT_EVIDENCE,1.0,1,secp256k1_blake160_sighash_all,0.0,OK,0.0,0.0,0.0,1.0,,INSUFFICIENT_EVIDENCE,1,2,0.0,1.0,,OK,121.91297138,121.91297138,0.0,0,False
ckb1qzda0cr08m85hc8jlnfp3zer7xulejywt49kt2rr0vthywaa50xwsq2gy9cran4y9nmyuvaqzpea2kvks63swwqlqlpl5,2,0.0,0.0,0.5,0.5,OK,1.0,1.0,1.0,48739134300.0,48739134300.0,0.0,0.0,INSUFFICIENT_EVIDENCE,1.0,1,secp256k1_blake160_sighash_all,0.0,OK,0.0,0.0,0.0,1.0,,INSUFFICIENT_EVIDENCE,1,1,0.0,1.0,,OK,163564.46419398,163564.46419398,0.0,0,False
ckb1qzda0cr08m85hc8jlnfp3zer7xulejywt49kt2rr0vthywaa50xwsqwr3fzgs5ke9hg0gwzu6qhd7kxwj6e7t6sy7j449,1,0.0,0.0,1.0,0.0,OK,,,,,,,,,1.0,1,secp256k1_blake160_sighash_all,0.0,OK,0.0,0.0,,,,,0,3,0.0,,,OK,0.0,906460.07145762,906460.07145762,0,False
ckb1qzda0cr08m85hc8jlnfp3zer7xulejywt49kt2rr0vthywaa50xwsqvy6p5scn5xvswncwlzpfhap4prkxracucm68kwj,10,0.5,0.0,0.1,0.4,OK,5.0,5.0,1.0,300870.8,287151.0,0.5332530433070657,0.0,OK,1.0,1,secp256k1_blake160_sighash_all,0.0,OK,0.0,0.0,0.0,5.0,,OK,1,1,0.0,1.0,,OK,501234.72083328,501234.72083328,0.0,0,False
ckb1qzda0cr08m85hc8jlnfp3zer7xulejywt49kt2rr0vthywaa50xwsqfqr2l6rqllmnhtpzptgq9fnagsykcffxcpqmjuu,266,0.5,0.0,0.0037593984962406013,0.49624060150375937,OK,133.0,133.0,1.0,497827.4962406015,469087.0,0.32654927028746616,0.0,OK,1.0,1,secp256k1_blake160_sighash_all,0.0,OK,0.0,0.0,0.0,133.0,,OK,1,8,0.0,1.0,,OK,1072036.43709427,1072036.43709427,0.0,0,False
ckb1qzda0cr08m85hc8jlnfp3zer7xulejywt49kt2rr0vthywaa50xwsqtq7kfg7m5nzejcjug02mqqklfjea7fykqu7h5nz,6,0.0,0.0,0.16666666666666666,0.8333333333333334,OK,346.0,5.0,0.014450867052023121,33964267466.0,25541537642.0,0.4345481021161909,0.0,OK,1.0,1,secp256k1_blake160_sighash_all,0.0,OK,0.0,0.0,0.0,346.0,,OK,1,3,0.0,1.0,,OK,504330.21587169,3832.7049727,-500497.51089899003,0,False
ckb1qzda0cr08m85hc8jlnfp3zer7xulejywt49kt2rr0vthywaa50xwsqt2hf4pt58qrvnfk02tyhq2pe30t209xecsrj2fy,6,0.6666666666666666,0.0,0.0,0.3333333333333333,OK,3.0,3.0,1.0,527213.0,489668.0,0.12013580974207273,0.0,INSUFFICIENT_EVIDENCE,1.0,1,secp256k1_blake160_sighash_all,0.0,OK,0.0,0.0,0.0,3.0,,OK,1,10,0.0,1.0,,OK,1902582.999645,1902582.999645,0.0,0,False
ckb1qzda0cr08m85hc8jlnfp3zer7xulejywt49kt2rr0vthywaa50xwsqfs7v5u87mvk9zdyhmg3ua0aduh4zfw3fsgsfkel,5,0.0,0.6,0.0,0.4,OK,4.0,4.0,1.0,19620348383.75,19620814871.5,0.09718378470473672,0.0,INSUFFICIENT_EVIDENCE,1.0,1,secp256k1_blake160_sighash_all,0.0,OK,0.0,0.0,0.0,4.0,,OK,2,2,0.0,0.8887747764490246,0.3238863964083119,OK,473371.8572,473371.8572,0.0,0,False
ckb1qzda0cr08m85hc8jlnfp3zer7xulejywt49kt2rr0vthywaa50xwsqdfunuqtrj99lz8app7uqjmdr2ecx6wwfc62xrtm,2,0.0,0.0,0.0,1.0,OK,1.0,1.0,1.0,17707458585.0,17707458585.0,0.0,0.0,INSUFFICIENT_EVIDENCE,1.0,1,secp256k1_blake160_sighash_all,0.0,OK,0.0,0.0,0.0,1.0,,INSUFFICIENT_EVIDENCE,2,1,0.0,0.8887747764490246,0.3238863964083119,OK,19083.44,19083.44,0.0,0,False
ckb1qzda0cr08m85hc8jlnfp3zer7xulejywt49kt2rr0vthywaa50xwsqwjeupgccqe3mp2wzajp975muw56rxfzysgzn7cd,2,0.0,0.0,0.0,1.0,OK,1.0,1.0,1.0,14554038639.0,14554038639.0,0.0,0.0,INSUFFICIENT_EVIDENCE,1.0,1,secp256k1_blake160_sighash_all,0.0,OK,0.0,0.0,0.0,1.0,,INSUFFICIENT_EVIDENCE,2,1,0.0,0.8887747764490246,0.3238863964083119,OK,76151.54,76151.54,0.0,0,False
ckb1qzda0cr08m85hc8jlnfp3zer7xulejywt49kt2rr0vthywaa50xwsqdktl2pnd9nrh6fna6ydh5sv34z4cx59mg2d5yh4,2,0.0,0.5,0.0,0.5,OK,1.0,1.0,1.0,14184103390.0,14184103390.0,0.0,0.0,INSUFFICIENT_EVIDENCE,1.0,1,secp256k1_blake160_sighash_all,0.0,OK,0.0,0.0,0.0,1.0,,INSUFFICIENT_EVIDENCE,2,1,0.0,0.8887747764490246,0.3238863964083119,OK,87480.9376,87480.9376,0.0,0,False
ckb1qzda0cr08m85hc8jlnfp3zer7xulejywt49kt2rr0vthywaa50xwsq06cwnwfzz5sv5ps5w6ewtm6q9upj8klyc7qt4xy,3,0.0,0.0,0.0,1.0,OK,2.0,2.0,1.0,14172417148.5,14172417148.5,0.0004983119975936828,0.0,INSUFFICIENT_EVIDENCE,1.0,1,secp256k1_blake160_sighash_all,0.0,OK,0.0,0.0,0.0,2.0,,INSUFFICIENT_EVIDENCE,2,1,0.0,0.8887747764490246,0.3238863964083119,OK,100501.3,100501.3,0.0,0,False
ckb1qzda0cr08m85hc8jlnfp3zer7xulejywt49kt2rr0vthywaa50xwsqdy03jsqq4r873dyqm49pckertnx0qvw0qvde0sg,4,0.0,0.75,0.0,0.25,OK,3.0,3.0,1.0,14081840376.666666,14082140200.0,0.000122882986197912,0.0,INSUFFICIENT_EVIDENCE,1.0,1,secp256k1_blake160_sighash_all,0.0,OK,0.0,0.0,0.0,3.0,,OK,2,1,0.0,0.8887747764490246,0.3238863964083119,OK,258415.5187,258415.5187,0.0,0,False
ckb1qzda0cr08m85hc8jlnfp3zer7xulejywt49kt2rr0vthywaa50xwsq0tck2vsvttyzk8n8gngr95nqnlx6s5vycpj8w3k,6,0.0,0.8333333333333334,0.0,0.16666666666666666,OK,3.0,3.0,1.0,12765487981.666666,12965294518.0,0.022581670111147617,0.0,INSUFFICIENT_EVIDENCE,1.0,1,secp256k1_blake160_sighash_all,0.0,OK,0.0,0.0,0.0,3.0,,OK,1,8,0.0,1.0,,OK,685506.0424,1100930.659598,415424.6171980001,0,False
ckb1qzda0cr08m85hc8jlnfp3zer7xulejywt49kt2rr0vthywaa50xwsqft980n0alva2vjmkca85wujt5vhtwgzpgqczv9a,11,0.5454545454545454,0.09090909090909091,0.0,0.36363636363636365,OK,8.0,8.0,1.0,116733342.375,119088880.0,0.6910452697890102,0.0,OK,1.0,1,secp256k1_blake160_sighash_all,0.0,OK,0.0,0.0,0.0,8.0,,OK,2,2,0.3333333333333333,0.658875545980337,0.7567804300806011,OK,9392.47765008,10683.23823076,1290.7605806800002,0,False
ckb1qzda0cr08m85hc8jlnfp3zer7xulejywt49kt2rr0vthywaa50xwsq2sfv44lf5g89ha2q296zqm8savzcyqxlsulsx6f,36,0.08333333333333333,0.6388888888888888,0.0,0.2777777777777778,OK,37.0,34.0,0.918918918918919,3503426369.5882354,263071805.0,1.4445534446341595,0.0,OK,1.0,1,secp256k1_blake160_sighash_all,0.0,OK,0.0,0.0,0.0,37.0,,OK,18,9,0.08,0.14000006060899903,0.7773060414157457,OK,473727.96180383,481834.99014687,8107.02834304003,0,False
ckb1qzda0cr08m85hc8jlnfp3zer7xulejywt49kt2rr0vthywaa50xwsq0er7n9s6mrsravyz79mjqpl97j7tg48ased4uwq,1,0.0,1.0,0.0,0.0,OK,,,,,,,,,1.0,1,secp256k1_blake160_sighash_all,0.0,OK,0.0,0.0,,,,,0,1,0.0,,,OK,0.0,9800.0,9800.0,0,False
ckb1qzda0cr08m85hc8jlnfp3zer7xulejywt49kt2rr0vthywaa50xwsqdg5awuqp2zuwnvjcr753hh38ml5ywd5rgpg79nw,1,0.0,1.0,0.0,0.0,OK,,,,,,,,,1.0,1,secp256k1_blake160_sighash_all,0.0,OK,0.0,0.0,,,,,0,1,0.0,,,OK,0.0,1303063.44163924,1303063.44163924,0,False
ckb1qzda0cr08m85hc8jlnfp3zer7xulejywt49kt2rr0vthywaa50xwsqdxzlmuqal6c37hk678qjekya0qjd5m5lq7hhzaq,766,0.5,0.02741514360313316,0.0,0.4725848563968668,OK,383.0,383.0,1.0,935250.7597911227,613979.0,2.9956596269890152,0.0,OK,1.0,1,secp256k1_blake160_sighash_all,0.0,OK,0.0,0.0,0.0,383.0,,OK,1,4,0.0,1.0,,OK,272674.23802633,272674.23802633,0.0,0,False
ckb1qzda0cr08m85hc8jlnfp3zer7xulejywt49kt2rr0vthywaa50xwsqw2qmgk7tphggddk6mavjxzxhlaguum7ds7c7t8q,795,0.06792452830188679,0.2893081761006289,0.43144654088050316,0.21132075471698114,OK,398.0,398.0,1.0,3092376.949748744,2156267.5,5.975635380447655,0.0,OK,1.0,1,secp256k1_blake160_sighash_all,0.0,OK,0.0,0.0,0.0,398.0,,OK,2,3,0.0,0.9265496621339022,0.233898928937292,OK,222034.96611215,222034.96611215,0.0,0,False
ckb1qrgqep8saj8agswr30pls73hra28ry8jlnlc3ejzh3dl2ju7xxpjxqgqq89qeq8sz02jymcmc8nm5qsfmwyxtvqemvnunp36,283,0.09540636042402827,0.40636042402826855,0.007067137809187279,0.4911660777385159,OK,391.0,389.0,0.9948849104859335,1574525573.3444731,164940206.0,3.1166686559978314,0.0,OK,1.0,1,unrecognized,0.0,OK,0.48046875,190.0,0.0,391.0,,OK,19,35,0.08,0.20872782212213103,0.702529473475837,OK,5736836.60024145,6182002.48352636,445165.8832849106,0,False
ckb1qzda0cr08m85hc8jlnfp3zer7xulejywt49kt2rr0vthywaa50xwsqvn87j7a9sndal6f0rv6ny34z7s7mcvypg5qhygq,1,0.0,1.0,0.0,0.0,OK,,,,,,,,,1.0,1,secp256k1_blake160_sighash_all,0.0,OK,0.0,0.0,,,,,0,1,0.0,,,OK,0.0,55157.46088555,55157.46088555,0,False
ckb1qzda0cr08m85hc8jlnfp3zer7xulejywt49kt2rr0vthywaa50xwsq298q6vfh7z6allgp2ty42k6yd49vap8ysn494ka,1,0.0,1.0,0.0,0.0,OK,,,,,,,,,1.0,1,secp256k1_blake160_sighash_all,0.0,OK,0.0,0.0,,,,,0,1,0.0,,,OK,0.0,49577.63319999,49577.63319999,0,False
ckb1qrlh3whq40ch67jqfs97p7ddnjgctvlc3hxxqsp5202m4rslyt6n5qh3068szf235yxw9c3px3rzgxkxnf2ynq7ys5kam9r42sn5a2x845q7rg9y,2,0.0,0.5,0.5,0.0,OK,1.0,1.0,1.0,22722667413.0,22722667413.0,0.0,0.0,INSUFFICIENT_EVIDENCE,1.0,1,unrecognized,0.0,OK,0.0,0.0,0.0,1.0,,INSUFFICIENT_EVIDENCE,1,1,0.0,1.0,,OK,22500.0,22500.0,0.0,0,False
ckb1qrlh3whq40ch67jqfs97p7ddnjgctvlc3hxxqsp5202m4rslyt6n5qn0ta0jq68jgwzvzpy82w8sugs9cvvza3fz0flwr67avv068nsst5uevzjl,2,0.0,0.5,0.5,0.0,OK,1.0,1.0,1.0,22722613925.0,22722613925.0,0.0,0.0,INSUFFICIENT_EVIDENCE,1.0,1,unrecognized,0.0,OK,0.0,0.0,0.0,1.0,,INSUFFICIENT_EVIDENCE,1,1,0.0,1.0,,OK,1200.0,1200.0,0.0,0,False
ckb1qzda0cr08m85hc8jlnfp3zer7xulejywt49kt2rr0vthywaa50xwsqg0fsmjwhnshsqzsayprx9f7w0jwkn5zyqcrdluc,1,0.0,1.0,0.0,0.0,OK,,,,,,,,,1.0,1,secp256k1_blake160_sighash_all,0.0,OK,0.0,0.0,,,,,0,1,0.0,,,OK,0.0,5247795.66481173,5247795.66481173,0,False
ckb1qzda0cr08m85hc8jlnfp3zer7xulejywt49kt2rr0vthywaa50xwsq247yrzkaul6mzgfrs74hr5t7q0l3ak8ugacfdq9,518,0.0,0.5154440154440154,0.0,0.48455598455598453,OK,413.0,412.0,0.9975786924939467,24067442461.191746,30547092475.5,0.6650180665111877,0.0,OK,1.0,1,secp256k1_blake160_sighash_all,0.0,OK,0.0,0.0,0.0,413.0,,OK,6,5,0.0,0.5029911246861728,0.5748043916551693,OK,552900.58626434,787612.74155149,234712.15528715006,0,False
ckb1qzda0cr08m85hc8jlnfp3zer7xulejywt49kt2rr0vthywaa50xwsqw9t5zng6xx58m2nha3lw65da4tsdntkqcxt2q9p,3,0.0,0.6666666666666666,0.0,0.3333333333333333,OK,2.0,2.0,1.0,105694643.0,105694643.0,0.9373351495212486,0.0,INSUFFICIENT_EVIDENCE,1.0,1,secp256k1_blake160_sighash_all,0.0,OK,0.0,0.0,0.0,2.0,,INSUFFICIENT_EVIDENCE,1,3,0.0,1.0,,OK,68668.93135473,78902.19818016,10233.266825430008,0,False
ckb1qzda0cr08m85hc8jlnfp3zer7xulejywt49kt2rr0vthywaa50xwsq2yr93x7eusaallmfayyemrlff66pd7v9s34kwg9,11,0.0,0.09090909090909091,0.36363636363636365,0.5454545454545454,OK,6.0,6.0,1.0,47267002.833333336,17574951.5,1.0529708076833901,0.0,OK,1.0,1,secp256k1_blake160_sighash_all,0.0,OK,0.0,0.0,0.0,6.0,,OK,1,28,0.0,1.0,,OK,52230.15544421,84230.15544421,32000.0,0,False
ckb1qzda0cr08m85hc8jlnfp3zer7xulejywt49kt2rr0vthywaa50xwsq2fdtshag9h5z8q7qy6v4hu6lpzvejmg7sp9a6kf,1,0.0,0.0,0.0,1.0,OK,,,,,,,,,1.0,1,secp256k1_blake160_sighash_all,0.0,OK,1.0,1.0,,,,,0,1,0.0,,,OK,0.0,1532.85204898,1532.85204898,0,False
ckb1qzda0cr08m85hc8jlnfp3zer7xulejywt49kt2rr0vthywaa50xwsqvkdvwnt7g07cavxzwdpc6rhyz9dpje6zgyldedd,1,0.0,0.0,0.0,1.0,OK,,,,,,,,,1.0,1,secp256k1_blake160_sighash_all,0.0,OK,0.0,0.0,,,,,0,1,0.0,,,OK,0.0,62.0,62.0,0,False
ckb1qzda0cr08m85hc8jlnfp3zer7xulejywt49kt2rr0vthywaa50xwsq046dyalzv28h7wt8fqzhhskeedyh6fpugkydwwj,38,0.3157894736842105,0.2894736842105263,0.18421052631578946,0.21052631578947367,OK,19.0,19.0,1.0,140770540.7368421,10402868.0,2.9714509266252995,0.0,OK,1.0,1,secp256k1_blake160_sighash_all,0.0,OK,0.0,0.0,0.0,19.0,,OK,4,1,0.0,0.4541342784669254,0.7446963205923813,OK,169342313.8,169342313.8,0.0,0,False
ckb1qzda0cr08m85hc8jlnfp3zer7xulejywt49kt2rr0vthywaa50xwsq0a7apfhwtpcrx2vwh4rverv53y377dgsqtkmuyv,1842,0.23181324647122692,0.49728555917481,0.0993485342019544,0.17155266015200868,OK,1806.0,1806.0,1.0,99199460.38316722,19259792.0,2.1998020927993527,0.0,OK,1.0,1,secp256k1_blake160_sighash_all,0.0,OK,0.0,0.0,0.0,1806.0,,OK,106,134,0.008403361344537815,0.07165957628120574,0.6609424398910986,OK,106504617447.2935,-77941109083.86433,-184445726531.15784,0,False
ckb1qzda0cr08m85hc8jlnfp3zer7xulejywt49kt2rr0vthywaa50xwsqwx8ftt5lmk8pt5ux00wvyz5qrswq9uckq3yqc5x,1,0.0,1.0,0.0,0.0,OK,,,,,,,,,1.0,1,secp256k1_blake160_sighash_all,0.0,OK,0.0,0.0,,,,,0,1,0.0,,,OK,0.0,299.0,299.0,0,False
ckb1qzda0cr08m85hc8jlnfp3zer7xulejywt49kt2rr0vthywaa50xwsqw76vqq45434vph49vkxl406cp95886x2g79zp4d,3,0.0,0.6666666666666666,0.3333333333333333,0.0,OK,14.0,2.0,0.14285714285714285,53032751312.5,53032751312.5,0.10265296673787389,0.0,INSUFFICIENT_EVIDENCE,1.0,1,secp256k1_blake160_sighash_all,0.0,OK,0.0,0.0,0.0,14.0,,OK,1,1,0.0,1.0,,OK,134721.5978,25022.9978,-109698.59999999999,0,False
ckb1qzda0cr08m85hc8jlnfp3zer7xulejywt49kt2rr0vthywaa50xwsqw5rj262huu0sgcnq38shahvee2qpuuvtg8rve95,1,0.0,0.0,1.0,0.0,OK,,,,,,,,,1.0,1,secp256k1_blake160_sighash_all,0.0,OK,0.0,0.0,,,,,0,1,0.0,,,OK,0.0,134721.59773814,134721.59773814,0,False
ckb1qzda0cr08m85hc8jlnfp3zer7xulejywt49kt2rr0vthywaa50xwsqtrp6ncuqxwmyp7wfr9uywxyyfs7nvk44sx7ast5,3,0.3333333333333333,0.0,0.0,0.6666666666666666,OK,2.0,2.0,1.0,28599029580.0,28599029580.0,0.9970373260476204,0.0,INSUFFICIENT_EVIDENCE,1.0,1,secp256k1_blake160_sighash_all,0.0,OK,1.0,1.0,0.0,2.0,,INSUFFICIENT_EVIDENCE,2,4,0.0,0.9651236864141588,0.1286331964055118,OK,460000.0,460000.0,0.0,0,False
ckb1qzda0cr08m85hc8jlnfp3zer7xulejywt49kt2rr0vthywaa50xwsqtmf2ge3pt50a67vdmwsj8l8rf6px43vxg098nyj,1,1.0,0.0,0.0,0.0,OK,,,,,,,,,1.0,1,secp256k1_blake160_sighash_all,0.0,OK,0.0,0.0,,,,,0,1,0.0,,,OK,0.0,239174.26881535,239174.26881535,0,False
ckb1qzdcr9un5ezx8tkh03s46m9jymh22jruelq8svzr5krj2nx69dhjvqgjrdnzrv7tvcd9nrfr7lmqh0gatk7nxy9jqq2yluhf,13,0.38461538461538464,0.07692307692307693,0.07692307692307693,0.46153846153846156,OK,12.0,12.0,1.0,3643658511.1666665,1573838444.5,2.0559526093490383,0.08333333333333333,OK,1.0,1,unrecognized,0.0,OK,0.0,0.0,0.0,12.0,,OK,2,1,0.5,0.5030067527940675,0.9956578145718004,OK,410293.61930792,410293.61930792,0.0,0,False
ckb1qzda0cr08m85hc8jlnfp3zer7xulejywt49kt2rr0vthywaa50xwsqvdsgte9pkmratzhwchaanuuvhvmd3pp9cfvddsg,3,0.0,0.3333333333333333,0.3333333333333333,0.3333333333333333,OK,,,,,,,,,1.0,1,secp256k1_blake160_sighash_all,0.0,OK,0.0,0.0,,,,,0,1,0.0,,,OK,0.0,330926.48403461,330926.48403461,0,False
ckb1qzda0cr08m85hc8jlnfp3zer7xulejywt49kt2rr0vthywaa50xwsqddw45fnzxhfmsxwuf7m82k5vyynsfvkxqu8209y,49,0.0,0.6530612244897959,0.0,0.3469387755102041,OK,,,,,,,,,1.0,1,secp256k1_blake160_sighash_all,0.0,OK,0.0,0.0,,,,,0,1,0.0,,,OK,0.0,24550.54195568,24550.54195568,0,False
ckb1qzda0cr08m85hc8jlnfp3zer7xulejywt49kt2rr0vthywaa50xwsqg2fnljwt423kchx368x8xwstmkhx0k2agegvx0a,130,0.0,0.0,0.0,1.0,OK,,,,,,,,,1.0,1,secp256k1_blake160_sighash_all,0.0,OK,0.0,0.0,,,,,0,1,0.0,,,OK,0.0,672853.8608467,672853.8608467,0,False
ckb1qzda0cr08m85hc8jlnfp3zer7xulejywt49kt2rr0vthywaa50xwsqt2gnkqzr9sm0q9syuahhy9mgu9hx3r5pg74y4jz,953,0.21720881427072403,0.33473242392444913,0.17733473242392445,0.2707240293809024,OK,577.0,577.0,1.0,116532715.13171577,33489075.0,1.8770001858941532,0.0,OK,1.0,1,secp256k1_blake160_sighash_all,0.0,OK,0.0,0.0,0.0,577.0,,OK,4,3,0.0,0.3403895059445122,0.8877191529671482,OK,855266536.8002028,855266536.8002028,0.0,0,False
ckb1qzda0cr08m85hc8jlnfp3zer7xulejywt49kt2rr0vthywaa50xwsqwda7qe8d78vuwpx20spzsuvtj92eulcagjenqnt,107,0.48598130841121495,0.3925233644859813,0.009345794392523364,0.11214953271028037,OK,54.0,54.0,1.0,1040394.1666666666,824990.0,0.8364473546910071,0.0,OK,1.0,1,secp256k1_blake160_sighash_all,0.0,OK,0.0,0.0,0.0,54.0,,OK,1,4,0.0,1.0,,OK,418510271.762,418510271.762,0.0,0,False
ckb1qzda0cr08m85hc8jlnfp3zer7xulejywt49kt2rr0vthywaa50xwsqdqrmx3gfghxmm3m5dj4vm27j5ke9kvw9qmr8lwp,16,0.3125,0.25,0.1875,0.25,OK,8.0,8.0,1.0,13805495.375,4141646.0,1.801525744021544,0.0,OK,1.0,1,secp256k1_blake160_sighash_all,0.0,OK,0.0,0.0,0.0,8.0,,OK,3,1,0.0,0.5194210897830065,0.7640924164154158,OK,39245234.79,39245234.79,0.0,0,False
ckb1qzda0cr08m85hc8jlnfp3zer7xulejywt49kt2rr0vthywaa50xwsqgj3l4affhawvqru83788u58fphcrx2f8shd3h9l,38,0.5,0.15789473684210525,0.02631578947368421,0.3157894736842105,OK,19.0,19.0,1.0,1393077.8421052631,898004.0,0.7577670991739407,0.0,OK,1.0,1,secp256k1_blake160_sighash_all,0.0,OK,0.0,0.0,0.0,19.0,,OK,1,1,0.0,1.0,,OK,45834759.42896635,45834759.42896635,0.0,0,False
ckb1qzda0cr08m85hc8jlnfp3zer7xulejywt49kt2rr0vthywaa50xwsqwjhnuyhphnp99ysnl09ht9e3x2kh8s8acgdjpg3,3,0.0,0.3333333333333333,0.0,0.6666666666666666,OK,2.0,2.0,1.0,366333384.0,366333384.0,0.21204025729743484,0.0,INSUFFICIENT_EVIDENCE,1.0,1,secp256k1_blake160_sighash_all,0.0,OK,0.0,0.0,0.0,2.0,,INSUFFICIENT_EVIDENCE,2,14,0.0,0.5042932336009303,0.9937972787416304,OK,2169.59630953,2169.59630953,0.0,0,False
ckb1qzda0cr08m85hc8jlnfp3zer7xulejywt49kt2rr0vthywaa50xwsqgzm5e3yf726rc70mkxfc2y2u4y3w27h6qeazjwx,2,0.0,0.5,0.0,0.5,OK,1.0,1.0,1.0,715998111.0,715998111.0,0.0,0.0,INSUFFICIENT_EVIDENCE,1.0,1,secp256k1_blake160_sighash_all,0.0,OK,0.0,0.0,0.0,1.0,,INSUFFICIENT_EVIDENCE,2,1,0.0,0.5567897339356931,0.91644372224453,OK,1225.95170065,1225.95170065,0.0,0,False
ckb1qzda0cr08m85hc8jlnfp3zer7xulejywt49kt2rr0vthywaa50xwsqgjr2xdh0zyc53jxpwsvwxq5x8y05rmytcewmqcv,661,0.0,0.25416036308623297,0.4205748865355522,0.32526475037821484,OK,669.0,391.0,0.5844544095665172,78437928.96675192,39014250.0,3.436676458135271,0.0,OK,1.0,1,secp256k1_blake160_sighash_all,0.0,OK,0.0,0.0,0.0,669.0,,OK,1,1,0.0,1.0,,OK,3056815978.1449385,1890644142.6189382,-1166171835.5260003,0,False
ckb1qzda0cr08m85hc8jlnfp3zer7xulejywt49kt2rr0vthywaa50xwsqt5ctdrmqm0ay6yk8h9nxh7uy0xu7tm8zs8tvu99,42,0.0,0.40476190476190477,0.023809523809523808,0.5714285714285714,OK,41.0,40.0,0.975609756097561,1415214189.525,413522712.5,2.4480327740146146,0.0,OK,1.0,1,secp256k1_blake160_sighash_all,0.0,OK,0.0,0.0,0.0,41.0,,OK,1,1,0.0,1.0,,OK,71454473.65683866,71454476.95981589,3.3029772341251373,0,False
ckb1qzfhdsa4syv599s2s3nfrctwga70g0tu07n9gpnun9ydlngf5vsnwqg989xqg8r09h0jjzvcqduwspsx40dsaqxwq5u5cpquduka72gfnqph36qxq64akr5qeclp66q4,5,0.0,0.0,0.0,1.0,OK,5.0,4.0,0.8,14690603629.25,6712885492.5,1.0787161437931705,0.0,INSUFFICIENT_EVIDENCE,1.0,1,unrecognized,0.0,OK,1.0,1.0,0.0,5.0,,OK,7,6,0.8571428571428571,0.25929908526758605,0.834027419765349,OK,1110.0,1110.0,0.0,0,False
ckb1qzfhdsa4syv599s2s3nfrctwga70g0tu07n9gpnun9ydlngf5vsnwqg9slzd7jvhwlruz9jtrx62wpy66cehjgz2qkrufh6fjamu0sgkfvvmffcynttrx7fqfg9yms90,6,0.3333333333333333,0.0,0.0,0.6666666666666666,OK,5.0,5.0,1.0,8380752622.6,1555334313.0,1.756445651876294,0.0,OK,1.0,1,unrecognized,0.0,OK,1.0,2.0,0.0,5.0,,OK,4,5,0.5,0.6126640986947522,0.5686831517502993,OK,1084.99957212,1301.99910625,216.99953413000003,0,False
ckb1qzda0cr08m85hc8jlnfp3zer7xulejywt49kt2rr0vthywaa50xwsqtdwr0smrhh7h0pnkg2yve4ux7mfk3k9nswdj2s2,2,0.5,0.5,0.0,0.0,OK,1.0,1.0,1.0,657015.0,657015.0,0.0,0.0,INSUFFICIENT_EVIDENCE,1.0,1,secp256k1_blake160_sighash_all,0.0,OK,0.0,0.0,0.0,1.0,,INSUFFICIENT_EVIDENCE,1,1,0.0,1.0,,OK,6542.15291961,6542.15291961,0.0,0,False
ckb1qzda0cr08m85hc8jlnfp3zer7xulejywt49kt2rr0vthywaa50xwsq0r9y77vk0sjk3m5t8x2pgp5wlque28mvqetg3vj,2,0.0,0.5,0.0,0.5,OK,1.0,1.0,1.0,1088338355.0,1088338355.0,0.0,0.0,INSUFFICIENT_EVIDENCE,1.0,1,secp256k1_blake160_sighash_all,0.0,OK,1.0,1.0,0.0,1.0,,INSUFFICIENT_EVIDENCE,1,1,0.0,1.0,,OK,25102.0,50204.0,25102.0,0,False
ckb1qzda0cr08m85hc8jlnfp3zer7xulejywt49kt2rr0vthywaa50xwsq2rsu67gzxhacdwpzfyc0gc5q9vgr6aztc6y5n8c,6,0.0,0.5,0.0,0.5,OK,4.0,4.0,1.0,283225540.0,20928057.5,1.641434323896361,0.0,INSUFFICIENT_EVIDENCE,1.0,1,secp256k1_blake160_sighash_all,0.0,OK,0.0,0.0,0.0,4.0,,OK,4,2,0.2,0.40460774825517365,0.7215817554109494,OK,122766.90942137,122766.90942137,0.0,0,False
ckb1qzda0cr08m85hc8jlnfp3zer7xulejywt49kt2rr0vthywaa50xwsq0zf2s0pke9a2nul6vhurkanmft0nx57mcuqadmm,3,0.0,0.0,0.0,1.0,OK,1.0,1.0,1.0,6279324.0,6279324.0,0.0,0.0,INSUFFICIENT_EVIDENCE,1.0,1,secp256k1_blake160_sighash_all,0.0,OK,0.0,0.0,0.0,1.0,,INSUFFICIENT_EVIDENCE,2,3,0.25,0.5240875265179037,0.9649645036130281,OK,598.9399,16119.83144279,15520.891542790001,0,False
ckb1qrgqep8saj8agswr30pls73hra28ry8jlnlc3ejzh3dl2ju7xxpjxqgqq8kwzq44p8ap4zclfc3vfgw5uxqqnegf0u7t0l86,314,0.06687898089171974,0.6624203821656051,0.0031847133757961785,0.267515923566879,OK,347.0,343.0,0.9884726224783862,3084951013.2244897,630845037.0,1.946075844677858,0.0,OK,1.0,1,unrecognized,0.0,OK,0.13636363636363635,30.0,0.0,347.0,,OK,24,33,0.5,0.30781871165136443,0.5143774772879224,OK,838196.66846152,852447.02508484,14250.356623320025,0,False
ckb1qzda0cr08m85hc8jlnfp3zer7xulejywt49kt2rr0vthywaa50xwsqdywhhfnhv7xz24x9y79yu47u9ugwr8p2sccyn4q,248,0.008064516129032258,0.7661290322580645,0.0,0.22580645161290322,OK,234.0,232.0,0.9914529914529915,3391968928.137931,2383885292.5,0.9534224192985269,0.0,OK,1.0,1,secp256k1_blake160_sighash_all,0.0,OK,0.07462686567164178,1.0,0.0,234.0,,OK,1,6,0.16666666666666666,1.0,,OK,1319738.6258837,2638162.70749046,1318424.08160676,0,False
ckb1qzda0cr08m85hc8jlnfp3zer7xulejywt49kt2rr0vthywaa50xwsq0x3yrv8qls62mqeylsvmzp5cqpmvy8quq7autul,82,0.5,0.35365853658536583,0.0,0.14634146341463414,OK,41.0,41.0,1.0,700460.8292682926,730985.0,0.3831205436262811,0.0,OK,1.0,1,secp256k1_blake160_sighash_all,0.0,OK,0.0,0.0,0.0,41.0,,OK,1,1,0.0,1.0,,OK,20681.61360368,20681.61360368,0.0,0,False
ckb1qzfhdsa4syv599s2s3nfrctwga70g0tu07n9gpnun9ydlngf5vsnwqg9l7r63jg9j5t36pkf945jdkalgdmheaarqhlc02xfqk23w8gxeykkjfkmhaphwl8h5v5cv94s,3,0.0,0.0,0.0,1.0,OK,3.0,2.0,0.6666666666666666,13824968589.5,13824968589.5,0.44598996486566306,0.0,INSUFFICIENT_EVIDENCE,1.0,1,unrecognized,0.0,OK,1.0,1.0,0.0,3.0,,OK,3,3,1.0,0.33335203736750296,0.9999744619233482,OK,656.9985,656.9985,0.0,0,False
ckb1qzfhdsa4syv599s2s3nfrctwga70g0tu07n9gpnun9ydlngf5vsnwqg9d2dw93zxz5s6cz9ef0r3e86v8eu9ptewq44f4ckygc2jrtqgh99uw8ylfsl8s5909c03vuqx,2,0.0,0.0,0.0,1.0,OK,2.0,1.0,0.5,46849734892.0,46849734892.0,0.0,0.0,INSUFFICIENT_EVIDENCE,1.0,1,unrecognized,0.0,OK,1.0,2.0,0.0,2.0,,INSUFFICIENT_EVIDENCE,2,2,1.0,0.5000409534457846,0.9999409158602774,OK,436.0,435.9998,-0.0002000000000066393,0,False
ckb1qzda0cr08m85hc8jlnfp3zer7xulejywt49kt2rr0vthywaa50xwsqfr084zhvecgk6223300mchj39my66q5dqd5030q,299,0.0,0.0,0.3277591973244147,0.6722408026755853,OK,159.0,159.0,1.0,206319172.05031446,33904290.0,2.0732997971078095,0.0,OK,1.0,1,secp256k1_blake160_sighash_all,0.0,OK,0.0,0.0,0.0,159.0,,OK,1,1,0.0,1.0,,OK,19286.73613027,19286.73613027,0.0,0,False
ckb1qzda0cr08m85hc8jlnfp3zer7xulejywt49kt2rr0vthywaa50xwsqfk74jml992maq6k2g9gn5znh4qsqlcg0gxqejgl,2,0.5,0.0,0.5,0.0,OK,1.0,1.0,1.0,48490571.0,48490571.0,0.0,0.0,INSUFFICIENT_EVIDENCE,1.0,1,secp256k1_blake160_sighash_all,0.0,OK,0.0,0.0,0.0,1.0,,INSUFFICIENT_EVIDENCE,1,1,0.0,1.0,,OK,1370574.739645,1370574.739645,0.0,0,False
ckb1qzda0cr08m85hc8jlnfp3zer7xulejywt49kt2rr0vthywaa50xwsq06s99smdcvprv0vpjw74v7yr3gfsz63tsmgym2k,55,0.0,0.4727272727272727,0.4,0.12727272727272726,OK,33.0,33.0,1.0,34811188.15151515,25831151.0,0.9496392003286307,0.0,OK,1.0,1,secp256k1_blake160_sighash_all,0.0,OK,0.0,0.0,0.0,33.0,,OK,1,1,0.0,1.0,,OK,831089.86066241,831089.86066241,0.0,0,False
ckb1qzda0cr08m85hc8jlnfp3zer7xulejywt49kt2rr0vthywaa50xwsqf9jwdl03xznuj4m32a9mlc2ejzu3rj3sc2k2ffj,1444,0.0,0.3573407202216066,0.46537396121883656,0.1772853185595568,OK,755.0,754.0,0.9986754966887417,61239138.124668434,29726083.0,2.926223118697213,0.0,OK,1.0,1,secp256k1_blake160_sighash_all,0.0,OK,0.0,0.0,0.0,755.0,,OK,1,2,0.0,1.0,,OK,2235792.08239172,2233815.70489056,-1976.3775011599064,0,False
ckb1qzda0cr08m85hc8jlnfp3zer7xulejywt49kt2rr0vthywaa50xwsqf4s8sxvjqhp8qpxyqj03kwmry2a43kggq7um8ef,31,0.0967741935483871,0.25806451612903225,0.6129032258064516,0.03225806451612903,OK,12.0,12.0,1.0,913067631.5833334,636584511.0,0.9438093327857231,0.0,OK,1.0,1,secp256k1_blake160_sighash_all,0.0,OK,0.0,0.0,0.0,12.0,,OK,1,12,0.0,1.0,,OK,8300524.73078056,11504573.07931683,3204048.3485362707,0,False
ckb1qzda0cr08m85hc8jlnfp3zer7xulejywt49kt2rr0vthywaa50xwsqdx5m2dx9j9el3arnuntxu5lkfafw4dyxgq357up,1,0.0,0.0,0.0,1.0,OK,,,,,,,,,1.0,1,secp256k1_blake160_sighash_all,0.0,OK,0.0,0.0,,,,,0,1,0.0,,,OK,0.0,9899.0,9899.0,0,False
ckb1qzfhdsa4syv599s2s3nfrctwga70g0tu07n9gpnun9ydlngf5vsnwqg9eu7ea9crgq4jcckyy8xtc9tsvmp7dfr9qh8nm85hqdqzktrzcssue0q4wpnv8e4yv5zyyn9r,1,0.0,0.0,0.0,1.0,OK,1.0,0.0,0.0,,,,,INSUFFICIENT_EVIDENCE,1.0,1,unrecognized,0.0,OK,1.0,1.0,0.0,1.0,,INSUFFICIENT_EVIDENCE,1,1,1.0,1.0,,OK,218.9999,218.9999,0.0,0,False
ckb1qzfhdsa4syv599s2s3nfrctwga70g0tu07n9gpnun9ydlngf5vsnwqg9wcehhpwgnw6hd0uu5ae7haq29vzh6w0aq4mrx7u9ezdm2a4lnjnh86l5pg4s2lfel5v62ehc,2,0.0,0.0,0.0,1.0,OK,2.0,1.0,0.5,19039130826.0,19039130826.0,0.0,0.0,INSUFFICIENT_EVIDENCE,1.0,1,unrecognized,0.0,OK,1.0,2.0,0.0,2.0,,INSUFFICIENT_EVIDENCE,2,2,1.0,0.5000105220665221,0.9999848198135661,OK,435.99989468,435.99969468,-0.0002000000000066393,0,False
ckb1qzda0cr08m85hc8jlnfp3zer7xulejywt49kt2rr0vthywaa50xwsqwmrpzfvvj8mckknp5m5rkt8cd5hy2vhgq24t8sv,2,0.5,0.5,0.0,0.0,OK,1.0,1.0,1.0,1988077.0,1988077.0,0.0,0.0,INSUFFICIENT_EVIDENCE,1.0,1,secp256k1_blake160_sighash_all,0.0,OK,0.0,0.0,0.0,1.0,,INSUFFICIENT_EVIDENCE,1,1,1.0,1.0,,OK,50000.0,50000.0,0.0,0,False
ckb1qzda0cr08m85hc8jlnfp3zer7xulejywt49kt2rr0vthywaa50xwsqgk9kfuz7fchth20ksf8d2x3eqph9le6cqhenpf3,5,0.2,0.8,0.0,0.0,OK,2.0,2.0,1.0,944454913.0,944454913.0,0.6270613904890555,0.0,INSUFFICIENT_EVIDENCE,1.0,1,secp256k1_blake160_sighash_all,0.0,OK,0.0,0.0,0.0,2.0,,INSUFFICIENT_EVIDENCE,2,2,0.3333333333333333,0.5703125,0.8960382325345574,OK,1037556.52757584,7340793.45233568,6303236.92475984,0,False
ckb1qzfhdsa4syv599s2s3nfrctwga70g0tu07n9gpnun9ydlngf5vsnwqg9epk0fesdwvgyqm0snhugdv4sv9scazygqhyxea8xp4e3qsrd7zwl3p4jkpskrr5g3qatxn96,4,0.5,0.0,0.0,0.5,OK,3.0,3.0,1.0,5034701892.333333,6480413554.0,0.7196726680569878,0.0,INSUFFICIENT_EVIDENCE,1.0,1,unrecognized,0.0,OK,1.0,1.0,0.0,3.0,,OK,2,3,0.6666666666666666,0.5000026670986141,0.9999961521866352,OK,647.99816698,863.99754533,215.99937835000003,0,False
ckb1qzfhdsa4syv599s2s3nfrctwga70g0tu07n9gpnun9ydlngf5vsnwqg9kjwx8e2juvc2vmlcst8rssrv4j0lxrfkqk6fccl92t3npfn0lzpvuwzqdjkflucdxcurx4r4,2,0.0,0.0,0.0,1.0,OK,2.0,1.0,0.5,60555451160.0,60555451160.0,0.0,0.0,INSUFFICIENT_EVIDENCE,1.0,1,unrecognized,0.0,OK,1.0,2.0,0.0,2.0,,INSUFFICIENT_EVIDENCE,2,2,1.0,0.5000420930311402,0.9999392717406225,OK,431.99989878,431.99969878,-0.0002000000000066393,0,False
ckb1qrgqep8saj8agswr30pls73hra28ry8jlnlc3ejzh3dl2ju7xxpjxqgqq8t3pqdfg3rnsqe8vgv93d49evdzkvpxcce0ml7v,701,1.0,0.0,0.0,0.0,OK,351.0,351.0,1.0,86966129.34472935,86514415.0,0.2671350291135071,0.0,OK,1.0,1,unrecognized,0.0,OK,0.0,0.0,0.0,351.0,,OK,3,3,0.2,0.9886204806384978,0.035655543120359304,OK,30730.48143612,30730.48143612,0.0,0,False
ckb1qrgqep8saj8agswr30pls73hra28ry8jlnlc3ejzh3dl2ju7xxpjxqgqqymvu6d289ggsyudpamr4g6ayz62gpp34qzy30vs,698,1.0,0.0,0.0,0.0,OK,349.0,348.0,0.997134670487106,92251905.91666667,86729136.5,0.7187016042596869,0.0,OK,1.0,1,unrecognized,0.0,OK,0.0,0.0,0.0,349.0,,OK,2,2,0.3333333333333333,0.9886038732864273,0.05092239530311121,OK,30555.39494941,30555.38137072,-0.013578690002759686,0,False
ckb1qzda0cr08m85hc8jlnfp3zer7xulejywt49kt2rr0vthywaa50xwsq0rrr3az2mu0ncjeqj26du5ymfhtq5l0gcv2rv08,602,0.5,0.25249169435215946,0.0,0.24750830564784054,OK,301.0,301.0,1.0,519124.6611295681,505963.0,0.35451286048545844,0.0,OK,1.0,1,secp256k1_blake160_sighash_all,0.0,OK,0.0,0.0,0.0,301.0,,OK,1,1,0.0,1.0,,OK,168010.26677025,168010.26677025,0.0,0,False
ckb1qzda0cr08m85hc8jlnfp3zer7xulejywt49kt2rr0vthywaa50xwsqgjuhrq84l5nk7ylhlcqpsa3yg974735rgy30uch,7,0.0,0.42857142857142855,0.2857142857142857,0.2857142857142857,OK,5.0,5.0,1.0,1847740.8,1832149.0,0.37171517800851095,0.0,OK,1.0,1,secp256k1_blake160_sighash_all,0.0,OK,0.0,0.0,0.0,5.0,,OK,1,1,0.0,1.0,,OK,278085.33771028,278085.33771028,0.0,0,False
ckb1qzda0cr08m85hc8jlnfp3zer7xulejywt49kt2rr0vthywaa50xwsqgyc38gxchqxq76zu6enhvgp5mdsgv8e7gzp680x,4,0.0,0.75,0.0,0.25,OK,3.0,3.0,1.0,4630503004.0,464792.0,1.4140726189266015,0.0,INSUFFICIENT_EVIDENCE,1.0,1,secp256k1_blake160_sighash_all,0.0,OK,0.0,0.0,0.0,3.0,,OK,1,1,0.0,1.0,,OK,2553639.56485835,2553702.56487323,63.000014880206436,0,False
ckb1qzda0cr08m85hc8jlnfp3zer7xulejywt49kt2rr0vthywaa50xwsqt785chmwk9t3w2j3570chwvmwq3l2sxrcvmsm9d,890,0.0,0.35730337078651686,0.0,0.6426966292134831,OK,850.0,850.0,1.0,602766296.7035294,177213363.5,1.9628571518383953,0.0,OK,1.0,1,secp256k1_blake160_sighash_all,0.0,OK,0.0,0.0,0.0,850.0,,OK,126,233,0.002793296089385475,0.4187947776659834,0.25775112800848554,OK,4355587632.616983,4415348068.031412,59760435.41442871,0,False
ckb1qzda0cr08m85hc8jlnfp3zer7xulejywt49kt2rr0vthywaa50xwsqwnla5w93964qlqcwaaeessdsk4h5pzkfs2f0ehn,332,0.5,0.0,0.0,0.5,OK,166.0,166.0,1.0,728302.4759036144,623822.0,1.0233694712272783,0.0,OK,1.0,1,secp256k1_blake160_sighash_all,0.0,OK,0.0,0.0,0.0,166.0,,OK,1,2,0.0,1.0,,OK,4605262.56192021,4605262.56192021,0.0,0,False
ckb1qzda0cr08m85hc8jlnfp3zer7xulejywt49kt2rr0vthywaa50xwsq0k5jc20yyf62n2879zxymntrhyke0zg9crdzqfz,20,0.15,0.4,0.0,0.45,OK,26.0,23.0,0.8846153846153846,5896634018.26087,262186085.0,2.4252853077637417,0.0,OK,1.0,1,secp256k1_blake160_sighash_all,0.0,OK,0.2,1.0,0.0,26.0,,OK,1,2,0.0,1.0,,OK,1479997.30013736,1323298.4915131,-156698.80862426013,0,False
ckb1qzda0cr08m85hc8jlnfp3zer7xulejywt49kt2rr0vthywaa50xwsqv0y7jfjm5g6sx4f5tn3jxgqen2tjecgmqt7sdrd,2,1.0,0.0,0.0,0.0,OK,1.0,1.0,1.0,11387256989.0,11387256989.0,0.0,0.0,INSUFFICIENT_EVIDENCE,1.0,1,secp256k1_blake160_sighash_all,0.0,OK,0.0,0.0,0.0,1.0,,INSUFFICIENT_EVIDENCE,1,1,0.0,1.0,,OK,169439.94988604,169439.94988604,0.0,0,False
ckb1qzda0cr08m85hc8jlnfp3zer7xulejywt49kt2rr0vthywaa50xwsq2qxj6t4tvw89fzmw2m5j43n9glh7h2jzq90qw40,1,1.0,0.0,0.0,0.0,OK,,,,,,,,,1.0,1,secp256k1_blake160_sighash_all,0.0,OK,0.0,0.0,,,,,0,1,0.0,,,OK,0.0,169439.94986119,169439.94986119,0,False
ckb1qzda0cr08m85hc8jlnfp3zer7xulejywt49kt2rr0vthywaa50xwsqg0prwcywrcc744qq5veu4upkur4665dlgr6003x,818,0.013447432762836185,0.4669926650366748,0.0024449877750611247,0.5171149144254279,OK,706.0,683.0,0.9674220963172805,10087610814.549047,3929591016.0,0.998197402691309,0.0,OK,1.0,1,secp256k1_blake160_sighash_all,0.0,OK,0.018050541516245487,1.0,0.0,706.0,,OK,2,4,0.0,0.5009476204126205,0.9986324405631228,OK,2232951.49274125,4420803.80390396,2187852.3111627097,0,False
ckb1qzda0cr08m85hc8jlnfp3zer7xulejywt49kt2rr0vthywaa50xwsq07j9vt4j4pr582tmmhg2r25g09e8lqhzq67lmrn,64,0.5,0.0,0.0,0.5,OK,32.0,32.0,1.0,558669.9375,563634.0,0.4993574380000897,0.0,OK,1.0,1,secp256k1_blake160_sighash_all,0.0,OK,0.0,0.0,0.0,32.0,,OK,1,1,0.0,1.0,,OK,111114.62231352,111114.62231352,0.0,0,False
ckb1qzda0cr08m85hc8jlnfp3zer7xulejywt49kt2rr0vthywaa50xwsq0q7j4qlaslzp5hhf78d6xyungvhetzy8cj9wr5a,68,0.5,0.0,0.0,0.5,OK,34.0,34.0,1.0,570529.5,575699.0,0.4659708311114374,0.0,OK,1.0,1,secp256k1_blake160_sighash_all,0.0,OK,0.0,0.0,0.0,34.0,,OK,1,1,0.0,1.0,,OK,182481.66229341,182481.66229341,0.0,0,False
ckb1qzda0cr08m85hc8jlnfp3zer7xulejywt49kt2rr0vthywaa50xwsqg4cz7lvtz6anfw0uxkrxu8d0gxcfuww2gp702wk,118,0.5,0.4745762711864407,0.0,0.025423728813559324,OK,59.0,59.0,1.0,908060.6610169491,709870.0,0.9487489546435214,0.0,OK,1.0,1,secp256k1_blake160_sighash_all,0.0,OK,0.0,0.0,0.0,59.0,,OK,1,2,0.0,1.0,,OK,916313.80046689,916313.80046689,0.0,0,False
ckb1qzda0cr08m85hc8jlnfp3zer7xulejywt49kt2rr0vthywaa50xwsqfc63dma5fy3kywpnada5yy99tpqvl4dechg9csl,48,0.0,0.0,0.020833333333333332,0.9791666666666666,OK,3.0,3.0,1.0,6247949517.0,5147543605.0,0.2794403112653884,0.0,INSUFFICIENT_EVIDENCE,1.0,1,secp256k1_blake160_sighash_all,0.0,OK,0.0,0.0,0.0,3.0,,OK,1,10,0.0,1.0,,OK,91415.82555398,238120.88031204,146705.05475806003,0,False
ckb1qrgqep8saj8agswr30pls73hra28ry8jlnlc3ejzh3dl2ju7xxpjxqgqq89s0k62mh0xf6hn8cc20wunuarrumudx5nwq9uk,815,0.0,0.01717791411042945,0.0,0.9828220858895705,OK,1144.0,1139.0,0.9956293706293706,239541819.04916593,185354250.0,0.3993752182019214,0.0,OK,1.0,1,unrecognized,0.0,OK,0.0,0.0,0.0,1144.0,,OK,1,2,0.5,1.0,,OK,622070.06505112,630910.51027464,8840.445223520044,0,False
ckb1qzda0cr08m85hc8jlnfp3zer7xulejywt49kt2rr0vthywaa50xwsq0guyenkvxw036k2zukneprz8x4erevtgs958r7v,2,0.0,1.0,0.0,0.0,OK,,,,,,,,,1.0,1,secp256k1_blake160_sighash_all,0.0,OK,0.0,0.0,,,,,0,1,0.0,,,OK,0.0,131436.43,131436.43,0,False
ckb1qrgqep8saj8agswr30pls73hra28ry8jlnlc3ejzh3dl2ju7xxpjxqgqqx8ced038s4z2vxfkqu7jzdcqs7q6qhxjqxupv3g,3,0.0,0.6666666666666666,0.0,0.3333333333333333,OK,2.0,2.0,1.0,4810272297.5,4810272297.5,3.710715089720968e-05,0.0,INSUFFICIENT_EVIDENCE,1.0,1,unrecognized,0.0,OK,0.0,0.0,0.0,2.0,,INSUFFICIENT_EVIDENCE,1,1,0.0,1.0,,OK,1550519.93380811,3100539.8675974,1550019.9337892903,0,False
ckb1qzda0cr08m85hc8jlnfp3zer7xulejywt49kt2rr0vthywaa50xwsqdxaqe07wj7kc5y9suqc6lkdqz4wm85ltq0ng53r,1,0.0,0.0,0.0,1.0,OK,,,,,,,,,1.0,1,secp256k1_blake160_sighash_all,0.0,OK,0.0,0.0,,,,,0,1,0.0,,,OK,0.0,500.0,500.0,0,False
ckb1qzda0cr08m85hc8jlnfp3zer7xulejywt49kt2rr0vthywaa50xwsqwsaytgethft2tx90hfcvmpazn02dmhyacz9xtxp,782,0.49232736572890023,0.5025575447570333,0.005115089514066497,0.0,OK,393.0,393.0,1.0,863595.4503816793,672256.0,0.9438386018826851,0.0,OK,1.0,1,secp256k1_blake160_sighash_all,0.0,OK,0.0,0.0,0.0,393.0,,OK,1,1,0.0,1.0,,OK,1893302988.982264,1893302988.982264,0.0,0,False
ckb1qzda0cr08m85hc8jlnfp3zer7xulejywt49kt2rr0vthywaa50xwsqd2ln87tv0nhyh6r2h84d3fnm5vdsjraagf5r842,2,0.0,0.0,0.0,1.0,OK,1.0,1.0,1.0,2398362810.0,2398362810.0,0.0,0.0,INSUFFICIENT_EVIDENCE,1.0,1,secp256k1_blake160_sighash_all,0.0,OK,1.0,1.0,0.0,1.0,,INSUFFICIENT_EVIDENCE,1,3,0.0,1.0,,OK,223629.15528189,447258.31056378,223629.15528189,0,False
ckb1qzda0cr08m85hc8jlnfp3zer7xulejywt49kt2rr0vthywaa50xwsqd8at4zhq3lrngyw88mqued7njjluzc9dcx3mfwa,2,0.0,0.0,0.0,1.0,OK,1.0,1.0,1.0,89521181.0,89521181.0,0.0,0.0,INSUFFICIENT_EVIDENCE,1.0,1,secp256k1_blake160_sighash_all,0.0,OK,0.0,0.0,0.0,1.0,,INSUFFICIENT_EVIDENCE,2,2,0.0,0.9994458181746297,0.0036750912051721216,OK,61.99998538,61.99998538,0.0,0,False
ckb1qzda0cr08m85hc8jlnfp3zer7xulejywt49kt2rr0vthywaa50xwsqggszva8zt4sr9p97fwvrhfhzqf7p29u8s3z6m5z,1,0.0,0.0,0.0,1.0,OK,,,,,,,,,1.0,1,secp256k1_blake160_sighash_all,0.0,OK,0.0,0.0,,,,,0,2,0.0,,,OK,0.0,61.99997076,61.99997076,0,False
ckb1qzda0cr08m85hc8jlnfp3zer7xulejywt49kt2rr0vthywaa50xwsqvxfn4dw95uwpq972rjvvkzc44c0hxltkghsrja0,448,0.5,0.43080357142857145,0.0,0.06919642857142858,OK,224.0,224.0,1.0,958579.5044642857,722218.0,0.9843677087909455,0.0,OK,1.0,1,secp256k1_blake160_sighash_all,0.0,OK,0.0,0.0,0.0,224.0,,OK,1,8,0.0,1.0,,OK,1056148881.86,1056148881.86,0.0,0,False
ckb1qzda0cr08m85hc8jlnfp3zer7xulejywt49kt2rr0vthywaa50xwsqfsu2mrnwlnau7687z605999cuqgmzkyqs0u3985,107,0.0,0.3364485981308411,0.0,0.6635514018691588,OK,,,,,,,,,1.0,1,secp256k1_blake160_sighash_all,0.0,OK,0.0,0.0,,,,,0,1,0.0,,,OK,0.0,62700.18581041,62700.18581041,0,False
ckb1qzda0cr08m85hc8jlnfp3zer7xulejywt49kt2rr0vthywaa50xwsqdwtq4te2zfzem37hsacgzq4t4y8t8tgmcyy9v3v,1607,0.25140012445550713,0.4548848786558805,0.09209707529558182,0.2016179215930305,OK,1570.0,1570.0,1.0,144889100.8101911,28441027.5,1.9666991370705083,0.0,OK,1.0,1,secp256k1_blake160_sighash_all,0.0,OK,0.0,0.0,0.0,1570.0,,OK,100,114,0.009433962264150943,0.05874960125916165,0.7009289592863318,OK,23247229308.034836,23343056606.089256,95827298.05442047,0,False
ckb1qzda0cr08m85hc8jlnfp3zer7xulejywt49kt2rr0vthywaa50xwsqvh639mn84vea2mr46k5rqrvfq6zg6h4mqaxt69f,2,0.5,0.0,0.5,0.0,OK,1.0,1.0,1.0,143542.0,143542.0,0.0,0.0,INSUFFICIENT_EVIDENCE,1.0,1,secp256k1_blake160_sighash_all,0.0,OK,0.0,0.0,0.0,1.0,,INSUFFICIENT_EVIDENCE,1,1,0.0,1.0,,OK,75940.77942106,75940.77942106,0.0,0,False
ckb1qzda0cr08m85hc8jlnfp3zer7xulejywt49kt2rr0vthywaa50xwsqd52pqxx3q9kjg6xxh9f2h6wuut9numalsjdnjxu,13,0.15384615384615385,0.6153846153846154,0.07692307692307693,0.15384615384615385,OK,10.0,10.0,1.0,9489057350.6,2456322802.5,1.2064287423033606,0.0,OK,1.0,1,secp256k1_blake160_sighash_all,0.0,OK,0.0,0.0,0.0,10.0,,OK,3,1,0.0,0.4075117535923679,0.9055709452166787,OK,207796.40013608,207796.40013608,0.0,0,False
ckb1qzda0cr08m85hc8jlnfp3zer7xulejywt49kt2rr0vthywaa50xwsqg3xv33uywn6sjyvmnzckatkpke54mlx8srepf4g,214,0.4719626168224299,0.38317757009345793,0.02336448598130841,0.12149532710280374,OK,109.0,109.0,1.0,797286.6238532111,624769.0,0.8818594080691777,0.0,OK,1.0,1,secp256k1_blake160_sighash_all,0.0,OK,0.0,0.0,0.0,109.0,,OK,1,7,0.0,1.0,,OK,23810657.75940251,23810657.75940251,0.0,0,False
ckb1qrgqep8saj8agswr30pls73hra28ry8jlnlc3ejzh3dl2ju7xxpjxqgqqytevmf523qgwexunz0pf59ysl6dvxvvusuft43p,110,0.01818181818181818,0.44545454545454544,0.00909090909090909,0.5272727272727272,OK,126.0,115.0,0.9126984126984127,2821872972.730435,793365886.0,1.6764850464610908,0.0,OK,1.0,1,unrecognized,0.0,OK,0.22962962962962963,14.0,0.0,126.0,,OK,33,45,0.3684210526315789,0.546220506483747,0.2693215196461754,OK,16551129.1161341,16889025.45534441,337896.3392103091,0,False
ckb1qzda0cr08m85hc8jlnfp3zer7xulejywt49kt2rr0vthywaa50xwsq0p80per28ltwd4sm2052pjt4z8unckpucj6e5pc,142,0.0,0.8098591549295775,0.007042253521126761,0.18309859154929578,OK,145.0,140.0,0.9655172413793104,1106215801.9928572,154292868.0,2.900515937007267,0.0,OK,1.0,1,secp256k1_blake160_sighash_all,0.0,OK,0.0,0.0,0.0,145.0,,OK,12,7,0.1875,0.633088967907947,0.2846576168234628,OK,116651084.23449413,116570980.5687692,-80103.66572493315,0,False
ckb1qzda0cr08m85hc8jlnfp3zer7xulejywt49kt2rr0vthywaa50xwsqgl8p3tyd357ap33wygmdxur9xj2pft5dc5q6uz7,7,0.0,0.5714285714285714,0.2857142857142857,0.14285714285714285,OK,7.0,5.0,0.7142857142857143,24411688174.2,976464.0,1.2254138904317728,0.0,OK,1.0,1,secp256k1_blake160_sighash_all,0.0,OK,0.0,0.0,0.0,7.0,,OK,1,2,0.0,1.0,,OK,1222.99,1100.99,-122.0,0,False
ckb1qzda0cr08m85hc8jlnfp3zer7xulejywt49kt2rr0vthywaa50xwsqg8td6r2j7dwevxfd0c84lzn0j9dh0tkecqdrktc,19,0.3684210526315789,0.5789473684210527,0.05263157894736842,0.0,OK,11.0,11.0,1.0,614483.5454545454,432525.0,0.5600761616423978,0.0,OK,1.0,1,secp256k1_blake160_sighash_all,0.0,OK,0.0,0.0,0.0,11.0,,OK,1,5,0.0,1.0,,OK,12640372.01,12640372.01,0.0,0,False
ckb1qzda0cr08m85hc8jlnfp3zer7xulejywt49kt2rr0vthywaa50xwsqgulzg2h44865y9svyw7s5390npefh3x9qrr8hc9,626,0.4984025559105431,0.2955271565495208,0.001597444089456869,0.20447284345047922,OK,314.0,314.0,1.0,270006.4840764331,261464.0,0.2924664751344286,0.0,OK,1.0,1,secp256k1_blake160_sighash_all,0.0,OK,0.0,0.0,0.0,314.0,,OK,1,1,0.0,1.0,,OK,242949725.09078103,242949725.09078103,0.0,0,False
ckb1qrgqep8saj8agswr30pls73hra28ry8jlnlc3ejzh3dl2ju7xxpjxqgqqxeawela8galsacxfd7d4xaymhy9jpmqeqyruqve,3,0.0,0.6666666666666666,0.0,0.3333333333333333,OK,4.0,2.0,0.5,62775828552.0,62775828552.0,0.0021230939212470786,0.0,INSUFFICIENT_EVIDENCE,1.0,1,unrecognized,0.0,OK,0.0,0.0,0.0,4.0,,OK,1,0,0.0,1.0,,OK,1961.98036932,982.9903139,-978.9900554199999,0,False
ckb1qzda0cr08m85hc8jlnfp3zer7xulejywt49kt2rr0vthywaa50xwsq2mj7v7ut0alqkx38qgu393dw8lafafq0qwnqaxs,71,0.4225352112676056,0.19718309859154928,0.056338028169014086,0.323943661971831,OK,38.0,37.0,0.9736842105263158,91656865.62162162,404115.0,3.424053849761989,0.0,OK,1.0,1,secp256k1_blake160_sighash_all,0.0,OK,0.0,0.0,0.0,38.0,,OK,1,2,0.0,1.0,,OK,52526665.34570433,52526565.34570433,-100.0,0,False
ckb1qzda0cr08m85hc8jlnfp3zer7xulejywt49kt2rr0vthywaa50xwsqfwru8wpcx969py0vrrf29ckn928nz26csz7pvxw,71,0.0,0.5070422535211268,0.0,0.49295774647887325,OK,65.0,64.0,0.9846153846153847,1511526034.765625,696517076.5,1.425973847095863,0.0,OK,1.0,1,secp256k1_blake160_sighash_all,0.0,OK,0.0,0.0,0.0,65.0,,OK,2,2,0.0,0.9999939433477709,5.988756058201012e-05,OK,74518459.14161162,88676042.60922737,14157583.467615753,0,False
ckb1qzda0cr08m85hc8jlnfp3zer7xulejywt49kt2rr0vthywaa50xwsqwkp3rnla6nr3al235xz3kmr3c8s0v3kngg0vdcv,38,0.39473684210526316,0.02631578947368421,0.5789473684210527,0.0,OK,19.0,19.0,1.0,2081904.1578947369,1899896.0,0.4341885459431941,0.0,OK,1.0,1,secp256k1_blake160_sighash_all,0.0,OK,0.0,0.0,0.0,19.0,,OK,2,3,0.0,0.9028130203424454,0.2915428194377111,OK,106063.86620168,106063.86620168,0.0,0,False
ckb1qzda0cr08m85hc8jlnfp3zer7xulejywt49kt2rr0vthywaa50xwsqv2mxk8gk0kdcqrjee7fdyy4dzjs3c8etq9dlarq,576,0.003472222222222222,0.0920138888888889,0.4826388888888889,0.421875,OK,296.0,296.0,1.0,2141720.8513513515,1969375.5,0.49683210559527224,0.0,OK,1.0,1,secp256k1_blake160_sighash_all,0.0,OK,0.0,0.0,0.0,296.0,,OK,2,3,0.0,0.856864260632703,0.3936218250195369,OK,205813.51203184,205813.51203184,0.0,0,False
ckb1qzda0cr08m85hc8jlnfp3zer7xulejywt49kt2rr0vthywaa50xwsqgq74prpeqz7rlncvqz0j2gn4jxsg75ztggj7v7a,28,0.0,0.0,0.4642857142857143,0.5357142857142857,OK,14.0,14.0,1.0,5698725.142857143,3431463.5,0.9348431073466976,0.0,OK,1.0,1,secp256k1_blake160_sighash_all,0.0,OK,0.0,0.0,0.0,14.0,,OK,1,1,0.0,1.0,,OK,53382.98604068,58542.79614464,5159.810103960001,0,False
ckb1qzda0cr08m85hc8jlnfp3zer7xulejywt49kt2rr0vthywaa50xwsqgwfecefxhhy7jtetnnf835cc6pc4hup2g3047fh,2,0.0,0.0,0.0,1.0,OK,1.0,1.0,1.0,7576685331.0,7576685331.0,0.0,0.0,INSUFFICIENT_EVIDENCE,1.0,1,secp256k1_blake160_sighash_all,0.0,OK,1.0,1.0,0.0,1.0,,INSUFFICIENT_EVIDENCE,1,7,0.0,1.0,,OK,39136141.28621847,78272282.57243694,39136141.28621847,0,False
ckb1qzda0cr08m85hc8jlnfp3zer7xulejywt49kt2rr0vthywaa50xwsqfg0c6expwhe3wjs5vkk7e2legcah5gvjqvdy8l7,2,0.0,0.0,0.0,1.0,OK,1.0,1.0,1.0,2383491580.0,2383491580.0,0.0,0.0,INSUFFICIENT_EVIDENCE,1.0,1,secp256k1_blake160_sighash_all,0.0,OK,0.0,0.0,0.0,1.0,,INSUFFICIENT_EVIDENCE,2,2,0.0,0.9903568013855737,0.04422806451465042,OK,190540.68653106,190540.68653106,0.0,0,False
ckb1qzda0cr08m85hc8jlnfp3zer7xulejywt49kt2rr0vthywaa50xwsqd5wxs2lr6y8gzek23nkyj04ngcgmutl4s75skv9,1,0.0,0.0,0.0,1.0,OK,,,,,,,,,1.0,1,secp256k1_blake160_sighash_all,0.0,OK,0.0,0.0,,,,,0,2,0.0,,,OK,0.0,190540.68628819,190540.68628819,0,False
ckb1qzda0cr08m85hc8jlnfp3zer7xulejywt49kt2rr0vthywaa50xwsqdpglw7yx2vzsuu2hz4f0zqmm7ujn4gzrcpt9myf,2,0.5,0.0,0.0,0.5,OK,1.0,1.0,1.0,369245.0,369245.0,0.0,0.0,INSUFFICIENT_EVIDENCE,1.0,1,secp256k1_blake160_sighash_all,0.0,OK,0.0,0.0,0.0,1.0,,INSUFFICIENT_EVIDENCE,1,1,0.0,1.0,,OK,293774.00037739,293774.00037739,0.0,0,False
ckb1qzda0cr08m85hc8jlnfp3zer7xulejywt49kt2rr0vthywaa50xwsqtg608sukx6zv02svdu0hm3304fxhfrfzqvaphhu,6,0.5,0.16666666666666666,0.0,0.3333333333333333,OK,3.0,3.0,1.0,362764.3333333333,395017.0,0.1476838352472984,0.0,INSUFFICIENT_EVIDENCE,1.0,1,secp256k1_blake160_sighash_all,0.0,OK,0.0,0.0,0.0,3.0,,OK,1,3,0.0,1.0,,OK,14381391.0,14381391.0,0.0,0,False
ckb1qzda0cr08m85hc8jlnfp3zer7xulejywt49kt2rr0vthywaa50xwsq0jlpszzdm77mdd9hrknh9ppd9g850pfcs3yqwhx,2534,0.48105761641673245,0.4601420678768745,0.0122336227308603,0.04656669297553275,OK,1284.0,1284.0,1.0,631379.5607476636,411565.5,1.0743225456578442,0.0,OK,1.0,1,secp256k1_blake160_sighash_all,0.0,OK,0.0,0.0,0.0,1284.0,,OK,1,10,0.0,1.0,,OK,426058411.928,426058411.928,0.0,0,False
ckb1qzda0cr08m85hc8jlnfp3zer7xulejywt49kt2rr0vthywaa50xwsqd7llz9vfprn28merjhktq2w8ydgejz4zsw4kkv5,34,0.0,0.0,0.5,0.5,OK,17.0,17.0,1.0,2339248.6470588236,2580048.0,0.4382081739805232,0.0,OK,1.0,1,secp256k1_blake160_sighash_all,0.0,OK,0.0,0.0,0.0,17.0,,OK,2,1,0.0,0.7635391671198482,0.576325700511932,OK,283023.37884718,283023.37884718,0.0,0,False
ckb1qzda0cr08m85hc8jlnfp3zer7xulejywt49kt2rr0vthywaa50xwsqdlnnrld5uyndfrw0xxnpmpf435242xl2ccrge5g,79,0.10126582278481013,0.379746835443038,0.06329113924050633,0.45569620253164556,OK,68.0,58.0,0.8529411764705882,1492988960.8448277,512065718.0,1.4852031105988943,0.0,OK,1.0,1,secp256k1_blake160_sighash_all,0.0,OK,0.0,0.0,0.0,68.0,,OK,4,3,0.0,0.464739514170604,0.6861676134478807,OK,7062992.15542741,7812452.03756768,749459.8821402695,0,False
ckb1qzda0cr08m85hc8jlnfp3zer7xulejywt49kt2rr0vthywaa50xwsqv24kjravky74cfx5ff2k56kxqnvd22qngclpjwx,942,0.49363057324840764,0.0,0.004246284501061571,0.5021231422505308,OK,473.0,473.0,1.0,8135121.340380549,963510.0,16.64420942932385,0.0,OK,1.0,1,secp256k1_blake160_sighash_all,0.0,OK,0.0,0.0,0.0,473.0,,OK,1,1,0.0,1.0,,OK,940216.31096724,940216.31096724,0.0,0,False
ckb1qzda0cr08m85hc8jlnfp3zer7xulejywt49kt2rr0vthywaa50xwsqteef8yemqzzx7zrqzw9tl8admfvcn57js5lzt82,1346,0.5,0.0,0.0,0.5,OK,673.0,673.0,1.0,870518.5334323923,943434.0,0.3946995842851764,0.0,OK,1.0,1,secp256k1_blake160_sighash_all,0.0,OK,0.0,0.0,0.0,673.0,,OK,1,1,0.0,1.0,,OK,3241314.29791072,3241314.29791072,0.0,0,False
ckb1qzda0cr08m85hc8jlnfp3zer7xulejywt49kt2rr0vthywaa50xwsqgu7pyfhg4tq00pguszy8gckjkxshmacys678te3,358,0.0,0.0,0.0,1.0,OK,358.0,357.0,0.9972067039106145,177182187.99159664,46457720.0,1.2389775071336333,0.0,OK,1.0,1,secp256k1_blake160_sighash_all,0.0,OK,0.0,0.0,0.0,358.0,,OK,1,1,0.0,1.0,,OK,33013.70647384,33013.70647384,0.0,0,False
ckb1qzda0cr08m85hc8jlnfp3zer7xulejywt49kt2rr0vthywaa50xwsqga7576ut7xx2v5xv68r6xuxv73mryg6lsuvp7yx,263,0.49429657794676807,0.0,0.0076045627376425855,0.49809885931558934,OK,132.0,132.0,1.0,717803.0303030303,626932.0,1.2208149926726852,0.0,OK,1.0,1,secp256k1_blake160_sighash_all,0.0,OK,0.0,0.0,0.0,132.0,,OK,1,6,0.0,1.0,,OK,17799.01153217,17799.01153217,0.0,0,False
ckb1qzda0cr08m85hc8jlnfp3zer7xulejywt49kt2rr0vthywaa50xwsqthsmfsv2yddsyu04hxwg6aw82yvdhedgqvtvu0d,39,0.0,0.0,0.0,1.0,OK,,,,,,,,,1.0,1,secp256k1_blake160_sighash_all,0.0,OK,0.0,0.0,,,,,0,1,0.0,,,OK,0.0,190101.54272104,190101.54272104,0,False
ckb1qzda0cr08m85hc8jlnfp3zer7xulejywt49kt2rr0vthywaa50xwsqgwnwze907evedj3hsygj2k9jelywm3mlsylksa9,791,0.0,0.0,0.49304677623261695,0.506953223767383,OK,390.0,390.0,1.0,152493.02564102566,146432.5,0.27680598009165214,0.0,OK,1.0,1,secp256k1_blake160_sighash_all,0.0,OK,0.0,0.0,0.0,390.0,,OK,11,1,0.0,0.09435727172403209,0.9909378052394915,OK,885814.06087515,934171.32857348,48357.26769832999,0,False
ckb1qzda0cr08m85hc8jlnfp3zer7xulejywt49kt2rr0vthywaa50xwsqda7n3jg4g0l0w3ls93xkmre43z6kerr6gjzcwvz,495,0.0,0.0,0.498989898989899,0.501010101010101,OK,247.0,247.0,1.0,6713088.696356275,1284937.0,8.124581611884091,0.0,OK,1.0,1,secp256k1_blake160_sighash_all,0.0,OK,0.0,0.0,0.0,247.0,,OK,2,1,0.0,0.7457713836231754,0.6084608233037604,OK,34042.58062278,34392.43561582,349.85499304000405,0,False
ckb1qzda0cr08m85hc8jlnfp3zer7xulejywt49kt2rr0vthywaa50xwsq0klfn2n06tvww62dplr3rlawsgrn6hrxgrp7xfh,387,0.0,0.0,0.49870801033591733,0.5012919896640827,OK,193.0,193.0,1.0,3109540.725388601,1245735.0,3.6649154181903425,0.0,OK,1.0,1,secp256k1_blake160_sighash_all,0.0,OK,0.0,0.0,0.0,193.0,,OK,2,1,0.0,0.7816632075068219,0.5427908798653938,OK,24072.09330588,24255.73887922,183.64557333999983,0,False
ckb1qzda0cr08m85hc8jlnfp3zer7xulejywt49kt2rr0vthywaa50xwsq059gaxh9mhygyzgpps4edtqdsumgslcdq3ejtuw,415,0.0,0.0,0.4987951807228916,0.5012048192771085,OK,207.0,207.0,1.0,7742381.81642512,1335972.0,7.644518052609079,0.0,OK,1.0,1,secp256k1_blake160_sighash_all,0.0,OK,0.0,0.0,0.0,207.0,,OK,2,4,0.0,0.7648098786358035,0.574000148097353,OK,26800.0930587,26982.43643491,182.3433762099994,0,False
ckb1qzda0cr08m85hc8jlnfp3zer7xulejywt49kt2rr0vthywaa50xwsqtkkx3urvug7hny8wgyf5s5vuchpvrhnks47yw86,351,0.0,0.0,0.4985754985754986,0.5014245014245015,OK,175.0,175.0,1.0,1940302.902857143,1224913.0,1.9034840888018472,0.0,OK,1.0,1,secp256k1_blake160_sighash_all,0.0,OK,0.0,0.0,0.0,175.0,,OK,2,1,0.0,0.7189461057929798,0.655717319941757,OK,22198.78386159,22379.09621674,180.31235514999935,0,False
ckb1qzda0cr08m85hc8jlnfp3zer7xulejywt49kt2rr0vthywaa50xwsqdvehsut0qf0x0n92v22wjx6mu6a4l7hscxasspx,371,0.0,0.0,0.49865229110512127,0.5013477088948787,OK,185.0,185.0,1.0,7353134.637837837,3961265.0,2.4654930044591277,0.0,OK,1.0,1,secp256k1_blake160_sighash_all,0.0,OK,0.0,0.0,0.0,185.0,,OK,1,1,0.0,1.0,,OK,22926.42488298,23103.7870324,177.36214941999788,0,False
ckb1qzda0cr08m85hc8jlnfp3zer7xulejywt49kt2rr0vthywaa50xwsqghcyy3z34lvvd306dsxk63tplg20yue3q6y3yy2,369,0.0,0.0,0.4986449864498645,0.5013550135501355,OK,184.0,184.0,1.0,5311926.782608695,1291158.0,4.833885625143914,0.0,OK,1.0,1,secp256k1_blake160_sighash_all,0.0,OK,0.0,0.0,0.0,184.0,,OK,2,1,0.0,0.8169525124251031,0.4750186768471792,OK,22922.9588481,23091.60312378,168.64427568000247,0,False
ckb1qzda0cr08m85hc8jlnfp3zer7xulejywt49kt2rr0vthywaa50xwsqv04dkmp3nkglmmwsw6eawezsdecnwwt9gktajtj,355,0.0,0.0,0.49859154929577465,0.5014084507042254,OK,177.0,177.0,1.0,1964601.97740113,1297379.0,1.6812885500545083,0.0,OK,1.0,1,secp256k1_blake160_sighash_all,0.0,OK,0.0,0.0,0.0,177.0,,OK,2,1,0.0,0.8761089986807375,0.35214293377435996,OK,21535.76015838,21696.95567552,161.19551714000045,0,False
ckb1qzda0cr08m85hc8jlnfp3zer7xulejywt49kt2rr0vthywaa50xwsqva6slkwzalfalw2gl7cawxfkx3s2dt8tq3zqy53,36,0.0,0.027777777777777776,0.0,0.9722222222222222,OK,,,,,,,,,1.0,1,secp256k1_blake160_sighash_all,0.0,OK,0.0,0.0,,,,,0,2,0.0,,,OK,0.0,6209.58519852,6209.58519852,0,False
ckb1qzda0cr08m85hc8jlnfp3zer7xulejywt49kt2rr0vthywaa50xwsq2mu7xj6mj90s8dxxnuqxyty72rg72ydzscwk9vf,186,0.5,0.5,0.0,0.0,OK,93.0,93.0,1.0,984895.6989247312,910058.0,0.42372077150770815,0.0,OK,1.0,1,secp256k1_blake160_sighash_all,0.0,OK,0.0,0.0,0.0,93.0,,OK,1,1,0.0,1.0,,OK,20887.22757329,20887.22757329,0.0,0,False
ckb1qzda0cr08m85hc8jlnfp3zer7xulejywt49kt2rr0vthywaa50xwsq0vqkp4e093a5e6a2t3k08excpc3k74d0qpe0lt0,278,0.0,0.49640287769784175,0.0,0.5035971223021583,OK,278.0,277.0,0.9964028776978417,227696129.94223827,51169990.0,1.1735438602351633,0.0,OK,1.0,1,secp256k1_blake160_sighash_all,0.0,OK,0.0,0.0,0.0,278.0,,OK,1,1,0.0,1.0,,OK,40585.91996231,40585.91996231,0.0,0,False
ckb1qzda0cr08m85hc8jlnfp3zer7xulejywt49kt2rr0vthywaa50xwsqfvfcxm03q9xmn3fy68s9rxp0y5lfqfvjgmmtw0p,204,0.5,0.5,0.0,0.0,OK,102.0,102.0,1.0,621388.7549019608,596498.0,0.20746534494528146,0.0,OK,1.0,1,secp256k1_blake160_sighash_all,0.0,OK,0.0,0.0,0.0,102.0,,OK,1,1,0.0,1.0,,OK,22939.54850759,22939.54850759,0.0,0,False
ckb1qzda0cr08m85hc8jlnfp3zer7xulejywt49kt2rr0vthywaa50xwsqvmmkpv65ayqg2c6ezrf2644lcfqe4vjng0qv493,170,0.0,0.9647058823529412,0.0058823529411764705,0.029411764705882353,OK,17.0,17.0,1.0,2570921865.352941,2108435829.0,0.9325456443920885,0.0,OK,1.0,1,secp256k1_blake160_sighash_all,0.0,OK,0.0,0.0,0.0,17.0,,OK,1,1,0.0,1.0,,OK,3633.16228374,43333.44778512,39700.28550138,0,False
ckb1qzda0cr08m85hc8jlnfp3zer7xulejywt49kt2rr0vthywaa50xwsqg6j932zy4ztkzmtpye2uhzsju5npw795s89dznx,246,0.0,0.5,0.4959349593495935,0.0040650406504065045,OK,123.0,123.0,1.0,7393314.853658536,2666933.0,3.8573406257199587,0.0,OK,1.0,1,secp256k1_blake160_sighash_all,0.0,OK,0.0,0.0,0.0,123.0,,OK,3,1,0.0,0.6068559431874434,0.6199868133484939,OK,29295.52571094,29558.00687919,262.48116825000034,0,False
ckb1qzda0cr08m85hc8jlnfp3zer7xulejywt49kt2rr0vthywaa50xwsqd5zvdgz64ygu94j8cwvcguc6wz5mhaknc3drq98,250,0.0,0.972,0.004,0.024,OK,206.0,134.0,0.6504854368932039,9710439392.522388,7057485476.0,0.8681059520773515,0.0,OK,1.0,1,secp256k1_blake160_sighash_all,0.0,OK,0.0,0.0,0.0,206.0,,OK,6,1,0.0,0.4297033413542402,0.5493866971566953,OK,50951.65701371,62927.92747479,11976.27046108,0,False
ckb1qzda0cr08m85hc8jlnfp3zer7xulejywt49kt2rr0vthywaa50xwsq2evwcurnqel0euyf4s2pgkut48dgp7fsg3tdhrk,183,0.0,0.5027322404371585,0.4972677595628415,0.0,OK,91.0,91.0,1.0,3383576.923076923,1447023.0,3.7658882758858705,0.0,OK,1.0,1,secp256k1_blake160_sighash_all,0.0,OK,0.0,0.0,0.0,91.0,,OK,2,1,0.0,0.7269011054203922,0.6418531930554948,OK,20656.60645479,20939.63552718,283.0290723899998,0,False
ckb1qzda0cr08m85hc8jlnfp3zer7xulejywt49kt2rr0vthywaa50xwsqttkscr3p930542e3zgzj3yujwpak0gq4slpgsny,104,0.0,1.0,0.0,0.0,OK,,,,,,,,,1.0,1,secp256k1_blake160_sighash_all,0.0,OK,0.0,0.0,,,,,0,1,0.0,,,OK,0.0,23174.65594393,23174.65594393,0,False
ckb1qzda0cr08m85hc8jlnfp3zer7xulejywt49kt2rr0vthywaa50xwsq2efq967zf7uw4g2nazz6mwal8ehl3yfrgn5r9vq,180,0.0,1.0,0.0,0.0,OK,,,,,,,,,1.0,1,secp256k1_blake160_sighash_all,0.0,OK,0.0,0.0,,,,,0,1,0.0,,,OK,0.0,45995.4963736,45995.4963736,0,False
ckb1qzda0cr08m85hc8jlnfp3zer7xulejywt49kt2rr0vthywaa50xwsqtgateuk4kjwkfsxmpunvzlrflgvguqqccw5gdn7,447,0.0,0.4966442953020134,0.4988814317673378,0.0044742729306487695,OK,223.0,223.0,1.0,2643207.062780269,1392999.0,3.780336603822073,0.0,OK,1.0,1,secp256k1_blake160_sighash_all,0.0,OK,0.0,0.0,0.0,223.0,,OK,2,1,0.0,0.8082010372183763,0.49215663415120303,OK,58072.20354833,58274.39959514,202.19604681000055,0,False
ckb1qzda0cr08m85hc8jlnfp3zer7xulejywt49kt2rr0vthywaa50xwsqf4n5g7ce6k9gxgvs7cjc40rk8r0tqtg4qg775ha,93,0.0,0.989247311827957,0.010752688172043012,0.0,OK,135.0,1.0,0.007407407407407408,797398078.0,797398078.0,0.0,0.0,INSUFFICIENT_EVIDENCE,1.0,1,secp256k1_blake160_sighash_all,0.0,OK,0.0,0.0,0.0,135.0,,OK,1,1,0.0,1.0,,OK,33765.16716714,20617.08230775,-13148.084859390005,0,False
ckb1qzda0cr08m85hc8jlnfp3zer7xulejywt49kt2rr0vthywaa50xwsqv8yreznvv7falyl3sk08l74zh6aj9u9hsrpfysy,384,0.0,0.5,0.4947916666666667,0.005208333333333333,OK,193.0,193.0,1.0,4658750.341968912,1336894.0,5.006737156298834,0.0,OK,1.0,1,secp256k1_blake160_sighash_all,0.0,OK,0.0,0.0,0.0,193.0,,OK,2,1,0.0,0.5300673118832189,0.9561764778374757,OK,229955.52481853,230529.53661251,574.0117939800257,0,False
ckb1qzda0cr08m85hc8jlnfp3zer7xulejywt49kt2rr0vthywaa50xwsq27hu6zh0dn2w848xsrkt3303mj79ym6fqdw7xqn,151,0.0,0.9867549668874173,0.0,0.013245033112582781,OK,1.0,1.0,1.0,2899131606.0,2899131606.0,0.0,0.0,INSUFFICIENT_EVIDENCE,1.0,1,secp256k1_blake160_sighash_all,0.0,OK,0.0,0.0,0.0,1.0,,INSUFFICIENT_EVIDENCE,2,1,0.0,0.5056438932937155,0.9918421952380765,OK,201.97988433,38852.01649365,38650.03660932,0,False
ckb1qzda0cr08m85hc8jlnfp3zer7xulejywt49kt2rr0vthywaa50xwsqtg2eyp82x7jqlmy9ggy6nwp4kf3nzzkpqfgp859,2,0.5,0.5,0.0,0.0,OK,1.0,1.0,1.0,128260.0,128260.0,0.0,0.0,INSUFFICIENT_EVIDENCE,1.0,1,secp256k1_blake160_sighash_all,0.0,OK,0.0,0.0,0.0,1.0,,INSUFFICIENT_EVIDENCE,1,1,0.0,1.0,,OK,154241.50256179,154241.50256179,0.0,0,False
ckb1qzda0cr08m85hc8jlnfp3zer7xulejywt49kt2rr0vthywaa50xwsqf6qtawqcsf9ga3yuhh8gfhxuyah7rvtlgzn95vl,1845,0.0,0.9588075880758807,0.0005420054200542005,0.04065040650406504,OK,1836.0,1651.0,0.8992374727668845,84675671.77892187,10024389.0,5.512107374247382,0.0,OK,1.0,1,secp256k1_blake160_sighash_all,0.0,OK,0.0,0.0,0.0,1836.0,,OK,219,4,0.0045045045045045045,0.07359225790850388,0.6155395159352882,OK,79374844786.86322,78956355868.28255,-418488918.5806732,0,False
ckb1qzda0cr08m85hc8jlnfp3zer7xulejywt49kt2rr0vthywaa50xwsqg9zt77ljsy79v237ska0mgf4zd50avq0cdx0vpw,1,0.0,1.0,0.0,0.0,OK,,,,,,,,,1.0,1,secp256k1_blake160_sighash_all,0.0,OK,0.0,0.0,,,,,0,1,0.0,,,OK,0.0,56738.97646618,56738.97646618,0,False
ckb1qzda0cr08m85hc8jlnfp3zer7xulejywt49kt2rr0vthywaa50xwsq0kc5h0xhqlmc2y7d6w3lghpg60xda5e0cynpnzj,2304,0.5,0.15147569444444445,0.0,0.3485243055555556,OK,1152.0,1152.0,1.0,695431.7430555555,521557.0,3.437508031168607,0.0,OK,1.0,1,secp256k1_blake160_sighash_all,0.0,OK,0.0,0.0,0.0,1152.0,,OK,1,1,0.0,1.0,,OK,1299289.33511742,1299289.33511742,0.0,0,False
ckb1qzfhdsa4syv599s2s3nfrctwga70g0tu07n9gpnun9ydlngf5vsnwqg9qcklzgrl9mhwptz8u840tu0wua39cu2gq5rzmufq0uhwac9vgls74a03amnkyhr3fq0y6ztj,6,0.0,0.0,0.0,1.0,OK,6.0,5.0,0.8333333333333334,10158625034.8,11516223390.0,0.5571873962758541,0.0,OK,1.0,1,unrecognized,0.0,OK,1.0,1.0,0.0,6.0,,OK,6,7,0.8571428571428571,0.18410975515175065,0.9749091943787263,OK,1302.0,1302.0,0.0,0,False
ckb1qzfhdsa4syv599s2s3nfrctwga70g0tu07n9gpnun9ydlngf5vsnwqg9v2y7zt97wcuzklqar4wxk2tzz3n5cyy3q43gncfvhemrs2mur5w4c6efvg2xwnqsjyalpclt,20,0.2,0.1,0.0,0.7,OK,17.0,12.0,0.7058823529411765,6710867912.166667,159951842.0,1.7802565934881736,0.0,OK,1.0,1,unrecognized,0.0,OK,1.0,2.0,0.0,17.0,,OK,13,13,0.7333333333333333,0.38601678196655254,0.5840989225853744,OK,7059.99807807,8227.05413978,1167.056061710001,0,False
ckb1qzda0cr08m85hc8jlnfp3zer7xulejywt49kt2rr0vthywaa50xwsqgvhdamaryxwum3rdm2pfpm2vzlmt3e0uq0cll7q,20,0.45,0.15,0.15,0.25,OK,11.0,11.0,1.0,584680.0909090909,634451.0,0.5504085069511658,0.0,OK,1.0,1,secp256k1_blake160_sighash_all,0.0,OK,0.0,0.0,0.0,11.0,,OK,1,11,0.0,1.0,,OK,574388.11490131,574388.11490131,0.0,0,False
ckb1qzda0cr08m85hc8jlnfp3zer7xulejywt49kt2rr0vthywaa50xwsqdv5f45r3aevly9umatacdzw6x2hmycfss6cstcq,24,0.0,0.25,0.4166666666666667,0.3333333333333333,OK,24.0,19.0,0.7916666666666666,8787783922.947369,3813765720.0,1.042750482592675,0.0,OK,1.0,1,secp256k1_blake160_sighash_all,0.0,OK,0.0,0.0,0.0,24.0,,OK,2,4,0.0,0.5009739574941934,0.9985944198203799,OK,590830.02022058,922417.95914006,331587.93891947996,0,False
ckb1qzdcr9un5ezx8tkh03s46m9jymh22jruelq8svzr5krj2nx69dhjvqgj99jj9hhu3m95gpncj0zqtt8trplsj44sqqe5d89y,19,0.2631578947368421,0.3684210526315789,0.05263157894736842,0.3157894736842105,OK,18.0,18.0,1.0,7023432752.611111,1398134.5,1.841610320778026,0.05555555555555555,OK,1.0,1,unrecognized,0.0,OK,0.36363636363636365,1.0,0.0,18.0,,OK,2,3,0.0,0.9955820850107708,0.02271489404629237,OK,184398.42970339,187965.59788394,3567.168180550012,0,False
ckb1qzda0cr08m85hc8jlnfp3zer7xulejywt49kt2rr0vthywaa50xwsqdfpcl42753m0xgau9yefhgfxukx83dwysy7tdl3,633,0.3949447077409163,0.3127962085308057,0.061611374407582936,0.23064770932069512,OK,355.0,355.0,1.0,675702.7549295775,430575.0,1.242501369830278,0.0,OK,1.0,1,secp256k1_blake160_sighash_all,0.0,OK,0.0,0.0,0.0,355.0,,OK,1,25,0.0,1.0,,OK,607372999.9369,607372999.9369,0.0,0,False
ckb1qzda0cr08m85hc8jlnfp3zer7xulejywt49kt2rr0vthywaa50xwsqwau96q6673hp5t3ncxypt85vrlv3ldvmchs7tt3,32,0.5,0.4375,0.0,0.0625,OK,16.0,16.0,1.0,524129.5,413636.5,0.5221932033860697,0.0,OK,1.0,1,secp256k1_blake160_sighash_all,0.0,OK,0.0,0.0,0.0,16.0,,OK,1,5,0.0,1.0,,OK,552210.9868557,552210.9868557,0.0,0,False
ckb1qzda0cr08m85hc8jlnfp3zer7xulejywt49kt2rr0vthywaa50xwsq0r0uwh2anx2znsuqqda47yw7pyzxavsag3zwln3,2,0.5,0.5,0.0,0.0,OK,1.0,1.0,1.0,788553.0,788553.0,0.0,0.0,INSUFFICIENT_EVIDENCE,1.0,1,secp256k1_blake160_sighash_all,0.0,OK,0.0,0.0,0.0,1.0,,INSUFFICIENT_EVIDENCE,1,1,0.0,1.0,,OK,967536.7,967536.7,0.0,0,False
ckb1qzda0cr08m85hc8jlnfp3zer7xulejywt49kt2rr0vthywaa50xwsqteuhr80vfws6en6ju03huzvp3xh9z0juqelhgxu,114,0.5,0.49122807017543857,0.0,0.008771929824561403,OK,57.0,57.0,1.0,444392.08771929826,360561.0,0.5783359399953328,0.0,OK,1.0,1,secp256k1_blake160_sighash_all,0.0,OK,0.0,0.0,0.0,57.0,,OK,1,9,0.0,1.0,,OK,6171518.71120312,6171518.71120312,0.0,0,False
ckb1qzda0cr08m85hc8jlnfp3zer7xulejywt49kt2rr0vthywaa50xwsqgxe3ru50ecjjruz4tymv759ztsdff7lxq74umg9,27,0.07407407407407407,0.4074074074074074,0.037037037037037035,0.48148148148148145,OK,57.0,21.0,0.3684210526315789,16621199583.428572,18947775128.0,0.634666229523428,0.0,OK,1.0,1,secp256k1_blake160_sighash_all,0.0,OK,0.0,0.0,0.0,57.0,,OK,2,3,0.0,0.9100033753121006,0.2745067209735996,OK,696126.33399522,694511.24931779,-1615.0846774299862,0,False
ckb1qzda0cr08m85hc8jlnfp3zer7xulejywt49kt2rr0vthywaa50xwsq0e79jhf82c52wjwz95sv4lms78akfvdesz5vfwc,2,0.5,0.5,0.0,0.0,OK,1.0,1.0,1.0,4532573655.0,4532573655.0,0.0,0.0,INSUFFICIENT_EVIDENCE,1.0,1,secp256k1_blake160_sighash_all,0.0,OK,0.0,0.0,0.0,1.0,,INSUFFICIENT_EVIDENCE,1,1,0.0,1.0,,OK,46241.9989,46241.9989,0.0,0,False
ckb1qzda0cr08m85hc8jlnfp3zer7xulejywt49kt2rr0vthywaa50xwsqfhncpyvtj7w4euhnwwnndksez0kl7kljgjp39t5,1,1.0,0.0,0.0,0.0,OK,,,,,,,,,1.0,1,secp256k1_blake160_sighash_all,0.0,OK,0.0,0.0,,,,,0,1,0.0,,,OK,0.0,46241.99878206,46241.99878206,0,False
ckb1qzda0cr08m85hc8jlnfp3zer7xulejywt49kt2rr0vthywaa50xwsqd7qx7ag4lw5wlu0ewhgryjrug54tauj4glm5p09,2,0.0,0.0,0.0,1.0,OK,1.0,1.0,1.0,12500253.0,12500253.0,0.0,0.0,INSUFFICIENT_EVIDENCE,1.0,1,secp256k1_blake160_sighash_all,0.0,OK,0.0,0.0,0.0,1.0,,INSUFFICIENT_EVIDENCE,2,2,0.0,0.9836702435705198,0.06883459866222809,OK,198.9796936,198.9796936,0.0,0,False
ckb1qzda0cr08m85hc8jlnfp3zer7xulejywt49kt2rr0vthywaa50xwsqv07sjyn42umzcrg5tr9zvx4mne3ay649s9mszdr,1,0.0,0.0,0.0,1.0,OK,1.0,0.0,0.0,,,,,INSUFFICIENT_EVIDENCE,1.0,1,secp256k1_blake160_sighash_all,0.0,OK,,,0.0,1.0,,INSUFFICIENT_EVIDENCE,2,0,0.0,0.9836702435705198,0.06883459866222809,OK,1152.06703602,0.0,-1152.06703602,0,False
ckb1qzda0cr08m85hc8jlnfp3zer7xulejywt49kt2rr0vthywaa50xwsq03vvfm7dufx0a80zj27h4f5qjvygtelpshfz360,2,0.5,0.0,0.0,0.5,OK,1.0,1.0,1.0,18273497.0,18273497.0,0.0,0.0,INSUFFICIENT_EVIDENCE,1.0,1,secp256k1_blake160_sighash_all,0.0,OK,0.0,0.0,0.0,1.0,,INSUFFICIENT_EVIDENCE,2,1,0.0,0.9836702435705198,0.06883459866222809,OK,131744.68449825,131744.68449825,0.0,0,False
ckb1qzda0cr08m85hc8jlnfp3zer7xulejywt49kt2rr0vthywaa50xwsqwj5mah4ck3m7dkusnwpgyhmzf6zaaahpqzjwzns,1,0.0,0.0,0.0,1.0,OK,,,,,,,,,1.0,1,secp256k1_blake160_sighash_all,0.0,OK,0.0,0.0,,,,,0,3,0.0,,,OK,0.0,1095.73121311,1095.73121311,0,False
ckb1qzda0cr08m85hc8jlnfp3zer7xulejywt49kt2rr0vthywaa50xwsqdtr9km5rjdrntcf4a5jh7u55rl8rurp2snsf7v6,1,0.0,0.0,0.0,1.0,OK,,,,,,,,,1.0,1,secp256k1_blake160_sighash_all,0.0,OK,0.0,0.0,,,,,0,3,0.0,,,OK,0.0,132000.0,132000.0,0,False
ckb1qrgqep8saj8agswr30pls73hra28ry8jlnlc3ejzh3dl2ju7xxpjxqgqq94q52uky0frd8sge5jnfwnm89zclmrg35ltra3y,44,0.4318181818181818,0.3181818181818182,0.0,0.25,OK,43.0,43.0,1.0,2006429286.860465,506633.0,2.1238180773189574,0.0,OK,1.0,1,unrecognized,0.0,OK,0.4444444444444444,2.0,0.0,43.0,,OK,1,3,0.0,1.0,,OK,249647.65639017,329835.09701384,80187.44062366997,0,False
ckb1qzda0cr08m85hc8jlnfp3zer7xulejywt49kt2rr0vthywaa50xwsqfu77q0whtmthcu45dm9l326da8rasmh6g8t7pw9,8,0.0,0.625,0.0,0.375,OK,,,,,,,,,1.0,1,secp256k1_blake160_sighash_all,0.0,OK,0.0,0.0,,,,,0,1,0.0,,,OK,0.0,1315065.722,1315065.722,0,False
ckb1qzda0cr08m85hc8jlnfp3zer7xulejywt49kt2rr0vthywaa50xwsqdvt7epf6qmf9rk9pvdjkptedqx23y7r6czf3svw,2,0.5,0.0,0.0,0.5,OK,1.0,1.0,1.0,4584836956.0,4584836956.0,0.0,0.0,INSUFFICIENT_EVIDENCE,1.0,1,secp256k1_blake160_sighash_all,0.0,OK,0.0,0.0,0.0,1.0,,INSUFFICIENT_EVIDENCE,1,1,0.0,1.0,,OK,1370574.74,1370574.74,0.0,0,False
ckb1qzda0cr08m85hc8jlnfp3zer7xulejywt49kt2rr0vthywaa50xwsqdtejzc329up3s665cxswczse77neqxr2c6uk0jz,400,0.39,0.33,0.075,0.205,OK,224.0,224.0,1.0,727067.375,452241.5,1.0986623914402072,0.0,OK,1.0,1,secp256k1_blake160_sighash_all,0.0,OK,0.0,0.0,0.0,224.0,,OK,1,22,0.0,1.0,,OK,482348261.2966,482348261.2966,0.0,0,False
ckb1qzda0cr08m85hc8jlnfp3zer7xulejywt49kt2rr0vthywaa50xwsqte8ruahspqmzkwmeuae4v5yymsg8r9r7spk8h0y,10,0.5,0.2,0.0,0.3,OK,5.0,5.0,1.0,1458387.8,712432.0,1.3002760559559603,0.0,OK,1.0,1,secp256k1_blake160_sighash_all,0.0,OK,0.0,0.0,0.0,5.0,,OK,1,6,0.0,1.0,,OK,393200.0,393200.0,0.0,0,False
ckb1qzda0cr08m85hc8jlnfp3zer7xulejywt49kt2rr0vthywaa50xwsqwe92am9fu642zn6fjv7xp9u27e9afey2ce26d2t,2,0.0,0.5,0.0,0.5,OK,1.0,1.0,1.0,948642.0,948642.0,0.0,0.0,INSUFFICIENT_EVIDENCE,1.0,1,secp256k1_blake160_sighash_all,0.0,OK,0.0,0.0,0.0,1.0,,INSUFFICIENT_EVIDENCE,2,1,0.0,0.9957375375014186,0.02202465018612141,OK,74.50491267,74.50491267,0.0,0,False
ckb1qzda0cr08m85hc8jlnfp3zer7xulejywt49kt2rr0vthywaa50xwsqt84rvxyppu7c7zfv6xq50zgv034hdjxmguxeszx,1,0.0,0.0,0.0,1.0,OK,,,,,,,,,1.0,1,secp256k1_blake160_sighash_all,0.0,OK,0.0,0.0,,,,,0,2,0.0,,,OK,0.0,500.84523101,500.84523101,0,False
ckb1qzda0cr08m85hc8jlnfp3zer7xulejywt49kt2rr0vthywaa50xwsqw9qsdmw4sh8288hp9rg6rzv0zjnlq2ujs3mez8t,2,0.0,0.5,0.0,0.5,OK,1.0,1.0,1.0,11671250893.0,11671250893.0,0.0,0.0,INSUFFICIENT_EVIDENCE,1.0,1,secp256k1_blake160_sighash_all,0.0,OK,0.0,0.0,0.0,1.0,,INSUFFICIENT_EVIDENCE,2,3,0.0,0.5106725376778765,0.9845475339276468,OK,174.50506683,174.50506683,0.0,0,False
ckb1qrgqep8saj8agswr30pls73hra28ry8jlnlc3ejzh3dl2ju7xxpjxqgqq84zvv7khuuad70n45llzf9p6zahk9680sw2qed8,556,0.0,0.5143884892086331,0.0,0.4856115107913669,OK,613.0,591.0,0.964110929853181,2694964722.042301,1338381068.0,1.0847520779780733,0.0,OK,1.0,1,unrecognized,0.0,OK,0.02,7.0,0.0,613.0,,OK,12,21,0.5,0.4055322879211607,0.47790533911992517,OK,259207.21180501,260610.6563415,1403.4445364899875,0,False
ckb1qrgqep8saj8agswr30pls73hra28ry8jlnlc3ejzh3dl2ju7xxpjxqgqq8hrnm86uy32m0wv24eqwyvl4crudtnc3yu82y8n,504,0.0,0.5496031746031746,0.0,0.4503968253968254,OK,406.0,395.0,0.9729064039408867,3732630483.7164555,1697949731.0,1.0438293785803157,0.0,OK,1.0,1,unrecognized,0.0,OK,0.0137524557956778,3.0,0.0,406.0,,OK,5,11,0.45454545454545453,0.8715772019914673,0.20573269270449637,OK,433629.45357439,441423.64863575,7794.19506136002,0,False
ckb1qzda0cr08m85hc8jlnfp3zer7xulejywt49kt2rr0vthywaa50xwsq270spcwvhxfszfmq9sh25v9sum044spls2uf332,92,0.5652173913043478,0.06521739130434782,0.09782608695652174,0.2717391304347826,OK,46.0,46.0,1.0,528613.6521739131,365979.0,0.8080460499720458,0.0,OK,1.0,1,secp256k1_blake160_sighash_all,0.0,OK,0.0,0.0,0.0,46.0,,OK,1,13,0.0,1.0,,OK,16747945.53235283,16747945.53235283,0.0,0,False
ckb1qrgqep8saj8agswr30pls73hra28ry8jlnlc3ejzh3dl2ju7xxpjxqgqq92dx9xep8pwxacajpvvlcj4j7tlk9uhng4j74ms,304,0.10526315789473684,0.3519736842105263,0.019736842105263157,0.5230263157894737,OK,373.0,368.0,0.9865951742627346,979663365.5353261,243395053.0,2.390916017860557,0.002717391304347826,OK,1.0,1,unrecognized,0.0,OK,0.26735218508997427,12.0,0.0,373.0,,OK,59,60,0.5256410256410257,0.9083505855679516,0.07779903389463495,OK,85302314.79830925,95415149.98822723,10112835.189917982,0,False
ckb1qzda0cr08m85hc8jlnfp3zer7xulejywt49kt2rr0vthywaa50xwsqwjhry2dvdzmftxqrsrwf04mjw3ah8hhjqh9zh7y,138,0.5,0.2826086956521739,0.0,0.21739130434782608,OK,69.0,69.0,1.0,821257.6376811594,666688.0,0.9529275116581414,0.0,OK,1.0,1,secp256k1_blake160_sighash_all,0.0,OK,0.0,0.0,0.0,69.0,,OK,1,1,0.0,1.0,,OK,34623.69755916,34623.69755916,0.0,0,False
ckb1qqcz6dvc97r9a097mwdfxc8yq5cw6v4dhrsskshmhecdsvf07l8d7qfg6grazjdwmf9uzf8deshhr9wsn85w2l66e8d9g7gpz0gveu28zv6pk3z4,4,0.0,0.5,0.25,0.25,OK,3.0,3.0,1.0,107068683.66666667,22376377.0,1.2327911465969794,0.0,INSUFFICIENT_EVIDENCE,1.0,1,unrecognized,0.0,OK,0.0,0.0,0.0,3.0,,OK,1,2,0.5,1.0,,OK,892.32964991,1522.45912392,630.12947401,0,False
ckb1qzda0cr08m85hc8jlnfp3zer7xulejywt49kt2rr0vthywaa50xwsqt6tazknn3shl6jeynqghajfkmx0uxcsyg49hx74,1,0.0,0.0,0.0,1.0,OK,1.0,0.0,0.0,,,,,INSUFFICIENT_EVIDENCE,1.0,1,secp256k1_blake160_sighash_all,0.0,OK,1.0,1.0,0.0,1.0,,INSUFFICIENT_EVIDENCE,1,1,0.0,1.0,,OK,199999.99999094,199999.99999094,0.0,0,False
ckb1qzda0cr08m85hc8jlnfp3zer7xulejywt49kt2rr0vthywaa50xwsq05k3xttu6lzuy260j06mql7tqpgwcznlcvx836h,1,0.0,0.0,0.0,1.0,OK,1.0,0.0,0.0,,,,,INSUFFICIENT_EVIDENCE,1.0,1,secp256k1_blake160_sighash_all,0.0,OK,,,0.0,1.0,,INSUFFICIENT_EVIDENCE,2,0,0.0,0.998014156454945,0.011347044365650859,OK,198.97970822,0.0,-198.97970822,0,False
ckb1qzfhdsa4syv599s2s3nfrctwga70g0tu07n9gpnun9ydlngf5vsnwqg96cy3mxvy66tmahlt4v9ewah9nj9qs329qhtqj8vesntf00klaw4sh9mkukwg5zz9g5zvla9n,3,0.6666666666666666,0.0,0.0,0.3333333333333333,OK,2.0,2.0,1.0,166660.5,166660.5,0.262152699649887,0.0,INSUFFICIENT_EVIDENCE,1.0,1,unrecognized,0.0,OK,1.0,1.0,0.0,2.0,,INSUFFICIENT_EVIDENCE,2,2,0.3333333333333333,0.5374350064206835,0.9452977488525826,OK,489.99978588,734.99965754,244.99987166000005,0,False
ckb1qzda0cr08m85hc8jlnfp3zer7xulejywt49kt2rr0vthywaa50xwsqtfs070fqhspjhhzf0l5d2hrpd5hjvzmkgh8p6j2,155,0.0,0.32903225806451614,0.4967741935483871,0.17419354838709677,OK,77.0,77.0,1.0,11439844.662337663,8079207.0,1.425262810019529,0.0,OK,1.0,1,secp256k1_blake160_sighash_all,0.0,OK,0.0,0.0,0.0,77.0,,OK,2,1,0.0,0.6405980762505268,0.7863882225797784,OK,38707.0982103,39208.33196586,501.23375556000246,0,False
ckb1qzfhdsa4syv599s2s3nfrctwga70g0tu07n9gpnun9ydlngf5vsnwqg94vapl8vqp48yyrzf9kvvqd6ddjvnlzgqqk4n58uasqx5ussvfyke3sphf4kfj0ufqqg0acwp,10,0.5,0.0,0.0,0.5,OK,7.0,7.0,1.0,3265051024.571429,961261944.0,1.504621289713105,0.0,OK,1.0,1,unrecognized,0.0,OK,1.0,1.0,0.0,7.0,,OK,5,8,0.4444444444444444,0.20052179141469922,0.9992085977438028,OK,1584.99983322,1803.99980183,218.99996861,0,False
ckb1qzda0cr08m85hc8jlnfp3zer7xulejywt49kt2rr0vthywaa50xwsqvkt2ql6y7gdn7dsh0txtwkluf8n57tadgdmaj8h,12,0.5,0.5,0.0,0.0,OK,6.0,6.0,1.0,537342.0,520410.0,0.272644074378983,0.0,OK,1.0,1,secp256k1_blake160_sighash_all,0.0,OK,0.0,0.0,0.0,6.0,,OK,1,3,0.0,1.0,,OK,539551.90341887,539551.90341887,0.0,0,False
ckb1qzfhdsa4syv599s2s3nfrctwga70g0tu07n9gpnun9ydlngf5vsnwqg92falqnnya92lpxwtsy25nuns2hsundmxq4f8huzwvn54tuyeewq32j0jwp27rjdhvcdctkl6,4,0.5,0.0,0.0,0.5,OK,3.0,3.0,1.0,10931024.333333334,12888595.0,0.683507656324341,0.0,INSUFFICIENT_EVIDENCE,1.0,1,unrecognized,0.0,OK,1.0,1.0,0.0,3.0,,OK,2,4,0.5,0.5434142990943996,0.9364269791916969,OK,662.99990086,883.99983413,220.99993326999993,0,False
ckb1qzda0cr08m85hc8jlnfp3zer7xulejywt49kt2rr0vthywaa50xwsqtgcug2zyn96tlrk38uespknjpm9kje90cuwuc97,42,0.5,0.42857142857142855,0.0,0.07142857142857142,OK,21.0,21.0,1.0,621586.8095238095,628241.0,0.18224012524401567,0.0,OK,1.0,1,secp256k1_blake160_sighash_all,0.0,OK,0.0,0.0,0.0,21.0,,OK,1,5,0.0,1.0,,OK,722918.430244,722918.430244,0.0,0,False
ckb1qzda0cr08m85hc8jlnfp3zer7xulejywt49kt2rr0vthywaa50xwsqv6ee355xxhkrz8rhplvqwjcxl3ru5pcssulyfzy,1,1.0,0.0,0.0,0.0,OK,1.0,0.0,0.0,,,,,INSUFFICIENT_EVIDENCE,1.0,1,secp256k1_blake160_sighash_all,0.0,OK,,,0.0,1.0,,INSUFFICIENT_EVIDENCE,1,0,0.0,1.0,,OK,125000.99999094,0.0,-125000.99999094,0,False
ckb1qzda0cr08m85hc8jlnfp3zer7xulejywt49kt2rr0vthywaa50xwsq2qq5zmvacvrht6g5w35hgdg4mhcxcu5hgu2f8qe,1,0.0,1.0,0.0,0.0,OK,,,,,,,,,1.0,1,secp256k1_blake160_sighash_all,0.0,OK,0.0,0.0,,,,,0,1,0.0,,,OK,0.0,68081.98026879,68081.98026879,0,False
ckb1qzda0cr08m85hc8jlnfp3zer7xulejywt49kt2rr0vthywaa50xwsqghntjqmjfan28zcakl06kt5v5x6upxtdgnsclpd,3,0.0,0.0,0.0,1.0,OK,3.0,2.0,0.6666666666666666,27986447091.0,27986447091.0,0.6839490949944675,0.0,INSUFFICIENT_EVIDENCE,1.0,1,secp256k1_blake160_sighash_all,0.0,OK,0.0,0.0,0.0,3.0,,OK,4,1,0.25,0.36863040091872945,0.7597524692602101,OK,9159.38382131,6106.25515554,-3053.128665770001,0,False
ckb1qzda0cr08m85hc8jlnfp3zer7xulejywt49kt2rr0vthywaa50xwsqdcr3ezl9ktveg4fpuujzgrnel0nnjvjxc2gf480,2,0.0,0.0,0.0,1.0,OK,1.0,1.0,1.0,47127752251.0,47127752251.0,0.0,0.0,INSUFFICIENT_EVIDENCE,1.0,1,secp256k1_blake160_sighash_all,0.0,OK,0.0,0.0,0.0,1.0,,INSUFFICIENT_EVIDENCE,2,2,0.0,0.9968572425299544,0.01692373407864237,OK,215055.44063581,215055.44063581,0.0,0,False
ckb1qzda0cr08m85hc8jlnfp3zer7xulejywt49kt2rr0vthywaa50xwsq0l05nyuesryj4upnexyk2wzw0upsn8m7q7c6g0e,2,0.0,0.5,0.0,0.5,OK,1.0,1.0,1.0,32051779.0,32051779.0,0.0,0.0,INSUFFICIENT_EVIDENCE,1.0,1,secp256k1_blake160_sighash_all,0.0,OK,0.0,0.0,0.0,1.0,,INSUFFICIENT_EVIDENCE,1,3,0.0,1.0,,OK,187529.84933625,188168.26569308,638.4163568300137,0,False
ckb1qzda0cr08m85hc8jlnfp3zer7xulejywt49kt2rr0vthywaa50xwsqd5z95kzr62mkc2vnadeyv6hpqmwlxv2xgakd68v,1,0.0,0.0,0.0,1.0,OK,,,,,,,,,1.0,1,secp256k1_blake160_sighash_all,0.0,OK,1.0,1.0,,,,,0,3,0.0,,,OK,0.0,405000.0,405000.0,0,False
ckb1qzda0cr08m85hc8jlnfp3zer7xulejywt49kt2rr0vthywaa50xwsq2xg8c6fulfw65ay5aqq99atj30ev84unssl4ska,221,0.0,0.5248868778280543,0.416289592760181,0.058823529411764705,OK,131.0,131.0,1.0,95603395.02290076,47324114.0,1.4895711706379111,0.0,OK,1.0,1,secp256k1_blake160_sighash_all,0.0,OK,0.0,0.0,0.0,131.0,,OK,4,11,0.0,0.41688238144941947,0.7944605944021454,OK,41931900.90853264,41931900.90853264,0.0,0,False
ckb1qzda0cr08m85hc8jlnfp3zer7xulejywt49kt2rr0vthywaa50xwsqfylyx957e0g3kyjua0fed5gzzj4s2s9qsxafn7t,22,0.0,0.0,0.0,1.0,OK,12.0,12.0,1.0,525516453.0833333,317493060.0,1.1463295065302042,0.0,OK,1.0,1,secp256k1_blake160_sighash_all,0.0,OK,0.0,0.0,0.0,12.0,,OK,10,12,0.375,0.5724134588112161,0.38367746742143194,OK,4070.62645923,842497.46645923,838426.8400000001,0,False
ckb1qzda0cr08m85hc8jlnfp3zer7xulejywt49kt2rr0vthywaa50xwsq0muw495z9pexgx7eftmgehycxjvtc89nsvmddpk,1,0.0,0.0,0.0,1.0,OK,,,,,,,,,1.0,1,secp256k1_blake160_sighash_all,0.0,OK,0.0,0.0,,,,,0,1,0.0,,,OK,0.0,552081.78,552081.78,0,False
ckb1qzda0cr08m85hc8jlnfp3zer7xulejywt49kt2rr0vthywaa50xwsqd6jpr7mncc8n3y4jv4z5k8fq7l77s42kq76f87n,18,0.2222222222222222,0.2222222222222222,0.2777777777777778,0.2777777777777778,OK,11.0,11.0,1.0,48564479.36363637,594415.0,3.1250868754937895,0.0,OK,1.0,1,secp256k1_blake160_sighash_all,0.0,OK,0.0,0.0,0.0,11.0,,OK,1,18,0.0,1.0,,OK,2508237.79405098,2508237.79405098,0.0,0,False
ckb1qzda0cr08m85hc8jlnfp3zer7xulejywt49kt2rr0vthywaa50xwsq0z6aytm8n2hmlggs88jguhuekkk9zq8hgaew60w,2,0.5,0.5,0.0,0.0,OK,1.0,1.0,1.0,466787.0,466787.0,0.0,0.0,INSUFFICIENT_EVIDENCE,1.0,1,secp256k1_blake160_sighash_all,0.0,OK,0.0,0.0,0.0,1.0,,INSUFFICIENT_EVIDENCE,1,1,0.0,1.0,,OK,57503.999,57503.999,0.0,0,False
ckb1qzda0cr08m85hc8jlnfp3zer7xulejywt49kt2rr0vthywaa50xwsqt94xsmh5kjp24djx4y5mpeq0usqthda4cvxxmuk,3,0.0,0.6666666666666666,0.0,0.3333333333333333,OK,2.0,2.0,1.0,2054194072.5,2054194072.5,0.9999730940709352,0.0,INSUFFICIENT_EVIDENCE,1.0,1,secp256k1_blake160_sighash_all,0.0,OK,0.0,0.0,0.0,2.0,,INSUFFICIENT_EVIDENCE,2,1,0.0,0.8604155737125911,0.38608911112833616,OK,401.999536,401.999536,0.0,0,False
ckb1qzda0cr08m85hc8jlnfp3zer7xulejywt49kt2rr0vthywaa50xwsqwtjgqcuyekuh50hv2gp447rx6mwzxvlwgm4j8vz,2,0.0,0.0,0.0,1.0,OK,1.0,1.0,1.0,4108135074.0,4108135074.0,0.0,0.0,INSUFFICIENT_EVIDENCE,1.0,1,secp256k1_blake160_sighash_all,0.0,OK,0.0,0.0,0.0,1.0,,INSUFFICIENT_EVIDENCE,1,2,0.0,1.0,,OK,4108791.417,7907683.832935,3798892.415935,0,False
ckb1qzda0cr08m85hc8jlnfp3zer7xulejywt49kt2rr0vthywaa50xwsqwwnl2x4ccmqrpvp3zz9lwxj8ukxqjc46cksfx9f,2,0.0,0.0,0.0,1.0,OK,1.0,1.0,1.0,23236062408.0,23236062408.0,0.0,0.0,INSUFFICIENT_EVIDENCE,1.0,1,secp256k1_blake160_sighash_all,0.0,OK,1.0,1.0,0.0,1.0,,INSUFFICIENT_EVIDENCE,1,4,0.0,1.0,,OK,203000.0,406000.0,203000.0,0,False
ckb1qzda0cr08m85hc8jlnfp3zer7xulejywt49kt2rr0vthywaa50xwsqfzzknutrncp6fupm6596sgyh5r0946rpsu6mkpk,2,0.0,0.0,0.0,1.0,OK,1.0,1.0,1.0,4564373540.0,4564373540.0,0.0,0.0,INSUFFICIENT_EVIDENCE,1.0,1,secp256k1_blake160_sighash_all,0.0,OK,0.0,0.0,0.0,1.0,,INSUFFICIENT_EVIDENCE,2,3,0.0,0.9831137615648493,0.07078370535137504,OK,1743.52139112,1743.52139112,0.0,0,False
ckb1qzda0cr08m85hc8jlnfp3zer7xulejywt49kt2rr0vthywaa50xwsqvu4vva27ejspmqt30kg7zld29xznhxvwc5zpfpf,1,0.0,0.0,0.0,1.0,OK,,,,,,,,,1.0,1,secp256k1_blake160_sighash_all,0.0,OK,0.0,0.0,,,,,0,2,0.0,,,OK,0.0,1743.52114825,1743.52114825,0,False
ckb1qzda0cr08m85hc8jlnfp3zer7xulejywt49kt2rr0vthywaa50xwsqfzgxljyv0d2hezcfypqscs5zy3kn7jhnqvv0xt6,2,0.0,0.0,0.0,1.0,OK,1.0,1.0,1.0,778571782.0,778571782.0,0.0,0.0,INSUFFICIENT_EVIDENCE,1.0,1,secp256k1_blake160_sighash_all,0.0,OK,0.0,0.0,0.0,1.0,,INSUFFICIENT_EVIDENCE,2,3,0.0,0.9637838465568702,0.13263794010229576,OK,4322.88750707,4322.88750707,0.0,0,False
ckb1qzda0cr08m85hc8jlnfp3zer7xulejywt49kt2rr0vthywaa50xwsq2h36kp26fly5n2huuc446dc3rzhunq2nsesxffv,1,0.0,0.0,0.0,1.0,OK,,,,,,,,,1.0,1,secp256k1_blake160_sighash_all,0.0,OK,0.0,0.0,,,,,0,2,0.0,,,OK,0.0,4322.8872642,4322.8872642,0,False
ckb1qqcz6dvc97r9a097mwdfxc8yq5cw6v4dhrsskshmhecdsvf07l8d7q034hj6qjn294z8gdh63kf30m565mcmkphjxtfee9fly023cx3l8v9w3h7z,4,0.0,0.75,0.0,0.25,OK,3.0,3.0,1.0,185308993.66666666,277441129.0,0.7047075657847978,0.0,INSUFFICIENT_EVIDENCE,1.0,1,unrecognized,0.0,OK,0.0,0.0,0.0,3.0,,OK,2,1,0.5,0.5061728395061729,0.9910760598382222,OK,440.99932541,581.99797561,140.99865020000004,0,False
ckb1qqcz6dvc97r9a097mwdfxc8yq5cw6v4dhrsskshmhecdsvf07l8d7qd8fdu5vu3fwqfjkscg6umfxczuyh7dd29nwexznhftzvr0znpzygrdjjm7,10,0.1,0.4,0.1,0.4,OK,10.0,10.0,1.0,3509535260.1,883094201.0,1.4121621509158044,0.0,OK,1.0,1,unrecognized,0.0,OK,0.25,1.0,0.0,10.0,,OK,2,2,0.3333333333333333,0.7533767792594768,0.5947912892280074,OK,3497.45204336,3877.45204336,380.0,0,False
ckb1qzda0cr08m85hc8jlnfp3zer7xulejywt49kt2rr0vthywaa50xwsq2ne4yj30svjzvvdcmd96qhfvepdx6pfcs09q7zl,2,0.5,0.5,0.0,0.0,OK,1.0,1.0,1.0,643412.0,643412.0,0.0,0.0,INSUFFICIENT_EVIDENCE,1.0,1,secp256k1_blake160_sighash_all,0.0,OK,0.0,0.0,0.0,1.0,,INSUFFICIENT_EVIDENCE,1,1,0.0,1.0,,OK,9009.41391681,9009.41391681,0.0,0,False
ckb1qzda0cr08m85hc8jlnfp3zer7xulejywt49kt2rr0vthywaa50xwsqtuds5922cp4p8zmnerrmqkwvq3358xywcws26ya,2,0.5,0.0,0.0,0.5,OK,1.0,1.0,1.0,611969.0,611969.0,0.0,0.0,INSUFFICIENT_EVIDENCE,1.0,1,secp256k1_blake160_sighash_all,0.0,OK,0.0,0.0,0.0,1.0,,INSUFFICIENT_EVIDENCE,1,1,0.0,1.0,,OK,79600.0,79600.0,0.0,0,False
ckb1qzda0cr08m85hc8jlnfp3zer7xulejywt49kt2rr0vthywaa50xwsqd9ec9tr57qedasftglxrgq9yl657ym3yqddeg6p,1303,0.7651573292402148,0.08288564850345356,0.006907137375287797,0.14504988488104376,OK,1315.0,1254.0,0.9536121673003802,1139245209.5486443,182042056.5,2.719434792957557,0.0,OK,1.0,1,secp256k1_blake160_sighash_all,0.0,OK,0.0,0.0,0.0,1315.0,,OK,86,959,0.0,0.37805450939043084,0.41666982603143776,OK,166174492.1076751,166437462.66377085,262970.55609574914,0,False
ckb1qzda0cr08m85hc8jlnfp3zer7xulejywt49kt2rr0vthywaa50xwsq0pv054z4htt9f4da6kwftf7jewrsagsxgn7hpwf,1495,0.0,0.19130434782608696,0.0,0.808695652173913,OK,1605.0,1494.0,0.930841121495327,1904253219.0876842,907709641.5,1.1998899382282664,0.0,OK,1.0,1,secp256k1_blake160_sighash_all,0.0,OK,0.0,0.0,0.0,1605.0,,OK,31,2,0.0,0.22730562311770336,0.6006507286635576,OK,1080041.93530999,1018877.07614563,-61164.859164360096,0,False
ckb1qzda0cr08m85hc8jlnfp3zer7xulejywt49kt2rr0vthywaa50xwsqddm8ppq3gz8gz0d9ap6z8nc3r662npn2cuxk9f0,64,0.296875,0.125,0.5625,0.015625,OK,32.0,32.0,1.0,2391769.90625,2529028.0,0.4485924025316984,0.0,OK,1.0,1,secp256k1_blake160_sighash_all,0.0,OK,0.0,0.0,0.0,32.0,,OK,2,4,0.2,0.7164053361199472,0.6601199144891465,OK,203175.65999187,203175.65999187,0.0,0,False
ckb1qzda0cr08m85hc8jlnfp3zer7xulejywt49kt2rr0vthywaa50xwsq0ejdewpqqsdy22zke90ug9h9u0jvlqskcjysp8m,2,0.0,0.5,0.0,0.5,OK,1.0,1.0,1.0,226219.0,226219.0,0.0,0.0,INSUFFICIENT_EVIDENCE,1.0,1,secp256k1_blake160_sighash_all,0.0,OK,0.0,0.0,0.0,1.0,,INSUFFICIENT_EVIDENCE,2,2,0.0,0.999165693173351,0.0052870922101635985,OK,148564.34998602,148564.34998602,0.0,0,False
ckb1qzda0cr08m85hc8jlnfp3zer7xulejywt49kt2rr0vthywaa50xwsqtz7rcay08zu2uym7crxxe8dv9aj3thjgs7f3wu2,1,0.0,1.0,0.0,0.0,OK,,,,,,,,,1.0,1,secp256k1_blake160_sighash_all,0.0,OK,1.0,1.0,,,,,0,1,0.0,,,OK,0.0,148502.34997478,148502.34997478,0,False
ckb1qzda0cr08m85hc8jlnfp3zer7xulejywt49kt2rr0vthywaa50xwsqvtd053tgl4c6dcn4qe70nvyygkmh2llwgesskle,1,0.0,1.0,0.0,0.0,OK,,,,,,,,,1.0,1,secp256k1_blake160_sighash_all,0.0,OK,0.0,0.0,,,,,0,1,0.0,,,OK,0.0,62.0,62.0,0,False
ckb1qzda0cr08m85hc8jlnfp3zer7xulejywt49kt2rr0vthywaa50xwsq2jrflqx0dneevp0v6ssznw8ry6aj8laxcuh9svs,2,0.0,0.0,0.0,1.0,OK,1.0,1.0,1.0,448293633.0,448293633.0,0.0,0.0,INSUFFICIENT_EVIDENCE,1.0,1,secp256k1_blake160_sighash_all,0.0,OK,0.0,0.0,0.0,1.0,,INSUFFICIENT_EVIDENCE,2,2,0.0,0.9801999999981741,0.08079313590208707,OK,62.0,62.0,0.0,0,False
ckb1qzda0cr08m85hc8jlnfp3zer7xulejywt49kt2rr0vthywaa50xwsqd6328jjvyqyx6psdkxv5gyxmlx90f50cgc8yla8,2,0.0,0.0,0.0,1.0,OK,1.0,1.0,1.0,2203574.0,2203574.0,0.0,0.0,INSUFFICIENT_EVIDENCE,1.0,1,secp256k1_blake160_sighash_all,0.0,OK,0.0,0.0,0.0,1.0,,INSUFFICIENT_EVIDENCE,2,1,0.0,0.9801999999981741,0.08079313590208707,OK,150003.0,150003.0,0.0,0,False
ckb1qzda0cr08m85hc8jlnfp3zer7xulejywt49kt2rr0vthywaa50xwsqwvalxcu23ejp75sp0sgg7t6ktdy3dyy3q5czey6,1,0.0,0.0,0.0,1.0,OK,,,,,,,,,1.0,1,secp256k1_blake160_sighash_all,0.0,OK,1.0,1.0,,,,,0,2,0.0,,,OK,0.0,1500.65,1500.65,0,False
ckb1qzda0cr08m85hc8jlnfp3zer7xulejywt49kt2rr0vthywaa50xwsq2xy99vwcnnx0a2kj09tygzxtrpklg0jss32v93h,138,0.0,0.0,0.30434782608695654,0.6956521739130435,OK,70.0,70.0,1.0,106603786.58571428,33890954.0,3.2260097947140682,0.0,OK,1.0,1,secp256k1_blake160_sighash_all,0.0,OK,0.0,0.0,0.0,70.0,,OK,1,1,0.0,1.0,,OK,7683.27222372,7683.27222372,0.0,0,False
ckb1qzda0cr08m85hc8jlnfp3zer7xulejywt49kt2rr0vthywaa50xwsqfrlamn0mk353jsutukulxcxyf8je85wwg5l5nnv,519,0.02119460500963391,0.5337186897880539,0.23892100192678228,0.20616570327552985,OK,296.0,295.0,0.9966216216216216,211603748.57288137,33989819.0,2.6047389581821285,0.0,OK,1.0,1,secp256k1_blake160_sighash_all,0.0,OK,0.0,0.0,0.0,296.0,,OK,1,1,0.0,1.0,,OK,23015.73674088,22954.73674088,-61.0,0,False
ckb1qzda0cr08m85hc8jlnfp3zer7xulejywt49kt2rr0vthywaa50xwsqvexj5d7mdsfuygtynap2q7lcqlhr6kdagauegxm,701,0.0,0.0014265335235378032,0.4921540656205421,0.5064194008559201,OK,355.0,355.0,1.0,35981335.08732394,33859198.0,0.5430973224094082,0.0,OK,1.0,1,secp256k1_blake160_sighash_all,0.0,OK,0.0,0.0,0.0,355.0,,OK,1,3,0.0,1.0,,OK,98787982.96914384,98787982.96914384,0.0,0,False
ckb1qzda0cr08m85hc8jlnfp3zer7xulejywt49kt2rr0vthywaa50xwsq0xm5pnqls5mls030v7q9l2k5aksglcvjgge7vq8,46,0.0,0.5217391304347826,0.45652173913043476,0.021739130434782608,OK,26.0,26.0,1.0,45327063.038461536,41338723.5,0.5948697029016107,0.0,OK,1.0,1,secp256k1_blake160_sighash_all,0.0,OK,0.0,0.0,0.0,26.0,,OK,1,3,0.3333333333333333,1.0,,OK,48670379.948,48670379.948,0.0,0,False
ckb1qzda0cr08m85hc8jlnfp3zer7xulejywt49kt2rr0vthywaa50xwsqt77x997v0x3d3m4sxxavmcanlvwn3q0hs4upt05,2,0.0,0.0,0.5,0.5,OK,1.0,1.0,1.0,67355130.0,67355130.0,0.0,0.0,INSUFFICIENT_EVIDENCE,1.0,1,secp256k1_blake160_sighash_all,0.0,OK,0.0,0.0,0.0,1.0,,INSUFFICIENT_EVIDENCE,1,1,0.0,1.0,,OK,62893.12117256,62893.12117256,0.0,0,False
ckb1qzda0cr08m85hc8jlnfp3zer7xulejywt49kt2rr0vthywaa50xwsq20y2fdrsxsg9d2ze0mnmjq9lyy3rdmdpq736f0p,31,0.06451612903225806,0.7741935483870968,0.16129032258064516,0.0,OK,24.0,24.0,1.0,28491639.708333332,15858321.0,1.0048442278811358,0.0,OK,1.0,1,secp256k1_blake160_sighash_all,0.0,OK,0.0,0.0,0.0,24.0,,OK,1,1,0.0,1.0,,OK,22123802.952,22123802.952,0.0,0,False
ckb1qzda0cr08m85hc8jlnfp3zer7xulejywt49kt2rr0vthywaa50xwsqw6sushnyawdllx7u6pgsf6vdtv90d3v2c6scl6v,22,0.13636363636363635,0.5909090909090909,0.2727272727272727,0.0,OK,13.0,13.0,1.0,4169285950.3846154,4458011178.0,0.6360475535768745,0.0,OK,1.0,1,secp256k1_blake160_sighash_all,0.0,OK,0.0,0.0,0.0,13.0,,OK,1,5,0.0,1.0,,OK,60221026.9052032,72946845.5095299,12725818.604326703,0,False
ckb1qzda0cr08m85hc8jlnfp3zer7xulejywt49kt2rr0vthywaa50xwsqvq6ve8a90spwj33sdl7rtus9w5e0an4cc83el7m,2,0.0,0.0,0.5,0.5,OK,1.0,1.0,1.0,252844290.0,252844290.0,0.0,0.0,INSUFFICIENT_EVIDENCE,1.0,1,secp256k1_blake160_sighash_all,0.0,OK,0.0,0.0,0.0,1.0,,INSUFFICIENT_EVIDENCE,1,1,0.0,1.0,,OK,20894.35554724,20894.35554724,0.0,0,False
ckb1qzda0cr08m85hc8jlnfp3zer7xulejywt49kt2rr0vthywaa50xwsqfuwj6lqq2hhe8qqm3m5z2xacjjyuy73yqwgnm2m,2,0.5,0.0,0.5,0.0,OK,1.0,1.0,1.0,66071683.0,66071683.0,0.0,0.0,INSUFFICIENT_EVIDENCE,1.0,1,secp256k1_blake160_sighash_all,0.0,OK,0.0,0.0,0.0,1.0,,INSUFFICIENT_EVIDENCE,1,1,0.0,1.0,,OK,65.60854953,65.60854953,0.0,0,False
ckb1qzda0cr08m85hc8jlnfp3zer7xulejywt49kt2rr0vthywaa50xwsqgwclc88er2n8s5d5cscywyshz8r3rwr9qla2lgd,1,0.0,1.0,0.0,0.0,OK,,,,,,,,,1.0,1,secp256k1_blake160_sighash_all,0.0,OK,0.0,0.0,,,,,0,1,0.0,,,OK,0.0,72891.42952052,72891.42952052,0,False
ckb1qrgqep8saj8agswr30pls73hra28ry8jlnlc3ejzh3dl2ju7xxpjxqgqq9ef4udwfyuwywlsqwy08wpapagss8ej8yxj50cr,886,0.1309255079006772,0.1523702031602709,0.006772009029345372,0.7099322799097065,OK,1143.0,1116.0,0.9763779527559056,782907513.2159498,70486175.0,2.7836854245834863,0.0008960573476702509,OK,1.0,1,unrecognized,0.0,OK,0.4685374149659864,193.0,0.0,1143.0,,OK,303,332,0.5601965601965602,0.6514075618456242,0.1688521251235607,OK,79326970.13221627,79385572.39146751,58602.259251236916,0,False
ckb1qzda0cr08m85hc8jlnfp3zer7xulejywt49kt2rr0vthywaa50xwsqw24xn0tc4wjrun2gtdu7c092jqk98cl4gcazzl2,2314,0.5,0.24935177182368193,0.0,0.25064822817631804,OK,1157.0,1157.0,1.0,693749.6603284356,580299.0,0.9811827462128414,0.0,OK,1.0,1,secp256k1_blake160_sighash_all,0.0,OK,0.0,0.0,0.0,1157.0,,OK,1,1,0.0,1.0,,OK,639963.8662549,639963.8662549,0.0,0,False
ckb1qzda0cr08m85hc8jlnfp3zer7xulejywt49kt2rr0vthywaa50xwsqw7fspuj5ny44ce32pp8lvgjqw90uekrjcg8usv9,7,0.2857142857142857,0.2857142857142857,0.2857142857142857,0.14285714285714285,OK,4.0,4.0,1.0,758099988.5,541661.5,1.7309158036818915,0.0,INSUFFICIENT_EVIDENCE,1.0,1,secp256k1_blake160_sighash_all,0.0,OK,0.0,0.0,0.0,4.0,,OK,1,1,0.0,1.0,,OK,38768.24343384,38768.24343384,0.0,0,False
ckb1qrgqep8saj8agswr30pls73hra28ry8jlnlc3ejzh3dl2ju7xxpjxqgqqxmkl3lngrcklwa8grdc8ja6n4s40pu4sc0w0aln,26,0.038461538461538464,0.34615384615384615,0.038461538461538464,0.5769230769230769,OK,23.0,23.0,1.0,9801976604.0,1817268451.0,1.857340015602995,0.0,OK,1.0,1,unrecognized,0.0,OK,0.3448275862068966,3.0,0.0,23.0,,OK,8,12,0.42857142857142855,0.6578383592753265,0.39763012204412884,OK,111578.15551885,112452.1554964,873.9999775499891,0,False
ckb1qzda0cr08m85hc8jlnfp3zer7xulejywt49kt2rr0vthywaa50xwsqtnlh5nyt9d4rw4nn753ty8g9vuwxemmhgxqc6ug,2,0.0,0.5,0.0,0.5,OK,1.0,1.0,1.0,4707037232.0,4707037232.0,0.0,0.0,INSUFFICIENT_EVIDENCE,1.0,1,secp256k1_blake160_sighash_all,0.0,OK,1.0,1.0,0.0,1.0,,INSUFFICIENT_EVIDENCE,1,1,1.0,1.0,,OK,5515000.0,11030000.0,5515000.0,0,False
ckb1qzda0cr08m85hc8jlnfp3zer7xulejywt49kt2rr0vthywaa50xwsq2zmwtcwp3x5ngxr7wxp3aq737g35nhgpqq4lp5x,3,0.0,0.6666666666666666,0.0,0.3333333333333333,OK,2.0,2.0,1.0,2482999561.5,2482999561.5,0.8957060262855789,0.0,INSUFFICIENT_EVIDENCE,1.0,1,secp256k1_blake160_sighash_all,0.0,OK,0.0,0.0,0.0,2.0,,INSUFFICIENT_EVIDENCE,1,2,0.5,1.0,,OK,5516370.97765724,5517056.46547386,685.4878166196868,0,False
ckb1qzda0cr08m85hc8jlnfp3zer7xulejywt49kt2rr0vthywaa50xwsq08d3jlwgma52gm4mz6fchyah7ruhk8y4swey2xv,2,1.0,0.0,0.0,0.0,OK,1.0,1.0,1.0,472349.0,472349.0,0.0,0.0,INSUFFICIENT_EVIDENCE,1.0,1,secp256k1_blake160_sighash_all,0.0,OK,0.0,0.0,0.0,1.0,,INSUFFICIENT_EVIDENCE,1,1,0.0,1.0,,OK,481.99994666,481.99994666,0.0,0,False
ckb1qzda0cr08m85hc8jlnfp3zer7xulejywt49kt2rr0vthywaa50xwsqt0ayt9cx3tfx3gdmm9vt4r46tj26aus5q6rpaqf,2,0.5,0.0,0.0,0.5,OK,1.0,1.0,1.0,308224.0,308224.0,0.0,0.0,INSUFFICIENT_EVIDENCE,1.0,1,secp256k1_blake160_sighash_all,0.0,OK,0.0,0.0,0.0,1.0,,INSUFFICIENT_EVIDENCE,1,1,0.0,1.0,,OK,593893.58505,593893.58505,0.0,0,False
ckb1qzda0cr08m85hc8jlnfp3zer7xulejywt49kt2rr0vthywaa50xwsq2rv2ln77sfue9zmr4uemppw6e6cqch00sz7curl,2,0.5,0.5,0.0,0.0,OK,1.0,1.0,1.0,143913.0,143913.0,0.0,0.0,INSUFFICIENT_EVIDENCE,1.0,1,secp256k1_blake160_sighash_all,0.0,OK,0.0,0.0,0.0,1.0,,INSUFFICIENT_EVIDENCE,1,1,0.0,1.0,,OK,94634.67,94634.67,0.0,0,False
ckb1qzda0cr08m85hc8jlnfp3zer7xulejywt49kt2rr0vthywaa50xwsqd2ar6ayg6tru9um9cuwzulauer397f9rgrzj0c9,1,1.0,0.0,0.0,0.0,OK,1.0,0.0,0.0,,,,,INSUFFICIENT_EVIDENCE,1.0,1,secp256k1_blake160_sighash_all,0.0,OK,,,0.0,1.0,,INSUFFICIENT_EVIDENCE,1,0,0.0,1.0,,OK,481.99996796,0.0,-481.99996796,0,False
ckb1qzda0cr08m85hc8jlnfp3zer7xulejywt49kt2rr0vthywaa50xwsqfn7k56km47p5javnrpw4ufny8gcyqjyxschyrkw,927,0.47249190938511326,0.43042071197411,0.018338727076591153,0.07874865156418555,OK,472.0,472.0,1.0,414469.6398305085,272233.5,1.120476821675207,0.0,OK,1.0,1,secp256k1_blake160_sighash_all,0.0,OK,0.0,0.0,0.0,472.0,,OK,1,8,0.0,1.0,,OK,277913384.402898,277913384.402898,0.0,0,False
ckb1qzda0cr08m85hc8jlnfp3zer7xulejywt49kt2rr0vthywaa50xwsqwvhy6a0x57agapj2sh47ll9fpgvp753nshpjjpz,1,0.0,0.0,0.0,1.0,OK,,,,,,,,,1.0,1,secp256k1_blake160_sighash_all,0.0,OK,0.0,0.0,,,,,0,1,0.0,,,OK,0.0,251810.0,251810.0,0,False
ckb1qzda0cr08m85hc8jlnfp3zer7xulejywt49kt2rr0vthywaa50xwsqgmjsf5sg7y340mh52tdh8z4p4v2yryk6ggzyu8m,1,0.0,1.0,0.0,0.0,OK,,,,,,,,,1.0,1,secp256k1_blake160_sighash_all,0.0,OK,0.0,0.0,,,,,0,1,0.0,,,OK,0.0,34087.34383871,34087.34383871,0,False
ckb1qzfhdsa4syv599s2s3nfrctwga70g0tu07n9gpnun9ydlngf5vsnwqg94uyxasd2sd0n8e7pl8qv43ps3x28wkpnqkhssmkp42p47vl8c8uupjkyxzyega6cxv63qjzm,3,0.0,0.0,0.0,1.0,OK,3.0,1.0,0.3333333333333333,6388370687.0,6388370687.0,0.0,0.0,INSUFFICIENT_EVIDENCE,1.0,1,unrecognized,0.0,OK,1.0,1.0,0.0,3.0,,OK,6,4,0.6666666666666666,0.7424996305018579,0.3489807835314633,OK,672.0,672.0,0.0,0,False
ckb1qzda0cr08m85hc8jlnfp3zer7xulejywt49kt2rr0vthywaa50xwsqtyedgf3hcmvghz4cmstp7pu7u76x93apgp9rzws,123,0.44715447154471544,0.5203252032520326,0.032520325203252036,0.0,OK,64.0,64.0,1.0,1930821.53125,2037078.5,0.48043319517144695,0.0,OK,1.0,1,secp256k1_blake160_sighash_all,0.0,OK,0.0,0.0,0.0,64.0,,OK,1,1,0.0,1.0,,OK,2027710.51430947,2027710.51430947,0.0,0,False
ckb1qzda0cr08m85hc8jlnfp3zer7xulejywt49kt2rr0vthywaa50xwsqfh3hsd0an0xag0qzx0ay8qrtpclap9x3she6gvj,2,0.0,0.5,0.0,0.5,OK,,,,,,,,,1.0,1,secp256k1_blake160_sighash_all,0.0,OK,0.0,0.0,,,,,0,1,0.0,,,OK,0.0,66513.76,66513.76,0,False
ckb1qzfhdsa4syv599s2s3nfrctwga70g0tu07n9gpnun9ydlngf5vsnwqg9vqzwej3l7amlg7w4fea6d5apt73pe5z5q4sqfmx28lmh0are6488hfkn5906y8xs2s5cdt5x,1,0.0,0.0,0.0,1.0,OK,1.0,0.0,0.0,,,,,INSUFFICIENT_EVIDENCE,1.0,1,unrecognized,0.0,OK,1.0,1.0,0.0,1.0,,INSUFFICIENT_EVIDENCE,1,1,1.0,1.0,,OK,220.9996,220.9996,0.0,0,False
ckb1qzfhdsa4syv599s2s3nfrctwga70g0tu07n9gpnun9ydlngf5vsnwqg9ppwdq9xgt6fr7grkwhj6twd3w43hdsh5q5y9e5q5ep0fy0eqwe67tfdek96kxakz7sm9w7mn,5,0.0,0.0,0.0,1.0,OK,5.0,4.0,0.8,10651462891.25,7950130281.0,0.7385762890741302,0.0,INSUFFICIENT_EVIDENCE,1.0,1,unrecognized,0.0,OK,1.0,2.0,0.0,5.0,,OK,5,5,1.0,0.20001439760476303,0.9999776252642842,OK,1115.0,1114.9998,-0.0001999999999497959,0,False
ckb1qzda0cr08m85hc8jlnfp3zer7xulejywt49kt2rr0vthywaa50xwsqw0kyehc00l04ru5dldfhhtalx43fe9ppsdzgzgz,2,0.0,0.0,0.0,1.0,OK,1.0,1.0,1.0,10119141596.0,10119141596.0,0.0,0.0,INSUFFICIENT_EVIDENCE,1.0,1,secp256k1_blake160_sighash_all,0.0,OK,1.0,1.0,0.0,1.0,,INSUFFICIENT_EVIDENCE,1,3,0.0,1.0,,OK,34372.96332349,68745.92664698,34372.96332349,0,False
ckb1qzda0cr08m85hc8jlnfp3zer7xulejywt49kt2rr0vthywaa50xwsqdk6t85vllv37se5ng6rpnz7x30clgdy6qsped2w,2,0.0,0.0,0.0,1.0,OK,1.0,1.0,1.0,10119141596.0,10119141596.0,0.0,0.0,INSUFFICIENT_EVIDENCE,1.0,1,secp256k1_blake160_sighash_all,0.0,OK,0.0,0.0,0.0,1.0,,INSUFFICIENT_EVIDENCE,2,2,0.0,0.9964055063958337,0.019010983015593716,OK,62.0,62.0,0.0,0,False
ckb1qzda0cr08m85hc8jlnfp3zer7xulejywt49kt2rr0vthywaa50xwsq2tq8vms882lepc8fk0aapfp0c9nh755xsdtnm3m,1,0.0,0.0,0.0,1.0,OK,,,,,,,,,1.0,1,secp256k1_blake160_sighash_all,0.0,OK,0.0,0.0,,,,,0,2,0.0,,,OK,0.0,61.99975713,61.99975713,0,False
ckb1qzda0cr08m85hc8jlnfp3zer7xulejywt49kt2rr0vthywaa50xwsqgg8w4ddafhudspnvc8aapvpek3rvmk33qqk5up2,11,0.18181818181818182,0.0,0.8181818181818182,0.0,OK,6.0,6.0,1.0,3075412.1666666665,3209203.5,0.17935625871442526,0.0,OK,1.0,1,secp256k1_blake160_sighash_all,0.0,OK,0.0,0.0,0.0,6.0,,OK,2,2,0.0,0.5056276131895107,0.9918657713107932,OK,173347.47349003,173347.47349003,0.0,0,False
ckb1qzfhdsa4syv599s2s3nfrctwga70g0tu07n9gpnun9ydlngf5vsnwqg9f27gfvl2w82qaenx7ygdazqwdw9u72vwq49tep9nafcagrhxvmc3ph5gpe4chnef3ce546ng,5,0.0,0.0,0.0,1.0,OK,5.0,4.0,0.8,15120322083.75,12818582923.5,0.7226279769024594,0.0,INSUFFICIENT_EVIDENCE,1.0,1,unrecognized,0.0,OK,1.0,1.0,0.0,5.0,,OK,5,5,1.0,0.20003595795887313,0.9999442842249902,OK,1105.0,1105.0,0.0,0,False
ckb1qzfhdsa4syv599s2s3nfrctwga70g0tu07n9gpnun9ydlngf5vsnwqg99y922zqav2vvrqv5n9rgjwrk5xmkhu2yq55s4fggr43f3svpjjv5dzfcw6smw6l3gsnklkev,2,0.0,0.0,0.0,1.0,OK,2.0,1.0,0.5,62911482320.0,62911482320.0,0.0,0.0,INSUFFICIENT_EVIDENCE,1.0,1,unrecognized,0.0,OK,1.0,2.0,0.0,2.0,,INSUFFICIENT_EVIDENCE,2,2,1.0,0.5000402128902485,0.9999419842849842,OK,434.0,433.9998,-0.0002000000000066393,0,False
ckb1qzda0cr08m85hc8jlnfp3zer7xulejywt49kt2rr0vthywaa50xwsqwfjnz2axuppeu5r68084wjm6a0xtxfy9cj4a5sa,382,0.0,0.6387434554973822,0.0,0.3612565445026178,OK,542.0,539.0,0.9944649446494465,3117372752.801484,2088014078.0,0.9368193733404951,0.0,OK,1.0,1,secp256k1_blake160_sighash_all,0.0,OK,0.001841620626151013,1.0,0.0,542.0,,OK,118,152,0.0,0.347852628194198,0.4317954600151762,OK,141878546.676791,144356209.19939464,2477662.522603631,0,False
ckb1qzda0cr08m85hc8jlnfp3zer7xulejywt49kt2rr0vthywaa50xwsq0u4j72c469enjkklngja9y4c94q6cqyks8c84uv,1,0.0,1.0,0.0,0.0,OK,,,,,,,,,1.0,1,secp256k1_blake160_sighash_all,0.0,OK,0.0,0.0,,,,,0,1,0.0,,,OK,0.0,30331.4181,30331.4181,0,False
ckb1qzda0cr08m85hc8jlnfp3zer7xulejywt49kt2rr0vthywaa50xwsqwvrfv8s2ldft92hqj8c028cuhmszmex6szv4as5,10,0.0,0.2,0.0,0.8,OK,,,,,,,,,1.0,1,secp256k1_blake160_sighash_all,0.0,OK,0.0,0.0,,,,,0,2,0.0,,,OK,0.0,1462974.27,1462974.27,0,False
ckb1qzda0cr08m85hc8jlnfp3zer7xulejywt49kt2rr0vthywaa50xwsqt7830n3sgc4rvmu4vym50snrq0f3qjsrgs64u8s,3,0.0,0.6666666666666666,0.3333333333333333,0.0,OK,1.0,1.0,1.0,2378741.0,2378741.0,0.0,0.0,INSUFFICIENT_EVIDENCE,1.0,1,secp256k1_blake160_sighash_all,0.0,OK,0.0,0.0,0.0,1.0,,INSUFFICIENT_EVIDENCE,1,1,0.0,1.0,,OK,72134.19515417,73928.29931171,1794.1041575400013,0,False
ckb1qzfhdsa4syv599s2s3nfrctwga70g0tu07n9gpnun9ydlngf5vsnwqgrtxgt300hp4dtdulhvphvr2zq9eqz36j0qdvepw9a7ux44dhn7asxasdggqhyq282fuu5q568,3,0.0,0.0,0.0,1.0,OK,3.0,1.0,0.3333333333333333,16216494639.0,16216494639.0,0.0,0.0,INSUFFICIENT_EVIDENCE,1.0,1,unrecognized,0.0,OK,1.0,1.0,0.0,3.0,,OK,3,3,1.0,0.3333625894752227,0.9999600838280289,OK,664.0,664.0,0.0,0,False
ckb1qzfhdsa4syv599s2s3nfrctwga70g0tu07n9gpnun9ydlngf5vsnwqggq7xygka0fffckdwnzn68hgm9h9r3g74xryyq0rzytwh555utxhf3farm5djmj3c502npjc8dplu,22,0.13636363636363635,0.0,0.0,0.8636363636363636,OK,21.0,17.0,0.8095238095238095,7874832444.764706,2592007916.0,1.2639709666192815,0.0,OK,1.0,1,unrecognized,0.0,OK,1.0,3.0,0.0,21.0,,OK,16,16,0.7777777777777778,0.38053380337033216,0.5357515665507703,OK,4403.99906605,4913.99747348,509.99840743000004,0,False
ckb1qzda0cr08m85hc8jlnfp3zer7xulejywt49kt2rr0vthywaa50xwsqdc75deduvc55qd7z48nrd6xy06td2r0wgqqs0vf,1,0.0,0.0,0.0,1.0,OK,,,,,,,,,1.0,1,secp256k1_blake160_sighash_all,0.0,OK,0.0,0.0,,,,,0,1,0.0,,,OK,0.0,36344.04367979,36344.04367979,0,False
ckb1qrgqep8saj8agswr30pls73hra28ry8jlnlc3ejzh3dl2ju7xxpjxqgqq8jjta82sj7lcz5ewruppmfrrvtg9nh4vvg5klxg,322,0.034161490683229816,0.9440993788819876,0.0,0.021739130434782608,OK,311.0,310.0,0.9967845659163987,488534963.4483871,176094030.0,2.1320164995951294,0.0,OK,1.0,1,unrecognized,0.0,OK,0.0,0.0,0.0,311.0,,OK,1,1,0.0,1.0,,OK,274469.56637248,277097.4811826,2627.9148101200117,0,False
ckb1qzda0cr08m85hc8jlnfp3zer7xulejywt49kt2rr0vthywaa50xwsqd7xem3waujkrfq9vrj7vc5tesg793drag9966ur,2,0.5,0.5,0.0,0.0,OK,1.0,1.0,1.0,520213.0,520213.0,0.0,0.0,INSUFFICIENT_EVIDENCE,1.0,1,secp256k1_blake160_sighash_all,0.0,OK,0.0,0.0,0.0,1.0,,INSUFFICIENT_EVIDENCE,1,1,0.0,1.0,,OK,159586.407602,159586.407602,0.0,0,False
ckb1qrgqep8saj8agswr30pls73hra28ry8jlnlc3ejzh3dl2ju7xxpjxqgqq8crqpcx3nq9p23h8ep5zzpga67ygfd73scdttd5,3,0.0,1.0,0.0,0.0,OK,2.0,2.0,1.0,735192.5,735192.5,0.3369546071267049,0.0,INSUFFICIENT_EVIDENCE,1.0,1,unrecognized,0.0,OK,0.25,1.0,0.0,2.0,,INSUFFICIENT_EVIDENCE,1,1,0.0,1.0,,OK,2109.9999817,3089.99934314,979.99936144,0,False
ckb1qzda0cr08m85hc8jlnfp3zer7xulejywt49kt2rr0vthywaa50xwsq2gxfhv94tp8sc29c5xhsuttgk4hhpp2nq2mt7ff,1293,0.0,0.7092034029389018,0.0,0.2907965970610982,OK,6668.0,631.0,0.09463107378524295,7898595287.757527,7618055149.0,0.5300460602204298,0.0,OK,1.0,1,secp256k1_blake160_sighash_all,0.0,OK,0.0,0.0,0.0,6668.0,,OK,1,1289,0.0,1.0,,OK,1000200.0,193999.86743462,-806200.13256538,0,False
ckb1qzda0cr08m85hc8jlnfp3zer7xulejywt49kt2rr0vthywaa50xwsqwxdvqk5f5k404wykzsfuu4cjvh4n96zrq9yl6w6,97,0.0,0.14432989690721648,0.4948453608247423,0.36082474226804123,OK,48.0,48.0,1.0,14341201.125,9185904.0,0.9870559670082734,0.0,OK,1.0,1,secp256k1_blake160_sighash_all,0.0,OK,0.0,0.0,0.0,48.0,,OK,2,3,0.0,0.7028540197483826,0.6833995019845596,OK,33351.08281754,33888.51784102,537.4350234800004,0,False
ckb1qzda0cr08m85hc8jlnfp3zer7xulejywt49kt2rr0vthywaa50xwsqt99g9mrrpztjlg4tfwrnzeczrx6kpwdnqx90acl,2,0.0,1.0,0.0,0.0,OK,1.0,1.0,1.0,493069.0,493069.0,0.0,0.0,INSUFFICIENT_EVIDENCE,1.0,1,secp256k1_blake160_sighash_all,0.0,OK,0.0,0.0,0.0,1.0,,INSUFFICIENT_EVIDENCE,1,1,0.0,1.0,,OK,1200.0,1269.99999534,69.99999533999994,0,False
ckb1qzda0cr08m85hc8jlnfp3zer7xulejywt49kt2rr0vthywaa50xwsq0rgz8mcc9ws8vv0m33vx8jm9u68knrplqz0m628,2,0.5,0.0,0.5,0.0,OK,1.0,1.0,1.0,284139.0,284139.0,0.0,0.0,INSUFFICIENT_EVIDENCE,1.0,1,secp256k1_blake160_sighash_all,0.0,OK,0.0,0.0,0.0,1.0,,INSUFFICIENT_EVIDENCE,1,1,0.0,1.0,,OK,26530.99889241,26530.99889241,0.0,0,False
ckb1qrgqep8saj8agswr30pls73hra28ry8jlnlc3ejzh3dl2ju7xxpjxqgqq9fmlyjt4ydumr7u27ltfz3vjfj2s2hgmgwc8awk,3,0.6666666666666666,0.0,0.3333333333333333,0.0,OK,3.0,2.0,0.6666666666666666,197724.5,197724.5,0.08657753591487145,0.0,INSUFFICIENT_EVIDENCE,1.0,1,unrecognized,0.0,OK,0.0,0.0,0.0,3.0,,OK,1,2,0.0,1.0,,OK,26530.99891064,20003.99996558,-6526.998945060001,0,False
ckb1qzda0cr08m85hc8jlnfp3zer7xulejywt49kt2rr0vthywaa50xwsqfklpav762duvc8cva7gnz89nzvksp6r3qeh6wvh,2,0.0,0.0,0.0,1.0,OK,1.0,1.0,1.0,14164204014.0,14164204014.0,0.0,0.0,INSUFFICIENT_EVIDENCE,1.0,1,secp256k1_blake160_sighash_all,0.0,OK,1.0,1.0,0.0,1.0,,INSUFFICIENT_EVIDENCE,1,4,0.25,1.0,,OK,459900.0,919800.0,459900.0,0,False
ckb1qzda0cr08m85hc8jlnfp3zer7xulejywt49kt2rr0vthywaa50xwsqfrvc7cagn8h4g3harg8cwdfpq3sx7sxms2r27la,3,0.0,0.0,0.0,1.0,OK,2.0,2.0,1.0,24693080389.5,24693080389.5,0.4263897500603891,0.0,INSUFFICIENT_EVIDENCE,1.0,1,secp256k1_blake160_sighash_all,0.0,OK,0.0,0.0,0.0,2.0,,INSUFFICIENT_EVIDENCE,2,4,0.2,0.9997870714335113,0.0015587825822245157,OK,20651.1474386,20651.1474386,0.0,0,False
ckb1qzda0cr08m85hc8jlnfp3zer7xulejywt49kt2rr0vthywaa50xwsq04avg2cjv4t0vh2v7zuztvcctzy860fjs9esl5u,7,0.0,0.14285714285714285,0.0,0.8571428571428571,OK,5.0,5.0,1.0,12537080679.4,1727480768.0,1.1871753838743175,0.0,OK,1.0,1,secp256k1_blake160_sighash_all,0.0,OK,0.0,0.0,0.0,5.0,,OK,4,6,0.42857142857142855,0.5243049435809092,0.5988627203610817,OK,206175.13864624,206273.08535073,97.94670448999386,0,False
ckb1qrgqep8saj8agswr30pls73hra28ry8jlnlc3ejzh3dl2ju7xxpjxqgqq8m55rrdckag9e5j8hqdyga0ftpwvauxtcult98p,1,1.0,0.0,0.0,0.0,OK,1.0,0.0,0.0,,,,,INSUFFICIENT_EVIDENCE,1.0,1,unrecognized,0.0,OK,,,0.0,1.0,,INSUFFICIENT_EVIDENCE,1,0,0.0,1.0,,OK,10002.0,0.0,-10002.0,0,False
ckb1qrgqep8saj8agswr30pls73hra28ry8jlnlc3ejzh3dl2ju7xxpjxqgqqxuz9n0wyhs86wrqr5309qaz5jsxe3805gnlmc95,1,1.0,0.0,0.0,0.0,OK,1.0,0.0,0.0,,,,,INSUFFICIENT_EVIDENCE,1.0,1,unrecognized,0.0,OK,,,0.0,1.0,,INSUFFICIENT_EVIDENCE,1,0,0.0,1.0,,OK,10002.0,0.0,-10002.0,0,False
ckb1qzda0cr08m85hc8jlnfp3zer7xulejywt49kt2rr0vthywaa50xwsqd8a7fpzf530ks6kmw3yfvn72p5v4ayy6gq05avs,2,0.0,0.0,0.0,1.0,OK,1.0,1.0,1.0,2458350585.0,2458350585.0,0.0,0.0,INSUFFICIENT_EVIDENCE,1.0,1,secp256k1_blake160_sighash_all,0.0,OK,1.0,1.0,0.0,1.0,,INSUFFICIENT_EVIDENCE,1,3,0.0,1.0,,OK,100162.49307151,200324.98614302,100162.49307151,0,False
ckb1qzda0cr08m85hc8jlnfp3zer7xulejywt49kt2rr0vthywaa50xwsqg64upk25mkwaurfnz52t5wcm4hkw8ukgqdmqsjq,2,0.0,0.0,0.0,1.0,OK,1.0,1.0,1.0,575402351.0,575402351.0,0.0,0.0,INSUFFICIENT_EVIDENCE,1.0,1,secp256k1_blake160_sighash_all,0.0,OK,0.0,0.0,0.0,1.0,,INSUFFICIENT_EVIDENCE,2,2,0.0,0.9987635431298265,0.007485768770341482,OK,62.0,62.0,0.0,0,False
ckb1qrgqep8saj8agswr30pls73hra28ry8jlnlc3ejzh3dl2ju7xxpjxqgqq82w09dxh4f3gl6se95l7k0g3n3wjjsgdstzvp4c,9,0.1111111111111111,0.5555555555555556,0.0,0.3333333333333333,OK,4.0,4.0,1.0,1121416151.25,1420203.5,1.7305028694729865,0.0,INSUFFICIENT_EVIDENCE,1.0,1,unrecognized,0.0,OK,0.2222222222222222,1.0,0.0,4.0,,OK,3,4,0.0,0.4921956295525494,0.7812668042592142,OK,883630.43960384,1897726.36914877,1014095.9295449301,0,False
ckb1qzda0cr08m85hc8jlnfp3zer7xulejywt49kt2rr0vthywaa50xwsqtdc7efeq2t3xnqhtp336tfxd9sns8hz4cg3qf4y,2,0.5,0.5,0.0,0.0,OK,1.0,1.0,1.0,591839.0,591839.0,0.0,0.0,INSUFFICIENT_EVIDENCE,1.0,1,secp256k1_blake160_sighash_all,0.0,OK,0.0,0.0,0.0,1.0,,INSUFFICIENT_EVIDENCE,1,1,0.0,1.0,,OK,1000.0,1000.0,0.0,0,False
ckb1qrgqep8saj8agswr30pls73hra28ry8jlnlc3ejzh3dl2ju7xxpjxqgqq90ay9s9atj3rpajv38hnx5nashk3tnstqcu3khf,37,0.05405405405405406,0.16216216216216217,0.0,0.7837837837837838,OK,36.0,36.0,1.0,301857430.6666667,253037096.5,0.7254754470542507,0.0,OK,1.0,1,unrecognized,0.0,OK,0.0,0.0,0.0,36.0,,OK,1,1,1.0,1.0,,OK,3579.2175761,3694.00585165,114.78827554999998,0,False
ckb1qrgqep8saj8agswr30pls73hra28ry8jlnlc3ejzh3dl2ju7xxpjxqgqqyxaafkpxklf820ugttkjd0409k73djjhue0s8ej,44,0.045454545454545456,0.22727272727272727,0.0,0.7272727272727273,OK,40.0,40.0,1.0,471620380.875,183743952.0,2.1649697261137772,0.0,OK,1.0,1,unrecognized,0.0,OK,0.10869565217391304,2.0,0.0,40.0,,OK,2,4,0.2,0.8633781412408721,0.37976456556161925,OK,6361.50375731,7019.83880372,658.3350464100004,0,False
ckb1qzda0cr08m85hc8jlnfp3zer7xulejywt49kt2rr0vthywaa50xwsqtdvhzxzyqcqqu3qu548g0yfhyhkn68s0s5tlqdh,174,0.0,0.9942528735632183,0.0,0.005747126436781609,OK,10.0,10.0,1.0,15514403420.4,15488851528.5,0.03765862502963952,0.0,OK,1.0,1,secp256k1_blake160_sighash_all,0.0,OK,0.0,0.0,0.0,10.0,,OK,1,1,0.0,1.0,,OK,200714.9190221,3228962.47447769,3028247.55545559,0,False
ckb1qzda0cr08m85hc8jlnfp3zer7xulejywt49kt2rr0vthywaa50xwsqwd9wdqn3udclk6u86ed8glq7ep4gs2l6c4cwthv,50,0.2,0.24,0.0,0.56,OK,10.0,10.0,1.0,471002.5,408345.5,0.4601745932557113,0.0,OK,1.0,1,secp256k1_blake160_sighash_all,0.0,OK,0.0,0.0,0.0,10.0,,OK,1,2,0.0,1.0,,OK,72363.52834337,88174.80336481,15811.27502144,0,False
ckb1qzda0cr08m85hc8jlnfp3zer7xulejywt49kt2rr0vthywaa50xwsqftm2xn4dlczysw0q2x5alw2v7ur2le8gs8h3teh,189,0.0,0.5026455026455027,0.4973544973544973,0.0,OK,95.0,95.0,1.0,5512474.5578947365,1478238.0,5.4315309429989025,0.0,OK,1.0,1,secp256k1_blake160_sighash_all,0.0,OK,0.0,0.0,0.0,95.0,,OK,2,1,0.0,0.9317110866810967,0.22077613265779109,OK,21481.05335428,21481.05335428,0.0,0,False
ckb1qzda0cr08m85hc8jlnfp3zer7xulejywt49kt2rr0vthywaa50xwsq05uu85tpqrf75arfkskcnwjsaj5f6c05qtmqdm9,473,0.0,0.4989429175475687,0.49682875264270615,0.004228329809725159,OK,238.0,238.0,1.0,4542765.210084033,2981731.0,1.6555426795785573,0.0,OK,1.0,1,secp256k1_blake160_sighash_all,0.0,OK,0.0,0.0,0.0,238.0,,OK,1,2,0.0,1.0,,OK,102426.17007522,102426.17007522,0.0,0,False
ckb1qzda0cr08m85hc8jlnfp3zer7xulejywt49kt2rr0vthywaa50xwsq2cdr6jzphx2r5y02rkrlh84f4aes20mcc4569tl,1,0.0,1.0,0.0,0.0,OK,,,,,,,,,1.0,1,secp256k1_blake160_sighash_all,0.0,OK,0.0,0.0,,,,,0,1,0.0,,,OK,0.0,745127.9957259,745127.9957259,0,False
ckb1qzda0cr08m85hc8jlnfp3zer7xulejywt49kt2rr0vthywaa50xwsqdev2qemedc4lercjj2ys3acwf4d6nj7jcprg6sq,156,0.0,0.0,0.0,1.0,OK,156.0,155.0,0.9935897435897436,405055510.37419355,68100819.0,3.87743434914861,0.0,OK,1.0,1,secp256k1_blake160_sighash_all,0.0,OK,0.0,0.0,0.0,156.0,,OK,1,1,1.0,1.0,,OK,155859.94639431,155859.93525605,-0.011138260015286505,0,False
ckb1qzda0cr08m85hc8jlnfp3zer7xulejywt49kt2rr0vthywaa50xwsqg2h7uwwprx9jj45wjl3atqcx9n2ztadscfrnanm,757,0.4940554821664465,0.0,0.003963011889035667,0.5019815059445178,OK,380.0,380.0,1.0,1660225.4473684211,954350.5,4.608472123483329,0.0,OK,1.0,1,secp256k1_blake160_sighash_all,0.0,OK,0.0,0.0,0.0,380.0,,OK,1,1,0.0,1.0,,OK,935863.38305988,935863.38305988,0.0,0,False
ckb1qzfhdsa4syv599s2s3nfrctwga70g0tu07n9gpnun9ydlngf5vsnwqg939y8pph07lrs6upe8j570llehe5rgjkqqky5suyxalmuwrts8y72nelllxlxsdz2cq2yp3v8,17,0.0,0.0,0.0,1.0,OK,17.0,8.0,0.47058823529411764,29320590603.0,30097841720.5,0.5915105060630167,0.0,OK,1.0,1,unrecognized,0.0,OK,1.0,1.0,0.0,17.0,,OK,19,16,0.8421052631578947,0.5414399143883333,0.45720024809547827,OK,3765.0,3765.0,0.0,0,False
ckb1qzfhdsa4syv599s2s3nfrctwga70g0tu07n9gpnun9ydlngf5vsnwqg9d8578luy5wxmq9hqgqkqf0hlc2slmegyq457ncllsj3cmvqkupqzcp97llp2rl09qsf6gpau,1,0.0,0.0,0.0,1.0,OK,,,,,,,,,1.0,1,unrecognized,0.0,OK,1.0,1.0,,,,,0,3,0.0,,,OK,0.0,218.0,218.0,0,False
ckb1qzda0cr08m85hc8jlnfp3zer7xulejywt49kt2rr0vthywaa50xwsqfhm04agnaq6r8t8fn75zclt30x0es6fyqn07upn,1233,0.45174371451743717,0.0,0.0,0.5482562854825629,OK,557.0,557.0,1.0,630179.2746858168,615249.0,0.18598036388944628,0.0,OK,1.0,1,secp256k1_blake160_sighash_all,0.0,OK,0.0,0.0,0.0,557.0,,OK,1,1,0.0,1.0,,OK,1133527.17632514,1233346.97078317,99819.79445803002,0,False
ckb1qzda0cr08m85hc8jlnfp3zer7xulejywt49kt2rr0vthywaa50xwsqfj8ejt4qckvuzrtezy9nvcv7le9ur8cuqy7s5x8,300,0.0,0.49666666666666665,0.5,0.0033333333333333335,OK,150.0,150.0,1.0,3713297.7066666665,1417610.0,4.915672262207426,0.0,OK,1.0,1,secp256k1_blake160_sighash_all,0.0,OK,0.0,0.0,0.0,150.0,,OK,2,1,0.0,0.590688786234502,0.8648901850061373,OK,34880.21808222,34880.21808222,0.0,0,False
ckb1qzda0cr08m85hc8jlnfp3zer7xulejywt49kt2rr0vthywaa50xwsq08np8nmp86cyutmm8glcmp36udhrkquhgpeccr6,116,0.0,0.5,0.5,0.0,OK,58.0,58.0,1.0,3042039.3103448274,1406393.5,2.0243118174991404,0.0,OK,1.0,1,secp256k1_blake160_sighash_all,0.0,OK,0.0,0.0,0.0,58.0,,OK,2,1,0.0,0.9692324758581095,0.11613298485004302,OK,12817.13449724,12817.13449724,0.0,0,False
ckb1qzda0cr08m85hc8jlnfp3zer7xulejywt49kt2rr0vthywaa50xwsqg60za567aggkr4kdukm540wrujl4xn83g5sff6z,102,0.0,0.9901960784313726,0.0,0.00980392156862745,OK,,,,,,,,,1.0,1,secp256k1_blake160_sighash_all,0.0,OK,0.0,0.0,,,,,0,1,0.0,,,OK,0.0,23100.87145676,23100.87145676,0,False
ckb1qzda0cr08m85hc8jlnfp3zer7xulejywt49kt2rr0vthywaa50xwsqg58nlmgm0f04zj3fedh4d369cpdz67s5q8n0dxm,158,0.0,0.9873417721518988,0.0,0.012658227848101266,OK,,,,,,,,,1.0,1,secp256k1_blake160_sighash_all,0.0,OK,0.0,0.0,,,,,0,1,0.0,,,OK,0.0,37724.06375319,37724.06375319,0,False
ckb1qzda0cr08m85hc8jlnfp3zer7xulejywt49kt2rr0vthywaa50xwsqfplruvrt4qsh2vu7vla0uuk2pxvstfx6csgmzu5,6,0.0,0.8333333333333334,0.16666666666666666,0.0,OK,4.0,4.0,1.0,23504405809.25,30748805085.5,0.5789344502460905,0.0,INSUFFICIENT_EVIDENCE,1.0,1,secp256k1_blake160_sighash_all,0.0,OK,0.0,0.0,0.0,4.0,,OK,1,1,0.0,1.0,,OK,731.19658463,981.29419043,250.0976058,0,False
ckb1qzda0cr08m85hc8jlnfp3zer7xulejywt49kt2rr0vthywaa50xwsqvhl5ywzxe4tpun3frshvq34p7rlh356sq0sx2vd,1,0.0,0.0,0.0,1.0,OK,,,,,,,,,1.0,1,secp256k1_blake160_sighash_all,0.0,OK,0.0,0.0,,,,,0,1,0.0,,,OK,0.0,623.27685901,623.27685901,0,False
ckb1qzda0cr08m85hc8jlnfp3zer7xulejywt49kt2rr0vthywaa50xwsqge57hkg6u3mc7jwh7emmu7pne7keyn2ccf79a2t,3,0.0,0.3333333333333333,0.6666666666666666,0.0,OK,2.0,2.0,1.0,6314270.5,6314270.5,0.056592839980485476,0.0,INSUFFICIENT_EVIDENCE,1.0,1,secp256k1_blake160_sighash_all,0.0,OK,0.0,0.0,0.0,2.0,,INSUFFICIENT_EVIDENCE,1,1,0.0,1.0,,OK,165281.09938258,165281.09938258,0.0,0,False
ckb1qzda0cr08m85hc8jlnfp3zer7xulejywt49kt2rr0vthywaa50xwsqd280gcprvtlm89nyxuc2ru9e2tqe0aewcks0h7q,5,0.2,0.2,0.4,0.2,OK,3.0,3.0,1.0,251534.66666666666,197267.0,0.4421432711465345,0.0,INSUFFICIENT_EVIDENCE,1.0,1,secp256k1_blake160_sighash_all,0.0,OK,0.0,0.0,0.0,3.0,,OK,1,6,0.0,1.0,,OK,959810.87141792,959810.87141792,0.0,0,False
ckb1qzda0cr08m85hc8jlnfp3zer7xulejywt49kt2rr0vthywaa50xwsqga8fka44mj0qm9pz3zx8fh23cd9t7ye2qw4p9mm,2,0.0,0.5,0.5,0.0,OK,1.0,1.0,1.0,490510135.0,490510135.0,0.0,0.0,INSUFFICIENT_EVIDENCE,1.0,1,secp256k1_blake160_sighash_all,0.0,OK,0.0,0.0,0.0,1.0,,INSUFFICIENT_EVIDENCE,1,1,0.0,1.0,,OK,3408.96272638,3408.96272638,0.0,0,False
ckb1qzda0cr08m85hc8jlnfp3zer7xulejywt49kt2rr0vthywaa50xwsqgzku5d6wp53s4ukledn8j8u3t9vjxt7ys9uu00a,11,0.0,0.0,1.0,0.0,OK,10.0,10.0,1.0,488900966.3,488851531.5,0.00024486402667322176,0.0,OK,1.0,1,secp256k1_blake160_sighash_all,0.0,OK,0.0,0.0,0.0,10.0,,OK,1,10,0.0,1.0,,OK,17692.18481197,17692.18481197,0.0,0,False
ckb1qzda0cr08m85hc8jlnfp3zer7xulejywt49kt2rr0vthywaa50xwsqwz877ez7j69yehpaxf8fjl4g6cxg59k4cmp9c8s,2,0.5,0.0,0.5,0.0,OK,1.0,1.0,1.0,28713061.0,28713061.0,0.0,0.0,INSUFFICIENT_EVIDENCE,1.0,1,secp256k1_blake160_sighash_all,0.0,OK,0.0,0.0,0.0,1.0,,INSUFFICIENT_EVIDENCE,1,1,0.0,1.0,,OK,318709.72390151,318709.72390151,0.0,0,False
ckb1qrj9k8u0yxllyvfhqddr4d636adnd2vpmmkru7pqr99ecppfvl60zq2jdhmvxjtkj8fx84gevn93j5eyc2xtgmg63glfg,2,0.0,0.5,0.0,0.5,OK,1.0,1.0,1.0,263945.0,263945.0,0.0,0.0,INSUFFICIENT_EVIDENCE,1.0,1,unrecognized,0.0,OK,0.0,0.0,0.0,1.0,,INSUFFICIENT_EVIDENCE,2,2,1.0,0.5555555539081481,0.9182958365256005,OK,750.0,750.0,0.0,0,False
ckb1qrj9k8u0yxllyvfhqddr4d636adnd2vpmmkru7pqr99ecppfvl60zqfd4pj6za0jzhxvsk960aw4ylu48hmrtjq8ec8zj,2,0.0,0.5,0.0,0.5,OK,1.0,1.0,1.0,140089.0,140089.0,0.0,0.0,INSUFFICIENT_EVIDENCE,1.0,1,unrecognized,0.0,OK,0.0,0.0,0.0,1.0,,INSUFFICIENT_EVIDENCE,2,2,1.0,0.5555555539081481,0.9182958365256005,OK,750.0,750.0,0.0,0,False
ckb1qzda0cr08m85hc8jlnfp3zer7xulejywt49kt2rr0vthywaa50xwsqd3t75wgj4rjmaem5f46ek9f5g2xe9gsucx860r9,2,0.0,0.0,0.0,1.0,OK,1.0,1.0,1.0,1170802925.0,1170802925.0,0.0,0.0,INSUFFICIENT_EVIDENCE,1.0,1,secp256k1_blake160_sighash_all,0.0,OK,0.0,0.0,0.0,1.0,,INSUFFICIENT_EVIDENCE,2,2,0.0,0.9998531732563365,0.0011142129550512265,OK,696.52946612,696.52946612,0.0,0,False
ckb1qzda0cr08m85hc8jlnfp3zer7xulejywt49kt2rr0vthywaa50xwsqfqqgdjzldwm3gcuxnclfscjda2lw7jruqjxyp93,2,0.0,0.0,0.0,1.0,OK,1.0,1.0,1.0,148935.0,148935.0,0.0,0.0,INSUFFICIENT_EVIDENCE,1.0,1,secp256k1_blake160_sighash_all,0.0,OK,0.0,0.0,0.0,1.0,,INSUFFICIENT_EVIDENCE,2,1,0.0,0.9998531732563365,0.0011142129550512265,OK,9500001.0,9500001.0,0.0,0,False
ckb1qzda0cr08m85hc8jlnfp3zer7xulejywt49kt2rr0vthywaa50xwsqdnvsjyahhu4hnqmv5aqy06jk7p289qcsck64eed,1,0.0,0.0,0.0,1.0,OK,,,,,,,,,1.0,1,secp256k1_blake160_sighash_all,0.0,OK,1.0,1.0,,,,,0,2,0.0,,,OK,0.0,9500000.0,9500000.0,0,False
ckb1qzda0cr08m85hc8jlnfp3zer7xulejywt49kt2rr0vthywaa50xwsqgcls79s3gyaetwz3sm27r5gfjguywnh2cxxda76,1,0.0,0.0,0.0,1.0,OK,,,,,,,,,1.0,1,secp256k1_blake160_sighash_all,0.0,OK,0.0,0.0,,,,,0,2,0.0,,,OK,0.0,697.52945214,697.52945214,0,False
ckb1qzda0cr08m85hc8jlnfp3zer7xulejywt49kt2rr0vthywaa50xwsqwrcse92s9lm5u09npr6uwhgsr0tk6scdsxn0pul,20,0.0,0.65,0.0,0.35,OK,18.0,18.0,1.0,1558114929.6666667,1445070665.5,0.891548025640646,0.0,OK,1.0,1,secp256k1_blake160_sighash_all,0.0,OK,0.0,0.0,0.0,18.0,,OK,5,2,0.0,0.3192995845221175,0.8217777942572281,OK,145416.7219119,171109.6751536,25692.953241699986,0,False
ckb1qzda0cr08m85hc8jlnfp3zer7xulejywt49kt2rr0vthywaa50xwsqf7wdk98y3zdh3cyql86grghqwnen7ks5qzrld2q,2,0.0,0.5,0.5,0.0,OK,3.0,1.0,0.3333333333333333,714685.0,714685.0,0.0,0.0,INSUFFICIENT_EVIDENCE,1.0,1,secp256k1_blake160_sighash_all,0.0,OK,0.0,0.0,0.0,3.0,,OK,1,0,0.0,1.0,,OK,206019.89939072,40738.79999072,-165281.0994,0,False
ckb1qzda0cr08m85hc8jlnfp3zer7xulejywt49kt2rr0vthywaa50xwsqgvmsa3c3ecl7edwqjvezvjcrwqs3ypy0gdesfvg,6,0.5,0.16666666666666666,0.0,0.3333333333333333,OK,3.0,3.0,1.0,550326.0,479256.0,0.6257735009522117,0.0,INSUFFICIENT_EVIDENCE,1.0,1,secp256k1_blake160_sighash_all,0.0,OK,0.0,0.0,0.0,3.0,,OK,1,1,0.0,1.0,,OK,2156881.68703394,2156881.68703394,0.0,0,False
ckb1qzda0cr08m85hc8jlnfp3zer7xulejywt49kt2rr0vthywaa50xwsq0c46rcy6f2qav3ddfgv2540mz6vl7knlc0pl0a0,16,0.75,0.0625,0.1875,0.0,OK,8.0,8.0,1.0,276169.0,316810.0,0.4026780027676898,0.0,OK,1.0,1,secp256k1_blake160_sighash_all,0.0,OK,0.0,0.0,0.0,8.0,,OK,1,2,0.0,1.0,,OK,133958.81940118,133958.81940118,0.0,0,False
ckb1qrgqep8saj8agswr30pls73hra28ry8jlnlc3ejzh3dl2ju7xxpjxqgqqx0f0kn59zeww42ufe72s3zp843zjtm70qknllc8,114,0.11403508771929824,0.2719298245614035,0.07017543859649122,0.543859649122807,OK,97.0,97.0,1.0,63084453.9072165,14349466.0,3.6603527380715843,0.0,OK,1.0,1,unrecognized,0.0,OK,0.1836734693877551,7.0,0.0,97.0,,OK,34,54,0.4915254237288136,0.25752829425942736,0.5177106509898506,OK,1121884.49058507,1127884.49058507,6000.0,0,False
ckb1qzda0cr08m85hc8jlnfp3zer7xulejywt49kt2rr0vthywaa50xwsqw9eyh2qqwkzdmu5xlwkc4lhfx6zsmh0ssed8wsm,169,0.46153846153846156,0.35502958579881655,0.023668639053254437,0.15976331360946747,OK,87.0,87.0,1.0,280642.4482758621,269673.0,0.31307674259925056,0.0,OK,1.0,1,secp256k1_blake160_sighash_all,0.0,OK,0.0,0.0,0.0,87.0,,OK,1,5,0.0,1.0,,OK,163226701.068,163226701.068,0.0,0,False
ckb1qzda0cr08m85hc8jlnfp3zer7xulejywt49kt2rr0vthywaa50xwsqw9cxywse038q9496gt72efccm2jf0lygs5fcq86,2,0.5,0.0,0.0,0.5,OK,1.0,1.0,1.0,560608.0,560608.0,0.0,0.0,INSUFFICIENT_EVIDENCE,1.0,1,secp256k1_blake160_sighash_all,0.0,OK,0.0,0.0,0.0,1.0,,INSUFFICIENT_EVIDENCE,1,1,0.0,1.0,,OK,345484.63899999,345484.63899999,0.0,0,False
ckb1qzda0cr08m85hc8jlnfp3zer7xulejywt49kt2rr0vthywaa50xwsq22vda73jzdlu3lf6luskzcjz7z5ksa58stp95p5,17,0.11764705882352941,0.35294117647058826,0.0,0.5294117647058824,OK,17.0,17.0,1.0,1975443498.8235295,1125744251.0,2.1135652977497212,0.0,OK,1.0,1,secp256k1_blake160_sighash_all,0.0,OK,0.2,1.0,0.0,17.0,,OK,3,3,0.0,0.8313859213984558,0.281735988104606,OK,541593834.8443748,628093960.4542454,86500125.60987067,0,False
ckb1qzda0cr08m85hc8jlnfp3zer7xulejywt49kt2rr0vthywaa50xwsqvwwjyy2ue6h3cg9yf6k07c4u5mlsep05s3evt90,72,0.5,0.4444444444444444,0.0,0.05555555555555555,OK,36.0,36.0,1.0,540373.9722222222,407801.5,0.467262116826755,0.0,OK,1.0,1,secp256k1_blake160_sighash_all,0.0,OK,0.0,0.0,0.0,36.0,,OK,1,7,0.0,1.0,,OK,44024.87700229,44024.87700229,0.0,0,False
ckb1qzda0cr08m85hc8jlnfp3zer7xulejywt49kt2rr0vthywaa50xwsqdxzpng0y93mrnmxq0e73j4yu4d3n3mkuqc5r59u,204,0.5196078431372549,0.0,0.44607843137254904,0.03431372549019608,OK,102.0,102.0,1.0,524530.8823529412,541728.0,0.3346103445464003,0.0,OK,1.0,1,secp256k1_blake160_sighash_all,0.0,OK,0.0,0.0,0.0,102.0,,OK,1,1,0.0,1.0,,OK,1132339.43668638,1132339.43668638,0.0,0,False
ckb1qzda0cr08m85hc8jlnfp3zer7xulejywt49kt2rr0vthywaa50xwsqwxz8p53apcnpykd55nh0aqkqvmyd52rusxajcax,120,0.0,0.0,0.49166666666666664,0.5083333333333333,OK,61.0,61.0,1.0,18897509.409836065,1383747.0,5.531887284961081,0.0,OK,1.0,1,secp256k1_blake160_sighash_all,0.0,OK,0.0,0.0,0.0,61.0,,OK,2,3,0.0,0.9680659017391144,0.11971720508561354,OK,87314.96008545,87314.96008545,0.0,0,False
ckb1qzda0cr08m85hc8jlnfp3zer7xulejywt49kt2rr0vthywaa50xwsqw5pyla7y2d5y6dy2jxlj03c4p76ahmnhc0j4ars,2,0.0,0.5,0.0,0.5,OK,1.0,1.0,1.0,10822826204.0,10822826204.0,0.0,0.0,INSUFFICIENT_EVIDENCE,1.0,1,secp256k1_blake160_sighash_all,0.0,OK,0.0,0.0,0.0,1.0,,INSUFFICIENT_EVIDENCE,2,1,0.0,0.5000182566271366,0.9999736610942788,OK,79.21604649,79.21604649,0.0,0,False
ckb1qzda0cr08m85hc8jlnfp3zer7xulejywt49kt2rr0vthywaa50xwsqflgd96hhegvt75t3admj08a2y88yv5mdqy6cqs0,2,0.0,0.0,0.5,0.5,OK,1.0,1.0,1.0,10821635014.0,10821635014.0,0.0,0.0,INSUFFICIENT_EVIDENCE,1.0,1,secp256k1_blake160_sighash_all,0.0,OK,0.0,0.0,0.0,1.0,,INSUFFICIENT_EVIDENCE,2,2,0.0,0.5000182566271366,0.9999736610942788,OK,121.99983654,121.99983654,0.0,0,False
ckb1qzda0cr08m85hc8jlnfp3zer7xulejywt49kt2rr0vthywaa50xwsqt4rtfua5eqvmwtyn08y8yycc5lx2wty3qtcxx2a,1,0.0,0.0,0.0,1.0,OK,,,,,,,,,1.0,1,secp256k1_blake160_sighash_all,0.0,OK,0.0,0.0,,,,,0,2,0.0,,,OK,0.0,101.21587101,101.21587101,0,False
ckb1qzda0cr08m85hc8jlnfp3zer7xulejywt49kt2rr0vthywaa50xwsqgvqj4l72jsc6mve69s24ggznk7vf09dpsgdszvp,13,0.38461538461538464,0.07692307692307693,0.15384615384615385,0.38461538461538464,OK,7.0,7.0,1.0,600566.0,760856.0,0.6066807301992038,0.0,OK,1.0,1,secp256k1_blake160_sighash_all,0.0,OK,0.0,0.0,0.0,7.0,,OK,1,4,0.0,1.0,,OK,25550408.58547911,25550408.58547911,0.0,0,False
ckb1qzda0cr08m85hc8jlnfp3zer7xulejywt49kt2rr0vthywaa50xwsqwvnfyyu53z75jyfvm2q2fpt8yrw432qqs89xeat,2,0.0,0.0,0.5,0.5,OK,1.0,1.0,1.0,3725979706.0,3725979706.0,0.0,0.0,INSUFFICIENT_EVIDENCE,1.0,1,secp256k1_blake160_sighash_all,0.0,OK,0.0,0.0,0.0,1.0,,INSUFFICIENT_EVIDENCE,1,2,0.0,1.0,,OK,143.58548999,143.58548999,0.0,0,False
ckb1qzda0cr08m85hc8jlnfp3zer7xulejywt49kt2rr0vthywaa50xwsq0xz88g9vckq3vp47c4nakj2g7ugslm2acl45l9r,7,0.0,0.5714285714285714,0.14285714285714285,0.2857142857142857,OK,4.0,4.0,1.0,9098628101.0,10108813050.0,0.22006380985502624,0.0,INSUFFICIENT_EVIDENCE,1.0,1,secp256k1_blake160_sighash_all,0.0,OK,0.2,1.0,0.0,4.0,,OK,3,4,0.0,0.5007109815473987,0.6303702831073903,OK,16272015.0,16272157.0,142.0,0,False
ckb1qzda0cr08m85hc8jlnfp3zer7xulejywt49kt2rr0vthywaa50xwsqdhxwwku2qxwcj784l5slje2tsa76nlgvsawdc7v,2,0.0,0.0,0.0,1.0,OK,1.0,1.0,1.0,5437340322.0,5437340322.0,0.0,0.0,INSUFFICIENT_EVIDENCE,1.0,1,secp256k1_blake160_sighash_all,0.0,OK,0.0,0.0,0.0,1.0,,INSUFFICIENT_EVIDENCE,2,3,0.0,0.9295704106891882,0.2262475880568074,OK,122.98327675,122.98327675,0.0,0,False
ckb1qzda0cr08m85hc8jlnfp3zer7xulejywt49kt2rr0vthywaa50xwsq25kj6kupzglv5kwcqh54mmm0vd830lt2quf2fvf,1,0.0,0.0,0.0,1.0,OK,,,,,,,,,1.0,1,secp256k1_blake160_sighash_all,0.0,OK,1.0,1.0,,,,,0,2,0.0,,,OK,0.0,3700.0,3700.0,0,False
ckb1qzda0cr08m85hc8jlnfp3zer7xulejywt49kt2rr0vthywaa50xwsq0rk5lgxzurkxdnq95zcra0lpyax9ja0rqqk8gaz,1,0.0,0.0,0.0,1.0,OK,,,,,,,,,1.0,1,secp256k1_blake160_sighash_all,0.0,OK,0.0,0.0,,,,,0,2,0.0,,,OK,0.0,140.36835174,140.36835174,0,False
ckb1qzda0cr08m85hc8jlnfp3zer7xulejywt49kt2rr0vthywaa50xwsqvx0mstg9aqgrgvsqnrqd4ekwcthk0pfpqkaq02f,2,0.0,0.5,0.0,0.5,OK,1.0,1.0,1.0,2487911.0,2487911.0,0.0,0.0,INSUFFICIENT_EVIDENCE,1.0,1,secp256k1_blake160_sighash_all,0.0,OK,0.0,0.0,0.0,1.0,,INSUFFICIENT_EVIDENCE,2,1,0.0,0.999586752086119,0.002827810224451845,OK,299999.998,299999.998,0.0,0,False
ckb1qzda0cr08m85hc8jlnfp3zer7xulejywt49kt2rr0vthywaa50xwsqwuuu2n4serlsnuvhxwu0nuhsms76aez0cv7nxdh,1,0.0,1.0,0.0,0.0,OK,,,,,,,,,1.0,1,secp256k1_blake160_sighash_all,0.0,OK,1.0,1.0,,,,,0,1,0.0,,,OK,0.0,299937.99798876,299937.99798876,0,False
ckb1qzda0cr08m85hc8jlnfp3zer7xulejywt49kt2rr0vthywaa50xwsqv98zwvdlfvcwhppy75jcs0u8566vupxzs735ggx,1,0.0,1.0,0.0,0.0,OK,,,,,,,,,1.0,1,secp256k1_blake160_sighash_all,0.0,OK,0.0,0.0,,,,,0,1,0.0,,,OK,0.0,62.0,62.0,0,False
ckb1qzda0cr08m85hc8jlnfp3zer7xulejywt49kt2rr0vthywaa50xwsq20gymh8hj0295y4sexft6t8u07c87txyg4y75m0,1,0.0,1.0,0.0,0.0,OK,,,,,,,,,1.0,1,secp256k1_blake160_sighash_all,0.0,OK,0.0,0.0,,,,,0,1,0.0,,,OK,0.0,101036.5699731,101036.5699731,0,False
ckb1qqcz6dvc97r9a097mwdfxc8yq5cw6v4dhrsskshmhecdsvf07l8d7q245y9mqs3e4l6ycsv4amhgzhzd85ewf59amlnmqmur37uda2c8fuyf2j6v,4,0.5,0.5,0.0,0.0,OK,2.0,2.0,1.0,162176.5,162176.5,0.19302118371034027,0.0,INSUFFICIENT_EVIDENCE,1.0,1,unrecognized,0.0,OK,0.0,0.0,0.0,2.0,,INSUFFICIENT_EVIDENCE,2,1,0.5,0.5,1.0,OK,200.0,200.0,0.0,0,False
ckb1qqcz6dvc97r9a097mwdfxc8yq5cw6v4dhrsskshmhecdsvf07l8d7qw3smwpw49khlnp34vzdfg27rsau0fpnx4eq8u6l4fzucydmsjkfy7jfem9,3,0.6666666666666666,0.0,0.0,0.3333333333333333,OK,1.0,1.0,1.0,1182361.0,1182361.0,0.0,0.0,INSUFFICIENT_EVIDENCE,1.0,1,unrecognized,0.0,OK,0.0,0.0,0.0,1.0,,INSUFFICIENT_EVIDENCE,1,2,0.5,1.0,,OK,150.0,249.99973859,99.99973858999999,0,False
ckb1qrgqep8saj8agswr30pls73hra28ry8jlnlc3ejzh3dl2ju7xxpjxqgqqy5z928yw33t5enjqglmeq7w23dk99q7qvm3yvlr,15,0.4,0.4,0.0,0.2,OK,12.0,12.0,1.0,33003788.583333332,1681198.5,1.318295180788918,0.0,OK,1.0,1,unrecognized,0.0,OK,0.0,0.0,0.0,12.0,,OK,6,7,0.8571428571428571,0.17901234567901236,0.9789283426941482,OK,5742.9975021,6641.99616,898.9986578999997,0,False
ckb1qzda0cr08m85hc8jlnfp3zer7xulejywt49kt2rr0vthywaa50xwsqfx7c8l89wcf42vxgajjke9zdt7myeqrdqj6mqm6,38,0.0,0.868421052631579,0.0,0.13157894736842105,OK,37.0,37.0,1.0,683454448.1351352,1590371.0,2.6380572914790417,0.0,OK,1.0,1,secp256k1_blake160_sighash_all,0.0,OK,0.02564102564102564,1.0,0.0,37.0,,OK,31,5,0.0,0.9283867237351368,0.08113488655000174,OK,4713343.02837287,4755821.37201236,42478.343639490195,0,False
ckb1qzda0cr08m85hc8jlnfp3zer7xulejywt49kt2rr0vthywaa50xwsqtrvtdrcnncgh0vsc6rvsfvl3mk4lrf0hqv5ttla,2,0.0,1.0,0.0,0.0,OK,1.0,1.0,1.0,431469.0,431469.0,0.0,0.0,INSUFFICIENT_EVIDENCE,1.0,1,secp256k1_blake160_sighash_all,0.0,OK,0.0,0.0,0.0,1.0,,INSUFFICIENT_EVIDENCE,1,1,0.0,1.0,,OK,45549.89473727,45612.89474497,63.000007700000424,0,False
ckb1qzda0cr08m85hc8jlnfp3zer7xulejywt49kt2rr0vthywaa50xwsqdtzdy4dlvfxna90pxjuxmkkfvqkjr595sqw5q4m,4,0.25,0.5,0.0,0.25,OK,3.0,3.0,1.0,1588214639.0,20186291.0,1.405125202032967,0.0,INSUFFICIENT_EVIDENCE,1.0,1,secp256k1_blake160_sighash_all,0.0,OK,0.0,0.0,0.0,3.0,,OK,3,2,0.0,0.9930249001622737,0.02198188142712034,OK,276697.82853659,276697.82853659,0.0,0,False
ckb1qzda0cr08m85hc8jlnfp3zer7xulejywt49kt2rr0vthywaa50xwsq275zthc09tdzvgzlycvrl8p5n2ea2e7as0q8aes,33,0.9393939393939394,0.0,0.0,0.06060606060606061,OK,,,,,,,,,1.0,1,secp256k1_blake160_sighash_all,0.0,OK,0.0,0.0,,,,,0,2,0.0,,,OK,0.0,25795.15383716,25795.15383716,0,False
ckb1qzda0cr08m85hc8jlnfp3zer7xulejywt49kt2rr0vthywaa50xwsqtxd3nueqkvw2s3xactdp9t0c6axsgmewgweeu7e,4,0.5,0.5,0.0,0.0,OK,2.0,2.0,1.0,536807.0,536807.0,0.08109059680667353,0.0,INSUFFICIENT_EVIDENCE,1.0,1,secp256k1_blake160_sighash_all,0.0,OK,0.0,0.0,0.0,2.0,,INSUFFICIENT_EVIDENCE,1,1,0.0,1.0,,OK,42398.1221,42398.1221,0.0,0,False
ckb1qqcz6dvc97r9a097mwdfxc8yq5cw6v4dhrsskshmhecdsvf07l8d7qf4mvqmuqzfeahs4axptm5en0m3jjndht530kdp0uvxvjr3un0rsvh828t2,2,0.5,0.0,0.0,0.5,OK,1.0,1.0,1.0,1049467.0,1049467.0,0.0,0.0,INSUFFICIENT_EVIDENCE,1.0,1,unrecognized,0.0,OK,0.0,0.0,0.0,1.0,,INSUFFICIENT_EVIDENCE,1,1,1.0,1.0,,OK,150.0,150.0,0.0,0,False
ckb1qzda0cr08m85hc8jlnfp3zer7xulejywt49kt2rr0vthywaa50xwsqd4h5ahm0l94adpfafpftu00tpsncrmmqgghtrxy,2,0.5,0.0,0.0,0.5,OK,1.0,1.0,1.0,14673451.0,14673451.0,0.0,0.0,INSUFFICIENT_EVIDENCE,1.0,1,secp256k1_blake160_sighash_all,0.0,OK,0.0,0.0,0.0,1.0,,INSUFFICIENT_EVIDENCE,1,1,0.0,1.0,,OK,53000.0,53000.0,0.0,0,False
ckb1qzda0cr08m85hc8jlnfp3zer7xulejywt49kt2rr0vthywaa50xwsqtefa8zf5x0lltkreu77zv5830nwkld24gwljv3p,2,1.0,0.0,0.0,0.0,OK,,,,,,,,,1.0,1,secp256k1_blake160_sighash_all,0.0,OK,0.0,0.0,,,,,0,2,0.0,,,OK,0.0,106319.9999574,106319.9999574,0,False
ckb1qqcz6dvc97r9a097mwdfxc8yq5cw6v4dhrsskshmhecdsvf07l8d7qvml6appkndqvveylvggcmfk02vgs76k87eqmctyamkjwc0ppuqf5uvskfx,2,0.5,0.0,0.0,0.5,OK,1.0,1.0,1.0,208502.0,208502.0,0.0,0.0,INSUFFICIENT_EVIDENCE,1.0,1,unrecognized,0.0,OK,0.0,0.0,0.0,1.0,,INSUFFICIENT_EVIDENCE,1,1,1.0,1.0,,OK,100.0,100.0,0.0,0,False
ckb1qzda0cr08m85hc8jlnfp3zer7xulejywt49kt2rr0vthywaa50xwsqgvs5gksmvyjy2jl746vvnnq5a7nuey9hsz2uudd,1648,0.0,0.16140776699029127,0.003033980582524272,0.8355582524271845,OK,1013.0,973.0,0.9605133267522211,2548817736.308325,2237732605.0,0.7307856557314393,0.0,OK,1.0,1,secp256k1_blake160_sighash_all,0.0,OK,0.0,0.0,0.0,1013.0,,OK,7,1,0.0,0.988150945350786,0.023760695923997065,OK,698455.37467602,1168353.50673296,469898.13205694,0,False
ckb1qzda0cr08m85hc8jlnfp3zer7xulejywt49kt2rr0vthywaa50xwsq2uq6ykas222qjhw4k6847guv3y8c7wvccalk3tf,2,0.5,0.5,0.0,0.0,OK,1.0,1.0,1.0,802898.0,802898.0,0.0,0.0,INSUFFICIENT_EVIDENCE,1.0,1,secp256k1_blake160_sighash_all,0.0,OK,0.0,0.0,0.0,1.0,,INSUFFICIENT_EVIDENCE,1,1,0.0,1.0,,OK,22801.581,22801.581,0.0,0,False
ckb1qzda0cr08m85hc8jlnfp3zer7xulejywt49kt2rr0vthywaa50xwsq0fjsxk3ufezyljeglltk69mhtgrruqsusa36w9h,2,0.5,0.5,0.0,0.0,OK,1.0,1.0,1.0,943942.0,943942.0,0.0,0.0,INSUFFICIENT_EVIDENCE,1.0,1,secp256k1_blake160_sighash_all,0.0,OK,0.0,0.0,0.0,1.0,,INSUFFICIENT_EVIDENCE,1,1,0.0,1.0,,OK,8297.81088,8297.81088,0.0,0,False
ckb1qzda0cr08m85hc8jlnfp3zer7xulejywt49kt2rr0vthywaa50xwsqwh8cgh37vm79za0w7h9wc36rvkcucyaag3pg77j,26,0.5,0.11538461538461539,0.038461538461538464,0.34615384615384615,OK,13.0,13.0,1.0,761411.7692307692,344689.0,1.2840375611682115,0.0,OK,1.0,1,secp256k1_blake160_sighash_all,0.0,OK,0.0,0.0,0.0,13.0,,OK,1,4,0.0,1.0,,OK,1086431.71832034,1086431.71832034,0.0,0,False
ckb1qzda0cr08m85hc8jlnfp3zer7xulejywt49kt2rr0vthywaa50xwsqt9vmtr0jddwrpmpp4tfvvmsmfxt4dvllqkk0arq,3,0.3333333333333333,0.0,0.0,0.6666666666666666,OK,2.0,2.0,1.0,6492900852.5,6492900852.5,0.901379552907627,0.0,INSUFFICIENT_EVIDENCE,1.0,1,secp256k1_blake160_sighash_all,0.0,OK,1.0,1.0,0.0,2.0,,INSUFFICIENT_EVIDENCE,2,5,0.0,0.999611082744527,0.0026783179757769488,OK,632252.87125446,632252.87125446,0.0,0,False
ckb1qzda0cr08m85hc8jlnfp3zer7xulejywt49kt2rr0vthywaa50xwsqddyz6vl88hqfhcrfv55xpqzan04myfn7qweufsa,28,0.25,0.4642857142857143,0.0,0.2857142857142857,OK,14.0,14.0,1.0,11420588966.928572,10711776721.5,0.93587536089416,0.0,OK,1.0,1,secp256k1_blake160_sighash_all,0.0,OK,0.0,0.0,0.0,14.0,,OK,17,15,0.0,0.23901846564569232,0.643834251774635,OK,4648157.75504649,4806095.75504649,157938.0,0,False
ckb1qrgqep8saj8agswr30pls73hra28ry8jlnlc3ejzh3dl2ju7xxpjxqgqqyknjsdgjmz9a475mzuledqlm82yujj4vu8xllec,658,0.004559270516717325,0.24924012158054712,0.001519756838905775,0.7446808510638298,OK,844.0,821.0,0.9727488151658767,685200579.4665042,43863065.0,3.401348155231008,0.0,OK,1.0,1,unrecognized,0.0,OK,0.31840193704600483,27.0,0.0,844.0,,OK,244,272,0.6024844720496895,0.14212725676395638,0.5299893114523735,OK,10769678.26142423,10767054.71295214,-2623.548472089693,0,False
ckb1qzda0cr08m85hc8jlnfp3zer7xulejywt49kt2rr0vthywaa50xwsq0m0zyttfjaw4ft9sjyz8rv2jnk2e66e5c89pdn5,2,0.5,0.5,0.0,0.0,OK,1.0,1.0,1.0,209901.0,209901.0,0.0,0.0,INSUFFICIENT_EVIDENCE,1.0,1,secp256k1_blake160_sighash_all,0.0,OK,0.0,0.0,0.0,1.0,,INSUFFICIENT_EVIDENCE,1,1,0.0,1.0,,OK,373.97954152,373.97954152,0.0,0,False
ckb1qqunmue4ncels5qse4j6839yy68h9k27c6cyj7q6j9kxsze3a2dgsqvcg4qnx88s32fzxpeldkc9daejv92lx2yupu5ahmqkdhwlhm9qksdws8hd,140,0.0,0.0,0.0,1.0,OK,278.0,278.0,1.0,391780822.1582734,15067213.0,3.1488847309015267,0.0,OK,1.0,1,unrecognized,0.0,OK,0.5,1.0,0.0,278.0,,OK,49,144,0.010471204188481676,0.3224191873844211,0.44238318718115066,OK,14690636.76977248,14747528.87151037,56892.10173789039,0,False
