address,n_tx_in_window,tx_per_window_day,active_span_days,tx_per_active_day,gap_mean_s,gap_median_s,gap_cv,burstiness,hour_of_day_entropy,day_of_week_entropy,sent_tx_count,received_tx_count,sent_edge_count,received_edge_count,sent_total_ckb,received_total_ckb,net_flow_ckb,sent_mean_ckb,sent_median_ckb,sent_cv,received_mean_ckb,received_median_ckb,received_cv,unique_counterparties_out,unique_counterparties_in,reciprocity_ratio,out_value_concentration_hhi,in_value_concentration_hhi,max_single_tx_ckb,n_dao_events,dao_total_ckb,dao_event_rate,has_dao_activity,detail_coverage
ckb1qzda0cr08m85hc8jlnfp3zer7xulejywt49kt2rr0vthywaa50xwsqfzz2s8jscd5wm0faglpyxl5w3t8fyk69gthp4j7,-0.12429548997969196,-0.10331490126692931,0.28564003350290024,-0.7203722494902568,1.6983350330683942,0.7694167847333832,0.8736194958076264,0.6425207027281652,1.232529158698915,-0.12483248791082792,-0.033100808049413344,-0.11908564119973034,-0.048897784072817745,-0.15849420668734746,1.6362116054651885,2.6240200061811816,-0.9086573138741229,2.7665496957600197,2.814654626238708,-0.1432693637402123,2.54567444867867,2.9107625695598833,0.7531648402939856,0.0,0.0,1.0,0.0,0.0,1.9380233705094487,0.0,0.0,0.0,0.0,0.0
ckb1qzda0cr08m85hc8jlnfp3zer7xulejywt49kt2rr0vthywaa50xwsq2ul0rt55hnp2e2nzzhfkep4xtc3l88rxqes83vq,0.37050425223132116,0.8921918724532649,0.46223627309906795,0.11950957831084634,-0.1197127083919153,-0.6794887248238072,0.5472363702949221,0.45918705942403193,1.3243163566903553,-0.01600322758049615,0.34509995462796916,0.4718068306291439,0.3624737830924837,0.9192824746488615,1.61359893883944,3.1756589069269245,1.055145565610022,2.206216299551306,2.236548632286832,0.1337056886185451,1.924118958170033,2.3736892364300353,0.019909017351463464,2.7095112913514536,8.710806433699352,0.003575685339690107,-3.386644166459608,-1.9818234433468396,1.7368874152359126,0.0,0.0,0.0,0.0,0.0
ckb1qzda0cr08m85hc8jlnfp3zer7xulejywt49kt2rr0vthywaa50xwsqvdzl6lke4a3epsg4pt8xm024zlth6prushfxpta,-0.7900833507669089,-0.22151054699761152,-0.5928812165553505,0.0,0.0,0.0,0.0,0.0,-0.3992070570723769,-1.5379389945779218,-0.7044131239549859,-0.7216417873835473,-0.7790888008662336,-0.79615091801856,-2.2434195516864803,2.2318834889883354,0.9031863143552807,0.0,0.0,0.0,2.9995766853425754,3.5347625186339906,-0.5453374138143248,-1.7095112913514543,0.0,0.0,0.0,0.0,1.942926333041155,0.0,0.0,0.0,0.0,0.0
ckb1qzda0cr08m85hc8jlnfp3zer7xulejywt49kt2rr0vthywaa50xwsqv7nn9j6tfzxufy3v6enaren4n9ds6f0dqvkwddv,-0.11287417444283954,-0.0961303215209309,-0.5342756832520325,0.3706532215286848,-0.3708007808070749,0.3906664864969732,-0.6487990522705485,-1.1256298133730558,0.45922142132326754,-0.005161818047572278,-0.48308458378404284,-0.0030317901166369322,-0.5383482275686691,0.015853153078743375,0.5968598561246832,2.1355022209400776,0.8864953434524958,1.7535541965598724,1.896256866669627,0.04750014768760926,1.9303722614526055,0.31905655304382563,8.691217168830212,0.0,2.4594316186372973,0.0,0.0,-0.10758120690087983,1.8615899931854358,0.0,0.0,0.0,0.0,0.0
ckb1qzda0cr08m85hc8jlnfp3zer7xulejywt49kt2rr0vthywaa50xwsqdmvgx9866nn68gsfshgy660unf97wzfcgcxrvec,0.6126085989794569,2.1325358865323434,0.48194264664838266,1.1649593493810635,-1.0530665056034818,-0.23331629850041632,-0.3533448810777683,-0.4850977087712148,1.2793444670983607,0.015112378829134089,0.44535226327077876,0.7578875295820939,0.4715189077674753,1.0591513946250752,1.3133287140237762,2.329527659181481,0.8862426041641646,1.5706336578298405,1.6085174220182026,0.15505726618039856,1.030268879028213,0.2999717456828666,7.899248267521301,3.709511291351454,9.108524456778168,0.0045207956600361665,-0.8139142207062154,-1.7681634239687167,1.3648920216098979,0.0,0.0,0.0,0.0,0.0
ckb1qzda0cr08m85hc8jlnfp3zer7xulejywt49kt2rr0vthywaa50xwsqgjdw5vq6y0me78r46vf29flspd83qy9us3p3jgp,0.7263636699562848,2.8541059371966413,0.4041294450028517,1.8614526990706994,-1.5538781405856141,-0.6582659885926391,5.227237503105208,1.4521632172307404,0.9264997516126277,0.016203206074954228,-0.20379906116727586,0.8999939626888434,-0.23456744639810154,1.3376413083049306,0.9830718674418706,2.2062776649227867,0.8935336449339636,1.9278880477927092,1.6838998824171263,0.7036318731213147,0.6354397845505196,0.30382024253819045,105.4719125557973,1.7095112913514543,8.513727595952437,0.0027359781121751026,-3.286368931872218,-1.447246548618553,1.794270324406053,0.0,0.0,0.0,0.0,0.0
ckb1qzda0cr08m85hc8jlnfp3zer7xulejywt49kt2rr0vthywaa50xwsqw20ylwscm8q35fdgh6vvl0mjpmg4p3macchmmr6,-0.21714895649439475,-0.14905547404337977,0.2920845281176698,-0.7679920070550137,2.0815743078870743,1.3466813046342136,-0.18164564855255527,-0.22240353594548257,0.9071069181168687,-0.22555028983974684,-0.13362852605737768,-0.2131252974453941,-0.1582424734058858,-0.25801193348526585,1.0210645864753132,2.0435071837342025,0.8574027874720275,1.888328016218374,1.977324148513044,-0.029239959850732813,2.1363668542984473,2.1446880977169434,3.2074903786933406,2.2598510045646623,1.0,0.16666666666666666,-4.034018302055912,-0.739739603029382,1.744665176561888,0.0,0.0,0.0,0.0,0.0
ckb1qzda0cr08m85hc8jlnfp3zer7xulejywt49kt2rr0vthywaa50xwsqfs6k9ygrwtdrn828l4a04ns9fnes960jg3x8k26,-0.7900833507669089,-0.22151054699761152,-0.5928812165553505,0.0,0.0,0.0,0.0,0.0,-0.3992070570723769,-1.5379389945779218,-0.7044131239549859,-0.7216417873835473,-0.7790888008662336,-0.79615091801856,-2.2434195516864803,-0.9118620204830755,0.37998626060603685,0.0,0.0,0.0,0.21136913714993127,0.3381691544739044,-0.5453374138143248,-1.7095112913514543,0.0,0.0,0.0,0.0,-0.5317057293997052,0.0,0.0,0.0,0.0,0.0
ckb1qzda0cr08m85hc8jlnfp3zer7xulejywt49kt2rr0vthywaa50xwsq09qn6u0gmgf2fxgw6re5ntcaexrxlsrmsls56gk,-0.7125380680447665,-0.21955603082058978,-0.5430374734526858,-0.7746653473052438,0.0,0.0,0.0,0.0,0.0,-0.9842553456576908,-0.5647703626466023,-0.7216417873835473,-0.5383482275686691,-0.79615091801856,1.0514889305173554,1.782197929875728,-0.0037253727740728195,2.508557515428946,2.618024743977974,0.04152931770742816,2.600747751367631,3.0775175317585504,-0.5453374138143248,1.0,0.0,0.0,-0.04217595973000189,0.0,1.5889516556240222,0.0,0.0,0.0,0.0,0.0
ckb1qzda0cr08m85hc8jlnfp3zer7xulejywt49kt2rr0vthywaa50xwsqta6nhp4728qf2825cqule68ahw6ke55cgswr6t8,-0.7125380680447665,-0.21955603082058978,-0.5534434155829991,-0.7568337065809642,0.0,0.0,0.0,0.0,0.0,-0.9842553456576908,-0.5647703626466023,-0.7216417873835473,-0.5383482275686691,-0.79615091801856,1.0361935215800453,1.7589886410114166,-0.0037253727740728195,2.4831564021549584,2.5937417942864456,-0.39058563605798,2.5801632879609424,3.053918083728482,-0.5453374138143248,1.0,0.0,0.0,-2.3753790123649905,0.0,1.5706822218555956,0.0,0.0,0.0,0.0,0.0
ckb1qzda0cr08m85hc8jlnfp3zer7xulejywt49kt2rr0vthywaa50xwsqgzgak4nyyfjzlcnx6lel86kkl9wmn8cmqg5mv52,0.27486364517349776,0.5489450394682132,-0.13294592330423866,0.35518777618321257,-0.3653595173824727,-0.14395675454809734,0.06572578556112776,0.06962387499857904,1.4017932527929762,-0.004407650480303691,0.3821974331754096,0.3071276816592879,0.4057929318493625,0.2925472232293275,1.2075946892534248,2.092818210290626,0.8231395000753441,1.477534624362647,0.9896131208759047,9.464307040917028,1.6069529663889708,0.2112167460960942,11.222141986345104,9.815102642174367,0.0,0.009433962264150943,-2.9609098684832147,0.0,1.73198694902232,0.0,0.0,0.0,0.0,0.0
ckb1qzda0cr08m85hc8jlnfp3zer7xulejywt49kt2rr0vthywaa50xwsq0w6cnm7hle7fxvua79nw2nelyyzemc8zcrphyge,-0.359523345671699,-0.1886417807899271,-0.5591725777296646,-0.13696240004453428,0.2407547704568641,-2.1568816739103998,0.7500331788472986,0.5786891989290123,0.09310498134172236,-1.0149911366174569,-0.5647703626466023,-0.8634888749990689,-0.6271984102809498,-0.9462609915339848,0.5723865018337625,-3.2175038145104105,-0.7148206574700313,1.9028124922338343,2.038944773526284,-0.8948766405425305,0.0,0.0,0.0,0.0,-1.0,0.0,0.0,0.0,1.0166930043511893,0.0,0.0,0.0,0.0,0.0
ckb1qzda0cr08m85hc8jlnfp3zer7xulejywt49kt2rr0vthywaa50xwsqg7amrm9saduc4acdzlerezh8x02rnlhpgctv0fh,-0.22199099231643385,-0.150915888568516,0.2906715783864499,-0.7697841464650534,2.1003084572548283,1.2792888058960867,-0.22003522469803088,-0.2760836546149153,1.0048126510542688,-0.07376203491054874,-0.17274356935779686,-0.1967451904684318,-0.2007881746581015,-0.24067763988900256,1.1449293585878138,2.005901588363633,0.8124077740950383,2.150917332693976,2.0777959853425583,0.6032826904798242,2.08450195815938,2.0964251836161973,3.397220489144263,0.0,0.5849625007211564,0.5,0.0,-0.6860146360154046,1.7161262090587452,0.0,0.0,0.0,0.0,0.0
ckb1qzda0cr08m85hc8jlnfp3zer7xulejywt49kt2rr0vthywaa50xwsqt6knef6c2z0fu3jn04zqhw2e6sk98a3gsrn64xu,-0.6148425657080245,-0.215654996037962,-0.5897519058074701,0.4464251269862418,-0.2392369375235012,-0.38458731564006526,-0.21183580461638482,-0.26439613549190305,0.1996035285361884,-0.9842553456576908,-0.48308458378404284,-0.6386665602919588,-0.5383482275686691,-0.7083421540315403,-1.3019051591884379,1.092342721888403,0.7135370254686336,-1.3988196238282906,-1.1173486420215615,-0.5807447618910698,1.8350193666626007,2.199633718954238,0.497335244611507,1.0,0.0,0.0,-2.9586569311821145,0.0,1.0459229639953733,0.0,0.0,0.0,0.0,0.0
ckb1qzda0cr08m85hc8jlnfp3zer7xulejywt49kt2rr0vthywaa50xwsqfwcjzujntvxpmcjmpt4r6pd4mvxu89k4sr3244x,0.0038038584080307665,0.0041819633212483295,0.4467161321952629,-0.6443355271225527,1.3121271719224123,0.5294839798215218,1.158672459588422,0.7691994034699172,1.10320880703636,-0.07211394081373912,-0.3123863306661803,0.05736157994310154,-0.35267856524338526,0.028231554007401117,0.6878126802292882,1.4346629341435917,0.7461938489138398,1.6036133756025261,0.1858772158993169,1.1849471184996843,1.2959566582757875,0.7064413066772512,2.8567341488480227,1.7095112913514543,0.0,0.0,-0.1311853482347914,0.0,1.1524052852239126,0.0,0.0,0.0,0.0,0.0
ckb1qzda0cr08m85hc8jlnfp3zer7xulejywt49kt2rr0vthywaa50xwsqdm3dkt45znks4ckxyvgrn6s8e2fycz7tqhatyac,-0.08942645591189054,-0.08009581670065269,0.3286363208106546,-0.7031189533175963,1.593855097291037,1.1803135447321094,-0.026027135373773883,-0.02902206454822059,0.9799904725810368,-0.20930912431179025,-0.01920137174607378,-0.09860435307946654,-0.03377927174000001,-0.1368198267821588,0.7803319833364293,1.5956031768083907,0.7755027431492345,1.325611357449326,1.3546392272440897,0.01453671110092104,1.6107740507835935,1.3353652702203989,1.6646711571490123,1.0,1.3219280948873622,0.2,-3.0707646577576533,-1.1383400701812454,1.1800046364817884,0.0,0.0,0.0,0.0,0.0
ckb1qzda0cr08m85hc8jlnfp3zer7xulejywt49kt2rr0vthywaa50xwsq26xzankvzzjswhy449c3y76vnmm8fngrcvqcl6s,-0.44740899523567995,-0.20208459107275364,-0.48653057754034396,-0.6717312313804886,1.495865074236386,-0.2668598047871195,0.15110873887966628,0.15295306390214566,0.34636557223087305,-0.4658634772758787,-0.48308458378404284,-0.3922830494711185,-0.5383482275686691,-0.19571062395686054,0.788368948715702,1.9925230623122192,0.8595318438318991,2.0715936872795493,2.200296176670032,-0.21061875534142097,2.0248777561354196,2.2677146480532295,0.32616557034116467,0.0,3.523561956057013,0.045454545454545456,0.0,-1.8802662194115616,1.2456470559672346,0.0,0.0,0.0,0.0,0.0
ckb1qzda0cr08m85hc8jlnfp3zer7xulejywt49kt2rr0vthywaa50xwsqwtrv4yvp4w4ujz0cxgp29tc0nuug4c5cs3ltm8j,-0.7900833507669089,-0.22151054699761152,-0.5928812165553505,0.0,0.0,0.0,0.0,0.0,-0.3992070570723769,-1.5379389945779218,-0.7044131239549859,-0.7216417873835473,-0.7790888008662336,-0.7083421540315403,-2.2434195516864803,1.7514112001678406,0.8232233763316578,0.0,0.0,0.0,2.4195513139162945,2.86978144340966,-0.5453374138143248,-1.7095112913514543,0.5849625007211564,0.0,0.0,-1.0000000000002138,1.4281334575641995,0.0,0.0,0.0,0.0,0.0
ckb1qzda0cr08m85hc8jlnfp3zer7xulejywt49kt2rr0vthywaa50xwsqvjpnzdqgz2pqdmn72qmm3wus9je59wheqangdzf,0.37724600334201835,0.9197473285548409,0.08714657174047462,0.4689002464560461,-0.4743614310592273,0.25718932322442334,-0.5269434021866242,-0.8245309991850075,0.5805538251926654,0.01617080708306181,-0.22132854017094297,0.5248965969151154,-0.25363438110833403,0.7927585811227081,0.5765359236874552,1.6230577799328878,0.797188755345074,1.278865244572069,1.3755099825208679,-0.2356859481550458,0.6768531698906733,0.3792567765962711,39.559372745045906,0.0,5.491853096329675,0.011235955056179775,0.0,-1.0286209525577292,1.3916550030435983,0.0,0.0,0.0,0.0,0.0
ckb1qpw9q60tppt7l3j7r09qcp7lxnp3vcanvgha8pmvsa3jplykxn32sqf352eynr4y9zl66sdxjcef3a6z9uqhkncsaanyg,-0.33148540201903676,-0.18291904455370037,0.38800058712763197,-0.8068404555018572,2.6381037085920367,1.612767296316787,-0.036471548596549275,-0.04091346533658645,0.8767204869716405,-0.16759824048621685,-0.10088715060863335,-0.6386665602919588,-0.1226294544522808,-0.7083421540315403,0.7542571681790623,0.1355467293349394,-0.760396725812175,1.3981587617981437,1.407358422982531,0.13723318677171978,0.9864313494517533,1.226753910749035,0.49715913161397896,3.9693622959161172,0.5849625007211564,0.0,-5.637465330515381,-0.00037776787382667626,0.9320607964771592,0.0,0.0,0.0,0.0,0.0
ckb1qzda0cr08m85hc8jlnfp3zer7xulejywt49kt2rr0vthywaa50xwsq2yul8wt2defw04dp37h0qanqrnmy5tu7qfnad37,-0.40473274658133895,-0.19630790296832706,-0.2286987054682221,-0.7775243361150784,2.219625931481723,-1.2039316456016507,1.1360098280231121,0.7600376919799757,0.6185807001706585,-0.4725551180374914,-0.4251276013382189,-0.4968194726764373,-0.4753080196956661,-0.470423316529096,-1.352149900254874,1.7145607589344607,0.8170904902213892,-1.5917974890749924,-1.3114285510419932,-0.7569133726645677,2.079085441135126,2.3243181552863876,0.5673860995930805,1.7095112913514543,2.1699250014423126,0.2222222222222222,-4.390428195775197,-1.4652909993380288,1.290444579673074,0.0,0.0,0.0,0.0,0.0
ckb1qzda0cr08m85hc8jlnfp3zer7xulejywt49kt2rr0vthywaa50xwsqvh96uwpjsghcyeuedp0wmt5k8nzc0gwjqfr5qu7,-0.30703724424459705,-0.17721912327332487,-0.04284338699803106,-0.768728151851681,2.1013992423181813,-2.1785335329353797,1.3401399785785901,0.8377440122631398,0.24453327975460082,-0.7129866913349207,-0.7044131239549859,-0.8634888749990689,-0.7790888008662336,-0.9462609915339848,-2.2434195516864803,-3.2175038145104105,-0.0037317938380183784,0.0,0.0,0.0,0.0,0.0,0.0,-1.7095112913514543,-1.0,0.0,0.0,0.0,0.0,0.0,0.0,0.0,0.0,0.0
ckb1qzda0cr08m85hc8jlnfp3zer7xulejywt49kt2rr0vthywaa50xwsqftd47h3v4gg75m5w3amn3t9f3jqwe4xgqg9r36q,-0.6575188143623656,-0.21760418292586775,-0.59287935628816,0.844718271120931,-5.473232814768314,-2.2554780584421747,-0.8952343742197555,-1.991197031925075,-0.3992070570723769,-1.5379389945779218,-0.7044131239549859,-0.8634888749990689,-0.7790888008662336,-0.9462609915339848,-2.2434195516864803,-3.2175038145104105,-0.0037317938380183784,0.0,0.0,0.0,0.0,0.0,0.0,-1.7095112913514543,-1.0,0.0,0.0,0.0,0.0,0.0,0.0,0.0,0.0,0.0
ckb1qzda0cr08m85hc8jlnfp3zer7xulejywt49kt2rr0vthywaa50xwsqfvq4dqqh8vq032qx3lxaltkffqvxfe8ts4jur9h,-0.7900833507669089,-0.22151054699761152,-0.5928812165553505,0.0,0.0,0.0,0.0,0.0,-0.3992070570723769,-1.5379389945779218,-0.5647703626466023,-0.7216417873835473,-0.6271984102809498,-0.79615091801856,-0.14323837576826953,1.45261122703778,0.7733839639881801,0.7143729616198726,0.9028206587271056,-0.8948766405425305,2.3084352439244933,2.742390319955604,-0.5453374138143248,0.0,0.0,0.0,0.0,0.0,1.3295140453786272,0.0,0.0,0.0,0.0,0.0
ckb1qzda0cr08m85hc8jlnfp3zer7xulejywt49kt2rr0vthywaa50xwsqfju4w7mgnq2xl34rgmv7avnczycrkc9xqedr5fc,-0.1946229274546533,-0.13978954167054303,0.35296578259516437,-0.7638655749657687,2.0389189887751473,-1.9762207338879254,0.5716411193468715,0.4746640636763273,0.6199943028034162,-0.48439627185346834,-0.24052991191701675,-0.13015007035380569,-0.2745198450375645,-0.17020316949824638,0.7318566371124896,1.4372753126612516,0.7356436437354018,1.5656721512301688,1.6085174220182026,-0.2806974533503472,1.5054807576898073,1.8631950424944348,-0.010732033104094246,0.0,0.0,0.0,0.0,0.0,0.9660263887235042,0.0,0.0,0.0,0.0,0.0
ckb1qzda0cr08m85hc8jlnfp3zer7xulejywt49kt2rr0vthywaa50xwsqf2pf3uu524tn9umy7g3gchaa6sgamvs4sx454l6,0.4760069691546028,1.372486273184588,-0.5373219475765271,3.6744644145809877,-2.732252026309435,-0.6784254135111886,-0.5626747721018928,-0.9065183423337502,1.2352036827483464,-0.13046218712553015,0.21512922275787458,0.6197145458597424,0.2211037253577497,0.9245245078852317,0.5866441280952057,1.6738892141474206,0.8062970985638136,0.6788672880408086,-0.31288385262130414,4.4148054919383535,0.5868190602618333,0.1898042768707609,12.981437096323877,7.325943481127589,5.375039431346925,0.02564102564102564,-4.29810623338825,-1.7262929240178313,1.1281363720316662,0.0,0.0,0.0,0.0,0.0
ckb1qzda0cr08m85hc8jlnfp3zer7xulejywt49kt2rr0vthywaa50xwsqdswxz9w93ffp2dkdr4gjgyw6akpd9ml2sc3j7ft,-0.7900833507669089,-0.22151054699761152,-0.5928812165553505,0.0,0.0,0.0,0.0,0.0,-0.3992070570723769,-1.5379389945779218,-0.7044131239549859,-0.7216417873835473,-0.7790888008662336,-0.7083421540315403,-2.2434195516864803,1.5768603395829364,0.7941736268004517,0.0,0.0,0.0,2.264741064844295,2.6922963005951295,-0.5453374138143248,-1.7095112913514543,0.5849625007211564,0.0,0.0,-1.0000000000002138,1.2907339278210297,0.0,0.0,0.0,0.0,0.0
ckb1qzda0cr08m85hc8jlnfp3zer7xulejywt49kt2rr0vthywaa50xwsqgphyyw5jenumukdqqega4x0zwmvh0fnuqeh9e2g,-0.7900833507669089,-0.22151054699761152,-0.5928812165553505,0.0,0.0,0.0,0.0,0.0,-0.3992070570723769,-1.5379389945779218,-0.7044131239549859,-0.7216417873835473,-0.7790888008662336,-0.79615091801856,-2.2434195516864803,-1.7888485314520293,0.23403316475462752,0.0,0.0,0.0,-0.5664356826676585,-0.5535599161443538,-0.5453374138143248,-1.7095112913514543,0.0,0.0,0.0,0.0,-1.2220348071935423,0.0,0.0,0.0,0.0,0.0
ckb1qzda0cr08m85hc8jlnfp3zer7xulejywt49kt2rr0vthywaa50xwsqtq43kkkjp78arrz5dk9yazecfynnduu5qz9nfxd,-0.7900833507669089,-0.22151054699761152,-0.5928812165553505,0.0,0.0,0.0,0.0,0.0,-0.3992070570723769,-1.5379389945779218,-0.7044131239549859,-0.7216417873835473,-0.7790888008662336,-0.7083421540315403,-2.2434195516864803,1.5718231771520736,0.7933353135061245,0.0,0.0,0.0,2.2602735740119018,2.687174461097015,-0.5453374138143248,-1.7095112913514543,0.5849625007211564,0.0,0.0,-1.0000000000002138,1.2867688729026228,0.0,0.0,0.0,0.0,0.0
ckb1qzda0cr08m85hc8jlnfp3zer7xulejywt49kt2rr0vthywaa50xwsqtwuh9492rw529d223n4u36642lnadmxyc7f7u8l,-0.7900833507669089,-0.22151054699761152,-0.5928812165553505,0.0,0.0,0.0,0.0,0.0,-0.3992070570723769,-1.5379389945779218,-0.5647703626466023,-0.7216417873835473,-0.6271984102809498,-0.79615091801856,-1.4804282633004875,1.3954503485082184,0.763982299871967,-1.506300706972574,-1.2200983800598708,-0.8948766405425305,2.257738903365984,2.684268539917537,-0.5453374138143248,0.0,0.0,0.0,0.0,0.0,1.2845192637398537,0.0,0.0,0.0,0.0,0.0
ckb1qzda0cr08m85hc8jlnfp3zer7xulejywt49kt2rr0vthywaa50xwsqf9gpm79hetc79v6ctwyzddhtwe9g6mfmq0sm2ez,-0.7900833507669089,-0.22151054699761152,-0.5928812165553505,0.0,0.0,0.0,0.0,0.0,-0.3992070570723769,-1.5379389945779218,-0.7044131239549859,-0.7216417873835473,-0.7790888008662336,-0.7083421540315403,-2.2434195516864803,1.5683811850897238,0.792762477560403,0.0,0.0,0.0,2.257220849746305,2.683674607531113,-0.5453374138143248,-1.7095112913514543,0.5849625007211564,0.0,0.0,-1.0000000000002138,1.2840594729692016,0.0,0.0,0.0,0.0,0.0
ckb1qzda0cr08m85hc8jlnfp3zer7xulejywt49kt2rr0vthywaa50xwsqtwv6eueqmzuljtepywy5hdc2gl5jrtz6g6ef93l,-0.6148425657080245,-0.215654996037962,-0.14777592214703295,-0.828675311152019,3.465308496804806,2.0334199700353395,-0.4317733138755948,-0.6275338897053399,0.3992070570723769,-0.43057169673745976,-0.3801726732254003,-0.8634888749990689,-0.4264102356228483,-0.9462609915339848,0.7667167573987502,-3.2175038145104105,-0.7638957990005601,1.8457346122485294,1.361901397551567,0.6351475963153669,0.0,0.0,0.0,1.0,-1.0,0.0,-0.6038075369759419,0.0,1.2391945876978963,0.0,0.0,0.0,0.0,0.0
ckb1qzda0cr08m85hc8jlnfp3zer7xulejywt49kt2rr0vthywaa50xwsqw827vkp4zln5plmzzktcymdr0ec8aqhpc4sr8d5,0.5551604728098306,1.796246815159753,0.4826784420555827,0.8775896361480207,-0.8279289909846992,-0.6469101792587715,0.3462113464743846,0.31811463313771804,1.0994027904359893,0.016353583830111686,0.7127481690538549,0.5760429719172423,0.7623672710464305,0.6090065259542999,0.22419690796773536,0.6206019971636235,0.5865482530388266,-0.6022944503024293,-0.36947440028841166,-0.12260752510085479,-0.023692334210691494,0.06928433262486909,0.2927596444017273,0.0,2.8073549220576037,0.0,0.0,-1.6210817312338932,-0.5467646850690835,0.0,0.0,0.0,0.0,0.0
ckb1qzda0cr08m85hc8jlnfp3zer7xulejywt49kt2rr0vthywaa50xwsq20u0ncxwckqw79c9f9kev5mlckwsmj8psnrz4u4,0.43991000021507504,1.1966124905558138,-0.5229682795345342,3.179668666582771,-2.419400833594882,-0.7654834290541699,0.2752834776739527,0.26171858690083605,1.4206922064709355,0.01241797915832943,0.5876546264949952,0.45654887281672174,0.6263021656235882,0.4506726128051822,0.4794637306633972,0.04921869655450351,-0.6900177753778506,-0.008136430266210096,-0.22766279981841492,4.696811263320632,-0.3677139957166702,-0.3453764826322922,-0.22426066872810002,1.0,0.5849625007211564,0.0,-2.33158091404982,-0.35232044114284317,0.5924669358982743,0.0,0.0,0.0,0.0,0.0
ckb1qzda0cr08m85hc8jlnfp3zer7xulejywt49kt2rr0vthywaa50xwsq2vr8y8dws0jkz062k8vlpafpu8x9rucvcggdkr4,0.4119368816454057,1.068446108694179,0.009940653465954699,0.7238157077353945,-0.700233415111266,-0.5128666292059522,1.6284255081034997,0.9315804371134111,0.8698360307091543,0.012800250851132476,0.5619761164763842,0.4228909119640669,0.5983714739083078,0.6090065259542999,0.005050979396615728,0.4996772709352574,0.6003222837517427,-0.7608477942859163,-0.702923003521452,-0.17888196554965796,-0.13090152012176726,-0.02679404813592922,0.018412947214313566,0.0,2.584962500721156,0.0,0.0,-1.8152974430632016,-0.6853363179518862,0.0,0.0,0.0,0.0,0.0
ckb1qzfhdsa4syv599s2s3nfrctwga70g0tu07n9gpnun9ydlngf5vsnwqggqlc8fmqp73anzq4x4hm9w42vuvm85n62xsyq0ur5asqlg7e3q2n2majh24xwxdn6fa9rg33tphd,-0.43210081144311946,-0.20015643385424223,0.010080224705258009,-0.8094694336722318,2.7212279948800036,-1.3425194991476308,0.012437495600010699,0.013569234449405556,0.5410806711242886,-0.6603711737768978,-0.28548484002983543,-0.37277857509031853,-0.2745198450375645,-0.37473866428460323,-0.7828477719992764,-1.1035833898677556,-0.3271082186992267,-0.9494872383257961,-1.0071373142855644,0.06604996877829568,-0.5275636973541334,-0.6356767411318917,0.9218083279491917,3.089693646737102,2.4594316186372973,0.6,-2.2486436155601166,-1.447234168574443,-0.8323429928827111,0.0,0.0,0.0,0.0,0.0
ckb1qzda0cr08m85hc8jlnfp3zer7xulejywt49kt2rr0vthywaa50xwsq0tmqv9558dmffj72454pzkvfx5etm2rsg2jzelt,0.4964247517977297,1.4769736843984889,0.2716189095545516,0.7965789070980831,-0.7614346877324641,-1.160592500438605,0.003540941523639528,0.003882534964654585,0.7081219710533879,0.016173194180295992,0.6509081828602403,0.5132268126150296,0.6951034933272716,0.7160791975600083,0.07131157684100631,0.5899992046988797,0.6146201207323407,-0.7719230413230943,-0.5713618750473288,-0.24856847284237066,-0.1606153845496795,-0.15064261812772972,0.045509951311841323,0.0,2.8073549220576037,0.0,0.0,-1.8178098975945385,-0.6390298606178779,0.0,0.0,0.0,0.0,0.0
ckb1qzda0cr08m85hc8jlnfp3zer7xulejywt49kt2rr0vthywaa50xwsqdzcwm3dgw383w7uv4v9a95jdxtxgzrmdcpxs45n,-0.07075307915151258,-0.065992339961884,0.4788180633685001,-0.7099286855757078,1.6318874062740818,1.1566404626793596,-0.5370100686195342,-0.8471482953309586,1.3367504741952805,0.003044939975363789,-0.7044131239549859,0.04805806470169782,-0.7790888008662336,0.018386083223930694,-2.2434195516864803,-0.5474981546173195,0.44062577281556653,0.0,0.0,0.0,-0.45139044714707244,-0.423226720904681,-0.5009815846157486,-1.7095112913514543,0.5849625007211564,0.0,0.0,-0.06424546565177588,-1.0554492203528973,0.0,0.0,0.0,0.0,0.0
ckb1qzda0cr08m85hc8jlnfp3zer7xulejywt49kt2rr0vthywaa50xwsq0she9la0u4z5zlwj3ckv25cvg6f2kjxmgw9vxx3,0.5527003564848141,1.7823495639726066,0.4826385060443366,0.8657756969358259,-0.8183362406499368,0.01628445501017663,-0.4998401040058605,-0.7654199312688941,1.427308722462192,0.01615142646446762,-0.7044131239549859,0.7151675082034601,-0.7790888008662336,0.7243565003135934,-2.2434195516864803,0.29335245160479445,0.58056492534718,0.0,0.0,0.0,-0.4319188575994025,-0.4053686112294859,-0.43125201471887953,-1.7095112913514543,0.0,0.0,0.0,0.0,-0.8093085172618837,0.0,0.0,0.0,0.0,0.0
ckb1qzfhdsa4syv599s2s3nfrctwga70g0tu07n9gpnun9ydlngf5vsnwqg9yr6t499eazdx5f40fewvzm04uuea2gtnq5s0fw55h85f563x4a89estd7hnn84fpwvn3swz8,-0.7125380680447665,-0.21955603082058978,0.0016344580602634434,-0.8386879458858346,0.0,0.0,0.0,0.0,0.0,-0.9842553456576908,-0.48308458378404284,-0.6386665602919588,-0.5383482275686691,-0.7083421540315403,-1.2388967626478316,-1.6966675499731063,-0.08479778498601778,-1.2944696112680132,-1.017592144029542,-0.8905928061499945,-0.6380614871665982,-0.635676676610178,-0.5453374138143248,1.0,0.5849625007211564,1.0,-3.328420270149482,-1.0000000000002138,-1.2820225886246657,0.0,0.0,0.0,0.0,0.0
ckb1qzda0cr08m85hc8jlnfp3zer7xulejywt49kt2rr0vthywaa50xwsq2pnp7gglp8clvahem5mpf7wmr0pjk5krgf4lwf2,0.31928382870128313,0.69729804521073,0.27245348685623527,0.07368814505827702,-0.0672250978280107,-0.22346111596616922,3.5853115414870804,1.301455911162537,1.1941660665214255,0.015250853537468599,0.3640008611144171,0.39166251850872563,0.38303242889512973,0.38200644856413796,-0.1838293316466383,-0.09227648130278253,0.010136989008358022,-0.804408067820843,-0.7525700365645542,0.32360899878224525,-0.42259563235628184,-0.3976083151674975,-0.42638535686893336,0.0,0.0,0.0,0.0,0.0,-0.6442361932232448,0.0,0.0,0.0,0.0,0.0
ckb1qzda0cr08m85hc8jlnfp3zer7xulejywt49kt2rr0vthywaa50xwsqv9vxgmpvg55u2p84e8xerreq8kg4lf4ugyddftc,0.4831397954187129,1.4085876448422707,-0.024793999515323538,1.1260879908755492,-1.0232105425765181,-0.12780800750641266,0.6616436735386402,0.5290553946389726,1.427359089734926,0.014969307416759621,-0.13362852605737768,0.637823954332333,-0.1582424734058858,0.6425074701170178,0.0008297169165753251,0.20756367867107742,0.45862490690412133,0.19402718814238923,0.28606111230994485,-0.11395805805964757,-0.4240631103061882,-0.3963656170704341,-0.43739560721064696,5.278052588745497,0.0,0.0,-5.955222301423014,0.0,0.018194434106056596,0.0,0.0,0.0,0.0,0.0
ckb1qzda0cr08m85hc8jlnfp3zer7xulejywt49kt2rr0vthywaa50xwsqd3ele94wtw253dum78vpuuy2rcspueckqp9hktf,0.493072441261033,1.4595779915249596,0.3490557398940964,0.704679479210127,-0.6842174924928169,-0.7463340029541042,15.007973788866648,1.7386778318627174,1.4159148708444373,0.015650331098451133,0.13656694707103806,0.6433480479554202,0.14553830776468174,0.6729893296616926,0.4645939341228169,1.015877051013388,0.6617123915596986,0.5718446120452633,0.642367343896198,1.2735888282043246,0.26119554265892614,0.07715207739956394,1.4593730764485102,2.2598510045646623,2.8073549220576037,0.0625,-2.7492823130997524,-1.767273432501597,0.6405790732910691,0.0,0.0,0.0,0.0,0.0
ckb1qzda0cr08m85hc8jlnfp3zer7xulejywt49kt2rr0vthywaa50xwsq0msjj9yjj2n6dtuafzzj6uen3p7mt966sfkapz2,0.4172106587944032,1.0920525067348534,-0.3705240595395752,1.7354611745894304,-1.4661103381766865,-0.355113805899436,3.245805204169109,1.257981159698362,1.4287259402335388,0.01435324370459658,-0.7044131239549859,0.5701904310714379,-0.7790888008662336,0.5709341067193952,-2.2434195516864803,0.15668607581574975,0.557820127798168,0.0,0.0,0.0,-0.3958002785287963,-0.36727596194457396,-0.35474969577646276,-1.7095112913514543,0.0,0.0,0.0,0.0,-0.94299696216759,0.0,0.0,0.0,0.0,0.0
ckb1qzda0cr08m85hc8jlnfp3zer7xulejywt49kt2rr0vthywaa50xwsqd3w85684vvlhfh93nrvkq6rz6ve7xu0ugjyfg3s,0.4131805008856624,1.0739892330709178,-0.509466272532369,2.8105897845232235,-2.1828930041220445,-0.6648160838910541,1.4850150191721976,0.8869788048630607,1.4056934280707114,0.014545838150882126,0.18581498568812566,0.5497189075743355,0.18921842835763616,0.549270060253724,1.03823048901448,0.2932697376844678,-0.8323443858773714,1.4691334327980556,1.2088945975353385,1.004931761752082,-0.2525950261029282,-0.32379203034165066,10.09944938976937,0.0,1.0,0.0,0.0,-0.9912669738402645,1.2013345531074937,0.0,0.0,0.0,0.0,0.0
ckb1qzda0cr08m85hc8jlnfp3zer7xulejywt49kt2rr0vthywaa50xwsqfcls7pnlg5eausdqrj4k0jrlhm7zy3jrsjljh33,0.5425306725630671,1.7253689932367522,-0.04155807890275501,1.4693426995974377,-1.2778916968418919,-0.9173756003823205,21.747638612730164,1.797414102350746,1.419835938556286,0.013360573055252005,0.6760528150743996,0.5838263231512587,0.7224534824878102,0.5853643272967708,0.576860301499518,0.25560581526535625,-0.7142539873672636,0.03323554811550014,-0.22651372037769263,9.724341471173158,-0.322970135369838,-0.34817624869439046,-0.016511909588069636,1.0,0.5849625007211564,0.0,-2.462888921275929,-0.22544608508673106,0.8191980642165517,0.0,0.0,0.0,0.0,0.0
ckb1qzda0cr08m85hc8jlnfp3zer7xulejywt49kt2rr0vthywaa50xwsq2j02vr6g0w9839ptv6m6qr8r3ddzq2x3qjp5nuw,0.4707066920060681,1.345943123334988,0.4817491959272402,0.4943735381332301,-0.498235814470727,-0.44104614148681076,-0.45739976061474075,-0.6777668968915518,0.44504307177294355,0.016421989021221797,0.6238342814994355,0.4857255370570425,0.665655024865103,0.48154889858357397,0.6775092076681495,1.044118467931323,-0.7119999098980445,0.2714758904007242,0.29892847050395416,1.5198361182969753,0.48267350219660055,0.5331300771901784,0.31605455333185767,1.0,0.0,0.0,-1.0963813445517847,0.0,0.5532777548709199,0.0,0.0,0.0,0.0,0.0
ckb1qzda0cr08m85hc8jlnfp3zer7xulejywt49kt2rr0vthywaa50xwsqgzw9vj0prshmp4pm5jr0t8m4vwf353syqvqfm08,0.1348565276565848,0.1990569176323017,-0.2330878096375272,0.017355601934821472,0.0012803638703461366,-0.6381694514038162,1.6424612628718829,0.9357441925863547,0.3856888574482142,0.015701652549804712,0.2699135109840892,0.1278356940827565,0.2806929719370275,0.1028109805735089,0.43886076201910723,0.07763535295374148,-0.679172029967494,0.3582578717802039,0.5412813368310521,-0.5567326789243365,0.01526978238765548,-0.029294200043312842,2.5927353551776404,1.0,0.5849625007211564,0.0,-3.074255839137337,-0.760548419795318,0.03162480909702456,0.0,0.0,0.0,0.0,0.0
ckb1qzda0cr08m85hc8jlnfp3zer7xulejywt49kt2rr0vthywaa50xwsqtc39e2l04ha5t5fzvupspn49lftrglr8gw99j4e,-0.028968441432650704,-0.02961933582144031,-0.03691375972824802,-0.5427943934514778,0.9747194264317086,-0.5776343339437541,1.322787435206647,0.8315374511280591,0.5483181519969001,0.006630489220474294,0.09921525786622669,-0.0471748432622172,0.09502330961174373,-0.08239440551122681,0.29239235403137276,-0.528203998677183,-0.6437032427538992,0.350089464245231,0.6229226780921772,-0.33518072294028795,-0.3295912339229832,-0.3060282930717514,0.4149057455386471,1.0,0.5849625007211564,0.0,-2.4335631974054492,-0.6157168831112785,0.03162480909702456,0.0,0.0,0.0,0.0,0.0
ckb1qzda0cr08m85hc8jlnfp3zer7xulejywt49kt2rr0vthywaa50xwsqfxgd9zxl6czs4s3kzr55letennz2l3yjqpt8r79,-0.036255044616674545,-0.03647655932998548,-0.5191746997995955,0.51050865315057,-0.5061764793487605,-0.5776343339437541,-0.45111627644377744,-0.6652692323241329,0.5008039105337628,0.01494029943877911,0.09161201895821958,-0.054898102852910205,0.08675321443008181,-0.0905675663735777,0.32078625958930007,-0.21722561283499645,-0.6500783658336666,0.4077812930414872,0.6257383161584844,-0.5601734226307646,-0.04542230201381785,0.002232624424064237,-0.11101248079337439,1.0,0.0,0.0,-2.7682026189701094,0.0,0.03162480909702456,0.0,0.0,0.0,0.0,0.0
ckb1qzda0cr08m85hc8jlnfp3zer7xulejywt49kt2rr0vthywaa50xwsqtl60mlnd8498tpqyfu5yud3fsrt5ndptc80xq2q,-0.04383030017020877,-0.04336682982642802,-0.5221248616970277,0.511198647031663,-0.506504763879467,-0.5776343339437541,-0.45045119342611084,-0.6639533725330259,0.4979431206792541,0.016447522481102997,0.08371053881256872,-0.06292431155868974,0.07815872020582071,-0.0990613239764153,0.31988495043773124,-0.10186973673047058,-0.6491183749423607,0.4172446478497991,0.6257383161584844,-0.6103799539374691,0.06574217440775537,0.15179907859375433,0.05682381641704299,1.0,0.0,0.0,-2.6574841699721854,0.0,0.03162480909702456,0.0,0.0,0.0,0.0,0.0
ckb1qzda0cr08m85hc8jlnfp3zer7xulejywt49kt2rr0vthywaa50xwsq0smcdjfuapeu9zuahwrsrtp4qetjgngpg5xr5fq,0.05616944930860689,0.06947771022183723,-0.5391554542261758,1.245164120873152,-1.109214057722527,-0.06528586145971461,-0.5648170288010429,-0.911588443998751,1.3547717563606032,0.01097474684726205,-0.12211328230471638,0.16189800314842026,-0.14571726368582083,0.13885751352602904,0.34121557378626727,0.6993271490632726,-0.4938120279104845,0.7426929042019238,0.5959614384981566,0.28743462796173,0.5293795142407217,0.5748868304673775,2.771978527431036,0.0,0.0,0.0,0.0,0.0,0.45927401809218554,0.0,0.0,0.0,0.0,0.0
ckb1qzda0cr08m85hc8jlnfp3zer7xulejywt49kt2rr0vthywaa50xwsqg6agcch2m7k8lsh00nv05ztfmz0euvqkcfpz7ec,0.20882693621539816,0.3627508057352659,-0.33630874537120936,0.5444406303869883,-0.542310425081537,-1.141370982910709,-0.36570229938226106,-0.5064837792736963,0.42155713581832144,0.0104811658941963,0.3483758303705693,0.20591884542750366,0.3660369756374489,0.18544269184590492,-0.03708114610218337,0.13039921675102165,0.0,-0.5394718984328248,-0.30018632342895457,-0.47568995941685505,-0.023194889834756524,0.06501469479095263,-0.08153736889563444,0.0,0.5849625007211564,0.0,0.0,-0.8500164442846304,-0.48356738030542845,0.0,0.0,0.0,0.0,0.0
ckb1qzda0cr08m85hc8jlnfp3zer7xulejywt49kt2rr0vthywaa50xwsqw973g6gzfxn2yh804xl67mpf888tlagkqzh4v47,0.05616944930860689,0.06947771022183723,0.24681393616947114,-0.5329703627536585,0.9450860612470606,-0.8768266198483656,3.221711076136042,1.2546710593074362,1.1070413681390883,-0.002490745790818221,0.18581498568812566,0.04566456268138563,0.18921842835763616,0.03533261833048004,0.48999533118651706,0.9621660236369796,0.6035147761597425,0.5586796758859184,0.6432258375560547,0.8084110543149607,0.869536757777399,0.9779650189808917,1.3386389219313268,0.0,1.3219280948873622,0.0,0.0,-1.2483870228183522,0.592381297059029,0.0,0.0,0.0,0.0,0.0
ckb1qzda0cr08m85hc8jlnfp3zer7xulejywt49kt2rr0vthywaa50xwsqd532x7yagmmqne0jkrwggysarh5kufcjgp5ry3g,-0.040005168677053726,-0.039917543808830655,-0.515997875438335,0.46032074859911193,-0.45969873397106376,-1.2208861355855272,-0.3498608874745691,-0.4791355200391635,0.4925779094527793,0.013228965674553499,0.08770001411356529,-0.0588718605239332,0.08249809989167867,-0.09477280643988464,-0.07105400806060308,0.07884868413876345,-0.003462422816452739,-0.23750001738323206,-0.017235827816611066,-0.5303541373233858,0.22151597392896835,0.3400008571935538,-0.14201928523098165,0.0,0.5849625007211564,0.0,0.0,-0.16624973830315562,-0.2732914954916834,0.0,0.0,0.0,0.0,0.0
ckb1qzda0cr08m85hc8jlnfp3zer7xulejywt49kt2rr0vthywaa50xwsq2akxm0aqm8896a8ma4x7tsj0nugj4ldmg9egwhg,0.3569770316594814,0.8382334551891388,0.005622546649975842,0.4863246647107191,-0.49040405572886003,-0.8117572926473218,-0.39269674153950357,-0.5545367472691896,0.3441937721691676,0.016417889118747055,0.504144149187681,0.36414604001998735,0.5354672458803483,0.35288705895759287,0.03274719236542479,0.23635689363966814,0.0010818757990310366,-0.6361011439881625,-0.3987011041330049,-0.43774716279363934,-0.10150095704055846,-0.030727156492304734,-0.03955634303137455,0.0,0.0,0.0,0.0,0.0,-0.48360423459145324,0.0,0.0,0.0,0.0,0.0
ckb1qzda0cr08m85hc8jlnfp3zer7xulejywt49kt2rr0vthywaa50xwsq23j637de7ulapxyn0h2kl2784uhrv6whg2708tp,-0.08699011469346951,-0.07832525503681226,0.07954318186602674,-0.6522930285292101,1.3486004713193542,-1.1844590075311296,0.45386467904759775,0.3968352891626196,0.2959978997418612,-0.032806036331889867,0.03875561069975016,-0.10858887424007536,0.029260936133002968,-0.1473859739666379,0.035585665884062576,0.24066426187660628,0.02854427436289433,0.00765231211720313,0.18061803754824257,0.1679778552578107,0.42018189950917256,0.5322860053335925,0.6306338522000873,0.0,0.0,0.0,0.0,0.0,0.059941240835265974,0.0,0.0,0.0,0.0,0.0
ckb1qzda0cr08m85hc8jlnfp3zer7xulejywt49kt2rr0vthywaa50xwsq2g7t7wtgqxq0528gsnsprw8adlz7mvpncn6cxdt,0.40093191708848525,1.0200308158067917,0.34202695071478934,0.31793051388045807,-0.32924131898529335,-1.159456654291042,0.6547794293614678,0.5250494049496552,-0.1680888952880679,0.016279962848812227,0.550394656808834,0.41112663353827217,0.5857742406828266,0.6756689967473105,0.16964917899391557,0.7363948445666227,0.6387737487956195,-0.471834363520104,-0.35872197991650245,0.025027861216610322,0.010609392962233406,0.001038582661059141,0.32345256394467264,0.0,2.584962500721156,0.0,0.0,-1.8171247591020083,-0.15989161078606146,0.0,0.0,0.0,0.0,0.0
ckb1qzda0cr08m85hc8jlnfp3zer7xulejywt49kt2rr0vthywaa50xwsqg7hr6px90xaq7398ykma025h78hlt9q6sx6xhlc,0.5544849747150287,1.7924265634256793,0.08358279473691499,1.3237974773115628,-1.1717905404696114,-0.1297238669085635,-0.6313207978629773,-1.0784799547869794,1.4291617950252693,0.015907915827751747,0.23509226618337387,0.5755013516014283,0.24281766480409053,0.5765544030863698,0.057602147862069186,0.1398396972322485,-0.5481843913997618,-0.22710946661733925,-0.26283123051786317,0.5178406106013537,-0.41647506426590786,-0.38835273470105,0.11613454260064371,1.7095112913514543,0.5849625007211564,0.0,-0.10729074729118585,-0.0885962952408595,-0.0783285905770772,0.0,0.0,0.0,0.0,-0.6212389380530974
ckb1qzda0cr08m85hc8jlnfp3zer7xulejywt49kt2rr0vthywaa50xwsq0c46k06e2fp7rg9aq9yqxwaat763nrpegmdg0qn,0.09907460307617312,0.1349729030822712,0.47019357453984395,-0.5358008816214888,0.951892490313351,-1.107930430684106,7.08049428716536,1.5550842461865877,0.4233397512667606,0.015709873386006393,0.2331826602343482,0.0889072972174406,0.24074057329756446,0.0616148967234886,-0.08639664608487796,0.05556773254957285,-0.0032658662292608157,-0.4635925791057934,-0.4496297518177442,-0.22605535886821704,0.038295894568783136,-0.08022230786569029,0.1946656086271391,0.0,0.0,0.0,0.0,0.0,-0.5359302639416907,0.0,0.0,0.0,0.0,0.0
ckb1qzda0cr08m85hc8jlnfp3zer7xulejywt49kt2rr0vthywaa50xwsqw55e3a0nd8dflp7ew8km8njxh3mp57e6qp75cau,0.3884504116302667,0.9665142669550133,0.4823085219514132,0.17039112835298564,-0.17590521679595195,-0.6485748258328796,2.235870234854335,1.0850809170348084,0.4429746544042351,0.016079330084149118,0.5372601053193029,0.3977847470096057,0.5714876988154564,0.3929972074231939,0.057120324778267006,0.39262738266090486,0.5566728789771818,-0.6407606002209397,-0.6262698834083852,1.9635492908012802,-0.004149761107186535,-0.24593642901930643,3.019497350538794,0.0,2.700439718141092,0.0,0.0,-1.7685591468571376,-0.0659174528843951,0.0,0.0,0.0,0.0,0.0
ckb1qzda0cr08m85hc8jlnfp3zer7xulejywt49kt2rr0vthywaa50xwsqg4yg2m9jpx5efeu4q0vrp643gjmad37nqrk9glt,0.3750971020907224,0.9109163655756904,0.1252103691259066,0.4166656857200238,-0.4252487232771072,-0.13616404912722813,0.21918106012685235,0.2142605145673353,0.3837346091626161,0.016002603229930214,0.5227538555474441,0.3835119774961166,0.5557091513051456,0.3733811159530837,0.012099813054267028,0.20545103129412987,0.30015110573306475,-0.6957306553241599,-0.5303736360713366,-0.42106559151817025,-0.1499496075642382,-0.15850656916413325,-0.02125514428190839,0.0,0.0,0.0,0.0,0.0,-0.6812770581272001,0.0,0.0,0.0,0.0,0.0
ckb1qzda0cr08m85hc8jlnfp3zer7xulejywt49kt2rr0vthywaa50xwsqvva6zmstttmwvat2uw3k057rgnv5t3hts4vk7tv,0.18292046214437702,0.300318933675328,0.18272489838866485,-0.2612623094793459,0.3861355905478352,0.5105419446268934,1.0938809342780487,0.7426210166219546,0.4029901784965489,0.01528533552107094,0.3009690027935682,0.19692213997350547,0.31447224367702753,0.1759219033701004,-0.5336620533602582,-0.6231057876509327,0.025539974225202072,-1.2981104956629854,-1.052917010381596,-0.6729189299295435,-0.6805027337162822,-0.6878633655590497,-0.2917492066290572,0.0,0.0,0.0,0.0,0.0,-1.1851974720647773,0.0,0.0,0.0,0.0,0.0
ckb1qzda0cr08m85hc8jlnfp3zer7xulejywt49kt2rr0vthywaa50xwsqfnxmdem0nvxr00pmjc4nva7aft2e6gtus2lccwn,0.4271764997758584,1.1373713549427855,0.48214954590664555,0.3162056541565548,-0.3276151662501718,-0.4964906026910253,-0.1416792118371719,-0.16920924250543537,0.17488707710504223,0.016367112303699954,0.5771470820153403,0.4400609743756569,0.614873037323966,0.4332242485933514,-0.21508268631988903,-0.13963218120300758,0.16746606985450999,-1.1465466796276305,-0.9128510822090831,-0.29890258178374773,-0.5170005954538696,-0.5329039369237304,0.1201748724898424,0.0,0.5849625007211564,0.0,0.0,-0.98976593231288,-0.6682059930444294,0.0,0.0,0.0,0.0,0.0
ckb1qzda0cr08m85hc8jlnfp3zer7xulejywt49kt2rr0vthywaa50xwsq23h24ts4fzu5nu799amfkhkc85t28qc8ghp5r90,0.4585296534999267,1.285889707439321,0.4823091363515862,0.442741944896394,-0.4502013800592952,-0.17419096346692878,-0.1679785313859583,-0.2039141625289036,0.3048040045870203,0.016355181572328622,0.6110161266947046,0.47270504168284494,0.6517126298449014,0.46776992327513645,0.06908629540721942,0.29151003148121113,0.1670565414494733,-0.7213281771353899,-0.5494952807917514,-0.3074018057051218,-0.1705562108421052,-0.1772768823904187,0.104649710265149,0.0,0.5849625007211564,0.0,0.0,-0.5730425438513156,-0.6631447302479083,0.0,0.0,0.0,0.0,0.0
ckb1qzda0cr08m85hc8jlnfp3zer7xulejywt49kt2rr0vthywaa50xwsqdgjmn0k90sa3q24g3lr6qmgv5hqdjdjwcm7mukc,0.4135343403931977,1.075569043575118,0.478583857435881,0.2659192976190328,-0.2767000559648653,0.16674463028990008,1.8594690687596094,0.9960212411827107,0.41108816968603545,0.016390762959153267,0.5634712025160419,0.42478751580707913,0.599997689262362,0.41706106874169024,0.13310268432051411,0.38864441468735045,0.1653695820897567,-0.5503237163777401,-0.3510751974120659,0.02972600921841021,-0.03239262002079418,0.015531223482702538,0.4795612109767078,0.0,0.5849625007211564,0.0,0.0,-0.27019320543067465,-0.2145830258976248,0.0,0.0,0.0,0.0,0.0
ckb1qzda0cr08m85hc8jlnfp3zer7xulejywt49kt2rr0vthywaa50xwsqt485s60lj75yksuswl5uyyr7fyclqq2tsk3kxkr,0.4347597448271011,1.1724722210274905,0.38189730647561493,0.42189824474874266,-0.43044571871478904,-0.13616404912722813,-0.37889074521413313,-0.5297274619371095,-0.14363326962834877,0.016405835810054597,0.5859964943426854,0.4472904627308607,0.6244986038929508,0.4408748746775474,0.5233363418689496,0.9807787238931073,0.16596393850892383,0.06697880639513511,0.16609476121738956,0.018937062638659546,0.4682590991297506,0.5181711652616161,0.46572942441805376,0.0,0.5849625007211564,0.0,0.0,-0.8748449281071172,0.01311933941027616,0.0,0.0,0.0,0.0,0.0
ckb1qzda0cr08m85hc8jlnfp3zer7xulejywt49kt2rr0vthywaa50xwsqw4klymd5zxdtersxfu8wafdq803fudg7qpp9dz7,0.39595913176130304,0.9985307360520149,0.29467862804816836,0.33746680991243794,-0.34860911627165886,-0.13616404912722813,2.2267993808569106,1.0831319747889716,0.3992175347830325,0.016427816240801748,0.5451615854649537,0.4058109557153853,0.5800821930397175,0.39697907144221,0.7206948267537657,1.2802503858833996,0.15933400679760087,0.45035956318233866,0.5772479023182224,-0.12478858095192709,0.7789413303863175,0.9177514175240042,0.3067086951507581,0.0,0.0,0.0,0.0,0.0,0.1954351719004709,0.0,0.0,0.0,0.0,0.0
ckb1qzda0cr08m85hc8jlnfp3zer7xulejywt49kt2rr0vthywaa50xwsq07vlts907h0ev3vz40qttyg6qx7xh3xlqgyyr4j,0.42435785024178646,1.1244600416291315,0.4817523020614483,0.3054698837157598,-0.31685922654330007,-0.42668269605964143,0.7903870119776008,0.6002094690932602,0.4080624958614961,0.016162128232574877,0.5750485013806174,0.4361696505788071,0.6125903967538698,0.4291062444028055,0.173880403747575,0.45051908418116327,0.166632802125687,-0.49839059868374963,-0.2872497792308263,-0.40310852379812084,0.01010203459008781,0.07758709169728259,-0.0012061067686877525,0.0,0.5849625007211564,0.0,0.0,-0.007556067414073392,-0.420827524673317,0.0,0.0,0.0,0.0,0.0
ckb1qzda0cr08m85hc8jlnfp3zer7xulejywt49kt2rr0vthywaa50xwsqdtjy373hqrz0x0dh8qeq90xcwm7ks5gnghey3u8,0.4317302910832462,1.158386113383606,0.3978790155093975,0.3967466198193519,-0.4064373941399629,-0.2542291790165737,1.1372616404097975,0.7605474842036973,0.3907379604933484,0.01643789778367059,0.5826387179610134,0.44422332986518587,0.6208463274603478,0.4376290728236809,0.07080868868845588,0.29412344232044996,0.16696523459659113,-0.6798380638705953,-0.5072814161259818,-0.32184686569603993,-0.13730701053749686,-0.1367345299082022,0.09059109032571468,0.0,0.5849625007211564,0.0,0.0,-0.012496044188431206,-0.64113768505176,0.0,0.0,0.0,0.0,0.0
ckb1qzda0cr08m85hc8jlnfp3zer7xulejywt49kt2rr0vthywaa50xwsqwq5jlc6p7y2g7c59emwef66z5dc02m36sq3vsmj,0.10625855373766183,0.1471150428193008,-0.4338237637647719,0.4951245108634918,-0.49597152807355926,-0.13616404912722813,-0.43131111969757785,-0.6266455641622573,0.3798178243473006,0.016037811524835677,0.24071482420098111,0.09655835991556351,0.24893335977732872,0.06971165502422567,0.01087267033186605,0.20316441975126973,-0.002655812578609146,-0.31242203083017317,-0.0564123350926503,-0.5618184213185681,0.16080094453493465,0.3019270731725476,-0.17683227610630356,0.0,0.0,0.0,0.0,0.0,-0.4023946871052727,0.0,0.0,0.0,0.0,0.0
ckb1qzda0cr08m85hc8jlnfp3zer7xulejywt49kt2rr0vthywaa50xwsq0kjhyk3k6yh6s0x0qhcfzu42l0nshm5rsmfmr6g,0.493189021696992,1.4601813797427488,0.48213480030249317,0.5914973835750219,-0.5859235522029094,-0.8221655028182072,-0.36794235973553,-0.5104008748400486,0.2704930753075993,0.016425302610286,0.6457766740211188,0.5115040187612536,0.6895219159181518,0.5088290482770509,0.32051119812861106,0.6730131723873123,0.16548201334053989,-0.35123424207753534,-0.23510000224097022,-0.11993828061889268,0.12556059294282734,0.12612041754565653,0.32949593001499006,0.0,0.5849625007211564,0.0,0.0,-0.6918122086680789,-0.36738678353502824,0.0,0.0,0.0,0.0,0.0
ckb1qzda0cr08m85hc8jlnfp3zer7xulejywt49kt2rr0vthywaa50xwsqd8k7hgtu960r0sefypjj5c80zvdyyhagq0k0z5r,0.4651204058714306,1.3182317846084013,0.47162094560845835,0.47837088788693843,-0.48345495713484143,0.2760675430039283,-0.3800187635005332,-0.5317360026232016,0.4541185384300882,0.016428816763245365,0.6176694580371809,0.48004066900256365,0.6589495040432731,0.4755328712126325,0.16099402462752982,0.43095890275845017,-0.0034724311085801373,-0.5778200998827968,-0.41343999658848873,-0.10667918827992247,-0.05489836346087072,-0.046041214993367,0.3293884039849501,0.0,0.0,0.0,0.0,0.0,-0.5174721024508254,0.0,0.0,0.0,0.0,0.0
ckb1qzda0cr08m85hc8jlnfp3zer7xulejywt49kt2rr0vthywaa50xwsqfrmvt598cnr70mhtyt9afjg9yju7s0n6gw0e8d4,0.03177333948639151,0.03720256177681409,0.4808134303303953,-0.6220111327142464,1.225334317145308,-1.2208861355855272,5.220568974906742,1.4516943331250804,0.3476060491036383,0.012363605658574629,0.16269209023707618,0.017304000599796202,0.16406749616025249,0.14172594034350228,-0.17696164626019525,0.03498989840822536,0.4964788597504351,-0.517015139097664,-0.22860527797433802,0.2620822801757271,-0.06271510097585545,-0.25944005155180244,1.1583901705353783,0.0,2.584962500721156,0.0,0.0,-1.367554924314857,-0.2818030680559801,0.0,0.0,0.0,0.0,0.0
ckb1qzda0cr08m85hc8jlnfp3zer7xulejywt49kt2rr0vthywaa50xwsqd7w5u492rs93nr0e0086myx8qdknytcmsw3hx46,0.471099537469636,1.3479021028981433,0.4820229794710045,0.49583714800946793,-0.4995824799604281,-0.00862533909064243,-0.45129596922747284,-0.6656249805252653,0.37411750884542117,0.016440418015631668,0.6238342814994355,0.4865648085951156,1.63055434366576,0.4970038099956281,1.113546147545262,1.898276508660563,0.7443809997276323,-0.2111152498811555,-0.40382846554565954,6.592960307809408,1.2243600965286676,1.4971523722907065,0.3043040528072338,13.097896169970477,1.584962500721156,0.0024509803921568627,-6.361900605127935,-0.31474463390420526,0.9756732866888067,0.0,0.0,0.0,0.0,0.0
ckb1qzda0cr08m85hc8jlnfp3zer7xulejywt49kt2rr0vthywaa50xwsqff60m3g73j280arxmzwp6anr9g04xmmast74txw,0.15156070450327513,0.23219064461925273,-0.1649667536546378,-0.0344949079585072,0.06508282907966854,0.4397888467108491,1.5195787707500257,0.8980841500437896,0.5911889256938934,0.015224463897817418,0.27308620520369853,0.15915108821531762,0.28414393323075265,0.1359505831866039,-0.14304575339199013,-0.030317322776801655,0.18879063987137784,-0.6123650767903676,-0.3955542013386184,-0.23357627811348772,-0.11465593117121996,-0.026518982635576883,-0.08127795334913766,2.2598510045646623,1.0,0.0,-3.909705506983314,-0.998918775496769,-0.49743151381991724,0.0,0.0,0.0,0.0,0.0
ckb1qzda0cr08m85hc8jlnfp3zer7xulejywt49kt2rr0vthywaa50xwsqvknttjvpk89lj2c9ykxvethuaft52j3fs9df6l3,-0.036255044616674545,-0.03647655932998548,-0.44991183229517195,0.03128622644959861,-0.011093488464231594,0.5265089515296006,-0.9876437607791807,-2.4565121234472302,0.47930162882020416,0.01494029943877911,-0.3801726732254003,0.07686605432390149,-0.4264102356228483,0.048872218066133795,-0.11980818572346384,0.00791337827081067,0.34911222217623844,0.37348313376584086,0.6300918887207915,-0.4924340892885389,0.009230722707422671,0.11160705390404604,-0.36042806484141826,1.0,0.0,0.0,-0.8225797985281853,0.0,-0.033796645298618984,0.0,0.0,0.0,0.0,0.0
ckb1qzda0cr08m85hc8jlnfp3zer7xulejywt49kt2rr0vthywaa50xwsqt3tqddwnr5xfm52vevcyujfw8nhrr77hc0uppq7,0.3390575429182197,0.7695016352787317,0.481733477522814,0.0026980606673426997,0.017148254118288724,0.5287742060352245,-1.0348825633110463,-2.7396198183769225,0.4043275163380316,0.016417687673371505,-0.4251276013382189,0.4857255370570425,-0.4753080196956661,0.48154889858357397,0.1449434671367567,0.5933067174156643,0.6036926560972393,0.8919709949718931,1.0939082053349047,-0.6845670849576613,0.08287875848898774,0.16474721797221162,-0.08472193292151103,0.0,0.0,0.0,0.0,0.0,0.3289868823106874,0.0,0.0,0.0,0.0,0.0
ckb1qzda0cr08m85hc8jlnfp3zer7xulejywt49kt2rr0vthywaa50xwsqw8sae6fd5sruyeewfc82gs6epxav9tapqsgphme,0.2616426728838914,0.5084401106679979,0.05779693147561596,0.0628786967485957,-0.05425414289849135,0.16281832932316034,1.7913535285270712,0.9778923775822774,0.4179727077967452,0.015524355565252071,0.40222957689972916,0.26396386809986366,0.4246140656215889,0.24686899792678513,1.34385627314265,0.4371330413431344,-0.9096107175755316,1.680191746423757,1.646191958146073,0.4900190420704478,0.18554069972731746,0.15640946055814298,4.231474736559764,0.0,1.0,0.0,0.0,-0.8311951226297633,1.312435117824398,0.0,0.0,0.0,0.0,0.0
ckb1qzda0cr08m85hc8jlnfp3zer7xulejywt49kt2rr0vthywaa50xwsqfkjglwnv0p5h4wujzvz65rekwxmx2d0zsn7yllu,-0.1946229274546533,-0.13978954167054303,-0.5265457952086292,-0.013436780535661072,0.053180822595522155,0.527355058118387,-0.8914649268473486,-1.9742965814739448,0.4538968212604027,0.011388311110562672,-0.7044131239549859,-0.08448550767242007,-0.7790888008662336,-0.12187851950802375,-2.2434195516864803,-0.1252831533171427,0.5108932008591082,0.0,0.0,0.0,0.06887198257302865,0.1600013510928858,-0.2972649128405632,-1.7095112913514543,0.0,0.0,0.0,0.0,-0.550802236182267,0.0,0.0,0.0,0.0,0.0
ckb1qzda0cr08m85hc8jlnfp3zer7xulejywt49kt2rr0vthywaa50xwsqfcwzl3jytqrrgtuwmapvqe42txrxvqlncewj9c8,-0.6148425657080245,-0.215654996037962,-0.5066813501481349,-0.7640595981318457,2.2385694622464714,1.0962880369125543,-0.2808324611360131,-0.36676220496837114,0.1996035285361884,-0.43057169673745976,-0.7044131239549859,-0.53413013708664,-0.7790888008662336,-0.5977161945129125,-2.2434195516864803,0.03496789888536715,0.5375630947398706,0.0,0.0,0.0,0.7433370391410972,0.13858691523083583,1.1972239670117033,-1.7095112913514543,0.5849625007211564,0.0,0.0,-0.1026439310792184,0.20833831394459595,0.0,0.0,0.0,0.0,0.0
ckb1qzda0cr08m85hc8jlnfp3zer7xulejywt49kt2rr0vthywaa50xwsqwjzhp5ljeurdf9yznes3xhs7cn6ye9mssmxkwgz,0.4998319119671701,1.4947492348849756,0.4826511012478835,0.6205647295360364,-0.6115506721803738,0.14176723713312264,-0.3763935412326865,-0.5252925341569877,0.40643940694418257,0.016407011508877682,0.6475017407504557,0.5237358332251697,0.6913982828479492,0.5217733998268149,1.4586172570219376,0.5293820024019085,-0.9386010247087648,1.5364321963032228,1.3317220972847967,0.7309051409883435,-0.015083933943070291,0.03350027109253444,0.9003944089809834,0.0,0.5849625007211564,0.0,0.0,-0.8810049802557528,1.2899980685338501,0.0,0.0,0.0,0.0,0.0
ckb1qzda0cr08m85hc8jlnfp3zer7xulejywt49kt2rr0vthywaa50xwsq2nwlee8epequkd94qh3k5uymjqxgvfktgxl9jd3,-0.04383030017020877,-0.04336682982642802,-0.17701367331371706,-0.48126377235785844,0.8169774522740659,0.5288443663681445,0.49094463748064576,0.4222132953593994,0.3681372022485306,0.01068136451964396,-0.7044131239549859,0.07686605432390149,-0.7790888008662336,0.048872218066133795,-2.2434195516864803,-0.02769439535935809,0.5271344784227682,0.0,0.0,0.0,-0.02234168645843594,0.05942916249738857,-0.07363447466681347,-1.7095112913514543,0.5849625007211564,0.0,0.0,-0.02329463434934685,-0.5831787906781539,0.0,0.0,0.0,0.0,0.0
ckb1qzda0cr08m85hc8jlnfp3zer7xulejywt49kt2rr0vthywaa50xwsqf0qpamhk3hv8a8yv79krku3zfspql7zkq0ddtu4,0.4726628993026091,1.3557112895088759,0.4821307213680113,0.5024149637524349,-0.505624230821717,-0.4880463962374301,0.2863922437014117,0.27080842475418565,0.4022092771623983,0.01623285572251544,0.6202142740121426,0.4934280302882,0.6617175178578308,0.4897000833884046,0.40613384017169984,0.5975605646633525,-0.6486616663626847,-0.17425131470608873,-0.016442302989822577,1.518388937964612,0.07828458034823395,0.1933250545787087,0.47747570448456833,1.7095112913514543,0.5849625007211564,0.0,-3.4311871565174,-0.19875119166637698,0.3475389620985813,0.0,0.0,0.0,0.0,0.0
ckb1qzda0cr08m85hc8jlnfp3zer7xulejywt49kt2rr0vthywaa50xwsqf3q9e554euxmpqyaju2n3prxl3fxuphqs9l8zmt,0.46033719337449036,1.2947215096695184,0.4822686030068386,0.45030306447728846,-0.4573022023164979,0.3480572258570471,-0.6404874940753723,-1.1030261943365682,0.4205125739002756,0.016308462080715815,0.6092437230114917,0.4783039506028109,0.6497847741852478,0.47369498415379413,1.483088675745046,0.6252557261917019,-0.944774640480947,1.6291691637179329,1.5116342924165977,0.7768681598543651,0.11927156295295814,0.17336230978580092,0.1438504549918102,0.0,0.0,0.0,0.0,0.0,1.4112455385387763,0.0,0.0,0.0,0.0,0.0
ckb1qzda0cr08m85hc8jlnfp3zer7xulejywt49kt2rr0vthywaa50xwsq0sc9f6eqnjfm8tn35nxeqtnm43x6aljdqj45cke,0.24446766009657267,0.4582690555148472,-0.019235930750171385,0.08611952047421143,-0.08101632595948687,0.5242167539541366,-0.8856350807400224,-1.94844227265242,0.5700069558000896,0.015925644338112773,0.053325469981973295,0.36515912174179993,0.04510867214462704,0.35555741410638986,0.1715340694624597,0.3996272899901273,-0.5403189977741489,0.2131132523368996,0.13228169610894966,1.5493859202194376,0.04051734832790652,0.13930276482529907,0.003789915900126174,0.0,1.8073549220576042,0.0,0.0,-0.12014486889482782,0.308232539311371,0.0,0.0,0.0,0.0,0.0
ckb1qzda0cr08m85hc8jlnfp3zer7xulejywt49kt2rr0vthywaa50xwsqdun3wce79ar4cmnl76tyehgha0muqg07gt556gd,0.1649872829640368,0.2603913293183272,0.4826511012478835,-0.43199510993410895,0.700959730007267,0.3397340316534166,7.517068323868532,1.5733509563132757,0.37410205429316473,0.011712604262750165,0.29541108012549533,0.1659504541831768,0.3084268530174137,0.1431460310625597,1.0927842368890464,-0.08597390131626942,-0.8462205443406137,1.4092921120266524,0.5986553429728251,1.521758752858427,-0.17141622518282654,-0.2729909876061831,0.4365397713710087,0.0,0.5849625007211564,0.0,0.0,-0.9657013609314364,1.2364274531487778,0.0,0.0,0.0,0.0,0.0
ckb1qzda0cr08m85hc8jlnfp3zer7xulejywt49kt2rr0vthywaa50xwsq2pgrf442dam0aa0l8gd2s8jlxfu7hha3c7hg4qq,0.5700727403476032,1.8814079133365567,0.4826511183145549,0.9502169173618017,-0.8862612922785605,0.08722439109052496,-0.5223143164353732,-0.8142531851374591,0.41718248866175706,0.016243759049850443,0.676690689757905,0.6337848345955758,0.7231473031621818,0.6520297756135932,1.338088393557318,0.3889035619159586,-0.9081589235832513,1.296530417494427,0.5512729429654817,2.6089694641358827,-0.27319172498343414,-0.35121244004857505,0.7786486466729164,0.0,2.9068905956085187,0.0,0.0,-1.0614337182348184,1.4395449960225073,0.0,0.0,0.0,0.0,0.0
ckb1qzda0cr08m85hc8jlnfp3zer7xulejywt49kt2rr0vthywaa50xwsqgwum3jcpnajgd4teaa2zezc99pwfl3sug4xfx7f,0.4349178681922628,1.1732097646914246,0.3881498181029888,0.41751828120391604,-0.4262868004795149,0.15692465873718725,1.2295408317704637,0.7969553950886867,0.3994030227415276,0.01630712953129814,0.5839885516153777,0.44964462941422,0.6223145507972794,0.44336617809340945,1.3376921520885658,0.28497681498910443,-0.9080683522140328,1.4221075980006297,0.6695857034217214,1.1663736845376729,-0.1513036515137867,-0.16254905518443613,0.1727905803999613,0.0,0.5849625007211564,0.0,0.0,-0.016253578617315613,1.2899980685338501,0.0,0.0,0.0,0.0,0.0
ckb1qzda0cr08m85hc8jlnfp3zer7xulejywt49kt2rr0vthywaa50xwsqweaz0wqm6d5wzkyt2jay4ayx22vgxu6ys67s4w2,0.46646534952436486,1.3248786043941911,0.4826511012478835,0.475731999103147,-0.48101430080862495,0.3397918147644283,-0.8786468378602168,-1.9178968183989864,0.22913803535129562,0.016371479325212126,0.6153800934097577,0.48516410435958207,0.6564593464139528,0.48095476087580386,1.4974319750950278,0.6454111837471319,-0.948397013944297,1.6446320865020707,1.5132370759570573,0.8293521740369973,0.12969295751121648,0.1880499733916621,0.20951410305920506,0.0,0.5849625007211564,0.0,0.0,-0.9644133331329653,1.4112455385387763,0.0,0.0,0.0,0.0,0.0
ckb1qzda0cr08m85hc8jlnfp3zer7xulejywt49kt2rr0vthywaa50xwsqv0d3y4xzhcy0lglxd46uqzqx6hfge8rfcu59hjh,0.4522818753766743,1.2555860451308887,0.40326339675897255,0.47771841716403046,-0.48281413966823317,0.26966443139452134,-0.41897762656911114,-0.6031655640623776,0.5417767641851543,0.016394995267380835,0.603830987665381,0.46664112869414764,0.6438973047729243,0.4613527705522568,0.5841492378078498,0.652200051465909,-0.709209875561862,0.14367710586306903,-0.019959977414129415,11.138539370853026,0.1558352024083697,0.1919781699389548,0.1430846768682003,0.0,0.5849625007211564,0.0,0.0,-0.05342116402330031,0.8852295259569557,0.0,0.0,0.0,0.0,0.0
ckb1qzda0cr08m85hc8jlnfp3zer7xulejywt49kt2rr0vthywaa50xwsqfdna4hqan5me6y8mfqr83y4epmrdrc6cs33gx6e,-0.4822780293034813,-0.20594872412986526,-0.1681872174948538,-0.807219538604404,2.6972926944664253,1.6134562105670645,-0.18281461721584671,-0.22399975007732023,0.26257553815877793,-0.151925785589361,-0.5647703626466023,-0.41384424558484884,-0.6271984102809498,-0.470423316529096,-0.8693201230177793,-1.1332967162256795,-0.11688533905570497,-0.4914323113606517,-0.24990475396381212,-0.8948766405425305,-0.44632111721456624,-0.4194620971885457,-0.5101035497532086,0.0,0.0,0.0,0.0,0.0,-0.7053376915387338,0.0,0.0,0.0,0.0,0.0
ckb1qzda0cr08m85hc8jlnfp3zer7xulejywt49kt2rr0vthywaa50xwsq0z799mwernws5tt7me85kr63jauldckkcpdyx4t,0.2946119633713151,0.6125485948605719,0.26671486977357395,-0.003088202547332618,0.024513304465503555,0.5286864873412437,-1.0200624967485115,-2.646957214229113,0.36662128018951223,0.01642378466673242,-0.7044131239549859,0.4390070213685739,-0.7790888008662336,0.432108899903191,-2.2434195516864803,0.5407884192310011,0.6217446299929592,0.0,0.0,0.0,0.08706275805490499,0.12091234052250036,0.13508125112696218,-1.7095112913514543,0.0,0.0,0.0,0.0,-0.44490146345223236,0.0,0.0,0.0,0.0,0.0
ckb1qzda0cr08m85hc8jlnfp3zer7xulejywt49kt2rr0vthywaa50xwsqtequhzd3hfxhammwmwh6e2sw6xynnrkzqzq6wuh,0.46700068982987614,1.3275287040608745,0.2625789155422226,0.6697032913072295,-0.6541767059017412,-0.5786936994364101,2.5812317823529036,1.1532389065745743,0.32449610285372804,0.016371644951836233,0.6732651123187439,0.40787181995881394,1.225184797957746,0.39915998673829917,0.6946535909318597,1.2446644897675267,0.5654877193039756,-0.3999086470473325,-0.3677425620864495,2.035188895656421,0.7451398922105683,0.9020556264396086,0.16447748497134074,10.198575596396898,0.5849625007211564,0.008,-6.315187067510431,-0.01074551799298592,0.3220221402317339,0.0,0.0,0.0,0.0,0.0
ckb1qzda0cr08m85hc8jlnfp3zer7xulejywt49kt2rr0vthywaa50xwsq0w5cger8gkfqrzly29erurag0yrmkx8vgk92dj4,0.4608899399999136,1.2974280478385614,0.482657688983072,0.452322157498115,-0.459194630743994,0.337931111441868,-0.7025617016915146,-1.280349300329345,0.3758223357447829,0.016080551722412545,0.6095402085973582,0.4791741521544676,0.6501072635933506,0.4746158773570899,1.3316584652901962,0.3105876189426197,-0.9065418688512518,1.3772849949572743,0.6387333428603478,1.3645110560293179,-0.16067008003199465,-0.17287457977666645,0.10922345137381502,0.0,0.5849625007211564,0.0,0.0,-0.5297605441236133,1.2899980685338501,0.0,0.0,0.0,0.0,0.0
ckb1qzda0cr08m85hc8jlnfp3zer7xulejywt49kt2rr0vthywaa50xwsqgw7a8wtdmg4er900svtg4vqn27upcpq4cnd4g7v,0.28994709310086947,0.5971868223236406,0.46047125500203884,-0.1336047901549693,0.1946988243659464,0.36227333343439044,4.397199842682005,1.386007795464343,0.29093426335761696,0.016108264034953662,0.4315006290602571,0.2946793932016765,0.4564523900993353,0.27937378747590436,1.3235154987905642,0.7331274502757565,-0.9043854267795662,1.6064528140773993,1.5136876184607002,0.4700479499623752,0.41459464277817404,0.6084764632470613,0.027514904403517896,0.0,0.5849625007211564,0.0,0.0,-0.005393217921911208,1.2899980685338501,0.0,0.0,0.0,0.0,0.0
ckb1qzda0cr08m85hc8jlnfp3zer7xulejywt49kt2rr0vthywaa50xwsqfrylux2xrmpnzgkwzs8u9cjgq5cy6lqusc94mes,0.4481970476482188,1.2359620144479575,0.4826575183163572,0.3999146212526631,-0.40952731787601165,0.3378803027225388,-0.13521431057583155,-0.16084915272231695,0.37691212265045293,0.016124710439454643,0.5976411945127676,0.4641643409433121,0.6371646242473915,0.4587317030519654,1.3939592720817728,0.41355680358988894,-0.9222742557867011,1.4969541419329813,1.2208546953812447,1.0010064763750652,-0.05308333254493376,-0.02835149041224103,0.11073033960354733,0.0,0.5849625007211564,0.0,0.0,-0.6065574718609836,1.2899980685338501,0.0,0.0,0.0,0.0,0.0
ckb1qzda0cr08m85hc8jlnfp3zer7xulejywt49kt2rr0vthywaa50xwsqvjzc76tmx2q85dz9l660n2625wnk6vngga7rpqc,0.3664777835269528,0.8759447844252751,0.43981551371871536,0.11977643456238268,-0.11999351398009789,0.3517280715983806,3.6392361866843483,1.3078587924277107,0.29178822367482893,0.01630056830800437,0.5115065489525581,0.376940336531907,0.5434753786718691,0.3664266586932468,1.3392884469446307,0.31577608236123844,-0.9084692422438237,1.52352582754825,1.262970084276676,0.9646082753934807,-0.04499808775516915,-0.016331465160083318,0.1822521925655863,0.0,1.0,0.0,0.0,-0.2452530468509875,1.3378284995658372,0.0,0.0,0.0,0.0,0.0
ckb1qzda0cr08m85hc8jlnfp3zer7xulejywt49kt2rr0vthywaa50xwsqg338aj4hnmutep9ufyd9yyuh3ju7rr8lq03fejn,-0.06205839105010998,-0.05899243192381874,-0.5260074782570392,0.4787755295316444,-0.4759138792802487,0.3646615622766359,-0.8376307526868626,-1.7478560282176974,0.28516472726265435,0.013115359318880474,0.057956982445823944,-0.07558662348695169,0.0501464000622334,-0.11246125066069537,1.0610580226142035,-0.13218858980071385,-0.8382084290043749,1.6838957428298955,1.6565688526968059,0.4591388295466648,0.052881517958697964,0.1440853014985423,-0.2583816206373241,0.0,0.0,0.0,0.0,0.0,1.2364274531487778,0.0,0.0,0.0,0.0,0.0
ckb1qzda0cr08m85hc8jlnfp3zer7xulejywt49kt2rr0vthywaa50xwsqwepkut2qzg2udxm2g38plwwslh0ejrmzs7qle27,0.4456737255283217,1.2239146657755389,0.45608204843270495,0.40914773405782595,-0.4183486083970106,0.33858013732241954,-0.2934655040226543,-0.3865419068876105,0.36423945308144706,0.015938213921390932,0.595111027262948,0.4613416466759359,0.6344125439517827,0.45574457902206716,1.3096233761106557,0.280865757134546,-0.9009769241489795,1.360343600591143,0.6302848936947992,1.5014177987607409,-0.16765149593865264,-0.18042812200373817,0.14215871585640405,0.0,0.5849625007211564,0.0,0.0,-0.5454398340149983,1.2899980685338501,0.0,0.0,0.0,0.0,0.0
ckb1qzda0cr08m85hc8jlnfp3zer7xulejywt49kt2rr0vthywaa50xwsqvde0h8xdeqmmvrxqsjqf8pl9kjltjsupsfxlpgt,0.1688380882095232,0.26874419647007586,-0.36234811697056307,0.4607269492395481,-0.4650927328534216,0.3638355277101192,-0.6950327878848955,-1.2577497271081841,0.26643970225330366,0.01580408711998202,0.3036915025929078,0.1659504541831768,0.3174335254077492,0.1431460310625597,1.275313094113722,0.09040432900298506,-0.8923215860021424,1.7010797834415368,1.7443341349832675,0.2603435691657404,-0.015047815291022792,0.06366538520986392,-0.27502489788792106,0.0,0.0,0.0,0.0,0.0,1.2899980685338501,0.0,0.0,0.0,0.0,0.0
ckb1qzda0cr08m85hc8jlnfp3zer7xulejywt49kt2rr0vthywaa50xwsq02lstf96jmmavf7uln9acpkedt2clz3tqc6chk8,-0.028968441432650704,-0.02961933582144031,-0.5141053522387339,0.48767421338086087,-0.4854959834231067,-1.130009549274538,-0.24737545940831338,-0.3159648174215719,1.348840602327545,-0.019990688376036184,0.09921525786622669,-0.0471748432622172,0.09502330961174373,-0.0745185172537534,-0.09888907473397657,0.21441202311266988,0.5392511469100283,-0.299683099328619,-0.2531773995588168,2.5572464088542226,0.320579867201075,0.11077445830683857,2.7063170319155785,0.0,1.3219280948873622,0.0,0.0,-1.4995678041980158,0.08500178856655524,0.0,0.0,0.0,0.0,0.0
ckb1qzda0cr08m85hc8jlnfp3zer7xulejywt49kt2rr0vthywaa50xwsq0atd3ep6w47442fk86cxg5n0nsactvlts9nzk3r,0.49676821228980306,1.4787612174850535,-0.4195003378646285,2.4725613418435963,-1.963278981829866,-0.5454343109459422,-0.34811577417614586,-0.47616008234251983,1.426818391680557,0.015647527852698295,0.6511493102609416,0.513716387226202,0.6953657692571529,0.5111702933353688,-0.079892333716242,0.06543748589289547,0.0038437607074222322,-1.0230796573590044,-0.7635375675681215,-0.7805992764787063,-0.4153644443001628,-0.38527637361974415,-0.42599873000927935,0.0,0.0,0.0,0.0,0.0,-0.9344569405621184,0.0,0.0,0.0,0.0,0.0
ckb1qzda0cr08m85hc8jlnfp3zer7xulejywt49kt2rr0vthywaa50xwsqv5uwm78vrgdrfmd056xn32q9junu3rg2c2we24p,0.26007182052690364,0.5037370526086326,-0.5085712792136722,1.8943728420612354,-1.5750721353310928,-0.2688893915831517,-0.7142332901912224,-1.3160216643404354,1.3659402425612752,0.015739093650767182,0.10654195325897026,0.37741680261412663,0.10299260651246613,0.36693088024500303,0.8124475192281062,0.24679547214239442,-0.7750577989345713,1.203594963913281,0.38582409859211503,1.8003976143083584,-0.10667303965494188,-0.38492925331923383,13.747860336933897,0.0,0.5849625007211564,0.0,0.0,-0.7420840384140918,1.0734168705704341,0.0,0.0,0.0,0.0,0.0
ckb1qzda0cr08m85hc8jlnfp3zer7xulejywt49kt2rr0vthywaa50xwsqv9hhmy8u8z5xeay9r56pp3akjdmmannxqx3n837,-0.7900833507669089,-0.22151054699761152,-0.5928812165553505,0.0,0.0,0.0,0.0,0.0,-0.3992070570723769,-1.5379389945779218,-0.7044131239549859,-0.7216417873835473,-0.7790888008662336,-0.79615091801856,-2.2434195516864803,-1.4880410386600664,0.2840952629501626,0.0,0.0,0.0,-0.29964763655241283,-0.2476957065728552,-0.5453374138143248,-1.7095112913514543,0.0,0.0,0.0,0.0,-0.9852510522608473,0.0,0.0,0.0,0.0,0.0
ckb1qzda0cr08m85hc8jlnfp3zer7xulejywt49kt2rr0vthywaa50xwsqtf8pf9tn3xzl0pjnwpyp49nqyazx5rwts7a7d5z,-0.7900833507669089,-0.22151054699761152,-0.5928812165553505,0.0,0.0,0.0,0.0,0.0,-0.3992070570723769,-1.5379389945779218,-0.7044131239549859,-0.7216417873835473,-0.7790888008662336,-0.7083421540315403,-2.2434195516864803,-1.21319312294884,0.32983702030289436,0.0,0.0,0.0,-0.20970082739268053,-0.14457448323575076,-0.5453374138143248,-1.7095112913514543,0.5849625007211564,0.0,0.0,-1.0000000000002138,-0.9054201020845571,0.0,0.0,0.0,0.0,0.0
ckb1qzda0cr08m85hc8jlnfp3zer7xulejywt49kt2rr0vthywaa50xwsqdqq677slvjxejspzxxuyrz3r8m4glpqrqve4u4k,0.33510322839276685,0.7547569701101537,-0.32518308463822326,1.1042728243172106,-1.0059228969052088,-0.15380899237686096,1.2247719975270708,0.7951288914192467,1.425109185457545,0.015175133805237074,0.006014235251005819,0.47270504168284494,0.14229185559756516,0.46776992327513645,0.4921933393706417,0.3366543144853777,-0.6905414227479418,0.6217986912002752,0.2961902376845238,0.27756718148084875,-0.13053789740196498,-0.39257274379160617,18.06770335874629,8.54755645675727,0.5849625007211564,0.0,-6.398029518452337,-0.7895020755289769,0.3757199026693426,0.0,0.0,0.0,0.0,0.0
ckb1qzda0cr08m85hc8jlnfp3zer7xulejywt49kt2rr0vthywaa50xwsqtkpvummtxgqsj3c4hjzz72atds4jf8zcsyp90ve,-0.7900833507669089,-0.22151054699761152,-0.5928812165553505,0.0,0.0,0.0,0.0,0.0,-0.3992070570723769,-1.5379389945779218,-0.7044131239549859,-0.7216417873835473,-0.7790888008662336,-0.7083421540315403,-2.2434195516864803,-1.1411987662813765,0.34181873166107374,0.0,0.0,0.0,-0.14586706769297156,-0.07139106014454377,-0.5453374138143248,-1.7095112913514543,0.5849625007211564,0.0,0.0,-1.0000000000002138,-0.8487653998471143,0.0,0.0,0.0,0.0,0.0
ckb1qzda0cr08m85hc8jlnfp3zer7xulejywt49kt2rr0vthywaa50xwsqwn663qcrflxjdlepuaykc4lruvysm9u5cnn299s,-0.7900833507669089,-0.22151054699761152,-0.5928812165553505,0.0,0.0,0.0,0.0,0.0,-0.3992070570723769,-1.5379389945779218,-0.7044131239549859,-0.7216417873835473,-0.7790888008662336,-0.79615091801856,-2.2434195516864803,-1.444450271792861,0.29134988693266406,0.0,0.0,0.0,-0.2609867128725303,-0.20337215821738194,-0.5453374138143248,-1.7095112913514543,0.0,0.0,0.0,0.0,-0.9509381255334836,0.0,0.0,0.0,0.0,0.0
ckb1qzda0cr08m85hc8jlnfp3zer7xulejywt49kt2rr0vthywaa50xwsqf2el7rdezj77kunr7ncjup03x55y849rqa5khs6,0.2520179905621959,0.4799868659272943,-0.24925025472220505,0.4904987666129072,-0.4935700316035604,-0.48142399555738674,-0.45364344589042066,-0.6702813443808386,-0.07720952248672579,0.01619461140579586,0.39376354472766834,0.2520230260864776,0.4154055042806818,0.23423256877905466,0.33319593099898714,0.11969761794134534,-0.6499556091564002,0.013358305401227445,0.16020558148657443,0.32754221513989745,-0.08292739176512968,0.002138916261461678,-0.2978678511008139,1.0,0.0,0.0,-1.7081594146332777,0.0,0.23597455276011034,0.0,0.0,0.0,0.0,0.0
ckb1qzda0cr08m85hc8jlnfp3zer7xulejywt49kt2rr0vthywaa50xwsq0yagawpkdal8gysxt2jymqx3te0znzm3gdefnjd,-0.12429548997969196,-0.10331490126692931,-0.5426887672211569,0.44446476079458946,-0.44059871505674875,-0.5048586419919591,-0.3026909038989033,-0.4012015337832565,-0.085605844648922,0.011708000765788096,0.0,-0.14795626038320853,-0.012893807810769578,-0.18904661943631054,0.0558300781055158,-0.12329316031647429,-0.5747269840338677,0.09546758040370891,0.2730408539971978,-0.08068998702138272,0.14132779968747428,0.062069653617873345,2.7330202490122124,0.0,0.0,0.0,0.0,0.0,0.0331981233710204,0.0,0.0,0.0,0.0,0.0
ckb1qzda0cr08m85hc8jlnfp3zer7xulejywt49kt2rr0vthywaa50xwsqw25a63jaehqxerg5z263nfp6s3dljrntgwkkw4h,-0.08699011469346951,-0.07832525503681226,-0.5323663493810307,0.4530738165914953,-0.45079582219150033,-0.48142399555738674,-0.3826843542616186,-0.5364953204566342,-0.07945852883741007,0.01326487979525816,0.03875561069975016,-0.10858887424007536,0.029260936133002968,-0.1473859739666379,0.09847384769191919,-0.225493850779831,-0.5904685547050335,0.11208752643913909,0.309381179395249,-0.41821175935966054,0.006789272208514098,0.13636480073788773,-0.13579884395568953,1.0,0.0,0.0,-2.3217222238656676,0.0,-0.12757117157933529,0.0,0.0,0.0,0.0,0.0
ckb1qzda0cr08m85hc8jlnfp3zer7xulejywt49kt2rr0vthywaa50xwsqtrnw7zxsu43ta29zppg7rk8e3d2zk4kpcz7nrpq,0.4701816396535894,1.3433269682393674,0.4821316941682851,0.4918534629029846,-0.49591560433693604,0.15542945725362528,-0.46016549280139063,-0.683305887585888,-0.021065049421985754,0.01641918079366856,0.6232815735554086,0.48516410435958207,0.6650538406382138,0.48095476087580386,0.4307873696807893,0.07877966215689043,-0.6770245677085588,-0.1374887839941389,-0.004146387443865597,0.2732166236806328,-0.37258027238205993,-0.4063452967248798,0.04809260868682911,1.0,0.0,0.0,-0.575973603779844,0.0,0.08363081589539581,0.0,0.0,0.0,0.0,0.0
ckb1qzda0cr08m85hc8jlnfp3zer7xulejywt49kt2rr0vthywaa50xwsqg5lst9mlwu80g4jr84edy4yl3aznsjppqhnt9pw,0.3157799102484813,0.6849014788702783,-0.10474362416247118,0.47672857392491835,-0.48130788012470216,-0.4555628260071715,-0.40441909575525486,-0.5759957982587602,-0.052432968820053556,0.016247599782370878,0.46080739780062363,0.32012519774090414,0.4883295637462847,0.3063018806377172,0.30706124575841803,-0.2226458840251549,-0.6465346780168121,-0.12154448280209014,0.02629807192556499,0.37018106569007614,-0.4603363051245307,-0.4159483176062246,-0.2218816366234456,1.0,0.0,0.0,-1.4649218655552354,0.0,0.08363081589539581,0.0,0.0,0.0,0.0,0.0
ckb1qzda0cr08m85hc8jlnfp3zer7xulejywt49kt2rr0vthywaa50xwsqgyvkdp7jhf7qmnqwwwwqkcx486ph24weqs2g79k,-0.15624461696015246,-0.12143590887465273,-0.4792820720324982,-0.1973829242932024,0.2989237162589866,-0.585029882634682,1.0100721312180287,0.7064032157325727,-0.05892089427046488,0.005455142240272139,-0.033100808049413344,-0.18157958017105502,-0.048897784072817745,-0.22462859076917838,-0.10313918909933073,-0.6096056013797991,-0.5408601323181383,-0.1219767888184499,0.10439724886128857,-0.22225695923809702,-0.25212200933128315,-0.5663845307055131,1.3031474298050978,1.0,0.0,0.0,-2.2527023051395094,0.0,-0.227213195250827,0.0,0.0,0.0,0.0,0.0
ckb1qzda0cr08m85hc8jlnfp3zer7xulejywt49kt2rr0vthywaa50xwsqd5hxteyzsxsfckx7my779ksvgyrznwzsqhe3qgy,0.3635161369808545,0.8640948800007591,0.06223387352505883,0.44128717648068966,-0.4484812355371288,-0.4555628260071715,-0.06071612854994305,-0.06907743123457878,-0.022459583082140213,0.016322750699633903,0.5110240052027334,0.3711344977803877,0.5429505125209234,0.36028261374696274,0.3325620715208408,-0.05860809738545108,-0.6521195968061599,-0.14766992986555819,0.0021057570645358122,0.38623621428405663,-0.37049365540618767,-0.3777942352072069,1.47285678890527,1.0,0.5849625007211564,0.0,-0.748231665776817,-0.3103723305104762,0.08363081589539581,0.0,0.0,0.0,0.0,0.0
ckb1qzda0cr08m85hc8jlnfp3zer7xulejywt49kt2rr0vthywaa50xwsqvpgseqcuuk9dl4s3rp7x0vehjyj3hjwuq5d67zk,0.2520179905621959,0.4799868659272943,-0.16225129262329732,0.3144869391112089,-0.32493048474120284,-0.4816134135493628,0.6841815608887324,0.5420509213109873,-0.06818612554740973,0.01629896341098981,0.39376354472766834,0.2520230260864776,0.4154055042806818,0.23423256877905466,0.36850687159984563,0.08929563358691203,-0.6601937315074269,0.07199723874765616,0.27147381461763964,0.19246174887598985,-0.1098803577347775,-0.009074399848294095,-0.08295548410802625,1.0,0.0,0.0,-0.5736762334035487,0.0,0.23597455276011034,0.0,0.0,0.0,0.0,0.0
ckb1qzda0cr08m85hc8jlnfp3zer7xulejywt49kt2rr0vthywaa50xwsqw0dr0ghl76nf5xkw6lx0lxm032kw2jwwq6lnmhx,0.5200046435233255,1.6019227456105976,0.2916676234669362,0.8883091159980138,-0.8365367824157198,-0.7366149093635115,17.31300711121662,1.7634347237444625,1.3893707947922116,0.01601286632414058,0.6751991615969958,0.5389845739172663,0.721524957737279,0.5379104219171986,0.5914258361468417,0.17303058825255155,-0.7185198449743488,0.05858581866032473,-0.21251724345514383,9.311532804214355,-0.3474824166123898,-0.3387781668739549,-0.1079062557991197,1.0,0.5849625007211564,0.0,-3.000502970327542,-0.7073441397440787,0.8191980642165517,0.0,0.0,0.0,0.0,0.0
ckb1qzda0cr08m85hc8jlnfp3zer7xulejywt49kt2rr0vthywaa50xwsqguzqmcp4wprkpawalhp3hqfu9ur2q2tps9lv2ge,0.4149431880110687,1.0818708867731797,0.42267845929292086,0.3108886437009458,-0.32225780003110244,-0.43502297105201404,9.952979751774569,1.65029630781607,1.405604203898635,0.015986806019518157,0.5649552749305666,0.42629224383564895,0.601611925020714,0.41865345134739856,0.46208321892448523,0.5335953895950377,-0.6753723278625278,-0.006077685160955409,-0.1606214922481109,3.5361011426526647,0.09450087642877364,0.16775252462205503,0.8372540813956785,1.0,0.5849625007211564,0.0,-1.9641419159435525,-0.9776705738664929,0.5216130808083812,0.0,0.0,0.0,0.0,0.0
ckb1qzda0cr08m85hc8jlnfp3zer7xulejywt49kt2rr0vthywaa50xwsqftut643fj67jhgc0u2h4m3ggtt290vqmqxqpkju,0.2188686230516233,0.3885123740722279,-0.30233475393746667,0.4856904662096913,-0.4888303089137112,-0.48142399555738674,-0.4485917120847105,-0.6602814417471656,-0.07007409790109724,0.016091291939281816,0.3589259852393921,0.21663553942591565,0.3775124515500305,0.19678366296477834,0.4211433140054317,0.27730944826276077,-0.6716855102997438,0.2070062709331633,0.3780450596673087,-0.193724468788636,0.09538655492467088,0.19374336240705747,-0.23534665709028935,1.0,0.0,0.0,-2.3290995918027875,0.0,0.24332606161292836,0.0,0.0,0.0,0.0,0.0
ckb1qzda0cr08m85hc8jlnfp3zer7xulejywt49kt2rr0vthywaa50xwsqw70980sa70epqpxnhawt4ek50d7t99augeehwa4,0.3221555072675593,0.7075470379226184,0.11349138555917418,0.221495238126563,-0.23015161612072774,-0.06537004021703716,3.255613685527153,1.2593195769374232,0.049587497192420074,0.01608975151190023,0.46751325473829664,0.32693690976709816,0.49562357039531424,0.3135103937641157,0.40899357173839607,0.2126793779239446,-0.6694920092565481,0.03858012669140298,0.17419050060144026,-0.19198402967796505,-0.08202959011243437,-0.13332047997391294,0.29278941045155205,1.0,0.5849625007211564,0.0,-2.1443892074511357,-0.2712656418995814,-0.000530075093619497,0.0,0.0,0.0,0.0,0.0
ckb1qzda0cr08m85hc8jlnfp3zer7xulejywt49kt2rr0vthywaa50xwsqgtx2tjysfne99gjt69psfea8xc2my2zlgsfgp59,0.2334605837175544,0.427547453197722,0.36032957346880795,-0.23350630148383492,0.3416648360138463,-0.4929601252981955,5.159928444818772,1.4473890974828285,0.3932400487514849,0.015927711845961444,0.37378248709200507,0.23269413480513856,0.39367197065421833,0.21377771602185244,0.408168877388509,0.23778432431306262,-0.6688067848009231,0.16515712029589616,0.30755338152940404,0.7600610440769511,0.04283337862617799,0.1264198410598939,2.4615406969235667,1.0,1.3219280948873622,0.0,-2.0839265972907532,-1.0531415597518916,0.3997663390920939,0.0,0.0,0.0,0.0,0.0
ckb1qzda0cr08m85hc8jlnfp3zer7xulejywt49kt2rr0vthywaa50xwsq0g3rymnznt4dm00ep5yekxtdulmepc85g8av65a,0.4678009010360794,1.3314946659959772,0.4821170338974901,0.4817744210489264,-0.4866109682829865,0.15542945725362528,-0.4385194917720858,-0.6405701170747728,-0.023667411471744587,0.016359670021831127,0.620775449637489,0.48261842010334305,0.6623279124398499,0.6393811774463314,0.5131460856602734,0.406586571044172,-0.6951308997087543,0.0026900326601894393,0.029305634611770905,2.3928744189333404,-0.2445568292872806,-0.2677205139532296,0.13416973277601071,1.0,2.584962500721156,0.0,-1.102626404620616,-1.4557673346765696,0.45810191160094904,0.0,0.0,0.0,0.0,0.0
ckb1qzda0cr08m85hc8jlnfp3zer7xulejywt49kt2rr0vthywaa50xwsq07zh8qks3jgz4rzfnnvz6l3669qm0nrugucl40c,0.28026146910757804,0.5659590644577522,0.4821316941682851,-0.17114622082764508,0.24789036662607705,-0.27612571212730647,8.436836543272097,1.6067205720948439,-0.03807854964710352,0.016129875254316216,0.4234557085958123,0.28218389465021165,0.447701874855129,0.26615039150984554,0.35239107205462716,0.13858358411562824,-0.6549913660513651,0.004695674166236516,0.13792659932841786,0.035386677305098146,-0.09902396483030697,-0.012667087501831889,-0.0853622640976916,1.0,0.5849625007211564,0.0,-2.3022410129658732,-0.0032469732195272998,0.08363081589539581,0.0,0.0,0.0,0.0,0.0
ckb1qzda0cr08m85hc8jlnfp3zer7xulejywt49kt2rr0vthywaa50xwsqd622kmxwaqw0x24xqxfcc9vu6gh3c3w9qpeguet,-0.021949297709077102,-0.02279484381461534,0.4380683302933752,-0.6666490092467809,1.4082345303184614,-0.48142399555738674,5.318623569460319,1.458499949000966,0.004017755792300282,0.015175715756178498,0.10654195325897026,-0.039732492555533336,0.10299260651246613,-0.0745185172537534,0.21164080660439843,-0.11526638921185507,-0.620110434414373,0.2058391284964271,0.3579685708023624,-0.37027634015183924,0.028222431459880445,0.13102428821617407,-0.1385898118046524,1.0,0.5849625007211564,0.0,-3.165134597555362,-0.032917032690436374,-0.000530075093619497,0.0,0.0,0.0,0.0,0.0
ckb1qzda0cr08m85hc8jlnfp3zer7xulejywt49kt2rr0vthywaa50xwsq0s0kdxjtk6w92mphezmw02vgq8f9c3n2chrrtuk,-0.051718024208271395,-0.05029046738031468,-0.5235197548898296,0.49345924326381635,-0.4899154955888104,-0.48142399555738674,-0.4445901294295729,-0.6524144558265844,-0.06562811217251742,0.014598247502057697,0.07548646144949116,-0.0712782098298725,0.06921333477246601,-0.10790185996984097,0.20826837000415996,-0.11422840595912581,-0.6191648124774465,0.24330192168320056,0.448987784734543,-0.5394695626178566,0.06403358914180776,0.15461411089789498,-0.006332450007614986,1.0,0.0,0.0,-2.694749116660117,0.0,-0.000530075093619497,0.0,0.0,0.0,0.0,0.0
ckb1qzda0cr08m85hc8jlnfp3zer7xulejywt49kt2rr0vthywaa50xwsq0y6r5a4py64gccqrd77qvuhr8v3d2xfjcnrz45r,0.4693913484494251,1.339393737805985,0.48285564530548314,0.48795376320809314,-0.49232049374309855,-0.6637931170085157,4.575748047976237,1.4016995960422516,0.9576713804435889,0.015169904863162149,0.6218931330547708,0.48488280934640116,0.6635436243694265,0.48065707964866045,0.6144750950494645,0.19181561687676965,-0.7244109049368335,0.1694402864433013,0.18495263213090718,2.9307566144099293,-0.2721344537007955,-0.2720224991403373,0.23778461554558786,1.0,1.584962500721156,0.0,-0.42313853569504956,-1.1800164003937337,0.5532777548709199,0.0,0.0,0.0,0.0,0.0
ckb1qzda0cr08m85hc8jlnfp3zer7xulejywt49kt2rr0vthywaa50xwsqg8zg7hg80ul7sj74vc0rfe2ya7zxvzxxcv5tleh,-0.04773350093652396,-0.04682445753538157,-0.5190951179105185,0.46055856712859544,-0.45960601212960844,-0.48142399555738674,-0.4215003956066006,-0.6079333434621131,-0.057027351892410275,0.01059773769610886,0.07964046262262521,-0.06705863580512746,0.07373167037946306,-0.10343648406607131,0.1704443778201416,-0.12633014983044166,-0.6088376360703714,0.17472081785912846,0.34454139530540506,-0.2316518054860199,0.04862928288535962,0.10597038679672506,0.4837071842721766,1.0,0.0,0.0,-3.1274814366221317,0.0,-0.000530075093619497,0.0,0.0,0.0,0.0,0.0
ckb1qzda0cr08m85hc8jlnfp3zer7xulejywt49kt2rr0vthywaa50xwsqvdu6azqm97z3nfv9r2zs0q9m9jedf4z0qllxwrl,-0.7900833507669089,-0.22151054699761152,-0.5928812165553505,0.0,0.0,0.0,0.0,0.0,-0.3992070570723769,-1.5379389945779218,-0.7044131239549859,-0.7216417873835473,-0.7790888008662336,-0.7083421540315403,-2.2434195516864803,-1.21319312294884,0.32983702030289436,0.0,0.0,0.0,-0.20970082739268053,-0.14457448323575076,-0.5453374138143248,-1.7095112913514543,0.5849625007211564,0.0,0.0,-1.0000000000002138,-0.9054201020845571,0.0,0.0,0.0,0.0,0.0
ckb1qzda0cr08m85hc8jlnfp3zer7xulejywt49kt2rr0vthywaa50xwsqf68ndqgrm406nmahnk8uyvl6up7hzhgdcjvn87t,-0.7125380680447665,-0.21955603082058978,-0.5928752261536637,0.4941285122797516,0.0,0.0,0.0,0.0,-0.3992070570723769,-1.5379389945779218,-0.5647703626466023,-0.7216417873835473,-0.5383482275686691,-0.79615091801856,-0.940499232181292,-1.246798839954506,-0.17976965405251677,-0.7994390601474055,-0.5443529659285754,-0.30276121379647347,-0.08568842218632065,-0.002398111963409517,-0.5453374138143248,1.0,0.0,0.0,-2.0144951389319368,0.0,-0.7953547397470249,0.0,0.0,0.0,0.0,0.0
ckb1qzda0cr08m85hc8jlnfp3zer7xulejywt49kt2rr0vthywaa50xwsqvtfx52pmwvmnlxc89ahpga6w6rk8r69xgmnsu28,0.39361965061042137,0.9884975133977585,0.009298827151883095,0.6412862195208647,-0.6293211145570435,-1.1709713525916978,6.197231851931658,1.5120047617797407,1.4228389378142487,0.014336202363124374,0.5426996983821766,0.40331020659342387,0.5774043815507705,0.3943326467545298,0.04544176221382424,0.25561964605447046,-0.0013282678223391043,-0.6675562461830239,-0.7723901858555957,5.774326547164294,-0.12699144555381287,-0.3938978245162077,6.833659514517655,0.0,0.5849625007211564,0.0,0.0,-0.7714537291986845,0.06678899816881943,0.0,0.0,0.0,0.0,0.0
ckb1qzda0cr08m85hc8jlnfp3zer7xulejywt49kt2rr0vthywaa50xwsqvnz75wpz7kgfy6kmvukhlfmpkmg2kd2zgtuhp4d,0.5872133111362762,1.9811867965829226,0.40944574729992245,1.1033225025035738,-1.0059568240038155,-0.04644538004147637,-0.7440778388048975,-1.410931331236267,1.4289260280409193,0.01638895065528414,-0.7044131239549859,0.7520971594895086,-0.7790888008662336,0.7634374061159988,-2.2434195516864803,0.3466490790944062,0.5894348539985951,0.0,0.0,0.0,-0.4247442951165229,-0.4001252361061479,-0.40772196143708445,-1.7095112913514543,0.0,0.0,0.0,0.0,-0.7896792691189238,0.0,0.0,0.0,0.0,0.0
ckb1qzda0cr08m85hc8jlnfp3zer7xulejywt49kt2rr0vthywaa50xwsqwrn48zffgqgctt2netwvhcdn3pnznxceg9lhd3j,0.2536561179157727,0.4847685705879138,0.13130644764256238,-0.029029381793630533,0.05706461351070355,-0.6805016427057241,12.509472905898482,1.702815370831523,1.3903632871884177,-0.00470834248856924,0.048584970813146215,0.37646275850916394,0.039952398639463045,0.3659212604273507,0.9761243014930155,0.10987612004016693,-0.8166958262839891,1.5558948089971603,1.1939280418098552,1.272636996382026,-0.22700341324528656,-0.262859381872225,0.31102665319331235,0.0,0.5849625007211564,0.0,0.0,-0.05003416593409553,1.2364274531487778,0.0,0.0,0.0,0.0,0.0
ckb1qzda0cr08m85hc8jlnfp3zer7xulejywt49kt2rr0vthywaa50xwsqf0urdhtn86cykn6v4j6q5cl4l22zpjjfqp3eql2,0.5768135332165567,1.9204109816458788,0.39925148309588426,1.0605656345222514,-0.9729315780348373,-0.07858386865468246,-0.6576224927739004,-1.1499954510721162,1.429683858555675,0.016245437015902902,-0.7044131239549859,0.7409691591225126,-0.7790888008662336,0.751661168892876,-2.2434195516864803,0.33194633333200557,0.5869879392117672,0.0,0.0,0.0,-0.42570504989865543,-0.4012680138237558,-0.40712326659096115,-1.7095112913514543,0.0,0.0,0.0,0.0,-0.7868806285995826,0.0,0.0,0.0,0.0,0.0
ckb1qzda0cr08m85hc8jlnfp3zer7xulejywt49kt2rr0vthywaa50xwsq29kqmgkuplk5r7j3h8tjdex4cruvfzkfcmnttus,0.5488191594921543,1.7605138175550747,0.015288307238520668,1.4020809907520664,-1.2291574146190616,-0.1978911432872913,3.7922122385014725,1.3253470287023117,1.4273703342684028,0.014562322838736829,0.5589522410317217,0.6547059491157784,0.5950823838182262,0.6603728878751807,0.029077528663720608,0.23078878150122054,0.026296034874871248,-0.7168531350100003,-0.7430648261646405,0.1680973432109276,-0.4217954785337147,-0.3942581041297592,-0.43489687876557487,0.0,0.0,0.0,0.0,0.0,-0.6409642187962376,0.0,0.0,0.0,0.0,0.0
ckb1qzda0cr08m85hc8jlnfp3zer7xulejywt49kt2rr0vthywaa50xwsqtg4cs6f9a2z82rlt748wx8jghe6qj9wfs6fnl7j,0.5351881124765996,1.6847056520046382,0.10034416052358232,1.198123122079306,-1.0780375747931261,-0.3689771397321112,5.05300728898001,1.4396116752906825,1.3524982021579295,0.01509866557902527,0.43364006777769243,0.6659318417945603,0.45877947228662386,0.6757900155035463,1.1832669219845295,0.5318754148923409,-0.8689620410754321,1.3706220164185832,0.4546998112598329,1.1158057629861025,-0.17083499000890204,-0.3651370419689462,7.710326409657401,0.0,2.8073549220576037,0.0,0.0,-1.6428800477486436,1.2013345531074937,0.0,0.0,0.0,0.0,0.0
ckb1qzda0cr08m85hc8jlnfp3zer7xulejywt49kt2rr0vthywaa50xwsqggs86408ja7nsgdh0lz0cxafua6u0pq5cmvsxuu,0.12711254672883535,0.18440793332298616,0.4540159742508983,-0.48855081047598137,0.8298985318511931,-0.8065095719820478,2.080107630715799,1.0503387202275933,1.3627025886331547,-0.01156228904387048,0.2331826602343482,0.14483461643862208,0.24074057329756446,0.12080013725918176,0.6951261626216874,1.1904674054855915,-0.6753527516813416,0.8342251190015835,0.855170011014539,0.6297616335011383,0.9836121614555311,1.0593041464359012,0.7694122168696698,0.0,0.0,0.0,0.0,0.0,0.7376301387792495,0.0,0.0,0.0,0.0,0.0
ckb1qzda0cr08m85hc8jlnfp3zer7xulejywt49kt2rr0vthywaa50xwsqt44ntk8mswsuzjtd7e5d4nm5q3akq8ppsvm3kqy,-0.1946229274546533,-0.13978954167054303,0.3040352600163292,-0.7596053155327902,1.9992258175033844,-0.663180660276241,0.3880665666587281,0.34965449964001205,1.157571637191379,-0.0005118752322273249,-0.07273044146163207,-0.22183478588400962,-0.09200320852400368,-0.26722877375868753,0.3696909460551634,0.7476361714428037,0.04697138142354725,0.719344743104857,0.7409871839367056,0.21422209667119893,0.9969204769926968,1.076881865325532,0.6818006668880984,0.0,0.0,0.0,0.0,0.0,0.46936029418224723,0.0,0.0,0.0,0.0,0.0
ckb1qzda0cr08m85hc8jlnfp3zer7xulejywt49kt2rr0vthywaa50xwsqvzfcj3jtlhzyuu4s5frtv9d3r7mexqhnclvhwkr,0.2495341868297534,0.47278418892664126,0.48115457602646206,-0.2502010637112128,0.36775449508609176,-0.6022608792381147,0.8293631105940169,0.6203604301587706,1.3255295799234874,0.007598346288078979,0.391152770576337,0.24937103964394083,0.4125657473046654,0.23142609677780968,0.020887762960933594,0.21836216158308938,0.05413456807090566,-0.5016687025164779,-0.3821255428632609,0.3330986612644958,0.007440627868152893,-0.014618142830992687,0.8133314040334566,0.0,0.0,0.0,0.0,0.0,-0.1853375249634151,0.0,0.0,0.0,0.0,0.0
ckb1qzda0cr08m85hc8jlnfp3zer7xulejywt49kt2rr0vthywaa50xwsqtcj3ytn3vr7ux8twl2esdzhwqklqm5a9qjff8zs,-0.09949458043121936,-0.08720007162018527,-0.3170847954244117,-0.44314377177903075,0.7327918772404678,0.22825362706111185,0.7311211675902577,0.5683645517115744,1.1813380103168742,-0.07861067807236631,-0.13362852605737768,-0.029053090965400697,-0.1582424734058858,-0.06321701092927573,-0.07282352099378639,0.11197638829942128,0.4664261943251886,0.0717139804733095,0.1688749810306738,-0.05437463909085027,0.2179455519101516,0.15669931525165856,1.3752605087274798,4.799204938088556,0.5849625007211564,0.0,-5.877685357127025,-0.23559331580257956,-0.05645778249099704,0.0,0.0,0.0,0.0,0.0
ckb1qzda0cr08m85hc8jlnfp3zer7xulejywt49kt2rr0vthywaa50xwsqg709r8jqauttpmkjv2x2jg3mtdwvqk7acc26w2j,-0.5024282489180808,-0.207884714081511,-0.5866971422805819,0.4559858569594894,-0.3633800933448026,-1.2240112338578697,-0.08730545382318082,-0.10089881835990863,0.29940529280428263,-0.5689926089675176,-0.3801726732254003,-0.53413013708664,-0.4264102356228483,-0.5977161945129125,-0.42345745859321154,-0.4553630285125429,0.1993917856916947,-0.13077657856285596,0.09324287478346102,0.029419596025900968,0.30846870924777886,0.44820470010513824,0.4753856251611809,0.0,1.0,0.3333333333333333,0.0,-0.04226500645415092,-0.3083445541113534,0.0,0.0,0.0,0.0,0.0
ckb1qzda0cr08m85hc8jlnfp3zer7xulejywt49kt2rr0vthywaa50xwsqwl4qyx3j83nsjlyx3pj9q8msqt9hwmz5g0c8u0j,0.13102373005663379,0.19175118706625338,0.37590497625484137,-0.4571339760208867,0.756546428951125,0.7914028033118081,-0.11182632085718222,-0.13114976642075854,-0.33089177448955187,0.01165181683212951,0.18822773212152963,0.18015844883574894,0.1918427892247467,0.15818168077279732,-0.607359206011355,-0.7329576718413983,0.20831834813376257,-1.265915535290442,-1.001643768009322,-0.7551619648377166,-0.7591133066521604,-0.7900721195223247,-0.3883814701356515,0.0,0.0,0.0,0.0,0.0,-1.2112802527391409,0.0,0.0,0.0,0.0,0.0
ckb1qzda0cr08m85hc8jlnfp3zer7xulejywt49kt2rr0vthywaa50xwsq2s6dygffm0ed03txsa3ca8npdpel05vqg5j9mgd,0.30455344051215427,0.645987749570468,0.132602029874065,0.13912771505610017,-0.14121350116277104,0.5246115752755057,-0.4898912929182258,-0.7443505103370714,-0.33952282422047675,0.015389499430467734,0.3794313221800483,0.3510402763347536,0.3998162473774489,0.33901784822273,-0.46071528956694074,-0.4922395114953915,0.3432672778825443,-1.2843326341729855,-1.0179938972384652,-0.6860594191740845,-0.731977190872527,-0.7482218202400843,-0.3167265117720795,0.0,0.0,0.0,0.0,0.0,-1.198888329580567,0.0,0.0,0.0,0.0,-0.4402618657937807
ckb1qzda0cr08m85hc8jlnfp3zer7xulejywt49kt2rr0vthywaa50xwsqdw5wngjpd0llhvztxawxx2hkqktr7qqcgtr68xk,0.45371985357412414,1.2625298584926432,0.4747169422136243,0.42841323000890946,-0.4366760423689758,-0.6484767026860047,-0.28208708097671703,-0.3687115465117805,-0.28298838849097746,0.016200183617542663,0.4825288264130194,0.46756224993364387,0.5119561108375522,0.46232754965630285,-0.019216241140397706,0.24930578940257433,0.5240351491022667,-0.6928991350182586,-0.4883474363889066,-0.40469684886266627,-0.20238059380816315,-0.18766862028404696,0.06794810778758296,0.0,0.0,0.0,0.0,0.0,-0.6568676300425608,0.0,0.0,0.0,0.0,-0.6671664167916043
ckb1qzda0cr08m85hc8jlnfp3zer7xulejywt49kt2rr0vthywaa50xwsqd6ttxhzqms8gqpqw02ld92az8vy6g824gcc9ffr,0.46713429109222065,1.3281904621661071,0.4820895906897621,0.4789773334077419,-0.48402185165867206,-0.6656364510907217,-0.4028413619652887,-0.5730861384603274,-0.28925128443894826,0.01637691710274965,0.6199330989222082,0.4820483860582527,0.6614116817813108,0.4803589886743441,0.0792740110280428,0.308049166156503,0.3565237041313411,-0.7165556494012025,-0.5511527947124288,-0.35250574987506705,-0.16881303405847994,-0.17975104207504708,0.062471205041199546,0.0,2.3219280948873626,0.0,0.0,-0.025373177755814477,-0.5749453538959631,0.0,0.0,0.0,0.0,0.0
ckb1qzda0cr08m85hc8jlnfp3zer7xulejywt49kt2rr0vthywaa50xwsqwgp8u8962lw0pup3qdeaxga29denq87ygrhw3x2,0.04313808049265277,0.051816607524655826,-0.43362804317632364,0.23992366187693154,-0.2457065376218056,0.26628592922147476,1.0158801071896268,0.708983417617196,-0.21609644226611802,0.013510477107227227,0.17329779782077906,0.030684065096646816,0.1756033971423625,0.22762664741793795,-0.46003830112762545,-0.26657997531855765,0.46772599214387345,-1.0013877153710435,-0.7574197657911275,-0.50660451841835,-0.4184233143569145,-0.38318581351118763,-0.21663880622064519,0.0,2.584962500721156,0.0,0.0,-1.808541761983778,-0.8050010462936394,0.0,0.0,0.0,0.0,0.0
ckb1qzda0cr08m85hc8jlnfp3zer7xulejywt49kt2rr0vthywaa50xwsqwuu3rvzwd5vm6wn45ql8qjgrw6tqh0cvgrxrwtu,0.465390152318502,1.319563622954203,0.4820895906897621,0.4716206172922739,-0.4771976338968334,-0.6485748258328796,-0.38404933940100444,-0.5389395453373217,-0.295130173275369,0.016317424064535183,0.6182377571988945,0.48004066900256365,0.6595676469447254,0.4755328712126325,0.061582323066502444,0.2801219745993882,0.15975028748675327,-0.7436119266607142,-0.5591125226748992,-0.3006263892754226,-0.18861577673599375,-0.18662342396677653,0.11214325105980918,0.0,0.0,0.0,0.0,0.0,-0.5668050984807131,0.0,0.0,0.0,0.0,0.0
ckb1qzda0cr08m85hc8jlnfp3zer7xulejywt49kt2rr0vthywaa50xwsqv8ejrmt8xqzuql29z9f0n3w0hsth3us3qyhqspl,0.4692593151688834,1.3387371461247182,0.4820895906897621,0.48797120936176525,-0.4923362237168401,0.06410825224467133,-0.4300506300432079,-0.6242260516155006,-0.2888786202598223,0.01640819877003979,0.6221715877214027,0.48431905667618813,0.6638465014228359,0.4800604868232965,-0.09439799935492063,0.04346001449786509,0.16815056620581834,-1.0077366216365027,-0.8337834860744542,-0.2597140619135458,-0.4029422767829049,-0.45359063663507704,0.15893731961255533,0.0,0.0,0.0,0.0,0.0,-0.7898852985817151,0.0,0.0,0.0,0.0,0.0
ckb1qzda0cr08m85hc8jlnfp3zer7xulejywt49kt2rr0vthywaa50xwsqwdcrrc7pg028fpfwrnsm7ahx5tvd74f2ge9u32a,0.12632061930632688,0.18293474580384353,-0.41591828245592166,0.49405650274113655,-0.4953368919979823,-0.649951225397952,-0.4338164901139352,-0.6314681910038062,-0.3294832607558075,0.01589156674132917,0.2617560436130999,0.11793172481843185,0.27182003864956544,0.09233007765647502,-0.040902521930747726,0.1246006280634614,-0.002464683261894016,-0.4272529671861783,-0.23729342125204228,0.8410685965882593,0.06774466503011956,0.1261373220224161,1.3753620012929468,0.0,0.0,0.0,0.0,0.0,-0.058992006540108596,0.0,0.0,0.0,0.0,0.0
ckb1qzda0cr08m85hc8jlnfp3zer7xulejywt49kt2rr0vthywaa50xwsqtwhwseukev26py79eqk25vcqy6p7ldkngzrmrvv,0.4266821000194404,1.1351013438374515,0.4437007926794766,0.34169772562090955,-0.35289532774400895,0.5224148797566239,0.4806322651939758,0.4152393502463276,-0.273306393963208,0.016273826822732474,0.5338381645491941,0.4472904627308607,0.5677656303368497,0.4408748746775474,-0.16410473706848994,-0.047578840593420095,0.4046899993849268,-1.0031723413578326,-0.87494984567355,5.887219075990181,-0.4433811657142901,-0.5659145456351795,7.5192472147309575,0.0,0.5849625007211564,0.0,0.0,-0.8640724130625221,-0.07859136966495422,0.0,0.0,0.0,0.0,-0.27633851468048354
ckb1qzda0cr08m85hc8jlnfp3zer7xulejywt49kt2rr0vthywaa50xwsqgdxphgsetrscx0nayzu4w3y0mptppcf2cdy8eyh,0.2978756978528737,0.6234211062743751,0.002857336271292572,0.2524587123133964,-0.2622707784277119,0.5202681666315765,0.027152191570445808,0.029380211235686102,-0.32607763189964606,0.01616160195657001,0.4350538414338788,0.3077975417986984,0.46031724360269743,0.29325610457798457,-0.19960704807523577,-0.11615925157163429,0.16496494385534655,-0.9275248716461687,-0.6653976111784985,-0.22764533014506314,-0.3526512657647508,-0.3398052022895543,0.26336358087331135,0.0,0.0,0.0,0.0,0.0,-0.7422483204485378,0.0,0.0,0.0,0.0,0.0
ckb1qzda0cr08m85hc8jlnfp3zer7xulejywt49kt2rr0vthywaa50xwsqv45yf5q6ynep69kppw897xdgxd86w69nstg29fy,0.3419062783123982,0.7802185590309798,0.4806145012077103,0.012481734200861662,0.0052089104275184935,0.5244940591351073,-0.3001236212658868,-0.3971035011516349,-0.3218273274252073,0.01616938972400371,0.44867131559289175,0.37405800592726834,0.4751290637745269,0.3633764243441933,-0.3908140641149416,-0.3925300145226252,0.34462058512531,-1.2628646915829884,-1.0064896175739624,-0.6532660645887653,-0.6689642144086987,-0.6978596689464948,-0.10769254049143144,0.0,0.0,0.0,0.0,0.0,-1.0645654553863415,0.0,0.0,0.0,0.0,-0.20861372812920587
ckb1qzda0cr08m85hc8jlnfp3zer7xulejywt49kt2rr0vthywaa50xwsqdmttx5ka8lg5ejf2q9rxnmu5vavlpcy7c2frlzd,0.4641732858636949,1.313560555936947,0.4820895906897621,0.4665013652928835,-0.4724363993555235,0.5187379322225348,-0.4463300786877491,-0.6558292927925738,-0.2920311126901415,0.016408844219255064,0.6121891251714289,0.48347050498408667,0.6529885083445547,0.479162504643865,-0.18092322046493223,-0.08781200224822547,0.16698779894268925,-1.1375707093404066,-0.9292701989088037,-0.40462477792223533,-0.5182058055456774,-0.568499216756503,0.0427238840424631,0.0,0.0,0.0,0.0,0.0,-0.9392247222903285,0.0,0.0,0.0,0.0,0.0
ckb1qzda0cr08m85hc8jlnfp3zer7xulejywt49kt2rr0vthywaa50xwsqwz6xqpyrsgqm4xt07drgukqjdy5p4eq8semnq2f,0.0778026781975685,0.10104032445851034,-0.3982231137396288,0.22673836564092376,-0.23274452440494722,0.5222632206066953,-0.039911597533666236,-0.04486155363753684,-0.31323471424415394,0.011872933173322702,0.2021271684248692,0.07478845181039423,0.20696130155756445,0.04667358944935365,-0.5337258795507073,-0.6232105028792294,-0.002778017212286767,-1.163100301666352,-0.9473698911902133,0.018474675265273445,-0.5476227733363122,-0.5825740171621354,0.5324924709481661,0.0,0.0,0.0,0.0,0.0,-0.7440510017143219,0.0,0.0,0.0,0.0,0.0
ckb1qzda0cr08m85hc8jlnfp3zer7xulejywt49kt2rr0vthywaa50xwsq2n7pqmhqlygzfhe9y2pfegeeqzlgkvfkqkaaams,0.16563449237786707,0.26178686711661353,0.44101777539060566,-0.41675413211958556,0.6689128934748404,0.5246115752755057,3.0903195248281192,1.2360426497353396,-0.21874636815916135,0.015581423668341943,0.2583982672314279,0.19692213997350547,0.26816776221696254,0.18427523317682654,-0.32976485243645776,-0.09837994866992734,0.49245604604872373,-0.9021207084272366,-1.0268507722289373,4.644291774244909,-0.22480320291060113,-0.7202853065596703,5.0105151019398875,0.0,2.4594316186372973,0.0,0.0,-1.6468572893866167,-0.18395125466240536,0.0,0.0,0.0,0.0,0.0
ckb1qzda0cr08m85hc8jlnfp3zer7xulejywt49kt2rr0vthywaa50xwsqgtnlxsdxd59738lfcuwtx9rwht50pmcus3ye2h3,0.15432248822545405,0.237875456724494,0.46586956265553564,-0.4458797580264529,0.7311707752925453,0.5289013620717848,0.6358014375946401,0.5138547870304436,-0.30702934597079856,0.012519888299428602,0.24071482420098111,0.18871190059896825,0.24893335977732872,0.16723339480211655,-0.5552177884802039,-0.656638783679061,-0.1919056658949806,-1.2515115864861197,-0.9935944251171085,-0.7030174544361445,-0.7011646690706962,-0.7654559099474163,-0.08896918014489538,0.0,0.0,0.0,0.0,0.0,-1.153032664634235,0.0,0.0,0.0,0.0,0.0
ckb1qzda0cr08m85hc8jlnfp3zer7xulejywt49kt2rr0vthywaa50xwsqda5zj9fpg255n7vz04eqkzlles8z72susenvew6,0.21491498976582676,0.37826338136033943,0.47619192929564735,-0.32893795960053546,0.5002081294962305,0.3323156251889915,-0.26323533400767596,-0.33976329140857137,-0.26506352399550825,0.01244422247422936,0.3547719840662581,0.2124159654011706,0.37299411594303344,0.19231828706100867,-0.5796202169065212,-0.6928508418024607,-0.003661590147683852,-1.4471289379856143,-1.177433511168535,-0.7319556784995586,-0.7587387733525351,-0.7875402709494448,-0.3650770097118972,0.0,0.0,0.0,0.0,0.0,-1.3161148466911883,0.0,0.0,0.0,0.0,0.0
ckb1qzda0cr08m85hc8jlnfp3zer7xulejywt49kt2rr0vthywaa50xwsqwxa6w0ye7fsk6q5ekdrmynesst3y88nxqmqfn4f,0.10625855373766183,0.1471150428193008,-0.4263381168568137,0.4580336036556342,-0.46160665577024484,-0.7934839146310496,0.16991781534469638,0.17032332113662996,-0.14212787026685675,0.015081793263134045,0.24071482420098111,0.09655835991556351,0.24893335977732872,0.06971165502422567,0.5883398672916643,1.0794144713921388,-0.0025816221331011672,0.64654573319606,0.854227054897819,-0.3778192591986942,0.9379258061128336,1.1869343294111931,0.026749675523992007,0.0,0.5849625007211564,0.0,0.0,-0.007062774428805163,0.40725318051228343,0.0,0.0,0.0,0.0,0.0
ckb1qzda0cr08m85hc8jlnfp3zer7xulejywt49kt2rr0vthywaa50xwsqwfa8pxvswqfjn530whn97try3rq9l7gjg4nddxz,0.4378976363709773,1.1871512859146496,0.4820893858897045,0.35870075413195457,-0.36961665182215697,-0.913307196989135,1.952281219231916,1.019654862483572,-0.29443652385065167,0.01622837667680226,0.5892992227236772,0.45064532622424447,0.6280910042371268,0.4444251682654642,0.6698668854073122,1.2031240714916758,0.16663754888488566,0.30581856210679037,0.4204397520150357,-0.09131819205034025,0.6618088182363864,0.7653570077680854,0.34374211721335274,0.0,0.0,0.0,0.0,0.0,0.22093932454375248,0.0,0.0,0.0,0.0,0.0
ckb1qzda0cr08m85hc8jlnfp3zer7xulejywt49kt2rr0vthywaa50xwsqwxlcluqtxv4qjnxfa3y53qjyyan3ym5xc0uwhmj,0.16237631819016177,0.25479551645746273,-0.3775794556597081,0.48849104695696793,-0.4907509303103581,-0.6484767026860047,-0.43090667865410975,-0.6258687421013228,-0.30447087970624204,0.016256219688606875,0.29959383076984997,0.1563667991446137,0.3129764596217177,0.13300410156250164,0.4049061217750908,0.8010716828209883,-0.002232316173609876,0.26120803035056295,0.4928830222663948,-0.5552144394838354,0.6256572167890123,0.8357611896973148,-0.16952543150018892,0.0,0.0,0.0,0.0,0.0,0.021288043821123093,0.0,0.0,0.0,0.0,0.0
ckb1qzda0cr08m85hc8jlnfp3zer7xulejywt49kt2rr0vthywaa50xwsqd403rpqrzn2kc57yx8f2p74n4e0zf2rxqq2drwj,-0.17068545142361796,-0.12874911336643807,-0.5353785486292659,0.1608380241690125,-0.1512027572479421,-0.6793290377253726,0.7891660040375931,0.5995682790171613,-0.3427429943335364,0.008648759531084294,-0.04803074235016393,-0.1967451904684318,-0.06513717615520195,-0.24067763988900256,0.19079174290656847,0.4761740292334668,-0.003461329228683341,0.3872258650538187,0.3317207910468553,1.9916972642904855,0.7277790988340731,0.67913525576429,2.6484505879481803,0.0,0.0,0.0,0.0,0.0,0.47295758886395506,0.0,0.0,0.0,0.0,0.0
ckb1qzda0cr08m85hc8jlnfp3zer7xulejywt49kt2rr0vthywaa50xwsq0ccj0jne37a2e7g4aw9473j0wju4xx2ag7zssne,0.08776587872618799,0.11656412909576022,-0.4483583043910318,0.49403861161522117,-0.49461822690096185,-1.090833758527373,-0.43163748479955283,-0.6272727659456067,-0.3807667089892369,0.015864813083583007,0.22132854017094297,0.07686605432390149,0.2278467654867949,0.048872218066133795,0.1117586026038422,0.356248962898485,-0.002685050037572639,-0.11827798898525405,0.10665232548741943,-0.6655511247164968,0.3181306958718907,0.46040188276541677,-0.2916051013435206,0.0,0.0,0.0,0.0,0.0,-0.3066723043583917,0.0,0.0,0.0,0.0,0.0
ckb1qzda0cr08m85hc8jlnfp3zer7xulejywt49kt2rr0vthywaa50xwsqwzmg9q6njct6tvpsylhv4dgdt2jtesqeqzx57u7,0.1444765539132467,0.21787892991176855,-0.39527479504271557,0.4818790057211048,-0.48439234453833707,-0.649951225397952,-0.42525721964933233,-0.6150665404145141,-0.3347716909249748,0.015989563488239655,0.2808059971489373,0.13728239078171883,0.29254080395153415,0.11280797353118446,0.1536281724546215,0.41978194504986055,-0.002350448108199652,-0.13034189763901155,0.002091314169724837,-0.011135778539215772,0.30835438880765276,0.3587839930864271,0.43245876097740665,0.0,0.0,0.0,0.0,0.0,-0.021040043570229535,0.0,0.0,0.0,0.0,0.0
ckb1qzda0cr08m85hc8jlnfp3zer7xulejywt49kt2rr0vthywaa50xwsqda6qmftuk4uc08kxa6mchk5gl52wj46usevshdf,0.2511936349786888,0.4775900030678112,-0.2292056709443169,0.44151064012091445,-0.4479709152458077,-0.649951225397952,-0.07824542988356151,-0.08994361630343349,-0.30960418578071436,0.01592331095198088,0.39289704051342744,0.2511428436978953,0.41446300169543004,0.23330111332742637,0.4633405125912164,0.8897409503691931,0.15304700770567453,0.23066739200898645,0.3681368316772353,2.5367353160561334,0.6009085022603462,0.7145262807079229,3.25148488511067,0.0,0.5849625007211564,0.0,0.0,-0.7337937291176494,0.6068754304489561,0.0,0.0,0.0,0.0,0.0
ckb1qzda0cr08m85hc8jlnfp3zer7xulejywt49kt2rr0vthywaa50xwsqdhlh26x095s6eayfehscs0g3w7a35xeps0kzd64,0.28516558907210954,0.5816582002745035,-0.14754891834977543,0.42206855226485446,-0.4298711870766844,-0.6484767026860047,0.36131499561604735,0.3296388554113789,-0.3466187057786324,0.016310461341260296,0.4286122366563874,0.2874218209182622,0.4533106658432639,0.27169344149686137,0.3015781447135089,0.6442844151418524,0.16537476620255026,-0.08672331616406515,0.1505356261732703,-0.6198719754778871,0.3437043778783703,0.5030499823936674,-0.24107502680413936,0.0,0.0,0.0,0.0,0.0,-0.19655870882732399,0.0,0.0,0.0,0.0,0.0
ckb1qzda0cr08m85hc8jlnfp3zer7xulejywt49kt2rr0vthywaa50xwsqt8cqqp7h76xg76krfy7gf9e76ukjptnwsggzgwq,0.3598069259436975,0.8493742520344135,0.2771249932383982,0.2135403485011638,-0.2219666466672113,-0.649951225397952,2.3330958171905904,1.1054292787618067,-0.3293090371920404,0.016389830311682743,0.5071214731178899,0.3671703624011201,0.5387057015684283,0.3560875564975685,0.19047982410422626,0.4757020451272325,0.10767479188729868,-0.37828137419585733,-0.19891203673094354,-0.2728371982163775,0.10743125161493515,0.16343835702240417,0.14290029561948642,0.0,0.0,0.0,0.0,0.0,-0.2547808555358853,0.0,0.0,0.0,0.0,0.0
ckb1qzda0cr08m85hc8jlnfp3zer7xulejywt49kt2rr0vthywaa50xwsqdj4umj7up8wpnzcfyfluuedu62pk2sk2c5lwnrt,0.4701816396535894,1.3433269682393674,0.4820895224230762,0.4918853054999747,-0.49594491868139756,-0.5181154159874094,-0.4372568984781199,-0.6381202524531177,-0.28812139695134603,0.0164218476911185,0.6232815735554086,0.48516410435958207,0.6650538406382138,0.48095476087580386,0.2657018374587992,0.5898464398708222,0.16680074731695663,-0.4116154219045021,-0.24265325281636985,-0.3012445873956737,0.08042019827792286,0.12092834214325139,0.1114719413067227,0.0,0.0,0.0,0.0,0.0,-0.3458054704162248,0.0,0.0,0.0,0.0,0.0
ckb1qzda0cr08m85hc8jlnfp3zer7xulejywt49kt2rr0vthywaa50xwsqwexweexwze3qsd7a425f2hmm8296utjkc0850ly,0.3221555072675593,0.7075470379226184,0.17316114529551185,0.16484752345428313,-0.16955351348323844,-0.5596758965451275,3.2188602962539434,1.254277297684769,-0.3182884863021538,0.016226284618805546,0.46751325473829664,0.32693690976709816,0.49562357039531424,0.3135103937641157,0.28466406536396294,0.6186193472684235,0.16650396418693292,-0.16788339686450895,-0.007320152759865746,1.6875301184001894,0.2779345122881755,0.3496374346122193,2.3118725776346105,0.0,1.3219280948873622,0.0,0.0,-0.804114306632241,0.2733839489108015,0.0,0.0,0.0,0.0,0.0
ckb1qzda0cr08m85hc8jlnfp3zer7xulejywt49kt2rr0vthywaa50xwsqgyxsdzsqagk0lly758rp0hawjzx76wstsungwjh,0.35216545211575623,0.819470346519173,-0.013363664563207952,0.4920380171483443,-0.4956458726305227,-0.649951225397952,-0.42739303628534275,-0.6191396918152845,-0.31567066321868537,0.0164111322153874,0.4990820256005455,0.35900400844414865,0.5299611392863731,0.3474454897943263,0.23819795642453984,0.5481125405233149,0.1657373879201604,-0.2880877872274778,-0.09869597680926433,1.1207404218610162,0.18052457210171236,0.26083360616875595,1.6847595857411342,0.0,0.5849625007211564,0.0,0.0,-0.3951698161839824,0.1791010985181272,0.0,0.0,0.0,0.0,0.0
ckb1qzda0cr08m85hc8jlnfp3zer7xulejywt49kt2rr0vthywaa50xwsq2czvm3xs4y353l9hfh4k8u0a5a3fpvwysp4mlc0,0.46700068982987614,1.3275287040608745,0.4820895224230762,0.4784130574357015,-0.48349916626196277,-0.6485748258328796,-0.37572022048010456,-0.5240994661728413,-0.29466565032746994,0.01639892497326915,0.6199330989222082,0.48176277248800004,0.6614116817813108,0.47735529199789883,0.2393803593575237,0.5499068383198905,0.16715133062000515,-0.45076003760445343,-0.2888625400072673,-0.3302412846111667,0.048698918695256485,0.07601972593283268,0.07937895864645611,0.0,0.0,0.0,0.0,0.0,-0.3449869913456505,0.0,0.0,0.0,0.0,0.0
ckb1qzda0cr08m85hc8jlnfp3zer7xulejywt49kt2rr0vthywaa50xwsq0hdpsvr460r784ym6afepeygsacdj7vksh7jjd6,0.4704443460125732,1.3446356441758922,0.4820895224230762,0.49300129892207734,-0.4969727679348989,-0.6727868491562596,-0.43422492340415714,-0.6322561068188086,-0.2854774776077807,0.016387043741867932,0.6232815735554086,0.4857255370570425,0.6650538406382138,0.48154889858357397,0.20156960176698419,0.49253374342056294,0.16654877483191693,-0.5180964989311369,-0.34738247619982354,-0.2299337505514056,-0.006477822526726729,0.018896909170221323,0.19331775673662427,0.0,0.5849625007211564,0.0,0.0,-0.004690999183807002,-0.4021557826058253,0.0,0.0,0.0,0.0,0.0
ckb1qzda0cr08m85hc8jlnfp3zer7xulejywt49kt2rr0vthywaa50xwsqg5jmhqdrajsdjx6cfxjxh8rgcyd0tqknsgt33vf,0.3579249899783201,0.8419567082329633,0.06478831051105495,0.4150943122003417,-0.42367428588939404,-0.6485748258328796,0.51627445712105,0.4390759307823528,-0.328967783865468,0.016354209375227698,0.5051414874583716,0.36515912174179993,0.5365520575674096,0.3539591554968649,0.1618121897840331,0.43220629215082035,0.1605948451225706,-0.42318276456203224,-0.19490661048691132,-0.38251761319554717,0.07104828605997057,0.16735594340971333,0.021530239697234155,0.0,0.0,0.0,0.0,0.0,-0.32726616066348446,0.0,0.0,0.0,0.0,0.0
ckb1qzda0cr08m85hc8jlnfp3zer7xulejywt49kt2rr0vthywaa50xwsq0gcpdgn07xeev0gcfc9eskt7zvmnvwyuqv3vek3,0.33430245876818016,0.7517897016064773,0.48170702418203143,-0.012397174810513549,0.035760449359675456,0.342483384109468,3.272588592892446,1.2616235843169485,0.20455710007446506,0.01621801015842415,0.4797268074023708,0.3404865139451611,0.508908335514527,0.32784929993035955,0.10382747903657391,0.3442182128003448,0.13019408243386418,-0.48481231807398234,-0.2260325086279607,-0.19725512752027255,0.019859913184967333,0.1357307622459974,0.2326139392077713,0.0,0.5849625007211564,0.0,0.0,-0.2732404001897018,-0.4260269133819921,0.0,0.0,0.0,0.0,0.0
ckb1qzda0cr08m85hc8jlnfp3zer7xulejywt49kt2rr0vthywaa50xwsq2lfh4w2sguefdcw8fmehy5fpaenhehr9cped0e2,0.25928152932273935,0.5013797093526875,-0.23454786338201167,0.48738898558618393,-0.4907639756405568,-0.6485748258328796,-0.43273550650042003,-0.6293851707880411,-0.3435180162595289,0.01626761503956014,0.4013988049214834,0.25977881243395345,0.4237104292348492,0.2424401511718999,0.09506515525767059,0.33092530051101604,0.15114239592364404,-0.39249760524640565,-0.1635513675514175,-0.5756426781378713,0.09591580263408492,0.19780372581174283,-0.19215431088765486,0.0,0.0,0.0,0.0,0.0,-0.4489083291896154,0.0,0.0,0.0,0.0,0.0
ckb1qzda0cr08m85hc8jlnfp3zer7xulejywt49kt2rr0vthywaa50xwsqfhhns5zvr3d2rxe8lswgx9whpq0a0kmzsruh3s5,0.4185927800708184,1.0982822697976489,0.4820895224230762,0.28291104984113613,-0.29405955682192114,-0.8860817028381337,3.39850811344323,1.2782420612235268,-0.28143028432328243,0.01643457928569815,0.5689809876485574,0.4300063583043208,0.6059907203939264,0.42258392327536803,0.13927614559236767,0.3980059520691208,0.10779495547133447,-0.547578735698776,-0.38112240490088806,-0.29017642242124847,-0.029762907265147083,-0.013643264233073892,0.12371552494087083,0.0,0.0,0.0,0.0,0.0,-0.42536985180631265,0.0,0.0,0.0,0.0,0.0
ckb1qzda0cr08m85hc8jlnfp3zer7xulejywt49kt2rr0vthywaa50xwsqwmk6ckqgsgj3vszez0ujy68ryrhfegksq3jpy2e,0.31753989382783876,0.6911131976674969,0.38771704144778557,-0.010130746707160786,0.033051133092450384,-0.6484767026860047,4.53581777456817,1.3982674579172174,-0.29991488627909574,0.01582560616225797,0.46265851574829925,0.32200553645127056,0.49034303745202845,0.3082917542882222,0.13512190954303566,0.3917024309926092,0.10943751523542158,-0.4095777218191365,-0.17009068490432663,-0.32893751010885763,0.08206997316977531,0.19144846293066578,0.08082875883109135,0.0,0.0,0.0,0.0,0.0,-0.48481693190078246,0.0,0.0,0.0,0.0,0.0
ckb1qzda0cr08m85hc8jlnfp3zer7xulejywt49kt2rr0vthywaa50xwsqgdfcqrc54z7gdl04pmq7vskgdzx2axu0cns0vcq,0.2536561179157727,0.4847685705879138,0.44227618641164085,-0.22219749914483736,0.3240281779365381,-0.9152863258714953,5.076968027110197,1.4413756947475067,-0.20564013204627402,0.01585481475059491,0.39548545195562795,0.25377211442547715,0.41727843459913083,0.23608354636037698,0.5381498679757952,1.0032563544581847,0.13286676057569705,0.35136660237767936,0.475251496814511,1.9158115439153298,0.6987198670211696,0.8186259448748283,2.564484881149602,0.0,0.5849625007211564,0.0,0.0,-0.6829388804399156,0.6548633434547813,0.0,0.0,0.0,0.0,0.0
ckb1qzda0cr08m85hc8jlnfp3zer7xulejywt49kt2rr0vthywaa50xwsqwclramlxrmcu6r5nwxg55jmhj8ycwtcfs0lxcas,0.4600602198296745,1.2933663168089724,0.4820895224230762,0.44928024575910125,-0.4563429242503235,0.06413068196942567,-0.22982940926161285,-0.29020756225450656,-0.27981729266033467,0.016379979785546336,0.6124813107472799,0.47448972238238296,0.6533063206022297,0.469658566570622,0.10567484648907857,0.3470225468496368,0.14076812047855325,-0.6625904217182871,-0.5404484847954423,0.0014058868507712489,-0.12328460950832734,-0.16851707334727212,0.44781611262830057,0.0,0.5849625007211564,0.0,0.0,-0.02299247789595474,-0.48839388534931666,0.0,0.0,0.0,0.0,0.0
ckb1qzda0cr08m85hc8jlnfp3zer7xulejywt49kt2rr0vthywaa50xwsq2cte26209d9uf8efuawf7zykhdxhggjjsr8msdw,0.3511884374787336,0.815687994152287,0.4820895224230762,0.0418902975006995,-0.030127791756577565,0.342483384109468,3.119999228829951,1.2403381150412618,-0.2700389748218237,0.016118190111700938,0.4975382485503646,0.35848262704143724,0.5282819623857478,0.3496385521674543,0.021288235357975693,0.21917069962733032,0.27147165539578993,-0.6461207642867398,-0.4993538528672144,-0.27350308857428934,-0.11339982478279098,-0.14586820681367738,0.16038085679949063,0.0,1.9999999999999998,0.0,0.0,-0.003863253222955825,-0.5343904223959655,0.0,0.0,0.0,0.0,0.0
ckb1qzda0cr08m85hc8jlnfp3zer7xulejywt49kt2rr0vthywaa50xwsq0mmaezyca50v248mvc47vss8sxtrt0h9c4z835r,0.4499583819631476,1.2444053167078515,0.4820895906897621,0.4075269336980804,-0.41681442097650206,-0.8658716244823517,0.8415589657740506,0.6265421935963265,-0.29269046289819567,0.016397061529532332,0.601993936159188,0.46354043164946734,0.6418991312321938,0.4580714493129543,0.055153037998818225,0.2703682495416459,0.1654944310273672,-0.7321733088143075,-0.5510334086526804,-0.2405954887634337,-0.17934434040332492,-0.17877171595883756,0.1785667116743667,0.0,0.0,0.0,0.0,0.0,-0.536467794088305,0.0,0.0,0.0,0.0,0.0
ckb1qzda0cr08m85hc8jlnfp3zer7xulejywt49kt2rr0vthywaa50xwsqw6ujq2qpcu7m6rmwt276sq275wpagjkhquf7rhu,0.400364689190917,1.017566474442584,0.4451738853609662,0.238976561205178,-0.24881653761845296,0.06413068196942567,3.112496415618752,1.2392571857142418,-0.31857034140551477,0.016412223330587734,0.5495983636012468,0.41072260164026236,0.5849081070917431,0.4021768343519672,0.03457534022714952,0.23914455527881123,0.16334645769924672,-0.6949893839913457,-0.5281794628070646,-0.2972353890496685,-0.14965037267178183,-0.156579410016053,0.1181588426791446,0.0,0.0,0.0,0.0,0.0,-0.5375416068045218,0.0,0.0,0.0,0.0,0.0
ckb1qzda0cr08m85hc8jlnfp3zer7xulejywt49kt2rr0vthywaa50xwsqdcdz8fzqaqzeecdt5u5yp9nvq3ewesgzgf9jqeg,-0.015178672106097668,-0.016002772319607814,-0.25453965994503486,-0.3531639671146087,0.5487202906110061,-1.0714667193477934,2.374478308604662,1.113800507394671,-0.1968374668517777,0.012217732035317784,0.11361151789666045,-0.03255133153314792,0.11068222052486254,-0.02930993625624312,0.04933939185986264,0.46229808482128554,0.5838939314537661,-0.07347175828973455,-0.20621792436941078,2.158494534964793,0.49331771258553825,0.15820603273160397,1.9695796364374494,0.0,2.4594316186372973,0.0,0.0,-1.713741889985836,0.16312469082797254,0.0,0.0,0.0,0.0,0.0
ckb1qzda0cr08m85hc8jlnfp3zer7xulejywt49kt2rr0vthywaa50xwsqvehcws3ggwuk35js8qz299pmtd20ppvmg5ksx6t,0.4525703372703782,1.2569775083656163,0.4820895224230762,0.4182484395102524,-0.42703534410335237,-0.6485748258328796,0.7103906963620756,0.5568662056713599,-0.2452713387340668,0.01631036516930527,0.604743269613276,0.46633316461816793,0.6448896001134873,0.4610268667155088,0.24986408078364936,0.5658145434853551,0.16663095222867794,-0.4126703241304788,-0.21141744898504738,-0.41530823425401764,0.07956564268389647,0.1512849395230438,-0.014721784731627037,0.0,0.5849625007211564,0.0,0.0,-0.003834309132014478,-0.3433509955872122,0.0,0.0,0.0,0.0,0.0
ckb1qzda0cr08m85hc8jlnfp3zer7xulejywt49kt2rr0vthywaa50xwsq2stwwespmk3ffj7g7g7auauwvzcqrvf3g7mtxue,0.4615786342956821,1.3008040313689815,0.4820895224230762,0.45562296639358435,-0.46228420483367433,-0.6485748258328796,-0.21971102260543648,-0.2756191854642874,-0.28669625007340455,0.016381330517026282,0.6142255806843705,0.47596515840500536,0.6552035749929946,0.47121995082987084,0.07876394602475487,0.306193694567666,0.16509401538567592,-0.7096337616303835,-0.538444492824448,-0.2692640002917082,-0.16108041901630107,-0.16653714531675262,0.14683104041722309,0.0,0.0,0.0,0.0,0.0,-0.5460158648204001,0.0,0.0,0.0,0.0,0.0
ckb1qzda0cr08m85hc8jlnfp3zer7xulejywt49kt2rr0vthywaa50xwsqgfqwmvzh39rck52chuz5t6404wqmywtagx3n5lf,-0.17068545142361796,-0.12874911336643807,-0.4925949803147464,-0.17309806837076727,0.26441843056491515,-1.1667085470230394,1.9520036207255729,1.0195859328236245,-0.3427429943335364,-0.0022084230447622427,-0.04803074235016393,-0.1967451904684318,-0.06513717615520195,-0.24067763988900256,-0.31504265541243126,-0.2913802418632684,-0.003447486867314771,-0.45276167961322883,-0.23779912277895565,-0.409947600048249,0.047073007687013904,0.12564585470151252,-0.008798070638208203,0.0,0.0,0.0,0.0,0.0,-0.4362805658733001,0.0,0.0,0.0,0.0,0.0
ckb1qzda0cr08m85hc8jlnfp3zer7xulejywt49kt2rr0vthywaa50xwsq258tee40n8kuyqgcleve2z46h0wacml4gmt9drn,0.46485027842642607,1.3168987044551044,0.4820895736230907,0.46934806139244356,-0.4750852860437686,-0.5700612160826376,-0.3655566869031191,-0.5062295859067295,-0.2882074296813918,0.0163693229647508,0.6176694580371809,0.4794633989727524,0.6589495040432731,0.4749219736040183,0.06866717544109249,0.29087257622074797,0.16162114552948884,-0.7310795902792354,-0.5427564840879944,-0.2623778507058222,-0.17845983971006857,-0.17072776525924166,0.15446767459017507,0.0,0.0,0.0,0.0,0.0,-0.6375449385349127,0.0,0.0,0.0,0.0,0.0
ckb1qzda0cr08m85hc8jlnfp3zer7xulejywt49kt2rr0vthywaa50xwsqdrke350wl8qag3cv75pp4q2zh9wurf25c8csrmu,0.47057556399320516,1.3452895332157975,0.4820895906897621,0.49355886104644314,-0.49748611539713516,-0.6074635375517775,-0.4229230883228338,-0.6106299698686344,-0.26724927171804214,0.016330953536026493,0.5487989104917017,0.4874006521935984,0.584038536453597,0.4844953802076763,0.05059153950377609,0.3070182025016947,0.5064381711677981,-0.6673152449367376,-0.4851126329203835,-0.3636796705631323,-0.17397089433289523,-0.18268659131705128,0.15952061436840284,0.0,1.9999999999999998,0.0,0.0,-0.005379676895919823,-0.5533428418819648,0.0,0.0,0.0,0.0,-0.4577899794097461
ckb1qzda0cr08m85hc8jlnfp3zer7xulejywt49kt2rr0vthywaa50xwsqw5lewnq2e8cv8kmsye0k5z6jlnhrs5pdgfzkhzy,0.33536940825378403,0.7557446926785091,0.4820895906897621,-0.009238370348649461,0.03184597515692534,-0.8833360681573594,7.961413957810559,1.590259680770413,-0.2702239475746749,0.016330194660581655,0.4814126910416362,0.3410557551741447,0.510742082728132,0.33321152030301193,0.17186665050591612,0.9047424522566303,0.6750056219494807,-0.3741399940871462,-0.47147474585119653,10.709991431802264,0.511433173681691,-0.10092004608676423,5.65310399435898,0.0,2.4594316186372973,0.0,0.0,-1.795708549218254,0.4539249047878864,0.0,0.0,0.0,0.0,0.0
ckb1qzda0cr08m85hc8jlnfp3zer7xulejywt49kt2rr0vthywaa50xwsqv28623ss9uptevpdfusyqk7rf6ggh9lucdgrcf5,0.41406387520108945,1.0779354910574417,0.4820895736230907,0.2655584482561076,-0.27633194351111806,-0.6485748258328796,3.0201064645519855,1.2256689450789773,-0.30682434373893336,0.016374040551660626,0.5642146052755788,0.4251647363560417,0.6008062935498328,0.4174602634328762,0.05117463166082883,0.2643317676915813,0.16565459679088898,-0.6873414891435595,-0.5106415446595483,-0.2759783469491798,-0.14301336955054816,-0.1395167777100996,0.13940059994367926,0.0,0.0,0.0,0.0,0.0,-0.5528331648562512,0.0,0.0,0.0,0.0,0.0
ckb1qzda0cr08m85hc8jlnfp3zer7xulejywt49kt2rr0vthywaa50xwsqw8n05pvq0v6vht3graz05kjzla3edv9cgf7s09r,0.4655248830033757,1.3202290771718626,0.4820895736230907,0.472188110690081,-0.4777248039639365,0.06413815824921794,-0.40734556757884,-0.5814106550709871,-0.2932707084146536,0.01643443156225358,0.6182377571988945,0.48032869451086685,0.6595676469447254,0.4758376750048887,0.07212445653411033,0.29611993034189266,0.16708229536199332,-0.726114847894942,-0.5499786847454917,-0.2438704381936788,-0.17474815018984038,-0.17789899673788198,0.1764103749291374,0.0,0.0,0.0,0.0,0.0,-0.5484004172697636,0.0,0.0,0.0,0.0,0.0
ckb1qzda0cr08m85hc8jlnfp3zer7xulejywt49kt2rr0vthywaa50xwsqwdds9zeghmn5d5jl8htyp8wm3gyl7jz9qqrsxqy,0.4256894496979021,1.1305504804911692,0.4820895906897621,0.31043038355166813,-0.32183660624621446,0.342483384109468,2.4487376588432817,1.1284105064342171,-0.3010513462005075,0.01635508910577651,0.5761005242372012,0.4379476121525041,0.613734689240598,0.4309877771647517,0.045445467313367675,0.2556391610458646,0.16678582700656314,-0.7130353434334074,-0.5560774296515584,-0.3669059528710441,-0.16460479866053143,-0.1839705688285626,0.04288879955983169,0.0,0.0,0.0,0.0,0.0,-0.619392003206663,0.0,0.0,0.0,0.0,0.0
ckb1qzda0cr08m85hc8jlnfp3zer7xulejywt49kt2rr0vthywaa50xwsqvac5x8rl5h5ha25vngn064x44uep988tgt5sz7p,-0.0641952870159892,-0.060739198617371454,0.06899350422857081,-0.6265451805873441,1.2455410226960342,-1.1497527595482908,3.472154015403264,1.2875915419227155,-0.256421040718639,0.0057460102723121236,0.06248440711648569,-0.08448550767242007,0.05507091097228068,-0.0864424310089972,-0.13243237601667754,0.00021643531254029598,0.4119130274587155,-0.3044017245217004,-0.05635743927690317,-0.27353711279208026,0.1430776484349832,0.23521612832489122,0.21421039109084986,0.0,2.584962500721156,0.0,0.0,-0.24929155804204964,-0.3086936721459179,0.0,0.0,0.0,0.0,0.0
ckb1qzda0cr08m85hc8jlnfp3zer7xulejywt49kt2rr0vthywaa50xwsqt3j4qnk2pk9pwdn0wnx04ngejfc5de4dccgk8ws,0.4458230814119518,1.2246261504186515,0.4820895906897621,0.3906593396319262,-0.4006320796796603,-0.5470072034745784,0.08356018881405437,0.08766391068001947,-0.2778217021579922,0.01636784116068051,0.5976411945127676,0.45911897994010153,0.6371646242473915,0.4533924357900487,0.22587135897537505,0.5294085625522043,0.16665208757879588,-0.4428363245892018,-0.23936025736007058,-0.437629383262879,0.05512038615767326,0.1241286552161803,-0.039400793011195125,0.0,0.0,0.0,0.0,0.0,-0.39985549060651937,0.0,0.0,0.0,0.0,0.0
ckb1qzda0cr08m85hc8jlnfp3zer7xulejywt49kt2rr0vthywaa50xwsqwu20nshpqgcg45hh2zla8uxjmyxxma63ca9emrw,0.2827292478536885,0.5738301803078534,0.4820895906897621,-0.16441155481607203,0.2381832584179901,0.5114703422050716,5.639584371155532,1.4795167653782442,-0.2562911699387227,0.01634546696987327,0.42494251917615633,0.28593890073453915,0.4493190889352493,0.27012413710338984,-0.18773675209462615,-0.09820403974750759,0.0420983338879056,-0.8940492246143233,-0.6634729516892939,-0.4107460591510425,-0.31297599150469163,-0.2882726168901353,-0.004878849809342638,0.0,0.0,0.0,0.0,0.0,-0.7168004337131179,0.0,0.0,0.0,0.0,0.0
ckb1qzda0cr08m85hc8jlnfp3zer7xulejywt49kt2rr0vthywaa50xwsq06hq9768t33hwp5cxyq4kxaskw7xgrqhgyj6gz0,0.46019875674212035,1.2940440738071262,0.48170709244871723,0.450141979341832,-0.4571508837818775,0.29668065177665753,-0.2034677514008563,-0.25259446744073744,0.2432671608041048,0.01640503829639712,0.6124813107472799,0.4747856618263906,0.6533063206022297,0.4699717453072663,0.061885774788253946,0.28058363192587144,0.16419916290215994,-0.7352735265700434,-0.5599669278376084,-0.34735983912923346,-0.1825006245231462,-0.1879335082664917,0.06355881140708348,0.0,0.5849625007211564,0.0,0.0,-0.7072373036218502,-0.6544572352553857,0.0,0.0,0.0,0.0,0.0
ckb1qzda0cr08m85hc8jlnfp3zer7xulejywt49kt2rr0vthywaa50xwsq0g42eercj9puzjr3aj5qzej2kky9xvgrqcqehre,0.273398119233938,0.5443735619976531,0.28361722333327677,-0.07986741139694015,0.12225398432028522,-0.6818385693648519,4.268465503631007,1.3741180889581268,-0.2620170752145385,0.013541924548320866,0.41507612221749807,0.27602878135256015,0.4385873411978169,0.2596367258073068,0.11540048968733492,0.3617840776108177,0.16592231895497228,-0.37740362043138864,-0.41964065776968007,4.660463362203252,0.10558298587331369,-0.05239281569956074,5.635856661952238,0.0,1.0,0.0,0.0,-1.3329142329326698,0.24890027005049226,0.0,0.0,0.0,0.0,0.0
ckb1qzda0cr08m85hc8jlnfp3zer7xulejywt49kt2rr0vthywaa50xwsq0ww9n0ex40pmhtz6ltslng7rtl35w96nszujfva,-0.359523345671699,-0.1886417807899271,-0.5810900068349459,0.5920515107881986,-0.544158772287398,-1.1663233874510743,-0.4029128470150286,-0.573217825981073,-0.3992070570723769,-0.028884974718198588,-0.24052991191701675,-0.3922830494711185,-0.2745198450375645,-0.4476061209974876,-0.2737200589542376,-0.22867724848636556,-0.0036197393744036516,-0.10427661690444988,-0.2846239806170142,1.2141945703032742,0.3294770780603139,0.08013899722010036,1.7881993134710388,0.0,0.0,0.0,0.0,0.0,-0.03437441478272455,0.0,0.0,0.0,0.0,0.0
ckb1qzda0cr08m85hc8jlnfp3zer7xulejywt49kt2rr0vthywaa50xwsqwpcd535qtqw2pdwmaxkyeevw02nhxes8sh82574,0.04190817143551037,0.050200181845602675,-0.47637484988049106,0.47327340665831824,-0.47439063489103084,-1.1497527595482908,-0.39764796699401617,-0.5635557565978138,-0.3766420406148324,0.014558737170977108,0.17329779782077906,0.028077124238678197,0.1756033971423625,-0.002758802386558222,-0.08330849718702273,0.060253701060037176,-0.0029197127494376878,-0.37612912224383366,-0.22874390562725713,0.11949451039996324,0.10917422179918343,0.13444619063249733,0.5769918221745993,0.0,0.0,0.0,0.0,0.0,-0.2274903193066359,0.0,0.0,0.0,0.0,0.0
ckb1qzda0cr08m85hc8jlnfp3zer7xulejywt49kt2rr0vthywaa50xwsqdug54pz4xhn0z0exgx6kune22z0k5xpdqap800k,0.3210120049116431,0.7034562529835028,0.4791405381259756,-0.052239506743054984,0.08605311063665509,0.26473942798913136,0.06880814745514921,0.07276680304628363,-0.25318313822514077,0.015993560272720028,0.4663104934390384,0.3257151623181225,0.49431531866917033,0.3122174761408782,-0.45309818142677305,-0.5008660161618869,-0.0036094733912287857,-1.3897108156107214,-1.122292616719671,-0.6414362757599738,-0.7122084835515322,-0.7339514524489399,-0.26492375427091325,0.0,0.0,0.0,0.0,0.0,-1.1366415924483544,0.0,0.0,0.0,0.0,-0.48948948948948945
ckb1qzda0cr08m85hc8jlnfp3zer7xulejywt49kt2rr0vthywaa50xwsq2k7w0yl67ft05fyk4qrjfx3gfemp25pcsvpyj40,0.03177333948639151,0.03720256177681409,-0.23483277439557593,-0.2709672844068991,0.40469844807190086,0.5015455399206754,1.31765723690864,0.8296891452757422,0.39308534045245497,0.00642869481854415,0.057956982445823944,0.0869489847626113,0.0501464000622334,0.059542507141847084,-0.17785169349029115,-0.11182982426972114,-0.4326572845331577,-0.37352189040821676,-0.22822522591852965,0.4362910953865138,-0.10798020948994752,-0.005455407900439929,-0.05636999153711167,0.0,0.5849625007211564,0.0,0.0,-0.013939603779013914,-0.1853375249634151,0.0,0.0,0.0,0.0,0.0
ckb1qzda0cr08m85hc8jlnfp3zer7xulejywt49kt2rr0vthywaa50xwsqdsczh9v0wp9w3p7th99t7kdf5sscfsd5g5w0zah,0.2274763347662077,0.41130746322018175,-0.19326752749080234,0.27461940187203665,-0.2844571011010917,-1.1497527595482908,1.1254931438523692,0.7557374298569652,-0.36356011682572503,0.01584988117883308,0.3679706825527343,0.22582301151713458,0.38735043093956245,0.20650633076301994,-0.023509222736550144,0.15099332613072922,0.004467330803878404,-0.543716125756477,-0.31675354215231427,-0.6001469338865483,-0.026634274799794688,0.048914976595949254,-0.2192402990749627,0.0,0.0,0.0,0.0,0.0,-0.5292506081053536,0.0,0.0,0.0,0.0,0.0
ckb1qzda0cr08m85hc8jlnfp3zer7xulejywt49kt2rr0vthywaa50xwsqfsq8jqye7jzl6krc66gkd3lch36mxyhts00xst4,0.3198616243047147,0.6993537297644877,-0.10184461107944243,0.48922596544784863,-0.49287987785400417,-1.1951071838380438,-0.4274159519594907,-0.6191834639213065,-0.3576670857428237,0.016308476504472327,0.46510050830489247,0.3244860770026463,0.4929992095282035,0.310916793200084,0.12052912970572154,0.3695574211536787,0.007040045538670825,-0.43713777862761494,-0.19136853307002352,-0.5027838185309964,0.05973427514291832,0.170769536340265,-0.11151475158066948,0.0,0.0,0.0,0.0,0.0,-0.42904623487772997,0.0,0.0,0.0,0.0,0.0
ckb1qzda0cr08m85hc8jlnfp3zer7xulejywt49kt2rr0vthywaa50xwsqthl80tuq23uvh5fxm6auu4va9dw76gclqtu8vax,0.17994606005758831,0.2935139310101813,-0.3554687806333419,0.4839660016454586,-0.48680308096878955,-1.192210795238006,-0.4204380381978954,-0.6059234208149447,-0.3465242877709888,0.016070026776854283,0.31804113331651707,0.17510530099096774,0.3330417173035704,0.15283417306421174,-0.02359451329817097,0.15086386597550705,0.00045495234289733726,-0.4755978407222432,-0.24075810566570205,-0.5794808275438468,0.028567141973067797,0.12277015962441477,-0.19637455333948112,0.0,0.0,0.0,0.0,0.0,-0.45069101784821664,0.0,0.0,0.0,0.0,0.0
ckb1qzda0cr08m85hc8jlnfp3zer7xulejywt49kt2rr0vthywaa50xwsqvdd6sal6kly783vvjjs7z67v96lrelzss078v03,0.12632061930632688,0.18293474580384353,-0.4070782415665661,0.4547771716406723,-0.4589112000181109,-1.141370982910709,-0.26669579282375316,-0.34502264498182184,-0.3559237089692021,0.016283359859146997,0.2617560436130999,0.11793172481843185,0.27182003864956544,0.09233007765647502,-0.0896765121197015,0.05059087616052461,-0.0017701844224025816,-0.5082341761250616,-0.257840039176641,-0.6200579927052018,0.0021194144332206963,0.10616903147408786,-0.2412702331709643,0.0,0.0,0.0,0.0,0.0,-0.5336954448457699,0.0,0.0,0.0,0.0,0.004166666666666652
ckb1qzda0cr08m85hc8jlnfp3zer7xulejywt49kt2rr0vthywaa50xwsqvhrfezapvnxmakv6relqsjugjyeccwwaqz6drgw,0.3579249899783201,0.8419567082329633,0.007272791381351417,0.4881145017191526,-0.49205955388808603,-1.1768626751689695,-0.426947923061792,-0.61828976050699,-0.32971143822177407,0.016354807535713667,0.5051414874583716,0.36515912174179993,0.5365520575674096,0.3539591554968649,0.05316627600298251,0.2673408880157317,0.006238831478490004,-0.6035633156836834,-0.37102445876746787,-0.43114711438429,-0.07513304175107922,-0.00382953493052018,-0.03225384085895836,0.0,0.0,0.0,0.0,0.0,-0.48575799260804003,0.0,0.0,0.0,0.0,0.0
ckb1qzda0cr08m85hc8jlnfp3zer7xulejywt49kt2rr0vthywaa50xwsqgcz52lrjnahz4fqftgu99pl00ekkzmcnqw90ng6,0.2766799000324016,0.5546389074509857,-0.2076978248877075,0.5027470578085979,-0.50501950842637,-1.1515996886404987,-0.3415475450297061,-0.46502639577438293,-0.17858522132638344,0.01574623608917843,0.41968995560457595,0.2783586974865242,0.44360583946219206,0.2629180470466093,0.07437192659599715,0.30328023483653777,0.4070191442316559,-0.4518246923205414,-0.32963482989561854,0.8726052263364709,0.05032885759818339,0.036523897867655496,1.3940096459864073,0.0,1.8073549220576042,0.0,0.0,-0.9612829963952348,-0.051851540610810924,0.0,0.0,0.0,0.0,0.0
ckb1qzda0cr08m85hc8jlnfp3zer7xulejywt49kt2rr0vthywaa50xwsqduy4r065e9prkxhdnwmzw75dtph3ecu6sfrv9s4,0.15294658157685334,0.23503587612706717,-0.00453785727786054,-0.20399522312891633,0.29754544601673405,-1.1497527595482908,5.659484270573633,1.480760038311255,-0.3992070570723769,0.011780074385049789,0.28969546503179033,0.14631218307327762,0.30220993922335887,0.3689361080774173,-0.11876178779191722,0.2959322589718812,0.5652552748010874,-0.5948006490757622,-0.34443246892944557,-0.5584602803079032,-0.06516965141219615,0.02461335004911864,-0.2849967298044687,0.0,2.584962500721156,0.0,0.0,-1.8176402272838306,-0.5023047715179593,0.0,0.0,0.0,0.0,0.0
ckb1qzda0cr08m85hc8jlnfp3zer7xulejywt49kt2rr0vthywaa50xwsqgymz5r96gzf6r87vldacvwxsxmk99t47swcpt4f,0.19493114702058806,0.3285514406778599,-0.33777415805053623,0.4893974456446533,-0.49199214235866606,-1.141370982910709,-0.4260094544620861,-0.6164996268729473,-0.34984321042269356,0.016091627786049233,0.33377889105345954,0.19109148659534758,0.35015978448588453,0.16975159827641678,0.07734808229740404,0.30403437687337326,0.0005421792754986808,-0.32951925111839125,-0.5457439602313511,4.484208933725608,0.14694577216834864,-0.17363111877850906,5.406236357022843,0.0,0.0,0.0,0.0,0.0,0.2600327337598442,0.0,0.0,0.0,0.0,0.0
ckb1qzda0cr08m85hc8jlnfp3zer7xulejywt49kt2rr0vthywaa50xwsq0p2y5tnuw0y02sequmjwswja4v5ywc3ag3xanwy,0.35933817522063327,0.8475234707263443,0.007272791381351417,0.494117792121995,-0.4975947371759068,-1.141370982910709,-0.42692855457174944,-0.6182527897134713,-0.310368230763243,0.016365433822574337,0.5066282980387157,0.3666694023226315,0.5381692716475299,0.35555741410638986,-0.1265156702603464,-0.005308778449269755,0.006913591596156577,-0.9037904064767122,-0.7479458420388966,3.667250830771906,-0.31842987955454677,-0.3701414693346271,4.502327068535554,0.0,0.5849625007211564,0.0,0.0,-0.8534823110462975,-0.10908582632784075,0.0,0.0,0.0,0.0,0.0
ckb1qzda0cr08m85hc8jlnfp3zer7xulejywt49kt2rr0vthywaa50xwsq0s2sjs6vxhfxkk22fms3k3tt4c02c9jmc5y4vrm,0.2478602137858871,0.46796216627539755,-0.22719740157878823,0.42332988463249205,-0.4307746027649531,-1.2005456618827326,-0.2589475437511157,-0.3332799605341576,-0.37388871316368166,0.015487692809709729,0.3893932666478418,0.24758376112290137,0.4106519227968179,0.5008368845490537,0.0033752654317925827,0.4886482017117158,0.5978804079278944,-0.528341494646106,-0.3555595744508565,1.3167781601572732,-0.029717217948502163,0.03592272134378957,0.8954715239248651,0.0,2.700439718141092,0.0,0.0,-1.8195069799511867,-0.028566202938987418,0.0,0.0,0.0,0.0,0.0
ckb1qzda0cr08m85hc8jlnfp3zer7xulejywt49kt2rr0vthywaa50xwsqfxqhntpalmhxqf2dls2ak9tq52pclnals5mtv4z,0.3400983628980658,0.7734079993504754,0.005798316299472566,0.4156001957294517,-0.42406505635784303,-1.141370982910709,-0.02577748332206194,-0.028739568885920955,-0.32401926290787214,0.016081224178313522,0.48638731216503467,0.3461089030189258,0.5161530122913061,0.3337992087468363,-0.2838802109609772,-0.24409386213795695,0.005458412246398363,-1.1371291930234078,-0.8645595495518071,-0.4017785204059962,-0.5075219244160715,-0.483472838498506,0.00024037101136300653,0.0,0.0,0.0,0.0,0.0,-0.8517536628743968,0.0,0.0,0.0,0.0,0.0
ckb1qzda0cr08m85hc8jlnfp3zer7xulejywt49kt2rr0vthywaa50xwsqgdh67vg3ffv9r3zccpq3nmdysrqzgv77s04dskt,0.42602090593211217,1.132069045010809,0.3935586900261272,0.3769761510939539,-0.38735728107879336,-1.1431773974278776,0.4693203625401827,0.4075155505068024,-0.3336407547124471,0.01639957172537165,0.576798833148614,0.4379476121525041,0.6144942446397457,0.4309877771647517,0.04330290640418841,0.2523782666699587,0.1173959698110349,-0.717542321946853,-0.5331180726477073,-0.29246820984355576,-0.16749532612404702,-0.16135521652881155,0.12117349929583653,0.0,0.0,0.0,0.0,0.0,-0.651850566038586,0.0,0.0,0.0,0.0,0.0
ckb1qzda0cr08m85hc8jlnfp3zer7xulejywt49kt2rr0vthywaa50xwsq0tc0g06xvj256jx3v9f7ffxsrtfd8zuhqr9cqcg,0.4154688416610891,1.0842269351407297,0.48208274695450154,0.27092870482821235,-0.28183625856486205,-1.1377837931644077,0.10296509284113445,0.10690209626352462,-0.007203209333012847,0.016130013245889436,0.5656932315038169,0.42666670339094104,0.6024146054539549,0.48125203348068146,0.17822850381769384,0.7330895524024718,0.6369363370694304,-0.4784293952337606,-0.43198350044842126,0.7206845852727435,0.2071408379876738,-0.02227268442691615,1.0244117892538116,0.0,2.584962500721156,0.0,0.0,-1.7977999801844256,-0.08091640149208734,0.0,0.0,0.0,0.0,0.0
ckb1qzda0cr08m85hc8jlnfp3zer7xulejywt49kt2rr0vthywaa50xwsqwkr8fn99ghht0zeyert3w949f25zjw24gcwcxy8,0.29395247927208884,0.6103641355191448,0.48208274695450154,-0.13324346948768626,0.19417028624794053,-1.1377837931644077,6.533680447894019,1.5294951449692944,-0.25173977886199594,0.016199207497266967,0.43785196862624604,0.29680740637928094,0.4633607857682478,0.281625763317649,-0.06170386180086921,0.09304053281929008,0.09079866221978747,-0.7025087058624306,-0.6363411075638559,-0.1861466786765437,-0.15531263398615544,-0.26167016713821434,0.2388094328221343,0.0,0.0,0.0,0.0,0.0,-0.6342390872692765,0.0,0.0,0.0,0.0,0.0
ckb1qzda0cr08m85hc8jlnfp3zer7xulejywt49kt2rr0vthywaa50xwsq2eqg5mtlwgsjzpwjel4kdtlyamfyflfwshadjmx,0.46403759930300603,1.3128919899388722,0.48208249095442945,0.4659365329091268,-0.47191043098715596,-1.1377837931644077,-0.30094469453671824,-0.3984125829489671,-0.29114964857809034,0.016313813210230756,0.6168139921265711,0.47859442913258726,0.6580190078966953,0.47400238386282145,0.30987025813950997,0.6568650464270392,0.1252713883234438,-0.32947002424544475,-0.14567523636870075,-0.365743582940405,0.14698653586400656,0.2151779179771178,0.04010820274073105,0.0,0.0,0.0,0.0,0.0,-0.31144989009641916,0.0,0.0,0.0,0.0,0.0
ckb1qzda0cr08m85hc8jlnfp3zer7xulejywt49kt2rr0vthywaa50xwsqw8agrm4yvlzsah4ca3dyvt9hz9qsdaxmq5qskx2,0.40687992453960076,1.0460561689611287,0.48208249095442945,0.23837491261407665,-0.2482149808925537,-1.1377837931644077,4.615666645321248,1.4050878201501489,-0.29585650146876197,0.016265571328645693,0.5566541714074089,0.41748495750276243,0.5925827577040004,0.40933311618137486,0.025578937721995376,0.22548390580410463,0.11346162207377775,-0.7195306629781215,-0.6048388197272053,-0.2100242653153911,-0.1691066040941215,-0.23105549986713886,0.21239024019600683,0.0,0.0,0.0,0.0,0.0,-0.5603303261944097,0.0,0.0,0.0,0.0,0.0
ckb1qzda0cr08m85hc8jlnfp3zer7xulejywt49kt2rr0vthywaa50xwsqfrwmam5nkqvxfjujhr7kk9d2f2dvdj4egq7kqlm,0.2858560237543505,0.5838869277107481,-0.17557167610765065,0.47676330538496087,-0.4811440650542101,-1.16363818041495,-0.2870114064812742,-0.376394521283977,-0.3151520915787744,0.015309449585445454,0.4293382263401739,0.2881592706887992,0.4541003298086426,0.27247384975994315,-0.26486863476491884,-0.2152332135996878,0.08921806863220542,-1.0279610473369443,-0.8627228175614535,1.3268972662371146,-0.4190436191685119,-0.48166875376705237,1.9127704861525088,0.0,0.5849625007211564,0.0,0.0,-0.8282074127167992,-0.46595420220851,0.0,0.0,0.0,0.0,0.0
ckb1qzda0cr08m85hc8jlnfp3zer7xulejywt49kt2rr0vthywaa50xwsqdly7vzugjpxpzy4wc8u8dkpt6gmv2kknsw36cs0,0.5604802476625969,1.82644682085718,0.39884674698191064,0.9793845644455159,-0.9093683308056691,-0.41543371703226006,4.38829564681426,1.385201422051033,1.2311318832459026,0.01564482380622879,0.6646628040722342,0.624749930405188,0.7100644892905973,0.6286718480691006,0.6135630097917011,0.32618929725736073,-0.723416439772684,0.10969165778513966,-0.10635646178128356,3.165282358893398,-0.3048211487996752,-0.33321384313798774,0.3172863547497577,1.0,1.0,0.0,-0.9693808811493957,-0.9161221640364712,0.6047301786622546,0.0,0.0,0.0,0.0,0.0004288164665522398
ckb1qzda0cr08m85hc8jlnfp3zer7xulejywt49kt2rr0vthywaa50xwsqgdfkqjl4zve8hmvt72a2gykfrwnae27ecw45zxl,-0.015178672106097668,-0.016002772319607814,-0.25994629613421033,-0.34661271128683435,0.5366827877843092,-1.390831914111397,3.64882281474989,1.308983741720171,-0.16072030269116114,0.00593699501172785,0.11361151789666045,-0.03255133153314792,0.11068222052486254,0.015853153078743375,0.49681061175419705,1.4404281713068765,0.7653899305681637,0.6696313158459576,0.4888643856673149,2.749382928672323,1.3139068843731898,0.8384951055084866,1.3437818244674566,0.0,2.584962500721156,0.0,0.0,-1.8102680277884755,0.7854988863135147,0.0,0.0,0.0,0.0,0.0
ckb1qzda0cr08m85hc8jlnfp3zer7xulejywt49kt2rr0vthywaa50xwsqguvzhn36ualhchhnpmm7w5l5w6wwyzdjc9gyxqq,0.5623564642809226,1.8371459930577105,0.48205883654776843,0.9129942264681074,-0.8564994755481946,-0.5169696797754281,-0.21303032863498034,-0.26609115460790356,0.9185178005387741,-0.03371626437635271,0.5338381645491941,0.6802907093545418,0.5677656303368497,0.6874480312910618,1.02330941232016,1.7506276786030928,0.6926902964398742,0.9683412899222584,0.8831459651729261,0.7561053294290764,0.8980026975127102,-0.034946604233664316,4.138478098369925,10.178765823529531,5.426264754702097,0.004830917874396135,-6.246381950967828,-1.8119438815585254,0.9281192557414867,0.0,0.0,0.0,0.0,0.0
ckb1qzda0cr08m85hc8jlnfp3zer7xulejywt49kt2rr0vthywaa50xwsq2k3fxq87k84uvjlx93f6kjgfllm0uasqge8xsjk,0.02915343277314381,0.033934609814990274,-0.2906663389183077,-0.19619341038284094,0.28839454907718404,-1.390831914111397,0.23014606557512324,0.22374543238624525,0.23265399158609607,0.0017692095885835722,0.15995106946146648,0.014519711529092101,0.16108606903643394,0.0831910398120015,0.4855065477954501,1.1443392849295888,0.6999494830566276,0.5868556069934876,0.6467071129057439,-0.10543366567815214,0.9815649190951872,1.0890018426634482,0.2294385201246231,0.0,2.584962500721156,0.0,0.0,-1.7885819653249604,0.32747214518349643,0.0,0.0,0.0,0.0,0.0
ckb1qzda0cr08m85hc8jlnfp3zer7xulejywt49kt2rr0vthywaa50xwsqw4z50cyvxxvvnt8akzu07gn8agqvlx5js7pep0j,0.4275053909992482,1.138882695845497,0.29628378263351324,0.464806245275168,-0.4707464002071458,0.4112032190152313,-0.3216317601137092,-0.43188519566464695,-0.3133970499533372,0.016367134814003887,0.5771470820153403,0.44076060613358126,0.614873037323966,0.43396463583979533,0.06066085484845283,0.27871311894398154,-0.0036200352097056736,-0.6892051640469798,-0.533659096942851,-0.3359631017310091,-0.14720654833963154,-0.16548904234272016,0.06911704210582637,0.0,0.0,0.0,0.0,0.0,-0.5538005792945424,0.0,0.0,0.0,0.0,0.0
ckb1qzda0cr08m85hc8jlnfp3zer7xulejywt49kt2rr0vthywaa50xwsqggtmv990h0ggv7g747uk0mj422sf3anps8teujc,0.28791249732425406,0.5905523400666908,-0.16819986389841496,0.4713338830798466,-0.4761230096506693,-1.1951071838380438,-0.37510970784367687,-0.5230186852161961,-0.371927490153993,0.01630486535908315,0.4315006290602571,0.2903558079473136,0.4564523900993353,0.2747983414001852,0.19336824097080318,0.4800836406625105,0.006885376417591827,-0.2703554144193459,-0.048780194963975516,-0.5451066178699393,0.19489075677827403,0.30934438210805504,-0.15834189821823982,0.0,0.0,0.0,0.0,0.0,-0.3846726347006992,0.0,0.0,0.0,0.0,0.0
ckb1qzda0cr08m85hc8jlnfp3zer7xulejywt49kt2rr0vthywaa50xwsqfh8xfzhxnsgxq7st5khe2fa59da8lp6gchut7ky,-0.09692742511791141,-0.08542069570808208,-0.5397889861379118,0.5163656765876997,-0.508716775576607,-1.2377044502896708,-0.4264615279615152,-0.6173616469758034,-0.3992070570723769,0.013602636503673332,0.028421965168515227,-0.11908564119973034,0.018020958913969588,-0.15849420668734746,0.06853733036021716,0.2906649046696759,-0.0028952543628658596,0.0767956470571484,0.17713552505136712,0.9761715674116087,0.4762137717494626,0.5289011617577675,1.5248438532635222,0.0,0.0,0.0,0.0,0.0,0.20728135687349758,0.0,0.0,0.0,0.0,0.0
ckb1qzda0cr08m85hc8jlnfp3zer7xulejywt49kt2rr0vthywaa50xwsqg234899dy86s85krenks2uxma9pz0thwsukch3x,0.23118105495208732,0.42132311441246256,-0.11953925072891962,0.1681643459061631,-0.17247813343709076,-1.1515996886404987,1.9985493190760382,1.0310016243004243,-0.3719402932990363,0.015966230493291437,0.3718637876441746,0.22977757109349844,0.3915849880865853,0.2106912543924576,0.0915578753660389,0.32559636675081066,0.004320627328306706,-0.35798316287293097,-0.23685646284988185,1.2746346392954366,0.12387930423583664,0.12656197685359957,1.8550715971136205,0.0,0.0,0.0,0.0,0.0,0.07020326324608353,0.0,0.0,0.0,0.0,0.0
ckb1qzda0cr08m85hc8jlnfp3zer7xulejywt49kt2rr0vthywaa50xwsqv4twdpchew2fdreeukg2dtl9p7f0wnjxckl7k7s,0.1286866313287738,0.18734976226384956,-0.3790651606114159,0.3547677243807697,-0.3632970032644063,0.5275794878706671,-0.5321552395978656,-0.836194742207548,-0.356369190266657,0.015898712229492507,0.2233533001209523,0.15496031876375932,0.23004911079110457,0.13151568980222414,-0.050238852172106815,0.11043373015414375,0.00379444884537113,-0.3900604465153997,-0.22402863435867218,-0.5182852511879634,0.014712616460078033,0.09844104654613191,-0.17788228736574146,0.0,0.0,0.0,0.0,0.0,-0.4040821162643912,0.0,0.0,0.0,0.0,0.0
ckb1qzda0cr08m85hc8jlnfp3zer7xulejywt49kt2rr0vthywaa50xwsqts0nuc7ay2w00u35eal83750sgsr4xr9c723k5h,-0.04383030017020877,-0.04336682982642802,-0.5206235578075938,0.4940813055811307,-0.4908156035345969,-1.5847994170602304,-0.41036503447637573,-0.5870220300561783,-0.3992070570723769,0.014110682611986206,0.08371053881256872,-0.06292431155868974,0.07815872020582071,-0.0990613239764153,-0.16955805563857593,-0.07062150321108075,0.00016312661628428842,-0.3955309425622702,-0.1738975559492072,-0.5522080156700936,0.09345151053821196,0.18774883713326732,-0.16619916574789317,0.0,0.0,0.0,0.0,0.0,-0.3997627899548377,0.0,0.0,0.0,0.0,0.0
ckb1qzda0cr08m85hc8jlnfp3zer7xulejywt49kt2rr0vthywaa50xwsq0r6u0pkm3j5lhvy5dlqe0wcppr4cftwacwfa6sd,0.36625158574864086,0.875036732085554,0.3139776030827597,0.208069091573144,-0.2162071392706699,0.5275442919953875,1.4324896022026121,0.8696432974779019,-0.3380136778174849,0.01633042960326657,0.4357570251119543,0.41865545882467814,0.4610821013190255,0.4105718024486525,0.14385119405064373,0.42813365900755607,0.5019624900296826,-0.35838607896722496,-0.14435750283983112,-0.6734357049550619,0.009284482556542285,0.05311880780842493,0.02775532309375156,0.0,0.5849625007211564,0.0,0.0,-0.0009524912783091904,-0.4430002386798116,0.0,0.0,0.0,0.0,-0.419431279620853
ckb1qzda0cr08m85hc8jlnfp3zer7xulejywt49kt2rr0vthywaa50xwsq2avwaksfsgf3ths5hjh5sl4ema0pazc6q48umuh,0.46171607605457515,1.301478272532541,0.48207361628526363,0.45620977549817077,-0.46283304306691564,0.38335663955020566,-0.13633687978390457,-0.16229605377039957,-0.26086513971396735,0.016370538535881884,0.6130644136702263,0.47743003287667324,0.6539405656564519,0.47277015829855673,0.6527989958033921,0.2948277564803023,-0.7338821115135671,0.24510667129033312,-0.5491591490368815,16.272451480464795,-0.17274607191196426,-0.17654139246649397,0.10234752652870095,2.2598510045646623,0.0,0.0,-2.35692662608404,0.0,1.0355874007878265,0.0,0.0,0.0,0.0,0.0
ckb1qzda0cr08m85hc8jlnfp3zer7xulejywt49kt2rr0vthywaa50xwsq2avras5exc632a794vzxp4cflqny59w2g4ytdca,0.4600602198296745,1.2933663168089724,0.43481602004419123,0.48541096480967344,-0.48994873204160133,0.3173655247979381,-0.4372128816064949,-0.6380349283929281,-0.27598351370107366,0.016400459888507017,0.6116034796449543,0.475376259898271,0.6523514976830117,0.4705967473533311,0.6155532155995308,0.31319591276441755,-0.7240330390459095,0.1852432537592529,-0.5423197682713987,20.039658569745658,-0.15423389020801812,-0.16975486190463218,0.11834932292955133,1.7095112913514543,0.0,0.0,-0.35947521981628416,0.0,1.0355874007878265,0.0,0.0,0.0,0.0,0.0
ckb1qzda0cr08m85hc8jlnfp3zer7xulejywt49kt2rr0vthywaa50xwsqw35ntna3rkqcmgextlmp8pfwnmcxlafeqh6ry93,-0.03440720222948966,-0.03475916769906451,-0.5141530706521714,0.4650092426055292,-0.4642879211016881,0.3395859221865486,-0.87601832396275,-1.9065313613347679,-0.00024432743430991797,0.012809071378850938,0.08770001411356529,-0.0471748432622172,0.08249809989167867,-0.08239440551122681,1.0982616230376014,0.8389888283025843,-0.8468911918469249,1.7043589426567745,1.7075237813449455,0.3434890071135439,0.882732519171073,1.1096198803732658,-0.3103448575728465,0.0,0.0,0.0,0.0,0.0,1.2364274531487778,0.0,0.0,0.0,0.0,0.0
ckb1qzda0cr08m85hc8jlnfp3zer7xulejywt49kt2rr0vthywaa50xwsqtd9vhcdxgszckmrhj4em08p4l7g6u877ccyzsy7,-0.39238974155327905,-0.1943875153581412,0.4289891682700165,-0.8186215385721909,2.935225257248814,1.9262379176409372,-0.7544775222037727,-1.445315534661716,-0.3992070570723769,-0.24624234617465884,-0.7044131239549859,-0.2961005245369826,-0.7790888008662336,-0.3458206974722854,-2.2434195516864803,0.2975165762159341,0.5812579427093687,0.0,0.0,0.0,0.6827398211025127,0.9294636954107311,-0.12123542425390099,-1.7095112913514543,0.0,0.0,0.0,0.0,-0.043394983140165454,0.0,0.0,0.0,0.0,0.0
ckb1qzda0cr08m85hc8jlnfp3zer7xulejywt49kt2rr0vthywaa50xwsqd8v6u0w52u9lptyqx9qg05zs3lprp5t4qsxtt54,0.4419014099500848,1.2060114971948592,0.4826511012478835,0.3743823262535485,-0.384894981004211,0.33981348115882865,0.05225593230189979,0.055764530342496156,0.07539906480628983,0.01620434740874962,0.5892992227236772,0.45911897994010153,0.6280910042371268,0.4533924357900487,1.5094274527325915,0.9373621809301274,-0.9513671436788947,1.7000747431465049,1.5503822290449132,1.198063521142265,0.41690097614112587,0.5376661943407842,0.11356698871008658,0.0,0.0,0.0,0.0,0.0,1.518437832532235,0.0,0.0,0.0,0.0,0.0
ckb1qzda0cr08m85hc8jlnfp3zer7xulejywt49kt2rr0vthywaa50xwsqv54r405f85mw65djy9l56j6v3qp7a6v8crpuwl7,0.4419014099500848,1.2060114971948592,0.4826511012478835,0.3743823262535485,-0.384894981004211,0.33981348115882865,0.05225553256440295,0.05576411600440826,0.07440775084031431,0.01620434740874962,0.5892992227236772,0.45911897994010153,0.6280910042371268,0.4533924357900487,1.5105830476598805,0.9373621809301274,-0.9516595928361559,1.7019938415809346,1.5544725815289722,1.1869369409181507,0.41690097614112587,0.5376661943407842,0.11356698871008658,0.0,0.0,0.0,0.0,0.0,1.518437832532235,0.0,0.0,0.0,0.0,0.0
ckb1qzda0cr08m85hc8jlnfp3zer7xulejywt49kt2rr0vthywaa50xwsq0vzwrhe2aznrvkq00r477dpzmzdfptfvgt9xx9u,0.4419014099500848,1.2060114971948592,0.4826511012478835,0.3743823262535485,-0.384894981004211,0.33981348115882865,0.05225594707205985,0.055764545652139584,0.07539906480628983,0.01620434740874962,0.5892992227236772,0.45911897994010153,0.6280910042371268,0.4533924357900487,1.5105835343603264,0.9373621809301274,-0.9516597160056778,1.7019946498451815,1.5544725815289722,1.1869295448537613,0.41690097614112587,0.5376661943407842,0.11356698871008658,0.0,0.0,0.0,0.0,0.0,1.518437832532235,0.0,0.0,0.0,0.0,0.0
ckb1qzda0cr08m85hc8jlnfp3zer7xulejywt49kt2rr0vthywaa50xwsqdtx60cacasvak8s6a7umwganlkyrk2vvgmj2zdf,0.44174895860740215,1.2052906863094979,0.4826511012478835,0.37376773353150405,-0.3842983752338374,0.3398351463140517,0.05164083014831647,0.055126746054657,0.07335878866226082,0.016230065009621358,0.5889713757526511,0.45911897994010153,0.6277344028349863,0.4533924357900487,1.5094153840129776,0.9373621809301274,-0.9513640893962728,1.7005012688645686,1.5507199290973546,1.1961959757397849,0.41690097614112587,0.5376661943407842,0.11356698871008658,0.0,0.0,0.0,0.0,0.0,1.518437832532235,0.0,0.0,0.0,0.0,-0.049481245011971264
ckb1qzda0cr08m85hc8jlnfp3zer7xulejywt49kt2rr0vthywaa50xwsqvvlm7uccuwt0shwln4mp4xnetf24h3h4sezvcyk,0.39342339589923503,0.9876582246382117,0.31160190534709664,0.3132793831280086,-0.3245674572792558,0.3396292772933393,1.100220639757177,0.7452746308828563,0.030729352080992547,0.016323478240082175,0.5406248919981164,0.40498076354285883,0.575147600396409,0.39610051827524156,1.478735470978484,0.7865624852134199,-0.9436466527416243,1.7154190744389028,1.646191958146073,0.7469870603797908,0.34199954231057067,0.21275165786730635,0.6349593588157242,0.0,0.0,0.0,0.0,0.0,1.4112455385387763,0.0,0.0,0.0,0.0,0.0
ckb1qzda0cr08m85hc8jlnfp3zer7xulejywt49kt2rr0vthywaa50xwsqwx5d4t4cwytglh7fx5pu96lx79d69ur3q25xsmm,0.1018003052589057,0.13953829821482622,-0.43659952134642516,0.49040284804174383,-0.4915439891735974,0.11970312331004464,-0.44132959990816656,-0.6460394170251111,-0.284663531924336,0.015888972059009878,0.23509226618337387,0.09276858327812076,0.24281766480409053,0.06570111339650092,0.3225205192804584,0.6674956032550765,-0.5103950192343065,0.21282100479361019,0.3049175194334647,2.7246782685256217,0.5767457933770588,0.6487335471279642,3.6121788717194807,0.0,0.0,0.0,0.0,0.0,0.5287484427632749,0.0,0.0,0.0,0.0,0.0
ckb1qzda0cr08m85hc8jlnfp3zer7xulejywt49kt2rr0vthywaa50xwsqv080q88xv7q4vjthljxx8hqyhma76nypggwehsa,0.431086350410021,1.15540285020245,0.4826511012478835,0.3312310987247007,-0.34256919357652,0.33857651456659,2.2145425180733342,1.0804843949718923,0.2056250669146915,0.01626137960373394,0.5774947299346296,0.44796584977910353,0.6152511763535315,0.44158960489279087,1.473675727998877,0.6853142647528659,-0.9423871800576112,1.656781739505834,1.49387239502621,0.9368581592810963,0.20549166728981352,0.11514788393524539,0.6389098296097405,0.0,1.0,0.0,0.0,-0.3769029577774894,1.4395449960225073,0.0,0.0,0.0,0.0,0.0
ckb1qzda0cr08m85hc8jlnfp3zer7xulejywt49kt2rr0vthywaa50xwsqv59ncvatjy3r9640tdutfdyacrmz3cwwsu27h6d,0.2203304151307313,0.39233688378254733,-0.20891856976480258,0.2764476763251586,-0.2862517604407922,0.3394124521213433,1.6268859806990923,0.9311216363143058,0.009194848557236372,0.015854881553052088,0.3589259852393921,0.2197440866380353,0.3775124515500305,0.20007329166552573,1.2895851690086477,0.6418591187080436,-0.8958346998324582,1.6492241194537258,1.626392303737832,0.42954815598639584,0.41528985023375103,0.5715290002999373,-0.2282375088391282,0.0,0.0,0.0,0.0,0.0,1.2899980685338501,0.0,0.0,0.0,0.0,0.0
ckb1qzda0cr08m85hc8jlnfp3zer7xulejywt49kt2rr0vthywaa50xwsqttxq08u8yv9qf3jnfnkr4sj5ek9cneyvglyset5,0.4636299610685338,1.310884414096497,0.4826511012478835,0.46380025869151503,-0.46992029561480436,0.33965095298608894,-0.5726917813498844,-0.9303817486168938,0.06297259405620083,0.016147478147686342,0.6133553334597486,0.4811903466885591,0.6542570011096432,0.47674952080949695,1.5078553719058532,0.7182093353389005,-0.9510216716394859,1.6646996840096997,1.542953518317059,0.8835792315425031,0.19856671198842743,0.2382693153815864,0.21659141247598318,0.0,0.0,0.0,0.0,0.0,1.4395449960225073,0.0,0.0,0.0,0.0,0.0
ckb1qzda0cr08m85hc8jlnfp3zer7xulejywt49kt2rr0vthywaa50xwsqgwwfzh5cmw04fyp5c7wh5rdvzq22m4jzsp9yju2,0.38478806185945913,0.9510946384675124,0.4826511012478835,0.15702353443940265,-0.16132712486979747,0.3397918147644283,5.770558684660165,1.4875790120265018,0.09666707991621776,0.015924060355336882,0.5290360279562253,0.39821511959697076,0.5625423133821017,0.38894075682247753,1.4215541549508859,0.591994637965394,-0.9292269011532229,1.636251407741155,1.4563194313319954,0.9340602843640297,0.1768050097750305,0.1969651957553124,0.16890963850927998,0.0,0.0,0.0,0.0,0.0,1.4106021736411758,0.0,0.0,0.0,0.0,0.0
ckb1qzda0cr08m85hc8jlnfp3zer7xulejywt49kt2rr0vthywaa50xwsqw9u3r7vuv8pskppxp50rsf2xxxw8cj7nqyxyy7c,0.46390181640822287,1.3122231111613716,0.48207361628526363,0.4653727566203549,-0.4713853190097405,0.35279381293931666,-0.3707714038001081,-0.515365834249056,-0.23338423246731754,0.016379289980588473,0.615954878162665,0.4791741521544676,0.6570845437374914,0.4746158773570899,0.46446637236128985,0.6483980928722933,-0.6677365727723579,-0.07158429671317543,0.08152491972855458,0.07538060536917167,0.13884840804588244,0.18776678255974863,0.10824991417716925,1.0,0.0,0.0,-2.081192519328649,0.0,0.18144768636355532,0.0,0.0,0.0,0.0,0.0
ckb1qzda0cr08m85hc8jlnfp3zer7xulejywt49kt2rr0vthywaa50xwsqgm4jfxekt225yeqlkhhz585mhekalxa7qrv09fu,0.46700068982987614,1.3275287040608745,0.4826511012478835,0.4779915259885171,-0.4831088967663299,0.3395534025997674,-0.8820953292349079,-1.9329099436191663,0.07592999561959446,0.01622907472737608,0.617099551237791,0.4846011271410634,0.6583296125032786,0.4803589886743441,1.479126440972826,0.5467855578431963,-0.9437815698149037,1.6118904215908656,1.43210063167604,0.7844327108926786,0.042848228565153815,0.12215745175305256,0.10578353997626677,0.0,0.0,0.0,0.0,0.0,1.312435117824398,0.0,0.0,0.0,0.0,0.0
ckb1qzda0cr08m85hc8jlnfp3zer7xulejywt49kt2rr0vthywaa50xwsq2emn0uxk7ch03desrc0r0pc66ukaz6p8ghpddey,0.4360210862451111,1.1783619445401925,0.4826511012478835,0.3508071228654288,-0.3618822559340881,0.3397340316534166,1.417507068467284,0.8645937001155826,0.07626491282829538,0.01635060039133126,0.5836519401431898,0.452302356248344,0.6219484161870278,0.4461787248799577,1.4685262071755358,0.6102794841924656,-0.941096246444584,1.6398424433907957,1.5135042483200662,0.8551482478852852,0.13423905887560944,0.1862691197582554,0.007038256839062051,0.0,0.0,0.0,0.0,0.0,1.4106021736411758,0.0,0.0,0.0,0.0,0.0
ckb1qzda0cr08m85hc8jlnfp3zer7xulejywt49kt2rr0vthywaa50xwsqdwfknw8tnpne8m7pa5mg39xvv7qallxgccrzanp,0.46646534952436486,1.3248786043941911,0.4826511012478835,0.475731999103147,-0.48101430080862495,0.3396906885350512,-0.9015606636083693,-2.019891260498561,0.06833159415272963,0.016371800088097254,0.6153800934097577,0.48516410435958207,0.6564593464139528,0.48095476087580386,1.490354354554731,0.5530778452846026,-0.9466179506237827,1.6328782704392337,1.5249105673399344,0.6534165535786411,0.047816228066063615,0.11539617347681494,-0.06289708290239783,0.0,0.0,0.0,0.0,0.0,1.312435117824398,0.0,0.0,0.0,0.0,0.0
ckb1qzda0cr08m85hc8jlnfp3zer7xulejywt49kt2rr0vthywaa50xwsqggk97uhpah6re39cfce5d08rrwu0yvyjg5vjg0s,0.3054886511740888,0.649182674611337,-0.07325727076258078,0.3847068231252918,-0.39426145033737003,0.3395534025997674,-0.1929355045790536,-0.23791870460595543,0.01260429083051489,0.015996672775744795,0.4480118651866117,0.31111434195569676,0.4744117750383044,0.29676611753470117,1.370267182642122,0.3903005121369603,-0.9162900315876085,1.6615626764502371,1.69520969925086,0.3190329956643176,0.0926778426742982,0.19238328601761906,-0.19040217555183742,0.0,0.0,0.0,0.0,0.0,1.2899980685338501,0.0,0.0,0.0,0.0,-0.037459283387622166
ckb1qzda0cr08m85hc8jlnfp3zer7xulejywt49kt2rr0vthywaa50xwsq2uj8rfycz3s3h0m0h62fj8mvxluqr627s8j5led,-0.40473274658133895,-0.19630790296832706,-0.5806024120309725,0.3572401206112132,-0.31342045423405357,0.1744381024982731,-0.4929895513710488,-0.750876724440843,0.11809997434384346,-0.14174780578182009,-0.28548484002983543,-0.4379476121525042,-0.3234176291103823,-0.49593077098771027,0.8449113581145896,-0.32876114567762826,-0.7836109258166101,1.8222748219358333,1.7521355545215378,0.2387698915249078,0.29650987085898634,0.34878316779519586,0.21888362956825555,0.0,0.5849625007211564,0.0,0.0,-0.34244689875106576,1.2013345531074937,0.0,0.0,0.0,0.0,0.0
ckb1qzda0cr08m85hc8jlnfp3zer7xulejywt49kt2rr0vthywaa50xwsqd90zjdscfh4ycd5u75tyntedxxsaxsencatqh4s,0.16368625618298657,0.25759616056716733,-0.36234811697056307,0.4391732147011538,-0.4448271594034889,0.33963288999493135,-0.6088354022708218,-1.0199119699572425,0.0479841001487586,0.015744127093353044,0.2968150016204341,0.16189800314842026,0.3099539080700305,0.13885751352602904,1.2752646812117028,0.27361791484672415,-0.8922959046921256,1.7104150724937894,1.7451906075687238,0.24893576229574216,0.15183890169952363,0.2629764074145344,0.015052820846553296,0.0,0.5849625007211564,0.0,0.0,-0.0766946230713543,1.2899980685338501,0.0,0.0,0.0,0.0,0.0
ckb1qzda0cr08m85hc8jlnfp3zer7xulejywt49kt2rr0vthywaa50xwsqw8d28w8rr2qqwrepmex52mesujgfjqskcuvwgxj,-0.1460873522857405,-0.11597545019078911,-0.5442214737861004,0.3779886844280292,-0.3757596272418413,0.5280740838424921,-0.5479888133162372,-0.8722399294770673,-0.3483406879632074,0.01397406967848493,-0.06415629985889235,-0.13591501748966942,-0.07373167037946306,-0.17630394077895575,0.20064857096914765,0.2768527170989137,-0.597899070777685,0.4147788525242202,0.2757939941145885,1.0268475836502016,0.4827367550942574,0.3321748002833827,3.7400620241211726,4.204426122367243,0.0,0.0,-5.033658068097924,0.0,0.37571990306344066,0.0,0.0,0.0,0.0,0.0
ckb1qzda0cr08m85hc8jlnfp3zer7xulejywt49kt2rr0vthywaa50xwsq0vyjg39dcl6hxdetwjsxdq5ufn94dm9yc6rdshs,0.1763146180570968,0.2853049417934237,-0.034919672766713185,-0.11189599880863944,0.16599645614359576,0.3396256645572919,5.312763128174917,1.4580984921551043,0.04205220210066402,0.015875674608480866,0.3103410144262461,0.17510530099096774,0.3246662450997981,0.15283417306421174,1.2808089861672929,0.30044853985281733,-0.8936940551395559,1.701104004287915,1.7405988988102863,0.29172855572275774,0.16121211601526453,0.23433489244307126,1.604360016516883,0.0,1.0,0.0,0.0,-0.5575554361733774,1.2899980685338501,0.0,0.0,0.0,0.0,0.0
ckb1qzda0cr08m85hc8jlnfp3zer7xulejywt49kt2rr0vthywaa50xwsqdhf3xqk7tf9antv2mxh6ptvwq3sqhptwgat9tmx,0.2516062569278894,0.47878893677398615,0.4826511012478835,-0.24573492154118026,0.3606636855537525,0.33980264811653454,8.578958540054707,1.6113477019927451,0.17066683553411946,0.015463210891932696,0.38582747587573707,0.25893143196906887,0.40677338768303345,0.24154340844691605,1.2441613634558781,0.6845096805412891,-0.8843053479984062,1.5370296306623128,1.3638008705292766,1.1632241776844374,0.41040698585052815,0.5738303341013092,-0.3330287533779208,0.0,0.0,0.0,0.0,0.0,1.3378284995658372,0.0,0.0,0.0,0.0,0.0
ckb1qzda0cr08m85hc8jlnfp3zer7xulejywt49kt2rr0vthywaa50xwsqfyj5nenrx8y7mcrg2zdhqtyet4xegysfc3xyemf,0.44402306624909527,1.2160648771675542,0.4826511012478835,0.3829542376459592,-0.39319782863540464,0.33972680814474665,1.6269127813462463,0.9311296268414968,0.07170928504372596,0.016155322602707953,0.5925486789633563,0.46039202970571513,0.6316254601073075,0.4547396442320226,1.4720316900571664,0.6562603652257187,-0.9419760640781897,1.6335454390927062,1.5106654227625682,0.7392323991962995,0.16622510287555628,0.19893480685909695,0.1839382022893818,0.0,0.0,0.0,0.0,0.0,1.4106021736411758,0.0,0.0,0.0,0.0,0.0
ckb1qzda0cr08m85hc8jlnfp3zer7xulejywt49kt2rr0vthywaa50xwsqvuh8nmuphsgaua6g0usmlknkk98gu4lhcmpyhsp,-0.5024282489180808,-0.207884714081511,-0.5832286997038685,0.1283408567613328,-0.030672636421234828,-0.32705430114114536,-0.21391407754753955,-0.26734686241753486,0.3238679525325278,-0.8188174726145583,-0.7044131239549859,-0.4379476121525042,-0.7790888008662336,-0.470423316529096,-2.2434195516864803,-0.0354823339848865,0.5258383652688261,0.0,0.0,0.0,0.526965964084346,0.4807550894043135,0.8374096226525449,-1.7095112913514543,1.3219280948873622,0.0,0.0,-1.2915332944917977,0.03177781518613828,0.0,0.0,0.0,0.0,0.0
ckb1qzda0cr08m85hc8jlnfp3zer7xulejywt49kt2rr0vthywaa50xwsqvqjuupm239tnfp88qrra95336xzvm4dtqpxss5m,0.46700068982987614,1.3275287040608745,0.48207361628526363,0.47842500116657166,-0.48351022320954545,0.368256108182918,-0.46722645008947594,-0.6975537573725487,-0.025001611033196727,0.01626300718771878,0.6176694580371809,0.4840365968799748,0.6589495040432731,0.4797615729612815,0.41747838410750737,0.33029786982319054,-0.6693542018359726,-0.15194745392489117,0.0084616411577703,0.3397303901787319,-0.1484779680668534,-0.15420033958388887,0.13877407487738366,1.7095112913514543,0.0,0.0,-2.8809566995329137,0.0,0.19998542896636778,0.0,0.0,0.0,0.0,0.0
ckb1qzda0cr08m85hc8jlnfp3zer7xulejywt49kt2rr0vthywaa50xwsqgzn8kzhxna4m6zgj48hzm2a56splrqffcce3rs5,0.43412594076975447,1.1695182357600584,0.4826511012478835,0.3432665646505981,-0.3544653294983056,0.33963288999493135,0.2866036154077885,0.2709804289379261,0.08908906385213063,0.015801020301249146,0.5819603943597936,0.4499787390229132,0.6201085102203624,0.44371975051259854,1.269257431455404,0.24900196489112073,-0.8907804218388027,1.3112207059350285,0.6366361225533418,1.7642295476863135,-0.1835552847090943,-0.20098036890617318,0.22842283935426033,0.0,0.0,0.0,0.0,0.0,1.2899980685338501,0.0,0.0,0.0,0.0,0.0
ckb1qzda0cr08m85hc8jlnfp3zer7xulejywt49kt2rr0vthywaa50xwsqgx7zz4z95yfe23juh4dhsyxymx94qxrhscedcek,0.46061376637897133,1.2960754192033,0.4826511012478835,0.4511737625300804,-0.4581185897984698,0.33967262743859805,-0.64614030945188,-1.1183628564392707,0.06501817132057984,0.01629708472451633,0.6095402085973582,0.47859442913258726,0.6501072635933506,0.47400238386282145,1.4362642275005844,0.4887138830982285,-0.932956738503422,1.5510039399403452,1.3331939766011935,0.852010717613407,-0.0021194144332206963,0.00702934091358812,0.14764801118094775,0.0,0.0,0.0,0.0,0.0,1.300618790630718,0.0,0.0,0.0,0.0,0.0
ckb1qzda0cr08m85hc8jlnfp3zer7xulejywt49kt2rr0vthywaa50xwsqwzq09g8qd95he6qjne0delv4gt4wpzh7su5cj2q,0.17994606005758831,0.2935139310101813,-0.34900102414535505,0.46231880890940336,-0.4667184147552939,0.33953894855392397,-0.7319937696946417,-1.3718442617241406,0.02197153209190845,0.015631660978684236,0.31677804504593343,0.17638033371296116,0.33166784751637135,0.15418347997526924,1.2846738120414087,0.11450151740642509,-0.8946849901797975,1.698712257137403,1.7443341349832675,0.26357738487330756,-0.005066597801142242,0.07389729584823244,-0.24060783672932534,0.0,0.0,0.0,0.0,0.0,1.2899980685338501,0.0,0.0,0.0,0.0,0.0
ckb1qzda0cr08m85hc8jlnfp3zer7xulejywt49kt2rr0vthywaa50xwsqfk06jtv959avpca47ucdh54qfg8wr9x5g9e69zn,0.3247036601267537,0.7167087319621496,-0.0016344580602633597,0.3627531891165207,-0.37308013539871754,0.16466904717537376,1.5926060291609399,0.9207968764481973,-0.23658830457217342,0.01621705251033546,0.4698974472889749,0.32995974301362235,0.49821687300806705,0.3167093154232655,0.3531923970936109,0.14804766411706408,-0.6550427271104431,-0.05733689417706638,0.010727977602935946,0.5967326219155059,-0.1426150335305847,-0.14352693941638603,0.11199101873971065,0.0,0.0,0.0,0.0,0.0,0.09893688265235236,0.0,0.0,0.0,0.0,0.0
ckb1qzda0cr08m85hc8jlnfp3zer7xulejywt49kt2rr0vthywaa50xwsqwq58dc707p97auarsgdf6vp07f84t7htgv294a8,-0.038120915019074754,-0.038196016375271695,-0.5058069563019055,0.3704075815978879,-0.3741972984189044,0.32589332641500746,-0.7046628405342247,-1.2867133588528947,0.6080203287219923,0.0072079690302359264,0.053325469981973295,-0.025613647148486962,0.04510867214462704,-0.05957720997961845,-0.17890008431856486,-0.08479688721657963,0.008609523199611079,-0.3688170527917116,-0.21686801358451305,0.17675930187779892,0.039656941625452136,0.11978361466464849,0.12165129986151016,2.7095112913514536,0.0,0.0,-3.68109443483236,0.0,-0.2112155487611869,0.0,0.0,0.0,0.0,0.0
ckb1qzda0cr08m85hc8jlnfp3zer7xulejywt49kt2rr0vthywaa50xwsq02u38k4kh65ek037y6ladw8h387u78pcs8gc8lh,-0.2372991761089943,-0.15651170142938037,-0.5427468451041783,0.017799548839412323,0.01942163712496661,0.5288794416621707,-1.0959405394910735,-3.164418922674822,-0.3992070570723769,0.016447522481102997,-0.7044131239549859,-0.13015007035380569,-0.7790888008662336,-0.17020316949824638,-2.2434195516864803,-0.17697865067217156,0.5022897414145514,0.0,0.0,0.0,0.07382883326282075,0.16026325157711044,-0.11408132062824464,-1.7095112913514543,0.0,0.0,0.0,0.0,-0.4126943171426568,0.0,0.0,0.0,0.0,0.0
ckb1qzda0cr08m85hc8jlnfp3zer7xulejywt49kt2rr0vthywaa50xwsqdj4r9tvue7rvadva3kshjcqzyjdhzxxrcz5nngn,-0.021949297709077102,-0.02279484381461534,0.4575834205888246,-0.669730666377933,1.4222474229182065,0.34021047892478595,3.4854675165030113,1.289253743733025,0.20080702859272928,0.005147638152210279,0.08371053881256872,-0.018903469279606448,0.07815872020582071,-0.052476145656539526,1.0129872486736087,-0.2388327115364134,-0.8260712526672995,1.5682785758705649,1.262970084276676,1.0100336390239912,-0.10431646938322894,-0.08889847176654173,0.3001651533250879,0.0,0.0,0.0,0.0,0.0,1.2364274531487778,0.0,0.0,0.0,0.0,0.0
ckb1qzda0cr08m85hc8jlnfp3zer7xulejywt49kt2rr0vthywaa50xwsqd39v2lwwu4grcvg0r6sc20x3h9jnfje2qt67tm2,0.08873423623433453,0.11810727912234203,-0.2959171393302664,-0.013360293471309997,0.039709771211892585,0.33965456548096457,2.3324016118900674,1.1052874079088693,-0.00018552265315664352,0.01353012054110285,0.21721692972268608,0.08297522709158832,0.2233745385623995,0.055337267075540125,1.19023387302761,-0.00014325109668848705,-0.8708340518448601,1.6783801636621736,1.7252751678343792,0.3135359999079836,-0.0046057538939576325,0.1358458813705244,-0.14551516491658126,0.0,0.0,0.0,0.0,0.0,1.2364274531487778,0.0,0.0,0.0,0.0,0.0
ckb1qzda0cr08m85hc8jlnfp3zer7xulejywt49kt2rr0vthywaa50xwsqdrfqfkxp3pgctx8k974q9l9pyupmrdrwq8je3v0,0.1738547745100112,0.2798059797806537,-0.3563741504882941,0.46131481322056117,-0.4657058790812777,0.3396256645572919,-0.7913422146184677,-1.5730922801215341,0.022552794699159898,0.016152720737085152,0.30902855428450826,0.1712318334909633,0.32323867318924315,0.14873506534928074,1.2836337418504258,0.5962746916929146,-0.894345839966155,1.7075916089895602,1.7487377259509531,0.24013854104451118,0.4277918997845023,0.5822150406730738,-0.07106560138525615,0.0,0.0,0.0,0.0,0.0,1.2899980685338501,0.0,0.0,0.0,0.0,0.0
ckb1qzda0cr08m85hc8jlnfp3zer7xulejywt49kt2rr0vthywaa50xwsqvs3zzveq452hhguh3ac42r07s6r738lxc675d2w,0.4061464617067077,1.042828789800999,0.479702048684097,0.23721145424903597,-0.2470002727401627,0.3396256645572919,3.376462413058886,1.2753912714544107,0.08708470619448856,0.015733583003547123,0.5523717278204655,0.4202057851020458,0.5879247144013202,0.4122124395274999,1.217517859904272,0.19589284668350046,-0.8777117801577754,1.2656077980529583,0.6180642464953942,2.3580331145474083,-0.19829128544745037,-0.21489174401570504,0.26468825945733454,0.0,0.0,0.0,0.0,0.0,1.2899980685338501,0.0,0.0,0.0,0.0,0.0
ckb1qzda0cr08m85hc8jlnfp3zer7xulejywt49kt2rr0vthywaa50xwsqv5vn90nv29ngxyzlddcqhfec4ejag85fgz5ryz3,0.3924390900761353,0.983454374620912,0.2658906178081314,0.3485062286106593,-0.3594663008274192,0.33963288999493135,0.17128265439990675,0.17157065074994243,0.023661918673237754,0.016323742227428814,0.5393696734874601,0.4041471897228229,0.573782290601135,0.39521838647042584,1.2775111034185447,0.23945085620993095,-0.8928668173653614,1.3829559859465463,0.6509121481707498,1.3794020070607416,-0.14223432749139245,-0.15462531471917565,0.09684824109273975,0.0,0.0,0.0,0.0,0.0,1.2899980685338501,0.0,0.0,0.0,0.0,0.0
ckb1qzda0cr08m85hc8jlnfp3zer7xulejywt49kt2rr0vthywaa50xwsq2vfrwwa2h4ag878nn7935gzex40d9y7xcckkcz2,-0.07986195301148105,-0.07302668803050309,-0.15512013754849735,-0.5507117197934122,0.9993022517376391,0.5288531354961358,3.1713902847684237,1.2476537581198603,0.2620819421125647,-0.0383960683109379,-0.7044131239549859,-0.03255133153314792,-0.7790888008662336,-0.06691903370342336,-2.2434195516864803,0.30071133695866203,0.5817896330091323,0.0,0.0,0.0,0.3891856566116847,0.1368038404097424,5.646826472786953,-1.7095112913514543,0.5849625007211564,0.0,0.0,-0.6467257864610108,0.3781190697407844,0.0,0.0,0.0,0.0,0.0
ckb1qzda0cr08m85hc8jlnfp3zer7xulejywt49kt2rr0vthywaa50xwsqv7vnn4a83fkxlf3vdcyjqns8e4dcuv5msj4lqye,-0.26589715002791725,-0.16588700296355025,-0.5716601076461529,0.5280061437773022,-0.5041366033478203,0.17451632054385305,-0.950955263442171,-2.259189841746061,0.0,0.006781963034348002,-0.1458420787214519,-0.2961005245369826,-0.17152723852509855,-0.3458206974722854,0.8938867821576858,-0.42419477793214816,-0.7959945480477784,1.6948052090063896,1.5824155184800124,0.48479652318656075,0.04269132695249107,0.15305834916217875,-0.39483960983351823,0.0,0.0,0.0,0.0,0.0,1.2013345531074937,0.0,0.0,0.0,0.0,0.0
ckb1qzda0cr08m85hc8jlnfp3zer7xulejywt49kt2rr0vthywaa50xwsqdqxnfeggrmljfnrf8nvsnv26xv4rvyhwsztv7ae,0.4061464617067077,1.042828789800999,0.3101084521265402,0.36495890704745304,-0.3756125979365205,0.3387720938187063,1.4995330137925098,0.8916720487738837,0.09384235013356733,0.016417175581040545,0.5547188835258816,0.4178758689680817,0.5904777317831006,0.40974679932273167,1.4136582692097863,0.39439369071005836,-0.9272528656191967,1.5881403313280409,1.4789737817383124,0.5508375746848383,-0.019784602835389298,0.02200513035985499,-0.05037349745305617,0.0,0.5849625007211564,0.0,0.0,-0.34377675638268346,1.2899980685338501,0.0,0.0,0.0,0.0,0.0
ckb1qzda0cr08m85hc8jlnfp3zer7xulejywt49kt2rr0vthywaa50xwsqd8nhae0j2vdd70r20939u449qn0w3v2ygjrepsg,0.397887073483624,1.0068383036492563,0.17004408841774873,0.4632913456392275,-0.4692276126319555,0.3396039874174151,-0.7310247975398274,-1.368749440648892,0.027259182757099956,0.016312983717539614,0.5447533544858851,0.4103177704699257,0.5796381573999265,0.40174842064420546,1.3232699781018658,0.26722518907730747,-0.9044259429627675,1.4516114261077457,0.7215789806736723,1.0523449752919858,-0.12431755880248369,-0.11904777202646265,-0.00024037101136300653,0.0,0.0,0.0,0.0,0.0,1.2899980685338501,0.0,0.0,0.0,0.0,0.0
ckb1qzda0cr08m85hc8jlnfp3zer7xulejywt49kt2rr0vthywaa50xwsqfhlkvwqu09p0fh8aqkzw4q63frnwe3lqgphr4ny,-0.3698637125135376,-0.19055446115656452,-0.5692884888449719,0.03750688172987535,0.01942424450975603,0.5288860179182462,-1.0948577717487593,-3.156215667290813,-0.3992070570723769,7.060627547614398e-05,-0.7044131239549859,-0.2719971579693273,-0.7790888008662336,-0.32031324301367126,-2.2434195516864803,-0.3019055940140685,0.4814986871532288,0.0,0.0,0.0,0.12334860014286386,0.06675242898175085,1.636715349533293,-1.7095112913514543,0.0,0.0,0.0,0.0,-0.1690257521182414,0.0,0.0,0.0,0.0,0.0
ckb1qzda0cr08m85hc8jlnfp3zer7xulejywt49kt2rr0vthywaa50xwsqg8pu56q5tq5fw73kv89xfvc8krqrwmz4seqggu7,0.436335126051746,1.1798305921894474,0.47764969610615454,0.355615176292784,-0.3665942219446632,0.3681958076803355,1.1444159532288263,0.7634526239925987,0.18209091880782308,0.016364290848951597,0.5866613857687554,0.4499787390229132,0.6252218108637693,0.44371975051259854,0.9062787187415778,0.13416351723782446,-0.7990008679585199,0.7020184679072023,-0.08008565885968529,13.10122860191885,-0.28532982544472235,-0.24544738025746424,-0.25195854844960625,0.0,0.0,0.0,0.0,0.0,1.3070658958069454,0.0,0.0,0.0,0.0,0.0
ckb1qzda0cr08m85hc8jlnfp3zer7xulejywt49kt2rr0vthywaa50xwsqtdqrvcxvvmd02h6x8l4lwqh02g5zcskgqd42txr,0.41910851125777554,1.100611450373871,0.48207361628526363,0.28490835786832114,-0.2960893013145874,0.5092720599306035,3.304577610592608,1.2659235579592059,-0.2878497675297879,0.01636621288017266,0.5675263826344613,0.43256670381841744,0.604408536529412,0.425293416010162,0.4723913762302033,0.10677004545644174,-0.6878035929966265,0.007537691142102395,0.14216171943682399,-0.056146477585428456,-0.29069748016963065,-0.25536481674466927,-0.19355933393584102,4.419022582702908,0.0,0.0,-6.028724391497577,0.0,-0.007813979180303009,0.0,0.0,0.0,0.0,0.0
ckb1qzda0cr08m85hc8jlnfp3zer7xulejywt49kt2rr0vthywaa50xwsqwd08wtnzyj7wa3ux429fketrlal83gfycf3pgjs,0.4214970372093539,1.1114310679828145,0.4826511012478835,0.29373836969150297,-0.30503707048893763,0.3397340316534166,1.7643496278546626,0.9705118496495024,0.0919483354990874,0.016120606160735906,0.5671610844033946,0.4379476121525041,0.6040111991344983,0.4309877771647517,1.1873961928843606,0.11603928502954773,-0.87010845143733,1.1954346187982767,0.6055146167134555,2.2510797518855856,-0.2883268442958897,-0.27111279877469896,-0.09040570970827137,0.0,0.0,0.0,0.0,0.0,1.2013345531074937,0.0,0.0,0.0,0.0,0.0
ckb1qzda0cr08m85hc8jlnfp3zer7xulejywt49kt2rr0vthywaa50xwsqdwd0h8eflp0j2qee9vtfhyhdtmn3p4wrqzdsaew,0.2834285180998714,0.5760711343102615,-0.04376727419153102,0.25667517107249366,-0.2665216854363188,0.3397376433560967,1.6066847981046326,0.9250626283376233,0.02761044304457012,0.013545218628900608,0.41968995560457595,0.29252901870565645,0.44360583946219206,0.277098147706985,1.1820285008133942,-0.008917681350435408,-0.8687616952029718,1.3876056459309505,0.6424676945221193,1.0875124428767597,-0.24102772385699964,-0.22904340776694657,0.25803962190810786,0.0,0.5849625007211564,0.0,0.0,-0.13259802642365587,1.2013345531074937,0.0,0.0,0.0,0.0,0.0
ckb1qzda0cr08m85hc8jlnfp3zer7xulejywt49kt2rr0vthywaa50xwsqvp8xhg5clq467hh46ucqyj3ewsz8ym6hcgnrf4z,0.3986528410703316,1.0101478615178874,0.2511453891225416,0.38678424194851746,-0.396735735048846,0.33997233019648815,-0.43921896794276327,-0.6419293435163711,0.02517351862533612,0.015074001046467373,0.5285937403598436,0.42629224383564895,0.5620612341257478,0.41865345134739856,1.194991595550205,-0.04972555121809025,-0.8720384929816664,1.2606014307466626,0.33135324387249754,2.174930690830811,-0.422502279574088,-0.46950619875968447,0.028953854458269184,0.0,0.0,0.0,0.0,0.0,1.2899980685338501,0.0,0.0,0.0,0.0,-0.51
ckb1qzda0cr08m85hc8jlnfp3zer7xulejywt49kt2rr0vthywaa50xwsq0d9ma6yrsj0r83e5qhf0ja2x39ph8gc0qgkmu25,0.46281206873461184,1.306860785659934,0.4826511012478835,0.4603696224779271,-0.46672008975163454,0.33983153554089557,-0.8752760839854418,-1.9033340859439047,0.07530581969642067,0.015885838742624364,0.6074555877289959,0.48516410435958207,0.6478398071570048,0.48095476087580386,1.2149589712551703,0.21207136141470032,-0.8770633215410301,1.1863210948925218,0.6437690530323394,2.3826564578442566,-0.2544900687334161,-0.19038188112613436,-0.16306230087720397,0.0,0.0,0.0,0.0,0.0,1.2899980685338501,0.0,0.0,0.0,0.0,0.0
ckb1qzda0cr08m85hc8jlnfp3zer7xulejywt49kt2rr0vthywaa50xwsqdzm8lk39ashezjh2pdyrdz7nw0j43av9ce3k38n,0.3588682727747333,0.8456702904787731,0.479702048684097,0.06889169277463364,-0.06187147800624383,0.33997233019648815,5.207912134727837,1.4508019279255953,0.05463839021442164,0.015856326017259188,0.4901732851511929,0.3811891138517238,0.5202710411115968,0.37092293906494606,0.932309506591893,-0.2775867411020736,-0.8056908085816097,0.8767402342045824,-1.1316057330771985,6.405874589602359,-0.5751789794089963,-0.7068477533052322,0.25372568837333703,0.0,0.0,0.0,0.0,0.0,1.2013345531074937,0.0,0.0,0.0,0.0,-0.025862068965517238
ckb1qzda0cr08m85hc8jlnfp3zer7xulejywt49kt2rr0vthywaa50xwsqdv7nz5efx58k589jup242p9f5lhx9mwgc3rtspx,-0.4822780293034813,-0.20594872412986526,-0.5309497473821155,-0.608105756834322,1.2585573683054745,0.8760007127720542,-0.31656878137213895,-0.42360494643491947,-0.3992070570723769,-0.3214075816518732,-0.7044131239549859,-0.3922830494711185,-0.7790888008662336,-0.4476061209974876,-2.2434195516864803,-1.1201046453796124,0.3453293355430819,0.0,0.0,0.0,-0.46073936956061484,-0.543685691100857,0.23126253619320217,-1.7095112913514543,0.0,0.0,0.0,0.0,-0.9115877735450013,0.0,0.0,0.0,0.0,0.0
ckb1qzda0cr08m85hc8jlnfp3zer7xulejywt49kt2rr0vthywaa50xwsqg2ww55lsgft0gcwr3d3t4q080au6w59dcm27x2h,0.4066968223721741,1.0452500069094173,0.48059852680321186,0.23867856495408538,-0.24853046990360583,0.35279381293931666,-0.3673834774772851,-0.5094224097263095,-0.18757197427583758,0.0162423307809428,0.5558822857151205,0.4178758689680817,0.5917431723349459,0.40974679932273167,0.41876339342413005,-0.3389605762342624,-0.6756204220268361,-0.06565464521196888,-0.03731574010472393,3.0061967375753866,-0.6690918052403927,-0.6826032750311273,-0.14158459746651308,1.0,0.0,0.0,-1.1359946873576938,0.0,0.45568169724479746,0.0,0.0,0.0,0.0,0.0
ckb1qzda0cr08m85hc8jlnfp3zer7xulejywt49kt2rr0vthywaa50xwsqvtdygskru5q65j5d3juvhf4mt9px5aewsvuteqn,0.3247036601267537,0.7167087319621496,0.27031421372048264,0.09373777192558379,-0.09031449354443447,0.3399651112306029,0.5799962052491907,0.47988879844858506,0.024495921351309336,0.014397800895635299,0.4460204626204415,0.3515809426726784,0.4722457127895055,0.3395900098729797,1.145206893185379,-0.16146973592402622,-0.8594676856437107,1.290521795291089,0.2990826714196042,1.9427410367137368,-0.44034225998608917,-0.38788445602444,0.17348277264342157,0.0,0.0,0.0,0.0,0.0,1.2899980685338501,0.0,0.0,0.0,0.0,0.0
ckb1qzda0cr08m85hc8jlnfp3zer7xulejywt49kt2rr0vthywaa50xwsqdzt3t3nzcdsvaxvkqvfn6p3lxdk3f9agguqwlys,0.4119368816454057,1.068446108694179,0.48117710403280595,0.25808156027197826,-0.2686405033495188,0.3400733812763255,-0.6675122990527009,-1.1777697659230946,0.08552160443589533,0.01538665507190308,0.5389495233472005,0.4438796822783564,0.573325290407852,0.43726540681270015,0.5160477622712573,-0.16633383132938004,-0.7001453186303902,0.11897203417257625,0.17171759270650439,2.9358293269734763,-0.544753736718462,-0.6070403379847148,0.07972852948770547,0.0,0.0,0.0,0.0,0.0,0.5981448139121761,0.0,0.0,0.0,0.0,-0.6324626865671642
ckb1qzda0cr08m85hc8jlnfp3zer7xulejywt49kt2rr0vthywaa50xwsqgt4w6g2rka0ufkctegwzcmm7g2gc8hvhgu5xy24,0.27847906851523985,0.5603101896227933,0.47085444725927905,-0.1705205926442316,0.24700027683917733,0.3403114665037342,-0.26876245258299475,-0.3481752143511906,0.030009132218821045,0.015133628224997423,0.40222957689972916,0.2982138867601353,0.4246140656215889,0.2831141750779265,0.3674859466167457,-0.5623393161599003,-0.6628501862448368,0.05874059201922218,-0.22661083950819508,5.749238311891686,-0.7366318593645689,-0.7600040891486216,-0.312066864294746,0.0,0.0,0.0,0.0,0.0,0.5981448139121761,0.0,0.0,0.0,0.0,0.0
ckb1qzda0cr08m85hc8jlnfp3zer7xulejywt49kt2rr0vthywaa50xwsqw4k0cfcpvzekpmze0czdkzpxqf4dgqaycetlmuf,0.19381922412528485,0.3258865221787612,0.33316982608728973,-0.31490649313095376,0.47577195533867767,0.7252798140079297,-0.1397127061423897,-0.1666592341045831,-0.2003646280066076,0.012329169839399018,0.3326109925987402,0.1899051523172194,0.3488894533151945,0.16849615673935556,0.2661417513542047,-0.7204884695171802,-0.6372611807412746,-0.01441664921389814,-0.018162638123722864,3.661521810982137,-0.7586947516830713,-0.7882895044143391,-0.35226353038060226,1.0,0.0,0.0,-0.3412727874202081,0.0,0.45568169724479746,0.0,0.0,0.0,0.0,0.0
ckb1qzda0cr08m85hc8jlnfp3zer7xulejywt49kt2rr0vthywaa50xwsqvmjk724y9qgf30ccu4zqd5aktvd4e8hcq3r3exj,0.19270079871995488,0.32321662717163896,0.4732939231462354,-0.3750172116572489,0.5854590672276903,0.7195457832619312,1.4150067934842092,0.8637463999113121,0.22106734153928834,0.013045132258077219,0.3314362842020179,0.18871190059896825,0.34761171492381493,0.16723339480211655,0.6559493675709758,-0.7183105013646405,-0.7359021478584082,0.6345339832347441,0.03227530115809301,7.551132879295344,-0.7554862012686929,-0.7860536402569221,-0.35288255479074143,0.0,0.0,0.0,0.0,0.0,1.021850682887151,0.0,0.0,0.0,0.0,0.0
ckb1qzda0cr08m85hc8jlnfp3zer7xulejywt49kt2rr0vthywaa50xwsqteqxahcw2yy83y4svgzgg7aqk58708pqgfmxclg,0.2067537430220487,0.3575423177861344,0.47915152906240405,-0.34780952249700475,0.5343328936246399,0.719569635190686,-0.22398571155948255,-0.2817589902442955,-0.2003225696217685,0.00534682018812381,0.3461978424635184,0.2037064769625552,0.36366796323184764,0.18310144678758705,0.19518043571045,-0.713921408234605,-0.6192120272402923,-0.15083611859712903,-0.04220488111455128,0.1781469606889626,-0.7678535381074948,-0.7992587371691618,-0.37614248534423483,1.0,0.0,0.0,-1.1904291797964193,0.0,-0.030556118396582375,0.0,0.0,0.0,0.0,0.0
ckb1qzda0cr08m85hc8jlnfp3zer7xulejywt49kt2rr0vthywaa50xwsqfs65nfxwjwhd2q8t9vpan08q7tr76pugseqqmtp,0.22178111892045285,0.3961511902534186,0.4747281038167675,-0.3130323582410765,0.4722183699343056,0.7167073073773431,-0.27677471094495937,-0.360479996883071,-0.16899165919859258,0.009682993492396746,0.3619862251333155,0.2197440866380353,0.38084109550133555,0.20007329166552573,0.2223766542029166,-0.6876554053329247,-0.6261005132928804,-0.12725643125905486,-0.011206021846464478,0.1038904490926668,-0.7620950349677017,-0.7942733233728649,-0.3566146254098626,1.0,0.0,0.0,-1.1274675419846956,0.0,-0.03089646537999385,0.0,0.0,0.0,0.0,0.0
ckb1qzda0cr08m85hc8jlnfp3zer7xulejywt49kt2rr0vthywaa50xwsqdev8tckcmflyqm9ucs7dkfaqjhfp6ar7cxed08m,0.18816052141760864,0.3124869080637652,0.47177876111956585,-0.3836774185826203,0.6022422188429267,0.7635822456997696,1.0858887318189065,0.7392589223631195,-0.06710277009751718,-0.0007236890950437118,0.32666773213065486,0.18386807470260086,0.3424249280838865,0.1621074026254533,0.20636025006302985,-0.7308057594505138,-0.6220798746188017,-0.10556109244025887,0.0458876769862917,0.10538613548443838,-0.7612367325195718,-0.7956473161044642,-0.35093440459577296,1.7095112913514543,0.0,0.0,-2.2228722871995226,0.0,0.06461524101086005,0.0,0.0,0.0,0.0,0.0
ckb1qzda0cr08m85hc8jlnfp3zer7xulejywt49kt2rr0vthywaa50xwsq2ejd8f7wnaln83fx7u8g5tr0sv8jpuwpqdfm05a,0.14875845364804777,0.22648313859315594,0.4806266185444559,-0.46029438708539927,0.763413606847338,0.6522979668869687,2.039459331187153,1.040804720583288,-0.21724453517672285,-0.000735752317538336,0.28529975786777284,0.14184708761552162,0.2974286983499655,0.11763857660394562,0.2580427420511082,-0.7787872545972684,-0.6352532631300949,0.03689466443517442,-0.016273903745371427,4.292400402659863,-0.7579264438483121,-0.7988539306146766,-0.33995163144778634,1.0,0.0,0.0,-3.2901570238740407,0.0,0.49520363487298685,0.0,0.0,0.0,0.0,0.0
ckb1qzda0cr08m85hc8jlnfp3zer7xulejywt49kt2rr0vthywaa50xwsqgggfv0k0gj6r4du3z58c6d39fq6vn7hps0v89nt,0.39595913176130304,0.9985307360520149,0.48207361628526363,0.1978479138987077,-0.20546729389373142,0.34448601766172765,-0.1753671590979165,-0.2138703889351834,-0.14828336223976132,0.015978601973855484,0.5443442946108586,0.40663779356695834,0.5791932201643091,0.3978540748897351,0.38942774660501916,0.26391376577229414,-0.6628881200876681,-0.09864896513079277,-0.01765933291432604,1.7210393873331489,-0.1232545231723867,-0.7013645826631902,20.570883718547403,1.0,0.5849625007211564,0.0,-3.1566699316741533,-0.32018982047598904,0.37637028037025033,0.0,0.0,0.0,0.0,0.0
ckb1qzda0cr08m85hc8jlnfp3zer7xulejywt49kt2rr0vthywaa50xwsqv5fy2zkt07lz0jwtsukxstvhr9u7rx2zc38tmwe,0.19381922412528485,0.3258865221787612,0.37022831118962585,-0.33155239014672744,0.5050927418754623,0.6542647368276102,-0.3688361854958314,-0.5119673669883541,0.04889459443043846,0.013460843792305782,0.32178356760650206,0.2003424216489318,0.33711238878499616,0.18544269184590492,0.46145921649806504,-0.24850042636469016,-0.686358615151793,0.3247520091283005,-0.2057513151302138,9.18519138591423,-0.35901845303067037,-0.7872251906422654,4.681082221090402,0.0,2.1699250014423126,0.0,0.0,-1.6674643216336775,0.8507317111150957,0.0,0.0,0.0,0.0,0.0
ckb1qzda0cr08m85hc8jlnfp3zer7xulejywt49kt2rr0vthywaa50xwsqfkame6ddm458vr9j43h04m2hq3uecnxlgr77utf,-0.17833647964029414,-0.1324197915337571,-0.446156447770989,-0.3649797033050838,0.5799130037583272,0.7914444558261025,-0.6823828416801244,-1.2204834181908832,-0.12684125933766868,-0.005802987488039204,-0.34344182247565935,-0.08908439985927541,-0.3234176291103823,-0.12674530990790525,-0.6282589114272433,-1.0242658979580925,-0.3931999978235856,-0.6241297189552161,-0.7242082361291282,0.3756054531762364,-0.7219225006939435,-0.7355226126367801,-0.3705759732646021,3.419022582702908,0.0,0.0,-3.977559755279966,0.0,-0.5317057293997052,0.0,0.0,0.0,0.0,0.0
ckb1qzda0cr08m85hc8jlnfp3zer7xulejywt49kt2rr0vthywaa50xwsq05n6zvckahhuks4wl9rznllcfgralwl3gqs5rqt,0.12946884182313356,0.18881840991310433,0.47177876111956585,-0.4899239366318062,0.833188141542674,0.5237859738942284,0.47303941987644155,0.4100635330884942,-0.2251391158079995,0.0035878199379876558,0.2650587719940916,0.12128658831181566,0.2754124389937415,0.0958803712443918,0.2191215614521876,-0.8060310929869097,-0.6253992235024283,0.0,-0.037076128236705905,2.6344516288537525,-0.759597168288173,-0.7895767319917465,-0.35673418149313574,1.0,0.0,0.0,-1.091857356551813,0.0,0.3765611423835608,0.0,0.0,0.0,0.0,0.0
ckb1qzda0cr08m85hc8jlnfp3zer7xulejywt49kt2rr0vthywaa50xwsq2euh7k90hhj7v75y8kjxlm0qgtg8pdxjqqktt4m,-0.04190817143551037,-0.04164114662255875,-0.33316337488547304,-0.3011709792204366,0.4575249877196863,0.5288575199840068,1.3898454361654085,0.8551449826924966,-0.04026211344200506,0.013399920604605178,-0.20379906116727586,0.05507505235798387,-0.23456744639810154,0.025811829854675533,0.14705944577194355,0.39344683046106815,-0.492427017342056,0.5395220912417319,0.652639535871173,-0.05354531969113562,0.37501463247857225,0.4695738591284112,0.22419824602877178,0.0,0.0,0.0,0.0,0.0,0.277334437757729,0.0,0.0,0.0,0.0,0.0
ckb1qzda0cr08m85hc8jlnfp3zer7xulejywt49kt2rr0vthywaa50xwsqw6pm0xlgq3kdfmf29zqd9yfpd8q2g6duqjl7wqm,0.27486364517349776,0.5489450394682132,0.2122293845637947,-0.025942600521589438,0.05302253549935743,0.26627277545336125,0.024966047935632035,0.027047598683710605,-0.23435127803680914,0.016186562863706063,0.4173962467379859,0.2768083712091566,0.44111095657409227,0.2604617289332276,0.28824119728136477,-0.5824112993732552,-0.642726492003627,-0.09356208574248091,-0.008400610115443588,0.44105367397319784,-0.7311659418264432,-0.7431159854832532,-0.3327538763086634,0.0,0.0,0.0,0.0,0.0,0.09893688265235236,0.0,0.0,0.0,0.0,0.0
ckb1qzda0cr08m85hc8jlnfp3zer7xulejywt49kt2rr0vthywaa50xwsqg7s83aycfqw32rp2cl30mezyc5l5q4zfqppp5t0,0.2453214570470271,0.46069850106259125,-0.1623093705063187,0.28851900451227286,-0.29875163749470657,0.3514550392192003,-0.36390586388282015,-0.5033514548992926,-0.20419148351901648,0.015405242485670432,0.38582747587573707,0.24578073545169696,0.40677338768303345,0.22762664741793795,0.3157583269242428,-0.6178482899989143,-0.6497653741793089,-0.004759872878976407,-0.006631623815166971,2.438351621774144,-0.7288115829430295,-0.7382760215868646,-0.2972810310817458,0.0,0.0,0.0,0.0,0.0,0.4070040600199004,0.0,0.0,0.0,0.0,0.0
ckb1qzda0cr08m85hc8jlnfp3zer7xulejywt49kt2rr0vthywaa50xwsqts8lza76xjqvsahh9zhwwpacxd30ctx7gmvqr75,-0.13644244148031281,-0.11053576692309432,-0.5250212806459926,0.17231876727324594,-0.16622453363801296,0.24596770678447602,0.6003039664878991,0.4924343456593724,-0.2182228111421855,0.010809801094291634,-0.01920137174607378,-0.15425343692146098,-0.03377927174000001,-0.19571062395686054,0.05190917084389065,-0.6875622293921952,-0.58244613060203,0.11592514460385944,0.34345156512686725,-0.34673167410263717,-0.3518349674894063,-0.6901600456042567,3.439910952804736,0.0,0.5849625007211564,0.0,0.0,-0.8251898026101253,-0.07254515359272087,0.0,0.0,0.0,0.0,0.0
ckb1qzda0cr08m85hc8jlnfp3zer7xulejywt49kt2rr0vthywaa50xwsq2qje0r5vg9pzmpz4uqt7fw32qvcp4a8cc7deems,0.25928152932273935,0.5013797093526875,0.3257732330710758,-0.14635585962950276,0.21273410499069043,0.12628896580301202,-0.14595797773532757,-0.174778954666045,-0.20284132072689245,0.015088573220253811,0.4013988049214834,0.25977881243395345,0.4237104292348492,0.24333319597823702,0.27621845973757675,0.07862912970528685,-0.63462006364781,-0.0916865704181262,-0.05709583325347159,1.3169732444244056,-0.12870147275469854,-0.7562059016217018,10.116586813480508,1.0,1.0,0.0,-1.4702791515551954,-1.115865418281126,0.2501141742207575,0.0,0.0,0.0,0.0,0.0
ckb1qzda0cr08m85hc8jlnfp3zer7xulejywt49kt2rr0vthywaa50xwsq2wctw0r06v9ecgf0w8wv33vfkkdp5em2gaet4lw,0.19437599365757402,0.3272196023320582,0.4791238639879468,-0.37371715348828133,0.5829501912557228,0.7874447211892781,0.6724237147577935,0.5353011873460555,-0.31424306186002404,0.011654285817748303,0.3302546859805914,0.1934437204227595,0.34632648242278324,0.1722408562421167,0.29626670470874683,-0.7165931355103128,-0.6449030130089227,0.038833087716895684,0.1524561182150767,0.01496352849933726,-0.7590978724468747,-0.7877727173949209,-0.3679919426426738,4.419022582702908,0.0,0.0,-6.027611834315557,0.0,-0.007813979180303009,0.0,0.0,0.0,0.0,0.0
ckb1qzda0cr08m85hc8jlnfp3zer7xulejywt49kt2rr0vthywaa50xwsq2hh36z6qmk3vjqha2lv9vykuxwexsaazqx40dhd,0.44641934128469274,1.227468553662666,0.4826511183145549,0.3926774309872575,-0.4025751749282536,0.3399506728860975,-0.7911796544795758,-1.5725076831387315,0.06477286092532683,0.015734362660384173,0.5781882312020127,0.4777217536528982,0.6160055024452478,0.4730788726183305,0.616508166304253,-0.1002776864837611,-0.7256462566436893,0.23234196932398163,0.1149054489278645,3.4219753822010777,-0.5230030825294267,-0.6450404944395903,0.5533828589962704,0.0,0.0,0.0,0.0,0.0,0.701100431506025,0.0,0.0,0.0,0.0,-0.6549844236760125
ckb1qzda0cr08m85hc8jlnfp3zer7xulejywt49kt2rr0vthywaa50xwsqw4masztz302vmjlz02qkdx0u2h77v52jswycyu5,0.4138875264571344,1.0771471103587609,0.4826511183145549,0.2645057328502272,-0.2752513946758875,0.3400625556642083,-0.6755830154049025,-1.2008076675858812,0.09037040864710412,0.01555567281358926,0.5422864430183251,0.4449088986466274,0.576954880853142,0.4383545778862946,0.5178442154733242,-0.16422287294192192,-0.7006000902575482,0.11740813070722703,0.17254054713984218,2.926370721779886,-0.5440022558230083,-0.6112474901235089,0.08851766602487242,0.0,0.0,0.0,0.0,0.0,0.5981448139121761,0.0,0.0,0.0,0.0,0.0
ckb1qzda0cr08m85hc8jlnfp3zer7xulejywt49kt2rr0vthywaa50xwsq0dtptjfpdqwdy4u8uukg2msx5l7vhwt4q2t2k08,0.36259555662689424,0.8604289078362505,0.47915152906240405,0.08182594246074056,-0.07685394494658676,0.34651359771215984,-0.17720622359413346,-0.2163629061433617,-0.18064522057349514,0.015876854181439057,0.510055436417711,0.37015063968403195,0.5418969936010213,0.3592414431903066,0.3547284371277504,-0.40494118064210144,-0.6593953338495064,-0.1095403125155316,-0.051238044770821556,2.043180094482525,-0.675686432817204,-0.7165717652554747,-0.16969556498681632,1.0,0.0,0.0,-2.771559289574144,0.0,0.36826175969753844,0.0,0.0,0.0,0.0,0.0
ckb1qzda0cr08m85hc8jlnfp3zer7xulejywt49kt2rr0vthywaa50xwsq0anxptffq8enukzzyc9yjry5kt3ugua2gg39eh9,-0.46404993842358006,-0.204015352150555,-0.5796099168181525,0.06587777446121619,0.019446226733659488,0.5288925940601554,-1.093708320503814,-3.147535987853401,-0.3992070570723769,-0.030851914902193998,-0.7044131239549859,-0.37277857509031853,-0.7790888008662336,-0.4269654569387549,-2.2434195516864803,-1.293932388613812,0.3163999313246931,0.0,0.0,0.0,-0.6377905767079632,-0.7137769842432253,0.29467715059001354,-1.7095112913514543,0.0,0.0,0.0,0.0,-1.0439081946592839,0.0,0.0,0.0,0.0,0.0
ckb1qzda0cr08m85hc8jlnfp3zer7xulejywt49kt2rr0vthywaa50xwsqgnfvuxythnvn6vprmx6jxl9fqh5ezez8q9guwpx,0.34547163161950784,0.7937431173485692,0.3337197313088097,0.11873224635531668,-0.11871924574335742,0.3400914232757097,-0.34351205127686496,-0.46834564094866227,0.02121116198687307,0.013072083916340956,0.46449277958088603,0.37598406334382983,0.49233817882103076,0.36541467994221194,0.5263930670250033,-0.35659327196115836,-0.7030096047556886,0.23766068243847205,0.019166501993776428,9.76792345085805,-0.6393328226338287,-0.6995785510724292,1.5790442024591347,0.0,0.0,0.0,0.0,0.0,0.8677052845218289,0.0,0.0,0.0,0.0,-0.4147952443857331
ckb1qzda0cr08m85hc8jlnfp3zer7xulejywt49kt2rr0vthywaa50xwsqdkqd8la4z3aqeh8v4c3fdsr4efuxf9slcdenyvw,0.34722968916649527,0.8004577211197786,0.4820895906897621,0.028899734435316793,-0.014619962993831262,0.5245982733913358,0.24423753368021642,0.23578309305891618,-0.3105377992336177,0.015952568177865823,0.41507612221749807,0.4020482780938835,0.4385873411978169,0.3929972074231939,-0.42350672344113344,-0.43430897024485315,0.35571419662148585,-1.2712742620949968,-0.9993942093861453,-0.7232449720916837,-0.7360375142621254,-0.7692089987555535,-0.2893383734912595,0.0,0.0,0.0,0.0,0.0,-1.1747110967892451,0.0,0.0,0.0,0.0,-0.22382198952879584
ckb1qzda0cr08m85hc8jlnfp3zer7xulejywt49kt2rr0vthywaa50xwsqvyeguxz4y45vydqtdrvz6xz43tlcdc7acjhkesk,0.248699031794021,0.47037521049517483,0.47191073769006375,-0.24819070731777051,0.3645727313202515,-0.646421966268917,0.2074673779312077,0.2040117189803392,0.547000442592704,0.013084630345742474,0.39027493947401143,0.24847935156704706,0.41161092438544733,0.2304824653996445,0.07794230483003296,0.30493723632826303,0.07862995927306668,-0.4057393214733426,-0.24665092641790187,0.0,0.0851798746864825,0.11704321030662423,0.4447839486750497,0.0,0.0,0.0,0.0,0.0,-0.24122382958567948,0.0,0.0,0.0,0.0,0.0
ckb1qzda0cr08m85hc8jlnfp3zer7xulejywt49kt2rr0vthywaa50xwsq02rtsalknt9nezey405ay2gek8v5x0ncc3fd62k,0.34420590761334297,0.7889275912035894,0.024975093966319833,0.40774186829060277,-0.41659682167949874,-0.4993256328024609,0.3157958790205408,0.2944006691206345,-0.34652242537700034,0.016379851835775578,0.4907083768847154,0.3504981777664461,0.5208530640653266,0.3384441709107092,0.010587301105102769,0.20274835033815608,0.16625627997378242,-0.6545759175043168,-0.41969092258591173,-0.42892499812833945,-0.11645747193221183,-0.05100447296246477,-0.02984591757217871,0.0,0.0,0.0,0.0,0.0,-0.4870799807958517,0.0,0.0,0.0,0.0,0.0
ckb1qzda0cr08m85hc8jlnfp3zer7xulejywt49kt2rr0vthywaa50xwsqwpyugm7a4wtc5tphl0lwzjhcf9fu2l0ksdaezkc,0.42013582008027084,1.1052584588879595,-0.492168262327916,2.6352242330825892,-2.0693224303061735,-0.720970634798927,-0.23186013483585027,-0.2931585391149268,1.422394767958175,0.015548873930385088,0.5704251652969392,0.4318384393848171,0.607561562341135,0.4245227281553452,-0.1432003454266822,-0.03062623814673674,0.0015366794187955874,-1.018284512411399,-0.7601668324901519,-0.7702483170118904,-0.41160944823548445,-0.3820359627774404,-0.41666495055438163,0.0,0.0,0.0,0.0,0.0,-0.9310874910678665,0.0,0.0,0.0,0.0,0.0
ckb1qzda0cr08m85hc8jlnfp3zer7xulejywt49kt2rr0vthywaa50xwsq258cy8km6ddpzdassg6ksjqjvdr3c0aeqavzlpd,0.015486891672032444,0.01748185793414069,0.4629192471580601,-0.6356505175602911,1.277327442181218,-0.9282036573653824,-0.017484456719327857,-0.019401298783012322,-0.30998685432195194,-0.028722596951394466,0.14565699655938932,0.0,0.14553830776468174,-0.03247149691147925,-0.6561303465607848,-0.8087861446878813,0.09512395460921046,-1.2881496362497813,-1.023552857443213,-0.6853977529050771,-0.6297632206586546,-0.6379909709086289,-0.3137464376815742,0.0,0.0,0.0,0.0,0.0,-1.082218642428398,0.0,0.0,0.0,0.0,0.0
ckb1qzda0cr08m85hc8jlnfp3zer7xulejywt49kt2rr0vthywaa50xwsqtcpq6rsr3xmfz4xnav7vrszp3qwpcv9yg8urgcw,-0.07075307915151258,-0.065992339961884,0.4284210187766923,-0.703648223316106,1.5958940227816343,1.1932704986103466,-0.6679776107086689,-1.1790888262416503,1.3206604480129827,-0.006581014036307505,-0.7044131239549859,0.04805806470169782,-0.7790888008662336,0.018386083223930694,-2.2434195516864803,-0.5485886326052516,0.44044428925076157,0.0,0.0,0.0,-0.4523557035303317,-0.4230831089407104,-0.5414225971956155,-1.7095112913514543,0.0,0.0,0.0,0.0,-1.117901684421335,0.0,0.0,0.0,0.0,0.0
ckb1qzda0cr08m85hc8jlnfp3zer7xulejywt49kt2rr0vthywaa50xwsqfkwd5sdf803w98t5l5yk4k2myy60x3qyqzn876v,0.43444310535201003,1.1709959913033283,0.014149431184479847,0.8230597050769383,-0.7831241350154851,-0.18109806524560468,-0.3637648544530763,-0.5031059251599701,1.1834916050176707,0.016008407354255048,-0.08168577886255947,0.5850377386373175,-0.10174399052305028,0.5868288336971577,-0.12555905281975283,0.17535142114122818,0.532975810319755,-0.090358950087721,0.017480969047563195,-0.056331466540548505,-0.39555560969484027,-0.3844088904187673,0.822454134167297,1.0,1.3219280948873622,0.2,-0.007075748002224059,-0.27875927805735656,-0.18196913798527395,0.0,0.0,0.0,0.0,0.0
ckb1qzda0cr08m85hc8jlnfp3zer7xulejywt49kt2rr0vthywaa50xwsq2qjj3mqkrdhzuga2qfzf72ma38xhpsaasfj3trw,0.3793710274186811,0.9285240802472184,-0.5101307292528133,2.6158036541933676,-2.056524531059878,-0.6476926311897341,-0.5735030827936412,-0.9323320076340185,1.4261168735030694,0.015035338854046575,0.527706241483001,0.38808007096369235,0.5610958955017863,0.3782153135229469,0.4214426468104107,-0.08560415078943978,-0.6755963325503084,-0.0228113120737097,-0.21714999452612263,5.157887025170849,-0.4127994020694282,-0.3816363945948065,-0.42207267438014673,1.0,0.0,0.0,-2.5037797380646394,0.0,0.5924669358982743,0.0,0.0,0.0,0.0,0.0
ckb1qzda0cr08m85hc8jlnfp3zer7xulejywt49kt2rr0vthywaa50xwsqdytgmu0z5yskwrnegfptr3n4pcx9d6tlswehku8,0.000768077218830633,0.000837567969763452,0.4364207479627493,-0.6454501381661093,1.3167428423864245,-0.476594401319605,1.4701123359532182,0.8821174454363875,-0.22264950771572153,-0.004966411587380541,0.13027074967570568,-0.015629125987878127,0.12880258135174374,-0.049011062795139324,0.1872419242252814,-0.8288357745920989,-0.6173258874786843,0.13249955232938007,0.3021723814209294,0.6287020229561888,-0.6303247312298624,-0.6288110507491443,-0.4742100613257781,1.0,0.0,0.0,-0.4719282661584502,0.0,0.24332606161292836,0.0,0.0,0.0,0.0,0.0
ckb1qzda0cr08m85hc8jlnfp3zer7xulejywt49kt2rr0vthywaa50xwsq0y9wlz9hgd8yt8rtckqxejvja2wtde45sxllrnv,0.45936602596670256,1.2899727041052245,0.482084675488378,0.44638983185363973,-0.45363001564483774,-0.1987880760024582,-0.16679317777568248,-0.20232543756793292,-0.19182087081638452,0.016403985974950422,0.6118965152155073,0.4735993275482626,0.652670234485762,0.4687163037702053,0.5881823441089984,0.3061981328138854,-0.7168652214569969,0.1393903337182142,0.15439773865102321,3.3908198954751363,-0.1585074215536696,-0.17074949112772533,0.3460316496161088,1.0,0.0,0.0,-0.7296410362439105,0.0,0.6317425110761962,0.0,0.0,0.0,0.0,0.0
ckb1qzda0cr08m85hc8jlnfp3zer7xulejywt49kt2rr0vthywaa50xwsqfjhl5nx82y5z2xdhwqhg34vkzta6gttgc05sfu2,0.4505419070512789,1.247208706548834,0.4820829858879022,0.40992245742798716,-0.4191024303629416,-1.1125783958247295,0.05600510925465409,0.05964266376860732,-0.3692550948691103,0.016321075654264494,0.6026081498033524,0.4641643409433121,0.6425672156315628,0.4587317030519654,-0.08684106459257178,0.05490372274647305,0.12246695894260869,-0.9686016945514532,-0.7931191466723325,-0.19411763444031893,-0.37094241839549275,-0.4140287084708901,0.22997033269652506,0.0,0.0,0.0,0.0,0.0,-0.6273006493094594,0.0,0.0,0.0,0.0,0.0
ckb1qzda0cr08m85hc8jlnfp3zer7xulejywt49kt2rr0vthywaa50xwsqf8dmcwxvvdpwl6uefpwajgydh4un9yulqxl5y8f,0.49411911568462463,1.4649993400251793,0.32612209290264815,0.731207049744197,-0.7067304368804017,-0.11629524118789408,3.7996322615920186,1.326170853991163,1.2317011253679027,0.01588100489757584,0.5119879396696239,0.5926587219268287,0.5439989906611635,0.5947112377748487,0.9788666525663099,0.23588514397180296,-0.8173364559673689,0.9243168195138616,0.40825513325158735,4.811007341752708,-0.35001891139112284,-0.39885116406247656,4.058196972012346,0.0,1.0,0.0,0.0,-0.9900395176290159,1.2013345531074937,0.0,0.0,0.0,0.0,0.0
ckb1qzda0cr08m85hc8jlnfp3zer7xulejywt49kt2rr0vthywaa50xwsqwg4vuyxa8u6yekv7n3vevs5xj6mzn5rxgeudapp,0.34164904868482665,0.7792476059472583,-0.014845614847191779,0.4497973998112512,-0.4563619289377178,-1.1632561285354717,-0.08133759120749269,-0.09366937568347651,-0.3691682164394264,0.01636626895352882,0.4880185916789526,0.34776593304302506,0.5179273662227325,0.3355527653613296,0.1414629414130452,0.4013223957121495,-0.0023386314875612733,-0.4336290913254545,-0.21198141023326875,-0.37137210964451683,0.06257759741347775,0.1507368574066643,0.033882979501467715,0.0,0.0,0.0,0.0,0.0,-0.2564773566663441,0.0,0.0,0.0,0.0,0.0
ckb1qzda0cr08m85hc8jlnfp3zer7xulejywt49kt2rr0vthywaa50xwsqgrz3hvgkrdt2k7cfdpwj8dfnunvjtssssjl8n5h,-0.0599451076775405,-0.057247796733777105,-0.03612062030489995,-0.5841794231636203,1.0993249206595153,-1.2116626161050512,4.295865862815337,1.3766910267319628,-0.2767480311831882,0.006034299975775237,0.06691231984675143,-0.079987698268488,0.05988718206128009,-0.11711870024326268,-0.15903018350827924,-0.054646566539710416,-0.0035109318374325197,-0.35472302657771076,-0.3690214908970172,1.7745380657593732,0.1265212119246534,-0.001882948346634823,2.408179388701167,0.0,0.5849625007211564,0.0,0.0,-0.9353719772809563,-0.08292846122445659,0.0,0.0,0.0,0.0,0.0
ckb1qrgqep8saj8agswr30pls73hra28ry8jlnlc3ejzh3dl2ju7xxpjxqgqqxvxkq3zapxvyv6qktfyhq84puycg59s2q0smpl6,0.33879645045545936,0.7685233743026043,0.4741579233895379,0.006188474658899511,0.012884721595452838,0.5281531593037991,-0.781716866300689,-1.5388094505661785,1.0289862545755213,0.016217962752766046,-0.34344182247565935,-0.4379476121525042,-0.3864578369833853,-0.2869299002975837,-1.0960976528340811,-1.0951056261714542,0.3392625358611562,-1.3079355154104546,-1.0272485871544295,-0.6574913065871836,-0.6153834495397824,-0.6748914710038176,0.01433679609868829,2.7095112913514536,2.4594316186372973,0.36363636363636365,-5.241103554975557,-1.6853252152870977,-1.0734579593702294,0.0,0.0,0.0,0.0,0.0
ckb1qzda0cr08m85hc8jlnfp3zer7xulejywt49kt2rr0vthywaa50xwsqg40ucnf7tt8zvnje7xhatf3yllc8zh4pqq25wqh,0.6041866157273063,2.0818935803907705,0.374289257399855,1.2258400078152707,-1.0989995630289549,-0.1108098161269941,1.3532137169632783,0.8423745859627465,1.430032031462307,0.016252333875842326,-0.3801726732254003,0.7699796089160554,-0.4264102356228483,0.7823615577723989,-0.3628557658591677,0.3768598669677759,0.5922442873217921,-0.030139325019169168,0.21055312400658527,-0.3294902074959181,-0.41737068821494216,-0.39405021924629224,-0.3346346875904277,0.0,0.0,0.0,0.0,0.0,-0.27757772769042593,0.0,0.0,0.0,0.0,0.0
ckb1qzda0cr08m85hc8jlnfp3zer7xulejywt49kt2rr0vthywaa50xwsq0z3cryxyjf4df3u2p4t4t2ujzhwa74wpga7me7t,0.5089538744877058,1.5428069902001726,0.48207194375145945,0.6620039866756039,-0.6476350386334796,0.09605408217201708,-0.4951362947941877,-0.7554172716255915,0.9959657159611195,0.014190531576355105,0.8024946595313888,-0.37277857509031853,1.5469577983443221,-0.4269654569387549,0.7443833520008988,1.2972538439283412,-0.6491442064988925,-0.7195373995580306,-0.8089118475316212,10.336169501089916,1.6594313583467748,1.9199933893632517,0.2502605455719202,15.028592222094671,0.5849625007211564,0.0,-6.570453956613095,-0.0010652851943768805,0.9660263887235042,0.0,0.0,0.0,0.0,0.0
ckb1qzda0cr08m85hc8jlnfp3zer7xulejywt49kt2rr0vthywaa50xwsqtjv4gnawq9taamz2yvlh5pe06vaw2u66qmwqjs7,0.46171607605457515,1.301478272532541,0.48207194375145945,0.45621101961967686,-0.4628342057175527,0.17929595258414255,-0.28641008996730793,-0.37545360667608,-0.27335338745486143,0.016353451793160872,0.613935915761376,0.4765523671002159,0.6548885044667442,0.4718413660586831,0.4087003477362361,0.31925685943059107,-0.6670747014963133,-0.16143996018473505,-0.05737777948551423,0.779611763158955,-0.1501383095310903,-0.16384564850054717,0.23480631525965176,1.0,0.0,0.0,-2.363133526352757,0.0,0.18144768636355532,0.0,0.0,0.0,0.0,0.0
ckb1qrgqep8saj8agswr30pls73hra28ry8jlnlc3ejzh3dl2ju7xxpjxqgqq899vvrx27ql0lgaj7x39zamtj8m5twumgvv6h4q,-0.15975389338685186,-0.12326070600919865,-0.3357676124188263,-0.5212779667650287,0.9235506490220623,0.9450612685947138,-0.7861245319189889,-1.5544250048295787,-0.0395052863441202,-0.013146039499248727,-0.5647703626466023,-0.06292431155868974,-0.6271984102809498,-0.09477280643988464,-1.415707985164059,-0.4252437665330902,0.4608825055518378,-1.3988196238282906,-1.1173486420215615,-0.8948766405425305,-0.2254319036369664,-0.6209914885145554,5.471251102240281,0.0,1.3219280948873622,0.0,0.0,-0.5346207001285954,-0.18590879396452073,0.0,0.0,0.0,0.0,0.0
ckb1qzda0cr08m85hc8jlnfp3zer7xulejywt49kt2rr0vthywaa50xwsq2cf62jx0mk0t2c2xdrgmy43rqumz8t0gsvd6jh7,0.4619906636096675,1.3028258017188448,0.48207194375145945,0.4573601676532993,-0.46390860854333144,0.31236717788650703,-0.17816327076940525,-0.217662289122253,-0.2745895528055516,0.016404254218141495,0.613935915761376,0.47713789565380255,0.6548885044667442,0.47246100327296625,0.3856745629965432,0.01009212294391009,-0.6656339625549863,-0.19967595726115314,-0.07587569511360409,0.3949391723719852,-0.42469824040757437,-0.4236927106937269,0.4701360111433685,1.0,0.0,0.0,-2.2817521097467512,0.0,0.062351158151387844,0.0,0.0,0.0,0.0,0.0
ckb1qzda0cr08m85hc8jlnfp3zer7xulejywt49kt2rr0vthywaa50xwsqv52twl330j4d2n858snefzewnuwchku7ql2qas8,0.4621278096888817,1.3034990903401085,0.48207194375145945,0.4579343355786328,-0.4644452312010789,0.3399867677155526,-0.17786095548556544,-0.21725166676485716,-0.2939138268982137,0.016417509523352292,0.613935915761376,0.47743003287667324,0.6548885044667442,0.47277015829855673,0.43390160168045655,0.3874877660927793,-0.6725475483186811,-0.11959099675733145,-0.05565797495638382,1.7964878136342066,-0.09060402170031975,-0.031150057446501192,0.23960453335149484,1.0,0.0,0.0,-2.0994593861699444,0.0,0.37567627346030724,0.0,0.0,0.0,0.0,0.0
ckb1qzda0cr08m85hc8jlnfp3zer7xulejywt49kt2rr0vthywaa50xwsqdqex3u79vvhdzdfu66k5rd877nwea2xhszxnv47,0.3724861373168473,0.9002467014248058,0.4791330970572135,0.11584140631970002,-0.11560238020643138,0.1778645085554525,0.16319746279905695,0.1641558764103592,-0.27872844294809723,0.016009326218743004,0.5200003468177481,0.3811891138517238,0.5527141409478963,0.37092293906494606,0.3298670850995881,-0.014008755694135648,-0.6509655343047298,-0.16438000664634006,-0.05818704233758411,0.8521976313127368,-0.34190896656593484,-0.29566322012369395,0.006984572849052553,1.0,0.0,0.0,-3.241531097420269,0.0,0.19128979074308572,0.0,0.0,0.0,0.0,0.0
ckb1qzda0cr08m85hc8jlnfp3zer7xulejywt49kt2rr0vthywaa50xwsqvywhujlcxgs2glnv60xj83vzczrewnmcq7zy8t8,0.25406346673700914,0.4859615021221455,0.4805981513364395,-0.23870630048528285,0.34959380185728667,0.5289934139429147,-0.7106586661921124,-1.305012812857805,-0.14773027128986918,0.015992052766633583,-0.01920137174607378,0.3825859936090926,-0.03377927174000001,0.37240119093881746,-0.3137805198633236,-0.25792475890443306,0.39992221218882656,-0.4913195202205629,-0.3016214709984505,-0.19894862230245644,-0.5593125516423795,-0.5749580421744795,-0.05619460153088495,1.0,0.5849625007211564,0.0,-0.10986161416475211,-0.06696732982544795,-0.5001635394848977,0.0,0.0,0.0,0.0,0.0
ckb1qzda0cr08m85hc8jlnfp3zer7xulejywt49kt2rr0vthywaa50xwsqvyj2r4yc3a4cch60f6xdk37zuyvhfm30gnzj3gx,0.28994709310086947,0.5971868223236406,0.3316674981975675,-0.06077140806647704,0.097236103640728,0.43341227089573564,0.06113160435931459,0.06491977328856466,-0.25367401791214017,0.016089516297634086,0.4329294429871448,0.293248323804287,0.4580065208211519,0.2778593543207445,0.29239524526432137,-0.4065009402489082,-0.6434457490224157,-0.10786421235829936,-0.07485819046182955,1.4330065960954097,-0.5937668731539794,-0.5965584610293354,-0.3406729190212238,1.0,0.0,0.0,-1.8745049896094048,0.0,0.25486530868185364,0.0,0.0,0.0,0.0,0.0
ckb1qzda0cr08m85hc8jlnfp3zer7xulejywt49kt2rr0vthywaa50xwsqv8mt7uj0ynsd25vlufex6xm5czh04nglsd68gcc,0.3569770316594814,0.8382334551891388,0.48207194375145945,0.06113052992626087,-0.05281444354305853,0.5288312122955184,-0.7553204877027363,-1.448133518401665,-0.05386395507662307,0.014887413743370635,0.2021271684248692,0.48176277248800004,0.20696130155756445,0.47735529199789883,0.15427815337606668,0.44179481611091925,0.5003380073323058,-0.021278910366287093,-0.08010125156660021,0.7866741152090403,-0.047161396547327386,-0.01589360201790755,0.19373659166792095,0.0,0.5849625007211564,0.0,0.0,-0.0025752108713247247,0.04660231456410415,0.0,0.0,0.0,0.0,0.0
ckb1qzda0cr08m85hc8jlnfp3zer7xulejywt49kt2rr0vthywaa50xwsqws78vs7l7djw5jpvttxpe6semy4fzarecvme860,0.15704495696299844,0.24353775466341587,0.4797056156184348,-0.44543656625431904,0.7301593323376844,0.7914334950821688,0.46925643709822784,0.4074716801975797,-0.31009422588082536,0.01583071623952531,-0.34344182247565935,0.2881592706887992,-0.25363438110833403,0.27247384975994315,0.11507874544605078,-0.36609921329957,-0.5969906053457383,0.5125239042358839,0.5153068848159272,0.4406865118017031,-0.5525349145137298,-0.5766062713713583,-0.0020520288283038678,4.204426122367243,0.0,0.0,-4.654255518181936,0.0,0.3054374721805978,0.0,0.0,0.0,0.0,0.0
ckb1qzda0cr08m85hc8jlnfp3zer7xulejywt49kt2rr0vthywaa50xwsq267kk27maadm0c09luxfqgfacyt70arugh7lh8k,-0.051718024208271395,-0.05029046738031468,0.4761744700907309,-0.6961470659579291,1.5539834447868155,1.0540072778412477,0.17574473192111392,0.17563633600559447,-0.21310395229289045,-0.008105652876006376,-0.28548484002983543,0.05276268775624628,-0.2745198450375645,0.023364763607519726,-0.039690527358432766,-0.18997125767009393,-0.5464176554809577,0.2843658078819542,0.2544928228959709,0.4147477954954622,-0.1397888958464239,-0.6166538624648393,0.5934850055526775,1.7095112913514543,0.0,0.0,-4.21256825139112,0.0,0.14058869129349444,0.0,0.0,0.0,0.0,0.0
ckb1qzda0cr08m85hc8jlnfp3zer7xulejywt49kt2rr0vthywaa50xwsqgvf6u2sgx8ud45x9dy6gqwl2rx5625w8g52tt66,0.1522548983662469,0.23361396814230856,0.47914683572774897,-0.4537430541760885,0.7486207421360768,0.049014932805659106,2.566322034259453,1.1505207100533057,-0.2657569105215816,0.009431464291290501,0.2882408600176945,0.14631218307327762,0.3006277553588447,0.1223637762445183,0.20625735499010842,-0.5903026471007137,-0.6218213267077811,-0.05313074545808431,-0.06371853076942172,2.8476729979202617,-0.5965391181877336,-0.5943815643297373,-0.34920396510668994,1.0,0.0,0.0,-0.7438494309825108,0.0,0.36542924268307164,0.0,0.0,0.0,0.0,0.0
ckb1qzda0cr08m85hc8jlnfp3zer7xulejywt49kt2rr0vthywaa50xwsqgzsfhz25zu4du35s2eyyre700dhhc04pqghrdgn,0.31370591409857834,0.6776201982904931,0.47764901343929567,-0.07351398234338642,0.11364670777794887,0.44268145703679984,-0.20445317613301722,-0.2539776782379003,-0.2441591937039012,0.015500774999106348,0.45831248146631987,0.31822742132848275,0.48561582611359694,0.3042935534906941,0.2848385120635673,-0.35386195478280674,-0.6413405907351073,-0.1550442024251567,-0.05887362396831061,0.713684124106075,-0.5743405268797417,-0.576900753745,-0.15820826643553826,1.0,0.0,0.0,-1.31709762732688,0.0,0.14068947302365764,0.0,0.0,0.0,0.0,0.0
ckb1qzda0cr08m85hc8jlnfp3zer7xulejywt49kt2rr0vthywaa50xwsqglfcyvg2tr5h09lxhcgrlezm7cuz3ywkcf8tp3d,-0.25982520514873575,-0.16400701799729933,-0.5359875898674387,-0.12606400109701707,0.2074608402123414,0.5288991700879039,-0.7701264929272764,-1.4984044826954221,-0.31713307692368137,-0.006706963205127763,-0.7044131239549859,-0.15425343692146098,-0.7790888008662336,-0.19571062395686054,-2.2434195516864803,-0.42675839137877636,0.46071997268822046,0.0,0.0,0.0,-0.12070220820343952,-0.09621839120159642,0.9164246177409615,-1.7095112913514543,0.5849625007211564,0.0,0.0,-0.7997835529735602,-0.40332181678299167,0.0,0.0,0.0,0.0,0.0
ckb1qzda0cr08m85hc8jlnfp3zer7xulejywt49kt2rr0vthywaa50xwsqvdu4tnf9uueqjdd4k57c8hh5g458jlvlsk90qe4,0.2478602137858871,0.46796216627539755,0.25056645349284673,-0.13266777668909677,0.1937261051665528,0.528875057428027,0.0029571553797904182,0.0032434993645433815,-0.24900771212959236,0.016273421803594416,-0.5647703626466023,0.3885313216203351,-0.6271984102809498,0.38757154430373575,-1.4804279567426597,0.2107717909364222,0.5668166343022075,-1.506300197871434,-1.2200978933694948,-0.8948766405425305,-0.15980521038878523,-0.1695791639532732,0.39515523806339886,0.0,2.9068905956085187,0.0,0.0,-0.2300247287538576,-0.37554714857089855,0.0,0.0,0.0,0.0,0.0
ckb1qzda0cr08m85hc8jlnfp3zer7xulejywt49kt2rr0vthywaa50xwsqt5hd8ra55wkxyswhn2w70tvgp8pzwvapqeasdg3,0.018299445290784793,0.020787589720900043,-0.3989253902040565,0.020512052369275988,0.0,0.5288662888075079,-0.978393985553821,-2.4050375414117804,-0.2364520116996239,0.015585929834945412,-0.3801726732254003,0.13728239078171883,-0.4264102356228483,0.11280797353118446,-0.06372024431002261,0.516333958227419,0.6093001329964363,0.46662787144583523,0.612610757237702,-0.3835671093171417,0.3939824176654998,0.5537600471521721,-0.25163149462321,0.0,0.0,0.0,0.0,0.0,0.10721890404268163,0.0,0.0,0.0,0.0,0.0
ckb1qzda0cr08m85hc8jlnfp3zer7xulejywt49kt2rr0vthywaa50xwsq0uddvtx7dvuxl3cyasr6820dwuslmvvnqa8qtus,-0.26589715002791725,-0.16588700296355025,-0.5583004366840697,0.15926932761021437,-0.13925332230442952,0.5288268275031356,-0.8255799355642309,-1.7007067739967348,-0.011076427602756837,5.419036042953534e-05,-0.34344182247565935,-0.1890219308777388,-0.3864578369833853,-0.2325044790266517,-0.14814558307686732,0.05634025740070147,0.4929076665633124,0.26528985020970014,0.5085787196679461,-0.3827932515409149,0.3467276983341844,0.31952744457570653,1.3626083881451714,0.0,0.5849625007211564,0.0,0.0,-0.6209659103796781,0.022744851944728438,0.0,0.0,0.0,0.0,0.0
ckb1qzda0cr08m85hc8jlnfp3zer7xulejywt49kt2rr0vthywaa50xwsq084l0edu0ucchdngufewmh2mp2mlmqk8cqsq99n,0.5429803558157819,1.7278724579997173,-0.5037039669097038,3.528719986122553,-2.6406816959319435,-1.139214595267356,-0.20092480619245762,-0.24903304372386412,1.4278439956425661,0.012572051069112215,0.6999235360614539,0.5630158960941519,0.748417829657006,0.5633416351996519,0.014260426143561867,0.2083050734547677,0.005743196984828853,-0.9332476250163161,-0.7341841914619271,-0.4689188850365715,-0.34230142315305334,-0.3567671904349597,-0.07404569493687548,0.0,0.0,0.0,0.0,0.0,-0.7167749266698099,0.0,0.0,0.0,0.0,0.0
ckb1qzda0cr08m85hc8jlnfp3zer7xulejywt49kt2rr0vthywaa50xwsq2e0epw8crx5qg3qz0v43fy5mql74jketq6hmau6,0.46471507149306845,1.3162316979765587,-0.24097259479121602,1.5128253777217462,-1.308974017862721,-0.17639941368904477,-0.7756984673946482,-1.517711148779681,1.427384037892836,0.01605662953553286,-0.4251276013382189,0.6207315835434738,-0.3864578369833853,0.6244194213681918,0.09906578438828634,0.19296423657162354,-0.560849125578461,0.6758316215411486,0.1398564306952615,0.2943489224710514,-0.4184648383883004,-0.39002880612991186,-0.42459367612824933,1.7095112913514543,1.0,0.2,-3.047974833685637,-0.009191268685873688,0.36141992032440323,0.0,0.0,0.0,0.0,0.0
ckb1qrgqep8saj8agswr30pls73hra28ry8jlnlc3ejzh3dl2ju7xxpjxqgqqym5d4n465eu93tdcz5sycepdkatjahp9uwdcpfy,0.3361657322325975,0.7587037727844621,0.4819961506634494,-0.0066617133728078815,0.02866095122593047,0.5283068699074304,-0.9221100795995982,-2.1160550777418425,0.6998041221791154,0.01610537806958072,0.4716672559114307,0.3515809426726784,0.5001419060023113,0.3401606638491498,-0.49760815293987226,-0.6153225392218905,-0.3710154695137447,-1.4703315220697986,-1.3421708012523856,5.9559549162750125,-0.8413190394592411,-0.947640654607386,4.687845277959657,1.7095112913514543,1.0,0.2,-3.464888581191532,-0.06142405912969998,-0.44535493370888024,0.0,0.0,0.0,0.0,0.0
ckb1qrgqep8saj8agswr30pls73hra28ry8jlnlc3ejzh3dl2ju7xxpjxqgqq8897n3kut095xgled9dpczz0t7hg7w87un0vrnk,0.33590065914890455,0.757718093075769,0.4819961506634494,-0.007502496342039845,0.029699526796086773,0.5283617514393227,-0.923726884259947,-2.1238195287433053,0.6969036697380094,0.016174576958797624,0.4928346437904376,0.32815140644668367,0.5231658191825467,0.3147956382405548,-0.5244510002224512,-0.7234081239204483,-0.39601591362988026,-1.5430530520690084,-1.3421708012523856,3.763892667839961,-0.9101700161926438,-0.947640654607386,-0.5453374138143248,1.7095112913514543,0.0,0.3333333333333333,-0.5068751423724173,0.0,-0.5637264788344319,0.0,0.0,0.0,0.0,0.0
ckb1qrgqep8saj8agswr30pls73hra28ry8jlnlc3ejzh3dl2ju7xxpjxqgqqydhfg585sfcxu5gpaqs5sme8rn30c5yagaawuq2,0.33510322839276685,0.7547569701101537,0.4819965943969077,-0.01002858075924883,0.03282425109076548,0.5283727267916108,-0.9291604922373796,-2.1501326166638397,0.6919641818255499,0.016221406855161345,0.4797268074023708,0.34162341736856505,0.508908335514527,0.3290524311284401,-0.5907101499206571,-0.6967375558096401,0.29133572185674683,-1.6339942301125048,-1.3421708012523856,-0.8948766405425305,-0.90131038863392,-0.947640654607386,0.23845187547278654,0.0,1.0,0.3333333333333333,0.0,-0.1820904211808568,-0.9852510522608473,0.0,0.0,0.0,0.0,0.0
ckb1qrgqep8saj8agswr30pls73hra28ry8jlnlc3ejzh3dl2ju7xxpjxqgqq9fz7cfu5xla5nd3ay686gm2ajnzh89h8c48k7uz,0.33563521816351993,0.7567317333534253,0.4819965943969077,-0.00834410960214548,0.03073985634425262,0.5283244328627509,-0.9252644709884922,-2.1312311512965283,0.6911921056471575,0.01615989103484839,0.48029033761382467,0.3404865139451611,0.5095212911960271,0.32784929993035955,-0.5902400806301505,-0.6959650486492518,0.29164935851571483,-1.6339822394089718,-1.3421708012523856,-0.8940860889998907,-0.8994170776356168,-0.947640654607386,0.400176341352432,0.0,0.5849625007211564,0.5,0.0,-0.20187712159384938,-0.9493575452916899,0.0,0.0,0.0,0.0,0.0
ckb1qrgqep8saj8agswr30pls73hra28ry8jlnlc3ejzh3dl2ju7xxpjxqgqq97nlhckh68mupdw9w33xhp4hedejskhxs9ef2y4,0.33983868845319126,0.7724324084829858,0.48210428509389996,0.004987194952070433,0.01434562442429421,0.5286097168176488,-0.4596549907501068,-0.6822817333940024,0.31906355528108626,0.015181286360407322,-0.05593222249581478,-0.18157958017105502,-0.07373167037946306,-0.07842065991768253,-0.7577700335966969,-0.7014686406572909,0.3969586010168833,-1.1760986574409948,-1.0272485871544295,0.0594026387104047,-0.4871527742121216,-0.6209755975442097,0.4652916887451592,4.969362295916117,3.5849625007211565,0.5416666666666666,-5.563366574466637,-1.8148691123535885,-0.9054201020845571,0.0,0.0,0.0,0.0,0.0
ckb1qzda0cr08m85hc8jlnfp3zer7xulejywt49kt2rr0vthywaa50xwsq03z3ekhq3qhe4tz8v5kf3z08gxphswumg02rsqc,0.35167756868977323,0.8175804211139939,0.4825958905656695,0.0432074283174009,-0.03169191597974912,-1.1183001171426679,3.091677093527198,1.236240271886453,1.403612609121409,-0.006828219061153517,0.49598255032385935,0.3610763511144453,0.5265898187397561,0.3496385521674543,1.0112606849251846,1.721155555526635,0.1825084294886176,0.9999336082890339,1.122397162007739,-0.018789565453964877,1.2186245345783446,1.4450789210348802,0.43594198781803467,0.0,1.0,0.0,0.0,-0.7298949281213416,0.810663996698152,0.0,0.0,0.0,0.0,0.0
ckb1qzda0cr08m85hc8jlnfp3zer7xulejywt49kt2rr0vthywaa50xwsqtr5klxrl240p2jsldlwhd6w3dv7fjj59cp6nkwy,0.06181145725303073,0.07743392641783599,0.3651799044346612,-0.5599899765352027,1.0213214209157715,-1.139214595267356,1.403108814326546,0.8596960783984804,1.2628032947820023,-0.016801765976453203,0.18581498568812566,0.05736157994310154,0.18921842835763616,0.028231554007401117,0.7883673506041771,1.382936660071035,0.0922349757393823,1.0541854469470555,1.2002406006139945,-0.20248842589303123,1.250080340469467,1.5168451390610818,0.25508378789913844,0.0,2.4594316186372973,0.0,0.0,-1.6445532165100811,0.6908778015918928,0.0,0.0,0.0,0.0,0.0
ckb1qzda0cr08m85hc8jlnfp3zer7xulejywt49kt2rr0vthywaa50xwsq2e7teagdtnarf320ckuekrnpcdc4uzpdscj99tg,0.5527857169857933,1.782831035053375,0.4832407376805918,0.8656715874508103,-0.8182517577909704,-0.7321224967616113,-0.07186493920199108,-0.08229864206267501,0.7176712127098849,0.016103006284902896,0.7069865776238394,0.5767629096513888,0.756100348475591,0.7154756772660754,0.3908409976459826,1.0421607348528075,0.6872057788276387,-0.3177700496232363,-0.1814711197458377,0.1335131294275415,0.2409293875437059,0.1951681648365316,0.4583608463718168,0.0,2.8073549220576037,0.0,0.0,-1.8256241429627167,-0.22836474139841145,0.0,0.0,0.0,0.0,0.0
ckb1qzda0cr08m85hc8jlnfp3zer7xulejywt49kt2rr0vthywaa50xwsqtcz03jau3958a7esc84ygpk8vj8ad0njcym245u,0.49711105707704883,1.480546518479775,-0.20762868780157176,1.5956225468320466,-1.3680662394119318,-0.9294375490309373,0.7115932686724781,0.5575384742071167,1.253593648072481,0.011670067285687495,0.7102477230645886,0.434376106321178,0.7776530446193407,0.4862442165645675,1.4732577496562855,2.4265972609391473,0.7669255425021502,1.452796829673077,1.5011895331461234,0.16972267359172996,1.7039759525094598,1.607462345878286,1.2514861858527928,9.883299709634816,5.870364719583405,0.008968609865470852,-6.1943868331076235,-1.8511568823880586,1.3530630411285147,0.0,0.0,0.0,0.0,0.0
ckb1qzda0cr08m85hc8jlnfp3zer7xulejywt49kt2rr0vthywaa50xwsq0cl8tlydpzpp6wzeuzfsm926sp9m0rpqqt2qecr,-0.0599451076775405,-0.057247796733777105,0.2796561512845055,-0.6721741212223384,1.4350473801959334,-0.5089772225853256,3.5440298155413714,1.296466385297479,1.2236715155240947,-0.027706556788025978,0.06691231984675143,-0.079987698268488,0.05988718206128009,-0.11711870024326268,0.22203346034677598,0.4774941229212583,-0.5520665202097853,0.2780746987190761,0.1753365451734988,0.9962630513420969,0.5984521013735715,0.4872291082126019,1.9634338679975296,1.0,0.0,0.0,-2.1677739667445053,0.0,0.3087018195978827,0.0,0.0,0.0,0.0,0.0
ckb1qzda0cr08m85hc8jlnfp3zer7xulejywt49kt2rr0vthywaa50xwsq2x2jxnym8qzdt7sn29pnlzwgneh80w3jszglw9k,0.5860693813002956,1.9744665568972553,0.483397785191483,1.0288888454095668,-0.9482920852081821,-0.005764312735716391,-0.6093701664436538,-1.0212785122516945,1.430120772936758,0.016296811228512252,0.043730231823148724,0.7477806314579567,0.03467186569617717,0.7588694283658745,0.10255747648087615,0.3398865636572375,-0.4023735185287736,0.11193291540681012,0.27960248158076295,-0.22594038679541836,-0.4260548911084384,-0.4004506253576551,-0.4118552423470531,1.7095112913514543,0.0,0.0,-4.266921492728235,0.0,-0.059219221643997164,0.0,0.0,0.0,0.0,0.0
ckb1qzda0cr08m85hc8jlnfp3zer7xulejywt49kt2rr0vthywaa50xwsq2uxysa465m2k0hxh4zefzd2k5j36dly3gxkjc57,0.201470252341961,0.344437474791666,0.46485704823707813,-0.3536087618203208,0.5450604512254528,-1.1897456819415269,1.693253616147177,0.9505297955351636,1.1614054572920294,-0.0007427384717328152,0.3349400580676035,0.2037064769625552,0.3514227938224271,0.18310144678758705,1.1852885883132647,1.985225844483978,0.12299308372922736,1.5088149585199118,1.5418972683255816,-0.16287980138494149,1.6242122328318513,1.8144181163260331,0.3161725051173927,0.0,0.5849625007211564,0.0,0.0,-0.020141711446623887,0.8855140282149551,0.0,0.0,0.0,0.0,0.0
ckb1qzda0cr08m85hc8jlnfp3zer7xulejywt49kt2rr0vthywaa50xwsqw6hjwylgj9pw0ae8pw0ctke60jpqw6f6slep8r3,-0.5504921834058731,-0.21176457632908474,-0.5780678406505706,-0.27403113872045887,0.5408176865585573,-0.11239111771397661,-0.2901181986062141,-0.3812680866070735,0.18329508871735833,-0.6603711737768978,-0.4251276013382189,-0.5797946997680257,-0.4753080196956661,-0.646040844503135,0.7278702243209046,-1.9000990037630319,-0.7540855791675806,1.8600382421982826,2.045679563555865,-0.6282435645790888,-0.9067278000077049,-0.9436942606519172,-0.5453374138143247,0.0,0.0,0.0,0.0,0.0,1.0219693532266498,0.0,0.0,0.0,0.0,0.0
ckb1qrgqep8saj8agswr30pls73hra28ry8jlnlc3ejzh3dl2ju7xxpjxqgqq8gauytada8x688zt0makt3pjmdaad6u8uym77ef,-0.20781782787464417,-0.1453418917975702,-0.06668506624518132,-0.7121760327495998,1.6547615744851838,0.4478206466973389,0.44754727867210575,0.3924269280972371,1.0310129068563971,-0.10895665667039496,-0.3123863306661803,-0.32342666778657664,-0.35267856524338526,-0.2869299002975837,-0.14703576571413876,0.3097464570961855,0.5712616199978012,0.21718317107711083,0.4068312024996752,0.054962124826354944,0.6297165627329044,0.6260768305943158,0.547656717848464,3.089693646737102,2.8073549220576037,0.11764705882352941,-4.420390373367952,-1.5914915274775663,0.05350525889034233,0.0,0.0,0.0,0.0,0.0
ckb1qr2g8yj3vrjzx2evk20szt5rszmmvykhrn6w0xv3ga4khnmpqu6lvqq3u8mhh,0.48301692345864405,1.407962080027727,0.479221980282243,0.5492204995469466,-0.5481572054264958,-0.32519007154047486,0.42871903058357363,0.37913801862114654,1.389424049705359,0.008658146204315827,0.7763065387412077,0.6406046402004403,1.002075724622514,0.6454501386419882,1.0362891382743113,-0.12346784649240049,-0.8319496109323007,0.4463951266514547,-1.1173486420215615,0.782594286194875,-0.719590059547488,-0.7291466529148942,-0.5453374138143247,16.82560904550277,0.5849625007211564,0.0010899182561307902,-0.008547655874920854,-0.02555804840728029,0.3756903434915871,0.0,0.0,0.0,0.0,0.0
ckb1qzda0cr08m85hc8jlnfp3zer7xulejywt49kt2rr0vthywaa50xwsqdh26mj0xls204ndg9lsdptdz0zu0jdmycngh5ht,0.48190750894360806,1.4023196454965245,0.479221980282243,0.5444048101066113,-0.5438169505868785,-0.3288644495514918,0.42574998537017206,0.3770216660089981,1.3899010161430212,0.008500133143332917,0.775007617934426,0.639417541281043,1.0007787009290847,0.644193887921185,-0.07688754926293083,1.759554144921651,0.8245297307793643,-1.3988196238282906,-1.1173486420215615,-0.8948766405425304,0.9502891815154172,1.106116087844432,0.44607578027845296,16.810788275370705,0.5849625007211564,0.000547945205479452,-5.255063751777532,-0.00925518512304955,0.37571990306344066,0.0,0.0,0.0,0.0,0.0
ckb1qzda0cr08m85hc8jlnfp3zer7xulejywt49kt2rr0vthywaa50xwsqddtncxgn0wga0mctct2p6k2ueqd36ju3qqqmeqa,0.09815733417505365,0.1334478593527884,-0.056352954535658625,-0.295855247150637,0.44453369498361256,0.34642489595357107,-0.02172278110174129,-0.024162742167596677,1.3320961568473417,-0.037069684316725894,-0.7044131239549859,0.2287960723781329,-0.7790888008662336,0.20965258065727196,-2.2434195516864803,-0.6282526192766665,0.4271861543340547,0.0,0.0,0.0,-0.719590059547488,-0.7291466529148942,-0.5453374138143247,-1.7095112913514543,6.693486957499325,0.0,0.0,-1.9902448131815969,-1.35796469224663,0.0,0.0,0.0,0.0,0.0
ckb1qrgqep8saj8agswr30pls73hra28ry8jlnlc3ejzh3dl2ju7xxpjxqgqqxamnrpernhha9nsyus0k6f8a6ays6t0cusm37pn,0.43092502589664367,1.1546560607569885,0.48194861998339816,0.33108711538659397,-0.34242602763115226,0.5086736709477416,-0.5696501993296005,-0.9230936831358487,0.8466659678760015,0.005968673542210695,0.3766267026037603,0.19692213997350547,0.39778723738801225,0.30226642737638165,-0.1993892740695384,0.2554033231466227,0.5635274537039254,-0.8487485701186703,-1.0272485871544295,2.391399607723994,-0.032591502599937074,-0.5179100907057403,1.3938829368540602,10.72910553674274,6.339850002884624,0.6935483870967742,-6.229334551495253,-1.9355930721002739,-0.2586015687371024,0.0,0.0,0.0,0.0,0.0
ckb1qrgqep8saj8agswr30pls73hra28ry8jlnlc3ejzh3dl2ju7xxpjxqgqq9m8eyncfhezf8s68djzwk5f9yjgwc6frqej2wsh,0.19931529771979453,0.3391617183963028,0.45474229765543106,-0.35429185921166667,0.5463479259869376,0.5255636627447289,1.621727541297164,0.9295813122387133,1.0500512405882465,0.014237849335878652,-0.026031243411722974,-0.20477139917421133,-0.026593988245399398,-0.07842065991768253,-0.6876585224683724,-0.46355040709303486,0.4448898649465754,-1.1209344098763985,-1.0111536069675575,0.0913383347530653,-0.276452549808891,-0.46151080711515235,0.6133400367743392,6.32594348112759,4.285402218862248,0.3125,-5.95901084327498,-1.9093458849002902,-0.7689016491476152,0.0,0.0,0.0,0.0,0.0
ckb1qzfhdsa4syv599s2s3nfrctwga70g0tu07n9gpnun9ydlngf5vsnwqg9rhw8jpwu9z3f40kyqvucsjx9dxdvnjucqh580cpgjhs4gs2s2vq7w4wq873c8wsldyydqm7v,-0.7900833507669089,-0.22151054699761152,-0.5928812165553505,0.0,0.0,0.0,0.0,0.0,-0.3992070570723769,-1.5379389945779218,-0.7044131239549859,-0.7216417873835473,-0.7790888008662336,-0.79615091801856,-2.2434195516864803,-1.8707586656278523,0.2204012131623995,0.0,0.0,0.0,-0.6390822928002016,-0.636846998567232,-0.5453374138143248,-1.7095112913514543,0.0,0.0,0.0,0.0,-1.286511223512752,0.0,0.0,0.0,0.0,0.0
ckb1qzfhdsa4syv599s2s3nfrctwga70g0tu07n9gpnun9ydlngf5vsnwqg9rhw8jpwu9z3f40kyqvucsjx9dxdvnjucq5wac7g9ms529x47cspnnzzgc45e4jwtnqr08mrg,-0.359523345671699,-0.1886417807899271,0.4125129694969857,-0.8129630901135473,2.777992841878131,1.948999980855822,-0.4975687689487565,-0.7605806926961997,1.0880310722671014,-0.06024653966531712,-0.11122079613986828,-0.2719971579693273,-0.1226294544522808,-0.32031324301367126,-0.8185887012904629,-1.1604393793791514,-0.3189370540728316,-1.2129955712356273,-1.01997309800239,0.14619427061845455,-0.6371647235061393,-0.6345117440900954,-0.5353691823200128,5.678873587267571,3.169925001442312,0.8947368421052632,-5.879030595435896,-1.882342188812776,-0.8823722702052001,0.0,0.0,0.0,0.0,0.0
ckb1qqcratfhhe0whl8n2pyyw9248r9kyw3x7gmkp80jf0ffvagvzgc8sqgdzm4fw,0.8268350255809818,3.535750235869193,0.48240039184395034,2.3607674321593537,-1.8900396312749081,-1.5178715112291945,1.9280381382374738,1.0135961140020384,1.382393515490627,0.0051889841176477654,0.9256182949124987,0.8885342091211101,1.189218359856083,0.9873239720635193,0.3849929507539895,0.9492070253702952,0.6616283308287785,-0.8689752524697243,-1.0187796477433315,6.219125188232625,-0.12020269138390349,-0.2554093149730245,2.9512396933124885,16.481652388871737,8.59618975614441,0.31101272827891535,-4.680124790992319,-1.6741959264299497,0.25902570233223327,0.0,0.0,0.0,0.0,0.0
ckb1qpw9q60tppt7l3j7r09qcp7lxnp3vcanvgha8pmvsa3jplykxn32sqgwvhnrqkx9ka45f2cnc90fy30m3scpupqggwawq,0.38251493710753226,0.9415890054053843,0.26472001481182283,0.3103862288069031,-0.32162777971522355,-1.3397712084487121,0.8081021831912533,0.6094439150413821,1.3012133186248622,0.0037637012283388083,-0.04803074235016393,0.5308286670409676,-0.06513717615520195,0.6762734153887391,-0.008400659726039084,0.9158408180676388,0.6819548087244093,0.05643270518072753,-0.3008603628190979,2.4408239036821784,0.16911318769100986,-0.179023906036441,4.3504359011828555,2.7095112913514536,5.169925001442312,0.02702702702702703,-2.6864568241619655,-1.5979637878977921,0.25902570233223327,0.0,0.0,0.0,0.0,0.0
ckb1qzda0cr08m85hc8jlnfp3zer7xulejywt49kt2rr0vthywaa50xwsqv3zjwlrxn8vk53c4d9a8ksecf9rj86mfsv8t4pc,0.4493730710265153,1.241596419221206,0.48001122850449535,0.4066448053468554,-0.41597014100637314,-2.19562535263797,2.58841333097767,1.1545415372415841,1.3786065955303237,-0.0001923649773885962,0.5982688022453724,0.4857255370570425,0.6595676469447254,0.7058994252481309,-0.3345874085646828,-0.0822043697148455,0.49779861284763716,-1.3998726782614361,-1.2075635895810808,-0.23254317358371107,-0.7448217018568026,-0.8168222849442087,1.170267993763644,10.198575596396898,8.214319120800766,0.195,-4.4411929974687485,-1.6297238666243954,-0.7857725479350772,0.0,0.0,0.0,0.0,0.0
ckb1qzda0cr08m85hc8jlnfp3zer7xulejywt49kt2rr0vthywaa50xwsq0rljzn0julrpp9l3fgmm9r9r4jz8rax7sgvagwh,0.5224204676361893,1.6149747497807576,0.481634286028215,0.7239014664413166,-0.700612306373864,-1.4300472493004133,1.2288443847615758,0.7966890123670668,1.3394220654621167,0.00414368929466784,0.8163334510662884,0.6827673341977074,1.0360304308499995,0.69006892639386,0.3932156046930435,0.4338146333780188,-0.6577257138625124,-0.6638998677018896,-0.48687118598943285,1.2440083132600908,-0.2723802181701554,-0.7187889609865471,2.090037169253086,7.0590559426532185,0.0,0.029411764705882353,-3.780724389677764,0.0,-0.010340486409509261,0.0,0.0,0.0,0.0,0.0
ckb1qzfhdsa4syv599s2s3nfrctwga70g0tu07n9gpnun9ydlngf5vsnwqg9vjzjm0xkz8frv8u7c644xprsf2q3654lq4jg2tdu6cgaydslnmr2k5cywp9gz82jhul7732h,-0.6575188143623656,-0.21760418292586775,0.2829953650248282,-0.8385787722995703,4.274131123275231,2.6856761891686793,-0.46841079568090077,-0.6999587249278204,-0.032616879637660405,-0.6603711737768978,-0.4251276013382189,-0.5797946997680257,-0.4753080196956661,-0.646040844503135,-1.1746459231317934,-1.5885424553107519,0.12107564451820166,-1.2986333794332188,-1.0211719170477003,-0.8928262659889454,-0.6320334653943424,-0.6287657368529508,-0.5453374138143247,1.7095112913514543,1.0,1.0,-4.437974892748159,-1.3333333333336184,-1.2802551417829475,0.0,0.0,0.0,0.0,0.0
ckb1qzda0cr08m85hc8jlnfp3zer7xulejywt49kt2rr0vthywaa50xwsqfc5kszzn9mc2zycl58v8jjrk9zhmr97cg3ndvfs,0.28167552508193927,0.5704621496317477,0.48001122850449535,-0.16627833800658776,0.2408694114569793,-0.07628070295692177,1.2994256059755118,0.8230706517258447,1.364614640204144,-0.00425461882272242,0.5642146052755788,0.4251647363560417,0.9076925332812321,0.5744397004019367,0.08776052675101353,-0.29647783778723796,-0.5887229706011248,-1.0103443002488561,-1.0199728588156347,5.013469400272271,-0.7995374699223262,-0.8258199914649413,-0.5167414173139198,14.411953828274905,7.93663793900257,0.7097242380261248,-2.5979207094490793,-1.5297240346171146,-0.008089011966133111,0.0,0.0,0.0,0.0,0.0
ckb1qzda0cr08m85hc8jlnfp3zer7xulejywt49kt2rr0vthywaa50xwsq0gk6md9mexs90tmr5tq2lu58zjf22jvqg2eq8hj,-0.26589715002791725,-0.16588700296355025,-0.44432592778884794,-0.5270653635861188,0.9499940233778084,0.9660088498916476,-0.8227664185827147,-1.6898716969434826,1.0923276803306436,-0.09752252144998341,-0.5647703626466023,-0.16746073476400847,-0.6271984102809498,-0.20968728349504323,-0.855664564261668,-0.8170994416397893,0.38040961247740634,-0.4687545001968407,-0.22822522591852965,-0.8948766405425305,-0.45176200722158916,-0.4222836909909502,-0.5403583317950688,0.0,0.0,0.0,0.0,0.0,-0.689026958868019,0.0,0.0,0.0,0.0,0.0
ckb1qzda0cr08m85hc8jlnfp3zer7xulejywt49kt2rr0vthywaa50xwsq0z6h6nlju0mcdp0ny0sx77tmu6j2700lqkdeakp,0.1422991087689545,0.21355732956095058,0.20112311156960166,-0.3630774456275024,0.5634705859847505,-0.9892234551336252,5.303052872492264,1.4574318475815513,0.5015956946239156,0.007506459663249494,0.2792855226167669,0.27602878135256015,0.44111095657409227,0.2596367258073068,-0.17666425009875703,-0.3256550709931111,-0.5059503380436687,-0.8653887896684938,-0.8622012631072636,2.812402770375213,-0.5035923768920866,-0.42387338172427136,0.046306380815941725,10.370047965432564,6.011227255423254,0.9051094890510949,-4.179731630273706,-1.762174643679648,-0.26481328298019896,0.0,0.0,0.0,0.0,0.0
ckb1qzda0cr08m85hc8jlnfp3zer7xulejywt49kt2rr0vthywaa50xwsqv47n6dc9ay34npwktvlpp5huzjvd07t4qhspqyz,0.11318239400877432,0.15915493174490444,-0.33213435699570154,0.1525784034983994,-0.1539173534106916,-1.0137593816030952,-0.2201798996516812,-0.27629098638726085,0.585668566197551,-0.019737447860633025,0.2566981565578545,0.2374645627018427,0.40872123618182843,0.21982172853965054,-0.12253353228043627,0.06258189993143365,0.47887233597347323,-0.7349291230645973,-0.6972130486108076,2.8845427778834907,-0.11872942241951553,-0.5997976377528901,3.418794027040214,10.05644471587422,5.78135971352466,0.8677685950413223,-4.013300198459673,-1.3428016935555154,-0.214586966842382,0.0,0.0,0.0,0.0,0.0
ckb1qzda0cr08m85hc8jlnfp3zer7xulejywt49kt2rr0vthywaa50xwsqtlpgc29k57ufndd7gpm2jjvpwc2hqygjgtf54lg,0.13561395517834685,0.20051359464148,0.2011214902358116,-0.3768736203050767,0.5897940325195838,-1.0417922193109728,5.192948593228514,1.4497426967585858,0.5094414280530024,0.0074299989470959765,0.27308620520369853,0.2688755140247408,0.43431563647026594,0.25206676083654234,-0.205746265053717,-0.29633030633209456,-0.4889807517967724,-0.9051161689335121,-0.7003707519343394,2.5438193471392725,-0.46987139891367563,-0.42387337294502014,0.0986692873417205,10.295305777043707,5.954196310386876,0.9090909090909091,-4.56966912725636,-1.757693412766063,-0.2635460811198779,0.0,0.0,0.0,0.0,0.0
ckb1qzda0cr08m85hc8jlnfp3zer7xulejywt49kt2rr0vthywaa50xwsqdjsydf39sklhfvtfnk57vvd7d2vn4kxwqpr3prn,0.10625855373766183,0.1471150428193008,-0.332134698329131,0.1280103433390592,-0.12661838855030108,-1.0417922193109728,-0.16886688389510285,-0.20510636099912335,0.5926476992575591,-0.02950021432352599,0.24618471456735358,0.22681883873704195,0.39676564340131615,0.20756016767784002,-0.13178871070031814,0.03694588282686848,0.4668877494091266,-0.7352832577107272,-0.6972130486108076,2.6542282276338116,-0.1288315927899522,-0.5997976376920444,3.633875834075995,9.905619350311525,5.6865005271832185,0.8596491228070176,-4.1557155473014245,-1.2245930283929838,-0.214586966842382,0.0,0.0,0.0,0.0,0.0
ckb1qzda0cr08m85hc8jlnfp3zer7xulejywt49kt2rr0vthywaa50xwsqdn85jtpzkk24ga7vprxcupwkw8h2kmcpgnkw4s2,-0.7125380680447665,-0.21955603082058978,-0.5043144246816086,-0.8047996240512781,0.0,0.0,0.0,0.0,0.0,-0.9842553456576908,-0.5647703626466023,-0.6386665602919588,-0.6271984102809498,-0.646040844503135,-0.4151718582444856,-0.058721142765252574,0.5118773538650805,0.2627725346543127,0.471099799472182,-0.8948766405425305,0.7241143369492823,0.9260156023633345,-0.5453374138143248,0.0,1.0,0.0,0.0,-1.3333333333336186,-0.07662636771136559,0.0,0.0,0.0,0.0,0.0
ckb1qzda0cr08m85hc8jlnfp3zer7xulejywt49kt2rr0vthywaa50xwsqdak37z6wn6w6aea983ruzrfl8yweej95cfkzyn9,0.18114137769403502,0.29623982003577526,0.47469031820612706,-0.3986526774001816,0.6318772435432631,-0.6717421590115131,0.768513611373435,0.5886295682270186,0.4509041245610632,0.0010893570476923663,0.31804113331651707,0.1776474714448927,0.3330417173035704,0.15552443199121743,1.1978519762572843,1.989852133119673,-0.7527193457047325,1.5527985722702564,1.5473970318515322,0.14051587278751068,1.656751837912431,1.8335995404069299,0.5930632805125786,0.0,0.5849625007211564,0.0,0.0,-0.07931036351338969,1.1473717143220765,0.0,0.0,0.0,0.0,0.0
ckb1qzda0cr08m85hc8jlnfp3zer7xulejywt49kt2rr0vthywaa50xwsqdw7svu2fzp5uqpu4xfupgkm4xw0zd79agr0jz8p,0.6018238515734268,2.067764939202503,0.4811030005452717,1.1104946069412096,-1.0114853711707277,-1.469915374755728,1.8832783335400973,1.0021985578741361,1.4023833960651555,0.011476913480492113,0.7279568382096588,0.6554411909481134,0.7789098449450944,0.6639802084260297,1.4589938346064828,2.401898067772175,0.7138246074137486,1.4275361199057284,1.550074046458408,-0.3430688472052943,1.4996899979153733,1.7962352559361012,0.07387353728850446,0.0,2.584962500721156,0.0,0.0,-1.7550358493431681,0.9941549293293002,0.0,0.0,0.0,0.0,0.0
ckb1qzda0cr08m85hc8jlnfp3zer7xulejywt49kt2rr0vthywaa50xwsqgkfv8pzr5d26zcapqrd58ksc65w0qv8qqqp6xtc,-0.03440720222948966,-0.03475916769906451,-0.4844076030758477,0.22226797198521725,-0.22478983759400312,-1.6984513107551835,0.49452227822042516,0.42461789913328923,1.2781254853899278,-0.018228852631742423,0.09161201895821958,-0.05100004042590455,0.08675321443008181,-0.0864424310089972,0.8201338722485263,1.4184073829195156,-0.6522355275382714,1.2370464619588741,1.3162841204849383,-0.1565341780974812,1.40085055342048,1.6355097992922798,0.23597099220868512,0.0,0.0,0.0,0.0,0.0,0.7548097421392944,0.0,0.0,0.0,0.0,0.0
ckb1qzda0cr08m85hc8jlnfp3zer7xulejywt49kt2rr0vthywaa50xwsqfd8eyknzynse6m9r0zlfjyt4qpxnlr86svrekgm,-0.6575188143623656,-0.21760418292586775,-0.5793998602256673,-0.49889069870108826,1.155116642457992,1.1045788024075966,-0.4280783948812191,-0.6204494681913388,-0.032616879637660405,-1.029493606390385,-0.48308458378404284,-0.6386665602919588,-0.4753080196956661,-0.646040844503135,-0.3342532709321536,-0.4571090597613882,-0.4497723568365697,0.09617298293883444,0.012886352887750646,0.2287202330526023,0.37078735073642244,-0.6228129672796846,0.912836088228002,1.7095112913514543,1.0,0.0,-1.283631731022532,-0.02952485037410045,-0.08873133119794308,0.0,0.0,0.0,0.0,0.0
ckb1qzda0cr08m85hc8jlnfp3zer7xulejywt49kt2rr0vthywaa50xwsqg3y6k5gqrgjt54wzhxar4kys594v2s0vg2fpsmk,-0.7125380680447665,-0.21955603082058978,-0.5928679216182734,0.4941285122797516,0.0,0.0,0.0,0.0,-0.3992070570723769,-1.5379389945779218,-0.5647703626466023,-0.6386665602919588,-0.6271984102809498,-0.7083421540315403,-0.7037925620533738,-0.8795075385290884,0.17927328797766529,-0.21654039100791891,0.012886352887750646,-0.8948766405425305,0.0861925417771616,0.19465807533055893,0.4691207520917396,0.0,0.5849625007211564,0.0,0.0,-0.05342519162813174,-0.5076251083522282,0.0,0.0,0.0,0.0,0.0
ckb1qzda0cr08m85hc8jlnfp3zer7xulejywt49kt2rr0vthywaa50xwsqgh8ejptxd3n05njryzm2vct7ew9jez6rs8uvuej,-0.7900833507669089,-0.22151054699761152,-0.5928812165553505,0.0,0.0,0.0,0.0,0.0,-0.3992070570723769,-1.5379389945779218,-0.7044131239549859,-0.7216417873835473,-0.7790888008662336,-0.7083421540315403,-2.2434195516864803,-0.7077663876329108,0.41395301960592373,0.0,0.0,0.0,0.23850115826482648,0.36927517407719573,-0.5453374138143248,-1.7095112913514543,0.5849625007211564,0.0,0.0,-1.0000000000002138,-0.5076251083522282,0.0,0.0,0.0,0.0,0.0
ckb1qzda0cr08m85hc8jlnfp3zer7xulejywt49kt2rr0vthywaa50xwsqfza43g58rzyhcd8j6nav9c7cgefmwfgsq34yn7t,0.4679339446583273,1.3321545913992612,0.4799407602179848,0.4839761557909602,-0.4886458081313467,-0.202684392844698,2.3688647890628522,1.1126747692344015,1.240893854584773,0.013723018744408337,0.4880185916789526,0.563399840090205,0.5179273662227325,0.575595733709226,1.2387073781170825,0.5307137862126479,-0.882999433387864,1.3885133963176681,0.504461773561439,1.7944321062095472,-0.06911960617340482,-0.34212160293901184,2.996907190011643,0.0,2.8073549220576037,0.0,0.0,-1.7603924442289183,1.2913993688408005,0.0,0.0,0.0,0.0,0.0
ckb1qzda0cr08m85hc8jlnfp3zer7xulejywt49kt2rr0vthywaa50xwsqw4xpk4t3688duglxp0xvupwfj9u4y20rc5xvtlj,0.37072547862876903,0.8930890976856163,-0.21958633170217765,0.9644392473912351,-0.8969957888607812,-0.5561226480828292,-0.3990079114714671,-0.5660444034462262,1.424575585019207,0.016128292544414245,0.5186093499046412,0.3788395806965679,0.5512011440517082,0.36843653909314444,0.375160454325469,0.3643729756537111,-0.6552329072841152,-0.08727014083170649,-0.12756672795188206,2.273587719754315,-0.003974361096385124,-0.03411619979351105,0.9122592048284616,1.0,0.5849625007211564,0.0,-1.8829752245038023,-0.25564055823121073,0.3767916610333228,0.0,0.0,0.0,0.0,0.0
ckb1qzda0cr08m85hc8jlnfp3zer7xulejywt49kt2rr0vthywaa50xwsq0anafacyafq0j2rek0jx5rztanvvw9kcqdtkwna,0.3524089278956402,0.8204143732030784,-0.5122388045131141,2.483919022707836,-1.9702245350533252,-0.7776349931186235,-0.0775207738593817,-0.08907244507801422,1.4242065618917419,0.010130297094119226,0.4907083768847154,0.3676700991326562,0.5208530640653266,0.3566164042784448,0.38527412005734124,-0.07348634832602391,-0.6661172100662608,-0.03244013521374415,-0.21728374723410496,3.682759541108407,-0.3799083995660254,-0.37245114047470196,-0.19087110745467015,1.0,0.0,0.0,-3.0780640356672087,0.0,0.4488492248963915,0.0,0.0,0.0,0.0,0.0
ckb1qzda0cr08m85hc8jlnfp3zer7xulejywt49kt2rr0vthywaa50xwsqwzcjq4mzexlu6h5mrpldplwt6ht8w7ujcfjltsn,-0.6148425657080245,-0.215654996037962,-0.573858397331858,-0.5155869640017585,1.1094338841887836,-1.5990062473189808,-0.15030363581117215,-0.18046587892091917,0.0,-0.9842553456576908,-0.48308458378404284,-0.6386665602919588,-0.5383482275686691,-0.646040844503135,0.15417897559833338,0.5941020910612026,0.6017349763178254,1.0183933808487382,1.1934580203931466,0.04742705439174986,1.3031059832088034,1.6929864333658955,0.19168846412201326,0.0,0.5849625007211564,0.0,0.0,-0.9999999851244918,0.5171599903150831,0.0,0.0,0.0,0.0,0.0
ckb1qzda0cr08m85hc8jlnfp3zer7xulejywt49kt2rr0vthywaa50xwsqdqpaqujjqztsvqsckxxryqkyar5g229ls79xsux,-0.7125380680447665,-0.21955603082058978,-0.592878485887915,0.4941285122797516,0.0,0.0,0.0,0.0,-0.3992070570723769,-1.5379389945779218,-0.7044131239549859,-0.6386665602919588,-0.7790888008662336,-0.7083421540315403,-2.2434195516864803,0.4206177308824082,0.6017451388084329,0.0,0.0,0.0,1.2392623731710386,1.5166168275891942,0.4972543720963319,-1.7095112913514543,0.0,0.0,0.0,0.0,0.5171599903150831,0.0,0.0,0.0,0.0,0.0
ckb1qzda0cr08m85hc8jlnfp3zer7xulejywt49kt2rr0vthywaa50xwsqwurl7mk9mnev9jtq0jspjrynvp42g7zyc4j3jk2,-0.7125380680447665,-0.21955603082058978,-0.5541106200375505,-0.7553754172451255,0.0,0.0,0.0,0.0,0.0,-0.9842553456576908,-0.5647703626466023,-0.7216417873835473,-0.6271984102809498,-0.79615091801856,0.036578405293384256,0.24217035377019608,-0.0037307585693017076,1.0129950156735432,1.1882972926505557,-0.8948766405425305,1.2348876653060705,1.511601360881789,-0.5453374138143248,0.0,0.0,0.0,0.0,0.0,0.3767028888608967,0.0,0.0,0.0,0.0,0.0
ckb1qzda0cr08m85hc8jlnfp3zer7xulejywt49kt2rr0vthywaa50xwsqdwa7y4etexhlslpeplm2gensrmkpgpfqc5kk4x9,-0.7900833507669089,-0.22151054699761152,-0.5928812165553505,0.0,0.0,0.0,0.0,0.0,-0.3992070570723769,-1.5379389945779218,-0.7044131239549859,-0.7216417873835473,-0.7790888008662336,-0.79615091801856,-2.2434195516864803,0.24217035376400622,0.5720469087772566,0.0,0.0,0.0,1.2348876653005807,1.511601360875495,-0.5453374138143248,-1.7095112913514543,0.0,0.0,0.0,0.0,0.37670288885602426,0.0,0.0,0.0,0.0,0.0
ckb1qzda0cr08m85hc8jlnfp3zer7xulejywt49kt2rr0vthywaa50xwsq2qtfq8zdd9rs86hslwh8j4h8qjk6r3e6s0k50ul,0.23660695643143828,0.43621625283950116,-0.4334191983175129,1.1063169177015055,-1.0067882295125827,-1.209499249823036,-0.353919828770522,-0.4860844438299383,1.3924262256507651,0.012940428128894944,0.37756592071155876,0.23556971499860505,0.39778723738801225,0.21682080672957818,0.053807281563121666,0.2683134963183317,-0.002651912826412599,-0.428454903130107,-0.19076657381623055,-0.8663844269009261,0.06677063879207144,0.1713545519974249,-0.5138128143153663,0.0,0.0,0.0,0.0,0.0,-0.6325330683695667,0.0,0.0,0.0,0.0,0.0
ckb1qzda0cr08m85hc8jlnfp3zer7xulejywt49kt2rr0vthywaa50xwsqt6ppdkmsp25ffsxyr8ey2hg5detv2ulcsq54hkh,0.5346258870861004,1.681608766257702,0.3048936282580458,0.9457351418423783,-0.8826317499893072,-1.1780520149415763,7.719082404431186,1.5812345520731894,1.4040714954003692,0.015234928440709809,0.6908305763040616,0.5543815838358471,0.7385273548755992,0.5590287148168902,-0.004299976328223918,0.1843713522422963,0.39207713165979696,-0.9516703844966129,-0.7112497060989652,-0.39646926812892325,-0.35908152309259833,-0.3346488596177455,0.01012504752184131,0.0,3.0874628412503395,0.0,0.0,-0.6989741809025869,-0.5097794318223361,0.0,0.0,0.0,0.0,0.0
ckb1qzda0cr08m85hc8jlnfp3zer7xulejywt49kt2rr0vthywaa50xwsqwlkxpk8rnrzz2nhuswk2kzvempzsz2zjgwxnwny,0.016898338663326285,0.01913567924154434,-0.5412376222791812,1.080693623215143,-0.9832470379585977,-0.23205598929056537,-0.36530162158899154,-0.5057844495736283,1.0054731949831963,0.0016437485126968362,-0.0061993174130684,0.0889072972174406,-0.019636847939814777,0.0616148967234886,0.7892870584600811,-0.4543017680624826,-0.7695686669754204,1.3222116596724611,0.4283308111766861,2.7179910613360945,-0.41359121219740985,-0.38267432370599025,-0.41667803606519294,0.0,0.0,0.0,0.0,0.0,1.2013345531074937,0.0,0.0,0.0,0.0,0.0
ckb1qzda0cr08m85hc8jlnfp3zer7xulejywt49kt2rr0vthywaa50xwsqwfna6z53rzj0vrgm3tujzzwldryr6jcnc8z4zde,0.4505419070512789,1.247208706548834,-0.3907976439152832,2.0293216300848886,-1.6679826142585374,-0.9445665243821725,0.08371254471550553,0.08781652714860251,1.423807180606761,0.01113899576635379,0.601069090223269,0.4657158426119793,0.6408931699555637,0.4603735839919125,-0.0883190986026846,0.05265067704068383,0.002405416644925827,-0.9689595980002745,-0.7317338462107807,-0.596411550252035,-0.3746213444003146,-0.3553614867156388,-0.237689634210822,0.0,0.0,0.0,0.0,0.0,-0.8330723393466353,0.0,0.0,0.0,0.0,0.0
ckb1qzda0cr08m85hc8jlnfp3zer7xulejywt49kt2rr0vthywaa50xwsq08nxknd7g5pzwe9mmdcqtqfs5f8ckh8fq34kxj8,0.27955050100527645,0.563702192069892,-0.4250976599741677,1.2786053561343835,-1.1372641676045776,-0.7312669936250407,-0.3293457822514076,-0.44461305455317846,1.4085179814576576,0.012024346474089221,0.4227081681491099,0.2814245539278854,0.44688876997690924,0.2653468170863748,-0.006065700479458457,0.17580109664956048,-0.35966535062875316,-0.5894902970001621,-0.3430489870903348,-0.35536190297193115,-0.06520128947028024,0.023327183715696784,0.054527452607902996,0.0,0.5849625007211564,0.0,0.0,-0.14628533408898,-0.3236954428314019,0.0,0.0,0.0,0.0,0.0
ckb1qzda0cr08m85hc8jlnfp3zer7xulejywt49kt2rr0vthywaa50xwsq2yg6kr7zvjzw0ts2j7qtkd6jzr2kq3g7sdh3azr,0.2635882664611771,0.5142972608540125,-0.45609213483554517,1.401097303625136,-1.2272642963491716,-0.38113233467792845,1.773182031239188,0.9729382475370938,1.2675531432026204,-0.010331020881612087,0.2293082731508407,0.35848262704143724,0.23652637585633124,0.3468937364802032,1.1152656438539126,0.0,-0.8518935927930873,1.5372710029516037,1.0523640768368527,1.1248476598746004,-0.30483164302617005,-0.36185558816020075,5.181719741492332,0.0,0.5849625007211564,0.0,0.0,-0.8059537223207016,1.2899980685338501,0.0,0.0,0.0,0.0,0.0
ckb1qzda0cr08m85hc8jlnfp3zer7xulejywt49kt2rr0vthywaa50xwsqd682nhfyu5lfzt4gp9cmrqgsjpesm3pjqf252gf,0.09815733417505365,0.1334478593527884,0.4732902026118544,-0.5379033152031057,0.9576847259460641,0.8892164157272877,-0.641110113635483,-1.1047078912889319,1.4114761123606312,-0.0017308700365862024,-0.5647703626466023,0.22780984353021042,-0.6271984102809498,0.20860890124620113,-0.6121837843349431,-0.3225514058633599,0.4694382244777516,-0.06440552789831724,0.1583241999368109,-0.8948766405425305,-0.44842284769305835,-0.42183858321794065,-0.49579242067196294,0.0,0.0,0.0,0.0,0.0,-0.39820400663513017,0.0,0.0,0.0,0.0,0.0
ckb1qzda0cr08m85hc8jlnfp3zer7xulejywt49kt2rr0vthywaa50xwsqfs6c4chhw5kwthmq0jzqyxwmr9fpr5a4qr8l2yd,-0.000768077218830633,-0.0008375679697634124,0.2861871227236271,-0.6161250290888528,1.204944844373023,-0.2941710087222481,0.19043847476144973,0.1888938662285614,1.128167765634484,-0.10595512508947148,-0.08168577886255947,-0.08908439985927541,-0.10174399052305028,-0.0745185172537534,0.35126568525189406,0.9333906400773415,0.6639692656638144,0.7014909980421007,0.8239080427487213,0.08010866282577064,0.9582339241216542,1.1006706131211181,0.6377219738302844,4.799204938088556,3.9068905956085187,0.024390243902439025,-3.9073524526241,-1.4137747651405956,0.45394741974560093,0.0,0.0,0.0,0.0,0.0
ckb1qzda0cr08m85hc8jlnfp3zer7xulejywt49kt2rr0vthywaa50xwsq087uc2epsa0ft08zu747g30c6zuh2lyxcsqugmn,0.48460813429555377,1.4160731507415594,-0.2908435592348796,1.7853464446977036,-1.5009875709281806,-0.6083008694873289,0.27130632245038333,0.2584401859352782,1.424958295134727,0.006870095473223431,0.6384683108472547,0.5005905714033921,0.681572559097816,0.4972798623703531,0.5311836807880214,0.03834653673828987,-0.7034846263064402,0.008552135185163304,-0.2921715681194538,7.298480719849403,-0.4251168883946293,-0.3994910813361747,-0.4355912867325665,1.0,0.0,0.0,-1.4486834741929404,0.0,0.7251961916872746,0.0,0.0,0.0,0.0,0.0
ckb1qzda0cr08m85hc8jlnfp3zer7xulejywt49kt2rr0vthywaa50xwsq2t6z8rc90g09yeh7t3nz2sfe72y20yzcg6jt76x,-0.7125380680447665,-0.21955603082058978,-0.5812386916768155,-0.5695608896117501,0.0,0.0,0.0,0.0,0.0,-0.9842553456576908,-0.5647703626466023,-0.7216417873835473,-0.5383482275686691,-0.7083421540315403,-0.12965390983010128,-0.26257159374995565,-0.5186311674628665,0.5470322069015673,0.7428462873546362,0.012046854466140039,0.6333390404871834,0.8219445440633513,-0.5453374138143248,1.0,0.5849625007211564,0.0,-0.24585546328491176,-1.0000000000002138,0.17440468386231417,0.0,0.0,0.0,0.0,0.0
ckb1qzda0cr08m85hc8jlnfp3zer7xulejywt49kt2rr0vthywaa50xwsqglrz80pqlcstnc89aw4dwr2av8spdc98sk7k0rz,-0.7125380680447665,-0.21955603082058978,-0.5812597178160699,-0.5691153434334159,0.0,0.0,0.0,0.0,0.0,-1.5379389945779218,-0.5647703626466023,-0.7216417873835473,-0.5383482275686691,-0.79615091801856,-0.12965390983010128,-0.06046733648723794,-0.4666314271078844,0.5470322069015673,0.7428462873546362,0.012046854466140039,0.966476405615637,1.2038761873564328,-0.5453374138143248,1.0,0.0,0.0,-0.24585546328491176,0.0,0.17440468386231417,0.0,0.0,0.0,0.0,0.0
ckb1qzda0cr08m85hc8jlnfp3zer7xulejywt49kt2rr0vthywaa50xwsqgkfsftjekwd5gtrpludsuaynmccg37mssm6hpt9,-0.7900833507669089,-0.22151054699761152,-0.5928812165553505,0.0,0.0,0.0,0.0,0.0,-0.3992070570723769,-1.5379389945779218,-0.7044131239549859,-0.7216417873835473,-0.7790888008662336,-0.7083421540315403,-2.2434195516864803,-0.831052427566142,0.393435053846525,0.0,0.0,0.0,0.12916424981326882,0.2439238040758547,-0.5453374138143248,-1.7095112913514543,0.5849625007211564,0.0,0.0,-1.0000000000002138,-0.6046654522239647,0.0,0.0,0.0,0.0,0.0
ckb1qzda0cr08m85hc8jlnfp3zer7xulejywt49kt2rr0vthywaa50xwsqfewq5cphjmj7j53dgvs9ekquz7wp0eadggz3t4x,-0.3229839935695253,-0.18101654479082935,-0.5298293203999366,-0.3388642078409639,0.5507884121502373,0.7914729522761552,-0.8232237460056752,-1.6916285138537965,0.6693652552513897,-0.03436152564176744,-0.3801726732254003,-0.25043596185559697,-0.4264102356228483,-0.2974960474820628,-0.7960552139397455,-0.9985886851370329,0.26370886908366936,-0.749436440429661,-0.6019373513896992,-0.06933124995312336,-0.518704876353484,-0.542885675476381,-0.21831203694491008,2.2598510045646623,1.0,0.0,-3.7156111847599638,-1.0151389684599765,-0.7122305405011445,0.0,0.0,0.0,0.0,0.0
ckb1qzl58smqy32hnrq6vxjedcxe2fugvnz497h7yvwqvwel40uh4rltcqfcnzr5d9zwctyksqp8fjlge9t3tdwqqscw0dlgc,-0.5024282489180808,-0.207884714081511,-0.4407924782604952,-0.7536809260568197,2.029707702685398,-1.9389312005406645,-0.1359736162593288,-0.16182761872971596,0.36153750480245245,-0.6734848256480546,-0.2617560436130998,-0.53413013708664,-0.2745198450375645,-0.5977161945129125,0.19570498576878015,0.13879535933931683,-0.6075877938087514,0.6752849315796674,-0.037416671332419826,0.6831806914723901,0.8354217481596613,1.059303706354475,-0.01901870335016733,1.0,0.0,0.5,-3.3116291311256925,0.0,0.44373349937619766,0.0,0.0,0.0,0.0,0.0
ckb1qzdcr9un5ezx8tkh03s46m9jymh22jruelq8svzr5krj2nx69dhjvqgj8zvgw355fmpvj6qqyaxtary4w9d4cqzrqq9ktcjg,-0.4822780293034813,-0.20594872412986526,-0.4407924782604952,-0.7427649467383476,1.9299246455025039,-1.7320538267046013,-0.03880829279723912,-0.04359359863689806,0.38920193068431813,-0.6905300142653605,-0.3123863306661803,-0.41384424558484884,-0.35267856524338526,-0.470423316529096,0.1567514137169083,0.2916325471426033,-0.5729058041072828,0.7216795998378619,0.7228999155291155,0.4217716697424902,0.8170827782509846,0.1458866702491899,1.549840566467065,1.0,0.0,0.5,-2.894097476915692,0.0,0.44373349937619766,0.0,0.0,0.0,0.0,0.0
ckb1qzda0cr08m85hc8jlnfp3zer7xulejywt49kt2rr0vthywaa50xwsqt54rd9j3r3zpapkccj9y7p7m48y228hngff7u47,0.41014613635935787,1.0604898924981805,0.3482216063258711,0.34936467613260225,-0.360377577698537,-0.06537004021703716,0.6763514777701279,0.5375631868985895,0.6912748760864117,0.01594627252450439,0.5600915197657043,0.42097656601276207,0.5963215851221016,0.4130281205620342,0.411393972987774,0.2966868282778289,-0.6684490407834188,-0.08362717150502783,-0.024032775356949813,2.0629347911163944,-0.10978041158785573,-0.1648922279817127,0.7318420906892575,1.0,1.0,0.0,-0.3894039843635358,-1.0327745089423654,0.3471027766255562,0.0,0.0,0.0,0.0,0.0
ckb1qzda0cr08m85hc8jlnfp3zer7xulejywt49kt2rr0vthywaa50xwsqd3jnqsndu5z3ew6anr65w34cyevvnucug28nl8j,-0.7900833507669089,-0.22151054699761152,-0.5928812165553505,0.0,0.0,0.0,0.0,0.0,-0.3992070570723769,-1.5379389945779218,-0.5647703626466023,-0.7216417873835473,-0.6271984102809498,-0.79615091801856,-1.4434993963988063,-0.10115041623000322,0.5148888216596114,-1.4449728708109784,-1.1614702111233777,-0.8948766405425305,0.9303943278263397,1.1625092057265536,-0.5453374138143248,0.0,0.0,0.0,0.0,0.0,0.10645436442253403,0.0,0.0,0.0,0.0,0.0
ckb1qzda0cr08m85hc8jlnfp3zer7xulejywt49kt2rr0vthywaa50xwsqdqyzqvyyqgdw9qdu9tsfwfj2j3qj05ams2m6zwh,-0.7900833507669089,-0.22151054699761152,-0.5928812165553505,0.0,0.0,0.0,0.0,0.0,-0.3992070570723769,-1.5379389945779218,-0.5647703626466023,-0.8634888749990689,-0.5383482275686691,-0.9462609915339848,-0.18959531809813046,-3.2175038145104105,-0.5223937728959913,0.4474877287550538,0.6476837829073737,0.0465837933295404,0.0,0.0,0.0,1.0,-1.0,0.0,-0.006602885762725357,0.0,0.10645436442253403,0.0,0.0,0.0,0.0,0.0
ckb1qzda0cr08m85hc8jlnfp3zer7xulejywt49kt2rr0vthywaa50xwsq24scr6mpupq6x6arqdwz5ufzfa8skkcccm8ryrr,-0.7900833507669089,-0.22151054699761152,-0.5928812165553505,0.0,0.0,0.0,0.0,0.0,-0.3992070570723769,-1.5379389945779218,-0.7044131239549859,-0.7216417873835473,-0.7790888008662336,-0.7083421540315403,-2.2434195516864803,-1.8311710925391957,0.22698960280952135,0.0,0.0,0.0,-0.7569915628303883,-0.7720263148974571,-0.5453374138143248,-1.7095112913514543,0.5849625007211564,0.0,0.0,-1.0000000000002138,-1.3911598391672197,0.0,0.0,0.0,0.0,0.0
ckb1qzda0cr08m85hc8jlnfp3zer7xulejywt49kt2rr0vthywaa50xwsq03gy6qc59208692fxn2pa2pln3xwcwdxsc7p7te,0.39595913176130304,0.9985307360520149,0.4831661733929279,0.19713630936540644,-0.20470819156318903,-0.06894379294604223,5.003302871303882,1.4359125707385036,1.4230489437703768,0.014071704041646736,0.26669005150800973,0.520213507199869,0.2771867929251681,0.5180458885504725,-0.41506559841219665,0.05807663204042128,0.535365903880393,-1.0549297730126495,-0.7931927165480654,-0.8487969063484594,-0.4289263738469202,-0.4030630268490048,-0.44396359585989487,0.0,0.0,0.0,0.0,0.0,-1.0178287947471352,0.0,0.0,0.0,0.0,0.0
ckb1qzda0cr08m85hc8jlnfp3zer7xulejywt49kt2rr0vthywaa50xwsqfsajumlzs2pjvtz0xxg42llw5px435u3gxmlwuc,-0.02718935698230856,-0.027910156465670334,0.45522603539165163,-0.6738264981332854,1.4414237639004468,0.44802965571561726,0.6970433182571961,0.5493606590868528,1.3332355472082538,-0.006835956322507769,0.057956982445823944,0.028077124238678197,0.09904418413505124,0.025811829854675533,0.6166112644189555,1.1216229288523887,-0.48042519662447974,0.8833967426884328,0.5335410302512493,0.3593832424483486,1.0208286374831705,0.5146009601824244,1.7067147300452052,7.566749576674211,3.8073549220576037,0.3269230769230769,-6.224888897717191,-1.8681300846189102,0.6168637439383874,0.0,0.0,0.0,0.0,0.0
ckb1qzda0cr08m85hc8jlnfp3zer7xulejywt49kt2rr0vthywaa50xwsqwr42a6hutw02a36n99zxzk9cdg8epdr4skkl97l,-0.7900833507669089,-0.22151054699761152,-0.5928812165553505,0.0,0.0,0.0,0.0,0.0,-0.3992070570723769,-1.5379389945779218,-0.7044131239549859,-0.7216417873835473,-0.7790888008662336,-0.7083421540315403,-2.2434195516864803,-0.2698035145726423,0.4868412982642792,0.0,0.0,0.0,0.6269250533250579,0.8145911069730785,-0.5453374138143248,-1.7095112913514543,0.5849625007211564,0.0,0.0,-1.0000000000002138,-0.16288526817882354,0.0,0.0,0.0,0.0,0.0
ckb1qzda0cr08m85hc8jlnfp3zer7xulejywt49kt2rr0vthywaa50xwsqgygj0n7vv7vk6ejt4d23yp87v5fe5352sv3hvfw,0.45936602596670256,1.2899727041052245,0.13652866137980443,0.7750200505515115,-0.7434173695934992,0.11571160665276033,-0.1802509808653742,-0.22050220505094736,1.096600926677693,0.016191044284357647,0.539788949225131,0.5274273351693857,0.5742383397007165,0.5264046377853506,1.4445629442479535,0.5211340553125298,-0.9350505514572386,1.6598078704411663,1.608294735253521,0.5118390869297308,-0.027148906744383968,0.06294884901602342,0.9370892364063065,0.0,1.9999999999999998,0.0,0.0,-0.6275394937168707,1.2956109193619814,0.0,0.0,0.0,0.0,0.0
ckb1qzda0cr08m85hc8jlnfp3zer7xulejywt49kt2rr0vthywaa50xwsq28ps4hf8swzexa6ky8dp2q540tsrvz60qt2wtqk,0.28132299005259104,0.5693377072923644,0.48164981669925505,-0.1680313768690737,0.24339232823270643,0.4198457443494688,2.699528673919166,1.1741627246700403,1.1200972591688376,0.014250495172162961,0.4227081681491099,0.28519339138593774,0.44688876997690924,0.269335199769489,0.3951565163924858,-0.25319490834301706,-0.6694035513970817,0.07673420646559748,-0.02425475948142409,2.082770384827207,-0.4494270947132414,-0.4207529495327276,-0.5020775136309374,1.7095112913514543,0.0,0.0,-3.7281627592274673,0.0,0.39459031466497413,0.0,0.0,0.0,0.0,0.0
ckb1qzda0cr08m85hc8jlnfp3zer7xulejywt49kt2rr0vthywaa50xwsq09rwsv5zvm3658ugyssehs360eh82v7zclyn32u,0.006792203570629855,0.007518553775671909,0.45264616906516125,-0.64246866014872,1.3045160175404509,0.5259173178779729,4.962816682099001,1.4328591380846938,1.3354011316384817,0.009295578677490332,-0.3801726732254003,0.12458733873821758,-0.3234176291103823,0.09937339952923228,0.06949283177789999,-0.4462341690793737,-0.5855817739520374,0.5345371981596185,0.16240807362748474,0.7523675978205882,-0.44542963657563706,-0.41712481170821425,-0.5148507934032784,3.419022582702908,0.0,0.0,-2.8004299116032123,0.0,0.35636805628419765,0.0,0.0,0.0,0.0,0.0
ckb1qzda0cr08m85hc8jlnfp3zer7xulejywt49kt2rr0vthywaa50xwsqdhyzsujyst3daq3tuqale3rse4mm623zs6juzyw,-0.7125380680447665,-0.21955603082058978,0.43674521952078726,-0.8412326668173006,0.0,0.0,0.0,0.0,0.0,-0.9842553456576908,-0.5647703626466023,-0.7216417873835473,-0.6271984102809498,-0.7083421540315403,0.01955381745994917,-1.840556377944409,-0.5751999886899936,0.9847222518179028,1.161269103179425,-0.8948766405425305,-0.7652821947199607,-0.781531266887161,-0.5453374138143248,0.0,0.5849625007211564,0.0,0.0,-1.0000000000002138,0.35636805628419765,0.0,0.0,0.0,0.0,0.0
ckb1qzda0cr08m85hc8jlnfp3zer7xulejywt49kt2rr0vthywaa50xwsq2gy9cran4y9nmyuvaqzpea2kvks63swwqlqlpl5,-0.7125380680447665,-0.21955603082058978,0.23893357128369372,-0.8404052298229935,0.0,0.0,0.0,0.0,0.0,-0.9842553456576908,-0.5647703626466023,-0.7216417873835473,-0.6271984102809498,-0.79615091801856,0.01955381745994917,-0.21231012176991362,-0.5669209828510375,0.9847222518179028,1.161269103179425,-0.8948766405425305,0.8318060899720096,1.0494808527570372,-0.5453374138143248,0.0,0.0,0.0,0.0,0.0,0.35636805628419765,0.0,0.0,0.0,0.0,0.0
ckb1qzda0cr08m85hc8jlnfp3zer7xulejywt49kt2rr0vthywaa50xwsqwr3fzgs5ke9hg0gwzu6qhd7kxwj6e7t6sy7j449,-0.7900833507669089,-0.22151054699761152,-0.5928812165553505,0.0,0.0,0.0,0.0,0.0,-0.3992070570723769,-1.5379389945779218,-0.7044131239549859,-0.7216417873835473,-0.7790888008662336,-0.646040844503135,-2.2434195516864803,0.49135171138007305,0.6135170911775987,0.0,0.0,0.0,1.2119760840079352,1.4853339444595401,-0.5453374138143247,-1.7095112913514543,1.0,0.0,0.0,-1.3333333333336186,0.35636805628419765,0.0,0.0,0.0,0.0,0.0
ckb1qzda0cr08m85hc8jlnfp3zer7xulejywt49kt2rr0vthywaa50xwsqvy6p5scn5xvswncwlzpfhap4prkxracucm68kwj,-0.46404993842358006,-0.204015352150555,0.4512429814700237,-0.8276280344345498,3.2814895853645623,-1.3738117823889262,0.2070107600040507,0.2036097441409344,0.49758738260533825,-0.6952722936064714,-0.34344182247565935,-0.4968194726764373,-0.3864578369833853,-0.5582320805161156,-0.07818751008665234,0.06802428870355227,-0.0037213765053622115,0.38146819403867366,0.16240807358099799,0.5919709785129471,0.7231132175274122,0.5145882482694507,1.0997533599938776,0.0,0.0,0.0,0.0,0.0,0.2025551254965652,0.0,0.0,0.0,0.0,0.0
ckb1qzda0cr08m85hc8jlnfp3zer7xulejywt49kt2rr0vthywaa50xwsqfqr2l6rqllmnhtpzptgq9fnagsykcffxcpqmjuu,0.14591453211069655,0.22075275673027867,-0.11073788291712111,-0.11928066660413149,0.17646887212205217,-1.1756770579056506,2.8206986515430614,1.1944765296342377,1.3918427229092167,0.007109880894550431,0.28231508225185753,0.13881529749888466,0.29418224618284894,0.1223637762445183,0.047230896170919606,0.3003136051318167,0.5038888408762542,-0.3090875854299334,-0.19656864177448896,2.2089233045600043,0.19253781409857051,0.1661514209583336,2.49553122314102,0.0,2.1699250014423126,0.0,0.0,-1.2914295477661348,0.14343406764250305,0.0,0.0,0.0,0.0,0.0
ckb1qzda0cr08m85hc8jlnfp3zer7xulejywt49kt2rr0vthywaa50xwsqtq7kfg7m5nzejcjug02mqqklfjea7fykqu7h5nz,-0.5504921834058731,-0.21176457632908474,0.45123328760062714,-0.8344353009979992,3.7207141421895815,2.433139934496683,-0.5133735007282285,-0.7946166936697556,0.6327282154829676,-0.6603711737768978,-0.34344182247565935,-0.7216417873835473,-0.3864578369833853,-0.646040844503135,-0.07818751000434325,-1.2891953301624106,-0.5503436711109011,0.38146819417536354,0.16240807362748474,0.5919709786411904,-0.3670020221717889,-0.32491541794532475,-0.5453374138143248,0.0,1.0,0.0,0.0,-1.3333333333336186,0.2025551254965652,0.0,0.0,0.0,0.0,0.0
ckb1qzda0cr08m85hc8jlnfp3zer7xulejywt49kt2rr0vthywaa50xwsqt2hf4pt58qrvnfk02tyhq2pe30t209xecsrj2fy,-0.5504921834058731,-0.21176457632908474,-0.09155566098207411,-0.8233988166281389,3.1724703097366613,-1.3425194991476308,-0.07679047536153034,-0.0881952453758831,-0.032616879637660405,-0.6603711737768978,-0.4251276013382189,-0.5797946997680257,-0.4753080196956661,-0.40812200700069073,0.1418675051914914,0.8650968070030509,0.6685925168817531,0.886862744717227,0.87165956737264,0.135850115577505,1.254988111538584,1.629964958643532,0.08552131596912951,0.0,2.4594316186372973,0.0,0.0,-1.7516045049278228,0.46833367222267863,0.0,0.0,0.0,0.0,0.0
ckb1qzda0cr08m85hc8jlnfp3zer7xulejywt49kt2rr0vthywaa50xwsqfs7v5u87mvk9zdyhmg3ua0aduh4zfw3fsgsfkel,-0.5799735316402232,-0.21370846291110532,-0.2254761594940865,-0.820505063217263,3.1069747547209157,1.7010538030776676,-0.19013069100687938,-0.23404345498516888,0.20835737876337623,-0.6952722936064714,-0.5647703626466023,-0.53413013708664,-0.5383482275686691,-0.5977161945129125,0.12334381114208284,0.053707180168441795,-0.5878300954731436,0.9671853948436989,1.1445042231893727,-0.06388375753814725,0.7599569155048111,0.9921970366908149,0.14193053718933127,1.0,0.5849625007211564,0.0,-0.7404238768080905,-0.9891771205910228,0.46833367222267863,0.0,0.0,0.0,0.0,0.0
ckb1qzda0cr08m85hc8jlnfp3zer7xulejywt49kt2rr0vthywaa50xwsqdfunuqtrj99lz8app7uqjmdr2ecx6wwfc62xrtm,-0.7125380680447665,-0.21955603082058978,-0.2906738482537557,-0.832883402047322,0.0,0.0,0.0,0.0,0.0,-0.9842553456576908,-0.5647703626466023,-0.7216417873835473,-0.5383482275686691,-0.79615091801856,0.12334381114208284,-0.7501022577574917,-0.600951603584253,0.9671853948436989,1.1445042231893727,-0.06388375753814725,0.3548348820922305,0.5026481756156803,-0.5453374138143248,1.0,0.0,0.0,-0.7404238768080905,0.0,0.46833367222267863,0.0,0.0,0.0,0.0,0.0
ckb1qzda0cr08m85hc8jlnfp3zer7xulejywt49kt2rr0vthywaa50xwsqwjeupgccqe3mp2wzajp975muw56rxfzysgzn7cd,-0.7125380680447665,-0.21955603082058978,-0.3444922314090123,-0.830334222672777,0.0,0.0,0.0,0.0,0.0,-1.5379389945779218,-0.5647703626466023,-0.7216417873835473,-0.5383482275686691,-0.79615091801856,0.12334381114208284,-0.4036804730025971,-0.5995130588925647,0.9671853948436989,1.1445042231893727,-0.06388375753814725,0.6620785289465747,0.854893475056023,-0.5453374138143248,1.0,0.0,0.0,-0.7404238768080905,0.0,0.46833367222267863,0.0,0.0,0.0,0.0,0.0
ckb1qzda0cr08m85hc8jlnfp3zer7xulejywt49kt2rr0vthywaa50xwsqdktl2pnd9nrh6fna6ydh5sv34z4cx59mg2d5yh4,-0.7125380680447665,-0.21955603082058978,-0.35080579052024397,-0.8299613352307582,0.0,0.0,0.0,0.0,0.0,-0.9842553456576908,-0.5647703626466023,-0.7216417873835473,-0.5383482275686691,-0.79615091801856,0.12334381114208284,-0.3689613429540963,-0.5992214670979438,0.9671853948436989,1.1445042231893727,-0.06388375753814725,0.6928711424632421,0.890196250165548,-0.5453374138143248,1.0,0.0,0.0,-0.7404238768080905,0.0,0.46833367222267863,0.0,0.0,0.0,0.0,0.0
ckb1qzda0cr08m85hc8jlnfp3zer7xulejywt49kt2rr0vthywaa50xwsq06cwnwfzz5sv5ps5w6ewtm6q9upj8klyc7qt4xy,-0.6575188143623656,-0.21760418292586775,-0.3508847068091334,-0.8226422084342767,3.31292469767903,2.1984194043749428,-0.42887811190376585,-0.6219794864141857,0.23352115841059087,-1.029493606390385,-0.5647703626466023,-0.6386665602919588,-0.5383482275686691,-0.7083421540315403,0.12334381114208284,-0.3342286056226943,-0.598883813787209,0.9671853948436989,1.1445042231893727,-0.06388375753814725,0.5697865385264319,0.7490835742351925,0.36472097417800653,1.0,0.0,0.0,-0.7404238768080905,0.0,0.46833367222267863,0.0,0.0,0.0,0.0,0.0
ckb1qzda0cr08m85hc8jlnfp3zer7xulejywt49kt2rr0vthywaa50xwsqdy03jsqq4r873dyqm49pckertnx0qvw0qvde0sg,-0.6148425657080245,-0.215654996037962,-0.35251774833566457,-0.8151745171315993,3.004875682395073,-0.8050234798194955,-0.15012475260495053,-0.18023118178617728,0.1996035285361884,-1.0887475623382277,-0.5647703626466023,-0.5797946997680257,-0.5383482275686691,-0.646040844503135,0.12334381114208284,-0.09781972918869185,-0.5945546979923312,0.9671853948436989,1.1445042231893727,-0.06388375753814725,0.6894378046599079,0.7905133047987319,0.19586045364455387,1.0,0.0,0.0,-0.7404238768080905,0.0,0.46833367222267863,0.0,0.0,0.0,0.0,0.0
ckb1qzda0cr08m85hc8jlnfp3zer7xulejywt49kt2rr0vthywaa50xwsq0tck2vsvttyzk8n8gngr95nqnlx6s5vycpj8w3k,-0.5504921834058731,-0.21176457632908474,-0.37146975793921716,-0.7969692707468038,2.561782100943223,1.2676467845858579,0.06835495727585435,0.07230536921973806,0.6327282154829676,-0.7300326515639225,-0.5647703626466023,-0.46527375540209814,-0.6271984102809498,-0.40812200700069073,0.11329289576985747,0.359121571223979,0.3360642817919273,1.1403949089788876,1.310089009669821,-0.8948766405425305,0.8062367125330745,0.9255365004766692,0.22575203564451285,0.0,2.1699250014423126,0.0,0.0,-1.316663056152658,0.46833367222267863,0.0,0.0,0.0,0.0,0.0
ckb1qzda0cr08m85hc8jlnfp3zer7xulejywt49kt2rr0vthywaa50xwsqft980n0alva2vjmkca85wujt5vhtwgzpgqczv9a,-0.44740899523567995,-0.20208459107275364,-0.58788860074943,0.9182644539670496,-0.7898265211276276,0.08376186844431927,-0.5014305154881068,-0.7688187370386259,0.6189069521175143,-0.5038606469778921,-0.4251276013382189,-0.6386665602919588,-0.4753080196956661,-0.7083421540315403,-0.758060047969427,-1.0397198830534835,-0.3230787114647662,-0.6075814978259855,-0.4719256433961292,-0.29855641993760074,-0.05588330165880756,0.031772533101373575,-0.3715551617997353,1.0,0.0,0.5,-2.270858018132228,0.0,-0.6637191892283878,0.0,0.0,0.0,0.0,0.0
ckb1qzda0cr08m85hc8jlnfp3zer7xulejywt49kt2rr0vthywaa50xwsq2sfv44lf5g89ha2q296zqm8savzcyqxlsulsx6f,-0.23205911683576275,-0.15464399592428368,0.3730295151784449,-0.779518630430095,2.208430114418129,0.6221699338476089,0.10454735884225008,0.10845319688399957,1.0450685975109157,-0.1412053767565031,-0.07273044146163207,-0.3385922780839534,-0.09200320852400368,-0.3907877134044274,-0.3610567247143753,-0.34361224688011316,0.3624794281721291,-0.4941462459082402,-0.4405427275923663,0.15107905106967126,0.16368340253121128,-0.052518795213312444,1.1843032883342852,5.552368757722861,2.1699250014423126,0.08333333333333333,-5.7250007583646125,-1.2600840429193287,-0.23882972749465478,0.0,0.0,0.0,0.0,0.0
ckb1qzda0cr08m85hc8jlnfp3zer7xulejywt49kt2rr0vthywaa50xwsq0er7n9s6mrsravyz79mjqpl97j7tg48ased4uwq,-0.7900833507669089,-0.22151054699761152,-0.5928812165553505,0.0,0.0,0.0,0.0,0.0,-0.3992070570723769,-1.5379389945779218,-0.7044131239549859,-0.7216417873835473,-0.7790888008662336,-0.79615091801856,-2.2434195516864803,-0.9169188363976161,0.3791446764668892,0.0,0.0,0.0,0.20688421549826957,0.33302733108282545,-0.5453374138143248,-1.7095112913514543,0.0,0.0,0.0,0.0,-0.5356862547820181,0.0,0.0,0.0,0.0,0.0
ckb1qzda0cr08m85hc8jlnfp3zer7xulejywt49kt2rr0vthywaa50xwsqdg5awuqp2zuwnvjcr753hh38ml5ywd5rgpg79nw,-0.7900833507669089,-0.22151054699761152,-0.5928812165553505,0.0,0.0,0.0,0.0,0.0,-0.3992070570723769,-1.5379389945779218,-0.7044131239549859,-0.7216417873835473,-0.7790888008662336,-0.79615091801856,-2.2434195516864803,0.3071881519990783,0.5828675414998357,0.0,0.0,0.0,1.292552357070232,1.5777121391698476,-0.5453374138143248,-1.7095112913514543,0.0,0.0,0.0,0.0,0.4278823267771532,0.0,0.0,0.0,0.0,0.0
ckb1qzda0cr08m85hc8jlnfp3zer7xulejywt49kt2rr0vthywaa50xwsqdxzlmuqal6c37hk678qjekya0qjd5m5lq7hhzaq,0.34772903722894183,0.802370401486416,0.39633082947342824,0.08349605305406582,-0.07870288456232166,-0.4565073286785576,0.7045661010862384,0.5536008586731771,1.3575663343779458,0.0001437360326122231,0.4944147453746416,0.35426305301669225,0.5248845065283172,0.34242836057643355,-0.1786467068596431,-0.08437485393569759,0.15223388079312056,-0.9736268203627105,-0.7972846858854661,1.979777430139197,-0.37499029122446553,-0.41804557146156757,2.6347663429589656,0.0,1.3219280948873622,0.0,0.0,-0.5446058345820549,-0.28728804360825744,0.0,0.0,0.0,0.0,0.0
ckb1qzda0cr08m85hc8jlnfp3zer7xulejywt49kt2rr0vthywaa50xwsqw2qmgk7tphggddk6mavjxzxhlaguum7ds7c7t8q,0.3548267881555245,0.8298205147670347,0.3067965279939024,0.1719096529536557,-0.1773998382506831,-0.4944924944834872,0.036065043416655625,0.03883174059053464,1.403100421022105,0.00013748786759103799,0.5016289864416991,0.36210470548882895,0.5327314860866194,0.3507268110336289,0.365568513955414,-0.1358030032391496,-0.6613198245006755,-0.08005238801923306,-0.37431156385099484,5.695310191953154,-0.42904572783489564,-0.41822544439303705,0.6411674221652366,1.0,1.0,0.0,-0.48895729025669626,-0.4997816108333702,0.5428390627020945,0.0,0.0,0.0,0.0,0.0
ckb1qrgqep8saj8agswr30pls73hra28ry8jlnlc3ejzh3dl2ju7xxpjxqgqq89qeq8sz02jymcmc8nm5qsfmwyxtvqemvnunp36,0.15771956153994807,0.2449498321716143,0.4747064291439972,-0.44263251064455167,0.7240137404650676,-0.4941332988641144,0.5874615642150753,0.48452581446123966,1.00777803764425,-0.0024675859358096867,0.3461978424635184,-0.0471748432622172,0.36366796323184764,-0.02312199932386474,0.0014453173102673223,0.388416688146408,0.5714341731887325,-0.47252996780160994,-1.3421708012523856,2.5688892454756385,0.4213584258901962,0.4049447755263035,0.7140155240931182,5.678873587267571,4.169925001442312,0.08,-5.2674815554423295,-1.6933837946286134,-0.034031027143914434,0.0,0.0,0.0,0.0,0.0
ckb1qzda0cr08m85hc8jlnfp3zer7xulejywt49kt2rr0vthywaa50xwsqvn87j7a9sndal6f0rv6ny34z7s7mcvypg5qhygq,-0.7900833507669089,-0.22151054699761152,-0.5928812165553505,0.0,0.0,0.0,0.0,0.0,-0.3992070570723769,-1.5379389945779218,-0.7044131239549859,-0.7216417873835473,-0.7790888008662336,-0.79615091801856,-2.2434195516864803,-0.4844187072422741,0.4511238141352806,0.0,0.0,0.0,0.5904712841945452,0.7727979927636447,-0.5453374138143248,-1.7095112913514543,0.0,0.0,0.0,0.0,-0.19523926777460637,0.0,0.0,0.0,0.0,0.0
ckb1qzda0cr08m85hc8jlnfp3zer7xulejywt49kt2rr0vthywaa50xwsq298q6vfh7z6allgp2ty42k6yd49vap8ysn494ka,-0.7900833507669089,-0.22151054699761152,-0.5928812165553505,0.0,0.0,0.0,0.0,0.0,-0.3992070570723769,-1.5379389945779218,-0.7044131239549859,-0.7216417873835473,-0.7790888008662336,-0.79615091801856,-2.2434195516864803,-0.5111163599338664,0.44668063854071144,0.0,0.0,0.0,0.5667929690989192,0.7456515398540566,-0.5453374138143248,-1.7095112913514543,0.0,0.0,0.0,0.0,-0.21625460350820183,0.0,0.0,0.0,0.0,0.0
ckb1qrlh3whq40ch67jqfs97p7ddnjgctvlc3hxxqsp5202m4rslyt6n5qh3068szf235yxw9c3px3rzgxkxnf2ynq7ys5kam9r42sn5a2x845q7rg9y,-0.7125380680447665,-0.21955603082058978,-0.2050809238841215,-0.8354856562160887,0.0,0.0,0.0,0.0,-0.3992070570723769,-0.9842553456576908,-0.5647703626466023,-0.7216417873835473,-0.6271984102809498,-0.79615091801856,-0.5884238592448343,-0.7088764473620733,-0.23240745559383022,-0.024947377259212568,0.19604539256939363,-0.8948766405425305,0.3913983110907156,0.5445670114581764,-0.5453374138143248,0.0,0.0,0.0,0.0,0.0,-0.3698242242078796,0.0,0.0,0.0,0.0,0.0
ckb1qrlh3whq40ch67jqfs97p7ddnjgctvlc3hxxqsp5202m4rslyt6n5qn0ta0jq68jgwzvzpy82w8sugs9cvvza3fz0flwr67avv068nsst5uevzjl,-0.7125380680447665,-0.21955603082058978,-0.20508182841770953,-0.8354856347625848,0.0,0.0,0.0,0.0,-0.3992070570723769,-0.9842553456576908,-0.5647703626466023,-0.7216417873835473,-0.6271984102809498,-0.79615091801856,-1.043676241780097,-1.4424423199389613,-0.23206171659142924,-0.7809858336416283,-0.5267120552309701,-0.8948766405425305,-0.2592058478188599,-0.20133045173942718,-0.5453374138143248,0.0,0.0,0.0,0.0,0.0,-0.9135954489419488,0.0,0.0,0.0,0.0,0.0
ckb1qzda0cr08m85hc8jlnfp3zer7xulejywt49kt2rr0vthywaa50xwsqg0fsmjwhnshsqzsayprx9f7w0jwkn5zyqcrdluc,-0.7900833507669089,-0.22151054699761152,-0.5928812165553505,0.0,0.0,0.0,0.0,0.0,-0.3992070570723769,-1.5379389945779218,-0.7044131239549859,-0.7216417873835473,-0.7790888008662336,-0.79615091801856,-2.2434195516864803,0.655919088492479,0.6409053324621358,0.0,0.0,0.0,1.6018440050391154,1.9323054082858238,-0.5453374138143248,-1.7095112913514543,0.0,0.0,0.0,0.0,0.7023895201907506,0.0,0.0,0.0,0.0,0.0
ckb1qzda0cr08m85hc8jlnfp3zer7xulejywt49kt2rr0vthywaa50xwsq247yrzkaul6mzgfrs74hr5t7q0l3ak8ugacfdq9,0.26513061513696506,0.5189657657721285,0.4518959523205668,-0.19701973035966402,0.28592062606868995,0.5288246350879101,3.1246751818579277,1.2410101024853268,0.5771680633504256,0.015561027168596964,-0.18767350365854743,0.4024697861520028,-0.21702756674048573,0.3934432694936619,-0.06367913771244094,0.1728853903820673,0.5077437523898589,0.1657137835085148,0.09827585106816943,1.1208055482871644,-0.19941606948145313,-0.21791944207172495,0.24399089247477995,3.089693646737102,1.584962500721156,0.0,-3.3085771960641353,-1.2903688011890104,0.17766176075288853,0.0,0.0,0.0,0.0,0.0
ckb1qzda0cr08m85hc8jlnfp3zer7xulejywt49kt2rr0vthywaa50xwsqw9t5zng6xx58m2nha3lw65da4tsdntkqcxt2q9p,-0.6575188143623656,-0.21760418292586775,-0.5892735099394204,0.13056581611397702,0.1700525444063855,0.6052280360676249,-0.4695733163552772,-0.7023236374051681,0.23352115841059087,-1.029493606390385,-0.48308458378404284,-0.6386665602919588,-0.5383482275686691,-0.646040844503135,-0.5320769953158855,-0.34335763179776024,0.45790154041353387,-0.12126472572114484,0.10396795872251983,-0.7770771860482327,0.47167156757715173,0.6023410309205752,-0.3596496802829109,0.0,1.0,0.0,0.0,-1.3121905660726494,-0.2564177736596572,0.0,0.0,0.0,0.0,0.0
ckb1qzda0cr08m85hc8jlnfp3zer7xulejywt49kt2rr0vthywaa50xwsq2yr93x7eusaallmfayyemrlff66pd7v9s34kwg9,-0.44740899523567995,-0.20208459107275364,-0.5571188256846613,-0.38892149698480344,0.681466201151606,-0.13311899138836392,0.27894042135181935,0.2647217984198342,0.5641148760885333,-0.30252113827962634,-0.4251276013382189,-0.41384424558484884,-0.4753080196956661,-0.17630394077895575,0.18278678830561365,0.05585995405197864,-0.6073535240427159,0.9548174090474809,1.1939280418098552,-0.4073894952572396,0.2867458893482123,0.5145882482694507,0.01726072147979751,0.0,3.8579809951275723,0.0,0.0,-1.907300042396456,0.40933610397982306,0.0,0.0,0.0,0.0,0.0
ckb1qzda0cr08m85hc8jlnfp3zer7xulejywt49kt2rr0vthywaa50xwsq2fdtshag9h5z8q7qy6v4hu6lpzvejmg7sp9a6kf,-0.7900833507669089,-0.22151054699761152,-0.5928812165553505,0.0,0.0,0.0,0.0,0.0,-0.3992070570723769,-1.5379389945779218,-0.7044131239549859,-0.7216417873835473,-0.7790888008662336,-0.79615091801856,-2.2434195516864803,-1.3812048716157856,0.3018755470639773,0.0,0.0,0.0,-0.20489397202219478,-0.13906357283392928,-0.5453374138143248,-1.7095112913514543,0.0,0.0,0.0,0.0,-0.9011538492272222,0.0,0.0,0.0,0.0,0.0
ckb1qzda0cr08m85hc8jlnfp3zer7xulejywt49kt2rr0vthywaa50xwsqvkdvwnt7g07cavxzwdpc6rhyz9dpje6zgyldedd,-0.7900833507669089,-0.22151054699761152,-0.5928812165553505,0.0,0.0,0.0,0.0,0.0,-0.3992070570723769,-1.5379389945779218,-0.7044131239549859,-0.7216417873835473,-0.7790888008662336,-0.79615091801856,-2.2434195516864803,-2.180356381505519,0.16887619591789807,0.0,0.0,0.0,-0.9136664427298357,-0.9516491990481705,-0.5453374138143248,-1.7095112913514543,0.0,0.0,0.0,0.0,-1.5302142942165091,0.0,0.0,0.0,0.0,0.0
ckb1qzda0cr08m85hc8jlnfp3zer7xulejywt49kt2rr0vthywaa50xwsq046dyalzv28h7wt8fqzhhskeedyh6fpugkydwwj,-0.22199099231643385,-0.150915888568516,-0.4513590007026946,-0.43821487353308597,0.7317023155662028,0.5208373357817262,-0.07238072552260384,-0.0829145105930399,1.235932526201434,-0.04818066840300077,-0.10088715060863335,-0.25043596185559697,-0.1226294544522808,-0.2974960474820628,0.9776340232256135,1.5255910984675072,-0.7828279298564585,1.7691210626631744,1.7690734501492755,-0.2346763983499821,1.7194416564549604,2.07073600242606,-0.2640572285333224,2.2598510045646623,0.0,0.0,-3.6338161511442544,0.0,1.0771586099983976,0.0,0.0,0.0,0.0,0.0
ckb1qzda0cr08m85hc8jlnfp3zer7xulejywt49kt2rr0vthywaa50xwsq0a7apfhwtpcrx2vwh4rverv53y377dgsqtkmuyv,0.5153910405632293,1.577124368585458,-0.20818791142571583,1.6986232559471772,-1.4406520951918416,-0.9325399775633828,0.6108932520835838,0.4988911742041171,1.2924495070944966,0.0048016224604582125,0.7234630774908233,0.4650966527602634,0.7969449372728041,0.5232466235942409,1.5318546046173485,2.5225919300014974,0.8222304366593849,1.5259700081150447,1.5762684698088392,0.6093316819207583,1.751132883912592,1.6045672057192817,3.3728301782617542,9.815102642174367,6.076815597050831,0.008403361344537815,-6.179941865547341,-1.6698894690398083,1.7368874152359126,0.0,0.0,0.0,0.0,0.0
ckb1qzda0cr08m85hc8jlnfp3zer7xulejywt49kt2rr0vthywaa50xwsqwx8ftt5lmk8pt5ux00wvyz5qrswq9uckq3yqc5x,-0.7900833507669089,-0.22151054699761152,-0.5928812165553505,0.0,0.0,0.0,0.0,0.0,-0.3992070570723769,-1.5379389945779218,-0.7044131239549859,-0.7216417873835473,-0.7790888008662336,-0.79615091801856,-2.2434195516864803,-1.789680742688602,0.23389466341525578,0.0,0.0,0.0,-0.5671737760166629,-0.5544061172469538,-0.5453374138143248,-1.7095112913514543,0.0,0.0,0.0,0.0,-1.2226898909471549,0.0,0.0,0.0,0.0,0.0
ckb1qzda0cr08m85hc8jlnfp3zer7xulejywt49kt2rr0vthywaa50xwsqw76vqq45434vph49vkxl406cp95886x2g79zp4d,-0.6575188143623656,-0.21760418292586775,0.40512176954895696,-0.8393284087886482,4.371672233523426,2.735121934119112,-0.6773265864100593,-1.2058294409072918,-0.032616879637660405,-1.029493606390385,-0.5647703626466023,-0.6386665602919588,-0.6271984102809498,-0.7083421540315403,-0.29493763031161735,-0.6822725848379646,-0.4872309629221857,0.4624457347910659,0.6619833336451766,-0.8948766405425305,0.2611108202309459,0.39519644936161596,0.16783450915080442,0.0,0.0,0.0,0.0,0.0,-0.019272810811954467,0.0,0.0,0.0,0.0,0.0
ckb1qzda0cr08m85hc8jlnfp3zer7xulejywt49kt2rr0vthywaa50xwsqw5rj262huu0sgcnq38shahvee2qpuuvtg8rve95,-0.7900833507669089,-0.22151054699761152,-0.5928812165553505,0.0,0.0,0.0,0.0,0.0,-0.3992070570723769,-1.5379389945779218,-0.7044131239549859,-0.7216417873835473,-0.7790888008662336,-0.79615091801856,-2.2434195516864803,-0.2608728446915856,0.4883275912697748,0.0,0.0,0.0,0.7887355073809396,1.000101767405099,-0.5453374138143248,-1.7095112913514543,0.0,0.0,0.0,0.0,-0.019272810811954467,0.0,0.0,0.0,0.0,0.0
ckb1qzda0cr08m85hc8jlnfp3zer7xulejywt49kt2rr0vthywaa50xwsqtrp6ncuqxwmyp7wfr9uywxyyfs7nvk44sx7ast5,-0.6575188143623656,-0.21760418292586775,0.38329926527040653,-0.8392081904595716,4.355151149523038,2.726747031437471,-0.42952900815752554,-0.6232261293544682,-0.032616879637660405,-0.6603711737768978,-0.48308458378404284,-0.6386665602919588,-0.5383482275686691,-0.5977161945129125,-0.19729199615633528,0.22004875306238425,0.5555571251526108,0.4347058928478387,0.6354646067259058,0.014057659287055315,0.9074856134664285,1.1362450761599439,-0.5453374138143248,1.0,1.3219280948873622,0.0,-0.23217085558086753,-1.5000000000003209,0.09382925588179572,0.0,0.0,0.0,0.0,0.0
ckb1qzda0cr08m85hc8jlnfp3zer7xulejywt49kt2rr0vthywaa50xwsqtmf2ge3pt50a67vdmwsj8l8rf6px43vxg098nyj,-0.7900833507669089,-0.22151054699761152,-0.5928812165553505,0.0,0.0,0.0,0.0,0.0,-0.3992070570723769,-1.5379389945779218,-0.7044131239549859,-0.7216417873835473,-0.7790888008662336,-0.79615091801856,-2.2434195516864803,-0.11718921605157619,0.5122402400515712,0.0,0.0,0.0,0.9161694159841659,1.146200786064635,-0.5453374138143248,-1.7095112913514543,0.0,0.0,0.0,0.0,0.09382925588179572,0.0,0.0,0.0,0.0,0.0
ckb1qzdcr9un5ezx8tkh03s46m9jymh22jruelq8svzr5krj2nx69dhjvqgjrdnzrv7tvcd9nrfr7lmqh0gatk7nxy9jqq2yluhf,-0.4179276470013299,-0.1982308734812551,-0.11525664258960384,-0.7967633821741114,2.4820741487281905,-2.5652301729257845,0.8692479856257302,0.6403648698784414,0.21899724949696828,-0.6805152337112432,-0.28548484002983543,-0.37277857509031853,-0.3234176291103823,-0.4269654569387549,-0.044651703449395654,-0.03570402992936091,-0.5267175373462955,0.34497849818091136,0.40238535169294243,0.25002061447646967,0.47722868961867754,0.4129439192232131,0.8045719373468336,1.0,0.0,0.5,-3.3084731600922113,0.0,0.15697626318838434,0.0,0.0,0.0,0.0,0.0
ckb1qzda0cr08m85hc8jlnfp3zer7xulejywt49kt2rr0vthywaa50xwsqvdsgte9pkmratzhwchaanuuvhvmd3pp9cfvddsg,-0.6575188143623656,-0.21760418292586775,-0.592878485887915,0.844718271120931,-5.190717777511126,-2.1122649410054737,-0.9976959871087203,-2.5138520741633945,-0.3992070570723769,-1.5379389945779218,-0.7044131239549859,-0.5797946997680257,-0.7790888008662336,-0.646040844503135,-2.2434195516864803,-0.03590667604567993,0.525767743843413,0.0,0.0,0.0,0.7443485020938894,-0.27448563684856,0.9198972139976673,-1.7095112913514543,0.0,0.0,0.0,0.0,0.15697626318838434,0.0,0.0,0.0,0.0,0.0
ckb1qzda0cr08m85hc8jlnfp3zer7xulejywt49kt2rr0vthywaa50xwsqddw45fnzxhfmsxwuf7m82k5vyynsfvkxqu8209y,-0.17447270784005375,-0.13058327444009263,0.4498282226716276,-0.7630690600806693,2.0295753007745154,1.4069517375839595,-0.6798372504697958,-1.2130888117495822,1.2125838578197736,-0.011922930491307802,-0.7044131239549859,-0.06292431155868974,-0.7790888008662336,-0.0990613239764153,-2.2434195516864803,-0.687044012665611,0.41740175540977265,0.0,0.0,0.0,-0.45286081940420725,-0.4235782691955031,-0.5429505543766608,-1.7095112913514543,0.0,0.0,0.0,0.0,-1.1198225499818635,0.0,0.0,0.0,0.0,0.0
ckb1qzda0cr08m85hc8jlnfp3zer7xulejywt49kt2rr0vthywaa50xwsqg2fnljwt423kchx368x8xwstmkhx0k2agegvx0a,0.009734572364411175,0.010847375677190827,-0.47980262257908524,0.3635683510821466,-0.36920600443921653,0.3064906053525789,-0.9374531267089385,-2.1909538075909376,1.3886304075310598,0.0154980713351029,-0.7044131239549859,0.13418169373703853,-0.7790888008662336,0.10952665229188191,-2.2434195516864803,0.14173449953554662,0.5553318012177021,0.0,0.0,0.0,0.06517035902462227,0.16927583768091023,-0.5179303182033094,-1.7095112913514543,0.0,0.0,0.0,0.0,-0.6433859450110505,0.0,0.0,0.0,0.0,0.0
ckb1qzda0cr08m85hc8jlnfp3zer7xulejywt49kt2rr0vthywaa50xwsqt2gnkqzr9sm0q9syuahhy9mgu9hx3r5pg74y4jz,0.38945540710773385,0.9707681479890727,-0.21372671191877535,1.0428805943810018,-0.9586987178838311,-0.7732453944769013,0.9727154932815698,0.6895462044370891,1.4017169575087027,0.00295423970680548,0.4907083768847154,0.4379476121525041,0.5208530640653266,0.4309877771647517,1.2454696694884524,1.9309969097136697,-0.8506795750644804,1.396075890942681,1.2941542615919313,0.8281629320337962,1.321160065145681,1.4747704334153315,0.6539760964816468,2.2598510045646623,1.0,0.0,-4.391012610264887,-0.6225754921420003,1.0740826757369353,0.0,0.0,0.0,0.0,0.0
ckb1qzda0cr08m85hc8jlnfp3zer7xulejywt49kt2rr0vthywaa50xwsqwda7qe8d78vuwpx20spzsuvtj92eulcagjenqnt,-0.02718935698230856,-0.027910156465670334,-0.4015299178708248,-0.11189341589149493,0.17061059646330584,-0.6826966853345765,0.12162645813852586,0.12503064355107846,1.3172905276482016,-0.013201937362775371,0.09921525786622669,-0.0434198371778897,0.09502330961174373,-0.07842065991768253,1.0316430366251996,1.7520837246336138,-0.003212770947001847,1.5777614392937078,1.7511656321023823,-0.6242263241323004,1.6884110617913937,2.0564021761492337,-0.21105904275398338,0.0,1.3219280948873622,0.0,0.0,-1.3960440057619588,0.8900319560687104,0.0,0.0,0.0,0.0,0.0
ckb1qzda0cr08m85hc8jlnfp3zer7xulejywt49kt2rr0vthywaa50xwsqdqrmx3gfghxmm3m5dj4vm27j5ke9kvw9qmr8lwp,-0.3807952705503036,-0.19246970372137784,-0.48241305531418305,-0.6088219461295065,1.2212617151883662,-0.40471532847701197,-0.026910275713153617,-0.030022038440382322,0.7296784558757442,-0.27518643673264154,-0.2617560436130998,-0.41384424558484884,-0.2976076542711045,-0.470423316529096,0.7764430335637234,1.1595868017264024,-0.7421621172324961,1.671985819822759,1.6298700941090205,0.06177973682801274,1.5868756038743617,1.9407450394606491,-0.1160448114213128,1.7095112913514543,0.0,0.0,-3.1992032783102737,0.0,1.0522985692815952,0.0,0.0,0.0,0.0,0.0
ckb1qzda0cr08m85hc8jlnfp3zer7xulejywt49kt2rr0vthywaa50xwsqgj3l4affhawvqru83788u58fphcrx2f8shd3h9l,-0.22199099231643385,-0.150915888568516,0.10037677493276653,-0.7499963503504503,1.9190607033280036,-0.7194884965656823,1.135209265963237,0.7597114380433717,0.8944399109488156,-0.1261634132054847,-0.10088715060863335,-0.25043596185559697,-0.1226294544522808,-0.2974960474820628,0.666780890374471,1.1984410686538123,0.03331964919989746,1.2528867930601677,1.2431028071678438,-0.022032174799565214,1.4292903131428492,1.564864536650834,0.42040264506591807,0.0,0.0,0.0,0.0,0.0,0.7383538533230054,0.0,0.0,0.0,0.0,0.0
ckb1qzda0cr08m85hc8jlnfp3zer7xulejywt49kt2rr0vthywaa50xwsqwjhnuyhphnp99ysnl09ht9e3x2kh8s8acgdjpg3,-0.6575188143623656,-0.21760418292586775,-0.5803770295675048,-0.4755856405492972,1.0988895647154393,1.0760760537891714,-0.9560811689256407,-2.2856882904514997,0.23352115841059087,-0.6603711737768978,-0.48308458378404284,-0.6386665602919588,-0.4753080196956661,-0.3597973570104681,-0.4223476323443465,-0.9374176287039937,-0.45708508436367296,-0.05012183996223485,0.16240807362748474,-0.6298218822522227,-0.3968964483576742,-0.3898494498062796,-0.11802891745197296,1.0,2.9068905956085187,0.0,-3.299909085541082,-1.8331505687109446,-0.32719795472318913,0.0,0.0,0.0,0.0,0.0
ckb1qzda0cr08m85hc8jlnfp3zer7xulejywt49kt2rr0vthywaa50xwsqgzm5e3yf726rc70mkxfc2y2u4y3w27h6qeazjwx,-0.7125380680447665,-0.21955603082058978,-0.5806614968476108,-0.5812509625226423,0.0,0.0,0.0,0.0,0.0,-0.9842553456576908,-0.5647703626466023,-0.7216417873835473,-0.5383482275686691,-0.79615091801856,-0.4863030321592221,-1.4370907185653985,-0.4462375498632671,-0.045249896507918254,0.17663659547417013,-0.5772746752481496,-0.2544594791004852,-0.1958888874057934,-0.5453374138143248,1.0,0.0,0.0,-2.9504410327400192,0.0,-0.32719795472318913,0.0,0.0,0.0,0.0,0.0
ckb1qzda0cr08m85hc8jlnfp3zer7xulejywt49kt2rr0vthywaa50xwsqgjr2xdh0zyc53jxpwsvwxq5x8y05rmytcewmqcv,0.3841707933324327,0.9485084544144492,0.2586164610930621,0.32222191933410893,-0.33344874623424564,-0.02399906121361477,0.8557166984653638,0.6336463313638898,1.157820365813396,0.010300292376515452,0.0,0.0,0.0,0.0,0.0,0.0,0.0,0.0,0.0,0.0,0.0,0.0,0.0,0.0,0.0,0.0,0.0,0.0,0.0,0.0,0.0,0.0,0.0,-0.8468176914778857
ckb1qzda0cr08m85hc8jlnfp3zer7xulejywt49kt2rr0vthywaa50xwsqt5ctdrmqm0ay6yk8h9nxh7uy0xu7tm8zs8tvu99,-0.2033176155560558,-0.14348871154999882,0.11346319141790144,-0.742293830710565,1.8563254350361587,0.8771720327575282,0.9870994020676978,0.6960909768868784,1.0260382402141046,0.0030639496596293514,-0.10088715060863335,-0.2131252974453941,-0.1226294544522808,-0.25801193348526585,0.6667808955342208,1.19844108720126,0.057955747237266514,1.25288680162897,1.2431031092521292,-0.02203221751262843,1.38687255254426,1.5345915677555002,0.5956732036503307,0.0,0.0,0.0,0.0,0.0,0.7400019053511985,0.0,0.0,0.0,0.0,0.0
ckb1qzfhdsa4syv599s2s3nfrctwga70g0tu07n9gpnun9ydlngf5vsnwqg989xqg8r09h0jjzvcqduwspsx40dsaqxwq5u5cpquduka72gfnqph36qxq64akr5qeclp66q4,-0.5799735316402232,-0.21370846291110532,0.4099975981219903,-0.8357918160005432,3.8573505739505114,2.1777292206924144,-0.3747413140931728,-0.5223669813853652,0.368040201592327,-0.47379883403837897,-0.34344182247565935,-0.4968194726764373,-0.2976076542711045,-0.524848737800028,-0.963018191134035,-1.4163386215039697,-0.29217831208030787,-1.215925047291564,-1.021171650969141,0.017650140051518097,-0.6330268384007638,-0.6299046081548813,-0.5453374138143247,3.419022582702908,1.8073549220576042,0.8571428571428571,-4.930829764438475,-1.666666666667023,-0.9786452108677602,0.0,0.0,0.0,0.0,0.0
ckb1qzfhdsa4syv599s2s3nfrctwga70g0tu07n9gpnun9ydlngf5vsnwqg9slzd7jvhwlruz9jtrx62wpy66cehjgz2qkrufh6fjamu0sgkfvvmffcynttrx7fqfg9yms90,-0.5504921834058731,-0.21176457632908474,0.12227654003307366,-0.8297343400108921,3.4379337424706584,1.6237893555981229,0.07985907855155451,0.08394874372674309,-0.3992070570723769,-0.8449323900836415,-0.4251276013382189,-0.53413013708664,-0.4264102356228483,-0.524848737800028,-0.9270290730315195,-1.4220369146478402,-0.311574053321682,-0.9667908720940901,-1.0111535280131425,0.2401748013433627,-0.6380615886042924,-0.6356767150651641,-0.545336614121025,2.2598510045646623,1.584962500721156,0.5,-2.578486610457996,-1.5555556920979128,-0.8253588186530348,0.0,0.0,0.0,0.0,0.0
ckb1qzda0cr08m85hc8jlnfp3zer7xulejywt49kt2rr0vthywaa50xwsqtdwr0smrhh7h0pnkg2yve4ux7mfk3k9nswdj2s2,-0.7125380680447665,-0.21955603082058978,-0.592870003752193,0.4941285122797516,0.0,0.0,0.0,0.0,-0.3992070570723769,-1.5379389945779218,-0.5647703626466023,-0.7216417873835473,-0.6271984102809498,-0.79615091801856,-0.7939452509573391,-1.0180681567958019,-0.0037268806051124286,-0.3662571247855803,-0.13023981150859504,-0.8948766405425305,0.11717425081471035,0.23017764258227355,-0.5453374138143248,0.0,0.0,0.0,0.0,0.0,-0.6153069971726898,0.0,0.0,0.0,0.0,0.0
ckb1qzda0cr08m85hc8jlnfp3zer7xulejywt49kt2rr0vthywaa50xwsq0r9y77vk0sjk3m5t8x2pgp5wlque28mvqetg3vj,-0.7125380680447665,-0.21955603082058978,-0.574306909458159,-0.6651316109962363,0.0,0.0,0.0,0.0,0.0,-0.9842553456576908,-0.5647703626466023,-0.6386665602919588,-0.6271984102809498,-0.7083421540315403,-0.6514369649751216,-0.5079735612809577,0.43179599172543626,-0.12959335609601372,0.09600595681296614,-0.8948766405425305,0.4156932641533342,0.5724204206467743,-0.5453374138143248,0.0,0.0,0.0,0.0,0.0,-0.35036089510262647,0.0,0.0,0.0,0.0,0.0
ckb1qzda0cr08m85hc8jlnfp3zer7xulejywt49kt2rr0vthywaa50xwsq2rsu67gzxhacdwpzfyc0gc5q9vgr6aztc6y5n8c,-0.5504921834058731,-0.21176457632908474,-0.5738457850616397,-0.3795421740907979,0.7282091364133013,-0.4642096617244385,0.20272504841895608,0.19982782614914765,0.499659196458842,-1.1780322082796961,-0.3801726732254003,-0.5797946997680257,-0.35267856524338526,-0.646040844503135,-0.357101015286965,-0.3179686922476079,0.39637744572140693,-0.13166189709954454,0.166454971103627,-0.20917118700552387,0.4941887348601082,0.6949471469258899,0.24017194984316997,2.2598510045646623,0.5849625007211564,0.2,-3.963513177893153,-0.9412255780612085,-0.15980502226667553,0.0,0.0,0.0,0.0,0.0
ckb1qzda0cr08m85hc8jlnfp3zer7xulejywt49kt2rr0vthywaa50xwsq0zf2s0pke9a2nul6vhurkanmft0nx57mcuqadmm,-0.6575188143623656,-0.21760418292586775,-0.5741535312816344,-0.5862980392931956,1.4007380558014824,1.2290897263415572,-0.43521814547023585,-0.6341741623286359,0.23352115841059087,-1.029493606390385,-0.5647703626466023,-0.6386665602919588,-0.5383482275686691,-0.5977161945129125,-0.41110340310839905,-0.6188408776173332,-0.43889787819288234,0.07963188900543515,0.2960210524583652,-0.6880319550073821,0.16348908890506705,0.28327616611139567,0.41987256501459524,1.0,1.0,0.25,-3.1681389111836142,-1.035774940269598,-0.2555072397219449,0.0,0.0,0.0,0.0,0.0
ckb1qrgqep8saj8agswr30pls73hra28ry8jlnlc3ejzh3dl2ju7xxpjxqgqq8kwzq44p8ap4zclfc3vfgw5uxqqnegf0u7t0l86,0.1775327763109258,0.28804651187764463,0.4808283978012769,-0.40778610606874255,0.6503502664290953,0.5228828559631119,1.1577326368568692,0.768822285815794,0.9842574639497509,-0.00023431939938406047,0.4095562722924727,-0.09860435307946654,0.43431563647026594,-0.026193867263530776,-0.28471670242025116,-0.14202976627074698,0.46294103734783815,-1.0360795455829404,-1.3504860830601517,7.2736710480412325,-0.04584208745950749,-0.5232971696142706,2.6030862096478633,6.229213300480779,4.08746284125034,0.5,-4.598674442066401,-1.2484267695118914,-0.14553171843675816,0.0,0.0,0.0,0.0,0.0
ckb1qzda0cr08m85hc8jlnfp3zer7xulejywt49kt2rr0vthywaa50xwsqdywhhfnhv7xz24x9y79yu47u9ugwr8p2sccyn4q,0.13256607873242177,0.19467796057722536,0.3715210432869925,-0.45292066325142954,0.7470819463107254,0.5288487509575152,1.2546755361976887,0.8064869939411541,0.8374061297752153,0.014182614239443938,-0.48308458378404284,0.24578073545169696,-0.5383482275686691,0.22762664741793795,-1.2308653709234987,0.3102090189546751,0.5833556950927715,-1.2811613192413678,-1.004869686463316,-0.6133818401925204,0.0927948189309299,-0.9557218829151092,3.4675088963535163,0.0,1.8073549220576042,0.16666666666666666,0.0,-0.9593714154004349,0.01178499103557482,0.0,0.0,0.0,0.0,0.0
ckb1qzda0cr08m85hc8jlnfp3zer7xulejywt49kt2rr0vthywaa50xwsq0x3yrv8qls62mqeylsvmzp5cqpmvy8quq7autul,-0.07754374039426379,-0.07126485372150214,-0.4629583639690753,-0.04300135984114845,0.08229970823829087,-1.1159336383664902,-0.4113956287005045,-0.5889429989056049,1.2726571838424905,-0.08341030443959152,0.048584970813146215,-0.09860435307946654,0.039952398639463045,-0.1368198267821588,-0.6040830940641265,-0.7299707663731974,-0.0033229767690023536,-1.0678291686523758,-0.8015148695726401,-0.888396131307655,-0.4513630921867545,-0.42220265853857986,-0.5381671973547129,0.0,0.0,0.0,0.0,0.0,-1.116709309868481,0.0,0.0,0.0,0.0,0.0
ckb1qzfhdsa4syv599s2s3nfrctwga70g0tu07n9gpnun9ydlngf5vsnwqg9l7r63jg9j5t36pkf945jdkalgdmheaarqhlc02xfqk23w8gxeykkjfkmhaphwl8h5v5cv94s,-0.6575188143623656,-0.21760418292586775,-0.12098882553711987,-0.83334724723257,3.811967915247971,2.4513954428101195,-0.7991548680419405,-1.6014190757794902,-0.032616879637660405,-1.029493606390385,-0.4251276013382189,-0.5797946997680257,-0.4753080196956661,-0.646040844503135,-1.1736353248588869,-1.5930671700598182,0.05401352643635961,-1.296960201675387,-1.01997309800239,-0.8878173421886975,-0.6360344114841824,-0.6333526972926193,-0.5453374138143247,1.7095112913514543,1.0,1.0,-4.437860884427414,-1.3333333333336186,-1.2829122036176315,0.0,0.0,0.0,0.0,0.0
ckb1qzfhdsa4syv599s2s3nfrctwga70g0tu07n9gpnun9ydlngf5vsnwqg9d2dw93zxz5s6cz9ef0r3e86v8eu9ptewq44f4ckygc2jrtqgh99uw8ylfsl8s5909c03vuqx,-0.7125380680447665,-0.21955603082058978,0.2066878192699566,-0.8402316093498101,0.0,0.0,0.0,0.0,0.0,-0.9842553456576908,-0.48308458378404284,-0.6386665602919588,-0.5383482275686691,-0.7083421540315403,-1.2381503920257515,-1.6955193636307442,-0.08479718650555004,-1.2932329102037032,-1.0164098828662547,-0.8863477313885212,-0.6370454838122963,-0.6345118603172047,-0.5453369355143292,1.0,0.5849625007211564,1.0,-3.3282164213883703,-1.0000000000000036,-1.280255405688314,0.0,0.0,0.0,0.0,0.0
ckb1qzda0cr08m85hc8jlnfp3zer7xulejywt49kt2rr0vthywaa50xwsqfr084zhvecgk6223300mchj39my66q5dqd5030q,0.16820164769117518,0.26735543641835724,0.47525677809897543,-0.42360515054090264,0.6831602539189455,0.7086857069587096,0.0007626590505474309,0.0008375452224534307,0.058073996789227346,-0.005656244060888151,0.29257354139698544,0.17510530099096774,0.30534044265331006,0.15283417306421174,0.292293524849989,-0.7474497407165193,-0.6439174166553857,0.083809873366028,-0.23561477803098307,6.344072131030232,-0.7663917664550519,-0.7976206473130202,-0.36709878579971295,0.0,0.0,0.0,0.0,0.0,0.5981448139121761,0.0,0.0,0.0,0.0,0.0
ckb1qzda0cr08m85hc8jlnfp3zer7xulejywt49kt2rr0vthywaa50xwsqfk74jml992maq6k2g9gn5znh4qsqlcg0gxqejgl,-0.7125380680447665,-0.21955603082058978,-0.5920536365889707,0.4941285122797516,0.0,0.0,0.0,0.0,0.0,-0.9842553456576908,-0.5647703626466023,-0.7216417873835473,-0.6271984102809498,-0.79615091801856,0.6478005909464993,0.31983281509155176,-0.7324436784468789,2.028052806638698,2.1586719768673643,-0.8948766405425305,1.3037669878259879,1.5905693650526884,-0.5453374138143248,0.0,0.0,0.0,0.0,0.0,1.1067705375442434,0.0,0.0,0.0,0.0,0.0
ckb1qzda0cr08m85hc8jlnfp3zer7xulejywt49kt2rr0vthywaa50xwsq06s99smdcvprv0vpjw74v7yr3gfsz63tsmgym2k,-0.15279857419224321,-0.11961343780464354,-0.42605603891071386,-0.3619005054363345,0.5721052398086311,0.177870045781557,0.8618950669234362,0.6367225808654005,0.8703679870520372,-0.008454803882202102,-0.07273044146163207,-0.14184708761552162,-0.09200320852400368,-0.18258157042690412,0.9732132472385411,0.19460639145367561,-0.8159252762022098,1.7216145815528598,1.8031334953516556,-0.02671430932682337,0.4164220861188481,0.5544665711520799,-0.04782895570300108,0.0,0.0,0.0,0.0,0.0,1.1067705375442434,0.0,0.0,0.0,0.0,0.0
ckb1qzda0cr08m85hc8jlnfp3zer7xulejywt49kt2rr0vthywaa50xwsqf9jwdl03xznuj4m32a9mlc2ejzu3rj3sc2k2ffj,0.4688626675342726,1.3367655599320303,0.4822686030068386,0.48615506240566514,-0.490659882752069,0.2532890217424817,-0.7439499955882176,-1.4105129872623217,0.716730584944901,0.016029208650984113,0.6127730731722578,0.49261649416901104,0.6536236725957938,0.4888412730415748,1.413434788263903,0.4421137905475207,-0.9271925878948286,1.508688235144642,1.2349845256674057,0.8808212577339654,-0.05866607521810093,-0.001038582661059367,0.051369499097221466,0.0,0.5849625007211564,0.0,0.0,-0.9947630483617196,1.2899980685338501,0.0,0.0,0.0,0.0,0.0
ckb1qzda0cr08m85hc8jlnfp3zer7xulejywt49kt2rr0vthywaa50xwsqf4s8sxvjqhp8qpxyqj03kwmry2a43kggq7um8ef,-0.25982520514873575,-0.16400701799729933,-0.4955602974164464,-0.37546118279887974,0.6086120080848689,0.5289101298804695,-0.04162226038564864,-0.046830707524653174,0.21297259469558555,-0.14308231840333085,-0.24052991191701675,-0.22183478588400962,-0.2745198450375645,-0.20968728349504323,0.3209894659485786,0.8878311336840929,0.65643404274802,0.8833446525049892,1.0318668682397065,-0.4534082570643096,1.0599267593654518,0.9798882709849485,0.5266966059654711,0.0,2.700439718141092,0.0,0.0,-1.429615922085153,0.45927401809218554,0.0,0.0,0.0,0.0,0.0
ckb1qzda0cr08m85hc8jlnfp3zer7xulejywt49kt2rr0vthywaa50xwsqdx5m2dx9j9el3arnuntxu5lkfafw4dyxgq357up,-0.7900833507669089,-0.22151054699761152,-0.5928812165553505,0.0,0.0,0.0,0.0,0.0,-0.3992070570723769,-1.5379389945779218,-0.7044131239549859,-0.7216417873835473,-0.7790888008662336,-0.79615091801856,-2.2434195516864803,-0.9144029442725308,0.37956338558030384,0.0,0.0,0.0,0.20911557595428198,0.33558551654909824,-0.5453374138143248,-1.7095112913514543,0.0,0.0,0.0,0.0,-0.5337058440586878,0.0,0.0,0.0,0.0,0.0
ckb1qzfhdsa4syv599s2s3nfrctwga70g0tu07n9gpnun9ydlngf5vsnwqg9eu7ea9crgq4jcckyy8xtc9tsvmp7dfr9qh8nm85hqdqzktrzcssue0q4wpnv8e4yv5zyyn9r,-0.7900833507669089,-0.22151054699761152,-0.5928812165553505,0.0,0.0,0.0,0.0,0.0,-0.3992070570723769,-1.5379389945779218,-0.5647703626466023,-0.7216417873835473,-0.6271984102809498,-0.79615091801856,-1.3543728583113825,-1.8673216789357,0.025148733590714557,-1.296960267553257,-1.0199731609802989,-0.8948766405425305,-0.6360340078136383,-0.6333522344968768,-0.5453374138143248,0.0,0.0,1.0,0.0,0.0,-1.2838057635952878,0.0,0.0,0.0,0.0,0.0
ckb1qzfhdsa4syv599s2s3nfrctwga70g0tu07n9gpnun9ydlngf5vsnwqg9wcehhpwgnw6hd0uu5ae7haq29vzh6w0aq4mrx7u9ezdm2a4lnjnh86l5pg4s2lfel5v62ehc,-0.7125380680447665,-0.21955603082058978,-0.26794662265376895,-0.8337074522686736,0.0,0.0,0.0,0.0,0.0,-0.9842553456576908,-0.48308458378404284,-0.6386665602919588,-0.5383482275686691,-0.7083421540315403,-1.2403998627875459,-1.695519423961825,-0.0037320154750435106,-1.2969601391252024,-1.0199730382056806,-0.8905535056608496,-0.6370455371981445,-0.6345119215224218,-0.5453369355142136,1.0,0.5849625007211564,1.0,-3.3284190024135256,-1.0000000000000036,-1.2838057635952878,0.0,0.0,0.0,0.0,0.0
ckb1qzda0cr08m85hc8jlnfp3zer7xulejywt49kt2rr0vthywaa50xwsqwmrpzfvvj8mckknp5m5rkt8cd5hy2vhgq24t8sv,-0.7125380680447665,-0.21955603082058978,-0.592847288012463,0.4941285122797516,0.0,0.0,0.0,0.0,-0.3992070570723769,-1.5379389945779218,-0.5647703626466023,-0.7216417873835473,-0.6271984102809498,-0.79615091801856,-0.45845389766524025,-0.5089928060178142,-0.0037268806051503145,0.1908939733812906,0.4023853510751628,-0.8948766405425305,0.5686763623442987,0.7478107917197173,-0.5453374138143248,0.0,0.0,1.0,0.0,0.0,-0.2145830258976248,0.0,0.0,0.0,0.0,0.0
ckb1qzda0cr08m85hc8jlnfp3zer7xulejywt49kt2rr0vthywaa50xwsqgk9kfuz7fchth20ksf8d2x3eqph9le6cqhenpf3,-0.5799735316402232,-0.21370846291110532,-0.5606072533336692,-0.593978508107687,1.2894787347812848,0.8007637459088996,-0.20336613830386033,-0.2524519352449739,0.20835737876337623,-0.6952722936064714,-0.48308458378404284,-0.5797946997680257,-0.5383482275686691,-0.646040844503135,-0.2665686468387779,0.7080681883539085,0.6485399631832296,0.31965862071824336,0.5254817453002416,-0.5414782770596374,1.4041831878423612,1.3689331866675583,0.7200200295569561,1.0,0.5849625007211564,0.3333333333333333,-2.8604202752639583,-0.030704860306286177,0.7234402801690213,0.0,0.0,0.0,0.0,0.0
ckb1qzfhdsa4syv599s2s3nfrctwga70g0tu07n9gpnun9ydlngf5vsnwqg9epk0fesdwvgyqm0snhugdv4sv9scazygqhyxea8xp4e3qsrd7zwl3p4jkpskrr5g3qatxn96,-0.6148425657080245,-0.215654996037962,-0.33510440156539945,-0.8171478577878061,3.0571407211032806,2.1643784541713296,-0.6155767780967893,-1.037231648971381,0.1996035285361884,-0.7074135211975754,-0.48308458378404284,-0.5797946997680257,-0.5383482275686691,-0.646040844503135,-1.241536358206555,-1.596514893332748,0.22020852114038636,-1.298843195193933,-1.021773201658758,-0.8927000947887873,-0.6390828887996729,-0.6368476943466014,-0.5453373411540877,1.0,1.0,0.6666666666666666,-3.3284712927628273,-1.3333333333336153,-1.2856054034628002,0.0,0.0,0.0,0.0,0.0
ckb1qzfhdsa4syv599s2s3nfrctwga70g0tu07n9gpnun9ydlngf5vsnwqg9kjwx8e2juvc2vmlcst8rssrv4j0lxrfkqk6fccl92t3npfn0lzpvuwzqdjkflucdxcurx4r4,-0.7125380680447665,-0.21955603082058978,0.4405987715392808,-0.8412456451415474,0.0,0.0,0.0,0.0,0.0,-0.9842553456576908,-0.48308458378404284,-0.6386665602919588,-0.5383482275686691,-0.7083421540315403,-1.240400059716254,-1.6978213167541552,-0.07077858184673179,-1.2969604654183975,-1.0199733501353647,-0.8862298813463215,-0.6390824177547184,-0.636847141823705,-0.5453369310855103,1.0,0.5849625007211564,1.0,-3.3282088351936197,-0.9999999999999996,-1.2829122036176315,0.0,0.0,0.0,0.0,0.0
ckb1qrgqep8saj8agswr30pls73hra28ry8jlnlc3ejzh3dl2ju7xxpjxqgqq8t3pqdfg3rnsqe8vgv93d49evdzkvpxcce0ml7v,0.33079318234148075,0.7388598961344044,0.4824921081364444,-0.023864146410924523,0.050056493494572425,0.5302907167975928,-0.7310092626521949,-1.3686998704929947,1.1703898510656578,0.016351490481212327,0.4763121168542815,0.3358746660373766,0.5051941531522076,0.3229687991029056,-0.5392256589357013,-0.6315560144516985,-0.0034808876389998892,-1.5450368069851719,-1.257129996139375,-0.8948333646378497,-0.838080974406243,-0.8649934769371043,-0.5452895330213832,1.7095112913514543,1.0,0.2,-0.07575321112296628,-0.0340576276280868,-1.463114125940527,0.0,0.0,0.0,0.0,0.0
ckb1qrgqep8saj8agswr30pls73hra28ry8jlnlc3ejzh3dl2ju7xxpjxqgqqymvu6d289ggsyudpamr4g6ayz62gpp34qzy30vs,0.3299741224203607,0.7358594157869254,0.4824921081364444,-0.026422975396567457,0.05326589823662182,0.5303671474298404,-0.7344014241639478,-1.3795592167696298,1.1700239775742702,0.016404864509998982,0.4757373321013742,0.33529080803828093,0.504568955828669,0.3223509297575414,-0.5396976140242895,-0.6322722715758867,-0.004046080698274595,-1.5450367196339523,-1.2571298943345466,-0.8948333197562977,-0.8380810012920838,-0.8649934769371043,-0.5452894991901595,1.0,0.5849625007211564,0.3333333333333333,-0.07586376590191847,-0.0114286278615936,-1.463114125940527,0.0,0.0,0.0,0.0,0.0
ckb1qzda0cr08m85hc8jlnfp3zer7xulejywt49kt2rr0vthywaa50xwsq0rrr3az2mu0ncjeqj26du5ymfhtq5l0gcv2rv08,0.3017200524035651,0.6363599127780543,-0.005926777135647045,0.2779479428565803,-0.2884420770317101,-1.090203468188293,2.710949137610001,1.1761242363042808,1.1499724667633935,0.015582945349447484,0.4460204626204415,0.30510484387210385,0.4722457127895055,0.2904065495359273,-0.2585096283538981,-0.20559685985190682,-0.0023432688422016707,-1.0401441111109475,-0.7799343342162293,-0.8126235427554539,-0.42892783518215555,-0.40122962321599936,-0.4543302431113501,0.0,0.0,0.0,0.0,0.0,-1.0386669769686052,0.0,0.0,0.0,0.0,0.0
ckb1qzda0cr08m85hc8jlnfp3zer7xulejywt49kt2rr0vthywaa50xwsqgjuhrq84l5nk7ylhlcqpsa3yg974735rgy30uch,-0.5249542779578223,-0.20982332910508142,-0.5710474482736281,-0.3729321736985556,0.6944585059343581,-1.3013234541650456,0.3943392215012119,0.3542760865526263,0.33628044514936883,-1.060043248715845,-0.48308458378404284,-0.4968194726764373,-0.5383482275686691,-0.5582320805161156,-0.17201044019821699,-0.07945584839748202,-0.3643137786743862,0.47669085876374345,0.6756013835726322,-0.6712883553950936,0.592313583566841,0.4413666690662471,0.6136734931034359,0.0,0.0,0.0,0.0,0.0,0.03292341959422766,0.0,0.0,0.0,0.0,0.0
ckb1qzda0cr08m85hc8jlnfp3zer7xulejywt49kt2rr0vthywaa50xwsqgyc38gxchqxq76zu6enhvgp5mdsgv8e7gzp680x,-0.6148425657080245,-0.215654996037962,-0.35580733219534477,-0.8147695710615364,2.994578103300396,-1.4494570525628592,-0.14979435910022418,-0.17979783746661213,0.0,-1.5379389945779218,-0.48308458378404284,-0.6386665602919588,-0.5383482275686691,-0.7083421540315403,0.1904118472051883,0.47560374999807015,0.1695323075289897,1.078565350010975,1.2509812038948371,-0.5562930341836434,1.2880297959598213,1.5725271633082343,-0.17075378511109998,0.0,0.0,0.0,0.0,0.0,0.4843487158138707,0.0,0.0,0.0,0.0,0.0
ckb1qzda0cr08m85hc8jlnfp3zer7xulejywt49kt2rr0vthywaa50xwsqt785chmwk9t3w2j3570chwvmwq3l2sxrcvmsm9d,0.37638933808316255,0.9162214861740312,0.38217706335439433,0.19441957105559465,-0.2017252616474754,-0.1470252768504457,4.570817749282076,1.401278160168565,1.3976290300907168,0.00984819809161448,0.4030569370737931,0.4613416466759359,0.42551399096548664,0.45574457902206716,1.246434896037005,2.0875477201390726,0.7422476968673648,1.517274135192352,0.6886509846575233,0.9853484170153621,1.434583885783734,0.5430554640833044,3.371764692138888,10.237724092380564,6.870364719583405,0.002793296089385475,-3.8690704338700046,-0.5285786282894949,1.235223555204552,0.0,0.0,0.0,0.0,0.0
ckb1qzda0cr08m85hc8jlnfp3zer7xulejywt49kt2rr0vthywaa50xwsqwnla5w93964qlqcwaaeessdsk4h5pzkfs2f0ehn,0.18816052141760864,0.3124869080637652,0.47812964504130817,-0.38595577916453655,0.606686511279277,-0.6814637540335795,-0.16075788552391768,-0.19427267450446703,1.4080674734620213,-0.002440429861606915,0.32666773213065486,0.18386807470260086,0.3424249280838865,0.1621074026254533,0.2877002682651338,0.6232239965965423,0.10840337852630398,0.029514167646938632,-0.016473473692690224,-0.14568059025260854,0.43789863492673364,0.3407417501460472,0.2835918880674377,0.0,0.5849625007211564,0.0,0.0,-0.40967341700513604,-0.1858937497665052,0.0,0.0,0.0,0.0,0.0
ckb1qzda0cr08m85hc8jlnfp3zer7xulejywt49kt2rr0vthywaa50xwsq0k5jc20yyf62n2879zxymntrhyke0zg9crdzqfz,-0.3403823642791875,-0.18482407929368727,0.4421669426475444,-0.8104806509834083,2.7165996544794764,0.7051330516353811,1.0149238554920121,0.7085593417244442,0.8018852073552697,-0.1698140531386471,-0.34344182247565935,-0.4379476121525042,-0.3864578369833853,-0.49593077098771027,-0.17538001858476318,-0.3146335911880633,-0.5053339406569577,0.2200621735198407,0.08706580605382647,0.15264768759496977,0.30903897570471434,0.4736965710774581,0.03983196325258833,0.0,0.5849625007211564,0.0,0.0,-0.4293518615773201,0.004158602367031895,0.0,0.0,0.0,0.0,0.0
ckb1qzda0cr08m85hc8jlnfp3zer7xulejywt49kt2rr0vthywaa50xwsqv0y7jfjm5g6sx4f5tn3jxgqen2tjecgmqt7sdrd,-0.7125380680447665,-0.21955603082058978,-0.398538642361815,-0.8263640266705354,0.0,0.0,0.0,0.0,0.0,-0.9842553456576908,-0.5647703626466023,-0.7216417873835473,-0.6271984102809498,-0.79615091801856,-0.25711171218542644,-0.2034757090864736,-0.0037307585693017076,0.5252633055462456,0.7220356586727642,-0.8948766405425305,0.8396413858169197,1.0584637761123328,-0.5453374138143248,0.0,0.0,0.0,0.0,0.0,0.025907943047653634,0.0,0.0,0.0,0.0,0.0
ckb1qzda0cr08m85hc8jlnfp3zer7xulejywt49kt2rr0vthywaa50xwsq2qxj6t4tvw89fzmw2m5j43n9glh7h2jzq90qw40,-0.7900833507669089,-0.22151054699761152,-0.5928812165553505,0.0,0.0,0.0,0.0,0.0,-0.3992070570723769,-1.5379389945779218,-0.7044131239549859,-0.7216417873835473,-0.7790888008662336,-0.79615091801856,-2.2434195516864803,-0.20347570912318677,0.4978799498573146,0.0,0.0,0.0,0.8396413857843585,1.0584637760750024,-0.5453374138143248,-1.7095112913514543,0.0,0.0,0.0,0.0,0.02590794301875448,0.0,0.0,0.0,0.0,0.0
ckb1qzda0cr08m85hc8jlnfp3zer7xulejywt49kt2rr0vthywaa50xwsqg0prwcywrcc744qq5veu4upkur4665dlgr6003x,0.360274530575831,0.8512226406058,0.4792636229606363,0.07389615649687817,-0.06768502419835357,0.325709721804701,1.749414624824097,0.9663812583115471,1.1716899420006133,0.015430436254303464,-0.34344182247565935,0.5013711524764486,-0.3864578369833853,0.49810591445383934,-0.12728861661628224,0.4760353215772187,0.6044169689617149,0.2999266554059405,0.3298108278423888,-0.1328702101779644,-0.038097833032671675,-0.30866408182429805,4.9195822336566435,1.0,1.3219280948873622,0.0,-3.322180759250538,-1.0242169597182473,0.220361225763009,0.0,0.0,0.0,0.0,0.0
ckb1qzda0cr08m85hc8jlnfp3zer7xulejywt49kt2rr0vthywaa50xwsq07j9vt4j4pr582tmmhg2r25g09e8lqhzq67lmrn,-0.12429548997969196,-0.10331490126692931,0.3632465406902259,-0.7300052451473881,1.7615918972560891,-1.1223916536593808,2.2150765705896394,1.0806000939907083,1.1375972155995786,0.00037440736483254763,0.0,-0.14795626038320853,-0.012893807810769578,-0.18904661943631054,-0.3267189542577899,-0.3090978888833748,-0.003543583088283514,-0.5397633867616508,-0.19918693841418064,-0.3550160341977039,-0.02343112840378927,0.16317120486462394,0.051979826941875994,0.0,0.0,0.0,0.0,0.0,-0.6545916408760044,0.0,0.0,0.0,0.0,0.0
ckb1qzda0cr08m85hc8jlnfp3zer7xulejywt49kt2rr0vthywaa50xwsq0q7j4qlaslzp5hhf78d6xyungvhetzy8cj9wr5a,-0.11287417444283954,-0.0961303215209309,-0.5424218274126532,0.4888951693742764,-0.48263409735790425,-1.1363583750896287,-0.3597284983243851,-0.496098535796058,1.1968002771402984,-0.012676738452493107,0.011854120063405216,-0.13591501748966942,0.0,-0.17630394077895575,-0.24487892053928553,-0.1849136318221686,-0.0033993277038247734,-0.42048768108851764,-0.18035592119208513,-0.855878683844126,0.0732270922272377,0.18147217722719236,-0.5021889588456803,0.0,0.0,0.0,0.0,0.0,-0.6354578727211498,0.0,0.0,0.0,0.0,0.0
ckb1qzda0cr08m85hc8jlnfp3zer7xulejywt49kt2rr0vthywaa50xwsqg4cz7lvtz6anfw0uxkrxu8d0gxcfuww2gp702wk,-0.008639566784724554,-0.009242814757752205,0.041508943955585284,-0.5493388519636823,0.9924600146116186,-0.708294938823104,0.41095879605485797,0.3663925275025966,1.1544966607502924,-0.011745228031549789,0.12044138956230964,-0.025613647148486962,0.11811111884528366,-0.05957720997961845,0.02133668112195231,0.21904373587587,0.06673812618610522,-0.1294208624836844,-0.006386043018965972,0.0601411321122003,0.3091018430444633,0.3505452515792567,0.5113146234236304,0.0,0.5849625007211564,0.0,0.0,-0.6095802999279865,-0.11694500992899441,0.0,0.0,0.0,0.0,0.0
ckb1qzda0cr08m85hc8jlnfp3zer7xulejywt49kt2rr0vthywaa50xwsqfc63dma5fy3kywpnada5yy99tpqvl4dechg9csl,-0.17833647964029414,-0.1324197915337571,-0.32894618329791186,-0.5551946746472104,1.0186628487656837,0.55084804908842,0.650337453545175,0.5224449426612072,0.7709640958492896,0.0033399776431188404,-0.5647703626466023,-0.0712782098298725,-0.6271984102809498,-0.0745185172537534,-1.4804277372324663,0.22474101790157947,0.5691417303382358,-1.5062998333304587,-1.2200975448757074,-0.8948766405425305,0.32974017853668197,0.04771713752982891,1.3626673245943013,0.0,2.4594316186372973,0.0,0.0,-1.7917924693220806,-0.10451378703490492,0.0,0.0,0.0,0.0,0.0
ckb1qrgqep8saj8agswr30pls73hra28ry8jlnlc3ejzh3dl2ju7xxpjxqgqq89s0k62mh0xf6hn8cc20wunuarrumudx5nwq9uk,0.3595726941945552,0.8484491608595759,0.4820823714877292,0.0698376110356979,-0.06297407193990627,0.5145812999493409,-0.8035616729371033,-1.6175993018255672,1.1144420687713936,0.015513567392652987,0.40222957689972916,0.26146311897790225,0.4246140656215889,0.2442225732391049,-0.6537045364572395,-0.6911672841665395,0.3748522035709235,-1.6328820739316419,-1.3421708012523856,-0.8346712311369794,-0.810242897448232,-0.947640654607386,5.392546038473926,0.0,0.5849625007211564,0.5,0.0,-0.9310217339194843,-0.5545896968147055,0.0,0.0,0.0,0.0,0.0
ckb1qzda0cr08m85hc8jlnfp3zer7xulejywt49kt2rr0vthywaa50xwsq0guyenkvxw036k2zukneprz8x4erevtgs958r7v,-0.7125380680447665,-0.21955603082058978,-0.592856282148329,0.4941285122797516,0.0,0.0,0.0,0.0,0.0,-1.5379389945779218,-0.7044131239549859,-0.6386665602919588,-0.7790888008662336,-0.7083421540315403,-2.2434195516864803,-0.2670526985976916,0.487299104744356,0.0,0.0,0.0,0.6293647505483234,0.817388144072955,0.01460473415507616,-1.7095112913514543,0.0,0.0,0.0,0.0,-0.07602091769337173,0.0,0.0,0.0,0.0,0.0
ckb1qrgqep8saj8agswr30pls73hra28ry8jlnlc3ejzh3dl2ju7xxpjxqgqqx8ced038s4z2vxfkqu7jzdcqs7q6qhxjqxupv3g,-0.6575188143623656,-0.21760418292586775,-0.510782846769783,-0.7807610267136761,2.505129173463037,1.7889299966692895,-0.4276412870432599,-0.619613964741894,-0.032616879637660405,-1.5379389945779218,-0.5647703626466023,-0.6386665602919588,-0.6271984102809498,-0.7083421540315403,-1.2178525229898505,0.3507134355348701,0.5900978306227588,-1.070240699373279,-0.803233846887423,-0.8948766405425305,1.1772638514481444,1.4455374478437357,0.4969526103246787,0.0,0.0,0.0,0.0,0.0,0.4621055781855661,0.0,0.0,0.0,0.0,0.0
ckb1qzda0cr08m85hc8jlnfp3zer7xulejywt49kt2rr0vthywaa50xwsqdxaqe07wj7kc5y9suqc6lkdqz4wm85ltq0ng53r,-0.7900833507669089,-0.22151054699761152,-0.5928812165553505,0.0,0.0,0.0,0.0,0.0,-0.3992070570723769,-1.5379389945779218,-0.7044131239549859,-0.7216417873835473,-0.7790888008662336,-0.79615091801856,-2.2434195516864803,-1.661306035405553,0.2552595142112822,0.0,0.0,0.0,-0.4533174454818794,-0.42387337018118193,-0.5453374138143248,-1.7095112913514543,0.0,0.0,0.0,0.0,-1.12163840134916,0.0,0.0,0.0,0.0,0.0
ckb1qzda0cr08m85hc8jlnfp3zer7xulejywt49kt2rr0vthywaa50xwsqwsaytgethft2tx90hfcvmpazn02dmhyacz9xtxp,0.35167756868977323,0.8175804211139939,0.29393967530674586,0.170466646687372,-0.17581961635776724,-0.876647388992695,0.6235656929091303,0.5065430853749024,1.4009369325844307,0.011958601554854249,0.4975382485503646,0.35952406486092703,0.5282819623857478,0.34799584093841446,1.2806482004252153,2.12992474012307,0.14509635582329558,1.4451846487720772,1.5393878423366514,-0.2934305120393211,1.5828526507581588,1.8521411273023172,0.11187736585824565,0.0,0.0,0.0,0.0,0.0,0.9621467046007093,0.0,0.0,0.0,0.0,0.0
ckb1qzda0cr08m85hc8jlnfp3zer7xulejywt49kt2rr0vthywaa50xwsqd2ln87tv0nhyh6r2h84d3fnm5vdsjraagf5r842,-0.7125380680447665,-0.21955603082058978,-0.5519491431622121,-0.7599330184646118,0.0,0.0,0.0,0.0,0.0,-1.5379389945779218,-0.5647703626466023,-0.6386665602919588,-0.6271984102809498,-0.646040844503135,-1.5599176817352476,0.14100185015363823,0.555206019243223,-1.638308928165128,-1.3462955651796926,-0.8948766405425305,0.9012491001483525,1.1290951073202926,-0.5453374138143247,0.0,1.0,0.0,0.0,-1.3333333333336186,0.08058695188868674,0.0,0.0,0.0,0.0,0.0
ckb1qzda0cr08m85hc8jlnfp3zer7xulejywt49kt2rr0vthywaa50xwsqd8at4zhq3lrngyw88mqued7njjluzc9dcx3mfwa,-0.7125380680447665,-0.21955603082058978,-0.5913533910584482,0.46546954315949607,0.0,0.0,0.0,0.0,-0.3992070570723769,-0.9842553456576908,-0.5647703626466023,-0.7216417873835473,-0.5383482275686691,-0.7083421540315403,-0.21128799959426,-2.0088361542778848,-0.516892516516743,0.41146280420520376,0.6132446848627628,0.04699659208475008,-0.9136664942522292,-0.9516492581169946,-0.5453374138143248,1.0,0.5849625007211564,0.0,-0.0036891762722254646,-1.0000000000002138,0.08058695188868674,0.0,0.0,0.0,0.0,0.0
ckb1qzda0cr08m85hc8jlnfp3zer7xulejywt49kt2rr0vthywaa50xwsqggszva8zt4sr9p97fwvrhfhzqf7p29u8s3z6m5z,-0.7900833507669089,-0.22151054699761152,-0.5928812165553505,0.0,0.0,0.0,0.0,0.0,-0.3992070570723769,-1.5379389945779218,-0.7044131239549859,-0.7216417873835473,-0.7790888008662336,-0.7083421540315403,-2.2434195516864803,-2.008836212834902,0.19742156041931247,0.0,0.0,0.0,-0.9136665457746348,-0.9516493171858325,-0.5453374138143248,-1.7095112913514543,0.5849625007211564,0.0,0.0,-1.0000000000002138,-1.530214385672385,0.0,0.0,0.0,0.0,0.0
ckb1qzda0cr08m85hc8jlnfp3zer7xulejywt49kt2rr0vthywaa50xwsqvxfn4dw95uwpq972rjvvkzc44c0hxltkghsrja0,0.2453214570470271,0.46069850106259125,0.0791323358836658,-0.01039040901373472,0.0338986619608359,-0.6994375977342667,0.5076043573914945,0.43334628468517106,1.387551118496889,-5.419036042970791e-05,0.38672485784607125,0.24487323024000876,0.407749476215666,0.2266662775130486,1.1843549673717289,1.9838091732301144,0.16065215823075565,1.4364832413510669,1.4972988801700797,-0.24215057688088246,1.5780725502323665,1.8119053983895248,0.176857330551249,0.0,2.1699250014423126,0.0,0.0,-1.5396477552445447,0.8943314274903709,0.0,0.0,0.0,0.0,0.0
ckb1qzda0cr08m85hc8jlnfp3zer7xulejywt49kt2rr0vthywaa50xwsqfsu2mrnwlnau7687z605999cuqgmzkyqs0u3985,-0.02718935698230856,-0.027910156465670334,-0.5339445556921202,0.7421350836793797,-0.7093867016773201,-0.21317120986788612,-0.14480301599824266,-0.17327263809603627,1.083960859819301,0.003141879953311349,-0.7044131239549859,0.0946722443533044,-0.7790888008662336,0.06771566800419807,-2.2434195516864803,-0.4523339662985232,0.4564635396746814,0.0,0.0,0.0,-0.41815197264709264,-0.3895801737976698,-0.4400607279898684,-1.7095112913514543,0.0,0.0,0.0,0.0,-1.035262295720188,0.0,0.0,0.0,0.0,0.0
ckb1qzda0cr08m85hc8jlnfp3zer7xulejywt49kt2rr0vthywaa50xwsqdwtq4te2zfzem37hsacgzq4t4y8t8tgmcyy9v3v,0.4893038424905093,1.4401338722257504,-0.20874781771671877,1.5557339595013235,-1.339700195557984,-0.9169767539054707,0.5558330426177994,0.4646759666086622,1.2823858817638434,-0.0015457753658914858,0.6929957960823737,0.4435354566465332,0.7625602534571914,0.4836156373919853,1.4767525891196565,2.430155544907911,0.7466596858678017,1.4774865672067343,1.5807645741674403,0.11392197604799091,1.7098302510458798,1.6320332912735929,1.2312743923672245,9.672776418618648,5.845490050944376,0.009433962264150943,-6.265883286478148,-1.8525515911190602,1.3530630411298965,0.0,0.0,0.0,0.0,0.0
ckb1qzda0cr08m85hc8jlnfp3zer7xulejywt49kt2rr0vthywaa50xwsqvh639mn84vea2mr46k5rqrvfq6zg6h4mqaxt69f,-0.7125380680447665,-0.21955603082058978,-0.5928787589546585,0.4941285122797516,0.0,0.0,0.0,0.0,-0.3992070570723769,-1.5379389945779218,-0.5647703626466023,-0.7216417873835473,-0.6271984102809498,-0.79615091801856,-0.3895080735135241,-0.40437424713584147,-0.00364855463757651,0.30539242844789183,0.51184355450703,-0.8948766405425305,0.6614632163300715,0.8541880382501895,-0.5453374138143248,0.0,0.0,0.0,0.0,0.0,-0.13223143625536496,0.0,0.0,0.0,0.0,0.0
ckb1qzda0cr08m85hc8jlnfp3zer7xulejywt49kt2rr0vthywaa50xwsqd52pqxx3q9kjg6xxh9f2h6wuut9numalsjdnjxu,-0.4179276470013299,-0.1982308734812551,0.19367653027264436,-0.8153740501070751,2.854839810069888,1.591807627337982,0.05947010815424965,0.06321270391584094,0.6863545078321629,-0.06446153040413889,-0.28548484002983543,-0.46527375540209814,-0.3234176291103823,-0.524848737800028,-0.29258084729319694,-0.25729482471212195,0.025148239523795496,-0.0667485282117184,-0.019094392817790764,0.24306924182253967,0.3941132548890631,0.5719013024205084,-0.1846086534390524,1.7095112913514543,0.0,0.0,-3.944181277975224,0.0,-0.13223143625536496,0.0,0.0,0.0,0.0,0.0
ckb1qzda0cr08m85hc8jlnfp3zer7xulejywt49kt2rr0vthywaa50xwsqg3xv33uywn6sjyvmnzckatkpke54mlx8srepf4g,0.10448770590737173,0.14408916156110843,0.34492946246547,-0.49125448441055264,0.8368546611547816,-0.7137338002728684,2.769835687209889,1.186081579347217,1.1462808433080625,0.011282325042737374,0.23509226618337387,0.09842725043763191,0.24281766480409053,0.09233007765647502,0.5587389365241824,1.0667121098475294,0.621199061004593,0.6051055451527068,0.7654649157599887,-0.19102665599345303,0.9032681607399964,1.1006706131211181,0.28550532142226703,0.0,1.9999999999999998,0.0,0.0,-0.9970313526784371,0.37571990306344066,0.0,0.0,0.0,0.0,0.0
ckb1qrgqep8saj8agswr30pls73hra28ry8jlnlc3ejzh3dl2ju7xxpjxqgqqytevmf523qgwexunz0pf59ysl6dvxvvusuft43p,-0.021949297709077102,-0.02279484381461534,0.4729331166446324,-0.6720805006807287,1.433087628149567,0.6485157920554995,0.564861504336519,0.4703970356117412,1.2338690381462414,-0.033482819980289465,0.14267232094347404,-0.0937890229138237,0.14553830776468174,0.04667358944935365,0.30201346373078064,0.7906650626355247,0.6292494912842286,0.3018491866738491,0.3013791964384201,0.18578447236536297,0.7056829692799407,-0.6640564424828445,2.4574601189500966,6.987563880096952,4.523561956057013,0.3684210526315789,-2.965602876783501,-1.7784952357179877,0.41482446794174604,0.0,0.0,0.0,0.0,0.0
ckb1qzda0cr08m85hc8jlnfp3zer7xulejywt49kt2rr0vthywaa50xwsq0p80per28ltwd4sm2052pjt4z8unckpucj6e5pc,0.026497137304752554,0.03065917112964498,0.4804834462374719,-0.6275393037878976,1.2460084141868688,0.7499427568110635,0.2694798149928365,0.25693029481337776,1.1220238326040473,0.01045997027810942,0.2746540101529163,-0.17439841914866944,0.2875413890881832,-0.2025862191719644,0.5587427982524601,1.0216762324228748,-0.5865294078877111,0.5487150316295368,0.6901187201066377,-0.0021019972706332853,1.171107858309527,1.152562664284256,0.9321153260783906,4.616432189776136,1.9999999999999998,0.1875,-2.4425187035092573,-0.5660423281054652,0.6354743077871596,0.0,0.0,0.0,0.0,0.0
ckb1qzda0cr08m85hc8jlnfp3zer7xulejywt49kt2rr0vthywaa50xwsqgl8p3tyd357ap33wygmdxur9xj2pft5dc5q6uz7,-0.5249542779578223,-0.20982332910508142,0.4807825055216869,-0.8330582462578293,3.6053262903552983,0.6930689367459907,0.30344621076929457,0.2845733488813412,0.33628044514936883,-0.9018479204529218,-0.48308458378404284,-0.4968194726764373,-0.5383482275686691,-0.5582320805161156,-1.0704886636808109,-1.4639798664932737,-0.20421309218709538,-1.0151907780114953,-0.7506072373159541,-0.3285177452584436,-0.6348281951179202,-0.9557218829151092,0.9623485936635969,0.0,0.5849625007211564,0.0,0.0,-0.3941225906760816,-0.9894310025327548,0.0,0.0,0.0,0.0,0.0
ckb1qzda0cr08m85hc8jlnfp3zer7xulejywt49kt2rr0vthywaa50xwsqg8td6r2j7dwevxfd0c84lzn0j9dh0tkecqdrktc,-0.34971349289893805,-0.18673165577524165,-0.03199395034282971,-0.7853164723773807,2.2991664005912753,-1.2037191326051135,0.845341355427418,0.6284476719589569,0.8763776294131885,-0.22485962027724785,-0.2617560436130998,-0.3549723850609157,-0.2976076542711045,-0.40812200700069073,0.454272505501106,0.8759803466035994,-0.003677931483643451,1.1369567704411168,1.292726711339674,-0.10684441236946791,1.2646407830533486,1.5425154605246645,0.207254653895601,0.0,1.584962500721156,0.0,0.0,-0.5326195817702277,0.6512009488715248,0.0,0.0,0.0,0.0,0.0
ckb1qzda0cr08m85hc8jlnfp3zer7xulejywt49kt2rr0vthywaa50xwsqgulzg2h44865y9svyw7s5390npefh3x9qrr8hc9,0.30918442220285886,0.6618914548317059,-0.17911470003869956,0.5844938890185228,-0.578973483258405,-1.4551904178913386,0.9790662048792689,0.6924442664217944,1.3725740153265031,0.006949786462386093,0.45387062142605267,0.3130789211064849,0.48078438443971444,0.2988451388647056,0.9419234298582851,1.6157708835120281,-0.5047321924777425,0.942218559824362,1.0117842428739232,0.33166761499434205,1.1773794554688175,1.3400566941702268,0.8130406904291896,0.0,0.0,0.0,0.0,0.0,0.7959715828360561,0.0,0.0,0.0,0.0,0.0
ckb1qrgqep8saj8agswr30pls73hra28ry8jlnlc3ejzh3dl2ju7xxpjxqgqqxeawela8galsacxfd7d4xaymhy9jpmqeqyruqve,-0.6575188143623656,-0.21760418292586775,0.48076784525089195,-0.8397073826182595,4.426268946270458,2.7627982146817662,-0.43322608771300697,-0.6303300870011301,-0.032616879637660405,-1.029493606390385,-0.4251276013382189,-0.8634888749990689,-0.4753080196956661,-0.9462609915339848,-1.1071667079268992,-3.2175038145104105,-0.290675115966875,-1.1868523661281787,-1.3504860830601517,0.18874487688407973,0.0,0.0,0.0,0.0,-1.0,0.0,0.0,0.0,-1.0156286183077334,0.0,0.0,0.0,0.0,0.0
ckb1qzda0cr08m85hc8jlnfp3zer7xulejywt49kt2rr0vthywaa50xwsq2mj7v7ut0alqkx38qgu393dw8lafafq0qwnqaxs,-0.10473463970445099,-0.09076548085153734,0.4504741791201956,-0.7281861854391635,1.7481001318311944,0.11139391540633514,0.3779464547084604,0.34214124103883825,1.162088010182194,-0.0408715637732148,0.011854120063405216,-0.11908564119973034,0.0,-0.15849420668734746,0.6892630044952112,1.2325550009329729,-0.19558849342712725,1.130794138233703,1.0080942396522503,0.4102243769969252,1.3115755871554988,1.124930494334173,0.9925364909834763,0.0,0.5849625007211564,0.0,0.0,-0.2150402394693283,0.7467575526177918,0.0,0.0,0.0,0.0,0.0
ckb1qzda0cr08m85hc8jlnfp3zer7xulejywt49kt2rr0vthywaa50xwsqfwru8wpcx969py0vrrf29ckn928nz26csz7pvxw,-0.10473463970445099,-0.09076548085153734,0.4445586830543919,-0.7275526627305079,1.7438513319912954,0.8983250986004907,0.24705947311449844,0.23817351671704187,1.1739888485893628,-0.021771968487049525,0.01752947900366713,-0.12454308701572549,0.006173126899462934,-0.16426956384424574,0.6795793530437332,1.2807945685608697,0.6822516707884703,1.1067707930812758,0.3439432726223279,0.545220028219269,1.3604426101958633,1.4973875487198245,0.6529960074088693,1.0,0.5849625007211564,0.0,-4.031900121898997e-05,-0.032918667040237645,0.7467575526177918,0.0,0.0,0.0,0.0,0.0
ckb1qzda0cr08m85hc8jlnfp3zer7xulejywt49kt2rr0vthywaa50xwsqwkp3rnla6nr3al235xz3kmr3c8s0v3kngg0vdcv,-0.22199099231643385,-0.150915888568516,-0.4372768634038314,-0.4699050539742713,0.8025873439560544,-0.654110688123085,0.6627688256787906,0.5297098789045571,1.090587508856551,-0.0707911279450168,-0.10088715060863335,-0.25043596185559697,-0.1226294544522808,-0.2974960474820628,-0.0037323100012618426,-0.32074331387150024,-0.5633008653233613,0.13937046396175512,0.00654014395242596,1.5756054650350186,0.08195377359720073,0.15126046585200845,-0.20739386860771925,1.0,1.0,0.0,-0.6469715947150781,-0.44905163085729616,0.23474882994656215,0.0,0.0,0.0,0.0,0.0
ckb1qzda0cr08m85hc8jlnfp3zer7xulejywt49kt2rr0vthywaa50xwsqv2mxk8gk0kdcqrjee7fdyy4dzjs3c8etq9dlarq,0.2932907132164162,0.6081763334689293,-0.5160700333253214,2.1893999691091883,-1.774944879815523,-0.7763265137298774,0.18772397474075514,0.18645968343208713,1.4149019717637252,-0.0026365141211762123,0.4315006290602571,0.3016883690310116,0.4564523900993353,0.28679105556857826,0.46272876940206914,-0.15479398512877898,-0.6864787907286642,0.1769484469786105,-0.2264741297593206,10.338010416490816,-0.3802295419000015,-0.37705086330728904,-0.1714573495007111,1.0,1.0,0.0,-0.952851481602592,-0.24953491469865124,0.8191980642165517,0.0,0.0,0.0,0.0,0.0
ckb1qzda0cr08m85hc8jlnfp3zer7xulejywt49kt2rr0vthywaa50xwsqgq74prpeqz7rlncvqz0j2gn4jxsg75ztggj7v7a,-0.27865188869028373,-0.16965440530374593,-0.5740715259252083,0.5708825959405028,-0.5408751084872965,-0.2512264770058332,-0.2828267981716106,-0.3698624101550434,1.1384679571631735,-0.06016455650112217,-0.17274356935779686,-0.2961005245369826,-0.2007881746581015,-0.3458206974722854,-0.11848218841723131,-0.4695078567815629,-0.5336251447410397,0.052775857509355886,-0.12958498879422467,0.762573353229841,0.0025116630031094917,0.16561794504089272,-0.009755114771875075,0.0,0.0,0.0,0.0,0.0,0.03312386401044237,0.0,0.0,0.0,0.0,0.0
ckb1qzda0cr08m85hc8jlnfp3zer7xulejywt49kt2rr0vthywaa50xwsqgwfecefxhhy7jtetnnf835cc6pc4hup2g3047fh,-0.7125380680447665,-0.21955603082058978,-0.46357242280866084,-0.8172364868548077,0.0,0.0,0.0,0.0,0.0,-0.9842553456576908,-0.5647703626466023,-0.6386665602919588,-0.6271984102809498,-0.49593077098771027,-0.23774950401260836,1.6460080165676862,0.8056525910728015,0.5574181597341827,0.7527750478547228,-0.8948766405425305,2.0479320248945343,2.443731469457444,-0.5453374138143248,0.0,1.9999999999999998,0.0,0.0,-1.714285714286081,1.0983082950755476,0.0,0.0,0.0,0.0,0.0
ckb1qzda0cr08m85hc8jlnfp3zer7xulejywt49kt2rr0vthywaa50xwsqfg0c6expwhe3wjs5vkk7e2legcah5gvjqvdy8l7,-0.7125380680447665,-0.21955603082058978,-0.5522029587003531,-0.7594220837956651,0.0,0.0,0.0,0.0,0.0,-1.5379389945779218,-0.5647703626466023,-0.7216417873835473,-0.5383482275686691,-0.7083421540315403,0.6415171358551414,-0.0005811552775444534,-0.7318728725549462,1.8277166197407946,1.9671546407820872,0.038387042131110286,0.8656989218442461,1.0883379319316537,-0.5453374138143248,1.0,0.5849625007211564,0.0,-0.06419456194351085,-1.0000000000002138,1.0983082950755476,0.0,0.0,0.0,0.0,0.0
ckb1qzda0cr08m85hc8jlnfp3zer7xulejywt49kt2rr0vthywaa50xwsqd5wxs2lr6y8gzek23nkyj04ngcgmutl4s75skv9,-0.7900833507669089,-0.22151054699761152,-0.5928812165553505,0.0,0.0,0.0,0.0,0.0,-0.3992070570723769,-1.5379389945779218,-0.7044131239549859,-0.7216417873835473,-0.7790888008662336,-0.7083421540315403,-2.2434195516864803,-0.000581155596622444,0.5316468183874509,0.0,0.0,0.0,0.8656989215612547,1.0883379316072128,-0.5453374138143248,-1.7095112913514543,0.5849625007211564,0.0,0.0,-1.0000000000002138,0.04903492061534898,0.0,0.0,0.0,0.0,0.0
ckb1qzda0cr08m85hc8jlnfp3zer7xulejywt49kt2rr0vthywaa50xwsqdpglw7yx2vzsuu2hz4f0zqmm7ujn4gzrcpt9myf,-0.7125380680447665,-0.21955603082058978,-0.5928749018869057,0.4941285122797516,0.0,0.0,0.0,0.0,0.0,-1.5379389945779218,-0.5647703626466023,-0.7216417873835473,-0.6271984102809498,-0.79615091801856,-0.166325927205746,-0.0657171491173256,-0.003726880604544136,0.6760314231237237,0.8661669246818641,-0.8948766405425305,0.9618203139702708,1.1985381228833822,-0.5453374138143248,0.0,0.0,0.0,0.0,0.0,0.13434603014734856,0.0,0.0,0.0,0.0,0.0
ckb1qzda0cr08m85hc8jlnfp3zer7xulejywt49kt2rr0vthywaa50xwsqtg608sukx6zv02svdu0hm3304fxhfrfzqvaphhu,-0.5504921834058731,-0.21176457632908474,0.4477239874124082,-0.8344007694555081,3.7181983369899,-1.5007367326281447,-0.23713661174058276,-0.3008626977769183,0.23352115841059087,-0.6603711737768978,-0.4251276013382189,-0.5797946997680257,-0.4753080196956661,-0.646040844503135,0.4755603912541884,0.908282633613497,-0.00372167221957542,1.4410268752015778,1.616153142254603,-0.2929099566083702,1.581754593330624,1.9274141839860008,0.120695759400874,0.0,1.0,0.0,0.0,-1.0613219245065388,0.7940150021728968,0.0,0.0,0.0,0.0,0.0
ckb1qzda0cr08m85hc8jlnfp3zer7xulejywt49kt2rr0vthywaa50xwsq0jlpszzdm77mdd9hrknh9ppd9g850pfcs3yqwhx,0.5763614048753264,1.917785217159758,0.440376239209949,1.0193443866854783,-0.9408150165606016,-1.1431773974278776,1.299795632271859,0.8232057614444163,1.3958824156446328,0.005402443162483339,0.7323525453736764,0.6014443897598345,0.783691085818488,0.6048497177474474,1.0345919029974895,1.7577002593080404,0.5996183657175932,0.7167492161629259,0.8903596814489371,-0.6313287956719481,0.9890087323435112,1.2205937612371451,-0.3196843460695192,0.0,2.4594316186372973,0.0,0.0,-1.7350163681253943,0.41234156091494917,0.0,0.0,0.0,0.0,0.0
ckb1qzda0cr08m85hc8jlnfp3zer7xulejywt49kt2rr0vthywaa50xwsqd7llz9vfprn28merjhktq2w8ydgejz4zsw4kkv5,-0.2426868619424456,-0.15838184997703736,0.44227205627714444,-0.7870797881902429,2.304134988288308,-0.6686252647964553,0.00996162689278603,0.010883201219515888,-0.016093276497841057,-0.06832122759111402,-0.12211328230471638,-0.2719971579693273,-0.14571726368582083,-0.32031324301367126,0.033036567906692,-0.07504970335793085,-0.5644807093417222,0.23090323901782644,0.36207444254097226,-0.27493961080242924,0.3245299970587603,0.40140994509717653,0.5108809818224297,1.0,0.0,0.0,-1.574114584846403,0.0,0.00287505804249244,0.0,0.0,0.0,0.0,0.0
ckb1qzda0cr08m85hc8jlnfp3zer7xulejywt49kt2rr0vthywaa50xwsqdlnnrld5uyndfrw0xxnpmpf435242xl2ccrge5g,-0.08458442008985154,-0.07655688330756125,0.4784890520758505,-0.7189327065668402,1.6870360758491816,0.588651536897859,0.5536707255081353,0.46329916878320154,1.2119794256647114,-0.051066249819510245,0.0,-0.0712782098298725,-0.012893807810769578,-0.10790185996984097,0.30946389310786504,0.6896238294010922,0.5598239236372113,0.5166718128498375,0.3681300463387267,0.22175769257237024,0.776934669420061,0.7744040588488859,0.853388726382403,2.2598510045646623,1.0,0.0,-3.5632173293708584,-0.5936987092905116,0.2809773015109925,0.0,0.0,0.0,0.0,0.0
ckb1qzda0cr08m85hc8jlnfp3zer7xulejywt49kt2rr0vthywaa50xwsqv24kjravky74cfx5ff2k56kxqnvd22qngclpjwx,0.3872374041859026,0.9613928464549027,0.17685449246889176,0.41203291424996946,-0.4208906507028162,0.342483384109468,0.3744484920369254,0.3395278248134333,-0.33744437830488644,0.0162844068408859,0.5351282132640115,0.3973534674192785,0.5691688251844146,0.3880289110178693,0.0255758254616662,0.22548997611601854,0.16484961172292933,-0.6902187604622649,-0.517564283293288,-0.3276538418434673,-0.1472279362907353,-0.14672080954914277,0.09194803478473544,0.0,0.0,0.0,0.0,0.0,-0.6225976163074062,0.0,0.0,0.0,0.0,0.0
ckb1qzda0cr08m85hc8jlnfp3zer7xulejywt49kt2rr0vthywaa50xwsqteef8yemqzzx7zrqzw9tl8admfvcn57js5lzt82,0.45543127617371265,1.270818162056997,0.4820895224230762,0.43005157660354204,-0.43823027560762834,-0.6485748258328796,0.3093529686668711,0.2892882562974292,-0.2852182274517804,0.016405280221222833,0.6077547146128075,0.4693921466856632,0.6481651695230237,0.46426404296461665,0.22975619234677797,0.5353032144412997,0.16578344940729126,-0.45015768377490123,-0.2663281410202587,-0.3336345962003951,0.04918714903133501,0.09791984032796838,0.07563978810418714,0.0,0.0,0.0,0.0,0.0,-0.3244226071371553,0.0,0.0,0.0,0.0,0.0
ckb1qzda0cr08m85hc8jlnfp3zer7xulejywt49kt2rr0vthywaa50xwsqgu7pyfhg4tq00pguszy8gckjkxshmacys678te3,0.20253869198822355,0.3470680704939154,0.4806134260074075,-0.3573097021704477,0.5519116525890989,0.293845647114594,-0.2659302858700162,-0.34385710880177955,-0.224777451643791,0.013387293936277616,0.3417699297332527,0.19920866755862313,0.35885169214284823,0.17834162752282598,-0.5945219253463199,-0.7154627281686462,-0.003665997369817672,-1.4540443068555642,-1.1837655700466787,-0.7599203065132311,-0.764342824857687,-0.7936940984234178,-0.3960178728591998,0.0,0.0,0.0,0.0,0.0,-1.3382252859686148,0.0,0.0,0.0,0.0,0.0
ckb1qzda0cr08m85hc8jlnfp3zer7xulejywt49kt2rr0vthywaa50xwsqga7576ut7xx2v5xv68r6xuxv73mryg6lsuvp7yx,0.1437534899167354,0.2164398473938634,0.09193756188961748,-0.29788493378838177,0.4471989215538978,-0.5189508607069951,0.38005925670220975,0.34371564768547697,-0.3303870052659636,0.012184796062599097,0.2792855226167669,0.13728239078171883,0.29088697335979785,0.11922512625406409,-0.6288808293810879,-0.7053436128420834,0.35131851091687366,-1.4257960832641088,-1.1730872871168856,-0.1600467179414975,-0.6948591323111792,-0.7825721711005861,0.7817994421549316,0.0,1.8073549220576042,0.0,0.0,-0.9259318041891124,-0.9308651683512741,0.0,0.0,0.0,0.0,0.0
ckb1qzda0cr08m85hc8jlnfp3zer7xulejywt49kt2rr0vthywaa50xwsqthsmfsv2yddsyu04hxwg6aw82yvdhedgqvtvu0d,-0.21714895649439475,-0.14905547404337977,-0.5338991412793315,-0.015325913712678458,0.05775666408508636,0.5288816337602146,-0.894311253034812,-1.9870447185049598,-0.3992070570723769,0.009140730856462791,-0.7044131239549859,-0.10858887424007536,-0.7790888008662336,-0.1473859739666379,-2.2434195516864803,-0.17467305198962446,0.5026734522941371,0.0,0.0,0.0,0.051852569103134634,0.13328378434225413,-0.02561015616602648,-1.7095112913514543,0.0,0.0,0.0,0.0,-0.40334639893391633,0.0,0.0,0.0,0.0,0.0
ckb1qzda0cr08m85hc8jlnfp3zer7xulejywt49kt2rr0vthywaa50xwsqgwnwze907evedj3hsygj2k9jelywm3mlsylksa9,0.3538633090434211,0.8260654808007015,0.1886360253865715,0.26825376578404075,-0.27883841241741886,0.5171020056844037,1.928664114495874,1.0137535550404344,-0.3532296418899684,0.01639389967116002,0.49805415643597606,0.3636376122059948,0.5288431189363441,0.3523490138146247,0.42453644104319815,0.2238753271922616,-0.6736228572311476,0.02274495101936549,0.14265714373860802,-0.044015512500936216,-0.11201356763896923,-0.1459080711103059,0.1321643572450684,4.419022582702908,0.0,0.0,-6.028843804173839,0.0,-0.007813979180303009,0.0,0.0,0.0,0.0,0.0
ckb1qzda0cr08m85hc8jlnfp3zer7xulejywt49kt2rr0vthywaa50xwsqda7n3jg4g0l0w3ls93xkmre43z6kerr6gjzcwvz,0.264360995590256,0.5166334188261286,0.4746792760696842,-0.2097873170003076,0.30506007007386776,0.4851677877916629,0.7999877436052399,0.6052298813683701,-0.20113986749347634,0.008612650209171898,0.4063328128163933,0.2656142164787132,0.42907718351045193,0.24861548367167866,0.27768159567311657,-0.6026602910029699,-0.6400655003089489,-0.09599379042237106,-0.026046218349785745,0.940442155566974,-0.7368923261747534,-0.7879963479284184,-0.10878190218982299,1.0,0.0,0.0,-1.6923943303832947,0.0,0.19410364325881485,0.0,0.0,0.0,0.0,0.0
ckb1qzda0cr08m85hc8jlnfp3zer7xulejywt49kt2rr0vthywaa50xwsq0klfn2n06tvww62dplr3rlawsgrn6hrxgrp7xfh,0.21739557187256264,0.3846776063888468,0.4732257588603738,-0.32226659157051907,0.48838920106026473,0.6023987418155565,-0.2879471161220261,-0.3778601995013391,-0.15803868163505572,0.009406314435439383,0.3568596910310696,0.21558877453558542,0.3752649291476833,0.19567592111908927,0.24000451816748974,-0.6900680365598939,-0.6305886322483735,-0.09097669054927886,-0.022440567760450864,0.711159595347522,-0.7597228291843863,-0.7900812694280815,-0.3572283997480768,1.0,0.0,0.0,-1.4534632449945277,0.0,0.15223610799756612,0.0,0.0,0.0,0.0,0.0
ckb1qzda0cr08m85hc8jlnfp3zer7xulejywt49kt2rr0vthywaa50xwsq059gaxh9mhygyzgpps4edtqdsumgslcdq3ejtuw,0.23072187057959695,0.42007498830890094,0.48059852680321186,-0.29496281045628253,0.4412096668010103,0.5226734523704465,0.1079840678857827,0.11181320596476883,-0.18548471847533662,0.011744881673139829,0.3708975415749865,0.22977757109349844,0.3905339956006493,0.21275377530273798,0.24113610466114874,-0.6607245379390793,-0.6308399530142786,-0.10828217063898914,-0.04286044829500015,0.7613579109104351,-0.7513573640465157,-0.785024095910899,-0.32954873404921975,1.0,1.3219280948873622,0.0,-1.565655486119421,-0.0631276352801153,0.09893688265235236,0.0,0.0,0.0,0.0,0.0
ckb1qzda0cr08m85hc8jlnfp3zer7xulejywt49kt2rr0vthywaa50xwsqtkkx3urvug7hny8wgyf5s5vuchpvrhnks47yw86,0.19877274359913627,0.33783973183810184,0.48059852680321186,-0.3651847056540362,0.5666989793810288,0.38437885467157606,1.1244140983735524,0.7552944409911913,-0.18960959643048397,0.010072457294140535,0.33724250506259085,0.19576922374170921,0.35392718123280087,0.17470182657316852,0.18695183521773734,-0.7102251584313529,-0.6171104747002709,-0.15225478696848588,-0.05764499137276695,0.2792673072235451,-0.7560116424453138,-0.7859064494893255,-0.34332325656659474,1.0,0.0,0.0,-1.8709696172954815,0.0,0.004532141459010391,0.0,0.0,0.0,0.0,0.0
ckb1qzda0cr08m85hc8jlnfp3zer7xulejywt49kt2rr0vthywaa50xwsqdvehsut0qf0x0n92v22wjx6mu6a4l7hscxasspx,0.20934174190785493,0.36404996835153786,0.47617510155757525,-0.34110155416770394,0.5220883447027482,0.728435755766897,-0.251270487329691,-0.32176341331051245,0.21011747936593186,0.013546950319374085,0.3483758303705693,0.2070161246777072,0.3660369756374489,0.18660389065290092,0.5929689664687999,-0.7022477126411012,-0.719985582203144,0.5067768058440685,-0.024343468183924168,7.26810511195076,-0.7611644199348965,-0.7916239383608964,-0.3707274310435192,0.0,0.0,0.0,0.0,0.0,0.8853380874049116,0.0,0.0,0.0,0.0,0.0
ckb1qzda0cr08m85hc8jlnfp3zer7xulejywt49kt2rr0vthywaa50xwsqghcyy3z34lvvd306dsxk63tplg20yue3q6y3yy2,0.20831074103220806,0.36145046152481897,0.46732782439951537,-0.33990210212626576,0.519928654474938,0.6897518542290314,-0.29192599545782766,-0.38411337798963224,-0.1357637137094524,0.004425320863994028,0.34728977965827806,0.20591884542750366,0.3648556708183538,0.18544269184590492,0.21244104651684942,-0.702379754198534,-0.6235909611015598,-0.12366620748922343,-0.04063818141348521,0.4939438971732716,-0.7600932678901171,-0.7912966733949147,-0.38202970955982707,1.0,0.0,0.0,-1.2185431151601163,0.0,0.07386661286580547,0.0,0.0,0.0,0.0,0.0
ckb1qzda0cr08m85hc8jlnfp3zer7xulejywt49kt2rr0vthywaa50xwsqv04dkmp3nkglmmwsw6eawezsdecnwwt9gktajtj,0.2009337857930974,0.34312035967241683,0.47912456372147716,-0.36012614584291197,0.5571805597941588,0.3653102926873265,-0.27909593073361044,-0.3640695205677309,-0.17108026900139486,0.01554533308998138,0.3395189351505576,0.19806859725695683,0.356403269874716,0.1771351449670491,0.21698951917681825,-0.7179738358379948,-0.6247681576912749,-0.10548746576156948,0.0,0.5224479016135698,-0.7653182550785369,-0.7970029261662677,-0.3983485926476094,1.0,0.0,0.0,-0.8247396819697388,0.0,0.07386661286580547,0.0,0.0,0.0,0.0,0.0
ckb1qzda0cr08m85hc8jlnfp3zer7xulejywt49kt2rr0vthywaa50xwsqva6slkwzalfalw2gl7cawxfkx3s2dt8tq3zqy53,-0.23205911683576275,-0.15464399592428368,-0.5206277562087761,-0.17343663297519674,0.27086277550409493,0.5289188974862187,-0.7949175373149026,-1.5859991508531053,-0.32610343510077905,-0.00615702774619617,-0.7044131239549859,-0.12454308701572549,-0.7790888008662336,-0.16426956384424574,-2.2434195516864803,-1.0311263322506363,0.36013761378040804,0.0,0.0,0.0,-0.6887669320293499,-0.7201210020118457,0.21417274524835667,-1.7095112913514543,0.5849625007211564,0.0,0.0,-0.4929733172037009,-1.0073069792258003,0.0,0.0,0.0,0.0,0.0
ckb1qzda0cr08m85hc8jlnfp3zer7xulejywt49kt2rr0vthywaa50xwsq2mu7xj6mj90s8dxxnuqxyty72rg72ydzscwk9vf,0.0778026781975685,0.10104032445851034,0.4658686239886046,-0.5639891679084413,1.0328106610288637,-0.87077984834657,0.5987382978038109,0.49147477676667434,-0.30530758732901303,0.002756520026585484,0.2108877625344259,0.06626046412856992,0.2164902599410293,0.037648822854729494,-0.6025392154637751,-0.7274944348660123,0.10034029615698628,-1.2889785351860306,-1.0215428563819038,-0.7816655853086248,-0.6304593133941616,-0.6359050277185004,-0.42035743133533837,0.0,0.0,0.0,0.0,0.0,-1.1620989526253507,0.0,0.0,0.0,0.0,0.0
ckb1qzda0cr08m85hc8jlnfp3zer7xulejywt49kt2rr0vthywaa50xwsq0vqkp4e093a5e6a2t3k08excpc3k74d0qpe0lt0,0.15432248822545405,0.237875456724494,0.4776618134429001,-0.44963232184712004,0.7394476697075602,0.3304473526788931,-0.3116322288575245,-0.41558685303446724,-0.21924774813096728,0.0035256790853828972,0.2911396426801721,0.1477791577413737,0.30378078117056745,0.12391620625189391,-0.5322424578968559,-0.6209597287949377,-0.003680691477617257,-1.2823625234996099,-1.0092173485526146,-0.7670268698276234,-0.6252159624529265,-0.6240589635450825,-0.4038807726308123,0.0,0.0,0.0,0.0,0.0,-1.116456427009254,0.0,0.0,0.0,0.0,0.0
ckb1qzda0cr08m85hc8jlnfp3zer7xulejywt49kt2rr0vthywaa50xwsqfvfcxm03q9xmn3fy68s9rxp0y5lfqfvjgmmtw0p,0.09537883204740326,0.12886294352353272,0.47913461599097457,-0.5433035884321946,0.9727322499750927,-1.1268745983633308,-0.11646744343300836,-0.13697647003962599,-0.2597156900710309,0.01077528295312705,0.2293082731508407,0.08497175112152035,0.23652637585633124,0.057450094162415165,-0.5870118267361729,-0.7040335120373519,0.05464317881616992,-1.2885006016096145,-1.0232087070673634,-0.7554471799737982,-0.6301606379261772,-0.6376212125119692,-0.39108924536067385,0.0,0.0,0.0,0.0,0.0,-1.1177970325294746,0.0,0.0,0.0,0.0,0.0
ckb1qzda0cr08m85hc8jlnfp3zer7xulejywt49kt2rr0vthywaa50xwsqvmmkpv65ayqg2c6ezrf2644lcfqe4vjng0qv493,0.060696292581672466,0.07584622124542198,0.3110235841175746,-0.5464267194881964,0.9822487695056256,0.9450386175266248,-0.7027351759683299,-1.2808737800514616,-0.25137290214144253,0.014034785014099074,-0.34344182247565935,0.1826389893871249,-0.3864578369833853,0.16080671968465926,-0.4420034057029156,-0.5448136885253003,-0.394729719627752,-0.22270387288352853,-1.1316057330771987,0.9656907159557024,-0.5958690928261358,-0.6074867430475236,-0.23695346872148848,0.0,0.0,0.0,0.0,0.0,-0.19697039635639074,0.0,0.0,0.0,0.0,0.0
ckb1qzda0cr08m85hc8jlnfp3zer7xulejywt49kt2rr0vthywaa50xwsqg6j932zy4ztkzmtpye2uhzsju5npw795s89dznx,0.13102373005663379,0.19175118706625338,0.4791237103879035,-0.4895272389510299,0.8322005716639803,0.504853199781335,1.7776980473611088,0.9741741979372128,-0.09119086067865267,0.009020619586621679,0.2650587719940916,0.12458733873821758,0.2754124389937415,0.09937339952923228,0.14800244761718706,-0.6405794567205225,-0.6070206146667563,-0.11810176231828223,0.024740356894363918,-0.10878182071267373,-0.6172983875660635,-0.6179823701000839,-0.36152933041526214,1.7095112913514543,0.0,0.0,-2.6171513744434325,0.0,-0.058353204229201046,0.0,0.0,0.0,0.0,0.0
ckb1qzda0cr08m85hc8jlnfp3zer7xulejywt49kt2rr0vthywaa50xwsqd5zvdgz64ygu94j8cwvcguc6wz5mhaknc3drq98,0.13409608848665722,0.1975987549757378,0.4791237103879035,-0.4845275548914429,0.8200989209349026,0.9450137728621859,-0.7611462023649843,-1.4677373877521365,-0.2751576898823604,0.015749160012655136,-0.34344182247565935,0.2631336759273373,-0.2745198450375645,0.24599044475981668,-0.037040416427157136,-0.45142637431527555,-0.5566299821397898,0.288766796727764,0.1913714390262148,0.4071278065206637,-0.6007894987978831,-0.6101262548349689,-0.05443435635461195,3.089693646737102,0.0,0.0,-3.796452364347625,0.0,0.1194849320016781,0.0,0.0,0.0,0.0,0.0
ckb1qzda0cr08m85hc8jlnfp3zer7xulejywt49kt2rr0vthywaa50xwsq2evwcurnqel0euyf4s2pgkut48dgp7fsg3tdhrk,0.07470961564410464,0.09635012333327934,0.4732254687269587,-0.569749348319078,1.05020221390573,0.8020534103704654,-0.18834979906941413,-0.23159003708489803,-0.2131271691228011,0.007593097639422616,0.20655508115513493,0.06407175781198204,0.21177757264656386,0.03533261833048004,0.06751912806114932,-0.7268671528922106,-0.5865982328926345,-0.17143965980296424,-0.06847164850453026,0.2831401794232874,-0.6275157424621707,-0.6374563813626785,-0.32440705664920383,1.0,0.0,0.0,-1.818013359028793,0.0,-0.06670035632927568,0.0,0.0,0.0,0.0,0.0
ckb1qzda0cr08m85hc8jlnfp3zer7xulejywt49kt2rr0vthywaa50xwsqttkscr3p930542e3zgzj3yujwpak0gq4slpgsny,-0.03257704281575995,-0.033043836526503695,0.4643777137020976,-0.6796525018265541,1.4693742346284697,1.1385512598438983,-0.7066203853106309,-1.2926651405888592,-0.2822850229038575,-0.004233324914969081,-0.7044131239549859,0.0889072972174406,-0.7790888008662336,0.0616148967234886,-2.2434195516864803,-0.701481057537102,0.4149990600802724,0.0,0.0,0.0,-0.6321988214813682,-0.6363997060520072,-0.3996957808438296,-1.7095112913514543,0.0,0.0,0.0,0.0,-1.125139314192046,0.0,0.0,0.0,0.0,0.0
ckb1qzda0cr08m85hc8jlnfp3zer7xulejywt49kt2rr0vthywaa50xwsq2efq967zf7uw4g2nazz6mwal8ehl3yfrgn5r9vq,0.07156570595525369,0.09164448542391514,0.4747000803422094,-0.5741269686853341,1.063655235329073,0.945047385842688,-0.7145574707310252,-1.317023741833209,-0.33063502810360723,0.01327630935787977,-0.7044131239549859,0.2003424216489318,-0.7790888008662336,0.17954142593043196,-2.2434195516864803,-0.5298897278640039,0.4435562676014894,0.0,0.0,0.0,-0.6019273904657445,-0.6145282283122879,-0.27376875767836983,-1.7095112913514543,0.0,0.0,0.0,0.0,-1.0129678294033375,0.0,0.0,0.0,0.0,0.0
ckb1qzda0cr08m85hc8jlnfp3zer7xulejywt49kt2rr0vthywaa50xwsqtgateuk4kjwkfsxmpunvzlrflgvguqqccw5gdn7,0.24489503502138651,0.45948429431374893,0.4761744700907309,-0.25939609873165526,0.3824880646915017,0.4239655152833209,-0.2486648930801088,-0.31788113008672014,-0.23534933324880944,0.013401718320637608,0.38582747587573707,0.24487323024000876,0.40677338768303345,0.2266662775130486,0.21452554786718006,-0.47065814035261344,-0.6236186567758084,-0.17286789475825196,-0.0707457332490934,0.24744957125561196,-0.5979619359294275,-0.6153409250559935,-0.20784281282722028,1.0,0.0,0.0,-1.2768014939116306,0.0,-0.025205845059575054,0.0,0.0,0.0,0.0,0.0
ckb1qzda0cr08m85hc8jlnfp3zer7xulejywt49kt2rr0vthywaa50xwsqf4n5g7ce6k9gxgvs7cjc40rk8r0tqtg4qg775ha,-0.05374185472641847,-0.05202662832326533,0.4761744700907309,-0.6976359744889765,1.562062036286574,1.1385538902930508,-0.5089746930982019,-0.7850579740337699,-0.30530758732901303,0.009764487314572036,-0.5647703626466023,0.06407175781198204,-0.6271984102809498,0.03533261833048004,-0.52238472266046,-0.7307530330081424,-0.3993902243901153,0.08472393649873476,0.3008889467027208,-0.8948766405425305,-0.6309471260152808,-0.6383039566680455,-0.37048217035403636,0.0,0.0,0.0,0.0,0.0,-0.290944500436013,0.0,0.0,0.0,0.0,0.0
ckb1qzda0cr08m85hc8jlnfp3zer7xulejywt49kt2rr0vthywaa50xwsqv8yreznvv7falyl3sk08l74zh6aj9u9hsrpfysy,0.21591108680542662,0.3808325255571918,0.4466827839192053,-0.31481862185470233,0.4753795004144055,0.47671680721359555,1.2842194139264964,0.8174900071294922,-0.33205874899337523,0.013160967697601389,0.35371996120967425,0.21558877453558542,0.37184982345630524,0.19567592111908927,0.1752530456562003,-0.1264046564767769,-0.6101889649681775,-0.1942105609839909,-0.06681454182296165,0.629506640770733,-0.2613799682959072,-0.5124351883795061,2.64003889841771,1.0,0.0,0.0,-3.128331610992954,0.0,0.09793460399511167,0.0,0.0,0.0,0.0,0.0
ckb1qzda0cr08m85hc8jlnfp3zer7xulejywt49kt2rr0vthywaa50xwsq27hu6zh0dn2w848xsrkt3303mj79ym6fqdw7xqn,0.038170263541930906,0.045339910782671224,0.1694658183882412,-0.5324393391530453,0.9440945547383489,0.945034233292481,-0.7916049537950245,-1.574037550965206,-0.23428265357715936,0.01002914539795944,-0.5647703626466023,0.16325775625658223,-0.5383482275686691,0.14029647602050246,-1.234474863320878,-0.572140160555791,0.43603722092987723,-1.2871425490226691,-1.0105876209611537,-0.7947527628031478,-0.5989333310148217,-0.6058516862729125,-0.3353589086294206,1.0,0.0,0.0,-3.290917773552196,0.0,-1.076397947736346,0.0,0.0,0.0,0.0,0.0
ckb1qzda0cr08m85hc8jlnfp3zer7xulejywt49kt2rr0vthywaa50xwsqtg2eyp82x7jqlmy9ggy6nwp4kf3nzzkpqfgp859,-0.7125380680447665,-0.21955603082058978,-0.592879032021402,0.4941285122797516,0.0,0.0,0.0,0.0,-0.3992070570723769,-1.5379389945779218,-0.5647703626466023,-0.7216417873835473,-0.6271984102809498,-0.79615091801856,-0.2726155406204614,-0.2270012509690292,-0.0036485546369714695,0.4995160695784389,0.6974218226980066,-0.8948766405425305,0.818776435631021,1.0345427587006237,-0.5453374138143248,0.0,0.0,0.0,0.0,0.0,0.007389567417860355,0.0,0.0,0.0,0.0,0.0
ckb1qzda0cr08m85hc8jlnfp3zer7xulejywt49kt2rr0vthywaa50xwsqf6qtawqcsf9ga3yuhh8gfhxuyah7rvtlgzn95vl,0.5522729815600002,1.7799397734799327,-0.053312936612922926,1.5448829820621772,-1.3320935211392702,-0.6674887990673561,1.037807002872829,0.7186282219330173,1.394485155793575,0.010171603889614135,0.8045307883434102,-0.036110414108141836,0.8862892160529459,-0.0706854427003279,1.3095071741478055,2.133990338799775,-0.8210176007311645,1.0449455057906274,1.053266583586822,2.242479079193667,2.019052114262144,-0.8315112049536594,0.9878832739936407,11.59281100098627,1.3219280948873622,0.0045045045045045045,-6.200471642241449,-0.5783272705611535,1.4385297449172976,0.0,0.0,0.0,0.0,-0.2864816472694718
ckb1qzda0cr08m85hc8jlnfp3zer7xulejywt49kt2rr0vthywaa50xwsqg9zt77ljsy79v237ska0mgf4zd50avq0cdx0vpw,-0.7900833507669089,-0.22151054699761152,-0.5928812165553505,0.0,0.0,0.0,0.0,0.0,-0.3992070570723769,-1.5379389945779218,-0.7044131239549859,-0.7216417873835473,-0.7790888008662336,-0.79615091801856,-2.2434195516864803,-0.4773421860803781,0.45230152913832616,0.0,0.0,0.0,0.5967474950580196,0.7799934736062586,-0.5453374138143248,-1.7095112913514543,0.0,0.0,0.0,0.0,-0.18966891034427055,0.0,0.0,0.0,0.0,0.0
ckb1qzda0cr08m85hc8jlnfp3zer7xulejywt49kt2rr0vthywaa50xwsq0kc5h0xhqlmc2y7d6w3lghpg60xda5e0cynpnzj,0.5581710322085973,1.8133127409255887,0.48198283865970076,0.8927380016441933,-0.8401853085727992,-0.2726903181809621,-0.3674866832410438,-0.5096030388426003,1.4260844560508177,0.016022036106757,0.7159180898248688,0.5792629313704022,0.7658152156410697,0.5805351052999062,0.07893580463539876,0.3064620637780587,0.18685117217389532,-0.8477008191385327,-0.7748711719611604,-0.2688838771951001,-0.2729599847000051,-0.3963090289773705,0.147250360345524,0.0,0.0,0.0,0.0,0.0,-0.7903304780857969,0.0,0.0,0.0,0.0,0.0
ckb1qzfhdsa4syv599s2s3nfrctwga70g0tu07n9gpnun9ydlngf5vsnwqg9qcklzgrl9mhwptz8u840tu0wua39cu2gq5rzmufq0uhwac9vgls74a03amnkyhr3fq0y6ztj,-0.5504921834058731,-0.21176457632908474,0.2739883779551272,-0.8323434304009686,3.5816963206277954,2.3821804844477374,-0.7245669961636706,-1.3482703837692935,0.6327282154829676,-0.7300326515639224,-0.3123863306661803,-0.46527375540209814,-0.35267856524338526,-0.49593077098771027,-1.0333517932017644,-1.3834758366147637,-0.1136738305400732,-1.253835489568074,-1.0187799187065802,-0.5900025039127719,-0.6380614871665982,-0.635676676610178,-0.5453374138143248,3.089693646737102,1.9999999999999998,0.8571428571428571,-5.431363488009327,-1.714285714286081,-1.1467744101943602,0.0,0.0,0.0,0.0,0.0
ckb1qzfhdsa4syv599s2s3nfrctwga70g0tu07n9gpnun9ydlngf5vsnwqg9v2y7zt97wcuzklqar4wxk2tzz3n5cyy3q43gncfvhemrs2mur5w4c6efvg2xwnqsjyalpclt,-0.3403823642791875,-0.18482407929368727,0.4516412151821662,-0.8107869177968011,2.7234085843913536,-0.06845543765590285,0.26698450735146323,0.2548631583491011,0.6723380263422587,-0.36234697893998075,-0.13362852605737768,-0.28369417523104323,-0.03377927174000001,-0.24917139749184017,-0.6394777501284313,-0.9262073860462713,-0.3740245711111169,-1.0318100524183562,-1.0164096469115418,0.6185567142674915,-0.5064005419045369,-0.6310485979967106,0.9193267197316282,4.799204938088556,2.8073549220576037,0.7333333333333333,-4.0872728332443575,-1.5812589939740174,-0.7284646345290664,0.0,0.0,0.0,0.0,0.0
ckb1qzda0cr08m85hc8jlnfp3zer7xulejywt49kt2rr0vthywaa50xwsqgvhdamaryxwum3rdm2pfpm2vzlmt3e0uq0cll7q,-0.3403823642791875,-0.18482407929368727,0.31843157767033237,-0.805905260881276,2.6214603011420925,-1.2499859681120362,0.7612182766637748,0.584722854656885,0.9367151453849527,-0.29412226114250123,-0.24052991191701675,-0.3549723850609157,-0.2745198450375645,-0.3458206974722854,-0.05571325566465279,0.32434226317819675,0.5636272337836525,0.25775718713038454,0.00344800596341172,0.9182352445887372,0.7065314386497956,0.3601024920903299,1.2047843796119784,0.0,2.584962500721156,0.0,0.0,-1.4903310213138474,0.1963784379285069,0.0,0.0,0.0,0.0,0.0
ckb1qzda0cr08m85hc8jlnfp3zer7xulejywt49kt2rr0vthywaa50xwsqdv5f45r3aevly9umatacdzw6x2hmycfss6cstcq,-0.30703724424459705,-0.17721912327332487,0.45500527799615303,-0.8042407781849407,2.5830428424619014,1.63525438947272,-0.3077039083870943,-0.4092450644600045,1.0482437123741746,-0.12350695654146264,-0.17274356935779686,-0.3549723850609157,-0.2007881746581015,-0.40812200700069073,-0.14354146227297632,0.14303961653267436,0.5267827598495388,0.011161249633568423,0.0286267822947168,0.5791098006558664,0.6145941737652216,0.7506457942270671,0.14145863844794476,1.0,1.3219280948873622,0.0,-3.313389544548382,-1.217584315587926,0.014612210945820952,0.0,0.0,0.0,0.0,0.0
ckb1qzdcr9un5ezx8tkh03s46m9jymh22jruelq8svzr5krj2nx69dhjvqgj99jj9hhu3m95gpncj0zqtt8trplsj44sqqe5d89y,-0.34971349289893805,-0.18673165577524165,0.016160499484130054,-0.7899091464443632,2.3607160977001294,-1.0328916520949785,0.7904695076060037,0.6002527681075149,0.4737823663437191,-0.5150526814187827,-0.48308458378404284,-0.41384424558484884,-0.5383482275686691,-0.470423316529096,-0.47521304393908875,-0.5200991525955947,0.3248290775810853,-0.02683315470863323,0.19424262753150862,0.04334633392319197,0.0971840790291808,-0.5535599161443538,1.9422308349513773,1.0,1.0,0.0,-0.029409963309576515,-0.015842192696579105,-0.23503751818718907,0.0,0.0,0.0,0.0,0.0
ckb1qzda0cr08m85hc8jlnfp3zer7xulejywt49kt2rr0vthywaa50xwsqdfpcl42753m0xgau9yefhgfxukx83dwysy7tdl3,0.31130776105529434,0.6692530735421744,0.46580848103833505,-0.0743348249395851,0.1147352530799339,-1.2712144400286811,0.9318283917702896,0.6705615987859718,1.3076998490469902,-0.025500350304236974,0.43785196862624604,0.3323462667355293,0.4633607857682478,0.3254227976972076,1.0930855440551448,1.8448417367146022,-0.5851751292292525,1.2151098704119994,1.252789218825079,0.7130270094736001,1.353214588148311,1.5246099588024784,1.349871042634282,0.0,3.700439718141092,0.0,0.0,-1.5772850914693304,1.105705480223658,0.0,0.0,0.0,0.0,0.0
ckb1qzda0cr08m85hc8jlnfp3zer7xulejywt49kt2rr0vthywaa50xwsqwau96q6673hp5t3ncxypt85vrlv3ldvmchs7tt3,-0.2539401192968944,-0.16212950182357228,0.30476914395632426,-0.7822844961458214,2.2443511080037504,-1.1568195169919957,0.6304046659280194,0.5106390352870246,0.8793811022778857,-0.024467666442660282,-0.13362852605737768,-0.28369417523104323,-0.1582424734058858,-0.32031324301367126,-0.06221002361994367,0.0967626991332449,0.37999990482625734,0.08933934028334453,0.1646922922715577,0.2714997065058597,0.4769052585534815,0.515864050894559,0.7738288975085489,0.0,1.584962500721156,0.0,0.0,-0.22909073261079285,-0.005541853920547431,0.0,0.0,0.0,0.0,0.0
ckb1qzda0cr08m85hc8jlnfp3zer7xulejywt49kt2rr0vthywaa50xwsq0r0uwh2anx2znsuqqda47yw7pyzxavsag3zwln3,-0.7125380680447665,-0.21955603082058978,-0.5928677509515586,0.4941285122797516,0.0,0.0,0.0,0.0,0.0,-1.5379389945779218,-0.5647703626466023,-0.7216417873835473,-0.6271984102809498,-0.79615091801856,0.03031104338066366,0.2326602443767844,-0.0037219679552830797,1.002586796391536,1.1783472458759443,-0.8948766405425305,1.2264530898243844,1.5019313820340012,-0.5453374138143248,0.0,0.0,0.0,0.0,0.0,0.3692169070753629,0.0,0.0,0.0,0.0,0.0
ckb1qzda0cr08m85hc8jlnfp3zer7xulejywt49kt2rr0vthywaa50xwsqteuhr80vfws6en6ju03huzvp3xh9z0juqelhgxu,-0.015178672106097668,-0.016002772319607814,0.36069676290554187,-0.646855193634804,1.3230060889404216,-1.2155880854966237,0.9348628664423989,0.6719902832352898,1.2470149448849306,-0.04647282274843116,0.11361151789666045,-0.03255133153314792,0.11068222052486254,-0.06691903370342336,0.33599551822349955,0.6965066594554497,0.04389552063161535,0.4025669467913482,0.44147195724038335,0.16200825967194943,0.7402112261104429,0.7857972112584058,0.6240305190197253,0.0,2.3219280948873626,0.0,0.0,-1.4178821958718324,0.2498728298046451,0.0,0.0,0.0,0.0,0.0
ckb1qzda0cr08m85hc8jlnfp3zer7xulejywt49kt2rr0vthywaa50xwsqgxe3ru50ecjjruz4tymv759ztsdff7lxq74umg9,-0.2853631105967866,-0.17154183575717002,0.44326257175607364,-0.7987688989359296,2.4830054651046183,1.5773448108395176,0.07037028045342504,0.0743556090276626,1.0738237369251948,-0.08285753277898908,-0.34344182247565935,-0.22183478588400962,-0.3864578369833853,-0.26722877375868753,-0.03758845113681559,0.1289979516953859,-0.3115148479085497,0.4488906478268604,0.5834001602201085,-0.0954397553257106,0.44825304686716244,0.3913543919102555,0.9253815485589791,1.0,1.0,0.0,-0.59910555918566,-0.6085402458823421,0.14907390512560376,0.0,0.0,0.0,0.0,0.0
ckb1qzda0cr08m85hc8jlnfp3zer7xulejywt49kt2rr0vthywaa50xwsq0e79jhf82c52wjwz95sv4lms78akfvdesz5vfwc,-0.7125380680447665,-0.21955603082058978,-0.5155252651719147,-0.7991213721457926,0.0,0.0,0.0,0.0,0.0,-0.9842553456576908,-0.5647703626466023,-0.7216417873835473,-0.6271984102809498,-0.79615091801856,-0.47134365673404427,-0.5285517561649835,-0.0037268806051503145,0.16948792714546448,0.38192160453648594,-0.8948766405425305,0.5513294071690911,0.7279230463338346,-0.5453374138143248,0.0,0.0,0.0,0.0,0.0,-0.22997905747716751,0.0,0.0,0.0,0.0,0.0
ckb1qzda0cr08m85hc8jlnfp3zer7xulejywt49kt2rr0vthywaa50xwsqfhncpyvtj7w4euhnwwnndksez0kl7kljgjp39t5,-0.7900833507669089,-0.22151054699761152,-0.5928812165553505,0.0,0.0,0.0,0.0,0.0,-0.3992070570723769,-1.5379389945779218,-0.7044131239549859,-0.7216417873835473,-0.7790888008662336,-0.79615091801856,-2.2434195516864803,-0.5285517568034329,0.44377894037468196,0.0,0.0,0.0,0.5513294066028462,0.7279230456846525,-0.5453374138143248,-1.7095112913514543,0.0,0.0,0.0,0.0,-0.22997905797972967,0.0,0.0,0.0,0.0,0.0
ckb1qzda0cr08m85hc8jlnfp3zer7xulejywt49kt2rr0vthywaa50xwsqd7qx7ag4lw5wlu0ewhgryjrug54tauj4glm5p09,-0.7125380680447665,-0.21955603082058978,-0.5926678831619425,0.4941285122797516,0.0,0.0,0.0,0.0,0.0,-1.5379389945779218,-0.5647703626466023,-0.7216417873835473,-0.5383482275686691,-0.7083421540315403,-0.296940667454709,-1.7183176192409928,-0.49516058881521796,0.2692200971843706,0.4772635386304462,0.03200215946223724,-0.6572170728485762,-0.6576379607037179,-0.5453374138143248,1.0,0.5849625007211564,0.0,-0.10870683085034392,-1.0000000000002138,-0.023294256966619024,0.0,0.0,0.0,0.0,0.0
ckb1qzda0cr08m85hc8jlnfp3zer7xulejywt49kt2rr0vthywaa50xwsqv07sjyn42umzcrg5tr9zvx4mne3ay649s9mszdr,-0.7900833507669089,-0.22151054699761152,-0.5928812165553505,0.0,0.0,0.0,0.0,0.0,-0.3992070570723769,-1.5379389945779218,-0.5647703626466023,-0.8634888749990689,-0.5383482275686691,-0.9462609915339848,-0.296940667454709,-3.2175038145104105,-0.4952853424717003,0.2692200971843706,0.4772635386304462,0.03200215946223724,0.0,0.0,0.0,1.0,-1.0,0.0,-0.10870683085034392,0.0,-0.023294256966619024,0.0,0.0,0.0,0.0,0.0
ckb1qzda0cr08m85hc8jlnfp3zer7xulejywt49kt2rr0vthywaa50xwsq03vvfm7dufx0a80zj27h4f5qjvygtelpshfz360,-0.7125380680447665,-0.21955603082058978,-0.592569357267531,0.4941285122797516,0.0,0.0,0.0,0.0,0.0,-1.5379389945779218,-0.5647703626466023,-0.7216417873835473,-0.5383482275686691,-0.79615091801856,-0.296940667454709,-0.26646629984763104,-0.30408304361783256,0.2692200971843706,0.4772635386304462,0.03200215946223724,0.783774637030723,0.994414283612065,-0.5453374138143248,1.0,0.0,0.0,-0.10870683085034392,0.0,-0.023294256966619024,0.0,0.0,0.0,0.0,0.0
ckb1qzda0cr08m85hc8jlnfp3zer7xulejywt49kt2rr0vthywaa50xwsqwj5mah4ck3m7dkusnwpgyhmzf6zaaahpqzjwzns,-0.7900833507669089,-0.22151054699761152,-0.5928812165553505,0.0,0.0,0.0,0.0,0.0,-0.3992070570723769,-1.5379389945779218,-0.7044131239549859,-0.7216417873835473,-0.7790888008662336,-0.646040844503135,-2.2434195516864803,-1.190314839720949,0.33364455465275195,0.0,0.0,0.0,-0.279369659098593,-0.2244476351696033,-0.5453374138143248,-1.7095112913514543,1.0,0.0,0.0,-1.3333333333336186,-0.9672536355329558,0.0,0.0,0.0,0.0,0.0
ckb1qzda0cr08m85hc8jlnfp3zer7xulejywt49kt2rr0vthywaa50xwsqdtr9km5rjdrntcf4a5jh7u55rl8rurp2snsf7v6,-0.7900833507669089,-0.22151054699761152,-0.5928812165553505,0.0,0.0,0.0,0.0,0.0,-0.3992070570723769,-1.5379389945779218,-0.7044131239549859,-0.7216417873835473,-0.7790888008662336,-0.646040844503135,-2.2434195516864803,0.009031780450217021,0.5332466580186301,0.0,0.0,0.0,0.7842044796401827,0.994907084814731,-0.5453374138143248,-1.7095112913514543,1.0,0.0,0.0,-1.3333333333336186,-0.023294256966619024,0.0,0.0,0.0,0.0,0.0
ckb1qrgqep8saj8agswr30pls73hra28ry8jlnlc3ejzh3dl2ju7xxpjxqgqq94q52uky0frd8sge5jnfwnm89zclmrg35ltra3y,-0.1946229274546533,-0.13978954167054303,-0.3233439118536456,-0.5818694974303937,1.1008252113421297,-1.6050867054222915,0.6560965778577778,0.5258198542562619,1.087624155836732,-0.2985773911079398,-0.5647703626466023,-0.3093078223795301,-0.6271984102809498,-0.3458206974722854,-1.415707985164059,-0.39072968743691494,0.4666380782107763,-1.3988196238282906,-1.1173486420215615,-0.8948766405425305,0.07236618231172609,0.20293383840746376,0.15383427358737572,0.0,1.0,0.0,0.0,-0.014921546472186879,-0.49293006641739834,0.0,0.0,0.0,0.0,0.0
ckb1qzda0cr08m85hc8jlnfp3zer7xulejywt49kt2rr0vthywaa50xwsqfu77q0whtmthcu45dm9l326da8rasmh6g8t7pw9,-0.5024282489180808,-0.207884714081511,0.4641103301601357,-0.8311927125832308,3.4784403496731806,2.205802465319012,-0.7607809021062203,-1.4665014740963953,0.561141033338641,-0.8188174726145583,-0.7044131239549859,-0.41384424558484884,-0.7790888008662336,-0.470423316529096,-2.2434195516864803,0.30948333250189625,0.5832495185265449,0.0,0.0,0.0,0.8329146640464382,1.0480973809412506,0.14619163602566718,-1.7095112913514543,0.0,0.0,0.0,0.0,0.14771744505187648,0.0,0.0,0.0,0.0,0.0
ckb1qzda0cr08m85hc8jlnfp3zer7xulejywt49kt2rr0vthywaa50xwsqdvt7epf6qmf9rk9pvdjkptedqx23y7r6czf3svw,-0.7125380680447665,-0.21955603082058978,-0.51463330972074,-0.7996316390135104,0.0,0.0,0.0,0.0,0.0,-0.9842553456576908,-0.5647703626466023,-0.7216417873835473,-0.6271984102809498,-0.79615091801856,0.08775959882443547,0.319832815156391,-0.0037170067381892533,1.0979917164871373,1.269552416689393,-0.8948766405425305,1.303766987883494,1.5905693651186177,-0.5453374138143248,0.0,0.0,0.0,0.0,0.0,0.4378357052467457,0.0,0.0,0.0,0.0,0.0
ckb1qzda0cr08m85hc8jlnfp3zer7xulejywt49kt2rr0vthywaa50xwsqdtejzc329up3s665cxswczse77neqxr2c6uk0jz,0.2236984302091057,0.40122115429259664,0.4506845770461102,-0.29873655614673694,0.4476679130777522,-1.2195546600270126,1.1404343732272557,0.7618375935506061,1.3075873276003374,-0.0224561485127167,0.34945605772666516,0.23556971499860505,0.3672119463520137,0.22375934717362347,1.0550633008496886,1.7681381778984198,-0.7287328231414056,1.272699160114667,1.3300013819351135,0.2037941583526679,1.3897862117707418,1.5990396505764413,0.4749200886420872,0.0,3.523561956057013,0.0,0.0,-1.5833281135638522,1.0247497656475715,0.0,0.0,0.0,0.0,0.0
ckb1qzda0cr08m85hc8jlnfp3zer7xulejywt49kt2rr0vthywaa50xwsqte8ruahspqmzkwmeuae4v5yymsg8r9r7spk8h0y,-0.46404993842358006,-0.204015352150555,-0.39333878596420213,-0.7578341455589707,2.0448385184718445,-1.2830772220243796,0.795006553895199,0.602629811665412,0.4478816130068024,-1.0003395265189934,-0.34344182247565935,-0.4968194726764373,-0.3864578369833853,-0.4476061209974876,-0.11823542287558843,0.22654837700962793,0.5470081829780788,0.31496115343223124,-0.6219536483858528,0.2890196408143783,0.733209820305089,1.0406708224296675,0.42252364871527615,0.0,1.8073549220576042,0.0,0.0,-1.4184887176827383,0.08951954601715209,0.0,0.0,0.0,0.0,0.0
ckb1qzda0cr08m85hc8jlnfp3zer7xulejywt49kt2rr0vthywaa50xwsqwe92am9fu642zn6fjv7xp9u27e9afey2ce26d2t,-0.7125380680447665,-0.21955603082058978,-0.592865020284123,0.4941285122797516,0.0,0.0,0.0,0.0,0.0,-1.5379389945779218,-0.5647703626466023,-0.7216417873835473,-0.5383482275686691,-0.79615091801856,-0.20350252434461621,-2.1350310338770497,-0.5188684815917007,0.4243921005991009,0.6256048302821128,0.04349347166990115,-0.873467108527557,-0.9055619108052441,-0.5453374138143248,1.0,0.0,0.0,-0.028375119484496447,0.0,0.08951954601715209,0.0,0.0,0.0,0.0,0.0
ckb1qzda0cr08m85hc8jlnfp3zer7xulejywt49kt2rr0vthywaa50xwsqt84rvxyppu7c7zfv6xq50zgv034hdjxmguxeszx,-0.7900833507669089,-0.22151054699761152,-0.5928812165553505,0.0,0.0,0.0,0.0,0.0,-0.3992070570723769,-1.5379389945779218,-0.7044131239549859,-0.7216417873835473,-0.7790888008662336,-0.7083421540315403,-2.2434195516864803,-1.4876186460353051,0.28416555993931536,0.0,0.0,0.0,-0.45294319638199904,-0.423444305210751,-0.5453374138143248,-1.7095112913514543,0.5849625007211564,0.0,0.0,-1.0000000000002138,-1.1213062421372304,0.0,0.0,0.0,0.0,0.0
ckb1qzda0cr08m85hc8jlnfp3zer7xulejywt49kt2rr0vthywaa50xwsqw9qsdmw4sh8288hp9rg6rzv0zjnlq2ujs3mez8t,-0.7125380680447665,-0.21955603082058978,-0.3936918100636137,-0.8268073707769733,0.0,0.0,0.0,0.0,0.0,-0.9842553456576908,-0.5647703626466023,-0.7216417873835473,-0.5383482275686691,-0.646040844503135,-1.3908982820201017,-1.6498238606130782,0.240317991220698,-1.5459627473511357,-1.2580144871527943,-0.7571930723813095,-0.6862011249038777,-0.6908672762639977,-0.5453374138143248,1.0,1.0,0.0,-3.257442198038488,-1.3333333333336186,-1.328330840830734,0.0,0.0,0.0,0.0,0.0
ckb1qrgqep8saj8agswr30pls73hra28ry8jlnlc3ejzh3dl2ju7xxpjxqgqq84zvv7khuuad70n45llzf9p6zahk9680sw2qed8,0.28654397485323224,0.5861121863091148,0.4815736140111298,-0.15368134261317146,0.22286525662238735,0.5209000265364087,0.47409526159329135,0.4107853664649581,1.2482450284208706,0.01404331087734529,0.41507612221749807,0.2720856518474057,0.43943177967346697,0.2778593543207445,-0.5329754161799285,-0.5770763651623249,0.3605222119655481,-1.4530540317211285,-1.3421708012523856,4.762469692842126,-0.7442408787448267,-0.947640654607386,5.14431553041526,4.616432189776136,3.4594316186372978,0.5,-3.915500798158481,-1.3241430013250661,-0.4979919548671667,0.0,0.0,0.0,0.0,0.0
ckb1qrgqep8saj8agswr30pls73hra28ry8jlnlc3ejzh3dl2ju7xxpjxqgqq8hrnm86uy32m0wv24eqwyvl4crudtnc3yu82y8n,0.26780015278637387,0.5270991469309771,0.4815736140111298,-0.2040363588208957,0.29637888975215787,0.5314573331961613,0.384775716937265,0.3472190909015668,1.252542319387401,0.013835456303328457,0.4055188241565702,0.27128782592510375,0.4281918024544337,0.2645402498276051,-0.645486275267067,-0.6753548352452023,0.3784294257403997,-1.6238647158359207,-1.3421708012523856,-0.6031007192607335,-0.8170598098190204,-0.947640654607386,3.671470949383747,2.7095112913514536,2.584962500721156,0.45454545454545453,-0.6758488390748888,-1.044695775077071,-0.6205246781718154,0.0,0.0,0.0,0.0,0.0
ckb1qzda0cr08m85hc8jlnfp3zer7xulejywt49kt2rr0vthywaa50xwsq270spcwvhxfszfmq9sh25v9sum044spls2uf332,-0.05578733090123151,-0.053764900100708904,0.4815643638751915,-0.6998153104627723,1.5739869528238462,-0.9517078643669968,0.2350838827826116,0.2279828367249223,1.2032792899239537,-0.09179145241902756,0.07124500122604238,-0.07558662348695169,0.06459986935574552,-0.09477280643988464,0.5006923162933361,0.9474754595297179,0.46158740198372583,0.7348192523191658,0.720310604497593,0.2583250991922049,0.991886354123505,0.9590561788178829,0.810975469377267,0.0,2.8073549220576037,0.0,0.0,-0.9804834792146244,0.5123039077207794,0.0,0.0,0.0,0.0,0.0
ckb1qrgqep8saj8agswr30pls73hra28ry8jlnlc3ejzh3dl2ju7xxpjxqgqq92dx9xep8pwxacajpvvlcj4j7tlk9uhng4j74ms,0.1713628799831148,0.2742857862016712,0.48156840867633055,-0.4197835568007744,0.6751289237468637,0.04025446665159228,0.47828648319002925,0.41364403371739583,1.2720803336557476,-0.005207867977621005,0.21512922275787458,0.12944073830958214,0.2211037253577497,0.21982172853965054,0.44451501399036947,1.019943608890096,0.6700033159361793,0.4428344590106527,-0.6219536175271178,1.526659366931564,0.7302650407867645,0.01594084239097363,2.2219173220563646,8.388384878619025,4.930737337562887,0.5256410256410257,-0.5367942424412497,-0.13511707623921335,0.5123039077207794,0.0,0.0,0.0,0.0,0.0
ckb1qzda0cr08m85hc8jlnfp3zer7xulejywt49kt2rr0vthywaa50xwsqwjhry2dvdzmftxqrsrwf04mjw3ah8hhjqh9zh7y,0.02107123582540159,0.024085695822026163,0.46897707926394566,-0.6310530832499657,1.2594600154802036,-0.6439902952764913,-0.20426413526570555,-0.2537121922629502,1.373325412560427,0.0020434933378401725,0.15149688137178882,0.005932070125852291,0.15189039058528386,-0.026193867263530776,-0.519112629200144,-0.6009827079720774,0.08513262478083046,-1.0693208724367538,-0.8025077791496529,-0.8921416967828356,-0.4525244191403879,-0.4231157914311893,-0.5423565818439111,0.0,0.0,0.0,0.0,0.0,-1.1195180541214818,0.0,0.0,0.0,0.0,0.0
ckb1qqcz6dvc97r9a097mwdfxc8yq5cw6v4dhrsskshmhecdsvf07l8d7qfg6grazjdwmf9uzf8deshhr9wsn85w2l66e8d9g7gpz0gveu28zv6pk3z4,-0.6148425657080245,-0.215654996037962,-0.5877811831191811,0.09181975031388795,0.12574749960855683,0.01714026159592074,-0.2803996856820865,-0.36609055057010065,0.3992070570723769,-0.9842553456576908,-0.48308458378404284,-0.6386665602919588,-0.5383482275686691,-0.7083421540315403,-1.4165843334391695,-1.55038253588849,0.26487931523769287,-1.5883582389128013,-1.2985437182000734,-0.7988685060485183,-0.5085458585041539,-0.4871910305521011,0.015699099951823985,0.0,0.5849625007211564,0.5,0.0,-0.7104864384813441,-1.08599749783939,0.0,0.0,0.0,0.0,0.0
ckb1qzda0cr08m85hc8jlnfp3zer7xulejywt49kt2rr0vthywaa50xwsqt6tazknn3shl6jeynqghajfkmx0uxcsyg49hx74,-0.7900833507669089,-0.22151054699761152,-0.5928812165553505,0.0,0.0,0.0,0.0,0.0,-0.3992070570723769,-1.5379389945779218,-0.5647703626466023,-0.7216417873835473,-0.6271984102809498,-0.79615091801856,-1.3693613634740862,-0.16196665893114476,0.5047466535855278,-1.3218517052291763,-1.043768871125537,-0.8948766405425305,0.8764560219293875,1.1006706131095878,-0.5453374138143248,0.0,0.0,0.0,0.0,0.0,0.05858222475600788,0.0,0.0,0.0,0.0,0.0
ckb1qzda0cr08m85hc8jlnfp3zer7xulejywt49kt2rr0vthywaa50xwsq05k3xttu6lzuy260j06mql7tqpgwcznlcvx836h,-0.7900833507669089,-0.22151054699761152,-0.5928812165553505,0.0,0.0,0.0,0.0,0.0,-0.3992070570723769,-1.5379389945779218,-0.5647703626466023,-0.8634888749990689,-0.5383482275686691,-0.9462609915339848,-0.2295923279440306,-3.2175038145104105,-0.5122931382146918,0.38106491667299236,0.5841849202094809,0.04564568321827584,0.0,0.0,0.0,1.0,-1.0,0.0,-0.013219716979845825,0.0,0.05858222475600788,0.0,0.0,0.0,0.0,0.0
ckb1qzfhdsa4syv599s2s3nfrctwga70g0tu07n9gpnun9ydlngf5vsnwqg96cy3mxvy66tmahlt4v9ewah9nj9qs329qhtqj8vesntf00klaw4sh9mkukwg5zz9g5zvla9n,-0.6575188143623656,-0.21760418292586775,-0.5928755333537502,0.844718271120931,-4.647805262468432,-1.8370505859413147,-0.9230653022668621,-2.120638797641155,-0.3992070570723769,-1.5379389945779218,-0.5647703626466023,-0.6386665602919588,-0.5383482275686691,-0.7083421540315403,-0.58013018625636,-1.6663532743955167,-0.4229076607866685,-0.20106385215999464,0.02768161048884148,-0.6370147157359128,-0.6112336516941703,-0.6049193963992658,-0.5453373232489058,1.0,0.5849625007211564,0.3333333333333333,-3.0792850298452237,-1.0000000000002063,-0.4488377852744849,0.0,0.0,0.0,0.0,0.0
ckb1qzda0cr08m85hc8jlnfp3zer7xulejywt49kt2rr0vthywaa50xwsqtfs070fqhspjhhzf0l5d2hrpd5hjvzmkgh8p6j2,0.04313808049265277,0.051816607524655826,0.4456337126904535,-0.6023041340386225,1.1554408634344173,0.7895005490333241,-0.07165496477443689,-0.08204803178934726,1.3654521993983095,0.014033299279399272,0.17329779782077906,0.030684065096646816,0.1756033971423625,0.0,0.025444095116534223,-0.5698548905418708,-0.5749225468832988,-0.19554417853528497,-0.11447220611752762,0.29384566549446167,-0.4521369681485943,-0.4230773626960697,-0.5392618095118644,1.0,0.0,0.0,-2.392530733758521,0.0,-0.07546740831606034,0.0,0.0,0.0,0.0,0.0
ckb1qzfhdsa4syv599s2s3nfrctwga70g0tu07n9gpnun9ydlngf5vsnwqg94vapl8vqp48yyrzf9kvvqd6ddjvnlzgqqk4n58uasqx5ussvfyke3sphf4kfj0ufqqg0acwp,-0.46404993842358006,-0.204015352150555,0.21283076286647623,-0.8226166022002388,3.0877933847941272,1.7924460215948619,-0.28093662083421184,-0.36692391599125274,0.5774287940198135,-0.5155957207105937,-0.34344182247565935,-0.46527375540209814,-0.3864578369833853,-0.4269654569387549,-1.0861706199983954,-1.28318676174881,0.29012915073632894,-1.2915105158591818,-1.0223759553850604,-0.8467410024714929,-0.6282986824425619,-0.6333521187980724,-0.4905605789564333,2.7095112913514536,2.1699250014423126,0.4444444444444444,-5.322108922109911,-1.7160003820511227,-1.2617944913139902,0.0,0.0,0.0,0.0,0.0
ckb1qzda0cr08m85hc8jlnfp3zer7xulejywt49kt2rr0vthywaa50xwsqvkt2ql6y7gdn7dsh0txtwkluf8n57tadgdmaj8h,-0.43210081144311946,-0.20015643385424223,-0.5233122924314082,-0.5685479426300948,1.107487806496082,-1.2611925749100994,-0.10073173858429697,-0.11735243227482706,0.6992627249950305,-0.29124874116341054,-0.3123863306661803,-0.46527375540209814,-0.35267856524338526,-0.524848737800028,-0.06603494237658755,0.086464623230958,-0.003702323129752726,0.3516997756551884,0.4962275942747473,-0.2779222347132858,0.6989895932461617,0.8390116202945288,0.13727860309538525,0.0,1.0,0.0,0.0,-1.2746193935463603,0.0679598290510235,0.0,0.0,0.0,0.0,0.0
ckb1qzfhdsa4syv599s2s3nfrctwga70g0tu07n9gpnun9ydlngf5vsnwqg92falqnnya92lpxwtsy25nuns2hsundmxq4f8huzwvn54tuyeewq32j0jwp27rjdhvcdctkl6,-0.6148425657080245,-0.215654996037962,-0.5923215491977483,1.1166568148594387,-1.5253898248849012,-0.19184768211603725,-0.6398236575562247,-1.1012352128996121,0.3992070570723769,-1.5379389945779218,-0.5647703626466023,-0.6386665602919588,-0.5383482275686691,-0.5977161945129125,-0.5819939848130449,-1.5188733827221008,-0.4217121136499602,-0.20415893564289858,0.024722773382146474,-0.617183813964054,-0.6340246927038545,-0.6310485979967106,-0.5453372774859708,1.0,1.3219280948873622,0.5,-3.0394810094917464,-1.5000000000003122,-0.4478350538355715,0.0,0.0,0.0,0.0,0.0
ckb1qzda0cr08m85hc8jlnfp3zer7xulejywt49kt2rr0vthywaa50xwsqtgcug2zyn96tlrk38uespknjpm9kje90cuwuc97,-0.2033176155560558,-0.14348871154999882,0.44972868984359915,-0.7743970981108945,2.1472942437590037,-1.2447412669995452,0.9015593900061809,0.6561327009742924,1.1424608009223058,-0.47804174167538743,-0.08168577886255947,-0.23093148747479691,-0.10174399052305028,-0.27685538342333005,-0.01777133162198547,0.1597001555371441,0.01662303884919339,0.08863732567292958,0.24489006527101498,-0.05843424250181539,0.48581017871472004,0.5947488655718006,0.3801255959285016,0.0,1.584962500721156,0.0,0.0,-1.2875550403938822,-0.036424184249674856,0.0,0.0,0.0,0.0,0.0
ckb1qzda0cr08m85hc8jlnfp3zer7xulejywt49kt2rr0vthywaa50xwsqv6ee355xxhkrz8rhplvqwjcxl3ru5pcssulyfzy,-0.7900833507669089,-0.22151054699761152,-0.5928812165553505,0.0,0.0,0.0,0.0,0.0,-0.3992070570723769,-1.5379389945779218,-0.5647703626466023,-0.8634888749990689,-0.6271984102809498,-0.9462609915339848,-0.29862383476554805,-3.2175038145104105,-0.494860284244103,0.45632404837673096,0.6561311254516546,-0.8948766405425305,0.0,0.0,0.0,0.0,-1.0,0.0,0.0,0.0,-0.02367575736957915,0.0,0.0,0.0,0.0,0.0
ckb1qzda0cr08m85hc8jlnfp3zer7xulejywt49kt2rr0vthywaa50xwsq2qq5zmvacvrht6g5w35hgdg4mhcxcu5hgu2f8qe,-0.7900833507669089,-0.22151054699761152,-0.5928812165553505,0.0,0.0,0.0,0.0,0.0,-0.3992070570723769,-1.5379389945779218,-0.7044131239549859,-0.7216417873835473,-0.7790888008662336,-0.79615091801856,-2.2434195516864803,-0.4317201362038469,0.4598942108218907,0.0,0.0,0.0,0.6372099763391947,0.8263824518029131,-0.5453374138143248,-1.7095112913514543,0.0,0.0,0.0,0.0,-0.15375703801280985,0.0,0.0,0.0,0.0,0.0
ckb1qzda0cr08m85hc8jlnfp3zer7xulejywt49kt2rr0vthywaa50xwsqghntjqmjfan28zcakl06kt5v5x6upxtdgnsclpd,-0.6575188143623656,-0.21760418292586775,0.3623897767156279,-0.8390878610187217,4.3389710813082765,2.718544997195786,-0.639539105569697,-1.1004681574324104,0.23352115841059087,-0.6603711737768978,-0.4251276013382189,-0.6386665602919588,-0.4264102356228483,-0.7083421540315403,0.005154129150958456,-1.0353262778273418,-0.5712674014236815,0.5810071555560552,0.7813771593008855,-0.24570242615271795,-0.05198722928621263,0.036239259081151276,-0.5453372918929263,2.2598510045646623,0.0,0.25,-4.203013591033817,0.0,0.19761367697499282,0.0,0.0,0.0,0.0,0.0
ckb1qzda0cr08m85hc8jlnfp3zer7xulejywt49kt2rr0vthywaa50xwsqdcr3ezl9ktveg4fpuujzgrnel0nnjvjxc2gf480,-0.7125380680447665,-0.21955603082058978,0.21143264407276588,-0.8402580287809719,0.0,0.0,0.0,0.0,0.0,-0.9842553456576908,-0.5647703626466023,-0.7216417873835473,-0.5383482275686691,-0.7083421540315403,-0.11309757929724612,0.02971613526902995,0.41726905633840916,0.5745272637099167,0.7691310046440395,0.044552605817877074,0.8925697118478928,1.1191444581786236,-0.5453374138143248,1.0,0.5849625007211564,0.0,-0.020921267636492952,-1.0000000000002138,0.19761367697499282,0.0,0.0,0.0,0.0,0.0
ckb1qzda0cr08m85hc8jlnfp3zer7xulejywt49kt2rr0vthywaa50xwsq0l05nyuesryj4upnexyk2wzw0upsn8m7q7c6g0e,-0.7125380680447665,-0.21955603082058978,-0.5923341956013095,0.4941285122797516,0.0,0.0,0.0,0.0,0.0,-1.5379389945779218,-0.5647703626466023,-0.6386665602919588,-0.6271984102809498,-0.646040844503135,-0.11335742559776786,-0.1763839725393846,-0.5154952542613218,0.7639963096984433,0.9502595741761836,-0.8948766405425305,0.6197593195096858,-0.3617790651777818,0.9142956843431063,0.0,1.0,0.0,0.0,-0.02691338302935507,0.19761367697499282,0.0,0.0,0.0,0.0,0.0
ckb1qzda0cr08m85hc8jlnfp3zer7xulejywt49kt2rr0vthywaa50xwsqd5z95kzr62mkc2vnadeyv6hpqmwlxv2xgakd68v,-0.7900833507669089,-0.22151054699761152,-0.5928812165553505,0.0,0.0,0.0,0.0,0.0,-0.3992070570723769,-1.5379389945779218,-0.7044131239549859,-0.7216417873835473,-0.7790888008662336,-0.646040844503135,-2.2434195516864803,0.2896716560920982,0.579952346369562,0.0,0.0,0.0,1.033104984171799,1.2802637834714012,-0.5453374138143248,-1.7095112913514543,1.0,0.0,0.0,-1.3333333333336186,0.19761367697499282,0.0,0.0,0.0,0.0,0.0
ckb1qzda0cr08m85hc8jlnfp3zer7xulejywt49kt2rr0vthywaa50xwsq2xg8c6fulfw65ay5aqq99atj30ev84unssl4ska,0.1106152386954662,0.15465184657090914,-0.2116773630750121,-0.09180885660882,0.1399991135875958,-0.10276845314731438,2.89256481003336,1.2060257809187536,1.3002798584226254,-0.028008396172582252,0.2087330690621858,0.13261354744399692,0.21414658505216516,0.10952665229188191,0.9471555430535654,1.1759703755331943,-0.8018465315688078,1.2863596564609523,1.215386481330756,1.3796768882465684,0.9823987460179565,1.2012420661668894,-0.052302261377258664,2.2598510045646623,2.584962500721156,0.0,-3.881801213592938,-1.341314567339115,1.0478309326947497,0.0,0.0,0.0,0.0,0.0
ckb1qzda0cr08m85hc8jlnfp3zer7xulejywt49kt2rr0vthywaa50xwsqfylyx957e0g3kyjua0fed5gzzj4s2s9qsxafn7t,-0.3229839935695253,-0.18101654479082935,0.46442309398154324,-0.8078890291543893,2.657708694148553,1.3825172268720267,0.0,0.0,0.9455309079040045,-0.2455253837266061,-0.18767350365854743,-0.32342666778657664,-0.10174399052305028,-0.26722877375868753,0.07672196500697503,0.19876766115511377,-0.5448007908670879,0.24555920960339253,-0.01912057836947768,2.137711967061695,0.5101304649999614,-0.46204061097841115,4.19382634509799,4.204426122367243,2.700439718141092,0.375,-2.846434238478861,-0.031072466844937568,0.36141992032440323,0.0,0.0,0.0,0.0,0.0
ckb1qzda0cr08m85hc8jlnfp3zer7xulejywt49kt2rr0vthywaa50xwsq0muw495z9pexgx7eftmgehycxjvtc89nsvmddpk,-0.7900833507669089,-0.22151054699761152,-0.5928812165553505,0.0,0.0,0.0,0.0,0.0,-0.3992070570723769,-1.5379389945779218,-0.7044131239549859,-0.7216417873835473,-0.7790888008662336,-0.79615091801856,-2.2434195516864803,0.09221146949887546,0.5470898961719695,0.0,0.0,0.0,1.1018881932482494,1.35912159656424,-0.5453374138143248,-1.7095112913514543,0.0,0.0,0.0,0.0,0.2586611892552362,0.0,0.0,0.0,0.0,0.0
ckb1qzda0cr08m85hc8jlnfp3zer7xulejywt49kt2rr0vthywaa50xwsqd6jpr7mncc8n3y4jv4z5k8fq7l77s42kq76f87n,-0.359523345671699,-0.1886417807899271,-0.15851225797038515,-0.7724379788738628,2.150859179150679,-1.2005456618827326,1.2965521610162565,0.822020345044227,0.4834292136379546,-0.49088937771438546,-0.28548484002983543,-0.3549723850609157,-0.3234176291103823,-0.2974960474820628,0.18746052140950917,0.6454495828558234,0.6104208705795603,0.7304456696081026,0.7653339292810574,0.4014164993102514,0.9388394137434719,1.0783379024813928,1.2315018583164206,0.0,3.247927513443585,0.0,0.0,-1.5890524591181554,0.46113544146193175,0.0,0.0,0.0,0.0,0.0
ckb1qzda0cr08m85hc8jlnfp3zer7xulejywt49kt2rr0vthywaa50xwsq0z6aytm8n2hmlggs88jguhuekkk9zq8hgaew60w,-0.7125380680447665,-0.21955603082058978,-0.5928732464197729,0.4941285122797516,0.0,0.0,0.0,0.0,-0.3992070570723769,-1.5379389945779218,-0.5647703626466023,-0.7216417873835473,-0.6271984102809498,-0.79615091801856,-0.43538602385409003,-0.47398956055786273,-0.0037219679513433813,0.22920283320775292,0.4390078449742176,-0.8948766405425305,0.5997209595957749,0.7834024583556597,-0.5453374138143248,0.0,0.0,0.0,0.0,0.0,-0.18702985620124957,0.0,0.0,0.0,0.0,0.0
ckb1qzda0cr08m85hc8jlnfp3zer7xulejywt49kt2rr0vthywaa50xwsqt94xsmh5kjp24djx4y5mpeq0usqthda4cvxxmuk,-0.6575188143623656,-0.21760418292586775,-0.5227647082772086,-0.7701597755839746,2.387241007309339,1.7291698793046437,-0.42755968631683594,-0.6194580505232256,-0.032616879637660405,-1.029493606390385,-0.48308458378404284,-0.7216417873835473,-0.4753080196956661,-0.79615091801856,0.2688943491695751,-1.7880174198957755,-0.6381752922088529,1.0978162999760277,0.8802475274808106,0.2901553096590296,-0.5656985646320047,-0.5527148332082212,-0.5453374138143248,1.0,0.0,0.0,-0.9292104682207226,0.0,0.6387232189926573,0.0,0.0,0.0,0.0,0.0
ckb1qzda0cr08m85hc8jlnfp3zer7xulejywt49kt2rr0vthywaa50xwsqwtjgqcuyekuh50hv2gp447rx6mwzxvlwgm4j8vz,-0.7125380680447665,-0.21955603082058978,-0.5227690261450911,-0.7945062415793008,0.0,0.0,0.0,0.0,0.0,-0.9842553456576908,-0.5647703626466023,-0.6386665602919588,-0.6271984102809498,-0.7083421540315403,-0.1574567996841107,0.7585607387888889,0.656321448029123,0.6907603992656477,0.8802475274808106,-0.8948766405425305,1.5389860596008103,1.8602407259406841,-0.5044746675741337,0.0,0.5849625007211564,0.0,0.0,-0.998464174907859,0.654175690129001,0.0,0.0,0.0,0.0,0.0
ckb1qzda0cr08m85hc8jlnfp3zer7xulejywt49kt2rr0vthywaa50xwsqwwnl2x4ccmqrpvp3zz9lwxj8ukxqjc46cksfx9f,-0.7125380680447665,-0.21955603082058978,-0.1963189800834248,-0.8356888947157423,0.0,0.0,0.0,0.0,0.0,-0.9842553456576908,-0.5647703626466023,-0.6386665602919588,-0.6271984102809498,-0.5977161945129125,-1.0120284068820857,0.18878935356193657,0.5630733876000915,-0.7284282168953068,-0.4764680383805535,-0.8948766405425305,0.8797615528957899,1.1044603017068648,-0.5453374138143248,0.0,1.3219280948873622,0.0,0.0,-1.5000000000003209,0.06151599950966739,0.0,0.0,0.0,0.0,0.0
ckb1qzda0cr08m85hc8jlnfp3zer7xulejywt49kt2rr0vthywaa50xwsqfzzknutrncp6fupm6596sgyh5r0946rpsu6mkpk,-0.7125380680447665,-0.21955603082058978,-0.5149825450190847,-0.7994332162073235,0.0,0.0,0.0,0.0,0.0,-0.9842553456576908,-0.5647703626466023,-0.7216417873835473,-0.5383482275686691,-0.646040844503135,-0.2258893298046679,-1.0740690017968517,-0.5121501331356059,0.3872144620163087,0.590063760974718,0.031468800396251495,-0.17632063706906684,-0.10630513167616885,-0.5453374138143248,1.0,1.0,0.0,-0.11241131937244293,-1.3333333333336186,0.06151599950966739,0.0,0.0,0.0,0.0,0.0
ckb1qzda0cr08m85hc8jlnfp3zer7xulejywt49kt2rr0vthywaa50xwsqvu4vva27ejspmqt30kg7zld29xznhxvwc5zpfpf,-0.7900833507669089,-0.22151054699761152,-0.5928812165553505,0.0,0.0,0.0,0.0,0.0,-0.3992070570723769,-1.5379389945779218,-0.7044131239549859,-0.7216417873835473,-0.7790888008662336,-0.7083421540315403,-2.2434195516864803,-1.1755448525600487,0.3361026601365377,0.0,0.0,0.0,-0.1763206679781954,-0.10630516711252484,-0.5453374138143248,-1.7095112913514543,0.5849625007211564,0.0,0.0,-1.0000000000002138,-0.875794038992512,0.0,0.0,0.0,0.0,0.0
ckb1qzda0cr08m85hc8jlnfp3zer7xulejywt49kt2rr0vthywaa50xwsqfzgxljyv0d2hezcfypqscs5zy3kn7jhnqvv0xt6,-0.7125380680447665,-0.21955603082058978,-0.5795935840135532,-0.6004433982351374,0.0,0.0,0.0,0.0,-0.3992070570723769,-0.9842553456576908,-0.5647703626466023,-0.7216417873835473,-0.5383482275686691,-0.646040844503135,-0.20362776539770722,-0.846794490285058,-0.5164780895854809,0.4241841134426223,0.6254059987741085,0.012747572610871847,0.0251999218360934,0.12473193073894194,-0.5453374138143248,1.0,1.0,0.0,-0.24109014016185962,-1.3333333333336186,0.08612207635413563,0.0,0.0,0.0,0.0,0.0
ckb1qzda0cr08m85hc8jlnfp3zer7xulejywt49kt2rr0vthywaa50xwsq2h36kp26fly5n2huuc446dc3rzhunq2nsesxffv,-0.7900833507669089,-0.22151054699761152,-0.5928812165553505,0.0,0.0,0.0,0.0,0.0,-0.3992070570723769,-1.5379389945779218,-0.7044131239549859,-0.7216417873835473,-0.7790888008662336,-0.7083421540315403,-2.2434195516864803,-0.9482845936139722,0.37392460829914415,0.0,0.0,0.0,0.025199909365455984,0.12473191644174343,-0.5453374138143248,-1.7095112913514543,0.5849625007211564,0.0,0.0,-1.0000000000002138,-0.696937453420376,0.0,0.0,0.0,0.0,0.0
ckb1qqcz6dvc97r9a097mwdfxc8yq5cw6v4dhrsskshmhecdsvf07l8d7q034hj6qjn294z8gdh63kf30m565mcmkphjxtfee9fly023cx3l8v9w3h7z,-0.6148425657080245,-0.215654996037962,-0.5881283874836205,0.13865209578142673,0.07306069168006495,-1.3352345745084173,-0.15503900519326114,-0.18669766247440714,-0.07533910453984899,-1.0887475623382277,-0.48308458378404284,-0.6386665602919588,-0.5383482275686691,-0.7083421540315403,-1.3858121904748446,-1.771965180667337,0.20273393862817077,-1.5375633939005522,-1.2499848754156284,-0.790166014325377,-0.7046647982130783,-0.7120353043099973,-0.158793713071593,1.0,0.0,0.5,-3.2873965902023494,0.0,-1.2829120252924753,0.0,0.0,0.0,0.0,0.0
ckb1qqcz6dvc97r9a097mwdfxc8yq5cw6v4dhrsskshmhecdsvf07l8d7qd8fdu5vu3fwqfjkscg6umfxczuyh7dd29nwexznhftzvr0znpzygrdjjm7,-0.46404993842358006,-0.204015352150555,-0.29336782234571207,-0.786150968883023,2.3483261415495824,-0.9983781879373415,0.30680090790800996,0.2872544358668487,0.49758738260533825,-1.1382192127426563,-0.48308458378404284,-0.53413013708664,-0.5383482275686691,-0.5977161945129125,-1.1623895155525106,-1.4687939709938587,0.24382982387881005,-1.1676439976136757,-0.89634942672237,-0.22401699274238288,-0.589744987581856,-0.7291466529148942,0.42934386236999805,1.0,0.5849625007211564,0.3333333333333333,-1.6417653782274129,-0.2743484224966291,-1.0554492203528973,0.0,0.0,0.0,0.0,0.0
ckb1qzda0cr08m85hc8jlnfp3zer7xulejywt49kt2rr0vthywaa50xwsq2ne4yj30svjzvvdcmd96qhfvepdx6pfcs09q7zl,-0.7125380680447665,-0.21955603082058978,-0.5928702256189221,0.4941285122797516,0.0,0.0,0.0,0.0,-0.3992070570723769,-1.5379389945779218,-0.5647703626466023,-0.7216417873835473,-0.6271984102809498,-0.79615091801856,-0.7411604457043668,-0.9379723725715118,-0.0037268806051503145,-0.27859730308039143,-0.0464387978492708,-0.8948766405425305,0.18821170263126177,0.31161987496946625,-0.5453374138143248,0.0,0.0,0.0,0.0,0.0,-0.5522587653388414,0.0,0.0,0.0,0.0,0.0
ckb1qzda0cr08m85hc8jlnfp3zer7xulejywt49kt2rr0vthywaa50xwsqtuds5922cp4p8zmnerrmqkwvq3358xywcws26ya,-0.7125380680447665,-0.21955603082058978,-0.5928707717524093,0.4941285122797516,0.0,0.0,0.0,0.0,-0.3992070570723769,-1.5379389945779218,-0.5647703626466023,-0.7216417873835473,-0.6271984102809498,-0.79615091801856,-0.3817445332132124,-0.39259383972656153,-0.003731645941085561,0.31828535388855267,0.5241689300319213,-0.8948766405425305,0.6719113333167617,0.8661664799014471,-0.5453374138143248,0.0,0.0,0.0,0.0,0.0,-0.12295836571075792,0.0,0.0,0.0,0.0,0.0
ckb1qzda0cr08m85hc8jlnfp3zer7xulejywt49kt2rr0vthywaa50xwsqd9ec9tr57qedasftglxrgq9yl657ym3yqddeg6p,0.44922646297083557,1.2408933317416662,0.48047346223466036,0.40570799079911046,-0.4150745708646375,-0.2423585936655983,0.4519426607187044,0.39549673494920945,1.4164249003996778,0.013071295173906705,0.44333426390129127,0.5515561057579125,0.46932391599303297,0.5512142803222154,0.848613180274282,1.4748303722613885,0.5161917745584208,0.8016337676321924,0.7325790541923247,1.3171273647211117,0.7931655844243081,0.5281372873033662,3.2485614358025745,9.304773364341358,8.90689059560852,0.0,-4.140277507371289,-1.9250424576139766,0.8711353618794127,0.0,0.0,0.0,0.0,0.0
ckb1qzda0cr08m85hc8jlnfp3zer7xulejywt49kt2rr0vthywaa50xwsq0pv054z4htt9f4da6kwftf7jewrsagsxgn7hpwf,0.47549628741119826,1.3699182826229304,0.47980601884670826,0.516304009538244,-0.5183273353078344,0.07336270538548471,-0.2701452636133199,-0.3502894665375143,1.4250327139930243,0.01436333431013287,0.133443443895315,0.6237527167165603,0.1322535426454689,0.6276165439199155,0.04689834767772905,0.2430934453144272,-0.46289357858962493,-0.10494368187208898,-0.18048319886986453,1.2348794177020053,-0.37734898098694947,-0.3524908397088426,-0.2715401562331533,6.838045165405817,0.5849625007211564,0.0,-5.143809541158567,-0.20052624323732252,0.13240880659093435,0.0,0.0,0.0,0.0,0.0
ckb1qzda0cr08m85hc8jlnfp3zer7xulejywt49kt2rr0vthywaa50xwsqddm8ppq3gz8gz0d9ap6z8nc3r662npn2cuxk9f0,-0.12429548997969196,-0.10331490126692931,-0.4394139520056355,-0.2606183617798346,0.39454919241439057,-0.6366924434828427,0.5628654039332531,0.4691359802776641,1.2065507779458338,-0.004651899154324277,0.0,-0.14795626038320853,-0.012893807810769578,-0.18904661943631054,-0.023879373670770105,-0.15802310343322087,-0.5498773244907014,-0.036901379286417485,-0.022779283714868568,0.15052454417048186,0.11052998361862738,0.10543288619781752,0.8541662283243288,1.0,1.3219280948873622,0.2,-1.887883465353706,-0.741428516486226,-0.04680240580829595,0.0,0.0,0.0,0.0,0.0
ckb1qzda0cr08m85hc8jlnfp3zer7xulejywt49kt2rr0vthywaa50xwsq0ejdewpqqsdy22zke90ug9h9u0jvlqskcjysp8m,-0.7125380680447665,-0.21955603082058978,-0.5928773594875978,0.4941285122797516,0.0,0.0,0.0,0.0,-0.3992070570723769,-1.5379389945779218,-0.5647703626466023,-0.7216417873835473,-0.5383482275686691,-0.7083421540315403,-0.2788021810005627,-0.06287476809969642,0.4924023528529443,0.2993425001757233,0.5060599456436787,0.04673242003977713,0.8104504917603859,1.0249973226212712,-0.5453374138143248,1.0,0.5849625007211564,0.0,-0.0055539622696444985,-1.0000000000002138,0.0,0.0,0.0,0.0,0.0,0.0
ckb1qzda0cr08m85hc8jlnfp3zer7xulejywt49kt2rr0vthywaa50xwsqtz7rcay08zu2uym7crxxe8dv9aj3thjgs7f3wu2,-0.7900833507669089,-0.22151054699761152,-0.5928812165553505,0.0,0.0,0.0,0.0,0.0,-0.3992070570723769,-1.5379389945779218,-0.7044131239549859,-0.7216417873835473,-0.7790888008662336,-0.79615091801856,-2.2434195516864803,-0.23649336698578452,0.4923849629646606,0.0,0.0,0.0,0.8103578185875926,1.0248910757066974,-0.5453374138143248,-1.7095112913514543,0.0,0.0,0.0,0.0,-8.225069359378053e-05,0.0,0.0,0.0,0.0,0.0
ckb1qzda0cr08m85hc8jlnfp3zer7xulejywt49kt2rr0vthywaa50xwsqvtd053tgl4c6dcn4qe70nvyygkmh2llwgesskle,-0.7900833507669089,-0.22151054699761152,-0.5928812165553505,0.0,0.0,0.0,0.0,0.0,-0.3992070570723769,-1.5379389945779218,-0.7044131239549859,-0.7216417873835473,-0.7790888008662336,-0.79615091801856,-2.2434195516864803,-2.180356381505519,0.16887619591789807,0.0,0.0,0.0,-0.9136664427298357,-0.9516491990481705,-0.5453374138143248,-1.7095112913514543,0.0,0.0,0.0,0.0,-1.5302142942165091,0.0,0.0,0.0,0.0,0.0
ckb1qzda0cr08m85hc8jlnfp3zer7xulejywt49kt2rr0vthywaa50xwsq2jrflqx0dneevp0v6ssznw8ry6aj8laxcuh9svs,-0.7125380680447665,-0.21955603082058978,-0.5852303301341942,-0.44739114470999936,0.0,0.0,0.0,0.0,0.0,-0.9842553456576908,-0.5647703626466023,-0.7216417873835473,-0.5383482275686691,-0.7083421540315403,-0.2771441663285282,-2.0088360957208806,-0.5002502078210779,0.3020959497043551,0.5086921876112148,0.028671082691007713,-0.9136664427298357,-0.9516491990481705,-0.5453374138143248,1.0,0.5849625007211564,0.0,-0.13180816629631828,-1.0000000000002138,0.0,0.0,0.0,0.0,0.0,0.0
ckb1qzda0cr08m85hc8jlnfp3zer7xulejywt49kt2rr0vthywaa50xwsqd6328jjvyqyx6psdkxv5gyxmlx90f50cgc8yla8,-0.7125380680447665,-0.21955603082058978,-0.5928436186780963,0.4941285122797516,0.0,0.0,0.0,0.0,0.0,-1.5379389945779218,-0.5647703626466023,-0.7216417873835473,-0.5383482275686691,-0.79615091801856,-0.2771441663285282,-0.23397644655536523,-0.17633977434911652,0.3020959497043551,0.5086921876112148,0.028671082691007713,0.8125900910540351,1.027450306764605,-0.5453374138143248,1.0,0.0,0.0,-0.13180816629631828,0.0,0.0018989694710038407,0.0,0.0,0.0,0.0,0.0
ckb1qzda0cr08m85hc8jlnfp3zer7xulejywt49kt2rr0vthywaa50xwsqwvalxcu23ejp75sp0sgg7t6ktdy3dyy3q5czey6,-0.7900833507669089,-0.22151054699761152,-0.5928812165553505,0.0,0.0,0.0,0.0,0.0,-0.3992070570723769,-1.5379389945779218,-0.7044131239549859,-0.7216417873835473,-0.7790888008662336,-0.7083421540315403,-2.2434195516864803,-1.213084706607094,0.3298550635686924,0.0,0.0,0.0,-0.20960470428475148,-0.14446428107768416,-0.5453374138143248,-1.7095112913514543,0.5849625007211564,0.0,0.0,-1.0000000000002138,-0.905334789452441,0.0,0.0,0.0,0.0,0.0
ckb1qzda0cr08m85hc8jlnfp3zer7xulejywt49kt2rr0vthywaa50xwsq2xy99vwcnnx0a2kj09tygzxtrpklg0jss32v93h,0.02107123582540159,0.024085695822026163,0.4693804329775299,-0.6311275026294914,1.2597438138262027,0.8919793207223853,0.3506166856217001,0.32149291201283464,0.02181381426800559,-0.06502958822754931,0.14859809870931098,0.008834843474613222,0.1487373647735609,-0.02312199932386474,-0.04413648590858325,-0.9778261111558592,-0.5586044035937953,-0.277035354749571,-0.5314853314608016,0.42445991788943255,-0.7883946624705186,-0.8106933260467658,-0.47723518037938084,0.0,0.0,0.0,0.0,0.0,-0.1950627922110666,0.0,0.0,0.0,0.0,0.0
ckb1qzda0cr08m85hc8jlnfp3zer7xulejywt49kt2rr0vthywaa50xwsqfrlamn0mk353jsutukulxcxyf8je85wwg5l5nnv,0.273398119233938,0.5443735619976531,0.4809930911809878,-0.18902209315720503,0.2740168260557612,0.4313137201710921,0.8799810513486331,0.6456452257709034,0.8190991544213242,-0.0055926654046798445,0.38672485784607125,0.3009981758308392,0.407749476215666,0.2860606567020288,0.759651415641897,-0.7038678316216391,-0.7620996700677731,0.7311779849294491,-0.697312841734063,12.898158280400807,-0.8639478414660622,-0.9557218829151092,2.304803164389289,0.0,0.0,0.0,0.0,0.0,1.2364274531487778,0.0,0.0,0.0,0.0,0.0
ckb1qzda0cr08m85hc8jlnfp3zer7xulejywt49kt2rr0vthywaa50xwsqvexj5d7mdsfuygtynap2q7lcqlhr6kdagauegxm,0.33079318234148075,0.7388598961344044,0.2998055585585786,0.09262049399067089,-0.08907285969563863,0.2505886477077591,3.857296446715878,1.3324990941688077,0.06546687891834944,0.016158833664710485,0.4740030724457316,0.33876922758902706,0.5026825896897887,0.32603197688552527,1.453636877130036,1.3906771442841752,-0.9365981868190084,1.7645601723978501,1.560740843010095,1.2574168887863668,0.9497875511013374,0.9568574207393847,10.159698867487345,0.0,1.0,0.0,0.0,-0.9940766949796099,1.518437832532235,0.0,0.0,0.0,0.0,0.0
ckb1qzda0cr08m85hc8jlnfp3zer7xulejywt49kt2rr0vthywaa50xwsq0xm5pnqls5mls030v7q9l2k5aksglcvjgge7vq8,-0.18630639113096178,-0.13609991804654709,-0.1962018344504366,-0.6523475073286367,1.3556109840170985,0.3447213464169497,0.2005595712756928,0.19791064612178783,0.688110274956334,-0.22023642417768308,-0.08168577886255947,-0.1967451904684318,-0.10174399052305028,-0.24067763988900256,1.0034475088024677,1.2065057051624593,-0.817675798579894,1.7845697400385228,1.826192213916919,-0.05629051985167251,1.3755128591826824,1.4907091875357525,1.2488528752016737,0.0,1.0,0.3333333333333333,0.0,-1.1789674089495357,1.2013345531074937,0.0,0.0,0.0,0.0,0.0
ckb1qzda0cr08m85hc8jlnfp3zer7xulejywt49kt2rr0vthywaa50xwsqt77x997v0x3d3m4sxxavmcanlvwn3q0hs4upt05,-0.7125380680447665,-0.21955603082058978,-0.5917316908983108,0.4941285122797516,0.0,0.0,0.0,0.0,0.0,-0.9842553456576908,-0.5647703626466023,-0.7216417873835473,-0.6271984102809498,-0.79615091801856,0.7269708217882015,-0.4515648709212976,-0.7538188597259057,2.1595309524172404,2.284362420630132,-0.8948766405425305,0.6196095570417752,0.8062041176724299,-0.5453374138143248,0.0,0.0,0.0,0.0,0.0,1.2013345531074937,0.0,0.0,0.0,0.0,0.0
ckb1qzda0cr08m85hc8jlnfp3zer7xulejywt49kt2rr0vthywaa50xwsq20y2fdrsxsg9d2ze0mnmjq9lyy3rdmdpq736f0p,-0.25982520514873575,-0.16400701799729933,-0.197585804973496,-0.7113629006440798,1.6559881183370408,-0.7882687975283234,0.8702710840898273,0.6408700562682694,0.8826466178092454,-0.7247048249016561,-0.28548484002983543,-0.20477139917421133,-0.3234176291103823,-0.24917139749184017,0.6046641234719592,1.0161041542918778,-0.6723410602636746,1.4232958442277557,1.4334899636158087,-0.1273092131238848,1.2157078893487139,0.9242400610007613,0.85022134391994,0.0,0.0,0.0,0.0,0.0,0.8547614315167378,0.0,0.0,0.0,0.0,0.0
ckb1qzda0cr08m85hc8jlnfp3zer7xulejywt49kt2rr0vthywaa50xwsqw6sushnyawdllx7u6pgsf6vdtv90d3v2c6scl6v,-0.3229839935695253,-0.18101654479082935,-0.19769972500557592,-0.7485723586484161,1.922302624465691,1.2052478333652514,-0.4336318364012826,-0.631112130492462,0.6056776665939555,-0.21775555528507917,-0.17274356935779686,-0.3922830494711185,-0.2007881746581015,-0.3907877134044274,0.5107475275651755,1.289617825626671,0.7332688030081724,1.0977305978115999,1.1921769813526153,-0.3525340118974371,1.612180175684226,1.8837790735623043,0.33815222343253537,0.0,1.584962500721156,0.0,0.0,-1.363287309831532,0.8547614315167378,0.0,0.0,0.0,0.0,0.0
ckb1qzda0cr08m85hc8jlnfp3zer7xulejywt49kt2rr0vthywaa50xwsqvq6ve8a90spwj33sdl7rtus9w5e0an4cc83el7m,-0.7125380680447665,-0.21955603082058978,-0.5885659940068506,-0.20999912986578062,0.0,0.0,0.0,0.0,0.0,-0.9842553456576908,-0.5647703626466023,-0.7216417873835473,-0.6271984102809498,-0.79615091801856,-0.3438549754470956,-0.7274090262145464,-0.47368985577924094,0.3812086111090428,0.584322289179255,-0.8948766405425305,0.37496165103402135,0.5257228911557827,-0.5453374138143248,0.0,0.0,0.0,0.0,0.0,-0.07770159821758171,0.0,0.0,0.0,0.0,0.0
ckb1qzda0cr08m85hc8jlnfp3zer7xulejywt49kt2rr0vthywaa50xwsqfuwj6lqq2hhe8qqm3m5z2xacjjyuy73yqwgnm2m,-0.7125380680447665,-0.21955603082058978,-0.5917535874378101,0.4941285122797516,0.0,0.0,0.0,0.0,0.0,-0.9842553456576908,-0.5647703626466023,-0.7216417873835473,-0.6271984102809498,-0.79615091801856,-0.3438549754470956,-2.166413494359915,-0.4834105491685208,0.3812086111090428,0.584322289179255,-0.8948766405425305,-0.9013004089443888,-0.9374719253494594,-0.5453374138143248,0.0,0.0,0.0,0.0,0.0,-0.07770159821758171,0.0,0.0,0.0,0.0,0.0
ckb1qzda0cr08m85hc8jlnfp3zer7xulejywt49kt2rr0vthywaa50xwsqgwclc88er2n8s5d5cscywyshz8r3rwr9qla2lgd,-0.7900833507669089,-0.22151054699761152,-0.5928812165553505,0.0,0.0,0.0,0.0,0.0,-0.3992070570723769,-1.5379389945779218,-0.7044131239549859,-0.7216417873835473,-0.7790888008662336,-0.79615091801856,-2.2434195516864803,-0.41463328688302126,0.4627379017173934,0.0,0.0,0.0,0.6523644098350432,0.8437565391737889,-0.5453374138143248,-1.7095112913514543,0.0,0.0,0.0,0.0,-0.14030694637911376,0.0,0.0,0.0,0.0,0.0
ckb1qrgqep8saj8agswr30pls73hra28ry8jlnlc3ejzh3dl2ju7xxpjxqgqq9ef4udwfyuwywlsqwy08wpapagss8ej8yxj50cr,0.3755288182994793,0.9126869272395308,0.4810460831959104,0.1252719841522676,-0.1261855617242379,-1.852043280344977,3.7812781854765505,1.324129035665515,1.2337705161768397,0.0029960249099794957,0.49598255032385935,0.40372912606390704,0.549677627973296,0.5437760299784751,0.5891745266540903,1.1444430924730542,0.6600384233212063,0.2700416257790274,-0.8238930089740911,14.991347538466787,0.5077806013033974,-0.6343293606706274,10.825331786970459,12.39041392312868,7.379378367071262,0.5601965601965602,-2.2081132944134545,-0.8328835443504445,0.9942381997642661,0.0,0.0,0.0,0.0,0.0
ckb1qzda0cr08m85hc8jlnfp3zer7xulejywt49kt2rr0vthywaa50xwsqw24xn0tc4wjrun2gtdu7c092jqk98cl4gcazzl2,0.5589989564421164,1.8180173465553868,0.45816232208517654,0.9175738496532482,-0.8601689646776528,-0.5118392230800877,2.5712857213014524,1.1514277136231084,1.402593295309684,0.015210842186544947,0.7167898433237236,0.5801484459060114,0.7667634279092496,0.5814722035109007,-0.03787906044253419,0.12918891125186413,0.03000951954584203,-1.0426301803866713,-0.7856098161444434,-0.7862226269088282,-0.43094209975048003,-0.40674540826113564,-0.4251210660405293,0.0,0.0,0.0,0.0,0.0,-0.893991527978219,0.0,0.0,0.0,0.0,0.0
ckb1qzda0cr08m85hc8jlnfp3zer7xulejywt49kt2rr0vthywaa50xwsqw7fspuj5ny44ce32pp8lvgjqw90uekrjcg8usv9,-0.5249542779578223,-0.20982332910508142,0.29768647529517805,-0.8306747705279824,3.46560819728153,-1.3915288865368936,0.2996014024254437,0.28148986909418766,0.33628044514936883,-1.060043248715845,-0.4251276013382189,-0.53413013708664,-0.4753080196956661,-0.5977161945129125,-0.5004254208716385,-0.572680491326821,-0.0037216151656173906,-0.17978043614705302,0.08706580599184567,-0.18920238249223736,0.20442554554658812,0.26664287612851345,0.5387208027529542,0.0,0.0,0.0,0.0,0.0,-0.36253315816790194,0.0,0.0,0.0,0.0,0.0
ckb1qrgqep8saj8agswr30pls73hra28ry8jlnlc3ejzh3dl2ju7xxpjxqgqqxmkl3lngrcklwa8grdc8ja6n4s40pu4sc0w0aln,-0.29231842979139516,-0.17343176116234924,0.33610051491257165,-0.7954344907183624,2.4307333441483285,-1.480795054414913,1.8595254605731668,0.9960359678193967,0.6545095471425721,-0.4871451491710221,-0.20379906116727586,-0.3093078223795301,-0.23456744639810154,-0.18258157042690412,-0.4659774279339089,-0.5031100783519687,0.33526987654474066,-0.4784934073363567,-0.49185252191654655,0.6956194555938643,-0.2022568162032256,-0.7394671467676065,1.9560766644275602,3.709511291351454,2.700439718141092,0.42857142857142855,-2.224544331353509,-0.2756516905911087,-0.36253315816790194,0.0,0.0,0.0,0.0,0.0
ckb1qzda0cr08m85hc8jlnfp3zer7xulejywt49kt2rr0vthywaa50xwsqtnlh5nyt9d4rw4nn753ty8g9vuwxemmhgxqc6ug,-0.7125380680447665,-0.21955603082058978,-0.5125477624667832,-0.800781293370108,0.0,0.0,0.0,0.0,0.0,-0.9842553456576908,-0.5647703626466023,-0.6386665602919588,-0.6271984102809498,-0.7083421540315403,-1.1658891952371457,0.841866246107152,0.6718491295048691,-0.9839451068409204,-0.7207370086795536,-0.8948766405425305,1.6128702269500712,1.944946629279277,-0.5453374138143248,0.0,0.0,1.0,0.0,0.0,0.7121756791465739,0.0,0.0,0.0,0.0,0.0
ckb1qzda0cr08m85hc8jlnfp3zer7xulejywt49kt2rr0vthywaa50xwsq2zmwtcwp3x5ngxr7wxp3aq737g35nhgpqq4lp5x,-0.6575188143623656,-0.21760418292586775,-0.5081281430888851,-0.7827142506081773,2.5289099671698696,1.800985006678453,-0.49749899731593944,-0.7604323130264076,0.23352115841059087,-0.6603711737768978,-0.48308458378404284,-0.6386665602919588,-0.5383482275686691,-0.7083421540315403,0.43179059662918295,0.6684135395287366,-0.650427604763081,1.4794233939931327,1.6341933730020708,-0.8948766405425305,1.4590339571147406,1.7685781234119435,0.49709695917542684,0.0,0.5849625007211564,0.5,0.0,-0.0004969953165537785,0.7122001699295233,0.0,0.0,0.0,0.0,0.0
ckb1qzda0cr08m85hc8jlnfp3zer7xulejywt49kt2rr0vthywaa50xwsq08d3jlwgma52gm4mz6fchyah7ruhk8y4swey2xv,-0.7125380680447665,-0.21955603082058978,-0.5928731610864155,0.4941285122797516,0.0,0.0,0.0,0.0,-0.3992070570723769,-1.5379389945779218,-0.5647703626466023,-0.7216417873835473,-0.6271984102809498,-0.79615091801856,-1.2238888624946342,-1.6704654686662905,-0.0037219679515422604,-1.08026525932392,-0.8128171231137612,-0.8948766405425305,-0.4614410041089417,-0.4331867778640014,-0.5453374138143248,0.0,0.0,0.0,0.0,0.0,-1.1288483447598208,0.0,0.0,0.0,0.0,0.0
ckb1qzda0cr08m85hc8jlnfp3zer7xulejywt49kt2rr0vthywaa50xwsqt0ayt9cx3tfx3gdmm9vt4r46tj26aus5q6rpaqf,-0.7125380680447665,-0.21955603082058978,-0.592875960020537,0.4941285122797516,0.0,0.0,0.0,0.0,-0.3992070570723769,-1.5379389945779218,-0.5647703626466023,-0.7216417873835473,-0.6271984102809498,-0.79615091801856,-0.05020404775310078,0.11048645903421841,-0.003726880604544136,0.8688752386897028,1.0505217055609612,-0.8948766405425305,1.1180963957290388,1.377703797350777,-0.5453374138143248,0.0,0.0,0.0,0.0,0.0,0.27304653784935146,0.0,0.0,0.0,0.0,0.0
ckb1qzda0cr08m85hc8jlnfp3zer7xulejywt49kt2rr0vthywaa50xwsq2rv2ln77sfue9zmr4uemppw6e6cqch00sz7curl,-0.7125380680447665,-0.21955603082058978,-0.5928787589546585,0.4941285122797516,0.0,0.0,0.0,0.0,-0.3992070570723769,-1.5379389945779218,-0.5647703626466023,-0.7216417873835473,-0.6271984102809498,-0.79615091801856,-0.35320306189248885,-0.3492849399149826,-0.00364855463757651,0.36568422701478265,0.5694812924919588,-0.8948766405425305,0.7103222673426737,0.9102034228822563,-0.5453374138143248,0.0,0.0,0.0,0.0,0.0,-0.08886731357569105,0.0,0.0,0.0,0.0,0.0
ckb1qzda0cr08m85hc8jlnfp3zer7xulejywt49kt2rr0vthywaa50xwsqd2ar6ayg6tru9um9cuwzulauer397f9rgrzj0c9,-0.7900833507669089,-0.22151054699761152,-0.5928812165553505,0.0,0.0,0.0,0.0,0.0,-0.3992070570723769,-1.5379389945779218,-0.5647703626466023,-0.8634888749990689,-0.6271984102809498,-0.9462609915339848,-1.2238887819280704,-3.2175038145104105,-0.261198736775737,-1.0802651255268811,-0.8128169952065029,-0.8948766405425305,0.0,0.0,0.0,0.0,-1.0,0.0,0.0,0.0,-1.1288483447598208,0.0,0.0,0.0,0.0,0.0
ckb1qzda0cr08m85hc8jlnfp3zer7xulejywt49kt2rr0vthywaa50xwsqfn7k56km47p5javnrpw4ufny8gcyqjyxschyrkw,0.3841707933324327,0.9485084544144492,0.38006883449405054,0.22468595698415753,-0.23381336629637792,-1.4803538145206518,3.8766642401526252,1.3345955731779804,1.3023326084887956,-0.015825960212927797,0.5290360279562253,0.3969212769949266,0.5625423133821017,0.39030136690212985,0.9641047580075498,1.6530796233767076,0.6284203854577728,0.8765647851443621,1.050886344254531,-0.36788903023111014,1.1164645947202587,1.373899160634702,0.027967913549445035,0.0,2.1699250014423126,0.0,0.0,-1.5675559987140268,0.6433368690039443,0.0,0.0,0.0,0.0,0.0
ckb1qzda0cr08m85hc8jlnfp3zer7xulejywt49kt2rr0vthywaa50xwsqwvhy6a0x57agapj2sh47ll9fpgvp753nshpjjpz,-0.7900833507669089,-0.22151054699761152,-0.5928812165553505,0.0,0.0,0.0,0.0,0.0,-0.3992070570723769,-1.5379389945779218,-0.7044131239549859,-0.7216417873835473,-0.7790888008662336,-0.79615091801856,-2.2434195516864803,-0.10430172505462018,0.5143850497895051,0.0,0.0,0.0,0.9275994123266559,1.1593049219043292,-0.5453374138143248,-1.7095112913514543,0.0,0.0,0.0,0.0,0.10397377881770205,0.0,0.0,0.0,0.0,0.0
ckb1qzda0cr08m85hc8jlnfp3zer7xulejywt49kt2rr0vthywaa50xwsqgmjsf5sg7y340mh52tdh8z4p4v2yryk6ggzyu8m,-0.7900833507669089,-0.22151054699761152,-0.5928812165553505,0.0,0.0,0.0,0.0,0.0,-0.3992070570723769,-1.5379389945779218,-0.7044131239549859,-0.7216417873835473,-0.7790888008662336,-0.79615091801856,-2.2434195516864803,-0.6048907784106577,0.4310741651033591,0.0,0.0,0.0,0.4836238510400189,0.6503007288778578,-0.5453374138143248,-1.7095112913514543,0.0,0.0,0.0,0.0,-0.29007011494202417,0.0,0.0,0.0,0.0,0.0
ckb1qzfhdsa4syv599s2s3nfrctwga70g0tu07n9gpnun9ydlngf5vsnwqg94uyxasd2sd0n8e7pl8qv43ps3x28wkpnqkhssmkp42p47vl8c8uupjkyxzyega6cxv63qjzm,-0.6575188143623656,-0.21760418292586775,-0.07853136718109964,-0.8342818712046601,3.8763466824938995,2.4840304630325223,-0.7119117312976762,-1.3088634315683734,0.23352115841059087,-0.6603711737768978,-0.4251276013382189,-0.5797946997680257,-0.35267856524338526,-0.5977161945129125,-0.805303103567976,-1.5155018763951231,-0.3602970127435943,-0.8757825521982471,-1.0223759553850604,0.8568129647647621,-0.6310445172266679,-0.6276319384912271,-0.5453374138143248,3.089693646737102,1.3219280948873622,0.6666666666666666,-1.7141743192446754,-1.5000000000003209,-0.6587859596702323,0.0,0.0,0.0,0.0,0.0
ckb1qzda0cr08m85hc8jlnfp3zer7xulejywt49kt2rr0vthywaa50xwsqtyedgf3hcmvghz4cmstp7pu7u76x93apgp9rzws,-0.000768077218830633,-0.0008375679697634124,-0.42754944093125585,0.057723884192239394,-0.04365645798579496,-0.7679634455275353,0.793819661301082,0.6020087892435165,1.2232733792068227,-0.03532489572246234,0.12044138956230964,-0.009233540171524675,0.11811111884528366,-0.04224291638335517,0.15237538814915758,0.4178809704032975,-0.0013435624177153217,0.08818585108814228,0.28456748094855466,-0.3764951738809284,0.46738443821026465,0.6095235551449284,0.06880676140674424,0.0,0.0,0.0,0.0,0.0,-0.04989559606946674,0.0,0.0,0.0,0.0,0.0
ckb1qzda0cr08m85hc8jlnfp3zer7xulejywt49kt2rr0vthywaa50xwsqfh3hsd0an0xag0qzx0ay8qrtpclap9x3she6gvj,-0.7125380680447665,-0.21955603082058978,-0.5063767271290197,-0.8038637243350404,0.0,0.0,0.0,0.0,0.0,-0.9842553456576908,-0.7044131239549859,-0.6386665602919588,-0.7790888008662336,-0.7083421540315403,-2.2434195516864803,-0.4375536520708354,0.4589233638478083,0.0,0.0,0.0,0.47814803758607044,0.6440228788083332,-0.16917818774645077,-1.7095112913514543,0.0,0.0,0.0,0.0,-0.2342323614415014,0.0,0.0,0.0,0.0,0.0
ckb1qzfhdsa4syv599s2s3nfrctwga70g0tu07n9gpnun9ydlngf5vsnwqg9vqzwej3l7amlg7w4fea6d5apt73pe5z5q4sqfmx28lmh0are6488hfkn5906y8xs2s5cdt5x,-0.7900833507669089,-0.22151054699761152,-0.5928812165553505,0.0,0.0,0.0,0.0,0.0,-0.3992070570723769,-1.5379389945779218,-0.5647703626466023,-0.7216417873835473,-0.6271984102809498,-0.79615091801856,-1.350648680277235,-1.8650565784759485,-0.04950408414658819,-1.290775518345465,-1.0140606660338145,-0.8948766405425305,-0.6340250760536513,-0.63104905662291,-0.5453374138143248,0.0,0.0,1.0,0.0,0.0,-1.2802553177198193,0.0,0.0,0.0,0.0,0.0
ckb1qzfhdsa4syv599s2s3nfrctwga70g0tu07n9gpnun9ydlngf5vsnwqg9ppwdq9xgt6fr7grkwhj6twd3w43hdsh5q5y9e5q5ep0fy0eqwe67tfdek96kxakz7sm9w7mn,-0.5799735316402232,-0.21370846291110532,0.13425886234062898,-0.8324238407695773,3.6170972814401785,2.2418075351268723,-0.602896818098763,-1.004820683640616,0.5277230244212778,-0.47379883403837897,-0.34344182247565935,-0.4968194726764373,-0.3864578369833853,-0.5582320805161156,-1.0890111667676468,-1.4608174460905754,0.12689923505080097,-1.2962107785054577,-1.018779885842874,-0.8868808134851183,-0.6320335050405058,-0.6287657368529508,-0.5453370397538048,2.7095112913514536,1.584962500721156,1.0,-5.3254866315882765,-1.6000000000002907,-1.2802551417829475,0.0,0.0,0.0,0.0,0.0
ckb1qzda0cr08m85hc8jlnfp3zer7xulejywt49kt2rr0vthywaa50xwsqw0kyehc00l04ru5dldfhhtalx43fe9ppsdzgzgz,-0.7125380680447665,-0.21955603082058978,-0.4201811615230151,-0.8240832694036889,0.0,0.0,0.0,0.0,0.0,-0.9842553456576908,-0.5647703626466023,-0.6386665602919588,-0.6271984102809498,-0.646040844503135,-1.5599182411492447,-0.3277922226799399,0.4771654309033658,-1.6383098571849666,-1.3462964533038375,-0.8948766405425305,0.4854763500026523,0.6524245614077948,-0.5453374138143248,0.0,1.0,0.0,0.0,-1.3333333333336186,-0.28842595709174407,0.0,0.0,0.0,0.0,0.0
ckb1qzda0cr08m85hc8jlnfp3zer7xulejywt49kt2rr0vthywaa50xwsqdk6t85vllv37se5ng6rpnz7x30clgdy6qsped2w,-0.7125380680447665,-0.21955603082058978,-0.4201811615230151,-0.8240832694036889,0.0,0.0,0.0,0.0,0.0,-0.9842553456576908,-0.5647703626466023,-0.7216417873835473,-0.5383482275686691,-0.7083421540315403,-0.5199788756330308,-2.0088360957208806,-0.43881015742016816,-0.10117396179669805,0.12317432201768,0.04412545028663918,-0.9136664427298357,-0.9516491990481705,-0.5453374138143248,1.0,0.5849625007211564,0.0,-0.02392846518612694,-1.0000000000002138,-0.28842595709174407,0.0,0.0,0.0,0.0,0.0
ckb1qzda0cr08m85hc8jlnfp3zer7xulejywt49kt2rr0vthywaa50xwsq2tq8vms882lepc8fk0aapfp0c9nh755xsdtnm3m,-0.7900833507669089,-0.22151054699761152,-0.5928812165553505,0.0,0.0,0.0,0.0,0.0,-0.3992070570723769,-1.5379389945779218,-0.7044131239549859,-0.7216417873835473,-0.7790888008662336,-0.7083421540315403,-2.2434195516864803,-2.0088370684818577,0.1974214180176671,0.0,0.0,0.0,-0.9136672986304101,-0.9516501803115984,-0.5453374138143248,-1.7095112913514543,0.5849625007211564,0.0,0.0,-1.0000000000002138,-1.5302150538583101,0.0,0.0,0.0,0.0,0.0
ckb1qzda0cr08m85hc8jlnfp3zer7xulejywt49kt2rr0vthywaa50xwsqgg8w4ddafhudspnvc8aapvpek3rvmk33qqk5up2,-0.44740899523567995,-0.20208459107275364,-0.48652735193943564,-0.6717361225518487,1.4958877382612814,-0.6724208797889285,-0.12767870821197863,-0.15118760345690954,0.7640731546892877,-0.5088873631498531,-0.34344182247565935,-0.46527375540209814,-0.3864578369833853,-0.524848737800028,-0.22829703781512892,-0.1977683598882735,-0.43097664852878337,0.13218427412066583,0.3747590474667334,-0.5598028598462165,0.44690592969678594,0.6646620309879454,0.06469523041386178,1.0,0.5849625007211564,0.0,-3.2910261498492743,-0.9873219984506676,-0.17543612046544288,0.0,0.0,0.0,0.0,0.0
ckb1qzfhdsa4syv599s2s3nfrctwga70g0tu07n9gpnun9ydlngf5vsnwqg9f27gfvl2w82qaenx7ygdazqwdw9u72vwq49tep9nafcagrhxvmc3ph5gpe4chnef3ce546ng,-0.5799735316402232,-0.21370846291110532,0.4393330559828554,-0.8360446046102546,3.8788953723054838,2.4227652590680253,-0.6135944689630982,-1.032117802055583,0.20835737876337623,-0.7788660669509009,-0.34344182247565935,-0.4968194726764373,-0.3864578369833853,-0.5582320805161156,-1.089313022555843,-1.4630706041936097,0.1090930431644287,-1.2967102430893769,-1.02117177111114,-0.8822404611115601,-0.6340246760199639,-0.6310485979967106,-0.5453374138143247,2.7095112913514536,1.584962500721156,1.0,-5.325343104783242,-1.6000000000003423,-1.280255405688314,0.0,0.0,0.0,0.0,0.0
ckb1qzfhdsa4syv599s2s3nfrctwga70g0tu07n9gpnun9ydlngf5vsnwqg99y922zqav2vvrqv5n9rgjwrk5xmkhu2yq55s4fggr43f3svpjjv5dzfcw6smw6l3gsnklkev,-0.7125380680447665,-0.21955603082058978,0.4808083785956395,-0.8413755165698849,0.0,0.0,0.0,0.0,0.0,-1.5379389945779218,-0.48308458378404284,-0.6386665602919588,-0.5383482275686691,-0.7083421540315403,-1.236667282457734,-1.6966676650669992,-0.11059049986986401,-1.2907754299657463,-1.0140605815445938,-0.8864251967314198,-0.6380615890099685,-0.6356767933704391,-0.5453369333101806,1.0,0.5849625007211564,1.0,-3.328221351250351,-1.0000000000000016,-1.27850380448446,0.0,0.0,0.0,0.0,0.0
ckb1qzda0cr08m85hc8jlnfp3zer7xulejywt49kt2rr0vthywaa50xwsqwfjnz2axuppeu5r68084wjm6a0xtxfy9cj4a5sa,0.21491498976582676,0.37826338136033943,0.47830080668950714,-0.32976615593839603,0.5016807371947788,-0.4957687577830603,0.22653833707087842,0.22063619063863413,1.1784487789724116,-0.16272177920643519,0.38311109423906065,0.17890681135679695,0.4038187607198619,0.15685713194251463,0.5803219911708314,-0.7879891258249846,-0.7167994560411894,0.438303259088974,0.012376815680231463,0.927338090128087,-0.806139290818835,-0.8290034394854255,-0.5122677118713036,10.077257526834055,6.257387842692651,0.0,-4.34133076892723,-1.9852154258742614,0.46832874593397056,0.0,0.0,0.0,0.0,0.0
ckb1qzda0cr08m85hc8jlnfp3zer7xulejywt49kt2rr0vthywaa50xwsq0u4j72c469enjkklngja9y4c94q6cqyks8c84uv,-0.7900833507669089,-0.22151054699761152,-0.5928812165553505,0.0,0.0,0.0,0.0,0.0,-0.3992070570723769,-1.5379389945779218,-0.7044131239549859,-0.7216417873835473,-0.7790888008662336,-0.79615091801856,-2.2434195516864803,-0.6341138184813002,0.42621070014106727,0.0,0.0,0.0,0.4577057540882712,0.6205864356283044,-0.5453374138143248,-1.7095112913514543,0.0,0.0,0.0,0.0,-0.31307333568712997,0.0,0.0,0.0,0.0,0.0
ckb1qzda0cr08m85hc8jlnfp3zer7xulejywt49kt2rr0vthywaa50xwsqwvrfv8s2ldft92hqj8c028cuhmszmex6szv4as5,-0.46404993842358006,-0.204015352150555,0.34416934705142144,-0.8256903607301956,3.200638312675384,2.076738213588502,-0.6305647634025842,-1.0764731180639868,0.6874058472502285,-0.18338553135845512,-0.7044131239549859,-0.37277857509031853,-0.7790888008662336,-0.4269654569387549,-2.2434195516864803,0.3361646195785874,0.5876899704621633,0.0,0.0,0.0,0.8070366526335897,0.8993486130528874,0.6231309382864109,-1.7095112913514543,0.5849625007211564,0.0,0.0,-0.98358153705237,0.2751159414626343,0.0,0.0,0.0,0.0,0.0
ckb1qzda0cr08m85hc8jlnfp3zer7xulejywt49kt2rr0vthywaa50xwsqt7830n3sgc4rvmu4vym50snrq0f3qjsrgs64u8s,-0.6575188143623656,-0.21760418292586775,-0.5269471350549799,-0.7655806562017288,2.341282241857137,1.7058723651692809,-0.42836783465766437,-0.6210030134721307,-0.032616879637660405,-1.029493606390385,-0.5647703626466023,-0.6386665602919588,-0.6271984102809498,-0.7083421540315403,-0.3559441922632043,-0.41109752878563716,-0.41450917922111075,0.36113202684247897,0.5651294813497668,-0.8948766405425305,0.5016118039818447,0.6709233582965094,0.4467475821165332,0.0,0.0,0.0,0.0,0.0,-0.0921414309045901,0.0,0.0,0.0,0.0,0.0
ckb1qzfhdsa4syv599s2s3nfrctwga70g0tu07n9gpnun9ydlngf5vsnwqgrtxgt300hp4dtdulhvphvr2zq9eqz36j0qdvepw9a7ux44dhn7asxasdggqhyq282fuu5q568,-0.6575188143623656,-0.21760418292586775,-0.05467101699535838,-0.8347426573741421,3.910231730039827,2.5012075426692615,-1.0792269603913682,-3.0406627454343282,0.23352115841059087,-0.6603711737768978,-0.4251276013382189,-0.5797946997680257,-0.4753080196956661,-0.646040844503135,-1.1726309831134636,-1.5904175888674499,0.07734214512481993,-1.295297351504883,-1.018780166788707,-0.8860478254647136,-0.6336915649348943,-0.6310485979967106,-0.543116643774878,1.7095112913514543,1.0,1.0,-4.437790639277465,-1.3333303091888467,-1.2811367951925896,0.0,0.0,0.0,0.0,0.0
ckb1qzfhdsa4syv599s2s3nfrctwga70g0tu07n9gpnun9ydlngf5vsnwqggq7xygka0fffckdwnzn68hgm9h9r3g74xryyq0rzytwh555utxhf3farm5djmj3c502npjc8dplu,-0.3229839935695253,-0.18101654479082935,0.44908969659699194,-0.8073552831652906,2.646792270684152,1.2657675996048756,-0.05200956226382709,-0.05887183526345394,0.8681453002393255,-0.4193946527690896,-0.12211328230471638,-0.25043596185559697,-0.05686708097354005,-0.24067763988900256,-0.6334894734726866,-1.0484209667943734,-0.3933074942725582,-0.9920118046926545,-1.0158201882622566,0.5589462641923011,-0.6234783838243846,-0.6333521187980724,-0.25517912807447546,5.278052588745497,3.0874628412503395,0.7777777777777778,-3.120080755592015,-1.8133295982815216,-0.7232802487734282,0.0,0.0,0.0,0.0,0.0
ckb1qzda0cr08m85hc8jlnfp3zer7xulejywt49kt2rr0vthywaa50xwsqdc75deduvc55qd7z48nrd6xy06td2r0wgqqs0vf,-0.7900833507669089,-0.22151054699761152,-0.5928812165553505,0.0,0.0,0.0,0.0,0.0,-0.3992070570723769,-1.5379389945779218,-0.7044131239549859,-0.7216417873835473,-0.7790888008662336,-0.79615091801856,-2.2434195516864803,-0.5888440930766892,0.43374474597701296,0.0,0.0,0.0,0.4978557565924394,0.6666171666113796,-0.5453374138143248,-1.7095112913514543,0.0,0.0,0.0,0.0,-0.2774387992379693,0.0,0.0,0.0,0.0,0.0
ckb1qrgqep8saj8agswr30pls73hra28ry8jlnlc3ejzh3dl2ju7xxpjxqgqq8jjta82sj7lcz5ewruppmfrrvtg9nh4vvg5klxg,0.18232927094944956,0.29896052182888133,0.48067008735669664,-0.39841172790185186,0.6313807886479261,0.6196632559860956,0.43022847513764456,0.3802117684798746,1.193639783130406,-0.0011612342973637974,0.441977612853843,-0.18157958017105502,0.46784827733081985,-0.22462859076917838,-0.5868806330414426,-0.6767356866843041,0.3243222275838254,-1.576956323638617,-1.3504860830601517,1.6811056702883154,-0.31160707616653366,-0.33848088105697377,0.39698596853879115,0.0,0.0,0.0,0.0,0.0,-0.7247272885847255,0.0,0.0,0.0,0.0,0.0
ckb1qzda0cr08m85hc8jlnfp3zer7xulejywt49kt2rr0vthywaa50xwsqd7xem3waujkrfq9vrj7vc5tesg793drag9966ur,-0.7125380680447665,-0.21955603082058978,-0.5928723248195134,0.4941285122797516,0.0,0.0,0.0,0.0,0.0,-1.5379389945779218,-0.5647703626466023,-0.7216417873835473,-0.6271984102809498,-0.79615091801856,-0.26699567253462647,-0.21847360633769433,-0.0025003384856711395,0.5088489946891785,0.7063439100291545,-0.8948766405425305,0.8263396569724935,1.0432137570872024,-0.5453374138143248,0.0,0.0,0.0,0.0,0.0,0.014102191820257102,0.0,0.0,0.0,0.0,0.0
ckb1qrgqep8saj8agswr30pls73hra28ry8jlnlc3ejzh3dl2ju7xxpjxqgqq8crqpcx3nq9p23h8ep5zzpga67ygfd73scdttd5,-0.6575188143623656,-0.21760418292586775,-0.5928561285482858,0.844718271120931,-3.5416708242320523,-1.2763265878777557,-0.8719837032228275,-1.8892155992121884,-0.032616879637660405,-1.5379389945779218,-0.5647703626466023,-0.7216417873835473,-0.6271984102809498,-0.79615091801856,-1.415707985164059,-1.4574751732192568,0.28325444316739196,-1.3988196238282906,-1.1173486420215615,-0.8948766405425305,-0.27253857938403053,-0.21661601442107856,-0.5453374138143248,0.0,0.0,0.0,0.0,0.0,-0.9611908125219131,0.0,0.0,0.0,0.0,0.0
ckb1qzda0cr08m85hc8jlnfp3zer7xulejywt49kt2rr0vthywaa50xwsq2gxfhv94tp8sc29c5xhsuttgk4hhpp2nq2mt7ff,0.4477541677916375,1.233843374849357,0.48083216953567226,0.3994320525617379,-0.40906350117843315,-0.8748597292030695,8.89801111572406,1.6212861519687511,1.3482959854464107,-0.04978796852203757,-0.5647703626466023,0.6027144766287498,-0.6271984102809498,0.6053527680518037,0.035755436729185505,-0.16984965109706845,-0.5703278784654521,1.011628310288141,1.1869907499900476,-0.8948766405425305,-0.719590059547488,-0.7291466529148942,-0.5453374138143247,0.0,9.333155350310617,0.0,0.0,-1.9984448235873495,0.37571990306344066,0.0,0.0,0.0,0.0,0.0
ckb1qzda0cr08m85hc8jlnfp3zer7xulejywt49kt2rr0vthywaa50xwsqwxdvqk5f5k404wykzsfuu4cjvh4n96zrq9yl6w6,-0.045771943235750755,-0.045094598448573574,0.4586310923505156,-0.6892942777694401,1.5178944077005665,0.26771695860826494,0.2685203300404973,0.2561360475067468,0.8733634181638706,-0.01828523382891235,0.07964046262262521,-0.06292431155868974,0.07373167037946306,-0.0990613239764153,-0.09158954413969543,-0.6063551400588065,-0.5439707346364034,-0.26041722013816654,-0.13297126896486725,0.0083667683827028,-0.3814167546676409,-0.41421778625762135,0.5572830400218379,1.0,1.0,0.0,-1.9780942815997913,-0.9944095981013573,-0.20926830589584636,0.0,0.0,0.0,0.0,0.0
ckb1qzda0cr08m85hc8jlnfp3zer7xulejywt49kt2rr0vthywaa50xwsqt99g9mrrpztjlg4tfwrnzeczrx6kpwdnqx90acl,-0.7125380680447665,-0.21955603082058978,-0.5928728026863145,0.4941285122797516,0.0,0.0,0.0,0.0,-0.3992070570723769,-1.5379389945779218,-0.5647703626466023,-0.7216417873835473,-0.6271984102809498,-0.79615091801856,-1.083523702774392,-1.4424423199389613,0.17385659107794124,-0.8471605842999662,-0.5899737762332328,-0.8948766405425305,-0.2592058478188599,-0.20133045173942718,-0.5453374138143248,0.0,0.0,0.0,0.0,0.0,-0.9493575452916899,0.0,0.0,0.0,0.0,0.0
ckb1qzda0cr08m85hc8jlnfp3zer7xulejywt49kt2rr0vthywaa50xwsq0rgz8mcc9ws8vv0m33vx8jm9u68knrplqz0m628,-0.7125380680447665,-0.21955603082058978,-0.5928763696206524,0.4941285122797516,0.0,0.0,0.0,0.0,-0.3992070570723769,-1.5379389945779218,-0.5647703626466023,-0.7216417873835473,-0.6271984102809498,-0.79615091801856,-0.562995362909582,-0.6676242653067341,-0.003721967951494908,0.017281772669378834,0.23641560438535106,-0.8948766405425305,0.42798512927926974,0.5865126622807181,-0.5453374138143248,0.0,0.0,0.0,0.0,0.0,-0.33945143337064165,0.0,0.0,0.0,0.0,0.0
ckb1qrgqep8saj8agswr30pls73hra28ry8jlnlc3ejzh3dl2ju7xxpjxqgqq9fmlyjt4ydumr7u27ltfz3vjfj2s2hgmgwc8awk,-0.6575188143623656,-0.21760418292586775,-0.592877547220984,0.844718271120931,-4.972291884079785,-2.0015400272773536,-0.6459318675466963,-1.117794591054183,-0.3992070570723769,-1.5379389945779218,-0.5647703626466023,-0.6386665602919588,-0.6271984102809498,-0.7083421540315403,-0.5629953614429141,-0.7383095271155757,-0.36967781789357457,0.01728177510507697,0.23641560671382914,-0.8948766405425305,0.21141353158844559,0.338220051318959,-0.5453374138143248,0.0,0.5849625007211564,0.0,0.0,-1.0000000000002138,-0.33945143337064165,0.0,0.0,0.0,0.0,0.0
ckb1qzda0cr08m85hc8jlnfp3zer7xulejywt49kt2rr0vthywaa50xwsqfklpav762duvc8cva7gnz89nzvksp6r3qeh6wvh,-0.7125380680447665,-0.21955603082058978,-0.35114540021587803,-0.829940728703583,0.0,0.0,0.0,0.0,0.0,-0.9842553456576908,-0.5647703626466023,-0.6386665602919588,-0.6271984102809498,-0.5582320805161156,-1.4854414710867612,0.4493684531318367,0.6065282233586242,-1.514626150224846,-1.2280573351447892,-0.8948766405425305,1.0613283557020277,1.3126210024331801,-0.5453374138143248,0.0,1.3219280948873622,0.25,0.0,-1.440000000000308,0.22266290982143475,0.0,0.0,0.0,0.0,0.0
ckb1qzda0cr08m85hc8jlnfp3zer7xulejywt49kt2rr0vthywaa50xwsqfrvc7cagn8h4g3harg8cwdfpq3sx7sxms2r27la,-0.6575188143623656,-0.21760418292586775,0.24997616852662244,-0.8383388839919089,4.245415711423996,2.6711197121414036,-0.812302110297271,-1.6501320686923715,0.23352115841059087,-0.6603711737768978,-0.48308458378404284,-0.6386665602919588,-0.4753080196956661,-0.5582320805161156,0.021981504759923668,-0.5562379582766546,-0.5739057987451034,0.6877681542763265,0.9835539427965633,-0.2287151536637084,0.1694708051861895,-0.8367373045418297,0.7165896649715197,1.0,1.3219280948873622,0.2,-0.00141746080294898,-1.0094130890406376,0.22266290982143475,0.0,0.0,0.0,0.0,0.0
ckb1qzda0cr08m85hc8jlnfp3zer7xulejywt49kt2rr0vthywaa50xwsq04avg2cjv4t0vh2v7zuztvcctzy860fjs9esl5u,-0.5249542779578223,-0.20982332910508142,0.283607119863765,-0.8304505000404802,3.4537000175436035,2.117645443916255,-0.3767881412421727,-0.5259922686278143,0.33628044514936883,-0.35965297214790715,-0.3801726732254003,-0.46527375540209814,-0.3864578369833853,-0.470423316529096,-0.02642575115005356,-0.14924225741492622,-0.5483359502042513,0.46742845207893935,0.16955375436453649,0.30514567907860807,0.4260742738163719,0.10863832781579412,1.9073347587089804,2.2598510045646623,1.8073549220576042,0.42857142857142855,-3.166691570557673,-0.3637590339648196,0.22266290982143475,0.0,0.0,0.0,0.0,0.0
ckb1qrgqep8saj8agswr30pls73hra28ry8jlnlc3ejzh3dl2ju7xxpjxqgqq8m55rrdckag9e5j8hqdyga0ftpwvauxtcult98p,-0.7900833507669089,-0.22151054699761152,-0.5928812165553505,0.0,0.0,0.0,0.0,0.0,-0.3992070570723769,-1.5379389945779218,-0.5647703626466023,-0.8634888749990689,-0.6271984102809498,-0.9462609915339848,-0.7239201854444043,-3.2175038145104105,-0.38745817878552974,-0.24996637163531865,-0.019068207418721263,-0.8948766405425305,0.0,0.0,0.0,0.0,-1.0,0.0,0.0,0.0,-0.5316663277773214,0.0,0.0,0.0,0.0,0.0
ckb1qrgqep8saj8agswr30pls73hra28ry8jlnlc3ejzh3dl2ju7xxpjxqgqqxuz9n0wyhs86wrqr5309qaz5jsxe3805gnlmc95,-0.7900833507669089,-0.22151054699761152,-0.5928812165553505,0.0,0.0,0.0,0.0,0.0,-0.3992070570723769,-1.5379389945779218,-0.5647703626466023,-0.8634888749990689,-0.6271984102809498,-0.9462609915339848,-0.7239201854444043,-3.2175038145104105,-0.38745817878552974,-0.24996637163531865,-0.019068207418721263,-0.8948766405425305,0.0,0.0,0.0,0.0,-1.0,0.0,0.0,0.0,-0.5316663277773214,0.0,0.0,0.0,0.0,0.0
ckb1qzda0cr08m85hc8jlnfp3zer7xulejywt49kt2rr0vthywaa50xwsqd8a7fpzf530ks6kmw3yfvn72p5v4ayy6gq05avs,-0.7125380680447665,-0.21955603082058978,-0.5509253476739112,-0.7619332368029095,0.0,0.0,0.0,0.0,0.0,-0.9842553456576908,-0.5647703626466023,-0.6386665602919588,-0.6271984102809498,-0.646040844503135,-1.5599176434512154,-0.06006090042802291,0.5217392632200796,-1.638308864586766,-1.3462955044000668,-0.8948766405425305,0.7229261053890589,0.9246533317809462,-0.5453374138143248,0.0,1.0,0.0,0.0,-1.3333333333336186,-0.07768096492685587,0.0,0.0,0.0,0.0,0.0
ckb1qzda0cr08m85hc8jlnfp3zer7xulejywt49kt2rr0vthywaa50xwsqg64upk25mkwaurfnz52t5wcm4hkw8ukgqdmqsjq,-0.7125380680447665,-0.21955603082058978,-0.5830610196566498,-0.5246903455029034,0.0,0.0,0.0,0.0,0.0,-1.5379389945779218,-0.5647703626466023,-0.7216417873835473,-0.5383482275686691,-0.7083421540315403,-0.3437356168052898,-2.0088360957208806,-0.48341641629153753,0.19150831512856095,0.40297264933967036,0.04635304258197388,-0.9136664427298357,-0.9516491990481705,-0.5453374138143248,1.0,0.5849625007211564,0.0,-0.008231066300354688,-1.0000000000002138,-0.07768096492685587,0.0,0.0,0.0,0.0,0.0
ckb1qrgqep8saj8agswr30pls73hra28ry8jlnlc3ejzh3dl2ju7xxpjxqgqq82w09dxh4f3gl6se95l7k0g3n3wjjsgdstzvp4c,-0.4822780293034813,-0.20594872412986526,-0.5163386627343007,-0.649865548964893,1.4168412266616544,-1.4239188340342428,0.674458826268237,0.5364741162895342,0.21177657198548397,-1.029493606390385,-0.4251276013382189,-0.4968194726764373,-0.4753080196956661,-0.524848737800028,-1.0314258715266793,0.2448448522883936,0.5724283948731556,-1.0612749258153782,-0.8615465747706467,-0.24429124267873298,0.8394570440538031,-0.065171031073515,1.4364574759124173,1.7095112913514543,1.3219280948873622,0.0,-3.38044257069507,-0.4566589043602604,0.35076151292919866,0.0,0.0,0.0,0.0,0.0
ckb1qzda0cr08m85hc8jlnfp3zer7xulejywt49kt2rr0vthywaa50xwsqtdc7efeq2t3xnqhtp336tfxd9sns8hz4cg3qf4y,-0.7125380680447665,-0.21955603082058978,-0.5928711130858387,0.4941285122797516,0.0,0.0,0.0,0.0,-0.3992070570723769,-1.5379389945779218,-0.5647703626466023,-0.7216417873835473,-0.6271984102809498,-0.79615091801856,-1.1036672696583611,-1.4880410386600664,-0.0037268806050982212,-0.8806130423149713,-0.6219536483858528,-0.8948766405425305,-0.29964763655241283,-0.2476957065728552,-0.5453374138143248,0.0,0.0,0.0,0.0,0.0,-0.9852510522608473,0.0,0.0,0.0,0.0,0.0
ckb1qrgqep8saj8agswr30pls73hra28ry8jlnlc3ejzh3dl2ju7xxpjxqgqq90ay9s9atj3rpajv38hnx5nashk3tnstqcu3khf,-0.2269588092671557,-0.15277872708720427,-0.5137221030641442,-0.20580319734104605,0.3180213214827194,0.5746217294979868,-0.5744970782040801,-0.9347250492448782,1.189421237340919,0.0012934554084751096,-0.11122079613986828,-0.25043596185559697,-0.13386943167131418,-0.2974960474820628,-1.0096261545488296,-1.329614094886704,0.19423251890623117,-1.5136941281143053,-1.2532024783915956,-0.6110314803525867,-0.8107475797520649,-0.8315137251375352,-0.2103031490173399,0.0,0.0,1.0,0.0,0.0,-1.3347395284405292,0.0,0.0,0.0,0.0,0.0
ckb1qrgqep8saj8agswr30pls73hra28ry8jlnlc3ejzh3dl2ju7xxpjxqgqqyxaafkpxklf820ugttkjd0409k73djjhue0s8ej,-0.1946229274546533,-0.13978954167054303,-0.4749859129560331,-0.31037475421690874,0.4829082624121973,0.571035968626669,0.13075362106786775,0.1337675187705541,1.2075612068415675,-0.0035517862162341867,-0.0910577904952373,-0.24045144069498814,-0.11193799194582073,-0.27685538342333005,-0.9866283225502035,-1.2267117514436952,0.27524053784348135,-1.5044395865723896,-1.2226793653610353,-0.589339730459301,-0.742257087192579,-0.8608649460016404,0.5795126534353807,1.0,1.3219280948873622,0.2,-0.9094887210795248,-1.066022923284012,-1.0358971486957027,0.0,0.0,0.0,0.0,0.0
ckb1qzda0cr08m85hc8jlnfp3zer7xulejywt49kt2rr0vthywaa50xwsqtdvhzxzyqcqqu3qu548g0yfhyhkn68s0s5tlqdh,0.0651184595209821,0.08218649044220605,0.1016337694200695,-0.4615762246923191,0.7678572721386978,0.7936978130536646,0.06052382610921903,0.06429568392985524,0.2880987723719802,0.0074478103214321864,-0.5647703626466023,0.19227098317396218,-0.6271984102809498,0.17099980379902108,-0.3441055491033357,0.5264150466947938,0.6179990061549914,0.3807924829842017,0.5839244791222016,-0.8948766405425305,0.34287221544304014,0.4830752489150772,-0.3444356137699592,0.0,0.0,0.0,0.0,0.0,-0.07800089317828234,0.0,0.0,0.0,0.0,0.0
ckb1qzda0cr08m85hc8jlnfp3zer7xulejywt49kt2rr0vthywaa50xwsqwd9wdqn3udclk6u86ed8glq7ep4gs2l6c4cwthv,-0.17068545142361796,-0.12874911336643807,0.479133762657401,-0.7636604516179365,2.0348795174777976,1.4375879988252083,-0.5246085836113531,-0.8193375177542838,0.18442258689714786,-0.039924702985079066,-0.22132854017094297,-0.10353572639529426,-0.25363438110833403,-0.14203846625805244,-0.39746809994367255,-0.3669836818952231,0.39907131964569154,-0.3386310233126518,-0.7984141562630267,1.7337721620061817,-0.12427615125996797,-0.4138097248705915,4.4222914855570705,0.0,0.5849625007211564,0.0,0.0,-0.6320126686622324,-0.15460393037800862,0.0,0.0,0.0,0.0,0.0
ckb1qzda0cr08m85hc8jlnfp3zer7xulejywt49kt2rr0vthywaa50xwsqftm2xn4dlczysw0q2x5alw2v7ur2le8gs8h3teh,0.08084651219627191,0.10571518974887585,0.4762184338364444,-0.5624125178955771,1.0280594928799172,0.5506949424633295,-0.24440621765323628,-0.31156435651876047,-0.12385052517257361,0.010417365891525414,0.2130196545897173,0.07056887778564902,0.2188091335720711,0.0422082135455838,0.1909335286434488,-0.7204771746834686,-0.6181396930329114,0.024618187968266057,-0.07525413658451162,2.9072723461875336,-0.6289659703231921,-0.6352267762395074,-0.39838355494942657,1.0,0.0,0.0,-0.4545978001062027,0.0,0.38073530842377085,0.0,0.0,0.0,0.0,0.0
ckb1qzda0cr08m85hc8jlnfp3zer7xulejywt49kt2rr0vthywaa50xwsq05uu85tpqrf75arfkskcnwjsaj5f6c05qtmqdm9,0.25568424083775954,0.49072329956578176,-0.046489732558175366,0.1578065018397178,-0.16140597618605096,0.2663297718166779,-0.08772829109198174,-0.1014129885015253,-0.05001625135814985,0.014806236360893434,0.396340917866238,0.2572260713511428,0.41820893074570875,0.23973870584758553,0.23426399412540463,-0.3294795116686184,-0.6281318288772195,-0.15444932649955792,0.03399648476295946,-0.2927771092503156,-0.48654436050980926,-0.573401781597998,4.729317986389701,0.0,0.5849625007211564,0.0,0.0,-0.8985898742524722,-0.17373235297448048,0.0,0.0,0.0,0.0,0.0
ckb1qzda0cr08m85hc8jlnfp3zer7xulejywt49kt2rr0vthywaa50xwsq2cdr6jzphx2r5y02rkrlh84f4aes20mcc4569tl,-0.7900833507669089,-0.22151054699761152,-0.5928812165553505,0.0,0.0,0.0,0.0,0.0,-0.3992070570723769,-1.5379389945779218,-0.7044131239549859,-0.7216417873835473,-0.7790888008662336,-0.79615091801856,-2.2434195516864803,0.1672750093031826,0.5595823984886806,0.0,0.0,0.0,1.1684625160252922,1.4354469901134015,-0.5453374138143248,-1.7095112913514543,0.0,0.0,0.0,0.0,0.3177482374149573,0.0,0.0,0.0,0.0,0.0
ckb1qzda0cr08m85hc8jlnfp3zer7xulejywt49kt2rr0vthywaa50xwsqdev2qemedc4lercjj2ys3acwf4d6nj7jcprg6sq,0.04436013065232864,0.05343120776494801,0.4786259267810611,-0.6077100945512737,1.1739744085943822,0.4387223859045727,1.5025541360164232,0.8926434536740077,1.3226171099315511,-0.014355070937508327,0.3142278601176692,0.1712318334909633,0.3288939938544307,0.14873506534928074,-0.5362535969764902,-0.22438828687487208,0.4850938359952848,-1.3204574524355208,-1.0424359937008187,-0.8948766405425305,-0.299846866287351,-0.24792412054777677,-0.5453341093309031,0.0,0.0,1.0,0.0,0.0,-0.985426764472876,0.0,0.0,0.0,0.0,0.0
ckb1qzda0cr08m85hc8jlnfp3zer7xulejywt49kt2rr0vthywaa50xwsqg2h7uwwprx9jj45wjl3atqcx9n2ztadscfrnanm,0.34547163161950784,0.7937431173485692,0.011703452895692383,0.4300339784728204,-0.4377812390427201,0.3509574744598278,-0.20183653208227462,-0.2503085972083009,-0.3260922838672924,0.016178666461904023,0.4912420511550323,0.3526580087898666,0.5214335452345921,0.3407298180759534,0.02480996476600755,0.22432833508249353,0.16594644858109725,-0.6316935776321885,-0.4257833650674897,-0.3590441479597472,-0.09967453005727527,-0.05915547837096128,0.056213711004038686,0.0,0.0,0.0,0.0,0.0,-0.5329176347005786,0.0,0.0,0.0,0.0,0.0
ckb1qzfhdsa4syv599s2s3nfrctwga70g0tu07n9gpnun9ydlngf5vsnwqg939y8pph07lrs6upe8j570llehe5rgjkqqky5suyxalmuwrts8y72nelllxlxsdz2cq2yp3v8,-0.3698637125135376,-0.19055446115656452,0.4697895722927437,-0.8163046557105024,2.864698018639229,1.9198930449041471,-0.517041391121403,-0.80263846393053,0.8390858175395481,-0.1985997332194037,-0.12211328230471638,-0.2719971579693273,-0.05686708097354005,-0.2869299002975837,-0.6434244608472249,-1.1158710066889979,-0.394581936614203,-1.0084863258959824,-1.021171650969141,1.3058362704127877,-0.6337248535617728,-0.6321977525957377,-0.5327739307780288,5.678873587267571,3.0874628412503395,0.8421052631578947,-3.052624445231449,-1.8405106905364752,-0.6395183412496844,0.0,0.0,0.0,0.0,0.0
ckb1qzfhdsa4syv599s2s3nfrctwga70g0tu07n9gpnun9ydlngf5vsnwqg9d8578luy5wxmq9hqgqkqf0hlc2slmegyq457ncllsj3cmvqkupqzcp97llp2rl09qsf6gpau,-0.7900833507669089,-0.22151054699761152,-0.5928812165553505,0.0,0.0,0.0,0.0,0.0,-0.3992070570723769,-1.5379389945779218,-0.7044131239549859,-0.7216417873835473,-0.7790888008662336,-0.646040844503135,-2.2434195516864803,-1.59421052748043,0.2664259312278618,0.0,0.0,0.0,-0.6370453824339642,-0.6345117440900954,-0.5453374138143248,-1.7095112913514543,1.0,0.0,0.0,-1.3333333333336186,-1.2847033940691095,0.0,0.0,0.0,0.0,0.0
ckb1qzda0cr08m85hc8jlnfp3zer7xulejywt49kt2rr0vthywaa50xwsqfhm04agnaq6r8t8fn75zclt30x0es6fyqn07upn,0.45628127845853333,1.274944365096489,0.48060750387240647,0.43466291295942194,-0.44258721937284434,-1.1186393956305458,-0.029474243595421754,-0.032930954850860006,-0.2876262548870489,0.016290327439765395,0.5697043705415122,0.47030099535877656,0.6067775489350133,0.46522583459128175,0.0564296353184998,0.2934234641863534,0.47584281416155094,-0.6860942626694885,-0.5476581972700457,-0.05329378942304639,-0.16624954513955104,-0.1863203802995817,0.4348481199481076,0.0,0.0,0.0,0.0,0.0,-0.5487530694347124,0.0,0.0,0.0,0.0,-0.22337278106508873
ckb1qzda0cr08m85hc8jlnfp3zer7xulejywt49kt2rr0vthywaa50xwsqfj8ejt4qckvuzrtezy9nvcv7le9ur8cuqy7s5x8,0.1688380882095232,0.26874419647007586,0.4761976978306051,-0.4227290563494449,0.6813148375071372,0.5487904291707465,-0.3275448955286516,-0.4416294676969342,-0.2510842534955996,0.0037058177453625986,0.30637770131205794,0.16325775625658223,0.3203553222042217,0.14029647602050246,0.18936590141466264,-0.5991349556521316,-0.6175179763783631,-0.10601612045777647,-0.07497083196981237,1.6712767948353047,-0.6227786252969941,-0.624081195056233,-0.2565970260627452,1.0,0.0,0.0,-2.724775784140173,0.0,0.25486530868185364,0.0,0.0,0.0,0.0,0.0
ckb1qzda0cr08m85hc8jlnfp3zer7xulejywt49kt2rr0vthywaa50xwsq08np8nmp86cyutmm8glcmp36udhrkquhgpeccr6,-0.011881173189748103,-0.012618798288172589,0.30219910803260225,-0.631601424777964,1.2625884262083193,0.21915291577772364,2.3400831707760905,1.106854575716232,-0.21667714450064018,0.0004213837009744608,0.11705539524947099,-0.029053090965400697,0.11442814957514123,-0.06321701092927573,0.0,-0.8497363716246915,-0.5696046348088847,-0.16016931862446396,-0.07333432435470877,0.3687288099861034,-0.6340396002262453,-0.6346853652339838,-0.4774890582983128,1.0,0.0,0.0,-0.20481873425486438,0.0,-0.025205845059575054,0.0,0.0,0.0,0.0,0.0
ckb1qzda0cr08m85hc8jlnfp3zer7xulejywt49kt2rr0vthywaa50xwsqg60za567aggkr4kdukm540wrujl4xn83g5sff6z,-0.036255044616674545,-0.03647655932998548,0.46880158268119243,-0.6832574647181652,1.4871471387200337,1.1385626583249753,-0.7094450315071078,-1.3012920439374571,-0.31200348675001877,0.010073351730247123,-0.7044131239549859,0.08497175112152035,-0.7790888008662336,0.057450094162415165,-2.2434195516864803,-0.7022793034820632,0.41486621143840535,0.0,0.0,0.0,-0.6286116154083039,-0.6328055509471018,-0.4042631066093227,-1.7095112913514543,0.0,0.0,0.0,0.0,-1.131239862067719,0.0,0.0,0.0,0.0,0.0
ckb1qzda0cr08m85hc8jlnfp3zer7xulejywt49kt2rr0vthywaa50xwsqg58nlmgm0f04zj3fedh4d369cpdz67s5q8n0dxm,0.04678105157650483,0.05665494838855431,0.47764906463930995,-0.6047532716213557,1.163712431758964,1.0540193344328168,-0.6285725947864245,-1.071197798285812,-0.377119535388102,0.01558546785867197,-0.7044131239549859,0.17382227428120545,-0.7790888008662336,0.15147640649344715,-2.2434195516864803,-0.5795151138827906,0.4352973278895654,0.0,0.0,0.0,-0.6169379965930144,-0.61765103812088,-0.1478117237670017,-1.7095112913514543,0.0,0.0,0.0,0.0,-0.9278730154724718,0.0,0.0,0.0,0.0,0.0
ckb1qzda0cr08m85hc8jlnfp3zer7xulejywt49kt2rr0vthywaa50xwsqfplruvrt4qsh2vu7vla0uuk2pxvstfx6csgmzu5,-0.5504921834058731,-0.21176457632908474,-0.036972554411471334,-0.825475678753015,3.249698715509512,1.3611987676584427,0.10043581747184409,0.10441718625741127,-0.032616879637660405,-0.29124874116341054,-0.48308458378404284,-0.53413013708664,-0.5383482275686691,-0.5977161945129125,-1.1835008036057046,-1.5239951838430665,0.22648159057120917,-1.2026502940596677,-0.929814736935969,-0.2584645147390789,-0.6385517461310258,-0.6465766399714676,-0.44752537327260494,0.0,0.0,0.0,0.0,0.0,-1.1154521746376544,0.0,0.0,0.0,0.0,0.0
ckb1qzda0cr08m85hc8jlnfp3zer7xulejywt49kt2rr0vthywaa50xwsqvhl5ywzxe4tpun3frshvq34p7rlh356sq0sx2vd,-0.7900833507669089,-0.22151054699761152,-0.5928812165553505,0.0,0.0,0.0,0.0,0.0,-0.3992070570723769,-1.5379389945779218,-0.7044131239549859,-0.7216417873835473,-0.7790888008662336,-0.79615091801856,-2.2434195516864803,-1.6062366610543333,0.26442447350384907,0.0,0.0,0.0,-0.4044760730559877,-0.36787825349975695,-0.5453374138143248,-1.7095112913514543,0.0,0.0,0.0,0.0,-1.078289969035693,0.0,0.0,0.0,0.0,0.0
ckb1qzda0cr08m85hc8jlnfp3zer7xulejywt49kt2rr0vthywaa50xwsqge57hkg6u3mc7jwh7emmu7pne7keyn2ccf79a2t,-0.6575188143623656,-0.21760418292586775,-0.5927673477232851,0.844718271120931,-2.412109231246497,-0.7037268472099291,-0.5713068192382432,-0.927058591491308,0.23352115841059087,-1.029493606390385,-0.5647703626466023,-0.6386665602919588,-0.6271984102809498,-0.7083421540315403,-0.25107044873817674,-0.20969658410317374,-0.38939799937208164,0.5352960426970597,0.7316267521368068,-0.8948766405425305,0.6802339012199502,0.8757080455389654,0.2450118154767891,0.0,0.0,0.0,0.0,0.0,0.03312386401044237,0.0,0.0,0.0,0.0,0.0
ckb1qzda0cr08m85hc8jlnfp3zer7xulejywt49kt2rr0vthywaa50xwsqd280gcprvtlm89nyxuc2ru9e2tqe0aewcks0h7q,-0.5799735316402232,-0.21370846291110532,-0.5845020952624567,-0.07546955099723408,0.28178508714638506,-1.7202415963873654,0.06158692516554637,0.06538704215354069,-0.011596727697453697,-1.0003395265189934,-0.48308458378404284,-0.5797946997680257,-0.5383482275686691,-0.524848737800028,0.028988446136881715,0.3661940421028567,0.5563572940083378,0.8104893935821469,0.9947060204706519,-0.619771388052251,0.9470819794064788,1.235593149386034,0.25219242226680366,0.0,1.8073549220576042,0.0,0.0,-1.4716555894570778,0.28152344762272496,0.0,0.0,0.0,0.0,0.0
ckb1qzda0cr08m85hc8jlnfp3zer7xulejywt49kt2rr0vthywaa50xwsqga8fka44mj0qm9pz3zx8fh23cd9t7ye2qw4p9mm,-0.7125380680447665,-0.21955603082058978,-0.5845098435313053,-0.4769273216902217,0.0,0.0,0.0,0.0,0.0,-0.9842553456576908,-0.5647703626466023,-0.7216417873835473,-0.6271984102809498,-0.79615091801856,-0.14230961189271113,-1.181212122414321,-0.5339150046049318,0.7159153614705017,0.9042951617369954,-0.8948766405425305,-0.027519152327873955,0.06429114943970206,-0.5453374138143248,0.0,0.0,0.0,0.0,0.0,0.16303205499059656,0.0,0.0,0.0,0.0,0.0
ckb1qzda0cr08m85hc8jlnfp3zer7xulejywt49kt2rr0vthywaa50xwsqgzku5d6wp53s4ukledn8j8u3t9vjxt7ys9uu00a,-0.44740899523567995,-0.20208459107275364,-0.5845342147381682,0.4708472098654042,-0.40578634820316506,-2.597488325963823,0.9125257512342865,0.6613978725828608,-0.22375675833126266,-1.2945966991697713,-0.5647703626466023,-0.37277857509031853,-0.6271984102809498,-0.4269654569387549,-0.14230961189271113,-0.7690506272801276,-0.5321074748285592,0.7159153614705017,0.9042951617369954,-0.8948766405425305,-0.17307412030185287,-0.10168152312615232,-0.4348000185316807,0.0,2.4594316186372973,0.0,0.0,-1.797752316765055,0.16303205499059656,0.0,0.0,0.0,0.0,0.0
ckb1qzda0cr08m85hc8jlnfp3zer7xulejywt49kt2rr0vthywaa50xwsqwz877ez7j69yehpaxf8fjl4g6cxg59k4cmp9c8s,-0.7125380680447665,-0.21955603082058978,-0.5923911812173567,0.4941285122797516,0.0,0.0,0.0,0.0,0.0,-0.9842553456576908,-0.5647703626466023,-0.7216417873835473,-0.6271984102809498,-0.79615091801856,-0.14230961189271113,-0.04532290754538847,-0.418557842825654,0.7159153614705017,0.9042951617369954,-0.8948766405425305,0.9799080943326514,1.2192752013394856,-0.5453374138143248,0.0,0.0,0.0,0.0,0.0,0.16303205499059656,0.0,0.0,0.0,0.0,0.0
ckb1qrj9k8u0yxllyvfhqddr4d636adnd2vpmmkru7pqr99ecppfvl60zq2jdhmvxjtkj8fx84gevn93j5eyc2xtgmg63glfg,-0.7125380680447665,-0.21955603082058978,-0.5928767109540818,0.4941285122797516,0.0,0.0,0.0,0.0,-0.3992070570723769,-1.5379389945779218,-0.5647703626466023,-0.7216417873835473,-0.5383482275686691,-0.7083421540315403,-1.151071861916844,-1.3866246725898697,0.27212395202169043,-1.1488746194499877,-0.878406281444684,-0.5807447665485986,-0.3634444578361318,-0.3208367809172794,-0.5453374138143248,1.0,0.5849625007211564,1.0,-2.9586569421488695,-1.0000000000002138,-1.041872970357596,0.0,0.0,0.0,0.0,0.0
ckb1qrj9k8u0yxllyvfhqddr4d636adnd2vpmmkru7pqr99ecppfvl60zqfd4pj6za0jzhxvsk960aw4ylu48hmrtjq8ec8zj,-0.7125380680447665,-0.21955603082058978,-0.5928788272213444,0.4941285122797516,0.0,0.0,0.0,0.0,-0.3992070570723769,-1.5379389945779218,-0.5647703626466023,-0.7216417873835473,-0.5383482275686691,-0.7083421540315403,-1.151071861916844,-1.3866246725898697,0.27212395202169043,-1.1488746194499877,-0.878406281444684,-0.5807447665485986,-0.3634444578361318,-0.3208367809172794,-0.5453374138143248,1.0,0.5849625007211564,1.0,-2.9586569421488695,-1.0000000000002138,-1.041872970357596,0.0,0.0,0.0,0.0,0.0
ckb1qzda0cr08m85hc8jlnfp3zer7xulejywt49kt2rr0vthywaa50xwsqd3t75wgj4rjmaem5f46ek9f5g2xe9gsucx860r9,-0.7125380680447665,-0.21955603082058978,-0.5728995063951677,-0.6769499795268213,0.0,0.0,0.0,0.0,0.0,-0.9842553456576908,-0.5647703626466023,-0.7216417873835473,-0.5383482275686691,-0.7083421540315403,0.407167905862294,-1.4051269927941898,-0.6730911123652278,1.4385324508298696,1.595102459743181,0.047380616369763234,-0.379842942393136,-0.3396371341948466,-0.5453374138143248,1.0,0.5849625007211564,0.0,-0.0009774224163516126,-1.0000000000002138,0.8193349933797612,0.0,0.0,0.0,0.0,0.0
ckb1qzda0cr08m85hc8jlnfp3zer7xulejywt49kt2rr0vthywaa50xwsqfqqgdjzldwm3gcuxnclfscjda2lw7jruqjxyp93,-0.7125380680447665,-0.21955603082058978,-0.5928786736213012,0.4941285122797516,0.0,0.0,0.0,0.0,-0.3992070570723769,-1.5379389945779218,-0.5647703626466023,-0.7216417873835473,-0.5383482275686691,-0.79615091801856,0.407167905862294,0.8044853650628873,-0.2765104046516548,1.4385324508298696,1.595102459743181,0.047380616369763234,1.7336083646199065,2.083369154505787,-0.5453374138143248,1.0,0.0,0.0,-0.0009774224163516126,0.0,0.8193350141217797,0.0,0.0,0.0,0.0,0.0
ckb1qzda0cr08m85hc8jlnfp3zer7xulejywt49kt2rr0vthywaa50xwsqdnvsjyahhu4hnqmv5aqy06jk7p289qcsck64eed,-0.7900833507669089,-0.22151054699761152,-0.5928812165553505,0.0,0.0,0.0,0.0,0.0,-0.3992070570723769,-1.5379389945779218,-0.7044131239549859,-0.7216417873835473,-0.7790888008662336,-0.7083421540315403,-2.2434195516864803,0.9780002765314673,0.6945079203261746,0.0,0.0,0.0,1.7336083412495422,2.0833691277123902,-0.5453374138143248,-1.7095112913514543,0.5849625007211564,0.0,0.0,-1.0000000000002138,0.8193349933797612,0.0,0.0,0.0,0.0,0.0
ckb1qzda0cr08m85hc8jlnfp3zer7xulejywt49kt2rr0vthywaa50xwsqgcls79s3gyaetwz3sm27r5gfjguywnh2cxxda76,-0.7900833507669089,-0.22151054699761152,-0.5928812165553505,0.0,0.0,0.0,0.0,0.0,-0.3992070570723769,-1.5379389945779218,-0.7044131239549859,-0.7216417873835473,-0.7790888008662336,-0.7083421540315403,-2.2434195516864803,-1.4047681180551883,0.29795401723070686,0.0,0.0,0.0,-0.37952488213393437,-0.33927248798526805,-0.5453374138143248,-1.7095112913514543,0.5849625007211564,0.0,0.0,-1.0000000000002138,-1.0561449113294183,0.0,0.0,0.0,0.0,0.0
ckb1qzda0cr08m85hc8jlnfp3zer7xulejywt49kt2rr0vthywaa50xwsqwrcse92s9lm5u09npr6uwhgsr0tk6scdsxn0pul,-0.3403823642791875,-0.18482407929368727,-0.2740723801121156,-0.736899240970357,1.8366139902485146,1.3361075993397429,-0.4880050466230573,-0.7403927545434239,0.8666587978617752,-0.1725787470332254,-0.22132854017094297,-0.3549723850609157,-0.25363438110833403,-0.40812200700069073,-0.2983981977565749,-0.22134875450829342,0.4195326159016758,-0.17412083926529787,-0.015182799014048043,-0.16844768387493428,0.29142663902592514,0.34873794432722793,0.21769124896257808,2.7095112913514536,0.5849625007211564,0.0,-4.53140775520241,-0.0113004696701646,-0.24622674809740377,0.0,0.0,0.0,0.0,0.0
ckb1qzda0cr08m85hc8jlnfp3zer7xulejywt49kt2rr0vthywaa50xwsqf7wdk98y3zdh3cyql86grghqwnen7ks5qzrld2q,-0.7125380680447665,-0.21955603082058978,-0.5928690138852476,0.4941285122797516,0.0,0.0,0.0,0.0,0.0,-1.5379389945779218,-0.48308458378404284,-0.8634888749990689,-0.5383482275686691,-0.9462609915339848,-0.26121139948403466,-3.2175038145104105,-0.5043082240469096,0.328555356394004,0.533986844368264,-0.18055200350448508,0.0,0.0,0.0,0.0,-1.0,0.0,0.0,0.0,-0.004403569664717736,0.0,0.0,0.0,0.0,0.0
ckb1qzda0cr08m85hc8jlnfp3zer7xulejywt49kt2rr0vthywaa50xwsqgvmsa3c3ecl7edwqjvezvjcrwqs3ypy0gdesfvg,-0.5504921834058731,-0.21176457632908474,-0.5736027215265264,-0.38442735678146156,0.7376905005859876,-1.1583242038021992,-0.23273659422390283,-0.29443458823020124,0.23352115841059087,-0.6603711737768978,-0.4251276013382189,-0.5797946997680257,-0.4753080196956661,-0.646040844503135,0.1625634400070349,0.43334033665420835,-0.0036944088509343414,0.9212324872016672,0.9630502695933778,-0.23688476647633364,1.1605254756390293,1.2926944543066723,0.1826836333582081,0.0,0.0,0.0,0.0,0.0,0.44558294751315547,0.0,0.0,0.0,0.0,0.0
ckb1qzda0cr08m85hc8jlnfp3zer7xulejywt49kt2rr0vthywaa50xwsq0c46rcy6f2qav3ddfgv2540mz6vl7knlc0pl0a0,-0.3807952705503036,-0.19246970372137784,0.4750602041769535,-0.8180884705794614,2.9166224043613123,-1.4560166001302763,0.9672340123424454,0.6870339878057716,0.7607445618748292,-0.48281780507772815,-0.2617560436130998,-0.41384424558484884,-0.2976076542711045,-0.470423316529096,-0.2958743318804232,-0.26229419689513683,-0.0037112574244650472,-0.10879927727254911,0.07944721106894001,-0.2819667308658244,0.3258120176351662,0.43396251975529626,0.1328036569860695,0.0,0.5849625007211564,0.0,0.0,-0.45471411799181416,-0.2970252704880665,0.0,0.0,0.0,0.0,0.0
ckb1qrgqep8saj8agswr30pls73hra28ry8jlnlc3ejzh3dl2ju7xxpjxqgqqx0f0kn59zeww42ufe72s3zp843zjtm70qknllc8,-0.015178672106097668,-0.016002772319607814,0.47976159430086507,-0.6672985241135382,1.4109286464665745,-0.3969088599812977,2.1779953345004524,1.0724923005652498,1.2270635670452374,-0.07166235574336802,0.12044138956230964,-0.03255133153314792,0.12880258135174374,0.12698807419156014,-0.021880659056434795,0.29496145188650696,0.5458439216421475,-0.21477367256910596,-0.1280273957598978,0.48717145532463885,0.18301723567412542,-0.10597266905860236,1.491065504640909,7.0590559426532185,4.78135971352466,0.4915254237288136,-4.942617881390894,-1.833186588101151,-0.052182119790917685,0.0,0.0,0.0,0.0,0.0
ckb1qzda0cr08m85hc8jlnfp3zer7xulejywt49kt2rr0vthywaa50xwsqw9eyh2qqwkzdmu5xlwkc4lhfx6zsmh0ssed8wsm,0.05957458731766729,0.07425675097517676,-0.2118280105841011,-0.23150287780922454,0.3412117589804285,-1.558432289247727,2.8578974678835225,1.2004993556141403,1.221691230554489,-0.006331668224873193,0.18581498568812566,0.05276268775624628,0.18921842835763616,0.023364763607519726,0.8763116059527836,1.5163834530535647,0.0025949749582380517,1.2002345353814223,1.3124832592742914,0.29447975569825896,1.373481140648808,1.6169949689677277,0.8086220065165821,0.0,1.584962500721156,0.0,0.0,-1.5810849165180538,0.9898194086419437,0.0,0.0,0.0,0.0,0.0
ckb1qzda0cr08m85hc8jlnfp3zer7xulejywt49kt2rr0vthywaa50xwsqw9cxywse038q9496gt72efccm2jf0lygs5fcq86,-0.7125380680447665,-0.21955603082058978,-0.5928716421526544,0.4941285122797516,0.0,0.0,0.0,0.0,-0.3992070570723769,-1.5379389945779218,-0.5647703626466023,-0.7216417873835473,-0.6271984102809498,-0.79615091801856,-0.13957784902542578,-0.025129553495212526,-0.003726880604544136,0.7204520050128894,0.9086321010561478,-0.8948766405425305,0.99781770629596,1.2398080152592044,-0.5453374138143248,0.0,0.0,0.0,0.0,0.0,0.16629497931046106,0.0,0.0,0.0,0.0,0.0
ckb1qzda0cr08m85hc8jlnfp3zer7xulejywt49kt2rr0vthywaa50xwsq22vda73jzdlu3lf6luskzcjz7z5ksa58stp95p5,-0.3698637125135376,-0.19055446115656452,0.2501774357832993,-0.8090105558994921,2.691703496305467,0.6554750709938946,0.27100370794493567,0.2581902150692551,0.8213589694125248,-0.22318613714423594,-0.34344182247565935,-0.4379476121525042,-0.3864578369833853,-0.470423316529096,0.6932492650272211,1.4919121403359679,0.761212920558323,1.6625924779764587,-0.6219536175271178,0.779547962059909,1.881616995404914,2.0025743922066255,0.9027118440381602,1.7095112913514543,1.0,0.0,-1.1224602277860254,-0.38970816513306633,1.2141366870079568,0.0,0.0,0.0,0.0,0.0
ckb1qzda0cr08m85hc8jlnfp3zer7xulejywt49kt2rr0vthywaa50xwsqvwwjyy2ue6h3cg9yf6k07c4u5mlsep05s3evt90,-0.1020966640980661,-0.08898166482371818,0.48024464937022654,-0.7297484017603101,1.758523895557621,-1.1321140236116947,3.3104457524727637,1.266706476582455,-0.24236788092915237,0.010209521804321357,0.02304932892869259,-0.12454308701572549,0.012177105574968632,-0.14203846625805244,-0.47944915434803986,-0.5370194480027503,0.2679899073696544,-0.8255303846904355,-0.5210469852169599,-0.5610214194192765,-0.2749865104157492,-0.15558930908046328,-0.061678969748948244,0.0,1.9999999999999998,0.0,0.0,-0.16981764952132583,-0.8847489289649239,0.0,0.0,0.0,0.0,0.0
ckb1qzda0cr08m85hc8jlnfp3zer7xulejywt49kt2rr0vthywaa50xwsqdxzpng0y93mrnmxq0e73j4yu4d3n3mkuqc5r59u,0.09537883204740326,0.12886294352353272,0.009219535396221216,-0.35091371610674293,0.5416592325629848,-1.1872965069889743,0.33507862079654477,0.30951434701481917,1.2248803405887343,0.009612418650461401,0.2293082731508407,0.08497175112152035,0.23652637585633124,0.057450094162415165,0.05625911328733106,0.27203390757354085,-0.003352173239298434,-0.2213986647714473,-0.2621541400025279,0.5039753468573025,0.23456412953623798,0.10197636146107522,1.0023924623912241,0.0,0.0,0.0,0.0,0.0,-0.0783285905770772,0.0,0.0,0.0,0.0,0.0
ckb1qzda0cr08m85hc8jlnfp3zer7xulejywt49kt2rr0vthywaa50xwsqwxz8p53apcnpykd55nh0aqkqvmyd52rusxajcax,-0.005451989675707948,-0.005874784081646467,0.48021374162818975,-0.6587120994438928,1.372583459041953,0.5119245194321119,4.701194575258236,1.4122065410089997,-0.267483646558247,0.012307659158092421,0.12044138956230964,-0.018903469279606448,0.11811111884528366,-0.049011062795139324,0.0005921629517197538,-0.3691502085351386,-0.5656528094593797,-0.1638689978895828,-0.008259046973681015,-0.3428013202079393,-0.22344166144717473,-0.13774778424967857,-0.13957402068216745,1.0,1.0,0.0,-0.21258459261139448,-0.009136047611082842,-0.2996020410429348,0.0,0.0,0.0,0.0,0.0
ckb1qzda0cr08m85hc8jlnfp3zer7xulejywt49kt2rr0vthywaa50xwsqw5pyla7y2d5y6dy2jxlj03c4p76ahmnhc0j4ars,-0.7125380680447665,-0.21955603082058978,-0.40817160080778947,-0.8254143601109275,0.0,0.0,0.0,0.0,0.0,-0.9842553456576908,-0.5647703626466023,-0.7216417873835473,-0.5383482275686691,-0.79615091801856,-1.3675268785392514,-2.1198796479367346,-0.204213138644513,-1.507354923134696,-1.2211061893536084,-0.8891821019956655,-0.8600292496051058,-0.8901558228732782,-0.5453374138143248,1.0,0.0,0.0,-3.328367513612939,0.0,-1.4348518898445135,0.0,0.0,0.0,0.0,0.0
ckb1qzda0cr08m85hc8jlnfp3zer7xulejywt49kt2rr0vthywaa50xwsqflgd96hhegvt75t3admj08a2y88yv5mdqy6cqs0,-0.7125380680447665,-0.21955603082058978,-0.4081919272135134,-0.8254122523142781,0.0,0.0,0.0,0.0,0.0,-0.9842553456576908,-0.5647703626466023,-0.7216417873835473,-0.5383482275686691,-0.7083421540315403,-1.3675268785392514,-1.8403788054967003,0.15371689980851014,-1.507354923134696,-1.2211061893536084,-0.8891821019956655,-0.7651253450366036,-0.7813514435962747,-0.5453374138143248,1.0,0.5849625007211564,0.0,-3.328367513612939,-1.0000000000002138,-1.3983788563632167,0.0,0.0,0.0,0.0,0.0
ckb1qzda0cr08m85hc8jlnfp3zer7xulejywt49kt2rr0vthywaa50xwsqt4rtfua5eqvmwtyn08y8yycc5lx2wty3qtcxx2a,-0.7900833507669089,-0.22151054699761152,-0.5928812165553505,0.0,0.0,0.0,0.0,0.0,-0.3992070570723769,-1.5379389945779218,-0.7044131239549859,-0.7216417873835473,-0.7790888008662336,-0.7083421540315403,-2.2434195516864803,-1.8869215917889675,0.21771128682747096,0.0,0.0,0.0,-0.8062200955659927,-0.8284652988504186,-0.5453374138143248,-1.7095112913514543,0.5849625007211564,0.0,0.0,-1.0000000000002138,-1.4348518898445135,0.0,0.0,0.0,0.0,0.0
ckb1qzda0cr08m85hc8jlnfp3zer7xulejywt49kt2rr0vthywaa50xwsqgvqj4l72jsc6mve69s24ggznk7vf09dpsgdszvp,-0.4179276470013299,-0.1982308734812551,0.22857154169907945,-0.8166063168275126,2.887277231819325,-1.217566180886619,0.9750497677405616,0.6906129783485419,0.4526758786645656,-0.7989489776227553,-0.3123863306661803,-0.4379476121525042,-0.35267856524338526,-0.470423316529096,0.5703729023950581,1.1236774821842557,0.6607525132650814,1.4085809511109895,1.5838165758593052,-0.3648669805766417,1.5550274099625427,1.8959878076142465,0.18099007264291908,0.0,1.3219280948873622,0.0,0.0,-1.4563785905067488,0.7962627329449274,0.0,0.0,0.0,0.0,0.0
ckb1qzda0cr08m85hc8jlnfp3zer7xulejywt49kt2rr0vthywaa50xwsqwvnfyyu53z75jyfvm2q2fpt8yrw432qqs89xeat,-0.7125380680447665,-0.21955603082058978,-0.5292911570483898,-0.7894713009012687,0.0,0.0,0.0,0.0,0.0,-0.9842553456576908,-0.5647703626466023,-0.7216417873835473,-0.6271984102809498,-0.7083421540315403,0.38783939511683013,-1.7997511068192285,-0.6682146851218397,1.5963347777952872,1.7459582874218649,-0.8948766405425305,-0.7292276333725924,-0.74019583200341,-0.5453374138143248,0.0,0.5849625007211564,0.0,0.0,-1.0000000000002138,0.7962627329449274,0.0,0.0,0.0,0.0,0.0
ckb1qzda0cr08m85hc8jlnfp3zer7xulejywt49kt2rr0vthywaa50xwsq0xz88g9vckq3vp47c4nakj2g7ugslm2acl45l9r,-0.5249542779578223,-0.20982332910508142,-0.33233291065161424,-0.7973709992841117,2.547168582253851,1.8010046862955538,-0.7073964967553816,-1.2950309305033723,0.6074496803563549,-0.7745291188335125,-0.48308458378404284,-0.4968194726764373,-0.4753080196956661,-0.5582320805161156,0.49604722885848423,0.9392033916218565,-0.39063719898780114,1.4750493990742048,1.726073811494509,-0.22708246880502517,1.4957656936490524,1.7640946883384103,0.3524348678513544,1.7095112913514543,1.3219280948873622,0.0,-3.323756058992783,-1.0941869907027904,0.7962627329449274,0.0,0.0,0.0,0.0,0.0
ckb1qzda0cr08m85hc8jlnfp3zer7xulejywt49kt2rr0vthywaa50xwsqdhxwwku2qxwcj784l5slje2tsa76nlgvsawdc7v,-0.7125380680447665,-0.21955603082058978,-0.5000839210902988,-0.8065912953419487,0.0,0.0,0.0,0.0,0.0,-1.5379389945779218,-0.5647703626466023,-0.7216417873835473,-0.5383482275686691,-0.646040844503135,-0.8818078614659249,-1.7372155238890077,-0.34337921812559485,-0.7020006582838894,-0.4512038277410869,-0.021371543198046,-0.7633572640702798,-0.7793243936774435,-0.5453374138143248,1.0,1.0,0.0,-0.4688482332931718,-1.3333333333336186,-0.7275888073255912,0.0,0.0,0.0,0.0,0.0
ckb1qzda0cr08m85hc8jlnfp3zer7xulejywt49kt2rr0vthywaa50xwsq25kj6kupzglv5kwcqh54mmm0vd830lt2quf2fvf,-0.7900833507669089,-0.22151054699761152,-0.5928812165553505,0.0,0.0,0.0,0.0,0.0,-0.3992070570723769,-1.5379389945779218,-0.7044131239549859,-0.7216417873835473,-0.7790888008662336,-0.7083421540315403,-2.2434195516864803,-0.9872286109115701,0.3674433228764126,0.0,0.0,0.0,-0.009335461616745255,0.08513818613207863,-0.5453374138143248,-1.7095112913514543,0.5849625007211564,0.0,0.0,-1.0000000000002138,-0.7275888073255912,0.0,0.0,0.0,0.0,0.0
ckb1qzda0cr08m85hc8jlnfp3zer7xulejywt49kt2rr0vthywaa50xwsq0rk5lgxzurkxdnq95zcra0lpyax9ja0rqqk8gaz,-0.7900833507669089,-0.22151054699761152,-0.5928812165553505,0.0,0.0,0.0,0.0,0.0,-0.3992070570723769,-1.5379389945779218,-0.7044131239549859,-0.7216417873835473,-0.7790888008662336,-0.7083421540315403,-2.2434195516864803,-1.8054037958928422,0.2312779432460256,0.0,0.0,0.0,-0.7342235049537998,-0.745923443620786,-0.5453374138143248,-1.7095112913514543,0.5849625007211564,0.0,0.0,-1.0000000000002138,-1.3709523886646784,0.0,0.0,0.0,0.0,0.0
ckb1qzda0cr08m85hc8jlnfp3zer7xulejywt49kt2rr0vthywaa50xwsqvx0mstg9aqgrgvsqnrqd4ekwcthk0pfpqkaq02f,-0.7125380680447665,-0.21955603082058978,-0.5928387546767266,0.4941285122797516,0.0,0.0,0.0,0.0,0.0,-1.5379389945779218,-0.5647703626466023,-0.7216417873835473,-0.5383482275686691,-0.79615091801856,-0.1628661914353508,-0.06046733815609336,-0.003731325568037785,0.49187667720097455,0.6901187183507738,0.04712947187971187,0.9664764041355187,1.2038761856595233,-0.5453374138143248,1.0,0.0,0.0,-0.002750982310576126,0.0,0.13847847359332047,0.0,0.0,0.0,0.0,0.0
ckb1qzda0cr08m85hc8jlnfp3zer7xulejywt49kt2rr0vthywaa50xwsqwuuu2n4serlsnuvhxwu0nuhsms76aez0cv7nxdh,-0.7900833507669089,-0.22151054699761152,-0.5928812165553505,0.0,0.0,0.0,0.0,0.0,-0.3992070570723769,-1.5379389945779218,-0.7044131239549859,-0.7216417873835473,-0.7790888008662336,-0.79615091801856,-2.2434195516864803,-0.06051907803291594,0.5216716075614449,0.0,0.0,0.0,0.9664305157152682,1.2038235760108047,-0.5453374138143248,-1.7095112913514543,0.0,0.0,0.0,0.0,0.13843774600970846,0.0,0.0,0.0,0.0,0.0
ckb1qzda0cr08m85hc8jlnfp3zer7xulejywt49kt2rr0vthywaa50xwsqv98zwvdlfvcwhppy75jcs0u8566vupxzs735ggx,-0.7900833507669089,-0.22151054699761152,-0.5928812165553505,0.0,0.0,0.0,0.0,0.0,-0.3992070570723769,-1.5379389945779218,-0.7044131239549859,-0.7216417873835473,-0.7790888008662336,-0.79615091801856,-2.2434195516864803,-2.180356381505519,0.16887619591789807,0.0,0.0,0.0,-0.9136664427298357,-0.9516491990481705,-0.5453374138143248,-1.7095112913514543,0.0,0.0,0.0,0.0,-1.5302142942165091,0.0,0.0,0.0,0.0,0.0
ckb1qzda0cr08m85hc8jlnfp3zer7xulejywt49kt2rr0vthywaa50xwsq20gymh8hj0295y4sexft6t8u07c87txyg4y75m0,-0.7900833507669089,-0.22151054699761152,-0.5928812165553505,0.0,0.0,0.0,0.0,0.0,-0.3992070570723769,-1.5379389945779218,-0.7044131239549859,-0.7216417873835473,-0.7790888008662336,-0.79615091801856,-2.2434195516864803,-0.3328989034903108,0.47634060386214094,0.0,0.0,0.0,0.7248551454991855,0.9268649163594425,-0.5453374138143248,-1.7095112913514543,0.0,0.0,0.0,0.0,-0.07596887412165443,0.0,0.0,0.0,0.0,0.0
ckb1qqcz6dvc97r9a097mwdfxc8yq5cw6v4dhrsskshmhecdsvf07l8d7q245y9mqs3e4l6ycsv4amhgzhzd85ewf59amlnmqmur37uda2c8fuyf2j6v,-0.6148425657080245,-0.215654996037962,-0.592830426141048,1.1166568148594387,-3.317864986768508,-1.7794661767735158,-0.30490171867367877,-0.4047420698710721,0.0,-1.5379389945779218,-0.48308458378404284,-0.6386665602919588,-0.5383482275686691,-0.7083421540315403,-1.368522236084266,-1.889931955261167,-0.003710024464027116,-1.5089997565779703,-1.2226786168028758,-0.8948766398357318,-0.8088768671414331,-0.8315112049536594,-0.5453374138143248,1.0,0.0,0.5,-3.328489047579879,0.0,-1.4372098678678598,0.0,0.0,0.0,0.0,0.0
ckb1qqcz6dvc97r9a097mwdfxc8yq5cw6v4dhrsskshmhecdsvf07l8d7qw3smwpw49khlnp34vzdfg27rsau0fpnx4eq8u6l4fzucydmsjkfy7jfem9,-0.6575188143623656,-0.21760418292586775,-0.5928363994760635,0.844718271120931,-3.1085560696734817,-1.05677114470431,-1.0313877334170833,-2.7174328934199488,-0.032616879637660405,-1.5379389945779218,-0.5647703626466023,-0.6386665602919588,-0.6271984102809498,-0.7083421540315403,-1.4157082705989446,-1.8343220861097334,0.18853969315046118,-1.3988200978505219,-1.1173490951772114,-0.8948766405425305,-0.7597751781234211,-0.7752176433836923,-0.33679740305699657,0.0,0.5849625007211564,0.5,0.0,-0.9599994980909062,-1.35796469224663,0.0,0.0,0.0,0.0,0.0
ckb1qrgqep8saj8agswr30pls73hra28ry8jlnlc3ejzh3dl2ju7xxpjxqgqqy5z928yw33t5enjqglmeq7w23dk99q7qvm3yvlr,-0.39238974155327905,-0.1943875153581412,-0.5904445225358442,1.9707494416830387,-1.5772376455949628,-1.913191190392433,0.5218189151406519,0.44271725796043426,0.4614486649565634,-1.1382192127426563,-0.28548484002983543,-0.41384424558484884,-0.3234176291103823,-0.470423316529096,-1.1210304927191377,-1.3411512694254937,0.27966412035996935,-1.4407499943930615,-1.222677939117968,-0.6279158773616376,-0.63018293521719,-0.8315112117077187,0.8148769449465108,3.089693646737102,1.9999999999999998,0.8571428571428571,-5.465296831211406,-1.3121976355500378,-0.9854480030102017,0.0,0.0,0.0,0.0,0.0
ckb1qzda0cr08m85hc8jlnfp3zer7xulejywt49kt2rr0vthywaa50xwsqfx7c8l89wcf42vxgajjke9zdt7myeqrdqj6mqm6,-0.22199099231643385,-0.150915888568516,-0.40882375245810204,-0.52083332993178,0.9280759067584659,-0.9840728336548696,0.9739092815818575,0.690091997888662,0.8196472556500575,-0.33843443241051124,0.0,-0.4968194726764373,0.018020958913969588,-0.524848737800028,0.13498042718613906,0.5575597663991111,0.594382176214297,0.18713513786773855,-0.4405427275923663,4.252512780589636,1.116805077106224,0.8986480443064132,0.8114961998973583,6.838045165405817,1.584962500721156,0.0,-0.47672801141781734,-1.1017887777595454,0.47741060581665895,0.0,0.0,0.0,0.0,0.0
ckb1qzda0cr08m85hc8jlnfp3zer7xulejywt49kt2rr0vthywaa50xwsqtrvtdrcnncgh0vsc6rvsfvl3mk4lrf0hqv5ttla,-0.7125380680447665,-0.21955603082058978,-0.5928738437532745,0.4941285122797516,0.0,0.0,0.0,0.0,-0.3992070570723769,-1.5379389945779218,-0.5647703626466023,-0.7216417873835473,-0.6271984102809498,-0.79615091801856,-0.47405973127778156,-0.5323266725458151,0.16953229949615606,0.164977337230413,0.3776095719572494,-0.8948766405425305,0.5479814102287788,0.724084671816282,-0.5453374138143248,0.0,0.0,0.0,0.0,0.0,-0.23295052227318716,0.0,0.0,0.0,0.0,0.0
ckb1qzda0cr08m85hc8jlnfp3zer7xulejywt49kt2rr0vthywaa50xwsqdtzdy4dlvfxna90pxjuxmkkfvqkjr595sqw5q4m,-0.6148425657080245,-0.215654996037962,-0.5115646027232588,-0.7593816609651018,2.1949903645822735,-0.021891555230221037,-0.1557959706266288,-0.18769722638153574,0.1996035285361884,-1.0887475623382277,-0.4251276013382189,-0.6386665602919588,-0.4753080196956661,-0.7083421540315403,-0.17664234572629406,-0.08076735311782168,0.2672204336156093,0.3579145558286573,-0.6495194542254812,0.43088167503325103,0.7945815015994567,1.0068040182249647,0.49007686863539,1.7095112913514543,0.5849625007211564,0.0,-0.04643308683129611,-0.013913620354648914,0.12181008650759323,0.0,0.0,0.0,0.0,0.0
ckb1qzda0cr08m85hc8jlnfp3zer7xulejywt49kt2rr0vthywaa50xwsq275zthc09tdzvgzlycvrl8p5n2ea2e7as0q8aes,-0.24823073414576033,-0.160254447966845,-0.5433106425962769,-0.011238624912185313,0.056272658958124326,0.5187672016965211,-0.36386546847336515,-0.5032811121958022,0.4487189884115486,-0.038167713668412526,-0.7044131239549859,-0.6386665602919588,-0.7790888008662336,-0.7083421540315403,-2.2434195516864803,-1.0252123171511907,0.36112185789577356,0.0,0.0,0.0,-0.04301853358694381,0.04652159017090019,0.0902492817496207,-1.7095112913514543,0.0,0.0,0.0,0.0,-0.6637191892283878,0.0,0.0,0.0,0.0,0.0
ckb1qzda0cr08m85hc8jlnfp3zer7xulejywt49kt2rr0vthywaa50xwsqtxd3nueqkvw2s3xactdp9t0c6axsgmewgweeu7e,-0.6148425657080245,-0.215654996037962,0.3540434234319614,-0.837150909399409,4.029424154467825,-1.3659060121776423,-0.1497273557584904,-0.17970997740983757,0.0,-0.9842553456576908,-0.48308458378404284,-0.6386665602919588,-0.5383482275686691,-0.7083421540315403,-0.4856605744232797,-0.5502759265399794,-0.001304240847258588,-0.04418299099448727,0.1776565355306869,-0.08078963842910986,0.37817584605256144,0.5294078659253411,0.3553904776856795,0.0,0.0,0.0,0.0,0.0,-0.2609719676135369,0.0,0.0,0.0,0.0,0.0
ckb1qqcz6dvc97r9a097mwdfxc8yq5cw6v4dhrsskshmhecdsvf07l8d7qf4mvqmuqzfeahs4axptm5en0m3jjndht530kdp0uvxvjr3un0rsvh828t2,-0.7125380680447665,-0.21955603082058978,-0.5928632965503043,0.4941285122797516,0.0,0.0,0.0,0.0,0.0,-1.5379389945779218,-0.5647703626466023,-0.7216417873835473,-0.6271984102809498,-0.79615091801856,-1.415708119305065,-1.9615323708900068,-0.003726678989127065,-1.3988198465965016,-1.1173488549834583,-0.8948766405425305,-0.719590059547488,-0.7291466529148942,-0.5453374138143248,0.0,0.0,1.0,0.0,0.0,-1.35796469224663,0.0,0.0,0.0,0.0,0.0
ckb1qzda0cr08m85hc8jlnfp3zer7xulejywt49kt2rr0vthywaa50xwsqd4h5ahm0l94adpfafpftu00tpsncrmmqgghtrxy,-0.7125380680447665,-0.21955603082058978,-0.5926307802181611,0.4941285122797516,0.0,0.0,0.0,0.0,0.0,-1.5379389945779218,-0.5647703626466023,-0.7216417873835473,-0.6271984102809498,-0.79615091801856,-0.44884133560024714,-0.4944066826186697,-0.003730906463690628,0.20685757261612744,0.4176462285388385,-0.8948766405425305,0.5816128863847584,0.7626421147788046,-0.5453374138143248,0.0,0.0,0.0,0.0,0.0,-0.20310140675208813,0.0,0.0,0.0,0.0,0.0
ckb1qzda0cr08m85hc8jlnfp3zer7xulejywt49kt2rr0vthywaa50xwsqtefa8zf5x0lltkreu77zv5830nwkld24gwljv3p,-0.7125380680447665,-0.21955603082058978,-0.5871153098650046,-0.3413018875269324,0.0,0.0,0.0,0.0,0.0,-0.9842553456576908,-0.7044131239549859,-0.6386665602919588,-0.7790888008662336,-0.7083421540315403,-2.2434195516864803,-0.320139528130137,0.47846409186526884,0.0,0.0,0.0,0.5822821085475324,0.763409357205237,-0.5421991338669798,-1.7095112913514543,0.5849625007211564,0.0,0.0,-0.9999909412137782,-0.20191527532348297,0.0,0.0,0.0,0.0,0.0
ckb1qqcz6dvc97r9a097mwdfxc8yq5cw6v4dhrsskshmhecdsvf07l8d7qvml6appkndqvveylvggcmfk02vgs76k87eqmctyamkjwc0ppuqf5uvskfx,-0.7125380680447665,-0.21955603082058978,-0.5928776496210129,0.4941285122797516,0.0,0.0,0.0,0.0,-0.3992070570723769,-1.5379389945779218,-0.5647703626466023,-0.7216417873835473,-0.6271984102809498,-0.79615091801856,-1.482053283364759,-2.062204575371504,-0.003726678989127065,-1.5089993807370923,-1.2226782575066106,-0.8948766405425305,-0.8088768671414331,-0.8315112049536594,-0.5453374138143248,0.0,0.0,1.0,0.0,0.0,-1.4372098678678598,0.0,0.0,0.0,0.0,0.0
ckb1qzda0cr08m85hc8jlnfp3zer7xulejywt49kt2rr0vthywaa50xwsqgvs5gksmvyjy2jl746vvnnq5a7nuey9hsz2uudd,0.49411911568462463,1.4649993400251793,0.47996197409062524,0.5973157509211664,-0.5910738572381468,0.0,0.4072451648531634,0.3637011734011271,1.4268421703664589,0.015603373152582888,-0.20379906116727586,0.651114558542759,-0.14571726368582083,0.656572288849843,-0.022306586957194723,0.27987163362237444,0.5399418746061528,0.13899653773310033,0.32352494472104554,0.19299865521342022,-0.3744388218440269,-0.349083178668752,-0.27211837091540453,3.419022582702908,0.0,0.0,-0.07887889724816802,0.0,0.05744062528938164,0.0,0.0,0.0,0.0,0.0
ckb1qzda0cr08m85hc8jlnfp3zer7xulejywt49kt2rr0vthywaa50xwsq2uq6ykas222qjhw4k6847guv3y8c7wvccalk3tf,-0.7125380680447665,-0.21955603082058978,-0.592867512018158,0.4941285122797516,0.0,0.0,0.0,0.0,-0.3992070570723769,-1.5379389945779218,-0.5647703626466023,-0.7216417873835473,-0.6271984102809498,-0.79615091801856,-0.5879849800479754,-0.7055435702817369,-0.0037316442746608896,-0.02421852978194355,0.19674215599202066,-0.8948766405425305,0.394354260611628,0.5479559157847089,-0.5453374138143248,0.0,0.0,0.0,0.0,0.0,-0.36930000972451854,0.0,0.0,0.0,0.0,0.0
ckb1qzda0cr08m85hc8jlnfp3zer7xulejywt49kt2rr0vthywaa50xwsq0fjsxk3ufezyljeglltk69mhtgrruqsusa36w9h,-0.7125380680447665,-0.21955603082058978,-0.5928651056174804,0.4941285122797516,0.0,0.0,0.0,0.0,-0.3992070570723769,-1.5379389945779218,-0.5647703626466023,-0.7216417873835473,-0.6271984102809498,-0.79615091801856,-0.7547325066727334,-0.9585666454070852,-0.003721967951494908,-0.30113644931683553,-0.06798576503318826,-0.8948766405425305,0.16994651329049373,0.29067940262920827,-0.5453374138143248,0.0,0.0,0.0,0.0,0.0,-0.5684697619694604,0.0,0.0,0.0,0.0,0.0
ckb1qzda0cr08m85hc8jlnfp3zer7xulejywt49kt2rr0vthywaa50xwsqwh8cgh37vm79za0w7h9wc36rvkcucyaag3pg77j,-0.29231842979139516,-0.17343176116234924,0.3784775892459558,-0.7975435028064212,2.464066400340721,-0.6431187009618737,0.400589686935572,0.35885474371359277,0.8650069133748315,-0.14964363023802074,-0.17274356935779686,-0.32342666778657664,-0.2007881746581015,-0.37473866428460323,0.049431397796087184,0.26167351461862853,-0.003671839438730244,0.3316249067857411,0.4023853504573833,0.17052847604441823,0.6827213927864554,0.7478107917197173,0.6334573085161702,0.0,1.3219280948873622,0.0,0.0,-0.6923068499004325,0.16885365049699455,0.0,0.0,0.0,0.0,0.0
ckb1qzda0cr08m85hc8jlnfp3zer7xulejywt49kt2rr0vthywaa50xwsqt9vmtr0jddwrpmpp4tfvvmsmfxt4dvllqkk0arq,-0.6575188143623656,-0.21760418292586775,-0.3712568000125815,-0.8206328661162655,3.2472109706516883,2.16510766352979,-0.49369335699349015,-0.7523636497625104,0.23352115841059087,-1.029493606390385,-0.48308458378404284,-0.6386665602919588,-0.5383482275686691,-0.5582320805161156,-0.15285360398225908,0.35552840467253344,0.5815289345409298,0.5085045455449012,0.7060146236253833,0.047152410188018926,0.9781012056449918,1.2172036595733455,-0.5453374138143248,1.0,1.584962500721156,0.0,-0.002589013650513178,-1.600000000000342,0.15039957008276325,0.0,0.0,0.0,0.0,0.0
ckb1qzda0cr08m85hc8jlnfp3zer7xulejywt49kt2rr0vthywaa50xwsqddyz6vl88hqfhcrfv55xpqzan04myfn7qweufsa,-0.27865188869028373,-0.16965440530374593,0.14280317194670658,-0.7781749301661997,2.198895771813164,1.34756858339033,-0.27151090563526104,-0.35238130018481234,1.2062602659649202,-0.05047064348697367,-0.17274356935779686,-0.2961005245369826,-0.07373167037946306,-0.3458206974722854,0.5737802707963215,0.6339093887128603,-0.7066880691584967,1.0344372647316724,0.8953934572135344,1.1317085932076194,0.9810868771940253,1.139946221502877,0.4074978749387468,5.419022582702907,3.0,0.0,-5.065837405017689,-1.7553241431085884,0.8314029805063615,0.0,0.0,0.0,0.0,0.0
ckb1qrgqep8saj8agswr30pls73hra28ry8jlnlc3ejzh3dl2ju7xxpjxqgqqyknjsdgjmz9a475mzuledqlm82yujj4vu8xllec,0.31870428219940805,0.695239400706989,0.47967981081116806,-0.059549589784494386,0.09547296964671913,-1.5722285848759099,2.644279469380965,1.1645300983009466,1.2285763658033264,-0.011352509599640778,0.48747629816379595,0.3016883690310116,0.5214335452345921,0.5157781918231887,0.21395833765530042,0.7390239625181002,0.6332673645298937,-0.3176496155627662,-0.8141879388207577,4.571260138316905,0.17696655348818846,-0.5967733964973777,4.14688867049126,11.858260880741776,7.092757140919852,0.6024844720496895,-5.581667353906227,-1.8342508552764238,0.3190324441205871,0.0,0.0,0.0,0.0,0.0
ckb1qzda0cr08m85hc8jlnfp3zer7xulejywt49kt2rr0vthywaa50xwsq0m0zyttfjaw4ft9sjyz8rv2jnk2e66e5c89pdn5,-0.7125380680447665,-0.21955603082058978,-0.5928776325543413,0.4941285122797516,0.0,0.0,0.0,0.0,-0.3992070570723769,-1.5379389945779218,-0.5647703626466023,-0.7216417873835473,-0.6271984102809498,-0.79615091801856,-1.2656515553535252,-1.7338350623973673,-0.0036485546372905333,-1.1496206390093042,-0.8791194610298613,-0.8948766405425305,-0.5176438929988244,-0.49762164455406627,-0.5453374138143248,0.0,0.0,0.0,0.0,0.0,-1.1787303813172714,0.0,0.0,0.0,0.0,0.0
ckb1qqunmue4ncels5qse4j6839yy68h9k27c6cyj7q6j9kxsze3a2dgsqvcg4qnx88s32fzxpeldkc9daejv92lx2yupu5ahmqkdhwlhm9qksdws8hd,0.023803427995723957,0.027376211338535208,0.33652764249951755,-0.6002706430631101,1.1490744923545109,-0.13267879165345836,1.013865035331712,0.708089439049528,1.247760072681433,-0.1433710062706857,0.2911396426801721,0.14923569122015842,0.544521354468132,0.36286384881816286,0.018042306143642436,-0.44395664563560167,-0.5717082141704974,-0.6718534660640324,-0.9916613729898394,2.598786383307601,-0.7137853237668592,-0.7224917036127563,-0.5453374138143247,7.938724591832234,6.1799090900149345,0.010471204188481676,-4.506223443041821,-1.5592103407228526,-0.10647899763686336,0.0,0.0,0.0,0.0,0.0
