address,PERIODIC_EXECUTION_score,PERIODIC_EXECUTION_support_n,PERIODIC_EXECUTION_state,PERIODIC_EXECUTION_reasons,SCRIPT_TEMPLATE_REPETITION_score,SCRIPT_TEMPLATE_REPETITION_support_n,SCRIPT_TEMPLATE_REPETITION_state,SCRIPT_TEMPLATE_REPETITION_reasons,BATCH_DISTRIBUTION_score,BATCH_DISTRIBUTION_support_n,BATCH_DISTRIBUTION_state,BATCH_DISTRIBUTION_reasons,FAN_IN_COLLECTION_score,FAN_IN_COLLECTION_support_n,FAN_IN_COLLECTION_state,FAN_IN_COLLECTION_reasons,CELL_CONSOLIDATION_score,CELL_CONSOLIDATION_support_n,CELL_CONSOLIDATION_state,CELL_CONSOLIDATION_reasons,CELL_FRAGMENTATION_score,CELL_FRAGMENTATION_support_n,CELL_FRAGMENTATION_state,CELL_FRAGMENTATION_reasons,ROUND_TRIP_score,ROUND_TRIP_support_n,ROUND_TRIP_state,ROUND_TRIP_reasons,IRREGULAR_ACTIVITY_score,IRREGULAR_ACTIVITY_support_n,IRREGULAR_ACTIVITY_state,IRREGULAR_ACTIVITY_reasons,DAO_ACTIVITY_score,DAO_ACTIVITY_support_n,DAO_ACTIVITY_state,DAO_ACTIVITY_reasons,top_archetype,top_score,is_scripted,touches_cellbase_directly,n_cellbase_inputs_direct,n_tx_in_window
ckb1qpl0dc3xe2dr299vwe6e7zc42rnsex4pptlcjyglahevnkqq6ft0wqgw8xxul,,0,INSUFFICIENT_EVIDENCE,,,0,INSUFFICIENT_EVIDENCE,,,0,INSUFFICIENT_EVIDENCE,,,0,INSUFFICIENT_EVIDENCE,,,0,INSUFFICIENT_EVIDENCE,,,0,INSUFFICIENT_EVIDENCE,,,0,INSUFFICIENT_EVIDENCE,,,0,INSUFFICIENT_EVIDENCE,HIGH_INTERVAL_VARIANCE;VARIED_TIME_OF_DAY;VARIED_DAY_OF_WEEK,0.0,1,OK,,INSUFFICIENT_EVIDENCE,,False,False,0.0,0
ckb1qpw9q60tppt7l3j7r09qcp7lxnp3vcanvgha8pmvsa3jplykxn32sqf352eynr4y9zl66sdxjcef3a6z9uqhkncsaanyg,0.09470473180559137,3,OK,,0.5,2,OK,SINGLE_LOCK_SCRIPT,0.5720796640212936,3,OK,FANOUT_DOMINANT_SHAPE;EVEN_CAPACITY_SPREAD,0.0,2,OK,,0.0,2,OK,FEW_DISTINCT_SOURCES,0.4145652681611996,2,OK,1_TO_N_SHAPE,0.28291200425216584,3,OK,NEAR_ZERO_NET_FLOW,0.6758832034865467,4,OK,HIGH_INTERVAL_VARIANCE;VARIED_DAY_OF_WEEK,0.0,1,OK,,IRREGULAR_ACTIVITY,0.6758832034865467,False,False,0.0,21
ckb1qpw9q60tppt7l3j7r09qcp7lxnp3vcanvgha8pmvsa3jplykxn32sqgwvhnrqkx9ka45f2cnc90fy30m3scpupqggwawq,0.2976143974354666,3,OK,LOW_LIFETIME_VARIANCE,0.7426550598476604,2,OK,DOMINANT_TX_SHAPE;SINGLE_LOCK_SCRIPT,0.007000368814746564,3,OK,,0.0,2,OK,MANY_DISTINCT_SENDERS,0.0,2,OK,,0.006911495376113474,2,OK,,0.19894506293354888,3,OK,,0.7326618322938601,4,OK,HIGH_INTERVAL_VARIANCE;VARIED_TIME_OF_DAY;VARIED_DAY_OF_WEEK,0.0,1,OK,,IRREGULAR_ACTIVITY,0.7326618322938601,True,False,0.0,919
ckb1qpw9q60tppt7l3j7r09qcp7lxnp3vcanvgha8pmvsa3jplykxn32sqty5egmnlvtn3p92d5w4nt07g6fn7564dcyz5qggqcgqusq29srmq,,0,INSUFFICIENT_EVIDENCE,,,0,INSUFFICIENT_EVIDENCE,,,0,INSUFFICIENT_EVIDENCE,,,0,INSUFFICIENT_EVIDENCE,,,0,INSUFFICIENT_EVIDENCE,,,0,INSUFFICIENT_EVIDENCE,,,0,INSUFFICIENT_EVIDENCE,,,0,INSUFFICIENT_EVIDENCE,,0.0,1,OK,,INSUFFICIENT_EVIDENCE,,False,False,0.0,0
ckb1qpw9q60tppt7l3j7r09qcp7lxnp3vcanvgha8pmvsa3jplykxn32sqv59f6lmp36qjwxty6pgjy454hms4cz9xrkpsqggqcgqusqm5y56x,,0,INSUFFICIENT_EVIDENCE,,,0,INSUFFICIENT_EVIDENCE,,,0,INSUFFICIENT_EVIDENCE,,,0,INSUFFICIENT_EVIDENCE,,,0,INSUFFICIENT_EVIDENCE,,,0,INSUFFICIENT_EVIDENCE,,,0,INSUFFICIENT_EVIDENCE,,,0,INSUFFICIENT_EVIDENCE,,0.0,1,OK,,INSUFFICIENT_EVIDENCE,,False,False,0.0,0
ckb1qpw9q60tppt7l3j7r09qcp7lxnp3vcanvgha8pmvsa3jplykxn32sqw37myuwmsdzkn58rnun5rd9gztrhr4u2gyz5qggqcgqusqj0ljyf,,0,INSUFFICIENT_EVIDENCE,,,0,INSUFFICIENT_EVIDENCE,,,0,INSUFFICIENT_EVIDENCE,,,0,INSUFFICIENT_EVIDENCE,,,0,INSUFFICIENT_EVIDENCE,,,0,INSUFFICIENT_EVIDENCE,,,0,INSUFFICIENT_EVIDENCE,,,0,INSUFFICIENT_EVIDENCE,,0.0,1,OK,,INSUFFICIENT_EVIDENCE,,False,False,0.0,0
ckb1qqcratfhhe0whl8n2pyyw9248r9kyw3x7gmkp80jf0ffvagvzgc8sqgdzm4fw,0.11848223476378093,3,OK,,0.4813385156000426,2,OK,SINGLE_LOCK_SCRIPT,0.0026099507838763633,3,OK,MANY_DISTINCT_RECIPIENTS;EVEN_CAPACITY_SPREAD,0.0,2,OK,MANY_DISTINCT_SENDERS,0.0,2,OK,,0.00138430412096685,2,OK,,0.5404061240824419,3,OK,HIGH_RECIPROCITY_CELL;HIGH_RECIPROCITY_LEGACY_EDGES;NEAR_ZERO_NET_FLOW,0.8310846565155953,4,OK,HIGH_INTERVAL_VARIANCE;VARIED_TIME_OF_DAY;VARIED_DAY_OF_WEEK,0.0,1,OK,,IRREGULAR_ACTIVITY,0.8310846565155953,False,False,0.0,9391
ckb1qqcz6dvc97r9a097mwdfxc8yq5cw6v4dhrsskshmhecdsvf07l8d7q034hj6qjn294z8gdh63kf30m565mcmkphjxtfee9fly023cx3l8v9w3h7z,,0,INSUFFICIENT_EVIDENCE,,0.5625,2,OK,SINGLE_LOCK_SCRIPT,0.519982963724728,3,OK,FANOUT_DOMINANT_SHAPE,0.0,2,OK,,0.0,2,OK,FEW_DISTINCT_SOURCES,0.6146816974820513,2,OK,1_TO_N_SHAPE;FEW_DISTINCT_DESTINATIONS,0.6207236812650386,3,OK,HIGH_RECIPROCITY_CELL;HIGH_RECIPROCITY_LEGACY_EDGES;NEAR_ZERO_NET_FLOW,,0,INSUFFICIENT_EVIDENCE,HIGH_INTERVAL_VARIANCE,0.0,1,OK,,ROUND_TRIP,0.6207236812650386,False,False,0.0,4
ckb1qqcz6dvc97r9a097mwdfxc8yq5cw6v4dhrsskshmhecdsvf07l8d7q245y9mqs3e4l6ycsv4amhgzhzd85ewf59amlnmqmur37uda2c8fuyf2j6v,,0,INSUFFICIENT_EVIDENCE,,0.375,1,OK,SINGLE_LOCK_SCRIPT,0.3474269140880903,3,OK,,0.0,2,OK,,0.0,2,OK,FEW_DISTINCT_SOURCES,0.40978779832136747,2,OK,FEW_DISTINCT_DESTINATIONS,0.6666666666666666,3,OK,HIGH_RECIPROCITY_CELL;HIGH_RECIPROCITY_LEGACY_EDGES;NEAR_ZERO_NET_FLOW,,0,INSUFFICIENT_EVIDENCE,HIGH_INTERVAL_VARIANCE,0.0,1,OK,,ROUND_TRIP,0.6666666666666666,False,False,0.0,4
ckb1qqcz6dvc97r9a097mwdfxc8yq5cw6v4dhrsskshmhecdsvf07l8d7qd8fdu5vu3fwqfjkscg6umfxczuyh7dd29nwexznhftzvr0znpzygrdjjm7,0.13130630818069924,3,OK,,0.30000000000000004,2,OK,SINGLE_LOCK_SCRIPT,0.25260385334452456,3,OK,,0.06397076563523611,2,OK,,0.0819575596642735,2,OK,FEW_DISTINCT_SOURCES,0.327830238657094,2,OK,FEW_DISTINCT_DESTINATIONS,0.5383801909437289,3,OK,HIGH_RECIPROCITY_CELL;HIGH_RECIPROCITY_LEGACY_EDGES;NEAR_ZERO_NET_FLOW,0.5867785096829985,4,OK,HIGH_INTERVAL_VARIANCE;MIXED_TX_SHAPES,0.0,1,OK,,IRREGULAR_ACTIVITY,0.5867785096829985,False,False,0.0,10
ckb1qqcz6dvc97r9a097mwdfxc8yq5cw6v4dhrsskshmhecdsvf07l8d7qf4mvqmuqzfeahs4axptm5en0m3jjndht530kdp0uvxvjr3un0rsvh828t2,,0,INSUFFICIENT_EVIDENCE,,,0,INSUFFICIENT_EVIDENCE,SINGLE_LOCK_SCRIPT,0.0,3,OK,,0.0,2,OK,,0.0,2,OK,FEW_DISTINCT_SOURCES,0.0,2,OK,FEW_DISTINCT_DESTINATIONS,1.0,3,OK,HIGH_RECIPROCITY_CELL;HIGH_RECIPROCITY_LEGACY_EDGES;NEAR_ZERO_NET_FLOW,,0,INSUFFICIENT_EVIDENCE,,0.0,1,OK,,ROUND_TRIP,1.0,False,False,0.0,2
ckb1qqcz6dvc97r9a097mwdfxc8yq5cw6v4dhrsskshmhecdsvf07l8d7qfg6grazjdwmf9uzf8deshhr9wsn85w2l66e8d9g7gpz0gveu28zv6pk3z4,,0,INSUFFICIENT_EVIDENCE,,0.375,2,OK,SINGLE_LOCK_SCRIPT,0.27203642929861027,3,OK,,0.1599269140880903,2,OK,,0.20489389916068373,2,OK,FEW_DISTINCT_SOURCES,0.44308243782576173,2,OK,FEW_DISTINCT_DESTINATIONS,0.5796846663030522,3,OK,HIGH_RECIPROCITY_CELL;HIGH_RECIPROCITY_LEGACY_EDGES,,0,INSUFFICIENT_EVIDENCE,HIGH_INTERVAL_VARIANCE,0.0,1,OK,,ROUND_TRIP,0.5796846663030522,False,False,0.0,4
ckb1qqcz6dvc97r9a097mwdfxc8yq5cw6v4dhrsskshmhecdsvf07l8d7qvml6appkndqvveylvggcmfk02vgs76k87eqmctyamkjwc0ppuqf5uvskfx,,0,INSUFFICIENT_EVIDENCE,,,0,INSUFFICIENT_EVIDENCE,SINGLE_LOCK_SCRIPT,0.0,3,OK,,0.0,2,OK,,0.0,2,OK,FEW_DISTINCT_SOURCES,0.0,2,OK,FEW_DISTINCT_DESTINATIONS,1.0,3,OK,HIGH_RECIPROCITY_CELL;HIGH_RECIPROCITY_LEGACY_EDGES;NEAR_ZERO_NET_FLOW,,0,INSUFFICIENT_EVIDENCE,,0.0,1,OK,,ROUND_TRIP,1.0,False,False,0.0,2
ckb1qqcz6dvc97r9a097mwdfxc8yq5cw6v4dhrsskshmhecdsvf07l8d7qw3smwpw49khlnp34vzdfg27rsau0fpnx4eq8u6l4fzucydmsjkfy7jfem9,,0,INSUFFICIENT_EVIDENCE,LOW_INTERVAL_VARIANCE,0.5,1,OK,SINGLE_LOCK_SCRIPT,0.0,3,OK,,0.0,2,OK,,0.0,2,OK,FEW_DISTINCT_SOURCES,0.0,2,OK,FEW_DISTINCT_DESTINATIONS,0.58333349671469,3,OK,HIGH_RECIPROCITY_CELL;HIGH_RECIPROCITY_LEGACY_EDGES,,0,INSUFFICIENT_EVIDENCE,,0.0,1,OK,,ROUND_TRIP,0.58333349671469,False,False,0.0,3
ckb1qqunmue4ncels5qse4j6839yy68h9k27c6cyj7q6j9kxsze3a2dgsqvcg4qnx88s32fzxpeldkc9daejv92lx2yupu5ahmqkdhwlhm9qksdws8hd,0.0,3,OK,,0.75,2,OK,DOMINANT_TX_SHAPE;SINGLE_LOCK_SCRIPT,0.0,3,OK,MANY_DISTINCT_RECIPIENTS,0.0,2,OK,MANY_DISTINCT_SENDERS,0.0,2,OK,,0.0,2,OK,,0.33966993722604516,3,OK,NEAR_ZERO_NET_FLOW,0.6992481229914476,4,OK,HIGH_INTERVAL_VARIANCE;VARIED_TIME_OF_DAY;VARIED_DAY_OF_WEEK,0.0,1,OK,,IRREGULAR_ACTIVITY,0.6992481229914476,True,False,0.0,140
ckb1qr2g8yj3vrjzx2evk20szt5rszmmvykhrn6w0xv3ga4khnmpqu6lvqq3u8mhh,0.0,3,OK,,0.75,2,OK,DOMINANT_TX_SHAPE;SINGLE_LOCK_SCRIPT,0.0,3,OK,MANY_DISTINCT_RECIPIENTS,0.0,2,OK,,0.0,2,OK,FEW_DISTINCT_SOURCES,0.0,2,OK,,0.33405994550408713,3,OK,NEAR_ZERO_NET_FLOW,0.7430490637692666,4,OK,HIGH_INTERVAL_VARIANCE;VARIED_TIME_OF_DAY;VARIED_DAY_OF_WEEK,0.0,1,OK,,IRREGULAR_ACTIVITY,0.7430490637692666,True,False,0.0,1555
ckb1qrgqep8saj8agswr30pls73hra28ry8jlnlc3ejzh3dl2ju7xxpjxqgqq82w09dxh4f3gl6se95l7k0g3n3wjjsgdstzvp4c,0.05555555555555555,2,OK,,0.4166666666666667,2,OK,SINGLE_LOCK_SCRIPT,0.39727600544794656,3,OK,FANOUT_DOMINANT_SHAPE,0.0,2,OK,,0.0,2,OK,,0.4290720840572484,2,OK,1_TO_N_SHAPE,0.21179841359515775,3,OK,,0.526338781239718,4,OK,HIGH_INTERVAL_VARIANCE,0.0,1,OK,,IRREGULAR_ACTIVITY,0.526338781239718,False,False,0.0,9
ckb1qrgqep8saj8agswr30pls73hra28ry8jlnlc3ejzh3dl2ju7xxpjxqgqq84zvv7khuuad70n45llzf9p6zahk9680sw2qed8,0.15254132033698778,3,OK,,0.38579136690647486,2,OK,SINGLE_LOCK_SCRIPT,0.41753216359164735,3,OK,FANOUT_DOMINANT_SHAPE;MANY_DISTINCT_RECIPIENTS,0.0,2,OK,MANY_DISTINCT_SENDERS,0.0,2,OK,,0.29770747406264586,2,OK,1_TO_N_SHAPE,0.6657667075191199,3,OK,HIGH_RECIPROCITY_CELL;HIGH_RECIPROCITY_LEGACY_EDGES;NEAR_ZERO_NET_FLOW,0.8460349952892552,4,OK,HIGH_INTERVAL_VARIANCE;VARIED_TIME_OF_DAY;VARIED_DAY_OF_WEEK,0.0,1,OK,,IRREGULAR_ACTIVITY,0.8460349952892552,False,False,0.0,556
ckb1qrgqep8saj8agswr30pls73hra28ry8jlnlc3ejzh3dl2ju7xxpjxqgqq8897n3kut095xgled9dpczz0t7hg7w87un0vrnk,0.5558451249959777,3,OK,LOW_INTERVAL_VARIANCE,0.6645833333333333,2,OK,DOMINANT_TX_SHAPE;SINGLE_LOCK_SCRIPT,0.06915119211145872,3,OK,,0.0,2,OK,,0.0,2,OK,FEW_DISTINCT_SOURCES,0.08795977723173584,2,OK,,0.5535113207342476,3,OK,HIGH_RECIPROCITY_CELL;HIGH_RECIPROCITY_LEGACY_EDGES;NEAR_ZERO_NET_FLOW,0.46067601185389095,4,OK,VARIED_DAY_OF_WEEK,0.0,1,OK,,PERIODIC_EXECUTION,0.5558451249959777,False,False,0.0,720
ckb1qrgqep8saj8agswr30pls73hra28ry8jlnlc3ejzh3dl2ju7xxpjxqgqq88k0gf2lakdjuntl04ux2mjyalezj598vqnuj2y,,0,INSUFFICIENT_EVIDENCE,,,0,INSUFFICIENT_EVIDENCE,,,0,INSUFFICIENT_EVIDENCE,,,0,INSUFFICIENT_EVIDENCE,,,0,INSUFFICIENT_EVIDENCE,,,0,INSUFFICIENT_EVIDENCE,,,0,INSUFFICIENT_EVIDENCE,,,0,INSUFFICIENT_EVIDENCE,,0.0,1,OK,,INSUFFICIENT_EVIDENCE,,False,False,0.0,0
ckb1qrgqep8saj8agswr30pls73hra28ry8jlnlc3ejzh3dl2ju7xxpjxqgqq899vvrx27ql0lgaj7x39zamtj8m5twumgvv6h4q,0.41194790400651693,2,OK,,0.6650943396226415,2,OK,DOMINANT_TX_SHAPE;SINGLE_LOCK_SCRIPT,0.4824797047937616,3,OK,FANOUT_DOMINANT_SHAPE,0.0,2,OK,,0.0,2,OK,,0.7858443236909737,2,OK,1_TO_N_SHAPE;FEW_DISTINCT_DESTINATIONS,0.2107908118382201,3,OK,,0.3808493991316671,4,OK,VARIED_DAY_OF_WEEK,0.0,1,OK,,CELL_FRAGMENTATION,0.7858443236909737,False,False,0.0,53
ckb1qrgqep8saj8agswr30pls73hra28ry8jlnlc3ejzh3dl2ju7xxpjxqgqq89qeq8sz02jymcmc8nm5qsfmwyxtvqemvnunp36,0.03180212014134273,3,OK,,0.36837455830388693,2,OK,SINGLE_LOCK_SCRIPT,0.36096905858735384,3,OK,MANY_DISTINCT_RECIPIENTS;EVEN_CAPACITY_SPREAD,0.00675411128688052,2,OK,MANY_DISTINCT_SENDERS,0.0035335689045936,2,OK,,0.20643628783650933,2,OK,,0.37421674375733516,3,OK,NEAR_ZERO_NET_FLOW,0.8163406543809439,4,OK,HIGH_INTERVAL_VARIANCE;VARIED_TIME_OF_DAY;VARIED_DAY_OF_WEEK;MIXED_TX_SHAPES,0.0,1,OK,,IRREGULAR_ACTIVITY,0.8163406543809439,False,False,0.0,283
ckb1qrgqep8saj8agswr30pls73hra28ry8jlnlc3ejzh3dl2ju7xxpjxqgqq89s0k62mh0xf6hn8cc20wunuarrumudx5nwq9uk,0.5268674282545949,3,OK,,0.7371165644171778,2,OK,DOMINANT_TX_SHAPE;SINGLE_LOCK_SCRIPT,0.009346036834798855,3,OK,,0.0,2,OK,,0.0,2,OK,FEW_DISTINCT_SOURCES,0.01522246412162122,2,OK,FEW_DISTINCT_DESTINATIONS,0.6643148224860491,3,OK,HIGH_RECIPROCITY_CELL;HIGH_RECIPROCITY_LEGACY_EDGES;NEAR_ZERO_NET_FLOW,0.5158149879516851,4,OK,VARIED_TIME_OF_DAY;VARIED_DAY_OF_WEEK,0.0,1,OK,,ROUND_TRIP,0.6643148224860491,True,False,0.0,815
ckb1qrgqep8saj8agswr30pls73hra28ry8jlnlc3ejzh3dl2ju7xxpjxqgqq8crqpcx3nq9p23h8ep5zzpga67ygfd73scdttd5,,0,INSUFFICIENT_EVIDENCE,,0.75,1,OK,DOMINANT_TX_SHAPE;SINGLE_LOCK_SCRIPT,0.5440728585972205,3,OK,FANOUT_DOMINANT_SHAPE,0.0,2,OK,,0.0,2,OK,FEW_DISTINCT_SOURCES,0.8861648756515235,2,OK,1_TO_N_SHAPE;FEW_DISTINCT_DESTINATIONS,0.27051285328963937,3,OK,NEAR_ZERO_NET_FLOW,,0,INSUFFICIENT_EVIDENCE,,0.0,1,OK,,CELL_FRAGMENTATION,0.8861648756515235,True,False,0.0,3
ckb1qrgqep8saj8agswr30pls73hra28ry8jlnlc3ejzh3dl2ju7xxpjxqgqq8gauytada8x688zt0makt3pjmdaad6u8uym77ef,0.11107170088510289,3,OK,,0.45731707317073167,2,OK,SINGLE_LOCK_SCRIPT,0.173356254770067,3,OK,,0.020380537322403705,2,OK,MANY_DISTINCT_SENDERS,0.013819250707531417,2,OK,,0.1493614543954972,2,OK,,0.3867809740083717,3,OK,NEAR_ZERO_NET_FLOW,0.772739519541251,4,OK,HIGH_INTERVAL_VARIANCE;VARIED_TIME_OF_DAY;VARIED_DAY_OF_WEEK,0.0,1,OK,,IRREGULAR_ACTIVITY,0.772739519541251,False,False,0.0,41
ckb1qrgqep8saj8agswr30pls73hra28ry8jlnlc3ejzh3dl2ju7xxpjxqgqq8hrnm86uy32m0wv24eqwyvl4crudtnc3yu82y8n,0.15936177023661405,3,OK,,0.412202380952381,2,OK,SINGLE_LOCK_SCRIPT,0.355061450393498,3,OK,FANOUT_DOMINANT_SHAPE,0.0,2,OK,MANY_DISTINCT_SENDERS,0.0,2,OK,,0.3878772040188682,2,OK,1_TO_N_SHAPE,0.6333945993830333,3,OK,HIGH_RECIPROCITY_CELL;HIGH_RECIPROCITY_LEGACY_EDGES;NEAR_ZERO_NET_FLOW,0.8377848431635568,4,OK,HIGH_INTERVAL_VARIANCE;VARIED_TIME_OF_DAY;VARIED_DAY_OF_WEEK,0.0,1,OK,,IRREGULAR_ACTIVITY,0.8377848431635568,False,False,0.0,504
ckb1qrgqep8saj8agswr30pls73hra28ry8jlnlc3ejzh3dl2ju7xxpjxqgqq8jjta82sj7lcz5ewruppmfrrvtg9nh4vvg5klxg,0.0113871635610766,3,OK,,0.7080745341614907,2,OK,DOMINANT_TX_SHAPE;SINGLE_LOCK_SCRIPT,0.5136588478681834,3,OK,FANOUT_DOMINANT_SHAPE,0.0,2,OK,,0.0,2,OK,FEW_DISTINCT_SOURCES,0.8366277086896371,2,OK,1_TO_N_SHAPE;FEW_DISTINCT_DESTINATIONS,0.33174518261393077,3,OK,NEAR_ZERO_NET_FLOW,0.7287035384456471,4,OK,HIGH_INTERVAL_VARIANCE;VARIED_TIME_OF_DAY;VARIED_DAY_OF_WEEK,0.0,1,OK,,CELL_FRAGMENTATION,0.8366277086896371,True,False,0.0,322
ckb1qrgqep8saj8agswr30pls73hra28ry8jlnlc3ejzh3dl2ju7xxpjxqgqq8kwzq44p8ap4zclfc3vfgw5uxqqnegf0u7t0l86,0.03128035285093022,3,OK,,0.4968152866242038,2,OK,SINGLE_LOCK_SCRIPT,0.581415205640971,3,OK,FANOUT_DOMINANT_SHAPE;MANY_DISTINCT_RECIPIENTS,0.0030205033784778874,2,OK,MANY_DISTINCT_SENDERS,0.00159235668789805,2,OK,,0.33121019108280253,2,OK,1_TO_N_SHAPE,0.6638570155896405,3,OK,HIGH_RECIPROCITY_CELL;HIGH_RECIPROCITY_LEGACY_EDGES;NEAR_ZERO_NET_FLOW,0.7706736862723941,4,OK,HIGH_INTERVAL_VARIANCE;VARIED_TIME_OF_DAY;VARIED_DAY_OF_WEEK,0.0,1,OK,,IRREGULAR_ACTIVITY,0.7706736862723941,False,False,0.0,314
ckb1qrgqep8saj8agswr30pls73hra28ry8jlnlc3ejzh3dl2ju7xxpjxqgqq8m55rrdckag9e5j8hqdyga0ftpwvauxtcult98p,,0,INSUFFICIENT_EVIDENCE,DOMINANT_1TO1_SHAPE,,0,INSUFFICIENT_EVIDENCE,DOMINANT_TX_SHAPE;SINGLE_LOCK_SCRIPT,0.0,3,OK,,0.0,2,OK,,0.0,2,OK,FEW_DISTINCT_SOURCES,0.0,2,OK,FEW_DISTINCT_DESTINATIONS,,0,INSUFFICIENT_EVIDENCE,,,0,INSUFFICIENT_EVIDENCE,,0.0,1,OK,,INSUFFICIENT_EVIDENCE,,False,False,0.0,1
ckb1qrgqep8saj8agswr30pls73hra28ry8jlnlc3ejzh3dl2ju7xxpjxqgqq8t3pqdfg3rnsqe8vgv93d49evdzkvpxcce0ml7v,0.8642136400334125,3,OK,LOW_LIFETIME_VARIANCE;DOMINANT_1TO1_SHAPE,0.75,2,OK,DOMINANT_TX_SHAPE;SINGLE_LOCK_SCRIPT,0.0,3,OK,,0.0,2,OK,,0.0,2,OK,,0.0,2,OK,,0.4666666666666666,3,OK,NEAR_ZERO_NET_FLOW,0.5328173224128455,4,OK,VARIED_TIME_OF_DAY;VARIED_DAY_OF_WEEK,0.0,1,OK,,PERIODIC_EXECUTION,0.8642136400334125,True,False,0.0,701
ckb1qrgqep8saj8agswr30pls73hra28ry8jlnlc3ejzh3dl2ju7xxpjxqgqq90ay9s9atj3rpajv38hnx5nashk3tnstqcu3khf,0.4336195524645306,3,OK,,0.5878378378378378,2,OK,SINGLE_LOCK_SCRIPT,0.08822803112387356,3,OK,,0.0,2,OK,,0.0,2,OK,FEW_DISTINCT_SOURCES,0.14370241226781455,2,OK,FEW_DISTINCT_DESTINATIONS,0.9947392296006362,3,OK,HIGH_RECIPROCITY_CELL;HIGH_RECIPROCITY_LEGACY_EDGES;NEAR_ZERO_NET_FLOW,0.6162154618468754,4,OK,HIGH_INTERVAL_VARIANCE;VARIED_TIME_OF_DAY;VARIED_DAY_OF_WEEK,0.0,1,OK,,ROUND_TRIP,0.9947392296006362,False,False,0.0,37
ckb1qrgqep8saj8agswr30pls73hra28ry8jlnlc3ejzh3dl2ju7xxpjxqgqq92dx9xep8pwxacajpvvlcj4j7tlk9uhng4j74ms,0.0350877192982456,3,OK,,0.39226973684210525,2,OK,SINGLE_LOCK_SCRIPT,0.27204480867124115,3,OK,MANY_DISTINCT_RECIPIENTS,0.0197368421052631,2,OK,MANY_DISTINCT_SENDERS,0.00986842105263155,2,OK,,0.17598684210526316,2,OK,,0.6651075609577065,3,OK,HIGH_RECIPROCITY_CELL;HIGH_RECIPROCITY_LEGACY_EDGES;NEAR_ZERO_NET_FLOW,0.8440348399456417,4,OK,HIGH_INTERVAL_VARIANCE;VARIED_TIME_OF_DAY;VARIED_DAY_OF_WEEK,0.0,1,OK,,IRREGULAR_ACTIVITY,0.8440348399456417,False,False,0.0,304
ckb1qrgqep8saj8agswr30pls73hra28ry8jlnlc3ejzh3dl2ju7xxpjxqgqq94q52uky0frd8sge5jnfwnm89zclmrg35ltra3y,0.14393939393939395,3,OK,,0.32386363636363635,2,OK,SINGLE_LOCK_SCRIPT,0.1731140913718429,3,OK,,0.0,2,OK,,0.0,2,OK,,0.28196155134366657,2,OK,FEW_DISTINCT_DESTINATIONS,0.28720746208428627,3,OK,NEAR_ZERO_NET_FLOW,0.794458618742556,4,OK,HIGH_INTERVAL_VARIANCE;VARIED_TIME_OF_DAY;VARIED_DAY_OF_WEEK;MIXED_TX_SHAPES,0.0,1,OK,,IRREGULAR_ACTIVITY,0.794458618742556,False,False,0.0,44
ckb1qrgqep8saj8agswr30pls73hra28ry8jlnlc3ejzh3dl2ju7xxpjxqgqq97nlhckh68mupdw9w33xhp4hedejskhxs9ef2y4,0.20102201793247976,3,OK,,0.6469387755102041,2,OK,DOMINANT_TX_SHAPE;SINGLE_LOCK_SCRIPT,0.035963988495178824,3,OK,MANY_DISTINCT_RECIPIENTS;EVEN_CAPACITY_SPREAD,0.015991676875052853,2,OK,MANY_DISTINCT_SENDERS,0.00884353741496595,2,OK,,0.022663617274816746,2,OK,,0.6937632975645022,3,OK,HIGH_RECIPROCITY_CELL;HIGH_RECIPROCITY_LEGACY_EDGES;NEAR_ZERO_NET_FLOW,0.5012713507986308,4,OK,HIGH_INTERVAL_VARIANCE;VARIED_DAY_OF_WEEK,0.0,1,OK,,ROUND_TRIP,0.6937632975645022,False,False,0.0,735
ckb1qrgqep8saj8agswr30pls73hra28ry8jlnlc3ejzh3dl2ju7xxpjxqgqq9ef4udwfyuwywlsqwy08wpapagss8ej8yxj50cr,0.043641835966892396,3,OK,,0.53244920993228,2,OK,SINGLE_LOCK_SCRIPT,0.12755642752563226,3,OK,MANY_DISTINCT_RECIPIENTS,0.0067720090293453,2,OK,MANY_DISTINCT_SENDERS,0.00338600451467265,2,OK,,0.07618510158013544,2,OK,,0.7066746283937793,3,OK,HIGH_RECIPROCITY_CELL;HIGH_RECIPROCITY_LEGACY_EDGES;NEAR_ZERO_NET_FLOW,0.7933952407094931,4,OK,HIGH_INTERVAL_VARIANCE;VARIED_TIME_OF_DAY;VARIED_DAY_OF_WEEK,0.0,1,OK,,IRREGULAR_ACTIVITY,0.7933952407094931,False,False,0.0,886
ckb1qrgqep8saj8agswr30pls73hra28ry8jlnlc3ejzh3dl2ju7xxpjxqgqq9fmlyjt4ydumr7u27ltfz3vjfj2s2hgmgwc8awk,,0,INSUFFICIENT_EVIDENCE,,0.5,2,OK,SINGLE_LOCK_SCRIPT,0.0,3,OK,,0.21323588545078703,2,OK,,0.2731918655475783,2,OK,FEW_DISTINCT_SOURCES,0.0,2,OK,FEW_DISTINCT_DESTINATIONS,0.28657999998079303,3,OK,NEAR_ZERO_NET_FLOW,,0,INSUFFICIENT_EVIDENCE,,0.0,1,OK,,ROUND_TRIP,0.28657999998079303,False,False,0.0,3
ckb1qrgqep8saj8agswr30pls73hra28ry8jlnlc3ejzh3dl2ju7xxpjxqgqq9fz7cfu5xla5nd3ay686gm2ajnzh89h8c48k7uz,0.6008265751231631,3,OK,LOW_INTERVAL_VARIANCE;LOW_LIFETIME_VARIANCE,0.7166203059805284,2,OK,DOMINANT_TX_SHAPE;SINGLE_LOCK_SCRIPT,0.024214647392365837,3,OK,,0.0,2,OK,,0.0,2,OK,FEW_DISTINCT_SOURCES,0.039439883200067756,2,OK,FEW_DISTINCT_DESTINATIONS,0.6646941499499093,3,OK,HIGH_RECIPROCITY_CELL;HIGH_RECIPROCITY_LEGACY_EDGES;NEAR_ZERO_NET_FLOW,0.44226133889929486,4,OK,VARIED_DAY_OF_WEEK,0.0,1,OK,,ROUND_TRIP,0.6646941499499093,True,False,0.0,719
ckb1qrgqep8saj8agswr30pls73hra28ry8jlnlc3ejzh3dl2ju7xxpjxqgqq9m8eyncfhezf8s68djzwk5f9yjgwc6frqej2wsh,0.007575757575757566,3,OK,,0.6583806818181818,2,OK,DOMINANT_TX_SHAPE;SINGLE_LOCK_SCRIPT,0.08122019373136614,3,OK,MANY_DISTINCT_RECIPIENTS;EVEN_CAPACITY_SPREAD,0.010975972377757926,2,OK,MANY_DISTINCT_SENDERS,0.00568181818181815,2,OK,,0.0440340909090909,2,OK,,0.5416450947749847,3,OK,HIGH_RECIPROCITY_CELL;HIGH_RECIPROCITY_LEGACY_EDGES;NEAR_ZERO_NET_FLOW,0.7281326932097678,4,OK,HIGH_INTERVAL_VARIANCE;VARIED_TIME_OF_DAY;VARIED_DAY_OF_WEEK,0.0,1,OK,,IRREGULAR_ACTIVITY,0.7281326932097678,False,False,0.0,352
ckb1qrgqep8saj8agswr30pls73hra28ry8jlnlc3ejzh3dl2ju7xxpjxqgqqx0f0kn59zeww42ufe72s3zp843zjtm70qknllc8,0.03801169590643273,3,OK,,0.4078947368421053,2,OK,SINGLE_LOCK_SCRIPT,0.24791300735025076,3,OK,MANY_DISTINCT_RECIPIENTS;EVEN_CAPACITY_SPREAD,0.0701754385964912,2,OK,MANY_DISTINCT_SENDERS,0.0350877192982456,2,OK,,0.13596491228070176,2,OK,,0.6601279689875835,3,OK,HIGH_RECIPROCITY_CELL;HIGH_RECIPROCITY_LEGACY_EDGES;NEAR_ZERO_NET_FLOW,0.821989631026151,4,OK,HIGH_INTERVAL_VARIANCE;VARIED_TIME_OF_DAY;VARIED_DAY_OF_WEEK,0.0,1,OK,,IRREGULAR_ACTIVITY,0.821989631026151,False,False,0.0,114
ckb1qrgqep8saj8agswr30pls73hra28ry8jlnlc3ejzh3dl2ju7xxpjxqgqqx8ced038s4z2vxfkqu7jzdcqs7q6qhxjqxupv3g,,0,INSUFFICIENT_EVIDENCE,,0.5,1,OK,SINGLE_LOCK_SCRIPT,0.3627152390648137,3,OK,FANOUT_DOMINANT_SHAPE,0.0,2,OK,,0.0,2,OK,FEW_DISTINCT_SOURCES,0.5907765837676823,2,OK,1_TO_N_SHAPE;FEW_DISTINCT_DESTINATIONS,0.22224611164098643,3,OK,,,0,INSUFFICIENT_EVIDENCE,HIGH_INTERVAL_VARIANCE,0.0,1,OK,,CELL_FRAGMENTATION,0.5907765837676823,False,False,0.0,3
ckb1qrgqep8saj8agswr30pls73hra28ry8jlnlc3ejzh3dl2ju7xxpjxqgqqxamnrpernhha9nsyus0k6f8a6ays6t0cusm37pn,0.24110935079106313,3,OK,,0.5276604729729729,2,OK,SINGLE_LOCK_SCRIPT,0.158790628124201,3,OK,MANY_DISTINCT_RECIPIENTS;EVEN_CAPACITY_SPREAD,0.0177364864864864,2,OK,MANY_DISTINCT_SENDERS,0.0088682432432432,2,OK,,0.08065878378378374,2,OK,,0.7945665794577078,3,OK,HIGH_RECIPROCITY_CELL;HIGH_RECIPROCITY_LEGACY_EDGES;NEAR_ZERO_NET_FLOW,0.5911142014385355,4,OK,HIGH_INTERVAL_VARIANCE;VARIED_DAY_OF_WEEK,0.0,1,OK,,ROUND_TRIP,0.7945665794577078,False,False,0.0,1184
ckb1qrgqep8saj8agswr30pls73hra28ry8jlnlc3ejzh3dl2ju7xxpjxqgqqxeawela8galsacxfd7d4xaymhy9jpmqeqyruqve,,0,INSUFFICIENT_EVIDENCE,,0.5,2,OK,SINGLE_LOCK_SCRIPT,0.3627152390648137,3,OK,FANOUT_DOMINANT_SHAPE,0.0,2,OK,,0.0,2,OK,FEW_DISTINCT_SOURCES,0.5907765837676823,2,OK,1_TO_N_SHAPE;FEW_DISTINCT_DESTINATIONS,0.22252407457476142,3,OK,,,0,INSUFFICIENT_EVIDENCE,HIGH_INTERVAL_VARIANCE,0.0,1,OK,,CELL_FRAGMENTATION,0.5907765837676823,False,False,0.0,3
ckb1qrgqep8saj8agswr30pls73hra28ry8jlnlc3ejzh3dl2ju7xxpjxqgqqxmkl3lngrcklwa8grdc8ja6n4s40pu4sc0w0aln,0.03659717688668029,3,OK,,0.43269230769230765,2,OK,SINGLE_LOCK_SCRIPT,0.2510474076462217,3,OK,,0.031776073572705406,2,OK,MANY_DISTINCT_SENDERS,0.022259999405437176,2,OK,,0.2212446438295857,2,OK,,0.6177471998118033,3,OK,HIGH_RECIPROCITY_CELL;HIGH_RECIPROCITY_LEGACY_EDGES;NEAR_ZERO_NET_FLOW,0.6686967019686538,4,OK,HIGH_INTERVAL_VARIANCE,0.0,1,OK,,IRREGULAR_ACTIVITY,0.6686967019686538,False,False,0.0,26
ckb1qrgqep8saj8agswr30pls73hra28ry8jlnlc3ejzh3dl2ju7xxpjxqgqqxuz9n0wyhs86wrqr5309qaz5jsxe3805gnlmc95,,0,INSUFFICIENT_EVIDENCE,DOMINANT_1TO1_SHAPE,,0,INSUFFICIENT_EVIDENCE,DOMINANT_TX_SHAPE;SINGLE_LOCK_SCRIPT,0.0,3,OK,,0.0,2,OK,,0.0,2,OK,FEW_DISTINCT_SOURCES,0.0,2,OK,FEW_DISTINCT_DESTINATIONS,,0,INSUFFICIENT_EVIDENCE,,,0,INSUFFICIENT_EVIDENCE,,0.0,1,OK,,INSUFFICIENT_EVIDENCE,,False,False,0.0,1
ckb1qrgqep8saj8agswr30pls73hra28ry8jlnlc3ejzh3dl2ju7xxpjxqgqqxvxkq3zapxvyv6qktfyhq84puycg59s2q0smpl6,0.5577024113574846,3,OK,LOW_LIFETIME_VARIANCE,0.743844049247606,2,OK,DOMINANT_TX_SHAPE;SINGLE_LOCK_SCRIPT,0.00548586595275949,3,OK,EVEN_CAPACITY_SPREAD,0.0,2,OK,MANY_DISTINCT_SENDERS,0.0,2,OK,,0.004827226212682986,2,OK,,0.5749638860247103,3,OK,HIGH_RECIPROCITY_CELL;HIGH_RECIPROCITY_LEGACY_EDGES;NEAR_ZERO_NET_FLOW,0.5060845683435454,4,OK,VARIED_TIME_OF_DAY;VARIED_DAY_OF_WEEK,0.0,1,OK,,ROUND_TRIP,0.5749638860247103,True,False,0.0,731
ckb1qrgqep8saj8agswr30pls73hra28ry8jlnlc3ejzh3dl2ju7xxpjxqgqqy5z928yw33t5enjqglmeq7w23dk99q7qvm3yvlr,0.246950803201847,3,OK,,0.30000000000000004,2,OK,SINGLE_LOCK_SCRIPT,0.3315900280369211,3,OK,EVEN_CAPACITY_SPREAD,0.0,2,OK,,0.0,2,OK,,0.27216976134290605,2,OK,,0.8805659925575227,3,OK,HIGH_RECIPROCITY_CELL;HIGH_RECIPROCITY_LEGACY_EDGES;NEAR_ZERO_NET_FLOW,0.581842468794935,4,OK,HIGH_INTERVAL_VARIANCE;MIXED_TX_SHAPES,0.0,1,OK,,ROUND_TRIP,0.8805659925575227,False,False,0.0,15
ckb1qrgqep8saj8agswr30pls73hra28ry8jlnlc3ejzh3dl2ju7xxpjxqgqqydhfg585sfcxu5gpaqs5sme8rn30c5yagaawuq2,0.5901913120538342,3,OK,LOW_INTERVAL_VARIANCE;LOW_LIFETIME_VARIANCE,0.7154811715481172,2,OK,DOMINANT_TX_SHAPE;SINGLE_LOCK_SCRIPT,0.025041010228323925,3,OK,,0.0,2,OK,,0.0,2,OK,,0.04078583109693199,2,OK,FEW_DISTINCT_DESTINATIONS,0.5540228097273237,3,OK,HIGH_RECIPROCITY_CELL;HIGH_RECIPROCITY_LEGACY_EDGES;NEAR_ZERO_NET_FLOW,0.4420303634950584,4,OK,VARIED_DAY_OF_WEEK,0.0,1,OK,,PERIODIC_EXECUTION,0.5901913120538342,True,False,0.0,717
ckb1qrgqep8saj8agswr30pls73hra28ry8jlnlc3ejzh3dl2ju7xxpjxqgqqygpfd4a3nnel8tg9ntkwayy9hx537qf4yyyg3v0,,0,INSUFFICIENT_EVIDENCE,,,0,INSUFFICIENT_EVIDENCE,,,0,INSUFFICIENT_EVIDENCE,,,0,INSUFFICIENT_EVIDENCE,,,0,INSUFFICIENT_EVIDENCE,,,0,INSUFFICIENT_EVIDENCE,,,0,INSUFFICIENT_EVIDENCE,,,0,INSUFFICIENT_EVIDENCE,,0.0,1,OK,,INSUFFICIENT_EVIDENCE,,False,False,0.0,0
ckb1qrgqep8saj8agswr30pls73hra28ry8jlnlc3ejzh3dl2ju7xxpjxqgqqyknjsdgjmz9a475mzuledqlm82yujj4vu8xllec,0.0015197568389057666,3,OK,,0.5585106382978723,2,OK,SINGLE_LOCK_SCRIPT,0.24038416789160758,3,OK,MANY_DISTINCT_RECIPIENTS;EVEN_CAPACITY_SPREAD,0.0015197568389057,2,OK,MANY_DISTINCT_SENDERS,0.00075987841945285,2,OK,,0.12462006079027355,2,OK,,0.7349490422384403,3,OK,HIGH_RECIPROCITY_CELL;HIGH_RECIPROCITY_LEGACY_EDGES;NEAR_ZERO_NET_FLOW,0.781690901180505,4,OK,HIGH_INTERVAL_VARIANCE;VARIED_TIME_OF_DAY;VARIED_DAY_OF_WEEK,0.0,1,OK,,IRREGULAR_ACTIVITY,0.781690901180505,False,False,0.0,658
ckb1qrgqep8saj8agswr30pls73hra28ry8jlnlc3ejzh3dl2ju7xxpjxqgqqym5d4n465eu93tdcz5sycepdkatjahp9uwdcpfy,0.4648990505129101,3,OK,LOW_INTERVAL_VARIANCE,0.662621359223301,2,OK,DOMINANT_TX_SHAPE;SINGLE_LOCK_SCRIPT,0.08368172552093785,3,OK,,0.0,2,OK,,0.0,2,OK,,0.08998016520035497,2,OK,,0.4566081375569227,3,OK,NEAR_ZERO_NET_FLOW,0.4620163311673851,4,OK,VARIED_DAY_OF_WEEK,0.0,1,OK,,PERIODIC_EXECUTION,0.4648990505129101,False,False,0.0,721
ckb1qrgqep8saj8agswr30pls73hra28ry8jlnlc3ejzh3dl2ju7xxpjxqgqqymvu6d289ggsyudpamr4g6ayz62gpp34qzy30vs,0.7897953971501086,3,OK,DOMINANT_1TO1_SHAPE,0.75,2,OK,DOMINANT_TX_SHAPE;SINGLE_LOCK_SCRIPT,0.0,3,OK,,0.0,2,OK,,0.0,2,OK,FEW_DISTINCT_SOURCES,0.0,2,OK,FEW_DISTINCT_DESTINATIONS,0.5555554814895679,3,OK,HIGH_RECIPROCITY_CELL;HIGH_RECIPROCITY_LEGACY_EDGES;NEAR_ZERO_NET_FLOW,0.5321437939259284,4,OK,VARIED_TIME_OF_DAY;VARIED_DAY_OF_WEEK,0.0,1,OK,,PERIODIC_EXECUTION,0.7897953971501086,True,False,0.0,698
ckb1qrgqep8saj8agswr30pls73hra28ry8jlnlc3ejzh3dl2ju7xxpjxqgqqytevmf523qgwexunz0pf59ysl6dvxvvusuft43p,0.05997976498375757,3,OK,,0.3954545454545454,2,OK,SINGLE_LOCK_SCRIPT,0.37314119351095504,3,OK,MANY_DISTINCT_RECIPIENTS,0.008971621182586957,2,OK,MANY_DISTINCT_SENDERS,0.0045454545454545,2,OK,,0.2227272727272727,2,OK,,0.5755791987904563,3,OK,HIGH_RECIPROCITY_CELL;HIGH_RECIPROCITY_LEGACY_EDGES;NEAR_ZERO_NET_FLOW,0.8332065048283885,4,OK,HIGH_INTERVAL_VARIANCE;VARIED_TIME_OF_DAY;VARIED_DAY_OF_WEEK,0.0,1,OK,,IRREGULAR_ACTIVITY,0.8332065048283885,False,False,0.0,110
ckb1qrgqep8saj8agswr30pls73hra28ry8jlnlc3ejzh3dl2ju7xxpjxqgqqyxaafkpxklf820ugttkjd0409k73djjhue0s8ej,0.04309810822836935,3,OK,,0.5454545454545454,2,OK,SINGLE_LOCK_SCRIPT,0.13727483928771872,3,OK,,0.0,2,OK,,0.0,2,OK,,0.18626718105516699,2,OK,FEW_DISTINCT_DESTINATIONS,0.45026733943405534,3,OK,NEAR_ZERO_NET_FLOW,0.7634672425546742,4,OK,HIGH_INTERVAL_VARIANCE;VARIED_TIME_OF_DAY;VARIED_DAY_OF_WEEK,0.0,1,OK,,IRREGULAR_ACTIVITY,0.7634672425546742,False,False,0.0,44
ckb1qrj9k8u0yxllyvfhqddr4d636adnd2vpmmkru7pqr99ecppfvl60zq2jdhmvxjtkj8fx84gevn93j5eyc2xtgmg63glfg,,0,INSUFFICIENT_EVIDENCE,,,0,INSUFFICIENT_EVIDENCE,SINGLE_LOCK_SCRIPT,0.34048246984957176,3,OK,,0.0,2,OK,,0.0,2,OK,FEW_DISTINCT_SOURCES,0.40978779832136747,2,OK,FEW_DISTINCT_DESTINATIONS,1.0,3,OK,HIGH_RECIPROCITY_CELL;HIGH_RECIPROCITY_LEGACY_EDGES;NEAR_ZERO_NET_FLOW,,0,INSUFFICIENT_EVIDENCE,,0.0,1,OK,,ROUND_TRIP,1.0,False,False,0.0,2
ckb1qrj9k8u0yxllyvfhqddr4d636adnd2vpmmkru7pqr99ecppfvl60zqfd4pj6za0jzhxvsk960aw4ylu48hmrtjq8ec8zj,,0,INSUFFICIENT_EVIDENCE,,,0,INSUFFICIENT_EVIDENCE,SINGLE_LOCK_SCRIPT,0.34048246984957176,3,OK,,0.0,2,OK,,0.0,2,OK,FEW_DISTINCT_SOURCES,0.40978779832136747,2,OK,FEW_DISTINCT_DESTINATIONS,1.0,3,OK,HIGH_RECIPROCITY_CELL;HIGH_RECIPROCITY_LEGACY_EDGES;NEAR_ZERO_NET_FLOW,,0,INSUFFICIENT_EVIDENCE,,0.0,1,OK,,ROUND_TRIP,1.0,False,False,0.0,2
ckb1qrj9k8u0yxllyvfhqddr4d636adnd2vpmmkru7pqr99ecppfvl60zqfuh3ru2j5lmm6cl4tt7dqme28545t9yzsyhsyzg,,0,INSUFFICIENT_EVIDENCE,,,0,INSUFFICIENT_EVIDENCE,,,0,INSUFFICIENT_EVIDENCE,,,0,INSUFFICIENT_EVIDENCE,,,0,INSUFFICIENT_EVIDENCE,,,0,INSUFFICIENT_EVIDENCE,,,0,INSUFFICIENT_EVIDENCE,,,0,INSUFFICIENT_EVIDENCE,,0.0,1,OK,,INSUFFICIENT_EVIDENCE,,False,False,0.0,0
ckb1qrj9k8u0yxllyvfhqddr4d636adnd2vpmmkru7pqr99ecppfvl60zqgjydsp6tgswnf7rg5u2j2v20cvcm55dygutu3en,,0,INSUFFICIENT_EVIDENCE,,,0,INSUFFICIENT_EVIDENCE,,,0,INSUFFICIENT_EVIDENCE,,,0,INSUFFICIENT_EVIDENCE,,,0,INSUFFICIENT_EVIDENCE,,,0,INSUFFICIENT_EVIDENCE,,,0,INSUFFICIENT_EVIDENCE,,,0,INSUFFICIENT_EVIDENCE,,0.0,1,OK,,INSUFFICIENT_EVIDENCE,,False,False,0.0,0
ckb1qrlh3whq40ch67jqfs97p7ddnjgctvlc3hxxqsp5202m4rslyt6n5qh3068szf235yxw9c3px3rzgxkxnf2ynq7ys5kam9r42sn5a2x845q7rg9y,,0,INSUFFICIENT_EVIDENCE,,,0,INSUFFICIENT_EVIDENCE,SINGLE_LOCK_SCRIPT,0.27203642929861027,3,OK,,0.29407285859722054,2,OK,,0.44308243782576173,2,OK,FEW_DISTINCT_SOURCES,0.44308243782576173,2,OK,FEW_DISTINCT_DESTINATIONS,0.3333333333333333,3,OK,NEAR_ZERO_NET_FLOW,,0,INSUFFICIENT_EVIDENCE,,0.0,1,OK,,CELL_CONSOLIDATION,0.44308243782576173,False,False,0.0,2
ckb1qrlh3whq40ch67jqfs97p7ddnjgctvlc3hxxqsp5202m4rslyt6n5qn0ta0jq68jgwzvzpy82w8sugs9cvvza3fz0flwr67avv068nsst5uevzjl,,0,INSUFFICIENT_EVIDENCE,,,0,INSUFFICIENT_EVIDENCE,SINGLE_LOCK_SCRIPT,0.27203642929861027,3,OK,,0.29407285859722054,2,OK,,0.44308243782576173,2,OK,FEW_DISTINCT_SOURCES,0.44308243782576173,2,OK,FEW_DISTINCT_DESTINATIONS,0.3333333333333333,3,OK,NEAR_ZERO_NET_FLOW,,0,INSUFFICIENT_EVIDENCE,,0.0,1,OK,,CELL_CONSOLIDATION,0.44308243782576173,False,False,0.0,2
ckb1qzda0cr08m85hc8jlnfp3zer7xulejywt49kt2rr0vthywaa50xwsq0259kv0x5jez6h0l5qr52k64weapapgyscsnmhn,,0,INSUFFICIENT_EVIDENCE,,,0,INSUFFICIENT_EVIDENCE,,,0,INSUFFICIENT_EVIDENCE,,,0,INSUFFICIENT_EVIDENCE,,,0,INSUFFICIENT_EVIDENCE,,,0,INSUFFICIENT_EVIDENCE,,,0,INSUFFICIENT_EVIDENCE,,,0,INSUFFICIENT_EVIDENCE,HIGH_INTERVAL_VARIANCE;VARIED_TIME_OF_DAY;VARIED_DAY_OF_WEEK,0.0,1,OK,,INSUFFICIENT_EVIDENCE,,False,False,0.0,0
ckb1qzda0cr08m85hc8jlnfp3zer7xulejywt49kt2rr0vthywaa50xwsq02lstf96jmmavf7uln9acpkedt2clz3tqc6chk8,0.5539867797534953,3,OK,,0.375,2,OK,SINGLE_LOCK_SCRIPT,0.0,3,OK,,0.0,2,OK,,0.0,2,OK,,0.0,2,OK,FEW_DISTINCT_DESTINATIONS,0.3333333333333333,3,OK,NEAR_ZERO_NET_FLOW,0.7664727335112616,4,OK,HIGH_INTERVAL_VARIANCE;VARIED_TIME_OF_DAY;VARIED_DAY_OF_WEEK,0.0,1,OK,,IRREGULAR_ACTIVITY,0.7664727335112616,False,False,0.0,106
ckb1qzda0cr08m85hc8jlnfp3zer7xulejywt49kt2rr0vthywaa50xwsq02rtsalknt9nezey405ay2gek8v5x0ncc3fd62k,0.4158173322721403,3,OK,,0.375,2,OK,SINGLE_LOCK_SCRIPT,0.2698659258733554,3,OK,,0.0,2,OK,,0.0,2,OK,FEW_DISTINCT_SOURCES,0.4395472056090668,2,OK,FEW_DISTINCT_DESTINATIONS,0.3333333333333333,3,OK,NEAR_ZERO_NET_FLOW,0.6321850963691308,4,OK,HIGH_INTERVAL_VARIANCE;VARIED_DAY_OF_WEEK,0.0,1,OK,,IRREGULAR_ACTIVITY,0.6321850963691308,False,False,0.0,752
ckb1qzda0cr08m85hc8jlnfp3zer7xulejywt49kt2rr0vthywaa50xwsq02u38k4kh65ek037y6ladw8h387u78pcs8gc8lh,0.49911634900333224,2,OK,LOW_INTERVAL_VARIANCE,0.75,1,OK,DOMINANT_TX_SHAPE;SINGLE_LOCK_SCRIPT,0.0,2,OK,,0.0,2,OK,,0.0,2,OK,FEW_DISTINCT_SOURCES,0.0,2,OK,FEW_DISTINCT_DESTINATIONS,0.0,3,OK,,0.2504418254983339,4,OK,VARIED_DAY_OF_WEEK,0.0,1,OK,,PERIODIC_EXECUTION,0.49911634900333224,True,False,0.0,35
ckb1qzda0cr08m85hc8jlnfp3zer7xulejywt49kt2rr0vthywaa50xwsq03gy6qc59208692fxn2pa2pln3xwcwdxsc7p7te,0.3035195158590178,3,OK,,0.34305273833671396,2,OK,SINGLE_LOCK_SCRIPT,0.24886091199528035,3,OK,,0.0,2,OK,,0.0,2,OK,FEW_DISTINCT_SOURCES,0.405335049613425,2,OK,FEW_DISTINCT_DESTINATIONS,0.0793074347699843,3,OK,,0.8841615293359875,4,OK,HIGH_INTERVAL_VARIANCE;VARIED_TIME_OF_DAY;VARIED_DAY_OF_WEEK;MIXED_TX_SHAPES,0.0,1,OK,,IRREGULAR_ACTIVITY,0.8841615293359875,False,False,0.0,986
ckb1qzda0cr08m85hc8jlnfp3zer7xulejywt49kt2rr0vthywaa50xwsq03vvfm7dufx0a80zj27h4f5qjvygtelpshfz360,,0,INSUFFICIENT_EVIDENCE,,,0,INSUFFICIENT_EVIDENCE,SINGLE_LOCK_SCRIPT,0.0,3,OK,,0.0,2,OK,,0.0,2,OK,FEW_DISTINCT_SOURCES,0.0,2,OK,FEW_DISTINCT_DESTINATIONS,0.3333333333333333,3,OK,NEAR_ZERO_NET_FLOW,,0,INSUFFICIENT_EVIDENCE,,0.0,1,OK,,ROUND_TRIP,0.3333333333333333,False,False,0.0,2
ckb1qzda0cr08m85hc8jlnfp3zer7xulejywt49kt2rr0vthywaa50xwsq03z3ekhq3qhe4tz8v5kf3z08gxphswumg02rsqc,0.3410827735217743,3,OK,,0.36061381074168797,2,OK,SINGLE_LOCK_SCRIPT,0.07374900640831887,3,OK,,0.008648228061238874,2,OK,,0.00987633953072947,2,OK,,0.12011953557424737,2,OK,FEW_DISTINCT_DESTINATIONS,0.3333333333333333,3,OK,NEAR_ZERO_NET_FLOW,0.8722916659858831,4,OK,HIGH_INTERVAL_VARIANCE;VARIED_TIME_OF_DAY;VARIED_DAY_OF_WEEK;MIXED_TX_SHAPES,0.0,1,OK,,IRREGULAR_ACTIVITY,0.8722916659858831,False,False,0.0,782
ckb1qzda0cr08m85hc8jlnfp3zer7xulejywt49kt2rr0vthywaa50xwsq046dyalzv28h7wt8fqzhhskeedyh6fpugkydwwj,0.1836826979795351,3,OK,,0.23684210526315788,2,OK,SINGLE_LOCK_SCRIPT,0.21386328496851797,3,OK,,0.10834263211476543,2,OK,,0.16324089814633322,2,OK,FEW_DISTINCT_SOURCES,0.21296087611823777,2,OK,,0.3333333333333333,3,OK,NEAR_ZERO_NET_FLOW,0.8251805758639232,4,OK,HIGH_INTERVAL_VARIANCE;VARIED_TIME_OF_DAY;VARIED_DAY_OF_WEEK;MIXED_TX_SHAPES,0.0,1,OK,,IRREGULAR_ACTIVITY,0.8251805758639232,False,False,0.0,38
ckb1qzda0cr08m85hc8jlnfp3zer7xulejywt49kt2rr0vthywaa50xwsq04avg2cjv4t0vh2v7zuztvcctzy860fjs9esl5u,0.28952665366310215,3,OK,,0.6428571428571428,2,OK,DOMINANT_TX_SHAPE;SINGLE_LOCK_SCRIPT,0.10303682467195097,3,OK,,0.0,2,OK,,0.0,2,OK,,0.10509757522718223,2,OK,,0.6189684602596861,3,OK,HIGH_RECIPROCITY_CELL;HIGH_RECIPROCITY_LEGACY_EDGES;NEAR_ZERO_NET_FLOW,0.46013944552303643,4,OK,HIGH_INTERVAL_VARIANCE;VARIED_DAY_OF_WEEK,0.0,1,OK,,ROUND_TRIP,0.6189684602596861,False,False,0.0,7
ckb1qzda0cr08m85hc8jlnfp3zer7xulejywt49kt2rr0vthywaa50xwsq04vdv80ce23y6cs8050zkhdnm6v39y6ysd7rhfz,,0,INSUFFICIENT_EVIDENCE,,,0,INSUFFICIENT_EVIDENCE,,,0,INSUFFICIENT_EVIDENCE,,,0,INSUFFICIENT_EVIDENCE,,,0,INSUFFICIENT_EVIDENCE,,,0,INSUFFICIENT_EVIDENCE,,,0,INSUFFICIENT_EVIDENCE,,,0,INSUFFICIENT_EVIDENCE,HIGH_INTERVAL_VARIANCE;VARIED_TIME_OF_DAY;VARIED_DAY_OF_WEEK,0.0,1,OK,,INSUFFICIENT_EVIDENCE,,False,False,0.0,0
ckb1qzda0cr08m85hc8jlnfp3zer7xulejywt49kt2rr0vthywaa50xwsq059gaxh9mhygyzgpps4edtqdsumgslcdq3ejtuw,0.03360416143219928,3,OK,,0.3759036144578314,2,OK,SINGLE_LOCK_SCRIPT,0.0,3,OK,,0.3514850109878027,2,OK,,0.36695514820286057,2,OK,,0.0,2,OK,FEW_DISTINCT_DESTINATIONS,0.33220320565106143,3,OK,NEAR_ZERO_NET_FLOW,0.6279307916399445,4,OK,HIGH_INTERVAL_VARIANCE;VARIED_DAY_OF_WEEK,0.0,1,OK,,IRREGULAR_ACTIVITY,0.6279307916399445,False,False,0.0,415
ckb1qzda0cr08m85hc8jlnfp3zer7xulejywt49kt2rr0vthywaa50xwsq05jzhp0f28a78e9vnyvk4vfmw60xaqadgfyz8es,,0,INSUFFICIENT_EVIDENCE,,,0,INSUFFICIENT_EVIDENCE,,,0,INSUFFICIENT_EVIDENCE,,,0,INSUFFICIENT_EVIDENCE,,,0,INSUFFICIENT_EVIDENCE,,,0,INSUFFICIENT_EVIDENCE,,,0,INSUFFICIENT_EVIDENCE,,,0,INSUFFICIENT_EVIDENCE,HIGH_INTERVAL_VARIANCE;VARIED_TIME_OF_DAY;VARIED_DAY_OF_WEEK,0.0,1,OK,,INSUFFICIENT_EVIDENCE,,False,False,0.0,0
ckb1qzda0cr08m85hc8jlnfp3zer7xulejywt49kt2rr0vthywaa50xwsq05k3xttu6lzuy260j06mql7tqpgwcznlcvx836h,,0,INSUFFICIENT_EVIDENCE,,,0,INSUFFICIENT_EVIDENCE,DOMINANT_TX_SHAPE;SINGLE_LOCK_SCRIPT,0.0,3,OK,,0.0,2,OK,,0.0,2,OK,FEW_DISTINCT_SOURCES,0.0,2,OK,FEW_DISTINCT_DESTINATIONS,,0,INSUFFICIENT_EVIDENCE,,,0,INSUFFICIENT_EVIDENCE,,0.0,1,OK,,INSUFFICIENT_EVIDENCE,,False,False,0.0,1
ckb1qzda0cr08m85hc8jlnfp3zer7xulejywt49kt2rr0vthywaa50xwsq05n6zvckahhuks4wl9rznllcfgralwl3gqs5rqt,0.0,3,OK,,0.375,2,OK,SINGLE_LOCK_SCRIPT,0.0,3,OK,,0.29407285859722054,2,OK,,0.44308243782576173,2,OK,FEW_DISTINCT_SOURCES,0.0,2,OK,FEW_DISTINCT_DESTINATIONS,0.3333333333333333,3,OK,NEAR_ZERO_NET_FLOW,0.6467069419072351,4,OK,HIGH_INTERVAL_VARIANCE;VARIED_DAY_OF_WEEK,0.0,1,OK,,IRREGULAR_ACTIVITY,0.6467069419072351,False,False,0.0,244
ckb1qzda0cr08m85hc8jlnfp3zer7xulejywt49kt2rr0vthywaa50xwsq05uu85tpqrf75arfkskcnwjsaj5f6c05qtmqdm9,0.13964251488502963,3,OK,,0.37420718816067655,2,OK,SINGLE_LOCK_SCRIPT,0.271461299426943,3,OK,,0.31782515696153246,2,OK,,0.4071887213764116,2,OK,FEW_DISTINCT_SOURCES,0.44214568848574953,2,OK,FEW_DISTINCT_DESTINATIONS,0.3333333333333333,3,OK,NEAR_ZERO_NET_FLOW,0.6110201290480514,4,OK,HIGH_INTERVAL_VARIANCE;VARIED_DAY_OF_WEEK;MIXED_TX_SHAPES,0.0,1,OK,,IRREGULAR_ACTIVITY,0.6110201290480514,False,False,0.0,473
ckb1qzda0cr08m85hc8jlnfp3zer7xulejywt49kt2rr0vthywaa50xwsq06cwnwfzz5sv5ps5w6ewtm6q9upj8klyc7qt4xy,,0,INSUFFICIENT_EVIDENCE,,0.75,1,OK,DOMINANT_TX_SHAPE;SINGLE_LOCK_SCRIPT,0.0,3,OK,,0.0,2,OK,,0.0,2,OK,FEW_DISTINCT_SOURCES,0.0,2,OK,FEW_DISTINCT_DESTINATIONS,0.3333333333333333,3,OK,NEAR_ZERO_NET_FLOW,,0,INSUFFICIENT_EVIDENCE,HIGH_INTERVAL_VARIANCE,0.0,1,OK,,ROUND_TRIP,0.3333333333333333,True,False,0.0,3
ckb1qzda0cr08m85hc8jlnfp3zer7xulejywt49kt2rr0vthywaa50xwsq06hq9768t33hwp5cxyq4kxaskw7xgrqhgyj6gz0,0.27693286300279296,3,OK,,0.3733695652173913,2,OK,SINGLE_LOCK_SCRIPT,0.11472840713897911,3,OK,,0.0009271125454381787,2,OK,,0.0011877907197720464,2,OK,FEW_DISTINCT_SOURCES,0.1868652020395604,2,OK,FEW_DISTINCT_DESTINATIONS,0.3333333333333333,3,OK,NEAR_ZERO_NET_FLOW,0.6300464677515882,4,OK,HIGH_INTERVAL_VARIANCE;VARIED_DAY_OF_WEEK;MIXED_TX_SHAPES,0.0,1,OK,,IRREGULAR_ACTIVITY,0.6300464677515882,False,False,0.0,1380
ckb1qzda0cr08m85hc8jlnfp3zer7xulejywt49kt2rr0vthywaa50xwsq06s99smdcvprv0vpjw74v7yr3gfsz63tsmgym2k,0.1750601332785615,3,OK,,0.35454545454545455,2,OK,SINGLE_LOCK_SCRIPT,0.25719807860959515,3,OK,,0.23525828687777645,2,OK,,0.3544659502606094,2,OK,FEW_DISTINCT_SOURCES,0.41891430485344744,2,OK,FEW_DISTINCT_DESTINATIONS,0.3333333333333333,3,OK,NEAR_ZERO_NET_FLOW,0.8012191189305742,4,OK,HIGH_INTERVAL_VARIANCE;VARIED_DAY_OF_WEEK;MIXED_TX_SHAPES,0.0,1,OK,,IRREGULAR_ACTIVITY,0.8012191189305742,False,False,0.0,55
ckb1qzda0cr08m85hc8jlnfp3zer7xulejywt49kt2rr0vthywaa50xwsq0764vl97f7teu43k9x9v93fr9330zgf0cr43nr7,,0,INSUFFICIENT_EVIDENCE,,,0,INSUFFICIENT_EVIDENCE,,,0,INSUFFICIENT_EVIDENCE,,,0,INSUFFICIENT_EVIDENCE,,,0,INSUFFICIENT_EVIDENCE,,,0,INSUFFICIENT_EVIDENCE,,,0,INSUFFICIENT_EVIDENCE,,,0,INSUFFICIENT_EVIDENCE,VARIED_TIME_OF_DAY,0.0,1,OK,,INSUFFICIENT_EVIDENCE,,False,False,0.0,0
ckb1qzda0cr08m85hc8jlnfp3zer7xulejywt49kt2rr0vthywaa50xwsq07j9vt4j4pr582tmmhg2r25g09e8lqhzq67lmrn,0.41677376033331837,3,OK,,0.375,2,OK,SINGLE_LOCK_SCRIPT,0.0,3,OK,,0.0,2,OK,,0.0,2,OK,FEW_DISTINCT_SOURCES,0.0,2,OK,FEW_DISTINCT_DESTINATIONS,0.3333333333333333,3,OK,NEAR_ZERO_NET_FLOW,0.8323207413083268,4,OK,HIGH_INTERVAL_VARIANCE;VARIED_TIME_OF_DAY;VARIED_DAY_OF_WEEK,0.0,1,OK,,IRREGULAR_ACTIVITY,0.8323207413083268,False,False,0.0,64
ckb1qzda0cr08m85hc8jlnfp3zer7xulejywt49kt2rr0vthywaa50xwsq07ky0r9mzffqwrv5ah6p8h9z47lg2p3acrhyltk,,0,INSUFFICIENT_EVIDENCE,,,0,INSUFFICIENT_EVIDENCE,,,0,INSUFFICIENT_EVIDENCE,,,0,INSUFFICIENT_EVIDENCE,,,0,INSUFFICIENT_EVIDENCE,,,0,INSUFFICIENT_EVIDENCE,,,0,INSUFFICIENT_EVIDENCE,,,0,INSUFFICIENT_EVIDENCE,,0.0,1,OK,,INSUFFICIENT_EVIDENCE,,False,False,0.0,0
ckb1qzda0cr08m85hc8jlnfp3zer7xulejywt49kt2rr0vthywaa50xwsq07r6d4agdqwld880vzslwy3aj28mh3axq7pjrfc,,0,INSUFFICIENT_EVIDENCE,,,0,INSUFFICIENT_EVIDENCE,,,0,INSUFFICIENT_EVIDENCE,,,0,INSUFFICIENT_EVIDENCE,,,0,INSUFFICIENT_EVIDENCE,,,0,INSUFFICIENT_EVIDENCE,,,0,INSUFFICIENT_EVIDENCE,,,0,INSUFFICIENT_EVIDENCE,,0.0,1,OK,,INSUFFICIENT_EVIDENCE,,False,False,0.0,0
ckb1qzda0cr08m85hc8jlnfp3zer7xulejywt49kt2rr0vthywaa50xwsq07vlts907h0ev3vz40qttyg6qx7xh3xlqgyyr4j,0.2861108999105418,3,OK,,0.375,2,OK,SINGLE_LOCK_SCRIPT,0.2706096648092819,3,OK,,0.0,2,OK,,0.0,2,OK,FEW_DISTINCT_SOURCES,0.44075857888611614,2,OK,FEW_DISTINCT_DESTINATIONS,0.3333333333333333,3,OK,NEAR_ZERO_NET_FLOW,0.7352157730361026,4,OK,HIGH_INTERVAL_VARIANCE;VARIED_DAY_OF_WEEK,0.0,1,OK,,IRREGULAR_ACTIVITY,0.7352157730361026,False,False,0.0,1144
ckb1qzda0cr08m85hc8jlnfp3zer7xulejywt49kt2rr0vthywaa50xwsq07zh8qks3jgz4rzfnnvz6l3669qm0nrugucl40c,0.0,3,OK,,0.375,2,OK,SINGLE_LOCK_SCRIPT,0.0012199135999883407,3,OK,,0.3198538281761806,2,OK,,0.40978779832136747,2,OK,FEW_DISTINCT_SOURCES,0.0015233747149492774,2,OK,FEW_DISTINCT_DESTINATIONS,0.3333333333333333,3,OK,NEAR_ZERO_NET_FLOW,0.6742739894806976,4,OK,HIGH_INTERVAL_VARIANCE;VARIED_DAY_OF_WEEK,0.0,1,OK,,IRREGULAR_ACTIVITY,0.6742739894806976,False,False,0.0,538
ckb1qzda0cr08m85hc8jlnfp3zer7xulejywt49kt2rr0vthywaa50xwsq084l0edu0ucchdngufewmh2mp2mlmqk8cqsq99n,0.5358024252994099,3,OK,,0.375,2,OK,SINGLE_LOCK_SCRIPT,0.032726186983291446,3,OK,,0.0,2,OK,,0.0,2,OK,FEW_DISTINCT_SOURCES,0.05330315041512921,2,OK,FEW_DISTINCT_DESTINATIONS,0.3333333333333333,3,OK,NEAR_ZERO_NET_FLOW,0.7911569420305009,4,OK,HIGH_INTERVAL_VARIANCE;VARIED_TIME_OF_DAY;VARIED_DAY_OF_WEEK,0.0,1,OK,,IRREGULAR_ACTIVITY,0.7911569420305009,False,False,0.0,2128
ckb1qzda0cr08m85hc8jlnfp3zer7xulejywt49kt2rr0vthywaa50xwsq087uc2epsa0ft08zu747g30c6zuh2lyxcsqugmn,0.26856569612968445,3,OK,,0.345344387755102,2,OK,SINGLE_LOCK_SCRIPT,0.1481021498327759,3,OK,,0.2708170968203995,2,OK,,0.40804275524260203,2,OK,FEW_DISTINCT_SOURCES,0.19444012879534273,2,OK,FEW_DISTINCT_DESTINATIONS,0.3333333333333333,3,OK,NEAR_ZERO_NET_FLOW,0.8825001649092448,4,OK,HIGH_INTERVAL_VARIANCE;VARIED_TIME_OF_DAY;VARIED_DAY_OF_WEEK;MIXED_TX_SHAPES,0.0,1,OK,,IRREGULAR_ACTIVITY,0.8825001649092448,False,False,0.0,1568
ckb1qzda0cr08m85hc8jlnfp3zer7xulejywt49kt2rr0vthywaa50xwsq08d3jlwgma52gm4mz6fchyah7ruhk8y4swey2xv,,0,INSUFFICIENT_EVIDENCE,DOMINANT_1TO1_SHAPE,,0,INSUFFICIENT_EVIDENCE,DOMINANT_TX_SHAPE;SINGLE_LOCK_SCRIPT,0.0,3,OK,,0.0,2,OK,,0.0,2,OK,FEW_DISTINCT_SOURCES,0.0,2,OK,FEW_DISTINCT_DESTINATIONS,0.3333333333333333,3,OK,NEAR_ZERO_NET_FLOW,,0,INSUFFICIENT_EVIDENCE,,0.0,1,OK,,ROUND_TRIP,0.3333333333333333,False,False,0.0,2
ckb1qzda0cr08m85hc8jlnfp3zer7xulejywt49kt2rr0vthywaa50xwsq08np8nmp86cyutmm8glcmp36udhrkquhgpeccr6,0.0,3,OK,,0.375,2,OK,SINGLE_LOCK_SCRIPT,0.2887728546058266,3,OK,,0.29407285859722054,2,OK,,0.44308243782576173,2,OK,FEW_DISTINCT_SOURCES,0.40978779832136747,2,OK,FEW_DISTINCT_DESTINATIONS,0.3333333333333333,3,OK,NEAR_ZERO_NET_FLOW,0.6473534539814414,4,OK,HIGH_INTERVAL_VARIANCE;VARIED_DAY_OF_WEEK,0.0,1,OK,,IRREGULAR_ACTIVITY,0.6473534539814414,False,False,0.0,116
ckb1qzda0cr08m85hc8jlnfp3zer7xulejywt49kt2rr0vthywaa50xwsq08nxknd7g5pzwe9mmdcqtqfs5f8ckh8fq34kxj8,0.5677005215726633,3,OK,,0.37360074626865675,2,OK,SINGLE_LOCK_SCRIPT,0.002030122606705998,3,OK,,0.0011934844334931824,2,OK,,0.0015290589489602897,2,OK,FEW_DISTINCT_SOURCES,0.0033065853569085903,2,OK,FEW_DISTINCT_DESTINATIONS,0.3333333333333333,3,OK,NEAR_ZERO_NET_FLOW,0.7649639640169931,4,OK,HIGH_INTERVAL_VARIANCE;VARIED_TIME_OF_DAY;VARIED_DAY_OF_WEEK;MIXED_TX_SHAPES,0.0,1,OK,,IRREGULAR_ACTIVITY,0.7649639640169931,False,False,0.0,536
ckb1qzda0cr08m85hc8jlnfp3zer7xulejywt49kt2rr0vthywaa50xwsq09qn6u0gmgf2fxgw6re5ntcaexrxlsrmsls56gk,,0,INSUFFICIENT_EVIDENCE,,,0,INSUFFICIENT_EVIDENCE,DOMINANT_TX_SHAPE;SINGLE_LOCK_SCRIPT,0.5714377285258252,3,OK,FANOUT_DOMINANT_SHAPE,0.0,2,OK,,0.0,2,OK,FEW_DISTINCT_SOURCES,0.8195755966427349,2,OK,1_TO_N_SHAPE;FEW_DISTINCT_DESTINATIONS,0.3333333333333333,3,OK,NEAR_ZERO_NET_FLOW,,0,INSUFFICIENT_EVIDENCE,,0.0,1,OK,,CELL_FRAGMENTATION,0.8195755966427349,False,False,0.0,2
ckb1qzda0cr08m85hc8jlnfp3zer7xulejywt49kt2rr0vthywaa50xwsq09rwsv5zvm3658ugyssehs360eh82v7zclyn32u,0.28323869245940486,3,OK,,0.43359375,2,OK,SINGLE_LOCK_SCRIPT,0.42630217042268187,3,OK,FANOUT_DOMINANT_SHAPE,0.004594888415581571,2,OK,,0.006923163091027527,2,OK,FEW_DISTINCT_SOURCES,0.3806922062081111,2,OK,1_TO_N_SHAPE,0.03801271303258894,3,OK,,0.8412415640251023,4,OK,HIGH_INTERVAL_VARIANCE;VARIED_TIME_OF_DAY;VARIED_DAY_OF_WEEK,0.0,1,OK,,IRREGULAR_ACTIVITY,0.8412415640251023,False,False,0.0,128
ckb1qzda0cr08m85hc8jlnfp3zer7xulejywt49kt2rr0vthywaa50xwsq0a7apfhwtpcrx2vwh4rverv53y377dgsqtkmuyv,0.07727108215707564,3,OK,,0.3729641693811075,2,OK,SINGLE_LOCK_SCRIPT,0.48837674105950263,3,OK,MANY_DISTINCT_RECIPIENTS;EVEN_CAPACITY_SPREAD,0.0993485342019544,2,OK,MANY_DISTINCT_SENDERS,0.0496742671009772,2,OK,,0.248642779587405,2,OK,,0.005602240896358533,3,OK,,0.8548620498641888,4,OK,HIGH_INTERVAL_VARIANCE;VARIED_TIME_OF_DAY;VARIED_DAY_OF_WEEK;MIXED_TX_SHAPES,0.0,1,OK,,IRREGULAR_ACTIVITY,0.8548620498641888,False,False,0.0,1842
ckb1qzda0cr08m85hc8jlnfp3zer7xulejywt49kt2rr0vthywaa50xwsq0anafacyafq0j2rek0jx5rztanvvw9kcqdtkwna,0.3349432280460632,3,OK,,0.35350318471337583,2,OK,SINGLE_LOCK_SCRIPT,0.05413739083354155,3,OK,,0.27721517880502317,2,OK,,0.4176828076319283,2,OK,FEW_DISTINCT_SOURCES,0.06473081145458542,2,OK,FEW_DISTINCT_DESTINATIONS,0.3333333333333333,3,OK,NEAR_ZERO_NET_FLOW,0.8204297258885077,4,OK,HIGH_INTERVAL_VARIANCE;VARIED_TIME_OF_DAY;VARIED_DAY_OF_WEEK;MIXED_TX_SHAPES,0.0,1,OK,,IRREGULAR_ACTIVITY,0.8204297258885077,False,False,0.0,785
ckb1qzda0cr08m85hc8jlnfp3zer7xulejywt49kt2rr0vthywaa50xwsq0anxptffq8enukzzyc9yjry5kt3ugua2gg39eh9,0.4982843872557612,2,OK,LOW_INTERVAL_VARIANCE,0.75,1,OK,DOMINANT_TX_SHAPE;SINGLE_LOCK_SCRIPT,0.0,2,OK,,0.0,2,OK,,0.0,2,OK,FEW_DISTINCT_SOURCES,0.0,2,OK,FEW_DISTINCT_DESTINATIONS,0.0,3,OK,,0.2432503939196507,4,OK,VARIED_DAY_OF_WEEK,0.0,1,OK,,PERIODIC_EXECUTION,0.4982843872557612,True,False,0.0,10
ckb1qzda0cr08m85hc8jlnfp3zer7xulejywt49kt2rr0vthywaa50xwsq0atd3ep6w47442fk86cxg5n0nsactvlts9nzk3r,0.4746223191452272,3,OK,,0.374326750448833,2,OK,SINGLE_LOCK_SCRIPT,0.10549348066157953,3,OK,,0.0003519723023305771,2,OK,,0.0005303200931486853,2,OK,FEW_DISTINCT_SOURCES,0.1718237101801876,2,OK,FEW_DISTINCT_DESTINATIONS,0.3333333333333333,3,OK,NEAR_ZERO_NET_FLOW,0.7643064306631911,4,OK,HIGH_INTERVAL_VARIANCE;VARIED_TIME_OF_DAY;VARIED_DAY_OF_WEEK;MIXED_TX_SHAPES,0.0,1,OK,,IRREGULAR_ACTIVITY,0.7643064306631911,False,False,0.0,1671
ckb1qzda0cr08m85hc8jlnfp3zer7xulejywt49kt2rr0vthywaa50xwsq0c46k06e2fp7rg9aq9yqxwaat763nrpegmdg0qn,0.3947938787977936,3,OK,,0.375,2,OK,SINGLE_LOCK_SCRIPT,0.27203642929861027,3,OK,,0.0,2,OK,,0.0,2,OK,FEW_DISTINCT_SOURCES,0.44308243782576173,2,OK,FEW_DISTINCT_DESTINATIONS,0.3333333333333333,3,OK,NEAR_ZERO_NET_FLOW,0.737229692917712,4,OK,HIGH_INTERVAL_VARIANCE;VARIED_DAY_OF_WEEK,0.0,1,OK,,IRREGULAR_ACTIVITY,0.737229692917712,False,False,0.0,208
ckb1qzda0cr08m85hc8jlnfp3zer7xulejywt49kt2rr0vthywaa50xwsq0c46rcy6f2qav3ddfgv2540mz6vl7knlc0pl0a0,0.5162203328720517,3,OK,,0.5625,2,OK,SINGLE_LOCK_SCRIPT,0.034004553662326284,3,OK,,0.11994518556606772,2,OK,,0.15367042437051281,2,OK,FEW_DISTINCT_SOURCES,0.05538530472822022,2,OK,FEW_DISTINCT_DESTINATIONS,0.3333333333333333,3,OK,NEAR_ZERO_NET_FLOW,0.6406336701082617,4,OK,HIGH_INTERVAL_VARIANCE,0.0,1,OK,,IRREGULAR_ACTIVITY,0.6406336701082617,False,False,0.0,16
ckb1qzda0cr08m85hc8jlnfp3zer7xulejywt49kt2rr0vthywaa50xwsq0ccj0jne37a2e7g4aw9473j0wju4xx2ag7zssne,0.5273470488118682,3,OK,LOW_LIFETIME_VARIANCE,0.6606925880923451,2,OK,DOMINANT_TX_SHAPE;SINGLE_LOCK_SCRIPT,0.0,3,OK,,0.0,2,OK,,0.0,2,OK,FEW_DISTINCT_SOURCES,0.0,2,OK,FEW_DISTINCT_DESTINATIONS,0.1434114653193204,3,OK,,0.40643085240676274,4,OK,HIGH_INTERVAL_VARIANCE;VARIED_DAY_OF_WEEK,0.0,1,OK,,PERIODIC_EXECUTION,0.5273470488118682,False,False,0.0,196
ckb1qzda0cr08m85hc8jlnfp3zer7xulejywt49kt2rr0vthywaa50xwsq0cl8tlydpzpp6wzeuzfsm926sp9m0rpqqt2qecr,0.30284804517691233,3,OK,,0.5583333333333333,2,OK,SINGLE_LOCK_SCRIPT,0.0,3,OK,,0.43784181168919506,2,OK,FANIN_DOMINANT_SHAPE,0.6597005185405787,2,OK,N_TO_1_SHAPE;FEW_DISTINCT_SOURCES,0.0,2,OK,FEW_DISTINCT_DESTINATIONS,0.3333333333333333,3,OK,NEAR_ZERO_NET_FLOW,0.7784497634743686,4,OK,HIGH_INTERVAL_VARIANCE;VARIED_TIME_OF_DAY;VARIED_DAY_OF_WEEK,0.0,1,OK,,IRREGULAR_ACTIVITY,0.7784497634743686,False,False,0.0,90
ckb1qzda0cr08m85hc8jlnfp3zer7xulejywt49kt2rr0vthywaa50xwsq0cq8e9avklws5c6s8zqkh4gluc0q2jrasq93la2,,0,INSUFFICIENT_EVIDENCE,,,0,INSUFFICIENT_EVIDENCE,,,0,INSUFFICIENT_EVIDENCE,,,0,INSUFFICIENT_EVIDENCE,,,0,INSUFFICIENT_EVIDENCE,,,0,INSUFFICIENT_EVIDENCE,,,0,INSUFFICIENT_EVIDENCE,,,0,INSUFFICIENT_EVIDENCE,HIGH_INTERVAL_VARIANCE;VARIED_TIME_OF_DAY;VARIED_DAY_OF_WEEK,0.0,1,OK,,INSUFFICIENT_EVIDENCE,,False,False,0.0,0
ckb1qzda0cr08m85hc8jlnfp3zer7xulejywt49kt2rr0vthywaa50xwsq0d430ajed30h2df3d4eudc2d2jr45mr2qtpx9rj,,0,INSUFFICIENT_EVIDENCE,,,0,INSUFFICIENT_EVIDENCE,,,0,INSUFFICIENT_EVIDENCE,,,0,INSUFFICIENT_EVIDENCE,,,0,INSUFFICIENT_EVIDENCE,,,0,INSUFFICIENT_EVIDENCE,,,0,INSUFFICIENT_EVIDENCE,,,0,INSUFFICIENT_EVIDENCE,HIGH_INTERVAL_VARIANCE;VARIED_TIME_OF_DAY;VARIED_DAY_OF_WEEK,0.0,1,OK,,INSUFFICIENT_EVIDENCE,,False,False,0.0,0
ckb1qzda0cr08m85hc8jlnfp3zer7xulejywt49kt2rr0vthywaa50xwsq0d9ma6yrsj0r83e5qhf0ja2x39ph8gc0qgkmu25,0.2779155660440043,3,OK,,0.39832022873481054,2,OK,SINGLE_LOCK_SCRIPT,0.0,3,OK,,0.27578526839138906,2,OK,,0.41552834769649705,2,OK,FEW_DISTINCT_SOURCES,0.0,2,OK,FEW_DISTINCT_DESTINATIONS,0.33317879825385605,3,OK,NEAR_ZERO_NET_FLOW,0.4735113669126436,4,OK,VARIED_DAY_OF_WEEK,0.0,1,OK,,IRREGULAR_ACTIVITY,0.4735113669126436,False,False,0.0,1399
ckb1qzda0cr08m85hc8jlnfp3zer7xulejywt49kt2rr0vthywaa50xwsq0dtptjfpdqwdy4u8uukg2msx5l7vhwt4q2t2k08,0.10446561204678047,3,OK,,0.375,2,OK,SINGLE_LOCK_SCRIPT,0.0,3,OK,,0.29407285859722054,2,OK,,0.44308243782576173,2,OK,FEW_DISTINCT_SOURCES,0.0,2,OK,FEW_DISTINCT_DESTINATIONS,0.3333333333333333,3,OK,NEAR_ZERO_NET_FLOW,0.5764114823391772,4,OK,HIGH_INTERVAL_VARIANCE;VARIED_DAY_OF_WEEK,0.0,1,OK,,IRREGULAR_ACTIVITY,0.5764114823391772,False,False,0.0,828
ckb1qzda0cr08m85hc8jlnfp3zer7xulejywt49kt2rr0vthywaa50xwsq0e79jhf82c52wjwz95sv4lms78akfvdesz5vfwc,,0,INSUFFICIENT_EVIDENCE,,,0,INSUFFICIENT_EVIDENCE,SINGLE_LOCK_SCRIPT,0.27203642929861027,3,OK,,0.0,2,OK,,0.0,2,OK,FEW_DISTINCT_SOURCES,0.44308243782576173,2,OK,FEW_DISTINCT_DESTINATIONS,0.3333333333333333,3,OK,NEAR_ZERO_NET_FLOW,,0,INSUFFICIENT_EVIDENCE,,0.0,1,OK,,CELL_FRAGMENTATION,0.44308243782576173,False,False,0.0,2
ckb1qzda0cr08m85hc8jlnfp3zer7xulejywt49kt2rr0vthywaa50xwsq0ejdewpqqsdy22zke90ug9h9u0jvlqskcjysp8m,,0,INSUFFICIENT_EVIDENCE,,,0,INSUFFICIENT_EVIDENCE,SINGLE_LOCK_SCRIPT,0.2850312024414214,3,OK,,0.0,2,OK,,0.0,2,OK,FEW_DISTINCT_SOURCES,0.40978779832136747,2,OK,FEW_DISTINCT_DESTINATIONS,0.3333333333333333,3,OK,NEAR_ZERO_NET_FLOW,,0,INSUFFICIENT_EVIDENCE,,0.0,1,OK,,CELL_FRAGMENTATION,0.40978779832136747,False,False,0.0,2
ckb1qzda0cr08m85hc8jlnfp3zer7xulejywt49kt2rr0vthywaa50xwsq0er7n9s6mrsravyz79mjqpl97j7tg48ased4uwq,,0,INSUFFICIENT_EVIDENCE,,,0,INSUFFICIENT_EVIDENCE,DOMINANT_TX_SHAPE;SINGLE_LOCK_SCRIPT,0.5,2,OK,FANOUT_DOMINANT_SHAPE,0.0,2,OK,,0.0,2,OK,FEW_DISTINCT_SOURCES,1.0,2,OK,1_TO_N_SHAPE;FEW_DISTINCT_DESTINATIONS,,0,INSUFFICIENT_EVIDENCE,,,0,INSUFFICIENT_EVIDENCE,,0.0,1,OK,,CELL_FRAGMENTATION,1.0,False,False,0.0,1
ckb1qzda0cr08m85hc8jlnfp3zer7xulejywt49kt2rr0vthywaa50xwsq0fjsxk3ufezyljeglltk69mhtgrruqsusa36w9h,,0,INSUFFICIENT_EVIDENCE,,,0,INSUFFICIENT_EVIDENCE,SINGLE_LOCK_SCRIPT,0.27203642929861027,3,OK,,0.0,2,OK,,0.0,2,OK,FEW_DISTINCT_SOURCES,0.44308243782576173,2,OK,FEW_DISTINCT_DESTINATIONS,0.3333333333333333,3,OK,NEAR_ZERO_NET_FLOW,,0,INSUFFICIENT_EVIDENCE,,0.0,1,OK,,CELL_FRAGMENTATION,0.44308243782576173,False,False,0.0,2
ckb1qzda0cr08m85hc8jlnfp3zer7xulejywt49kt2rr0vthywaa50xwsq0g3rymnznt4dm00ep5yekxtdulmepc85g8av65a,0.172179835675654,3,OK,,0.375,2,OK,SINGLE_LOCK_SCRIPT,0.0,3,OK,,0.4011806114647059,2,OK,MANY_DISTINCT_SENDERS,0.29100638972821863,2,OK,,0.0,2,OK,FEW_DISTINCT_DESTINATIONS,0.3333333333333333,3,OK,NEAR_ZERO_NET_FLOW,0.5492335672127813,4,OK,HIGH_INTERVAL_VARIANCE;VARIED_DAY_OF_WEEK,0.0,1,OK,,IRREGULAR_ACTIVITY,0.5492335672127813,False,False,0.0,1436
ckb1qzda0cr08m85hc8jlnfp3zer7xulejywt49kt2rr0vthywaa50xwsq0g42eercj9puzjr3aj5qzej2kky9xvgrqcqehre,0.16377649325626203,3,OK,,0.36849710982658956,2,OK,SINGLE_LOCK_SCRIPT,0.0010483099394936362,3,OK,,0.01042453078056076,2,OK,,0.01190489019349586,2,OK,,0.001707446773894962,2,OK,FEW_DISTINCT_DESTINATIONS,0.3333333333333333,3,OK,NEAR_ZERO_NET_FLOW,0.6454385310241111,4,OK,HIGH_INTERVAL_VARIANCE;VARIED_DAY_OF_WEEK;MIXED_TX_SHAPES,0.0,1,OK,,IRREGULAR_ACTIVITY,0.6454385310241111,False,False,0.0,519
ckb1qzda0cr08m85hc8jlnfp3zer7xulejywt49kt2rr0vthywaa50xwsq0gc0l4ju4sqmn2zcvhsv54srw725z40ac9kk09c,,0,INSUFFICIENT_EVIDENCE,,,0,INSUFFICIENT_EVIDENCE,,,0,INSUFFICIENT_EVIDENCE,,,0,INSUFFICIENT_EVIDENCE,,,0,INSUFFICIENT_EVIDENCE,,,0,INSUFFICIENT_EVIDENCE,,,0,INSUFFICIENT_EVIDENCE,,,0,INSUFFICIENT_EVIDENCE,HIGH_INTERVAL_VARIANCE;VARIED_TIME_OF_DAY;VARIED_DAY_OF_WEEK,0.0,1,OK,,INSUFFICIENT_EVIDENCE,,False,False,0.0,0
ckb1qzda0cr08m85hc8jlnfp3zer7xulejywt49kt2rr0vthywaa50xwsq0gcpdgn07xeev0gcfc9eskt7zvmnvwyuqv3vek3,0.16526610644257703,3,OK,,0.37184873949579833,2,OK,SINGLE_LOCK_SCRIPT,0.09982289142329952,3,OK,,0.0017918981970653917,2,OK,,0.002295729962584633,2,OK,FEW_DISTINCT_SOURCES,0.16258767326379484,2,OK,FEW_DISTINCT_DESTINATIONS,0.3333333333333333,3,OK,NEAR_ZERO_NET_FLOW,0.708479204260005,4,OK,HIGH_INTERVAL_VARIANCE;VARIED_DAY_OF_WEEK;MIXED_TX_SHAPES,0.0,1,OK,,IRREGULAR_ACTIVITY,0.708479204260005,False,False,0.0,714
ckb1qzda0cr08m85hc8jlnfp3zer7xulejywt49kt2rr0vthywaa50xwsq0gk6md9mexs90tmr5tq2lu58zjf22jvqg2eq8hj,0.5033328466743474,3,OK,,0.475,2,OK,SINGLE_LOCK_SCRIPT,0.344579477111573,3,OK,FANOUT_DOMINANT_SHAPE,0.0,2,OK,,0.0,2,OK,FEW_DISTINCT_SOURCES,0.5612377545792981,2,OK,1_TO_N_SHAPE;FEW_DISTINCT_DESTINATIONS,0.1667181586596921,3,OK,,0.5784076209061493,4,OK,VARIED_TIME_OF_DAY;VARIED_DAY_OF_WEEK,0.0,1,OK,,IRREGULAR_ACTIVITY,0.5784076209061493,False,False,0.0,30
ckb1qzda0cr08m85hc8jlnfp3zer7xulejywt49kt2rr0vthywaa50xwsq0gtpf9ptxw2y59p8wmpw4hjsnyxua6mcq6naedm,,0,INSUFFICIENT_EVIDENCE,,,0,INSUFFICIENT_EVIDENCE,,,0,INSUFFICIENT_EVIDENCE,,,0,INSUFFICIENT_EVIDENCE,,,0,INSUFFICIENT_EVIDENCE,,,0,INSUFFICIENT_EVIDENCE,,,0,INSUFFICIENT_EVIDENCE,,,0,INSUFFICIENT_EVIDENCE,,0.0,1,OK,,INSUFFICIENT_EVIDENCE,,False,False,0.0,0
ckb1qzda0cr08m85hc8jlnfp3zer7xulejywt49kt2rr0vthywaa50xwsq0guyenkvxw036k2zukneprz8x4erevtgs958r7v,,0,INSUFFICIENT_EVIDENCE,,,0,INSUFFICIENT_EVIDENCE,DOMINANT_TX_SHAPE;SINGLE_LOCK_SCRIPT,0.5,2,OK,FANOUT_DOMINANT_SHAPE,0.0,2,OK,,0.0,2,OK,FEW_DISTINCT_SOURCES,1.0,2,OK,1_TO_N_SHAPE;FEW_DISTINCT_DESTINATIONS,0.0,3,OK,,,0,INSUFFICIENT_EVIDENCE,,0.0,1,OK,,CELL_FRAGMENTATION,1.0,False,False,0.0,2
ckb1qzda0cr08m85hc8jlnfp3zer7xulejywt49kt2rr0vthywaa50xwsq0hdpsvr460r784ym6afepeygsacdj7vksh7jjd6,0.3343070991366071,3,OK,,0.37396978021978017,2,OK,SINGLE_LOCK_SCRIPT,0.0011210292416151194,3,OK,,0.0008787193081762732,2,OK,,0.0011257906547289711,2,OK,FEW_DISTINCT_SOURCES,0.0018258891668643494,2,OK,FEW_DISTINCT_DESTINATIONS,0.3333333333333333,3,OK,NEAR_ZERO_NET_FLOW,0.5146221072877555,4,OK,HIGH_INTERVAL_VARIANCE;VARIED_DAY_OF_WEEK;MIXED_TX_SHAPES,0.0,1,OK,,IRREGULAR_ACTIVITY,0.5146221072877555,False,False,0.0,1456
ckb1qzda0cr08m85hc8jlnfp3zer7xulejywt49kt2rr0vthywaa50xwsq0jlpszzdm77mdd9hrknh9ppd9g850pfcs3yqwhx,0.3146321145292701,3,OK,,0.3607932123125493,2,OK,SINGLE_LOCK_SCRIPT,0.2503508102306074,3,OK,,0.00984725987151035,2,OK,MANY_DISTINCT_SENDERS,0.00741596302961268,2,OK,,0.40776173836214535,2,OK,FEW_DISTINCT_DESTINATIONS,0.3333333333333333,3,OK,NEAR_ZERO_NET_FLOW,0.8731431501668121,4,OK,HIGH_INTERVAL_VARIANCE;VARIED_TIME_OF_DAY;VARIED_DAY_OF_WEEK;MIXED_TX_SHAPES,0.0,1,OK,,IRREGULAR_ACTIVITY,0.8731431501668121,False,False,0.0,2534
ckb1qzda0cr08m85hc8jlnfp3zer7xulejywt49kt2rr0vthywaa50xwsq0k5jc20yyf62n2879zxymntrhyke0zg9crdzqfz,0.049999999999999996,3,OK,,0.3375,2,OK,SINGLE_LOCK_SCRIPT,0.21762914343888823,3,OK,,0.0,2,OK,,0.0,2,OK,FEW_DISTINCT_SOURCES,0.3544659502606094,2,OK,FEW_DISTINCT_DESTINATIONS,0.31470064520828384,3,OK,NEAR_ZERO_NET_FLOW,0.7715949117176317,4,OK,HIGH_INTERVAL_VARIANCE;VARIED_DAY_OF_WEEK;MIXED_TX_SHAPES,0.0,1,OK,,IRREGULAR_ACTIVITY,0.7715949117176317,False,False,0.0,20
ckb1qzda0cr08m85hc8jlnfp3zer7xulejywt49kt2rr0vthywaa50xwsq0k8gu6ynsad22synmfldq806qtp7mpkpcxd0jp5,,0,INSUFFICIENT_EVIDENCE,,,0,INSUFFICIENT_EVIDENCE,,,0,INSUFFICIENT_EVIDENCE,,,0,INSUFFICIENT_EVIDENCE,,,0,INSUFFICIENT_EVIDENCE,,,0,INSUFFICIENT_EVIDENCE,,,0,INSUFFICIENT_EVIDENCE,,,0,INSUFFICIENT_EVIDENCE,HIGH_INTERVAL_VARIANCE;VARIED_TIME_OF_DAY;VARIED_DAY_OF_WEEK,0.0,1,OK,,INSUFFICIENT_EVIDENCE,,False,False,0.0,0
ckb1qzda0cr08m85hc8jlnfp3zer7xulejywt49kt2rr0vthywaa50xwsq0kc5h0xhqlmc2y7d6w3lghpg60xda5e0cynpnzj,0.31841141056685,3,OK,,0.375,2,OK,SINGLE_LOCK_SCRIPT,0.08241381408438798,3,OK,,0.0,2,OK,,0.0,2,OK,FEW_DISTINCT_SOURCES,0.13423243993158923,2,OK,FEW_DISTINCT_DESTINATIONS,0.3333333333333333,3,OK,NEAR_ZERO_NET_FLOW,0.7604321744665481,4,OK,HIGH_INTERVAL_VARIANCE;VARIED_TIME_OF_DAY;VARIED_DAY_OF_WEEK,0.0,1,OK,,IRREGULAR_ACTIVITY,0.7604321744665481,False,False,0.0,2304
ckb1qzda0cr08m85hc8jlnfp3zer7xulejywt49kt2rr0vthywaa50xwsq0kjhyk3k6yh6s0x0qhcfzu42l0nshm5rsmfmr6g,0.45301475087804954,3,OK,,0.3653963414634146,2,OK,SINGLE_LOCK_SCRIPT,0.12672916584398675,3,OK,,0.00546091901764207,2,OK,,0.006996377044511104,2,OK,FEW_DISTINCT_SOURCES,0.20641157469444024,2,OK,FEW_DISTINCT_DESTINATIONS,0.3333333333333333,3,OK,NEAR_ZERO_NET_FLOW,0.6057757963396998,4,OK,HIGH_INTERVAL_VARIANCE;VARIED_DAY_OF_WEEK;MIXED_TX_SHAPES,0.0,1,OK,,IRREGULAR_ACTIVITY,0.6057757963396998,False,False,0.0,1640
ckb1qzda0cr08m85hc8jlnfp3zer7xulejywt49kt2rr0vthywaa50xwsq0klfn2n06tvww62dplr3rlawsgrn6hrxgrp7xfh,0.131981486609546,3,OK,,0.375968992248062,2,OK,SINGLE_LOCK_SCRIPT,0.0,3,OK,,0.29331298040963083,2,OK,,0.4419375219657468,2,OK,FEW_DISTINCT_SOURCES,0.0,2,OK,FEW_DISTINCT_DESTINATIONS,0.3320666679700107,3,OK,NEAR_ZERO_NET_FLOW,0.5574986241990217,4,OK,HIGH_INTERVAL_VARIANCE;VARIED_DAY_OF_WEEK,0.0,1,OK,,IRREGULAR_ACTIVITY,0.5574986241990217,False,False,0.0,387
ckb1qzda0cr08m85hc8jlnfp3zer7xulejywt49kt2rr0vthywaa50xwsq0l05nyuesryj4upnexyk2wzw0upsn8m7q7c6g0e,,0,INSUFFICIENT_EVIDENCE,,,0,INSUFFICIENT_EVIDENCE,SINGLE_LOCK_SCRIPT,0.27203642929861027,3,OK,,0.0,2,OK,,0.0,2,OK,,0.44308243782576173,2,OK,FEW_DISTINCT_DESTINATIONS,0.33276690660995184,3,OK,NEAR_ZERO_NET_FLOW,,0,INSUFFICIENT_EVIDENCE,,0.0,1,OK,,CELL_FRAGMENTATION,0.44308243782576173,False,False,0.0,2
ckb1qzda0cr08m85hc8jlnfp3zer7xulejywt49kt2rr0vthywaa50xwsq0m0zyttfjaw4ft9sjyz8rv2jnk2e66e5c89pdn5,,0,INSUFFICIENT_EVIDENCE,,,0,INSUFFICIENT_EVIDENCE,SINGLE_LOCK_SCRIPT,0.27203642929861027,3,OK,,0.0,2,OK,,0.0,2,OK,FEW_DISTINCT_SOURCES,0.44308243782576173,2,OK,FEW_DISTINCT_DESTINATIONS,0.3333333333333333,3,OK,NEAR_ZERO_NET_FLOW,,0,INSUFFICIENT_EVIDENCE,,0.0,1,OK,,CELL_FRAGMENTATION,0.44308243782576173,False,False,0.0,2
ckb1qzda0cr08m85hc8jlnfp3zer7xulejywt49kt2rr0vthywaa50xwsq0mmaezyca50v248mvc47vss8sxtrt0h9c4z835r,0.4494295198458402,3,OK,,0.375,2,OK,SINGLE_LOCK_SCRIPT,0.0,3,OK,,0.0,2,OK,,0.0,2,OK,FEW_DISTINCT_SOURCES,0.0,2,OK,FEW_DISTINCT_DESTINATIONS,0.3333333333333333,3,OK,NEAR_ZERO_NET_FLOW,0.6395405537398178,4,OK,HIGH_INTERVAL_VARIANCE;VARIED_DAY_OF_WEEK,0.0,1,OK,,IRREGULAR_ACTIVITY,0.6395405537398178,False,False,0.0,1308
ckb1qzda0cr08m85hc8jlnfp3zer7xulejywt49kt2rr0vthywaa50xwsq0msaj6cvf2tgju69tdu4sfreu2uch2ynqsm7elv,,0,INSUFFICIENT_EVIDENCE,,,0,INSUFFICIENT_EVIDENCE,,,0,INSUFFICIENT_EVIDENCE,,,0,INSUFFICIENT_EVIDENCE,,,0,INSUFFICIENT_EVIDENCE,,,0,INSUFFICIENT_EVIDENCE,,,0,INSUFFICIENT_EVIDENCE,,,0,INSUFFICIENT_EVIDENCE,,0.0,1,OK,,INSUFFICIENT_EVIDENCE,,False,False,0.0,0
ckb1qzda0cr08m85hc8jlnfp3zer7xulejywt49kt2rr0vthywaa50xwsq0msjj9yjj2n6dtuafzzj6uen3p7mt966sfkapz2,0.0,2,OK,,0.5131578947368421,1,OK,SINGLE_LOCK_SCRIPT,0.15789473684210525,2,OK,,0.0,2,OK,,0.0,2,OK,FEW_DISTINCT_SOURCES,0.3157894736842105,2,OK,FEW_DISTINCT_DESTINATIONS,0.0,3,OK,,0.8282804899365533,4,OK,HIGH_INTERVAL_VARIANCE;VARIED_TIME_OF_DAY;VARIED_DAY_OF_WEEK,0.0,1,OK,,IRREGULAR_ACTIVITY,0.8282804899365533,False,False,0.0,1102
ckb1qzda0cr08m85hc8jlnfp3zer7xulejywt49kt2rr0vthywaa50xwsq0muw495z9pexgx7eftmgehycxjvtc89nsvmddpk,,0,INSUFFICIENT_EVIDENCE,,,0,INSUFFICIENT_EVIDENCE,DOMINANT_TX_SHAPE;SINGLE_LOCK_SCRIPT,0.0,2,OK,,0.0,2,OK,,0.0,2,OK,FEW_DISTINCT_SOURCES,0.0,2,OK,FEW_DISTINCT_DESTINATIONS,,0,INSUFFICIENT_EVIDENCE,,,0,INSUFFICIENT_EVIDENCE,,0.0,1,OK,,INSUFFICIENT_EVIDENCE,,False,False,0.0,1
ckb1qzda0cr08m85hc8jlnfp3zer7xulejywt49kt2rr0vthywaa50xwsq0p2y5tnuw0y02sequmjwswja4v5ywc3ag3xanwy,0.6153126127232599,3,OK,,0.375,2,OK,SINGLE_LOCK_SCRIPT,0.0013367883503616904,3,OK,,0.0,2,OK,,0.0,2,OK,FEW_DISTINCT_SOURCES,0.0021773092767850195,2,OK,FEW_DISTINCT_DESTINATIONS,0.3333333333333333,3,OK,NEAR_ZERO_NET_FLOW,0.5122351988000381,4,OK,HIGH_INTERVAL_VARIANCE;VARIED_DAY_OF_WEEK,0.0,1,OK,,PERIODIC_EXECUTION,0.6153126127232599,False,False,0.0,814
ckb1qzda0cr08m85hc8jlnfp3zer7xulejywt49kt2rr0vthywaa50xwsq0p80per28ltwd4sm2052pjt4z8unckpucj6e5pc,0.0,3,OK,,0.6073943661971831,2,OK,SINGLE_LOCK_SCRIPT,0.6112952265059238,3,OK,FANOUT_DOMINANT_SHAPE;MANY_DISTINCT_RECIPIENTS,0.0053833602224177225,2,OK,,0.0046372861053138375,2,OK,,0.4687140719877272,2,OK,1_TO_N_SHAPE,0.45821884492962744,3,OK,NEAR_ZERO_NET_FLOW,0.754350960446049,4,OK,HIGH_INTERVAL_VARIANCE;VARIED_TIME_OF_DAY;VARIED_DAY_OF_WEEK,0.0,1,OK,,IRREGULAR_ACTIVITY,0.754350960446049,False,False,0.0,142
ckb1qzda0cr08m85hc8jlnfp3zer7xulejywt49kt2rr0vthywaa50xwsq0pqtmdkm4krzmr2frcwaug2zdndcm9mcgj0lp5q,,0,INSUFFICIENT_EVIDENCE,,,0,INSUFFICIENT_EVIDENCE,,,0,INSUFFICIENT_EVIDENCE,,,0,INSUFFICIENT_EVIDENCE,,,0,INSUFFICIENT_EVIDENCE,,,0,INSUFFICIENT_EVIDENCE,,,0,INSUFFICIENT_EVIDENCE,,,0,INSUFFICIENT_EVIDENCE,HIGH_INTERVAL_VARIANCE;VARIED_TIME_OF_DAY;VARIED_DAY_OF_WEEK,0.0,1,OK,,INSUFFICIENT_EVIDENCE,,False,False,0.0,0
ckb1qzda0cr08m85hc8jlnfp3zer7xulejywt49kt2rr0vthywaa50xwsq0pv054z4htt9f4da6kwftf7jewrsagsxgn7hpwf,0.2609099236153035,3,OK,,0.6065217391304347,2,OK,SINGLE_LOCK_SCRIPT,0.17476376972649466,3,OK,MANY_DISTINCT_RECIPIENTS;EVEN_CAPACITY_SPREAD,0.0,2,OK,,0.0,2,OK,FEW_DISTINCT_SOURCES,0.09565217391304345,2,OK,,0.3236196253356243,3,OK,NEAR_ZERO_NET_FLOW,0.7009877036113179,4,OK,HIGH_INTERVAL_VARIANCE;VARIED_TIME_OF_DAY;VARIED_DAY_OF_WEEK,0.0,1,OK,,IRREGULAR_ACTIVITY,0.7009877036113179,False,False,0.0,1495
ckb1qzda0cr08m85hc8jlnfp3zer7xulejywt49kt2rr0vthywaa50xwsq0q7j4qlaslzp5hhf78d6xyungvhetzy8cj9wr5a,0.5721552565541037,3,OK,,0.375,2,OK,SINGLE_LOCK_SCRIPT,0.0,3,OK,,0.0,2,OK,,0.0,2,OK,FEW_DISTINCT_SOURCES,0.0,2,OK,FEW_DISTINCT_DESTINATIONS,0.3333333333333333,3,OK,NEAR_ZERO_NET_FLOW,0.7259451679991448,4,OK,HIGH_INTERVAL_VARIANCE;VARIED_TIME_OF_DAY;VARIED_DAY_OF_WEEK,0.0,1,OK,,IRREGULAR_ACTIVITY,0.7259451679991448,False,False,0.0,68
ckb1qzda0cr08m85hc8jlnfp3zer7xulejywt49kt2rr0vthywaa50xwsq0qk47rqhszdekuue524qgx8e5qq225w9s5qmjze,,0,INSUFFICIENT_EVIDENCE,,,0,INSUFFICIENT_EVIDENCE,,,0,INSUFFICIENT_EVIDENCE,,,0,INSUFFICIENT_EVIDENCE,,,0,INSUFFICIENT_EVIDENCE,,,0,INSUFFICIENT_EVIDENCE,,,0,INSUFFICIENT_EVIDENCE,,,0,INSUFFICIENT_EVIDENCE,,0.0,1,OK,,INSUFFICIENT_EVIDENCE,,False,False,0.0,0
ckb1qzda0cr08m85hc8jlnfp3zer7xulejywt49kt2rr0vthywaa50xwsq0r0uwh2anx2znsuqqda47yw7pyzxavsag3zwln3,,0,INSUFFICIENT_EVIDENCE,,,0,INSUFFICIENT_EVIDENCE,SINGLE_LOCK_SCRIPT,0.27203642929861027,3,OK,,0.0,2,OK,,0.0,2,OK,FEW_DISTINCT_SOURCES,0.44308243782576173,2,OK,FEW_DISTINCT_DESTINATIONS,0.3333333333333333,3,OK,NEAR_ZERO_NET_FLOW,,0,INSUFFICIENT_EVIDENCE,,0.0,1,OK,,CELL_FRAGMENTATION,0.44308243782576173,False,False,0.0,2
ckb1qzda0cr08m85hc8jlnfp3zer7xulejywt49kt2rr0vthywaa50xwsq0r6u0pkm3j5lhvy5dlqe0wcppr4cftwacwfa6sd,0.06378378378378377,3,OK,,0.5172972972972972,2,OK,SINGLE_LOCK_SCRIPT,0.0005881868741591132,3,OK,,0.07538176707287281,2,OK,,0.09657701625303576,2,OK,FEW_DISTINCT_SOURCES,0.0009580160817853589,2,OK,FEW_DISTINCT_DESTINATIONS,0.3062267909559699,3,OK,NEAR_ZERO_NET_FLOW,0.5859068904272604,4,OK,HIGH_INTERVAL_VARIANCE;VARIED_DAY_OF_WEEK,0.0,1,OK,,IRREGULAR_ACTIVITY,0.5859068904272604,False,False,0.0,844
ckb1qzda0cr08m85hc8jlnfp3zer7xulejywt49kt2rr0vthywaa50xwsq0r9y77vk0sjk3m5t8x2pgp5wlque28mvqetg3vj,,0,INSUFFICIENT_EVIDENCE,,,0,INSUFFICIENT_EVIDENCE,SINGLE_LOCK_SCRIPT,0.27203642929861027,3,OK,,0.0,2,OK,,0.0,2,OK,FEW_DISTINCT_SOURCES,0.44308243782576173,2,OK,FEW_DISTINCT_DESTINATIONS,0.22222222222222224,3,OK,,,0,INSUFFICIENT_EVIDENCE,,0.0,1,OK,,CELL_FRAGMENTATION,0.44308243782576173,False,False,0.0,2
ckb1qzda0cr08m85hc8jlnfp3zer7xulejywt49kt2rr0vthywaa50xwsq0rgz8mcc9ws8vv0m33vx8jm9u68knrplqz0m628,,0,INSUFFICIENT_EVIDENCE,,,0,INSUFFICIENT_EVIDENCE,SINGLE_LOCK_SCRIPT,0.0,3,OK,,0.29407285859722054,2,OK,,0.44308243782576173,2,OK,FEW_DISTINCT_SOURCES,0.0,2,OK,FEW_DISTINCT_DESTINATIONS,0.3333333333333333,3,OK,NEAR_ZERO_NET_FLOW,,0,INSUFFICIENT_EVIDENCE,,0.0,1,OK,,CELL_CONSOLIDATION,0.44308243782576173,False,False,0.0,2
ckb1qzda0cr08m85hc8jlnfp3zer7xulejywt49kt2rr0vthywaa50xwsq0rk5lgxzurkxdnq95zcra0lpyax9ja0rqqk8gaz,,0,INSUFFICIENT_EVIDENCE,,,0,INSUFFICIENT_EVIDENCE,DOMINANT_TX_SHAPE;SINGLE_LOCK_SCRIPT,0.0,2,OK,,0.0,2,OK,,0.0,2,OK,FEW_DISTINCT_SOURCES,0.0,2,OK,FEW_DISTINCT_DESTINATIONS,,0,INSUFFICIENT_EVIDENCE,,,0,INSUFFICIENT_EVIDENCE,,0.0,1,OK,,INSUFFICIENT_EVIDENCE,,False,False,0.0,1
ckb1qzda0cr08m85hc8jlnfp3zer7xulejywt49kt2rr0vthywaa50xwsq0rljzn0julrpp9l3fgmm9r9r4jz8rax7sgvagwh,0.1488821065114093,3,OK,,0.75,2,OK,DOMINANT_TX_SHAPE;SINGLE_LOCK_SCRIPT,0.0,3,OK,MANY_DISTINCT_RECIPIENTS,0.0,2,OK,,0.0,2,OK,FEW_DISTINCT_SOURCES,0.0,2,OK,,0.352283906414248,3,OK,NEAR_ZERO_NET_FLOW,0.735493412130373,4,OK,HIGH_INTERVAL_VARIANCE;VARIED_TIME_OF_DAY;VARIED_DAY_OF_WEEK,0.0,1,OK,,IRREGULAR_ACTIVITY,0.735493412130373,True,False,0.0,1911
ckb1qzda0cr08m85hc8jlnfp3zer7xulejywt49kt2rr0vthywaa50xwsq0rrr3az2mu0ncjeqj26du5ymfhtq5l0gcv2rv08,0.4409145232524236,3,OK,,0.375,2,OK,SINGLE_LOCK_SCRIPT,0.13737387791823505,3,OK,,0.0,2,OK,,0.0,2,OK,FEW_DISTINCT_SOURCES,0.22374927092862382,2,OK,FEW_DISTINCT_DESTINATIONS,0.3333333333333333,3,OK,NEAR_ZERO_NET_FLOW,0.8364570942779603,4,OK,HIGH_INTERVAL_VARIANCE;VARIED_TIME_OF_DAY;VARIED_DAY_OF_WEEK,0.0,1,OK,,IRREGULAR_ACTIVITY,0.8364570942779603,False,False,0.0,602
ckb1qzda0cr08m85hc8jlnfp3zer7xulejywt49kt2rr0vthywaa50xwsq0s0kdxjtk6w92mphezmw02vgq8f9c3n2chrrtuk,0.4201167953365785,3,OK,,0.375,2,OK,SINGLE_LOCK_SCRIPT,0.0,3,OK,,0.29407285859722054,2,OK,,0.44308243782576173,2,OK,FEW_DISTINCT_SOURCES,0.0,2,OK,FEW_DISTINCT_DESTINATIONS,0.3333333333333333,3,OK,NEAR_ZERO_NET_FLOW,0.5420877446032379,4,OK,HIGH_INTERVAL_VARIANCE;VARIED_DAY_OF_WEEK,0.0,1,OK,,IRREGULAR_ACTIVITY,0.5420877446032379,False,False,0.0,94
ckb1qzda0cr08m85hc8jlnfp3zer7xulejywt49kt2rr0vthywaa50xwsq0s2sjs6vxhfxkk22fms3k3tt4c02c9jmc5y4vrm,0.5057091720171324,3,OK,,0.375,2,OK,SINGLE_LOCK_SCRIPT,0.0023967967339084415,3,OK,,0.0,2,OK,MANY_DISTINCT_SENDERS,0.0,2,OK,,0.003903810024896548,2,OK,FEW_DISTINCT_DESTINATIONS,0.3333333333333333,3,OK,NEAR_ZERO_NET_FLOW,0.5347218001097488,4,OK,HIGH_INTERVAL_VARIANCE;VARIED_DAY_OF_WEEK,0.0,1,OK,,IRREGULAR_ACTIVITY,0.5347218001097488,False,False,0.0,454
ckb1qzda0cr08m85hc8jlnfp3zer7xulejywt49kt2rr0vthywaa50xwsq0sc9f6eqnjfm8tn35nxeqtnm43x6aljdqj45cke,0.47076663081064685,3,OK,,0.36843750000000003,2,OK,SINGLE_LOCK_SCRIPT,0.25027351495472144,3,OK,,0.024785337386710255,2,OK,MANY_DISTINCT_SENDERS,0.017362799536241022,2,OK,,0.40763584279970083,2,OK,FEW_DISTINCT_DESTINATIONS,0.3300111770754897,3,OK,NEAR_ZERO_NET_FLOW,0.5491174697125364,4,OK,VARIED_DAY_OF_WEEK;MIXED_TX_SHAPES,0.0,1,OK,,IRREGULAR_ACTIVITY,0.5491174697125364,False,False,0.0,446
ckb1qzda0cr08m85hc8jlnfp3zer7xulejywt49kt2rr0vthywaa50xwsq0she9la0u4z5zlwj3ckv25cvg6f2kjxmgw9vxx3,0.27694604991318694,2,OK,,0.3768423403305047,1,OK,SINGLE_LOCK_SCRIPT,0.25122822688700314,2,OK,FANOUT_DOMINANT_SHAPE,0.0,2,OK,,0.0,2,OK,FEW_DISTINCT_SOURCES,0.5024564537740063,2,OK,1_TO_N_SHAPE;FEW_DISTINCT_DESTINATIONS,0.0,3,OK,,0.735341622094414,4,OK,HIGH_INTERVAL_VARIANCE;VARIED_TIME_OF_DAY;VARIED_DAY_OF_WEEK,0.0,1,OK,,IRREGULAR_ACTIVITY,0.735341622094414,False,False,0.0,2239
ckb1qzda0cr08m85hc8jlnfp3zer7xulejywt49kt2rr0vthywaa50xwsq0smcdjfuapeu9zuahwrsrtp4qetjgngpg5xr5fq,0.35962601613530576,3,OK,,0.6731927710843373,2,OK,DOMINANT_TX_SHAPE;SINGLE_LOCK_SCRIPT,0.0,3,OK,,0.05314569733684707,2,OK,,0.08007513936610149,2,OK,FEW_DISTINCT_SOURCES,0.0,2,OK,FEW_DISTINCT_DESTINATIONS,0.3114934693393262,3,OK,NEAR_ZERO_NET_FLOW,0.6137093732782705,4,OK,HIGH_INTERVAL_VARIANCE;VARIED_TIME_OF_DAY;VARIED_DAY_OF_WEEK,0.0,1,OK,,IRREGULAR_ACTIVITY,0.6137093732782705,False,False,0.0,166
ckb1qzda0cr08m85hc8jlnfp3zer7xulejywt49kt2rr0vthywaa50xwsq0tc0g06xvj256jx3v9f7ffxsrtfd8zuhqr9cqcg,0.5031489174421555,3,OK,LOW_LIFETIME_VARIANCE,0.375,2,OK,SINGLE_LOCK_SCRIPT,0.0,3,OK,,0.0,2,OK,MANY_DISTINCT_SENDERS,0.0,2,OK,,0.0,2,OK,FEW_DISTINCT_DESTINATIONS,0.3333333333333333,3,OK,NEAR_ZERO_NET_FLOW,0.6523527266871161,4,OK,HIGH_INTERVAL_VARIANCE;VARIED_DAY_OF_WEEK,0.0,1,OK,,IRREGULAR_ACTIVITY,0.6523527266871161,False,False,0.0,1092
ckb1qzda0cr08m85hc8jlnfp3zer7xulejywt49kt2rr0vthywaa50xwsq0tck2vsvttyzk8n8gngr95nqnlx6s5vycpj8w3k,0.06517625544264855,2,OK,,0.625,2,OK,SINGLE_LOCK_SCRIPT,0.45339404883101714,3,OK,FANOUT_DOMINANT_SHAPE,0.0,2,OK,,0.0,2,OK,,0.7384707297096029,2,OK,1_TO_N_SHAPE;FEW_DISTINCT_DESTINATIONS,0.25581876355067085,3,OK,,0.5299661367272778,4,OK,HIGH_INTERVAL_VARIANCE,0.0,1,OK,,CELL_FRAGMENTATION,0.7384707297096029,False,False,0.0,6
ckb1qzda0cr08m85hc8jlnfp3zer7xulejywt49kt2rr0vthywaa50xwsq0tmqv9558dmffj72454pzkvfx5etm2rsg2jzelt,0.5279902774053368,3,OK,LOW_LIFETIME_VARIANCE,0.375,2,OK,SINGLE_LOCK_SCRIPT,0.016309138447158845,3,OK,,0.0,2,OK,MANY_DISTINCT_SENDERS,0.0,2,OK,,0.026563695313295,2,OK,FEW_DISTINCT_DESTINATIONS,0.3333333333333333,3,OK,NEAR_ZERO_NET_FLOW,0.7315350407946566,4,OK,HIGH_INTERVAL_VARIANCE;VARIED_DAY_OF_WEEK,0.0,1,OK,,IRREGULAR_ACTIVITY,0.7315350407946566,False,False,0.0,1668
ckb1qzda0cr08m85hc8jlnfp3zer7xulejywt49kt2rr0vthywaa50xwsq0tpsqq08mkay9ewrfrdwlcghv62qw704s93hhsj,,0,INSUFFICIENT_EVIDENCE,,,0,INSUFFICIENT_EVIDENCE,,,0,INSUFFICIENT_EVIDENCE,,,0,INSUFFICIENT_EVIDENCE,,,0,INSUFFICIENT_EVIDENCE,,,0,INSUFFICIENT_EVIDENCE,,,0,INSUFFICIENT_EVIDENCE,,,0,INSUFFICIENT_EVIDENCE,HIGH_INTERVAL_VARIANCE;VARIED_TIME_OF_DAY,0.0,1,OK,,INSUFFICIENT_EVIDENCE,,False,False,0.0,0
ckb1qzda0cr08m85hc8jlnfp3zer7xulejywt49kt2rr0vthywaa50xwsq0u4j72c469enjkklngja9y4c94q6cqyks8c84uv,,0,INSUFFICIENT_EVIDENCE,,,0,INSUFFICIENT_EVIDENCE,DOMINANT_TX_SHAPE;SINGLE_LOCK_SCRIPT,0.5,2,OK,FANOUT_DOMINANT_SHAPE,0.0,2,OK,,0.0,2,OK,FEW_DISTINCT_SOURCES,1.0,2,OK,1_TO_N_SHAPE;FEW_DISTINCT_DESTINATIONS,,0,INSUFFICIENT_EVIDENCE,,,0,INSUFFICIENT_EVIDENCE,,0.0,1,OK,,CELL_FRAGMENTATION,1.0,False,False,0.0,1
ckb1qzda0cr08m85hc8jlnfp3zer7xulejywt49kt2rr0vthywaa50xwsq0uddvtx7dvuxl3cyasr6820dwuslmvvnqa8qtus,0.49381085941334885,3,OK,,0.625,2,OK,SINGLE_LOCK_SCRIPT,0.45339404883101714,3,OK,FANOUT_DOMINANT_SHAPE,0.0,2,OK,,0.0,2,OK,FEW_DISTINCT_SOURCES,0.7384707297096029,2,OK,1_TO_N_SHAPE;FEW_DISTINCT_DESTINATIONS,0.31207697733486434,3,OK,NEAR_ZERO_NET_FLOW,0.392867586758085,4,OK,VARIED_DAY_OF_WEEK,0.0,1,OK,,CELL_FRAGMENTATION,0.7384707297096029,False,False,0.0,30
ckb1qzda0cr08m85hc8jlnfp3zer7xulejywt49kt2rr0vthywaa50xwsq0vj3wagz8q49m3khkzum23dqwuhv5furgwqhs52,,0,INSUFFICIENT_EVIDENCE,,,0,INSUFFICIENT_EVIDENCE,,,0,INSUFFICIENT_EVIDENCE,,,0,INSUFFICIENT_EVIDENCE,,,0,INSUFFICIENT_EVIDENCE,,,0,INSUFFICIENT_EVIDENCE,,,0,INSUFFICIENT_EVIDENCE,,,0,INSUFFICIENT_EVIDENCE,,0.0,1,OK,,INSUFFICIENT_EVIDENCE,,False,False,0.0,0
ckb1qzda0cr08m85hc8jlnfp3zer7xulejywt49kt2rr0vthywaa50xwsq0vqkp4e093a5e6a2t3k08excpc3k74d0qpe0lt0,0.2756092347106483,3,OK,,0.3776978417266187,2,OK,SINGLE_LOCK_SCRIPT,0.2700793326849512,3,OK,,0.0,2,OK,,0.0,2,OK,FEW_DISTINCT_SOURCES,0.4398947943881663,2,OK,FEW_DISTINCT_DESTINATIONS,0.3333333333333333,3,OK,NEAR_ZERO_NET_FLOW,0.5432024363548866,4,OK,HIGH_INTERVAL_VARIANCE;VARIED_DAY_OF_WEEK,0.0,1,OK,,IRREGULAR_ACTIVITY,0.5432024363548866,False,False,0.0,278
ckb1qzda0cr08m85hc8jlnfp3zer7xulejywt49kt2rr0vthywaa50xwsq0vyjg39dcl6hxdetwjsxdq5ufn94dm9yc6rdshs,0.23135028825339798,3,OK,,0.37740384615384615,2,OK,SINGLE_LOCK_SCRIPT,0.003487646529469357,3,OK,,0.33164291494070175,2,OK,,0.3787386280428403,2,OK,,0.0056805440746892435,2,OK,FEW_DISTINCT_DESTINATIONS,0.3333333333333333,3,OK,NEAR_ZERO_NET_FLOW,0.6843765574505741,4,OK,HIGH_INTERVAL_VARIANCE;VARIED_DAY_OF_WEEK,0.0,1,OK,,IRREGULAR_ACTIVITY,0.6843765574505741,False,False,0.0,312
ckb1qzda0cr08m85hc8jlnfp3zer7xulejywt49kt2rr0vthywaa50xwsq0vzwrhe2aznrvkq00r477dpzmzdfptfvgt9xx9u,0.047450970383489,3,OK,,0.38456937799043067,2,OK,SINGLE_LOCK_SCRIPT,0.0,3,OK,,0.28656860702217185,2,OK,,0.4317757089498252,2,OK,FEW_DISTINCT_SOURCES,0.0,2,OK,FEW_DISTINCT_DESTINATIONS,0.3332872053780689,3,OK,NEAR_ZERO_NET_FLOW,0.6510073939356603,4,OK,HIGH_INTERVAL_VARIANCE;VARIED_DAY_OF_WEEK,0.0,1,OK,,IRREGULAR_ACTIVITY,0.6510073939356603,False,False,0.0,1254
ckb1qzda0cr08m85hc8jlnfp3zer7xulejywt49kt2rr0vthywaa50xwsq0w5cger8gkfqrzly29erurag0yrmkx8vgk92dj4,0.23500109091289376,3,OK,,0.3449458483754513,2,OK,SINGLE_LOCK_SCRIPT,0.09192277899765311,3,OK,,0.2942193336436491,2,OK,,0.37694559932232646,2,OK,FEW_DISTINCT_SOURCES,0.14972027501982413,2,OK,FEW_DISTINCT_DESTINATIONS,0.33321058172155144,3,OK,NEAR_ZERO_NET_FLOW,0.564566332297282,4,OK,VARIED_DAY_OF_WEEK;MIXED_TX_SHAPES,0.0,1,OK,,IRREGULAR_ACTIVITY,0.564566332297282,False,False,0.0,1385
ckb1qzda0cr08m85hc8jlnfp3zer7xulejywt49kt2rr0vthywaa50xwsq0w6cnm7hle7fxvua79nw2nelyyzemc8zcrphyge,0.04528859276881749,3,OK,,0.4166666666666667,2,OK,SINGLE_LOCK_SCRIPT,0.3022626992206781,3,OK,FANOUT_DOMINANT_SHAPE,0.0,2,OK,,0.0,2,OK,FEW_DISTINCT_SOURCES,0.49231381980640193,2,OK,1_TO_N_SHAPE;FEW_DISTINCT_DESTINATIONS,0.33333333325070863,3,OK,NEAR_ZERO_NET_FLOW,0.5124624169373364,4,OK,HIGH_INTERVAL_VARIANCE,0.0,1,OK,,IRREGULAR_ACTIVITY,0.5124624169373364,False,False,0.0,18
ckb1qzda0cr08m85hc8jlnfp3zer7xulejywt49kt2rr0vthywaa50xwsq0w7teyh77d48krwz2837wwejrppzw905cm588n0,,0,INSUFFICIENT_EVIDENCE,,,0,INSUFFICIENT_EVIDENCE,,,0,INSUFFICIENT_EVIDENCE,,,0,INSUFFICIENT_EVIDENCE,,,0,INSUFFICIENT_EVIDENCE,,,0,INSUFFICIENT_EVIDENCE,,,0,INSUFFICIENT_EVIDENCE,,,0,INSUFFICIENT_EVIDENCE,HIGH_INTERVAL_VARIANCE;VARIED_TIME_OF_DAY;VARIED_DAY_OF_WEEK,0.0,1,OK,,INSUFFICIENT_EVIDENCE,,False,False,0.0,0
ckb1qzda0cr08m85hc8jlnfp3zer7xulejywt49kt2rr0vthywaa50xwsq0ww9n0ex40pmhtz6ltslng7rtl35w96nszujfva,0.6443999091797376,3,OK,LOW_LIFETIME_VARIANCE,0.375,2,OK,SINGLE_LOCK_SCRIPT,0.0,3,OK,,0.0,2,OK,,0.0,2,OK,FEW_DISTINCT_SOURCES,0.0,2,OK,FEW_DISTINCT_DESTINATIONS,0.3333333333333333,3,OK,NEAR_ZERO_NET_FLOW,0.49729860817878563,4,OK,HIGH_INTERVAL_VARIANCE;VARIED_DAY_OF_WEEK,0.0,1,OK,,PERIODIC_EXECUTION,0.6443999091797376,False,False,0.0,18
ckb1qzda0cr08m85hc8jlnfp3zer7xulejywt49kt2rr0vthywaa50xwsq0x3yrv8qls62mqeylsvmzp5cqpmvy8quq7autul,0.5988014093419781,3,OK,,0.375,2,OK,SINGLE_LOCK_SCRIPT,0.19241601096730968,3,OK,,0.0,2,OK,,0.0,2,OK,FEW_DISTINCT_SOURCES,0.31339977309627043,2,OK,FEW_DISTINCT_DESTINATIONS,0.3333333333333333,3,OK,NEAR_ZERO_NET_FLOW,0.7153013823901099,4,OK,HIGH_INTERVAL_VARIANCE;VARIED_TIME_OF_DAY;VARIED_DAY_OF_WEEK,0.0,1,OK,,IRREGULAR_ACTIVITY,0.7153013823901099,False,False,0.0,82
ckb1qzda0cr08m85hc8jlnfp3zer7xulejywt49kt2rr0vthywaa50xwsq0xm5pnqls5mls030v7q9l2k5aksglcvjgge7vq8,0.24479023790066287,3,OK,,0.3913043478260869,2,OK,SINGLE_LOCK_SCRIPT,0.28386410013768026,3,OK,FANOUT_DOMINANT_SHAPE,0.3087417417862287,2,OK,,0.35258532124704317,2,OK,,0.4623468916442731,2,OK,1_TO_N_SHAPE;FEW_DISTINCT_DESTINATIONS,0.5555555555555555,3,OK,HIGH_RECIPROCITY_CELL;HIGH_RECIPROCITY_LEGACY_EDGES;NEAR_ZERO_NET_FLOW,0.7220589912246306,4,OK,HIGH_INTERVAL_VARIANCE;VARIED_DAY_OF_WEEK,0.0,1,OK,,IRREGULAR_ACTIVITY,0.7220589912246306,False,False,0.0,46
ckb1qzda0cr08m85hc8jlnfp3zer7xulejywt49kt2rr0vthywaa50xwsq0xtd3e8c9wcj8swd2swg90w95u6xt3zsqzdnx7r,,0,INSUFFICIENT_EVIDENCE,,,0,INSUFFICIENT_EVIDENCE,,,0,INSUFFICIENT_EVIDENCE,,,0,INSUFFICIENT_EVIDENCE,,,0,INSUFFICIENT_EVIDENCE,,,0,INSUFFICIENT_EVIDENCE,,,0,INSUFFICIENT_EVIDENCE,,,0,INSUFFICIENT_EVIDENCE,,0.0,1,OK,,INSUFFICIENT_EVIDENCE,,False,False,0.0,0
ckb1qzda0cr08m85hc8jlnfp3zer7xulejywt49kt2rr0vthywaa50xwsq0xz88g9vckq3vp47c4nakj2g7ugslm2acl45l9r,0.35430359422985547,2,OK,,0.42857142857142855,2,OK,SINGLE_LOCK_SCRIPT,0.4074102696043379,3,OK,FANOUT_DOMINANT_SHAPE,0.1006668595996812,2,OK,,0.10509757522718223,2,OK,,0.441331286458884,2,OK,1_TO_N_SHAPE,0.33333187889985344,3,OK,NEAR_ZERO_NET_FLOW,0.4402693688972512,4,OK,,0.0,1,OK,,CELL_FRAGMENTATION,0.441331286458884,False,False,0.0,7
ckb1qzda0cr08m85hc8jlnfp3zer7xulejywt49kt2rr0vthywaa50xwsq0y6r5a4py64gccqrd77qvuhr8v3d2xfjcnrz45r,0.0011510128913443667,3,OK,,0.3713743093922652,2,OK,SINGLE_LOCK_SCRIPT,0.206709598997986,3,OK,,0.36040805858636543,2,OK,,0.3494585073446017,2,OK,,0.28922868085941816,2,OK,FEW_DISTINCT_DESTINATIONS,0.3333333333333333,3,OK,NEAR_ZERO_NET_FLOW,0.8113336008523804,4,OK,HIGH_INTERVAL_VARIANCE;VARIED_TIME_OF_DAY;VARIED_DAY_OF_WEEK;MIXED_TX_SHAPES,0.0,1,OK,,IRREGULAR_ACTIVITY,0.8113336008523804,False,False,0.0,1448
ckb1qzda0cr08m85hc8jlnfp3zer7xulejywt49kt2rr0vthywaa50xwsq0y9wlz9hgd8yt8rtckqxejvja2wtde45sxllrnv,0.10236347591856486,3,OK,,0.37390829694323147,2,OK,SINGLE_LOCK_SCRIPT,0.29688886034617906,3,OK,,0.29321675129417185,2,OK,,0.4417925326210288,2,OK,FEW_DISTINCT_SOURCES,0.4074018431637466,2,OK,FEW_DISTINCT_DESTINATIONS,0.3333333333333333,3,OK,NEAR_ZERO_NET_FLOW,0.577274231052751,4,OK,HIGH_INTERVAL_VARIANCE;VARIED_DAY_OF_WEEK;MIXED_TX_SHAPES,0.0,1,OK,,IRREGULAR_ACTIVITY,0.577274231052751,False,False,0.0,1374
ckb1qzda0cr08m85hc8jlnfp3zer7xulejywt49kt2rr0vthywaa50xwsq0yagawpkdal8gysxt2jymqx3te0znzm3gdefnjd,0.3747742074235785,3,OK,,0.375,2,OK,SINGLE_LOCK_SCRIPT,0.0,3,OK,,0.29407285859722054,2,OK,,0.44308243782576173,2,OK,FEW_DISTINCT_SOURCES,0.0,2,OK,FEW_DISTINCT_DESTINATIONS,0.3333333333333333,3,OK,NEAR_ZERO_NET_FLOW,0.5653375709617797,4,OK,HIGH_INTERVAL_VARIANCE;VARIED_DAY_OF_WEEK,0.0,1,OK,,IRREGULAR_ACTIVITY,0.5653375709617797,False,False,0.0,64
ckb1qzda0cr08m85hc8jlnfp3zer7xulejywt49kt2rr0vthywaa50xwsq0z3cryxyjf4df3u2p4t4t2ujzhwa74wpga7me7t,0.3608696988867648,3,OK,,0.7428411005053341,2,OK,DOMINANT_TX_SHAPE;SINGLE_LOCK_SCRIPT,0.9872364391600156,3,OK,FANOUT_DOMINANT_SHAPE;MANY_DISTINCT_RECIPIENTS;EVEN_CAPACITY_SPREAD,0.0,2,OK,,0.0,2,OK,FEW_DISTINCT_SOURCES,0.4952274003368894,2,OK,1_TO_N_SHAPE,0.3332432275897881,3,OK,NEAR_ZERO_NET_FLOW,0.5549878318395578,4,OK,HIGH_INTERVAL_VARIANCE;VARIED_TIME_OF_DAY;VARIED_DAY_OF_WEEK,0.0,1,OK,,BATCH_DISTRIBUTION,0.9872364391600156,True,False,0.0,1781
ckb1qzda0cr08m85hc8jlnfp3zer7xulejywt49kt2rr0vthywaa50xwsq0z6aytm8n2hmlggs88jguhuekkk9zq8hgaew60w,,0,INSUFFICIENT_EVIDENCE,,,0,INSUFFICIENT_EVIDENCE,SINGLE_LOCK_SCRIPT,0.27203642929861027,3,OK,,0.0,2,OK,,0.0,2,OK,FEW_DISTINCT_SOURCES,0.44308243782576173,2,OK,FEW_DISTINCT_DESTINATIONS,0.3333333333333333,3,OK,NEAR_ZERO_NET_FLOW,,0,INSUFFICIENT_EVIDENCE,,0.0,1,OK,,CELL_FRAGMENTATION,0.44308243782576173,False,False,0.0,2
ckb1qzda0cr08m85hc8jlnfp3zer7xulejywt49kt2rr0vthywaa50xwsq0z6h6nlju0mcdp0ny0sx77tmu6j2700lqkdeakp,0.0,3,OK,,0.382183908045977,2,OK,SINGLE_LOCK_SCRIPT,0.44132162090947563,3,OK,MANY_DISTINCT_RECIPIENTS,0.003831417624521,2,OK,MANY_DISTINCT_SENDERS,0.0019157088122605,2,OK,,0.2432950191570881,2,OK,,0.9334986074807216,3,OK,HIGH_RECIPROCITY_CELL;HIGH_RECIPROCITY_LEGACY_EDGES;NEAR_ZERO_NET_FLOW,0.7442043215127382,4,OK,HIGH_INTERVAL_VARIANCE;VARIED_DAY_OF_WEEK,0.0,1,OK,,ROUND_TRIP,0.9334986074807216,False,False,0.0,261
ckb1qzda0cr08m85hc8jlnfp3zer7xulejywt49kt2rr0vthywaa50xwsq0z799mwernws5tt7me85kr63jauldckkcpdyx4t,0.47083613572556815,2,OK,LOW_INTERVAL_VARIANCE,0.7487068965517242,1,OK,DOMINANT_TX_SHAPE;SINGLE_LOCK_SCRIPT,0.4991379310344828,2,OK,FANOUT_DOMINANT_SHAPE,0.0,2,OK,,0.0,2,OK,FEW_DISTINCT_SOURCES,0.9982758620689656,2,OK,1_TO_N_SHAPE;FEW_DISTINCT_DESTINATIONS,0.0,3,OK,,0.3696105356203228,4,OK,VARIED_DAY_OF_WEEK,0.0,1,OK,,CELL_FRAGMENTATION,0.9982758620689656,True,False,0.0,580
ckb1qzda0cr08m85hc8jlnfp3zer7xulejywt49kt2rr0vthywaa50xwsq0zf2s0pke9a2nul6vhurkanmft0nx57mcuqadmm,,0,INSUFFICIENT_EVIDENCE,,0.75,1,OK,DOMINANT_TX_SHAPE;SINGLE_LOCK_SCRIPT,0.0,3,OK,,0.0,2,OK,,0.0,2,OK,,0.0,2,OK,FEW_DISTINCT_DESTINATIONS,0.19054959792278814,3,OK,,,0,INSUFFICIENT_EVIDENCE,HIGH_INTERVAL_VARIANCE,0.0,1,OK,,ROUND_TRIP,0.19054959792278814,True,False,0.0,3
ckb1qzda0cr08m85hc8jlnfp3zer7xulejywt49kt2rr0vthywaa50xwsq20gymh8hj0295y4sexft6t8u07c87txyg4y75m0,,0,INSUFFICIENT_EVIDENCE,,,0,INSUFFICIENT_EVIDENCE,DOMINANT_TX_SHAPE;SINGLE_LOCK_SCRIPT,0.5,2,OK,FANOUT_DOMINANT_SHAPE,0.0,2,OK,,0.0,2,OK,FEW_DISTINCT_SOURCES,1.0,2,OK,1_TO_N_SHAPE;FEW_DISTINCT_DESTINATIONS,,0,INSUFFICIENT_EVIDENCE,,,0,INSUFFICIENT_EVIDENCE,,0.0,1,OK,,CELL_FRAGMENTATION,1.0,False,False,0.0,1
ckb1qzda0cr08m85hc8jlnfp3zer7xulejywt49kt2rr0vthywaa50xwsq20u0ncxwckqw79c9f9kev5mlckwsmj8psnrz4u4,0.25134885922514644,3,OK,,0.3668412570507655,2,OK,SINGLE_LOCK_SCRIPT,0.08105120930758797,3,OK,,0.312894881068399,2,OK,,0.40087218949406933,2,OK,FEW_DISTINCT_SOURCES,0.10104356670937828,2,OK,FEW_DISTINCT_DESTINATIONS,0.3333333333333333,3,OK,NEAR_ZERO_NET_FLOW,0.8756441488058979,4,OK,HIGH_INTERVAL_VARIANCE;VARIED_TIME_OF_DAY;VARIED_DAY_OF_WEEK;MIXED_TX_SHAPES,0.0,1,OK,,IRREGULAR_ACTIVITY,0.8756441488058979,False,False,0.0,1241
ckb1qzda0cr08m85hc8jlnfp3zer7xulejywt49kt2rr0vthywaa50xwsq20y2fdrsxsg9d2ze0mnmjq9lyy3rdmdpq736f0p,0.18736467169723003,3,OK,,0.5806451612903225,2,OK,SINGLE_LOCK_SCRIPT,0.4212176969784933,3,OK,FANOUT_DOMINANT_SHAPE,0.09486221245071627,2,OK,,0.14292981865347149,2,OK,FEW_DISTINCT_SOURCES,0.6860631295366633,2,OK,1_TO_N_SHAPE;FEW_DISTINCT_DESTINATIONS,0.3333333333333333,3,OK,NEAR_ZERO_NET_FLOW,0.6123314535886875,4,OK,HIGH_INTERVAL_VARIANCE;VARIED_TIME_OF_DAY,0.0,1,OK,,CELL_FRAGMENTATION,0.6860631295366633,False,False,0.0,31
ckb1qzda0cr08m85hc8jlnfp3zer7xulejywt49kt2rr0vthywaa50xwsq22vda73jzdlu3lf6luskzcjz7z5ksa58stp95p5,0.039215686274509796,3,OK,,0.3970588235294118,2,OK,SINGLE_LOCK_SCRIPT,0.22245855418052715,3,OK,,0.0,2,OK,,0.0,2,OK,,0.27258697104813423,2,OK,,0.30868284512683797,3,OK,NEAR_ZERO_NET_FLOW,0.7458177052001214,4,OK,HIGH_INTERVAL_VARIANCE;VARIED_DAY_OF_WEEK,0.0,1,OK,,IRREGULAR_ACTIVITY,0.7458177052001214,False,False,0.0,17
ckb1qzda0cr08m85hc8jlnfp3zer7xulejywt49kt2rr0vthywaa50xwsq22xdj8q4jdql98qkdhnqzgrsk4nqyavdcratvu9,,0,INSUFFICIENT_EVIDENCE,,,0,INSUFFICIENT_EVIDENCE,,,0,INSUFFICIENT_EVIDENCE,,,0,INSUFFICIENT_EVIDENCE,,,0,INSUFFICIENT_EVIDENCE,,,0,INSUFFICIENT_EVIDENCE,,,0,INSUFFICIENT_EVIDENCE,,,0,INSUFFICIENT_EVIDENCE,HIGH_INTERVAL_VARIANCE;VARIED_TIME_OF_DAY,0.0,1,OK,,INSUFFICIENT_EVIDENCE,,False,False,0.0,0
ckb1qzda0cr08m85hc8jlnfp3zer7xulejywt49kt2rr0vthywaa50xwsq238c5e34lfkzag3r9mnzxkw2j5kv3dd9qm83gxr,,0,INSUFFICIENT_EVIDENCE,,,0,INSUFFICIENT_EVIDENCE,,,0,INSUFFICIENT_EVIDENCE,,,0,INSUFFICIENT_EVIDENCE,,,0,INSUFFICIENT_EVIDENCE,,,0,INSUFFICIENT_EVIDENCE,,,0,INSUFFICIENT_EVIDENCE,,,0,INSUFFICIENT_EVIDENCE,HIGH_INTERVAL_VARIANCE;VARIED_TIME_OF_DAY;VARIED_DAY_OF_WEEK,0.0,1,OK,,INSUFFICIENT_EVIDENCE,,False,False,0.0,0
ckb1qzda0cr08m85hc8jlnfp3zer7xulejywt49kt2rr0vthywaa50xwsq23h24ts4fzu5nu799amfkhkc85t28qc8ghp5r90,0.4293132425245885,3,OK,,0.375,2,OK,SINGLE_LOCK_SCRIPT,0.0922696660778912,3,OK,,0.0,2,OK,,0.0,2,OK,FEW_DISTINCT_SOURCES,0.15028527130932268,2,OK,FEW_DISTINCT_DESTINATIONS,0.3333333333333333,3,OK,NEAR_ZERO_NET_FLOW,0.6445135640167534,4,OK,HIGH_INTERVAL_VARIANCE;VARIED_DAY_OF_WEEK,0.0,1,OK,,IRREGULAR_ACTIVITY,0.6445135640167534,False,False,0.0,1368
ckb1qzda0cr08m85hc8jlnfp3zer7xulejywt49kt2rr0vthywaa50xwsq23j637de7ulapxyn0h2kl2784uhrv6whg2708tp,0.470250317274909,3,OK,LOW_LIFETIME_VARIANCE,0.375,2,OK,SINGLE_LOCK_SCRIPT,0.27203642929861027,3,OK,,0.0,2,OK,,0.0,2,OK,FEW_DISTINCT_SOURCES,0.44308243782576173,2,OK,FEW_DISTINCT_DESTINATIONS,0.3333333333333333,3,OK,NEAR_ZERO_NET_FLOW,0.7120335218634591,4,OK,HIGH_INTERVAL_VARIANCE;VARIED_DAY_OF_WEEK,0.0,1,OK,,IRREGULAR_ACTIVITY,0.7120335218634591,False,False,0.0,78
ckb1qzda0cr08m85hc8jlnfp3zer7xulejywt49kt2rr0vthywaa50xwsq247yrzkaul6mzgfrs74hr5t7q0l3ak8ugacfdq9,0.22249698891480207,3,OK,,0.38658301158301156,2,OK,SINGLE_LOCK_SCRIPT,0.38554200813883566,3,OK,FANOUT_DOMINANT_SHAPE,0.0,2,OK,,0.0,2,OK,,0.3507206866725671,2,OK,1_TO_N_SHAPE,0.27496958306522296,3,OK,NEAR_ZERO_NET_FLOW,0.7543555346699304,4,OK,HIGH_INTERVAL_VARIANCE;VARIED_DAY_OF_WEEK,0.0,1,OK,,IRREGULAR_ACTIVITY,0.7543555346699304,False,False,0.0,497
ckb1qzda0cr08m85hc8jlnfp3zer7xulejywt49kt2rr0vthywaa50xwsq24lkhzx2ryev7m806kurrjtxtzpe9uqjcj0w087,,0,INSUFFICIENT_EVIDENCE,,,0,INSUFFICIENT_EVIDENCE,,,0,INSUFFICIENT_EVIDENCE,,,0,INSUFFICIENT_EVIDENCE,,,0,INSUFFICIENT_EVIDENCE,,,0,INSUFFICIENT_EVIDENCE,,,0,INSUFFICIENT_EVIDENCE,,,0,INSUFFICIENT_EVIDENCE,HIGH_INTERVAL_VARIANCE;VARIED_TIME_OF_DAY;VARIED_DAY_OF_WEEK,0.0,1,OK,,INSUFFICIENT_EVIDENCE,,False,False,0.0,0
ckb1qzda0cr08m85hc8jlnfp3zer7xulejywt49kt2rr0vthywaa50xwsq24scr6mpupq6x6arqdwz5ufzfa8skkcccm8ryrr,,0,INSUFFICIENT_EVIDENCE,,,0,INSUFFICIENT_EVIDENCE,DOMINANT_TX_SHAPE;SINGLE_LOCK_SCRIPT,0.0,2,OK,,0.0,2,OK,,0.0,2,OK,FEW_DISTINCT_SOURCES,0.0,2,OK,FEW_DISTINCT_DESTINATIONS,,0,INSUFFICIENT_EVIDENCE,,,0,INSUFFICIENT_EVIDENCE,,0.0,1,OK,,INSUFFICIENT_EVIDENCE,,False,False,0.0,1
ckb1qzda0cr08m85hc8jlnfp3zer7xulejywt49kt2rr0vthywaa50xwsq258cy8km6ddpzdassg6ksjqjvdr3c0aeqavzlpd,0.5228386953457335,3,OK,LOW_LIFETIME_VARIANCE,0.375,2,OK,SINGLE_LOCK_SCRIPT,0.27203642929861027,3,OK,,0.0,2,OK,,0.0,2,OK,FEW_DISTINCT_SOURCES,0.44308243782576173,2,OK,FEW_DISTINCT_DESTINATIONS,0.3333333333333333,3,OK,NEAR_ZERO_NET_FLOW,0.581336715877824,4,OK,HIGH_INTERVAL_VARIANCE;VARIED_DAY_OF_WEEK,0.0,1,OK,,IRREGULAR_ACTIVITY,0.581336715877824,False,False,0.0,134
ckb1qzda0cr08m85hc8jlnfp3zer7xulejywt49kt2rr0vthywaa50xwsq258tee40n8kuyqgcleve2z46h0wacml4gmt9drn,0.5791470338633193,3,OK,,0.375,2,OK,SINGLE_LOCK_SCRIPT,0.0,3,OK,,0.0,2,OK,,0.0,2,OK,FEW_DISTINCT_SOURCES,0.0,2,OK,FEW_DISTINCT_DESTINATIONS,0.3333333333333333,3,OK,NEAR_ZERO_NET_FLOW,0.5266995145585636,4,OK,HIGH_INTERVAL_VARIANCE;VARIED_DAY_OF_WEEK,0.0,1,OK,,PERIODIC_EXECUTION,0.5791470338633193,False,False,0.0,1414
ckb1qzda0cr08m85hc8jlnfp3zer7xulejywt49kt2rr0vthywaa50xwsq25ekf709e7prrq548fkhmqdpr0lp56sjquw2a9v,,0,INSUFFICIENT_EVIDENCE,,,0,INSUFFICIENT_EVIDENCE,,,0,INSUFFICIENT_EVIDENCE,,,0,INSUFFICIENT_EVIDENCE,,,0,INSUFFICIENT_EVIDENCE,,,0,INSUFFICIENT_EVIDENCE,,,0,INSUFFICIENT_EVIDENCE,,,0,INSUFFICIENT_EVIDENCE,,0.0,1,OK,,INSUFFICIENT_EVIDENCE,,False,False,0.0,0
ckb1qzda0cr08m85hc8jlnfp3zer7xulejywt49kt2rr0vthywaa50xwsq25kj6kupzglv5kwcqh54mmm0vd830lt2quf2fvf,,0,INSUFFICIENT_EVIDENCE,,,0,INSUFFICIENT_EVIDENCE,DOMINANT_TX_SHAPE;SINGLE_LOCK_SCRIPT,0.0,2,OK,,0.0,2,OK,,0.0,2,OK,FEW_DISTINCT_SOURCES,0.0,2,OK,FEW_DISTINCT_DESTINATIONS,,0,INSUFFICIENT_EVIDENCE,,,0,INSUFFICIENT_EVIDENCE,,0.0,1,OK,,INSUFFICIENT_EVIDENCE,,False,False,0.0,1
ckb1qzda0cr08m85hc8jlnfp3zer7xulejywt49kt2rr0vthywaa50xwsq267kk27maadm0c09luxfqgfacyt70arugh7lh8k,0.025151425847045106,2,OK,,0.6861702127659575,2,OK,DOMINANT_TX_SHAPE;SINGLE_LOCK_SCRIPT,0.682828049840663,3,OK,FANOUT_DOMINANT_SHAPE,0.03128434665927877,2,OK,,0.04713642955593207,2,OK,FEW_DISTINCT_SOURCES,0.7065995597027878,2,OK,1_TO_N_SHAPE,0.05760235178315054,3,OK,,0.5301709373663761,4,OK,HIGH_INTERVAL_VARIANCE;VARIED_DAY_OF_WEEK,0.0,1,OK,,CELL_FRAGMENTATION,0.7065995597027878,False,False,0.0,94
ckb1qzda0cr08m85hc8jlnfp3zer7xulejywt49kt2rr0vthywaa50xwsq26xzankvzzjswhy449c3y76vnmm8fngrcvqcl6s,0.03433341199665424,2,OK,,0.40909090909090906,2,OK,SINGLE_LOCK_SCRIPT,0.2473058448169184,3,OK,,0.0,2,OK,MANY_DISTINCT_SENDERS,0.0,2,OK,,0.4028022162052379,2,OK,FEW_DISTINCT_DESTINATIONS,0.35624949995028693,3,OK,NEAR_ZERO_NET_FLOW,0.6207318339868282,4,OK,HIGH_INTERVAL_VARIANCE,0.0,1,OK,,IRREGULAR_ACTIVITY,0.6207318339868282,False,False,0.0,11
ckb1qzda0cr08m85hc8jlnfp3zer7xulejywt49kt2rr0vthywaa50xwsq270spcwvhxfszfmq9sh25v9sum044spls2uf332,0.3890883616453236,3,OK,,0.42391304347826086,2,OK,SINGLE_LOCK_SCRIPT,0.03548301251721002,3,OK,,0.08174367686920621,2,OK,MANY_DISTINCT_SENDERS,0.055427212076946696,2,OK,,0.05779336145553411,2,OK,FEW_DISTINCT_DESTINATIONS,0.3333333333333333,3,OK,NEAR_ZERO_NET_FLOW,0.8086464514377669,4,OK,HIGH_INTERVAL_VARIANCE;VARIED_TIME_OF_DAY;VARIED_DAY_OF_WEEK,0.0,1,OK,,IRREGULAR_ACTIVITY,0.8086464514377669,False,False,0.0,92
ckb1qzda0cr08m85hc8jlnfp3zer7xulejywt49kt2rr0vthywaa50xwsq275zthc09tdzvgzlycvrl8p5n2ea2e7as0q8aes,0.6959644365282,2,OK,DOMINANT_1TO1_SHAPE,0.7045454545454546,1,OK,DOMINANT_TX_SHAPE;SINGLE_LOCK_SCRIPT,0.0,2,OK,,0.0,2,OK,,0.0,2,OK,FEW_DISTINCT_SOURCES,0.0,2,OK,FEW_DISTINCT_DESTINATIONS,0.0,3,OK,,0.5090485115435572,4,OK,HIGH_INTERVAL_VARIANCE;VARIED_DAY_OF_WEEK,0.0,1,OK,,PERIODIC_EXECUTION,0.6959644365282,True,False,0.0,33
ckb1qzda0cr08m85hc8jlnfp3zer7xulejywt49kt2rr0vthywaa50xwsq27hu6zh0dn2w848xsrkt3303mj79ym6fqdw7xqn,0.38568860415890993,2,OK,,0.7400662251655629,1,OK,DOMINANT_TX_SHAPE;SINGLE_LOCK_SCRIPT,0.684258181278543,3,OK,FANOUT_DOMINANT_SHAPE,0.0,2,OK,,0.0,2,OK,FEW_DISTINCT_SOURCES,0.8087202907269371,2,OK,1_TO_N_SHAPE;FEW_DISTINCT_DESTINATIONS,0.003447873936300231,3,OK,,0.33196101095606567,4,OK,VARIED_DAY_OF_WEEK,0.0,1,OK,,CELL_FRAGMENTATION,0.8087202907269371,True,False,0.0,151
ckb1qzda0cr08m85hc8jlnfp3zer7xulejywt49kt2rr0vthywaa50xwsq28mnlmvrj32s9m5vgk0r775zxtf2r2dusrj666v,,0,INSUFFICIENT_EVIDENCE,,,0,INSUFFICIENT_EVIDENCE,,,0,INSUFFICIENT_EVIDENCE,,,0,INSUFFICIENT_EVIDENCE,,,0,INSUFFICIENT_EVIDENCE,,,0,INSUFFICIENT_EVIDENCE,,,0,INSUFFICIENT_EVIDENCE,,,0,INSUFFICIENT_EVIDENCE,,0.0,1,OK,,INSUFFICIENT_EVIDENCE,,False,False,0.0,0
ckb1qzda0cr08m85hc8jlnfp3zer7xulejywt49kt2rr0vthywaa50xwsq28ps4hf8swzexa6ky8dp2q540tsrvz60qt2wtqk,0.2047295685164651,3,OK,,0.37153419593345655,2,OK,SINGLE_LOCK_SCRIPT,0.23150223783504253,3,OK,,0.2913549948393904,2,OK,,0.4389874060528804,2,OK,FEW_DISTINCT_SOURCES,0.245546612244222,2,OK,,0.33208920339282827,3,OK,NEAR_ZERO_NET_FLOW,0.8333175240157047,4,OK,HIGH_INTERVAL_VARIANCE;VARIED_TIME_OF_DAY;VARIED_DAY_OF_WEEK;MIXED_TX_SHAPES,0.0,1,OK,,IRREGULAR_ACTIVITY,0.8333175240157047,False,False,0.0,541
ckb1qzda0cr08m85hc8jlnfp3zer7xulejywt49kt2rr0vthywaa50xwsq298q6vfh7z6allgp2ty42k6yd49vap8ysn494ka,,0,INSUFFICIENT_EVIDENCE,,,0,INSUFFICIENT_EVIDENCE,DOMINANT_TX_SHAPE;SINGLE_LOCK_SCRIPT,0.5,2,OK,FANOUT_DOMINANT_SHAPE,0.0,2,OK,,0.0,2,OK,FEW_DISTINCT_SOURCES,1.0,2,OK,1_TO_N_SHAPE;FEW_DISTINCT_DESTINATIONS,,0,INSUFFICIENT_EVIDENCE,,,0,INSUFFICIENT_EVIDENCE,,0.0,1,OK,,CELL_FRAGMENTATION,1.0,False,False,0.0,1
ckb1qzda0cr08m85hc8jlnfp3zer7xulejywt49kt2rr0vthywaa50xwsq29kqmgkuplk5r7j3h8tjdex4cruvfzkfcmnttus,0.0592525068368277,3,OK,,0.2960346399270738,2,OK,SINGLE_LOCK_SCRIPT,0.19838572783854896,3,OK,,0.036993668629367725,2,OK,,0.05573872052867371,2,OK,FEW_DISTINCT_SOURCES,0.32312301755752904,2,OK,FEW_DISTINCT_DESTINATIONS,0.3333333333333333,3,OK,NEAR_ZERO_NET_FLOW,0.9005033787606019,4,OK,HIGH_INTERVAL_VARIANCE;VARIED_TIME_OF_DAY;VARIED_DAY_OF_WEEK;MIXED_TX_SHAPES,0.0,1,OK,,IRREGULAR_ACTIVITY,0.9005033787606019,False,False,0.0,2194
ckb1qzda0cr08m85hc8jlnfp3zer7xulejywt49kt2rr0vthywaa50xwsq2aauj9xs25kff4dlkgydl9zs7ytyx8lgs0w28r7,,0,INSUFFICIENT_EVIDENCE,,,0,INSUFFICIENT_EVIDENCE,,,0,INSUFFICIENT_EVIDENCE,,,0,INSUFFICIENT_EVIDENCE,,,0,INSUFFICIENT_EVIDENCE,,,0,INSUFFICIENT_EVIDENCE,,,0,INSUFFICIENT_EVIDENCE,,,0,INSUFFICIENT_EVIDENCE,HIGH_INTERVAL_VARIANCE;VARIED_TIME_OF_DAY;VARIED_DAY_OF_WEEK,0.0,1,OK,,INSUFFICIENT_EVIDENCE,,False,False,0.0,0
ckb1qzda0cr08m85hc8jlnfp3zer7xulejywt49kt2rr0vthywaa50xwsq2akxm0aqm8896a8ma4x7tsj0nugj4ldmg9egwhg,0.5966188787076089,3,OK,,0.375,2,OK,SINGLE_LOCK_SCRIPT,0.27203642929861027,3,OK,,0.0,2,OK,,0.0,2,OK,FEW_DISTINCT_SOURCES,0.44308243782576173,2,OK,FEW_DISTINCT_DESTINATIONS,0.3333333333333333,3,OK,NEAR_ZERO_NET_FLOW,0.6080268085939193,4,OK,HIGH_INTERVAL_VARIANCE;VARIED_DAY_OF_WEEK,0.0,1,OK,,IRREGULAR_ACTIVITY,0.6080268085939193,False,False,0.0,804
ckb1qzda0cr08m85hc8jlnfp3zer7xulejywt49kt2rr0vthywaa50xwsq2avras5exc632a794vzxp4cflqny59w2g4ytdca,0.2979069876553428,3,OK,,0.3769035532994923,2,OK,SINGLE_LOCK_SCRIPT,0.0,3,OK,,0.06525474599764285,2,OK,,0.09831996082283037,2,OK,FEW_DISTINCT_SOURCES,0.0,2,OK,,0.3333333333333333,3,OK,NEAR_ZERO_NET_FLOW,0.5143862675435635,4,OK,HIGH_INTERVAL_VARIANCE;VARIED_DAY_OF_WEEK,0.0,1,OK,,IRREGULAR_ACTIVITY,0.5143862675435635,False,False,0.0,1379
ckb1qzda0cr08m85hc8jlnfp3zer7xulejywt49kt2rr0vthywaa50xwsq2avwaksfsgf3ths5hjh5sl4ema0pazc6q48umuh,0.2239537175490807,3,OK,,0.3774263120057513,2,OK,SINGLE_LOCK_SCRIPT,0.0,3,OK,,0.0634233339893358,2,OK,,0.0955605545274827,2,OK,FEW_DISTINCT_SOURCES,0.0,2,OK,,0.33265207177079487,3,OK,NEAR_ZERO_NET_FLOW,0.5723413279553857,4,OK,HIGH_INTERVAL_VARIANCE;VARIED_DAY_OF_WEEK,0.0,1,OK,,IRREGULAR_ACTIVITY,0.5723413279553857,False,False,0.0,1391
ckb1qzda0cr08m85hc8jlnfp3zer7xulejywt49kt2rr0vthywaa50xwsq2cdr6jzphx2r5y02rkrlh84f4aes20mcc4569tl,,0,INSUFFICIENT_EVIDENCE,,,0,INSUFFICIENT_EVIDENCE,DOMINANT_TX_SHAPE;SINGLE_LOCK_SCRIPT,0.5,2,OK,FANOUT_DOMINANT_SHAPE,0.0,2,OK,,0.0,2,OK,FEW_DISTINCT_SOURCES,1.0,2,OK,1_TO_N_SHAPE;FEW_DISTINCT_DESTINATIONS,,0,INSUFFICIENT_EVIDENCE,,,0,INSUFFICIENT_EVIDENCE,,0.0,1,OK,,CELL_FRAGMENTATION,1.0,False,False,0.0,1
ckb1qzda0cr08m85hc8jlnfp3zer7xulejywt49kt2rr0vthywaa50xwsq2cf62jx0mk0t2c2xdrgmy43rqumz8t0gsvd6jh7,0.10470341029297751,3,OK,,0.37419239052404885,2,OK,SINGLE_LOCK_SCRIPT,0.32706613421323893,3,OK,,0.2930173206984509,2,OK,,0.4414920486016922,2,OK,FEW_DISTINCT_SOURCES,0.40890526896389146,2,OK,FEW_DISTINCT_DESTINATIONS,0.3329469389744953,3,OK,NEAR_ZERO_NET_FLOW,0.5637556859197502,4,OK,HIGH_INTERVAL_VARIANCE;VARIED_DAY_OF_WEEK;MIXED_TX_SHAPES,0.0,1,OK,,IRREGULAR_ACTIVITY,0.5637556859197502,False,False,0.0,1393
ckb1qzda0cr08m85hc8jlnfp3zer7xulejywt49kt2rr0vthywaa50xwsq2cq7k6zqqnna55dzwd32rxjkajthgqr2clgqu5w,,0,INSUFFICIENT_EVIDENCE,,,0,INSUFFICIENT_EVIDENCE,,,0,INSUFFICIENT_EVIDENCE,,,0,INSUFFICIENT_EVIDENCE,,,0,INSUFFICIENT_EVIDENCE,,,0,INSUFFICIENT_EVIDENCE,,,0,INSUFFICIENT_EVIDENCE,,,0,INSUFFICIENT_EVIDENCE,,0.0,1,OK,,INSUFFICIENT_EVIDENCE,,False,False,0.0,0
ckb1qzda0cr08m85hc8jlnfp3zer7xulejywt49kt2rr0vthywaa50xwsq2cte26209d9uf8efuawf7zykhdxhggjjsr8msdw,0.16538461538461538,3,OK,,0.37596153846153846,2,OK,SINGLE_LOCK_SCRIPT,0.0,3,OK,,0.0019600952604700104,2,OK,,0.0016884477614219336,2,OK,,0.0,2,OK,FEW_DISTINCT_DESTINATIONS,0.3333333333333333,3,OK,NEAR_ZERO_NET_FLOW,0.6422690634873149,4,OK,HIGH_INTERVAL_VARIANCE;VARIED_DAY_OF_WEEK,0.0,1,OK,,IRREGULAR_ACTIVITY,0.6422690634873149,False,False,0.0,780
ckb1qzda0cr08m85hc8jlnfp3zer7xulejywt49kt2rr0vthywaa50xwsq2czvm3xs4y353l9hfh4k8u0a5a3fpvwysp4mlc0,0.5978858315034788,3,OK,,0.375,2,OK,SINGLE_LOCK_SCRIPT,0.0,3,OK,,0.0,2,OK,,0.0,2,OK,FEW_DISTINCT_SOURCES,0.0,2,OK,FEW_DISTINCT_DESTINATIONS,0.3333333333333333,3,OK,NEAR_ZERO_NET_FLOW,0.5239281676931585,4,OK,HIGH_INTERVAL_VARIANCE;VARIED_DAY_OF_WEEK,0.0,1,OK,,PERIODIC_EXECUTION,0.5978858315034788,False,False,0.0,1430
ckb1qzda0cr08m85hc8jlnfp3zer7xulejywt49kt2rr0vthywaa50xwsq2dd47x6gyv9e8yydyzxkhu7h6d3ccjlec3aatnw,,0,INSUFFICIENT_EVIDENCE,,,0,INSUFFICIENT_EVIDENCE,,,0,INSUFFICIENT_EVIDENCE,,,0,INSUFFICIENT_EVIDENCE,,,0,INSUFFICIENT_EVIDENCE,,,0,INSUFFICIENT_EVIDENCE,,,0,INSUFFICIENT_EVIDENCE,,,0,INSUFFICIENT_EVIDENCE,,0.0,1,OK,,INSUFFICIENT_EVIDENCE,,False,False,0.0,0
ckb1qzda0cr08m85hc8jlnfp3zer7xulejywt49kt2rr0vthywaa50xwsq2e0epw8crx5qg3qz0v43fy5mql74jketq6hmau6,0.4802911976951079,3,OK,,0.4028662420382165,2,OK,SINGLE_LOCK_SCRIPT,0.32520005333166685,3,OK,,0.0,2,OK,,0.0,2,OK,,0.3574689719406884,2,OK,,0.37330699318721167,3,OK,,0.675254974082635,4,OK,VARIED_TIME_OF_DAY;VARIED_DAY_OF_WEEK,0.0,1,OK,,IRREGULAR_ACTIVITY,0.675254974082635,False,False,0.0,1413
ckb1qzda0cr08m85hc8jlnfp3zer7xulejywt49kt2rr0vthywaa50xwsq2e7teagdtnarf320ckuekrnpcdc4uzpdscj99tg,0.43917760955373836,3,OK,,0.37734375000000003,2,OK,SINGLE_LOCK_SCRIPT,0.002671786359182733,3,OK,,0.01342931834279811,2,OK,MANY_DISTINCT_SENDERS,0.00910589912692692,2,OK,,0.004351702514360084,2,OK,FEW_DISTINCT_DESTINATIONS,0.3333333333333333,3,OK,NEAR_ZERO_NET_FLOW,0.7179946765108638,4,OK,HIGH_INTERVAL_VARIANCE;VARIED_DAY_OF_WEEK,0.0,1,OK,,IRREGULAR_ACTIVITY,0.7179946765108638,False,False,0.0,2240
ckb1qzda0cr08m85hc8jlnfp3zer7xulejywt49kt2rr0vthywaa50xwsq2efq967zf7uw4g2nazz6mwal8ehl3yfrgn5r9vq,0.3569725332797833,2,OK,,0.75,1,OK,DOMINANT_TX_SHAPE;SINGLE_LOCK_SCRIPT,0.5,2,OK,FANOUT_DOMINANT_SHAPE,0.0,2,OK,,0.0,2,OK,FEW_DISTINCT_SOURCES,1.0,2,OK,1_TO_N_SHAPE;FEW_DISTINCT_DESTINATIONS,0.0,3,OK,,0.3303696661509974,4,OK,VARIED_DAY_OF_WEEK,0.0,1,OK,,CELL_FRAGMENTATION,1.0,True,False,0.0,180
ckb1qzda0cr08m85hc8jlnfp3zer7xulejywt49kt2rr0vthywaa50xwsq2ejd8f7wnaln83fx7u8g5tr0sv8jpuwpqdfm05a,0.0,3,OK,,0.375,2,OK,SINGLE_LOCK_SCRIPT,0.0,3,OK,,0.29407285859722054,2,OK,,0.44308243782576173,2,OK,FEW_DISTINCT_SOURCES,0.0,2,OK,FEW_DISTINCT_DESTINATIONS,0.3333333333333333,3,OK,NEAR_ZERO_NET_FLOW,0.647089848236397,4,OK,HIGH_INTERVAL_VARIANCE;VARIED_DAY_OF_WEEK,0.0,1,OK,,IRREGULAR_ACTIVITY,0.647089848236397,False,False,0.0,270
ckb1qzda0cr08m85hc8jlnfp3zer7xulejywt49kt2rr0vthywaa50xwsq2emn0uxk7ch03desrc0r0pc66ukaz6p8ghpddey,0.0,3,OK,,0.38363486842105265,2,OK,SINGLE_LOCK_SCRIPT,0.0,3,OK,,0.28730144409004765,2,OK,,0.43287988169161584,2,OK,FEW_DISTINCT_SOURCES,0.0,2,OK,FEW_DISTINCT_DESTINATIONS,0.333218434869819,3,OK,NEAR_ZERO_NET_FLOW,0.6870489102045296,4,OK,HIGH_INTERVAL_VARIANCE;VARIED_DAY_OF_WEEK,0.0,1,OK,,IRREGULAR_ACTIVITY,0.6870489102045296,False,False,0.0,1216
ckb1qzda0cr08m85hc8jlnfp3zer7xulejywt49kt2rr0vthywaa50xwsq2eqg5mtlwgsjzpwjel4kdtlyamfyflfwshadjmx,0.603828951369318,3,OK,LOW_LIFETIME_VARIANCE,0.375,2,OK,SINGLE_LOCK_SCRIPT,0.0,3,OK,,0.0,2,OK,,0.0,2,OK,FEW_DISTINCT_SOURCES,0.0,2,OK,FEW_DISTINCT_DESTINATIONS,0.3333333333333333,3,OK,NEAR_ZERO_NET_FLOW,0.5383293643920557,4,OK,HIGH_INTERVAL_VARIANCE;VARIED_DAY_OF_WEEK,0.0,1,OK,,PERIODIC_EXECUTION,0.603828951369318,False,False,0.0,1408
ckb1qzda0cr08m85hc8jlnfp3zer7xulejywt49kt2rr0vthywaa50xwsq2euh7k90hhj7v75y8kjxlm0qgtg8pdxjqqktt4m,0.12242903590859759,3,OK,,0.7330188679245282,2,OK,DOMINANT_TX_SHAPE;SINGLE_LOCK_SCRIPT,0.0,3,OK,,0.013316506804402403,2,OK,,0.02006411039210991,2,OK,FEW_DISTINCT_SOURCES,0.0,2,OK,FEW_DISTINCT_DESTINATIONS,0.18225235064692655,3,OK,,0.5541970500300343,4,OK,HIGH_INTERVAL_VARIANCE;VARIED_DAY_OF_WEEK,0.0,1,OK,,IRREGULAR_ACTIVITY,0.5541970500300343,True,False,0.0,99
ckb1qzda0cr08m85hc8jlnfp3zer7xulejywt49kt2rr0vthywaa50xwsq2evwcurnqel0euyf4s2pgkut48dgp7fsg3tdhrk,0.10723446479809184,3,OK,,0.3770491803278688,2,OK,SINGLE_LOCK_SCRIPT,0.3208077965439322,3,OK,FANOUT_DOMINANT_SHAPE,0.2924659030857603,2,OK,,0.4406612223185171,2,OK,FEW_DISTINCT_SOURCES,0.412027075907823,2,OK,1_TO_N_SHAPE;FEW_DISTINCT_DESTINATIONS,0.33106526728614344,3,OK,NEAR_ZERO_NET_FLOW,0.5678828857535174,4,OK,HIGH_INTERVAL_VARIANCE;VARIED_DAY_OF_WEEK,0.0,1,OK,,IRREGULAR_ACTIVITY,0.5678828857535174,False,False,0.0,183
ckb1qzda0cr08m85hc8jlnfp3zer7xulejywt49kt2rr0vthywaa50xwsq2fdtshag9h5z8q7qy6v4hu6lpzvejmg7sp9a6kf,,0,INSUFFICIENT_EVIDENCE,,,0,INSUFFICIENT_EVIDENCE,DOMINANT_TX_SHAPE;SINGLE_LOCK_SCRIPT,0.0,2,OK,,0.0,2,OK,,0.0,2,OK,FEW_DISTINCT_SOURCES,0.0,2,OK,FEW_DISTINCT_DESTINATIONS,,0,INSUFFICIENT_EVIDENCE,,,0,INSUFFICIENT_EVIDENCE,,0.0,1,OK,,INSUFFICIENT_EVIDENCE,,False,False,0.0,1
ckb1qzda0cr08m85hc8jlnfp3zer7xulejywt49kt2rr0vthywaa50xwsq2fwvu3c3vnh3pnrnynrn3zqzmsu7shaxg5tcdyt,,0,INSUFFICIENT_EVIDENCE,,,0,INSUFFICIENT_EVIDENCE,,,0,INSUFFICIENT_EVIDENCE,,,0,INSUFFICIENT_EVIDENCE,,,0,INSUFFICIENT_EVIDENCE,,,0,INSUFFICIENT_EVIDENCE,,,0,INSUFFICIENT_EVIDENCE,,,0,INSUFFICIENT_EVIDENCE,HIGH_INTERVAL_VARIANCE;VARIED_TIME_OF_DAY;VARIED_DAY_OF_WEEK,0.0,1,OK,,INSUFFICIENT_EVIDENCE,,False,False,0.0,0
ckb1qzda0cr08m85hc8jlnfp3zer7xulejywt49kt2rr0vthywaa50xwsq2g7t7wtgqxq0528gsnsprw8adlz7mvpncn6cxdt,0.46853546090556436,3,OK,LOW_LIFETIME_VARIANCE,0.375,2,OK,SINGLE_LOCK_SCRIPT,0.02526820588346771,3,OK,,0.0,2,OK,MANY_DISTINCT_SENDERS,0.0,2,OK,,0.041155878612274245,2,OK,FEW_DISTINCT_DESTINATIONS,0.3333333333333333,3,OK,NEAR_ZERO_NET_FLOW,0.6565405429704866,4,OK,HIGH_INTERVAL_VARIANCE;VARIED_DAY_OF_WEEK,0.0,1,OK,,IRREGULAR_ACTIVITY,0.6565405429704866,False,False,0.0,1012
ckb1qzda0cr08m85hc8jlnfp3zer7xulejywt49kt2rr0vthywaa50xwsq2gxfhv94tp8sc29c5xhsuttgk4hhpp2nq2mt7ff,0.24499232329659504,3,OK,,0.5319025522041764,2,OK,SINGLE_LOCK_SCRIPT,0.38585832276384474,3,OK,FANOUT_DOMINANT_SHAPE,0.0,2,OK,MANY_DISTINCT_SENDERS,0.0,2,OK,,0.6284711453769892,2,OK,1_TO_N_SHAPE;FEW_DISTINCT_DESTINATIONS,0.1083011717579964,3,OK,,0.8007305074701184,4,OK,HIGH_INTERVAL_VARIANCE;VARIED_TIME_OF_DAY;VARIED_DAY_OF_WEEK,0.0,1,OK,,IRREGULAR_ACTIVITY,0.8007305074701184,False,False,0.0,1293
ckb1qzda0cr08m85hc8jlnfp3zer7xulejywt49kt2rr0vthywaa50xwsq2gy9cran4y9nmyuvaqzpea2kvks63swwqlqlpl5,,0,INSUFFICIENT_EVIDENCE,,,0,INSUFFICIENT_EVIDENCE,SINGLE_LOCK_SCRIPT,0.0,3,OK,,0.29407285859722054,2,OK,,0.44308243782576173,2,OK,FEW_DISTINCT_SOURCES,0.0,2,OK,FEW_DISTINCT_DESTINATIONS,0.3333333333333333,3,OK,NEAR_ZERO_NET_FLOW,,0,INSUFFICIENT_EVIDENCE,,0.0,1,OK,,CELL_CONSOLIDATION,0.44308243782576173,False,False,0.0,2
ckb1qzda0cr08m85hc8jlnfp3zer7xulejywt49kt2rr0vthywaa50xwsq2h36kp26fly5n2huuc446dc3rzhunq2nsesxffv,,0,INSUFFICIENT_EVIDENCE,,,0,INSUFFICIENT_EVIDENCE,DOMINANT_TX_SHAPE;SINGLE_LOCK_SCRIPT,0.0,2,OK,,0.0,2,OK,,0.0,2,OK,FEW_DISTINCT_SOURCES,0.0,2,OK,FEW_DISTINCT_DESTINATIONS,,0,INSUFFICIENT_EVIDENCE,,,0,INSUFFICIENT_EVIDENCE,,0.0,1,OK,,INSUFFICIENT_EVIDENCE,,False,False,0.0,1
ckb1qzda0cr08m85hc8jlnfp3zer7xulejywt49kt2rr0vthywaa50xwsq2hh36z6qmk3vjqha2lv9vykuxwexsaazqx40dhd,0.25702006165860275,3,OK,,0.5253510140405616,2,OK,SINGLE_LOCK_SCRIPT,0.0,3,OK,,0.17616845195215708,2,OK,,0.26543472094398207,2,OK,FEW_DISTINCT_SOURCES,0.0,2,OK,FEW_DISTINCT_DESTINATIONS,0.3327047488273198,3,OK,NEAR_ZERO_NET_FLOW,0.4453763832966783,4,OK,VARIED_DAY_OF_WEEK,0.0,1,OK,,IRREGULAR_ACTIVITY,0.4453763832966783,False,False,0.0,1284
ckb1qzda0cr08m85hc8jlnfp3zer7xulejywt49kt2rr0vthywaa50xwsq2j02vr6g0w9839ptv6m6qr8r3ddzq2x3qjp5nuw,0.17500000998738044,3,OK,,0.37448559670781895,2,OK,SINGLE_LOCK_SCRIPT,0.3050948967954091,3,OK,,0.2924592901001164,2,OK,,0.440651258468693,2,OK,FEW_DISTINCT_SOURCES,0.40922567514122843,2,OK,FEW_DISTINCT_DESTINATIONS,0.3333333333333333,3,OK,NEAR_ZERO_NET_FLOW,0.6099159260108131,4,OK,HIGH_INTERVAL_VARIANCE;VARIED_DAY_OF_WEEK;MIXED_TX_SHAPES,0.0,1,OK,,IRREGULAR_ACTIVITY,0.6099159260108131,False,False,0.0,1458
ckb1qzda0cr08m85hc8jlnfp3zer7xulejywt49kt2rr0vthywaa50xwsq2jrflqx0dneevp0v6ssznw8ry6aj8laxcuh9svs,,0,INSUFFICIENT_EVIDENCE,,,0,INSUFFICIENT_EVIDENCE,DOMINANT_TX_SHAPE;SINGLE_LOCK_SCRIPT,0.0,3,OK,,0.0,2,OK,,0.0,2,OK,FEW_DISTINCT_SOURCES,0.0,2,OK,FEW_DISTINCT_DESTINATIONS,0.3333333333333333,3,OK,NEAR_ZERO_NET_FLOW,,0,INSUFFICIENT_EVIDENCE,,0.0,1,OK,,ROUND_TRIP,0.3333333333333333,False,False,0.0,2
ckb1qzda0cr08m85hc8jlnfp3zer7xulejywt49kt2rr0vthywaa50xwsq2k3fxq87k84uvjlx93f6kjgfllm0uasqge8xsjk,0.4697209038704468,3,OK,LOW_LIFETIME_VARIANCE,0.375,2,OK,SINGLE_LOCK_SCRIPT,0.0,3,OK,,0.0,2,OK,MANY_DISTINCT_SENDERS,0.0,2,OK,,0.0,2,OK,FEW_DISTINCT_DESTINATIONS,0.3333333333333333,3,OK,NEAR_ZERO_NET_FLOW,0.706504692369785,4,OK,HIGH_INTERVAL_VARIANCE;VARIED_DAY_OF_WEEK,0.0,1,OK,,IRREGULAR_ACTIVITY,0.706504692369785,False,False,0.0,144
ckb1qzda0cr08m85hc8jlnfp3zer7xulejywt49kt2rr0vthywaa50xwsq2k7w0yl67ft05fyk4qrjfx3gfemp25pcsvpyj40,0.033094311403938814,3,OK,,0.7270992366412213,2,OK,DOMINANT_TX_SHAPE;SINGLE_LOCK_SCRIPT,0.01592070705818838,3,OK,,0.000813877425384647,2,OK,,0.0010427170440746797,2,OK,FEW_DISTINCT_SOURCES,0.02593103325697841,2,OK,FEW_DISTINCT_DESTINATIONS,0.33229258918096344,3,OK,NEAR_ZERO_NET_FLOW,0.6142382136084644,4,OK,HIGH_INTERVAL_VARIANCE;VARIED_DAY_OF_WEEK,0.0,1,OK,,IRREGULAR_ACTIVITY,0.6142382136084644,True,False,0.0,146
ckb1qzda0cr08m85hc8jlnfp3zer7xulejywt49kt2rr0vthywaa50xwsq2knh0gfpas59yxcp9hhl6dl22tztaxtwg5e4yru,,0,INSUFFICIENT_EVIDENCE,,,0,INSUFFICIENT_EVIDENCE,,,0,INSUFFICIENT_EVIDENCE,,,0,INSUFFICIENT_EVIDENCE,,,0,INSUFFICIENT_EVIDENCE,,,0,INSUFFICIENT_EVIDENCE,,,0,INSUFFICIENT_EVIDENCE,,,0,INSUFFICIENT_EVIDENCE,HIGH_INTERVAL_VARIANCE;VARIED_TIME_OF_DAY;VARIED_DAY_OF_WEEK,0.0,1,OK,,INSUFFICIENT_EVIDENCE,,False,False,0.0,0
ckb1qzda0cr08m85hc8jlnfp3zer7xulejywt49kt2rr0vthywaa50xwsq2ku65a3majew8emwdz60lvu64h6jx8lwsqh9wnz,,0,INSUFFICIENT_EVIDENCE,,,0,INSUFFICIENT_EVIDENCE,,,0,INSUFFICIENT_EVIDENCE,,,0,INSUFFICIENT_EVIDENCE,,,0,INSUFFICIENT_EVIDENCE,,,0,INSUFFICIENT_EVIDENCE,,,0,INSUFFICIENT_EVIDENCE,,,0,INSUFFICIENT_EVIDENCE,HIGH_INTERVAL_VARIANCE;VARIED_TIME_OF_DAY;VARIED_DAY_OF_WEEK,0.0,1,OK,,INSUFFICIENT_EVIDENCE,,False,False,0.0,0
ckb1qzda0cr08m85hc8jlnfp3zer7xulejywt49kt2rr0vthywaa50xwsq2kv9ul6hjx0yuw490vs9mn789uz6fv5rqgw9r8v,,0,INSUFFICIENT_EVIDENCE,,,0,INSUFFICIENT_EVIDENCE,,,0,INSUFFICIENT_EVIDENCE,,,0,INSUFFICIENT_EVIDENCE,,,0,INSUFFICIENT_EVIDENCE,,,0,INSUFFICIENT_EVIDENCE,,,0,INSUFFICIENT_EVIDENCE,,,0,INSUFFICIENT_EVIDENCE,HIGH_INTERVAL_VARIANCE;VARIED_TIME_OF_DAY;VARIED_DAY_OF_WEEK,0.0,1,OK,,INSUFFICIENT_EVIDENCE,,False,False,0.0,0
ckb1qzda0cr08m85hc8jlnfp3zer7xulejywt49kt2rr0vthywaa50xwsq2lfh4w2sguefdcw8fmehy5fpaenhehr9cped0e2,0.607048651845333,3,OK,,0.375,2,OK,SINGLE_LOCK_SCRIPT,0.0,3,OK,,0.0,2,OK,,0.0,2,OK,FEW_DISTINCT_SOURCES,0.0,2,OK,FEW_DISTINCT_DESTINATIONS,0.3333333333333333,3,OK,NEAR_ZERO_NET_FLOW,0.5066095279821051,4,OK,HIGH_INTERVAL_VARIANCE;VARIED_DAY_OF_WEEK,0.0,1,OK,,PERIODIC_EXECUTION,0.607048651845333,False,False,0.0,482
ckb1qzda0cr08m85hc8jlnfp3zer7xulejywt49kt2rr0vthywaa50xwsq2mj7v7ut0alqkx38qgu393dw8lafafq0qwnqaxs,0.14084507042253522,3,OK,,0.31690140845070425,2,OK,SINGLE_LOCK_SCRIPT,0.10728197211776175,3,OK,,0.03603986796351325,2,OK,,0.04617327305029486,2,OK,FEW_DISTINCT_SOURCES,0.17473673604396228,2,OK,FEW_DISTINCT_DESTINATIONS,0.33333301603387366,3,OK,NEAR_ZERO_NET_FLOW,0.8483982345478159,4,OK,HIGH_INTERVAL_VARIANCE;VARIED_TIME_OF_DAY;VARIED_DAY_OF_WEEK;MIXED_TX_SHAPES,0.0,1,OK,,IRREGULAR_ACTIVITY,0.8483982345478159,False,False,0.0,71
ckb1qzda0cr08m85hc8jlnfp3zer7xulejywt49kt2rr0vthywaa50xwsq2mu7xj6mj90s8dxxnuqxyty72rg72ydzscwk9vf,0.42937987141538203,3,OK,,0.375,2,OK,SINGLE_LOCK_SCRIPT,0.27203642929861027,3,OK,,0.0,2,OK,,0.0,2,OK,FEW_DISTINCT_SOURCES,0.44308243782576173,2,OK,FEW_DISTINCT_DESTINATIONS,0.3333333333333333,3,OK,NEAR_ZERO_NET_FLOW,0.635623353242327,4,OK,HIGH_INTERVAL_VARIANCE;VARIED_DAY_OF_WEEK,0.0,1,OK,,IRREGULAR_ACTIVITY,0.635623353242327,False,False,0.0,186
ckb1qzda0cr08m85hc8jlnfp3zer7xulejywt49kt2rr0vthywaa50xwsq2n7pqmhqlygzfhe9y2pfegeeqzlgkvfkqkaaams,0.14994294766114796,3,OK,,0.4423728813559322,2,OK,SINGLE_LOCK_SCRIPT,0.0,3,OK,,0.16917258653835407,2,OK,MANY_DISTINCT_SENDERS,0.12740373096297306,2,OK,,0.0,2,OK,FEW_DISTINCT_DESTINATIONS,0.3333333333333333,3,OK,NEAR_ZERO_NET_FLOW,0.6270514674077889,4,OK,HIGH_INTERVAL_VARIANCE;VARIED_DAY_OF_WEEK,0.0,1,OK,,IRREGULAR_ACTIVITY,0.6270514674077889,False,False,0.0,295
ckb1qzda0cr08m85hc8jlnfp3zer7xulejywt49kt2rr0vthywaa50xwsq2ne4yj30svjzvvdcmd96qhfvepdx6pfcs09q7zl,,0,INSUFFICIENT_EVIDENCE,,,0,INSUFFICIENT_EVIDENCE,SINGLE_LOCK_SCRIPT,0.27203642929861027,3,OK,,0.0,2,OK,,0.0,2,OK,FEW_DISTINCT_SOURCES,0.44308243782576173,2,OK,FEW_DISTINCT_DESTINATIONS,0.3333333333333333,3,OK,NEAR_ZERO_NET_FLOW,,0,INSUFFICIENT_EVIDENCE,,0.0,1,OK,,CELL_FRAGMENTATION,0.44308243782576173,False,False,0.0,2
ckb1qzda0cr08m85hc8jlnfp3zer7xulejywt49kt2rr0vthywaa50xwsq2nwlee8epequkd94qh3k5uymjqxgvfktgxl9jd3,0.0,2,OK,,0.6190257352941176,1,OK,SINGLE_LOCK_SCRIPT,0.0873161764705882,2,OK,,0.0,2,OK,,0.0,2,OK,FEW_DISTINCT_SOURCES,0.1746323529411764,2,OK,FEW_DISTINCT_DESTINATIONS,0.0,3,OK,,0.6475391278343433,4,OK,HIGH_INTERVAL_VARIANCE;VARIED_DAY_OF_WEEK,0.0,1,OK,,IRREGULAR_ACTIVITY,0.6475391278343433,False,False,0.0,98
ckb1qzda0cr08m85hc8jlnfp3zer7xulejywt49kt2rr0vthywaa50xwsq2pgrf442dam0aa0l8gd2s8jlxfu7hha3c7hg4qq,0.1902148847539967,3,OK,,0.26855628058727565,2,OK,SINGLE_LOCK_SCRIPT,0.16220116624574557,3,OK,,0.2902971830353831,2,OK,MANY_DISTINCT_SENDERS,0.19089845815066403,2,OK,,0.26418700004129836,2,OK,FEW_DISTINCT_DESTINATIONS,0.3332218443838509,3,OK,NEAR_ZERO_NET_FLOW,0.6292946412119002,4,OK,HIGH_INTERVAL_VARIANCE;VARIED_DAY_OF_WEEK;MIXED_TX_SHAPES,0.0,1,OK,,IRREGULAR_ACTIVITY,0.6292946412119002,False,False,0.0,2452
ckb1qzda0cr08m85hc8jlnfp3zer7xulejywt49kt2rr0vthywaa50xwsq2pnp7gglp8clvahem5mpf7wmr0pjk5krgf4lwf2,0.08535353535353533,3,OK,,0.2954545454545454,2,OK,SINGLE_LOCK_SCRIPT,0.16487056321127894,3,OK,,0.02762502611064795,2,OK,,0.04162289567454119,2,OK,FEW_DISTINCT_SOURCES,0.2685348108034919,2,OK,FEW_DISTINCT_DESTINATIONS,0.3333333333333333,3,OK,NEAR_ZERO_NET_FLOW,0.8689550583241932,4,OK,HIGH_INTERVAL_VARIANCE;VARIED_TIME_OF_DAY;VARIED_DAY_OF_WEEK;MIXED_TX_SHAPES,0.0,1,OK,,IRREGULAR_ACTIVITY,0.8689550583241932,False,False,0.0,660
ckb1qzda0cr08m85hc8jlnfp3zer7xulejywt49kt2rr0vthywaa50xwsq2qje0r5vg9pzmpz4uqt7fw32qvcp4a8cc7deems,0.09670133641444534,3,OK,,0.37655601659751037,2,OK,SINGLE_LOCK_SCRIPT,0.0,3,OK,,0.3395488114566586,2,OK,FANIN_DOMINANT_SHAPE,0.387767219533895,2,OK,N_TO_1_SHAPE,0.0,2,OK,FEW_DISTINCT_DESTINATIONS,0.3333333333333333,3,OK,NEAR_ZERO_NET_FLOW,0.5785575582651262,4,OK,HIGH_INTERVAL_VARIANCE;VARIED_DAY_OF_WEEK,0.0,1,OK,,IRREGULAR_ACTIVITY,0.5785575582651262,False,False,0.0,482
ckb1qzda0cr08m85hc8jlnfp3zer7xulejywt49kt2rr0vthywaa50xwsq2qjj3mqkrdhzuga2qfzf72ma38xhpsaasfj3trw,0.46062283345705635,3,OK,,0.3733407079646018,2,OK,SINGLE_LOCK_SCRIPT,0.10207923491977612,3,OK,,0.2927716512582948,2,OK,,0.44112189606547075,2,OK,FEW_DISTINCT_SOURCES,0.1260188140855532,2,OK,FEW_DISTINCT_DESTINATIONS,0.3333333333333333,3,OK,NEAR_ZERO_NET_FLOW,0.7224392142825395,4,OK,HIGH_INTERVAL_VARIANCE;VARIED_TIME_OF_DAY;VARIED_DAY_OF_WEEK;MIXED_TX_SHAPES,0.0,1,OK,,IRREGULAR_ACTIVITY,0.7224392142825395,False,False,0.0,904
ckb1qzda0cr08m85hc8jlnfp3zer7xulejywt49kt2rr0vthywaa50xwsq2qq5zmvacvrht6g5w35hgdg4mhcxcu5hgu2f8qe,,0,INSUFFICIENT_EVIDENCE,,,0,INSUFFICIENT_EVIDENCE,DOMINANT_TX_SHAPE;SINGLE_LOCK_SCRIPT,0.5,2,OK,FANOUT_DOMINANT_SHAPE,0.0,2,OK,,0.0,2,OK,FEW_DISTINCT_SOURCES,1.0,2,OK,1_TO_N_SHAPE;FEW_DISTINCT_DESTINATIONS,,0,INSUFFICIENT_EVIDENCE,,,0,INSUFFICIENT_EVIDENCE,,0.0,1,OK,,CELL_FRAGMENTATION,1.0,False,False,0.0,1
ckb1qzda0cr08m85hc8jlnfp3zer7xulejywt49kt2rr0vthywaa50xwsq2qtfq8zdd9rs86hslwh8j4h8qjk6r3e6s0k50ul,0.5940309385280356,3,OK,,0.375,2,OK,SINGLE_LOCK_SCRIPT,0.0,3,OK,,0.0,2,OK,,0.0,2,OK,FEW_DISTINCT_SOURCES,0.0,2,OK,FEW_DISTINCT_DESTINATIONS,0.3333333333333333,3,OK,NEAR_ZERO_NET_FLOW,0.7578675274259989,4,OK,HIGH_INTERVAL_VARIANCE;VARIED_TIME_OF_DAY;VARIED_DAY_OF_WEEK,0.0,1,OK,,IRREGULAR_ACTIVITY,0.7578675274259989,False,False,0.0,428
ckb1qzda0cr08m85hc8jlnfp3zer7xulejywt49kt2rr0vthywaa50xwsq2qxj6t4tvw89fzmw2m5j43n9glh7h2jzq90qw40,,0,INSUFFICIENT_EVIDENCE,DOMINANT_1TO1_SHAPE,,0,INSUFFICIENT_EVIDENCE,DOMINANT_TX_SHAPE;SINGLE_LOCK_SCRIPT,0.0,2,OK,,0.0,2,OK,,0.0,2,OK,FEW_DISTINCT_SOURCES,0.0,2,OK,FEW_DISTINCT_DESTINATIONS,,0,INSUFFICIENT_EVIDENCE,,,0,INSUFFICIENT_EVIDENCE,,0.0,1,OK,,INSUFFICIENT_EVIDENCE,,False,False,0.0,1
ckb1qzda0cr08m85hc8jlnfp3zer7xulejywt49kt2rr0vthywaa50xwsq2rsu67gzxhacdwpzfyc0gc5q9vgr6aztc6y5n8c,0.015095695924631725,2,OK,,0.375,2,OK,SINGLE_LOCK_SCRIPT,0.3755910357675455,3,OK,,0.0,2,OK,,0.0,2,OK,FEW_DISTINCT_SOURCES,0.367841513295138,2,OK,,0.4666666666666666,3,OK,NEAR_ZERO_NET_FLOW,0.5481103129725835,4,OK,HIGH_INTERVAL_VARIANCE,0.0,1,OK,,IRREGULAR_ACTIVITY,0.5481103129725835,False,False,0.0,6
ckb1qzda0cr08m85hc8jlnfp3zer7xulejywt49kt2rr0vthywaa50xwsq2rv2ln77sfue9zmr4uemppw6e6cqch00sz7curl,,0,INSUFFICIENT_EVIDENCE,,,0,INSUFFICIENT_EVIDENCE,SINGLE_LOCK_SCRIPT,0.27203642929861027,3,OK,,0.0,2,OK,,0.0,2,OK,FEW_DISTINCT_SOURCES,0.44308243782576173,2,OK,FEW_DISTINCT_DESTINATIONS,0.3333333333333333,3,OK,NEAR_ZERO_NET_FLOW,,0,INSUFFICIENT_EVIDENCE,,0.0,1,OK,,CELL_FRAGMENTATION,0.44308243782576173,False,False,0.0,2
ckb1qzda0cr08m85hc8jlnfp3zer7xulejywt49kt2rr0vthywaa50xwsq2s6dygffm0ed03txsa3ca8npdpel05vqg5j9mgd,0.33316773911754244,3,OK,,0.4768128161888701,2,OK,SINGLE_LOCK_SCRIPT,0.0,3,OK,,0.12992763735661347,2,OK,,0.19576323559924044,2,OK,FEW_DISTINCT_SOURCES,0.0,2,OK,FEW_DISTINCT_DESTINATIONS,0.3200292823631084,3,OK,NEAR_ZERO_NET_FLOW,0.4624252212125713,4,OK,HIGH_INTERVAL_VARIANCE;VARIED_DAY_OF_WEEK,0.0,1,OK,,IRREGULAR_ACTIVITY,0.4624252212125713,False,False,0.0,611
ckb1qzda0cr08m85hc8jlnfp3zer7xulejywt49kt2rr0vthywaa50xwsq2sfv44lf5g89ha2q296zqm8savzcyqxlsulsx6f,0.154810286838089,3,OK,,0.47916666666666663,2,OK,SINGLE_LOCK_SCRIPT,0.5764172430560226,3,OK,FANOUT_DOMINANT_SHAPE;MANY_DISTINCT_RECIPIENTS;EVEN_CAPACITY_SPREAD,0.0,2,OK,,0.0,2,OK,,0.3299456332091168,2,OK,1_TO_N_SHAPE,0.38494976652483337,3,OK,NEAR_ZERO_NET_FLOW,0.7363458411520892,4,OK,HIGH_INTERVAL_VARIANCE;VARIED_TIME_OF_DAY;VARIED_DAY_OF_WEEK,0.0,1,OK,,IRREGULAR_ACTIVITY,0.7363458411520892,False,False,0.0,36
ckb1qzda0cr08m85hc8jlnfp3zer7xulejywt49kt2rr0vthywaa50xwsq2stwwespmk3ffj7g7g7auauwvzcqrvf3g7mtxue,0.5466899035589622,3,OK,,0.375,2,OK,SINGLE_LOCK_SCRIPT,0.0,3,OK,,0.0,2,OK,,0.0,2,OK,FEW_DISTINCT_SOURCES,0.0,2,OK,FEW_DISTINCT_DESTINATIONS,0.3333333333333333,3,OK,NEAR_ZERO_NET_FLOW,0.5540866398005334,4,OK,HIGH_INTERVAL_VARIANCE;VARIED_DAY_OF_WEEK,0.0,1,OK,,IRREGULAR_ACTIVITY,0.5540866398005334,False,False,0.0,1390
ckb1qzda0cr08m85hc8jlnfp3zer7xulejywt49kt2rr0vthywaa50xwsq2t6z8rc90g09yeh7t3nz2sfe72y20yzcg6jt76x,,0,INSUFFICIENT_EVIDENCE,,,0,INSUFFICIENT_EVIDENCE,DOMINANT_TX_SHAPE;SINGLE_LOCK_SCRIPT,0.0,3,OK,,0.0,2,OK,,0.0,2,OK,FEW_DISTINCT_SOURCES,0.0,2,OK,FEW_DISTINCT_DESTINATIONS,0.3333333333333333,3,OK,NEAR_ZERO_NET_FLOW,,0,INSUFFICIENT_EVIDENCE,,0.0,1,OK,,ROUND_TRIP,0.3333333333333333,False,False,0.0,2
ckb1qzda0cr08m85hc8jlnfp3zer7xulejywt49kt2rr0vthywaa50xwsq2t9jypuuquc0tfdca5eugj6gk7v3dt0hq4r3hx9,,0,INSUFFICIENT_EVIDENCE,,,0,INSUFFICIENT_EVIDENCE,,,0,INSUFFICIENT_EVIDENCE,,,0,INSUFFICIENT_EVIDENCE,,,0,INSUFFICIENT_EVIDENCE,,,0,INSUFFICIENT_EVIDENCE,,,0,INSUFFICIENT_EVIDENCE,,,0,INSUFFICIENT_EVIDENCE,,0.0,1,OK,,INSUFFICIENT_EVIDENCE,,False,False,0.0,0
ckb1qzda0cr08m85hc8jlnfp3zer7xulejywt49kt2rr0vthywaa50xwsq2tq8vms882lepc8fk0aapfp0c9nh755xsdtnm3m,,0,INSUFFICIENT_EVIDENCE,,,0,INSUFFICIENT_EVIDENCE,DOMINANT_TX_SHAPE;SINGLE_LOCK_SCRIPT,0.0,2,OK,,0.0,2,OK,,0.0,2,OK,FEW_DISTINCT_SOURCES,0.0,2,OK,FEW_DISTINCT_DESTINATIONS,,0,INSUFFICIENT_EVIDENCE,,,0,INSUFFICIENT_EVIDENCE,,0.0,1,OK,,INSUFFICIENT_EVIDENCE,,False,False,0.0,1
ckb1qzda0cr08m85hc8jlnfp3zer7xulejywt49kt2rr0vthywaa50xwsq2uj8rfycz3s3h0m0h62fj8mvxluqr627s8j5led,0.5064628601874418,3,OK,LOW_LIFETIME_VARIANCE,0.375,2,OK,SINGLE_LOCK_SCRIPT,0.03886234704265859,3,OK,,0.3198538281761806,2,OK,,0.40978779832136747,2,OK,FEW_DISTINCT_SOURCES,0.06329749111796594,2,OK,FEW_DISTINCT_DESTINATIONS,0.3333333333333333,3,OK,NEAR_ZERO_NET_FLOW,0.5330170956429043,4,OK,HIGH_INTERVAL_VARIANCE;VARIED_DAY_OF_WEEK,0.0,1,OK,,IRREGULAR_ACTIVITY,0.5330170956429043,False,False,0.0,14
ckb1qzda0cr08m85hc8jlnfp3zer7xulejywt49kt2rr0vthywaa50xwsq2ul0rt55hnp2e2nzzhfkep4xtc3l88rxqes83vq,0.028359880115409613,3,OK,,0.5561993047508691,2,OK,SINGLE_LOCK_SCRIPT,0.010305131091924272,3,OK,,0.7415990730011588,2,OK,FANIN_DOMINANT_SHAPE;MANY_DISTINCT_SENDERS,0.3707995365005794,2,OK,N_TO_1_SHAPE,0.009813309000615394,2,OK,,0.2923808557796061,3,OK,NEAR_ZERO_NET_FLOW,0.7947900838330302,4,OK,HIGH_INTERVAL_VARIANCE;VARIED_TIME_OF_DAY;VARIED_DAY_OF_WEEK,0.0,1,OK,,IRREGULAR_ACTIVITY,0.7947900838330302,False,False,0.0,863
ckb1qzda0cr08m85hc8jlnfp3zer7xulejywt49kt2rr0vthywaa50xwsq2uq6ykas222qjhw4k6847guv3y8c7wvccalk3tf,,0,INSUFFICIENT_EVIDENCE,,,0,INSUFFICIENT_EVIDENCE,SINGLE_LOCK_SCRIPT,0.27203642929861027,3,OK,,0.0,2,OK,,0.0,2,OK,FEW_DISTINCT_SOURCES,0.44308243782576173,2,OK,FEW_DISTINCT_DESTINATIONS,0.3333333333333333,3,OK,NEAR_ZERO_NET_FLOW,,0,INSUFFICIENT_EVIDENCE,,0.0,1,OK,,CELL_FRAGMENTATION,0.44308243782576173,False,False,0.0,2
ckb1qzda0cr08m85hc8jlnfp3zer7xulejywt49kt2rr0vthywaa50xwsq2uxysa465m2k0hxh4zefzd2k5j36dly3gxkjc57,0.34561870428443225,3,OK,,0.34339887640449435,2,OK,SINGLE_LOCK_SCRIPT,0.1299050364628195,3,OK,,0.01796931618967304,2,OK,,0.023021786422548703,2,OK,FEW_DISTINCT_SOURCES,0.2115843101976952,2,OK,FEW_DISTINCT_DESTINATIONS,0.3333333333333333,3,OK,NEAR_ZERO_NET_FLOW,0.8459266440288602,4,OK,HIGH_INTERVAL_VARIANCE;VARIED_TIME_OF_DAY;VARIED_DAY_OF_WEEK;MIXED_TX_SHAPES,0.0,1,OK,,IRREGULAR_ACTIVITY,0.8459266440288602,False,False,0.0,356
ckb1qzda0cr08m85hc8jlnfp3zer7xulejywt49kt2rr0vthywaa50xwsq2vfrwwa2h4ag878nn7935gzex40d9y7xcckkcz2,0.051707624121009294,3,OK,,0.6388888888888888,2,OK,DOMINANT_TX_SHAPE;SINGLE_LOCK_SCRIPT,0.04320987654320985,2,OK,,0.0,2,OK,,0.0,2,OK,FEW_DISTINCT_SOURCES,0.0864197530864197,2,OK,FEW_DISTINCT_DESTINATIONS,0.30649399499825436,3,OK,NEAR_ZERO_NET_FLOW,0.6185390421166488,4,OK,HIGH_INTERVAL_VARIANCE;VARIED_DAY_OF_WEEK,0.0,1,OK,,IRREGULAR_ACTIVITY,0.6185390421166488,False,False,0.0,81
ckb1qzda0cr08m85hc8jlnfp3zer7xulejywt49kt2rr0vthywaa50xwsq2vr8y8dws0jkz062k8vlpafpu8x9rucvcggdkr4,0.4050176764040995,3,OK,,0.375,2,OK,SINGLE_LOCK_SCRIPT,0.046692819954239045,3,OK,,0.0,2,OK,MANY_DISTINCT_SENDERS,0.0,2,OK,,0.07605146320889936,2,OK,FEW_DISTINCT_DESTINATIONS,0.3333333333333333,3,OK,NEAR_ZERO_NET_FLOW,0.797746839424575,4,OK,HIGH_INTERVAL_VARIANCE;VARIED_DAY_OF_WEEK,0.0,1,OK,,IRREGULAR_ACTIVITY,0.797746839424575,False,False,0.0,1072
ckb1qzda0cr08m85hc8jlnfp3zer7xulejywt49kt2rr0vthywaa50xwsq2wctw0r06v9ecgf0w8wv33vfkkdp5em2gaet4lw,0.27646272699528085,3,OK,,0.380466472303207,2,OK,SINGLE_LOCK_SCRIPT,0.0,3,OK,MANY_DISTINCT_RECIPIENTS;EVEN_CAPACITY_SPREAD,0.28978608223282953,2,OK,,0.4366235101606631,2,OK,FEW_DISTINCT_SOURCES,0.0,2,OK,,0.3264155185554101,3,OK,NEAR_ZERO_NET_FLOW,0.6340118091390943,4,OK,HIGH_INTERVAL_VARIANCE;VARIED_DAY_OF_WEEK,0.0,1,OK,,IRREGULAR_ACTIVITY,0.6340118091390943,False,False,0.0,343
ckb1qzda0cr08m85hc8jlnfp3zer7xulejywt49kt2rr0vthywaa50xwsq2x2jxnym8qzdt7sn29pnlzwgneh80w3jszglw9k,0.4231837567242544,3,OK,,0.3851275318829708,2,OK,SINGLE_LOCK_SCRIPT,0.35538612131908864,3,OK,,0.006838903688307404,2,OK,,0.010304242740133918,2,OK,FEW_DISTINCT_SOURCES,0.36675523824068174,2,OK,,0.3319066876868459,3,OK,NEAR_ZERO_NET_FLOW,0.7125760971180577,4,OK,HIGH_INTERVAL_VARIANCE;VARIED_TIME_OF_DAY;VARIED_DAY_OF_WEEK,0.0,1,OK,,IRREGULAR_ACTIVITY,0.7125760971180577,False,False,0.0,2666
ckb1qzda0cr08m85hc8jlnfp3zer7xulejywt49kt2rr0vthywaa50xwsq2xg8c6fulfw65ay5aqq99atj30ev84unssl4ska,0.08507147156034815,3,OK,,0.39366515837104077,2,OK,SINGLE_LOCK_SCRIPT,0.39267491373501096,3,OK,FANOUT_DOMINANT_SHAPE,0.33969192917735014,2,OK,MANY_DISTINCT_SENDERS,0.2464040362489228,2,OK,,0.3861503668980634,2,OK,1_TO_N_SHAPE,0.3333333333333333,3,OK,NEAR_ZERO_NET_FLOW,0.843754231625514,4,OK,HIGH_INTERVAL_VARIANCE;VARIED_TIME_OF_DAY;VARIED_DAY_OF_WEEK,0.0,1,OK,,IRREGULAR_ACTIVITY,0.843754231625514,False,False,0.0,221
ckb1qzda0cr08m85hc8jlnfp3zer7xulejywt49kt2rr0vthywaa50xwsq2xy99vwcnnx0a2kj09tygzxtrpklg0jss32v93h,0.0,3,OK,,0.5217391304347826,2,OK,SINGLE_LOCK_SCRIPT,0.0,3,OK,,0.17900087045048205,2,OK,,0.26970235345915927,2,OK,FEW_DISTINCT_SOURCES,0.0,2,OK,FEW_DISTINCT_DESTINATIONS,0.3333333333333333,3,OK,NEAR_ZERO_NET_FLOW,0.6204881060276515,4,OK,HIGH_INTERVAL_VARIANCE;VARIED_DAY_OF_WEEK,0.0,1,OK,,IRREGULAR_ACTIVITY,0.6204881060276515,False,False,0.0,138
ckb1qzda0cr08m85hc8jlnfp3zer7xulejywt49kt2rr0vthywaa50xwsq2y7pryn5grvyf8xlv8p0h9840xnpffflsgmrly9,,0,INSUFFICIENT_EVIDENCE,,,0,INSUFFICIENT_EVIDENCE,,,0,INSUFFICIENT_EVIDENCE,,,0,INSUFFICIENT_EVIDENCE,,,0,INSUFFICIENT_EVIDENCE,,,0,INSUFFICIENT_EVIDENCE,,,0,INSUFFICIENT_EVIDENCE,,,0,INSUFFICIENT_EVIDENCE,,0.0,1,OK,,INSUFFICIENT_EVIDENCE,,False,False,0.0,0
ckb1qzda0cr08m85hc8jlnfp3zer7xulejywt49kt2rr0vthywaa50xwsq2yg6kr7zvjzw0ts2j7qtkd6jzr2kq3g7sdh3azr,0.09196764265205182,3,OK,,0.494421906693712,2,OK,SINGLE_LOCK_SCRIPT,0.07283734009617958,3,OK,,0.13235330821083333,2,OK,,0.1695673648226348,2,OK,FEW_DISTINCT_SOURCES,0.11863464866734384,2,OK,FEW_DISTINCT_DESTINATIONS,0.32836142236322924,3,OK,NEAR_ZERO_NET_FLOW,0.8085417829739124,4,OK,HIGH_INTERVAL_VARIANCE;VARIED_TIME_OF_DAY;VARIED_DAY_OF_WEEK,0.0,1,OK,,IRREGULAR_ACTIVITY,0.8085417829739124,False,False,0.0,493
ckb1qzda0cr08m85hc8jlnfp3zer7xulejywt49kt2rr0vthywaa50xwsq2yr93x7eusaallmfayyemrlff66pd7v9s34kwg9,0.15783819871943502,3,OK,,0.40909090909090906,2,OK,SINGLE_LOCK_SCRIPT,0.04946116896338368,3,OK,,0.3375309887027215,2,OK,MANY_DISTINCT_SENDERS,0.1818181818181818,2,OK,,0.08056044324104758,2,OK,FEW_DISTINCT_DESTINATIONS,0.25516652719591715,3,OK,,0.6939112251355333,4,OK,HIGH_INTERVAL_VARIANCE;VARIED_DAY_OF_WEEK,0.0,1,OK,,IRREGULAR_ACTIVITY,0.6939112251355333,False,False,0.0,11
ckb1qzda0cr08m85hc8jlnfp3zer7xulejywt49kt2rr0vthywaa50xwsq2yul8wt2defw04dp37h0qanqrnmy5tu7qfnad37,0.1312834271276746,3,OK,,0.3214285714285714,2,OK,SINGLE_LOCK_SCRIPT,0.16136279855765334,3,OK,,0.055672522336051564,2,OK,,0.045653656663247826,2,OK,,0.16549923242208142,2,OK,,0.4509132028481018,3,OK,NEAR_ZERO_NET_FLOW,0.70322382850575,4,OK,HIGH_INTERVAL_VARIANCE;MIXED_TX_SHAPES,0.0,1,OK,,IRREGULAR_ACTIVITY,0.70322382850575,False,False,0.0,14
ckb1qzda0cr08m85hc8jlnfp3zer7xulejywt49kt2rr0vthywaa50xwsq2z0x6fskhkzceswyv9d0cnrwru7xwec3gpgaqjp,,0,INSUFFICIENT_EVIDENCE,,,0,INSUFFICIENT_EVIDENCE,,,0,INSUFFICIENT_EVIDENCE,,,0,INSUFFICIENT_EVIDENCE,,,0,INSUFFICIENT_EVIDENCE,,,0,INSUFFICIENT_EVIDENCE,,,0,INSUFFICIENT_EVIDENCE,,,0,INSUFFICIENT_EVIDENCE,,0.0,1,OK,,INSUFFICIENT_EVIDENCE,,False,False,0.0,0
ckb1qzda0cr08m85hc8jlnfp3zer7xulejywt49kt2rr0vthywaa50xwsq2zmwtcwp3x5ngxr7wxp3aq737g35nhgpqq4lp5x,,0,INSUFFICIENT_EVIDENCE,,0.5,1,OK,SINGLE_LOCK_SCRIPT,0.3627152390648137,3,OK,FANOUT_DOMINANT_SHAPE,0.0,2,OK,,0.0,2,OK,FEW_DISTINCT_SOURCES,0.5907765837676823,2,OK,1_TO_N_SHAPE;FEW_DISTINCT_DESTINATIONS,0.6666459572415989,3,OK,HIGH_RECIPROCITY_CELL;HIGH_RECIPROCITY_LEGACY_EDGES;NEAR_ZERO_NET_FLOW,,0,INSUFFICIENT_EVIDENCE,HIGH_INTERVAL_VARIANCE,0.0,1,OK,,ROUND_TRIP,0.6666459572415989,False,False,0.0,3
ckb1qzda0cr08m85hc8jlnfp3zer7xulejywt49kt2rr0vthywaa50xwsq2zuyw4u22256gp6v8s6na4p7esyg4h74q68r5ue,,0,INSUFFICIENT_EVIDENCE,,,0,INSUFFICIENT_EVIDENCE,,,0,INSUFFICIENT_EVIDENCE,,,0,INSUFFICIENT_EVIDENCE,,,0,INSUFFICIENT_EVIDENCE,,,0,INSUFFICIENT_EVIDENCE,,,0,INSUFFICIENT_EVIDENCE,,,0,INSUFFICIENT_EVIDENCE,HIGH_INTERVAL_VARIANCE;VARIED_TIME_OF_DAY;VARIED_DAY_OF_WEEK,0.0,1,OK,,INSUFFICIENT_EVIDENCE,,False,False,0.0,0
ckb1qzda0cr08m85hc8jlnfp3zer7xulejywt49kt2rr0vthywaa50xwsqd0ee0trngn9r39tuv9d3x5mzvg5mfxlpq5sl2wv,,0,INSUFFICIENT_EVIDENCE,,,0,INSUFFICIENT_EVIDENCE,,,0,INSUFFICIENT_EVIDENCE,,,0,INSUFFICIENT_EVIDENCE,,,0,INSUFFICIENT_EVIDENCE,,,0,INSUFFICIENT_EVIDENCE,,,0,INSUFFICIENT_EVIDENCE,,,0,INSUFFICIENT_EVIDENCE,,0.0,1,OK,,INSUFFICIENT_EVIDENCE,,False,False,0.0,0
ckb1qzda0cr08m85hc8jlnfp3zer7xulejywt49kt2rr0vthywaa50xwsqd280gcprvtlm89nyxuc2ru9e2tqe0aewcks0h7q,0.16769874264226767,2,OK,,0.30000000000000004,2,OK,SINGLE_LOCK_SCRIPT,0.10881457171944411,3,OK,,0.2989825252096447,2,OK,,0.27216976134290605,2,OK,,0.1772329751303047,2,OK,FEW_DISTINCT_DESTINATIONS,0.3333333333333333,3,OK,NEAR_ZERO_NET_FLOW,0.5055576466858727,4,OK,HIGH_INTERVAL_VARIANCE;MIXED_TX_SHAPES,0.0,1,OK,,IRREGULAR_ACTIVITY,0.5055576466858727,False,False,0.0,5
ckb1qzda0cr08m85hc8jlnfp3zer7xulejywt49kt2rr0vthywaa50xwsqd2ar6ayg6tru9um9cuwzulauer397f9rgrzj0c9,,0,INSUFFICIENT_EVIDENCE,DOMINANT_1TO1_SHAPE,,0,INSUFFICIENT_EVIDENCE,DOMINANT_TX_SHAPE;SINGLE_LOCK_SCRIPT,0.0,3,OK,,0.0,2,OK,,0.0,2,OK,FEW_DISTINCT_SOURCES,0.0,2,OK,FEW_DISTINCT_DESTINATIONS,,0,INSUFFICIENT_EVIDENCE,,,0,INSUFFICIENT_EVIDENCE,,0.0,1,OK,,INSUFFICIENT_EVIDENCE,,False,False,0.0,1
ckb1qzda0cr08m85hc8jlnfp3zer7xulejywt49kt2rr0vthywaa50xwsqd2jafc05hxqah3mxwdfmcej0dynvhpf4gz3rjm2,,0,INSUFFICIENT_EVIDENCE,,,0,INSUFFICIENT_EVIDENCE,,,0,INSUFFICIENT_EVIDENCE,,,0,INSUFFICIENT_EVIDENCE,,,0,INSUFFICIENT_EVIDENCE,,,0,INSUFFICIENT_EVIDENCE,,,0,INSUFFICIENT_EVIDENCE,,,0,INSUFFICIENT_EVIDENCE,VARIED_TIME_OF_DAY;VARIED_DAY_OF_WEEK,0.0,1,OK,,INSUFFICIENT_EVIDENCE,,False,False,0.0,0
ckb1qzda0cr08m85hc8jlnfp3zer7xulejywt49kt2rr0vthywaa50xwsqd2ln87tv0nhyh6r2h84d3fnm5vdsjraagf5r842,,0,INSUFFICIENT_EVIDENCE,,,0,INSUFFICIENT_EVIDENCE,DOMINANT_TX_SHAPE;SINGLE_LOCK_SCRIPT,0.0,3,OK,,0.0,2,OK,,0.0,2,OK,,0.0,2,OK,FEW_DISTINCT_DESTINATIONS,0.22222222222222224,3,OK,,,0,INSUFFICIENT_EVIDENCE,,0.0,1,OK,,ROUND_TRIP,0.22222222222222224,False,False,0.0,2
ckb1qzda0cr08m85hc8jlnfp3zer7xulejywt49kt2rr0vthywaa50xwsqd39v2lwwu4grcvg0r6sc20x3h9jnfje2qt67tm2,0.0,3,OK,,0.38451776649746194,2,OK,SINGLE_LOCK_SCRIPT,0.0,3,OK,,0.28660908046023525,2,OK,,0.43183669067282365,2,OK,FEW_DISTINCT_SOURCES,0.0,2,OK,FEW_DISTINCT_DESTINATIONS,0.3333333333333333,3,OK,NEAR_ZERO_NET_FLOW,0.6758589235770904,4,OK,HIGH_INTERVAL_VARIANCE;VARIED_DAY_OF_WEEK,0.0,1,OK,,IRREGULAR_ACTIVITY,0.6758589235770904,False,False,0.0,197
ckb1qzda0cr08m85hc8jlnfp3zer7xulejywt49kt2rr0vthywaa50xwsqd3ele94wtw253dum78vpuuy2rcspueckqp9hktf,0.0,3,OK,,0.74862721171446,2,OK,DOMINANT_TX_SHAPE;SINGLE_LOCK_SCRIPT,0.0008609910242612548,3,OK,,0.0005098243015365978,2,OK,MANY_DISTINCT_SENDERS,0.00034569205552699314,2,OK,,0.0008977218140210806,2,OK,,0.3725652239751229,3,OK,NEAR_ZERO_NET_FLOW,0.7482495228513898,4,OK,HIGH_INTERVAL_VARIANCE;VARIED_TIME_OF_DAY;VARIED_DAY_OF_WEEK,0.0,1,OK,,IRREGULAR_ACTIVITY,0.7482495228513898,True,False,0.0,1639
ckb1qzda0cr08m85hc8jlnfp3zer7xulejywt49kt2rr0vthywaa50xwsqd3jnqsndu5z3ew6anr65w34cyevvnucug28nl8j,,0,INSUFFICIENT_EVIDENCE,,,0,INSUFFICIENT_EVIDENCE,DOMINANT_TX_SHAPE;SINGLE_LOCK_SCRIPT,0.0,3,OK,,0.0,2,OK,,0.0,2,OK,FEW_DISTINCT_SOURCES,0.0,2,OK,FEW_DISTINCT_DESTINATIONS,,0,INSUFFICIENT_EVIDENCE,NEAR_ZERO_NET_FLOW,,0,INSUFFICIENT_EVIDENCE,,0.0,1,OK,,INSUFFICIENT_EVIDENCE,,False,False,0.0,1
ckb1qzda0cr08m85hc8jlnfp3zer7xulejywt49kt2rr0vthywaa50xwsqd3kga46l9ryvaqndgs7ga230t5h9sna5c86ah40,,0,INSUFFICIENT_EVIDENCE,,,0,INSUFFICIENT_EVIDENCE,,,0,INSUFFICIENT_EVIDENCE,,,0,INSUFFICIENT_EVIDENCE,,,0,INSUFFICIENT_EVIDENCE,,,0,INSUFFICIENT_EVIDENCE,,,0,INSUFFICIENT_EVIDENCE,,,0,INSUFFICIENT_EVIDENCE,,0.0,1,OK,,INSUFFICIENT_EVIDENCE,,False,False,0.0,0
ckb1qzda0cr08m85hc8jlnfp3zer7xulejywt49kt2rr0vthywaa50xwsqd3t75wgj4rjmaem5f46ek9f5g2xe9gsucx860r9,,0,INSUFFICIENT_EVIDENCE,,,0,INSUFFICIENT_EVIDENCE,DOMINANT_TX_SHAPE;SINGLE_LOCK_SCRIPT,0.0,3,OK,,0.0,2,OK,,0.0,2,OK,FEW_DISTINCT_SOURCES,0.0,2,OK,FEW_DISTINCT_DESTINATIONS,0.3333333333333333,3,OK,NEAR_ZERO_NET_FLOW,,0,INSUFFICIENT_EVIDENCE,,0.0,1,OK,,ROUND_TRIP,0.3333333333333333,False,False,0.0,2
ckb1qzda0cr08m85hc8jlnfp3zer7xulejywt49kt2rr0vthywaa50xwsqd3w85684vvlhfh93nrvkq6rz6ve7xu0ugjyfg3s,0.16269786618144366,3,OK,,0.6026413345690455,2,OK,SINGLE_LOCK_SCRIPT,0.06555094681894219,3,OK,,0.051395641909071636,2,OK,,0.05869419796742337,2,OK,,0.10676685248813529,2,OK,FEW_DISTINCT_DESTINATIONS,0.33136176884799246,3,OK,NEAR_ZERO_NET_FLOW,0.7953377351860729,4,OK,HIGH_INTERVAL_VARIANCE;VARIED_TIME_OF_DAY;VARIED_DAY_OF_WEEK,0.0,1,OK,,IRREGULAR_ACTIVITY,0.7953377351860729,False,False,0.0,1079
ckb1qzda0cr08m85hc8jlnfp3zer7xulejywt49kt2rr0vthywaa50xwsqd403rpqrzn2kc57yx8f2p74n4e0zf2rxqq2drwj,0.4159621469295784,3,OK,,0.375,2,OK,SINGLE_LOCK_SCRIPT,0.0,3,OK,,0.0,2,OK,,0.0,2,OK,FEW_DISTINCT_SOURCES,0.0,2,OK,FEW_DISTINCT_DESTINATIONS,0.3333333333333333,3,OK,NEAR_ZERO_NET_FLOW,0.6314578820813521,4,OK,HIGH_INTERVAL_VARIANCE;VARIED_DAY_OF_WEEK,0.0,1,OK,,IRREGULAR_ACTIVITY,0.6314578820813521,False,False,0.0,50
ckb1qzda0cr08m85hc8jlnfp3zer7xulejywt49kt2rr0vthywaa50xwsqd4h5ahm0l94adpfafpftu00tpsncrmmqgghtrxy,,0,INSUFFICIENT_EVIDENCE,,,0,INSUFFICIENT_EVIDENCE,SINGLE_LOCK_SCRIPT,0.0,3,OK,,0.0,2,OK,,0.0,2,OK,FEW_DISTINCT_SOURCES,0.0,2,OK,FEW_DISTINCT_DESTINATIONS,0.3333333333333333,3,OK,NEAR_ZERO_NET_FLOW,,0,INSUFFICIENT_EVIDENCE,,0.0,1,OK,,ROUND_TRIP,0.3333333333333333,False,False,0.0,2
ckb1qzda0cr08m85hc8jlnfp3zer7xulejywt49kt2rr0vthywaa50xwsqd52pqxx3q9kjg6xxh9f2h6wuut9numalsjdnjxu,0.22920238980717564,3,OK,,0.46153846153846156,2,OK,SINGLE_LOCK_SCRIPT,0.45308786387467637,3,OK,FANOUT_DOMINANT_SHAPE,0.045241978245726226,2,OK,,0.06816652889627102,2,OK,FEW_DISTINCT_SOURCES,0.4752798469557213,2,OK,1_TO_N_SHAPE,0.3333333333333333,3,OK,NEAR_ZERO_NET_FLOW,0.6971694310282335,4,OK,HIGH_INTERVAL_VARIANCE;VARIED_DAY_OF_WEEK,0.0,1,OK,,IRREGULAR_ACTIVITY,0.6971694310282335,False,False,0.0,13
ckb1qzda0cr08m85hc8jlnfp3zer7xulejywt49kt2rr0vthywaa50xwsqd532x7yagmmqne0jkrwggysarh5kufcjgp5ry3g,0.5908499607290525,3,OK,,0.375,2,OK,SINGLE_LOCK_SCRIPT,0.27203642929861027,3,OK,,0.0,2,OK,,0.0,2,OK,FEW_DISTINCT_SOURCES,0.44308243782576173,2,OK,FEW_DISTINCT_DESTINATIONS,0.3333333333333333,3,OK,NEAR_ZERO_NET_FLOW,0.6357636983030961,4,OK,HIGH_INTERVAL_VARIANCE;VARIED_DAY_OF_WEEK,0.0,1,OK,,IRREGULAR_ACTIVITY,0.6357636983030961,False,False,0.0,100
ckb1qzda0cr08m85hc8jlnfp3zer7xulejywt49kt2rr0vthywaa50xwsqd5hxteyzsxsfckx7my779ksvgyrznwzsqhe3qgy,0.32700513598924813,3,OK,,0.3740985576923077,2,OK,SINGLE_LOCK_SCRIPT,0.0007186939330289201,3,OK,,0.318316069386872,2,OK,,0.4078176646755916,2,OK,FEW_DISTINCT_SOURCES,0.0009850668228878396,2,OK,FEW_DISTINCT_DESTINATIONS,0.3333333333333333,3,OK,NEAR_ZERO_NET_FLOW,0.6200979011634611,4,OK,HIGH_INTERVAL_VARIANCE;VARIED_DAY_OF_WEEK;MIXED_TX_SHAPES,0.0,1,OK,,IRREGULAR_ACTIVITY,0.6200979011634611,False,False,0.0,832
ckb1qzda0cr08m85hc8jlnfp3zer7xulejywt49kt2rr0vthywaa50xwsqd5wxs2lr6y8gzek23nkyj04ngcgmutl4s75skv9,,0,INSUFFICIENT_EVIDENCE,,,0,INSUFFICIENT_EVIDENCE,DOMINANT_TX_SHAPE;SINGLE_LOCK_SCRIPT,0.0,2,OK,,0.0,2,OK,,0.0,2,OK,FEW_DISTINCT_SOURCES,0.0,2,OK,FEW_DISTINCT_DESTINATIONS,,0,INSUFFICIENT_EVIDENCE,,,0,INSUFFICIENT_EVIDENCE,,0.0,1,OK,,INSUFFICIENT_EVIDENCE,,False,False,0.0,1
ckb1qzda0cr08m85hc8jlnfp3zer7xulejywt49kt2rr0vthywaa50xwsqd5z95kzr62mkc2vnadeyv6hpqmwlxv2xgakd68v,,0,INSUFFICIENT_EVIDENCE,,,0,INSUFFICIENT_EVIDENCE,DOMINANT_TX_SHAPE;SINGLE_LOCK_SCRIPT,0.0,2,OK,,0.0,2,OK,,0.0,2,OK,,0.0,2,OK,FEW_DISTINCT_DESTINATIONS,,0,INSUFFICIENT_EVIDENCE,,,0,INSUFFICIENT_EVIDENCE,,0.0,1,OK,,INSUFFICIENT_EVIDENCE,,False,False,0.0,1
ckb1qzda0cr08m85hc8jlnfp3zer7xulejywt49kt2rr0vthywaa50xwsqd5zvdgz64ygu94j8cwvcguc6wz5mhaknc3drq98,0.4382066347473847,3,OK,,0.729,2,OK,DOMINANT_TX_SHAPE;SINGLE_LOCK_SCRIPT,0.7448458561806379,3,OK,FANOUT_DOMINANT_SHAPE,0.0023525828687777643,2,OK,,0.003544659502606094,2,OK,FEW_DISTINCT_SOURCES,0.6613725200632616,2,OK,1_TO_N_SHAPE,0.298277970498773,3,OK,NEAR_ZERO_NET_FLOW,0.33666285869171,4,OK,VARIED_DAY_OF_WEEK,0.0,1,OK,,BATCH_DISTRIBUTION,0.7448458561806379,True,False,0.0,250
ckb1qzda0cr08m85hc8jlnfp3zer7xulejywt49kt2rr0vthywaa50xwsqd622kmxwaqw0x24xqxfcc9vu6gh3c3w9qpeguet,0.26277011099229614,3,OK,,0.36818181818181817,2,OK,SINGLE_LOCK_SCRIPT,0.0,3,OK,,0.31403830402752275,2,OK,,0.40233711107916076,2,OK,FEW_DISTINCT_SOURCES,0.0,2,OK,FEW_DISTINCT_DESTINATIONS,0.3333333333333333,3,OK,NEAR_ZERO_NET_FLOW,0.6821430180046482,4,OK,HIGH_INTERVAL_VARIANCE;VARIED_DAY_OF_WEEK;MIXED_TX_SHAPES,0.0,1,OK,,IRREGULAR_ACTIVITY,0.6821430180046482,False,False,0.0,110
ckb1qzda0cr08m85hc8jlnfp3zer7xulejywt49kt2rr0vthywaa50xwsqd6328jjvyqyx6psdkxv5gyxmlx90f50cgc8yla8,,0,INSUFFICIENT_EVIDENCE,,,0,INSUFFICIENT_EVIDENCE,DOMINANT_TX_SHAPE;SINGLE_LOCK_SCRIPT,0.0,3,OK,,0.0,2,OK,,0.0,2,OK,FEW_DISTINCT_SOURCES,0.0,2,OK,FEW_DISTINCT_DESTINATIONS,0.3333333333333333,3,OK,NEAR_ZERO_NET_FLOW,,0,INSUFFICIENT_EVIDENCE,,0.0,1,OK,,ROUND_TRIP,0.3333333333333333,False,False,0.0,2
ckb1qzda0cr08m85hc8jlnfp3zer7xulejywt49kt2rr0vthywaa50xwsqd66ykds4533psl5xqhgvrjhgmyp9wgcvs0d0k60,,0,INSUFFICIENT_EVIDENCE,,,0,INSUFFICIENT_EVIDENCE,,,0,INSUFFICIENT_EVIDENCE,,,0,INSUFFICIENT_EVIDENCE,,,0,INSUFFICIENT_EVIDENCE,,,0,INSUFFICIENT_EVIDENCE,,,0,INSUFFICIENT_EVIDENCE,,,0,INSUFFICIENT_EVIDENCE,,0.0,1,OK,,INSUFFICIENT_EVIDENCE,,False,False,0.0,0
ckb1qzda0cr08m85hc8jlnfp3zer7xulejywt49kt2rr0vthywaa50xwsqd682nhfyu5lfzt4gp9cmrqgsjpesm3pjqf252gf,0.4537275064522264,3,OK,,0.44202898550724634,2,OK,SINGLE_LOCK_SCRIPT,0.32066129830367585,3,OK,FANOUT_DOMINANT_SHAPE,0.0028412836579441393,2,OK,,0.004280989737446943,2,OK,FEW_DISTINCT_SOURCES,0.5222807479685307,2,OK,1_TO_N_SHAPE;FEW_DISTINCT_DESTINATIONS,0.10502375428295578,3,OK,,0.6822480256004599,4,OK,VARIED_TIME_OF_DAY;VARIED_DAY_OF_WEEK,0.0,1,OK,,IRREGULAR_ACTIVITY,0.6822480256004599,False,False,0.0,207
ckb1qzda0cr08m85hc8jlnfp3zer7xulejywt49kt2rr0vthywaa50xwsqd6jpr7mncc8n3y4jv4z5k8fq7l77s42kq76f87n,0.07407407407407407,3,OK,,0.20833333333333334,2,OK,SINGLE_LOCK_SCRIPT,0.12090507968827123,3,OK,,0.24289906035068987,2,OK,MANY_DISTINCT_SENDERS,0.1434546231343986,2,OK,,0.19692552792256077,2,OK,FEW_DISTINCT_DESTINATIONS,0.3333333333333333,3,OK,NEAR_ZERO_NET_FLOW,0.7195136542074715,4,OK,HIGH_INTERVAL_VARIANCE;MIXED_TX_SHAPES,0.0,1,OK,,IRREGULAR_ACTIVITY,0.7195136542074715,False,False,0.0,18
ckb1qzda0cr08m85hc8jlnfp3zer7xulejywt49kt2rr0vthywaa50xwsqd6ttxhzqms8gqpqw02ld92az8vy6g824gcc9ffr,0.592220955953477,3,OK,,0.3742138364779874,2,OK,SINGLE_LOCK_SCRIPT,0.0007604093062155026,3,OK,,0.0005540277668708374,2,OK,,0.0004345547884289077,2,OK,,0.0012385253328462294,2,OK,FEW_DISTINCT_DESTINATIONS,0.3333333333333333,3,OK,NEAR_ZERO_NET_FLOW,0.5198721007099529,4,OK,HIGH_INTERVAL_VARIANCE;VARIED_DAY_OF_WEEK;MIXED_TX_SHAPES,0.0,1,OK,,PERIODIC_EXECUTION,0.592220955953477,False,False,0.0,1431
ckb1qzda0cr08m85hc8jlnfp3zer7xulejywt49kt2rr0vthywaa50xwsqd7llz9vfprn28merjhktq2w8ydgejz4zsw4kkv5,0.31825851025027746,3,OK,,0.375,2,OK,SINGLE_LOCK_SCRIPT,0.0,3,OK,,0.29407285859722054,2,OK,,0.44308243782576173,2,OK,FEW_DISTINCT_SOURCES,0.0,2,OK,FEW_DISTINCT_DESTINATIONS,0.3333333333333333,3,OK,NEAR_ZERO_NET_FLOW,0.6202242579350433,4,OK,HIGH_INTERVAL_VARIANCE;VARIED_DAY_OF_WEEK,0.0,1,OK,,IRREGULAR_ACTIVITY,0.6202242579350433,False,False,0.0,34
ckb1qzda0cr08m85hc8jlnfp3zer7xulejywt49kt2rr0vthywaa50xwsqd7qx7ag4lw5wlu0ewhgryjrug54tauj4glm5p09,,0,INSUFFICIENT_EVIDENCE,,,0,INSUFFICIENT_EVIDENCE,DOMINANT_TX_SHAPE;SINGLE_LOCK_SCRIPT,0.0,3,OK,,0.0,2,OK,,0.0,2,OK,FEW_DISTINCT_SOURCES,0.0,2,OK,FEW_DISTINCT_DESTINATIONS,0.3333333333333333,3,OK,NEAR_ZERO_NET_FLOW,,0,INSUFFICIENT_EVIDENCE,,0.0,1,OK,,ROUND_TRIP,0.3333333333333333,False,False,0.0,2
ckb1qzda0cr08m85hc8jlnfp3zer7xulejywt49kt2rr0vthywaa50xwsqd7w5u492rs93nr0e0086myx8qdknytcmsw3hx46,0.17256890151492066,3,OK,,0.40092402464065713,2,OK,SINGLE_LOCK_SCRIPT,0.5286415744813912,3,OK,FANOUT_DOMINANT_SHAPE;MANY_DISTINCT_RECIPIENTS;EVEN_CAPACITY_SPREAD,0.0,2,OK,,0.0,2,OK,,0.2672826830937714,2,OK,1_TO_N_SHAPE,0.33468522358737735,3,OK,NEAR_ZERO_NET_FLOW,0.5925561060167487,4,OK,HIGH_INTERVAL_VARIANCE;VARIED_DAY_OF_WEEK,0.0,1,OK,,IRREGULAR_ACTIVITY,0.5925561060167487,False,False,0.0,1461
ckb1qzda0cr08m85hc8jlnfp3zer7xulejywt49kt2rr0vthywaa50xwsqd7xem3waujkrfq9vrj7vc5tesg793drag9966ur,,0,INSUFFICIENT_EVIDENCE,,,0,INSUFFICIENT_EVIDENCE,SINGLE_LOCK_SCRIPT,0.27203642929861027,3,OK,,0.0,2,OK,,0.0,2,OK,FEW_DISTINCT_SOURCES,0.44308243782576173,2,OK,FEW_DISTINCT_DESTINATIONS,0.3333333333333333,3,OK,NEAR_ZERO_NET_FLOW,,0,INSUFFICIENT_EVIDENCE,,0.0,1,OK,,CELL_FRAGMENTATION,0.44308243782576173,False,False,0.0,2
ckb1qzda0cr08m85hc8jlnfp3zer7xulejywt49kt2rr0vthywaa50xwsqd8a7fpzf530ks6kmw3yfvn72p5v4ayy6gq05avs,,0,INSUFFICIENT_EVIDENCE,,,0,INSUFFICIENT_EVIDENCE,DOMINANT_TX_SHAPE;SINGLE_LOCK_SCRIPT,0.0,3,OK,,0.0,2,OK,,0.0,2,OK,,0.0,2,OK,FEW_DISTINCT_DESTINATIONS,0.22222222222222224,3,OK,,,0,INSUFFICIENT_EVIDENCE,,0.0,1,OK,,ROUND_TRIP,0.22222222222222224,False,False,0.0,2
ckb1qzda0cr08m85hc8jlnfp3zer7xulejywt49kt2rr0vthywaa50xwsqd8at4zhq3lrngyw88mqued7njjluzc9dcx3mfwa,,0,INSUFFICIENT_EVIDENCE,,,0,INSUFFICIENT_EVIDENCE,DOMINANT_TX_SHAPE;SINGLE_LOCK_SCRIPT,0.0,3,OK,,0.0,2,OK,,0.0,2,OK,FEW_DISTINCT_SOURCES,0.0,2,OK,FEW_DISTINCT_DESTINATIONS,0.3333333333333333,3,OK,NEAR_ZERO_NET_FLOW,,0,INSUFFICIENT_EVIDENCE,,0.0,1,OK,,ROUND_TRIP,0.3333333333333333,False,False,0.0,2
ckb1qzda0cr08m85hc8jlnfp3zer7xulejywt49kt2rr0vthywaa50xwsqd8k7hgtu960r0sefypjj5c80zvdyyhagq0k0z5r,0.3082417694069138,3,OK,,0.375,2,OK,SINGLE_LOCK_SCRIPT,0.27203642929861027,3,OK,,0.0,2,OK,,0.0,2,OK,FEW_DISTINCT_SOURCES,0.44308243782576173,2,OK,FEW_DISTINCT_DESTINATIONS,0.3333333333333333,3,OK,NEAR_ZERO_NET_FLOW,0.6254053243827018,4,OK,HIGH_INTERVAL_VARIANCE;VARIED_DAY_OF_WEEK,0.0,1,OK,,IRREGULAR_ACTIVITY,0.6254053243827018,False,False,0.0,1416
ckb1qzda0cr08m85hc8jlnfp3zer7xulejywt49kt2rr0vthywaa50xwsqd8nhae0j2vdd70r20939u449qn0w3v2ygjrepsg,0.48130924937837644,3,OK,,0.38930722891566266,2,OK,SINGLE_LOCK_SCRIPT,0.0,3,OK,,0.2828532113816639,2,OK,,0.4261776861818069,2,OK,FEW_DISTINCT_SOURCES,0.0,2,OK,FEW_DISTINCT_DESTINATIONS,0.3333333333333333,3,OK,NEAR_ZERO_NET_FLOW,0.49690357571655946,4,OK,VARIED_DAY_OF_WEEK,0.0,1,OK,,IRREGULAR_ACTIVITY,0.49690357571655946,False,False,0.0,996
ckb1qzda0cr08m85hc8jlnfp3zer7xulejywt49kt2rr0vthywaa50xwsqd8v6u0w52u9lptyqx9qg05zs3lprp5t4qsxtt54,0.04745097405344201,3,OK,,0.38456937799043067,2,OK,SINGLE_LOCK_SCRIPT,0.0,3,OK,,0.28656860702217185,2,OK,,0.4317757089498252,2,OK,FEW_DISTINCT_SOURCES,0.0,2,OK,FEW_DISTINCT_DESTINATIONS,0.3332872053780689,3,OK,NEAR_ZERO_NET_FLOW,0.6510073911831955,4,OK,HIGH_INTERVAL_VARIANCE;VARIED_DAY_OF_WEEK,0.0,1,OK,,IRREGULAR_ACTIVITY,0.6510073911831955,False,False,0.0,1254
ckb1qzda0cr08m85hc8jlnfp3zer7xulejywt49kt2rr0vthywaa50xwsqd90zjdscfh4ycd5u75tyntedxxsaxsencatqh4s,0.4673566979141213,3,OK,,0.3801369863013699,2,OK,SINGLE_LOCK_SCRIPT,0.001863263214374002,3,OK,,0.3132814892410536,2,OK,,0.40136750109558594,2,OK,FEW_DISTINCT_SOURCES,0.0030348112179846027,2,OK,FEW_DISTINCT_DESTINATIONS,0.3333333333333333,3,OK,NEAR_ZERO_NET_FLOW,0.5254699331488932,4,OK,HIGH_INTERVAL_VARIANCE;VARIED_DAY_OF_WEEK,0.0,1,OK,,IRREGULAR_ACTIVITY,0.5254699331488932,False,False,0.0,292
ckb1qzda0cr08m85hc8jlnfp3zer7xulejywt49kt2rr0vthywaa50xwsqd9ec9tr57qedasftglxrgq9yl657ym3yqddeg6p,0.25505244308007163,3,OK,,0.5738679969301611,2,OK,SINGLE_LOCK_SCRIPT,0.0750518252083333,3,OK,MANY_DISTINCT_RECIPIENTS,0.0069071373752877,2,OK,MANY_DISTINCT_SENDERS,0.00345356868764385,2,OK,,0.04144282425172675,2,OK,,0.3330697924389835,3,OK,NEAR_ZERO_NET_FLOW,0.8061574576661059,4,OK,HIGH_INTERVAL_VARIANCE;VARIED_TIME_OF_DAY;VARIED_DAY_OF_WEEK,0.0,1,OK,,IRREGULAR_ACTIVITY,0.8061574576661059,False,False,0.0,1303
ckb1qzda0cr08m85hc8jlnfp3zer7xulejywt49kt2rr0vthywaa50xwsqda5zj9fpg255n7vz04eqkzlles8z72susenvew6,0.25227563494001176,3,OK,,0.75,2,OK,DOMINANT_TX_SHAPE;SINGLE_LOCK_SCRIPT,0.0,3,OK,,0.0,2,OK,,0.0,2,OK,FEW_DISTINCT_SOURCES,0.0,2,OK,FEW_DISTINCT_DESTINATIONS,0.3333333333333333,3,OK,NEAR_ZERO_NET_FLOW,0.42329725144047625,4,OK,HIGH_INTERVAL_VARIANCE;VARIED_DAY_OF_WEEK,0.0,1,OK,,IRREGULAR_ACTIVITY,0.42329725144047625,True,False,0.0,382
ckb1qzda0cr08m85hc8jlnfp3zer7xulejywt49kt2rr0vthywaa50xwsqda6qmftuk4uc08kxa6mchk5gl52wj46usevshdf,0.512506899576763,3,OK,,0.375,2,OK,SINGLE_LOCK_SCRIPT,0.0023552937601611125,3,OK,,0.0,2,OK,,0.0,2,OK,FEW_DISTINCT_SOURCES,0.0038362115829070026,2,OK,FEW_DISTINCT_DESTINATIONS,0.3333333333333333,3,OK,NEAR_ZERO_NET_FLOW,0.5772466204148924,4,OK,HIGH_INTERVAL_VARIANCE;VARIED_DAY_OF_WEEK,0.0,1,OK,,IRREGULAR_ACTIVITY,0.5772466204148924,False,False,0.0,462
ckb1qzda0cr08m85hc8jlnfp3zer7xulejywt49kt2rr0vthywaa50xwsqda7n3jg4g0l0w3ls93xkmre43z6kerr6gjzcwvz,0.0,3,OK,,0.37575757575757573,2,OK,SINGLE_LOCK_SCRIPT,0.0,3,OK,,0.29347877201419587,2,OK,,0.44218732178975007,2,OK,FEW_DISTINCT_SOURCES,0.0,2,OK,FEW_DISTINCT_DESTINATIONS,0.3316292593457311,3,OK,NEAR_ZERO_NET_FLOW,0.6505405460234993,4,OK,HIGH_INTERVAL_VARIANCE;VARIED_DAY_OF_WEEK,0.0,1,OK,,IRREGULAR_ACTIVITY,0.6505405460234993,False,False,0.0,495
ckb1qzda0cr08m85hc8jlnfp3zer7xulejywt49kt2rr0vthywaa50xwsqdak37z6wn6w6aea983ruzrfl8yweej95cfkzyn9,0.096875,3,OK,,0.22265625,2,OK,SINGLE_LOCK_SCRIPT,0.11221502708567672,3,OK,,0.13193970412267447,2,OK,,0.16903746680756407,2,OK,FEW_DISTINCT_SOURCES,0.18277150560312672,2,OK,FEW_DISTINCT_DESTINATIONS,0.3312801406496395,3,OK,NEAR_ZERO_NET_FLOW,0.7894243558371646,4,OK,HIGH_INTERVAL_VARIANCE;VARIED_DAY_OF_WEEK;MIXED_TX_SHAPES,0.0,1,OK,,IRREGULAR_ACTIVITY,0.7894243558371646,False,False,0.0,320
ckb1qzda0cr08m85hc8jlnfp3zer7xulejywt49kt2rr0vthywaa50xwsqdc75deduvc55qd7z48nrd6xy06td2r0wgqqs0vf,,0,INSUFFICIENT_EVIDENCE,,,0,INSUFFICIENT_EVIDENCE,DOMINANT_TX_SHAPE;SINGLE_LOCK_SCRIPT,0.0,2,OK,,0.0,2,OK,,0.0,2,OK,FEW_DISTINCT_SOURCES,0.0,2,OK,FEW_DISTINCT_DESTINATIONS,,0,INSUFFICIENT_EVIDENCE,,,0,INSUFFICIENT_EVIDENCE,,0.0,1,OK,,INSUFFICIENT_EVIDENCE,,False,False,0.0,1
ckb1qzda0cr08m85hc8jlnfp3zer7xulejywt49kt2rr0vthywaa50xwsqdcdz8fzqaqzeecdt5u5yp9nvq3ewesgzgf9jqeg,0.48324941468153565,3,OK,LOW_LIFETIME_VARIANCE,0.375,2,OK,SINGLE_LOCK_SCRIPT,0.0,3,OK,,0.0,2,OK,MANY_DISTINCT_SENDERS,0.0,2,OK,,0.0,2,OK,FEW_DISTINCT_DESTINATIONS,0.3333333333333333,3,OK,NEAR_ZERO_NET_FLOW,0.651960542634525,4,OK,HIGH_INTERVAL_VARIANCE;VARIED_DAY_OF_WEEK,0.0,1,OK,,IRREGULAR_ACTIVITY,0.651960542634525,False,False,0.0,114
ckb1qzda0cr08m85hc8jlnfp3zer7xulejywt49kt2rr0vthywaa50xwsqdcr3ezl9ktveg4fpuujzgrnel0nnjvjxc2gf480,,0,INSUFFICIENT_EVIDENCE,,,0,INSUFFICIENT_EVIDENCE,DOMINANT_TX_SHAPE;SINGLE_LOCK_SCRIPT,0.0,3,OK,,0.0,2,OK,,0.0,2,OK,FEW_DISTINCT_SOURCES,0.0,2,OK,FEW_DISTINCT_DESTINATIONS,0.3333333333333333,3,OK,NEAR_ZERO_NET_FLOW,,0,INSUFFICIENT_EVIDENCE,,0.0,1,OK,,ROUND_TRIP,0.3333333333333333,False,False,0.0,2
ckb1qzda0cr08m85hc8jlnfp3zer7xulejywt49kt2rr0vthywaa50xwsqddm8ppq3gz8gz0d9ap6z8nc3r662npn2cuxk9f0,0.35752626624471695,3,OK,,0.421875,2,OK,SINGLE_LOCK_SCRIPT,0.08009406176827422,3,OK,,0.3963757596737449,2,OK,FANIN_DOMINANT_SHAPE,0.4138217024570302,2,OK,N_TO_1_SHAPE,0.10244694958034187,2,OK,FEW_DISTINCT_DESTINATIONS,0.4666666666666666,3,OK,NEAR_ZERO_NET_FLOW,0.8253054219578211,4,OK,HIGH_INTERVAL_VARIANCE;VARIED_TIME_OF_DAY;VARIED_DAY_OF_WEEK,0.0,1,OK,,IRREGULAR_ACTIVITY,0.8253054219578211,False,False,0.0,64
ckb1qzda0cr08m85hc8jlnfp3zer7xulejywt49kt2rr0vthywaa50xwsqddtncxgn0wga0mctct2p6k2ueqd36ju3qqqmeqa,0.09874878262999148,2,OK,,0.6702898550724637,1,OK,DOMINANT_TX_SHAPE;SINGLE_LOCK_SCRIPT,0.4468599033816425,2,OK,FANOUT_DOMINANT_SHAPE,0.0,2,OK,MANY_DISTINCT_SENDERS,0.0,2,OK,,0.893719806763285,2,OK,1_TO_N_SHAPE;FEW_DISTINCT_DESTINATIONS,0.0,3,OK,,0.7050598935477919,4,OK,HIGH_INTERVAL_VARIANCE;VARIED_TIME_OF_DAY;VARIED_DAY_OF_WEEK,0.0,1,OK,,CELL_FRAGMENTATION,0.893719806763285,False,False,0.0,207
ckb1qzda0cr08m85hc8jlnfp3zer7xulejywt49kt2rr0vthywaa50xwsqddw45fnzxhfmsxwuf7m82k5vyynsfvkxqu8209y,0.3440320936143867,2,OK,,0.4897959183673469,1,OK,SINGLE_LOCK_SCRIPT,0.32653061224489793,2,OK,FANOUT_DOMINANT_SHAPE,0.0,2,OK,,0.0,2,OK,FEW_DISTINCT_SOURCES,0.6530612244897959,2,OK,1_TO_N_SHAPE;FEW_DISTINCT_DESTINATIONS,0.0,3,OK,,0.6303036654729088,4,OK,VARIED_TIME_OF_DAY;VARIED_DAY_OF_WEEK,0.0,1,OK,,CELL_FRAGMENTATION,0.6530612244897959,False,False,0.0,49
ckb1qzda0cr08m85hc8jlnfp3zer7xulejywt49kt2rr0vthywaa50xwsqddyz6vl88hqfhcrfv55xpqzan04myfn7qweufsa,0.3885850086256768,3,OK,,0.3482142857142857,2,OK,SINGLE_LOCK_SCRIPT,0.40579773860700225,3,OK,MANY_DISTINCT_RECIPIENTS;EVEN_CAPACITY_SPREAD,0.0,2,OK,MANY_DISTINCT_SENDERS,0.0,2,OK,,0.24389674629217548,2,OK,,0.32776483446202664,3,OK,NEAR_ZERO_NET_FLOW,0.7465268719992909,4,OK,HIGH_INTERVAL_VARIANCE;VARIED_TIME_OF_DAY;VARIED_DAY_OF_WEEK;MIXED_TX_SHAPES,0.0,1,OK,,IRREGULAR_ACTIVITY,0.7465268719992909,False,False,0.0,28
ckb1qzda0cr08m85hc8jlnfp3zer7xulejywt49kt2rr0vthywaa50xwsqdev2qemedc4lercjj2ys3acwf4d6nj7jcprg6sq,0.0,3,OK,,0.75,2,OK,DOMINANT_TX_SHAPE;SINGLE_LOCK_SCRIPT,0.0,3,OK,,0.0,2,OK,,0.0,2,OK,FEW_DISTINCT_SOURCES,0.0,2,OK,FEW_DISTINCT_DESTINATIONS,0.999999988089456,3,OK,HIGH_RECIPROCITY_CELL;HIGH_RECIPROCITY_LEGACY_EDGES;NEAR_ZERO_NET_FLOW,0.7302228403925508,4,OK,HIGH_INTERVAL_VARIANCE;VARIED_TIME_OF_DAY;VARIED_DAY_OF_WEEK,0.0,1,OK,,ROUND_TRIP,0.999999988089456,True,False,0.0,156
ckb1qzda0cr08m85hc8jlnfp3zer7xulejywt49kt2rr0vthywaa50xwsqdev8tckcmflyqm9ucs7dkfaqjhfp6ar7cxed08m,0.0,3,OK,,0.375,2,OK,SINGLE_LOCK_SCRIPT,0.0,3,OK,,0.29407285859722054,2,OK,,0.44308243782576173,2,OK,FEW_DISTINCT_SOURCES,0.0,2,OK,,0.3333333333333333,3,OK,NEAR_ZERO_NET_FLOW,0.6675990432396434,4,OK,HIGH_INTERVAL_VARIANCE;VARIED_DAY_OF_WEEK,0.0,1,OK,,IRREGULAR_ACTIVITY,0.6675990432396434,False,False,0.0,332
ckb1qzda0cr08m85hc8jlnfp3zer7xulejywt49kt2rr0vthywaa50xwsqdfpcl42753m0xgau9yefhgfxukx83dwysy7tdl3,0.25789800760859244,3,OK,,0.2962085308056872,2,OK,SINGLE_LOCK_SCRIPT,0.17018392733372775,3,OK,,0.05633273550285389,2,OK,MANY_DISTINCT_SENDERS,0.03080568720379145,2,OK,,0.27718901323696943,2,OK,FEW_DISTINCT_DESTINATIONS,0.3333333333333333,3,OK,NEAR_ZERO_NET_FLOW,0.8776566225277217,4,OK,HIGH_INTERVAL_VARIANCE;VARIED_TIME_OF_DAY;VARIED_DAY_OF_WEEK;MIXED_TX_SHAPES,0.0,1,OK,,IRREGULAR_ACTIVITY,0.8776566225277217,False,False,0.0,633
ckb1qzda0cr08m85hc8jlnfp3zer7xulejywt49kt2rr0vthywaa50xwsqdfunuqtrj99lz8app7uqjmdr2ecx6wwfc62xrtm,,0,INSUFFICIENT_EVIDENCE,,,0,INSUFFICIENT_EVIDENCE,DOMINANT_TX_SHAPE;SINGLE_LOCK_SCRIPT,0.0,3,OK,,0.0,2,OK,,0.0,2,OK,FEW_DISTINCT_SOURCES,0.0,2,OK,FEW_DISTINCT_DESTINATIONS,0.3333333333333333,3,OK,NEAR_ZERO_NET_FLOW,,0,INSUFFICIENT_EVIDENCE,,0.0,1,OK,,ROUND_TRIP,0.3333333333333333,False,False,0.0,2
ckb1qzda0cr08m85hc8jlnfp3zer7xulejywt49kt2rr0vthywaa50xwsqdg5awuqp2zuwnvjcr753hh38ml5ywd5rgpg79nw,,0,INSUFFICIENT_EVIDENCE,,,0,INSUFFICIENT_EVIDENCE,DOMINANT_TX_SHAPE;SINGLE_LOCK_SCRIPT,0.5,2,OK,FANOUT_DOMINANT_SHAPE,0.0,2,OK,,0.0,2,OK,FEW_DISTINCT_SOURCES,1.0,2,OK,1_TO_N_SHAPE;FEW_DISTINCT_DESTINATIONS,,0,INSUFFICIENT_EVIDENCE,,,0,INSUFFICIENT_EVIDENCE,,0.0,1,OK,,CELL_FRAGMENTATION,1.0,False,False,0.0,1
ckb1qzda0cr08m85hc8jlnfp3zer7xulejywt49kt2rr0vthywaa50xwsqdgjmn0k90sa3q24g3lr6qmgv5hqdjdjwcm7mukc,0.1662041319765649,3,OK,,0.37395929694727104,2,OK,SINGLE_LOCK_SCRIPT,0.2697715561592139,3,OK,,0.0011835479303466247,2,OK,,0.0015163285784324171,2,OK,FEW_DISTINCT_SOURCES,0.4393934998605149,2,OK,FEW_DISTINCT_DESTINATIONS,0.3333333333333333,3,OK,NEAR_ZERO_NET_FLOW,0.736012711073387,4,OK,HIGH_INTERVAL_VARIANCE;VARIED_DAY_OF_WEEK;MIXED_TX_SHAPES,0.0,1,OK,,IRREGULAR_ACTIVITY,0.736012711073387,False,False,0.0,1081
ckb1qzda0cr08m85hc8jlnfp3zer7xulejywt49kt2rr0vthywaa50xwsqdgnkvezzetd5sg79nkv9t3fhfwtx3euxct5fja8,,0,INSUFFICIENT_EVIDENCE,,,0,INSUFFICIENT_EVIDENCE,,,0,INSUFFICIENT_EVIDENCE,,,0,INSUFFICIENT_EVIDENCE,,,0,INSUFFICIENT_EVIDENCE,,,0,INSUFFICIENT_EVIDENCE,,,0,INSUFFICIENT_EVIDENCE,,,0,INSUFFICIENT_EVIDENCE,,0.0,1,OK,,INSUFFICIENT_EVIDENCE,,False,False,0.0,0
ckb1qzda0cr08m85hc8jlnfp3zer7xulejywt49kt2rr0vthywaa50xwsqdh26mj0xls204ndg9lsdptdz0zu0jdmycngh5ht,0.0,3,OK,,0.75,2,OK,DOMINANT_TX_SHAPE;SINGLE_LOCK_SCRIPT,0.0,3,OK,MANY_DISTINCT_RECIPIENTS;EVEN_CAPACITY_SPREAD,0.0,2,OK,,0.0,2,OK,FEW_DISTINCT_SOURCES,0.0,2,OK,,0.33341756059853794,3,OK,NEAR_ZERO_NET_FLOW,0.7430887966251942,4,OK,HIGH_INTERVAL_VARIANCE;VARIED_TIME_OF_DAY;VARIED_DAY_OF_WEEK,0.0,1,OK,,IRREGULAR_ACTIVITY,0.7430887966251942,True,False,0.0,1546
ckb1qzda0cr08m85hc8jlnfp3zer7xulejywt49kt2rr0vthywaa50xwsqdhf3xqk7tf9antv2mxh6ptvwq3sqhptwgat9tmx,0.03961835777117906,3,OK,,0.3936285097192225,2,OK,SINGLE_LOCK_SCRIPT,0.0,3,OK,,0.2794644876517862,2,OK,,0.42107186316055106,2,OK,FEW_DISTINCT_SOURCES,0.0,2,OK,FEW_DISTINCT_DESTINATIONS,0.332465518970203,3,OK,NEAR_ZERO_NET_FLOW,0.6964689487971549,4,OK,HIGH_INTERVAL_VARIANCE;VARIED_DAY_OF_WEEK,0.0,1,OK,,IRREGULAR_ACTIVITY,0.6964689487971549,False,False,0.0,463
ckb1qzda0cr08m85hc8jlnfp3zer7xulejywt49kt2rr0vthywaa50xwsqdhlh26x095s6eayfehscs0g3w7a35xeps0kzd64,0.4365434030257342,3,OK,,0.375,2,OK,SINGLE_LOCK_SCRIPT,0.0,3,OK,,0.0,2,OK,,0.0,2,OK,FEW_DISTINCT_SOURCES,0.0,2,OK,FEW_DISTINCT_DESTINATIONS,0.3333333333333333,3,OK,NEAR_ZERO_NET_FLOW,0.6321607853884221,4,OK,HIGH_INTERVAL_VARIANCE;VARIED_DAY_OF_WEEK,0.0,1,OK,,IRREGULAR_ACTIVITY,0.6321607853884221,False,False,0.0,552
ckb1qzda0cr08m85hc8jlnfp3zer7xulejywt49kt2rr0vthywaa50xwsqdhxwwku2qxwcj784l5slje2tsa76nlgvsawdc7v,,0,INSUFFICIENT_EVIDENCE,,,0,INSUFFICIENT_EVIDENCE,DOMINANT_TX_SHAPE;SINGLE_LOCK_SCRIPT,0.0,3,OK,,0.0,2,OK,,0.0,2,OK,,0.0,2,OK,FEW_DISTINCT_DESTINATIONS,0.3333333333333333,3,OK,NEAR_ZERO_NET_FLOW,,0,INSUFFICIENT_EVIDENCE,,0.0,1,OK,,ROUND_TRIP,0.3333333333333333,False,False,0.0,2
ckb1qzda0cr08m85hc8jlnfp3zer7xulejywt49kt2rr0vthywaa50xwsqdhyzsujyst3daq3tuqale3rse4mm623zs6juzyw,,0,INSUFFICIENT_EVIDENCE,,,0,INSUFFICIENT_EVIDENCE,SINGLE_LOCK_SCRIPT,0.0,3,OK,,0.3198538281761806,2,OK,,0.40978779832136747,2,OK,FEW_DISTINCT_SOURCES,0.0,2,OK,FEW_DISTINCT_DESTINATIONS,0.3333333333333333,3,OK,NEAR_ZERO_NET_FLOW,,0,INSUFFICIENT_EVIDENCE,,0.0,1,OK,,CELL_CONSOLIDATION,0.40978779832136747,False,False,0.0,2
ckb1qzda0cr08m85hc8jlnfp3zer7xulejywt49kt2rr0vthywaa50xwsqdj4r9tvue7rvadva3kshjcqzyjdhzxxrcz5nngn,0.09780057947850247,3,OK,,0.4159090909090909,2,OK,SINGLE_LOCK_SCRIPT,0.0,3,OK,,0.26199218311388733,2,OK,,0.3947461718811331,2,OK,FEW_DISTINCT_SOURCES,0.0,2,OK,FEW_DISTINCT_DESTINATIONS,0.3333333333333333,3,OK,NEAR_ZERO_NET_FLOW,0.6914997083766228,4,OK,HIGH_INTERVAL_VARIANCE;VARIED_DAY_OF_WEEK,0.0,1,OK,,IRREGULAR_ACTIVITY,0.6914997083766228,False,False,0.0,110
ckb1qzda0cr08m85hc8jlnfp3zer7xulejywt49kt2rr0vthywaa50xwsqdj4umj7up8wpnzcfyfluuedu62pk2sk2c5lwnrt,0.6050304100691254,3,OK,,0.375,2,OK,SINGLE_LOCK_SCRIPT,0.0,3,OK,,0.0,2,OK,,0.0,2,OK,FEW_DISTINCT_SOURCES,0.0,2,OK,FEW_DISTINCT_DESTINATIONS,0.3333333333333333,3,OK,NEAR_ZERO_NET_FLOW,0.5133581582916071,4,OK,HIGH_INTERVAL_VARIANCE;VARIED_DAY_OF_WEEK,0.0,1,OK,,PERIODIC_EXECUTION,0.6050304100691254,False,False,0.0,1454
ckb1qzda0cr08m85hc8jlnfp3zer7xulejywt49kt2rr0vthywaa50xwsqdjlu4rl6rwlf2zak4lawpv7z6ctq54rtcvm0g0r,,0,INSUFFICIENT_EVIDENCE,,,0,INSUFFICIENT_EVIDENCE,,,0,INSUFFICIENT_EVIDENCE,,,0,INSUFFICIENT_EVIDENCE,,,0,INSUFFICIENT_EVIDENCE,,,0,INSUFFICIENT_EVIDENCE,,,0,INSUFFICIENT_EVIDENCE,,,0,INSUFFICIENT_EVIDENCE,,0.0,1,OK,,INSUFFICIENT_EVIDENCE,,False,False,0.0,0
ckb1qzda0cr08m85hc8jlnfp3zer7xulejywt49kt2rr0vthywaa50xwsqdjsydf39sklhfvtfnk57vvd7d2vn4kxwqpr3prn,0.359633705100763,3,OK,,0.38888888888888884,2,OK,SINGLE_LOCK_SCRIPT,0.4362540682354989,3,OK,MANY_DISTINCT_RECIPIENTS,0.0,2,OK,MANY_DISTINCT_SENDERS,0.0,2,OK,,0.2407407407407407,2,OK,,0.898703086214554,3,OK,HIGH_RECIPROCITY_CELL;HIGH_RECIPROCITY_LEGACY_EDGES;NEAR_ZERO_NET_FLOW,0.671658630296788,4,OK,HIGH_INTERVAL_VARIANCE;VARIED_DAY_OF_WEEK,0.0,1,OK,,ROUND_TRIP,0.898703086214554,False,False,0.0,216
ckb1qzda0cr08m85hc8jlnfp3zer7xulejywt49kt2rr0vthywaa50xwsqdk6t85vllv37se5ng6rpnz7x30clgdy6qsped2w,,0,INSUFFICIENT_EVIDENCE,,,0,INSUFFICIENT_EVIDENCE,DOMINANT_TX_SHAPE;SINGLE_LOCK_SCRIPT,0.0,3,OK,,0.0,2,OK,,0.0,2,OK,FEW_DISTINCT_SOURCES,0.0,2,OK,FEW_DISTINCT_DESTINATIONS,0.3333333333333333,3,OK,NEAR_ZERO_NET_FLOW,,0,INSUFFICIENT_EVIDENCE,,0.0,1,OK,,ROUND_TRIP,0.3333333333333333,False,False,0.0,2
ckb1qzda0cr08m85hc8jlnfp3zer7xulejywt49kt2rr0vthywaa50xwsqdkqd8la4z3aqeh8v4c3fdsr4efuxf9slcdenyvw,0.03234501347708894,3,OK,,0.4892183288409704,2,OK,SINGLE_LOCK_SCRIPT,0.0,3,OK,,0.14743275390588412,2,OK,,0.22213836505550313,2,OK,FEW_DISTINCT_SOURCES,0.0,2,OK,FEW_DISTINCT_DESTINATIONS,0.31901154902885537,3,OK,NEAR_ZERO_NET_FLOW,0.5989585920087079,4,OK,HIGH_INTERVAL_VARIANCE;VARIED_DAY_OF_WEEK,0.0,1,OK,,IRREGULAR_ACTIVITY,0.5989585920087079,False,False,0.0,764
ckb1qzda0cr08m85hc8jlnfp3zer7xulejywt49kt2rr0vthywaa50xwsqdktl2pnd9nrh6fna6ydh5sv34z4cx59mg2d5yh4,,0,INSUFFICIENT_EVIDENCE,,,0,INSUFFICIENT_EVIDENCE,SINGLE_LOCK_SCRIPT,0.2988300670319622,3,OK,,0.0,2,OK,,0.0,2,OK,FEW_DISTINCT_SOURCES,0.40978779832136747,2,OK,FEW_DISTINCT_DESTINATIONS,0.3333333333333333,3,OK,NEAR_ZERO_NET_FLOW,,0,INSUFFICIENT_EVIDENCE,,0.0,1,OK,,CELL_FRAGMENTATION,0.40978779832136747,False,False,0.0,2
ckb1qzda0cr08m85hc8jlnfp3zer7xulejywt49kt2rr0vthywaa50xwsqdlnnrld5uyndfrw0xxnpmpf435242xl2ccrge5g,0.11955475582845432,3,OK,,0.3417721518987341,2,OK,SINGLE_LOCK_SCRIPT,0.279550302553,3,OK,,0.04280325534106847,2,OK,,0.04888162982930676,2,OK,,0.2793733012368137,2,OK,,0.31653921562684734,3,OK,NEAR_ZERO_NET_FLOW,0.8452827889107759,4,OK,HIGH_INTERVAL_VARIANCE;VARIED_TIME_OF_DAY;VARIED_DAY_OF_WEEK;MIXED_TX_SHAPES,0.0,1,OK,,IRREGULAR_ACTIVITY,0.8452827889107759,False,False,0.0,79
ckb1qzda0cr08m85hc8jlnfp3zer7xulejywt49kt2rr0vthywaa50xwsqdly7vzugjpxpzy4wc8u8dkpt6gmv2kknsw36cs0,0.12622360288299972,3,OK,,0.385934819897084,2,OK,SINGLE_LOCK_SCRIPT,0.06213369884850998,3,OK,,0.2589743786060342,2,OK,,0.29575062946553216,2,OK,,0.08399595523053756,2,OK,FEW_DISTINCT_DESTINATIONS,0.329878253053616,3,OK,NEAR_ZERO_NET_FLOW,0.8439073421101282,4,OK,HIGH_INTERVAL_VARIANCE;VARIED_TIME_OF_DAY;VARIED_DAY_OF_WEEK,0.0,1,OK,,IRREGULAR_ACTIVITY,0.8439073421101282,False,False,0.0,2332
ckb1qzda0cr08m85hc8jlnfp3zer7xulejywt49kt2rr0vthywaa50xwsqdm3dkt45znks4ckxyvgrn6s8e2fycz7tqhatyac,0.18196947498796656,3,OK,,0.3896103896103896,2,OK,SINGLE_LOCK_SCRIPT,0.35593511563472724,3,OK,FANOUT_DOMINANT_SHAPE,0.03660613076352042,2,OK,,0.038217300082611705,2,OK,,0.4257535566975246,2,OK,1_TO_N_SHAPE;FEW_DISTINCT_DESTINATIONS,0.43673752206877364,3,OK,NEAR_ZERO_NET_FLOW,0.7220227407858026,4,OK,HIGH_INTERVAL_VARIANCE;VARIED_TIME_OF_DAY;VARIED_DAY_OF_WEEK,0.0,1,OK,,IRREGULAR_ACTIVITY,0.7220227407858026,False,False,0.0,77
ckb1qzda0cr08m85hc8jlnfp3zer7xulejywt49kt2rr0vthywaa50xwsqdmttx5ka8lg5ejf2q9rxnmu5vavlpcy7c2frlzd,0.3262912566165821,3,OK,,0.3837828246983676,2,OK,SINGLE_LOCK_SCRIPT,0.0,3,OK,,0.013774881949905293,2,OK,,0.02075474868452823,2,OK,FEW_DISTINCT_SOURCES,0.0,2,OK,FEW_DISTINCT_DESTINATIONS,0.3333333333333333,3,OK,NEAR_ZERO_NET_FLOW,0.5082036313879938,4,OK,HIGH_INTERVAL_VARIANCE;VARIED_DAY_OF_WEEK,0.0,1,OK,,IRREGULAR_ACTIVITY,0.5082036313879938,False,False,0.0,1409
ckb1qzda0cr08m85hc8jlnfp3zer7xulejywt49kt2rr0vthywaa50xwsqdmvgx9866nn68gsfshgy660unf97wzfcgcxrvec,0.4278520319959573,3,OK,,0.5146914789422135,2,OK,SINGLE_LOCK_SCRIPT,0.011597947971291383,3,OK,,0.6862553052562846,2,OK,FANIN_DOMINANT_SHAPE;MANY_DISTINCT_SENDERS,0.3431276526281423,2,OK,N_TO_1_SHAPE,0.011059423194296376,2,OK,,0.33565047444617085,3,OK,NEAR_ZERO_NET_FLOW,0.6963147916021554,4,OK,HIGH_INTERVAL_VARIANCE;VARIED_TIME_OF_DAY;VARIED_DAY_OF_WEEK,0.0,1,OK,,IRREGULAR_ACTIVITY,0.6963147916021554,False,False,0.0,3063
ckb1qzda0cr08m85hc8jlnfp3zer7xulejywt49kt2rr0vthywaa50xwsqdn85jtpzkk24ga7vprxcupwkw8h2kmcpgnkw4s2,,0,INSUFFICIENT_EVIDENCE,,,0,INSUFFICIENT_EVIDENCE,SINGLE_LOCK_SCRIPT,0.0,3,OK,,0.33814571719444103,2,OK,,0.3861648756515235,2,OK,,0.0,2,OK,FEW_DISTINCT_DESTINATIONS,0.22222222222222224,3,OK,,,0,INSUFFICIENT_EVIDENCE,,0.0,1,OK,,CELL_CONSOLIDATION,0.3861648756515235,False,False,0.0,2
ckb1qzda0cr08m85hc8jlnfp3zer7xulejywt49kt2rr0vthywaa50xwsqdn9q3qlnujce8h263s33pjaj5qh5qt3vsk79ynl,,0,INSUFFICIENT_EVIDENCE,,,0,INSUFFICIENT_EVIDENCE,,,0,INSUFFICIENT_EVIDENCE,,,0,INSUFFICIENT_EVIDENCE,,,0,INSUFFICIENT_EVIDENCE,,,0,INSUFFICIENT_EVIDENCE,,,0,INSUFFICIENT_EVIDENCE,,,0,INSUFFICIENT_EVIDENCE,,0.0,1,OK,,INSUFFICIENT_EVIDENCE,,False,False,0.0,0
ckb1qzda0cr08m85hc8jlnfp3zer7xulejywt49kt2rr0vthywaa50xwsqdnvsjyahhu4hnqmv5aqy06jk7p289qcsck64eed,,0,INSUFFICIENT_EVIDENCE,,,0,INSUFFICIENT_EVIDENCE,DOMINANT_TX_SHAPE;SINGLE_LOCK_SCRIPT,0.0,2,OK,,0.0,2,OK,,0.0,2,OK,FEW_DISTINCT_SOURCES,0.0,2,OK,FEW_DISTINCT_DESTINATIONS,,0,INSUFFICIENT_EVIDENCE,,,0,INSUFFICIENT_EVIDENCE,,0.0,1,OK,,INSUFFICIENT_EVIDENCE,,False,False,0.0,1
ckb1qzda0cr08m85hc8jlnfp3zer7xulejywt49kt2rr0vthywaa50xwsqdpglw7yx2vzsuu2hz4f0zqmm7ujn4gzrcpt9myf,,0,INSUFFICIENT_EVIDENCE,,,0,INSUFFICIENT_EVIDENCE,SINGLE_LOCK_SCRIPT,0.0,3,OK,,0.0,2,OK,,0.0,2,OK,FEW_DISTINCT_SOURCES,0.0,2,OK,FEW_DISTINCT_DESTINATIONS,0.3333333333333333,3,OK,NEAR_ZERO_NET_FLOW,,0,INSUFFICIENT_EVIDENCE,,0.0,1,OK,,ROUND_TRIP,0.3333333333333333,False,False,0.0,2
ckb1qzda0cr08m85hc8jlnfp3zer7xulejywt49kt2rr0vthywaa50xwsqdqex3u79vvhdzdfu66k5rd877nwea2xhszxnv47,0.01988524682045874,3,OK,,0.3741399082568807,2,OK,SINGLE_LOCK_SCRIPT,0.3442078681733957,3,OK,,0.29339837956374065,2,OK,,0.44206619370230815,2,OK,FEW_DISTINCT_SOURCES,0.40790803777860885,2,OK,FEW_DISTINCT_DESTINATIONS,0.3333333333333333,3,OK,NEAR_ZERO_NET_FLOW,0.6267579700864114,4,OK,HIGH_INTERVAL_VARIANCE;VARIED_DAY_OF_WEEK;MIXED_TX_SHAPES,0.0,1,OK,,IRREGULAR_ACTIVITY,0.6267579700864114,False,False,0.0,872
ckb1qzda0cr08m85hc8jlnfp3zer7xulejywt49kt2rr0vthywaa50xwsqdqpaqujjqztsvqsckxxryqkyar5g229ls79xsux,,0,INSUFFICIENT_EVIDENCE,,,0,INSUFFICIENT_EVIDENCE,SINGLE_LOCK_SCRIPT,0.25,2,OK,,0.29407285859722054,2,OK,,0.44308243782576173,2,OK,FEW_DISTINCT_SOURCES,0.5,2,OK,FEW_DISTINCT_DESTINATIONS,0.0,3,OK,,,0,INSUFFICIENT_EVIDENCE,,0.0,1,OK,,CELL_FRAGMENTATION,0.5,False,False,0.0,2
ckb1qzda0cr08m85hc8jlnfp3zer7xulejywt49kt2rr0vthywaa50xwsqdqq677slvjxejspzxxuyrz3r8m4glpqrqve4u4k,0.18212883547621386,3,OK,,0.37552301255230125,2,OK,SINGLE_LOCK_SCRIPT,0.49582821634613133,3,OK,FANOUT_DOMINANT_SHAPE;MANY_DISTINCT_RECIPIENTS;EVEN_CAPACITY_SPREAD,0.0,2,OK,,0.0,2,OK,FEW_DISTINCT_SOURCES,0.2503486750348675,2,OK,1_TO_N_SHAPE,0.3288608220502249,3,OK,NEAR_ZERO_NET_FLOW,0.8737969749540963,4,OK,HIGH_INTERVAL_VARIANCE;VARIED_TIME_OF_DAY;VARIED_DAY_OF_WEEK,0.0,1,OK,,IRREGULAR_ACTIVITY,0.8737969749540963,False,False,0.0,717
ckb1qzda0cr08m85hc8jlnfp3zer7xulejywt49kt2rr0vthywaa50xwsqdqrmx3gfghxmm3m5dj4vm27j5ke9kvw9qmr8lwp,0.20436717185069772,3,OK,,0.234375,2,OK,SINGLE_LOCK_SCRIPT,0.17707261118717235,3,OK,,0.1102773219739577,2,OK,,0.16615591418466064,2,OK,FEW_DISTINCT_SOURCES,0.19308243782576176,2,OK,,0.3333333333333333,3,OK,NEAR_ZERO_NET_FLOW,0.7288188035748134,4,OK,HIGH_INTERVAL_VARIANCE;VARIED_DAY_OF_WEEK;MIXED_TX_SHAPES,0.0,1,OK,,IRREGULAR_ACTIVITY,0.7288188035748134,False,False,0.0,16
ckb1qzda0cr08m85hc8jlnfp3zer7xulejywt49kt2rr0vthywaa50xwsqdqxnfeggrmljfnrf8nvsnv26xv4rvyhwsztv7ae,0.0961253782022714,3,OK,,0.37716346153846153,2,OK,SINGLE_LOCK_SCRIPT,0.0,3,OK,,0.31800851762901033,2,OK,,0.4074236379464365,2,OK,FEW_DISTINCT_SOURCES,0.0,2,OK,FEW_DISTINCT_DESTINATIONS,0.3333333333333333,3,OK,NEAR_ZERO_NET_FLOW,0.6916175843418257,4,OK,HIGH_INTERVAL_VARIANCE;VARIED_DAY_OF_WEEK,0.0,1,OK,,IRREGULAR_ACTIVITY,0.6916175843418257,False,False,0.0,1040
ckb1qzda0cr08m85hc8jlnfp3zer7xulejywt49kt2rr0vthywaa50xwsqdqyzqvyyqgdw9qdu9tsfwfj2j3qj05ams2m6zwh,,0,INSUFFICIENT_EVIDENCE,,,0,INSUFFICIENT_EVIDENCE,DOMINANT_TX_SHAPE;SINGLE_LOCK_SCRIPT,0.0,3,OK,,0.0,2,OK,,0.0,2,OK,FEW_DISTINCT_SOURCES,0.0,2,OK,FEW_DISTINCT_DESTINATIONS,,0,INSUFFICIENT_EVIDENCE,,,0,INSUFFICIENT_EVIDENCE,,0.0,1,OK,,INSUFFICIENT_EVIDENCE,,False,False,0.0,1
ckb1qzda0cr08m85hc8jlnfp3zer7xulejywt49kt2rr0vthywaa50xwsqdrfqfkxp3pgctx8k974q9l9pyupmrdrwq8je3v0,0.2570604531010821,3,OK,,0.3798701298701298,2,OK,SINGLE_LOCK_SCRIPT,0.0,3,OK,,0.2902537305634904,2,OK,,0.4373281204514012,2,OK,FEW_DISTINCT_SOURCES,0.0,2,OK,FEW_DISTINCT_DESTINATIONS,0.3333333333333333,3,OK,NEAR_ZERO_NET_FLOW,0.48814033683053015,4,OK,VARIED_DAY_OF_WEEK,0.0,1,OK,,IRREGULAR_ACTIVITY,0.48814033683053015,False,False,0.0,308
ckb1qzda0cr08m85hc8jlnfp3zer7xulejywt49kt2rr0vthywaa50xwsqdrke350wl8qag3cv75pp4q2zh9wurf25c8csrmu,0.298367358890585,3,OK,,0.43835893290218275,2,OK,SINGLE_LOCK_SCRIPT,0.005277990544192879,3,OK,,0.0055617901085286145,2,OK,,0.004790987584956447,2,OK,,0.008596587314323518,2,OK,FEW_DISTINCT_DESTINATIONS,0.30444885092942114,3,OK,NEAR_ZERO_NET_FLOW,0.4977458835648664,4,OK,HIGH_INTERVAL_VARIANCE;VARIED_DAY_OF_WEEK,0.0,1,OK,,IRREGULAR_ACTIVITY,0.4977458835648664,False,False,0.0,1457
ckb1qzda0cr08m85hc8jlnfp3zer7xulejywt49kt2rr0vthywaa50xwsqdsczh9v0wp9w3p7th99t7kdf5sscfsd5g5w0zah,0.4512026771302093,3,OK,LOW_LIFETIME_VARIANCE,0.375,2,OK,SINGLE_LOCK_SCRIPT,0.0,3,OK,,0.0,2,OK,,0.0,2,OK,FEW_DISTINCT_SOURCES,0.0,2,OK,FEW_DISTINCT_DESTINATIONS,0.3333333333333333,3,OK,NEAR_ZERO_NET_FLOW,0.6297727492741743,4,OK,HIGH_INTERVAL_VARIANCE;VARIED_DAY_OF_WEEK,0.0,1,OK,,IRREGULAR_ACTIVITY,0.6297727492741743,False,False,0.0,408
ckb1qzda0cr08m85hc8jlnfp3zer7xulejywt49kt2rr0vthywaa50xwsqdswxz9w93ffp2dkdr4gjgyw6akpd9ml2sc3j7ft,,0,INSUFFICIENT_EVIDENCE,,,0,INSUFFICIENT_EVIDENCE,DOMINANT_TX_SHAPE;SINGLE_LOCK_SCRIPT,0.0,2,OK,,0.0,2,OK,,0.0,2,OK,FEW_DISTINCT_SOURCES,0.0,2,OK,FEW_DISTINCT_DESTINATIONS,,0,INSUFFICIENT_EVIDENCE,,,0,INSUFFICIENT_EVIDENCE,,0.0,1,OK,,INSUFFICIENT_EVIDENCE,,False,False,0.0,1
ckb1qzda0cr08m85hc8jlnfp3zer7xulejywt49kt2rr0vthywaa50xwsqdtejzc329up3s665cxswczse77neqxr2c6uk0jz,0.28022293475996546,3,OK,,0.2925,2,OK,SINGLE_LOCK_SCRIPT,0.1795440433370828,3,OK,,0.06740494596676005,2,OK,MANY_DISTINCT_SENDERS,0.0375,2,OK,,0.2924344089650028,2,OK,FEW_DISTINCT_DESTINATIONS,0.3333333333333333,3,OK,NEAR_ZERO_NET_FLOW,0.8793670452889064,4,OK,HIGH_INTERVAL_VARIANCE;VARIED_TIME_OF_DAY;VARIED_DAY_OF_WEEK;MIXED_TX_SHAPES,0.0,1,OK,,IRREGULAR_ACTIVITY,0.8793670452889064,False,False,0.0,400
ckb1qzda0cr08m85hc8jlnfp3zer7xulejywt49kt2rr0vthywaa50xwsqdtjy373hqrz0x0dh8qeq90xcwm7ks5gnghey3u8,0.1662461452200729,3,OK,,0.374053826745164,2,OK,SINGLE_LOCK_SCRIPT,0.27135004638196114,3,OK,,0.0005380215780927849,2,OK,,0.0006892982309862774,2,OK,FEW_DISTINCT_SOURCES,0.441964483819473,2,OK,FEW_DISTINCT_DESTINATIONS,0.3333333333333333,3,OK,NEAR_ZERO_NET_FLOW,0.7332092295315085,4,OK,HIGH_INTERVAL_VARIANCE;VARIED_DAY_OF_WEEK;MIXED_TX_SHAPES,0.0,1,OK,,IRREGULAR_ACTIVITY,0.7332092295315085,False,False,0.0,1189
ckb1qzda0cr08m85hc8jlnfp3zer7xulejywt49kt2rr0vthywaa50xwsqdtr9km5rjdrntcf4a5jh7u55rl8rurp2snsf7v6,,0,INSUFFICIENT_EVIDENCE,,,0,INSUFFICIENT_EVIDENCE,DOMINANT_TX_SHAPE;SINGLE_LOCK_SCRIPT,0.0,2,OK,,0.0,2,OK,,0.0,2,OK,,0.0,2,OK,FEW_DISTINCT_DESTINATIONS,,0,INSUFFICIENT_EVIDENCE,,,0,INSUFFICIENT_EVIDENCE,,0.0,1,OK,,INSUFFICIENT_EVIDENCE,,False,False,0.0,1
ckb1qzda0cr08m85hc8jlnfp3zer7xulejywt49kt2rr0vthywaa50xwsqdtx60cacasvak8s6a7umwganlkyrk2vvgmj2zdf,0.047603808957648895,3,OK,,0.38487629688747005,2,OK,SINGLE_LOCK_SCRIPT,0.0,3,OK,,0.28632792297574544,2,OK,,0.4314130679548518,2,OK,FEW_DISTINCT_SOURCES,0.0,2,OK,FEW_DISTINCT_DESTINATIONS,0.3332872053780689,3,OK,NEAR_ZERO_NET_FLOW,0.6505159219559545,4,OK,HIGH_INTERVAL_VARIANCE;VARIED_DAY_OF_WEEK,0.0,1,OK,,IRREGULAR_ACTIVITY,0.6505159219559545,False,False,0.0,1253
ckb1qzda0cr08m85hc8jlnfp3zer7xulejywt49kt2rr0vthywaa50xwsqdtzdy4dlvfxna90pxjuxmkkfvqkjr595sqw5q4m,,0,INSUFFICIENT_EVIDENCE,,0.375,2,OK,SINGLE_LOCK_SCRIPT,0.2949447460769363,3,OK,,0.0,2,OK,,0.0,2,OK,FEW_DISTINCT_SOURCES,0.3861648756515235,2,OK,,0.3333333333333333,3,OK,NEAR_ZERO_NET_FLOW,,0,INSUFFICIENT_EVIDENCE,HIGH_INTERVAL_VARIANCE,0.0,1,OK,,CELL_FRAGMENTATION,0.3861648756515235,False,False,0.0,4
ckb1qzda0cr08m85hc8jlnfp3zer7xulejywt49kt2rr0vthywaa50xwsqdug54pz4xhn0z0exgx6kune22z0k5xpdqap800k,0.08876123308231391,3,OK,,0.75,2,OK,DOMINANT_TX_SHAPE;SINGLE_LOCK_SCRIPT,0.0,3,OK,,0.0,2,OK,,0.0,2,OK,FEW_DISTINCT_SOURCES,0.0,2,OK,FEW_DISTINCT_DESTINATIONS,0.3333333333333333,3,OK,NEAR_ZERO_NET_FLOW,0.48736812747472924,4,OK,HIGH_INTERVAL_VARIANCE;VARIED_DAY_OF_WEEK,0.0,1,OK,,IRREGULAR_ACTIVITY,0.48736812747472924,True,False,0.0,666
ckb1qzda0cr08m85hc8jlnfp3zer7xulejywt49kt2rr0vthywaa50xwsqdun3wce79ar4cmnl76tyehgha0muqg07gt556gd,0.0,3,OK,,0.33418367346938777,2,OK,SINGLE_LOCK_SCRIPT,0.07032234226766797,3,OK,,0.271984547768861,2,OK,,0.3484590121780335,2,OK,FEW_DISTINCT_SOURCES,0.11453831726108127,2,OK,FEW_DISTINCT_DESTINATIONS,0.3327515223847353,3,OK,NEAR_ZERO_NET_FLOW,0.7434670563333745,4,OK,HIGH_INTERVAL_VARIANCE;VARIED_DAY_OF_WEEK;MIXED_TX_SHAPES,0.0,1,OK,,IRREGULAR_ACTIVITY,0.7434670563333745,False,False,0.0,294
ckb1qzda0cr08m85hc8jlnfp3zer7xulejywt49kt2rr0vthywaa50xwsqduy4r065e9prkxhdnwmzw75dtph3ecu6sfrv9s4,0.45372083193357726,3,OK,LOW_LIFETIME_VARIANCE,0.375,2,OK,SINGLE_LOCK_SCRIPT,0.0,3,OK,,0.0,2,OK,MANY_DISTINCT_SENDERS,0.0,2,OK,,0.0,2,OK,FEW_DISTINCT_DESTINATIONS,0.3333333333333333,3,OK,NEAR_ZERO_NET_FLOW,0.6242493102512102,4,OK,HIGH_INTERVAL_VARIANCE;VARIED_DAY_OF_WEEK,0.0,1,OK,,IRREGULAR_ACTIVITY,0.6242493102512102,False,False,0.0,276
ckb1qzda0cr08m85hc8jlnfp3zer7xulejywt49kt2rr0vthywaa50xwsqdv3msqhwu0eel0cx4vxkhzphyxdxg0p2gcn4zk4,,0,INSUFFICIENT_EVIDENCE,,,0,INSUFFICIENT_EVIDENCE,,,0,INSUFFICIENT_EVIDENCE,,,0,INSUFFICIENT_EVIDENCE,,,0,INSUFFICIENT_EVIDENCE,,,0,INSUFFICIENT_EVIDENCE,,,0,INSUFFICIENT_EVIDENCE,,,0,INSUFFICIENT_EVIDENCE,,0.0,1,OK,,INSUFFICIENT_EVIDENCE,,False,False,0.0,0
ckb1qzda0cr08m85hc8jlnfp3zer7xulejywt49kt2rr0vthywaa50xwsqdv5f45r3aevly9umatacdzw6x2hmycfss6cstcq,0.2964320581820259,3,OK,,0.3125,2,OK,SINGLE_LOCK_SCRIPT,0.17365258470065806,3,OK,,0.29361167383240366,2,OK,,0.306534594412615,2,OK,,0.20489389916068373,2,OK,FEW_DISTINCT_DESTINATIONS,0.260292222768058,3,OK,,0.7183573093839952,4,OK,HIGH_INTERVAL_VARIANCE;VARIED_TIME_OF_DAY;VARIED_DAY_OF_WEEK;MIXED_TX_SHAPES,0.0,1,OK,,IRREGULAR_ACTIVITY,0.7183573093839952,False,False,0.0,24
ckb1qzda0cr08m85hc8jlnfp3zer7xulejywt49kt2rr0vthywaa50xwsqdv7nz5efx58k589jup242p9f5lhx9mwgc3rtspx,0.20863970061311088,2,OK,,0.75,1,OK,DOMINANT_TX_SHAPE;SINGLE_LOCK_SCRIPT,0.0,2,OK,,0.0,2,OK,,0.0,2,OK,FEW_DISTINCT_SOURCES,0.0,2,OK,FEW_DISTINCT_DESTINATIONS,0.0,3,OK,,0.3413411708704336,4,OK,HIGH_INTERVAL_VARIANCE;VARIED_DAY_OF_WEEK,0.0,1,OK,,IRREGULAR_ACTIVITY,0.3413411708704336,True,False,0.0,9
ckb1qzda0cr08m85hc8jlnfp3zer7xulejywt49kt2rr0vthywaa50xwsqdvehsut0qf0x0n92v22wjx6mu6a4l7hscxasspx,0.12286841650329938,3,OK,,0.376010781671159,2,OK,SINGLE_LOCK_SCRIPT,0.0,3,OK,,0.29328020938267274,2,OK,,0.44188814554051703,2,OK,FEW_DISTINCT_SOURCES,0.0,2,OK,FEW_DISTINCT_DESTINATIONS,0.33204894392878276,3,OK,NEAR_ZERO_NET_FLOW,0.6152704138194018,4,OK,HIGH_INTERVAL_VARIANCE;VARIED_DAY_OF_WEEK,0.0,1,OK,,IRREGULAR_ACTIVITY,0.6152704138194018,False,False,0.0,371
ckb1qzda0cr08m85hc8jlnfp3zer7xulejywt49kt2rr0vthywaa50xwsqdvt7epf6qmf9rk9pvdjkptedqx23y7r6czf3svw,,0,INSUFFICIENT_EVIDENCE,,,0,INSUFFICIENT_EVIDENCE,SINGLE_LOCK_SCRIPT,0.0,3,OK,,0.0,2,OK,,0.0,2,OK,FEW_DISTINCT_SOURCES,0.0,2,OK,FEW_DISTINCT_DESTINATIONS,0.3333333333333333,3,OK,NEAR_ZERO_NET_FLOW,,0,INSUFFICIENT_EVIDENCE,,0.0,1,OK,,ROUND_TRIP,0.3333333333333333,False,False,0.0,2
ckb1qzda0cr08m85hc8jlnfp3zer7xulejywt49kt2rr0vthywaa50xwsqdw5wngjpd0llhvztxawxx2hkqktr7qqcgtr68xk,0.5198542350213711,3,OK,,0.4866245136186771,2,OK,SINGLE_LOCK_SCRIPT,0.0,3,OK,,0.0,2,OK,,0.0,2,OK,FEW_DISTINCT_SOURCES,0.0,2,OK,FEW_DISTINCT_DESTINATIONS,0.2729005127522441,3,OK,NEAR_ZERO_NET_FLOW,0.505731805257051,4,OK,HIGH_INTERVAL_VARIANCE;VARIED_DAY_OF_WEEK,0.0,1,OK,,PERIODIC_EXECUTION,0.5198542350213711,False,False,0.0,1334
ckb1qzda0cr08m85hc8jlnfp3zer7xulejywt49kt2rr0vthywaa50xwsqdw7svu2fzp5uqpu4xfupgkm4xw0zd79agr0jz8p,0.09775474956822107,3,OK,,0.30000000000000004,2,OK,SINGLE_LOCK_SCRIPT,0.21762914343888823,3,OK,,0.10541749911475812,2,OK,MANY_DISTINCT_SENDERS,0.07646721938919596,2,OK,,0.3544659502606094,2,OK,FEW_DISTINCT_DESTINATIONS,0.33331308479234695,3,OK,NEAR_ZERO_NET_FLOW,0.8952724852120095,4,OK,HIGH_INTERVAL_VARIANCE;VARIED_TIME_OF_DAY;VARIED_DAY_OF_WEEK;MIXED_TX_SHAPES,0.0,1,OK,,IRREGULAR_ACTIVITY,0.8952724852120095,False,False,0.0,2895
ckb1qzda0cr08m85hc8jlnfp3zer7xulejywt49kt2rr0vthywaa50xwsqdwa7y4etexhlslpeplm2gensrmkpgpfqc5kk4x9,,0,INSUFFICIENT_EVIDENCE,DOMINANT_1TO1_SHAPE,,0,INSUFFICIENT_EVIDENCE,DOMINANT_TX_SHAPE;SINGLE_LOCK_SCRIPT,0.0,2,OK,,0.0,2,OK,,0.0,2,OK,FEW_DISTINCT_SOURCES,0.0,2,OK,FEW_DISTINCT_DESTINATIONS,,0,INSUFFICIENT_EVIDENCE,,,0,INSUFFICIENT_EVIDENCE,,0.0,1,OK,,INSUFFICIENT_EVIDENCE,,False,False,0.0,1
ckb1qzda0cr08m85hc8jlnfp3zer7xulejywt49kt2rr0vthywaa50xwsqdwd0h8eflp0j2qee9vtfhyhdtmn3p4wrqzdsaew,0.022542532431311175,3,OK,,0.40447897623400364,2,OK,SINGLE_LOCK_SCRIPT,0.0009946487360095158,3,OK,,0.2935404419459646,2,OK,,0.3760758222254597,2,OK,FEW_DISTINCT_SOURCES,0.0016200454765109662,2,OK,FEW_DISTINCT_DESTINATIONS,0.3333333333333333,3,OK,NEAR_ZERO_NET_FLOW,0.6730041535335185,4,OK,HIGH_INTERVAL_VARIANCE;VARIED_DAY_OF_WEEK,0.0,1,OK,,IRREGULAR_ACTIVITY,0.6730041535335185,False,False,0.0,547
ckb1qzda0cr08m85hc8jlnfp3zer7xulejywt49kt2rr0vthywaa50xwsqdwfknw8tnpne8m7pa5mg39xvv7qallxgccrzanp,0.2844465157169747,3,OK,LOW_INTERVAL_VARIANCE,0.38499298737727916,2,OK,SINGLE_LOCK_SCRIPT,0.0,3,OK,,0.2862364149599874,2,OK,,0.43127519193699665,2,OK,FEW_DISTINCT_SOURCES,0.0,2,OK,FEW_DISTINCT_DESTINATIONS,0.3331923848700046,3,OK,NEAR_ZERO_NET_FLOW,0.47218114692920443,4,OK,VARIED_DAY_OF_WEEK,0.0,1,OK,,IRREGULAR_ACTIVITY,0.47218114692920443,False,False,0.0,1426
ckb1qzda0cr08m85hc8jlnfp3zer7xulejywt49kt2rr0vthywaa50xwsqdwhyh3f06wztrf9xlh56pu9nxvgf3k0lqjypm82,,0,INSUFFICIENT_EVIDENCE,,,0,INSUFFICIENT_EVIDENCE,,,0,INSUFFICIENT_EVIDENCE,,,0,INSUFFICIENT_EVIDENCE,,,0,INSUFFICIENT_EVIDENCE,,,0,INSUFFICIENT_EVIDENCE,,,0,INSUFFICIENT_EVIDENCE,,,0,INSUFFICIENT_EVIDENCE,HIGH_INTERVAL_VARIANCE;VARIED_TIME_OF_DAY;VARIED_DAY_OF_WEEK,0.0,1,OK,,INSUFFICIENT_EVIDENCE,,False,False,0.0,0
ckb1qzda0cr08m85hc8jlnfp3zer7xulejywt49kt2rr0vthywaa50xwsqdwtq4te2zfzem37hsacgzq4t4y8t8tgmcyy9v3v,0.08935018530675094,3,OK,,0.34116365899191037,2,OK,SINGLE_LOCK_SCRIPT,0.4482038023459167,3,OK,MANY_DISTINCT_RECIPIENTS;EVEN_CAPACITY_SPREAD,0.0920970752955818,2,OK,MANY_DISTINCT_SENDERS,0.0460485376477909,2,OK,,0.22744243932794025,2,OK,,0.3389370386620145,3,OK,NEAR_ZERO_NET_FLOW,0.8630667854937073,4,OK,HIGH_INTERVAL_VARIANCE;VARIED_TIME_OF_DAY;VARIED_DAY_OF_WEEK;MIXED_TX_SHAPES,0.0,1,OK,,IRREGULAR_ACTIVITY,0.8630667854937073,False,False,0.0,1607
ckb1qzda0cr08m85hc8jlnfp3zer7xulejywt49kt2rr0vthywaa50xwsqdx5m2dx9j9el3arnuntxu5lkfafw4dyxgq357up,,0,INSUFFICIENT_EVIDENCE,,,0,INSUFFICIENT_EVIDENCE,DOMINANT_TX_SHAPE;SINGLE_LOCK_SCRIPT,0.0,2,OK,,0.0,2,OK,,0.0,2,OK,FEW_DISTINCT_SOURCES,0.0,2,OK,FEW_DISTINCT_DESTINATIONS,,0,INSUFFICIENT_EVIDENCE,,,0,INSUFFICIENT_EVIDENCE,,0.0,1,OK,,INSUFFICIENT_EVIDENCE,,False,False,0.0,1
ckb1qzda0cr08m85hc8jlnfp3zer7xulejywt49kt2rr0vthywaa50xwsqdxaqe07wj7kc5y9suqc6lkdqz4wm85ltq0ng53r,,0,INSUFFICIENT_EVIDENCE,,,0,INSUFFICIENT_EVIDENCE,DOMINANT_TX_SHAPE;SINGLE_LOCK_SCRIPT,0.0,2,OK,,0.0,2,OK,,0.0,2,OK,FEW_DISTINCT_SOURCES,0.0,2,OK,FEW_DISTINCT_DESTINATIONS,,0,INSUFFICIENT_EVIDENCE,,,0,INSUFFICIENT_EVIDENCE,,0.0,1,OK,,INSUFFICIENT_EVIDENCE,,False,False,0.0,1
ckb1qzda0cr08m85hc8jlnfp3zer7xulejywt49kt2rr0vthywaa50xwsqdxzlmuqal6c37hk678qjekya0qjd5m5lq7hhzaq,0.16666666666666666,3,OK,,0.375,2,OK,SINGLE_LOCK_SCRIPT,0.01491583554900993,3,OK,,0.0,2,OK,,0.0,2,OK,,0.024294337322039103,2,OK,FEW_DISTINCT_DESTINATIONS,0.3333333333333333,3,OK,NEAR_ZERO_NET_FLOW,0.8623283311278507,4,OK,HIGH_INTERVAL_VARIANCE;VARIED_TIME_OF_DAY;VARIED_DAY_OF_WEEK,0.0,1,OK,,IRREGULAR_ACTIVITY,0.8623283311278507,False,False,0.0,766
ckb1qzda0cr08m85hc8jlnfp3zer7xulejywt49kt2rr0vthywaa50xwsqdxzpng0y93mrnmxq0e73j4yu4d3n3mkuqc5r59u,0.45076755695468496,3,OK,,0.38970588235294124,2,OK,SINGLE_LOCK_SCRIPT,0.0,3,OK,,0.2623591189445791,2,OK,,0.3952990376680815,2,OK,FEW_DISTINCT_SOURCES,0.0,2,OK,FEW_DISTINCT_DESTINATIONS,0.3333333333333333,3,OK,NEAR_ZERO_NET_FLOW,0.8408262256000175,4,OK,HIGH_INTERVAL_VARIANCE;VARIED_TIME_OF_DAY;VARIED_DAY_OF_WEEK,0.0,1,OK,,IRREGULAR_ACTIVITY,0.8408262256000175,False,False,0.0,204
ckb1qzda0cr08m85hc8jlnfp3zer7xulejywt49kt2rr0vthywaa50xwsqdy03jsqq4r873dyqm49pckertnx0qvw0qvde0sg,,0,INSUFFICIENT_EVIDENCE,,0.5625,2,OK,SINGLE_LOCK_SCRIPT,0.4482451005479433,3,OK,FANOUT_DOMINANT_SHAPE,0.0,2,OK,,0.0,2,OK,FEW_DISTINCT_SOURCES,0.6146816974820513,2,OK,1_TO_N_SHAPE;FEW_DISTINCT_DESTINATIONS,0.3333333333333333,3,OK,NEAR_ZERO_NET_FLOW,,0,INSUFFICIENT_EVIDENCE,HIGH_INTERVAL_VARIANCE,0.0,1,OK,,CELL_FRAGMENTATION,0.6146816974820513,False,False,0.0,4
ckb1qzda0cr08m85hc8jlnfp3zer7xulejywt49kt2rr0vthywaa50xwsqdytgmu0z5yskwrnegfptr3n4pcx9d6tlswehku8,0.24620759228038638,3,OK,,0.375,2,OK,SINGLE_LOCK_SCRIPT,0.2890499240730019,3,OK,,0.29407285859722054,2,OK,,0.44308243782576173,2,OK,FEW_DISTINCT_SOURCES,0.40317831770328083,2,OK,FEW_DISTINCT_DESTINATIONS,0.3333333333333333,3,OK,NEAR_ZERO_NET_FLOW,0.645671166207203,4,OK,HIGH_INTERVAL_VARIANCE;VARIED_DAY_OF_WEEK,0.0,1,OK,,IRREGULAR_ACTIVITY,0.645671166207203,False,False,0.0,124
ckb1qzda0cr08m85hc8jlnfp3zer7xulejywt49kt2rr0vthywaa50xwsqdywhhfnhv7xz24x9y79yu47u9ugwr8p2sccyn4q,0.1771177688265896,3,OK,,0.5745967741935484,2,OK,SINGLE_LOCK_SCRIPT,0.41683001263496733,3,OK,FANOUT_DOMINANT_SHAPE,0.0,2,OK,,0.0,2,OK,,0.6789166386039898,2,OK,1_TO_N_SHAPE;FEW_DISTINCT_DESTINATIONS,0.33340714036534996,3,OK,,0.7270074453395065,4,OK,HIGH_INTERVAL_VARIANCE;VARIED_DAY_OF_WEEK,0.0,1,OK,,IRREGULAR_ACTIVITY,0.7270074453395065,False,False,0.0,248
ckb1qzda0cr08m85hc8jlnfp3zer7xulejywt49kt2rr0vthywaa50xwsqdzcwm3dgw383w7uv4v9a95jdxtxgzrmdcpxs45n,0.2907995243678199,2,OK,,0.4676470588235294,1,OK,SINGLE_LOCK_SCRIPT,0.31176470588235294,2,OK,FANOUT_DOMINANT_SHAPE,0.0,2,OK,,0.0,2,OK,FEW_DISTINCT_SOURCES,0.6235294117647059,2,OK,1_TO_N_SHAPE;FEW_DISTINCT_DESTINATIONS,0.0,3,OK,,0.6836696776687988,4,OK,HIGH_INTERVAL_VARIANCE;VARIED_TIME_OF_DAY;VARIED_DAY_OF_WEEK,0.0,1,OK,,IRREGULAR_ACTIVITY,0.6836696776687988,False,False,0.0,85
ckb1qzda0cr08m85hc8jlnfp3zer7xulejywt49kt2rr0vthywaa50xwsqdzm8lk39ashezjh2pdyrdz7nw0j43av9ce3k38n,0.0,3,OK,,0.5911330049261084,2,OK,SINGLE_LOCK_SCRIPT,0.0,3,OK,,0.1245825903416796,2,OK,,0.18770980124638176,2,OK,FEW_DISTINCT_SOURCES,0.0,2,OK,FEW_DISTINCT_DESTINATIONS,0.33257533567672726,3,OK,NEAR_ZERO_NET_FLOW,0.6148494889856828,4,OK,HIGH_INTERVAL_VARIANCE;VARIED_DAY_OF_WEEK,0.0,1,OK,,IRREGULAR_ACTIVITY,0.6148494889856828,False,False,0.0,812
ckb1qzda0cr08m85hc8jlnfp3zer7xulejywt49kt2rr0vthywaa50xwsqdzt3t3nzcdsvaxvkqvfn6p3lxdk3f9agguqwlys,0.22629233893794876,3,OK,,0.498134328358209,2,OK,SINGLE_LOCK_SCRIPT,0.0,3,OK,,0.1975116214458944,2,OK,,0.2975926821217803,2,OK,FEW_DISTINCT_SOURCES,0.0,2,OK,FEW_DISTINCT_DESTINATIONS,0.333111802641735,3,OK,NEAR_ZERO_NET_FLOW,0.4802724670257023,4,OK,VARIED_DAY_OF_WEEK,0.0,1,OK,,IRREGULAR_ACTIVITY,0.4802724670257023,False,False,0.0,1072
ckb1qzda0cr08m85hc8jlnfp3zer7xulejywt49kt2rr0vthywaa50xwsqf0qpamhk3hv8a8yv79krku3zfspql7zkq0ddtu4,0.04412763068567547,3,OK,,0.3844195519348269,2,OK,SINGLE_LOCK_SCRIPT,0.3675063737088239,3,OK,FANOUT_DOMINANT_SHAPE,0.22626455462293288,2,OK,,0.2898838328926442,2,OK,FEW_DISTINCT_SOURCES,0.3958648759224715,2,OK,1_TO_N_SHAPE,0.3327726557315613,3,OK,NEAR_ZERO_NET_FLOW,0.7312878304529424,4,OK,HIGH_INTERVAL_VARIANCE;VARIED_DAY_OF_WEEK,0.0,1,OK,,IRREGULAR_ACTIVITY,0.7312878304529424,False,False,0.0,1473
ckb1qzda0cr08m85hc8jlnfp3zer7xulejywt49kt2rr0vthywaa50xwsqf0urdhtn86cykn6v4j6q5cl4l22zpjjfqp3eql2,0.3357525167717782,2,OK,,0.3938976377952756,1,OK,SINGLE_LOCK_SCRIPT,0.2374015748031496,2,OK,,0.0,2,OK,,0.0,2,OK,FEW_DISTINCT_SOURCES,0.4748031496062992,2,OK,FEW_DISTINCT_DESTINATIONS,0.0,3,OK,,0.7005928199189964,4,OK,VARIED_TIME_OF_DAY;VARIED_DAY_OF_WEEK,0.0,1,OK,,IRREGULAR_ACTIVITY,0.7005928199189964,False,False,0.0,2540
ckb1qzda0cr08m85hc8jlnfp3zer7xulejywt49kt2rr0vthywaa50xwsqf28hye6evgjqwvz29v4fvlpgsc7vsxu5gx5qu2v,,0,INSUFFICIENT_EVIDENCE,,,0,INSUFFICIENT_EVIDENCE,,,0,INSUFFICIENT_EVIDENCE,,,0,INSUFFICIENT_EVIDENCE,,,0,INSUFFICIENT_EVIDENCE,,,0,INSUFFICIENT_EVIDENCE,,,0,INSUFFICIENT_EVIDENCE,,,0,INSUFFICIENT_EVIDENCE,,0.0,1,OK,,INSUFFICIENT_EVIDENCE,,False,False,0.0,0
ckb1qzda0cr08m85hc8jlnfp3zer7xulejywt49kt2rr0vthywaa50xwsqf2el7rdezj77kunr7ncjup03x55y849rqa5khs6,0.41944143167184106,3,OK,,0.375,2,OK,SINGLE_LOCK_SCRIPT,0.0,3,OK,,0.29407285859722054,2,OK,,0.44308243782576173,2,OK,FEW_DISTINCT_SOURCES,0.0,2,OK,FEW_DISTINCT_DESTINATIONS,0.3333333333333333,3,OK,NEAR_ZERO_NET_FLOW,0.5390755248075694,4,OK,HIGH_INTERVAL_VARIANCE;VARIED_DAY_OF_WEEK,0.0,1,OK,,IRREGULAR_ACTIVITY,0.5390755248075694,False,False,0.0,464
ckb1qzda0cr08m85hc8jlnfp3zer7xulejywt49kt2rr0vthywaa50xwsqf2pf3uu524tn9umy7g3gchaa6sgamvs4sx454l6,0.3246678239485639,3,OK,,0.686457638425617,2,OK,DOMINANT_TX_SHAPE;SINGLE_LOCK_SCRIPT,0.03341157805903394,3,OK,MANY_DISTINCT_RECIPIENTS,0.915276851234156,2,OK,FANIN_DOMINANT_SHAPE;MANY_DISTINCT_SENDERS,0.457638425617078,2,OK,N_TO_1_SHAPE,0.01867911941294195,2,OK,,0.3345831833956036,3,OK,NEAR_ZERO_NET_FLOW,0.5706076171472962,4,OK,HIGH_INTERVAL_VARIANCE;VARIED_TIME_OF_DAY;VARIED_DAY_OF_WEEK,0.0,1,OK,,FAN_IN_COLLECTION,0.915276851234156,False,False,0.0,1499
ckb1qzda0cr08m85hc8jlnfp3zer7xulejywt49kt2rr0vthywaa50xwsqf3q9e554euxmpqyaju2n3prxl3fxuphqs9l8zmt,0.21957746490302907,3,OK,,0.38124547429398986,2,OK,SINGLE_LOCK_SCRIPT,0.27656708670184565,3,OK,FANOUT_DOMINANT_SHAPE,0.2849163539486467,2,OK,,0.429286243165003,2,OK,FEW_DISTINCT_SOURCES,0.45046179776058615,2,OK,1_TO_N_SHAPE;FEW_DISTINCT_DESTINATIONS,0.333226109104299,3,OK,NEAR_ZERO_NET_FLOW,0.5701748908913973,4,OK,VARIED_DAY_OF_WEEK,0.0,1,OK,,IRREGULAR_ACTIVITY,0.5701748908913973,False,False,0.0,1381
ckb1qzda0cr08m85hc8jlnfp3zer7xulejywt49kt2rr0vthywaa50xwsqf4n5g7ce6k9gxgvs7cjc40rk8r0tqtg4qg775ha,0.2803505674573809,2,OK,,0.7419354838709677,2,OK,DOMINANT_TX_SHAPE;SINGLE_LOCK_SCRIPT,0.5382226128058526,3,OK,FANOUT_DOMINANT_SHAPE,0.006324147496714414,2,OK,,0.009528654576898091,2,OK,FEW_DISTINCT_SOURCES,0.8766362210746254,2,OK,1_TO_N_SHAPE;FEW_DISTINCT_DESTINATIONS,0.25274279146629214,3,OK,,0.3742633690778712,4,OK,HIGH_INTERVAL_VARIANCE;VARIED_DAY_OF_WEEK,0.0,1,OK,,CELL_FRAGMENTATION,0.8766362210746254,True,False,0.0,93
ckb1qzda0cr08m85hc8jlnfp3zer7xulejywt49kt2rr0vthywaa50xwsqf4s8sxvjqhp8qpxyqj03kwmry2a43kggq7um8ef,0.2790668030295153,3,OK,,0.45967741935483875,2,OK,SINGLE_LOCK_SCRIPT,0.14040589899283107,3,OK,,0.5063671079005322,2,OK,FANIN_DOMINANT_SHAPE;MANY_DISTINCT_SENDERS,0.3547238614930962,2,OK,N_TO_1_SHAPE,0.2286877098455544,2,OK,FEW_DISTINCT_DESTINATIONS,0.27940700959489456,3,OK,NEAR_ZERO_NET_FLOW,0.6016486020348796,4,OK,HIGH_INTERVAL_VARIANCE;VARIED_DAY_OF_WEEK,0.0,1,OK,,IRREGULAR_ACTIVITY,0.6016486020348796,False,False,0.0,31
ckb1qzda0cr08m85hc8jlnfp3zer7xulejywt49kt2rr0vthywaa50xwsqf68ndqgrm406nmahnk8uyvl6up7hzhgdcjvn87t,,0,INSUFFICIENT_EVIDENCE,,,0,INSUFFICIENT_EVIDENCE,SINGLE_LOCK_SCRIPT,0.32275367102898855,3,OK,,0.0,2,OK,,0.0,2,OK,FEW_DISTINCT_SOURCES,0.40978779832136747,2,OK,FEW_DISTINCT_DESTINATIONS,0.3333333333333333,3,OK,NEAR_ZERO_NET_FLOW,,0,INSUFFICIENT_EVIDENCE,,0.0,1,OK,,CELL_FRAGMENTATION,0.40978779832136747,False,False,0.0,2
ckb1qzda0cr08m85hc8jlnfp3zer7xulejywt49kt2rr0vthywaa50xwsqf6qtawqcsf9ga3yuhh8gfhxuyah7rvtlgzn95vl,0.0,3,OK,,0.7191056910569107,2,OK,DOMINANT_TX_SHAPE;SINGLE_LOCK_SCRIPT,0.9411673842493031,3,OK,FANOUT_DOMINANT_SHAPE;MANY_DISTINCT_RECIPIENTS;EVEN_CAPACITY_SPREAD,0.0003819338846600369,2,OK,,0.00039874418785380773,2,OK,,0.4794037940379404,2,OK,1_TO_N_SHAPE,0.3354552951668363,3,OK,NEAR_ZERO_NET_FLOW,0.7542818599111736,4,OK,HIGH_INTERVAL_VARIANCE;VARIED_TIME_OF_DAY;VARIED_DAY_OF_WEEK,0.0,1,OK,,BATCH_DISTRIBUTION,0.9411673842493031,True,False,0.0,2234
ckb1qzda0cr08m85hc8jlnfp3zer7xulejywt49kt2rr0vthywaa50xwsqf7wdk98y3zdh3cyql86grghqwnen7ks5qzrld2q,,0,INSUFFICIENT_EVIDENCE,,,0,INSUFFICIENT_EVIDENCE,SINGLE_LOCK_SCRIPT,0.27203642929861027,3,OK,,0.25,2,OK,,0.5,2,OK,FEW_DISTINCT_SOURCES,0.44308243782576173,2,OK,FEW_DISTINCT_DESTINATIONS,0.11006379941981537,3,OK,,,0,INSUFFICIENT_EVIDENCE,,0.0,1,OK,,CELL_CONSOLIDATION,0.5,False,False,0.0,2
ckb1qzda0cr08m85hc8jlnfp3zer7xulejywt49kt2rr0vthywaa50xwsqf8dmcwxvvdpwl6uefpwajgydh4un9yulqxl5y8f,0.08102387588373305,3,OK,,0.3304004854368932,2,OK,SINGLE_LOCK_SCRIPT,0.18421884411240838,3,OK,,0.1493750498286123,2,OK,,0.17058739652567304,2,OK,,0.3000485440616202,2,OK,FEW_DISTINCT_DESTINATIONS,0.3330545062302574,3,OK,NEAR_ZERO_NET_FLOW,0.8625345236261346,4,OK,HIGH_INTERVAL_VARIANCE;VARIED_TIME_OF_DAY;VARIED_DAY_OF_WEEK;MIXED_TX_SHAPES,0.0,1,OK,,IRREGULAR_ACTIVITY,0.8625345236261346,False,False,0.0,1648
ckb1qzda0cr08m85hc8jlnfp3zer7xulejywt49kt2rr0vthywaa50xwsqf9gpm79hetc79v6ctwyzddhtwe9g6mfmq0sm2ez,,0,INSUFFICIENT_EVIDENCE,,,0,INSUFFICIENT_EVIDENCE,DOMINANT_TX_SHAPE;SINGLE_LOCK_SCRIPT,0.0,2,OK,,0.0,2,OK,,0.0,2,OK,FEW_DISTINCT_SOURCES,0.0,2,OK,FEW_DISTINCT_DESTINATIONS,,0,INSUFFICIENT_EVIDENCE,,,0,INSUFFICIENT_EVIDENCE,,0.0,1,OK,,INSUFFICIENT_EVIDENCE,,False,False,0.0,1
ckb1qzda0cr08m85hc8jlnfp3zer7xulejywt49kt2rr0vthywaa50xwsqf9jwdl03xznuj4m32a9mlc2ejzu3rj3sc2k2ffj,0.24528487206394156,3,OK,,0.34903047091412737,2,OK,SINGLE_LOCK_SCRIPT,0.19441938714415913,3,OK,,0.2977032860587165,2,OK,,0.3814091419279209,2,OK,FEW_DISTINCT_SOURCES,0.3166627949004059,2,OK,FEW_DISTINCT_DESTINATIONS,0.33318593952793923,3,OK,NEAR_ZERO_NET_FLOW,0.6020469730686822,4,OK,VARIED_DAY_OF_WEEK;MIXED_TX_SHAPES,0.0,1,OK,,IRREGULAR_ACTIVITY,0.6020469730686822,False,False,0.0,1444
ckb1qzda0cr08m85hc8jlnfp3zer7xulejywt49kt2rr0vthywaa50xwsqfc5kszzn9mc2zycl58v8jjrk9zhmr97cg3ndvfs,0.0,3,OK,,0.75,2,OK,DOMINANT_TX_SHAPE;SINGLE_LOCK_SCRIPT,0.0,3,OK,MANY_DISTINCT_RECIPIENTS,0.0,2,OK,MANY_DISTINCT_SENDERS,0.0,2,OK,,0.0,2,OK,,0.8064748419609847,3,OK,HIGH_RECIPROCITY_CELL;HIGH_RECIPROCITY_LEGACY_EDGES;NEAR_ZERO_NET_FLOW,0.737583620542133,4,OK,HIGH_INTERVAL_VARIANCE;VARIED_TIME_OF_DAY;VARIED_DAY_OF_WEEK,0.0,1,OK,,ROUND_TRIP,0.8064748419609847,True,False,0.0,542
ckb1qzda0cr08m85hc8jlnfp3zer7xulejywt49kt2rr0vthywaa50xwsqfc63dma5fy3kywpnada5yy99tpqvl4dechg9csl,0.0,2,OK,,0.734375,2,OK,DOMINANT_TX_SHAPE;SINGLE_LOCK_SCRIPT,0.0,3,OK,,0.01676946002312311,2,OK,MANY_DISTINCT_SENDERS,0.012629066073278562,2,OK,,0.0,2,OK,FEW_DISTINCT_DESTINATIONS,0.18493807402272,3,OK,,0.6629291116072311,4,OK,HIGH_INTERVAL_VARIANCE;VARIED_DAY_OF_WEEK,0.0,1,OK,,IRREGULAR_ACTIVITY,0.6629291116072311,True,False,0.0,48
ckb1qzda0cr08m85hc8jlnfp3zer7xulejywt49kt2rr0vthywaa50xwsqfcls7pnlg5eausdqrj4k0jrlhm7zy3jrsjljh33,0.2544432471115505,3,OK,,0.3652849740932642,2,OK,SINGLE_LOCK_SCRIPT,0.044926004560299986,3,OK,,0.27992859762192346,2,OK,,0.35863670715077756,2,OK,FEW_DISTINCT_SOURCES,0.05559061983822598,2,OK,FEW_DISTINCT_DESTINATIONS,0.3331513815324102,3,OK,NEAR_ZERO_NET_FLOW,0.8761975578674421,4,OK,HIGH_INTERVAL_VARIANCE;VARIED_TIME_OF_DAY;VARIED_DAY_OF_WEEK;MIXED_TX_SHAPES,0.0,1,OK,,IRREGULAR_ACTIVITY,0.8761975578674421,False,False,0.0,2123
ckb1qzda0cr08m85hc8jlnfp3zer7xulejywt49kt2rr0vthywaa50xwsqfcwzl3jytqrrgtuwmapvqe42txrxvqlncewj9c8,,0,INSUFFICIENT_EVIDENCE,,0.75,1,OK,DOMINANT_TX_SHAPE;SINGLE_LOCK_SCRIPT,0.5,2,OK,FANOUT_DOMINANT_SHAPE,0.0,2,OK,,0.0,2,OK,FEW_DISTINCT_SOURCES,1.0,2,OK,1_TO_N_SHAPE;FEW_DISTINCT_DESTINATIONS,0.0,3,OK,,,0,INSUFFICIENT_EVIDENCE,HIGH_INTERVAL_VARIANCE;VARIED_DAY_OF_WEEK,0.0,1,OK,,CELL_FRAGMENTATION,1.0,True,False,0.0,4
ckb1qzda0cr08m85hc8jlnfp3zer7xulejywt49kt2rr0vthywaa50xwsqfd8eyknzynse6m9r0zlfjyt4qpxnlr86svrekgm,,0,INSUFFICIENT_EVIDENCE,,0.5,1,OK,SINGLE_LOCK_SCRIPT,0.21211732151966223,3,OK,,0.0,2,OK,,0.0,2,OK,,0.257443250434349,2,OK,,0.3333333333333333,3,OK,NEAR_ZERO_NET_FLOW,,0,INSUFFICIENT_EVIDENCE,HIGH_INTERVAL_VARIANCE,0.0,1,OK,,ROUND_TRIP,0.3333333333333333,False,False,0.0,3
ckb1qzda0cr08m85hc8jlnfp3zer7xulejywt49kt2rr0vthywaa50xwsqfdna4hqan5me6y8mfqr83y4epmrdrc6cs33gx6e,0.3216756033454975,3,OK,,0.6666666666666666,2,OK,DOMINANT_TX_SHAPE;SINGLE_LOCK_SCRIPT,0.4836203187530849,3,OK,FANOUT_DOMINANT_SHAPE,0.06534952413271568,2,OK,,0.09846276396128038,2,OK,FEW_DISTINCT_SOURCES,0.7877021116902431,2,OK,1_TO_N_SHAPE;FEW_DISTINCT_DESTINATIONS,0.2546195931967304,3,OK,,0.5116932807652815,4,OK,HIGH_INTERVAL_VARIANCE;VARIED_DAY_OF_WEEK,0.0,1,OK,,CELL_FRAGMENTATION,0.7877021116902431,False,False,0.0,9
ckb1qzda0cr08m85hc8jlnfp3zer7xulejywt49kt2rr0vthywaa50xwsqfedd2txrs2mkwpdnqawg67t6dg873utxcxh2uzw,,0,INSUFFICIENT_EVIDENCE,,,0,INSUFFICIENT_EVIDENCE,,,0,INSUFFICIENT_EVIDENCE,,,0,INSUFFICIENT_EVIDENCE,,,0,INSUFFICIENT_EVIDENCE,,,0,INSUFFICIENT_EVIDENCE,,,0,INSUFFICIENT_EVIDENCE,,,0,INSUFFICIENT_EVIDENCE,,0.0,1,OK,,INSUFFICIENT_EVIDENCE,,False,False,0.0,0
ckb1qzda0cr08m85hc8jlnfp3zer7xulejywt49kt2rr0vthywaa50xwsqfewq5cphjmj7j53dgvs9ekquz7wp0eadggz3t4x,0.46473029252042114,3,OK,,0.4772727272727273,2,OK,SINGLE_LOCK_SCRIPT,0.4721005016723951,3,OK,FANOUT_DOMINANT_SHAPE,0.0,2,OK,,0.0,2,OK,,0.4681619260119938,2,OK,1_TO_N_SHAPE,0.31936578442673325,3,OK,NEAR_ZERO_NET_FLOW,0.52995260709791,4,OK,VARIED_DAY_OF_WEEK,0.0,1,OK,,IRREGULAR_ACTIVITY,0.52995260709791,False,False,0.0,22
ckb1qzda0cr08m85hc8jlnfp3zer7xulejywt49kt2rr0vthywaa50xwsqff60m3g73j280arxmzwp6anr9g04xmmast74txw,0.0024330900243309,3,OK,,0.5775547445255474,2,OK,SINGLE_LOCK_SCRIPT,0.16404993004075605,3,OK,,0.0024682169138280025,2,OK,,0.002818721720084074,2,OK,,0.16109847297597282,2,OK,,0.3332855948522166,3,OK,NEAR_ZERO_NET_FLOW,0.6925592118769712,4,OK,HIGH_INTERVAL_VARIANCE;VARIED_DAY_OF_WEEK,0.0,1,OK,,IRREGULAR_ACTIVITY,0.6925592118769712,False,False,0.0,274
ckb1qzda0cr08m85hc8jlnfp3zer7xulejywt49kt2rr0vthywaa50xwsqfg0c6expwhe3wjs5vkk7e2legcah5gvjqvdy8l7,,0,INSUFFICIENT_EVIDENCE,,,0,INSUFFICIENT_EVIDENCE,DOMINANT_TX_SHAPE;SINGLE_LOCK_SCRIPT,0.0,3,OK,,0.0,2,OK,,0.0,2,OK,FEW_DISTINCT_SOURCES,0.0,2,OK,FEW_DISTINCT_DESTINATIONS,0.3333333333333333,3,OK,NEAR_ZERO_NET_FLOW,,0,INSUFFICIENT_EVIDENCE,,0.0,1,OK,,ROUND_TRIP,0.3333333333333333,False,False,0.0,2
ckb1qzda0cr08m85hc8jlnfp3zer7xulejywt49kt2rr0vthywaa50xwsqfgj90k2l7xlregd38wufzgkvhx0f8zk5g0zvkvj,,0,INSUFFICIENT_EVIDENCE,,,0,INSUFFICIENT_EVIDENCE,,,0,INSUFFICIENT_EVIDENCE,,,0,INSUFFICIENT_EVIDENCE,,,0,INSUFFICIENT_EVIDENCE,,,0,INSUFFICIENT_EVIDENCE,,,0,INSUFFICIENT_EVIDENCE,,,0,INSUFFICIENT_EVIDENCE,,0.0,1,OK,,INSUFFICIENT_EVIDENCE,,False,False,0.0,0
ckb1qzda0cr08m85hc8jlnfp3zer7xulejywt49kt2rr0vthywaa50xwsqfh3hsd0an0xag0qzx0ay8qrtpclap9x3she6gvj,,0,INSUFFICIENT_EVIDENCE,,,0,INSUFFICIENT_EVIDENCE,SINGLE_LOCK_SCRIPT,0.25,2,OK,,0.0,2,OK,,0.0,2,OK,FEW_DISTINCT_SOURCES,0.5,2,OK,FEW_DISTINCT_DESTINATIONS,0.0,3,OK,,,0,INSUFFICIENT_EVIDENCE,,0.0,1,OK,,CELL_FRAGMENTATION,0.5,False,False,0.0,2
ckb1qzda0cr08m85hc8jlnfp3zer7xulejywt49kt2rr0vthywaa50xwsqfh8xfzhxnsgxq7st5khe2fa59da8lp6gchut7ky,0.6213404949363763,3,OK,LOW_LIFETIME_VARIANCE,0.375,2,OK,SINGLE_LOCK_SCRIPT,0.0,3,OK,,0.0,2,OK,,0.0,2,OK,FEW_DISTINCT_SOURCES,0.0,2,OK,FEW_DISTINCT_DESTINATIONS,0.3333333333333333,3,OK,NEAR_ZERO_NET_FLOW,0.4997437406918833,4,OK,HIGH_INTERVAL_VARIANCE;VARIED_DAY_OF_WEEK,0.0,1,OK,,PERIODIC_EXECUTION,0.6213404949363763,False,False,0.0,74
ckb1qzda0cr08m85hc8jlnfp3zer7xulejywt49kt2rr0vthywaa50xwsqfhhns5zvr3d2rxe8lswgx9whpq0a0kmzsruh3s5,0.4492955373667278,3,OK,,0.375,2,OK,SINGLE_LOCK_SCRIPT,0.0,3,OK,,0.0,2,OK,,0.0,2,OK,FEW_DISTINCT_SOURCES,0.0,2,OK,FEW_DISTINCT_DESTINATIONS,0.3333333333333333,3,OK,NEAR_ZERO_NET_FLOW,0.6410845700414799,4,OK,HIGH_INTERVAL_VARIANCE;VARIED_DAY_OF_WEEK,0.0,1,OK,,IRREGULAR_ACTIVITY,0.6410845700414799,False,False,0.0,1110
ckb1qzda0cr08m85hc8jlnfp3zer7xulejywt49kt2rr0vthywaa50xwsqfhlkvwqu09p0fh8aqkzw4q63frnwe3lqgphr4ny,0.49871279480535674,2,OK,LOW_INTERVAL_VARIANCE,0.75,1,OK,DOMINANT_TX_SHAPE;SINGLE_LOCK_SCRIPT,0.0,2,OK,,0.0,2,OK,,0.0,2,OK,FEW_DISTINCT_SOURCES,0.0,2,OK,FEW_DISTINCT_DESTINATIONS,0.0,3,OK,,0.24800961870304983,4,OK,VARIED_DAY_OF_WEEK,0.0,1,OK,,PERIODIC_EXECUTION,0.49871279480535674,True,False,0.0,17
ckb1qzda0cr08m85hc8jlnfp3zer7xulejywt49kt2rr0vthywaa50xwsqfhm04agnaq6r8t8fn75zclt30x0es6fyqn07upn,0.5206763777794753,3,OK,LOW_LIFETIME_VARIANCE,0.4111922141119222,2,OK,SINGLE_LOCK_SCRIPT,0.0,3,OK,,0.0,2,OK,,0.0,2,OK,FEW_DISTINCT_SOURCES,0.0,2,OK,FEW_DISTINCT_DESTINATIONS,0.31927543977782075,3,OK,NEAR_ZERO_NET_FLOW,0.5773321152186763,4,OK,HIGH_INTERVAL_VARIANCE;VARIED_DAY_OF_WEEK,0.0,1,OK,,IRREGULAR_ACTIVITY,0.5773321152186763,False,False,0.0,1352
ckb1qzda0cr08m85hc8jlnfp3zer7xulejywt49kt2rr0vthywaa50xwsqfhncpyvtj7w4euhnwwnndksez0kl7kljgjp39t5,,0,INSUFFICIENT_EVIDENCE,DOMINANT_1TO1_SHAPE,,0,INSUFFICIENT_EVIDENCE,DOMINANT_TX_SHAPE;SINGLE_LOCK_SCRIPT,0.0,2,OK,,0.0,2,OK,,0.0,2,OK,FEW_DISTINCT_SOURCES,0.0,2,OK,FEW_DISTINCT_DESTINATIONS,,0,INSUFFICIENT_EVIDENCE,,,0,INSUFFICIENT_EVIDENCE,,0.0,1,OK,,INSUFFICIENT_EVIDENCE,,False,False,0.0,1
ckb1qzda0cr08m85hc8jlnfp3zer7xulejywt49kt2rr0vthywaa50xwsqfj8ejt4qckvuzrtezy9nvcv7le9ur8cuqy7s5x8,0.14182037725098032,3,OK,,0.375,2,OK,SINGLE_LOCK_SCRIPT,0.3338502103700523,3,OK,,0.29407285859722054,2,OK,,0.44308243782576173,2,OK,FEW_DISTINCT_SOURCES,0.40705587966589163,2,OK,FEW_DISTINCT_DESTINATIONS,0.3333333333333333,3,OK,NEAR_ZERO_NET_FLOW,0.5368168960250883,4,OK,HIGH_INTERVAL_VARIANCE;VARIED_DAY_OF_WEEK,0.0,1,OK,,IRREGULAR_ACTIVITY,0.5368168960250883,False,False,0.0,300
ckb1qzda0cr08m85hc8jlnfp3zer7xulejywt49kt2rr0vthywaa50xwsqfjhl5nx82y5z2xdhwqhg34vkzta6gttgc05sfu2,0.5127494564948221,3,OK,LOW_LIFETIME_VARIANCE,0.375,2,OK,SINGLE_LOCK_SCRIPT,0.27037767058337486,3,OK,,0.0,2,OK,,0.0,2,OK,FEW_DISTINCT_SOURCES,0.4403807156438973,2,OK,FEW_DISTINCT_DESTINATIONS,0.3333333333333333,3,OK,NEAR_ZERO_NET_FLOW,0.5941811200722038,4,OK,HIGH_INTERVAL_VARIANCE;VARIED_DAY_OF_WEEK,0.0,1,OK,,IRREGULAR_ACTIVITY,0.5941811200722038,False,False,0.0,1312
ckb1qzda0cr08m85hc8jlnfp3zer7xulejywt49kt2rr0vthywaa50xwsqfju4w7mgnq2xl34rgmv7avnczycrkc9xqedr5fc,0.21804919078267915,3,OK,,0.7159090909090909,2,OK,DOMINANT_TX_SHAPE;SINGLE_LOCK_SCRIPT,0.024730584481691815,3,OK,,0.0,2,OK,,0.0,2,OK,FEW_DISTINCT_SOURCES,0.04028022162052375,2,OK,FEW_DISTINCT_DESTINATIONS,0.2764619243947301,3,OK,NEAR_ZERO_NET_FLOW,0.570018926426394,4,OK,HIGH_INTERVAL_VARIANCE,0.0,1,OK,,IRREGULAR_ACTIVITY,0.570018926426394,True,False,0.0,44
ckb1qzda0cr08m85hc8jlnfp3zer7xulejywt49kt2rr0vthywaa50xwsqfk06jtv959avpca47ucdh54qfg8wr9x5g9e69zn,0.12175355008639359,3,OK,,0.3755522827687776,2,OK,SINGLE_LOCK_SCRIPT,0.0,3,OK,,0.29363976160370475,2,OK,,0.44242988637093733,2,OK,FEW_DISTINCT_SOURCES,0.0,2,OK,FEW_DISTINCT_DESTINATIONS,0.3321025324462196,3,OK,NEAR_ZERO_NET_FLOW,0.6469902739958278,4,OK,HIGH_INTERVAL_VARIANCE;VARIED_DAY_OF_WEEK,0.0,1,OK,,IRREGULAR_ACTIVITY,0.6469902739958278,False,False,0.0,679
ckb1qzda0cr08m85hc8jlnfp3zer7xulejywt49kt2rr0vthywaa50xwsqfk74jml992maq6k2g9gn5znh4qsqlcg0gxqejgl,,0,INSUFFICIENT_EVIDENCE,,,0,INSUFFICIENT_EVIDENCE,SINGLE_LOCK_SCRIPT,0.0,3,OK,,0.29407285859722054,2,OK,,0.44308243782576173,2,OK,FEW_DISTINCT_SOURCES,0.0,2,OK,FEW_DISTINCT_DESTINATIONS,0.3333333333333333,3,OK,NEAR_ZERO_NET_FLOW,,0,INSUFFICIENT_EVIDENCE,,0.0,1,OK,,CELL_CONSOLIDATION,0.44308243782576173,False,False,0.0,2
ckb1qzda0cr08m85hc8jlnfp3zer7xulejywt49kt2rr0vthywaa50xwsqfk8ulu9g9wd9h3z4uvuct55u9xf3g5rwcf6r2em,,0,INSUFFICIENT_EVIDENCE,,,0,INSUFFICIENT_EVIDENCE,,,0,INSUFFICIENT_EVIDENCE,,,0,INSUFFICIENT_EVIDENCE,,,0,INSUFFICIENT_EVIDENCE,,,0,INSUFFICIENT_EVIDENCE,,,0,INSUFFICIENT_EVIDENCE,,,0,INSUFFICIENT_EVIDENCE,HIGH_INTERVAL_VARIANCE;VARIED_TIME_OF_DAY;VARIED_DAY_OF_WEEK,0.0,1,OK,,INSUFFICIENT_EVIDENCE,,False,False,0.0,0
ckb1qzda0cr08m85hc8jlnfp3zer7xulejywt49kt2rr0vthywaa50xwsqfkame6ddm458vr9j43h04m2hq3uecnxlgr77utf,0.4310032294298911,3,OK,,0.7350993377483444,2,OK,DOMINANT_TX_SHAPE;SINGLE_LOCK_SCRIPT,0.0,3,OK,,0.011685014248896139,2,OK,,0.017605924681818284,2,OK,FEW_DISTINCT_SOURCES,0.0,2,OK,,0.32057067334427636,3,OK,NEAR_ZERO_NET_FLOW,0.3660991373580914,4,OK,VARIED_DAY_OF_WEEK,0.0,1,OK,,PERIODIC_EXECUTION,0.4310032294298911,True,False,0.0,48
ckb1qzda0cr08m85hc8jlnfp3zer7xulejywt49kt2rr0vthywaa50xwsqfkjglwnv0p5h4wujzvz65rekwxmx2d0zsn7yllu,0.42290703038285626,2,OK,,0.75,1,OK,DOMINANT_TX_SHAPE;SINGLE_LOCK_SCRIPT,0.5,2,OK,FANOUT_DOMINANT_SHAPE,0.0,2,OK,,0.0,2,OK,FEW_DISTINCT_SOURCES,1.0,2,OK,1_TO_N_SHAPE;FEW_DISTINCT_DESTINATIONS,0.0,3,OK,,0.4042547848483158,4,OK,VARIED_DAY_OF_WEEK,0.0,1,OK,,CELL_FRAGMENTATION,1.0,True,False,0.0,44
ckb1qzda0cr08m85hc8jlnfp3zer7xulejywt49kt2rr0vthywaa50xwsqfklpav762duvc8cva7gnz89nzvksp6r3qeh6wvh,,0,INSUFFICIENT_EVIDENCE,,,0,INSUFFICIENT_EVIDENCE,DOMINANT_TX_SHAPE;SINGLE_LOCK_SCRIPT,0.0,3,OK,,0.0,2,OK,,0.0,2,OK,,0.0,2,OK,FEW_DISTINCT_DESTINATIONS,0.3888888888888889,3,OK,,,0,INSUFFICIENT_EVIDENCE,,0.0,1,OK,,ROUND_TRIP,0.3888888888888889,False,False,0.0,2
ckb1qzda0cr08m85hc8jlnfp3zer7xulejywt49kt2rr0vthywaa50xwsqfkwd5sdf803w98t5l5yk4k2myy60x3qyqzn876v,0.3193770667763806,3,OK,,0.45708955223880593,2,OK,SINGLE_LOCK_SCRIPT,0.22171316024010349,3,OK,,0.0011686036769448542,2,OK,,0.001220038186716838,2,OK,,0.3187238431388414,2,OK,FEW_DISTINCT_DESTINATIONS,0.3576387321088979,3,OK,,0.7006255989252637,4,OK,HIGH_INTERVAL_VARIANCE;VARIED_TIME_OF_DAY;VARIED_DAY_OF_WEEK,0.0,1,OK,,IRREGULAR_ACTIVITY,0.7006255989252637,False,False,0.0,1206
ckb1qzda0cr08m85hc8jlnfp3zer7xulejywt49kt2rr0vthywaa50xwsqflgd96hhegvt75t3admj08a2y88yv5mdqy6cqs0,,0,INSUFFICIENT_EVIDENCE,,,0,INSUFFICIENT_EVIDENCE,SINGLE_LOCK_SCRIPT,0.0,3,OK,,0.3198538281761806,2,OK,,0.40978779832136747,2,OK,FEW_DISTINCT_SOURCES,0.0,2,OK,FEW_DISTINCT_DESTINATIONS,0.3333333333333333,3,OK,NEAR_ZERO_NET_FLOW,,0,INSUFFICIENT_EVIDENCE,,0.0,1,OK,,CELL_CONSOLIDATION,0.40978779832136747,False,False,0.0,2
ckb1qzda0cr08m85hc8jlnfp3zer7xulejywt49kt2rr0vthywaa50xwsqfn7k56km47p5javnrpw4ufny8gcyqjyxschyrkw,0.30408449951583655,3,OK,,0.3543689320388349,2,OK,SINGLE_LOCK_SCRIPT,0.23418022716320497,3,OK,,0.014293484699007809,2,OK,,0.011721219294339759,2,OK,,0.3814237167043774,2,OK,FEW_DISTINCT_DESTINATIONS,0.3333333333333333,3,OK,NEAR_ZERO_NET_FLOW,0.8590927145471976,4,OK,HIGH_INTERVAL_VARIANCE;VARIED_TIME_OF_DAY;VARIED_DAY_OF_WEEK;MIXED_TX_SHAPES,0.0,1,OK,,IRREGULAR_ACTIVITY,0.8590927145471976,False,False,0.0,927
ckb1qzda0cr08m85hc8jlnfp3zer7xulejywt49kt2rr0vthywaa50xwsqfnxmdem0nvxr00pmjc4nva7aft2e6gtus2lccwn,0.26015153872753466,3,OK,,0.3746770025839793,2,OK,SINGLE_LOCK_SCRIPT,0.27180211712867175,3,OK,,0.0027549856001393308,2,OK,,0.0035296106659893365,2,OK,FEW_DISTINCT_SOURCES,0.4427007992057567,2,OK,FEW_DISTINCT_DESTINATIONS,0.3333333333333333,3,OK,NEAR_ZERO_NET_FLOW,0.6317792815238057,4,OK,HIGH_INTERVAL_VARIANCE;VARIED_DAY_OF_WEEK;MIXED_TX_SHAPES,0.0,1,OK,,IRREGULAR_ACTIVITY,0.6317792815238057,False,False,0.0,1161
ckb1qzda0cr08m85hc8jlnfp3zer7xulejywt49kt2rr0vthywaa50xwsqfplruvrt4qsh2vu7vla0uuk2pxvstfx6csgmzu5,0.053219521509027756,2,OK,,0.625,2,OK,SINGLE_LOCK_SCRIPT,0.45339404883101714,3,OK,FANOUT_DOMINANT_SHAPE,0.09802428619907348,2,OK,,0.1476941459419205,2,OK,FEW_DISTINCT_SOURCES,0.7384707297096029,2,OK,1_TO_N_SHAPE;FEW_DISTINCT_DESTINATIONS,0.2846522719144307,3,OK,NEAR_ZERO_NET_FLOW,0.5156395946234807,4,OK,HIGH_INTERVAL_VARIANCE;VARIED_DAY_OF_WEEK,0.0,1,OK,,CELL_FRAGMENTATION,0.7384707297096029,False,False,0.0,6
ckb1qzda0cr08m85hc8jlnfp3zer7xulejywt49kt2rr0vthywaa50xwsqfqqgdjzldwm3gcuxnclfscjda2lw7jruqjxyp93,,0,INSUFFICIENT_EVIDENCE,,,0,INSUFFICIENT_EVIDENCE,DOMINANT_TX_SHAPE;SINGLE_LOCK_SCRIPT,0.0,3,OK,,0.0,2,OK,,0.0,2,OK,FEW_DISTINCT_SOURCES,0.0,2,OK,FEW_DISTINCT_DESTINATIONS,0.3333333333333333,3,OK,NEAR_ZERO_NET_FLOW,,0,INSUFFICIENT_EVIDENCE,,0.0,1,OK,,ROUND_TRIP,0.3333333333333333,False,False,0.0,2
ckb1qzda0cr08m85hc8jlnfp3zer7xulejywt49kt2rr0vthywaa50xwsqfqr2l6rqllmnhtpzptgq9fnagsykcffxcpqmjuu,0.4455751216187556,3,OK,,0.375,2,OK,SINGLE_LOCK_SCRIPT,0.0,3,OK,,0.0029301327545290298,2,OK,,0.0024028240349077807,2,OK,,0.0,2,OK,FEW_DISTINCT_DESTINATIONS,0.3333333333333333,3,OK,NEAR_ZERO_NET_FLOW,0.8681304050389242,4,OK,HIGH_INTERVAL_VARIANCE;VARIED_TIME_OF_DAY;VARIED_DAY_OF_WEEK,0.0,1,OK,,IRREGULAR_ACTIVITY,0.8681304050389242,False,False,0.0,266
ckb1qzda0cr08m85hc8jlnfp3zer7xulejywt49kt2rr0vthywaa50xwsqfr084zhvecgk6223300mchj39my66q5dqd5030q,0.060245547180559855,3,OK,,0.504180602006689,2,OK,SINGLE_LOCK_SCRIPT,0.0,3,OK,,0.19277016817744222,2,OK,,0.2904486883406331,2,OK,FEW_DISTINCT_SOURCES,0.0,2,OK,FEW_DISTINCT_DESTINATIONS,0.3333333333333333,3,OK,NEAR_ZERO_NET_FLOW,0.5956587408833847,4,OK,HIGH_INTERVAL_VARIANCE;VARIED_DAY_OF_WEEK,0.0,1,OK,,IRREGULAR_ACTIVITY,0.5956587408833847,False,False,0.0,299
ckb1qzda0cr08m85hc8jlnfp3zer7xulejywt49kt2rr0vthywaa50xwsqfrlamn0mk353jsutukulxcxyf8je85wwg5l5nnv,0.0070648683365446335,3,OK,,0.40028901734104044,2,OK,SINGLE_LOCK_SCRIPT,0.2903818532397497,3,OK,FANOUT_DOMINANT_SHAPE,0.14052036403104176,2,OK,,0.21172339996298434,2,OK,FEW_DISTINCT_SOURCES,0.4729627563689248,2,OK,1_TO_N_SHAPE;FEW_DISTINCT_DESTINATIONS,0.3328910204356556,3,OK,NEAR_ZERO_NET_FLOW,0.7794289952223163,4,OK,HIGH_INTERVAL_VARIANCE;VARIED_DAY_OF_WEEK,0.0,1,OK,,IRREGULAR_ACTIVITY,0.7794289952223163,False,False,0.0,519
ckb1qzda0cr08m85hc8jlnfp3zer7xulejywt49kt2rr0vthywaa50xwsqfrmvt598cnr70mhtyt9afjg9yju7s0n6gw0e8d4,0.47285562836748257,3,OK,LOW_LIFETIME_VARIANCE,0.375,2,OK,SINGLE_LOCK_SCRIPT,0.0186326321437404,3,OK,,0.0,2,OK,MANY_DISTINCT_SENDERS,0.0,2,OK,,0.030348112179846648,2,OK,FEW_DISTINCT_DESTINATIONS,0.3333333333333333,3,OK,NEAR_ZERO_NET_FLOW,0.7263473361704691,4,OK,HIGH_INTERVAL_VARIANCE;VARIED_DAY_OF_WEEK,0.0,1,OK,,IRREGULAR_ACTIVITY,0.7263473361704691,False,False,0.0,146
ckb1qzda0cr08m85hc8jlnfp3zer7xulejywt49kt2rr0vthywaa50xwsqfrvc7cagn8h4g3harg8cwdfpq3sx7sxms2r27la,,0,INSUFFICIENT_EVIDENCE,,0.75,1,OK,DOMINANT_TX_SHAPE;SINGLE_LOCK_SCRIPT,0.0,3,OK,,0.0,2,OK,,0.0,2,OK,,0.0,2,OK,FEW_DISTINCT_DESTINATIONS,0.4666666666666666,3,OK,NEAR_ZERO_NET_FLOW,,0,INSUFFICIENT_EVIDENCE,,0.0,1,OK,,ROUND_TRIP,0.4666666666666666,True,False,0.0,3
ckb1qzda0cr08m85hc8jlnfp3zer7xulejywt49kt2rr0vthywaa50xwsqfrwmam5nkqvxfjujhr7kk9d2f2dvdj4egq7kqlm,0.600233364628702,3,OK,LOW_LIFETIME_VARIANCE,0.375,2,OK,SINGLE_LOCK_SCRIPT,0.0,3,OK,,0.0011547069609248084,2,OK,,0.0014793783332900953,2,OK,FEW_DISTINCT_SOURCES,0.0,2,OK,FEW_DISTINCT_DESTINATIONS,0.3333333333333333,3,OK,NEAR_ZERO_NET_FLOW,0.5374859421425519,4,OK,HIGH_INTERVAL_VARIANCE;VARIED_DAY_OF_WEEK,0.0,1,OK,,PERIODIC_EXECUTION,0.600233364628702,False,False,0.0,554
ckb1qzda0cr08m85hc8jlnfp3zer7xulejywt49kt2rr0vthywaa50xwsqfrylux2xrmpnzgkwzs8u9cjgq5cy6lqusc94mes,0.09403184918929645,3,OK,,0.3628472222222222,2,OK,SINGLE_LOCK_SCRIPT,0.0894193818527839,3,OK,,0.3094881948556562,2,OK,,0.3965076381905824,2,OK,FEW_DISTINCT_SOURCES,0.14564283835939387,2,OK,FEW_DISTINCT_DESTINATIONS,0.3332316911255782,3,OK,NEAR_ZERO_NET_FLOW,0.664482090822557,4,OK,HIGH_INTERVAL_VARIANCE;VARIED_DAY_OF_WEEK;MIXED_TX_SHAPES,0.0,1,OK,,IRREGULAR_ACTIVITY,0.664482090822557,False,False,0.0,1296
ckb1qzda0cr08m85hc8jlnfp3zer7xulejywt49kt2rr0vthywaa50xwsqfs5vasvpjrtmhvt7s89f479c3dupy3xfc7dzv9s,,0,INSUFFICIENT_EVIDENCE,,,0,INSUFFICIENT_EVIDENCE,,,0,INSUFFICIENT_EVIDENCE,,,0,INSUFFICIENT_EVIDENCE,,,0,INSUFFICIENT_EVIDENCE,,,0,INSUFFICIENT_EVIDENCE,,,0,INSUFFICIENT_EVIDENCE,,,0,INSUFFICIENT_EVIDENCE,,0.0,1,OK,,INSUFFICIENT_EVIDENCE,,False,False,0.0,0
ckb1qzda0cr08m85hc8jlnfp3zer7xulejywt49kt2rr0vthywaa50xwsqfs65nfxwjwhd2q8t9vpan08q7tr76pugseqqmtp,0.12920547052010434,3,OK,,0.375,2,OK,SINGLE_LOCK_SCRIPT,0.0,3,OK,,0.29407285859722054,2,OK,,0.44308243782576173,2,OK,FEW_DISTINCT_SOURCES,0.0,2,OK,FEW_DISTINCT_DESTINATIONS,0.3333333333333333,3,OK,NEAR_ZERO_NET_FLOW,0.5584521106146608,4,OK,HIGH_INTERVAL_VARIANCE;VARIED_DAY_OF_WEEK,0.0,1,OK,,IRREGULAR_ACTIVITY,0.5584521106146608,False,False,0.0,396
ckb1qzda0cr08m85hc8jlnfp3zer7xulejywt49kt2rr0vthywaa50xwsqfs6c4chhw5kwthmq0jzqyxwmr9fpr5a4qr8l2yd,0.06731719367543604,3,OK,,0.4268292682926829,2,OK,SINGLE_LOCK_SCRIPT,0.20529056551023095,3,OK,MANY_DISTINCT_RECIPIENTS,0.015162949443001138,2,OK,MANY_DISTINCT_SENDERS,0.008130081300813,2,OK,,0.14279892397782473,2,OK,,0.31645293270093455,3,OK,NEAR_ZERO_NET_FLOW,0.7868173723811356,4,OK,HIGH_INTERVAL_VARIANCE;VARIED_TIME_OF_DAY;VARIED_DAY_OF_WEEK,0.0,1,OK,,IRREGULAR_ACTIVITY,0.7868173723811356,False,False,0.0,123
ckb1qzda0cr08m85hc8jlnfp3zer7xulejywt49kt2rr0vthywaa50xwsqfs6k9ygrwtdrn828l4a04ns9fnes960jg3x8k26,,0,INSUFFICIENT_EVIDENCE,,,0,INSUFFICIENT_EVIDENCE,DOMINANT_TX_SHAPE;SINGLE_LOCK_SCRIPT,0.5,2,OK,FANOUT_DOMINANT_SHAPE,0.0,2,OK,,0.0,2,OK,FEW_DISTINCT_SOURCES,1.0,2,OK,1_TO_N_SHAPE;FEW_DISTINCT_DESTINATIONS,,0,INSUFFICIENT_EVIDENCE,,,0,INSUFFICIENT_EVIDENCE,,0.0,1,OK,,CELL_FRAGMENTATION,1.0,False,False,0.0,1
ckb1qzda0cr08m85hc8jlnfp3zer7xulejywt49kt2rr0vthywaa50xwsqfs7v5u87mvk9zdyhmg3ua0aduh4zfw3fsgsfkel,0.16151544657700828,2,OK,,0.44999999999999996,2,OK,SINGLE_LOCK_SCRIPT,0.3585960804383546,3,OK,FANOUT_DOMINANT_SHAPE,0.0,2,OK,,0.0,2,OK,FEW_DISTINCT_SOURCES,0.49174535798564095,2,OK,1_TO_N_SHAPE;FEW_DISTINCT_DESTINATIONS,0.3333333333333333,3,OK,NEAR_ZERO_NET_FLOW,0.4877574705236948,4,OK,HIGH_INTERVAL_VARIANCE,0.0,1,OK,,CELL_FRAGMENTATION,0.49174535798564095,False,False,0.0,5
ckb1qzda0cr08m85hc8jlnfp3zer7xulejywt49kt2rr0vthywaa50xwsqfsajumlzs2pjvtz0xxg42llw5px435u3gxmlwuc,0.057001370898819105,3,OK,,0.455607476635514,2,OK,SINGLE_LOCK_SCRIPT,0.591028641856522,3,OK,FANOUT_DOMINANT_SHAPE;MANY_DISTINCT_RECIPIENTS;EVEN_CAPACITY_SPREAD,0.025899469553635254,2,OK,MANY_DISTINCT_SENDERS,0.014018691588785,2,OK,,0.3037383177570093,2,OK,1_TO_N_SHAPE,0.5494213445271501,3,OK,HIGH_RECIPROCITY_CELL;HIGH_RECIPROCITY_LEGACY_EDGES;NEAR_ZERO_NET_FLOW,0.8310133487820393,4,OK,HIGH_INTERVAL_VARIANCE;VARIED_TIME_OF_DAY;VARIED_DAY_OF_WEEK,0.0,1,OK,,IRREGULAR_ACTIVITY,0.8310133487820393,False,False,0.0,107
ckb1qzda0cr08m85hc8jlnfp3zer7xulejywt49kt2rr0vthywaa50xwsqfsq8jqye7jzl6krc66gkd3lch36mxyhts00xst4,0.6185314919331595,3,OK,LOW_LIFETIME_VARIANCE,0.375,2,OK,SINGLE_LOCK_SCRIPT,0.0,3,OK,,0.0,2,OK,,0.0,2,OK,FEW_DISTINCT_SOURCES,0.0,2,OK,FEW_DISTINCT_DESTINATIONS,0.3333333333333333,3,OK,NEAR_ZERO_NET_FLOW,0.5056748512708733,4,OK,HIGH_INTERVAL_VARIANCE;VARIED_DAY_OF_WEEK,0.0,1,OK,,PERIODIC_EXECUTION,0.6185314919331595,False,False,0.0,662
ckb1qzda0cr08m85hc8jlnfp3zer7xulejywt49kt2rr0vthywaa50xwsqfsu2mrnwlnau7687z605999cuqgmzkyqs0u3985,0.14462154327775545,2,OK,,0.49766355140186913,1,OK,SINGLE_LOCK_SCRIPT,0.16822429906542055,2,OK,,0.0,2,OK,,0.0,2,OK,FEW_DISTINCT_SOURCES,0.3364485981308411,2,OK,FEW_DISTINCT_DESTINATIONS,0.0,3,OK,,0.7122412537701045,4,OK,HIGH_INTERVAL_VARIANCE;VARIED_TIME_OF_DAY;VARIED_DAY_OF_WEEK,0.0,1,OK,,IRREGULAR_ACTIVITY,0.7122412537701045,False,False,0.0,107
ckb1qzda0cr08m85hc8jlnfp3zer7xulejywt49kt2rr0vthywaa50xwsqft980n0alva2vjmkca85wujt5vhtwgzpgqczv9a,0.5850031742238118,3,OK,,0.40909090909090906,2,OK,SINGLE_LOCK_SCRIPT,0.05955772197100875,3,OK,,0.0,2,OK,,0.0,2,OK,FEW_DISTINCT_SOURCES,0.0745068724220668,2,OK,FEW_DISTINCT_DESTINATIONS,0.5896795701664636,3,OK,HIGH_RECIPROCITY_CELL;HIGH_RECIPROCITY_LEGACY_EDGES;NEAR_ZERO_NET_FLOW,0.5302431780155047,4,OK,HIGH_INTERVAL_VARIANCE,0.0,1,OK,,ROUND_TRIP,0.5896795701664636,False,False,0.0,11
ckb1qzda0cr08m85hc8jlnfp3zer7xulejywt49kt2rr0vthywaa50xwsqftd47h3v4gg75m5w3amn3t9f3jqwe4xgqg9r36q,,0,INSUFFICIENT_EVIDENCE,,0.5,2,OK,SINGLE_LOCK_SCRIPT,0.16666666666666666,2,OK,,0.0,2,OK,,0.0,2,OK,FEW_DISTINCT_SOURCES,0.3333333333333333,2,OK,FEW_DISTINCT_DESTINATIONS,0.9999999999998281,1,OK,NEAR_ZERO_NET_FLOW,,0,INSUFFICIENT_EVIDENCE,,0.0,1,OK,,ROUND_TRIP,0.9999999999998281,False,False,0.0,3
ckb1qzda0cr08m85hc8jlnfp3zer7xulejywt49kt2rr0vthywaa50xwsqftm2xn4dlczysw0q2x5alw2v7ur2le8gs8h3teh,0.1211628461482948,3,OK,,0.376984126984127,2,OK,SINGLE_LOCK_SCRIPT,0.295015742688154,3,OK,FANOUT_DOMINANT_SHAPE,0.2925169175464416,2,OK,,0.4407380863028741,2,OK,FEW_DISTINCT_SOURCES,0.41195598773047526,2,OK,1_TO_N_SHAPE;FEW_DISTINCT_DESTINATIONS,0.3333333333333333,3,OK,NEAR_ZERO_NET_FLOW,0.5701064605654581,4,OK,HIGH_INTERVAL_VARIANCE;VARIED_DAY_OF_WEEK,0.0,1,OK,,IRREGULAR_ACTIVITY,0.5701064605654581,False,False,0.0,189
ckb1qzda0cr08m85hc8jlnfp3zer7xulejywt49kt2rr0vthywaa50xwsqftut643fj67jhgc0u2h4m3ggtt290vqmqxqpkju,0.41791366984001277,3,OK,,0.375,2,OK,SINGLE_LOCK_SCRIPT,0.0,3,OK,,0.29407285859722054,2,OK,,0.44308243782576173,2,OK,FEW_DISTINCT_SOURCES,0.0,2,OK,FEW_DISTINCT_DESTINATIONS,0.3333333333333333,3,OK,NEAR_ZERO_NET_FLOW,0.5409749122443661,4,OK,HIGH_INTERVAL_VARIANCE;VARIED_DAY_OF_WEEK,0.0,1,OK,,IRREGULAR_ACTIVITY,0.5409749122443661,False,False,0.0,390
ckb1qzda0cr08m85hc8jlnfp3zer7xulejywt49kt2rr0vthywaa50xwsqfu77q0whtmthcu45dm9l326da8rasmh6g8t7pw9,0.3742002904869069,2,OK,,0.46875,1,OK,SINGLE_LOCK_SCRIPT,0.3125,2,OK,FANOUT_DOMINANT_SHAPE,0.0,2,OK,,0.0,2,OK,FEW_DISTINCT_SOURCES,0.625,2,OK,1_TO_N_SHAPE;FEW_DISTINCT_DESTINATIONS,0.0,3,OK,,0.4034799289804356,4,OK,,0.0,1,OK,,CELL_FRAGMENTATION,0.625,False,False,0.0,8
ckb1qzda0cr08m85hc8jlnfp3zer7xulejywt49kt2rr0vthywaa50xwsqfuss90srspr49ftd2x22zn2zcpthn727gp7z3wq,,0,INSUFFICIENT_EVIDENCE,,,0,INSUFFICIENT_EVIDENCE,,,0,INSUFFICIENT_EVIDENCE,,,0,INSUFFICIENT_EVIDENCE,,,0,INSUFFICIENT_EVIDENCE,,,0,INSUFFICIENT_EVIDENCE,,,0,INSUFFICIENT_EVIDENCE,,,0,INSUFFICIENT_EVIDENCE,,0.0,1,OK,,INSUFFICIENT_EVIDENCE,,False,False,0.0,0
ckb1qzda0cr08m85hc8jlnfp3zer7xulejywt49kt2rr0vthywaa50xwsqfuwj6lqq2hhe8qqm3m5z2xacjjyuy73yqwgnm2m,,0,INSUFFICIENT_EVIDENCE,,,0,INSUFFICIENT_EVIDENCE,SINGLE_LOCK_SCRIPT,0.0,3,OK,,0.29407285859722054,2,OK,,0.44308243782576173,2,OK,FEW_DISTINCT_SOURCES,0.0,2,OK,FEW_DISTINCT_DESTINATIONS,0.3333333333333333,3,OK,NEAR_ZERO_NET_FLOW,,0,INSUFFICIENT_EVIDENCE,,0.0,1,OK,,CELL_CONSOLIDATION,0.44308243782576173,False,False,0.0,2
ckb1qzda0cr08m85hc8jlnfp3zer7xulejywt49kt2rr0vthywaa50xwsqfvfcxm03q9xmn3fy68s9rxp0y5lfqfvjgmmtw0p,0.554796243230757,3,OK,LOW_LIFETIME_VARIANCE,0.375,2,OK,SINGLE_LOCK_SCRIPT,0.27203642929861027,3,OK,,0.0,2,OK,,0.0,2,OK,FEW_DISTINCT_SOURCES,0.44308243782576173,2,OK,FEW_DISTINCT_DESTINATIONS,0.3333333333333333,3,OK,NEAR_ZERO_NET_FLOW,0.5761099140526833,4,OK,HIGH_INTERVAL_VARIANCE;VARIED_DAY_OF_WEEK,0.0,1,OK,,IRREGULAR_ACTIVITY,0.5761099140526833,False,False,0.0,204
ckb1qzda0cr08m85hc8jlnfp3zer7xulejywt49kt2rr0vthywaa50xwsqfvq4dqqh8vq032qx3lxaltkffqvxfe8ts4jur9h,,0,INSUFFICIENT_EVIDENCE,,,0,INSUFFICIENT_EVIDENCE,DOMINANT_TX_SHAPE;SINGLE_LOCK_SCRIPT,0.0,3,OK,,0.0,2,OK,,0.0,2,OK,FEW_DISTINCT_SOURCES,0.0,2,OK,FEW_DISTINCT_DESTINATIONS,,0,INSUFFICIENT_EVIDENCE,NEAR_ZERO_NET_FLOW,,0,INSUFFICIENT_EVIDENCE,,0.0,1,OK,,INSUFFICIENT_EVIDENCE,,False,False,0.0,1
ckb1qzda0cr08m85hc8jlnfp3zer7xulejywt49kt2rr0vthywaa50xwsqfwcjzujntvxpmcjmpt4r6pd4mvxu89k4sr3244x,0.23763041040892008,3,OK,,0.363095238095238,2,OK,SINGLE_LOCK_SCRIPT,0.28712231729419674,3,OK,,0.004667823152336812,2,OK,,0.007033054568662852,2,OK,FEW_DISTINCT_SOURCES,0.3739056732498878,2,OK,,0.30539827134825065,3,OK,NEAR_ZERO_NET_FLOW,0.819933347125548,4,OK,HIGH_INTERVAL_VARIANCE;VARIED_TIME_OF_DAY;VARIED_DAY_OF_WEEK;MIXED_TX_SHAPES,0.0,1,OK,,IRREGULAR_ACTIVITY,0.819933347125548,False,False,0.0,126
ckb1qzda0cr08m85hc8jlnfp3zer7xulejywt49kt2rr0vthywaa50xwsqfwru8wpcx969py0vrrf29ckn928nz26csz7pvxw,0.09567102548402284,3,OK,,0.38028169014084506,2,OK,SINGLE_LOCK_SCRIPT,0.2889407369607403,3,OK,FANOUT_DOMINANT_SHAPE,0.0,2,OK,,0.0,2,OK,FEW_DISTINCT_SOURCES,0.4155594574526543,2,OK,1_TO_N_SHAPE;FEW_DISTINCT_DESTINATIONS,0.30441572619231344,3,OK,NEAR_ZERO_NET_FLOW,0.831968847652772,4,OK,HIGH_INTERVAL_VARIANCE;VARIED_TIME_OF_DAY;VARIED_DAY_OF_WEEK,0.0,1,OK,,IRREGULAR_ACTIVITY,0.831968847652772,False,False,0.0,71
ckb1qzda0cr08m85hc8jlnfp3zer7xulejywt49kt2rr0vthywaa50xwsqfx7c8l89wcf42vxgajjke9zdt7myeqrdqj6mqm6,0.0,3,OK,,0.6513157894736843,2,OK,DOMINANT_TX_SHAPE;SINGLE_LOCK_SCRIPT,0.6411271367822765,3,OK,FANOUT_DOMINANT_SHAPE;MANY_DISTINCT_RECIPIENTS,0.0,2,OK,,0.0,2,OK,,0.4342105263157895,2,OK,1_TO_N_SHAPE,0.33183801154134357,3,OK,NEAR_ZERO_NET_FLOW,0.642295609478027,4,OK,HIGH_INTERVAL_VARIANCE;VARIED_DAY_OF_WEEK,0.0,1,OK,,IRREGULAR_ACTIVITY,0.642295609478027,False,False,0.0,38
ckb1qzda0cr08m85hc8jlnfp3zer7xulejywt49kt2rr0vthywaa50xwsqfxgd9zxl6czs4s3kzr55letennz2l3yjqpt8r79,0.430973333688013,3,OK,,0.375,2,OK,SINGLE_LOCK_SCRIPT,0.3369062540265612,3,OK,,0.28830672411492203,2,OK,,0.4343945468880016,2,OK,FEW_DISTINCT_SOURCES,0.40978779832136747,2,OK,FEW_DISTINCT_DESTINATIONS,0.3333333333333333,3,OK,NEAR_ZERO_NET_FLOW,0.6182932439066372,4,OK,HIGH_INTERVAL_VARIANCE;VARIED_DAY_OF_WEEK,0.0,1,OK,,IRREGULAR_ACTIVITY,0.6182932439066372,False,False,0.0,102
ckb1qzda0cr08m85hc8jlnfp3zer7xulejywt49kt2rr0vthywaa50xwsqfxqhntpalmhxqf2dls2ak9tq52pclnals5mtv4z,0.5152090095908411,3,OK,,0.375,2,OK,SINGLE_LOCK_SCRIPT,0.0,3,OK,,0.0,2,OK,,0.0,2,OK,FEW_DISTINCT_SOURCES,0.0,2,OK,FEW_DISTINCT_DESTINATIONS,0.3333333333333333,3,OK,NEAR_ZERO_NET_FLOW,0.5850806847014813,4,OK,HIGH_INTERVAL_VARIANCE;VARIED_DAY_OF_WEEK,0.0,1,OK,,IRREGULAR_ACTIVITY,0.5850806847014813,False,False,0.0,736
ckb1qzda0cr08m85hc8jlnfp3zer7xulejywt49kt2rr0vthywaa50xwsqfxqr07vgqlgcke2waa8llnuc6e6fmqxdgpe06nl,,0,INSUFFICIENT_EVIDENCE,,,0,INSUFFICIENT_EVIDENCE,,,0,INSUFFICIENT_EVIDENCE,,,0,INSUFFICIENT_EVIDENCE,,,0,INSUFFICIENT_EVIDENCE,,,0,INSUFFICIENT_EVIDENCE,,,0,INSUFFICIENT_EVIDENCE,,,0,INSUFFICIENT_EVIDENCE,VARIED_TIME_OF_DAY;VARIED_DAY_OF_WEEK,0.0,1,OK,,INSUFFICIENT_EVIDENCE,,False,False,0.0,0
ckb1qzda0cr08m85hc8jlnfp3zer7xulejywt49kt2rr0vthywaa50xwsqfxutf5s83ww7s33j2tyc98k7gzr5588vs3kzqs7,,0,INSUFFICIENT_EVIDENCE,,,0,INSUFFICIENT_EVIDENCE,,,0,INSUFFICIENT_EVIDENCE,,,0,INSUFFICIENT_EVIDENCE,,,0,INSUFFICIENT_EVIDENCE,,,0,INSUFFICIENT_EVIDENCE,,,0,INSUFFICIENT_EVIDENCE,,,0,INSUFFICIENT_EVIDENCE,,0.0,1,OK,,INSUFFICIENT_EVIDENCE,,False,False,0.0,0
ckb1qzda0cr08m85hc8jlnfp3zer7xulejywt49kt2rr0vthywaa50xwsqfy9jh56guwkukqsxa6anu49vsyrs07j4qa7y0x8,,0,INSUFFICIENT_EVIDENCE,,,0,INSUFFICIENT_EVIDENCE,,,0,INSUFFICIENT_EVIDENCE,,,0,INSUFFICIENT_EVIDENCE,,,0,INSUFFICIENT_EVIDENCE,,,0,INSUFFICIENT_EVIDENCE,,,0,INSUFFICIENT_EVIDENCE,,,0,INSUFFICIENT_EVIDENCE,,0.0,1,OK,,INSUFFICIENT_EVIDENCE,,False,False,0.0,0
ckb1qzda0cr08m85hc8jlnfp3zer7xulejywt49kt2rr0vthywaa50xwsqfyj5nenrx8y7mcrg2zdhqtyet4xegysfc3xyemf,0.0,3,OK,,0.38268927444794953,2,OK,SINGLE_LOCK_SCRIPT,0.0,3,OK,,0.2880429734840283,2,OK,,0.4339971512457382,2,OK,FEW_DISTINCT_SOURCES,0.0,2,OK,FEW_DISTINCT_DESTINATIONS,0.3331676948379661,3,OK,NEAR_ZERO_NET_FLOW,0.6867104659373361,4,OK,HIGH_INTERVAL_VARIANCE;VARIED_DAY_OF_WEEK,0.0,1,OK,,IRREGULAR_ACTIVITY,0.6867104659373361,False,False,0.0,1268
ckb1qzda0cr08m85hc8jlnfp3zer7xulejywt49kt2rr0vthywaa50xwsqfylyx957e0g3kyjua0fed5gzzj4s2s9qsxafn7t,0.20271346123850828,3,OK,,0.75,2,OK,DOMINANT_TX_SHAPE;SINGLE_LOCK_SCRIPT,0.0,3,OK,MANY_DISTINCT_RECIPIENTS,0.0,2,OK,MANY_DISTINCT_SENDERS,0.0,2,OK,,0.0,2,OK,,0.25320559089755507,3,OK,HIGH_RECIPROCITY_CELL;HIGH_RECIPROCITY_LEGACY_EDGES,0.5962115674094433,4,OK,HIGH_INTERVAL_VARIANCE;VARIED_TIME_OF_DAY;VARIED_DAY_OF_WEEK,0.0,1,OK,,IRREGULAR_ACTIVITY,0.5962115674094433,True,False,0.0,22
ckb1qzda0cr08m85hc8jlnfp3zer7xulejywt49kt2rr0vthywaa50xwsqfz9rdwxs84saj8xcknrclsf4a9r7qk3hqqsv05e,,0,INSUFFICIENT_EVIDENCE,,,0,INSUFFICIENT_EVIDENCE,,,0,INSUFFICIENT_EVIDENCE,,,0,INSUFFICIENT_EVIDENCE,,,0,INSUFFICIENT_EVIDENCE,,,0,INSUFFICIENT_EVIDENCE,,,0,INSUFFICIENT_EVIDENCE,,,0,INSUFFICIENT_EVIDENCE,VARIED_TIME_OF_DAY,0.0,1,OK,,INSUFFICIENT_EVIDENCE,,False,False,0.0,0
ckb1qzda0cr08m85hc8jlnfp3zer7xulejywt49kt2rr0vthywaa50xwsqfza43g58rzyhcd8j6nav9c7cgefmwfgsq34yn7t,0.028304287259447707,3,OK,,0.4639874739039666,2,OK,SINGLE_LOCK_SCRIPT,0.07723790059417744,3,OK,,0.19945128487471364,2,OK,MANY_DISTINCT_SENDERS,0.13524016889353824,2,OK,,0.1258021117835148,2,OK,FEW_DISTINCT_DESTINATIONS,0.33234390943411585,3,OK,NEAR_ZERO_NET_FLOW,0.8189140450319019,4,OK,HIGH_INTERVAL_VARIANCE;VARIED_TIME_OF_DAY;VARIED_DAY_OF_WEEK,0.0,1,OK,,IRREGULAR_ACTIVITY,0.8189140450319019,False,False,0.0,1437
ckb1qzda0cr08m85hc8jlnfp3zer7xulejywt49kt2rr0vthywaa50xwsqfzgxljyv0d2hezcfypqscs5zy3kn7jhnqvv0xt6,,0,INSUFFICIENT_EVIDENCE,,,0,INSUFFICIENT_EVIDENCE,DOMINANT_TX_SHAPE;SINGLE_LOCK_SCRIPT,0.0,3,OK,,0.0,2,OK,,0.0,2,OK,,0.0,2,OK,FEW_DISTINCT_DESTINATIONS,0.3333333333333333,3,OK,NEAR_ZERO_NET_FLOW,,0,INSUFFICIENT_EVIDENCE,,0.0,1,OK,,ROUND_TRIP,0.3333333333333333,False,False,0.0,2
ckb1qzda0cr08m85hc8jlnfp3zer7xulejywt49kt2rr0vthywaa50xwsqfzz2s8jscd5wm0faglpyxl5w3t8fyk69gthp4j7,0.0829141146977167,3,OK,,0.64453125,2,OK,DOMINANT_TX_SHAPE;SINGLE_LOCK_SCRIPT,0.07651024574023414,3,OK,,0.0,2,OK,,0.0,2,OK,FEW_DISTINCT_SOURCES,0.12461693563849549,2,OK,FEW_DISTINCT_DESTINATIONS,0.9924295577040341,3,OK,HIGH_RECIPROCITY_CELL;HIGH_RECIPROCITY_LEGACY_EDGES;NEAR_ZERO_NET_FLOW,0.735305689734246,4,OK,HIGH_INTERVAL_VARIANCE;VARIED_TIME_OF_DAY;VARIED_DAY_OF_WEEK,0.0,1,OK,,ROUND_TRIP,0.9924295577040341,False,False,0.0,64
ckb1qzda0cr08m85hc8jlnfp3zer7xulejywt49kt2rr0vthywaa50xwsqfzzknutrncp6fupm6596sgyh5r0946rpsu6mkpk,,0,INSUFFICIENT_EVIDENCE,,,0,INSUFFICIENT_EVIDENCE,DOMINANT_TX_SHAPE;SINGLE_LOCK_SCRIPT,0.0,3,OK,,0.0,2,OK,,0.0,2,OK,,0.0,2,OK,FEW_DISTINCT_DESTINATIONS,0.3333333333333333,3,OK,NEAR_ZERO_NET_FLOW,,0,INSUFFICIENT_EVIDENCE,,0.0,1,OK,,ROUND_TRIP,0.3333333333333333,False,False,0.0,2
ckb1qzda0cr08m85hc8jlnfp3zer7xulejywt49kt2rr0vthywaa50xwsqg0fsmjwhnshsqzsayprx9f7w0jwkn5zyqcrdluc,,0,INSUFFICIENT_EVIDENCE,,,0,INSUFFICIENT_EVIDENCE,DOMINANT_TX_SHAPE;SINGLE_LOCK_SCRIPT,0.5,2,OK,FANOUT_DOMINANT_SHAPE,0.0,2,OK,,0.0,2,OK,FEW_DISTINCT_SOURCES,1.0,2,OK,1_TO_N_SHAPE;FEW_DISTINCT_DESTINATIONS,,0,INSUFFICIENT_EVIDENCE,,,0,INSUFFICIENT_EVIDENCE,,0.0,1,OK,,CELL_FRAGMENTATION,1.0,False,False,0.0,1
ckb1qzda0cr08m85hc8jlnfp3zer7xulejywt49kt2rr0vthywaa50xwsqg0prwcywrcc744qq5veu4upkur4665dlgr6003x,0.17144957713906053,3,OK,,0.3878361858190709,2,OK,SINGLE_LOCK_SCRIPT,0.3243810080854471,3,OK,,0.0017229046875250895,2,OK,,0.0017987360063331749,2,OK,,0.38273579207521363,2,OK,FEW_DISTINCT_DESTINATIONS,0.2237284453855297,3,OK,,0.8351201387177216,4,OK,HIGH_INTERVAL_VARIANCE;VARIED_TIME_OF_DAY;VARIED_DAY_OF_WEEK,0.0,1,OK,,IRREGULAR_ACTIVITY,0.8351201387177216,False,False,0.0,818
ckb1qzda0cr08m85hc8jlnfp3zer7xulejywt49kt2rr0vthywaa50xwsqg0stashycnk0au3euckz46ucr9jnstf7sr3ejr0,,0,INSUFFICIENT_EVIDENCE,,,0,INSUFFICIENT_EVIDENCE,,,0,INSUFFICIENT_EVIDENCE,,,0,INSUFFICIENT_EVIDENCE,,,0,INSUFFICIENT_EVIDENCE,,,0,INSUFFICIENT_EVIDENCE,,,0,INSUFFICIENT_EVIDENCE,,,0,INSUFFICIENT_EVIDENCE,,0.0,1,OK,,INSUFFICIENT_EVIDENCE,,False,False,0.0,0
ckb1qzda0cr08m85hc8jlnfp3zer7xulejywt49kt2rr0vthywaa50xwsqg234899dy86s85krenks2uxma9pz0thwsukch3x,0.4519295435362188,3,OK,LOW_LIFETIME_VARIANCE,0.375,2,OK,SINGLE_LOCK_SCRIPT,0.0,3,OK,,0.0,2,OK,,0.0,2,OK,FEW_DISTINCT_SOURCES,0.0,2,OK,FEW_DISTINCT_DESTINATIONS,0.3333333333333333,3,OK,NEAR_ZERO_NET_FLOW,0.6286468480146283,4,OK,HIGH_INTERVAL_VARIANCE;VARIED_DAY_OF_WEEK,0.0,1,OK,,IRREGULAR_ACTIVITY,0.6286468480146283,False,False,0.0,416
ckb1qzda0cr08m85hc8jlnfp3zer7xulejywt49kt2rr0vthywaa50xwsqg24w9uh6z7vg2mf48x5rq42t5aegfzxxsge2k2w,,0,INSUFFICIENT_EVIDENCE,,,0,INSUFFICIENT_EVIDENCE,,,0,INSUFFICIENT_EVIDENCE,,,0,INSUFFICIENT_EVIDENCE,,,0,INSUFFICIENT_EVIDENCE,,,0,INSUFFICIENT_EVIDENCE,,,0,INSUFFICIENT_EVIDENCE,,,0,INSUFFICIENT_EVIDENCE,,0.0,1,OK,,INSUFFICIENT_EVIDENCE,,False,False,0.0,0
ckb1qzda0cr08m85hc8jlnfp3zer7xulejywt49kt2rr0vthywaa50xwsqg2fnljwt423kchx368x8xwstmkhx0k2agegvx0a,0.4400471153578827,2,OK,LOW_INTERVAL_VARIANCE,0.75,1,OK,DOMINANT_TX_SHAPE;SINGLE_LOCK_SCRIPT,0.0,2,OK,,0.0,2,OK,,0.0,2,OK,FEW_DISTINCT_SOURCES,0.0,2,OK,FEW_DISTINCT_DESTINATIONS,0.0,3,OK,,0.5240172061586792,4,OK,VARIED_TIME_OF_DAY;VARIED_DAY_OF_WEEK,0.0,1,OK,,IRREGULAR_ACTIVITY,0.5240172061586792,True,False,0.0,130
ckb1qzda0cr08m85hc8jlnfp3zer7xulejywt49kt2rr0vthywaa50xwsqg2h7uwwprx9jj45wjl3atqcx9n2ztadscfrnanm,0.2752706844233456,3,OK,,0.3764861294583884,2,OK,SINGLE_LOCK_SCRIPT,0.0,3,OK,,0.0023308284697269397,2,OK,,0.0035118819378527418,2,OK,FEW_DISTINCT_SOURCES,0.0,2,OK,FEW_DISTINCT_DESTINATIONS,0.3333333333333333,3,OK,NEAR_ZERO_NET_FLOW,0.5515086896030388,4,OK,HIGH_INTERVAL_VARIANCE;VARIED_DAY_OF_WEEK,0.0,1,OK,,IRREGULAR_ACTIVITY,0.5515086896030388,False,False,0.0,757
ckb1qzda0cr08m85hc8jlnfp3zer7xulejywt49kt2rr0vthywaa50xwsqg2ww55lsgft0gcwr3d3t4q080au6w59dcm27x2h,0.15171910028484925,3,OK,,0.37607861936721,2,OK,SINGLE_LOCK_SCRIPT,0.0,3,OK,,0.2932270114488105,2,OK,,0.44180799169586976,2,OK,FEW_DISTINCT_SOURCES,0.0,2,OK,FEW_DISTINCT_DESTINATIONS,0.3327163321274797,3,OK,NEAR_ZERO_NET_FLOW,0.5397245106602226,4,OK,HIGH_INTERVAL_VARIANCE;VARIED_DAY_OF_WEEK,0.0,1,OK,,IRREGULAR_ACTIVITY,0.5397245106602226,False,False,0.0,1043
ckb1qzda0cr08m85hc8jlnfp3zer7xulejywt49kt2rr0vthywaa50xwsqg338aj4hnmutep9ufyd9yyuh3ju7rr8lq03fejn,0.49620379020306515,3,OK,,0.3623595505617977,2,OK,SINGLE_LOCK_SCRIPT,0.055018603678370574,3,OK,,0.2841602903298985,2,OK,,0.4281470747529832,2,OK,FEW_DISTINCT_SOURCES,0.08961217843667085,2,OK,FEW_DISTINCT_DESTINATIONS,0.3333333333333333,3,OK,NEAR_ZERO_NET_FLOW,0.5207317695447624,4,OK,VARIED_DAY_OF_WEEK;MIXED_TX_SHAPES,0.0,1,OK,,IRREGULAR_ACTIVITY,0.5207317695447624,False,False,0.0,89
ckb1qzda0cr08m85hc8jlnfp3zer7xulejywt49kt2rr0vthywaa50xwsqg3xv33uywn6sjyvmnzckatkpke54mlx8srepf4g,0.343677637595947,3,OK,,0.3539719626168224,2,OK,SINGLE_LOCK_SCRIPT,0.20847651591108446,3,OK,,0.01786068111175988,2,OK,,0.015385388480246969,2,OK,,0.339558503754322,2,OK,FEW_DISTINCT_DESTINATIONS,0.3333333333333333,3,OK,NEAR_ZERO_NET_FLOW,0.8422705252518755,4,OK,HIGH_INTERVAL_VARIANCE;VARIED_TIME_OF_DAY;VARIED_DAY_OF_WEEK;MIXED_TX_SHAPES,0.0,1,OK,,IRREGULAR_ACTIVITY,0.8422705252518755,False,False,0.0,214
ckb1qzda0cr08m85hc8jlnfp3zer7xulejywt49kt2rr0vthywaa50xwsqg3y6k5gqrgjt54wzhxar4kys594v2s0vg2fpsmk,,0,INSUFFICIENT_EVIDENCE,,,0,INSUFFICIENT_EVIDENCE,SINGLE_LOCK_SCRIPT,0.27203642929861027,3,OK,,0.0,2,OK,,0.0,2,OK,FEW_DISTINCT_SOURCES,0.44308243782576173,2,OK,FEW_DISTINCT_DESTINATIONS,0.3310613492344126,3,OK,NEAR_ZERO_NET_FLOW,,0,INSUFFICIENT_EVIDENCE,,0.0,1,OK,,CELL_FRAGMENTATION,0.44308243782576173,False,False,0.0,2
ckb1qzda0cr08m85hc8jlnfp3zer7xulejywt49kt2rr0vthywaa50xwsqg40ucnf7tt8zvnje7xhatf3yllc8zh4pqq25wqh,0.21931084916095042,3,OK,,0.4045547594677585,2,OK,SINGLE_LOCK_SCRIPT,0.24985399784096174,3,OK,,0.0008026553629401826,2,OK,,0.0012093686464025792,2,OK,FEW_DISTINCT_SOURCES,0.4069525495144833,2,OK,FEW_DISTINCT_DESTINATIONS,0.0328664690632691,3,OK,,0.8649653691969608,4,OK,HIGH_INTERVAL_VARIANCE;VARIED_TIME_OF_DAY;VARIED_DAY_OF_WEEK,0.0,1,OK,,IRREGULAR_ACTIVITY,0.8649653691969608,False,False,0.0,2931
ckb1qzda0cr08m85hc8jlnfp3zer7xulejywt49kt2rr0vthywaa50xwsqg4cz7lvtz6anfw0uxkrxu8d0gxcfuww2gp702wk,0.34187517422607977,3,OK,,0.375,2,OK,SINGLE_LOCK_SCRIPT,0.25820406848681654,3,OK,,0.0,2,OK,,0.0,2,OK,FEW_DISTINCT_SOURCES,0.4205528223430959,2,OK,FEW_DISTINCT_DESTINATIONS,0.3333333333333333,3,OK,NEAR_ZERO_NET_FLOW,0.8326797045225134,4,OK,HIGH_INTERVAL_VARIANCE;VARIED_TIME_OF_DAY;VARIED_DAY_OF_WEEK,0.0,1,OK,,IRREGULAR_ACTIVITY,0.8326797045225134,False,False,0.0,118
ckb1qzda0cr08m85hc8jlnfp3zer7xulejywt49kt2rr0vthywaa50xwsqg4yg2m9jpx5efeu4q0vrp643gjmad37nqrk9glt,0.30457071352736037,3,OK,,0.37457531143827855,2,OK,SINGLE_LOCK_SCRIPT,0.2717283472722245,3,OK,,0.0,2,OK,,0.0,2,OK,FEW_DISTINCT_SOURCES,0.4425806457104437,2,OK,FEW_DISTINCT_DESTINATIONS,0.3330602061617182,3,OK,NEAR_ZERO_NET_FLOW,0.7275276117075766,4,OK,HIGH_INTERVAL_VARIANCE;VARIED_DAY_OF_WEEK;MIXED_TX_SHAPES,0.0,1,OK,,IRREGULAR_ACTIVITY,0.7275276117075766,False,False,0.0,884
ckb1qzda0cr08m85hc8jlnfp3zer7xulejywt49kt2rr0vthywaa50xwsqg58nlmgm0f04zj3fedh4d369cpdz67s5q8n0dxm,0.3249254410975887,2,OK,,0.7405063291139241,1,OK,DOMINANT_TX_SHAPE;SINGLE_LOCK_SCRIPT,0.4936708860759494,2,OK,FANOUT_DOMINANT_SHAPE,0.0,2,OK,,0.0,2,OK,FEW_DISTINCT_SOURCES,0.9873417721518988,2,OK,1_TO_N_SHAPE;FEW_DISTINCT_DESTINATIONS,0.0,3,OK,,0.3435800327363766,4,OK,HIGH_INTERVAL_VARIANCE;VARIED_DAY_OF_WEEK,0.0,1,OK,,CELL_FRAGMENTATION,0.9873417721518988,True,False,0.0,158
ckb1qzda0cr08m85hc8jlnfp3zer7xulejywt49kt2rr0vthywaa50xwsqg5jmhqdrajsdjx6cfxjxh8rgcyd0tqknsgt33vf,0.44985301206099954,3,OK,,0.375,2,OK,SINGLE_LOCK_SCRIPT,0.0,3,OK,,0.0,2,OK,,0.0,2,OK,FEW_DISTINCT_SOURCES,0.0,2,OK,FEW_DISTINCT_DESTINATIONS,0.3333333333333333,3,OK,NEAR_ZERO_NET_FLOW,0.6345786894535885,4,OK,HIGH_INTERVAL_VARIANCE;VARIED_DAY_OF_WEEK,0.0,1,OK,,IRREGULAR_ACTIVITY,0.6345786894535885,False,False,0.0,808
ckb1qzda0cr08m85hc8jlnfp3zer7xulejywt49kt2rr0vthywaa50xwsqg5lst9mlwu80g4jr84edy4yl3aznsjppqhnt9pw,0.4088073456242169,3,OK,,0.375,2,OK,SINGLE_LOCK_SCRIPT,0.0,3,OK,,0.29407285859722054,2,OK,,0.44308243782576173,2,OK,FEW_DISTINCT_SOURCES,0.0,2,OK,FEW_DISTINCT_DESTINATIONS,0.3333333333333333,3,OK,NEAR_ZERO_NET_FLOW,0.5516412852331265,4,OK,HIGH_INTERVAL_VARIANCE;VARIED_DAY_OF_WEEK,0.0,1,OK,,IRREGULAR_ACTIVITY,0.5516412852331265,False,False,0.0,648
ckb1qzda0cr08m85hc8jlnfp3zer7xulejywt49kt2rr0vthywaa50xwsqg60za567aggkr4kdukm540wrujl4xn83g5sff6z,0.3550670957329488,2,OK,,0.7426470588235294,1,OK,DOMINANT_TX_SHAPE;SINGLE_LOCK_SCRIPT,0.4950980392156863,2,OK,FANOUT_DOMINANT_SHAPE,0.0,2,OK,,0.0,2,OK,FEW_DISTINCT_SOURCES,0.9901960784313726,2,OK,1_TO_N_SHAPE;FEW_DISTINCT_DESTINATIONS,0.0,3,OK,,0.3358030237984985,4,OK,VARIED_DAY_OF_WEEK,0.0,1,OK,,CELL_FRAGMENTATION,0.9901960784313726,True,False,0.0,102
ckb1qzda0cr08m85hc8jlnfp3zer7xulejywt49kt2rr0vthywaa50xwsqg64upk25mkwaurfnz52t5wcm4hkw8ukgqdmqsjq,,0,INSUFFICIENT_EVIDENCE,,,0,INSUFFICIENT_EVIDENCE,DOMINANT_TX_SHAPE;SINGLE_LOCK_SCRIPT,0.0,3,OK,,0.0,2,OK,,0.0,2,OK,FEW_DISTINCT_SOURCES,0.0,2,OK,FEW_DISTINCT_DESTINATIONS,0.3333333333333333,3,OK,NEAR_ZERO_NET_FLOW,,0,INSUFFICIENT_EVIDENCE,,0.0,1,OK,,ROUND_TRIP,0.3333333333333333,False,False,0.0,2
ckb1qzda0cr08m85hc8jlnfp3zer7xulejywt49kt2rr0vthywaa50xwsqg6agcch2m7k8lsh00nv05ztfmz0euvqkcfpz7ec,0.5983699296504638,3,OK,,0.375,2,OK,SINGLE_LOCK_SCRIPT,0.01470467185397892,3,OK,,0.0,2,OK,,0.0,2,OK,FEW_DISTINCT_SOURCES,0.023950402044635746,2,OK,FEW_DISTINCT_DESTINATIONS,0.3333333333333333,3,OK,NEAR_ZERO_NET_FLOW,0.6226692202058348,4,OK,HIGH_INTERVAL_VARIANCE;VARIED_DAY_OF_WEEK,0.0,1,OK,,IRREGULAR_ACTIVITY,0.6226692202058348,False,False,0.0,370
ckb1qzda0cr08m85hc8jlnfp3zer7xulejywt49kt2rr0vthywaa50xwsqg6etjlacez8tnmwnue2rpngpyjzn7nd8q46sh5m,,0,INSUFFICIENT_EVIDENCE,,,0,INSUFFICIENT_EVIDENCE,,,0,INSUFFICIENT_EVIDENCE,,,0,INSUFFICIENT_EVIDENCE,,,0,INSUFFICIENT_EVIDENCE,,,0,INSUFFICIENT_EVIDENCE,,,0,INSUFFICIENT_EVIDENCE,,,0,INSUFFICIENT_EVIDENCE,VARIED_TIME_OF_DAY;VARIED_DAY_OF_WEEK,0.0,1,OK,,INSUFFICIENT_EVIDENCE,,False,False,0.0,0
ckb1qzda0cr08m85hc8jlnfp3zer7xulejywt49kt2rr0vthywaa50xwsqg6j932zy4ztkzmtpye2uhzsju5npw795s89dznx,0.0,3,OK,,0.375,2,OK,SINGLE_LOCK_SCRIPT,0.3432158656987901,3,OK,,0.29168202234846263,2,OK,,0.43948014158327586,2,OK,FEW_DISTINCT_SOURCES,0.3861648756515235,2,OK,,0.331846698310771,3,OK,NEAR_ZERO_NET_FLOW,0.6658761760528382,4,OK,HIGH_INTERVAL_VARIANCE;VARIED_DAY_OF_WEEK,0.0,1,OK,,IRREGULAR_ACTIVITY,0.6658761760528382,False,False,0.0,246
ckb1qzda0cr08m85hc8jlnfp3zer7xulejywt49kt2rr0vthywaa50xwsqg709r8jqauttpmkjv2x2jg3mtdwvqk7acc26w2j,0.19120314007893555,3,OK,,0.46875,2,OK,SINGLE_LOCK_SCRIPT,0.34004553662326287,3,OK,FANOUT_DOMINANT_SHAPE,0.0,2,OK,,0.0,2,OK,,0.5538530472822022,2,OK,1_TO_N_SHAPE;FEW_DISTINCT_DESTINATIONS,0.5552082062513451,3,OK,HIGH_RECIPROCITY_CELL;HIGH_RECIPROCITY_LEGACY_EDGES;NEAR_ZERO_NET_FLOW,0.5334153480178756,4,OK,HIGH_INTERVAL_VARIANCE,0.0,1,OK,,ROUND_TRIP,0.5552082062513451,False,False,0.0,8
ckb1qzda0cr08m85hc8jlnfp3zer7xulejywt49kt2rr0vthywaa50xwsqg7amrm9saduc4acdzlerezh8x02rnlhpgctv0fh,0.2825814746352689,3,OK,,0.5526315789473684,2,OK,SINGLE_LOCK_SCRIPT,0.14317706805190014,3,OK,,0.0,2,OK,,0.0,2,OK,FEW_DISTINCT_SOURCES,0.23320128306619037,2,OK,FEW_DISTINCT_DESTINATIONS,0.6480998320215714,3,OK,HIGH_RECIPROCITY_CELL;HIGH_RECIPROCITY_LEGACY_EDGES;NEAR_ZERO_NET_FLOW,0.6567194383370791,4,OK,HIGH_INTERVAL_VARIANCE;VARIED_TIME_OF_DAY;VARIED_DAY_OF_WEEK,0.0,1,OK,,IRREGULAR_ACTIVITY,0.6567194383370791,False,False,0.0,38
ckb1qzda0cr08m85hc8jlnfp3zer7xulejywt49kt2rr0vthywaa50xwsqg7hr6px90xaq7398ykma025h78hlt9q6sx6xhlc,0.380953328833087,3,OK,,0.3913834951456311,2,OK,SINGLE_LOCK_SCRIPT,0.23667834796578222,3,OK,,0.04813334307505627,2,OK,,0.061667095863895065,2,OK,FEW_DISTINCT_SOURCES,0.3086819556178845,2,OK,,0.25537969198871635,3,OK,,0.7062066773963092,4,OK,VARIED_TIME_OF_DAY;VARIED_DAY_OF_WEEK,0.0,1,OK,,IRREGULAR_ACTIVITY,0.7062066773963092,False,False,0.0,2260
ckb1qzda0cr08m85hc8jlnfp3zer7xulejywt49kt2rr0vthywaa50xwsqg7s83aycfqw32rp2cl30mezyc5l5q4zfqppp5t0,0.15085501496587853,3,OK,,0.3766741071428572,2,OK,SINGLE_LOCK_SCRIPT,0.0,3,OK,,0.2927600333356258,2,OK,,0.44110439122832523,2,OK,FEW_DISTINCT_SOURCES,0.0,2,OK,FEW_DISTINCT_DESTINATIONS,0.33243126067630674,3,OK,NEAR_ZERO_NET_FLOW,0.5377694541271787,4,OK,HIGH_INTERVAL_VARIANCE;VARIED_DAY_OF_WEEK,0.0,1,OK,,IRREGULAR_ACTIVITY,0.5377694541271787,False,False,0.0,448
ckb1qzda0cr08m85hc8jlnfp3zer7xulejywt49kt2rr0vthywaa50xwsqg7ufw40k8zhr0203nhe009gug2x5m9hfc7k2a50,,0,INSUFFICIENT_EVIDENCE,,,0,INSUFFICIENT_EVIDENCE,,,0,INSUFFICIENT_EVIDENCE,,,0,INSUFFICIENT_EVIDENCE,,,0,INSUFFICIENT_EVIDENCE,,,0,INSUFFICIENT_EVIDENCE,,,0,INSUFFICIENT_EVIDENCE,,,0,INSUFFICIENT_EVIDENCE,HIGH_INTERVAL_VARIANCE;VARIED_TIME_OF_DAY;VARIED_DAY_OF_WEEK,0.0,1,OK,,INSUFFICIENT_EVIDENCE,,False,False,0.0,0
ckb1qzda0cr08m85hc8jlnfp3zer7xulejywt49kt2rr0vthywaa50xwsqg8pu56q5tq5fw73kv89xfvc8krqrwmz4seqggu7,0.0,3,OK,,0.37684729064039413,2,OK,SINGLE_LOCK_SCRIPT,0.0,3,OK,,0.29262422382580566,2,OK,,0.4408997657182457,2,OK,FEW_DISTINCT_SOURCES,0.0,2,OK,FEW_DISTINCT_DESTINATIONS,0.33293414954649986,3,OK,NEAR_ZERO_NET_FLOW,0.7037679830323003,4,OK,HIGH_INTERVAL_VARIANCE;VARIED_DAY_OF_WEEK,0.0,1,OK,,IRREGULAR_ACTIVITY,0.7037679830323003,False,False,0.0,1218
ckb1qzda0cr08m85hc8jlnfp3zer7xulejywt49kt2rr0vthywaa50xwsqg8td6r2j7dwevxfd0c84lzn0j9dh0tkecqdrktc,0.3627943239367934,3,OK,,0.4342105263157895,2,OK,SINGLE_LOCK_SCRIPT,0.3149895497141803,3,OK,FANOUT_DOMINANT_SHAPE,0.03830807229193694,2,OK,,0.03714423538390832,2,OK,,0.5130428227456189,2,OK,1_TO_N_SHAPE;FEW_DISTINCT_DESTINATIONS,0.3333333333333333,3,OK,NEAR_ZERO_NET_FLOW,0.7406794249972735,4,OK,HIGH_INTERVAL_VARIANCE;VARIED_DAY_OF_WEEK,0.0,1,OK,,IRREGULAR_ACTIVITY,0.7406794249972735,False,False,0.0,19
ckb1qzda0cr08m85hc8jlnfp3zer7xulejywt49kt2rr0vthywaa50xwsqg8zg7hg80ul7sj74vc0rfe2ya7zxvzxxcv5tleh,0.4214360338086493,3,OK,,0.375,2,OK,SINGLE_LOCK_SCRIPT,0.0,3,OK,,0.29407285859722054,2,OK,,0.44308243782576173,2,OK,FEW_DISTINCT_SOURCES,0.0,2,OK,FEW_DISTINCT_DESTINATIONS,0.3333333333333333,3,OK,NEAR_ZERO_NET_FLOW,0.5469219078604196,4,OK,HIGH_INTERVAL_VARIANCE;VARIED_DAY_OF_WEEK,0.0,1,OK,,IRREGULAR_ACTIVITY,0.5469219078604196,False,False,0.0,96
ckb1qzda0cr08m85hc8jlnfp3zer7xulejywt49kt2rr0vthywaa50xwsqg9zt77ljsy79v237ska0mgf4zd50avq0cdx0vpw,,0,INSUFFICIENT_EVIDENCE,,,0,INSUFFICIENT_EVIDENCE,DOMINANT_TX_SHAPE;SINGLE_LOCK_SCRIPT,0.5,2,OK,FANOUT_DOMINANT_SHAPE,0.0,2,OK,,0.0,2,OK,FEW_DISTINCT_SOURCES,1.0,2,OK,1_TO_N_SHAPE;FEW_DISTINCT_DESTINATIONS,,0,INSUFFICIENT_EVIDENCE,,,0,INSUFFICIENT_EVIDENCE,,0.0,1,OK,,CELL_FRAGMENTATION,1.0,False,False,0.0,1
ckb1qzda0cr08m85hc8jlnfp3zer7xulejywt49kt2rr0vthywaa50xwsqga7576ut7xx2v5xv68r6xuxv73mryg6lsuvp7yx,0.2946296938701418,3,OK,,0.37357414448669196,2,OK,SINGLE_LOCK_SCRIPT,0.0,3,OK,,0.005684078426038808,2,OK,,0.005174330063553288,2,OK,,0.0,2,OK,FEW_DISTINCT_DESTINATIONS,0.3333333333333333,3,OK,NEAR_ZERO_NET_FLOW,0.6341895406830047,4,OK,HIGH_INTERVAL_VARIANCE;VARIED_DAY_OF_WEEK;MIXED_TX_SHAPES,0.0,1,OK,,IRREGULAR_ACTIVITY,0.6341895406830047,False,False,0.0,263
ckb1qzda0cr08m85hc8jlnfp3zer7xulejywt49kt2rr0vthywaa50xwsqga8fka44mj0qm9pz3zx8fh23cd9t7ye2qw4p9mm,,0,INSUFFICIENT_EVIDENCE,,,0,INSUFFICIENT_EVIDENCE,SINGLE_LOCK_SCRIPT,0.27203642929861027,3,OK,,0.29407285859722054,2,OK,,0.44308243782576173,2,OK,FEW_DISTINCT_SOURCES,0.44308243782576173,2,OK,FEW_DISTINCT_DESTINATIONS,0.3333333333333333,3,OK,NEAR_ZERO_NET_FLOW,,0,INSUFFICIENT_EVIDENCE,,0.0,1,OK,,CELL_CONSOLIDATION,0.44308243782576173,False,False,0.0,2
ckb1qzda0cr08m85hc8jlnfp3zer7xulejywt49kt2rr0vthywaa50xwsqgcls79s3gyaetwz3sm27r5gfjguywnh2cxxda76,,0,INSUFFICIENT_EVIDENCE,,,0,INSUFFICIENT_EVIDENCE,DOMINANT_TX_SHAPE;SINGLE_LOCK_SCRIPT,0.0,2,OK,,0.0,2,OK,,0.0,2,OK,FEW_DISTINCT_SOURCES,0.0,2,OK,FEW_DISTINCT_DESTINATIONS,,0,INSUFFICIENT_EVIDENCE,,,0,INSUFFICIENT_EVIDENCE,,0.0,1,OK,,INSUFFICIENT_EVIDENCE,,False,False,0.0,1
ckb1qzda0cr08m85hc8jlnfp3zer7xulejywt49kt2rr0vthywaa50xwsqgcz52lrjnahz4fqftgu99pl00ekkzmcnqw90ng6,0.6003749735498572,3,OK,LOW_LIFETIME_VARIANCE,0.3764204545454546,2,OK,SINGLE_LOCK_SCRIPT,0.006182646120422926,3,OK,,0.0014156369564849898,2,OK,,0.0012886825821159685,2,OK,,0.010070055405130892,2,OK,FEW_DISTINCT_DESTINATIONS,0.3333333333333333,3,OK,NEAR_ZERO_NET_FLOW,0.5455728457475669,4,OK,HIGH_INTERVAL_VARIANCE;VARIED_DAY_OF_WEEK,0.0,1,OK,,PERIODIC_EXECUTION,0.6003749735498572,False,False,0.0,528
ckb1qzda0cr08m85hc8jlnfp3zer7xulejywt49kt2rr0vthywaa50xwsqgdfcqrc54z7gdl04pmq7vskgdzx2axu0cns0vcq,0.4340179983882943,3,OK,,0.375,2,OK,SINGLE_LOCK_SCRIPT,0.0023250976863128684,3,OK,,0.0,2,OK,,0.0,2,OK,FEW_DISTINCT_SOURCES,0.0037870293831261037,2,OK,FEW_DISTINCT_DESTINATIONS,0.3333333333333333,3,OK,NEAR_ZERO_NET_FLOW,0.6513431930642831,4,OK,HIGH_INTERVAL_VARIANCE;VARIED_DAY_OF_WEEK,0.0,1,OK,,IRREGULAR_ACTIVITY,0.6513431930642831,False,False,0.0,468
ckb1qzda0cr08m85hc8jlnfp3zer7xulejywt49kt2rr0vthywaa50xwsqgdfkqjl4zve8hmvt72a2gykfrwnae27ecw45zxl,0.4662004600930007,3,OK,LOW_LIFETIME_VARIANCE,0.375,2,OK,SINGLE_LOCK_SCRIPT,0.0,3,OK,,0.0,2,OK,MANY_DISTINCT_SENDERS,0.0,2,OK,,0.0,2,OK,FEW_DISTINCT_DESTINATIONS,0.3333333333333333,3,OK,NEAR_ZERO_NET_FLOW,0.6558834762918029,4,OK,HIGH_INTERVAL_VARIANCE;VARIED_DAY_OF_WEEK,0.0,1,OK,,IRREGULAR_ACTIVITY,0.6558834762918029,False,False,0.0,114
ckb1qzda0cr08m85hc8jlnfp3zer7xulejywt49kt2rr0vthywaa50xwsqgdh67vg3ffv9r3zccpq3nmdysrqzgv77s04dskt,0.4689950247267771,3,OK,LOW_LIFETIME_VARIANCE,0.375,2,OK,SINGLE_LOCK_SCRIPT,0.0,3,OK,,0.0,2,OK,,0.0,2,OK,FEW_DISTINCT_SOURCES,0.0,2,OK,FEW_DISTINCT_DESTINATIONS,0.3333333333333333,3,OK,NEAR_ZERO_NET_FLOW,0.6339477231769096,4,OK,HIGH_INTERVAL_VARIANCE;VARIED_DAY_OF_WEEK,0.0,1,OK,,IRREGULAR_ACTIVITY,0.6339477231769096,False,False,0.0,1154
ckb1qzda0cr08m85hc8jlnfp3zer7xulejywt49kt2rr0vthywaa50xwsqgdxphgsetrscx0nayzu4w3y0mptppcf2cdy8eyh,0.2034060339050189,3,OK,,0.3877118644067796,2,OK,SINGLE_LOCK_SCRIPT,0.0,3,OK,,0.01993714295574373,2,OK,,0.030039487310221078,2,OK,FEW_DISTINCT_SOURCES,0.0,2,OK,FEW_DISTINCT_DESTINATIONS,0.3333333333333333,3,OK,NEAR_ZERO_NET_FLOW,0.5904387875743706,4,OK,HIGH_INTERVAL_VARIANCE;VARIED_DAY_OF_WEEK,0.0,1,OK,,IRREGULAR_ACTIVITY,0.5904387875743706,False,False,0.0,590
ckb1qzda0cr08m85hc8jlnfp3zer7xulejywt49kt2rr0vthywaa50xwsqge57hkg6u3mc7jwh7emmu7pne7keyn2ccf79a2t,,0,INSUFFICIENT_EVIDENCE,,0.5,1,OK,SINGLE_LOCK_SCRIPT,0.18135761953240684,3,OK,,0.39209714479629404,2,OK,FANIN_DOMINANT_SHAPE,0.5907765837676823,2,OK,N_TO_1_SHAPE;FEW_DISTINCT_SOURCES,0.29538829188384114,2,OK,FEW_DISTINCT_DESTINATIONS,0.3333333333333333,3,OK,NEAR_ZERO_NET_FLOW,,0,INSUFFICIENT_EVIDENCE,HIGH_INTERVAL_VARIANCE,0.0,1,OK,,CELL_CONSOLIDATION,0.5907765837676823,False,False,0.0,3
ckb1qzda0cr08m85hc8jlnfp3zer7xulejywt49kt2rr0vthywaa50xwsqgf977v8w9d3pd0fk7w6fxx48pl6veplgstupmw8,,0,INSUFFICIENT_EVIDENCE,,,0,INSUFFICIENT_EVIDENCE,,,0,INSUFFICIENT_EVIDENCE,,,0,INSUFFICIENT_EVIDENCE,,,0,INSUFFICIENT_EVIDENCE,,,0,INSUFFICIENT_EVIDENCE,,,0,INSUFFICIENT_EVIDENCE,,,0,INSUFFICIENT_EVIDENCE,HIGH_INTERVAL_VARIANCE;VARIED_TIME_OF_DAY;VARIED_DAY_OF_WEEK,0.0,1,OK,,INSUFFICIENT_EVIDENCE,,False,False,0.0,0
ckb1qzda0cr08m85hc8jlnfp3zer7xulejywt49kt2rr0vthywaa50xwsqgfqwmvzh39rck52chuz5t6404wqmywtagx3n5lf,0.48482387805778565,3,OK,LOW_LIFETIME_VARIANCE,0.375,2,OK,SINGLE_LOCK_SCRIPT,0.0,3,OK,,0.0,2,OK,,0.0,2,OK,FEW_DISTINCT_SOURCES,0.0,2,OK,FEW_DISTINCT_DESTINATIONS,0.3333333333333333,3,OK,NEAR_ZERO_NET_FLOW,0.6297116654137647,4,OK,HIGH_INTERVAL_VARIANCE;VARIED_DAY_OF_WEEK,0.0,1,OK,,IRREGULAR_ACTIVITY,0.6297116654137647,False,False,0.0,50
ckb1qzda0cr08m85hc8jlnfp3zer7xulejywt49kt2rr0vthywaa50xwsqgg8w4ddafhudspnvc8aapvpek3rvmk33qqk5up2,0.4562061564398461,3,OK,LOW_LIFETIME_VARIANCE,0.6136363636363636,2,OK,SINGLE_LOCK_SCRIPT,0.0,3,OK,,0.5233971733792047,2,OK,FANIN_DOMINANT_SHAPE,0.6705618517986014,2,OK,N_TO_1_SHAPE;FEW_DISTINCT_SOURCES,0.0,2,OK,FEW_DISTINCT_DESTINATIONS,0.3333333333333333,3,OK,NEAR_ZERO_NET_FLOW,0.5507303488683718,4,OK,HIGH_INTERVAL_VARIANCE,0.0,1,OK,,CELL_CONSOLIDATION,0.6705618517986014,False,False,0.0,11
ckb1qzda0cr08m85hc8jlnfp3zer7xulejywt49kt2rr0vthywaa50xwsqgggfv0k0gj6r4du3z58c6d39fq6vn7hps0v89nt,0.1040086582798782,3,OK,,0.375,2,OK,SINGLE_LOCK_SCRIPT,0.0006981756935765403,3,OK,,0.31920503744965684,2,OK,,0.40895658574870747,2,OK,FEW_DISTINCT_SOURCES,0.000831212572659925,2,OK,FEW_DISTINCT_DESTINATIONS,0.33330569749428185,3,OK,NEAR_ZERO_NET_FLOW,0.5811907372773075,4,OK,HIGH_INTERVAL_VARIANCE;VARIED_DAY_OF_WEEK,0.0,1,OK,,IRREGULAR_ACTIVITY,0.5811907372773075,False,False,0.0,986
ckb1qzda0cr08m85hc8jlnfp3zer7xulejywt49kt2rr0vthywaa50xwsqggk97uhpah6re39cfce5d08rrwu0yvyjg5vjg0s,0.28082788076048976,3,OK,,0.379885993485342,2,OK,SINGLE_LOCK_SCRIPT,0.0,3,OK,,0.29024129040702873,2,OK,,0.43730937674659864,2,OK,FEW_DISTINCT_SOURCES,0.0,2,OK,FEW_DISTINCT_DESTINATIONS,0.3333333333333333,3,OK,NEAR_ZERO_NET_FLOW,0.5982660560632744,4,OK,HIGH_INTERVAL_VARIANCE;VARIED_DAY_OF_WEEK,0.0,1,OK,,IRREGULAR_ACTIVITY,0.5982660560632744,False,False,0.0,614
ckb1qzda0cr08m85hc8jlnfp3zer7xulejywt49kt2rr0vthywaa50xwsqggs86408ja7nsgdh0lz0cxafua6u0pq5cmvsxuu,0.33480729105416057,3,OK,,0.26452282157676343,2,OK,SINGLE_LOCK_SCRIPT,0.19189291693262964,3,OK,,0.07565359847729321,2,OK,,0.11398801305061085,2,OK,FEW_DISTINCT_SOURCES,0.31254777771941694,2,OK,FEW_DISTINCT_DESTINATIONS,0.3333333333333333,3,OK,NEAR_ZERO_NET_FLOW,0.8979728570235649,4,OK,HIGH_INTERVAL_VARIANCE;VARIED_TIME_OF_DAY;VARIED_DAY_OF_WEEK;MIXED_TX_SHAPES,0.0,1,OK,,IRREGULAR_ACTIVITY,0.8979728570235649,False,False,0.0,241
ckb1qzda0cr08m85hc8jlnfp3zer7xulejywt49kt2rr0vthywaa50xwsqggszva8zt4sr9p97fwvrhfhzqf7p29u8s3z6m5z,,0,INSUFFICIENT_EVIDENCE,,,0,INSUFFICIENT_EVIDENCE,DOMINANT_TX_SHAPE;SINGLE_LOCK_SCRIPT,0.0,2,OK,,0.0,2,OK,,0.0,2,OK,FEW_DISTINCT_SOURCES,0.0,2,OK,FEW_DISTINCT_DESTINATIONS,,0,INSUFFICIENT_EVIDENCE,,,0,INSUFFICIENT_EVIDENCE,,0.0,1,OK,,INSUFFICIENT_EVIDENCE,,False,False,0.0,1
ckb1qzda0cr08m85hc8jlnfp3zer7xulejywt49kt2rr0vthywaa50xwsqggtmv990h0ggv7g747uk0mj422sf3anps8teujc,0.6040652370547326,3,OK,LOW_LIFETIME_VARIANCE,0.375,2,OK,SINGLE_LOCK_SCRIPT,0.0,3,OK,,0.0,2,OK,,0.0,2,OK,FEW_DISTINCT_SOURCES,0.0,2,OK,FEW_DISTINCT_DESTINATIONS,0.3333333333333333,3,OK,NEAR_ZERO_NET_FLOW,0.5134739291306566,4,OK,HIGH_INTERVAL_VARIANCE;VARIED_DAY_OF_WEEK,0.0,1,OK,,PERIODIC_EXECUTION,0.6040652370547326,False,False,0.0,560
ckb1qzda0cr08m85hc8jlnfp3zer7xulejywt49kt2rr0vthywaa50xwsqgh8ejptxd3n05njryzm2vct7ew9jez6rs8uvuej,,0,INSUFFICIENT_EVIDENCE,,,0,INSUFFICIENT_EVIDENCE,DOMINANT_TX_SHAPE;SINGLE_LOCK_SCRIPT,0.0,2,OK,,0.0,2,OK,,0.0,2,OK,FEW_DISTINCT_SOURCES,0.0,2,OK,FEW_DISTINCT_DESTINATIONS,,0,INSUFFICIENT_EVIDENCE,,,0,INSUFFICIENT_EVIDENCE,,0.0,1,OK,,INSUFFICIENT_EVIDENCE,,False,False,0.0,1
ckb1qzda0cr08m85hc8jlnfp3zer7xulejywt49kt2rr0vthywaa50xwsqghcyy3z34lvvd306dsxk63tplg20yue3q6y3yy2,0.1329701218120004,3,OK,,0.3760162601626016,2,OK,SINGLE_LOCK_SCRIPT,0.0,3,OK,,0.2932759131809679,2,OK,,0.44188167241159976,2,OK,FEW_DISTINCT_SOURCES,0.0,2,OK,FEW_DISTINCT_DESTINATIONS,0.3321116601031426,3,OK,NEAR_ZERO_NET_FLOW,0.5589827204769171,4,OK,HIGH_INTERVAL_VARIANCE;VARIED_DAY_OF_WEEK,0.0,1,OK,,IRREGULAR_ACTIVITY,0.5589827204769171,False,False,0.0,369
ckb1qzda0cr08m85hc8jlnfp3zer7xulejywt49kt2rr0vthywaa50xwsqghntjqmjfan28zcakl06kt5v5x6upxtdgnsclpd,,0,INSUFFICIENT_EVIDENCE,,0.75,2,OK,DOMINANT_TX_SHAPE;SINGLE_LOCK_SCRIPT,0.0,3,OK,,0.0,2,OK,,0.0,2,OK,FEW_DISTINCT_SOURCES,0.0,2,OK,,0.4333333143276871,3,OK,,,0,INSUFFICIENT_EVIDENCE,,0.0,1,OK,,ROUND_TRIP,0.4333333143276871,True,False,0.0,3
ckb1qzda0cr08m85hc8jlnfp3zer7xulejywt49kt2rr0vthywaa50xwsqgj3l4affhawvqru83788u58fphcrx2f8shd3h9l,0.3737054834710099,3,OK,,0.375,2,OK,SINGLE_LOCK_SCRIPT,0.08590624083114005,3,OK,,0.015477518873537916,2,OK,,0.023320128306619028,2,OK,FEW_DISTINCT_SOURCES,0.1399207698397142,2,OK,FEW_DISTINCT_DESTINATIONS,0.3333333333333333,3,OK,NEAR_ZERO_NET_FLOW,0.7787571408792099,4,OK,HIGH_INTERVAL_VARIANCE;VARIED_TIME_OF_DAY;VARIED_DAY_OF_WEEK,0.0,1,OK,,IRREGULAR_ACTIVITY,0.7787571408792099,False,False,0.0,38
ckb1qzda0cr08m85hc8jlnfp3zer7xulejywt49kt2rr0vthywaa50xwsqgj3umca77qszppddp4armtr2l6dt4n8ycjv3xdw,,0,INSUFFICIENT_EVIDENCE,,,0,INSUFFICIENT_EVIDENCE,,,0,INSUFFICIENT_EVIDENCE,,,0,INSUFFICIENT_EVIDENCE,,,0,INSUFFICIENT_EVIDENCE,,,0,INSUFFICIENT_EVIDENCE,,,0,INSUFFICIENT_EVIDENCE,,,0,INSUFFICIENT_EVIDENCE,,0.0,1,OK,,INSUFFICIENT_EVIDENCE,,False,False,0.0,0
ckb1qzda0cr08m85hc8jlnfp3zer7xulejywt49kt2rr0vthywaa50xwsqgjdw5vq6y0me78r46vf29flspd83qy9us3p3jgp,0.22846391550777026,3,OK,,0.7296056185845489,2,OK,DOMINANT_TX_SHAPE;SINGLE_LOCK_SCRIPT,0.0010251235930753813,3,OK,,0.9728074914460652,2,OK,FANIN_DOMINANT_SHAPE;MANY_DISTINCT_SENDERS,0.4864037457230326,2,OK,N_TO_1_SHAPE,0.001112666668543896,2,OK,,0.3222884522598119,3,OK,NEAR_ZERO_NET_FLOW,0.6878317492481235,4,OK,HIGH_INTERVAL_VARIANCE;VARIED_TIME_OF_DAY;VARIED_DAY_OF_WEEK,0.0,1,OK,,FAN_IN_COLLECTION,0.9728074914460652,True,False,0.0,5553
ckb1qzda0cr08m85hc8jlnfp3zer7xulejywt49kt2rr0vthywaa50xwsqgjr2xdh0zyc53jxpwsvwxq5x8y05rmytcewmqcv,0.0,3,OK,,0.3154311649016641,2,OK,SINGLE_LOCK_SCRIPT,0.13828175528643424,3,OK,,0.24735931827542304,2,OK,,0.3726986920289312,2,OK,FEW_DISTINCT_SOURCES,0.22522798654985765,2,OK,FEW_DISTINCT_DESTINATIONS,0.2547629283807179,3,OK,,0.8565356490272967,4,OK,HIGH_INTERVAL_VARIANCE;VARIED_TIME_OF_DAY;VARIED_DAY_OF_WEEK;MIXED_TX_SHAPES,0.0,1,OK,,IRREGULAR_ACTIVITY,0.8565356490272967,False,False,0.0,927
ckb1qzda0cr08m85hc8jlnfp3zer7xulejywt49kt2rr0vthywaa50xwsqgjuhrq84l5nk7ylhlcqpsa3yg974735rgy30uch,0.2713808036652482,3,OK,,0.3214285714285714,2,OK,SINGLE_LOCK_SCRIPT,0.23317408225595163,3,OK,,0.168041633484126,2,OK,,0.2531899644718638,2,OK,FEW_DISTINCT_SOURCES,0.3797849467077957,2,OK,FEW_DISTINCT_DESTINATIONS,0.3333333333333333,3,OK,NEAR_ZERO_NET_FLOW,0.5701768355835855,4,OK,HIGH_INTERVAL_VARIANCE;MIXED_TX_SHAPES,0.0,1,OK,,IRREGULAR_ACTIVITY,0.5701768355835855,False,False,0.0,7
ckb1qzda0cr08m85hc8jlnfp3zer7xulejywt49kt2rr0vthywaa50xwsqgk9kfuz7fchth20ksf8d2x3eqph9le6cqhenpf3,0.26644837919962683,2,OK,,0.6000000000000001,1,OK,SINGLE_LOCK_SCRIPT,0.5418205625409445,3,OK,FANOUT_DOMINANT_SHAPE,0.0,2,OK,,0.0,2,OK,FEW_DISTINCT_SOURCES,0.655660477314188,2,OK,1_TO_N_SHAPE;FEW_DISTINCT_DESTINATIONS,0.30478076338792937,3,OK,HIGH_RECIPROCITY_CELL;HIGH_RECIPROCITY_LEGACY_EDGES,0.4352910042123854,4,OK,HIGH_INTERVAL_VARIANCE,0.0,1,OK,,CELL_FRAGMENTATION,0.655660477314188,False,False,0.0,5
ckb1qzda0cr08m85hc8jlnfp3zer7xulejywt49kt2rr0vthywaa50xwsqgkfsftjekwd5gtrpludsuaynmccg37mssm6hpt9,,0,INSUFFICIENT_EVIDENCE,,,0,INSUFFICIENT_EVIDENCE,DOMINANT_TX_SHAPE;SINGLE_LOCK_SCRIPT,0.0,2,OK,,0.0,2,OK,,0.0,2,OK,FEW_DISTINCT_SOURCES,0.0,2,OK,FEW_DISTINCT_DESTINATIONS,,0,INSUFFICIENT_EVIDENCE,,,0,INSUFFICIENT_EVIDENCE,,0.0,1,OK,,INSUFFICIENT_EVIDENCE,,False,False,0.0,1
ckb1qzda0cr08m85hc8jlnfp3zer7xulejywt49kt2rr0vthywaa50xwsqgkfv8pzr5d26zcapqrd58ksc65w0qv8qqqp6xtc,0.15857605177993525,3,OK,,0.3567961165048543,2,OK,SINGLE_LOCK_SCRIPT,0.1531855621293145,3,OK,,0.011420305188241551,2,OK,,0.017207084964107215,2,OK,FEW_DISTINCT_SOURCES,0.24950273197955514,2,OK,FEW_DISTINCT_DESTINATIONS,0.3333333333333333,3,OK,NEAR_ZERO_NET_FLOW,0.8545908307029055,4,OK,HIGH_INTERVAL_VARIANCE;VARIED_TIME_OF_DAY;VARIED_DAY_OF_WEEK;MIXED_TX_SHAPES,0.0,1,OK,,IRREGULAR_ACTIVITY,0.8545908307029055,False,False,0.0,103
ckb1qzda0cr08m85hc8jlnfp3zer7xulejywt49kt2rr0vthywaa50xwsqgl8p3tyd357ap33wygmdxur9xj2pft5dc5q6uz7,0.12909768492803786,3,OK,,0.42857142857142855,2,OK,SINGLE_LOCK_SCRIPT,0.3108987763412689,3,OK,FANOUT_DOMINANT_SHAPE,0.1827736161006746,2,OK,,0.23416445618363854,2,OK,FEW_DISTINCT_SOURCES,0.5063799289437276,2,OK,1_TO_N_SHAPE;FEW_DISTINCT_DESTINATIONS,0.31583461705063437,3,OK,NEAR_ZERO_NET_FLOW,0.5599059203770156,4,OK,HIGH_INTERVAL_VARIANCE,0.0,1,OK,,IRREGULAR_ACTIVITY,0.5599059203770156,False,False,0.0,7
ckb1qzda0cr08m85hc8jlnfp3zer7xulejywt49kt2rr0vthywaa50xwsqglfcyvg2tr5h09lxhcgrlezm7cuz3ywkcf8tp3d,0.377683449673325,2,OK,,0.75,1,OK,DOMINANT_TX_SHAPE;SINGLE_LOCK_SCRIPT,0.5,2,OK,FANOUT_DOMINANT_SHAPE,0.0,2,OK,,0.0,2,OK,FEW_DISTINCT_SOURCES,1.0,2,OK,1_TO_N_SHAPE;FEW_DISTINCT_DESTINATIONS,0.0,3,OK,,0.3186443719242465,4,OK,VARIED_DAY_OF_WEEK,0.0,1,OK,,CELL_FRAGMENTATION,1.0,True,False,0.0,31
ckb1qzda0cr08m85hc8jlnfp3zer7xulejywt49kt2rr0vthywaa50xwsqglrz80pqlcstnc89aw4dwr2av8spdc98sk7k0rz,,0,INSUFFICIENT_EVIDENCE,,,0,INSUFFICIENT_EVIDENCE,DOMINANT_TX_SHAPE;SINGLE_LOCK_SCRIPT,0.0,3,OK,,0.0,2,OK,,0.0,2,OK,FEW_DISTINCT_SOURCES,0.0,2,OK,FEW_DISTINCT_DESTINATIONS,0.3333333333333333,3,OK,NEAR_ZERO_NET_FLOW,,0,INSUFFICIENT_EVIDENCE,,0.0,1,OK,,ROUND_TRIP,0.3333333333333333,False,False,0.0,2
ckb1qzda0cr08m85hc8jlnfp3zer7xulejywt49kt2rr0vthywaa50xwsqgm4jfxekt225yeqlkhhz585mhekalxa7qrv09fu,0.27960994914507764,3,OK,,0.3833916083916084,2,OK,SINGLE_LOCK_SCRIPT,0.0,3,OK,,0.287492207216024,2,OK,,0.4331673063499405,2,OK,FEW_DISTINCT_SOURCES,0.0,2,OK,FEW_DISTINCT_DESTINATIONS,0.3332873621985197,3,OK,NEAR_ZERO_NET_FLOW,0.47735724443959676,4,OK,VARIED_DAY_OF_WEEK,0.0,1,OK,,IRREGULAR_ACTIVITY,0.47735724443959676,False,False,0.0,1430
ckb1qzda0cr08m85hc8jlnfp3zer7xulejywt49kt2rr0vthywaa50xwsqgmjsf5sg7y340mh52tdh8z4p4v2yryk6ggzyu8m,,0,INSUFFICIENT_EVIDENCE,,,0,INSUFFICIENT_EVIDENCE,DOMINANT_TX_SHAPE;SINGLE_LOCK_SCRIPT,0.5,2,OK,FANOUT_DOMINANT_SHAPE,0.0,2,OK,,0.0,2,OK,FEW_DISTINCT_SOURCES,1.0,2,OK,1_TO_N_SHAPE;FEW_DISTINCT_DESTINATIONS,,0,INSUFFICIENT_EVIDENCE,,,0,INSUFFICIENT_EVIDENCE,,0.0,1,OK,,CELL_FRAGMENTATION,1.0,False,False,0.0,1
ckb1qzda0cr08m85hc8jlnfp3zer7xulejywt49kt2rr0vthywaa50xwsqgnfvuxythnvn6vprmx6jxl9fqh5ezez8q9guwpx,0.14578774869492384,3,OK,,0.5168650793650794,2,OK,SINGLE_LOCK_SCRIPT,0.0,3,OK,,0.182823073466526,2,OK,,0.2754613039392963,2,OK,FEW_DISTINCT_SOURCES,0.0,2,OK,FEW_DISTINCT_DESTINATIONS,0.3306582349298848,3,OK,NEAR_ZERO_NET_FLOW,0.525251159091105,4,OK,HIGH_INTERVAL_VARIANCE;VARIED_DAY_OF_WEEK,0.0,1,OK,,IRREGULAR_ACTIVITY,0.525251159091105,False,False,0.0,757
ckb1qzda0cr08m85hc8jlnfp3zer7xulejywt49kt2rr0vthywaa50xwsqgphyyw5jenumukdqqega4x0zwmvh0fnuqeh9e2g,,0,INSUFFICIENT_EVIDENCE,,,0,INSUFFICIENT_EVIDENCE,DOMINANT_TX_SHAPE;SINGLE_LOCK_SCRIPT,0.5,2,OK,FANOUT_DOMINANT_SHAPE,0.0,2,OK,,0.0,2,OK,FEW_DISTINCT_SOURCES,1.0,2,OK,1_TO_N_SHAPE;FEW_DISTINCT_DESTINATIONS,,0,INSUFFICIENT_EVIDENCE,,,0,INSUFFICIENT_EVIDENCE,,0.0,1,OK,,CELL_FRAGMENTATION,1.0,False,False,0.0,1
ckb1qzda0cr08m85hc8jlnfp3zer7xulejywt49kt2rr0vthywaa50xwsqgq74prpeqz7rlncvqz0j2gn4jxsg75ztggj7v7a,0.30823538605398665,3,OK,,0.4017857142857143,2,OK,SINGLE_LOCK_SCRIPT,0.0,3,OK,,0.2730676544117048,2,OK,,0.4114336922667788,2,OK,FEW_DISTINCT_SOURCES,0.0,2,OK,FEW_DISTINCT_DESTINATIONS,0.3179665727198383,3,OK,NEAR_ZERO_NET_FLOW,0.7157423792028401,4,OK,HIGH_INTERVAL_VARIANCE;VARIED_TIME_OF_DAY;VARIED_DAY_OF_WEEK,0.0,1,OK,,IRREGULAR_ACTIVITY,0.7157423792028401,False,False,0.0,28
ckb1qzda0cr08m85hc8jlnfp3zer7xulejywt49kt2rr0vthywaa50xwsqgqu5f73a8mu9fjdve3rsmjc5q2uccwgccgerq4a,,0,INSUFFICIENT_EVIDENCE,,,0,INSUFFICIENT_EVIDENCE,,,0,INSUFFICIENT_EVIDENCE,,,0,INSUFFICIENT_EVIDENCE,,,0,INSUFFICIENT_EVIDENCE,,,0,INSUFFICIENT_EVIDENCE,,,0,INSUFFICIENT_EVIDENCE,,,0,INSUFFICIENT_EVIDENCE,,0.0,1,OK,,INSUFFICIENT_EVIDENCE,,False,False,0.0,0
ckb1qzda0cr08m85hc8jlnfp3zer7xulejywt49kt2rr0vthywaa50xwsqgrrjcgegk84s72jhspcsxnznsygtketyqj93p7m,,0,INSUFFICIENT_EVIDENCE,,,0,INSUFFICIENT_EVIDENCE,,,0,INSUFFICIENT_EVIDENCE,,,0,INSUFFICIENT_EVIDENCE,,,0,INSUFFICIENT_EVIDENCE,,,0,INSUFFICIENT_EVIDENCE,,,0,INSUFFICIENT_EVIDENCE,,,0,INSUFFICIENT_EVIDENCE,,0.0,1,OK,,INSUFFICIENT_EVIDENCE,,False,False,0.0,0
ckb1qzda0cr08m85hc8jlnfp3zer7xulejywt49kt2rr0vthywaa50xwsqgrz3hvgkrdt2k7cfdpwj8dfnunvjtssssjl8n5h,0.43613176628762673,3,OK,,0.375,2,OK,SINGLE_LOCK_SCRIPT,0.27203642929861027,3,OK,,0.0,2,OK,,0.0,2,OK,FEW_DISTINCT_SOURCES,0.44308243782576173,2,OK,FEW_DISTINCT_DESTINATIONS,0.3333333333333333,3,OK,NEAR_ZERO_NET_FLOW,0.6400513694507192,4,OK,HIGH_INTERVAL_VARIANCE;VARIED_DAY_OF_WEEK,0.0,1,OK,,IRREGULAR_ACTIVITY,0.6400513694507192,False,False,0.0,90
ckb1qzda0cr08m85hc8jlnfp3zer7xulejywt49kt2rr0vthywaa50xwsqgt4w6g2rka0ufkctegwzcmm7g2gc8hvhgu5xy24,0.12721465853530153,3,OK,,0.5107879924953096,2,OK,SINGLE_LOCK_SCRIPT,0.0,3,OK,,0.18758869028715755,2,OK,,0.28264170517966036,2,OK,FEW_DISTINCT_SOURCES,0.0,2,OK,FEW_DISTINCT_DESTINATIONS,0.3333333333333333,3,OK,NEAR_ZERO_NET_FLOW,0.5427399202123011,4,OK,HIGH_INTERVAL_VARIANCE;VARIED_DAY_OF_WEEK,0.0,1,OK,,IRREGULAR_ACTIVITY,0.5427399202123011,False,False,0.0,533
ckb1qzda0cr08m85hc8jlnfp3zer7xulejywt49kt2rr0vthywaa50xwsqgtnlxsdxd59738lfcuwtx9rwht50pmcus3ye2h3,0.10204472586423614,3,OK,,0.45863309352517984,2,OK,SINGLE_LOCK_SCRIPT,0.0,3,OK,,0.13328482080305679,2,OK,,0.2008215365685107,2,OK,FEW_DISTINCT_SOURCES,0.0,2,OK,FEW_DISTINCT_DESTINATIONS,0.33272933860165427,3,OK,NEAR_ZERO_NET_FLOW,0.6090807802421636,4,OK,HIGH_INTERVAL_VARIANCE;VARIED_DAY_OF_WEEK,0.0,1,OK,,IRREGULAR_ACTIVITY,0.6090807802421636,False,False,0.0,278
ckb1qzda0cr08m85hc8jlnfp3zer7xulejywt49kt2rr0vthywaa50xwsqgtx2tjysfne99gjt69psfea8xc2my2zlgsfgp59,0.2514013957571961,3,OK,,0.3705463182897862,2,OK,SINGLE_LOCK_SCRIPT,0.13239399942609772,3,OK,,0.3481495191855959,2,OK,,0.3634728492417515,2,OK,,0.16741924301965605,2,OK,FEW_DISTINCT_DESTINATIONS,0.3333333333333333,3,OK,NEAR_ZERO_NET_FLOW,0.7346380932693881,4,OK,HIGH_INTERVAL_VARIANCE;VARIED_DAY_OF_WEEK;MIXED_TX_SHAPES,0.0,1,OK,,IRREGULAR_ACTIVITY,0.7346380932693881,False,False,0.0,421
ckb1qzda0cr08m85hc8jlnfp3zer7xulejywt49kt2rr0vthywaa50xwsqgu7pyfhg4tq00pguszy8gckjkxshmacys678te3,0.25334803004276457,3,OK,,0.75,2,OK,DOMINANT_TX_SHAPE;SINGLE_LOCK_SCRIPT,0.0,3,OK,,0.0,2,OK,,0.0,2,OK,FEW_DISTINCT_SOURCES,0.0,2,OK,FEW_DISTINCT_DESTINATIONS,0.3333333333333333,3,OK,NEAR_ZERO_NET_FLOW,0.42844922916708994,4,OK,HIGH_INTERVAL_VARIANCE;VARIED_DAY_OF_WEEK,0.0,1,OK,,IRREGULAR_ACTIVITY,0.42844922916708994,True,False,0.0,358
ckb1qzda0cr08m85hc8jlnfp3zer7xulejywt49kt2rr0vthywaa50xwsqgulzg2h44865y9svyw7s5390npefh3x9qrr8hc9,0.45072310611444294,3,OK,LOW_LIFETIME_VARIANCE,0.3738019169329073,2,OK,SINGLE_LOCK_SCRIPT,0.16078830485700607,3,OK,,0.0009395298996715905,2,OK,,0.0014155988428937462,2,OK,FEW_DISTINCT_SOURCES,0.2618857859353544,2,OK,FEW_DISTINCT_DESTINATIONS,0.3333333333333333,3,OK,NEAR_ZERO_NET_FLOW,0.8658721826209677,4,OK,HIGH_INTERVAL_VARIANCE;VARIED_TIME_OF_DAY;VARIED_DAY_OF_WEEK;MIXED_TX_SHAPES,0.0,1,OK,,IRREGULAR_ACTIVITY,0.8658721826209677,False,False,0.0,626
ckb1qzda0cr08m85hc8jlnfp3zer7xulejywt49kt2rr0vthywaa50xwsqguvzhn36ualhchhnpmm7w5l5w6wwyzdjc9gyxqq,0.5658689866934237,3,OK,,0.585031847133758,2,OK,SINGLE_LOCK_SCRIPT,0.08779696365454437,3,OK,MANY_DISTINCT_RECIPIENTS;EVEN_CAPACITY_SPREAD,0.021656050955414,2,OK,MANY_DISTINCT_SENDERS,0.010828025477707,2,OK,,0.04458598726114645,2,OK,,0.3342932526874816,3,OK,NEAR_ZERO_NET_FLOW,0.6418788369961558,4,OK,HIGH_INTERVAL_VARIANCE;VARIED_TIME_OF_DAY;VARIED_DAY_OF_WEEK,0.0,1,OK,,IRREGULAR_ACTIVITY,0.6418788369961558,False,False,0.0,2355
ckb1qzda0cr08m85hc8jlnfp3zer7xulejywt49kt2rr0vthywaa50xwsqguzqmcp4wprkpawalhp3hqfu9ur2q2tps9lv2ge,0.11298561761219178,3,OK,,0.3367768595041322,2,OK,SINGLE_LOCK_SCRIPT,0.03309689209395111,3,OK,,0.24025751280818705,2,OK,,0.30781122041035686,2,OK,FEW_DISTINCT_SOURCES,0.04214530157207813,2,OK,FEW_DISTINCT_DESTINATIONS,0.3333333333333333,3,OK,NEAR_ZERO_NET_FLOW,0.8841787984003879,4,OK,HIGH_INTERVAL_VARIANCE;VARIED_TIME_OF_DAY;VARIED_DAY_OF_WEEK;MIXED_TX_SHAPES,0.0,1,OK,,IRREGULAR_ACTIVITY,0.8841787984003879,False,False,0.0,1089
ckb1qzda0cr08m85hc8jlnfp3zer7xulejywt49kt2rr0vthywaa50xwsqgv9p59awt6f744dzhudpxwg07hhxrfxqqx304da,,0,INSUFFICIENT_EVIDENCE,,,0,INSUFFICIENT_EVIDENCE,,,0,INSUFFICIENT_EVIDENCE,,,0,INSUFFICIENT_EVIDENCE,,,0,INSUFFICIENT_EVIDENCE,,,0,INSUFFICIENT_EVIDENCE,,,0,INSUFFICIENT_EVIDENCE,,,0,INSUFFICIENT_EVIDENCE,,0.0,1,OK,,INSUFFICIENT_EVIDENCE,,False,False,0.0,0
ckb1qzda0cr08m85hc8jlnfp3zer7xulejywt49kt2rr0vthywaa50xwsqgvf6u2sgx8ud45x9dy6gqwl2rx5625w8g52tt66,0.03810178302091797,3,OK,,0.3736363636363636,2,OK,SINGLE_LOCK_SCRIPT,0.29780750096223474,3,OK,,0.2930035027477761,2,OK,,0.4414712289609407,2,OK,FEW_DISTINCT_SOURCES,0.40829766087292607,2,OK,FEW_DISTINCT_DESTINATIONS,0.3333333333333333,3,OK,NEAR_ZERO_NET_FLOW,0.6425535309605722,4,OK,HIGH_INTERVAL_VARIANCE;VARIED_DAY_OF_WEEK;MIXED_TX_SHAPES,0.0,1,OK,,IRREGULAR_ACTIVITY,0.6425535309605722,False,False,0.0,275
ckb1qzda0cr08m85hc8jlnfp3zer7xulejywt49kt2rr0vthywaa50xwsqgvhdamaryxwum3rdm2pfpm2vzlmt3e0uq0cll7q,0.39159858217480564,3,OK,,0.3375,2,OK,SINGLE_LOCK_SCRIPT,0.08161092878958308,3,OK,,0.12239986361118647,2,OK,MANY_DISTINCT_SENDERS,0.08878580219186728,2,OK,,0.1329247313477285,2,OK,FEW_DISTINCT_DESTINATIONS,0.3333333333333333,3,OK,NEAR_ZERO_NET_FLOW,0.7700176559790122,4,OK,HIGH_INTERVAL_VARIANCE;VARIED_TIME_OF_DAY;VARIED_DAY_OF_WEEK;MIXED_TX_SHAPES,0.0,1,OK,,IRREGULAR_ACTIVITY,0.7700176559790122,False,False,0.0,20
ckb1qzda0cr08m85hc8jlnfp3zer7xulejywt49kt2rr0vthywaa50xwsqgvmsa3c3ecl7edwqjvezvjcrwqs3ypy0gdesfvg,0.42739492878712776,2,OK,,0.375,2,OK,SINGLE_LOCK_SCRIPT,0.09067880976620339,3,OK,,0.0,2,OK,,0.0,2,OK,FEW_DISTINCT_SOURCES,0.1476941459419205,2,OK,FEW_DISTINCT_DESTINATIONS,0.3333333333333333,3,OK,NEAR_ZERO_NET_FLOW,0.5138680751306823,4,OK,HIGH_INTERVAL_VARIANCE,0.0,1,OK,,IRREGULAR_ACTIVITY,0.5138680751306823,False,False,0.0,6
ckb1qzda0cr08m85hc8jlnfp3zer7xulejywt49kt2rr0vthywaa50xwsqgvqj4l72jsc6mve69s24ggznk7vf09dpsgdszvp,0.36042500650526094,3,OK,,0.28846153846153844,2,OK,SINGLE_LOCK_SCRIPT,0.041851758353632335,3,OK,,0.10841046418427208,2,OK,,0.11318200409081165,2,OK,,0.06816652889627102,2,OK,FEW_DISTINCT_DESTINATIONS,0.3333333333333333,3,OK,NEAR_ZERO_NET_FLOW,0.6390569649762038,4,OK,HIGH_INTERVAL_VARIANCE;MIXED_TX_SHAPES,0.0,1,OK,,IRREGULAR_ACTIVITY,0.6390569649762038,False,False,0.0,13
ckb1qzda0cr08m85hc8jlnfp3zer7xulejywt49kt2rr0vthywaa50xwsqgvs5gksmvyjy2jl746vvnnq5a7nuey9hsz2uudd,0.2115357240447601,3,OK,,0.6266686893203883,2,OK,SINGLE_LOCK_SCRIPT,0.10252312093128316,3,OK,,0.0017844226856627036,2,OK,,0.002688607025641694,2,OK,FEW_DISTINCT_SOURCES,0.10628614731184205,2,OK,,0.24942934495749722,3,OK,,0.7903873266883603,4,OK,HIGH_INTERVAL_VARIANCE;VARIED_TIME_OF_DAY;VARIED_DAY_OF_WEEK,0.0,1,OK,,IRREGULAR_ACTIVITY,0.7903873266883603,False,False,0.0,1648
ckb1qzda0cr08m85hc8jlnfp3zer7xulejywt49kt2rr0vthywaa50xwsqgw7a8wtdmg4er900svtg4vqn27upcpq4cnd4g7v,0.1217456383237493,3,OK,,0.36837455830388693,2,OK,SINGLE_LOCK_SCRIPT,0.08074579526884543,3,OK,,0.31420270046988763,2,OK,,0.4025477312132161,2,OK,FEW_DISTINCT_SOURCES,0.1315156352557031,2,OK,FEW_DISTINCT_DESTINATIONS,0.3333333333333333,3,OK,NEAR_ZERO_NET_FLOW,0.721417520064455,4,OK,HIGH_INTERVAL_VARIANCE;VARIED_DAY_OF_WEEK;MIXED_TX_SHAPES,0.0,1,OK,,IRREGULAR_ACTIVITY,0.721417520064455,False,False,0.0,566
ckb1qzda0cr08m85hc8jlnfp3zer7xulejywt49kt2rr0vthywaa50xwsqgwclc88er2n8s5d5cscywyshz8r3rwr9qla2lgd,,0,INSUFFICIENT_EVIDENCE,,,0,INSUFFICIENT_EVIDENCE,DOMINANT_TX_SHAPE;SINGLE_LOCK_SCRIPT,0.5,2,OK,FANOUT_DOMINANT_SHAPE,0.0,2,OK,,0.0,2,OK,FEW_DISTINCT_SOURCES,1.0,2,OK,1_TO_N_SHAPE;FEW_DISTINCT_DESTINATIONS,,0,INSUFFICIENT_EVIDENCE,,,0,INSUFFICIENT_EVIDENCE,,0.0,1,OK,,CELL_FRAGMENTATION,1.0,False,False,0.0,1
ckb1qzda0cr08m85hc8jlnfp3zer7xulejywt49kt2rr0vthywaa50xwsqgwfecefxhhy7jtetnnf835cc6pc4hup2g3047fh,,0,INSUFFICIENT_EVIDENCE,,,0,INSUFFICIENT_EVIDENCE,DOMINANT_TX_SHAPE;SINGLE_LOCK_SCRIPT,0.0,3,OK,,0.0,2,OK,,0.0,2,OK,,0.0,2,OK,FEW_DISTINCT_DESTINATIONS,0.22222222222222224,3,OK,,,0,INSUFFICIENT_EVIDENCE,,0.0,1,OK,,ROUND_TRIP,0.22222222222222224,False,False,0.0,2
ckb1qzda0cr08m85hc8jlnfp3zer7xulejywt49kt2rr0vthywaa50xwsqgwnwze907evedj3hsygj2k9jelywm3mlsylksa9,0.287199003318058,3,OK,LOW_LIFETIME_VARIANCE,0.3802149178255373,2,OK,SINGLE_LOCK_SCRIPT,0.0,3,OK,MANY_DISTINCT_RECIPIENTS;EVEN_CAPACITY_SPREAD,0.28998334981773954,2,OK,,0.43692073515056146,2,OK,FEW_DISTINCT_SOURCES,0.0,2,OK,,0.32447661979803405,3,OK,NEAR_ZERO_NET_FLOW,0.6295329383097837,4,OK,HIGH_INTERVAL_VARIANCE;VARIED_DAY_OF_WEEK,0.0,1,OK,,IRREGULAR_ACTIVITY,0.6295329383097837,False,False,0.0,791
ckb1qzda0cr08m85hc8jlnfp3zer7xulejywt49kt2rr0vthywaa50xwsqgwum3jcpnajgd4teaa2zezc99pwfl3sug4xfx7f,0.046119999238852606,3,OK,,0.3629032258064516,2,OK,SINGLE_LOCK_SCRIPT,0.2551607202850488,3,OK,,0.3095359627511425,2,OK,,0.39656883708519436,2,OK,FEW_DISTINCT_SOURCES,0.4155959342385556,2,OK,FEW_DISTINCT_DESTINATIONS,0.3333333333333333,3,OK,NEAR_ZERO_NET_FLOW,0.7380885900911516,4,OK,HIGH_INTERVAL_VARIANCE;VARIED_DAY_OF_WEEK;MIXED_TX_SHAPES,0.0,1,OK,,IRREGULAR_ACTIVITY,0.7380885900911516,False,False,0.0,1209
ckb1qzda0cr08m85hc8jlnfp3zer7xulejywt49kt2rr0vthywaa50xwsqgwwfzh5cmw04fyp5c7wh5rdvzq22m4jzsp9yju2,0.0,3,OK,,0.3870967741935484,2,OK,SINGLE_LOCK_SCRIPT,0.0,3,OK,,0.2845866373521489,2,OK,,0.42878945596041457,2,OK,FEW_DISTINCT_SOURCES,0.0,2,OK,FEW_DISTINCT_DESTINATIONS,0.3332555585847496,3,OK,NEAR_ZERO_NET_FLOW,0.6886129882442733,4,OK,HIGH_INTERVAL_VARIANCE;VARIED_DAY_OF_WEEK,0.0,1,OK,,IRREGULAR_ACTIVITY,0.6886129882442733,False,False,0.0,930
ckb1qzda0cr08m85hc8jlnfp3zer7xulejywt49kt2rr0vthywaa50xwsqgx7zz4z95yfe23juh4dhsyxymx94qxrhscedcek,0.22098202427830482,3,OK,,0.38611713665943603,2,OK,SINGLE_LOCK_SCRIPT,0.0,3,OK,,0.2853548635122704,2,OK,,0.4299469497918816,2,OK,FEW_DISTINCT_SOURCES,0.0,2,OK,FEW_DISTINCT_DESTINATIONS,0.3331708618791189,3,OK,NEAR_ZERO_NET_FLOW,0.5189402152360516,4,OK,VARIED_DAY_OF_WEEK,0.0,1,OK,,IRREGULAR_ACTIVITY,0.5189402152360516,False,False,0.0,1383
ckb1qzda0cr08m85hc8jlnfp3zer7xulejywt49kt2rr0vthywaa50xwsqgxe3ru50ecjjruz4tymv759ztsdff7lxq74umg9,0.29519707450247795,3,OK,,0.36111111111111105,2,OK,SINGLE_LOCK_SCRIPT,0.24132899362332255,3,OK,,0.025047830903291903,2,OK,,0.02860480560381653,2,OK,,0.3339011690025957,2,OK,FEW_DISTINCT_DESTINATIONS,0.33294620043429235,3,OK,NEAR_ZERO_NET_FLOW,0.7826406218749057,4,OK,HIGH_INTERVAL_VARIANCE;VARIED_TIME_OF_DAY;VARIED_DAY_OF_WEEK;MIXED_TX_SHAPES,0.0,1,OK,,IRREGULAR_ACTIVITY,0.7826406218749057,False,False,0.0,27
ckb1qzda0cr08m85hc8jlnfp3zer7xulejywt49kt2rr0vthywaa50xwsqgyc38gxchqxq76zu6enhvgp5mdsgv8e7gzp680x,,0,INSUFFICIENT_EVIDENCE,,0.5625,2,OK,SINGLE_LOCK_SCRIPT,0.4080546439479154,3,OK,FANOUT_DOMINANT_SHAPE,0.0,2,OK,,0.0,2,OK,FEW_DISTINCT_SOURCES,0.6646236567386425,2,OK,1_TO_N_SHAPE;FEW_DISTINCT_DESTINATIONS,0.33332922160468337,3,OK,NEAR_ZERO_NET_FLOW,,0,INSUFFICIENT_EVIDENCE,HIGH_INTERVAL_VARIANCE,0.0,1,OK,,CELL_FRAGMENTATION,0.6646236567386425,False,False,0.0,4
ckb1qzda0cr08m85hc8jlnfp3zer7xulejywt49kt2rr0vthywaa50xwsqgygj0n7vv7vk6ejt4d23yp87v5fe5352sv3hvfw,0.24661206406348177,3,OK,,0.48471615720524014,2,OK,SINGLE_LOCK_SCRIPT,0.003959773352235925,3,OK,,0.2648268443621993,2,OK,,0.22812477615020058,2,OK,,0.006449526023664601,2,OK,FEW_DISTINCT_DESTINATIONS,0.3331278279217588,3,OK,NEAR_ZERO_NET_FLOW,0.7137764344275146,4,OK,HIGH_INTERVAL_VARIANCE;VARIED_TIME_OF_DAY;VARIED_DAY_OF_WEEK,0.0,1,OK,,IRREGULAR_ACTIVITY,0.7137764344275146,False,False,0.0,1374
ckb1qzda0cr08m85hc8jlnfp3zer7xulejywt49kt2rr0vthywaa50xwsqgymz5r96gzf6r87vldacvwxsxmk99t47swcpt4f,0.6155326947214758,3,OK,,0.375,2,OK,SINGLE_LOCK_SCRIPT,0.0,3,OK,,0.0,2,OK,,0.0,2,OK,FEW_DISTINCT_SOURCES,0.0,2,OK,FEW_DISTINCT_DESTINATIONS,0.3333333333333333,3,OK,NEAR_ZERO_NET_FLOW,0.5069707109089882,4,OK,HIGH_INTERVAL_VARIANCE;VARIED_DAY_OF_WEEK,0.0,1,OK,,PERIODIC_EXECUTION,0.6155326947214758,False,False,0.0,344
ckb1qzda0cr08m85hc8jlnfp3zer7xulejywt49kt2rr0vthywaa50xwsqgyvkdp7jhf7qmnqwwwwqkcx486ph24weqs2g79k,0.2615985669958871,3,OK,,0.375,2,OK,SINGLE_LOCK_SCRIPT,0.0,3,OK,,0.29407285859722054,2,OK,,0.44308243782576173,2,OK,FEW_DISTINCT_SOURCES,0.0,2,OK,FEW_DISTINCT_DESTINATIONS,0.3333333333333333,3,OK,NEAR_ZERO_NET_FLOW,0.6697103457882324,4,OK,HIGH_INTERVAL_VARIANCE;VARIED_DAY_OF_WEEK,0.0,1,OK,,IRREGULAR_ACTIVITY,0.6697103457882324,False,False,0.0,54
ckb1qzda0cr08m85hc8jlnfp3zer7xulejywt49kt2rr0vthywaa50xwsqgyxsdzsqagk0lly758rp0hawjzx76wstsungwjh,0.6154011058630241,3,OK,,0.375,2,OK,SINGLE_LOCK_SCRIPT,0.0013879409658092007,3,OK,,0.0,2,OK,,0.0,2,OK,FEW_DISTINCT_SOURCES,0.0022606246827844407,2,OK,FEW_DISTINCT_DESTINATIONS,0.3333333333333333,3,OK,NEAR_ZERO_NET_FLOW,0.5114317533665212,4,OK,HIGH_INTERVAL_VARIANCE;VARIED_DAY_OF_WEEK,0.0,1,OK,,PERIODIC_EXECUTION,0.6154011058630241,False,False,0.0,784
ckb1qzda0cr08m85hc8jlnfp3zer7xulejywt49kt2rr0vthywaa50xwsqgyy000nyw2vusqvhqnhpclqay3ppme74q30qusp,,0,INSUFFICIENT_EVIDENCE,,,0,INSUFFICIENT_EVIDENCE,,,0,INSUFFICIENT_EVIDENCE,,,0,INSUFFICIENT_EVIDENCE,,,0,INSUFFICIENT_EVIDENCE,,,0,INSUFFICIENT_EVIDENCE,,,0,INSUFFICIENT_EVIDENCE,,,0,INSUFFICIENT_EVIDENCE,VARIED_TIME_OF_DAY;VARIED_DAY_OF_WEEK,0.0,1,OK,,INSUFFICIENT_EVIDENCE,,False,False,0.0,0
ckb1qzda0cr08m85hc8jlnfp3zer7xulejywt49kt2rr0vthywaa50xwsqgyyvh29w83h2lt4wwas26u7ht4sh2f5ysrd6897,,0,INSUFFICIENT_EVIDENCE,,,0,INSUFFICIENT_EVIDENCE,,,0,INSUFFICIENT_EVIDENCE,,,0,INSUFFICIENT_EVIDENCE,,,0,INSUFFICIENT_EVIDENCE,,,0,INSUFFICIENT_EVIDENCE,,,0,INSUFFICIENT_EVIDENCE,,,0,INSUFFICIENT_EVIDENCE,,0.0,1,OK,,INSUFFICIENT_EVIDENCE,,False,False,0.0,0
ckb1qzda0cr08m85hc8jlnfp3zer7xulejywt49kt2rr0vthywaa50xwsqgzgak4nyyfjzlcnx6lel86kkl9wmn8cmqg5mv52,0.06468659684015754,3,OK,,0.5850860420650095,2,OK,SINGLE_LOCK_SCRIPT,0.6718330467839255,3,OK,FANOUT_DOMINANT_SHAPE;MANY_DISTINCT_RECIPIENTS,0.0,2,OK,,0.0,2,OK,FEW_DISTINCT_SOURCES,0.390057361376673,2,OK,1_TO_N_SHAPE,0.33189239084347555,3,OK,NEAR_ZERO_NET_FLOW,0.7645303209470924,4,OK,HIGH_INTERVAL_VARIANCE;VARIED_TIME_OF_DAY;VARIED_DAY_OF_WEEK,0.0,1,OK,,IRREGULAR_ACTIVITY,0.7645303209470924,False,False,0.0,523
ckb1qzda0cr08m85hc8jlnfp3zer7xulejywt49kt2rr0vthywaa50xwsqgzku5d6wp53s4ukledn8j8u3t9vjxt7ys9uu00a,0.33329252266222115,3,OK,LOW_LIFETIME_VARIANCE,0.75,2,OK,DOMINANT_TX_SHAPE;SINGLE_LOCK_SCRIPT,0.0,3,OK,,0.8049340811099106,2,OK,FANIN_DOMINANT_SHAPE;MANY_DISTINCT_SENDERS,0.6061951715173719,2,OK,N_TO_1_SHAPE,0.0,2,OK,FEW_DISTINCT_DESTINATIONS,0.3333333333333333,3,OK,NEAR_ZERO_NET_FLOW,0.3131020411540136,4,OK,HIGH_INTERVAL_VARIANCE,0.0,1,OK,,FAN_IN_COLLECTION,0.8049340811099106,True,False,0.0,11
ckb1qzda0cr08m85hc8jlnfp3zer7xulejywt49kt2rr0vthywaa50xwsqgzm5e3yf726rc70mkxfc2y2u4y3w27h6qeazjwx,,0,INSUFFICIENT_EVIDENCE,,,0,INSUFFICIENT_EVIDENCE,SINGLE_LOCK_SCRIPT,0.3403281973461286,3,OK,,0.0,2,OK,,0.0,2,OK,FEW_DISTINCT_SOURCES,0.40978779832136747,2,OK,FEW_DISTINCT_DESTINATIONS,0.3333333333333333,3,OK,NEAR_ZERO_NET_FLOW,,0,INSUFFICIENT_EVIDENCE,,0.0,1,OK,,CELL_FRAGMENTATION,0.40978779832136747,False,False,0.0,2
ckb1qzda0cr08m85hc8jlnfp3zer7xulejywt49kt2rr0vthywaa50xwsqgzn8kzhxna4m6zgj48hzm2a56splrqffcce3rs5,0.0,3,OK,,0.4017857142857143,2,OK,SINGLE_LOCK_SCRIPT,0.0,3,OK,,0.2730676544117048,2,OK,,0.4114336922667788,2,OK,FEW_DISTINCT_SOURCES,0.0,2,OK,FEW_DISTINCT_DESTINATIONS,0.3331706604826442,3,OK,NEAR_ZERO_NET_FLOW,0.6826618352311675,4,OK,HIGH_INTERVAL_VARIANCE;VARIED_DAY_OF_WEEK,0.0,1,OK,,IRREGULAR_ACTIVITY,0.6826618352311675,False,False,0.0,1204
ckb1qzda0cr08m85hc8jlnfp3zer7xulejywt49kt2rr0vthywaa50xwsqgzsfhz25zu4du35s2eyyre700dhhc04pqghrdgn,0.11123568325682347,3,OK,,0.375585023400936,2,OK,SINGLE_LOCK_SCRIPT,0.31014152305358117,3,OK,FANOUT_DOMINANT_SHAPE,0.29361408658692845,2,OK,,0.4423912015733034,2,OK,FEW_DISTINCT_SOURCES,0.4104270928585303,2,OK,1_TO_N_SHAPE;FEW_DISTINCT_DESTINATIONS,0.33275909166817275,3,OK,NEAR_ZERO_NET_FLOW,0.5624033183591509,4,OK,HIGH_INTERVAL_VARIANCE;VARIED_DAY_OF_WEEK,0.0,1,OK,,IRREGULAR_ACTIVITY,0.5624033183591509,False,False,0.0,641
ckb1qzda0cr08m85hc8jlnfp3zer7xulejywt49kt2rr0vthywaa50xwsqgzw9vj0prshmp4pm5jr0t8m4vwf353syqvqfm08,0.2476537660812086,3,OK,,0.37649402390438247,2,OK,SINGLE_LOCK_SCRIPT,0.34401825552697163,3,OK,FANOUT_DOMINANT_SHAPE,0.318579510135638,2,OK,,0.40815517761092374,2,OK,FEW_DISTINCT_SOURCES,0.41142041903181115,2,OK,1_TO_N_SHAPE;FEW_DISTINCT_DESTINATIONS,0.3333333333333333,3,OK,NEAR_ZERO_NET_FLOW,0.73158777985143,4,OK,HIGH_INTERVAL_VARIANCE;VARIED_DAY_OF_WEEK,0.0,1,OK,,IRREGULAR_ACTIVITY,0.73158777985143,False,False,0.0,251
ckb1qzda0cr08m85hc8jlnfp3zer7xulejywt49kt2rr0vthywaa50xwsqt0ayt9cx3tfx3gdmm9vt4r46tj26aus5q6rpaqf,,0,INSUFFICIENT_EVIDENCE,,,0,INSUFFICIENT_EVIDENCE,SINGLE_LOCK_SCRIPT,0.0,3,OK,,0.0,2,OK,,0.0,2,OK,FEW_DISTINCT_SOURCES,0.0,2,OK,FEW_DISTINCT_DESTINATIONS,0.3333333333333333,3,OK,NEAR_ZERO_NET_FLOW,,0,INSUFFICIENT_EVIDENCE,,0.0,1,OK,,ROUND_TRIP,0.3333333333333333,False,False,0.0,2
ckb1qzda0cr08m85hc8jlnfp3zer7xulejywt49kt2rr0vthywaa50xwsqt2gnkqzr9sm0q9syuahhy9mgu9hx3r5pg74y4jz,0.09290290710788256,3,OK,,0.2510493179433368,2,OK,SINGLE_LOCK_SCRIPT,0.2568189775907337,3,OK,,0.11992996055794442,2,OK,,0.13696088979036192,2,OK,,0.246256962730638,2,OK,,0.3333333333333333,3,OK,NEAR_ZERO_NET_FLOW,0.9101276075139828,4,OK,HIGH_INTERVAL_VARIANCE;VARIED_TIME_OF_DAY;VARIED_DAY_OF_WEEK;MIXED_TX_SHAPES,0.0,1,OK,,IRREGULAR_ACTIVITY,0.9101276075139828,False,False,0.0,953
ckb1qzda0cr08m85hc8jlnfp3zer7xulejywt49kt2rr0vthywaa50xwsqt2hf4pt58qrvnfk02tyhq2pe30t209xecsrj2fy,0.4526061843511351,2,OK,,0.5,2,OK,SINGLE_LOCK_SCRIPT,0.0,3,OK,,0.0,2,OK,MANY_DISTINCT_SENDERS,0.0,2,OK,,0.0,2,OK,FEW_DISTINCT_DESTINATIONS,0.3333333333333333,3,OK,NEAR_ZERO_NET_FLOW,0.4649117320177567,4,OK,HIGH_INTERVAL_VARIANCE,0.0,1,OK,,IRREGULAR_ACTIVITY,0.4649117320177567,False,False,0.0,6
ckb1qzda0cr08m85hc8jlnfp3zer7xulejywt49kt2rr0vthywaa50xwsqt3j4qnk2pk9pwdn0wnx04ngejfc5de4dccgk8ws,0.46820056517797104,3,OK,,0.375,2,OK,SINGLE_LOCK_SCRIPT,0.0,3,OK,,0.0,2,OK,,0.0,2,OK,FEW_DISTINCT_SOURCES,0.0,2,OK,FEW_DISTINCT_DESTINATIONS,0.3333333333333333,3,OK,NEAR_ZERO_NET_FLOW,0.6118121317501839,4,OK,HIGH_INTERVAL_VARIANCE;VARIED_DAY_OF_WEEK,0.0,1,OK,,IRREGULAR_ACTIVITY,0.6118121317501839,False,False,0.0,1280
ckb1qzda0cr08m85hc8jlnfp3zer7xulejywt49kt2rr0vthywaa50xwsqt3tqddwnr5xfm52vevcyujfw8nhrr77hc0uppq7,0.5395364141812049,3,OK,LOW_INTERVAL_VARIANCE,0.7459016393442623,2,OK,DOMINANT_TX_SHAPE;SINGLE_LOCK_SCRIPT,0.5410997828671811,3,OK,FANOUT_DOMINANT_SHAPE,0.0024104332671903293,2,OK,,0.003631823260866895,2,OK,FEW_DISTINCT_SOURCES,0.8813224446370342,2,OK,1_TO_N_SHAPE;FEW_DISTINCT_DESTINATIONS,0.21448705276510296,3,OK,,0.3729330176431766,4,OK,VARIED_DAY_OF_WEEK,0.0,1,OK,,CELL_FRAGMENTATION,0.8813224446370342,True,False,0.0,732
ckb1qzda0cr08m85hc8jlnfp3zer7xulejywt49kt2rr0vthywaa50xwsqt44hj52utz2v6cpmwxuxyvkd6szca35fg4gv4wz,,0,INSUFFICIENT_EVIDENCE,,,0,INSUFFICIENT_EVIDENCE,,,0,INSUFFICIENT_EVIDENCE,,,0,INSUFFICIENT_EVIDENCE,,,0,INSUFFICIENT_EVIDENCE,,,0,INSUFFICIENT_EVIDENCE,,,0,INSUFFICIENT_EVIDENCE,,,0,INSUFFICIENT_EVIDENCE,VARIED_TIME_OF_DAY;VARIED_DAY_OF_WEEK,0.0,1,OK,,INSUFFICIENT_EVIDENCE,,False,False,0.0,0
ckb1qzda0cr08m85hc8jlnfp3zer7xulejywt49kt2rr0vthywaa50xwsqt44ntk8mswsuzjtd7e5d4nm5q3akq8ppsvm3kqy,0.31774630608979176,3,OK,,0.375,2,OK,SINGLE_LOCK_SCRIPT,0.04946116896338368,3,OK,,0.0,2,OK,,0.0,2,OK,FEW_DISTINCT_SOURCES,0.08056044324104758,2,OK,FEW_DISTINCT_DESTINATIONS,0.3333333333333333,3,OK,NEAR_ZERO_NET_FLOW,0.8349064211491163,4,OK,HIGH_INTERVAL_VARIANCE;VARIED_TIME_OF_DAY;VARIED_DAY_OF_WEEK,0.0,1,OK,,IRREGULAR_ACTIVITY,0.8349064211491163,False,False,0.0,44
ckb1qzda0cr08m85hc8jlnfp3zer7xulejywt49kt2rr0vthywaa50xwsqt485s60lj75yksuswl5uyyr7fyclqq2tsk3kxkr,0.5371360674887586,3,OK,,0.375,2,OK,SINGLE_LOCK_SCRIPT,0.021618789083333242,3,OK,,0.0,2,OK,,0.0,2,OK,FEW_DISTINCT_SOURCES,0.03521184936363665,2,OK,FEW_DISTINCT_DESTINATIONS,0.3333333333333333,3,OK,NEAR_ZERO_NET_FLOW,0.5439673425518043,4,OK,HIGH_INTERVAL_VARIANCE;VARIED_DAY_OF_WEEK,0.0,1,OK,,IRREGULAR_ACTIVITY,0.5439673425518043,False,False,0.0,1208
ckb1qzda0cr08m85hc8jlnfp3zer7xulejywt49kt2rr0vthywaa50xwsqt4jrqf6nhnqwxw4fqv9t70sezcz4qk35c6emrmj,,0,INSUFFICIENT_EVIDENCE,,,0,INSUFFICIENT_EVIDENCE,,,0,INSUFFICIENT_EVIDENCE,,,0,INSUFFICIENT_EVIDENCE,,,0,INSUFFICIENT_EVIDENCE,,,0,INSUFFICIENT_EVIDENCE,,,0,INSUFFICIENT_EVIDENCE,,,0,INSUFFICIENT_EVIDENCE,HIGH_INTERVAL_VARIANCE;VARIED_TIME_OF_DAY;VARIED_DAY_OF_WEEK,0.0,1,OK,,INSUFFICIENT_EVIDENCE,,False,False,0.0,0
ckb1qzda0cr08m85hc8jlnfp3zer7xulejywt49kt2rr0vthywaa50xwsqt4m3njt3khypyev79qutpf67rewetpltge0mfds,,0,INSUFFICIENT_EVIDENCE,,,0,INSUFFICIENT_EVIDENCE,,,0,INSUFFICIENT_EVIDENCE,,,0,INSUFFICIENT_EVIDENCE,,,0,INSUFFICIENT_EVIDENCE,,,0,INSUFFICIENT_EVIDENCE,,,0,INSUFFICIENT_EVIDENCE,,,0,INSUFFICIENT_EVIDENCE,,0.0,1,OK,,INSUFFICIENT_EVIDENCE,,False,False,0.0,0
ckb1qzda0cr08m85hc8jlnfp3zer7xulejywt49kt2rr0vthywaa50xwsqt4rtfua5eqvmwtyn08y8yycc5lx2wty3qtcxx2a,,0,INSUFFICIENT_EVIDENCE,,,0,INSUFFICIENT_EVIDENCE,DOMINANT_TX_SHAPE;SINGLE_LOCK_SCRIPT,0.0,2,OK,,0.0,2,OK,,0.0,2,OK,FEW_DISTINCT_SOURCES,0.0,2,OK,FEW_DISTINCT_DESTINATIONS,,0,INSUFFICIENT_EVIDENCE,,,0,INSUFFICIENT_EVIDENCE,,0.0,1,OK,,INSUFFICIENT_EVIDENCE,,False,False,0.0,1
ckb1qzda0cr08m85hc8jlnfp3zer7xulejywt49kt2rr0vthywaa50xwsqt54rd9j3r3zpapkccj9y7p7m48y228hngff7u47,0.0053358443188951665,3,OK,,0.3735875706214689,2,OK,SINGLE_LOCK_SCRIPT,0.0011007113564934193,3,OK,,0.3273199597701369,2,OK,,0.37380178170411127,2,OK,,0.0015434568675003894,2,OK,FEW_DISTINCT_DESTINATIONS,0.3333333333333333,3,OK,NEAR_ZERO_NET_FLOW,0.7743346961283752,4,OK,HIGH_INTERVAL_VARIANCE;VARIED_DAY_OF_WEEK;MIXED_TX_SHAPES,0.0,1,OK,,IRREGULAR_ACTIVITY,0.7743346961283752,False,False,0.0,1062
ckb1qzda0cr08m85hc8jlnfp3zer7xulejywt49kt2rr0vthywaa50xwsqt5ctdrmqm0ay6yk8h9nxh7uy0xu7tm8zs8tvu99,0.0,3,OK,,0.42857142857142855,2,OK,SINGLE_LOCK_SCRIPT,0.22021996657506543,3,OK,,0.014003469457010496,2,OK,,0.021099163705988647,2,OK,FEW_DISTINCT_SOURCES,0.3586857830018071,2,OK,FEW_DISTINCT_DESTINATIONS,0.3333333256291804,3,OK,NEAR_ZERO_NET_FLOW,0.7996587833734023,4,OK,HIGH_INTERVAL_VARIANCE;VARIED_TIME_OF_DAY;VARIED_DAY_OF_WEEK,0.0,1,OK,,IRREGULAR_ACTIVITY,0.7996587833734023,False,False,0.0,42
ckb1qzda0cr08m85hc8jlnfp3zer7xulejywt49kt2rr0vthywaa50xwsqt5hd8ra55wkxyswhn2w70tvgp8pzwvapqeasdg3,0.5146368718019642,3,OK,LOW_INTERVAL_VARIANCE,0.7279411764705882,2,OK,DOMINANT_TX_SHAPE;SINGLE_LOCK_SCRIPT,0.5280707156973022,3,OK,FANOUT_DOMINANT_SHAPE,0.017298403446895295,2,OK,,0.026063672813280054,2,OK,FEW_DISTINCT_SOURCES,0.8601012028382433,2,OK,1_TO_N_SHAPE;FEW_DISTINCT_DESTINATIONS,0.10242828413714218,3,OK,,0.3017914057603508,4,OK,VARIED_DAY_OF_WEEK,0.0,1,OK,,CELL_FRAGMENTATION,0.8601012028382433,True,False,0.0,136
ckb1qzda0cr08m85hc8jlnfp3zer7xulejywt49kt2rr0vthywaa50xwsqt5rwtxkej7gytqs9vh8n3a09udt73gnrge8ketq,,0,INSUFFICIENT_EVIDENCE,,,0,INSUFFICIENT_EVIDENCE,,,0,INSUFFICIENT_EVIDENCE,,,0,INSUFFICIENT_EVIDENCE,,,0,INSUFFICIENT_EVIDENCE,,,0,INSUFFICIENT_EVIDENCE,,,0,INSUFFICIENT_EVIDENCE,,,0,INSUFFICIENT_EVIDENCE,,0.0,1,OK,,INSUFFICIENT_EVIDENCE,,False,False,0.0,0
ckb1qzda0cr08m85hc8jlnfp3zer7xulejywt49kt2rr0vthywaa50xwsqt5w5jtzg2qf05s9u53cj2gv47v0uvu8dcwlvrqc,,0,INSUFFICIENT_EVIDENCE,,,0,INSUFFICIENT_EVIDENCE,,,0,INSUFFICIENT_EVIDENCE,,,0,INSUFFICIENT_EVIDENCE,,,0,INSUFFICIENT_EVIDENCE,,,0,INSUFFICIENT_EVIDENCE,,,0,INSUFFICIENT_EVIDENCE,,,0,INSUFFICIENT_EVIDENCE,HIGH_INTERVAL_VARIANCE;VARIED_TIME_OF_DAY;VARIED_DAY_OF_WEEK,0.0,1,OK,,INSUFFICIENT_EVIDENCE,,False,False,0.0,0
ckb1qzda0cr08m85hc8jlnfp3zer7xulejywt49kt2rr0vthywaa50xwsqt6knef6c2z0fu3jn04zqhw2e6sk98a3gsrn64xu,,0,INSUFFICIENT_EVIDENCE,,0.75,1,OK,DOMINANT_TX_SHAPE;SINGLE_LOCK_SCRIPT,0.6809649392872916,3,OK,FANOUT_DOMINANT_SHAPE,0.0,2,OK,,0.0,2,OK,FEW_DISTINCT_SOURCES,0.8195755966427349,2,OK,1_TO_N_SHAPE;FEW_DISTINCT_DESTINATIONS,0.05555601851775153,3,OK,,,0,INSUFFICIENT_EVIDENCE,HIGH_INTERVAL_VARIANCE,0.0,1,OK,,CELL_FRAGMENTATION,0.8195755966427349,True,False,0.0,4
ckb1qzda0cr08m85hc8jlnfp3zer7xulejywt49kt2rr0vthywaa50xwsqt6ppdkmsp25ffsxyr8ey2hg5detv2ulcsq54hkh,0.4661959773750193,3,OK,LOW_LIFETIME_VARIANCE,0.3733431516936671,2,OK,SINGLE_LOCK_SCRIPT,0.07719050374796108,3,OK,,0.0012669990333543694,2,OK,MANY_DISTINCT_SENDERS,0.0007874862432937804,2,OK,,0.12572491362949936,2,OK,FEW_DISTINCT_DESTINATIONS,0.3333333333333333,3,OK,NEAR_ZERO_NET_FLOW,0.8716597595504498,4,OK,HIGH_INTERVAL_VARIANCE;VARIED_TIME_OF_DAY;VARIED_DAY_OF_WEEK;MIXED_TX_SHAPES,0.0,1,OK,,IRREGULAR_ACTIVITY,0.8716597595504498,False,False,0.0,2037
ckb1qzda0cr08m85hc8jlnfp3zer7xulejywt49kt2rr0vthywaa50xwsqt6tazknn3shl6jeynqghajfkmx0uxcsyg49hx74,,0,INSUFFICIENT_EVIDENCE,,,0,INSUFFICIENT_EVIDENCE,DOMINANT_TX_SHAPE;SINGLE_LOCK_SCRIPT,0.0,3,OK,,0.0,2,OK,,0.0,2,OK,FEW_DISTINCT_SOURCES,0.0,2,OK,FEW_DISTINCT_DESTINATIONS,,0,INSUFFICIENT_EVIDENCE,NEAR_ZERO_NET_FLOW,,0,INSUFFICIENT_EVIDENCE,,0.0,1,OK,,INSUFFICIENT_EVIDENCE,,False,False,0.0,1
ckb1qzda0cr08m85hc8jlnfp3zer7xulejywt49kt2rr0vthywaa50xwsqt77x997v0x3d3m4sxxavmcanlvwn3q0hs4upt05,,0,INSUFFICIENT_EVIDENCE,,,0,INSUFFICIENT_EVIDENCE,SINGLE_LOCK_SCRIPT,0.0,3,OK,,0.29407285859722054,2,OK,,0.44308243782576173,2,OK,FEW_DISTINCT_SOURCES,0.0,2,OK,FEW_DISTINCT_DESTINATIONS,0.3333333333333333,3,OK,NEAR_ZERO_NET_FLOW,,0,INSUFFICIENT_EVIDENCE,,0.0,1,OK,,CELL_CONSOLIDATION,0.44308243782576173,False,False,0.0,2
ckb1qzda0cr08m85hc8jlnfp3zer7xulejywt49kt2rr0vthywaa50xwsqt7830n3sgc4rvmu4vym50snrq0f3qjsrgs64u8s,,0,INSUFFICIENT_EVIDENCE,,0.5,1,OK,SINGLE_LOCK_SCRIPT,0.3627152390648137,3,OK,FANOUT_DOMINANT_SHAPE,0.19604857239814702,2,OK,,0.29538829188384114,2,OK,FEW_DISTINCT_SOURCES,0.5907765837676823,2,OK,1_TO_N_SHAPE;FEW_DISTINCT_DESTINATIONS,0.3292389576938724,3,OK,NEAR_ZERO_NET_FLOW,,0,INSUFFICIENT_EVIDENCE,HIGH_INTERVAL_VARIANCE,0.0,1,OK,,CELL_FRAGMENTATION,0.5907765837676823,False,False,0.0,3
ckb1qzda0cr08m85hc8jlnfp3zer7xulejywt49kt2rr0vthywaa50xwsqt785chmwk9t3w2j3570chwvmwq3l2sxrcvmsm9d,0.0061904746936007156,3,OK,,0.4820224719101124,2,OK,SINGLE_LOCK_SCRIPT,0.31989417435455536,3,OK,MANY_DISTINCT_RECIPIENTS,0.0,2,OK,MANY_DISTINCT_SENDERS,0.0,2,OK,,0.1786516853932584,2,OK,,0.33292437679034675,3,OK,NEAR_ZERO_NET_FLOW,0.8336869936450733,4,OK,HIGH_INTERVAL_VARIANCE;VARIED_TIME_OF_DAY;VARIED_DAY_OF_WEEK,0.0,1,OK,,IRREGULAR_ACTIVITY,0.8336869936450733,False,False,0.0,890
ckb1qzda0cr08m85hc8jlnfp3zer7xulejywt49kt2rr0vthywaa50xwsqt84rvxyppu7c7zfv6xq50zgv034hdjxmguxeszx,,0,INSUFFICIENT_EVIDENCE,,,0,INSUFFICIENT_EVIDENCE,DOMINANT_TX_SHAPE;SINGLE_LOCK_SCRIPT,0.0,2,OK,,0.0,2,OK,,0.0,2,OK,FEW_DISTINCT_SOURCES,0.0,2,OK,FEW_DISTINCT_DESTINATIONS,,0,INSUFFICIENT_EVIDENCE,,,0,INSUFFICIENT_EVIDENCE,,0.0,1,OK,,INSUFFICIENT_EVIDENCE,,False,False,0.0,1
ckb1qzda0cr08m85hc8jlnfp3zer7xulejywt49kt2rr0vthywaa50xwsqt8cqqp7h76xg76krfy7gf9e76ukjptnwsggzgwq,0.4614096650418537,3,OK,LOW_LIFETIME_VARIANCE,0.375,2,OK,SINGLE_LOCK_SCRIPT,0.0,3,OK,,0.0,2,OK,,0.0,2,OK,FEW_DISTINCT_SOURCES,0.0,2,OK,FEW_DISTINCT_DESTINATIONS,0.3333333333333333,3,OK,NEAR_ZERO_NET_FLOW,0.6345378081445362,4,OK,HIGH_INTERVAL_VARIANCE;VARIED_DAY_OF_WEEK,0.0,1,OK,,IRREGULAR_ACTIVITY,0.6345378081445362,False,False,0.0,816
ckb1qzda0cr08m85hc8jlnfp3zer7xulejywt49kt2rr0vthywaa50xwsqt94xsmh5kjp24djx4y5mpeq0usqthda4cvxxmuk,,0,INSUFFICIENT_EVIDENCE,,0.5,1,OK,SINGLE_LOCK_SCRIPT,0.4031666231653551,3,OK,FANOUT_DOMINANT_SHAPE,0.0,2,OK,,0.0,2,OK,FEW_DISTINCT_SOURCES,0.5463837310951566,2,OK,1_TO_N_SHAPE;FEW_DISTINCT_DESTINATIONS,0.3333333333333333,3,OK,NEAR_ZERO_NET_FLOW,,0,INSUFFICIENT_EVIDENCE,HIGH_INTERVAL_VARIANCE,0.0,1,OK,,CELL_FRAGMENTATION,0.5463837310951566,False,False,0.0,3
ckb1qzda0cr08m85hc8jlnfp3zer7xulejywt49kt2rr0vthywaa50xwsqt99g9mrrpztjlg4tfwrnzeczrx6kpwdnqx90acl,,0,INSUFFICIENT_EVIDENCE,,,0,INSUFFICIENT_EVIDENCE,DOMINANT_TX_SHAPE;SINGLE_LOCK_SCRIPT,0.5440728585972205,3,OK,FANOUT_DOMINANT_SHAPE,0.0,2,OK,,0.0,2,OK,FEW_DISTINCT_SOURCES,0.8861648756515235,2,OK,1_TO_N_SHAPE;FEW_DISTINCT_DESTINATIONS,0.3238866402871708,3,OK,NEAR_ZERO_NET_FLOW,,0,INSUFFICIENT_EVIDENCE,,0.0,1,OK,,CELL_FRAGMENTATION,0.8861648756515235,False,False,0.0,2
ckb1qzda0cr08m85hc8jlnfp3zer7xulejywt49kt2rr0vthywaa50xwsqt9vmtr0jddwrpmpp4tfvvmsmfxt4dvllqkk0arq,,0,INSUFFICIENT_EVIDENCE,,0.5,1,OK,SINGLE_LOCK_SCRIPT,0.0,3,OK,,0.0,2,OK,,0.0,2,OK,,0.0,2,OK,FEW_DISTINCT_DESTINATIONS,0.3333333333333333,3,OK,NEAR_ZERO_NET_FLOW,,0,INSUFFICIENT_EVIDENCE,HIGH_INTERVAL_VARIANCE,0.0,1,OK,,ROUND_TRIP,0.3333333333333333,False,False,0.0,3
ckb1qzda0cr08m85hc8jlnfp3zer7xulejywt49kt2rr0vthywaa50xwsqt9xmgc7s0x0ly43qpzev2er4w4320lwdgw4anh7,,0,INSUFFICIENT_EVIDENCE,,,0,INSUFFICIENT_EVIDENCE,,,0,INSUFFICIENT_EVIDENCE,,,0,INSUFFICIENT_EVIDENCE,,,0,INSUFFICIENT_EVIDENCE,,,0,INSUFFICIENT_EVIDENCE,,,0,INSUFFICIENT_EVIDENCE,,,0,INSUFFICIENT_EVIDENCE,HIGH_INTERVAL_VARIANCE;VARIED_TIME_OF_DAY;VARIED_DAY_OF_WEEK,0.0,1,OK,,INSUFFICIENT_EVIDENCE,,False,False,0.0,0
ckb1qzda0cr08m85hc8jlnfp3zer7xulejywt49kt2rr0vthywaa50xwsqta6nhp4728qf2825cqule68ahw6ke55cgswr6t8,,0,INSUFFICIENT_EVIDENCE,,,0,INSUFFICIENT_EVIDENCE,DOMINANT_TX_SHAPE;SINGLE_LOCK_SCRIPT,0.6590601834626773,3,OK,FANOUT_DOMINANT_SHAPE,0.0,2,OK,,0.0,2,OK,FEW_DISTINCT_SOURCES,0.8195755966427349,2,OK,1_TO_N_SHAPE;FEW_DISTINCT_DESTINATIONS,0.3333333333333333,3,OK,NEAR_ZERO_NET_FLOW,,0,INSUFFICIENT_EVIDENCE,,0.0,1,OK,,CELL_FRAGMENTATION,0.8195755966427349,False,False,0.0,2
ckb1qzda0cr08m85hc8jlnfp3zer7xulejywt49kt2rr0vthywaa50xwsqtc39e2l04ha5t5fzvupspn49lftrglr8gw99j4e,0.25320131527088935,3,OK,,0.375,2,OK,SINGLE_LOCK_SCRIPT,0.24952651545316407,3,OK,,0.3198538281761806,2,OK,,0.40978779832136747,2,OK,FEW_DISTINCT_SOURCES,0.30927381005386223,2,OK,FEW_DISTINCT_DESTINATIONS,0.3333333333333333,3,OK,NEAR_ZERO_NET_FLOW,0.7528397016601939,4,OK,HIGH_INTERVAL_VARIANCE;VARIED_DAY_OF_WEEK,0.0,1,OK,,IRREGULAR_ACTIVITY,0.7528397016601939,False,False,0.0,106
ckb1qzda0cr08m85hc8jlnfp3zer7xulejywt49kt2rr0vthywaa50xwsqtcj3ytn3vr7ux8twl2esdzhwqklqm5a9qjff8zs,0.0,3,OK,,0.6164383561643836,2,OK,SINGLE_LOCK_SCRIPT,0.7303027442951602,3,OK,FANOUT_DOMINANT_SHAPE;MANY_DISTINCT_RECIPIENTS;EVEN_CAPACITY_SPREAD,0.0,2,OK,,0.0,2,OK,FEW_DISTINCT_SOURCES,0.4656898183633879,2,OK,1_TO_N_SHAPE,0.32244604924662496,3,OK,NEAR_ZERO_NET_FLOW,0.7451120883773548,4,OK,HIGH_INTERVAL_VARIANCE;VARIED_TIME_OF_DAY;VARIED_DAY_OF_WEEK,0.0,1,OK,,IRREGULAR_ACTIVITY,0.7451120883773548,False,False,0.0,73
ckb1qzda0cr08m85hc8jlnfp3zer7xulejywt49kt2rr0vthywaa50xwsqtclu6vms4ugjz0atxwlcxdf3semgk53gg6zn597,,0,INSUFFICIENT_EVIDENCE,,,0,INSUFFICIENT_EVIDENCE,,,0,INSUFFICIENT_EVIDENCE,,,0,INSUFFICIENT_EVIDENCE,,,0,INSUFFICIENT_EVIDENCE,,,0,INSUFFICIENT_EVIDENCE,,,0,INSUFFICIENT_EVIDENCE,,,0,INSUFFICIENT_EVIDENCE,,0.0,1,OK,,INSUFFICIENT_EVIDENCE,,False,False,0.0,0
ckb1qzda0cr08m85hc8jlnfp3zer7xulejywt49kt2rr0vthywaa50xwsqtcpq6rsr3xmfz4xnav7vrszp3qwpcv9yg8urgcw,0.3396119329233679,2,OK,,0.40588235294117647,1,OK,SINGLE_LOCK_SCRIPT,0.27058823529411763,2,OK,FANOUT_DOMINANT_SHAPE,0.0,2,OK,,0.0,2,OK,FEW_DISTINCT_SOURCES,0.5411764705882353,2,OK,1_TO_N_SHAPE;FEW_DISTINCT_DESTINATIONS,0.0,3,OK,,0.6761058454320061,4,OK,VARIED_TIME_OF_DAY;VARIED_DAY_OF_WEEK,0.0,1,OK,,IRREGULAR_ACTIVITY,0.6761058454320061,False,False,0.0,85
ckb1qzda0cr08m85hc8jlnfp3zer7xulejywt49kt2rr0vthywaa50xwsqtcz03jau3958a7esc84ygpk8vj8ad0njcym245u,0.07626443647949023,3,OK,,0.37320788530465954,2,OK,SINGLE_LOCK_SCRIPT,0.4889658151889921,3,OK,MANY_DISTINCT_RECIPIENTS;EVEN_CAPACITY_SPREAD,0.0842293906810035,2,OK,MANY_DISTINCT_SENDERS,0.04211469534050175,2,OK,,0.248805256869773,2,OK,,0.33865093193570317,3,OK,NEAR_ZERO_NET_FLOW,0.8505783344177396,4,OK,HIGH_INTERVAL_VARIANCE;VARIED_TIME_OF_DAY;VARIED_DAY_OF_WEEK;MIXED_TX_SHAPES,0.0,1,OK,,IRREGULAR_ACTIVITY,0.8505783344177396,False,False,0.0,1674
ckb1qzda0cr08m85hc8jlnfp3zer7xulejywt49kt2rr0vthywaa50xwsqtd9vhcdxgszckmrhj4em08p4l7g6u877ccyzsy7,0.3718509820233664,2,OK,,0.75,1,OK,DOMINANT_TX_SHAPE;SINGLE_LOCK_SCRIPT,0.0,2,OK,,0.0,2,OK,,0.0,2,OK,FEW_DISTINCT_SOURCES,0.0,2,OK,FEW_DISTINCT_DESTINATIONS,0.0,3,OK,,0.27182474263792666,4,OK,VARIED_DAY_OF_WEEK,0.0,1,OK,,PERIODIC_EXECUTION,0.3718509820233664,True,False,0.0,15
ckb1qzda0cr08m85hc8jlnfp3zer7xulejywt49kt2rr0vthywaa50xwsqtdc7efeq2t3xnqhtp336tfxd9sns8hz4cg3qf4y,,0,INSUFFICIENT_EVIDENCE,,,0,INSUFFICIENT_EVIDENCE,SINGLE_LOCK_SCRIPT,0.27203642929861027,3,OK,,0.0,2,OK,,0.0,2,OK,FEW_DISTINCT_SOURCES,0.44308243782576173,2,OK,FEW_DISTINCT_DESTINATIONS,0.3333333333333333,3,OK,NEAR_ZERO_NET_FLOW,,0,INSUFFICIENT_EVIDENCE,,0.0,1,OK,,CELL_FRAGMENTATION,0.44308243782576173,False,False,0.0,2
ckb1qzda0cr08m85hc8jlnfp3zer7xulejywt49kt2rr0vthywaa50xwsqtdjy59w688e9h3e6spw0ypv7k69nl2h6q3sma2z,,0,INSUFFICIENT_EVIDENCE,,,0,INSUFFICIENT_EVIDENCE,,,0,INSUFFICIENT_EVIDENCE,,,0,INSUFFICIENT_EVIDENCE,,,0,INSUFFICIENT_EVIDENCE,,,0,INSUFFICIENT_EVIDENCE,,,0,INSUFFICIENT_EVIDENCE,HIGH_RECIPROCITY_LEGACY_EDGES,,0,INSUFFICIENT_EVIDENCE,HIGH_INTERVAL_VARIANCE;VARIED_TIME_OF_DAY;VARIED_DAY_OF_WEEK,0.0,1,OK,,INSUFFICIENT_EVIDENCE,,False,False,0.0,0
ckb1qzda0cr08m85hc8jlnfp3zer7xulejywt49kt2rr0vthywaa50xwsqtdqrvcxvvmd02h6x8l4lwqh02g5zcskgqd42txr,0.2723992716377565,3,OK,,0.37870619946091644,2,OK,SINGLE_LOCK_SCRIPT,0.0,3,OK,MANY_DISTINCT_RECIPIENTS;EVEN_CAPACITY_SPREAD,0.29116647814387875,2,OK,,0.43870336611319805,2,OK,FEW_DISTINCT_SOURCES,0.0,2,OK,,0.3304359458798669,3,OK,NEAR_ZERO_NET_FLOW,0.6389613633217384,4,OK,HIGH_INTERVAL_VARIANCE;VARIED_DAY_OF_WEEK,0.0,1,OK,,IRREGULAR_ACTIVITY,0.6389613633217384,False,False,0.0,1113
ckb1qzda0cr08m85hc8jlnfp3zer7xulejywt49kt2rr0vthywaa50xwsqtdvhzxzyqcqqu3qu548g0yfhyhkn68s0s5tlqdh,0.37245353996171887,3,OK,LOW_LIFETIME_VARIANCE,0.7456896551724138,2,OK,DOMINANT_TX_SHAPE;SINGLE_LOCK_SCRIPT,0.5409460030880412,3,OK,FANOUT_DOMINANT_SHAPE,0.0,2,OK,,0.0,2,OK,FEW_DISTINCT_SOURCES,0.8810719740673194,2,OK,1_TO_N_SHAPE;FEW_DISTINCT_DESTINATIONS,0.03901531562949364,3,OK,,0.5598181443580632,4,OK,HIGH_INTERVAL_VARIANCE;VARIED_DAY_OF_WEEK,0.0,1,OK,,CELL_FRAGMENTATION,0.8810719740673194,True,False,0.0,174
ckb1qzda0cr08m85hc8jlnfp3zer7xulejywt49kt2rr0vthywaa50xwsqtdwr0smrhh7h0pnkg2yve4ux7mfk3k9nswdj2s2,,0,INSUFFICIENT_EVIDENCE,,,0,INSUFFICIENT_EVIDENCE,SINGLE_LOCK_SCRIPT,0.27203642929861027,3,OK,,0.0,2,OK,,0.0,2,OK,FEW_DISTINCT_SOURCES,0.44308243782576173,2,OK,FEW_DISTINCT_DESTINATIONS,0.3333333333333333,3,OK,NEAR_ZERO_NET_FLOW,,0,INSUFFICIENT_EVIDENCE,,0.0,1,OK,,CELL_FRAGMENTATION,0.44308243782576173,False,False,0.0,2
ckb1qzda0cr08m85hc8jlnfp3zer7xulejywt49kt2rr0vthywaa50xwsqte8ruahspqmzkwmeuae4v5yymsg8r9r7spk8h0y,0.28328732400733997,3,OK,,0.375,2,OK,SINGLE_LOCK_SCRIPT,0.10881457171944411,3,OK,,0.0,2,OK,,0.0,2,OK,,0.1772329751303047,2,OK,FEW_DISTINCT_DESTINATIONS,0.3333333333333333,3,OK,NEAR_ZERO_NET_FLOW,0.577165301212794,4,OK,HIGH_INTERVAL_VARIANCE,0.0,1,OK,,IRREGULAR_ACTIVITY,0.577165301212794,False,False,0.0,10
ckb1qzda0cr08m85hc8jlnfp3zer7xulejywt49kt2rr0vthywaa50xwsqteef8yemqzzx7zrqzw9tl8admfvcn57js5lzt82,0.4342167359524706,3,OK,,0.375,2,OK,SINGLE_LOCK_SCRIPT,0.0,3,OK,,0.0,2,OK,,0.0,2,OK,FEW_DISTINCT_SOURCES,0.0,2,OK,FEW_DISTINCT_DESTINATIONS,0.3333333333333333,3,OK,NEAR_ZERO_NET_FLOW,0.640562477931395,4,OK,HIGH_INTERVAL_VARIANCE;VARIED_DAY_OF_WEEK,0.0,1,OK,,IRREGULAR_ACTIVITY,0.640562477931395,False,False,0.0,1346
ckb1qzda0cr08m85hc8jlnfp3zer7xulejywt49kt2rr0vthywaa50xwsqtefa8zf5x0lltkreu77zv5830nwkld24gwljv3p,,0,INSUFFICIENT_EVIDENCE,DOMINANT_1TO1_SHAPE,,0,INSUFFICIENT_EVIDENCE,DOMINANT_TX_SHAPE;SINGLE_LOCK_SCRIPT,0.0,2,OK,,0.0,2,OK,,0.0,2,OK,FEW_DISTINCT_SOURCES,0.0,2,OK,FEW_DISTINCT_DESTINATIONS,0.0,3,OK,,,0,INSUFFICIENT_EVIDENCE,,0.0,1,OK,,INSUFFICIENT_EVIDENCE,,False,False,0.0,2
ckb1qzda0cr08m85hc8jlnfp3zer7xulejywt49kt2rr0vthywaa50xwsqtequhzd3hfxhammwmwh6e2sw6xynnrkzqzq6wuh,0.24914879783931465,3,OK,,0.45734265734265733,2,OK,SINGLE_LOCK_SCRIPT,0.38520112849841975,3,OK,MANY_DISTINCT_RECIPIENTS;EVEN_CAPACITY_SPREAD,0.0,2,OK,,0.0,2,OK,FEW_DISTINCT_SOURCES,0.1951048951048951,2,OK,,0.33722179717759954,3,OK,NEAR_ZERO_NET_FLOW,0.6963879235140972,4,OK,HIGH_INTERVAL_VARIANCE;VARIED_DAY_OF_WEEK,0.0,1,OK,,IRREGULAR_ACTIVITY,0.6963879235140972,False,False,0.0,1430
ckb1qzda0cr08m85hc8jlnfp3zer7xulejywt49kt2rr0vthywaa50xwsqteqxahcw2yy83y4svgzgg7aqk58708pqgfmxclg,0.11608894732593888,3,OK,,0.375,2,OK,SINGLE_LOCK_SCRIPT,0.0,3,OK,,0.29407285859722054,2,OK,,0.44308243782576173,2,OK,FEW_DISTINCT_SOURCES,0.0,2,OK,FEW_DISTINCT_DESTINATIONS,0.3333333333333333,3,OK,NEAR_ZERO_NET_FLOW,0.5633127318982278,4,OK,HIGH_INTERVAL_VARIANCE;VARIED_DAY_OF_WEEK,0.0,1,OK,,IRREGULAR_ACTIVITY,0.5633127318982278,False,False,0.0,366
ckb1qzda0cr08m85hc8jlnfp3zer7xulejywt49kt2rr0vthywaa50xwsqteuhr80vfws6en6ju03huzvp3xh9z0juqelhgxu,0.40361067666744455,3,OK,,0.375,2,OK,SINGLE_LOCK_SCRIPT,0.2672638603635469,3,OK,,0.0,2,OK,,0.0,2,OK,,0.4353090617235553,2,OK,FEW_DISTINCT_DESTINATIONS,0.3333333333333333,3,OK,NEAR_ZERO_NET_FLOW,0.8397309835978567,4,OK,HIGH_INTERVAL_VARIANCE;VARIED_TIME_OF_DAY;VARIED_DAY_OF_WEEK,0.0,1,OK,,IRREGULAR_ACTIVITY,0.8397309835978567,False,False,0.0,114
ckb1qzda0cr08m85hc8jlnfp3zer7xulejywt49kt2rr0vthywaa50xwsqtf8pf9tn3xzl0pjnwpyp49nqyazx5rwts7a7d5z,,0,INSUFFICIENT_EVIDENCE,,,0,INSUFFICIENT_EVIDENCE,DOMINANT_TX_SHAPE;SINGLE_LOCK_SCRIPT,0.0,2,OK,,0.0,2,OK,,0.0,2,OK,FEW_DISTINCT_SOURCES,0.0,2,OK,FEW_DISTINCT_DESTINATIONS,,0,INSUFFICIENT_EVIDENCE,,,0,INSUFFICIENT_EVIDENCE,,0.0,1,OK,,INSUFFICIENT_EVIDENCE,,False,False,0.0,1
ckb1qzda0cr08m85hc8jlnfp3zer7xulejywt49kt2rr0vthywaa50xwsqtfgy7n494w39ur9e3fdce8nkm7g5xkn7c3asagz,,0,INSUFFICIENT_EVIDENCE,,,0,INSUFFICIENT_EVIDENCE,,,0,INSUFFICIENT_EVIDENCE,,,0,INSUFFICIENT_EVIDENCE,,,0,INSUFFICIENT_EVIDENCE,,,0,INSUFFICIENT_EVIDENCE,,,0,INSUFFICIENT_EVIDENCE,,,0,INSUFFICIENT_EVIDENCE,,0.0,1,OK,,INSUFFICIENT_EVIDENCE,,False,False,0.0,0
ckb1qzda0cr08m85hc8jlnfp3zer7xulejywt49kt2rr0vthywaa50xwsqtfs070fqhspjhhzf0l5d2hrpd5hjvzmkgh8p6j2,0.1740287414180738,3,OK,,0.3725806451612903,2,OK,SINGLE_LOCK_SCRIPT,0.21706399848252247,3,OK,,0.2921756143482062,2,OK,,0.4402238414526923,2,OK,FEW_DISTINCT_SOURCES,0.2696668092179321,2,OK,FEW_DISTINCT_DESTINATIONS,0.33118898377199163,3,OK,NEAR_ZERO_NET_FLOW,0.8077664038376895,4,OK,HIGH_INTERVAL_VARIANCE;VARIED_TIME_OF_DAY;VARIED_DAY_OF_WEEK;MIXED_TX_SHAPES,0.0,1,OK,,IRREGULAR_ACTIVITY,0.8077664038376895,False,False,0.0,155
ckb1qzda0cr08m85hc8jlnfp3zer7xulejywt49kt2rr0vthywaa50xwsqtfxhm4mcvns0kxxp6yuy6skeha3pknhwqhsuzf0,,0,INSUFFICIENT_EVIDENCE,,,0,INSUFFICIENT_EVIDENCE,,,0,INSUFFICIENT_EVIDENCE,,,0,INSUFFICIENT_EVIDENCE,,,0,INSUFFICIENT_EVIDENCE,,,0,INSUFFICIENT_EVIDENCE,,,0,INSUFFICIENT_EVIDENCE,,,0,INSUFFICIENT_EVIDENCE,,0.0,1,OK,,INSUFFICIENT_EVIDENCE,,False,False,0.0,0
ckb1qzda0cr08m85hc8jlnfp3zer7xulejywt49kt2rr0vthywaa50xwsqtg2eyp82x7jqlmy9ggy6nwp4kf3nzzkpqfgp859,,0,INSUFFICIENT_EVIDENCE,,,0,INSUFFICIENT_EVIDENCE,SINGLE_LOCK_SCRIPT,0.27203642929861027,3,OK,,0.0,2,OK,,0.0,2,OK,FEW_DISTINCT_SOURCES,0.44308243782576173,2,OK,FEW_DISTINCT_DESTINATIONS,0.3333333333333333,3,OK,NEAR_ZERO_NET_FLOW,,0,INSUFFICIENT_EVIDENCE,,0.0,1,OK,,CELL_FRAGMENTATION,0.44308243782576173,False,False,0.0,2
ckb1qzda0cr08m85hc8jlnfp3zer7xulejywt49kt2rr0vthywaa50xwsqtg4cs6f9a2z82rlt748wx8jghe6qj9wfs6fnl7j,0.09654521109290222,3,OK,,0.4265785609397944,2,OK,SINGLE_LOCK_SCRIPT,0.1597864489272307,3,OK,,0.11452205994184762,2,OK,MANY_DISTINCT_SENDERS,0.07765296041236455,2,OK,,0.26025400165977197,2,OK,FEW_DISTINCT_DESTINATIONS,0.33299269503449597,3,OK,NEAR_ZERO_NET_FLOW,0.8468485203006682,4,OK,HIGH_INTERVAL_VARIANCE;VARIED_TIME_OF_DAY;VARIED_DAY_OF_WEEK,0.0,1,OK,,IRREGULAR_ACTIVITY,0.8468485203006682,False,False,0.0,2043
ckb1qzda0cr08m85hc8jlnfp3zer7xulejywt49kt2rr0vthywaa50xwsqtg608sukx6zv02svdu0hm3304fxhfrfzqvaphhu,0.4290348423813645,2,OK,,0.375,2,OK,SINGLE_LOCK_SCRIPT,0.09067880976620339,3,OK,,0.0,2,OK,,0.0,2,OK,,0.1476941459419205,2,OK,FEW_DISTINCT_DESTINATIONS,0.3333333333333333,3,OK,NEAR_ZERO_NET_FLOW,0.513048118333564,4,OK,HIGH_INTERVAL_VARIANCE,0.0,1,OK,,IRREGULAR_ACTIVITY,0.513048118333564,False,False,0.0,6
ckb1qzda0cr08m85hc8jlnfp3zer7xulejywt49kt2rr0vthywaa50xwsqtgateuk4kjwkfsxmpunvzlrflgvguqqccw5gdn7,0.12222100250024799,3,OK,,0.37416107382550334,2,OK,SINGLE_LOCK_SCRIPT,0.306828618097298,3,OK,,0.2934149774817905,2,OK,,0.4420912019469569,2,OK,FEW_DISTINCT_SOURCES,0.4070375446413583,2,OK,FEW_DISTINCT_DESTINATIONS,0.33275404111122275,3,OK,NEAR_ZERO_NET_FLOW,0.5555046797863524,4,OK,HIGH_INTERVAL_VARIANCE;VARIED_DAY_OF_WEEK;MIXED_TX_SHAPES,0.0,1,OK,,IRREGULAR_ACTIVITY,0.5555046797863524,False,False,0.0,447
ckb1qzda0cr08m85hc8jlnfp3zer7xulejywt49kt2rr0vthywaa50xwsqtgcug2zyn96tlrk38uespknjpm9kje90cuwuc97,0.4696266457926641,3,OK,LOW_LIFETIME_VARIANCE,0.375,2,OK,SINGLE_LOCK_SCRIPT,0.23317408225595163,3,OK,,0.0,2,OK,,0.0,2,OK,,0.3797849467077957,2,OK,FEW_DISTINCT_DESTINATIONS,0.3333333333333333,3,OK,NEAR_ZERO_NET_FLOW,0.7560389021108858,4,OK,HIGH_INTERVAL_VARIANCE;VARIED_TIME_OF_DAY,0.0,1,OK,,IRREGULAR_ACTIVITY,0.7560389021108858,False,False,0.0,42
ckb1qzda0cr08m85hc8jlnfp3zer7xulejywt49kt2rr0vthywaa50xwsqthl80tuq23uvh5fxm6auu4va9dw76gclqtu8vax,0.6144940606644349,3,OK,,0.375,2,OK,SINGLE_LOCK_SCRIPT,0.0,3,OK,,0.0,2,OK,,0.0,2,OK,FEW_DISTINCT_SOURCES,0.0,2,OK,FEW_DISTINCT_DESTINATIONS,0.3333333333333333,3,OK,NEAR_ZERO_NET_FLOW,0.5084588054493616,4,OK,HIGH_INTERVAL_VARIANCE;VARIED_DAY_OF_WEEK,0.0,1,OK,,PERIODIC_EXECUTION,0.6144940606644349,False,False,0.0,318
ckb1qzda0cr08m85hc8jlnfp3zer7xulejywt49kt2rr0vthywaa50xwsqthsmfsv2yddsyu04hxwg6aw82yvdhedgqvtvu0d,0.4239678736614929,2,OK,,0.75,1,OK,DOMINANT_TX_SHAPE;SINGLE_LOCK_SCRIPT,0.0,2,OK,,0.0,2,OK,,0.0,2,OK,FEW_DISTINCT_SOURCES,0.0,2,OK,FEW_DISTINCT_DESTINATIONS,0.0,3,OK,,0.28684087418883425,4,OK,VARIED_DAY_OF_WEEK,0.0,1,OK,,PERIODIC_EXECUTION,0.4239678736614929,True,False,0.0,39
ckb1qzda0cr08m85hc8jlnfp3zer7xulejywt49kt2rr0vthywaa50xwsqtjv4gnawq9taamz2yvlh5pe06vaw2u66qmwqjs7,0.1315995805411778,3,OK,,0.3741912293314162,2,OK,SINGLE_LOCK_SCRIPT,0.3281164733431434,3,OK,,0.2934386252573271,2,OK,,0.4421268322804868,2,OK,FEW_DISTINCT_SOURCES,0.40831480120303043,2,OK,FEW_DISTINCT_DESTINATIONS,0.3327139600390253,3,OK,NEAR_ZERO_NET_FLOW,0.54374461729395,4,OK,HIGH_INTERVAL_VARIANCE;VARIED_DAY_OF_WEEK;MIXED_TX_SHAPES,0.0,1,OK,,IRREGULAR_ACTIVITY,0.54374461729395,False,False,0.0,1391
ckb1qzda0cr08m85hc8jlnfp3zer7xulejywt49kt2rr0vthywaa50xwsqtkkx3urvug7hny8wgyf5s5vuchpvrhnks47yw86,0.01608598519969214,3,OK,,0.37606837606837606,2,OK,SINGLE_LOCK_SCRIPT,0.0,3,OK,,0.29323504418526264,2,OK,,0.44182009469805306,2,OK,FEW_DISTINCT_SOURCES,0.0,2,OK,FEW_DISTINCT_DESTINATIONS,0.3319850386571908,3,OK,NEAR_ZERO_NET_FLOW,0.6522466071871311,4,OK,HIGH_INTERVAL_VARIANCE;VARIED_DAY_OF_WEEK,0.0,1,OK,,IRREGULAR_ACTIVITY,0.6522466071871311,False,False,0.0,351
ckb1qzda0cr08m85hc8jlnfp3zer7xulejywt49kt2rr0vthywaa50xwsqtkpvummtxgqsj3c4hjzz72atds4jf8zcsyp90ve,,0,INSUFFICIENT_EVIDENCE,,,0,INSUFFICIENT_EVIDENCE,DOMINANT_TX_SHAPE;SINGLE_LOCK_SCRIPT,0.0,2,OK,,0.0,2,OK,,0.0,2,OK,FEW_DISTINCT_SOURCES,0.0,2,OK,FEW_DISTINCT_DESTINATIONS,,0,INSUFFICIENT_EVIDENCE,,,0,INSUFFICIENT_EVIDENCE,,0.0,1,OK,,INSUFFICIENT_EVIDENCE,,False,False,0.0,1
ckb1qzda0cr08m85hc8jlnfp3zer7xulejywt49kt2rr0vthywaa50xwsqtl60mlnd8498tpqyfu5yud3fsrt5ndptc80xq2q,0.4297824824847553,3,OK,,0.375,2,OK,SINGLE_LOCK_SCRIPT,0.3348272617380327,3,OK,,0.2880713716870732,2,OK,,0.43403993909462374,2,OK,FEW_DISTINCT_SOURCES,0.40978779832136747,2,OK,FEW_DISTINCT_DESTINATIONS,0.3333333333333333,3,OK,NEAR_ZERO_NET_FLOW,0.6182688549429702,4,OK,HIGH_INTERVAL_VARIANCE;VARIED_DAY_OF_WEEK,0.0,1,OK,,IRREGULAR_ACTIVITY,0.6182688549429702,False,False,0.0,98
ckb1qzda0cr08m85hc8jlnfp3zer7xulejywt49kt2rr0vthywaa50xwsqtlpgc29k57ufndd7gpm2jjvpwc2hqygjgtf54lg,0.0,3,OK,,0.38095238095238093,2,OK,SINGLE_LOCK_SCRIPT,0.4534916158653121,3,OK,MANY_DISTINCT_RECIPIENTS,0.0,2,OK,MANY_DISTINCT_SENDERS,0.0,2,OK,,0.246031746031746,2,OK,,0.9350637340678025,3,OK,HIGH_RECIPROCITY_CELL;HIGH_RECIPROCITY_LEGACY_EDGES;NEAR_ZERO_NET_FLOW,0.7456741498844156,4,OK,HIGH_INTERVAL_VARIANCE;VARIED_DAY_OF_WEEK,0.0,1,OK,,ROUND_TRIP,0.9350637340678025,False,False,0.0,252
ckb1qzda0cr08m85hc8jlnfp3zer7xulejywt49kt2rr0vthywaa50xwsqtmf2ge3pt50a67vdmwsj8l8rf6px43vxg098nyj,,0,INSUFFICIENT_EVIDENCE,DOMINANT_1TO1_SHAPE,,0,INSUFFICIENT_EVIDENCE,DOMINANT_TX_SHAPE;SINGLE_LOCK_SCRIPT,0.0,2,OK,,0.0,2,OK,,0.0,2,OK,FEW_DISTINCT_SOURCES,0.0,2,OK,FEW_DISTINCT_DESTINATIONS,,0,INSUFFICIENT_EVIDENCE,,,0,INSUFFICIENT_EVIDENCE,,0.0,1,OK,,INSUFFICIENT_EVIDENCE,,False,False,0.0,1
ckb1qzda0cr08m85hc8jlnfp3zer7xulejywt49kt2rr0vthywaa50xwsqtnlh5nyt9d4rw4nn753ty8g9vuwxemmhgxqc6ug,,0,INSUFFICIENT_EVIDENCE,,,0,INSUFFICIENT_EVIDENCE,SINGLE_LOCK_SCRIPT,0.27203642929861027,3,OK,,0.0,2,OK,,0.0,2,OK,FEW_DISTINCT_SOURCES,0.44308243782576173,2,OK,FEW_DISTINCT_DESTINATIONS,0.888888888888889,3,OK,HIGH_RECIPROCITY_CELL;HIGH_RECIPROCITY_LEGACY_EDGES,,0,INSUFFICIENT_EVIDENCE,,0.0,1,OK,,ROUND_TRIP,0.888888888888889,False,False,0.0,2
ckb1qzda0cr08m85hc8jlnfp3zer7xulejywt49kt2rr0vthywaa50xwsqtq43kkkjp78arrz5dk9yazecfynnduu5qz9nfxd,,0,INSUFFICIENT_EVIDENCE,,,0,INSUFFICIENT_EVIDENCE,DOMINANT_TX_SHAPE;SINGLE_LOCK_SCRIPT,0.0,2,OK,,0.0,2,OK,,0.0,2,OK,FEW_DISTINCT_SOURCES,0.0,2,OK,FEW_DISTINCT_DESTINATIONS,,0,INSUFFICIENT_EVIDENCE,,,0,INSUFFICIENT_EVIDENCE,,0.0,1,OK,,INSUFFICIENT_EVIDENCE,,False,False,0.0,1
ckb1qzda0cr08m85hc8jlnfp3zer7xulejywt49kt2rr0vthywaa50xwsqtq7kfg7m5nzejcjug02mqqklfjea7fykqu7h5nz,0.4489020030602479,3,OK,,0.625,2,OK,SINGLE_LOCK_SCRIPT,0.0,3,OK,,0.11271523906481364,2,OK,,0.12872162521717445,2,OK,,0.0,2,OK,FEW_DISTINCT_DESTINATIONS,0.005028183961594286,3,OK,,0.4327632641275859,4,OK,HIGH_INTERVAL_VARIANCE,0.0,1,OK,,PERIODIC_EXECUTION,0.4489020030602479,False,False,0.0,6
ckb1qzda0cr08m85hc8jlnfp3zer7xulejywt49kt2rr0vthywaa50xwsqtr5klxrl240p2jsldlwhd6w3dv7fjj59cp6nkwy,0.2966971888246163,3,OK,,0.3464912280701754,2,OK,SINGLE_LOCK_SCRIPT,0.2513552972466691,3,OK,,0.03295051794017171,2,OK,MANY_DISTINCT_SENDERS,0.024815007021178916,2,OK,,0.4093978080495342,2,OK,FEW_DISTINCT_DESTINATIONS,0.3333333333333333,3,OK,NEAR_ZERO_NET_FLOW,0.8561625233430645,4,OK,HIGH_INTERVAL_VARIANCE;VARIED_TIME_OF_DAY;VARIED_DAY_OF_WEEK;MIXED_TX_SHAPES,0.0,1,OK,,IRREGULAR_ACTIVITY,0.8561625233430645,False,False,0.0,171
ckb1qzda0cr08m85hc8jlnfp3zer7xulejywt49kt2rr0vthywaa50xwsqtrnw7zxsu43ta29zppg7rk8e3d2zk4kpcz7nrpq,0.1747727188449096,3,OK,,0.375,2,OK,SINGLE_LOCK_SCRIPT,0.0,3,OK,,0.29407285859722054,2,OK,,0.44308243782576173,2,OK,FEW_DISTINCT_SOURCES,0.0,2,OK,FEW_DISTINCT_DESTINATIONS,0.3333333333333333,3,OK,NEAR_ZERO_NET_FLOW,0.5455647858487958,4,OK,HIGH_INTERVAL_VARIANCE;VARIED_DAY_OF_WEEK,0.0,1,OK,,IRREGULAR_ACTIVITY,0.5455647858487958,False,False,0.0,1454
ckb1qzda0cr08m85hc8jlnfp3zer7xulejywt49kt2rr0vthywaa50xwsqtrp6ncuqxwmyp7wfr9uywxyyfs7nvk44sx7ast5,,0,INSUFFICIENT_EVIDENCE,,0.5,1,OK,SINGLE_LOCK_SCRIPT,0.0,3,OK,,0.0,2,OK,,0.0,2,OK,,0.0,2,OK,FEW_DISTINCT_DESTINATIONS,0.3333333333333333,3,OK,NEAR_ZERO_NET_FLOW,,0,INSUFFICIENT_EVIDENCE,HIGH_INTERVAL_VARIANCE,0.0,1,OK,,ROUND_TRIP,0.3333333333333333,False,False,0.0,3
ckb1qzda0cr08m85hc8jlnfp3zer7xulejywt49kt2rr0vthywaa50xwsqtrvtdrcnncgh0vsc6rvsfvl3mk4lrf0hqv5ttla,,0,INSUFFICIENT_EVIDENCE,,,0,INSUFFICIENT_EVIDENCE,DOMINANT_TX_SHAPE;SINGLE_LOCK_SCRIPT,0.5440728585972205,3,OK,FANOUT_DOMINANT_SHAPE,0.0,2,OK,,0.0,2,OK,FEW_DISTINCT_SOURCES,0.8861648756515235,2,OK,1_TO_N_SHAPE;FEW_DISTINCT_DESTINATIONS,0.33310297615925016,3,OK,NEAR_ZERO_NET_FLOW,,0,INSUFFICIENT_EVIDENCE,,0.0,1,OK,,CELL_FRAGMENTATION,0.8861648756515235,False,False,0.0,2
ckb1qzda0cr08m85hc8jlnfp3zer7xulejywt49kt2rr0vthywaa50xwsqts0nuc7ay2w00u35eal83750sgsr4xr9c723k5h,0.627280901399791,3,OK,LOW_LIFETIME_VARIANCE,0.375,2,OK,SINGLE_LOCK_SCRIPT,0.0,3,OK,,0.0,2,OK,,0.0,2,OK,FEW_DISTINCT_SOURCES,0.0,2,OK,FEW_DISTINCT_DESTINATIONS,0.3333333333333333,3,OK,NEAR_ZERO_NET_FLOW,0.5028250834356679,4,OK,HIGH_INTERVAL_VARIANCE;VARIED_DAY_OF_WEEK,0.0,1,OK,,PERIODIC_EXECUTION,0.627280901399791,False,False,0.0,98
ckb1qzda0cr08m85hc8jlnfp3zer7xulejywt49kt2rr0vthywaa50xwsqts8lza76xjqvsahh9zhwwpacxd30ctx7gmvqr75,0.0,3,OK,,0.375,2,OK,SINGLE_LOCK_SCRIPT,0.009067880976620306,3,OK,,0.3198538281761806,2,OK,,0.40978779832136747,2,OK,FEW_DISTINCT_SOURCES,0.014769414594192,2,OK,FEW_DISTINCT_DESTINATIONS,0.332127487721186,3,OK,NEAR_ZERO_NET_FLOW,0.6488131603888219,4,OK,HIGH_INTERVAL_VARIANCE;VARIED_DAY_OF_WEEK,0.0,1,OK,,IRREGULAR_ACTIVITY,0.6488131603888219,False,False,0.0,60
ckb1qzda0cr08m85hc8jlnfp3zer7xulejywt49kt2rr0vthywaa50xwsqtsqnt3y4hf88rqmpjz3t6aq94z5hzukvcx4papd,,0,INSUFFICIENT_EVIDENCE,,,0,INSUFFICIENT_EVIDENCE,,,0,INSUFFICIENT_EVIDENCE,,,0,INSUFFICIENT_EVIDENCE,,,0,INSUFFICIENT_EVIDENCE,,,0,INSUFFICIENT_EVIDENCE,,,0,INSUFFICIENT_EVIDENCE,,,0,INSUFFICIENT_EVIDENCE,,0.0,1,OK,,INSUFFICIENT_EVIDENCE,,False,False,0.0,0
ckb1qzda0cr08m85hc8jlnfp3zer7xulejywt49kt2rr0vthywaa50xwsqttkscr3p930542e3zgzj3yujwpak0gq4slpgsny,0.3540143327203127,2,OK,,0.75,1,OK,DOMINANT_TX_SHAPE;SINGLE_LOCK_SCRIPT,0.5,2,OK,FANOUT_DOMINANT_SHAPE,0.0,2,OK,,0.0,2,OK,FEW_DISTINCT_SOURCES,1.0,2,OK,1_TO_N_SHAPE;FEW_DISTINCT_DESTINATIONS,0.0,3,OK,,0.3356365327813849,4,OK,VARIED_DAY_OF_WEEK,0.0,1,OK,,CELL_FRAGMENTATION,1.0,True,False,0.0,104
ckb1qzda0cr08m85hc8jlnfp3zer7xulejywt49kt2rr0vthywaa50xwsqttxq08u8yv9qf3jnfnkr4sj5ek9cneyvglyset5,0.20273221212724932,3,OK,,0.38220640569395015,2,OK,SINGLE_LOCK_SCRIPT,0.0,3,OK,,0.2884216364035373,2,OK,,0.43456768635153,2,OK,FEW_DISTINCT_SOURCES,0.0,2,OK,FEW_DISTINCT_DESTINATIONS,0.3331924357971942,3,OK,NEAR_ZERO_NET_FLOW,0.5336276922375334,4,OK,HIGH_INTERVAL_VARIANCE;VARIED_DAY_OF_WEEK,0.0,1,OK,,IRREGULAR_ACTIVITY,0.5336276922375334,False,False,0.0,1405
ckb1qzda0cr08m85hc8jlnfp3zer7xulejywt49kt2rr0vthywaa50xwsqtuds5922cp4p8zmnerrmqkwvq3358xywcws26ya,,0,INSUFFICIENT_EVIDENCE,,,0,INSUFFICIENT_EVIDENCE,SINGLE_LOCK_SCRIPT,0.0,3,OK,,0.0,2,OK,,0.0,2,OK,FEW_DISTINCT_SOURCES,0.0,2,OK,FEW_DISTINCT_DESTINATIONS,0.3333333333333333,3,OK,NEAR_ZERO_NET_FLOW,,0,INSUFFICIENT_EVIDENCE,,0.0,1,OK,,ROUND_TRIP,0.3333333333333333,False,False,0.0,2
ckb1qzda0cr08m85hc8jlnfp3zer7xulejywt49kt2rr0vthywaa50xwsqtuwmvfy6jhmlxfz5v5pters7pltcywpgsxqk3vh,,0,INSUFFICIENT_EVIDENCE,,,0,INSUFFICIENT_EVIDENCE,,,0,INSUFFICIENT_EVIDENCE,,,0,INSUFFICIENT_EVIDENCE,,,0,INSUFFICIENT_EVIDENCE,,,0,INSUFFICIENT_EVIDENCE,,,0,INSUFFICIENT_EVIDENCE,,,0,INSUFFICIENT_EVIDENCE,,0.0,1,OK,,INSUFFICIENT_EVIDENCE,,False,False,0.0,0
ckb1qzda0cr08m85hc8jlnfp3zer7xulejywt49kt2rr0vthywaa50xwsqtv0wspg5f06a7rgnrjauyc5wwj2mk99echtjnwp,,0,INSUFFICIENT_EVIDENCE,,,0,INSUFFICIENT_EVIDENCE,,,0,INSUFFICIENT_EVIDENCE,,,0,INSUFFICIENT_EVIDENCE,,,0,INSUFFICIENT_EVIDENCE,,,0,INSUFFICIENT_EVIDENCE,,,0,INSUFFICIENT_EVIDENCE,,,0,INSUFFICIENT_EVIDENCE,,0.0,1,OK,,INSUFFICIENT_EVIDENCE,,False,False,0.0,0
ckb1qzda0cr08m85hc8jlnfp3zer7xulejywt49kt2rr0vthywaa50xwsqtv8ykkzvtxe6u6jc4gwwkp9rrf374lshqy4w4y6,,0,INSUFFICIENT_EVIDENCE,,,0,INSUFFICIENT_EVIDENCE,,,0,INSUFFICIENT_EVIDENCE,,,0,INSUFFICIENT_EVIDENCE,,,0,INSUFFICIENT_EVIDENCE,,,0,INSUFFICIENT_EVIDENCE,,,0,INSUFFICIENT_EVIDENCE,,,0,INSUFFICIENT_EVIDENCE,,0.0,1,OK,,INSUFFICIENT_EVIDENCE,,False,False,0.0,0
ckb1qzda0cr08m85hc8jlnfp3zer7xulejywt49kt2rr0vthywaa50xwsqtvu7w6m33dp2jq7wdhxuldls89490cc5sk7kcsp,,0,INSUFFICIENT_EVIDENCE,,,0,INSUFFICIENT_EVIDENCE,,,0,INSUFFICIENT_EVIDENCE,,,0,INSUFFICIENT_EVIDENCE,,,0,INSUFFICIENT_EVIDENCE,,,0,INSUFFICIENT_EVIDENCE,,,0,INSUFFICIENT_EVIDENCE,,,0,INSUFFICIENT_EVIDENCE,,0.0,1,OK,,INSUFFICIENT_EVIDENCE,,False,False,0.0,0
ckb1qzda0cr08m85hc8jlnfp3zer7xulejywt49kt2rr0vthywaa50xwsqtwhwseukev26py79eqk25vcqy6p7ldkngzrmrvv,0.13644859813084112,3,OK,,0.4226635514018692,2,OK,SINGLE_LOCK_SCRIPT,0.0005084793071001863,3,OK,,0.016740013437258037,2,OK,,0.02144683804298744,2,OK,FEW_DISTINCT_SOURCES,0.0008281914725714849,2,OK,FEW_DISTINCT_DESTINATIONS,0.3235363069789898,3,OK,NEAR_ZERO_NET_FLOW,0.6262804741654866,4,OK,HIGH_INTERVAL_VARIANCE;VARIED_DAY_OF_WEEK,0.0,1,OK,,IRREGULAR_ACTIVITY,0.6262804741654866,False,False,0.0,1158
ckb1qzda0cr08m85hc8jlnfp3zer7xulejywt49kt2rr0vthywaa50xwsqtwuh9492rw529d223n4u36642lnadmxyc7f7u8l,,0,INSUFFICIENT_EVIDENCE,,,0,INSUFFICIENT_EVIDENCE,DOMINANT_TX_SHAPE;SINGLE_LOCK_SCRIPT,0.0,3,OK,,0.0,2,OK,,0.0,2,OK,FEW_DISTINCT_SOURCES,0.0,2,OK,FEW_DISTINCT_DESTINATIONS,,0,INSUFFICIENT_EVIDENCE,NEAR_ZERO_NET_FLOW,,0,INSUFFICIENT_EVIDENCE,,0.0,1,OK,,INSUFFICIENT_EVIDENCE,,False,False,0.0,1
ckb1qzda0cr08m85hc8jlnfp3zer7xulejywt49kt2rr0vthywaa50xwsqtwv6eueqmzuljtepywy5hdc2gl5jrtz6g6ef93l,,0,INSUFFICIENT_EVIDENCE,,0.5625,2,OK,SINGLE_LOCK_SCRIPT,0.14813239128440794,3,OK,,0.0,2,OK,,0.0,2,OK,FEW_DISTINCT_SOURCES,0.20489389916068373,2,OK,FEW_DISTINCT_DESTINATIONS,0.0937137040271514,3,OK,,,0,INSUFFICIENT_EVIDENCE,HIGH_INTERVAL_VARIANCE;VARIED_DAY_OF_WEEK,0.0,1,OK,,CELL_FRAGMENTATION,0.20489389916068373,False,False,0.0,4
ckb1qzda0cr08m85hc8jlnfp3zer7xulejywt49kt2rr0vthywaa50xwsqtxd3nueqkvw2s3xactdp9t0c6axsgmewgweeu7e,,0,INSUFFICIENT_EVIDENCE,,0.375,1,OK,SINGLE_LOCK_SCRIPT,0.27203642929861027,3,OK,,0.0,2,OK,,0.0,2,OK,FEW_DISTINCT_SOURCES,0.44308243782576173,2,OK,FEW_DISTINCT_DESTINATIONS,0.3333333333333333,3,OK,NEAR_ZERO_NET_FLOW,,0,INSUFFICIENT_EVIDENCE,HIGH_INTERVAL_VARIANCE,0.0,1,OK,,CELL_FRAGMENTATION,0.44308243782576173,False,False,0.0,4
ckb1qzda0cr08m85hc8jlnfp3zer7xulejywt49kt2rr0vthywaa50xwsqtyedgf3hcmvghz4cmstp7pu7u76x93apgp9rzws,0.40231262465299733,3,OK,,0.3902439024390244,2,OK,SINGLE_LOCK_SCRIPT,0.28309482073351316,3,OK,FANOUT_DOMINANT_SHAPE,0.019126689990063107,2,OK,,0.028818369939886915,2,OK,FEW_DISTINCT_SOURCES,0.46109391903819114,2,OK,1_TO_N_SHAPE;FEW_DISTINCT_DESTINATIONS,0.3333333333333333,3,OK,NEAR_ZERO_NET_FLOW,0.8331998972064807,4,OK,HIGH_INTERVAL_VARIANCE;VARIED_TIME_OF_DAY;VARIED_DAY_OF_WEEK,0.0,1,OK,,IRREGULAR_ACTIVITY,0.8331998972064807,False,False,0.0,123
ckb1qzda0cr08m85hc8jlnfp3zer7xulejywt49kt2rr0vthywaa50xwsqtz7rcay08zu2uym7crxxe8dv9aj3thjgs7f3wu2,,0,INSUFFICIENT_EVIDENCE,,,0,INSUFFICIENT_EVIDENCE,DOMINANT_TX_SHAPE;SINGLE_LOCK_SCRIPT,0.5,2,OK,FANOUT_DOMINANT_SHAPE,0.0,2,OK,,0.0,2,OK,FEW_DISTINCT_SOURCES,1.0,2,OK,1_TO_N_SHAPE;FEW_DISTINCT_DESTINATIONS,,0,INSUFFICIENT_EVIDENCE,,,0,INSUFFICIENT_EVIDENCE,,0.0,1,OK,,CELL_FRAGMENTATION,1.0,False,False,0.0,1
ckb1qzda0cr08m85hc8jlnfp3zer7xulejywt49kt2rr0vthywaa50xwsqv04dkmp3nkglmmwsw6eawezsdecnwwt9gktajtj,0.18290080077349902,3,OK,,0.376056338028169,2,OK,SINGLE_LOCK_SCRIPT,0.0,3,OK,,0.2932444843476509,2,OK,,0.4418343182825905,2,OK,FEW_DISTINCT_SOURCES,0.0,2,OK,FEW_DISTINCT_DESTINATIONS,0.3320904819877666,3,OK,NEAR_ZERO_NET_FLOW,0.5583250270602623,4,OK,HIGH_INTERVAL_VARIANCE;VARIED_DAY_OF_WEEK,0.0,1,OK,,IRREGULAR_ACTIVITY,0.5583250270602623,False,False,0.0,355
ckb1qzda0cr08m85hc8jlnfp3zer7xulejywt49kt2rr0vthywaa50xwsqv07sjyn42umzcrg5tr9zvx4mne3ay649s9mszdr,,0,INSUFFICIENT_EVIDENCE,,,0,INSUFFICIENT_EVIDENCE,DOMINANT_TX_SHAPE;SINGLE_LOCK_SCRIPT,0.0,3,OK,,0.0,2,OK,,0.0,2,OK,FEW_DISTINCT_SOURCES,0.0,2,OK,FEW_DISTINCT_DESTINATIONS,,0,INSUFFICIENT_EVIDENCE,,,0,INSUFFICIENT_EVIDENCE,,0.0,1,OK,,INSUFFICIENT_EVIDENCE,,False,False,0.0,1
ckb1qzda0cr08m85hc8jlnfp3zer7xulejywt49kt2rr0vthywaa50xwsqv080q88xv7q4vjthljxx8hqyhma76nypggwehsa,0.0,3,OK,,0.37278481012658227,2,OK,SINGLE_LOCK_SCRIPT,0.010560063922140124,3,OK,,0.32701687080576325,2,OK,,0.3734556518959038,2,OK,,0.01719982459070464,2,OK,FEW_DISTINCT_DESTINATIONS,0.33324971469231485,3,OK,NEAR_ZERO_NET_FLOW,0.7083200253076838,4,OK,HIGH_INTERVAL_VARIANCE;VARIED_DAY_OF_WEEK;MIXED_TX_SHAPES,0.0,1,OK,,IRREGULAR_ACTIVITY,0.7083200253076838,False,False,0.0,1185
ckb1qzda0cr08m85hc8jlnfp3zer7xulejywt49kt2rr0vthywaa50xwsqv0d3y4xzhcy0lglxd46uqzqx6hfge8rfcu59hjh,0.17863742894532522,3,OK,,0.3755664652567976,2,OK,SINGLE_LOCK_SCRIPT,0.2724473604606928,3,OK,FANOUT_DOMINANT_SHAPE,0.29183038099458164,2,OK,,0.37388493985816607,2,OK,FEW_DISTINCT_SOURCES,0.44375174664422967,2,OK,1_TO_N_SHAPE;FEW_DISTINCT_DESTINATIONS,0.3325444436149701,3,OK,NEAR_ZERO_NET_FLOW,0.6299238405584722,4,OK,HIGH_INTERVAL_VARIANCE;VARIED_DAY_OF_WEEK,0.0,1,OK,,IRREGULAR_ACTIVITY,0.6299238405584722,False,False,0.0,1324
ckb1qzda0cr08m85hc8jlnfp3zer7xulejywt49kt2rr0vthywaa50xwsqv0x2xn68daw4nt0ss2fqujrc6rmfcx09gttqkq0,,0,INSUFFICIENT_EVIDENCE,,,0,INSUFFICIENT_EVIDENCE,,,0,INSUFFICIENT_EVIDENCE,,,0,INSUFFICIENT_EVIDENCE,,,0,INSUFFICIENT_EVIDENCE,,,0,INSUFFICIENT_EVIDENCE,,,0,INSUFFICIENT_EVIDENCE,,,0,INSUFFICIENT_EVIDENCE,,0.0,1,OK,,INSUFFICIENT_EVIDENCE,,False,False,0.0,0
ckb1qzda0cr08m85hc8jlnfp3zer7xulejywt49kt2rr0vthywaa50xwsqv0y7jfjm5g6sx4f5tn3jxgqen2tjecgmqt7sdrd,,0,INSUFFICIENT_EVIDENCE,DOMINANT_1TO1_SHAPE,,0,INSUFFICIENT_EVIDENCE,DOMINANT_TX_SHAPE;SINGLE_LOCK_SCRIPT,0.0,3,OK,,0.0,2,OK,,0.0,2,OK,FEW_DISTINCT_SOURCES,0.0,2,OK,FEW_DISTINCT_DESTINATIONS,0.3333333333333333,3,OK,NEAR_ZERO_NET_FLOW,,0,INSUFFICIENT_EVIDENCE,,0.0,1,OK,,ROUND_TRIP,0.3333333333333333,False,False,0.0,2
ckb1qzda0cr08m85hc8jlnfp3zer7xulejywt49kt2rr0vthywaa50xwsqv24kjravky74cfx5ff2k56kxqnvd22qngclpjwx,0.16454352441613587,3,OK,,0.3765923566878981,2,OK,SINGLE_LOCK_SCRIPT,0.0,3,OK,,0.0024974340432884555,2,OK,,0.0037629081768641554,2,OK,FEW_DISTINCT_SOURCES,0.0,2,OK,FEW_DISTINCT_DESTINATIONS,0.3333333333333333,3,OK,NEAR_ZERO_NET_FLOW,0.6328788935305429,4,OK,HIGH_INTERVAL_VARIANCE;VARIED_DAY_OF_WEEK,0.0,1,OK,,IRREGULAR_ACTIVITY,0.6328788935305429,False,False,0.0,942
ckb1qzda0cr08m85hc8jlnfp3zer7xulejywt49kt2rr0vthywaa50xwsqv28623ss9uptevpdfusyqk7rf6ggh9lucdgrcf5,0.43461165223461956,3,OK,,0.375,2,OK,SINGLE_LOCK_SCRIPT,0.0,3,OK,,0.0,2,OK,,0.0,2,OK,FEW_DISTINCT_SOURCES,0.0,2,OK,FEW_DISTINCT_DESTINATIONS,0.3333333333333333,3,OK,NEAR_ZERO_NET_FLOW,0.6376063616911873,4,OK,HIGH_INTERVAL_VARIANCE;VARIED_DAY_OF_WEEK,0.0,1,OK,,IRREGULAR_ACTIVITY,0.6376063616911873,False,False,0.0,1084
ckb1qzda0cr08m85hc8jlnfp3zer7xulejywt49kt2rr0vthywaa50xwsqv2mxk8gk0kdcqrjee7fdyy4dzjs3c8etq9dlarq,0.2654765153817989,3,OK,,0.3619791666666667,2,OK,SINGLE_LOCK_SCRIPT,0.05572708583325391,3,OK,,0.32640454645852296,2,OK,,0.3727563730247345,2,OK,,0.07541233788552944,2,OK,FEW_DISTINCT_DESTINATIONS,0.3333333333333333,3,OK,NEAR_ZERO_NET_FLOW,0.8637093449483233,4,OK,HIGH_INTERVAL_VARIANCE;VARIED_TIME_OF_DAY;VARIED_DAY_OF_WEEK;MIXED_TX_SHAPES,0.0,1,OK,,IRREGULAR_ACTIVITY,0.8637093449483233,False,False,0.0,576
ckb1qzda0cr08m85hc8jlnfp3zer7xulejywt49kt2rr0vthywaa50xwsqv3zjwlrxn8vk53c4d9a8ksecf9rj86mfsv8t4pc,0.0005112474437627667,3,OK,,0.7338957055214724,2,OK,DOMINANT_TX_SHAPE;SINGLE_LOCK_SCRIPT,0.018279497926110097,3,OK,MANY_DISTINCT_RECIPIENTS,0.0,2,OK,MANY_DISTINCT_SENDERS,0.0,2,OK,,0.0099693251533742,2,OK,,0.4435785720691568,3,OK,NEAR_ZERO_NET_FLOW,0.7455161763734701,4,OK,HIGH_INTERVAL_VARIANCE;VARIED_TIME_OF_DAY;VARIED_DAY_OF_WEEK,0.0,1,OK,,IRREGULAR_ACTIVITY,0.7455161763734701,True,False,0.0,1304
ckb1qzda0cr08m85hc8jlnfp3zer7xulejywt49kt2rr0vthywaa50xwsqv45yf5q6ynep69kppw897xdgxd86w69nstg29fy,0.23587815220674857,3,OK,,0.43535075653370015,2,OK,SINGLE_LOCK_SCRIPT,0.0,3,OK,,0.0687653176912345,2,OK,,0.10360937335678058,2,OK,FEW_DISTINCT_SOURCES,0.0,2,OK,FEW_DISTINCT_DESTINATIONS,0.32424891132999123,3,OK,NEAR_ZERO_NET_FLOW,0.5141520869580755,4,OK,HIGH_INTERVAL_VARIANCE;VARIED_DAY_OF_WEEK,0.0,1,OK,,IRREGULAR_ACTIVITY,0.5141520869580755,False,False,0.0,743
ckb1qzda0cr08m85hc8jlnfp3zer7xulejywt49kt2rr0vthywaa50xwsqv47n6dc9ay34npwktvlpp5huzjvd07t4qhspqyz,0.36922446523143887,3,OK,,0.3950892857142857,2,OK,SINGLE_LOCK_SCRIPT,0.42623252726238436,3,OK,MANY_DISTINCT_RECIPIENTS,0.0,2,OK,MANY_DISTINCT_SENDERS,0.0,2,OK,,0.23660714285714285,2,OK,,0.9017906813677682,3,OK,HIGH_RECIPROCITY_CELL;HIGH_RECIPROCITY_LEGACY_EDGES;NEAR_ZERO_NET_FLOW,0.6606464376463462,4,OK,HIGH_INTERVAL_VARIANCE;VARIED_DAY_OF_WEEK,0.0,1,OK,,ROUND_TRIP,0.9017906813677682,False,False,0.0,224
ckb1qzda0cr08m85hc8jlnfp3zer7xulejywt49kt2rr0vthywaa50xwsqv4twdpchew2fdreeukg2dtl9p7f0wnjxckl7k7s,0.3503968079170587,3,OK,,0.4444444444444444,2,OK,SINGLE_LOCK_SCRIPT,0.0,3,OK,,0.10891587355452607,2,OK,,0.16410460660213388,2,OK,FEW_DISTINCT_SOURCES,0.0,2,OK,FEW_DISTINCT_DESTINATIONS,0.3333333333333333,3,OK,NEAR_ZERO_NET_FLOW,0.46311958450863455,4,OK,HIGH_INTERVAL_VARIANCE;VARIED_DAY_OF_WEEK,0.0,1,OK,,IRREGULAR_ACTIVITY,0.46311958450863455,False,False,0.0,243
ckb1qzda0cr08m85hc8jlnfp3zer7xulejywt49kt2rr0vthywaa50xwsqv52twl330j4d2n858snefzewnuwchku7ql2qas8,0.10462829378236742,3,OK,,0.3744619799139167,2,OK,SINGLE_LOCK_SCRIPT,0.3238837190630724,3,OK,,0.2928071217596428,2,OK,,0.4411753398150339,2,OK,FEW_DISTINCT_SOURCES,0.40919986747729087,2,OK,FEW_DISTINCT_DESTINATIONS,0.3330226611683143,3,OK,NEAR_ZERO_NET_FLOW,0.561084867860461,4,OK,HIGH_INTERVAL_VARIANCE;VARIED_DAY_OF_WEEK;MIXED_TX_SHAPES,0.0,1,OK,,IRREGULAR_ACTIVITY,0.561084867860461,False,False,0.0,1394
ckb1qzda0cr08m85hc8jlnfp3zer7xulejywt49kt2rr0vthywaa50xwsqv54r405f85mw65djy9l56j6v3qp7a6v8crpuwl7,0.047451073376524655,3,OK,,0.38456937799043067,2,OK,SINGLE_LOCK_SCRIPT,0.0,3,OK,,0.28656860702217185,2,OK,,0.4317757089498252,2,OK,FEW_DISTINCT_SOURCES,0.0,2,OK,FEW_DISTINCT_DESTINATIONS,0.3332872053780689,3,OK,NEAR_ZERO_NET_FLOW,0.650871917136408,4,OK,HIGH_INTERVAL_VARIANCE;VARIED_DAY_OF_WEEK,0.0,1,OK,,IRREGULAR_ACTIVITY,0.650871917136408,False,False,0.0,1254
ckb1qzda0cr08m85hc8jlnfp3zer7xulejywt49kt2rr0vthywaa50xwsqv59ncvatjy3r9640tdutfdyacrmz3cwwsu27h6d,0.28314269342896964,3,OK,,0.3797709923664122,2,OK,SINGLE_LOCK_SCRIPT,0.0,3,OK,,0.2903314736277902,2,OK,,0.4374452566829403,2,OK,FEW_DISTINCT_SOURCES,0.0,2,OK,FEW_DISTINCT_DESTINATIONS,0.3333333333333333,3,OK,NEAR_ZERO_NET_FLOW,0.6790963117866776,4,OK,HIGH_INTERVAL_VARIANCE;VARIED_DAY_OF_WEEK,0.0,1,OK,,IRREGULAR_ACTIVITY,0.6790963117866776,False,False,0.0,393
ckb1qzda0cr08m85hc8jlnfp3zer7xulejywt49kt2rr0vthywaa50xwsqv5fy2zkt07lz0jwtsukxstvhr9u7rx2zc38tmwe,0.17062370048048867,3,OK,,0.48026315789473684,2,OK,SINGLE_LOCK_SCRIPT,0.0,3,OK,,0.28031603351661055,2,OK,,0.22987016600617774,2,OK,,0.0,2,OK,FEW_DISTINCT_DESTINATIONS,0.3333333333333333,3,OK,NEAR_ZERO_NET_FLOW,0.5365762633084421,4,OK,HIGH_INTERVAL_VARIANCE;VARIED_DAY_OF_WEEK,0.0,1,OK,,IRREGULAR_ACTIVITY,0.5365762633084421,False,False,0.0,342
ckb1qzda0cr08m85hc8jlnfp3zer7xulejywt49kt2rr0vthywaa50xwsqv5uwm78vrgdrfmd056xn32q9junu3rg2c2we24p,0.3798717224700037,3,OK,,0.45402892561983477,2,OK,SINGLE_LOCK_SCRIPT,0.15287997679591322,3,OK,,0.07269405185822284,2,OK,,0.09313359052758349,2,OK,FEW_DISTINCT_SOURCES,0.2490050063814198,2,OK,FEW_DISTINCT_DESTINATIONS,0.3320391723964191,3,OK,NEAR_ZERO_NET_FLOW,0.6612115412774399,4,OK,VARIED_TIME_OF_DAY;VARIED_DAY_OF_WEEK,0.0,1,OK,,IRREGULAR_ACTIVITY,0.6612115412774399,False,False,0.0,484
ckb1qzda0cr08m85hc8jlnfp3zer7xulejywt49kt2rr0vthywaa50xwsqv5vn90nv29ngxyzlddcqhfec4ejag85fgz5ryz3,0.2071344889679099,3,OK,,0.38894628099173556,2,OK,SINGLE_LOCK_SCRIPT,0.0,3,OK,,0.28313626468244785,2,OK,,0.4266041653446383,2,OK,FEW_DISTINCT_SOURCES,0.0,2,OK,FEW_DISTINCT_DESTINATIONS,0.3333333333333333,3,OK,NEAR_ZERO_NET_FLOW,0.6646820551698046,4,OK,HIGH_INTERVAL_VARIANCE;VARIED_DAY_OF_WEEK,0.0,1,OK,,IRREGULAR_ACTIVITY,0.6646820551698046,False,False,0.0,968
ckb1qzda0cr08m85hc8jlnfp3zer7xulejywt49kt2rr0vthywaa50xwsqv6ee355xxhkrz8rhplvqwjcxl3ru5pcssulyfzy,,0,INSUFFICIENT_EVIDENCE,DOMINANT_1TO1_SHAPE,,0,INSUFFICIENT_EVIDENCE,DOMINANT_TX_SHAPE;SINGLE_LOCK_SCRIPT,0.0,3,OK,,0.0,2,OK,,0.0,2,OK,FEW_DISTINCT_SOURCES,0.0,2,OK,FEW_DISTINCT_DESTINATIONS,,0,INSUFFICIENT_EVIDENCE,,,0,INSUFFICIENT_EVIDENCE,,0.0,1,OK,,INSUFFICIENT_EVIDENCE,,False,False,0.0,1
ckb1qzda0cr08m85hc8jlnfp3zer7xulejywt49kt2rr0vthywaa50xwsqv7nn9j6tfzxufy3v6enaren4n9ds6f0dqvkwddv,0.6118757309265472,2,OK,,0.41911764705882354,1,OK,SINGLE_LOCK_SCRIPT,0.024003214349877358,3,OK,,0.2840943815682037,2,OK,MANY_DISTINCT_SENDERS,0.21395123700613125,2,OK,,0.039095509219920124,2,OK,FEW_DISTINCT_DESTINATIONS,0.2331201054536811,3,OK,,0.5578358574791387,4,OK,VARIED_DAY_OF_WEEK,0.0,1,OK,,PERIODIC_EXECUTION,0.6118757309265472,False,False,0.0,68
ckb1qzda0cr08m85hc8jlnfp3zer7xulejywt49kt2rr0vthywaa50xwsqv7vnn4a83fkxlf3vdcyjqns8e4dcuv5msj4lqye,0.6285456483989907,3,OK,LOW_INTERVAL_VARIANCE;LOW_LIFETIME_VARIANCE,0.375,2,OK,SINGLE_LOCK_SCRIPT,0.0,3,OK,,0.29407285859722054,2,OK,,0.44308243782576173,2,OK,FEW_DISTINCT_SOURCES,0.0,2,OK,FEW_DISTINCT_DESTINATIONS,0.3333333333333333,3,OK,NEAR_ZERO_NET_FLOW,0.45543178883528573,4,OK,VARIED_DAY_OF_WEEK,0.0,1,OK,,PERIODIC_EXECUTION,0.6285456483989907,False,False,0.0,30
ckb1qzda0cr08m85hc8jlnfp3zer7xulejywt49kt2rr0vthywaa50xwsqv8cuf7vzh62m9gwyv59lzha9nx6ar5d9qqkp5em,,0,INSUFFICIENT_EVIDENCE,,,0,INSUFFICIENT_EVIDENCE,,,0,INSUFFICIENT_EVIDENCE,,,0,INSUFFICIENT_EVIDENCE,,,0,INSUFFICIENT_EVIDENCE,,,0,INSUFFICIENT_EVIDENCE,,,0,INSUFFICIENT_EVIDENCE,,,0,INSUFFICIENT_EVIDENCE,HIGH_INTERVAL_VARIANCE;VARIED_TIME_OF_DAY;VARIED_DAY_OF_WEEK,0.0,1,OK,,INSUFFICIENT_EVIDENCE,,False,False,0.0,0
ckb1qzda0cr08m85hc8jlnfp3zer7xulejywt49kt2rr0vthywaa50xwsqv8ejrmt8xqzuql29z9f0n3w0hsth3us3qyhqspl,0.3336111799464247,3,OK,,0.37525915687629574,2,OK,SINGLE_LOCK_SCRIPT,0.0,3,OK,,0.000406458684999599,2,OK,,0.0006124152561516872,2,OK,FEW_DISTINCT_SOURCES,0.0,2,OK,FEW_DISTINCT_DESTINATIONS,0.3333333333333333,3,OK,NEAR_ZERO_NET_FLOW,0.5145090616656742,4,OK,HIGH_INTERVAL_VARIANCE;VARIED_DAY_OF_WEEK,0.0,1,OK,,IRREGULAR_ACTIVITY,0.5145090616656742,False,False,0.0,1447
ckb1qzda0cr08m85hc8jlnfp3zer7xulejywt49kt2rr0vthywaa50xwsqv8mt7uj0ynsd25vlufex6xm5czh04nglsd68gcc,0.43662687984473697,3,OK,,0.6501865671641791,2,OK,DOMINANT_TX_SHAPE;SINGLE_LOCK_SCRIPT,0.4716651522913715,3,OK,FANOUT_DOMINANT_SHAPE,0.05410462765169224,2,OK,,0.0693173390195348,2,OK,FEW_DISTINCT_SOURCES,0.7682299979217809,2,OK,1_TO_N_SHAPE;FEW_DISTINCT_DESTINATIONS,0.3193422792468899,3,OK,NEAR_ZERO_NET_FLOW,0.3941066575295724,4,OK,VARIED_DAY_OF_WEEK,0.0,1,OK,,CELL_FRAGMENTATION,0.7682299979217809,False,False,0.0,804
ckb1qzda0cr08m85hc8jlnfp3zer7xulejywt49kt2rr0vthywaa50xwsqv8yreznvv7falyl3sk08l74zh6aj9u9hsrpfysy,0.0,3,OK,,0.375,2,OK,SINGLE_LOCK_SCRIPT,0.3436685001026879,3,OK,,0.2910095996534995,2,OK,,0.43846699576507675,2,OK,FEW_DISTINCT_SOURCES,0.40978779832136747,2,OK,FEW_DISTINCT_DESTINATIONS,0.3329178209080977,3,OK,NEAR_ZERO_NET_FLOW,0.6336429215341833,4,OK,HIGH_INTERVAL_VARIANCE;VARIED_DAY_OF_WEEK,0.0,1,OK,,IRREGULAR_ACTIVITY,0.6336429215341833,False,False,0.0,384
ckb1qzda0cr08m85hc8jlnfp3zer7xulejywt49kt2rr0vthywaa50xwsqv98zwvdlfvcwhppy75jcs0u8566vupxzs735ggx,,0,INSUFFICIENT_EVIDENCE,,,0,INSUFFICIENT_EVIDENCE,DOMINANT_TX_SHAPE;SINGLE_LOCK_SCRIPT,0.5,2,OK,FANOUT_DOMINANT_SHAPE,0.0,2,OK,,0.0,2,OK,FEW_DISTINCT_SOURCES,1.0,2,OK,1_TO_N_SHAPE;FEW_DISTINCT_DESTINATIONS,,0,INSUFFICIENT_EVIDENCE,,,0,INSUFFICIENT_EVIDENCE,,0.0,1,OK,,CELL_FRAGMENTATION,1.0,False,False,0.0,1
ckb1qzda0cr08m85hc8jlnfp3zer7xulejywt49kt2rr0vthywaa50xwsqv9ft027uv84z4nc4wsgwl32u6ex4e4qsscccscx,,0,INSUFFICIENT_EVIDENCE,,,0,INSUFFICIENT_EVIDENCE,,,0,INSUFFICIENT_EVIDENCE,,,0,INSUFFICIENT_EVIDENCE,,,0,INSUFFICIENT_EVIDENCE,,,0,INSUFFICIENT_EVIDENCE,,,0,INSUFFICIENT_EVIDENCE,,,0,INSUFFICIENT_EVIDENCE,HIGH_INTERVAL_VARIANCE;VARIED_TIME_OF_DAY;VARIED_DAY_OF_WEEK,0.0,1,OK,,INSUFFICIENT_EVIDENCE,,False,False,0.0,0
ckb1qzda0cr08m85hc8jlnfp3zer7xulejywt49kt2rr0vthywaa50xwsqv9hhmy8u8z5xeay9r56pp3akjdmmannxqx3n837,,0,INSUFFICIENT_EVIDENCE,,,0,INSUFFICIENT_EVIDENCE,DOMINANT_TX_SHAPE;SINGLE_LOCK_SCRIPT,0.5,2,OK,FANOUT_DOMINANT_SHAPE,0.0,2,OK,,0.0,2,OK,FEW_DISTINCT_SOURCES,1.0,2,OK,1_TO_N_SHAPE;FEW_DISTINCT_DESTINATIONS,,0,INSUFFICIENT_EVIDENCE,,,0,INSUFFICIENT_EVIDENCE,,0.0,1,OK,,CELL_FRAGMENTATION,1.0,False,False,0.0,1
ckb1qzda0cr08m85hc8jlnfp3zer7xulejywt49kt2rr0vthywaa50xwsqv9q7ytwr9dncyftpv8fetndn3hr5r4yygghtd9m,,0,INSUFFICIENT_EVIDENCE,,,0,INSUFFICIENT_EVIDENCE,,,0,INSUFFICIENT_EVIDENCE,,,0,INSUFFICIENT_EVIDENCE,,,0,INSUFFICIENT_EVIDENCE,,,0,INSUFFICIENT_EVIDENCE,,,0,INSUFFICIENT_EVIDENCE,,,0,INSUFFICIENT_EVIDENCE,,0.0,1,OK,,INSUFFICIENT_EVIDENCE,,False,False,0.0,0
ckb1qzda0cr08m85hc8jlnfp3zer7xulejywt49kt2rr0vthywaa50xwsqv9vxgmpvg55u2p84e8xerreq8kg4lf4ugyddftc,0.19810232256695567,3,OK,,0.3884961439588689,2,OK,SINGLE_LOCK_SCRIPT,0.42750060005295126,3,OK,MANY_DISTINCT_RECIPIENTS;EVEN_CAPACITY_SPREAD,0.005291799512032189,2,OK,,0.007973205822057324,2,OK,FEW_DISTINCT_SOURCES,0.2529187179746896,2,OK,,0.3251072291316508,3,OK,NEAR_ZERO_NET_FLOW,0.8697467990000746,4,OK,HIGH_INTERVAL_VARIANCE;VARIED_TIME_OF_DAY;VARIED_DAY_OF_WEEK,0.0,1,OK,,IRREGULAR_ACTIVITY,0.8697467990000746,False,False,0.0,1556
ckb1qzda0cr08m85hc8jlnfp3zer7xulejywt49kt2rr0vthywaa50xwsqva6slkwzalfalw2gl7cawxfkx3s2dt8tq3zqy53,0.38692322441342014,2,OK,,0.7291666666666666,1,OK,DOMINANT_TX_SHAPE;SINGLE_LOCK_SCRIPT,0.01388888888888885,2,OK,,0.0,2,OK,,0.0,2,OK,FEW_DISTINCT_SOURCES,0.0277777777777777,2,OK,FEW_DISTINCT_DESTINATIONS,0.0,3,OK,,0.3198321531093339,4,OK,VARIED_DAY_OF_WEEK,0.0,1,OK,,PERIODIC_EXECUTION,0.38692322441342014,True,False,0.0,36
ckb1qzda0cr08m85hc8jlnfp3zer7xulejywt49kt2rr0vthywaa50xwsqvac5x8rl5h5ha25vngn064x44uep988tgt5sz7p,0.4841860725174685,3,OK,LOW_LIFETIME_VARIANCE,0.375,2,OK,SINGLE_LOCK_SCRIPT,0.006182646120422926,3,OK,,0.0,2,OK,MANY_DISTINCT_SENDERS,0.0,2,OK,,0.010070055405130892,2,OK,FEW_DISTINCT_DESTINATIONS,0.3333333333333333,3,OK,NEAR_ZERO_NET_FLOW,0.6427813835251581,4,OK,HIGH_INTERVAL_VARIANCE;VARIED_DAY_OF_WEEK,0.0,1,OK,,IRREGULAR_ACTIVITY,0.6427813835251581,False,False,0.0,88
ckb1qzda0cr08m85hc8jlnfp3zer7xulejywt49kt2rr0vthywaa50xwsqvdd6sal6kly783vvjjs7z67v96lrelzss078v03,0.5752927571044778,3,OK,,0.375,2,OK,SINGLE_LOCK_SCRIPT,0.0,3,OK,,0.0,2,OK,,0.0,2,OK,FEW_DISTINCT_SOURCES,0.0,2,OK,FEW_DISTINCT_DESTINATIONS,0.3333333333333333,3,OK,NEAR_ZERO_NET_FLOW,0.5358596283676066,4,OK,HIGH_INTERVAL_VARIANCE;VARIED_DAY_OF_WEEK,0.0,1,OK,,PERIODIC_EXECUTION,0.5752927571044778,False,False,0.0,240
ckb1qzda0cr08m85hc8jlnfp3zer7xulejywt49kt2rr0vthywaa50xwsqvde0h8xdeqmmvrxqsjqf8pl9kjltjsupsfxlpgt,0.4823662878356618,3,OK,,0.37,2,OK,SINGLE_LOCK_SCRIPT,0.06710231922699052,3,OK,,0.2901518871492576,2,OK,,0.43717467198808485,2,OK,FEW_DISTINCT_SOURCES,0.1092936679970212,2,OK,FEW_DISTINCT_DESTINATIONS,0.3333333333333333,3,OK,NEAR_ZERO_NET_FLOW,0.5426333891163015,4,OK,VARIED_DAY_OF_WEEK;MIXED_TX_SHAPES,0.0,1,OK,,IRREGULAR_ACTIVITY,0.5426333891163015,False,False,0.0,300
ckb1qzda0cr08m85hc8jlnfp3zer7xulejywt49kt2rr0vthywaa50xwsqvdsgte9pkmratzhwchaanuuvhvmd3pp9cfvddsg,,0,INSUFFICIENT_EVIDENCE,LOW_INTERVAL_VARIANCE,0.25,1,OK,SINGLE_LOCK_SCRIPT,0.16666666666666666,2,OK,,0.19604857239814702,2,OK,,0.29538829188384114,2,OK,FEW_DISTINCT_SOURCES,0.3333333333333333,2,OK,FEW_DISTINCT_DESTINATIONS,0.0,3,OK,,,0,INSUFFICIENT_EVIDENCE,MIXED_TX_SHAPES,0.0,1,OK,,CELL_FRAGMENTATION,0.3333333333333333,False,False,0.0,3
ckb1qzda0cr08m85hc8jlnfp3zer7xulejywt49kt2rr0vthywaa50xwsqvdu4tnf9uueqjdd4k57c8hh5g458jlvlsk90qe4,0.29237755191594267,3,OK,,0.7235682819383259,2,OK,DOMINANT_TX_SHAPE;SINGLE_LOCK_SCRIPT,0.5248984847259528,3,OK,FANOUT_DOMINANT_SHAPE,0.0,2,OK,MANY_DISTINCT_SENDERS,0.0,2,OK,,0.8549343954523507,2,OK,1_TO_N_SHAPE;FEW_DISTINCT_DESTINATIONS,0.16932573590116826,3,OK,,0.4845224813454093,4,OK,HIGH_INTERVAL_VARIANCE;VARIED_DAY_OF_WEEK,0.0,1,OK,,CELL_FRAGMENTATION,0.8549343954523507,True,False,0.0,454
ckb1qzda0cr08m85hc8jlnfp3zer7xulejywt49kt2rr0vthywaa50xwsqvdu6azqm97z3nfv9r2zs0q9m9jedf4z0qllxwrl,,0,INSUFFICIENT_EVIDENCE,,,0,INSUFFICIENT_EVIDENCE,DOMINANT_TX_SHAPE;SINGLE_LOCK_SCRIPT,0.0,2,OK,,0.0,2,OK,,0.0,2,OK,FEW_DISTINCT_SOURCES,0.0,2,OK,FEW_DISTINCT_DESTINATIONS,,0,INSUFFICIENT_EVIDENCE,,,0,INSUFFICIENT_EVIDENCE,,0.0,1,OK,,INSUFFICIENT_EVIDENCE,,False,False,0.0,1
ckb1qzda0cr08m85hc8jlnfp3zer7xulejywt49kt2rr0vthywaa50xwsqvdzl6lke4a3epsg4pt8xm024zlth6prushfxpta,,0,INSUFFICIENT_EVIDENCE,,,0,INSUFFICIENT_EVIDENCE,DOMINANT_TX_SHAPE;SINGLE_LOCK_SCRIPT,0.5,2,OK,FANOUT_DOMINANT_SHAPE,0.0,2,OK,,0.0,2,OK,FEW_DISTINCT_SOURCES,1.0,2,OK,1_TO_N_SHAPE;FEW_DISTINCT_DESTINATIONS,,0,INSUFFICIENT_EVIDENCE,,,0,INSUFFICIENT_EVIDENCE,,0.0,1,OK,,CELL_FRAGMENTATION,1.0,False,False,0.0,1
ckb1qzda0cr08m85hc8jlnfp3zer7xulejywt49kt2rr0vthywaa50xwsqvefzf0avujau9vy9yg22xedwqu5hv939gyswlfx,,0,INSUFFICIENT_EVIDENCE,,,0,INSUFFICIENT_EVIDENCE,,,0,INSUFFICIENT_EVIDENCE,,,0,INSUFFICIENT_EVIDENCE,,,0,INSUFFICIENT_EVIDENCE,,,0,INSUFFICIENT_EVIDENCE,,,0,INSUFFICIENT_EVIDENCE,,,0,INSUFFICIENT_EVIDENCE,,0.0,1,OK,,INSUFFICIENT_EVIDENCE,,False,False,0.0,0
ckb1qzda0cr08m85hc8jlnfp3zer7xulejywt49kt2rr0vthywaa50xwsqvehcws3ggwuk35js8qz299pmtd20ppvmg5ksx6t,0.4369872948047744,3,OK,,0.375,2,OK,SINGLE_LOCK_SCRIPT,0.0024618681384489323,3,OK,,0.0,2,OK,,0.0,2,OK,FEW_DISTINCT_SOURCES,0.00400979581742766,2,OK,FEW_DISTINCT_DESTINATIONS,0.3333333333333333,3,OK,NEAR_ZERO_NET_FLOW,0.6460033957849458,4,OK,HIGH_INTERVAL_VARIANCE;VARIED_DAY_OF_WEEK,0.0,1,OK,,IRREGULAR_ACTIVITY,0.6460033957849458,False,False,0.0,1326
ckb1qzda0cr08m85hc8jlnfp3zer7xulejywt49kt2rr0vthywaa50xwsqvekrxvp6q8v4lr3ej65u0q4qu3sj8yknqq7f5d0,,0,INSUFFICIENT_EVIDENCE,,,0,INSUFFICIENT_EVIDENCE,,,0,INSUFFICIENT_EVIDENCE,,,0,INSUFFICIENT_EVIDENCE,,,0,INSUFFICIENT_EVIDENCE,,,0,INSUFFICIENT_EVIDENCE,,,0,INSUFFICIENT_EVIDENCE,,,0,INSUFFICIENT_EVIDENCE,,0.0,1,OK,,INSUFFICIENT_EVIDENCE,,False,False,0.0,0
ckb1qzda0cr08m85hc8jlnfp3zer7xulejywt49kt2rr0vthywaa50xwsqvexj5d7mdsfuygtynap2q7lcqlhr6kdagauegxm,0.2428171129317653,3,OK,,0.37981455064194003,2,OK,SINGLE_LOCK_SCRIPT,0.0007761381720359762,3,OK,,0.3328395789788364,2,OK,,0.38010522710349676,2,OK,,0.0012641439024986042,2,OK,FEW_DISTINCT_DESTINATIONS,0.3333333333333333,3,OK,NEAR_ZERO_NET_FLOW,0.6868166469707668,4,OK,HIGH_INTERVAL_VARIANCE;VARIED_DAY_OF_WEEK,0.0,1,OK,,IRREGULAR_ACTIVITY,0.6868166469707668,False,False,0.0,701
ckb1qzda0cr08m85hc8jlnfp3zer7xulejywt49kt2rr0vthywaa50xwsqvffvgnjm9sgxvvs84v5fwddr9xx8y47ccf90tv3,,0,INSUFFICIENT_EVIDENCE,,,0,INSUFFICIENT_EVIDENCE,,,0,INSUFFICIENT_EVIDENCE,,,0,INSUFFICIENT_EVIDENCE,,,0,INSUFFICIENT_EVIDENCE,,,0,INSUFFICIENT_EVIDENCE,,,0,INSUFFICIENT_EVIDENCE,,,0,INSUFFICIENT_EVIDENCE,,0.0,1,OK,,INSUFFICIENT_EVIDENCE,,False,False,0.0,0
ckb1qzda0cr08m85hc8jlnfp3zer7xulejywt49kt2rr0vthywaa50xwsqvgqh40v2g5ps3rann79tvw9gq6ewrft7gp909qk,,0,INSUFFICIENT_EVIDENCE,,,0,INSUFFICIENT_EVIDENCE,,,0,INSUFFICIENT_EVIDENCE,,,0,INSUFFICIENT_EVIDENCE,,,0,INSUFFICIENT_EVIDENCE,,,0,INSUFFICIENT_EVIDENCE,,,0,INSUFFICIENT_EVIDENCE,,,0,INSUFFICIENT_EVIDENCE,HIGH_INTERVAL_VARIANCE;VARIED_TIME_OF_DAY,0.0,1,OK,,INSUFFICIENT_EVIDENCE,,False,False,0.0,0
ckb1qzda0cr08m85hc8jlnfp3zer7xulejywt49kt2rr0vthywaa50xwsqvh639mn84vea2mr46k5rqrvfq6zg6h4mqaxt69f,,0,INSUFFICIENT_EVIDENCE,,,0,INSUFFICIENT_EVIDENCE,SINGLE_LOCK_SCRIPT,0.0,3,OK,,0.29407285859722054,2,OK,,0.44308243782576173,2,OK,FEW_DISTINCT_SOURCES,0.0,2,OK,FEW_DISTINCT_DESTINATIONS,0.3333333333333333,3,OK,NEAR_ZERO_NET_FLOW,,0,INSUFFICIENT_EVIDENCE,,0.0,1,OK,,CELL_CONSOLIDATION,0.44308243782576173,False,False,0.0,2
ckb1qzda0cr08m85hc8jlnfp3zer7xulejywt49kt2rr0vthywaa50xwsqvh96uwpjsghcyeuedp0wmt5k8nzc0gwjqfr5qu7,0.17180639232432857,3,OK,,0.40625,2,OK,SINGLE_LOCK_SCRIPT,0.0,2,OK,,0.0,2,OK,,0.0,2,OK,FEW_DISTINCT_SOURCES,0.0,2,OK,FEW_DISTINCT_DESTINATIONS,0.9908929966458164,1,OK,NEAR_ZERO_NET_FLOW,0.5851905488101478,4,OK,HIGH_INTERVAL_VARIANCE,0.0,1,OK,,ROUND_TRIP,0.9908929966458164,False,False,0.0,24
ckb1qzda0cr08m85hc8jlnfp3zer7xulejywt49kt2rr0vthywaa50xwsqvhl5ywzxe4tpun3frshvq34p7rlh356sq0sx2vd,,0,INSUFFICIENT_EVIDENCE,,,0,INSUFFICIENT_EVIDENCE,DOMINANT_TX_SHAPE;SINGLE_LOCK_SCRIPT,0.0,2,OK,,0.0,2,OK,,0.0,2,OK,FEW_DISTINCT_SOURCES,0.0,2,OK,FEW_DISTINCT_DESTINATIONS,,0,INSUFFICIENT_EVIDENCE,,,0,INSUFFICIENT_EVIDENCE,,0.0,1,OK,,INSUFFICIENT_EVIDENCE,,False,False,0.0,1
ckb1qzda0cr08m85hc8jlnfp3zer7xulejywt49kt2rr0vthywaa50xwsqvhrfezapvnxmakv6relqsjugjyeccwwaqz6drgw,0.6164744144260238,3,OK,,0.375,2,OK,SINGLE_LOCK_SCRIPT,0.0,3,OK,,0.0,2,OK,,0.0,2,OK,FEW_DISTINCT_SOURCES,0.0,2,OK,FEW_DISTINCT_DESTINATIONS,0.3333333333333333,3,OK,NEAR_ZERO_NET_FLOW,0.509587870078777,4,OK,HIGH_INTERVAL_VARIANCE;VARIED_DAY_OF_WEEK,0.0,1,OK,,PERIODIC_EXECUTION,0.6164744144260238,False,False,0.0,808
ckb1qzda0cr08m85hc8jlnfp3zer7xulejywt49kt2rr0vthywaa50xwsqvjpnzdqgz2pqdmn72qmm3wus9je59wheqangdzf,0.551375647006574,3,OK,,0.49916107382550334,2,OK,SINGLE_LOCK_SCRIPT,0.0018257478476416376,3,OK,,0.6655480984340044,2,OK,FANIN_DOMINANT_SHAPE;MANY_DISTINCT_SENDERS,0.3327740492170022,2,OK,N_TO_1_SHAPE,0.0029737076364144397,2,OK,FEW_DISTINCT_DESTINATIONS,0.31422813716710296,3,OK,NEAR_ZERO_NET_FLOW,0.5738662275177849,4,OK,HIGH_INTERVAL_VARIANCE;VARIED_DAY_OF_WEEK,0.0,1,OK,,FAN_IN_COLLECTION,0.6655480984340044,False,False,0.0,894
ckb1qzda0cr08m85hc8jlnfp3zer7xulejywt49kt2rr0vthywaa50xwsqvjzc76tmx2q85dz9l660n2625wnk6vngga7rpqc,0.22220780662183895,3,OK,,0.35769230769230764,2,OK,SINGLE_LOCK_SCRIPT,0.11332168415752755,3,OK,,0.3225389917854668,2,OK,,0.36834188139068397,2,OK,,0.18457398593451843,2,OK,FEW_DISTINCT_DESTINATIONS,0.3333333333333333,3,OK,NEAR_ZERO_NET_FLOW,0.725125838532933,4,OK,HIGH_INTERVAL_VARIANCE;VARIED_DAY_OF_WEEK;MIXED_TX_SHAPES,0.0,1,OK,,IRREGULAR_ACTIVITY,0.725125838532933,False,False,0.0,845
ckb1qzda0cr08m85hc8jlnfp3zer7xulejywt49kt2rr0vthywaa50xwsqvkdvwnt7g07cavxzwdpc6rhyz9dpje6zgyldedd,,0,INSUFFICIENT_EVIDENCE,,,0,INSUFFICIENT_EVIDENCE,DOMINANT_TX_SHAPE;SINGLE_LOCK_SCRIPT,0.0,2,OK,,0.0,2,OK,,0.0,2,OK,FEW_DISTINCT_SOURCES,0.0,2,OK,FEW_DISTINCT_DESTINATIONS,,0,INSUFFICIENT_EVIDENCE,,,0,INSUFFICIENT_EVIDENCE,,0.0,1,OK,,INSUFFICIENT_EVIDENCE,,False,False,0.0,1
ckb1qzda0cr08m85hc8jlnfp3zer7xulejywt49kt2rr0vthywaa50xwsqvknttjvpk89lj2c9ykxvethuaft52j3fs9df6l3,0.5329042031695224,3,OK,LOW_INTERVAL_VARIANCE,0.7205882352941176,2,OK,DOMINANT_TX_SHAPE;SINGLE_LOCK_SCRIPT,0.5771868193097204,3,OK,FANOUT_DOMINANT_SHAPE,0.023064537929193767,2,OK,,0.03475156375104013,2,OK,FEW_DISTINCT_SOURCES,0.7874353771665493,2,OK,1_TO_N_SHAPE;FEW_DISTINCT_DESTINATIONS,0.3313065436862462,3,OK,NEAR_ZERO_NET_FLOW,0.4001767091423978,4,OK,VARIED_DAY_OF_WEEK,0.0,1,OK,,CELL_FRAGMENTATION,0.7874353771665493,True,False,0.0,102
ckb1qzda0cr08m85hc8jlnfp3zer7xulejywt49kt2rr0vthywaa50xwsqvkt2ql6y7gdn7dsh0txtwkluf8n57tadgdmaj8h,0.5400232589971735,3,OK,LOW_LIFETIME_VARIANCE,0.375,2,OK,SINGLE_LOCK_SCRIPT,0.27203642929861027,3,OK,,0.0,2,OK,,0.0,2,OK,,0.44308243782576173,2,OK,FEW_DISTINCT_DESTINATIONS,0.3333333333333333,3,OK,NEAR_ZERO_NET_FLOW,0.6614492023261103,4,OK,HIGH_INTERVAL_VARIANCE;VARIED_DAY_OF_WEEK,0.0,1,OK,,IRREGULAR_ACTIVITY,0.6614492023261103,False,False,0.0,12
ckb1qzda0cr08m85hc8jlnfp3zer7xulejywt49kt2rr0vthywaa50xwsqvkzgznnkkedc0yda0qvv3r29vmzd3690cgu4u3m,,0,INSUFFICIENT_EVIDENCE,,,0,INSUFFICIENT_EVIDENCE,,,0,INSUFFICIENT_EVIDENCE,,,0,INSUFFICIENT_EVIDENCE,,,0,INSUFFICIENT_EVIDENCE,,,0,INSUFFICIENT_EVIDENCE,,,0,INSUFFICIENT_EVIDENCE,,,0,INSUFFICIENT_EVIDENCE,HIGH_INTERVAL_VARIANCE;VARIED_TIME_OF_DAY;VARIED_DAY_OF_WEEK,0.0,1,OK,,INSUFFICIENT_EVIDENCE,,False,False,0.0,0
ckb1qzda0cr08m85hc8jlnfp3zer7xulejywt49kt2rr0vthywaa50xwsqvmjk724y9qgf30ccu4zqd5aktvd4e8hcq3r3exj,0.0,3,OK,,0.375,2,OK,SINGLE_LOCK_SCRIPT,0.0,3,OK,,0.29407285859722054,2,OK,,0.44308243782576173,2,OK,FEW_DISTINCT_SOURCES,0.0,2,OK,FEW_DISTINCT_DESTINATIONS,0.3333333333333333,3,OK,NEAR_ZERO_NET_FLOW,0.7091735407023674,4,OK,HIGH_INTERVAL_VARIANCE;VARIED_DAY_OF_WEEK,0.0,1,OK,,IRREGULAR_ACTIVITY,0.7091735407023674,False,False,0.0,340
ckb1qzda0cr08m85hc8jlnfp3zer7xulejywt49kt2rr0vthywaa50xwsqvmmkpv65ayqg2c6ezrf2644lcfqe4vjng0qv493,0.4129532534675851,3,OK,,0.7235294117647059,2,OK,DOMINANT_TX_SHAPE;SINGLE_LOCK_SCRIPT,0.5248702871173186,3,OK,FANOUT_DOMINANT_SHAPE,0.003459680689379024,2,OK,,0.005212734562655958,2,OK,FEW_DISTINCT_SOURCES,0.8548884682755874,2,OK,1_TO_N_SHAPE;FEW_DISTINCT_DESTINATIONS,0.0515708539664419,3,OK,,0.35234439845299936,4,OK,VARIED_DAY_OF_WEEK,0.0,1,OK,,CELL_FRAGMENTATION,0.8548884682755874,True,False,0.0,170
ckb1qzda0cr08m85hc8jlnfp3zer7xulejywt49kt2rr0vthywaa50xwsqvn87j7a9sndal6f0rv6ny34z7s7mcvypg5qhygq,,0,INSUFFICIENT_EVIDENCE,,,0,INSUFFICIENT_EVIDENCE,DOMINANT_TX_SHAPE;SINGLE_LOCK_SCRIPT,0.5,2,OK,FANOUT_DOMINANT_SHAPE,0.0,2,OK,,0.0,2,OK,FEW_DISTINCT_SOURCES,1.0,2,OK,1_TO_N_SHAPE;FEW_DISTINCT_DESTINATIONS,,0,INSUFFICIENT_EVIDENCE,,,0,INSUFFICIENT_EVIDENCE,,0.0,1,OK,,CELL_FRAGMENTATION,1.0,False,False,0.0,1
ckb1qzda0cr08m85hc8jlnfp3zer7xulejywt49kt2rr0vthywaa50xwsqvnz75wpz7kgfy6kmvukhlfmpkmg2kd2zgtuhp4d,0.36797495604916924,2,OK,,0.38227069351230425,1,OK,SINGLE_LOCK_SCRIPT,0.24515287099179714,2,OK,,0.0,2,OK,,0.0,2,OK,FEW_DISTINCT_SOURCES,0.4903057419835943,2,OK,FEW_DISTINCT_DESTINATIONS,0.0,3,OK,,0.688276821416658,4,OK,VARIED_TIME_OF_DAY;VARIED_DAY_OF_WEEK,0.0,1,OK,,IRREGULAR_ACTIVITY,0.688276821416658,False,False,0.0,2682
ckb1qzda0cr08m85hc8jlnfp3zer7xulejywt49kt2rr0vthywaa50xwsqvp8xhg5clq467hh46ucqyj3ewsz8ym6hcgnrf4z,0.17280614955353138,3,OK,,0.4864864864864865,2,OK,SINGLE_LOCK_SCRIPT,0.0,3,OK,,0.20664579252777657,2,OK,,0.311355226580265,2,OK,FEW_DISTINCT_SOURCES,0.0,2,OK,FEW_DISTINCT_DESTINATIONS,0.3318304892498069,3,OK,NEAR_ZERO_NET_FLOW,0.5184052593172738,4,OK,HIGH_INTERVAL_VARIANCE;VARIED_DAY_OF_WEEK,0.0,1,OK,,IRREGULAR_ACTIVITY,0.5184052593172738,False,False,0.0,1000
ckb1qzda0cr08m85hc8jlnfp3zer7xulejywt49kt2rr0vthywaa50xwsqvpgseqcuuk9dl4s3rp7x0vehjyj3hjwuq5d67zk,0.25291097103222654,3,OK,,0.375,2,OK,SINGLE_LOCK_SCRIPT,0.0,3,OK,,0.2928053031722325,2,OK,,0.44117259973168516,2,OK,FEW_DISTINCT_SOURCES,0.0,2,OK,FEW_DISTINCT_DESTINATIONS,0.3333333333333333,3,OK,NEAR_ZERO_NET_FLOW,0.6701889131058729,4,OK,HIGH_INTERVAL_VARIANCE;VARIED_DAY_OF_WEEK,0.0,1,OK,,IRREGULAR_ACTIVITY,0.6701889131058729,False,False,0.0,464
ckb1qzda0cr08m85hc8jlnfp3zer7xulejywt49kt2rr0vthywaa50xwsqvq6ve8a90spwj33sdl7rtus9w5e0an4cc83el7m,,0,INSUFFICIENT_EVIDENCE,,,0,INSUFFICIENT_EVIDENCE,SINGLE_LOCK_SCRIPT,0.0,3,OK,,0.29407285859722054,2,OK,,0.44308243782576173,2,OK,FEW_DISTINCT_SOURCES,0.0,2,OK,FEW_DISTINCT_DESTINATIONS,0.3333333333333333,3,OK,NEAR_ZERO_NET_FLOW,,0,INSUFFICIENT_EVIDENCE,,0.0,1,OK,,CELL_CONSOLIDATION,0.44308243782576173,False,False,0.0,2
ckb1qzda0cr08m85hc8jlnfp3zer7xulejywt49kt2rr0vthywaa50xwsqvqjuupm239tnfp88qrra95336xzvm4dtqpxss5m,0.17652716032173865,3,OK,,0.37919580419580423,2,OK,SINGLE_LOCK_SCRIPT,0.0,3,OK,,0.29078253290662226,2,OK,,0.4381248720878511,2,OK,FEW_DISTINCT_SOURCES,0.0,2,OK,,0.33268794067908,3,OK,NEAR_ZERO_NET_FLOW,0.5422875561497982,4,OK,HIGH_INTERVAL_VARIANCE;VARIED_DAY_OF_WEEK,0.0,1,OK,,IRREGULAR_ACTIVITY,0.5422875561497982,False,False,0.0,1430
ckb1qzda0cr08m85hc8jlnfp3zer7xulejywt49kt2rr0vthywaa50xwsqvqt5lc9tlz527sfaf9k75eec0p3hf5epqqkr4vs,,0,INSUFFICIENT_EVIDENCE,,,0,INSUFFICIENT_EVIDENCE,,,0,INSUFFICIENT_EVIDENCE,,,0,INSUFFICIENT_EVIDENCE,,,0,INSUFFICIENT_EVIDENCE,,,0,INSUFFICIENT_EVIDENCE,,,0,INSUFFICIENT_EVIDENCE,,,0,INSUFFICIENT_EVIDENCE,,0.0,1,OK,,INSUFFICIENT_EVIDENCE,,False,False,0.0,0
ckb1qzda0cr08m85hc8jlnfp3zer7xulejywt49kt2rr0vthywaa50xwsqvs3zzveq452hhguh3ac42r07s6r738lxc675d2w,0.0,3,OK,,0.40312499999999996,2,OK,SINGLE_LOCK_SCRIPT,0.0,3,OK,,0.27201739420242904,2,OK,,0.4098512549888296,2,OK,FEW_DISTINCT_SOURCES,0.0,2,OK,FEW_DISTINCT_DESTINATIONS,0.3333333333333333,3,OK,NEAR_ZERO_NET_FLOW,0.6819307932872926,4,OK,HIGH_INTERVAL_VARIANCE;VARIED_DAY_OF_WEEK,0.0,1,OK,,IRREGULAR_ACTIVITY,0.6819307932872926,False,False,0.0,1040
ckb1qzda0cr08m85hc8jlnfp3zer7xulejywt49kt2rr0vthywaa50xwsqvtd053tgl4c6dcn4qe70nvyygkmh2llwgesskle,,0,INSUFFICIENT_EVIDENCE,,,0,INSUFFICIENT_EVIDENCE,DOMINANT_TX_SHAPE;SINGLE_LOCK_SCRIPT,0.5,2,OK,FANOUT_DOMINANT_SHAPE,0.0,2,OK,,0.0,2,OK,FEW_DISTINCT_SOURCES,1.0,2,OK,1_TO_N_SHAPE;FEW_DISTINCT_DESTINATIONS,,0,INSUFFICIENT_EVIDENCE,,,0,INSUFFICIENT_EVIDENCE,,0.0,1,OK,,CELL_FRAGMENTATION,1.0,False,False,0.0,1
ckb1qzda0cr08m85hc8jlnfp3zer7xulejywt49kt2rr0vthywaa50xwsqvtdygskru5q65j5d3juvhf4mt9px5aewsvuteqn,0.0,3,OK,,0.469440353460972,2,OK,SINGLE_LOCK_SCRIPT,0.0,3,OK,,0.22001327270602067,2,OK,,0.33149613905079084,2,OK,FEW_DISTINCT_SOURCES,0.0,2,OK,FEW_DISTINCT_DESTINATIONS,0.33151730960460285,3,OK,NEAR_ZERO_NET_FLOW,0.6510620864399541,4,OK,HIGH_INTERVAL_VARIANCE;VARIED_DAY_OF_WEEK,0.0,1,OK,,IRREGULAR_ACTIVITY,0.6510620864399541,False,False,0.0,679
ckb1qzda0cr08m85hc8jlnfp3zer7xulejywt49kt2rr0vthywaa50xwsqvtfx52pmwvmnlxc89ahpga6w6rk8r69xgmnsu28,0.4446629610658242,3,OK,,0.375,2,OK,SINGLE_LOCK_SCRIPT,0.1351803201032108,3,OK,,0.005254272331436229,2,OK,,0.0067316270771477175,2,OK,FEW_DISTINCT_SOURCES,0.2201764886115694,2,OK,FEW_DISTINCT_DESTINATIONS,0.3333333333333333,3,OK,NEAR_ZERO_NET_FLOW,0.8735262988821393,4,OK,HIGH_INTERVAL_VARIANCE;VARIED_TIME_OF_DAY;VARIED_DAY_OF_WEEK,0.0,1,OK,,IRREGULAR_ACTIVITY,0.8735262988821393,False,False,0.0,974
ckb1qzda0cr08m85hc8jlnfp3zer7xulejywt49kt2rr0vthywaa50xwsqvu4vva27ejspmqt30kg7zld29xznhxvwc5zpfpf,,0,INSUFFICIENT_EVIDENCE,,,0,INSUFFICIENT_EVIDENCE,DOMINANT_TX_SHAPE;SINGLE_LOCK_SCRIPT,0.0,2,OK,,0.0,2,OK,,0.0,2,OK,FEW_DISTINCT_SOURCES,0.0,2,OK,FEW_DISTINCT_DESTINATIONS,,0,INSUFFICIENT_EVIDENCE,,,0,INSUFFICIENT_EVIDENCE,,0.0,1,OK,,INSUFFICIENT_EVIDENCE,,False,False,0.0,1
ckb1qzda0cr08m85hc8jlnfp3zer7xulejywt49kt2rr0vthywaa50xwsqvuh8nmuphsgaua6g0usmlknkk98gu4lhcmpyhsp,0.1703796610391467,2,OK,,0.46875,1,OK,SINGLE_LOCK_SCRIPT,0.0625,2,OK,,0.17616700429944218,2,OK,,0.183920756647569,2,OK,,0.125,2,OK,FEW_DISTINCT_DESTINATIONS,0.09930998988744362,3,OK,,0.47298207582524643,4,OK,HIGH_INTERVAL_VARIANCE,0.0,1,OK,,IRREGULAR_ACTIVITY,0.47298207582524643,False,False,0.0,8
ckb1qzda0cr08m85hc8jlnfp3zer7xulejywt49kt2rr0vthywaa50xwsqvva6zmstttmwvat2uw3k057rgnv5t3hts4vk7tv,0.11867905056759546,3,OK,,0.40866873065015474,2,OK,SINGLE_LOCK_SCRIPT,0.2964607526721697,3,OK,FANOUT_DOMINANT_SHAPE,0.05644742177407948,2,OK,,0.08504987970649296,2,OK,FEW_DISTINCT_SOURCES,0.4828638331723471,2,OK,1_TO_N_SHAPE;FEW_DISTINCT_DESTINATIONS,0.3333333333333333,3,OK,NEAR_ZERO_NET_FLOW,0.7231590364669016,4,OK,HIGH_INTERVAL_VARIANCE;VARIED_DAY_OF_WEEK,0.0,1,OK,,IRREGULAR_ACTIVITY,0.7231590364669016,False,False,0.0,323
ckb1qzda0cr08m85hc8jlnfp3zer7xulejywt49kt2rr0vthywaa50xwsqvvchzc8yxvnsrkmuncs6gvgdp4qemefwck97ulz,,0,INSUFFICIENT_EVIDENCE,,,0,INSUFFICIENT_EVIDENCE,,,0,INSUFFICIENT_EVIDENCE,,,0,INSUFFICIENT_EVIDENCE,,,0,INSUFFICIENT_EVIDENCE,,,0,INSUFFICIENT_EVIDENCE,,,0,INSUFFICIENT_EVIDENCE,,,0,INSUFFICIENT_EVIDENCE,HIGH_INTERVAL_VARIANCE;VARIED_TIME_OF_DAY;VARIED_DAY_OF_WEEK,0.0,1,OK,,INSUFFICIENT_EVIDENCE,,False,False,0.0,0
ckb1qzda0cr08m85hc8jlnfp3zer7xulejywt49kt2rr0vthywaa50xwsqvvlm7uccuwt0shwln4mp4xnetf24h3h4sezvcyk,0.2685927647881134,3,OK,,0.3792394655704008,2,OK,SINGLE_LOCK_SCRIPT,0.0,3,OK,,0.29074829390598783,2,OK,,0.4380732838523975,2,OK,FEW_DISTINCT_SOURCES,0.0,2,OK,FEW_DISTINCT_DESTINATIONS,0.3333333333333333,3,OK,NEAR_ZERO_NET_FLOW,0.6822901647133263,4,OK,HIGH_INTERVAL_VARIANCE;VARIED_DAY_OF_WEEK,0.0,1,OK,,IRREGULAR_ACTIVITY,0.6822901647133263,False,False,0.0,973
ckb1qzda0cr08m85hc8jlnfp3zer7xulejywt49kt2rr0vthywaa50xwsqvvs2tgunjtmaazu0zajdrvfhnjgmrxrtgxy3wee,,0,INSUFFICIENT_EVIDENCE,,,0,INSUFFICIENT_EVIDENCE,,,0,INSUFFICIENT_EVIDENCE,,,0,INSUFFICIENT_EVIDENCE,,,0,INSUFFICIENT_EVIDENCE,,,0,INSUFFICIENT_EVIDENCE,,,0,INSUFFICIENT_EVIDENCE,,,0,INSUFFICIENT_EVIDENCE,,0.0,1,OK,,INSUFFICIENT_EVIDENCE,,False,False,0.0,0
ckb1qzda0cr08m85hc8jlnfp3zer7xulejywt49kt2rr0vthywaa50xwsqvwwjyy2ue6h3cg9yf6k07c4u5mlsep05s3evt90,0.42212298052887415,3,OK,,0.375,2,OK,SINGLE_LOCK_SCRIPT,0.24181015937654246,3,OK,,0.0,2,OK,,0.0,2,OK,,0.39385105584512153,2,OK,FEW_DISTINCT_DESTINATIONS,0.3333333333333333,3,OK,NEAR_ZERO_NET_FLOW,0.6454187372095832,4,OK,HIGH_INTERVAL_VARIANCE;VARIED_DAY_OF_WEEK,0.0,1,OK,,IRREGULAR_ACTIVITY,0.6454187372095832,False,False,0.0,72
ckb1qzda0cr08m85hc8jlnfp3zer7xulejywt49kt2rr0vthywaa50xwsqvx0mstg9aqgrgvsqnrqd4ekwcthk0pfpqkaq02f,,0,INSUFFICIENT_EVIDENCE,,,0,INSUFFICIENT_EVIDENCE,SINGLE_LOCK_SCRIPT,0.2849785700773254,3,OK,,0.0,2,OK,,0.0,2,OK,FEW_DISTINCT_SOURCES,0.40978779832136747,2,OK,FEW_DISTINCT_DESTINATIONS,0.3333333333333333,3,OK,NEAR_ZERO_NET_FLOW,,0,INSUFFICIENT_EVIDENCE,,0.0,1,OK,,CELL_FRAGMENTATION,0.40978779832136747,False,False,0.0,2
ckb1qzda0cr08m85hc8jlnfp3zer7xulejywt49kt2rr0vthywaa50xwsqvxfn4dw95uwpq972rjvvkzc44c0hxltkghsrja0,0.33593871520150903,3,OK,,0.375,2,OK,SINGLE_LOCK_SCRIPT,0.23438853060103473,3,OK,,0.0,2,OK,,0.0,2,OK,,0.38176299330523217,2,OK,FEW_DISTINCT_DESTINATIONS,0.3333333333333333,3,OK,NEAR_ZERO_NET_FLOW,0.8663919976689409,4,OK,HIGH_INTERVAL_VARIANCE;VARIED_TIME_OF_DAY;VARIED_DAY_OF_WEEK,0.0,1,OK,,IRREGULAR_ACTIVITY,0.8663919976689409,False,False,0.0,448
ckb1qzda0cr08m85hc8jlnfp3zer7xulejywt49kt2rr0vthywaa50xwsqvy6p5scn5xvswncwlzpfhap4prkxracucm68kwj,0.4201234160183059,3,OK,,0.375,2,OK,SINGLE_LOCK_SCRIPT,0.0,3,OK,,0.05881457171944411,2,OK,,0.08861648756515235,2,OK,FEW_DISTINCT_SOURCES,0.0,2,OK,FEW_DISTINCT_DESTINATIONS,0.3333333333333333,3,OK,NEAR_ZERO_NET_FLOW,0.6262707546774904,4,OK,HIGH_INTERVAL_VARIANCE,0.0,1,OK,,IRREGULAR_ACTIVITY,0.6262707546774904,False,False,0.0,10
ckb1qzda0cr08m85hc8jlnfp3zer7xulejywt49kt2rr0vthywaa50xwsqvyeguxz4y45vydqtdrvz6xz43tlcdc7acjhkesk,0.40384026555533453,3,OK,,0.375,2,OK,SINGLE_LOCK_SCRIPT,0.2696501448310786,3,OK,,0.0,2,OK,,0.0,2,OK,FEW_DISTINCT_SOURCES,0.43919574977465853,2,OK,FEW_DISTINCT_DESTINATIONS,0.3333333333333333,3,OK,NEAR_ZERO_NET_FLOW,0.7470336736076882,4,OK,HIGH_INTERVAL_VARIANCE;VARIED_DAY_OF_WEEK,0.0,1,OK,,IRREGULAR_ACTIVITY,0.7470336736076882,False,False,0.0,456
ckb1qzda0cr08m85hc8jlnfp3zer7xulejywt49kt2rr0vthywaa50xwsqvyj2r4yc3a4cch60f6xdk37zuyvhfm30gnzj3gx,0.045245629005039444,3,OK,,0.3736749116607773,2,OK,SINGLE_LOCK_SCRIPT,0.31899385169952577,3,OK,,0.2930337318883964,2,OK,,0.44151677550128904,2,OK,FEW_DISTINCT_SOURCES,0.40833978489973716,2,OK,FEW_DISTINCT_DESTINATIONS,0.33277219968886745,3,OK,NEAR_ZERO_NET_FLOW,0.6113276620081951,4,OK,HIGH_INTERVAL_VARIANCE;VARIED_DAY_OF_WEEK;MIXED_TX_SHAPES,0.0,1,OK,,IRREGULAR_ACTIVITY,0.6113276620081951,False,False,0.0,566
ckb1qzda0cr08m85hc8jlnfp3zer7xulejywt49kt2rr0vthywaa50xwsqvywhujlcxgs2glnv60xj83vzczrewnmcq7zy8t8,0.44217714772784694,3,OK,,0.698827292110874,2,OK,DOMINANT_TX_SHAPE;SINGLE_LOCK_SCRIPT,0.5348168451098054,3,OK,FANOUT_DOMINANT_SHAPE,0.03682751966207621,2,OK,,0.04718239042506148,2,OK,FEW_DISTINCT_SOURCES,0.7636557265093286,2,OK,1_TO_N_SHAPE;FEW_DISTINCT_DESTINATIONS,0.3123831506966008,3,OK,NEAR_ZERO_NET_FLOW,0.3735727956710931,4,OK,VARIED_DAY_OF_WEEK,0.0,1,OK,,CELL_FRAGMENTATION,0.7636557265093286,False,False,0.0,469
ckb1qzda0cr08m85hc8jlnfp3zer7xulejywt49kt2rr0vthywaa50xwsqvzfcj3jtlhzyuu4s5frtv9d3r7mexqhnclvhwkr,0.3417563532523853,3,OK,,0.375,2,OK,SINGLE_LOCK_SCRIPT,0.0,3,OK,,0.001284160954573005,2,OK,,0.0019348578070993803,2,OK,FEW_DISTINCT_SOURCES,0.0,2,OK,FEW_DISTINCT_DESTINATIONS,0.3333333333333333,3,OK,NEAR_ZERO_NET_FLOW,0.8591515241707155,4,OK,HIGH_INTERVAL_VARIANCE;VARIED_TIME_OF_DAY;VARIED_DAY_OF_WEEK,0.0,1,OK,,IRREGULAR_ACTIVITY,0.8591515241707155,False,False,0.0,458
ckb1qzda0cr08m85hc8jlnfp3zer7xulejywt49kt2rr0vthywaa50xwsqw0dr0ghl76nf5xkw6lx0lxm032kw2jwwq6lnmhx,0.0012365306482953334,3,OK,,0.3712241653418124,2,OK,SINGLE_LOCK_SCRIPT,0.045213066349282155,3,OK,,0.31663325438956297,2,OK,,0.40566168906428957,2,OK,FEW_DISTINCT_SOURCES,0.05429091127734066,2,OK,FEW_DISTINCT_DESTINATIONS,0.3333333333333333,3,OK,NEAR_ZERO_NET_FLOW,0.8704832990168592,4,OK,HIGH_INTERVAL_VARIANCE;VARIED_TIME_OF_DAY;VARIED_DAY_OF_WEEK;MIXED_TX_SHAPES,0.0,1,OK,,IRREGULAR_ACTIVITY,0.8704832990168592,False,False,0.0,1887
ckb1qzda0cr08m85hc8jlnfp3zer7xulejywt49kt2rr0vthywaa50xwsqw0jcjwc83kxxqhrp7yzpyxvgckp24fwwse0q0rk,,0,INSUFFICIENT_EVIDENCE,,,0,INSUFFICIENT_EVIDENCE,,,0,INSUFFICIENT_EVIDENCE,,,0,INSUFFICIENT_EVIDENCE,,,0,INSUFFICIENT_EVIDENCE,,,0,INSUFFICIENT_EVIDENCE,,,0,INSUFFICIENT_EVIDENCE,,,0,INSUFFICIENT_EVIDENCE,,0.0,1,OK,,INSUFFICIENT_EVIDENCE,,False,False,0.0,0
ckb1qzda0cr08m85hc8jlnfp3zer7xulejywt49kt2rr0vthywaa50xwsqw0kyehc00l04ru5dldfhhtalx43fe9ppsdzgzgz,,0,INSUFFICIENT_EVIDENCE,,,0,INSUFFICIENT_EVIDENCE,DOMINANT_TX_SHAPE;SINGLE_LOCK_SCRIPT,0.0,3,OK,,0.0,2,OK,,0.0,2,OK,,0.0,2,OK,FEW_DISTINCT_DESTINATIONS,0.22222222222222224,3,OK,,,0,INSUFFICIENT_EVIDENCE,,0.0,1,OK,,ROUND_TRIP,0.22222222222222224,False,False,0.0,2
ckb1qzda0cr08m85hc8jlnfp3zer7xulejywt49kt2rr0vthywaa50xwsqw20ylwscm8q35fdgh6vvl0mjpmg4p3macchmmr6,0.23989145422081634,3,OK,,0.40384615384615385,2,OK,SINGLE_LOCK_SCRIPT,0.4059083870621379,3,OK,FANOUT_DOMINANT_SHAPE,0.0,2,OK,,0.0,2,OK,,0.3961370143178409,2,OK,1_TO_N_SHAPE,0.41074071977899734,3,OK,NEAR_ZERO_NET_FLOW,0.6757104779348846,4,OK,HIGH_INTERVAL_VARIANCE;VARIED_TIME_OF_DAY;VARIED_DAY_OF_WEEK,0.0,1,OK,,IRREGULAR_ACTIVITY,0.6757104779348846,False,False,0.0,39
ckb1qzda0cr08m85hc8jlnfp3zer7xulejywt49kt2rr0vthywaa50xwsqw24xn0tc4wjrun2gtdu7c092jqk98cl4gcazzl2,0.3364695422978598,3,OK,,0.375,2,OK,SINGLE_LOCK_SCRIPT,0.13566553129239248,3,OK,,0.0,2,OK,,0.0,2,OK,FEW_DISTINCT_SOURCES,0.2209667818716201,2,OK,FEW_DISTINCT_DESTINATIONS,0.3333333333333333,3,OK,NEAR_ZERO_NET_FLOW,0.8709017015094443,4,OK,HIGH_INTERVAL_VARIANCE;VARIED_TIME_OF_DAY;VARIED_DAY_OF_WEEK,0.0,1,OK,,IRREGULAR_ACTIVITY,0.8709017015094443,False,False,0.0,2314
ckb1qzda0cr08m85hc8jlnfp3zer7xulejywt49kt2rr0vthywaa50xwsqw25a63jaehqxerg5z263nfp6s3dljrntgwkkw4h,0.4014638961298383,3,OK,,0.375,2,OK,SINGLE_LOCK_SCRIPT,0.0,3,OK,,0.29407285859722054,2,OK,,0.44308243782576173,2,OK,FEW_DISTINCT_SOURCES,0.0,2,OK,FEW_DISTINCT_DESTINATIONS,0.3333333333333333,3,OK,NEAR_ZERO_NET_FLOW,0.5515205832760849,4,OK,HIGH_INTERVAL_VARIANCE;VARIED_DAY_OF_WEEK,0.0,1,OK,,IRREGULAR_ACTIVITY,0.5515205832760849,False,False,0.0,78
ckb1qzda0cr08m85hc8jlnfp3zer7xulejywt49kt2rr0vthywaa50xwsqw2qmgk7tphggddk6mavjxzxhlaguum7ds7c7t8q,0.07411544607562649,3,OK,,0.32358490566037734,2,OK,SINGLE_LOCK_SCRIPT,0.1701758174941159,3,OK,,0.2917835999941969,2,OK,,0.33321899961879886,2,OK,,0.23710992104129439,2,OK,FEW_DISTINCT_DESTINATIONS,0.3333333333333333,3,OK,NEAR_ZERO_NET_FLOW,0.8470795547393932,4,OK,HIGH_INTERVAL_VARIANCE;VARIED_TIME_OF_DAY;VARIED_DAY_OF_WEEK;MIXED_TX_SHAPES,0.0,1,OK,,IRREGULAR_ACTIVITY,0.8470795547393932,False,False,0.0,795
ckb1qzda0cr08m85hc8jlnfp3zer7xulejywt49kt2rr0vthywaa50xwsqw35ntna3rkqcmgextlmp8pfwnmcxlafeqh6ry93,0.5255317291968655,3,OK,,0.3859223300970874,2,OK,SINGLE_LOCK_SCRIPT,0.0,3,OK,,0.2855076297060394,2,OK,,0.4301771241026813,2,OK,FEW_DISTINCT_SOURCES,0.0,2,OK,FEW_DISTINCT_DESTINATIONS,0.3333333333333333,3,OK,NEAR_ZERO_NET_FLOW,0.4666917405128826,4,OK,VARIED_DAY_OF_WEEK,0.0,1,OK,,PERIODIC_EXECUTION,0.5255317291968655,False,False,0.0,103
ckb1qzda0cr08m85hc8jlnfp3zer7xulejywt49kt2rr0vthywaa50xwsqw4h8l5zpl0tyey72702jlhg007u3nragstsf26n,,0,INSUFFICIENT_EVIDENCE,,,0,INSUFFICIENT_EVIDENCE,,,0,INSUFFICIENT_EVIDENCE,,,0,INSUFFICIENT_EVIDENCE,,,0,INSUFFICIENT_EVIDENCE,,,0,INSUFFICIENT_EVIDENCE,,,0,INSUFFICIENT_EVIDENCE,,,0,INSUFFICIENT_EVIDENCE,,0.0,1,OK,,INSUFFICIENT_EVIDENCE,,False,False,0.0,0
ckb1qzda0cr08m85hc8jlnfp3zer7xulejywt49kt2rr0vthywaa50xwsqw4k0cfcpvzekpmze0czdkzpxqf4dgqaycetlmuf,0.09514956898834843,3,OK,,0.375,2,OK,SINGLE_LOCK_SCRIPT,0.0,3,OK,,0.29407285859722054,2,OK,,0.44308243782576173,2,OK,FEW_DISTINCT_SOURCES,0.0,2,OK,FEW_DISTINCT_DESTINATIONS,0.3333333333333333,3,OK,NEAR_ZERO_NET_FLOW,0.5801345283717909,4,OK,HIGH_INTERVAL_VARIANCE;VARIED_DAY_OF_WEEK,0.0,1,OK,,IRREGULAR_ACTIVITY,0.5801345283717909,False,False,0.0,342
ckb1qzda0cr08m85hc8jlnfp3zer7xulejywt49kt2rr0vthywaa50xwsqw4klymd5zxdtersxfu8wafdq803fudg7qpp9dz7,0.29593832473497333,3,OK,,0.375,2,OK,SINGLE_LOCK_SCRIPT,0.2714846312675786,3,OK,,0.0,2,OK,,0.0,2,OK,FEW_DISTINCT_SOURCES,0.4421836904873727,2,OK,FEW_DISTINCT_DESTINATIONS,0.3333333333333333,3,OK,NEAR_ZERO_NET_FLOW,0.7340504076445143,4,OK,HIGH_INTERVAL_VARIANCE;VARIED_DAY_OF_WEEK,0.0,1,OK,,IRREGULAR_ACTIVITY,0.7340504076445143,False,False,0.0,986
ckb1qzda0cr08m85hc8jlnfp3zer7xulejywt49kt2rr0vthywaa50xwsqw4masztz302vmjlz02qkdx0u2h77v52jswycyu5,0.22829767602445364,3,OK,,0.4930747922437674,2,OK,SINGLE_LOCK_SCRIPT,0.0,3,OK,,0.201479280774827,2,OK,,0.3035707930440584,2,OK,FEW_DISTINCT_SOURCES,0.0,2,OK,FEW_DISTINCT_DESTINATIONS,0.3331143910348347,3,OK,NEAR_ZERO_NET_FLOW,0.4811444387475966,4,OK,VARIED_DAY_OF_WEEK,0.0,1,OK,,IRREGULAR_ACTIVITY,0.4811444387475966,False,False,0.0,1083
ckb1qzda0cr08m85hc8jlnfp3zer7xulejywt49kt2rr0vthywaa50xwsqw4xpk4t3688duglxp0xvupwfj9u4y20rc5xvtlj,0.4263973571431836,3,OK,,0.37239583333333337,2,OK,SINGLE_LOCK_SCRIPT,0.002224195025120308,3,OK,,0.28357411155434525,2,OK,,0.36330723786361974,2,OK,FEW_DISTINCT_SOURCES,0.0028457485994539226,2,OK,FEW_DISTINCT_DESTINATIONS,0.3333333333333333,3,OK,NEAR_ZERO_NET_FLOW,0.7552371513889818,4,OK,HIGH_INTERVAL_VARIANCE;VARIED_TIME_OF_DAY;VARIED_DAY_OF_WEEK;MIXED_TX_SHAPES,0.0,1,OK,,IRREGULAR_ACTIVITY,0.7552371513889818,False,False,0.0,864
ckb1qzda0cr08m85hc8jlnfp3zer7xulejywt49kt2rr0vthywaa50xwsqw4z50cyvxxvvnt8akzu07gn8agqvlx5js7pep0j,0.3057280347808309,3,OK,,0.3772570937231298,2,OK,SINGLE_LOCK_SCRIPT,0.0,3,OK,,0.0005057142882152904,2,OK,,0.0007619646394251379,2,OK,FEW_DISTINCT_SOURCES,0.0,2,OK,FEW_DISTINCT_DESTINATIONS,0.3333333333333333,3,OK,NEAR_ZERO_NET_FLOW,0.5306917951773216,4,OK,HIGH_INTERVAL_VARIANCE;VARIED_DAY_OF_WEEK,0.0,1,OK,,IRREGULAR_ACTIVITY,0.5306917951773216,False,False,0.0,1163
ckb1qzda0cr08m85hc8jlnfp3zer7xulejywt49kt2rr0vthywaa50xwsqw55e3a0nd8dflp7ew8km8njxh3mp57e6qp75cau,0.4060983886121669,3,OK,,0.375,2,OK,SINGLE_LOCK_SCRIPT,0.022382744182797037,3,OK,,0.0,2,OK,MANY_DISTINCT_SENDERS,0.0,2,OK,,0.03645614994768924,2,OK,FEW_DISTINCT_DESTINATIONS,0.3333333333333333,3,OK,NEAR_ZERO_NET_FLOW,0.7399709663367864,4,OK,HIGH_INTERVAL_VARIANCE;VARIED_DAY_OF_WEEK,0.0,1,OK,,IRREGULAR_ACTIVITY,0.7399709663367864,False,False,0.0,948
ckb1qzda0cr08m85hc8jlnfp3zer7xulejywt49kt2rr0vthywaa50xwsqw5lewnq2e8cv8kmsye0k5z6jlnhrs5pdgfzkhzy,0.42768429958002224,3,OK,,0.375,2,OK,SINGLE_LOCK_SCRIPT,0.0,3,OK,,0.0,2,OK,MANY_DISTINCT_SENDERS,0.0,2,OK,,0.0,2,OK,FEW_DISTINCT_DESTINATIONS,0.3333333333333333,3,OK,NEAR_ZERO_NET_FLOW,0.642598409414618,4,OK,HIGH_INTERVAL_VARIANCE;VARIED_DAY_OF_WEEK,0.0,1,OK,,IRREGULAR_ACTIVITY,0.642598409414618,False,False,0.0,718
ckb1qzda0cr08m85hc8jlnfp3zer7xulejywt49kt2rr0vthywaa50xwsqw5pyla7y2d5y6dy2jxlj03c4p76ahmnhc0j4ars,,0,INSUFFICIENT_EVIDENCE,,,0,INSUFFICIENT_EVIDENCE,SINGLE_LOCK_SCRIPT,0.3474246320096982,3,OK,,0.0,2,OK,,0.0,2,OK,FEW_DISTINCT_SOURCES,0.40978779832136747,2,OK,FEW_DISTINCT_DESTINATIONS,0.3333333333333333,3,OK,NEAR_ZERO_NET_FLOW,,0,INSUFFICIENT_EVIDENCE,,0.0,1,OK,,CELL_FRAGMENTATION,0.40978779832136747,False,False,0.0,2
ckb1qzda0cr08m85hc8jlnfp3zer7xulejywt49kt2rr0vthywaa50xwsqw5rj262huu0sgcnq38shahvee2qpuuvtg8rve95,,0,INSUFFICIENT_EVIDENCE,,,0,INSUFFICIENT_EVIDENCE,DOMINANT_TX_SHAPE;SINGLE_LOCK_SCRIPT,0.0,2,OK,,0.5881457171944411,2,OK,FANIN_DOMINANT_SHAPE,0.8861648756515235,2,OK,N_TO_1_SHAPE;FEW_DISTINCT_SOURCES,0.0,2,OK,FEW_DISTINCT_DESTINATIONS,,0,INSUFFICIENT_EVIDENCE,,,0,INSUFFICIENT_EVIDENCE,,0.0,1,OK,,CELL_CONSOLIDATION,0.8861648756515235,False,False,0.0,1
ckb1qzda0cr08m85hc8jlnfp3zer7xulejywt49kt2rr0vthywaa50xwsqw6hjwylgj9pw0ae8pw0ctke60jpqw6f6slep8r3,0.19878140571112712,2,OK,,0.375,2,OK,SINGLE_LOCK_SCRIPT,0.27203642929861027,3,OK,,0.29407285859722054,2,OK,,0.44308243782576173,2,OK,FEW_DISTINCT_SOURCES,0.44308243782576173,2,OK,FEW_DISTINCT_DESTINATIONS,0.3333333333333333,3,OK,NEAR_ZERO_NET_FLOW,0.4963146614941789,4,OK,HIGH_INTERVAL_VARIANCE,0.0,1,OK,,IRREGULAR_ACTIVITY,0.4963146614941789,False,False,0.0,6
ckb1qzda0cr08m85hc8jlnfp3zer7xulejywt49kt2rr0vthywaa50xwsqw6pm0xlgq3kdfmf29zqd9yfpd8q2g6duqjl7wqm,0.08140482402097278,3,OK,,0.375717017208413,2,OK,SINGLE_LOCK_SCRIPT,0.0,3,OK,,0.2935105777968434,2,OK,,0.44223524387198393,2,OK,FEW_DISTINCT_SOURCES,0.0,2,OK,FEW_DISTINCT_DESTINATIONS,0.3325559554978612,3,OK,NEAR_ZERO_NET_FLOW,0.6065622206656605,4,OK,HIGH_INTERVAL_VARIANCE;VARIED_DAY_OF_WEEK,0.0,1,OK,,IRREGULAR_ACTIVITY,0.6065622206656605,False,False,0.0,523
ckb1qzda0cr08m85hc8jlnfp3zer7xulejywt49kt2rr0vthywaa50xwsqw6sushnyawdllx7u6pgsf6vdtv90d3v2c6scl6v,0.4409598340656736,3,OK,,0.44318181818181823,2,OK,SINGLE_LOCK_SCRIPT,0.321497598261994,3,OK,FANOUT_DOMINANT_SHAPE,0.1985054655127642,2,OK,,0.19247467426207046,2,OK,,0.5236428810668093,2,OK,1_TO_N_SHAPE;FEW_DISTINCT_DESTINATIONS,0.3014792572873886,3,OK,NEAR_ZERO_NET_FLOW,0.5757228569952683,4,OK,HIGH_INTERVAL_VARIANCE;VARIED_DAY_OF_WEEK,0.0,1,OK,,IRREGULAR_ACTIVITY,0.5757228569952683,False,False,0.0,22
ckb1qzda0cr08m85hc8jlnfp3zer7xulejywt49kt2rr0vthywaa50xwsqw6ujq2qpcu7m6rmwt276sq275wpagjkhquf7rhu,0.16617112652791544,3,OK,,0.3753716551040634,2,OK,SINGLE_LOCK_SCRIPT,0.0,3,OK,,0.0005828996206089147,2,OK,,0.0008782605308735917,2,OK,FEW_DISTINCT_SOURCES,0.0,2,OK,FEW_DISTINCT_DESTINATIONS,0.3333333333333333,3,OK,NEAR_ZERO_NET_FLOW,0.6358842796027493,4,OK,HIGH_INTERVAL_VARIANCE;VARIED_DAY_OF_WEEK,0.0,1,OK,,IRREGULAR_ACTIVITY,0.6358842796027493,False,False,0.0,1009
ckb1qzda0cr08m85hc8jlnfp3zer7xulejywt49kt2rr0vthywaa50xwsqw70980sa70epqpxnhawt4ek50d7t99augeehwa4,0.0,3,OK,,0.375,2,OK,SINGLE_LOCK_SCRIPT,0.007765796524478272,3,OK,,0.3198538281761806,2,OK,,0.40978779832136747,2,OK,FEW_DISTINCT_SOURCES,0.009785977273346017,2,OK,FEW_DISTINCT_DESTINATIONS,0.3333333333333333,3,OK,NEAR_ZERO_NET_FLOW,0.6862414859925288,4,OK,HIGH_INTERVAL_VARIANCE;VARIED_DAY_OF_WEEK,0.0,1,OK,,IRREGULAR_ACTIVITY,0.6862414859925288,False,False,0.0,670
ckb1qzda0cr08m85hc8jlnfp3zer7xulejywt49kt2rr0vthywaa50xwsqw76vqq45434vph49vkxl406cp95886x2g79zp4d,,0,INSUFFICIENT_EVIDENCE,,0.5,2,OK,SINGLE_LOCK_SCRIPT,0.3627152390648137,3,OK,FANOUT_DOMINANT_SHAPE,0.19604857239814702,2,OK,,0.29538829188384114,2,OK,FEW_DISTINCT_SOURCES,0.5907765837676823,2,OK,1_TO_N_SHAPE;FEW_DISTINCT_DESTINATIONS,0.10442918879775442,3,OK,,,0,INSUFFICIENT_EVIDENCE,,0.0,1,OK,,CELL_FRAGMENTATION,0.5907765837676823,False,False,0.0,3
ckb1qzda0cr08m85hc8jlnfp3zer7xulejywt49kt2rr0vthywaa50xwsqw77m33spsnxcm6zsl9cuaaj8uzpkc46vc6w8y87,,0,INSUFFICIENT_EVIDENCE,,,0,INSUFFICIENT_EVIDENCE,,,0,INSUFFICIENT_EVIDENCE,,,0,INSUFFICIENT_EVIDENCE,,,0,INSUFFICIENT_EVIDENCE,,,0,INSUFFICIENT_EVIDENCE,,,0,INSUFFICIENT_EVIDENCE,,,0,INSUFFICIENT_EVIDENCE,,0.0,1,OK,,INSUFFICIENT_EVIDENCE,,False,False,0.0,0
ckb1qzda0cr08m85hc8jlnfp3zer7xulejywt49kt2rr0vthywaa50xwsqw7fspuj5ny44ce32pp8lvgjqw90uekrjcg8usv9,0.14285714285714285,2,OK,,0.21428571428571427,2,OK,SINGLE_LOCK_SCRIPT,0.15544938817063444,3,OK,,0.168041633484126,2,OK,,0.2531899644718638,2,OK,FEW_DISTINCT_SOURCES,0.2531899644718638,2,OK,FEW_DISTINCT_DESTINATIONS,0.3333333333333333,3,OK,NEAR_ZERO_NET_FLOW,0.6058911212978711,4,OK,HIGH_INTERVAL_VARIANCE;MIXED_TX_SHAPES,0.0,1,OK,,IRREGULAR_ACTIVITY,0.6058911212978711,False,False,0.0,7
ckb1qzda0cr08m85hc8jlnfp3zer7xulejywt49kt2rr0vthywaa50xwsqw827vkp4zln5plmzzktcymdr0ec8aqhpc4sr8d5,0.16666666666666666,3,OK,,0.375,2,OK,SINGLE_LOCK_SCRIPT,0.05277602684805489,3,OK,,0.0,2,OK,MANY_DISTINCT_SENDERS,0.0,2,OK,,0.08595955583921301,2,OK,FEW_DISTINCT_DESTINATIONS,0.3333333333333333,3,OK,NEAR_ZERO_NET_FLOW,0.8296739330280152,4,OK,HIGH_INTERVAL_VARIANCE;VARIED_TIME_OF_DAY;VARIED_DAY_OF_WEEK,0.0,1,OK,,IRREGULAR_ACTIVITY,0.8296739330280152,False,False,0.0,2268
ckb1qzda0cr08m85hc8jlnfp3zer7xulejywt49kt2rr0vthywaa50xwsqw8agrm4yvlzsah4ca3dyvt9hz9qsdaxmq5qskx2,0.46782624299720554,3,OK,LOW_LIFETIME_VARIANCE,0.375,2,OK,SINGLE_LOCK_SCRIPT,0.0,3,OK,,0.0,2,OK,,0.0,2,OK,FEW_DISTINCT_SOURCES,0.0,2,OK,FEW_DISTINCT_DESTINATIONS,0.3333333333333333,3,OK,NEAR_ZERO_NET_FLOW,0.6390869691237517,4,OK,HIGH_INTERVAL_VARIANCE;VARIED_DAY_OF_WEEK,0.0,1,OK,,IRREGULAR_ACTIVITY,0.6390869691237517,False,False,0.0,1044
ckb1qzda0cr08m85hc8jlnfp3zer7xulejywt49kt2rr0vthywaa50xwsqw8d28w8rr2qqwrepmex52mesujgfjqskcuvwgxj,0.1965942466997931,3,OK,,0.4605263157894737,2,OK,SINGLE_LOCK_SCRIPT,0.0,3,OK,MANY_DISTINCT_RECIPIENTS;EVEN_CAPACITY_SPREAD,0.22700361014522283,2,OK,,0.34202854849707914,2,OK,FEW_DISTINCT_SOURCES,0.0,2,OK,,0.316789729734647,3,OK,NEAR_ZERO_NET_FLOW,0.45559535594979006,4,OK,HIGH_INTERVAL_VARIANCE;VARIED_DAY_OF_WEEK,0.0,1,OK,,IRREGULAR_ACTIVITY,0.45559535594979006,False,False,0.0,57
ckb1qzda0cr08m85hc8jlnfp3zer7xulejywt49kt2rr0vthywaa50xwsqw8n05pvq0v6vht3graz05kjzla3edv9cgf7s09r,0.32796281733345967,3,OK,,0.37526427061310785,2,OK,SINGLE_LOCK_SCRIPT,0.0,3,OK,,0.0004144790114125182,2,OK,,0.0006244995600080384,2,OK,FEW_DISTINCT_SOURCES,0.0,2,OK,FEW_DISTINCT_DESTINATIONS,0.3333333333333333,3,OK,NEAR_ZERO_NET_FLOW,0.5181428369553502,4,OK,HIGH_INTERVAL_VARIANCE;VARIED_DAY_OF_WEEK,0.0,1,OK,,IRREGULAR_ACTIVITY,0.5181428369553502,False,False,0.0,1419
ckb1qzda0cr08m85hc8jlnfp3zer7xulejywt49kt2rr0vthywaa50xwsqw8q4nj0qyp80m5pnsgqg0n09zmtxmfccgm4ldvz,,0,INSUFFICIENT_EVIDENCE,,,0,INSUFFICIENT_EVIDENCE,,,0,INSUFFICIENT_EVIDENCE,,,0,INSUFFICIENT_EVIDENCE,,,0,INSUFFICIENT_EVIDENCE,,,0,INSUFFICIENT_EVIDENCE,,,0,INSUFFICIENT_EVIDENCE,,,0,INSUFFICIENT_EVIDENCE,HIGH_INTERVAL_VARIANCE;VARIED_TIME_OF_DAY;VARIED_DAY_OF_WEEK,0.0,1,OK,,INSUFFICIENT_EVIDENCE,,False,False,0.0,0
ckb1qzda0cr08m85hc8jlnfp3zer7xulejywt49kt2rr0vthywaa50xwsqw8sae6fd5sruyeewfc82gs6epxav9tapqsgphme,0.02567919459882521,3,OK,,0.3765368852459016,2,OK,SINGLE_LOCK_SCRIPT,0.27315133269737507,3,OK,FANOUT_DOMINANT_SHAPE,0.3326023447814174,2,OK,,0.3798343039195313,2,OK,,0.44489834945619516,2,OK,1_TO_N_SHAPE;FEW_DISTINCT_DESTINATIONS,0.3333333333333333,3,OK,NEAR_ZERO_NET_FLOW,0.7359544973455938,4,OK,HIGH_INTERVAL_VARIANCE;VARIED_DAY_OF_WEEK,0.0,1,OK,,IRREGULAR_ACTIVITY,0.7359544973455938,False,False,0.0,488
ckb1qzda0cr08m85hc8jlnfp3zer7xulejywt49kt2rr0vthywaa50xwsqw973g6gzfxn2yh804xl67mpf888tlagkqzh4v47,0.3000412812217575,3,OK,,0.3614457831325301,2,OK,SINGLE_LOCK_SCRIPT,0.00983264202284133,3,OK,,0.3013941519339854,2,OK,,0.3146596077584915,2,OK,,0.016015027873220296,2,OK,FEW_DISTINCT_DESTINATIONS,0.3317178662048585,3,OK,NEAR_ZERO_NET_FLOW,0.8322044969493563,4,OK,HIGH_INTERVAL_VARIANCE;VARIED_TIME_OF_DAY;VARIED_DAY_OF_WEEK;MIXED_TX_SHAPES,0.0,1,OK,,IRREGULAR_ACTIVITY,0.8322044969493563,False,False,0.0,166
ckb1qzda0cr08m85hc8jlnfp3zer7xulejywt49kt2rr0vthywaa50xwsqw9cxywse038q9496gt72efccm2jf0lygs5fcq86,,0,INSUFFICIENT_EVIDENCE,,,0,INSUFFICIENT_EVIDENCE,SINGLE_LOCK_SCRIPT,0.0,3,OK,,0.0,2,OK,,0.0,2,OK,FEW_DISTINCT_SOURCES,0.0,2,OK,FEW_DISTINCT_DESTINATIONS,0.3333333333333333,3,OK,NEAR_ZERO_NET_FLOW,,0,INSUFFICIENT_EVIDENCE,,0.0,1,OK,,ROUND_TRIP,0.3333333333333333,False,False,0.0,2
ckb1qzda0cr08m85hc8jlnfp3zer7xulejywt49kt2rr0vthywaa50xwsqw9eyh2qqwkzdmu5xlwkc4lhfx6zsmh0ssed8wsm,0.43500003007961213,3,OK,,0.34615384615384615,2,OK,SINGLE_LOCK_SCRIPT,0.19316196163214927,3,OK,,0.017227298782172804,2,OK,,0.01670391650400609,2,OK,,0.3146147487520201,2,OK,FEW_DISTINCT_DESTINATIONS,0.3333333333333333,3,OK,NEAR_ZERO_NET_FLOW,0.8523436136722904,4,OK,HIGH_INTERVAL_VARIANCE;VARIED_TIME_OF_DAY;VARIED_DAY_OF_WEEK;MIXED_TX_SHAPES,0.0,1,OK,,IRREGULAR_ACTIVITY,0.8523436136722904,False,False,0.0,169
ckb1qzda0cr08m85hc8jlnfp3zer7xulejywt49kt2rr0vthywaa50xwsqw9qsdmw4sh8288hp9rg6rzv0zjnlq2ujs3mez8t,,0,INSUFFICIENT_EVIDENCE,,,0,INSUFFICIENT_EVIDENCE,SINGLE_LOCK_SCRIPT,0.34609284687835573,3,OK,,0.0,2,OK,,0.0,2,OK,,0.40978779832136747,2,OK,FEW_DISTINCT_DESTINATIONS,0.3333333333333333,3,OK,NEAR_ZERO_NET_FLOW,,0,INSUFFICIENT_EVIDENCE,,0.0,1,OK,,CELL_FRAGMENTATION,0.40978779832136747,False,False,0.0,2
ckb1qzda0cr08m85hc8jlnfp3zer7xulejywt49kt2rr0vthywaa50xwsqw9t5zng6xx58m2nha3lw65da4tsdntkqcxt2q9p,,0,INSUFFICIENT_EVIDENCE,,0.5,1,OK,SINGLE_LOCK_SCRIPT,0.3627152390648137,3,OK,FANOUT_DOMINANT_SHAPE,0.0,2,OK,,0.0,2,OK,,0.5907765837676823,2,OK,1_TO_N_SHAPE;FEW_DISTINCT_DESTINATIONS,0.3102184533933277,3,OK,NEAR_ZERO_NET_FLOW,,0,INSUFFICIENT_EVIDENCE,HIGH_INTERVAL_VARIANCE,0.0,1,OK,,CELL_FRAGMENTATION,0.5907765837676823,False,False,0.0,3
ckb1qzda0cr08m85hc8jlnfp3zer7xulejywt49kt2rr0vthywaa50xwsqw9u3r7vuv8pskppxp50rsf2xxxw8cj7nqyxyy7c,0.1525609009385979,3,OK,,0.3763326226012793,2,OK,SINGLE_LOCK_SCRIPT,0.0,3,OK,,0.2930278235631153,2,OK,,0.44150787337009095,2,OK,FEW_DISTINCT_SOURCES,0.0,2,OK,FEW_DISTINCT_DESTINATIONS,0.33269111367700094,3,OK,NEAR_ZERO_NET_FLOW,0.5327732097185595,4,OK,HIGH_INTERVAL_VARIANCE;VARIED_DAY_OF_WEEK,0.0,1,OK,,IRREGULAR_ACTIVITY,0.5327732097185595,False,False,0.0,1407
ckb1qzda0cr08m85hc8jlnfp3zer7xulejywt49kt2rr0vthywaa50xwsqwafdszyl69fd8pd3hnen82j0qt6n9hzuc97c3nn,,0,INSUFFICIENT_EVIDENCE,,,0,INSUFFICIENT_EVIDENCE,,,0,INSUFFICIENT_EVIDENCE,,,0,INSUFFICIENT_EVIDENCE,,,0,INSUFFICIENT_EVIDENCE,,,0,INSUFFICIENT_EVIDENCE,,,0,INSUFFICIENT_EVIDENCE,,,0,INSUFFICIENT_EVIDENCE,,0.0,1,OK,,INSUFFICIENT_EVIDENCE,,False,False,0.0,0
ckb1qzda0cr08m85hc8jlnfp3zer7xulejywt49kt2rr0vthywaa50xwsqwau96q6673hp5t3ncxypt85vrlv3ldvmchs7tt3,0.4129677994356551,3,OK,,0.375,2,OK,SINGLE_LOCK_SCRIPT,0.23803187563628397,3,OK,,0.0,2,OK,,0.0,2,OK,,0.3876971330975415,2,OK,FEW_DISTINCT_DESTINATIONS,0.3333333333333333,3,OK,NEAR_ZERO_NET_FLOW,0.7930565707006659,4,OK,HIGH_INTERVAL_VARIANCE;VARIED_DAY_OF_WEEK,0.0,1,OK,,IRREGULAR_ACTIVITY,0.7930565707006659,False,False,0.0,32
ckb1qzda0cr08m85hc8jlnfp3zer7xulejywt49kt2rr0vthywaa50xwsqwclramlxrmcu6r5nwxg55jmhj8ycwtcfs0lxcas,0.28384502046497995,3,OK,,0.3747280638143582,2,OK,SINGLE_LOCK_SCRIPT,0.0003945415943416655,3,OK,,0.00046389242665140397,2,OK,,0.0005943260309228708,2,OK,FEW_DISTINCT_SOURCES,0.0006426141230249597,2,OK,FEW_DISTINCT_DESTINATIONS,0.3333333333333333,3,OK,NEAR_ZERO_NET_FLOW,0.5532310443730977,4,OK,HIGH_INTERVAL_VARIANCE;VARIED_DAY_OF_WEEK;MIXED_TX_SHAPES,0.0,1,OK,,IRREGULAR_ACTIVITY,0.5532310443730977,False,False,0.0,1379
ckb1qzda0cr08m85hc8jlnfp3zer7xulejywt49kt2rr0vthywaa50xwsqwd08wtnzyj7wa3ux429fketrlal83gfycf3pgjs,0.0,3,OK,,0.41326530612244894,2,OK,SINGLE_LOCK_SCRIPT,0.0,3,OK,,0.26406542404648375,2,OK,,0.39786994417007177,2,OK,FEW_DISTINCT_SOURCES,0.0,2,OK,FEW_DISTINCT_DESTINATIONS,0.3330593218394392,3,OK,NEAR_ZERO_NET_FLOW,0.6792772415797852,4,OK,HIGH_INTERVAL_VARIANCE;VARIED_DAY_OF_WEEK,0.0,1,OK,,IRREGULAR_ACTIVITY,0.6792772415797852,False,False,0.0,1127
ckb1qzda0cr08m85hc8jlnfp3zer7xulejywt49kt2rr0vthywaa50xwsqwd9wdqn3udclk6u86ed8glq7ep4gs2l6c4cwthv,0.5140891775375004,3,OK,,0.42000000000000004,2,OK,SINGLE_LOCK_SCRIPT,0.13057748606333291,3,OK,,0.0,2,OK,,0.0,2,OK,FEW_DISTINCT_SOURCES,0.21267957015636563,2,OK,FEW_DISTINCT_DESTINATIONS,0.30050363496118987,3,OK,NEAR_ZERO_NET_FLOW,0.5375602631791544,4,OK,HIGH_INTERVAL_VARIANCE;VARIED_DAY_OF_WEEK,0.0,1,OK,,IRREGULAR_ACTIVITY,0.5375602631791544,False,False,0.0,50
ckb1qzda0cr08m85hc8jlnfp3zer7xulejywt49kt2rr0vthywaa50xwsqwda7qe8d78vuwpx20spzsuvtj92eulcagjenqnt,0.38613363661046707,3,OK,,0.36448598130841114,2,OK,SINGLE_LOCK_SCRIPT,0.21356130898208656,3,OK,,0.006585682403717419,2,OK,,0.006875542304581971,2,OK,,0.3478404184800372,2,OK,FEW_DISTINCT_DESTINATIONS,0.3333333333333333,3,OK,NEAR_ZERO_NET_FLOW,0.8355246217453592,4,OK,HIGH_INTERVAL_VARIANCE;VARIED_TIME_OF_DAY;VARIED_DAY_OF_WEEK;MIXED_TX_SHAPES,0.0,1,OK,,IRREGULAR_ACTIVITY,0.8355246217453592,False,False,0.0,107
ckb1qzda0cr08m85hc8jlnfp3zer7xulejywt49kt2rr0vthywaa50xwsqwdcrrc7pg028fpfwrnsm7ahx5tvd74f2ge9u32a,0.5978023343716246,3,OK,,0.375,2,OK,SINGLE_LOCK_SCRIPT,0.0,3,OK,,0.0,2,OK,,0.0,2,OK,FEW_DISTINCT_SOURCES,0.0,2,OK,FEW_DISTINCT_DESTINATIONS,0.3333333333333333,3,OK,NEAR_ZERO_NET_FLOW,0.5082645519120413,4,OK,HIGH_INTERVAL_VARIANCE;VARIED_DAY_OF_WEEK,0.0,1,OK,,PERIODIC_EXECUTION,0.5978023343716246,False,False,0.0,240
ckb1qzda0cr08m85hc8jlnfp3zer7xulejywt49kt2rr0vthywaa50xwsqwdds9zeghmn5d5jl8htyp8wm3gyl7jz9qqrsxqy,0.1657986111111111,3,OK,,0.3756510416666667,2,OK,SINGLE_LOCK_SCRIPT,0.0,3,OK,,0.001021086314573676,2,OK,,0.0015384806868949962,2,OK,FEW_DISTINCT_SOURCES,0.0,2,OK,FEW_DISTINCT_DESTINATIONS,0.3333333333333333,3,OK,NEAR_ZERO_NET_FLOW,0.638174810065697,4,OK,HIGH_INTERVAL_VARIANCE;VARIED_DAY_OF_WEEK,0.0,1,OK,,IRREGULAR_ACTIVITY,0.638174810065697,False,False,0.0,1152
ckb1qzda0cr08m85hc8jlnfp3zer7xulejywt49kt2rr0vthywaa50xwsqwdr5q4rwruykhehd8hn6gxh892wtmdprcw3h3ce,,0,INSUFFICIENT_EVIDENCE,,,0,INSUFFICIENT_EVIDENCE,,,0,INSUFFICIENT_EVIDENCE,,,0,INSUFFICIENT_EVIDENCE,,,0,INSUFFICIENT_EVIDENCE,,,0,INSUFFICIENT_EVIDENCE,,,0,INSUFFICIENT_EVIDENCE,,,0,INSUFFICIENT_EVIDENCE,HIGH_INTERVAL_VARIANCE;VARIED_TIME_OF_DAY;VARIED_DAY_OF_WEEK,0.0,1,OK,,INSUFFICIENT_EVIDENCE,,False,False,0.0,0
ckb1qzda0cr08m85hc8jlnfp3zer7xulejywt49kt2rr0vthywaa50xwsqwe92am9fu642zn6fjv7xp9u27e9afey2ce26d2t,,0,INSUFFICIENT_EVIDENCE,,,0,INSUFFICIENT_EVIDENCE,SINGLE_LOCK_SCRIPT,0.28545972190041297,3,OK,,0.0,2,OK,,0.0,2,OK,FEW_DISTINCT_SOURCES,0.40978779832136747,2,OK,FEW_DISTINCT_DESTINATIONS,0.3333333333333333,3,OK,NEAR_ZERO_NET_FLOW,,0,INSUFFICIENT_EVIDENCE,,0.0,1,OK,,CELL_FRAGMENTATION,0.40978779832136747,False,False,0.0,2
ckb1qzda0cr08m85hc8jlnfp3zer7xulejywt49kt2rr0vthywaa50xwsqweaz0wqm6d5wzkyt2jay4ayx22vgxu6ys67s4w2,0.27875309984640617,3,OK,,0.3660589060308555,2,OK,SINGLE_LOCK_SCRIPT,0.053415287660316176,3,OK,,0.3122275798185437,2,OK,,0.4000172617555003,2,OK,FEW_DISTINCT_SOURCES,0.08700075918037396,2,OK,FEW_DISTINCT_DESTINATIONS,0.3332008101999357,3,OK,NEAR_ZERO_NET_FLOW,0.5047264173659693,4,OK,VARIED_DAY_OF_WEEK;MIXED_TX_SHAPES,0.0,1,OK,,IRREGULAR_ACTIVITY,0.5047264173659693,False,False,0.0,1426
ckb1qzda0cr08m85hc8jlnfp3zer7xulejywt49kt2rr0vthywaa50xwsqwepkut2qzg2udxm2g38plwwslh0ejrmzs7qle27,0.3308811683103466,3,OK,,0.3500781860828772,2,OK,SINGLE_LOCK_SCRIPT,0.08507785122708687,3,OK,,0.29859692794555087,2,OK,,0.38255405097397394,2,OK,FEW_DISTINCT_SOURCES,0.1385715208211921,2,OK,FEW_DISTINCT_DESTINATIONS,0.3333333333333333,3,OK,NEAR_ZERO_NET_FLOW,0.6374869358382865,4,OK,HIGH_INTERVAL_VARIANCE;VARIED_DAY_OF_WEEK;MIXED_TX_SHAPES,0.0,1,OK,,IRREGULAR_ACTIVITY,0.6374869358382865,False,False,0.0,1279
ckb1qzda0cr08m85hc8jlnfp3zer7xulejywt49kt2rr0vthywaa50xwsqwexweexwze3qsd7a425f2hmm8296utjkc0850ly,0.43619472047179403,3,OK,,0.375,2,OK,SINGLE_LOCK_SCRIPT,0.002436147128047252,3,OK,,0.0,2,OK,,0.0,2,OK,,0.003967902428290397,2,OK,FEW_DISTINCT_DESTINATIONS,0.3333333333333333,3,OK,NEAR_ZERO_NET_FLOW,0.6360167566010203,4,OK,HIGH_INTERVAL_VARIANCE;VARIED_DAY_OF_WEEK,0.0,1,OK,,IRREGULAR_ACTIVITY,0.6360167566010203,False,False,0.0,670
ckb1qzda0cr08m85hc8jlnfp3zer7xulejywt49kt2rr0vthywaa50xwsqwf587k2zv9cxghautlmp0t89ufk5khvjs6cy70d,,0,INSUFFICIENT_EVIDENCE,,,0,INSUFFICIENT_EVIDENCE,,,0,INSUFFICIENT_EVIDENCE,,,0,INSUFFICIENT_EVIDENCE,,,0,INSUFFICIENT_EVIDENCE,,,0,INSUFFICIENT_EVIDENCE,,,0,INSUFFICIENT_EVIDENCE,,,0,INSUFFICIENT_EVIDENCE,HIGH_INTERVAL_VARIANCE;VARIED_TIME_OF_DAY;VARIED_DAY_OF_WEEK,0.0,1,OK,,INSUFFICIENT_EVIDENCE,,False,False,0.0,0
ckb1qzda0cr08m85hc8jlnfp3zer7xulejywt49kt2rr0vthywaa50xwsqwfa8pxvswqfjn530whn97try3rq9l7gjg4nddxz,0.44641732092324604,3,OK,,0.375,2,OK,SINGLE_LOCK_SCRIPT,0.0,3,OK,,0.0,2,OK,,0.0,2,OK,FEW_DISTINCT_SOURCES,0.0,2,OK,FEW_DISTINCT_DESTINATIONS,0.3333333333333333,3,OK,NEAR_ZERO_NET_FLOW,0.6392749359004056,4,OK,HIGH_INTERVAL_VARIANCE;VARIED_DAY_OF_WEEK,0.0,1,OK,,IRREGULAR_ACTIVITY,0.6392749359004056,False,False,0.0,1228
ckb1qzda0cr08m85hc8jlnfp3zer7xulejywt49kt2rr0vthywaa50xwsqwfjnz2axuppeu5r68084wjm6a0xtxfy9cj4a5sa,0.18134366228437707,3,OK,,0.4790575916230366,2,OK,SINGLE_LOCK_SCRIPT,0.5831963080632302,3,OK,FANOUT_DOMINANT_SHAPE;MANY_DISTINCT_RECIPIENTS,0.0,2,OK,MANY_DISTINCT_SENDERS,0.0,2,OK,,0.3193717277486911,2,OK,1_TO_N_SHAPE,0.3304479831423461,3,OK,NEAR_ZERO_NET_FLOW,0.773872857601635,4,OK,HIGH_INTERVAL_VARIANCE;VARIED_TIME_OF_DAY;VARIED_DAY_OF_WEEK,0.0,1,OK,,IRREGULAR_ACTIVITY,0.773872857601635,False,False,0.0,382
ckb1qzda0cr08m85hc8jlnfp3zer7xulejywt49kt2rr0vthywaa50xwsqwfna6z53rzj0vrgm3tujzzwldryr6jcnc8z4zde,0.3825772122192977,3,OK,,0.3664253048780488,2,OK,SINGLE_LOCK_SCRIPT,0.05142152017229828,3,OK,,0.004482817966420989,2,OK,,0.006754305454660918,2,OK,FEW_DISTINCT_SOURCES,0.08375338763779641,2,OK,FEW_DISTINCT_DESTINATIONS,0.3333333333333333,3,OK,NEAR_ZERO_NET_FLOW,0.8462763616524676,4,OK,HIGH_INTERVAL_VARIANCE;VARIED_TIME_OF_DAY;VARIED_DAY_OF_WEEK;MIXED_TX_SHAPES,0.0,1,OK,,IRREGULAR_ACTIVITY,0.8462763616524676,False,False,0.0,1312
ckb1qzda0cr08m85hc8jlnfp3zer7xulejywt49kt2rr0vthywaa50xwsqwg4vuyxa8u6yekv7n3vevs5xj6mzn5rxgeudapp,0.5231206556933391,3,OK,,0.375,2,OK,SINGLE_LOCK_SCRIPT,0.26983667380562953,3,OK,,0.0,2,OK,,0.0,2,OK,FEW_DISTINCT_SOURCES,0.43949956097002774,2,OK,FEW_DISTINCT_DESTINATIONS,0.3333333333333333,3,OK,NEAR_ZERO_NET_FLOW,0.5686060204676887,4,OK,HIGH_INTERVAL_VARIANCE;VARIED_DAY_OF_WEEK,0.0,1,OK,,IRREGULAR_ACTIVITY,0.5686060204676887,False,False,0.0,742
ckb1qzda0cr08m85hc8jlnfp3zer7xulejywt49kt2rr0vthywaa50xwsqwgp8u8962lw0pup3qdeaxga29denq87ygrhw3x2,0.16344086021505375,3,OK,,0.37741935483870964,2,OK,SINGLE_LOCK_SCRIPT,0.0,3,OK,,0.005264510262846725,2,OK,MANY_DISTINCT_SENDERS,0.0038187441802953635,2,OK,,0.0,2,OK,FEW_DISTINCT_DESTINATIONS,0.3333333333333333,3,OK,NEAR_ZERO_NET_FLOW,0.6487315045289033,4,OK,HIGH_INTERVAL_VARIANCE;VARIED_DAY_OF_WEEK,0.0,1,OK,,IRREGULAR_ACTIVITY,0.6487315045289033,False,False,0.0,155
ckb1qzda0cr08m85hc8jlnfp3zer7xulejywt49kt2rr0vthywaa50xwsqwh8cgh37vm79za0w7h9wc36rvkcucyaag3pg77j,0.2859937398052981,3,OK,,0.375,2,OK,SINGLE_LOCK_SCRIPT,0.06277763753044847,3,OK,,0.027102616046067986,2,OK,,0.02829550102270288,2,OK,,0.10224979334440647,2,OK,FEW_DISTINCT_DESTINATIONS,0.3333333333333333,3,OK,NEAR_ZERO_NET_FLOW,0.7709605627018138,4,OK,HIGH_INTERVAL_VARIANCE;VARIED_DAY_OF_WEEK,0.0,1,OK,,IRREGULAR_ACTIVITY,0.7709605627018138,False,False,0.0,26
ckb1qzda0cr08m85hc8jlnfp3zer7xulejywt49kt2rr0vthywaa50xwsqwj2d4whqxn9v85cy236x5vhnaw0h859pq02dapz,,0,INSUFFICIENT_EVIDENCE,,,0,INSUFFICIENT_EVIDENCE,,,0,INSUFFICIENT_EVIDENCE,,,0,INSUFFICIENT_EVIDENCE,,,0,INSUFFICIENT_EVIDENCE,,,0,INSUFFICIENT_EVIDENCE,,,0,INSUFFICIENT_EVIDENCE,HIGH_RECIPROCITY_LEGACY_EDGES,,0,INSUFFICIENT_EVIDENCE,HIGH_INTERVAL_VARIANCE;VARIED_TIME_OF_DAY;VARIED_DAY_OF_WEEK,0.0,1,OK,,INSUFFICIENT_EVIDENCE,,False,False,0.0,0
ckb1qzda0cr08m85hc8jlnfp3zer7xulejywt49kt2rr0vthywaa50xwsqwj5mah4ck3m7dkusnwpgyhmzf6zaaahpqzjwzns,,0,INSUFFICIENT_EVIDENCE,,,0,INSUFFICIENT_EVIDENCE,DOMINANT_TX_SHAPE;SINGLE_LOCK_SCRIPT,0.0,2,OK,,0.0,2,OK,,0.0,2,OK,,0.0,2,OK,FEW_DISTINCT_DESTINATIONS,,0,INSUFFICIENT_EVIDENCE,,,0,INSUFFICIENT_EVIDENCE,,0.0,1,OK,,INSUFFICIENT_EVIDENCE,,False,False,0.0,1
ckb1qzda0cr08m85hc8jlnfp3zer7xulejywt49kt2rr0vthywaa50xwsqwjeupgccqe3mp2wzajp975muw56rxfzysgzn7cd,,0,INSUFFICIENT_EVIDENCE,,,0,INSUFFICIENT_EVIDENCE,DOMINANT_TX_SHAPE;SINGLE_LOCK_SCRIPT,0.0,3,OK,,0.0,2,OK,,0.0,2,OK,FEW_DISTINCT_SOURCES,0.0,2,OK,FEW_DISTINCT_DESTINATIONS,0.3333333333333333,3,OK,NEAR_ZERO_NET_FLOW,,0,INSUFFICIENT_EVIDENCE,,0.0,1,OK,,ROUND_TRIP,0.3333333333333333,False,False,0.0,2
ckb1qzda0cr08m85hc8jlnfp3zer7xulejywt49kt2rr0vthywaa50xwsqwjhnuyhphnp99ysnl09ht9e3x2kh8s8acgdjpg3,,0,INSUFFICIENT_EVIDENCE,LOW_INTERVAL_VARIANCE,0.5,1,OK,SINGLE_LOCK_SCRIPT,0.23126017325864934,3,OK,,0.0,2,OK,MANY_DISTINCT_SENDERS,0.0,2,OK,,0.2731918655475783,2,OK,FEW_DISTINCT_DESTINATIONS,0.3333333333333333,3,OK,NEAR_ZERO_NET_FLOW,,0,INSUFFICIENT_EVIDENCE,,0.0,1,OK,,ROUND_TRIP,0.3333333333333333,False,False,0.0,3
ckb1qzda0cr08m85hc8jlnfp3zer7xulejywt49kt2rr0vthywaa50xwsqwjhry2dvdzmftxqrsrwf04mjw3ah8hhjqh9zh7y,0.45236746018440543,3,OK,,0.375,2,OK,SINGLE_LOCK_SCRIPT,0.15375972090791015,3,OK,,0.0,2,OK,,0.0,2,OK,FEW_DISTINCT_SOURCES,0.25043789964064794,2,OK,FEW_DISTINCT_DESTINATIONS,0.3333333333333333,3,OK,NEAR_ZERO_NET_FLOW,0.7813948133775043,4,OK,HIGH_INTERVAL_VARIANCE;VARIED_TIME_OF_DAY;VARIED_DAY_OF_WEEK,0.0,1,OK,,IRREGULAR_ACTIVITY,0.7813948133775043,False,False,0.0,138
ckb1qzda0cr08m85hc8jlnfp3zer7xulejywt49kt2rr0vthywaa50xwsqwjpr5w3ustqzhcyefs88lsh3x67aqth4ckskqq9,,0,INSUFFICIENT_EVIDENCE,,,0,INSUFFICIENT_EVIDENCE,,,0,INSUFFICIENT_EVIDENCE,,,0,INSUFFICIENT_EVIDENCE,,,0,INSUFFICIENT_EVIDENCE,,,0,INSUFFICIENT_EVIDENCE,,,0,INSUFFICIENT_EVIDENCE,,,0,INSUFFICIENT_EVIDENCE,,0.0,1,OK,,INSUFFICIENT_EVIDENCE,,False,False,0.0,0
ckb1qzda0cr08m85hc8jlnfp3zer7xulejywt49kt2rr0vthywaa50xwsqwjzhp5ljeurdf9yznes3xhs7cn6ye9mssmxkwgz,0.15395783774159946,3,OK,,0.3586572438162544,2,OK,SINGLE_LOCK_SCRIPT,0.21211792249196698,3,OK,,0.3059143798339913,2,OK,,0.3919289661212607,2,OK,FEW_DISTINCT_SOURCES,0.34548948626696613,2,OK,FEW_DISTINCT_DESTINATIONS,0.3330769691812184,3,OK,NEAR_ZERO_NET_FLOW,0.6250126748317502,4,OK,HIGH_INTERVAL_VARIANCE;VARIED_DAY_OF_WEEK;MIXED_TX_SHAPES,0.0,1,OK,,IRREGULAR_ACTIVITY,0.6250126748317502,False,False,0.0,1698
ckb1qzda0cr08m85hc8jlnfp3zer7xulejywt49kt2rr0vthywaa50xwsqwkp3rnla6nr3al235xz3kmr3c8s0v3kngg0vdcv,0.39254752304455537,3,OK,,0.4342105263157895,2,OK,SINGLE_LOCK_SCRIPT,0.015635541397120235,3,OK,,0.39153714622514224,2,OK,FANIN_DOMINANT_SHAPE,0.44713827707018516,2,OK,N_TO_1_SHAPE,0.02156777885901933,2,OK,FEW_DISTINCT_DESTINATIONS,0.3333333333333333,3,OK,NEAR_ZERO_NET_FLOW,0.7947171139334237,4,OK,HIGH_INTERVAL_VARIANCE;VARIED_TIME_OF_DAY;VARIED_DAY_OF_WEEK,0.0,1,OK,,IRREGULAR_ACTIVITY,0.7947171139334237,False,False,0.0,38
ckb1qzda0cr08m85hc8jlnfp3zer7xulejywt49kt2rr0vthywaa50xwsqwkr8fn99ghht0zeyert3w949f25zjw24gcwcxy8,0.46567479732525063,3,OK,LOW_LIFETIME_VARIANCE,0.375,2,OK,SINGLE_LOCK_SCRIPT,0.0,3,OK,,0.0,2,OK,,0.0,2,OK,FEW_DISTINCT_SOURCES,0.0,2,OK,FEW_DISTINCT_DESTINATIONS,0.3333333333333333,3,OK,NEAR_ZERO_NET_FLOW,0.6451020197180692,4,OK,HIGH_INTERVAL_VARIANCE;VARIED_DAY_OF_WEEK,0.0,1,OK,,IRREGULAR_ACTIVITY,0.6451020197180692,False,False,0.0,578
ckb1qzda0cr08m85hc8jlnfp3zer7xulejywt49kt2rr0vthywaa50xwsqwl4qyx3j83nsjlyx3pj9q8msqt9hwmz5g0c8u0j,0.22210022447829533,3,OK,,0.4969512195121951,2,OK,SINGLE_LOCK_SCRIPT,0.0,3,OK,,0.18887606365187334,2,OK,,0.28458140315638353,2,OK,FEW_DISTINCT_SOURCES,0.0,2,OK,FEW_DISTINCT_DESTINATIONS,0.33206379736980124,3,OK,NEAR_ZERO_NET_FLOW,0.5267437197534462,4,OK,HIGH_INTERVAL_VARIANCE;VARIED_DAY_OF_WEEK,0.0,1,OK,,IRREGULAR_ACTIVITY,0.5267437197534462,False,False,0.0,246
ckb1qzda0cr08m85hc8jlnfp3zer7xulejywt49kt2rr0vthywaa50xwsqwlfetev6txju367sg90xq0twvwgp7qa6qelcq7y,,0,INSUFFICIENT_EVIDENCE,,,0,INSUFFICIENT_EVIDENCE,,,0,INSUFFICIENT_EVIDENCE,,,0,INSUFFICIENT_EVIDENCE,,,0,INSUFFICIENT_EVIDENCE,,,0,INSUFFICIENT_EVIDENCE,,,0,INSUFFICIENT_EVIDENCE,,,0,INSUFFICIENT_EVIDENCE,HIGH_INTERVAL_VARIANCE;VARIED_TIME_OF_DAY;VARIED_DAY_OF_WEEK,0.0,1,OK,,INSUFFICIENT_EVIDENCE,,False,False,0.0,0
ckb1qzda0cr08m85hc8jlnfp3zer7xulejywt49kt2rr0vthywaa50xwsqwlkxpk8rnrzz2nhuswk2kzvempzsz2zjgwxnwny,0.3731054392750563,3,OK,,0.37222222222222223,2,OK,SINGLE_LOCK_SCRIPT,0.14911626494886784,3,OK,,0.13505568320761238,2,OK,,0.2034897121866461,2,OK,FEW_DISTINCT_SOURCES,0.2428748177711583,2,OK,FEW_DISTINCT_DESTINATIONS,0.3162542418395145,3,OK,NEAR_ZERO_NET_FLOW,0.7020031727863913,4,OK,HIGH_INTERVAL_VARIANCE;VARIED_TIME_OF_DAY;VARIED_DAY_OF_WEEK;MIXED_TX_SHAPES,0.0,1,OK,,IRREGULAR_ACTIVITY,0.7020031727863913,False,False,0.0,135
ckb1qzda0cr08m85hc8jlnfp3zer7xulejywt49kt2rr0vthywaa50xwsqwmk6ckqgsgj3vszez0ujy68ryrhfegksq3jpy2e,0.44514490956375274,3,OK,,0.375,2,OK,SINGLE_LOCK_SCRIPT,0.0,3,OK,,0.0,2,OK,,0.0,2,OK,FEW_DISTINCT_SOURCES,0.0,2,OK,FEW_DISTINCT_DESTINATIONS,0.3333333333333333,3,OK,NEAR_ZERO_NET_FLOW,0.6384618889339786,4,OK,HIGH_INTERVAL_VARIANCE;VARIED_DAY_OF_WEEK,0.0,1,OK,,IRREGULAR_ACTIVITY,0.6384618889339786,False,False,0.0,654
ckb1qzda0cr08m85hc8jlnfp3zer7xulejywt49kt2rr0vthywaa50xwsqwmrpzfvvj8mckknp5m5rkt8cd5hy2vhgq24t8sv,,0,INSUFFICIENT_EVIDENCE,,,0,INSUFFICIENT_EVIDENCE,SINGLE_LOCK_SCRIPT,0.27203642929861027,3,OK,,0.0,2,OK,,0.0,2,OK,FEW_DISTINCT_SOURCES,0.44308243782576173,2,OK,FEW_DISTINCT_DESTINATIONS,1.0,3,OK,HIGH_RECIPROCITY_CELL;HIGH_RECIPROCITY_LEGACY_EDGES;NEAR_ZERO_NET_FLOW,,0,INSUFFICIENT_EVIDENCE,,0.0,1,OK,,ROUND_TRIP,1.0,False,False,0.0,2
ckb1qzda0cr08m85hc8jlnfp3zer7xulejywt49kt2rr0vthywaa50xwsqwn663qcrflxjdlepuaykc4lruvysm9u5cnn299s,,0,INSUFFICIENT_EVIDENCE,,,0,INSUFFICIENT_EVIDENCE,DOMINANT_TX_SHAPE;SINGLE_LOCK_SCRIPT,0.5,2,OK,FANOUT_DOMINANT_SHAPE,0.0,2,OK,,0.0,2,OK,FEW_DISTINCT_SOURCES,1.0,2,OK,1_TO_N_SHAPE;FEW_DISTINCT_DESTINATIONS,,0,INSUFFICIENT_EVIDENCE,,,0,INSUFFICIENT_EVIDENCE,,0.0,1,OK,,CELL_FRAGMENTATION,1.0,False,False,0.0,1
ckb1qzda0cr08m85hc8jlnfp3zer7xulejywt49kt2rr0vthywaa50xwsqwnc9ceapkm570d4tw3dmexkeugzrq3csc0gs9nv,,0,INSUFFICIENT_EVIDENCE,,,0,INSUFFICIENT_EVIDENCE,,,0,INSUFFICIENT_EVIDENCE,,,0,INSUFFICIENT_EVIDENCE,,,0,INSUFFICIENT_EVIDENCE,,,0,INSUFFICIENT_EVIDENCE,,,0,INSUFFICIENT_EVIDENCE,,,0,INSUFFICIENT_EVIDENCE,,0.0,1,OK,,INSUFFICIENT_EVIDENCE,,False,False,0.0,0
ckb1qzda0cr08m85hc8jlnfp3zer7xulejywt49kt2rr0vthywaa50xwsqwnla5w93964qlqcwaaeessdsk4h5pzkfs2f0ehn,0.42981710232409,3,OK,,0.375,2,OK,SINGLE_LOCK_SCRIPT,0.0,3,OK,,0.0,2,OK,,0.0,2,OK,FEW_DISTINCT_SOURCES,0.0,2,OK,FEW_DISTINCT_DESTINATIONS,0.3333333333333333,3,OK,NEAR_ZERO_NET_FLOW,0.7935264415403407,4,OK,HIGH_INTERVAL_VARIANCE;VARIED_TIME_OF_DAY;VARIED_DAY_OF_WEEK,0.0,1,OK,,IRREGULAR_ACTIVITY,0.7935264415403407,False,False,0.0,332
ckb1qzda0cr08m85hc8jlnfp3zer7xulejywt49kt2rr0vthywaa50xwsqwpcd535qtqw2pdwmaxkyeevw02nhxes8sh82574,0.6478380006184737,3,OK,LOW_LIFETIME_VARIANCE,0.375,2,OK,SINGLE_LOCK_SCRIPT,0.0,3,OK,,0.0,2,OK,,0.0,2,OK,FEW_DISTINCT_SOURCES,0.0,2,OK,FEW_DISTINCT_DESTINATIONS,0.3333333333333333,3,OK,NEAR_ZERO_NET_FLOW,0.5083490750882776,4,OK,HIGH_INTERVAL_VARIANCE;VARIED_DAY_OF_WEEK,0.0,1,OK,,PERIODIC_EXECUTION,0.6478380006184737,False,False,0.0,154
ckb1qzda0cr08m85hc8jlnfp3zer7xulejywt49kt2rr0vthywaa50xwsqwpyugm7a4wtc5tphl0lwzjhcf9fu2l0ksdaezkc,0.4426865195747529,3,OK,,0.37399463806970507,2,OK,SINGLE_LOCK_SCRIPT,0.07973900697939601,3,OK,,0.0005255993898073484,2,OK,,0.0007919257155062521,2,OK,FEW_DISTINCT_SOURCES,0.1298758173430293,2,OK,FEW_DISTINCT_DESTINATIONS,0.3333333333333333,3,OK,NEAR_ZERO_NET_FLOW,0.785461658897568,4,OK,HIGH_INTERVAL_VARIANCE;VARIED_TIME_OF_DAY;VARIED_DAY_OF_WEEK;MIXED_TX_SHAPES,0.0,1,OK,,IRREGULAR_ACTIVITY,0.785461658897568,False,False,0.0,1119
ckb1qzda0cr08m85hc8jlnfp3zer7xulejywt49kt2rr0vthywaa50xwsqwq58dc707p97auarsgdf6vp07f84t7htgv294a8,0.44049702776614463,3,OK,,0.43811881188118806,2,OK,SINGLE_LOCK_SCRIPT,0.0,3,OK,,0.05823224922717238,2,OK,,0.08773909659916074,2,OK,FEW_DISTINCT_SOURCES,0.0,2,OK,,0.3333333333333333,3,OK,NEAR_ZERO_NET_FLOW,0.563405083090425,4,OK,VARIED_DAY_OF_WEEK,0.0,1,OK,,IRREGULAR_ACTIVITY,0.563405083090425,False,False,0.0,101
ckb1qzda0cr08m85hc8jlnfp3zer7xulejywt49kt2rr0vthywaa50xwsqwq5jlc6p7y2g7c59emwef66z5dc02m36sq3vsmj,0.4088092226751439,3,OK,,0.375,2,OK,SINGLE_LOCK_SCRIPT,0.27203642929861027,3,OK,,0.0,2,OK,,0.0,2,OK,FEW_DISTINCT_SOURCES,0.44308243782576173,2,OK,FEW_DISTINCT_DESTINATIONS,0.3333333333333333,3,OK,NEAR_ZERO_NET_FLOW,0.6056355154390773,4,OK,HIGH_INTERVAL_VARIANCE;VARIED_DAY_OF_WEEK,0.0,1,OK,,IRREGULAR_ACTIVITY,0.6056355154390773,False,False,0.0,216
ckb1qzda0cr08m85hc8jlnfp3zer7xulejywt49kt2rr0vthywaa50xwsqwqkl23ey6ndp7q5vss36xfjhnq3pwnmjsqhs3p2,,0,INSUFFICIENT_EVIDENCE,,,0,INSUFFICIENT_EVIDENCE,,,0,INSUFFICIENT_EVIDENCE,,,0,INSUFFICIENT_EVIDENCE,,,0,INSUFFICIENT_EVIDENCE,,,0,INSUFFICIENT_EVIDENCE,,,0,INSUFFICIENT_EVIDENCE,,,0,INSUFFICIENT_EVIDENCE,HIGH_INTERVAL_VARIANCE;VARIED_TIME_OF_DAY;VARIED_DAY_OF_WEEK,0.0,1,OK,,INSUFFICIENT_EVIDENCE,,False,False,0.0,0
ckb1qzda0cr08m85hc8jlnfp3zer7xulejywt49kt2rr0vthywaa50xwsqwr3fzgs5ke9hg0gwzu6qhd7kxwj6e7t6sy7j449,,0,INSUFFICIENT_EVIDENCE,,,0,INSUFFICIENT_EVIDENCE,DOMINANT_TX_SHAPE;SINGLE_LOCK_SCRIPT,0.0,2,OK,,0.6762914343888821,2,OK,FANIN_DOMINANT_SHAPE,0.772329751303047,2,OK,N_TO_1_SHAPE,0.0,2,OK,FEW_DISTINCT_DESTINATIONS,,0,INSUFFICIENT_EVIDENCE,,,0,INSUFFICIENT_EVIDENCE,,0.0,1,OK,,CELL_CONSOLIDATION,0.772329751303047,False,False,0.0,1
ckb1qzda0cr08m85hc8jlnfp3zer7xulejywt49kt2rr0vthywaa50xwsqwr42a6hutw02a36n99zxzk9cdg8epdr4skkl97l,,0,INSUFFICIENT_EVIDENCE,,,0,INSUFFICIENT_EVIDENCE,DOMINANT_TX_SHAPE;SINGLE_LOCK_SCRIPT,0.0,2,OK,,0.0,2,OK,,0.0,2,OK,FEW_DISTINCT_SOURCES,0.0,2,OK,FEW_DISTINCT_DESTINATIONS,,0,INSUFFICIENT_EVIDENCE,,,0,INSUFFICIENT_EVIDENCE,,0.0,1,OK,,INSUFFICIENT_EVIDENCE,,False,False,0.0,1
ckb1qzda0cr08m85hc8jlnfp3zer7xulejywt49kt2rr0vthywaa50xwsqwrcse92s9lm5u09npr6uwhgsr0tk6scdsxn0pul,0.36643202987708073,3,OK,,0.48750000000000004,2,OK,SINGLE_LOCK_SCRIPT,0.5096661639178667,3,OK,FANOUT_DOMINANT_SHAPE,0.0,2,OK,,0.0,2,OK,FEW_DISTINCT_SOURCES,0.45873130699126796,2,OK,1_TO_N_SHAPE,0.30627613422882677,3,OK,NEAR_ZERO_NET_FLOW,0.5937298881742026,4,OK,HIGH_INTERVAL_VARIANCE;VARIED_DAY_OF_WEEK,0.0,1,OK,,IRREGULAR_ACTIVITY,0.5937298881742026,False,False,0.0,20
ckb1qzda0cr08m85hc8jlnfp3zer7xulejywt49kt2rr0vthywaa50xwsqwrn48zffgqgctt2netwvhcdn3pnznxceg9lhd3j,0.1886532270180068,3,OK,,0.6426282051282051,2,OK,DOMINANT_TX_SHAPE;SINGLE_LOCK_SCRIPT,0.030226269922067776,3,OK,,0.056042764765911975,2,OK,,0.07180042620160712,2,OK,FEW_DISTINCT_SOURCES,0.04923138198064014,2,OK,FEW_DISTINCT_DESTINATIONS,0.33259906125871636,3,OK,NEAR_ZERO_NET_FLOW,0.7768181473870542,4,OK,HIGH_INTERVAL_VARIANCE;VARIED_TIME_OF_DAY;VARIED_DAY_OF_WEEK,0.0,1,OK,,IRREGULAR_ACTIVITY,0.7768181473870542,False,False,0.0,468
ckb1qzda0cr08m85hc8jlnfp3zer7xulejywt49kt2rr0vthywaa50xwsqws4ht929m5xlwe9mt6v2z880w4qu83jnqjxy7yv,,0,INSUFFICIENT_EVIDENCE,,,0,INSUFFICIENT_EVIDENCE,,,0,INSUFFICIENT_EVIDENCE,,,0,INSUFFICIENT_EVIDENCE,,,0,INSUFFICIENT_EVIDENCE,,,0,INSUFFICIENT_EVIDENCE,,,0,INSUFFICIENT_EVIDENCE,,,0,INSUFFICIENT_EVIDENCE,,0.0,1,OK,,INSUFFICIENT_EVIDENCE,,False,False,0.0,0
ckb1qzda0cr08m85hc8jlnfp3zer7xulejywt49kt2rr0vthywaa50xwsqws78vs7l7djw5jpvttxpe6semy4fzarecvme860,0.23105942839808322,3,OK,,0.7313829787234043,2,OK,DOMINANT_TX_SHAPE;SINGLE_LOCK_SCRIPT,0.8067209257891752,3,OK,FANOUT_DOMINANT_SHAPE;MANY_DISTINCT_RECIPIENTS,0.0,2,OK,,0.0,2,OK,FEW_DISTINCT_SOURCES,0.5911477736428272,2,OK,1_TO_N_SHAPE,0.2548448530599608,3,OK,,0.5182780298576318,4,OK,HIGH_INTERVAL_VARIANCE;VARIED_DAY_OF_WEEK,0.0,1,OK,,BATCH_DISTRIBUTION,0.8067209257891752,True,False,0.0,282
ckb1qzda0cr08m85hc8jlnfp3zer7xulejywt49kt2rr0vthywaa50xwsqwsaytgethft2tx90hfcvmpazn02dmhyacz9xtxp,0.3401360215958525,3,OK,,0.376918158567775,2,OK,SINGLE_LOCK_SCRIPT,0.2734279199855597,3,OK,FANOUT_DOMINANT_SHAPE,0.003008417990764348,2,OK,,0.0045328126631790635,2,OK,FEW_DISTINCT_SOURCES,0.4453488441573513,2,OK,1_TO_N_SHAPE;FEW_DISTINCT_DESTINATIONS,0.3333333333333333,3,OK,NEAR_ZERO_NET_FLOW,0.869513004819069,4,OK,HIGH_INTERVAL_VARIANCE;VARIED_TIME_OF_DAY;VARIED_DAY_OF_WEEK,0.0,1,OK,,IRREGULAR_ACTIVITY,0.869513004819069,False,False,0.0,782
ckb1qzda0cr08m85hc8jlnfp3zer7xulejywt49kt2rr0vthywaa50xwsqwtjgqcuyekuh50hv2gp447rx6mwzxvlwgm4j8vz,,0,INSUFFICIENT_EVIDENCE,,,0,INSUFFICIENT_EVIDENCE,DOMINANT_TX_SHAPE;SINGLE_LOCK_SCRIPT,0.0,3,OK,,0.0,2,OK,,0.0,2,OK,FEW_DISTINCT_SOURCES,0.0,2,OK,FEW_DISTINCT_DESTINATIONS,0.22795322430467427,3,OK,,,0,INSUFFICIENT_EVIDENCE,,0.0,1,OK,,ROUND_TRIP,0.22795322430467427,False,False,0.0,2
ckb1qzda0cr08m85hc8jlnfp3zer7xulejywt49kt2rr0vthywaa50xwsqwtrv4yvp4w4ujz0cxgp29tc0nuug4c5cs3ltm8j,,0,INSUFFICIENT_EVIDENCE,,,0,INSUFFICIENT_EVIDENCE,DOMINANT_TX_SHAPE;SINGLE_LOCK_SCRIPT,0.0,2,OK,,0.0,2,OK,,0.0,2,OK,FEW_DISTINCT_SOURCES,0.0,2,OK,FEW_DISTINCT_DESTINATIONS,,0,INSUFFICIENT_EVIDENCE,,,0,INSUFFICIENT_EVIDENCE,,0.0,1,OK,,INSUFFICIENT_EVIDENCE,,False,False,0.0,1
ckb1qzda0cr08m85hc8jlnfp3zer7xulejywt49kt2rr0vthywaa50xwsqwu20nshpqgcg45hh2zla8uxjmyxxma63ca9emrw,0.16391437308868503,3,OK,,0.3770642201834863,2,OK,SINGLE_LOCK_SCRIPT,0.0,3,OK,,0.0032374993607033435,2,OK,,0.0048779717925771906,2,OK,FEW_DISTINCT_SOURCES,0.0,2,OK,FEW_DISTINCT_DESTINATIONS,0.3333333333333333,3,OK,NEAR_ZERO_NET_FLOW,0.6438158139392276,4,OK,HIGH_INTERVAL_VARIANCE;VARIED_DAY_OF_WEEK,0.0,1,OK,,IRREGULAR_ACTIVITY,0.6438158139392276,False,False,0.0,545
ckb1qzda0cr08m85hc8jlnfp3zer7xulejywt49kt2rr0vthywaa50xwsqwurl7mk9mnev9jtq0jspjrynvp42g7zyc4j3jk2,,0,INSUFFICIENT_EVIDENCE,DOMINANT_1TO1_SHAPE,,0,INSUFFICIENT_EVIDENCE,DOMINANT_TX_SHAPE;SINGLE_LOCK_SCRIPT,0.0,3,OK,,0.0,2,OK,,0.0,2,OK,FEW_DISTINCT_SOURCES,0.0,2,OK,FEW_DISTINCT_DESTINATIONS,0.3333333333333333,3,OK,NEAR_ZERO_NET_FLOW,,0,INSUFFICIENT_EVIDENCE,,0.0,1,OK,,ROUND_TRIP,0.3333333333333333,False,False,0.0,2
ckb1qzda0cr08m85hc8jlnfp3zer7xulejywt49kt2rr0vthywaa50xwsqwuu3rvzwd5vm6wn45ql8qjgrw6tqh0cvgrxrwtu,0.5886771203099258,3,OK,,0.375,2,OK,SINGLE_LOCK_SCRIPT,0.0,3,OK,,0.0,2,OK,,0.0,2,OK,FEW_DISTINCT_SOURCES,0.0,2,OK,FEW_DISTINCT_DESTINATIONS,0.3333333333333333,3,OK,NEAR_ZERO_NET_FLOW,0.5222994552477263,4,OK,HIGH_INTERVAL_VARIANCE;VARIED_DAY_OF_WEEK,0.0,1,OK,,PERIODIC_EXECUTION,0.5886771203099258,False,False,0.0,1418
ckb1qzda0cr08m85hc8jlnfp3zer7xulejywt49kt2rr0vthywaa50xwsqwuuu2n4serlsnuvhxwu0nuhsms76aez0cv7nxdh,,0,INSUFFICIENT_EVIDENCE,,,0,INSUFFICIENT_EVIDENCE,DOMINANT_TX_SHAPE;SINGLE_LOCK_SCRIPT,0.5,2,OK,FANOUT_DOMINANT_SHAPE,0.0,2,OK,,0.0,2,OK,FEW_DISTINCT_SOURCES,1.0,2,OK,1_TO_N_SHAPE;FEW_DISTINCT_DESTINATIONS,,0,INSUFFICIENT_EVIDENCE,,,0,INSUFFICIENT_EVIDENCE,,0.0,1,OK,,CELL_FRAGMENTATION,1.0,False,False,0.0,1
ckb1qzda0cr08m85hc8jlnfp3zer7xulejywt49kt2rr0vthywaa50xwsqwvalxcu23ejp75sp0sgg7t6ktdy3dyy3q5czey6,,0,INSUFFICIENT_EVIDENCE,,,0,INSUFFICIENT_EVIDENCE,DOMINANT_TX_SHAPE;SINGLE_LOCK_SCRIPT,0.0,2,OK,,0.0,2,OK,,0.0,2,OK,FEW_DISTINCT_SOURCES,0.0,2,OK,FEW_DISTINCT_DESTINATIONS,,0,INSUFFICIENT_EVIDENCE,,,0,INSUFFICIENT_EVIDENCE,,0.0,1,OK,,INSUFFICIENT_EVIDENCE,,False,False,0.0,1
ckb1qzda0cr08m85hc8jlnfp3zer7xulejywt49kt2rr0vthywaa50xwsqwvhy6a0x57agapj2sh47ll9fpgvp753nshpjjpz,,0,INSUFFICIENT_EVIDENCE,,,0,INSUFFICIENT_EVIDENCE,DOMINANT_TX_SHAPE;SINGLE_LOCK_SCRIPT,0.0,2,OK,,0.0,2,OK,,0.0,2,OK,FEW_DISTINCT_SOURCES,0.0,2,OK,FEW_DISTINCT_DESTINATIONS,,0,INSUFFICIENT_EVIDENCE,,,0,INSUFFICIENT_EVIDENCE,,0.0,1,OK,,INSUFFICIENT_EVIDENCE,,False,False,0.0,1
ckb1qzda0cr08m85hc8jlnfp3zer7xulejywt49kt2rr0vthywaa50xwsqwvnfyyu53z75jyfvm2q2fpt8yrw432qqs89xeat,,0,INSUFFICIENT_EVIDENCE,,,0,INSUFFICIENT_EVIDENCE,SINGLE_LOCK_SCRIPT,0.0,3,OK,,0.3198538281761806,2,OK,,0.40978779832136747,2,OK,FEW_DISTINCT_SOURCES,0.0,2,OK,FEW_DISTINCT_DESTINATIONS,0.3333333333333333,3,OK,NEAR_ZERO_NET_FLOW,,0,INSUFFICIENT_EVIDENCE,,0.0,1,OK,,CELL_CONSOLIDATION,0.40978779832136747,False,False,0.0,2
ckb1qzda0cr08m85hc8jlnfp3zer7xulejywt49kt2rr0vthywaa50xwsqwvrfv8s2ldft92hqj8c028cuhmszmex6szv4as5,0.32566793459523213,2,OK,,0.6000000000000001,1,OK,SINGLE_LOCK_SCRIPT,0.1,2,OK,,0.0,2,OK,,0.0,2,OK,FEW_DISTINCT_SOURCES,0.2,2,OK,FEW_DISTINCT_DESTINATIONS,0.0,3,OK,,0.5034419020440315,4,OK,VARIED_DAY_OF_WEEK,0.0,1,OK,,IRREGULAR_ACTIVITY,0.5034419020440315,False,False,0.0,10
ckb1qzda0cr08m85hc8jlnfp3zer7xulejywt49kt2rr0vthywaa50xwsqwwgy0v5mrgg0al02ekelxh0tn4xmw0uyc8n7phh,,0,INSUFFICIENT_EVIDENCE,,,0,INSUFFICIENT_EVIDENCE,,,0,INSUFFICIENT_EVIDENCE,,,0,INSUFFICIENT_EVIDENCE,,,0,INSUFFICIENT_EVIDENCE,,,0,INSUFFICIENT_EVIDENCE,,,0,INSUFFICIENT_EVIDENCE,,,0,INSUFFICIENT_EVIDENCE,,0.0,1,OK,,INSUFFICIENT_EVIDENCE,,False,False,0.0,0
ckb1qzda0cr08m85hc8jlnfp3zer7xulejywt49kt2rr0vthywaa50xwsqwwnl2x4ccmqrpvp3zz9lwxj8ukxqjc46cksfx9f,,0,INSUFFICIENT_EVIDENCE,,,0,INSUFFICIENT_EVIDENCE,DOMINANT_TX_SHAPE;SINGLE_LOCK_SCRIPT,0.0,3,OK,,0.0,2,OK,,0.0,2,OK,,0.0,2,OK,FEW_DISTINCT_DESTINATIONS,0.22222222222222224,3,OK,,,0,INSUFFICIENT_EVIDENCE,,0.0,1,OK,,ROUND_TRIP,0.22222222222222224,False,False,0.0,2
ckb1qzda0cr08m85hc8jlnfp3zer7xulejywt49kt2rr0vthywaa50xwsqwx5d4t4cwytglh7fx5pu96lx79d69ur3q25xsmm,0.5390477306338871,3,OK,,0.37677725118483407,2,OK,SINGLE_LOCK_SCRIPT,0.0,3,OK,,0.11985907980739795,2,OK,,0.18059284195741948,2,OK,FEW_DISTINCT_SOURCES,0.0,2,OK,FEW_DISTINCT_DESTINATIONS,0.33217436533707695,3,OK,NEAR_ZERO_NET_FLOW,0.5123933714173541,4,OK,HIGH_INTERVAL_VARIANCE;VARIED_DAY_OF_WEEK,0.0,1,OK,,PERIODIC_EXECUTION,0.5390477306338871,False,False,0.0,211
ckb1qzda0cr08m85hc8jlnfp3zer7xulejywt49kt2rr0vthywaa50xwsqwx8ftt5lmk8pt5ux00wvyz5qrswq9uckq3yqc5x,,0,INSUFFICIENT_EVIDENCE,,,0,INSUFFICIENT_EVIDENCE,DOMINANT_TX_SHAPE;SINGLE_LOCK_SCRIPT,0.5,2,OK,FANOUT_DOMINANT_SHAPE,0.0,2,OK,,0.0,2,OK,FEW_DISTINCT_SOURCES,1.0,2,OK,1_TO_N_SHAPE;FEW_DISTINCT_DESTINATIONS,,0,INSUFFICIENT_EVIDENCE,,,0,INSUFFICIENT_EVIDENCE,,0.0,1,OK,,CELL_FRAGMENTATION,1.0,False,False,0.0,1
ckb1qzda0cr08m85hc8jlnfp3zer7xulejywt49kt2rr0vthywaa50xwsqwxa6w0ye7fsk6q5ekdrmynesst3y88nxqmqfn4f,0.4823691158510979,3,OK,LOW_LIFETIME_VARIANCE,0.375,2,OK,SINGLE_LOCK_SCRIPT,0.002518855826838968,3,OK,,0.0,2,OK,,0.0,2,OK,FEW_DISTINCT_SOURCES,0.004102615165053323,2,OK,FEW_DISTINCT_DESTINATIONS,0.3333333333333333,3,OK,NEAR_ZERO_NET_FLOW,0.6462321695539204,4,OK,HIGH_INTERVAL_VARIANCE;VARIED_DAY_OF_WEEK,0.0,1,OK,,IRREGULAR_ACTIVITY,0.6462321695539204,False,False,0.0,216
ckb1qzda0cr08m85hc8jlnfp3zer7xulejywt49kt2rr0vthywaa50xwsqwxdvqk5f5k404wykzsfuu4cjvh4n96zrq9yl6w6,0.16882400549862112,3,OK,,0.3711340206185567,2,OK,SINGLE_LOCK_SCRIPT,0.09296870644687817,3,OK,,0.33465967887284886,2,OK,,0.3821837944592398,2,OK,,0.1182892613711163,2,OK,FEW_DISTINCT_DESTINATIONS,0.33066905504982064,3,OK,NEAR_ZERO_NET_FLOW,0.7945176519472581,4,OK,HIGH_INTERVAL_VARIANCE;VARIED_DAY_OF_WEEK;MIXED_TX_SHAPES,0.0,1,OK,,IRREGULAR_ACTIVITY,0.7945176519472581,False,False,0.0,97
ckb1qzda0cr08m85hc8jlnfp3zer7xulejywt49kt2rr0vthywaa50xwsqwxf6vz0rvzjta205fyfevvv2jw3q35s0q7pzc7q,,0,INSUFFICIENT_EVIDENCE,,,0,INSUFFICIENT_EVIDENCE,,,0,INSUFFICIENT_EVIDENCE,,,0,INSUFFICIENT_EVIDENCE,,,0,INSUFFICIENT_EVIDENCE,,,0,INSUFFICIENT_EVIDENCE,,,0,INSUFFICIENT_EVIDENCE,,,0,INSUFFICIENT_EVIDENCE,HIGH_INTERVAL_VARIANCE;VARIED_DAY_OF_WEEK,0.0,1,OK,,INSUFFICIENT_EVIDENCE,,False,False,0.0,0
ckb1qzda0cr08m85hc8jlnfp3zer7xulejywt49kt2rr0vthywaa50xwsqwxlcluqtxv4qjnxfa3y53qjyyan3ym5xc0uwhmj,0.5888928501616879,3,OK,,0.375,2,OK,SINGLE_LOCK_SCRIPT,0.0,3,OK,,0.0,2,OK,,0.0,2,OK,FEW_DISTINCT_SOURCES,0.0,2,OK,FEW_DISTINCT_DESTINATIONS,0.3333333333333333,3,OK,NEAR_ZERO_NET_FLOW,0.5122817929345636,4,OK,HIGH_INTERVAL_VARIANCE;VARIED_DAY_OF_WEEK,0.0,1,OK,,PERIODIC_EXECUTION,0.5888928501616879,False,False,0.0,290
ckb1qzda0cr08m85hc8jlnfp3zer7xulejywt49kt2rr0vthywaa50xwsqwxz8p53apcnpykd55nh0aqkqvmyd52rusxajcax,0.0,3,OK,,0.38125,2,OK,SINGLE_LOCK_SCRIPT,0.0,3,OK,,0.3325099552412003,2,OK,,0.37972879439066476,2,OK,,0.0,2,OK,FEW_DISTINCT_DESTINATIONS,0.3333333333333333,3,OK,NEAR_ZERO_NET_FLOW,0.6402423975538566,4,OK,HIGH_INTERVAL_VARIANCE;VARIED_DAY_OF_WEEK,0.0,1,OK,,IRREGULAR_ACTIVITY,0.6402423975538566,False,False,0.0,120
ckb1qzda0cr08m85hc8jlnfp3zer7xulejywt49kt2rr0vthywaa50xwsqwy94evgzp6dpm0l454hcs685zt9uq34tg9rk4w6,,0,INSUFFICIENT_EVIDENCE,,,0,INSUFFICIENT_EVIDENCE,,,0,INSUFFICIENT_EVIDENCE,,,0,INSUFFICIENT_EVIDENCE,,,0,INSUFFICIENT_EVIDENCE,,,0,INSUFFICIENT_EVIDENCE,,,0,INSUFFICIENT_EVIDENCE,,,0,INSUFFICIENT_EVIDENCE,HIGH_INTERVAL_VARIANCE;VARIED_TIME_OF_DAY;VARIED_DAY_OF_WEEK,0.0,1,OK,,INSUFFICIENT_EVIDENCE,,False,False,0.0,0
ckb1qzda0cr08m85hc8jlnfp3zer7xulejywt49kt2rr0vthywaa50xwsqwyt2p74pg74ccrqll50yvv50fd4098u5sq3q7ue,,0,INSUFFICIENT_EVIDENCE,,,0,INSUFFICIENT_EVIDENCE,,,0,INSUFFICIENT_EVIDENCE,,,0,INSUFFICIENT_EVIDENCE,,,0,INSUFFICIENT_EVIDENCE,,,0,INSUFFICIENT_EVIDENCE,,,0,INSUFFICIENT_EVIDENCE,,,0,INSUFFICIENT_EVIDENCE,VARIED_TIME_OF_DAY,0.0,1,OK,,INSUFFICIENT_EVIDENCE,,False,False,0.0,0
ckb1qzda0cr08m85hc8jlnfp3zer7xulejywt49kt2rr0vthywaa50xwsqwz6xqpyrsgqm4xt07drgukqjdy5p4eq8semnq2f,0.21551320125511286,3,OK,,0.3911290322580645,2,OK,SINGLE_LOCK_SCRIPT,0.0,3,OK,,0.025296589986857656,2,OK,,0.038114618307592364,2,OK,FEW_DISTINCT_SOURCES,0.0,2,OK,FEW_DISTINCT_DESTINATIONS,0.3333333333333333,3,OK,NEAR_ZERO_NET_FLOW,0.5778665815815435,4,OK,HIGH_INTERVAL_VARIANCE;VARIED_DAY_OF_WEEK,0.0,1,OK,,IRREGULAR_ACTIVITY,0.5778665815815435,False,False,0.0,186
ckb1qzda0cr08m85hc8jlnfp3zer7xulejywt49kt2rr0vthywaa50xwsqwz877ez7j69yehpaxf8fjl4g6cxg59k4cmp9c8s,,0,INSUFFICIENT_EVIDENCE,,,0,INSUFFICIENT_EVIDENCE,SINGLE_LOCK_SCRIPT,0.0,3,OK,,0.29407285859722054,2,OK,,0.44308243782576173,2,OK,FEW_DISTINCT_SOURCES,0.0,2,OK,FEW_DISTINCT_DESTINATIONS,0.3333333333333333,3,OK,NEAR_ZERO_NET_FLOW,,0,INSUFFICIENT_EVIDENCE,,0.0,1,OK,,CELL_CONSOLIDATION,0.44308243782576173,False,False,0.0,2
ckb1qzda0cr08m85hc8jlnfp3zer7xulejywt49kt2rr0vthywaa50xwsqwzcjq4mzexlu6h5mrpldplwt6ht8w7ujcfjltsn,,0,INSUFFICIENT_EVIDENCE,,0.375,2,OK,SINGLE_LOCK_SCRIPT,0.13601821464930514,3,OK,,0.3198538281761806,2,OK,,0.40978779832136747,2,OK,FEW_DISTINCT_SOURCES,0.22154121891288087,2,OK,FEW_DISTINCT_DESTINATIONS,0.3333333333333333,3,OK,NEAR_ZERO_NET_FLOW,,0,INSUFFICIENT_EVIDENCE,HIGH_INTERVAL_VARIANCE,0.0,1,OK,,CELL_CONSOLIDATION,0.40978779832136747,False,False,0.0,4
ckb1qzda0cr08m85hc8jlnfp3zer7xulejywt49kt2rr0vthywaa50xwsqwzmg9q6njct6tvpsylhv4dgdt2jtesqeqzx57u7,0.5992351303853766,3,OK,,0.375,2,OK,SINGLE_LOCK_SCRIPT,0.0,3,OK,,0.0,2,OK,,0.0,2,OK,FEW_DISTINCT_SOURCES,0.0,2,OK,FEW_DISTINCT_DESTINATIONS,0.3333333333333333,3,OK,NEAR_ZERO_NET_FLOW,0.5091530343802823,4,OK,HIGH_INTERVAL_VARIANCE;VARIED_DAY_OF_WEEK,0.0,1,OK,,PERIODIC_EXECUTION,0.5992351303853766,False,False,0.0,264
ckb1qzda0cr08m85hc8jlnfp3zer7xulejywt49kt2rr0vthywaa50xwsqwzq09g8qd95he6qjne0delv4gt4wpzh7su5cj2q,0.5004281873971254,3,OK,,0.37735849056603776,2,OK,SINGLE_LOCK_SCRIPT,0.0,3,OK,,0.29222334376327574,2,OK,,0.4402957558268576,2,OK,FEW_DISTINCT_SOURCES,0.0,2,OK,FEW_DISTINCT_DESTINATIONS,0.3333333333333333,3,OK,NEAR_ZERO_NET_FLOW,0.4998741181475981,4,OK,VARIED_DAY_OF_WEEK,0.0,1,OK,,PERIODIC_EXECUTION,0.5004281873971254,False,False,0.0,318
ckb1qzdcr9un5ezx8tkh03s46m9jymh22jruelq8svzr5krj2nx69dhjvqgj8zvgw355fmpvj6qqyaxtary4w9d4cqzrqq9ktcjg,0.3097319700114319,3,OK,,0.5,2,OK,SINGLE_LOCK_SCRIPT,0.07539338180629485,3,OK,,0.0,2,OK,,0.0,2,OK,FEW_DISTINCT_SOURCES,0.0910639551825261,2,OK,FEW_DISTINCT_DESTINATIONS,0.6666571726649889,3,OK,HIGH_RECIPROCITY_CELL;HIGH_RECIPROCITY_LEGACY_EDGES;NEAR_ZERO_NET_FLOW,0.524753747377755,4,OK,HIGH_INTERVAL_VARIANCE,0.0,1,OK,,ROUND_TRIP,0.6666571726649889,False,False,0.0,9
ckb1qzdcr9un5ezx8tkh03s46m9jymh22jruelq8svzr5krj2nx69dhjvqgj99jj9hhu3m95gpncj0zqtt8trplsj44sqqe5d89y,0.11411757811594302,3,OK,,0.2763157894736842,2,OK,SINGLE_LOCK_SCRIPT,0.2103530604454955,3,OK,,0.035594286020467464,2,OK,,0.04064893427910772,2,OK,,0.3019489040262707,2,OK,FEW_DISTINCT_DESTINATIONS,0.33014007090170794,3,OK,NEAR_ZERO_NET_FLOW,0.6916489029910049,4,OK,HIGH_INTERVAL_VARIANCE;MIXED_TX_SHAPES,0.0,1,OK,,IRREGULAR_ACTIVITY,0.6916489029910049,False,False,0.0,19
ckb1qzdcr9un5ezx8tkh03s46m9jymh22jruelq8svzr5krj2nx69dhjvqgjn6kfkeu23q74kndpaxw42z77vgat6v86qq6z03rf,,0,INSUFFICIENT_EVIDENCE,,,0,INSUFFICIENT_EVIDENCE,,,0,INSUFFICIENT_EVIDENCE,,,0,INSUFFICIENT_EVIDENCE,,,0,INSUFFICIENT_EVIDENCE,,,0,INSUFFICIENT_EVIDENCE,,,0,INSUFFICIENT_EVIDENCE,HIGH_RECIPROCITY_LEGACY_EDGES,,0,INSUFFICIENT_EVIDENCE,HIGH_INTERVAL_VARIANCE;VARIED_TIME_OF_DAY;VARIED_DAY_OF_WEEK,0.0,1,OK,,INSUFFICIENT_EVIDENCE,,False,False,0.0,0
ckb1qzdcr9un5ezx8tkh03s46m9jymh22jruelq8svzr5krj2nx69dhjvqgjrdnzrv7tvcd9nrfr7lmqh0gatk7nxy9jqq2yluhf,0.1282051282051282,3,OK,,0.34615384615384615,2,OK,SINGLE_LOCK_SCRIPT,0.05339247230597411,3,OK,,0.045241978245726226,2,OK,,0.06816652889627102,2,OK,FEW_DISTINCT_SOURCES,0.06304427666482575,2,OK,FEW_DISTINCT_DESTINATIONS,0.6666666666666666,3,OK,HIGH_RECIPROCITY_CELL;HIGH_RECIPROCITY_LEGACY_EDGES;NEAR_ZERO_NET_FLOW,0.6069572892723178,4,OK,HIGH_INTERVAL_VARIANCE;MIXED_TX_SHAPES,0.0,1,OK,,ROUND_TRIP,0.6666666666666666,False,False,0.0,13
ckb1qzdcr9un5ezx8tkh03s46m9jymh22jruelq8svzr5krj2nx69dhjvqgjzzqkjvmsqjzrjqayk6ky4jgdwn07040tqqwzg6c7,,0,INSUFFICIENT_EVIDENCE,,,0,INSUFFICIENT_EVIDENCE,,,0,INSUFFICIENT_EVIDENCE,,,0,INSUFFICIENT_EVIDENCE,,,0,INSUFFICIENT_EVIDENCE,,,0,INSUFFICIENT_EVIDENCE,,,0,INSUFFICIENT_EVIDENCE,,,0,INSUFFICIENT_EVIDENCE,,0.0,1,OK,,INSUFFICIENT_EVIDENCE,,False,False,0.0,0
ckb1qzfhdsa4syv599s2s3nfrctwga70g0tu07n9gpnun9ydlngf5vsnwqg92falqnnya92lpxwtsy25nuns2hsundmxq4f8huzwvn54tuyeewq32j0jwp27rjdhvcdctkl6,,0,INSUFFICIENT_EVIDENCE,,0.375,2,OK,SINGLE_LOCK_SCRIPT,0.0,3,OK,,0.0,2,OK,,0.0,2,OK,,0.0,2,OK,FEW_DISTINCT_DESTINATIONS,0.61904762526857,3,OK,HIGH_RECIPROCITY_CELL;HIGH_RECIPROCITY_LEGACY_EDGES;NEAR_ZERO_NET_FLOW,,0,INSUFFICIENT_EVIDENCE,,0.0,1,OK,,ROUND_TRIP,0.61904762526857,False,False,0.0,4
ckb1qzfhdsa4syv599s2s3nfrctwga70g0tu07n9gpnun9ydlngf5vsnwqg939y8pph07lrs6upe8j570llehe5rgjkqqky5suyxalmuwrts8y72nelllxlxsdz2cq2yp3v8,0.42365296594363183,3,OK,,0.75,2,OK,DOMINANT_TX_SHAPE;SINGLE_LOCK_SCRIPT,0.0,3,OK,MANY_DISTINCT_RECIPIENTS,0.0,2,OK,MANY_DISTINCT_SENDERS,0.0,2,OK,,0.0,2,OK,,0.8947368421052632,3,OK,HIGH_RECIPROCITY_CELL;HIGH_RECIPROCITY_LEGACY_EDGES;NEAR_ZERO_NET_FLOW,0.4928677051009431,4,OK,HIGH_INTERVAL_VARIANCE;VARIED_DAY_OF_WEEK,0.0,1,OK,,ROUND_TRIP,0.8947368421052632,True,False,0.0,17
ckb1qzfhdsa4syv599s2s3nfrctwga70g0tu07n9gpnun9ydlngf5vsnwqg94uyxasd2sd0n8e7pl8qv43ps3x28wkpnqkhssmkp42p47vl8c8uupjkyxzyega6cxv63qjzm,,0,INSUFFICIENT_EVIDENCE,,0.75,2,OK,DOMINANT_TX_SHAPE;SINGLE_LOCK_SCRIPT,0.0,3,OK,,0.0,2,OK,,0.0,2,OK,,0.0,2,OK,,0.7777777777777777,3,OK,HIGH_RECIPROCITY_CELL;HIGH_RECIPROCITY_LEGACY_EDGES;NEAR_ZERO_NET_FLOW,,0,INSUFFICIENT_EVIDENCE,,0.0,1,OK,,ROUND_TRIP,0.7777777777777777,True,False,0.0,3
ckb1qzfhdsa4syv599s2s3nfrctwga70g0tu07n9gpnun9ydlngf5vsnwqg94vapl8vqp48yyrzf9kvvqd6ddjvnlzgqqk4n58uasqx5ussvfyke3sphf4kfj0ufqqg0acwp,0.379469368512471,3,OK,,0.375,2,OK,SINGLE_LOCK_SCRIPT,0.0,3,OK,EVEN_CAPACITY_SPREAD,0.0,2,OK,,0.0,2,OK,,0.0,2,OK,,0.6080893530295143,3,OK,HIGH_RECIPROCITY_CELL;HIGH_RECIPROCITY_LEGACY_EDGES;NEAR_ZERO_NET_FLOW,0.5751437839729742,4,OK,HIGH_INTERVAL_VARIANCE,0.0,1,OK,,ROUND_TRIP,0.6080893530295143,False,False,0.0,10
ckb1qzfhdsa4syv599s2s3nfrctwga70g0tu07n9gpnun9ydlngf5vsnwqg96cy3mxvy66tmahlt4v9ewah9nj9qs329qhtqj8vesntf00klaw4sh9mkukwg5zz9g5zvla9n,,0,INSUFFICIENT_EVIDENCE,LOW_INTERVAL_VARIANCE,0.5,1,OK,SINGLE_LOCK_SCRIPT,0.0,3,OK,,0.0,2,OK,,0.0,2,OK,FEW_DISTINCT_SOURCES,0.0,2,OK,FEW_DISTINCT_DESTINATIONS,0.4888888935212719,3,OK,HIGH_RECIPROCITY_CELL;HIGH_RECIPROCITY_LEGACY_EDGES;NEAR_ZERO_NET_FLOW,,0,INSUFFICIENT_EVIDENCE,,0.0,1,OK,,ROUND_TRIP,0.4888888935212719,False,False,0.0,3
ckb1qzfhdsa4syv599s2s3nfrctwga70g0tu07n9gpnun9ydlngf5vsnwqg989xqg8r09h0jjzvcqduwspsx40dsaqxwq5u5cpquduka72gfnqph36qxq64akr5qeclp66q4,0.2303209613941793,2,OK,,0.75,2,OK,DOMINANT_TX_SHAPE;SINGLE_LOCK_SCRIPT,0.0,3,OK,EVEN_CAPACITY_SPREAD,0.0,2,OK,,0.0,2,OK,,0.0,2,OK,,0.9047619047619048,3,OK,HIGH_RECIPROCITY_CELL;HIGH_RECIPROCITY_LEGACY_EDGES;NEAR_ZERO_NET_FLOW,0.41078586102446457,4,OK,HIGH_INTERVAL_VARIANCE,0.0,1,OK,,ROUND_TRIP,0.9047619047619048,True,False,0.0,5
ckb1qzfhdsa4syv599s2s3nfrctwga70g0tu07n9gpnun9ydlngf5vsnwqg99y922zqav2vvrqv5n9rgjwrk5xmkhu2yq55s4fggr43f3svpjjv5dzfcw6smw6l3gsnklkev,,0,INSUFFICIENT_EVIDENCE,,,0,INSUFFICIENT_EVIDENCE,DOMINANT_TX_SHAPE;SINGLE_LOCK_SCRIPT,0.0,3,OK,,0.0,2,OK,,0.0,2,OK,FEW_DISTINCT_SOURCES,0.0,2,OK,FEW_DISTINCT_DESTINATIONS,0.9999999231950668,3,OK,HIGH_RECIPROCITY_CELL;HIGH_RECIPROCITY_LEGACY_EDGES;NEAR_ZERO_NET_FLOW,,0,INSUFFICIENT_EVIDENCE,,0.0,1,OK,,ROUND_TRIP,0.9999999231950668,False,False,0.0,2
ckb1qzfhdsa4syv599s2s3nfrctwga70g0tu07n9gpnun9ydlngf5vsnwqg9apm7q2y4u92yz5znq8n4tspl5wpm58mfqh580cpgjhs4gs2s2vq7w4wq873c8wsldy7w2h9l,,0,INSUFFICIENT_EVIDENCE,,,0,INSUFFICIENT_EVIDENCE,,,0,INSUFFICIENT_EVIDENCE,,,0,INSUFFICIENT_EVIDENCE,,,0,INSUFFICIENT_EVIDENCE,,,0,INSUFFICIENT_EVIDENCE,,,0,INSUFFICIENT_EVIDENCE,,,0,INSUFFICIENT_EVIDENCE,,0.0,1,OK,,INSUFFICIENT_EVIDENCE,,False,False,0.0,0
ckb1qzfhdsa4syv599s2s3nfrctwga70g0tu07n9gpnun9ydlngf5vsnwqg9d2dw93zxz5s6cz9ef0r3e86v8eu9ptewq44f4ckygc2jrtqgh99uw8ylfsl8s5909c03vuqx,,0,INSUFFICIENT_EVIDENCE,,,0,INSUFFICIENT_EVIDENCE,DOMINANT_TX_SHAPE;SINGLE_LOCK_SCRIPT,0.0,3,OK,,0.0,2,OK,,0.0,2,OK,FEW_DISTINCT_SOURCES,0.0,2,OK,FEW_DISTINCT_DESTINATIONS,0.999999923547383,3,OK,HIGH_RECIPROCITY_CELL;HIGH_RECIPROCITY_LEGACY_EDGES;NEAR_ZERO_NET_FLOW,,0,INSUFFICIENT_EVIDENCE,,0.0,1,OK,,ROUND_TRIP,0.999999923547383,False,False,0.0,2
ckb1qzfhdsa4syv599s2s3nfrctwga70g0tu07n9gpnun9ydlngf5vsnwqg9d8578luy5wxmq9hqgqkqf0hlc2slmegyq457ncllsj3cmvqkupqzcp97llp2rl09qsf6gpau,,0,INSUFFICIENT_EVIDENCE,,,0,INSUFFICIENT_EVIDENCE,DOMINANT_TX_SHAPE;SINGLE_LOCK_SCRIPT,0.0,2,OK,,0.0,2,OK,,0.0,2,OK,,0.0,2,OK,FEW_DISTINCT_DESTINATIONS,,0,INSUFFICIENT_EVIDENCE,,,0,INSUFFICIENT_EVIDENCE,,0.0,1,OK,,INSUFFICIENT_EVIDENCE,,False,False,0.0,1
ckb1qzfhdsa4syv599s2s3nfrctwga70g0tu07n9gpnun9ydlngf5vsnwqg9epk0fesdwvgyqm0snhugdv4sv9scazygqhyxea8xp4e3qsrd7zwl3p4jkpskrr5g3qatxn96,,0,INSUFFICIENT_EVIDENCE,,0.375,2,OK,SINGLE_LOCK_SCRIPT,0.0,3,OK,,0.0,2,OK,,0.0,2,OK,,0.0,2,OK,FEW_DISTINCT_DESTINATIONS,0.7301587321699478,3,OK,HIGH_RECIPROCITY_CELL;HIGH_RECIPROCITY_LEGACY_EDGES;NEAR_ZERO_NET_FLOW,,0,INSUFFICIENT_EVIDENCE,HIGH_INTERVAL_VARIANCE,0.0,1,OK,,ROUND_TRIP,0.7301587321699478,False,False,0.0,4
ckb1qzfhdsa4syv599s2s3nfrctwga70g0tu07n9gpnun9ydlngf5vsnwqg9eu7ea9crgq4jcckyy8xtc9tsvmp7dfr9qh8nm85hqdqzktrzcssue0q4wpnv8e4yv5zyyn9r,,0,INSUFFICIENT_EVIDENCE,,,0,INSUFFICIENT_EVIDENCE,DOMINANT_TX_SHAPE;SINGLE_LOCK_SCRIPT,0.0,3,OK,,0.0,2,OK,,0.0,2,OK,FEW_DISTINCT_SOURCES,0.0,2,OK,FEW_DISTINCT_DESTINATIONS,,0,INSUFFICIENT_EVIDENCE,HIGH_RECIPROCITY_CELL;HIGH_RECIPROCITY_LEGACY_EDGES;NEAR_ZERO_NET_FLOW,,0,INSUFFICIENT_EVIDENCE,,0.0,1,OK,,INSUFFICIENT_EVIDENCE,,False,False,0.0,1
ckb1qzfhdsa4syv599s2s3nfrctwga70g0tu07n9gpnun9ydlngf5vsnwqg9f27gfvl2w82qaenx7ygdazqwdw9u72vwq49tep9nafcagrhxvmc3ph5gpe4chnef3ce546ng,0.3193430014684857,2,OK,,0.75,2,OK,DOMINANT_TX_SHAPE;SINGLE_LOCK_SCRIPT,0.0,3,OK,EVEN_CAPACITY_SPREAD,0.0,2,OK,,0.0,2,OK,,0.0,2,OK,,1.0,3,OK,HIGH_RECIPROCITY_CELL;HIGH_RECIPROCITY_LEGACY_EDGES;NEAR_ZERO_NET_FLOW,0.2953988753915235,4,OK,HIGH_INTERVAL_VARIANCE,0.0,1,OK,,ROUND_TRIP,1.0,True,False,0.0,5
ckb1qzfhdsa4syv599s2s3nfrctwga70g0tu07n9gpnun9ydlngf5vsnwqg9kjwx8e2juvc2vmlcst8rssrv4j0lxrfkqk6fccl92t3npfn0lzpvuwzqdjkflucdxcurx4r4,,0,INSUFFICIENT_EVIDENCE,,,0,INSUFFICIENT_EVIDENCE,DOMINANT_TX_SHAPE;SINGLE_LOCK_SCRIPT,0.0,3,OK,,0.0,2,OK,,0.0,2,OK,FEW_DISTINCT_SOURCES,0.0,2,OK,FEW_DISTINCT_DESTINATIONS,0.9999999228394701,3,OK,HIGH_RECIPROCITY_CELL;HIGH_RECIPROCITY_LEGACY_EDGES;NEAR_ZERO_NET_FLOW,,0,INSUFFICIENT_EVIDENCE,,0.0,1,OK,,ROUND_TRIP,0.9999999228394701,False,False,0.0,2
ckb1qzfhdsa4syv599s2s3nfrctwga70g0tu07n9gpnun9ydlngf5vsnwqg9krv8c4sraut26xuns26r372lg0s2wnfcqh580cpgjhs4gs2s2vq7w4wq873c8wsldygzwp0z,,0,INSUFFICIENT_EVIDENCE,,,0,INSUFFICIENT_EVIDENCE,,,0,INSUFFICIENT_EVIDENCE,,,0,INSUFFICIENT_EVIDENCE,,,0,INSUFFICIENT_EVIDENCE,,,0,INSUFFICIENT_EVIDENCE,,,0,INSUFFICIENT_EVIDENCE,,,0,INSUFFICIENT_EVIDENCE,,0.0,1,OK,,INSUFFICIENT_EVIDENCE,,False,False,0.0,0
ckb1qzfhdsa4syv599s2s3nfrctwga70g0tu07n9gpnun9ydlngf5vsnwqg9krv8c4sraut26xuns26r372lg0s2wnfcqkcdslzkq0h3dtgmjwptgw8etap7pf6d8qdt2tn0,,0,INSUFFICIENT_EVIDENCE,,,0,INSUFFICIENT_EVIDENCE,,,0,INSUFFICIENT_EVIDENCE,,,0,INSUFFICIENT_EVIDENCE,,,0,INSUFFICIENT_EVIDENCE,,,0,INSUFFICIENT_EVIDENCE,,,0,INSUFFICIENT_EVIDENCE,,,0,INSUFFICIENT_EVIDENCE,,0.0,1,OK,,INSUFFICIENT_EVIDENCE,,False,False,0.0,0
ckb1qzfhdsa4syv599s2s3nfrctwga70g0tu07n9gpnun9ydlngf5vsnwqg9l7r63jg9j5t36pkf945jdkalgdmheaarqhlc02xfqk23w8gxeykkjfkmhaphwl8h5v5cv94s,,0,INSUFFICIENT_EVIDENCE,,0.75,2,OK,DOMINANT_TX_SHAPE;SINGLE_LOCK_SCRIPT,0.0,3,OK,,0.0,2,OK,,0.0,2,OK,,0.0,2,OK,,1.0,3,OK,HIGH_RECIPROCITY_CELL;HIGH_RECIPROCITY_LEGACY_EDGES;NEAR_ZERO_NET_FLOW,,0,INSUFFICIENT_EVIDENCE,,0.0,1,OK,,ROUND_TRIP,1.0,True,False,0.0,3
ckb1qzfhdsa4syv599s2s3nfrctwga70g0tu07n9gpnun9ydlngf5vsnwqg9ppwdq9xgt6fr7grkwhj6twd3w43hdsh5q5y9e5q5ep0fy0eqwe67tfdek96kxakz7sm9w7mn,0.3153559211870282,2,OK,,0.75,2,OK,DOMINANT_TX_SHAPE;SINGLE_LOCK_SCRIPT,0.0,3,OK,EVEN_CAPACITY_SPREAD,0.0,2,OK,,0.0,2,OK,,0.0,2,OK,,0.9999999701046312,3,OK,HIGH_RECIPROCITY_CELL;HIGH_RECIPROCITY_LEGACY_EDGES;NEAR_ZERO_NET_FLOW,0.3900788103265933,4,OK,HIGH_INTERVAL_VARIANCE,0.0,1,OK,,ROUND_TRIP,0.9999999701046312,True,False,0.0,5
ckb1qzfhdsa4syv599s2s3nfrctwga70g0tu07n9gpnun9ydlngf5vsnwqg9qcklzgrl9mhwptz8u840tu0wua39cu2gq5rzmufq0uhwac9vgls74a03amnkyhr3fq0y6ztj,0.48093753060735295,3,OK,,0.75,2,OK,DOMINANT_TX_SHAPE;SINGLE_LOCK_SCRIPT,0.0,3,OK,EVEN_CAPACITY_SPREAD,0.0,2,OK,,0.0,2,OK,,0.0,2,OK,,0.9047619047619048,3,OK,HIGH_RECIPROCITY_CELL;HIGH_RECIPROCITY_LEGACY_EDGES;NEAR_ZERO_NET_FLOW,0.3405360252919388,4,OK,,0.0,1,OK,,ROUND_TRIP,0.9047619047619048,True,False,0.0,6
ckb1qzfhdsa4syv599s2s3nfrctwga70g0tu07n9gpnun9ydlngf5vsnwqg9rhw8jpwu9z3f40kyqvucsjx9dxdvnjucq5wac7g9ms529x47cspnnzzgc45e4jwtnqr08mrg,0.34742371792779775,3,OK,,0.7083333333333333,2,OK,DOMINANT_TX_SHAPE;SINGLE_LOCK_SCRIPT,0.0,3,OK,MANY_DISTINCT_RECIPIENTS;EVEN_CAPACITY_SPREAD,0.0,2,OK,MANY_DISTINCT_SENDERS,0.0,2,OK,,0.0,2,OK,,0.9203806965878756,3,OK,HIGH_RECIPROCITY_CELL;HIGH_RECIPROCITY_LEGACY_EDGES;NEAR_ZERO_NET_FLOW,0.566639857453004,4,OK,HIGH_INTERVAL_VARIANCE;VARIED_TIME_OF_DAY;VARIED_DAY_OF_WEEK,0.0,1,OK,,ROUND_TRIP,0.9203806965878756,True,False,0.0,18
ckb1qzfhdsa4syv599s2s3nfrctwga70g0tu07n9gpnun9ydlngf5vsnwqg9rhw8jpwu9z3f40kyqvucsjx9dxdvnjucqh580cpgjhs4gs2s2vq7w4wq873c8wsldyydqm7v,,0,INSUFFICIENT_EVIDENCE,DOMINANT_1TO1_SHAPE,,0,INSUFFICIENT_EVIDENCE,DOMINANT_TX_SHAPE;SINGLE_LOCK_SCRIPT,0.0,2,OK,,0.0,2,OK,,0.0,2,OK,FEW_DISTINCT_SOURCES,0.0,2,OK,FEW_DISTINCT_DESTINATIONS,,0,INSUFFICIENT_EVIDENCE,,,0,INSUFFICIENT_EVIDENCE,,0.0,1,OK,,INSUFFICIENT_EVIDENCE,,False,False,0.0,1
ckb1qzfhdsa4syv599s2s3nfrctwga70g0tu07n9gpnun9ydlngf5vsnwqg9slzd7jvhwlruz9jtrx62wpy66cehjgz2qkrufh6fjamu0sgkfvvmffcynttrx7fqfg9yms90,0.19229590158375842,3,OK,,0.5,2,OK,SINGLE_LOCK_SCRIPT,0.0,3,OK,,0.0,2,OK,,0.0,2,OK,,0.0,2,OK,,0.6363636846420905,3,OK,HIGH_RECIPROCITY_CELL;HIGH_RECIPROCITY_LEGACY_EDGES;NEAR_ZERO_NET_FLOW,0.4143488602487041,4,OK,HIGH_INTERVAL_VARIANCE,0.0,1,OK,,ROUND_TRIP,0.6363636846420905,False,False,0.0,6
ckb1qzfhdsa4syv599s2s3nfrctwga70g0tu07n9gpnun9ydlngf5vsnwqg9v2y7zt97wcuzklqar4wxk2tzz3n5cyy3q43gncfvhemrs2mur5w4c6efvg2xwnqsjyalpclt,0.10329056775197108,3,OK,,0.5249999999999999,2,OK,SINGLE_LOCK_SCRIPT,0.08212968196176383,3,OK,MANY_DISTINCT_RECIPIENTS,0.0,2,OK,MANY_DISTINCT_SENDERS,0.0,2,OK,,0.05665892790087887,2,OK,,0.7967746289457089,3,OK,HIGH_RECIPROCITY_CELL;HIGH_RECIPROCITY_LEGACY_EDGES;NEAR_ZERO_NET_FLOW,0.6604345242141445,4,OK,HIGH_INTERVAL_VARIANCE;VARIED_DAY_OF_WEEK,0.0,1,OK,,ROUND_TRIP,0.7967746289457089,False,False,0.0,20
ckb1qzfhdsa4syv599s2s3nfrctwga70g0tu07n9gpnun9ydlngf5vsnwqg9vjzjm0xkz8frv8u7c644xprsf2q3654lq4jg2tdu6cgaydslnmr2k5cywp9gz82jhul7732h,,0,INSUFFICIENT_EVIDENCE,,0.75,2,OK,DOMINANT_TX_SHAPE;SINGLE_LOCK_SCRIPT,0.0,3,OK,,0.0,2,OK,,0.0,2,OK,,0.0,2,OK,,1.0,3,OK,HIGH_RECIPROCITY_CELL;HIGH_RECIPROCITY_LEGACY_EDGES;NEAR_ZERO_NET_FLOW,,0,INSUFFICIENT_EVIDENCE,HIGH_INTERVAL_VARIANCE,0.0,1,OK,,ROUND_TRIP,1.0,True,False,0.0,3
ckb1qzfhdsa4syv599s2s3nfrctwga70g0tu07n9gpnun9ydlngf5vsnwqg9vqzwej3l7amlg7w4fea6d5apt73pe5z5q4sqfmx28lmh0are6488hfkn5906y8xs2s5cdt5x,,0,INSUFFICIENT_EVIDENCE,,,0,INSUFFICIENT_EVIDENCE,DOMINANT_TX_SHAPE;SINGLE_LOCK_SCRIPT,0.0,3,OK,,0.0,2,OK,,0.0,2,OK,FEW_DISTINCT_SOURCES,0.0,2,OK,FEW_DISTINCT_DESTINATIONS,,0,INSUFFICIENT_EVIDENCE,HIGH_RECIPROCITY_CELL;HIGH_RECIPROCITY_LEGACY_EDGES;NEAR_ZERO_NET_FLOW,,0,INSUFFICIENT_EVIDENCE,,0.0,1,OK,,INSUFFICIENT_EVIDENCE,,False,False,0.0,1
ckb1qzfhdsa4syv599s2s3nfrctwga70g0tu07n9gpnun9ydlngf5vsnwqg9wcehhpwgnw6hd0uu5ae7haq29vzh6w0aq4mrx7u9ezdm2a4lnjnh86l5pg4s2lfel5v62ehc,,0,INSUFFICIENT_EVIDENCE,,,0,INSUFFICIENT_EVIDENCE,DOMINANT_TX_SHAPE;SINGLE_LOCK_SCRIPT,0.0,3,OK,,0.0,2,OK,,0.0,2,OK,FEW_DISTINCT_SOURCES,0.0,2,OK,FEW_DISTINCT_DESTINATIONS,0.9999999235473647,3,OK,HIGH_RECIPROCITY_CELL;HIGH_RECIPROCITY_LEGACY_EDGES;NEAR_ZERO_NET_FLOW,,0,INSUFFICIENT_EVIDENCE,,0.0,1,OK,,ROUND_TRIP,0.9999999235473647,False,False,0.0,2
ckb1qzfhdsa4syv599s2s3nfrctwga70g0tu07n9gpnun9ydlngf5vsnwqg9yr6t499eazdx5f40fewvzm04uuea2gtnq5s0fw55h85f563x4a89estd7hnn84fpwvn3swz8,,0,INSUFFICIENT_EVIDENCE,,,0,INSUFFICIENT_EVIDENCE,DOMINANT_TX_SHAPE;SINGLE_LOCK_SCRIPT,0.0,3,OK,,0.0,2,OK,,0.0,2,OK,FEW_DISTINCT_SOURCES,0.0,2,OK,FEW_DISTINCT_DESTINATIONS,1.0,3,OK,HIGH_RECIPROCITY_CELL;HIGH_RECIPROCITY_LEGACY_EDGES;NEAR_ZERO_NET_FLOW,,0,INSUFFICIENT_EVIDENCE,,0.0,1,OK,,ROUND_TRIP,1.0,False,False,0.0,2
ckb1qzfhdsa4syv599s2s3nfrctwga70g0tu07n9gpnun9ydlngf5vsnwqg9yr6t499eazdx5f40fewvzm04uuea2gtnqh580cpgjhs4gs2s2vq7w4wq873c8wsldyly8m9p,,0,INSUFFICIENT_EVIDENCE,,,0,INSUFFICIENT_EVIDENCE,,,0,INSUFFICIENT_EVIDENCE,,,0,INSUFFICIENT_EVIDENCE,,,0,INSUFFICIENT_EVIDENCE,,,0,INSUFFICIENT_EVIDENCE,,,0,INSUFFICIENT_EVIDENCE,,,0,INSUFFICIENT_EVIDENCE,,0.0,1,OK,,INSUFFICIENT_EVIDENCE,,False,False,0.0,0
ckb1qzfhdsa4syv599s2s3nfrctwga70g0tu07n9gpnun9ydlngf5vsnwqggq7xygka0fffckdwnzn68hgm9h9r3g74xryyq0rzytwh555utxhf3farm5djmj3c502npjc8dplu,0.24148395253251942,3,OK,,0.6477272727272727,2,OK,DOMINANT_TX_SHAPE;SINGLE_LOCK_SCRIPT,0.0,3,OK,MANY_DISTINCT_RECIPIENTS,0.0,2,OK,MANY_DISTINCT_SENDERS,0.0,2,OK,,0.0,2,OK,,0.8336076436229541,3,OK,HIGH_RECIPROCITY_CELL;HIGH_RECIPROCITY_LEGACY_EDGES;NEAR_ZERO_NET_FLOW,0.5820762570466057,4,OK,HIGH_INTERVAL_VARIANCE;VARIED_DAY_OF_WEEK,0.0,1,OK,,ROUND_TRIP,0.8336076436229541,False,False,0.0,22
ckb1qzfhdsa4syv599s2s3nfrctwga70g0tu07n9gpnun9ydlngf5vsnwqggqlc8fmqp73anzq4x4hm9w42vuvm85n62xsyq0ur5asqlg7e3q2n2majh24xwxdn6fa9rg33tphd,0.21621645150988178,3,OK,,0.5625,2,OK,SINGLE_LOCK_SCRIPT,0.11802916958554358,3,OK,,0.0,2,OK,MANY_DISTINCT_SENDERS,0.0,2,OK,,0.1134040672262108,2,OK,,0.7115961334486097,3,OK,HIGH_RECIPROCITY_CELL;HIGH_RECIPROCITY_LEGACY_EDGES;NEAR_ZERO_NET_FLOW,0.5390653274138539,4,OK,HIGH_INTERVAL_VARIANCE,0.0,1,OK,,ROUND_TRIP,0.7115961334486097,False,False,0.0,12
ckb1qzfhdsa4syv599s2s3nfrctwga70g0tu07n9gpnun9ydlngf5vsnwqggqlc8fmqp73anzq4x4hm9w42vuvm85n62xsz7salq9z27z4zp2pfsre64cql68qa6ra5s08ms0u,,0,INSUFFICIENT_EVIDENCE,,,0,INSUFFICIENT_EVIDENCE,,,0,INSUFFICIENT_EVIDENCE,,,0,INSUFFICIENT_EVIDENCE,,,0,INSUFFICIENT_EVIDENCE,,,0,INSUFFICIENT_EVIDENCE,,,0,INSUFFICIENT_EVIDENCE,,,0,INSUFFICIENT_EVIDENCE,,0.0,1,OK,,INSUFFICIENT_EVIDENCE,,False,False,0.0,0
ckb1qzfhdsa4syv599s2s3nfrctwga70g0tu07n9gpnun9ydlngf5vsnwqgrtxgt300hp4dtdulhvphvr2zq9eqz36j0qdvepw9a7ux44dhn7asxasdggqhyq282fuu5q568,,0,INSUFFICIENT_EVIDENCE,LOW_INTERVAL_VARIANCE,0.75,2,OK,DOMINANT_TX_SHAPE;SINGLE_LOCK_SCRIPT,0.0,3,OK,,0.0,2,OK,,0.0,2,OK,,0.0,2,OK,,1.0,3,OK,HIGH_RECIPROCITY_CELL;HIGH_RECIPROCITY_LEGACY_EDGES;NEAR_ZERO_NET_FLOW,,0,INSUFFICIENT_EVIDENCE,,0.0,1,OK,,ROUND_TRIP,1.0,True,False,0.0,3
ckb1qzl58smqy32hnrq6vxjedcxe2fugvnz497h7yvwqvwel40uh4rltcqfcnzr5d9zwctyksqp8fjlge9t3tdwqqscw0dlgc,0.2663307716828912,2,OK,,0.5625,2,OK,SINGLE_LOCK_SCRIPT,0.0,3,OK,,0.0,2,OK,,0.0,2,OK,FEW_DISTINCT_SOURCES,0.0,2,OK,FEW_DISTINCT_DESTINATIONS,0.5657586579990848,3,OK,HIGH_RECIPROCITY_CELL;HIGH_RECIPROCITY_LEGACY_EDGES,0.4847762510221614,4,OK,HIGH_INTERVAL_VARIANCE,0.0,1,OK,,ROUND_TRIP,0.5657586579990848,False,False,0.0,8
