capacity__mean_target_input_capacity_shannon,capacity__mean_target_output_capacity_shannon,capacity__median_abs_target_delta_shannon,capacity__target_input_capacity_shannon,capacity__target_net_capacity_delta_shannon,capacity__target_output_capacity_shannon,rule__BATCH_DISTRIBUTION__score,rule__FAN_IN_COLLECTION__score,rule__PERIODIC_EXECUTION__score,scripts__cells_with_full_script,scripts__total_cells,templates__dominant_template_ratio,templates__template_entropy,templates__template_repeat_ratio,templates__template_transition_entropy,templates__unique_template_count,temporal__active_hour_entropy,temporal__active_weekday_entropy,temporal__burstiness,temporal__dominant_period_seconds,temporal__interarrival_cv,temporal__interarrival_mean_seconds,temporal__interarrival_median_seconds,temporal__interarrival_std_seconds,temporal__interval_repeat_ratio,temporal__n_observed_transactions,temporal__periodicity_strength,temporal__phase_stability,topology__cell_consolidation_ratio,topology__cell_fragmentation_ratio,topology__fanin_transaction_ratio,topology__fanout_transaction_ratio,topology__many_to_many_ratio,topology__max_input_cells_per_tx,topology__max_output_cells_per_tx,topology__mean_external_input_locks,topology__mean_external_output_locks,topology__mean_input_cells_per_tx,topology__mean_output_cells_per_tx,topology__topology_entropy,topology__topology_repeat_ratio,transaction_count_30d
24300000000,24300000000,0,218700000000,0,218700000000,0.6666666666666666,1.0,0.0,48,94,0.1111111111111111,3.169925001442312,0.0,3.0,9,0.4100284240997427,0.43613810130875313,0.2680043387636686,1115.5,1.7322566319888089,36923.375,1115.5,63960.76121915979,0.0,9,0.38560725438545346,0.40976882879931525,0.0,0.2222222222222222,1.0,1.0,1.0,6,6,3.111111111111111,3.111111111111111,5.111111111111111,5.333333333333333,0.7725068857142602,0.6666666666666666,9
,,,,,,,,,,,,,,,,,,,,,,,,,,,,,,,,,,,,,,,,,0
0,714664537783.5333,461699895069,0,10719968066753,10719968066753,0.3333333333333333,0.3333333333333333,0.0,51,111,0.13333333333333333,3.773557262275186,0.13333333333333333,3.807354922057604,14,0.6666498933524965,0.7360123513696335,0.1162590291350091,75513.5,1.2631065730068318,179799.2142857143,75513.5,227105.56938574958,0.0,15,0.3735791936545942,0.23937793816985944,0.0,0.0,0.8666666666666667,0.0,0.8666666666666667,3,9,1.9333333333333333,3.3333333333333335,2.8666666666666667,4.533333333333333,0.8534897229796914,0.4,15
,,,,,,,,,,,,,,,,,,,,,,,,,,,,,,,,,,,,,,,,,0
,,,,,,,,,,,,,,,,,,,,,,,,,,,,,,,,,,,,,,,,,0
,,,,,,,,,,,,,,,,,,,,,,,,,,,,,,,,,,,,,,,,,0
,,,,,,,,,,,,,,,,,,,,,,,,,,,,,,,,,,,,,,,,,0
,,,,,,,,,,,,,,,,,,,,,,,,,,,,,,,,,,,,,,,,,
10600000000,10600000000,21200000000.0,21200000000,0,21200000000,,,,7,14,,,,,,,,,,,,,,,,,,,,,,,,,,,,,,,2
,,,,,,,,,,,,,,,,,,,,,,,,,,,,,,,,,,,,,,,,,
,,,,,,,,,,,,,,,,,,,,,,,,,,,,,,,,,,,,,,,,,0
,,,,,,,,,,,,,,,,,,,,,,,,,,,,,,,,,,,,,,,,,0
,,,,,,,,,,,,,,,,,,,,,,,,,,,,,,,,,,,,,,,,,0
,,,,,,,,,,,,,,,,,,,,,,,,,,,,,,,,,,,,,,,,,0
,,,,,,,,,,,,,,,,,,,,,,,,,,,,,,,,,,,,,,,,,0
,,,,,,,,,,,,,,,,,,,,,,,,,,,,,,,,,,,,,,,,,0
2024655064770.6428,2021730780729.8428,32350000000.0,141725854533945,-204699882856,141521154651089,0.0,0.0,0.0,210,400,0.18571428571428572,5.327772783575906,0.3,5.760698369821647,54,0.8066887985762885,0.8557610349024842,0.3216015376543416,4181,1.9481198897248644,47495.11320754717,4181,92526.17470435674,0.03773584905660377,70,0.3704399742024005,0.23620777467408988,0.17142857142857143,0.2857142857142857,0.4,0.45714285714285713,0.4857142857142857,8,9,1.0714285714285714,1.8857142857142857,2.8285714285714287,2.8857142857142857,0.8707019465995872,0.2,70
11024983135.25,14549949390.25,10050033729.5,44099932541,14099865020,58199797561,0.6666666666666666,0.3333333333333333,,0,13,0.5,1.5,0.5,1.584962500721156,3,,,,,,,,,,,,,0.0,0.25,0.0,0.5,0.0,2,2,0.5,1,1.25,2,0.9463946303571862,0.5,4
5000000000,5000000000,10000000000.0,20000000000,0,20000000000,0.3333333333333333,0.3333333333333333,,0,10,0.5,1.5,0.5,1.584962500721156,3,,,,,,,,,,,,,0.0,0.0,0.0,0.0,0.0,1,2,0.5,1,1,1.5,1.0,0.5,4
37461318746.75,24483250002,4010371337.5,149845274987,-51912274979,97933000008,0.0,0.0,,2,12,0.25,2.0,0.0,1.584962500721156,4,,,,,,,,,,,,,0.0,0.25,0.0,0.0,0.0,2,2,0.25,0.5,1.5,1.5,1.0,0.25,4
7500000000,7500000000,15000000000.0,15000000000,0,15000000000,,,,0,7,,,,,,,,,,,,,,,,,,,,,,,,,,,,,,,2
16540885111.5,27043043011.666668,10012345678.0,99245310669,63012947401,162258258070,0.0,0.0,,0,20,0.16666666666666666,2.584962500721156,0.0,2.321928094887362,6,0.5637914160289369,0.3271035759815648,0.05160452992044847,,1.1088249186093642,122216,22377,135516.14625276206,0.2,6,,,0.3333333333333333,0.16666666666666666,0.0,0.3333333333333333,0.0,3,2,0.5,0.8333333333333334,1.6666666666666667,1.6666666666666667,1.0,0.16666666666666666,6
,,,,,,,,,,,,,,,,,,,,,,,,,,,,,,,,,,,,,,,,,0
5000000000,5000000000,10000000000.0,10000000000,0,10000000000,,,,0,6,,,,,,,,,,,,,,,,,,,,,,,,,,,,,,,2
5000000000,8333324619.666667,15000000000,15000000000,9999973859,24999973859,0.0,0.0,,0,9,0.3333333333333333,1.584962500721156,0.0,1.0,3,,,,,,,,,,,,,0.3333333333333333,0.0,0.0,0.0,0.0,3,2,0.6666666666666666,0.6666666666666666,1.6666666666666667,1.3333333333333333,1.0,0.3333333333333333,3
,,,,,,,,,,,,,,,,,,,,,,,,,,,,,,,,,,,,,,,,,0
,,,,,,,,,,,,,,,,,,,,,,,,,,,,,,,,,,,,,,,,,
133271000163867.8,132546397619647.6,819391906121,666355000819339,-3623012721101,662731988098238,0.6666666666666666,1.0,,27,52,0.2,2.321928094887362,0.0,2.0,5,-0.0,-0.0,-0.04865695855951347,,0.9072013814196188,154.75,88.5,140.389413774686,0.0,5,,,0.0,0.4,1.0,1.0,1.0,5,6,3,3,5,5.4,0.9709505944546686,0.6,5
15993356501283.625,13182377460509.25,2301929570046.5,127946852010269,-22487832326195,105459019684074,0.6666666666666666,1.0,0.0,40,80,0.125,3.0,0.0,2.8073549220576037,8,0.11855373803255766,-0.0,0.4196459315799051,89,2.4461721022213645,87487.71428571429,89,214010.0059728278,0.14285714285714285,8,0.7300759263328914,0.5218368031461065,0.0,0.0,1.0,1.0,1.0,5,5,3,3,5,5,0.0,1.0,8
15000000000,15000000000,0.0,450000000000,0,450000000000,0.6666666666666666,0.6666666666666666,0.0,90,150,0.03333333333333333,4.906890595608519,0.0,4.857980995127572,30,0.7705438296220996,0.8939680826222827,0.17203668660161564,15102,1.4155659648625958,70866.24137931035,15102,100315.83935428906,0.034482758620689655,30,0.37246301521644637,0.2320397443911292,0.0,1.0,1.0,1.0,1.0,2,3,1,2,2,3,0.0,1.0,30
29367747987404.668,33773230986794.668,280000000000,88103243962214,13216448998170,101319692960384,0.0,0.0,,0,21,0.3333333333333333,1.584962500721156,0.0,1.0,3,,,,,,,,,,,,,0.6666666666666666,0.3333333333333333,0.0,0.3333333333333333,0.0,10,2,0.6666666666666666,1,5,2,1.0,0.3333333333333333,3
309362725967,303062724135,6300001832,309362725967,-6300001832,303062724135,,,,0,3,,,,,,,,,,,,,,,,,,,,,,,,,,,,,,,1
7827028904.8,7827027962.8,6300000942.0,234810867144,-28260,234810838884,0.6666666666666666,0.3333333333333333,1.0,0,120,0.26666666666666666,1.9967916319816368,1.0,1.9974826032927555,4,0.25016493498306364,0.9972309552488496,-0.6135439684226063,86188,0.23950759269063576,86343.13793103448,86188,20679.83711121759,0.7931034482758621,30,0.9800594801490189,0.8755852636975128,0.0,0.0,0.0,0.5,0.0,2,2,0.5,1,2,2,1.0,0.5,30
,,,,,,,,,,,,,,,,,,,,,,,,,,,,,,,,,,,,,,,,,0
,,,,,,,,,,,,,,,,,,,,,,,,,,,,,,,,,,,,,,,,,0
237517187526.52173,530421454679.7826,57541,5462895313110,6736798144525,12199693457635,0.0,0.3333333333333333,0.0,28,64,0.043478260869565216,4.523561956057013,0.0,4.459431618637297,23,0.12183946397911301,0.0919081041864507,0.5244934606533962,102.0,3.2060409994533634,66830.86363636363,102.0,214262.4888470587,0.09090909090909091,23,0.6125062831380046,0.1682826889326457,0.13043478260869565,0.043478260869565216,0.08695652173913043,0.043478260869565216,0.0,10,3,0.08695652173913043,0.043478260869565216,1.565217391304348,1.2173913043478262,0.5052636515984086,0.782608695652174,23
305208389667.06665,334886574577.06665,1884.0,9156251690012,890345547300,10046597237312,0.3333333333333333,0.3333333333333333,1.0,0,118,0.3333333333333333,2.175279365539379,0.8666666666666667,2.642848893143865,7,0.5116566488375539,0.9894535033977967,-0.491702051980212,86520,0.34075031762879865,86455.27586206897,86520,29459.66271068541,0.4827586206896552,30,0.9424309272353938,0.8541955308208469,0.0,0.03333333333333333,0.0,0.03333333333333333,0.0,2,2,0.06666666666666667,0.1,1.9333333333333333,2,0.3588294465509664,0.8666666666666667,30
70333332723.33333,102999978104.66667,15000001830,210999998170,97999936144,308999934314,0.0,0.0,,1,9,0.3333333333333333,1.584962500721156,0.0,1.0,3,,,,,,,,,,,,,0.0,0.6666666666666666,0.0,0.3333333333333333,0.0,1,2,0.3333333333333333,0.6666666666666666,1,2,1.0,0.3333333333333333,3
,,,,,,,,,,,,,,,,,,,,,,,,,,,,,,,,,,,,,,,,,0
11996660173139.777,8195334065699.611,99583257181.0,215939883116516,-68423869933923,147516013182593,0.3333333333333333,0.0,0.0,20,62,0.3333333333333333,2.4466166676282084,0.6666666666666666,3.6168746059562213,8,0.6579935376335244,0.8598249708321245,0.04690166722005436,76666.5,1.0984193668312359,127588.875,76666.5,140146.0912922097,0.125,18,0.3691171162651018,0.26055147801318085,0.1111111111111111,0.0,0.0,0.2777777777777778,0.0,3,2,0,0.2777777777777778,1.7777777777777777,1.6666666666666667,0.9206250851407773,0.3888888888888889,18
0,6300000000,6300000000,0,6300000000,6300000000,,,,0,3,,,,,,,,,,,,,,,,,,,,,,,,,,,,,,,1
301553305306.625,296978291068.25,6100001830.0,4824852884906,-73200227814,4751652657092,0.6666666666666666,0.3333333333333333,0.0,0,55,0.75,1.311278124459133,0.75,1.6922718656836104,5,0.6712856496930305,0.9459577203309796,-0.29527705703437973,134967,0.5440712001640242,143093.93333333332,134967,77853.28804485753,0.06666666666666667,16,0.6719600163406032,0.09829514050030619,0.0625,0.8125,0.0,0.9375,0.0,7,2,0.0625,1,1.4375,2,0.4966963645051813,0.8125,16
747924066529.8,741824064696.3334,6100001830.0,22437721995894,-183000055004,22254721940890,0.6666666666666666,0.3333333333333333,1.0,0,92,0.4666666666666667,2.73012496531497,0.8666666666666667,4.2541956501507805,11,0.3536073474269914,0.9972309552488496,-0.88511484280829,86392,0.06094332004758049,87024.75862068965,86392,5303.577716684129,0.8275862068965517,30,0.978870283618958,0.9626492080097322,0.0,0.9333333333333333,0.0,1.0,0.0,2,2,0,1,1.0666666666666667,2,0.35335933502142136,0.9333333333333333,30
1000200000000,0,1000200000000,1000200000000,-1000200000000,0,,,,0,2,,,,,,,,,,,,,,,,,,,,,,,,,,,,,,,1
4377236601,4377236601,8754473202.0,131317098030,0,131317098030,0.3333333333333333,0.3333333333333333,0.6666666666666666,0,60,0.5,1.0,1.0,0.9991421039919088,2,0.6720216208278665,0.9972309552488496,-0.7518804122776293,88355,0.14163043663453564,86444.79310344828,88355,12243.213792023475,0.41379310344827586,30,0.9310003080045386,0.4537189118932207,0.0,0.0,0.0,0.0,0.0,1,1,0.5,0.5,1,1,1.0,0.5,30
,,,,,,,,,,,,,,,,,,,,,,,,,,,,,,,,,,,,,,,,,0
48716770482750.766,41141456681849.766,10012347894,633318016275760,-98479079411713,534838936864047,0.0,0.0,0.0,3,44,0.15384615384615385,3.546593564294939,0.15384615384615385,3.584962500721156,12,0.5116403872374721,0.27761001331490837,0.3639997505762631,1516.0,2.1446528547939208,50982.666666666664,1516.0,109340.12161167353,0.0,13,0.37858825283202735,0.26731337201952027,0.15384615384615385,0.3076923076923077,0.0,0.46153846153846156,0.0,4,2,0.38461538461538464,0.7692307692307693,1.5384615384615385,1.8461538461538463,0.9064315085556598,0.3076923076923077,13
997527937650.5,999851715031.6875,58238.5,15960447002408,37180438099,15997627440507,0.0,0.0,0.0,21,53,0.4375,2.771782221599798,0.4375,3.589898095464288,10,0.5416529781767536,0.5975095171079853,0.12809416721413233,31753.5,1.2938256917145572,166512.5,31753.5,215438.1504916202,0.0,16,0.36825616192682603,0.2679206614495439,0.125,0.0,0.0,0.0,0.0,4,2,0,0,1.75,1.5625,0.7717822215997981,0.4375,16
80780033414.51613,77554225080.58064,1884,2504181035850,-100000058352,2404180977498,0.3333333333333333,0.3333333333333333,1.0,0,123,0.25806451612903225,2.7231879407504183,0.8709677419354839,3.4662478973127313,9,0.07527156762801669,0.9968189734696425,-0.6853267934269635,86333.0,0.1867134657802338,83513.83333333333,86333.0,15593.15726225948,0.9,31,0.9927752317803419,0.9927725494368879,0.0,0.03225806451612903,0.0,0.03225806451612903,0.0,2,2,0,0.03225806451612903,1.967741935483871,2,0.25844992786316917,0.9354838709677419,31
19899999992586,4899699990704,15000300001882,19899999992586,-15000300001882,4899699990704,,,,0,4,,,,,,,,,,,,,,,,,,,,,,,,,,,,,,,1
884366630354.6666,666799998852.6666,1000199998279,2653099891064,-652699894506,2000399996558,0.0,0.3333333333333333,,0,8,0.3333333333333333,1.584962500721156,0.0,1.0,3,,,,,,,,,,,,,0.0,0.0,0.0,0.0,0.0,3,1,0.6666666666666666,0.3333333333333333,1.6666666666666667,1,0.9182958340544896,0.6666666666666666,3
17089943716.933332,17089942774.933332,6300000942.0,512698311508,-28260,512698283248,0.6666666666666666,0.3333333333333333,1.0,0,120,0.2,3.355913095175825,1.0,4.720049960644813,11,0.25016493498306364,0.9972309552488496,-0.6136536459526472,86213,0.2394233452862598,86341.20689655172,86213,20672.1005912255,0.7931034482758621,30,0.980633766900129,0.8771522102699605,0.0,0.0,0.0,0.5,0.0,2,2,0.5,1,2,2,1.0,0.5,30
244600449623.5,244600447634.5,1989.0,489200899247,-3978,489200895269,,,,0,8,,,,,,,,,,,,,,,,,,,,,,,,,,,,,,,2
,,,,,,,,,,,,,,,,,,,,,,,,,,,,,,,,,,,,,,,,,0
7476755921050.833,2357522585760.1665,100000001842.0,44860535526305,-30715400011744,14145135514561,0.3333333333333333,0.3333333333333333,,3,26,0.16666666666666666,2.584962500721156,0.0,2.321928094887362,6,0.2729856933815615,0.4458393050175722,0.07646595676007324,,1.1655942351444168,66259.5,38171.5,77231.69122355149,0.0,6,,,0.16666666666666666,0.8333333333333334,0.0,0.8333333333333334,0.0,7,3,0,0.8333333333333334,2.1666666666666665,2.1666666666666665,0.896240625180289,0.5,6
1112329425000,1112329425000,2224658850000.0,4449317700000,0,4449317700000,0.3333333333333333,0.3333333333333333,,0,12,0.5,1.5,0.5,1.584962500721156,3,,,,,,,,,,,,,0.25,0.0,0.0,0.0,0.0,3,2,0.5,1,1.5,1.5,0.9463946303571862,0.5,4
,,,,,,,,,,,,,,,,,,,,,,,,,,,,,,,,,,,,,,,,,0
155026993379870,154977060696255,49932683615.0,310053986759740,-99865367230,309954121392510,,,,0,7,,,,,,,,,,,,,,,,,,,,,,,,,,,,,,,2
170697242006,170697240122,1884,170697242006,-1884,170697240122,,,,0,4,,,,,,,,,,,,,,,,,,,,,,,,,,,,,,,1
91999016636,6300014754,85699001882,91999016636,-85699001882,6300014754,,,,0,4,,,,,,,,,,,,,,,,,,,,,,,,,,,,,,,1
2359824345259,0,2359824345259,2359824345259,-2359824345259,0,,,,0,5,,,,,,,,,,,,,,,,,,,,,,,,,,,,,,,1
,,,,,,,,,,,,,,,,,,,,,,,,,,,,,,,,,,,,,,,,,0
1000200000000,0,1000200000000,1000200000000,-1000200000000,0,,,,0,2,,,,,,,,,,,,,,,,,,,,,,,,,,,,,,,1
31210472934.451614,31210471050.451614,1884,967524660968,-58404,967524602564,0.3333333333333333,0.3333333333333333,1.0,0,124,0.3225806451612903,2.0368233459434157,0.9032258064516129,2.500863613362384,6,0.42163500410775795,0.993481035715945,-0.48832812410117254,86795.0,0.34378969772397133,86031.93333333333,86795.0,29576.892355275522,0.5,31,0.951084222266883,0.7696134476370692,0.0,0.0,0.0,0.0,0.0,2,2,0,0,2,2,0.0,1.0,31
38286650014,44279974400,10000001842,574299750210,89899865790,664199616000,0.0,0.0,0.0,0,44,0.13333333333333333,3.773557262275186,0.13333333333333333,3.807354922057604,14,0.4702138992056592,0.25715597597408063,0.4144050851765888,136.0,2.4153302041618803,10198.214285714286,136.0,24632.05499280089,0.0,15,0.5332971686044075,0.2047941600524328,0.13333333333333333,0.26666666666666666,0.0,0.4666666666666667,0.0,3,2,0.5333333333333333,0.6,1.3333333333333333,1.6,0.8927518470035195,0.4,15
22733267661.866665,22733266719.866665,6300000942.0,681998029856,-28260,681998001596,0.6666666666666666,0.3333333333333333,1.0,0,120,0.2,3.355913095175825,1.0,4.720049960644813,11,0.25016493498306364,0.9972309552488496,-0.6136536459526472,86213,0.2394233452862598,86341.20689655172,86213,20672.1005912255,0.7931034482758621,30,0.980633766900129,0.8771522102699605,0.0,0.0,0.0,0.5,0.0,2,2,0.5,1,2,2,1.0,0.5,30
17317422836,30884844656.75,15000000915.0,69269691344,54269687283,123539378627,0.0,0.0,,5,13,0.25,2.0,0.0,1.584962500721156,4,,,,,,,,,,,,,0.0,0.25,0.25,0.25,0.25,2,3,0.75,1,1.25,2,1.0,0.25,4
97541645856087.3,97601534452027,57308,2633624438114357,1616992090372,2635241430204729,0.3333333333333333,0.3333333333333333,0.0,36,90,0.3333333333333333,2.401225464325147,0.9259259259259259,2.907009314945297,7,0.8140324429579153,0.7643479385936712,0.33591710358205956,4928.0,2.011672203557702,92038.07692307692,4928.0,185150.44101505945,0.07692307692307693,27,0.38098474594052567,0.15960380472530014,0.0,0.0,0.0,0.0,0.0,2,2,0,0,1.6666666666666667,1.6666666666666667,0.9182958340544896,0.6666666666666666,27
1901188205183.7778,1880851301412.5557,1551801903137.0,34221387693308,-366064267882,33855323425426,0.3333333333333333,0.0,0.0,72,144,0.05555555555555555,4.169925001442312,0.0,4.087462841250339,18,0.20599700303277274,-0.0,0.46822128095756566,120,2.760962837327091,68071.11111111111,120,187941.808073341,0.1111111111111111,18,0.611606200591592,0.14880334966187456,0.1111111111111111,0.2222222222222222,0.4444444444444444,0.5,0.4444444444444444,10,5,1.7777777777777777,1.8888888888888888,4.333333333333333,3.6666666666666665,0.8125214573444728,0.4444444444444444,18
8783158160.4,8783157218.4,6300000942.0,263494744812,-28260,263494716552,0.6666666666666666,0.3333333333333333,1.0,0,120,0.26666666666666666,1.9967916319816368,1.0,1.9974826032927555,4,0.25016493498306364,0.9972309552488496,-0.6135439684226063,86188,0.23950759269063576,86343.13793103448,86188,20679.83711121759,0.7931034482758621,30,0.9800594801490189,0.8755852636975128,0.0,0.0,0.0,0.5,0.0,2,2,0.5,1,2,2,1.0,0.5,30
4377237461.5,4377235740.5,8754473202.0,131317123845,-51630,131317072215,0.3333333333333333,0.3333333333333333,0.6666666666666666,0,60,0.5,1.0,1.0,0.9991421039919088,2,0.6720216208278665,0.9972309552488496,-0.7518804122776293,88355,0.14163043663453564,86444.79310344828,88355,12243.213792023475,0.41379310344827586,30,0.9310003080045386,0.4537189118932207,0.0,0.0,0.0,0.0,0.0,1,1,0.5,0.5,1,1,1.0,0.5,30
,,,,,,,,,,,,,,,,,,,,,,,,,,,,,,,,,,,,,,,,,0
53195728363209.45,48918566498066.37,20000000001882,585153011995304,-47048780516574,538104231478730,0.3333333333333333,0.3333333333333333,0.0,0,41,0.18181818181818182,3.2776134368191157,0.18181818181818182,3.3219280948873626,10,0.5809279256668544,0.6375856010390379,0.04303143882889826,76636.0,1.0899328161339763,180632.7,76636.0,196877.5073968837,0.0,11,0.46982469814880873,0.24653370622056608,0.0,0.6363636363636364,0.09090909090909091,0.8181818181818182,0.09090909090909091,2,7,0.2727272727272727,1.4545454545454546,1.2727272727272727,2.4545454545454546,0.7455574250275928,0.6363636363636364,11
,,,,,,,,,,,,,,,,,,,,,,,,,,,,,,,,,,,,,,,,,0
37500000000,37500000000,75000000000.0,75000000000,0,75000000000,,,,0,10,,,,,,,,,,,,,,,,,,,,,,,,,,,,,,,2
37500000000,37500000000,75000000000.0,75000000000,0,75000000000,,,,0,10,,,,,,,,,,,,,,,,,,,,,,,,,,,,,,,2
37500000000,37500000000,75000000000.0,75000000000,0,75000000000,,,,0,9,,,,,,,,,,,,,,,,,,,,,,,,,,,,,,,2
37500000000,37500000000,75000000000.0,75000000000,0,75000000000,,,,0,10,,,,,,,,,,,,,,,,,,,,,,,,,,,,,,,2
,,,,,,,,,,,,,,,,,,,,,,,,,,,,,,,,,,,,,,,,,0
,,,,,,,,,,,,,,,,,,,,,,,,,,,,,,,,,,,,,,,,,0
2250000000000,0,2250000000000,2250000000000,-2250000000000,0,,,,1,3,,,,,,,,,,,,,,,,,,,,,,,,,,,,,,,1
120000000000,0,120000000000,120000000000,-120000000000,0,,,,1,3,,,,,,,,,,,,,,,,,,,,,,,,,,,,,,,1
,,,,,,,,,,,,,,,,,,,,,,,,,,,,,,,,,,,,,,,,,0
2099257658.304462,63208911793.22376,60243895433,75982630942330,2211863931413404,2287846562355734,0.3333333333333333,0.3333333333333333,0.0,0,73470,0.9966846249481973,0.0336890790292406,0.9998066031219782,0.06736384355017846,9,0.9996905935810397,0.9976137321875937,0.013133642074081946,49,1.026616860466669,71.91802414319412,49,73.83225615685204,0.03510475926182878,36195,0.49963494809755943,0.0040650232762050225,0.0,0.0,0.0,0.0,0.0,10,1,0,0.003315375051802735,1.0298383754662246,1,0.03208259612496912,0.9966846249481973,36195
204241963292.97058,204241963292.97058,408483484323.5,13888453503922,0,13888453503922,0.3333333333333333,0.3333333333333333,0.0,0,396,0.5,3.396672597095758,0.6470588235294118,5.767581727771205,30,0.8856764196174728,0.9874309959779077,0.07064185029511184,1082,1.1520228779777606,36357.53731343283,1082,41884.714772004714,0.05970149253731343,68,0.45040998081369926,0.06804087294286573,0.5,0.0,0.0,0.0,0.0,10,2,0.5,1,4.323529411764706,1.5,0.7484563140750237,0.5,68
216993715080.15,0,163563502295.0,13019622904809,-13019622904809,0,0.6666666666666666,0.3333333333333333,0.3333333333333333,0,390,0.5,3.4534452978042594,0.5,5.882643049361842,31,-0.0,0.9972309552488496,-0.002807565528299083,999,0.9944005896548657,42484.220338983054,999,42246.333756111984,0.2711864406779661,60,0.9038416488805073,0.020399425927239624,0.0,0.0,0.0,0.0,0.0,1,10,0.5,5.5,1,5.5,1.0,0.5,60
,,,,,,,,,,,,,,,,,,,,,,,,,,,,,,,,,,,,,,,,,0
,,,,,,,,,,,,,,,,,,,,,,,,,,,,,,,,,,,,,,,,,0
6587234224912.5,6587234224912.5,13174468449825.0,13174468449825,0,13174468449825,,,,1,7,,,,,,,,,,,,,,,,,,,,,,,,,,,,,,,2
72939421331897.6,72939421331897.6,124334669731447.5,1458788426637952,0,1458788426637952,0.3333333333333333,0.3333333333333333,0.0,0,93,0.5,2.6609640474436813,0.5,4.247927513443585,11,0.5896889441586688,0.7733082046011861,0.43422651791085193,1062,2.534983634466034,95463.05263157895,1062,241997.2761172223,0.05263157894736842,20,0.45085469767619996,0.22104266610987167,0.3,0.0,0.0,0.0,0.0,10,2,0.5,1,3.15,1.5,0.8213734906185948,0.5,20
482300268000000,482300268000000,898000960000000.0,4823002680000000,0,4823002680000000,0.0,0.3333333333333333,0.0,0,41,0.3,2.8464393446710154,0.3,3.169925001442312,8,0.6372850583680413,0.6846046005037072,0.14949284271155144,2116,1.3515381180051635,277302.1111111111,2116,374784.3733699699,0.1111111111111111,10,0.45634824999184376,0.24946243945140148,0.3,0.0,0.0,0.0,0.0,10,2,0.5,1,2.6,1.5,0.8445412464587145,0.5,10
0,9794670449,9794670449,0,9794670449,9794670449,,,,2,4,,,,,,,,,,,,,,,,,,,,,,,,,,,,,,,1
,,,,,,,,,,,,,,,,,,,,,,,,,,,,,,,,,,,,,,,,,0
,,,,,,,,,,,,,,,,,,,,,,,,,,,,,,,,,,,,,,,,,0
8791525038.466667,0,8231151248.0,263745751154,-263745751154,0,0.3333333333333333,0.6666666666666666,0.0,0,448,0.03333333333333333,4.906890595608519,0.0,4.857980995127572,30,0.04598561063157427,0.9894535033977967,0.009629910224556715,2031,1.0194470942205862,83467.86206896552,2031,85091.06944701158,0.034482758620689655,30,0.45061396299214473,0.17509484354831792,0.0,0.0,0.0,0.0,0.0,10,10,4.333333333333333,5.5,9.433333333333334,5.5,0.7909171699604742,0.5,30
74372100000000,74372100000000,148744200000000.0,148744200000000,0,148744200000000,,,,0,5,,,,,,,,,,,,,,,,,,,,,,,,,,,,,,,2
19897970822,0,19897970822,19897970822,-19897970822,0,,,,2,4,,,,,,,,,,,,,,,,,,,,,,,,,,,,,,,1
8768626604.785715,0,8249698857.5,245521544934,-245521544934,0,0.3333333333333333,0.6666666666666666,0.0,0,413,0.03571428571428571,4.807354922057605,0.0,4.754887502163468,28,0.09654624176311631,0.9953625898154655,-0.010251495342958602,84793,0.9797050627685961,83263.85185185185,84793,81574.01720487361,0.07407407407407407,28,0.3724237190615904,0.6004810993180959,0.0,0.0,0.0,0.0,0.0,10,10,4.142857142857143,5.5,9.25,5.5,0.7356332607676134,0.5,28
,,,,,,,,,,,,,,,,,,,,,,,,,,,,,,,,,,,,,,,,,0
13595571767,13595571767,24890507681.5,271911435340,0,271911435340,0.3333333333333333,0.3333333333333333,0.0,0,160,0.1,4.1219280948873624,0.2,4.247927513443585,18,-0.0,0.9695703501901249,0.01773003323417367,2625,1.0361001228461677,122903.05263157895,2625,127339.86792974795,0.10526315789473684,20,0.6990064997887286,0.21787038996054,0.0,0.0,0.0,0.0,0.0,6,10,1.9,5,2.5,5.5,0.8804820237218406,0.5,20
10050130000000,0,10050130000000,10050130000000,-10050130000000,0,,,,0,12,,,,,,,,,,,,,,,,,,,,,,,,,,,,,,,1
,,,,,,,,,,,,,,,,,,,,,,,,,,,,,,,,,,,,,,,,,0
335534788089.88464,1443042030039.5386,1753529486169.5,8723904490337,28795188290691,37519092781028,0.0,0.3333333333333333,0.0,0,170,0.038461538461538464,4.700439718141092,0.0,4.643856189774724,26,0.5501449422832076,0.8356093384939399,0.12826924596561862,30665,1.2942863845791532,95351.92,30665,123412.69179948066,0.04,26,0.4021063619455947,0.1590221359163311,0.038461538461538464,0.0,0.0,0.0,0.0,10,2,4.3076923076923075,1,4.961538461538462,1.5769230769230769,0.7651552263934306,0.46153846153846156,26
,,,,,,,,,,,,,,,,,,,,,,,,,,,,,,,,,,,,,,,,,0
255504901491.375,255504901491.375,509321530183.5,14308274483517,0,14308274483517,0.3333333333333333,0.3333333333333333,0.0,0,369,0.5,3.318768755633026,0.5535714285714286,5.608454713445988,27,0.8421090729497573,0.990725179630931,0.004520392593754823,1104,1.009081838663743,39930.94545454546,1104,40293.59185885436,0.03636363636363636,56,0.3984035450583456,0.23496841752275305,0.5,0.0,0.0,0.0,0.0,10,2,0.5,1,5.089285714285714,1.5,0.791238691050855,0.5,56
,,,,,,,,,,,,,,,,,,,,,,,,,,,,,,,,,,,,,,,,,0
,,,,,,,,,,,,,,,,,,,,,,,,,,,,,,,,,,,,,,,,,0
,,,,,,,,,,,,,,,,,,,,,,,,,,,,,,,,,,,,,,,,,0
,,,,,,,,,,,,,,,,,,,,,,,,,,,,,,,,,,,,,,,,,0
,,,,,,,,,,,,,,,,,,,,,,,,,,,,,,,,,,,,,,,,,0
,,,,,,,,,,,,,,,,,,,,,,,,,,,,,,,,,,,,,,,,,0
24099997333,24099997333,48199994666.0,48199994666,0,48199994666,,,,0,4,,,,,,,,,,,,,,,,,,,,,,,,,,,,,,,2
11960868029.5,9440000748.777779,24003233410.0,215295624531,-45375611053,169920013478,0.3333333333333333,0.3333333333333333,0.0,0,187,0.05555555555555555,4.169925001442312,0.0,4.087462841250339,18,0.06751275045360522,0.9708357627258161,0.017313376726475507,17204,1.0352368218238306,122075.17647058824,17204,126376.71771299504,0.058823529411764705,18,0.38053745966932584,0.5340490307489212,0.0,0.0,0.0,0.0,0.0,10,10,3.8333333333333335,5.111111111111111,4.888888888888889,5.5,0.8779104735473776,0.3888888888888889,18
145017279492.56522,145017279492.56522,288249917809.0,20012384569974,0,20012384569974,0.3333333333333333,0.3333333333333333,0.0,0,673,0.5,3.82046032616814,0.6666666666666666,6.647123779961859,56,0.9598919052420728,0.9911606910698281,0.08841790993189061,837,1.1939878172141016,18745.21167883212,837,22381.554375625048,0.014598540145985401,138,0.44537391145693334,0.04654678247368581,0.5,0.0,0.0,0.0,0.0,10,2,0.5,1,3.3768115942028984,1.5,0.6806908212877589,0.5,138
,,,,,,,,,,,,,,,,,,,,,,,,,,,,,,,,,,,,,,,,,0
,,,,,,,,,,,,,,,,,,,,,,,,,,,,,,,,,,,,,,,,,0
1578943444329,0,1578943444329,1578943444329,-1578943444329,0,,,,0,11,,,,,,,,,,,,,,,,,,,,,,,,,,,,,,,1
,,,,,,,,,,,,,,,,,,,,,,,,,,,,,,,,,,,,,,,,,0
37643723551.60811,37643723551.60811,63879248314.0,16713813256914,0,16713813256914,0.0,0.3333333333333333,0.0,0,2386,0.22972972972972974,6.963537704641653,0.36936936936936937,8.75615210976421,299,0.9959772404698214,0.9954495168877706,0.17327362537932067,2710.5,1.4191801077081216,5822.384615384615,2710.5,8263.012425579649,0.05656108597285068,444,0.581281674216478,0.012215177621075728,0.0990990990990991,0.0,0.0,0.0,0.0,10,2,2.644144144144144,1,3.855855855855856,1.518018018018018,0.7473534152779807,0.36036036036036034,444
0,0,0.0,0,0,0,0.3333333333333333,0.3333333333333333,1.0,0,360,0.05555555555555555,4.169925001442312,0.0,4.087462841250339,18,-0.0,0.9902381701434542,-0.9900612826134726,86404,0.0049941765479077135,86402.05882352941,86404,431.5071358674133,1.0,18,0.9998379835904067,0.9997766692417976,0.0,0.0,0.0,0.0,0.0,10,10,1,10,10,10,0.0,1.0,18
,,,,,,,,,,,,,,,,,,,,,,,,,,,,,,,,,,,,,,,,,0
406840860131.9667,152263182666.35,799778977224.0,24410451607918,-15274660647937,9135790959981,0.6666666666666666,0.3333333333333333,0.0,0,390,0.5,3.4534452978042594,0.5,5.882643049361842,31,0.3847458346903973,0.9972309552488496,0.0032311390970487675,1103,1.006483226400395,42417.05084745763,1103,42692.050191338756,0.03389830508474576,60,0.4233846557977095,0.08448558554390982,0.0,0.0,0.0,0.0,0.0,1,10,0.5,5.316666666666666,1,5.5,0.9300151398700389,0.5,60
5741552949427,5741552949427,3287280998281.0,34449317696562,0,34449317696562,0.3333333333333333,0.3333333333333333,,0,14,0.5,1.4591479170272448,0.8333333333333334,1.9219280948873623,3,0.3909478540072342,0.5645750340535796,0.11719655961998887,,1.2655099748354866,433503.8,719,548603.3830290878,0.2,6,,,0.0,0.0,0.16666666666666666,0.0,0.16666666666666666,2,2,0.6666666666666666,0.6666666666666666,1.1666666666666667,1.1666666666666667,0.9206198357143051,0.5,6
,,,,,,,,,,,,,,,,,,,,,,,,,,,,,,,,,,,,,,,,,0
785244239560.0278,785244239560.0278,1870502921708.0,28268792624161,0,28268792624161,0.0,0.3333333333333333,0.0,0,162,0.2222222222222222,4.0588138903312005,0.4444444444444444,5.1292830169449655,23,0.8617724490574896,0.9125531881685139,0.08091221613519126,5579,1.1760707030506954,67180.14285714286,5579,79008.59784104615,0.02857142857142857,36,0.392470829890021,0.07011375270700232,0.2777777777777778,0.0,0.0,0.0,0.0,10,1,2.5833333333333335,0.5,3.5,1,0.8866611436658248,0.2222222222222222,36
,,,,,,,,,,,,,,,,,,,,,,,,,,,,,,,,,,,,,,,,,0
,,,,,,,,,,,,,,,,,,,,,,,,,,,,,,,,,,,,,,,,,0
,,,,,,,,,,,,,,,,,,,,,,,,,,,,,,,,,,,,,,,,,0
,,,,,,,,,,,,,,,,,,,,,,,,,,,,,,,,,,,,,,,,,0
4624199890000,0,4624199890000,4624199890000,-4624199890000,0,,,,0,2,,,,,,,,,,,,,,,,,,,,,,,,,,,,,,,1
7428217499301,7428217499301,14856434998602.0,14856434998602,0,14856434998602,,,,2,7,,,,,,,,,,,,,,,,,,,,,,,,,,,,,,,2
0,980000000000,980000000000,0,980000000000,980000000000,,,,0,3,,,,,,,,,,,,,,,,,,,,,,,,,,,,,,,1
414890544000,414890544000,829781088000.0,829781088000,0,829781088000,,,,0,5,,,,,,,,,,,,,,,,,,,,,,,,,,,,,,,2
,,,,,,,,,,,,,,,,,,,,,,,,,,,,,,,,,,,,,,,,,0
11324432316.385366,58997947653.61463,59257011002,2321508624859,9773070644132,12094579268991,0.3333333333333333,0.3333333333333333,0.3333333333333333,0,808,0.08780487804878048,5.983108287672723,0.6585365853658537,7.580489618921675,100,0.9884179457778413,0.9935599264715227,0.4813304494292738,10305.0,2.8560196907631616,12667.612745098038,10305.0,36178.951434962386,0.12254901960784313,205,0.8771288228047991,0.028313241352352185,0.08780487804878048,0.0,0.0,0.0,0.0,10,2,0.9853658536585366,1,1.9609756097560975,1.9804878048780488,0.5639660123441966,0.5951219512195122,205
,,,,,,,,,,,,,,,,,,,,,,,,,,,,,,,,,,,,,,,,,0
,,,,,,,,,,,,,,,,,,,,,,,,,,,,,,,,,,,,,,,,,0
,,,,,,,,,,,,,,,,,,,,,,,,,,,,,,,,,,,,,,,,,0
,,,,,,,,,,,,,,,,,,,,,,,,,,,,,,,,,,,,,,,,,0
,,,,,,,,,,,,,,,,,,,,,,,,,,,,,,,,,,,,,,,,,0
,,,,,,,,,,,,,,,,,,,,,,,,,,,,,,,,,,,,,,,,,0
,,,,,,,,,,,,,,,,,,,,,,,,,,,,,,,,,,,,,,,,,0
,,,,,,,,,,,,,,,,,,,,,,,,,,,,,,,,,,,,,,,,,0
,,,,,,,,,,,,,,,,,,,,,,,,,,,,,,,,,,,,,,,,,0
0,6571821500000,6571821500000.0,0,13143643000000,13143643000000,,,,0,6,,,,,,,,,,,,,,,,,,,,,,,,,,,,,,,2
,,,,,,,,,,,,,,,,,,,,,,,,,,,,,,,,,,,,,,,,,0
,,,,,,,,,,,,,,,,,,,,,,,,,,,,,,,,,,,,,,,,,0
28611060000000,28609940000000,51095900000000,143055300000000,-5600000000,143049700000000,0.0,0.0,,0,25,0.2,2.321928094887362,0.0,2.0,5,0.5064224831767222,0.6846046005037072,-0.06079604227962783,,0.8853765665471782,543088.75,404766.5,480838.0528053988,0.0,5,,,0.2,0.0,0.0,0.0,0.0,6,4,1,1.4,3,2,0.9609640474436811,0.4,5
240891667098602,0,240891667098602,240891667098602,-240891667098602,0,,,,1,2,,,,,,,,,,,,,,,,,,,,,,,,,,,,,,,1
,,,,,,,,,,,,,,,,,,,,,,,,,,,,,,,,,,,,,,,,,0
12089639676243.545,9675435683679.818,400000000928,132986036438679,-26556243918201,106429792520478,0.0,0.0,0.0,8,35,0.2727272727272727,2.8453509366224368,0.45454545454545453,3.1219280948873624,8,0.47168196418337205,0.5112896055631261,0.15598033620043347,1068.0,1.3696130383935579,183348.9,1068.0,251117.04401511658,0.0,11,0.4739171097890943,0.10014033851729884,0.0,0.2727272727272727,0.0,0.45454545454545453,0.0,2,2,0,0.45454545454545453,1.4545454545454546,1.7272727272727273,0.9904129681145393,0.2727272727272727,11
,,,,,,,,,,,,,,,,,,,,,,,,,,,,,,,,,,,,,,,,,0
,,,,,,,,,,,,,,,,,,,,,,,,,,,,,,,,,,,,,,,,,0
,,,,,,,,,,,,,,,,,,,,,,,,,,,,,,,,,,,,,,,,,0
,,,,,,,,,,,,,,,,,,,,,,,,,,,,,,,,,,,,,,,,,0
,,,,,,,,,,,,,,,,,,,,,,,,,,,,,,,,,,,,,,,,,0
9376492466812.5,9408413284654,18721064115783.5,18752984933625,63841635683,18816826569308,,,,1,8,,,,,,,,,,,,,,,,,,,,,,,,,,,,,,,2
18698977076,18698977076,37397954152.0,37397954152,0,37397954152,,,,0,5,,,,,,,,,,,,,,,,,,,,,,,,,,,,,,,2
,,,,,,,,,,,,,,,,,,,,,,,,,,,,,,,,,,,,,,,,,0
,,,,,,,,,,,,,,,,,,,,,,,,,,,,,,,,,,,,,,,,,0
0,67357058915.87586,65023143019,0,9766773542802,9766773542802,0.0,0.3333333333333333,0.3333333333333333,0,568,0.06206896551724138,6.251740555799127,0.45517241379310347,7.169925001442311,97,0.9737128749364712,0.9910246904268286,-0.17798803969456858,6232.5,0.6978101072389195,8092.715277777777,6232.5,5647.178515840153,0.1736111111111111,145,0.8231433201883125,0.12373366063344049,0.11724137931034483,0.0,0.0,0.0,0.0,4,2,1,1,1.9172413793103449,2,0.6702752171933183,0.6551724137931034,145
0,55208178000000,55208178000000,0,55208178000000,55208178000000,,,,0,12,,,,,,,,,,,,,,,,,,,,,,,,,,,,,,,1
,,,,,,,,,,,,,,,,,,,,,,,,,,,,,,,,,,,,,,,,,0
,,,,,,,,,,,,,,,,,,,,,,,,,,,,,,,,,,,,,,,,,0
,,,,,,,,,,,,,,,,,,,,,,,,,,,,,,,,,,,,,,,,,0
,,,,,,,,,,,,,,,,,,,,,,,,,,,,,,,,,,,,,,,,,0
,,,,,,,,,,,,,,,,,,,,,,,,,,,,,,,,,,,,,,,,,0
185952824476423.16,185942719492468.84,25000000442802.0,2603339542669924,-141469775360,2603198072894564,0.3333333333333333,0.3333333333333333,0.0,0,43,0.14285714285714285,3.6644977792004614,0.14285714285714285,3.7004397181410926,13,0.6940091253221208,0.9106994941661897,-0.3549388746040388,109152,0.4760813476434285,120276.38461538461,109152,57261.34327737164,0.23076923076923078,14,0.7283520010849853,0.14851442215076865,0.0,0.9285714285714286,0.07142857142857142,1.0,0.07142857142857142,2,2,0.07142857142857142,1,1.0714285714285714,2,0.37123232664087563,0.9285714285714286,14
,,,,,,,,,,,,,,,,,,,,,,,,,,,,,,,,,,,,,,,,,0
,,,,,,,,,,,,,,,,,,,,,,,,,,,,,,,,,,,,,,,,,0
,,,,,,,,,,,,,,,,,,,,,,,,,,,,,,,,,,,,,,,,,0
,,,,,,,,,,,,,,,,,,,,,,,,,,,,,,,,,,,,,,,,,0
,,,,,,,,,,,,,,,,,,,,,,,,,,,,,,,,,,,,,,,,,0
,,,,,,,,,,,,,,,,,,,,,,,,,,,,,,,,,,,,,,,,,0
0,58568340967,59435942169.0,0,234273363868,234273363868,0.3333333333333333,0.3333333333333333,,0,13,0.5,1.5,0.5,1.584962500721156,3,,,,,,,,,,,,,0.0,0.0,0.0,0.0,0.0,2,2,1,1,1.25,2,0.8112781244591328,0.75,4
,,,,,,,,,,,,,,,,,,,,,,,,,,,,,,,,,,,,,,,,,0
48376835000000,48376835000000,96753670000000.0,96753670000000,0,96753670000000,,,,0,5,,,,,,,,,,,,,,,,,,,,,,,,,,,,,,,2
,,,,,,,,,,,,,,,,,,,,,,,,,,,,,,,,,,,,,,,,,0
1255100000000,2510200000000,1255100000000.0,2510200000000,2510200000000,5020400000000,,,,3,7,,,,,,,,,,,,,,,,,,,,,,,,,,,,,,,2
1326549944620.5,1326549944620.5,2653099889241.0,2653099889241,0,2653099889241,,,,0,6,,,,,,,,,,,,,,,,,,,,,,,,,,,,,,,2
0,14036835174,14036835174,0,14036835174,14036835174,,,,1,12,,,,,,,,,,,,,,,,,,,,,,,,,,,,,,,1
15955378125.642857,20808077332.214287,3669856774.5,223375293759,67937788892,291313082651,0.6666666666666666,0.3333333333333333,0.0,46,105,0.14285714285714285,3.6644977792004614,0.14285714285714285,3.7004397181410926,13,0.6746116696233371,0.7455662949228412,0.08574433832492412,107569,1.1875719055823521,193629.92307692306,107569,229949.4567262258,0.07692307692307693,14,0.4573198488633806,0.19546861363366605,0.0,0.5714285714285714,0.8571428571428571,0.8571428571428571,0.8571428571428571,3,9,1,3.4285714285714284,2.857142857142857,4.642857142857143,0.8549912206176892,0.42857142857142855,14
,,,,,,,,,,,,,,,,,,,,,,,,,,,,,,,,,,,,,,,,,0
28133224649.798244,28133224649.798244,56007999874.0,3207187610077,0,3207187610077,0.3333333333333333,0.3333333333333333,0.0,0,318,0.5,3.5249608800377157,0.7368421052631579,6.030281785723317,40,0.6950139852120547,0.9919457678797359,0.15837159358863304,965,1.3763456470389734,22249.7610619469,965,30623.361785267865,0.008849557522123894,114,0.46496036722180023,0.0677688312644391,0.008771929824561403,0.0,0.0,0.0,0.0,3,2,0.5,1,1.2894736842105263,1.5,0.7754308791273203,0.5,114
,,,,,,,,,,,,,,,,,,,,,,,,,,,,,,,,,,,,,,,,,0
,,,,,,,,,,,,,,,,,,,,,,,,,,,,,,,,,,,,,,,,,0
576914300535.8572,99906456213.53061,0,28268800726257,-23373384371794,4895416354463,0.3333333333333333,0.3333333333333333,0.0,0,398,0.16326530612244897,4.798383313502963,0.32653061224489793,5.584962500721156,36,0.6716760824250332,0.9809707263738306,-0.26513047453907923,59844.0,0.580864614559738,52119.020833333336,59844.0,30274.094947585127,0.0,49,0.6581124581318685,0.1288465680554635,0.0,0.0,0.0,0.0,0.0,10,10,0.6326530612244898,6.591836734693878,1.4285714285714286,6.6938775510204085,0.7690849904025047,0.5102040816326531,49
,,,,,,,,,,,,,,,,,,,,,,,,,,,,,,,,,,,,,,,,,0
1670834662542.097,2240986721033.4106,2672972615120.0,223891844780641,76400375837836,300292220618477,0.0,0.0,0.3333333333333333,0,1215,0.014925373134328358,7.051163817323443,0.014925373134328358,7.055282435501189,133,0.9097992867422412,0.9939008990267729,-0.42089517661838777,18337,0.4075633677354254,19383.007518796992,18337,7899.803821201974,0.2556390977443609,134,0.8295803070778809,0.04138919240958926,0.835820895522388,0.0,0.0,0.0,0.0,10,2,0.9029850746268657,1,7.231343283582089,1.835820895522388,0.7860284589338278,0.23880597014925373,134
,,,,,,,,,,,,,,,,,,,,,,,,,,,,,,,,,,,,,,,,,0
0,10051063419800,10051063419800,0,10051063419800,10051063419800,,,,0,12,,,,,,,,,,,,,,,,,,,,,,,,,,,,,,,1
,,,,,,,,,,,,,,,,,,,,,,,,,,,,,,,,,,,,,,,,,0
,,,,,,,,,,,,,,,,,,,,,,,,,,,,,,,,,,,,,,,,,0
,,,,,,,,,,,,,,,,,,,,,,,,,,,,,,,,,,,,,,,,,0
0,3033141810000,3033141810000,0,3033141810000,3033141810000,,,,0,3,,,,,,,,,,,,,,,,,,,,,,,,,,,,,,,1
0,0,0,0,0,0,0.3333333333333333,0.3333333333333333,1.0,0,99,0.1111111111111111,3.169925001442312,0.0,3.0,9,-0.0,0.9708357627258161,-0.9994417322961341,86397.5,0.00027921178939530614,86401.625,86397.5,24.124352322912216,1.0,9,0.9998900491597102,0.9999994759515908,0.0,0.0,0.0,0.0,0.0,1,10,1,10,1,10,0.0,1.0,9
,,,,,,,,,,,,,,,,,,,,,,,,,,,,,,,,,,,,,,,,,0
,,,,,,,,,,,,,,,,,,,,,,,,,,,,,,,,,,,,,,,,,0
15434772401.166666,11411869333.666666,24877006023.0,92608634407,-24137418405,68471216002,1.0,0.3333333333333333,,0,45,0.5,1.792481250360578,0.5,2.321928094887362,4,-0.0,0.5645750340535796,0.09731790958003192,,1.2156194536545093,103835.6,803,126224.57534188816,0.2,6,,,0.0,0.0,0.0,0.5,0.0,2,10,0.5,5.166666666666667,1.5,6,0.9206198357143051,0.5,6
,,,,,,,,,,,,,,,,,,,,,,,,,,,,,,,,,,,,,,,,,0
,,,,,,,,,,,,,,,,,,,,,,,,,,,,,,,,,,,,,,,,,0
,,,,,,,,,,,,,,,,,,,,,,,,,,,,,,,,,,,,,,,,,0
,,,,,,,,,,,,,,,,,,,,,,,,,,,,,,,,,,,,,,,,,0
,,,,,,,,,,,,,,,,,,,,,,,,,,,,,,,,,,,,,,,,,0
,,,,,,,,,,,,,,,,,,,,,,,,,,,,,,,,,,,,,,,,,0
,,,,,,,,,,,,,,,,,,,,,,,,,,,,,,,,,,,,,,,,,0
,,,,,,,,,,,,,,,,,,,,,,,,,,,,,,,,,,,,,,,,,0
,,,,,,,,,,,,,,,,,,,,,,,,,,,,,,,,,,,,,,,,,0
528356996719.5,367006931777.58826,311664996246.0,17964137888463,-5485902208025,12478235680438,0.6666666666666666,0.3333333333333333,0.0,0,374,0.5,3.0437314206251695,0.5,5.044394119358454,18,-0.0,0.9894640644229126,0.003927397801327353,983,1.0078857661432676,41881.48484848485,983,42211.7524437328,0.36363636363636365,34,0.7302678857524881,0.08126386204015146,0.0,0.0,0.0,0.0,0.0,10,10,0.5,5.470588235294118,5.5,5.5,0.7327482378417617,0.5,34
,,,,,,,,,,,,,,,,,,,,,,,,,,,,,,,,,,,,,,,,,0
25280248198.666668,25280248198.666668,50525751450.0,758407445960,0,758407445960,0.3333333333333333,0.3333333333333333,0.0,0,80,0.5,2.7534452978042596,0.7,4.444187891679296,13,0.7214348310853902,0.9758553293214521,0.014419350389853973,1123,1.0292606199108265,81439.58620689655,1123,83822.55898459154,0.06896551724137931,30,0.43998478244369665,0.17199442607270496,0.0,0.0,0.0,0.0,0.0,2,2,0.5,1,1.1666666666666667,1.5,0.9206198357143051,0.5,30
,,,,,,,,,,,,,,,,,,,,,,,,,,,,,,,,,,,,,,,,,0
38071238353846.16,39848430646153.84,54205299800000,494926098600000,23103499800000,518029598400000,0.0,0.3333333333333333,0.0,0,82,0.07692307692307693,3.7004397181410926,0.0,3.584962500721156,13,0.6123039066154098,0.7835446018770947,0.2854900013744538,40891.0,1.7991210813666185,86150.16666666667,40891.0,154994.58101324775,0.0,13,0.6012951364553893,0.3073734026317693,0.0,0.0,0.0,0.0,0.0,10,2,3.5384615384615383,1,4.6923076923076925,1.6153846153846154,0.8940282437120124,0.38461538461538464,13
65375367139.75,5967964283.4375,87914111279.0,1046005874236,-950518445701,95487428535,0.6666666666666666,0.3333333333333333,0.0,0,104,0.5,2.5,0.5,3.906890595608519,9,0.11855373803255766,0.979569764547061,0.02677453317866623,1083,1.0550222617295764,40579.666666666664,1083,42812.45170689896,0.06666666666666667,16,0.42448481740339195,0.37961620262621826,0.0,0.0,0.0,0.0,0.0,1,10,0.5,5.4375,1,5.5,0.8024052436705214,0.5,16
845016500000000,0,845016500000000,845016500000000,-845016500000000,0,,,,0,4,,,,,,,,,,,,,,,,,,,,,,,,,,,,,,,1
101503002756.28767,17177251842.794521,56693191888.0,14819438402418,-12311559633370,2507878769048,0.3333333333333333,0.3333333333333333,0.0,0,1341,0.0273972602739726,6.992873274618623,0.13013698630136986,7.1799090900149345,134,0.835596238416961,0.9406912112948665,0.24962650334514183,3578,1.6653393395634815,17139.144827586206,3578,28542.492127855272,0.08275862068965517,146,0.5056324683263386,0.15679006176898239,0.02054794520547945,0.0,0.0,0.0,0.0,10,10,3.5,2.787671232876712,6.095890410958904,3.089041095890411,0.8014123514480981,0.19863013698630136,146
,,,,,,,,,,,,,,,,,,,,,,,,,,,,,,,,,,,,,,,,,0
,,,,,,,,,,,,,,,,,,,,,,,,,,,,,,,,,,,,,,,,,0
,,,,,,,,,,,,,,,,,,,,,,,,,,,,,,,,,,,,,,,,,0
,,,,,,,,,,,,,,,,,,,,,,,,,,,,,,,,,,,,,,,,,0
,,,,,,,,,,,,,,,,,,,,,,,,,,,,,,,,,,,,,,,,,0
2875199950000,2875199950000,5750399900000.0,5750399900000,0,5750399900000,,,,0,5,,,,,,,,,,,,,,,,,,,,,,,,,,,,,,,2
33383331538.833332,33383331008.833332,49999999986.0,1001499946165,-15900,1001499930265,0.3333333333333333,0.6666666666666666,0.0,0,150,0.03333333333333333,4.906890595608519,0.0,4.857980995127572,30,0.15745561599987182,0.9937817529033621,0.016033820729784893,293,1.0325901866701899,83408.75862068965,293,86127.06563406673,0.034482758620689655,30,0.6308098220430761,0.15414978727265446,0.4666666666666667,0.0,0.5,0.5,0.5,5,3,1,1.5,2.5,2.5,0.6749607099715597,0.5,30
0,332770930277.5,0.0,0,9983127908325,9983127908325,0.3333333333333333,0.3333333333333333,1.0,0,330,0.03333333333333333,4.906890595608519,0.0,4.857980995127572,30,0.37912391383856625,0.9972309552488496,-0.8704552726474737,86239,0.06925839352959583,86265.96551724138,86239,5974.642188003647,0.5517241379310345,30,0.9725427632864637,0.9656535501542359,0.0,0.0,0.0,0.0,0.0,1,10,1,9.766666666666667,1,10,0.783776947484701,0.7666666666666667,30
19964663333.333332,537327714759.6667,59893990000,59893990000,1552089154279,1611983144279,0.0,0.6666666666666666,,2,12,0.3333333333333333,1.584962500721156,0.0,1.0,3,,,,,,,,,,,,,0.0,0.0,0.6666666666666666,0.3333333333333333,1.0,2,2,1.6666666666666667,1.3333333333333333,2,2,0.9182958340544896,0.6666666666666666,3
,,,,,,,,,,,,,,,,,,,,,,,,,,,,,,,,,,,,,,,,,0
0,10103656997310,10103656997310,0,10103656997310,10103656997310,,,,0,3,,,,,,,,,,,,,,,,,,,,,,,,,,,,,,,1
57083713395227,57107179047052,114123466158175.0,114167426790454,46931303650,114214358094104,,,,0,7,,,,,,,,,,,,,,,,,,,,,,,,,,,,,,,2
35556376769.32678,33914062866.067856,65007106557.5,19911570990823,-919695785825,18991875204998,0.0,0.3333333333333333,0.0,0,3051,0.02857142857142857,8.318101946155712,0.32142857142857145,9.12670447284319,420,0.9947367630246561,0.9624134628625463,0.4792387570672145,2753,2.8405315816832775,3889.86404293381,2753,11049.281662407684,0.0626118067978533,560,0.6701252846377111,0.006095930408592943,0.05,0.0,0.0,0.0,0.0,10,10,2.789285714285714,1.0964285714285715,3.8553571428571427,1.5928571428571427,0.7552042814015588,0.3375,560
113957299900000,113957299900000,227914599800000.0,455829199600000,0,455829199600000,0.3333333333333333,0.3333333333333333,,0,10,0.5,1.5,0.5,1.584962500721156,3,,,,,,,,,,,,,0.0,0.0,0.0,0.0,0.0,1,2,0.5,1,1,1.5,1.0,0.5,4
270101633333333.34,540201199999556,210298700000000,810304900000000,810298699998668,1620603599998668,0.0,0.3333333333333333,,1,11,0.3333333333333333,1.584962500721156,0.0,1.0,3,,,,,,,,,,,,,0.3333333333333333,0.0,0.0,0.0,0.0,3,2,0.6666666666666666,0.6666666666666666,1.6666666666666667,2,0.9182958340544896,0.6666666666666666,3
,,,,,,,,,,,,,,,,,,,,,,,,,,,,,,,,,,,,,,,,,0
,,,,,,,,,,,,,,,,,,,,,,,,,,,,,,,,,,,,,,,,,0
,,,,,,,,,,,,,,,,,,,,,,,,,,,,,,,,,,,,,,,,,0
10106853274277.5,0,10106853274277.5,20213706548555,-20213706548555,0,,,,0,13,,,,,,,,,,,,,,,,,,,,,,,,,,,,,,,2
885915096484.5883,0,0,15060556640238,-15060556640238,0,0.3333333333333333,0.3333333333333333,0.3333333333333333,0,196,0.47058823529411764,2.6756981353679863,0.47058823529411764,4.0,10,-0.0,0.9791922016723983,-0.010858674760168848,43204.5,0.9785159389115494,43200.5625,43204.5,42272.43897619457,0.0,17,0.37587973618239934,0.9977120022869235,0.0,0.0,0.0,0.0,0.0,10,10,0.5294117647058824,5.764705882352941,5.764705882352941,5.764705882352941,0.9975025463691152,0.5294117647058824,17
0,225678646563.57144,224589000000,0,4739251577835,4739251577835,0.0,0.0,0.6666666666666666,0,79,0.09523809523809523,4.297079327540665,0.09523809523809523,4.321928094887363,20,0.060239408196794866,0.9916846825352977,0.12914894327257806,86412.0,1.2966039767073554,125339.4,86412.0,162515.5644781139,0.9,21,0.9958598647454776,0.92067390332697,0.14285714285714285,0.0,0.0,0.0,0.0,5,2,1,1,1.7619047619047619,2,0.7861758316542939,0.47619047619047616,21
,,,,,,,,,,,,,,,,,,,,,,,,,,,,,,,,,,,,,,,,,0
,,,,,,,,,,,,,,,,,,,,,,,,,,,,,,,,,,,,,,,,,0
,,,,,,,,,,,,,,,,,,,,,,,,,,,,,,,,,,,,,,,,,0
444016306574392,444016306573392,1000,444016306574392,-1000,444016306573392,,,,1,7,,,,,,,,,,,,,,,,,,,,,,,,,,,,,,,1
0,12658957062,12658957062,0,12658957062,12658957062,,,,2,4,,,,,,,,,,,,,,,,,,,,,,,,,,,,,,,1
11658471316.875,11658471316.875,23347215226.0,93267770535,0,93267770535,0.6666666666666666,0.3333333333333333,0.3333333333333333,0,52,0.5,2.0,0.5,2.8073549220576037,5,-0.0,0.7124143742160444,0.06755213100636666,965,1.1448920272170795,111220,965,127334.89126708359,0.5714285714285714,8,0.9663812139559801,0.22104285461481757,0.0,0.0,0.0,0.0,0.0,1,10,0.5,5,1,5.5,1.0,0.5,8
,,,,,,,,,,,,,,,,,,,,,,,,,,,,,,,,,,,,,,,,,0
,,,,,,,,,,,,,,,,,,,,,,,,,,,,,,,,,,,,,,,,,0
0,370000000000,370000000000,0,370000000000,370000000000,,,,1,12,,,,,,,,,,,,,,,,,,,,,,,,,,,,,,,1
0,0,0.0,0,0,0,0.3333333333333333,0.3333333333333333,1.0,0,330,0.03333333333333333,4.906890595608519,0.0,4.857980995127572,30,-0.0,0.9972309552488496,-0.9994437581998614,86403,0.00027819827282338737,86401.44827586207,86403,24.036733679784067,1.0,30,0.999849553579462,0.9999974937667309,0.0,0.0,0.0,0.0,0.0,1,10,1,10,1,10,0.0,1.0,30
,,,,,,,,,,,,,,,,,,,,,,,,,,,,,,,,,,,,,,,,,0
180087276136527.12,180087276136527.12,344252862125797,4502181903413178,0,4502181903413178,0.0,0.0,0.0,0,109,0.24,3.5590795706241747,0.44,4.584962500721156,16,0.7619823911621256,0.8691857283204685,0.21246404273944408,6755.0,1.539566583038317,80187.16666666667,6755.0,123453.48218852404,0.0,25,0.3719316598228294,0.26468513674068406,0.28,0.0,0.0,0.0,0.0,10,3,0.52,1.04,2.8,1.56,0.7668539175770801,0.48,25
50000000000000,50000000000000,100000000000000.0,100000000000000,0,100000000000000,,,,0,8,,,,,,,,,,,,,,,,,,,,,,,,,,,,,,,2
0,191282641798.05884,0,0,9755414731701,9755414731701,0.3333333333333333,0.3333333333333333,0.0,0,584,0.0196078431372549,5.672425341971495,0.0,5.643856189774724,51,0.38276474282714446,0.9961414865888419,-0.08283910907471384,56007.0,0.8469964588820589,50688.36,56007.0,42932.861426539,0.28,51,0.6287663386495532,0.030498761978097096,0.0,0.0,0.0,0.0,0.0,10,10,4.980392156862745,5.352941176470588,5.686274509803922,5.764705882352941,0.7585423327441783,0.35294117647058826,51
,,,,,,,,,,,,,,,,,,,,,,,,,,,,,,,,,,,,,,,,,0
0,84803556899.08696,58940949681,0,1950481808679,1950481808679,0.3333333333333333,0.3333333333333333,0.0,0,50,0.9130434782608695,0.5131851787372753,0.9130434782608695,0.5304060778306042,3,0.4666768390975677,0.9125487552216446,0.07798860052796301,78745.5,1.1691705776579788,77039.77272727272,78745.5,90072.63558218486,0.18181818181818182,23,0.37743606454716055,0.16380386011920764,0.0,0.0,0.0,0.0,0.0,2,2,0.08695652173913043,0.08695652173913043,1.0869565217391304,1.0869565217391304,0.4262286569981449,0.9130434782608695,23
0,0,0,0,0,0,0.3333333333333333,0.3333333333333333,1.0,0,165,0.06666666666666667,3.906890595608519,0.0,3.807354922057604,15,-0.0,0.9937817529033621,-0.9996474858203214,172797.0,0.00017628816187768604,172799.5,172797.0,30.46250622838321,1.0,15,0.9998437594940986,0.9999997000260709,0.0,0.0,0.0,0.0,0.0,1,10,1,10,1,10,0.0,1.0,15
,,,,,,,,,,,,,,,,,,,,,,,,,,,,,,,,,,,,,,,,,0
,,,,,,,,,,,,,,,,,,,,,,,,,,,,,,,,,,,,,,,,,0
,,,,,,,,,,,,,,,,,,,,,,,,,,,,,,,,,,,,,,,,,0
31232969442.32,33270828080.52,52396178876,780824236058,50946465955,831770702013,0.0,0.0,0.0,0,112,0.04,4.643856189774724,0.0,4.584962500721156,25,0.696465824750551,0.9734710306379832,-0.18162824779009637,32798.0,0.692579712562253,30493.416666666668,32798.0,21119.121750041017,0.125,25,0.6608472367416629,0.17042967961421077,0.0,0.0,0.0,0.0,0.0,10,2,1.76,1,2.84,1.64,0.8081661505200545,0.4,25
2478881659999.5,2478881659999.5,4957763319999.0,4957763319999,0,4957763319999,,,,0,14,,,,,,,,,,,,,,,,,,,,,,,,,,,,,,,2
,,,,,,,,,,,,,,,,,,,,,,,,,,,,,,,,,,,,,,,,,0
,,,,,,,,,,,,,,,,,,,,,,,,,,,,,,,,,,,,,,,,,0
,,,,,,,,,,,,,,,,,,,,,,,,,,,,,,,,,,,,,,,,,0
,,,,,,,,,,,,,,,,,,,,,,,,,,,,,,,,,,,,,,,,,0
222984995169.31668,6029687731.583333,349364983733.0,13379099710159,-13017318446264,361781263895,0.6666666666666666,0.3333333333333333,0.0,0,390,0.5,3.4534452978042594,0.5,5.882643049361842,31,0.381371209600582,0.9972309552488496,0.005252742127592916,720,1.0105609582454695,42406.93220338983,720,42854.790043708286,0.05084745762711865,60,0.4945205030144993,0.08591553355254083,0.0,0.0,0.0,0.0,0.0,1,10,0.5,5.483333333333333,1,5.5,0.6974430938626629,0.5,60
,,,,,,,,,,,,,,,,,,,,,,,,,,,,,,,,,,,,,,,,,0
,,,,,,,,,,,,,,,,,,,,,,,,,,,,,,,,,,,,,,,,,0
0,44014249890000,44014249890000.0,0,88028499780000,88028499780000,,,,0,6,,,,,,,,,,,,,,,,,,,,,,,,,,,,,,,2
,,,,,,,,,,,,,,,,,,,,,,,,,,,,,,,,,,,,,,,,,0
59520249360.5,59520249360.5,119040498721.0,119040498721,0,119040498721,,,,4,8,,,,,,,,,,,,,,,,,,,,,,,,,,,,,,,2
,,,,,,,,,,,,,,,,,,,,,,,,,,,,,,,,,,,,,,,,,0
,,,,,,,,,,,,,,,,,,,,,,,,,,,,,,,,,,,,,,,,,0
,,,,,,,,,,,,,,,,,,,,,,,,,,,,,,,,,,,,,,,,,0
,,,,,,,,,,,,,,,,,,,,,,,,,,,,,,,,,,,,,,,,,0
1052884621790.5555,1052884621790.5555,1108500000000.0,18951923192230,0,18951923192230,0.0,0.3333333333333333,0.0,0,111,0.05555555555555555,4.169925001442312,0.0,4.087462841250339,18,0.6718703871963497,0.7333643046538013,0.2617210917167453,4114,1.7090033015444916,141390.82352941178,4114,241637.38421985932,0.058823529411764705,18,0.4080150808308196,0.04224002631604967,0.2777777777777778,0.0,0.0,0.0,0.0,8,2,2.888888888888889,1,4.666666666666667,1.5,0.9654072281757701,0.16666666666666666,18
,,,,,,,,,,,,,,,,,,,,,,,,,,,,,,,,,,,,,,,,,0
234357071428.57144,234357071428.57144,229783000000.0,3280999000000,0,3280999000000,0.3333333333333333,0.3333333333333333,0.0,0,43,0.5,2.260820318171659,0.6428571428571429,3.3927474104487847,7,0.5499806456316046,0.49113258984568253,0.3668988852672868,706,2.159053038224981,158706.76923076922,706,342656.33229456324,0.07692307692307693,14,0.5937799641774884,0.19542729631575348,0.21428571428571427,0.0,0.0,0.0,0.0,5,2,0.5,1,1.5714285714285714,1.5,0.8446958733715438,0.5,14
,,,,,,,,,,,,,,,,,,,,,,,,,,,,,,,,,,,,,,,,,0
,,,,,,,,,,,,,,,,,,,,,,,,,,,,,,,,,,,,,,,,,0
,,,,,,,,,,,,,,,,,,,,,,,,,,,,,,,,,,,,,,,,,0
,,,,,,,,,,,,,,,,,,,,,,,,,,,,,,,,,,,,,,,,,0
0,0,0,0,0,0,0.3333333333333333,0.3333333333333333,1.0,0,165,0.06666666666666667,3.906890595608519,0.0,3.807354922057604,15,-0.0,0.9937817529033621,-0.9996474858203214,172797.0,0.00017628816187768604,172799.5,172797.0,30.46250622838321,1.0,15,0.9998437594940986,0.9999997000260709,0.0,0.0,0.0,0.0,0.0,1,10,1,10,1,10,0.0,1.0,15
8796053634.166666,0,8383061373.0,263881609025,-263881609025,0,0.3333333333333333,0.6666666666666666,0.3333333333333333,0,453,0.03333333333333333,4.906890595608519,0.0,4.857980995127572,30,-0.0,0.9894535033977967,-0.009577433446970336,85984,0.981026847214145,83480.1724137931,85984,81896.29034799669,0.06896551724137931,30,0.37240803199753414,0.9649231487373154,0.0,0.0,0.0,0.0,0.0,10,10,4.5,5.5,9.6,5.5,0.6895462755689208,0.5,30
0,0,0,0,0,0,0.3333333333333333,0.6666666666666666,1.0,0,268,0.058823529411764705,4.087462841250339,0.0,4.0,17,0.21755958662960073,0.9531029063496105,-0.5299839412537551,43207.0,0.3072032627748283,45319.25,43207.0,13922.221466508137,0.0,17,0.8056087274382207,0.7792169665030558,0.0,0.0,0.0,0.0,0.0,10,10,4.647058823529412,5.764705882352941,10,5.764705882352941,0.7484637730572947,0.5294117647058824,17
,,,,,,,,,,,,,,,,,,,,,,,,,,,,,,,,,,,,,,,,,0
,,,,,,,,,,,,,,,,,,,,,,,,,,,,,,,,,,,,,,,,,0
12485511812.75,12485511812.75,25049996649.0,249710236255,0,249710236255,0.3333333333333333,0.6666666666666666,0.3333333333333333,0,208,0.05,4.321928094887363,0.0,4.247927513443585,20,0.06246440555858628,0.9783014335280622,-0.01584193446153881,85854,0.9688102372542121,122880.26315789473,85854,119047.65690386001,0.05263157894736842,20,0.37202906975913685,0.8540709981806899,0.0,0.0,0.0,0.0,0.0,10,10,4.1,5,4.9,5.5,0.7744065574451694,0.5,20
0,153285204898,153285204898,0,153285204898,153285204898,,,,1,11,,,,,,,,,,,,,,,,,,,,,,,,,,,,,,,1
,,,,,,,,,,,,,,,,,,,,,,,,,,,,,,,,,,,,,,,,,0
,,,,,,,,,,,,,,,,,,,,,,,,,,,,,,,,,,,,,,,,,0
0,15000000000,15000000000,0,15000000000,15000000000,,,,0,3,,,,,,,,,,,,,,,,,,,,,,,,,,,,,,,1
0,0,0,0,0,0,,,,0,11,,,,,,,,,,,,,,,,,,,,,,,,,,,,,,,1
216144363210,216144363210,432288726420.0,432288726420,0,432288726420,,,,2,8,,,,,,,,,,,,,,,,,,,,,,,,,,,,,,,2
,,,,,,,,,,,,,,,,,,,,,,,,,,,,,,,,,,,,,,,,,0
,,,,,,,,,,,,,,,,,,,,,,,,,,,,,,,,,,,,,,,,,0
,,,,,,,,,,,,,,,,,,,,,,,,,,,,,,,,,,,,,,,,,0
3100000000,3100000000,6200000000.0,6200000000,0,6200000000,,,,2,8,,,,,,,,,,,,,,,,,,,,,,,,,,,,,,,2
,,,,,,,,,,,,,,,,,,,,,,,,,,,,,,,,,,,,,,,,,0
,,,,,,,,,,,,,,,,,,,,,,,,,,,,,,,,,,,,,,,,,0
,,,,,,,,,,,,,,,,,,,,,,,,,,,,,,,,,,,,,,,,,0
,,,,,,,,,,,,,,,,,,,,,,,,,,,,,,,,,,,,,,,,,0
,,,,,,,,,,,,,,,,,,,,,,,,,,,,,,,,,,,,,,,,,0
,,,,,,,,,,,,,,,,,,,,,,,,,,,,,,,,,,,,,,,,,0
419088068946.61664,0,224428975675.5,25145284136797,-25145284136797,0,0.6666666666666666,0.3333333333333333,0.0,0,660,0.5,3.4534452978042594,0.5,5.882643049361842,31,-0.0,0.9972309552488496,-0.002584724919443126,983,0.9948438773198928,42483.28813559322,983,42264.239090111754,0.288135593220339,60,0.7302678857524881,0.06497598621477506,0.0,0.0,0.0,0.0,0.0,10,10,0.5,5.5,5.5,5.5,1.0,0.5,60
3775000000000,3775000000000,7550000000000.0,15100000000000,0,15100000000000,0.3333333333333333,0.3333333333333333,,0,10,0.5,1.5,0.5,1.584962500721156,3,,,,,,,,,,,,,0.0,0.0,0.0,0.0,0.0,1,2,0.5,1,1,1.5,1.0,0.5,4
12324490495.4,0,11724545767.5,246489809908,-246489809908,0,0.6666666666666666,0.3333333333333333,0.3333333333333333,0,130,0.5,2.6609640474436813,0.5,4.247927513443585,11,-0.0,0.9695703501901249,0.0224906526689098,988,1.046016240622796,122828.73684210527,988,128480.85355202566,0.2631578947368421,20,0.9129326970139385,0.1587904410220902,0.0,0.0,0.0,0.0,0.0,1,10,0.5,5.5,1,5.5,1.0,0.5,20
,,,,,,,,,,,,,,,,,,,,,,,,,,,,,,,,,,,,,,,,,0
450470695840.5,450470695840.5,900941391681.0,900941391681,0,900941391681,,,,0,5,,,,,,,,,,,,,,,,,,,,,,,,,,,,,,,2
20366904487.42857,20366904487.42857,42896189278.0,285136662824,0,285136662824,0.3333333333333333,0.3333333333333333,0.0,0,111,0.14285714285714285,3.521640636343318,0.2857142857142857,3.7004397181410926,12,0.3996213468075347,0.9999999999999999,-0.12970438417009575,19279,0.7703746466994916,40461.92307692308,19279,31170.839695166622,0.07692307692307693,14,0.5452195449635419,0.14652059364548548,0.0,0.0,0.0,0.0,0.0,5,10,1.9285714285714286,5,2.4285714285714284,5.5,0.8446958733715438,0.5,14
0,115010244908.7,0.0,0,3450307347261,3450307347261,0.3333333333333333,0.3333333333333333,1.0,0,330,0.03333333333333333,4.906890595608519,0.0,4.857980995127572,30,0.37912391383856625,0.9972309552488496,-0.8704552726474737,86239,0.06925839352959583,86265.96551724138,86239,5974.642188003647,0.5517241379310345,30,0.9725427632864637,0.9656535501542359,0.0,0.0,0.0,0.0,0.0,1,10,1,9.766666666666667,1,10,0.783776947484701,0.7666666666666667,30
5651628583.76,1760896990.68,0,141290714594,-97268289827,44022424767,0.3333333333333333,0.3333333333333333,0.0,0,356,0.04,4.643856189774724,0.0,4.584962500721156,25,0.47521219054995745,0.9612922645609548,-0.11883568613764667,27469.0,0.7875725853044936,29281.541666666668,27469.0,23061.339472117917,0.16666666666666666,25,0.45554163708573275,0.13789003204559477,0.0,0.0,0.0,0.0,0.0,10,10,2,7.44,6.76,7.48,0.8094764474964823,0.36,25
29915994704.09756,29915994704.09756,59637015630.5,4906223131472,0,4906223131472,0.3333333333333333,0.3333333333333333,0.0,0,474,0.5,3.6529294720802157,0.7926829268292683,6.2905829891080405,50,0.7564218728689848,0.9957930840209849,0.27019136440335145,733,1.7404444157678647,15333.944785276073,733,26687.87857322651,0.012269938650306749,164,0.4274440881226605,0.1219972814191445,0.036585365853658534,0.0,0.0,0.0,0.0,4,2,0.5,1,1.3902439024390243,1.5,0.7114435932886883,0.5,164
,,,,,,,,,,,,,,,,,,,,,,,,,,,,,,,,,,,,,,,,,0
,,,,,,,,,,,,,,,,,,,,,,,,,,,,,,,,,,,,,,,,,0
,,,,,,,,,,,,,,,,,,,,,,,,,,,,,,,,,,,,,,,,,0
30196143434.523438,30196143434.523438,59498709848.0,15460425438476,0,15460425438476,0.0,0.3333333333333333,0.0,0,2727,0.037109375,8.116247085998362,0.328125,8.997179480937621,377,0.9963795369082012,0.9958613227354458,-0.16115715843029774,3840,0.7224197305933041,5068.1506849315065,3840,3661.3320524144888,0.04892367906066536,512,0.5299906928061188,0.022340454337898524,0.041015625,0.0,0.0,0.0,0.0,10,2,2.8125,1,3.826171875,1.5,0.7499494493490829,0.3046875,512
0,6808198026879,6808198026879,0,6808198026879,6808198026879,,,,0,3,,,,,,,,,,,,,,,,,,,,,,,,,,,,,,,1
261170265009.2987,261170265009.2987,521850031525.0,40220220811432,0,40220220811432,0.3333333333333333,0.3333333333333333,0.0,0,1029,0.5,4.058654471618055,0.551948051948052,7.106933267472693,73,0.9426197858813866,0.9939976171270539,0.010794325805492624,855,1.0218242294541673,16584.196078431374,855,16946.133378959963,0.013071895424836602,154,0.4451443242918905,0.03134349868105709,0.5,0.0,0.0,0.0,0.0,10,2,0.5,1,5.181818181818182,1.5,0.759983500554923,0.5,154
0,16943994986119,16943994986119,0,16943994986119,16943994986119,,,,0,2,,,,,,,,,,,,,,,,,,,,,,,,,,,,,,,1
2046115157022.8333,2046115157022.8333,2031147423689.5,12276690942137,0,12276690942137,0.3333333333333333,0.0,,3,21,0.16666666666666666,2.584962500721156,0.0,2.321928094887362,6,0.491089985367093,0.23154265837250496,0.31963930918994543,,1.9396172163014733,223071.4,6279,432673.12790447247,0.2,6,,,0.0,0.16666666666666666,0.16666666666666666,0.6666666666666666,0.5,2,2,0.8333333333333334,1.3333333333333333,1.5,2,0.9591479170272448,0.3333333333333333,6
4731733500000,4731733500000,9463467000000.0,9463467000000,0,9463467000000,,,,0,5,,,,,,,,,,,,,,,,,,,,,,,,,,,,,,,2
,,,,,,,,,,,,,,,,,,,,,,,,,,,,,,,,,,,,,,,,,0
,,,,,,,,,,,,,,,,,,,,,,,,,,,,,,,,,,,,,,,,,0
,,,,,,,,,,,,,,,,,,,,,,,,,,,,,,,,,,,,,,,,,0
421314128729.4286,418660549456.8571,138039743243,2949198901106,-18575054908,2930623846198,0.0,0.0,,0,28,0.2857142857142857,2.521640636343318,0.2857142857142857,2.584962500721156,6,0.5499806456316046,0.6562657890890309,-0.3040084448234039,,0.5337323986968897,152959.33333333334,173553.5,81639.35188307712,0.3333333333333333,7,,,0.42857142857142855,0.14285714285714285,0.0,0.2857142857142857,0.0,4,2,0.42857142857142855,0.7142857142857143,2.2857142857142856,1.7142857142857142,0.9629610647945144,0.2857142857142857,7
,,,,,,,,,,,,,,,,,,,,,,,,,,,,,,,,,,,,,,,,,0
,,,,,,,,,,,,,,,,,,,,,,,,,,,,,,,,,,,,,,,,,0
,,,,,,,,,,,,,,,,,,,,,,,,,,,,,,,,,,,,,,,,,0
,,,,,,,,,,,,,,,,,,,,,,,,,,,,,,,,,,,,,,,,,0
3345261423405,3345261423405,6690522846810.0,6690522846810,0,6690522846810,,,,1,8,,,,,,,,,,,,,,,,,,,,,,,,,,,,,,,2
13894965993,13894965993,27789931986.0,27789931986,0,27789931986,,,,4,8,,,,,,,,,,,,,,,,,,,,,,,,,,,,,,,2
,,,,,,,,,,,,,,,,,,,,,,,,,,,,,,,,,,,,,,,,,0
3099987856.5,3099987856.5,6199975713.0,6199975713,0,6199975713,,,,3,8,,,,,,,,,,,,,,,,,,,,,,,,,,,,,,,2
,,,,,,,,,,,,,,,,,,,,,,,,,,,,,,,,,,,,,,,,,0
141411077504.34482,33491056975.275864,0,4100921247626,-3129680595343,971240652283,0.3333333333333333,0.3333333333333333,0.6666666666666666,0,437,0.034482758620689655,4.857980995127572,0.0,4.807354922057605,29,0.2577805540709821,0.9902165069037525,-0.16855051993080458,43203.0,0.7115220659166961,50383.28571428572,43203.0,35848.819539099735,0.0,29,0.8056671950068836,0.7551997432775107,0.0,0.0,0.0,0.0,0.0,10,10,4.931034482758621,5.344827586206897,9.689655172413794,5.379310344827586,0.6676943920551162,0.4827586206896552,29
1.1129520167770068e+16,1979520167670067.5,9150000000100000.0,22259040335540135,-18300000000200000,3959040335340135,,,,0,10,,,,,,,,,,,,,,,,,,,,,,,,,,,,,,,2
1140079050000,1140079050000,2280158100000.0,2280158100000,0,2280158100000,,,,0,5,,,,,,,,,,,,,,,,,,,,,,,,,,,,,,,2
585242646190257.6,585242646190257.6,1327002503795300,73155330773782200,0,73155330773782200,0.3333333333333333,0.0,0.0,0,336,0.488,3.4371826643622163,0.784,5.740819371336719,38,0.4707771439112684,0.9965680287116407,0.2231252051045997,833,1.5744174133867779,16882.43089430894,833,26579.993180298912,0.04065040650406504,125,0.4533383845562958,0.1100086006973716,0.016,0.0,0.0,0.0,0.0,10,2,0.504,1,1.184,1.504,0.5839976421941413,0.488,125
,,,,,,,,,,,,,,,,,,,,,,,,,,,,,,,,,,,,,,,,,0
29912771085.615383,29912771085.615383,59835345215.0,8555052530486,0,8555052530486,0.3333333333333333,0.3333333333333333,0.0,0,807,0.5,3.7826454333744564,0.8636363636363636,6.561660163689191,67,0.984026728554805,0.9918257607821255,0.6560690648373397,782,4.815120989492005,9053.073684210527,782,43591.645116259824,0.014035087719298246,286,0.43944151631739803,0.036149146868501236,0.01048951048951049,0.0,0.0,0.0,0.0,5,2,0.5,1,1.3216783216783217,1.5,0.6711552981016153,0.5,286
,,,,,,,,,,,,,,,,,,,,,,,,,,,,,,,,,,,,,,,,,0
,,,,,,,,,,,,,,,,,,,,,,,,,,,,,,,,,,,,,,,,,0
,,,,,,,,,,,,,,,,,,,,,,,,,,,,,,,,,,,,,,,,,0
,,,,,,,,,,,,,,,,,,,,,,,,,,,,,,,,,,,,,,,,,0
0,16570607466844.5,16570607466844.5,0,33141214933689,33141214933689,,,,0,21,,,,,,,,,,,,,,,,,,,,,,,,,,,,,,,2
,,,,,,,,,,,,,,,,,,,,,,,,,,,,,,,,,,,,,,,,,0
,,,,,,,,,,,,,,,,,,,,,,,,,,,,,,,,,,,,,,,,,0
,,,,,,,,,,,,,,,,,,,,,,,,,,,,,,,,,,,,,,,,,0
6262997242.694445,55970014259.203705,60912152690.0,676403702211,5368357837783,6044761539994,0.3333333333333333,0.6666666666666666,0.0,0,581,0.4166666666666667,4.323006350874928,0.5277777777777778,5.82334861370625,57,0.8981216091272178,0.9849806550927048,0.019598965315788412,8023.5,1.0399815271963708,10853.432692307691,8023.5,11287.36950666917,0.07692307692307693,108,0.4857777263356747,0.053820349158822105,0.07407407407407407,0.0,0.0,0.0,0.0,10,2,2.2685185185185186,1,3.574074074074074,1.8055555555555556,0.5653118346948176,0.6111111111111112,108
,,,,,,,,,,,,,,,,,,,,,,,,,,,,,,,,,,,,,,,,,0
,,,,,,,,,,,,,,,,,,,,,,,,,,,,,,,,,,,,,,,,,0
,,,,,,,,,,,,,,,,,,,,,,,,,,,,,,,,,,,,,,,,,0
68548818212,68548745962,72250.0,137097636424,-144500,137097491924,,,,3,8,,,,,,,,,,,,,,,,,,,,,,,,,,,,,,,2
99941032606.11111,99941024177.22223,8155,899469293455,-75860,899469217595,0.6666666666666666,1.0,0.0,48,94,0.1111111111111111,3.169925001442312,0.0,3.0,9,0.4100284240997427,0.43613810130875313,0.2680043387636686,1115.5,1.7322566319888089,36923.375,1115.5,63960.76121915979,0.0,9,0.38560725438545346,0.40976882879931525,0.0,0.2222222222222222,1.0,1.0,1.0,6,6,3.111111111111111,3.111111111111111,5.111111111111111,5.333333333333333,0.7725068857142602,0.6666666666666666,9
,,,,,,,,,,,,,,,,,,,,,,,,,,,,,,,,,,,,,,,,,0
19196217428358.4,19196217428358.4,33981087141792,95981087141792,0,95981087141792,0.0,0.0,,0,23,0.2,2.321928094887362,0.0,2.0,5,0.2117684919564665,0.3458595800715595,0.2671858733834215,,1.7292050294309294,122741,227.0,212244.3545173817,0.0,5,,,0.2,0.0,0.4,0.0,0.2,10,2,1,0.8,3.2,1.4,1.0,0.2,5
48199996796,0,48199996796,48199996796,-48199996796,0,,,,0,2,,,,,,,,,,,,,,,,,,,,,,,,,,,,,,,1
,,,,,,,,,,,,,,,,,,,,,,,,,,,,,,,,,,,,,,,,,0
,,,,,,,,,,,,,,,,,,,,,,,,,,,,,,,,,,,,,,,,,0
22362915528189,11181457764094.5,11181457764094.5,44725831056378,-22362915528189,22362915528189,,,,3,6,,,,,,,,,,,,,,,,,,,,,,,,,,,,,,,2
,,,,,,,,,,,,,,,,,,,,,,,,,,,,,,,,,,,,,,,,,0
,,,,,,,,,,,,,,,,,,,,,,,,,,,,,,,,,,,,,,,,,0
55942971025.75222,358224198011.1989,345008545459.5,50348673923177,272053104286902,322401778210079,0.0,0.0,0.6666666666666666,0,7985,0.015555555555555555,8.71741248720422,0.4622222222222222,9.805503223200766,575,0.999201113038539,0.9973519948454173,-0.5965487661439091,2846,0.2527021049476198,2877.3036707452725,2846,727.1006941708436,0.17797552836484984,900,0.877472407925903,0.011874034577247498,0.9977777777777778,0.0,0.0,0.024444444444444446,0.0,10,2,0.9755555555555555,1,6.872222222222222,2,0.8991865678973177,0.17888888888888888,900
25500000000000,25500000000000,0,25500000000000,0,25500000000000,,,,2,4,,,,,,,,,,,,,,,,,,,,,,,,,,,,,,,1
,,,,,,,,,,,,,,,,,,,,,,,,,,,,,,,,,,,,,,,,,0
,,,,,,,,,,,,,,,,,,,,,,,,,,,,,,,,,,,,,,,,,0
34826473306,34826473306,69652946612.0,69652946612,0,69652946612,,,,1,8,,,,,,,,,,,,,,,,,,,,,,,,,,,,,,,2
6216060945.684211,69662579618.64912,70847503269,3897470212944,39780967207949,43678437420893,0.3333333333333333,0.3333333333333333,0.0,0,2898,0.03508771929824561,7.617754447491946,0.5933014354066986,9.256864074564945,324,0.9840218246891765,0.9967835660670842,-0.39174220181882236,3779,0.4370477502128378,4172.636510500808,3779,1823.6413993703243,0.09531502423263329,627,0.7356803857234645,0.0029388627126764157,0.1674641148325359,0.0,0.0,0.0,0.0,10,2,1.4768740031897927,1,2.7001594896331738,1.9218500797448166,0.4700989841893366,0.6076555023923444,627
11670299998602,0,11670299998602,11670299998602,-11670299998602,0,,,,1,2,,,,,,,,,,,,,,,,,,,,,,,,,,,,,,,1
,,,,,,,,,,,,,,,,,,,,,,,,,,,,,,,,,,,,,,,,,0
2650000000000,2650000000000,5300000000000.0,5300000000000,0,5300000000000,,,,0,14,,,,,,,,,,,,,,,,,,,,,,,,,,,,,,,2
,,,,,,,,,,,,,,,,,,,,,,,,,,,,,,,,,,,,,,,,,0
7594077944860,0,7594077944860,7594077944860,-7594077944860,0,,,,0,4,,,,,,,,,,,,,,,,,,,,,,,,,,,,,,,1
516699689471.15,184382664832.91666,1009116679005.0,31001981368269,-19939021478294,11062959889975,0.6666666666666666,0.3333333333333333,0.0,0,390,0.5,3.4534452978042594,0.5,5.882643049361842,31,0.381371209600582,0.9972309552488496,0.005260880484144947,720,1.0105774074446885,42406.93220338983,720,42855.487603784364,0.03389830508474576,60,0.4945205030144993,0.08759018990339996,0.0,0.0,0.0,0.0,0.0,1,10,0.5,5.316666666666666,1,5.5,0.9300151398700389,0.5,60
,,,,,,,,,,,,,,,,,,,,,,,,,,,,,,,,,,,,,,,,,0
,,,,,,,,,,,,,,,,,,,,,,,,,,,,,,,,,,,,,,,,,0
9527034314409.5,9527034314409.5,19054068628819.0,19054068628819,0,19054068628819,,,,2,8,,,,,,,,,,,,,,,,,,,,,,,,,,,,,,,2
0,40500000000000,40500000000000,0,40500000000000,40500000000000,,,,1,5,,,,,,,,,,,,,,,,,,,,,,,,,,,,,,,1
0,30991888419.75,30972989952.5,0,123967553679,123967553679,0.3333333333333333,0.3333333333333333,,0,44,0.25,2.0,0.0,1.584962500721156,4,,,,,,,,,,,,,0.0,0.0,0.0,0.0,0.0,1,10,1,9,1,10,0.0,1.0,4
,,,,,,,,,,,,,,,,,,,,,,,,,,,,,,,,,,,,,,,,,0
7500150000000,7500150000000,15000300000000.0,15000300000000,0,15000300000000,,,,1,8,,,,,,,,,,,,,,,,,,,,,,,,,,,,,,,2
,,,,,,,,,,,,,,,,,,,,,,,,,,,,,,,,,,,,,,,,,0
0,50573478428.52941,50386399259,0,859749133285,859749133285,0.3333333333333333,0.0,0.6666666666666666,0,63,0.4117647058823529,2.8138461086383844,0.5294117647058824,3.875,10,0.8145152036014163,0.9633747691001248,-0.813956901968936,151675.5,0.10256202770260191,154115.9375,151675.5,15806.443051287464,0.4375,17,0.9391512273625306,0.579991432610972,0.11764705882352941,0.0,0.0,0.0,0.0,3,2,1,1,1.7058823529411764,2,0.8846148739279865,0.47058823529411764,17
10340000000000,10340000000000,31000000000000,31020000000000,0,31020000000000,0.0,0.0,,0,10,0.3333333333333333,1.584962500721156,0.0,1.0,3,,,,,,,,,,,,,0.0,0.0,0.3333333333333333,0.0,0.3333333333333333,2,2,1,1,1.6666666666666667,1.6666666666666667,1.0,0.3333333333333333,3
657555142196.4333,147342555778.46667,1269708111413.5,19726654265893,-15306377592539,4420276673354,0.6666666666666666,0.3333333333333333,0.0,0,195,0.5,2.9534452978042594,0.5,4.857980995127572,16,0.45037327199026894,0.9937817529033621,0.014146285158589176,1034,1.0286985481631314,41541.24137931035,1034,42733.41469579076,0.034482758620689655,30,0.4282010392445899,0.0265637517832272,0.0,0.0,0.0,0.0,0.0,1,10,0.5,5.4,1,5.5,0.858672711073255,0.5,30
,,,,,,,,,,,,,,,,,,,,,,,,,,,,,,,,,,,,,,,,,0
,,,,,,,,,,,,,,,,,,,,,,,,,,,,,,,,,,,,,,,,,0
,,,,,,,,,,,,,,,,,,,,,,,,,,,,,,,,,,,,,,,,,0
9948984680,9948984680,19897969360.0,19897969360,0,19897969360,,,,2,9,,,,,,,,,,,,,,,,,,,,,,,,,,,,,,,2
,,,,,,,,,,,,,,,,,,,,,,,,,,,,,,,,,,,,,,,,,0
7979320380100,7979320380100,15958640760200.0,15958640760200,0,15958640760200,,,,0,5,,,,,,,,,,,,,,,,,,,,,,,,,,,,,,,2
10016249307151,5008124653575.5,5008124653575.5,20032498614302,-10016249307151,10016249307151,,,,3,6,,,,,,,,,,,,,,,,,,,,,,,,,,,,,,,2
3099999269,3099999269,6199998538.0,6199998538,0,6199998538,,,,4,8,,,,,,,,,,,,,,,,,,,,,,,,,,,,,,,2
,,,,,,,,,,,,,,,,,,,,,,,,,,,,,,,,,,,,,,,,,0
,,,,,,,,,,,,,,,,,,,,,,,,,,,,,,,,,,,,,,,,,0
,,,,,,,,,,,,,,,,,,,,,,,,,,,,,,,,,,,,,,,,,0
,,,,,,,,,,,,,,,,,,,,,,,,,,,,,,,,,,,,,,,,,0
,,,,,,,,,,,,,,,,,,,,,,,,,,,,,,,,,,,,,,,,,0
,,,,,,,,,,,,,,,,,,,,,,,,,,,,,,,,,,,,,,,,,0
,,,,,,,,,,,,,,,,,,,,,,,,,,,,,,,,,,,,,,,,,0
59006896080537.125,60692731434540.02,24308066085145,2773324115785245,79234261638136,2852558377423381,0.0,0.3333333333333333,0.0,0,123,0.02127659574468085,5.554588851677638,0.0,5.523561956057013,47,0.7779351035888575,0.8609955106196506,0.1989186453994594,8128.5,1.4966253283941433,53521.782608695656,8128.5,80102.05547297909,0.0,47,0.37551569764737425,0.20961723127016801,0.0851063829787234,0.19148936170212766,0.0,0.2978723404255319,0.0,6,2,0.7021276595744681,0.2978723404255319,1.3191489361702127,1.297872340425532,0.5687802819737252,0.7021276595744681,47
,,,,,,,,,,,,,,,,,,,,,,,,,,,,,,,,,,,,,,,,,0
11801822798.6,3099999558.5,8239101916.0,354054683958,-261054697203,92999986755,1.0,0.3333333333333333,0.0,0,360,0.23333333333333334,3.6681819469841797,0.5,4.857980995127572,18,0.04598561063157427,0.9937817529033621,0.009616147806534319,5728,1.0194190318940213,83452.86206896552,5728,85073.43585913013,0.034482758620689655,30,0.43024483957013726,0.11971281649484741,0.0,0.0,0.0,0.5,0.0,10,10,0.5,5.5,6,6,1.0,0.5,30
,,,,,,,,,,,,,,,,,,,,,,,,,,,,,,,,,,,,,,,,,0
,,,,,,,,,,,,,,,,,,,,,,,,,,,,,,,,,,,,,,,,,0
797974869945652.1,797974869945652.1,1327774209000000.0,73413688035000000,0,73413688035000000,0.0,0.0,0.0,0,414,0.41304347826086957,4.312461461373793,0.45652173913043476,6.507794640198697,53,0.31369581584099415,0.9956338347519711,0.04807354448657038,26831.5,1.1010026440764091,23427.566666666666,26831.5,25793.81284427635,0.15555555555555556,92,0.3928632675417607,0.0823260840501093,0.32608695652173914,0.0,0.0,0.0,0.0,10,2,0.7065217391304348,1,2.989130434782609,1.5108695652173914,0.7602774868597918,0.41304347826086957,92
0,3634404367979,3634404367979,0,3634404367979,3634404367979,,,,0,8,,,,,,,,,,,,,,,,,,,,,,,,,,,,,,,1
,,,,,,,,,,,,,,,,,,,,,,,,,,,,,,,,,,,,,,,,,0
21505544063581,0,21505544063581,21505544063581,-21505544063581,0,,,,1,5,,,,,,,,,,,,,,,,,,,,,,,,,,,,,,,1
207412248995.70834,207412248995.70834,390639354992.0,4977893975897,0,4977893975897,0.0,0.3333333333333333,0.0,0,94,0.4583333333333333,2.9993896755123948,0.4583333333333333,4.523561956057013,14,0.7490924546811618,0.8614143566435981,0.2671824470152044,3362,1.7291922687358114,89932.56521739131,3362,155510.6964814922,0.17391304347826086,24,0.43416752951300114,0.16173776722486538,0.041666666666666664,0.0,0.0,0.0,0.0,9,2,2.2083333333333335,0.5416666666666666,2.875,1.0416666666666667,0.7785471354893283,0.4583333333333333,24
0,15000000000,15000000000.0,0,300000000000,300000000000,0.0,0.3333333333333333,0.0,0,63,0.05,4.321928094887363,0.0,4.247927513443585,20,0.611499373357222,0.8420257457928755,0.19204799796495003,2700,1.4753945716607524,64260,2700,94808.85517491995,0.05263157894736842,20,0.39207728763309185,0.19989994801323102,0.0,0.0,0.0,0.0,0.0,2,2,1,1,1.15,2,0.6098403047164004,0.85,20
0,50206418742.2,50165201597,0,251032093711,251032093711,0.0,0.3333333333333333,,0,21,0.2,2.321928094887362,0.0,2.0,5,0.4191807663825097,0.8270874753469161,-0.9448778254069424,,0.02834222997093603,483968.5,481809.5,13716.746525688954,1.0,5,,,0.2,0.0,0.0,0.0,0.0,4,2,1,1,2.2,2,0.8649735207179273,0.6,5
18620608740000,0,18620608740000,18620608740000,-18620608740000,0,,,,0,3,,,,,,,,,,,,,,,,,,,,,,,,,,,,,,,1
,,,,,,,,,,,,,,,,,,,,,,,,,,,,,,,,,,,,,,,,,0
2695256098960.5,2695256098960.5,5390512197921.0,10781024395842,0,10781024395842,0.3333333333333333,0.3333333333333333,,0,26,0.5,1.5,0.5,1.584962500721156,3,,,,,,,,,,,,,0.5,0.0,0.25,0.0,0.0,10,1,0.75,0.5,5.5,1,0.9463946303571862,0.5,4
99909683622,99909676713.5,6908.5,199819367244,-13817,199819353427,,,,4,8,,,,,,,,,,,,,,,,,,,,,,,,,,,,,,,2
,,,,,,,,,,,,,,,,,,,,,,,,,,,,,,,,,,,,,,,,,0
,,,,,,,,,,,,,,,,,,,,,,,,,,,,,,,,,,,,,,,,,0
83288408064489.8,83288408064489.8,147416199800000,4081131995160000,0,4081131995160000,0.3333333333333333,0.0,0.0,0,150,0.42857142857142855,3.6098391119039026,0.5510204081632653,5.376629167387822,26,0.8722370000114865,0.9546238380651515,0.3639829033104501,772.0,2.1445695570291123,32035.291666666668,772.0,68701.91125888175,0.041666666666666664,49,0.5311174898509367,0.03714963467775991,0.08163265306122448,0.0,0.0,0.0,0.0,10,3,0.5306122448979592,1.0408163265306123,1.489795918367347,1.5714285714285714,0.6320338402598219,0.42857142857142855,49
,,,,,,,,,,,,,,,,,,,,,,,,,,,,,,,,,,,,,,,,,0
1908344000000,0,1908344000000,1908344000000,-1908344000000,0,,,,0,12,,,,,,,,,,,,,,,,,,,,,,,,,,,,,,,1
2016812376.4,0,0,10084061882,-10084061882,0,0.3333333333333333,0.6666666666666666,,0,88,0.2,2.321928094887362,0.0,2.0,5,-0.0,-0.0,-0.26809345843015364,,0.5771708202610838,453606,604730.5,261808.14709534918,0.75,5,,,0.0,0.0,0.0,0.0,0.0,10,10,2,8.2,9.4,8.2,0.7219280948873623,0.8,5
65153172081962,65153172081962,130306344163924.0,130306344163924,0,130306344163924,,,,0,14,,,,,,,,,,,,,,,,,,,,,,,,,,,,,,,2
,,,,,,,,,,,,,,,,,,,,,,,,,,,,,,,,,,,,,,,,,0
,,,,,,,,,,,,,,,,,,,,,,,,,,,,,,,,,,,,,,,,,0
52389991365307.664,52374991363722.164,15000001594.0,1571699740959230,-450000047565,1571249740911665,0.6666666666666666,0.6666666666666666,0.0,90,150,0.03333333333333333,4.906890595608519,0.0,4.857980995127572,30,0.7705438296220996,0.8939680826222827,0.17203668660161564,15102,1.4155659648625958,70866.24137931035,15102,100315.83935428906,0.034482758620689655,30,0.37246301521644637,0.2320397443911292,0.0,1.0,1.0,1.0,1.0,2,3,1,2,2,3,0.0,1.0,30
,,,,,,,,,,,,,,,,,,,,,,,,,,,,,,,,,,,,,,,,,0
,,,,,,,,,,,,,,,,,,,,,,,,,,,,,,,,,,,,,,,,,0
12298327675,0,12298327675,12298327675,-12298327675,0,,,,1,12,,,,,,,,,,,,,,,,,,,,,,,,,,,,,,,1
0,0,0,0,0,0,,,,0,11,,,,,,,,,,,,,,,,,,,,,,,,,,,,,,,1
,,,,,,,,,,,,,,,,,,,,,,,,,,,,,,,,,,,,,,,,,0
,,,,,,,,,,,,,,,,,,,,,,,,,,,,,,,,,,,,,,,,,0
,,,,,,,,,,,,,,,,,,,,,,,,,,,,,,,,,,,,,,,,,0
,,,,,,,,,,,,,,,,,,,,,,,,,,,,,,,,,,,,,,,,,0
24860052974,24860052831.466667,25000000126.0,745801589220,-4276,745801584944,0.3333333333333333,0.6666666666666666,0.0,0,148,0.03333333333333333,4.906890595608519,0.0,4.857980995127572,30,0.15745561599987182,0.9937817529033621,0.01645787724231506,192,1.0334665427367158,83405.27586206897,192,86196.56209117446,0.06896551724137931,30,0.645648526427892,0.15784643931045494,0.43333333333333335,0.0,0.5,0.5,0.5,4,3,1,1.5,2.433333333333333,2.5,0.8096436052541137,0.5,30
6200000000,0,6200000000,6200000000,-6200000000,0,,,,2,4,,,,,,,,,,,,,,,,,,,,,,,,,,,,,,,1
,,,,,,,,,,,,,,,,,,,,,,,,,,,,,,,,,,,,,,,,,0
,,,,,,,,,,,,,,,,,,,,,,,,,,,,,,,,,,,,,,,,,0
,,,,,,,,,,,,,,,,,,,,,,,,,,,,,,,,,,,,,,,,,0
8748093760000,0,8748093760000,8748093760000,-8748093760000,0,,,,0,12,,,,,,,,,,,,,,,,,,,,,,,,,,,,,,,1
,,,,,,,,,,,,,,,,,,,,,,,,,,,,,,,,,,,,,,,,,0
17738211327511.332,17469269993250,25536276000000,53214633982534,-806824002784,52407809979750,0.0,0.0,,0,18,0.3333333333333333,1.584962500721156,0.0,1.0,3,,,,,,,,,,,,,0.3333333333333333,0.3333333333333333,0.0,0.3333333333333333,0.0,10,2,0.6666666666666666,1,4,2,1.0,0.3333333333333333,3
148545982061.26834,148156110871.49115,122008086433,58675662914201,-153999119962,58521663794239,0.0,0.0,0.0,0,2528,0.17721518987341772,7.030103963556633,0.44556962025316454,8.333096727190409,256,0.9859997808661879,0.9888180014207281,0.11083520282907246,3767.0,1.2493018238727376,6549.099489795918,3767.0,8181.801937326055,0.08418367346938775,395,0.5875917609056821,0.033131732667363904,0.3392405063291139,0.0,0.0,0.0,0.0,10,2,1.3848101265822785,1,4.686075949367089,1.7139240506329114,0.7250362875908934,0.30886075949367087,395
,,,,,,,,,,,,,,,,,,,,,,,,,,,,,,,,,,,,,,,,,0
,,,,,,,,,,,,,,,,,,,,,,,,,,,,,,,,,,,,,,,,,0
,,,,,,,,,,,,,,,,,,,,,,,,,,,,,,,,,,,,,,,,,0
10070000000000,5035000000000,5035000000000.0,20140000000000,-10070000000000,10070000000000,,,,3,6,,,,,,,,,,,,,,,,,,,,,,,,,,,,,,,2
,,,,,,,,,,,,,,,,,,,,,,,,,,,,,,,,,,,,,,,,,0
,,,,,,,,,,,,,,,,,,,,,,,,,,,,,,,,,,,,,,,,,0
,,,,,,,,,,,,,,,,,,,,,,,,,,,,,,,,,,,,,,,,,0
0,950000000000000,950000000000000,0,950000000000000,950000000000000,,,,1,4,,,,,,,,,,,,,,,,,,,,,,,,,,,,,,,1
,,,,,,,,,,,,,,,,,,,,,,,,,,,,,,,,,,,,,,,,,0
14688700018869.5,14688700018869.5,29377400037739.0,29377400037739,0,29377400037739,,,,0,6,,,,,,,,,,,,,,,,,,,,,,,,,,,,,,,2
,,,,,,,,,,,,,,,,,,,,,,,,,,,,,,,,,,,,,,,,,0
0,102500019568653,102500019568653.0,0,205000039137306,205000039137306,,,,0,6,,,,,,,,,,,,,,,,,,,,,,,,,,,,,,,2
3070031686.5986395,59610073905.591835,58857281829,451294657930,8311386206192,8762680864122,0.3333333333333333,0.3333333333333333,0.3333333333333333,0,556,0.07482993197278912,6.034963070679345,0.54421768707483,7.176125928743031,88,0.97772800952589,0.9984745500092785,0.5144495563521614,9624.0,3.1190365000481095,17684.5,9624.0,55158.60098510079,0.15753424657534246,147,0.8669551099839092,0.1587556823729547,0.034013605442176874,0.0,0.0,0.006802721088435374,0.006802721088435374,10,2,1,1.0068027210884354,1.782312925170068,2,0.5109520876682235,0.6394557823129252,147
211852721333333.34,211852721333333.34,376208864000000.0,1271116328000000,0,1271116328000000,0.0,0.3333333333333333,,0,18,0.3333333333333333,2.2516291673878226,0.3333333333333333,2.321928094887362,5,0.3909478540072342,0.5645750340535796,0.11052925446925584,,1.2485281388390204,139041.4,5372,173597.10036357175,0.2,6,,,0.16666666666666666,0.0,0.0,0.0,0.0,3,3,0.5,1.1666666666666667,1.3333333333333333,1.6666666666666667,0.896240625180289,0.5,6
,,,,,,,,,,,,,,,,,,,,,,,,,,,,,,,,,,,,,,,,,0
12659030162,0,12659030162,12659030162,-12659030162,0,,,,2,4,,,,,,,,,,,,,,,,,,,,,,,,,,,,,,,1
10199999064,0,10199999064,10199999064,-10199999064,0,,,,1,5,,,,,,,,,,,,,,,,,,,,,,,,,,,,,,,1
,,,,,,,,,,,,,,,,,,,,,,,,,,,,,,,,,,,,,,,,,0
,,,,,,,,,,,,,,,,,,,,,,,,,,,,,,,,,,,,,,,,,0
,,,,,,,,,,,,,,,,,,,,,,,,,,,,,,,,,,,,,,,,,0
,,,,,,,,,,,,,,,,,,,,,,,,,,,,,,,,,,,,,,,,,0
,,,,,,,,,,,,,,,,,,,,,,,,,,,,,,,,,,,,,,,,,0
,,,,,,,,,,,,,,,,,,,,,,,,,,,,,,,,,,,,,,,,,0
69155216566666.664,69155216566666.664,134026649800000.0,829862598800000,0,829862598800000,0.3333333333333333,0.3333333333333333,0.0,0,38,0.5,2.292481250360578,0.5,3.4594316186372973,7,0.5637914160289369,0.683310763089587,0.3772719186889119,979,2.2116746618993184,153533.72727272726,979,339566.65435605124,0.09090909090909091,12,0.4535713654975466,0.3113067867769189,0.16666666666666666,0.0,0.0,0.0,0.0,5,2,0.5,1,1.6666666666666667,1.5,0.8437590816619511,0.5,12
,,,,,,,,,,,,,,,,,,,,,,,,,,,,,,,,,,,,,,,,,0
0,13200000000000,13200000000000,0,13200000000000,13200000000000,,,,0,5,,,,,,,,,,,,,,,,,,,,,,,,,,,,,,,1
,,,,,,,,,,,,,,,,,,,,,,,,,,,,,,,,,,,,,,,,,0
,,,,,,,,,,,,,,,,,,,,,,,,,,,,,,,,,,,,,,,,,0
,,,,,,,,,,,,,,,,,,,,,,,,,,,,,,,,,,,,,,,,,0
6861573740.711864,14769169959.38983,0,404832850702,466548176902,871381027604,0.3333333333333333,0.3333333333333333,0.0,0,649,0.01694915254237288,5.882643049361842,0.0,5.857980995127572,59,0.4108339647722094,0.991685865885556,-0.3772248843729765,43198.0,0.4521956600505086,43576.206896551725,43198.0,19704.97164008373,0.0,59,0.7101462352478266,0.3910891750090085,0.0,0.0,0.0,0.0,0.0,10,10,4.9491525423728815,5.5423728813559325,5.423728813559322,5.576271186440678,0.6270615804360677,0.4745762711864407,59
,,,,,,,,,,,,,,,,,,,,,,,,,,,,,,,,,,,,,,,,,0
11862500000000,11862500000000,23725000000000.0,23725000000000,0,23725000000000,,,,1,9,,,,,,,,,,,,,,,,,,,,,,,,,,,,,,,2
2505903694447.5,6237104993597.5,8731202227150.0,5011807388895,7462402598300,12474209987195,,,,0,14,,,,,,,,,,,,,,,,,,,,,,,,,,,,,,,2
0,0,0.0,0,0,0,0.3333333333333333,0.3333333333333333,0.6666666666666666,0,200,0.1,3.3219280948873626,0.0,3.169925001442312,10,-0.0,0.8983289127685206,-0.20356733362438673,86411,0.6617267219917474,124802.77777777778,86411,82585.33303435339,0.7777777777777778,10,0.9997685747687399,0.9999968301189206,0.0,0.0,0.0,0.0,0.0,10,10,1,10,10,10,0.0,1.0,10
,,,,,,,,,,,,,,,,,,,,,,,,,,,,,,,,,,,,,,,,,0
,,,,,,,,,,,,,,,,,,,,,,,,,,,,,,,,,,,,,,,,,0
137057474000000,0,137057474000000,137057474000000,-137057474000000,0,,,,0,2,,,,,,,,,,,,,,,,,,,,,,,,,,,,,,,1
,,,,,,,,,,,,,,,,,,,,,,,,,,,,,,,,,,,,,,,,,0
,,,,,,,,,,,,,,,,,,,,,,,,,,,,,,,,,,,,,,,,,0
50250049897515,50250049897515,100500099795030.0,100500099795030,0,100500099795030,,,,0,13,,,,,,,,,,,,,,,,,,,,,,,,,,,,,,,2
,,,,,,,,,,,,,,,,,,,,,,,,,,,,,,,,,,,,,,,,,0
,,,,,,,,,,,,,,,,,,,,,,,,,,,,,,,,,,,,,,,,,0
,,,,,,,,,,,,,,,,,,,,,,,,,,,,,,,,,,,,,,,,,0
,,,,,,,,,,,,,,,,,,,,,,,,,,,,,,,,,,,,,,,,,0
,,,,,,,,,,,,,,,,,,,,,,,,,,,,,,,,,,,,,,,,,0
,,,,,,,,,,,,,,,,,,,,,,,,,,,,,,,,,,,,,,,,,0
494950000000,494950000000,989900000000.0,989900000000,0,989900000000,,,,0,15,,,,,,,,,,,,,,,,,,,,,,,,,,,,,,,2
25000000000,25000000000,50000000000.0,50000000000,0,50000000000,,,,0,10,,,,,,,,,,,,,,,,,,,,,,,,,,,,,,,2
30946877674.291668,30946877674.291668,51585224285.0,2228175192549,0,2228175192549,0.3333333333333333,0.3333333333333333,0.0,0,210,0.5,3.5294069451656003,0.5555555555555556,6.037071063166654,35,0.917129989003368,0.9724951546808459,0.13122201703366698,1093,1.3020841218503856,35727.94366197183,1093,46520.788148618645,0.04225352112676056,72,0.4247057741475983,0.1776583248845631,0.041666666666666664,0.0,0.0,0.0,0.0,4,2,0.5,1,1.4166666666666667,1.5,0.7109518544298902,0.5,72
2279493786989.125,2279493786989.125,2935253404223.5,18235950295913,0,18235950295913,0.3333333333333333,0.3333333333333333,0.0,0,52,0.5,2.0,0.5,2.8073549220576037,5,0.28327275097476035,0.5343107806620333,0.2223708140028294,769,1.5719199279221459,345950.14285714284,769,543805.923624656,0.14285714285714285,8,0.46248953958366845,0.21711645105065316,0.5,0.0,0.0,0.0,0.0,10,1,0.5,0.5,5.5,1,1.0,0.5,8
17089409090000,0,17089409090000,17089409090000,-17089409090000,0,,,,0,12,,,,,,,,,,,,,,,,,,,,,,,,,,,,,,,1
,,,,,,,,,,,,,,,,,,,,,,,,,,,,,,,,,,,,,,,,,0
15103850929.25,0,12451285311.5,120830807434,-120830807434,0,0.3333333333333333,0.6666666666666666,0.0,0,82,0.125,3.0,0.0,2.8073549220576037,8,-0.0,0.7124143742160444,0.061922306227335897,2154,1.1320195686101504,74365.42857142857,2154,84183.12037093751,0.2857142857142857,8,0.5220700134320932,0.38881967227664016,0.0,0.0,0.0,0.0,0.0,10,10,4.125,5.5,4.75,5.5,0.875,0.5,8
1909375000,825561835469.625,6100000000.0,61100000000,26356878735028,26417978735028,0.3333333333333333,0.3333333333333333,1.0,1,107,0.4375,2.959282221599798,0.8125,4.3893648586343925,13,0.367518000126114,0.9937172459183771,-0.5889928259420689,86240,0.2586589236576676,81410.25806451614,86240,21057.4897256607,0.7419354838709677,32,0.9763169550231826,0.9514370269400776,0.03125,0.0,0.0,0.0,0.0,10,2,0.96875,0.96875,1.34375,2,0.3375188516587831,0.90625,32
0,50599750323.42857,50568339054,0,354198252264,354198252264,0.0,0.3333333333333333,,0,23,0.2857142857142857,2.521640636343318,0.2857142857142857,2.584962500721156,6,0.6122961576274708,0.796453035938273,-0.7151840368171665,,0.166055628474342,261421,244107.0,43410.42845139096,0.8333333333333334,7,,,0.0,0.0,0.0,0.0,0.0,2,2,1,1,1.2857142857142858,2,0.863120568566631,0.7142857142857143,7
,,,,,,,,,,,,,,,,,,,,,,,,,,,,,,,,,,,,,,,,,0
,,,,,,,,,,,,,,,,,,,,,,,,,,,,,,,,,,,,,,,,,0
,,,,,,,,,,,,,,,,,,,,,,,,,,,,,,,,,,,,,,,,,0
,,,,,,,,,,,,,,,,,,,,,,,,,,,,,,,,,,,,,,,,,0
,,,,,,,,,,,,,,,,,,,,,,,,,,,,,,,,,,,,,,,,,0
,,,,,,,,,,,,,,,,,,,,,,,,,,,,,,,,,,,,,,,,,0
,,,,,,,,,,,,,,,,,,,,,,,,,,,,,,,,,,,,,,,,,0
,,,,,,,,,,,,,,,,,,,,,,,,,,,,,,,,,,,,,,,,,0
78458661856172.9,78892907062856.84,394016654741.5,67788283843733388,375187858574931,68163471702308319,0.0,0.6666666666666666,0.6666666666666666,0,5225,0.013888888888888888,9.631877461726553,0.05555555555555555,9.753216749178955,829,0.9938839012751556,0.9968459924718861,-0.4982193414368776,3592.0,0.3349180221381245,3164.831295843521,3592.0,1059.9590380047496,0.7762836185819071,864,0.9938939962703787,0.24451300628368614,0.8796296296296297,0.059027777777777776,0.8692129629629629,0.09837962962962964,0.0,10,2,4.590277777777778,0.09837962962962964,4.949074074074074,1.0983796296296295,0.8151275809346357,0.15046296296296297,864
,,,,,,,,,,,,,,,,,,,,,,,,,,,,,,,,,,,,,,,,,0
0,197342617933.3818,0,0,10853843986336,10853843986336,0.3333333333333333,0.3333333333333333,0.0,0,605,0.01818181818181818,5.78135971352466,0.0,5.754887502163468,55,0.412216374438327,0.9836806408917046,-0.35662061905482095,54706.5,0.4742515128462603,46804.07407407407,54706.5,22196.90293699806,0.2037037037037037,55,0.6499361467298592,0.09344383226768128,0.0,0.0,0.0,0.0,0.0,10,10,4.945454545454545,5.636363636363637,5.254545454545455,5.745454545454545,0.7186160967317038,0.41818181818181815,55
,,,,,,,,,,,,,,,,,,,,,,,,,,,,,,,,,,,,,,,,,0
0,0,0.0,0,0,0,0.3333333333333333,0.3333333333333333,1.0,0,110,0.1,3.3219280948873626,0.0,3.169925001442312,10,-0.0,0.9695703501901249,-0.9997623714926491,259203,0.00011882837217985536,259201,259203,30.80043289739069,1.0,10,0.9998726947627188,0.9999998964653833,0.0,0.0,0.0,0.0,0.0,1,10,1,10,1,10,0.0,1.0,10
38310254038949.32,63223221080293.54,10756193471814.0,1072687113090581,697563077157638,1770250190248219,0.0,0.0,0.6666666666666666,0,138,0.07142857142857142,4.735926350629033,0.07142857142857142,4.754887502163468,27,0.28430238915220635,0.9647494831803137,-0.2828684546959723,86401,0.5590062977064792,73600.07407407407,86401,41142.904919070774,0.5925925925925926,28,0.9996297024933256,0.8512868767423933,0.7142857142857143,0.10714285714285714,0.21428571428571427,0.21428571428571427,0.0,10,2,1.1071428571428572,0.21428571428571427,3.7142857142857144,1.2142857142857142,0.9233986890485872,0.25,28
,,,,,,,,,,,,,,,,,,,,,,,,,,,,,,,,,,,,,,,,,0
40164203785.375,32787486250,15611902686.5,321313630283,-59013740283,262299890000,0.6666666666666666,0.3333333333333333,0.0,7,79,0.125,3.0,0.0,2.8073549220576037,8,0.4156280584475519,0.8014661709930498,0.32788576674388376,79764,1.9756846396643393,223258.42857142858,79764,441088.2480041695,0.2857142857142857,8,0.39990981377516266,0.41909547408754394,0.0,0.0,0.0,0.5,0.5,10,10,1,4.875,4.875,5,0.886859507142915,0.5,8
470912854374273.6,414577836343821.44,17512871288628,5180041398117010,-619685198334974,4560356199782036,0.3333333333333333,0.3333333333333333,0.0,0,35,0.09090909090909091,3.4594316186372973,0.0,3.3219280948873626,11,0.6355509064085956,0.8595594441821144,0.14646449906333547,28787.5,1.3431948616140894,94108.2,28787.5,126405.65067575104,0.0,11,0.6524241732887359,0.37713810521483954,0.0,0.9090909090909091,0.0,1.0,0.0,2,3,0,1.0909090909090908,1.0909090909090908,2.090909090909091,0.5462947022805018,0.8181818181818182,11
0,3204492200000,3204492200000,0,3204492200000,3204492200000,,,,0,3,,,,,,,,,,,,,,,,,,,,,,,,,,,,,,,1
10300994969536,2036939999536,8264054970000.0,20601989939072,-16528109940000,4073879999072,,,,0,6,,,,,,,,,,,,,,,,,,,,,,,,,,,,,,,2
,,,,,,,,,,,,,,,,,,,,,,,,,,,,,,,,,,,,,,,,,0
,,,,,,,,,,,,,,,,,,,,,,,,,,,,,,,,,,,,,,,,,0
,,,,,,,,,,,,,,,,,,,,,,,,,,,,,,,,,,,,,,,,,0
,,,,,,,,,,,,,,,,,,,,,,,,,,,,,,,,,,,,,,,,,0
,,,,,,,,,,,,,,,,,,,,,,,,,,,,,,,,,,,,,,,,,0
,,,,,,,,,,,,,,,,,,,,,,,,,,,,,,,,,,,,,,,,,0
,,,,,,,,,,,,,,,,,,,,,,,,,,,,,,,,,,,,,,,,,0
10125620000,10125120000,500000.0,101256200000,-5000000,101251200000,0.6666666666666666,1.0,0.0,60,90,0.1,3.3219280948873626,0.0,3.169925001442312,10,0.6372850583680413,0.7733082046011861,-0.07096313931267072,162050,0.8674779052466477,279664.55555555556,162050,242602.82282506805,0.1111111111111111,10,0.43810858375805545,0.6543451429347947,0.0,1.0,1.0,1.0,1.0,4,5,2,4,4,5,0.0,1.0,10
0,188750000000,167250000000.0,0,1510000000000,1510000000000,0.3333333333333333,0.3333333333333333,1.0,0,33,0.875,0.5435644431995964,0.875,0.5916727785823275,2,0.3950475329240407,0.979569764547061,-0.8773989297628637,83197,0.06530368601660079,85070,83197,5555.384569432229,0.7142857142857143,8,0.964409494758403,0.8590173311766578,0.125,0.0,0.0,0.0,0.0,3,2,1,1,2.125,2,0.5435644431995964,0.875,8
,,,,,,,,,,,,,,,,,,,,,,,,,,,,,,,,,,,,,,,,,0
0,157466400098.7,0.0,0,1574664000987,1574664000987,0.3333333333333333,0.3333333333333333,1.0,0,110,0.1,3.3219280948873626,0.0,3.169925001442312,10,0.20107647439697812,0.9695703501901249,-0.9511914772224707,86239,0.025014727333172095,86802.44444444444,86239,2171.3394796305965,0.8888888888888888,10,0.9783452575379793,0.9914386967625308,0.0,0.0,0.0,0.0,0.0,1,10,1,9.7,1,10,0.8812908992306927,0.7,10
2042905978060,2042905978060,6083057865820,6128717934180,0,6128717934180,0.3333333333333333,0.0,,2,12,0.3333333333333333,1.584962500721156,0.0,1.0,3,,,,,,,,,,,,,0.3333333333333333,0.0,0.3333333333333333,0.6666666666666666,0.6666666666666666,3,2,1.3333333333333333,1.3333333333333333,2,2,1.0,0.3333333333333333,3
0,0,0.0,0,0,0,,,,0,22,,,,,,,,,,,,,,,,,,,,,,,,,,,,,,,2
,,,,,,,,,,,,,,,,,,,,,,,,,,,,,,,,,,,,,,,,,0
,,,,,,,,,,,,,,,,,,,,,,,,,,,,,,,,,,,,,,,,,0
,,,,,,,,,,,,,,,,,,,,,,,,,,,,,,,,,,,,,,,,,0
44466930837.57143,39896186634.92857,50216986733.5,622537031726,-63990418837,558546612889,0.0,0.0,0.3333333333333333,4,62,0.2857142857142857,3.2359263506290326,0.2857142857142857,3.7004397181410926,11,0.7057694256212701,0.8914926117570003,-0.28346936957463853,237955,0.5582763776145517,175576.15384615384,237955,98020.019164726,0.15384615384615385,14,0.8753511019852239,0.4529501033618456,0.2857142857142857,0.0,0.0,0.2857142857142857,0.0,10,2,0.7142857142857143,1,2.4285714285714284,2,0.904600016348906,0.35714285714285715,14
151285233471.2857,69297666439.66667,167803276785.5,6353979805794,-3443477815328,2910501990466,0.3333333333333333,0.0,0.0,0,333,0.16666666666666666,4.763594280955743,0.2857142857142857,5.357552004618084,33,0.5417184442332932,0.9920995717631376,-0.03671861369118418,72683,0.9291637804004513,52469.48780487805,72683,48752.74764445587,0.12195121951219512,42,0.7575664552114042,0.12575065356267756,0.09523809523809523,0.0,0.0,0.42857142857142855,0.0,4,10,0.5476190476190477,5.666666666666667,1.5714285714285714,6.357142857142857,0.8045265233211767,0.3333333333333333,42
,,,,,,,,,,,,,,,,,,,,,,,,,,,,,,,,,,,,,,,,,0
19054068653106,0,19054068653106,19054068653106,-19054068653106,0,,,,2,4,,,,,,,,,,,,,,,,,,,,,,,,,,,,,,,1
11710070643.1875,0,10923091463.5,187361130291,-187361130291,0,0.3333333333333333,0.6666666666666666,0.0,0,172,0.0625,4.0,0.0,3.906890595608519,16,-0.0,0.979569764547061,0.16176593453575852,2512,1.3859684095424283,161360.6,2512,223640.69414481198,0.13333333333333333,16,0.5641403396335785,0.1266710896631894,0.0,0.0,0.0,0.0,0.0,10,10,4.6875,5.5,5.25,5.5,0.7641913951834827,0.5,16
,,,,,,,,,,,,,,,,,,,,,,,,,,,,,,,,,,,,,,,,,0
0,2125922000000,2125922000000,0,2125922000000,2125922000000,,,,0,3,,,,,,,,,,,,,,,,,,,,,,,,,,,,,,,1
,,,,,,,,,,,,,,,,,,,,,,,,,,,,,,,,,,,,,,,,,0
,,,,,,,,,,,,,,,,,,,,,,,,,,,,,,,,,,,,,,,,,0
,,,,,,,,,,,,,,,,,,,,,,,,,,,,,,,,,,,,,,,,,0
,,,,,,,,,,,,,,,,,,,,,,,,,,,,,,,,,,,,,,,,,0
2312099939103,2312099939103,4624199878206.0,4624199878206,0,4624199878206,,,,0,13,,,,,,,,,,,,,,,,,,,,,,,,,,,,,,,2
12302988385.5,9939294891,23954080921.0,246059767710,-47273869890,198785897820,0.3333333333333333,0.3333333333333333,0.0,0,214,0.05,4.321928094887363,0.0,4.247927513443585,20,-0.0,0.9695703501901249,0.020661767821474622,2636,1.042195366508898,122844.47368421052,2636,128027.94127490847,0.05263157894736842,20,0.45876787048108286,0.08353366848671412,0.0,0.0,0.0,0.0,0.0,10,10,4.25,5.1,5.2,5.5,0.8138153570551739,0.4,20
90658355426.53448,90658355426.53448,186212959117.0,5258184614739,0,5258184614739,0.6666666666666666,0.3333333333333333,0.0,0,377,0.5,3.428990497563786,0.5,5.832890014164742,30,-0.0,0.9982621467496696,0.0021860332218384963,857,1.004381644864918,42454.508771929824,857,42640.52935228297,0.017543859649122806,58,0.5935778329999373,0.039573798026821136,0.0,0.0,0.0,0.0,0.0,1,10,0.5,5,1,5.5,1.0,0.5,58
,,,,,,,,,,,,,,,,,,,,,,,,,,,,,,,,,,,,,,,,,0
,,,,,,,,,,,,,,,,,,,,,,,,,,,,,,,,,,,,,,,,,0
68528736982250,68528736982250,137057473964500.0,137057473964500,0,137057473964500,,,,0,13,,,,,,,,,,,,,,,,,,,,,,,,,,,,,,,2
,,,,,,,,,,,,,,,,,,,,,,,,,,,,,,,,,,,,,,,,,0
,,,,,,,,,,,,,,,,,,,,,,,,,,,,,,,,,,,,,,,,,0
237974802257.5862,84012649661.10345,0,6901269265470,-4464902425298,2436366840172,0.3333333333333333,0.3333333333333333,0.6666666666666666,0,319,0.034482758620689655,4.857980995127572,0.0,4.807354922057605,29,0.4109362609699547,0.9857390074152366,-0.42041483879810754,86065.5,0.4080393596087125,89346.89285714286,86065.5,36457.04894445682,0.4642857142857143,29,0.9414082065111885,0.8944412971100896,0.0,0.0,0.0,0.0,0.0,10,10,0.9655172413793104,9.517241379310345,1.3103448275862069,9.689655172413794,0.5489063487245981,0.7931034482758621,29
45990000000000,45990000000000,0,45990000000000,0,45990000000000,,,,2,4,,,,,,,,,,,,,,,,,,,,,,,,,,,,,,,1
,,,,,,,,,,,,,,,,,,,,,,,,,,,,,,,,,,,,,,,,,0
15746459031.5,3099999558.5,12646459473.0,31492918063,-25292918946,6199999117,,,,0,24,,,,,,,,,,,,,,,,,,,,,,,,,,,,,,,2
25600000000,13924445106,39524445106.0,51200000000,-23351109788,27848890212,,,,9,17,,,,,,,,,,,,,,,,,,,,,,,,,,,,,,,2
12199983654,0,12199983654,12199983654,-12199983654,0,,,,0,4,,,,,,,,,,,,,,,,,,,,,,,,,,,,,,,1
,,,,,,,,,,,,,,,,,,,,,,,,,,,,,,,,,,,,,,,,,0
,,,,,,,,,,,,,,,,,,,,,,,,,,,,,,,,,,,,,,,,,0
,,,,,,,,,,,,,,,,,,,,,,,,,,,,,,,,,,,,,,,,,0
31694400000000,31694400000000,63388800000000.0,63388800000000,0,63388800000000,,,,0,5,,,,,,,,,,,,,,,,,,,,,,,,,,,,,,,2
,,,,,,,,,,,,,,,,,,,,,,,,,,,,,,,,,,,,,,,,,0
,,,,,,,,,,,,,,,,,,,,,,,,,,,,,,,,,,,,,,,,,0
18279914615.75,2880440186.5,5000023200.0,73119658463,-61597897717,11521760746,0.3333333333333333,0.3333333333333333,,0,29,0.25,2.0,0.0,1.584962500721156,4,,,,,,,,,,,,,0.0,0.25,0.0,0.25,0.0,3,10,0.5,5.5,1.5,5.75,0.9463946303571862,0.5,4
,,,,,,,,,,,,,,,,,,,,,,,,,,,,,,,,,,,,,,,,,0
475000050000000,475000050000000,950000100000000.0,950000100000000,0,950000100000000,,,,1,9,,,,,,,,,,,,,,,,,,,,,,,,,,,,,,,2
255591881844.3,255591881844.3,509446113227.0,15335512910658,0,15335512910658,0.3333333333333333,0.3333333333333333,0.0,0,389,0.5,3.253445297804259,0.6333333333333333,5.475863388344893,26,0.8616186708687196,0.9788076941202316,0.07102530246569658,732,1.1529111668040322,43259.86440677966,732,49874.78074900456,0.01694915254237288,60,0.4621536240901019,0.07967412933409766,0.5,0.0,0.0,0.0,0.0,10,2,0.5,1,4.983333333333333,1.5,0.759508326785859,0.5,60
,,,,,,,,,,,,,,,,,,,,,,,,,,,,,,,,,,,,,,,,,0
,,,,,,,,,,,,,,,,,,,,,,,,,,,,,,,,,,,,,,,,,0
,,,,,,,,,,,,,,,,,,,,,,,,,,,,,,,,,,,,,,,,,0
0,18558333333.333332,6100000000.0,0,445400000000,445400000000,0.3333333333333333,0.6666666666666666,0.0,0,151,0.5,2.792481250360578,0.5,4.018794978907587,13,0.6316825109746802,0.9596076471018755,0.0037692521440152284,71698,1.0075670263182042,95014.91304347826,71698,95733.89339110014,0.08695652173913043,24,0.479011013821585,0.03675636025993794,0.041666666666666664,0.0,0.0,0.0,0.0,10,2,2.875,1,4.666666666666667,1.625,0.6989408778755103,0.5416666666666666,24
237049486783.78333,16519710373.616667,439716384623.0,14222969207027,-13231786584610,991182622417,0.6666666666666666,0.3333333333333333,0.0,0,416,0.5,3.4534452978042594,0.5,5.882643049361842,31,0.33237469892868465,0.9972309552488496,0.0036870405246852466,684,1.0074013702012408,42571.1186440678,684,42886.20325303348,0.05084745762711865,60,0.6709083040462004,0.0037448862069705668,0.0,0.0,0.0,0.0,0.0,2,10,0.5,5.466666666666667,1.4333333333333333,5.5,0.726396815424565,0.5,60
9794743549,0,9794743549,9794743549,-9794743549,0,,,,2,4,,,,,,,,,,,,,,,,,,,,,,,,,,,,,,,1
,,,,,,,,,,,,,,,,,,,,,,,,,,,,,,,,,,,,,,,,,0
,,,,,,,,,,,,,,,,,,,,,,,,,,,,,,,,,,,,,,,,,0
,,,,,,,,,,,,,,,,,,,,,,,,,,,,,,,,,,,,,,,,,0
,,,,,,,,,,,,,,,,,,,,,,,,,,,,,,,,,,,,,,,,,0
31355328500259.6,34770550410534,30594374900000,156776642501298,17076109551372,173852752052670,0.0,0.0,,2,19,0.2,2.321928094887362,0.0,2.0,5,0.29901020875067913,0.4883424549147684,8.381462332553756e-05,,1.000167643297611,367787.25,358632.5,367848.90706740925,0.0,5,,,0.2,0.0,0.2,0.2,0.2,3,2,0.6,0.6,2,1.8,1.0,0.2,5
,,,,,,,,,,,,,,,,,,,,,,,,,,,,,,,,,,,,,,,,,0
47337185720000,0,47337185720000,47337185720000,-47337185720000,0,,,,0,12,,,,,,,,,,,,,,,,,,,,,,,,,,,,,,,1
812499986250,3118774917500,3800049945000.0,6499999890000,18450199450000,24950199340000,0.3333333333333333,0.3333333333333333,0.0,2,27,0.25,2.5,0.5,2.521640636343318,6,0.47015413144393475,0.500698736445952,0.05998402148403485,83567,1.127623408229153,345011.28571428574,83567,389042.80187466496,0.14285714285714285,8,0.36855800648336645,0.712136805322931,0.125,0.0,0.0,0.125,0.125,3,2,1,1.125,1.375,2,0.6695919455357793,0.75,8
,,,,,,,,,,,,,,,,,,,,,,,,,,,,,,,,,,,,,,,,,0
,,,,,,,,,,,,,,,,,,,,,,,,,,,,,,,,,,,,,,,,,0
,,,,,,,,,,,,,,,,,,,,,,,,,,,,,,,,,,,,,,,,,0
75073653016.88235,82814963347.41176,61975733780,1276252101287,131602275619,1407854376906,0.3333333333333333,0.3333333333333333,0.0,0,52,0.5882352941176471,2.1333874913165967,0.5882352941176471,3.0306390622295662,8,0.573896294193907,0.9035580910917862,-0.17268980562637748,39957.0,0.705480844469118,39977.6875,39957.0,28203.4927374225,0.0,17,0.6703083029137302,0.23409339573211319,0.17647058823529413,0.0,0.0,0.29411764705882354,0.0,4,2,0.11764705882352941,0.4117647058823529,1.6470588235294117,1.411764705882353,0.7476722347614896,0.5882352941176471,17
,,,,,,,,,,,,,,,,,,,,,,,,,,,,,,,,,,,,,,,,,0
12233982697.777779,1457797230.0555556,23061552645.0,220211688560,-193971338419,26240350141,0.3333333333333333,0.3333333333333333,0.0,0,196,0.05555555555555555,4.169925001442312,0.0,4.087462841250339,18,-0.0,0.9708357627258161,0.021978777167755738,3256,1.0449453992503508,122075.17647058824,3256,127561.89401561585,0.058823529411764705,18,0.439880107896565,0.147169868173503,0.0,0.0,0.0,0.0,0.0,10,10,4.777777777777778,5.444444444444445,5.388888888888889,5.5,0.8027063345306699,0.4444444444444444,18
,,,,,,,,,,,,,,,,,,,,,,,,,,,,,,,,,,,,,,,,,0
0,23816000000000,23816000000000,0,23816000000000,23816000000000,,,,0,3,,,,,,,,,,,,,,,,,,,,,,,,,,,,,,,1
,,,,,,,,,,,,,,,,,,,,,,,,,,,,,,,,,,,,,,,,,0
3280427476.5,3280427476.5,6560854953.0,6560854953,0,6560854953,,,,0,8,,,,,,,,,,,,,,,,,,,,,,,,,,,,,,,2
12501219814.55,12501219814.55,24375001960.5,250024396291,0,250024396291,0.6666666666666666,0.3333333333333333,0.0,0,130,0.5,2.6609640474436813,0.5,4.247927513443585,11,-0.0,0.9695703501901249,0.024117558931161878,857,1.0494271808082685,122806.31578947368,857,128876.2857643973,0.05263157894736842,20,0.5977481519688623,0.1587268697403827,0.0,0.0,0.0,0.0,0.0,1,10,0.5,5,1,5.5,1.0,0.5,20
,,,,,,,,,,,,,,,,,,,,,,,,,,,,,,,,,,,,,,,,,0
,,,,,,,,,,,,,,,,,,,,,,,,,,,,,,,,,,,,,,,,,0
0,255415428800000,255415428800000.0,0,510830857600000,510830857600000,,,,0,7,,,,,,,,,,,,,,,,,,,,,,,,,,,,,,,2
16843440684809.666,17188482060499,15000000824249,50530322054429,1035124127068,51565446181497,0.3333333333333333,0.3333333333333333,,0,9,0.3333333333333333,1.584962500721156,0.0,1.0,3,,,,,,,,,,,,,0.0,0.6666666666666666,0.0,0.6666666666666666,0.0,1,2,0.3333333333333333,1,1,2,0.9182958340544896,0.6666666666666666,3
,,,,,,,,,,,,,,,,,,,,,,,,,,,,,,,,,,,,,,,,,0
36296087492359.2,36059237198969.4,2247834363949,181480437461796,-1184251466949,180296185994847,0.0,0.0,,1,21,0.2,2.321928094887362,0.0,2.0,5,0.5064224831767222,0.4883424549147684,-0.20690572561186013,,0.6571302609290947,381411.5,422376.5,250637.03851635737,0.0,5,,,0.0,0.4,0.2,0.4,0.2,2,7,0.4,1.8,1.4,2.8,1.0,0.2,5
137202526701.73334,43344895926.11667,263312691416.0,8232151602104,-5631457846537,2600693755567,0.3333333333333333,0.3333333333333333,0.0,0,613,0.016666666666666666,5.906890595608519,0.0,5.882643049361842,60,0.4490382122189651,0.9972309552488496,-0.0164174621309322,3956,0.9676954347153526,42465.813559322036,3956,41093.97391282925,0.05084745762711865,60,0.40537924006299514,0.1190668273372024,0.0,0.0,0.0,0.0,0.0,10,10,4.1,5.333333333333333,4.716666666666667,5.5,0.8205150000309007,0.3333333333333333,60
,,,,,,,,,,,,,,,,,,,,,,,,,,,,,,,,,,,,,,,,,0
,,,,,,,,,,,,,,,,,,,,,,,,,,,,,,,,,,,,,,,,,0
,,,,,,,,,,,,,,,,,,,,,,,,,,,,,,,,,,,,,,,,,0
,,,,,,,,,,,,,,,,,,,,,,,,,,,,,,,,,,,,,,,,,0
,,,,,,,,,,,,,,,,,,,,,,,,,,,,,,,,,,,,,,,,,0
,,,,,,,,,,,,,,,,,,,,,,,,,,,,,,,,,,,,,,,,,0
41921342000000,48842683976800,76921342023200.0,83842684000000,13842683953600,97685367953600,,,,0,15,,,,,,,,,,,,,,,,,,,,,,,,,,,,,,,2
,,,,,,,,,,,,,,,,,,,,,,,,,,,,,,,,,,,,,,,,,0
,,,,,,,,,,,,,,,,,,,,,,,,,,,,,,,,,,,,,,,,,0
216144375353.5,216144375353.5,432288750707.0,432288750707,0,432288750707,,,,3,9,,,,,,,,,,,,,,,,,,,,,,,,,,,,,,,2
,,,,,,,,,,,,,,,,,,,,,,,,,,,,,,,,,,,,,,,,,0
174352139112,0,174352139112,174352139112,-174352139112,0,,,,2,4,,,,,,,,,,,,,,,,,,,,,,,,,,,,,,,1
,,,,,,,,,,,,,,,,,,,,,,,,,,,,,,,,,,,,,,,,,0
262389783240586.5,262389783240586.5,524779566481173.0,524779566481173,0,524779566481173,,,,0,14,,,,,,,,,,,,,,,,,,,,,,,,,,,,,,,2
,,,,,,,,,,,,,,,,,,,,,,,,,,,,,,,,,,,,,,,,,0
0,906667624999.875,911163500000.0,0,7253340999999,7253340999999,0.0,0.3333333333333333,1.0,0,42,0.125,3.0,0.0,2.8073549220576037,8,-0.0,0.979569764547061,-0.9977747974013755,86398,0.001113840559766206,86422.71428571429,86398,96.2611244565149,1.0,8,0.9998495448735254,0.9999841728332192,1.0,0.0,0.0,0.0,0.0,4,2,1,1,3.25,2,0.8112781244591328,0.75,8
,,,,,,,,,,,,,,,,,,,,,,,,,,,,,,,,,,,,,,,,,0
,,,,,,,,,,,,,,,,,,,,,,,,,,,,,,,,,,,,,,,,,0
,,,,,,,,,,,,,,,,,,,,,,,,,,,,,,,,,,,,,,,,,0
1000017196336,0,1000017196336,1000017196336,-1000017196336,0,,,,1,2,,,,,,,,,,,,,,,,,,,,,,,,,,,,,,,1
59520250091.5,59520250091.5,119040500183.0,119040500183,0,119040500183,,,,4,8,,,,,,,,,,,,,,,,,,,,,,,,,,,,,,,2
0,518997422098.9787,514465026991,0,24392878838652,24392878838652,0.0,0.3333333333333333,0.6666666666666666,0,537,0.1276595744680851,5.080872628135288,0.23404255319148937,5.523561956057013,39,0.8820321219558553,0.9938447041879069,-0.509602159584569,46867.5,0.32485237074010603,55197.108695652176,46867.5,17930.91161778193,0.30434782608695654,47,0.9112650007083025,0.3416963528751388,1.0,0.0,0.0,0.0,0.0,10,2,1,1,9.425531914893616,2,0.7140538556410164,0.6595744680851063,47
,,,,,,,,,,,,,,,,,,,,,,,,,,,,,,,,,,,,,,,,,0
,,,,,,,,,,,,,,,,,,,,,,,,,,,,,,,,,,,,,,,,,0
0,255834243351.4737,457057769660,0,14582551871034,14582551871034,0.3333333333333333,0.3333333333333333,0.0,0,653,0.017543859649122806,5.832890014164742,0.0,5.807354922057604,57,0.3787200177369075,0.9928488525886211,-0.41793145180641617,56007.0,0.4105054214377149,45257.46428571428,56007.0,18578.434449809472,0.2857142857142857,57,0.6303006339759638,0.038786233510928046,0.0,0.0,0.0,0.0,0.0,10,10,4.964912280701754,5.2105263157894735,5.719298245614035,5.7368421052631575,0.6816046318680835,0.45614035087719296,57
,,,,,,,,,,,,,,,,,,,,,,,,,,,,,,,,,,,,,,,,,0
16675757575757.576,16675757575757.576,25000000000000,550300000000000,0,550300000000000,0.3333333333333333,0.0,0.0,0,87,0.45454545454545453,3.2079286971121572,0.5151515151515151,4.875,18,0.6513311852534721,0.9049369697695693,0.17323678636953802,1065.5,1.4190723136043388,56470.625,1065.5,80135.90046943302,0.09375,33,0.42052137360151415,0.14143399966242265,0.0,0.0,0.030303030303030304,0.0,0.030303030303030304,2,2,0.5454545454545454,1,1.121212121212121,1.5151515151515151,0.6859330478553751,0.45454545454545453,33
379328608388,379328608388,1107170035720,1137985825164,0,1137985825164,0.3333333333333333,0.0,,2,11,0.3333333333333333,1.584962500721156,0.0,1.0,3,,,,,,,,,,,,,0.0,0.0,0.3333333333333333,0.6666666666666666,0.6666666666666666,2,2,1,1.3333333333333333,1.6666666666666667,2,1.0,0.3333333333333333,3
0,58177901395.05195,57971734022,0,4479698407419,4479698407419,0.3333333333333333,0.3333333333333333,0.6666666666666666,0,284,0.1038961038961039,5.122124651247919,0.5844155844155844,6.195295934496217,45,0.9497734187831458,0.9776727927349014,-0.6773499317382331,9708.5,0.19235704020770755,10187.644736842105,9708.5,1959.665188266577,0.14473684210526316,77,0.8793720995695399,0.19987883509307236,0.05194805194805195,0.0,0.0,0.0,0.0,4,2,1,1,1.6883116883116882,2,0.6278651691727485,0.5714285714285714,77
1532242495674.1,1532242495674.1,3683319497944.0,15322424956741,0,15322424956741,0.3333333333333333,0.3333333333333333,0.0,0,25,0.5,1.0,1.0,0.9910760598382222,2,0.4191807663825097,0.4883424549147684,0.30081357499327005,1058,1.8604674353921404,233256.11111111112,1058,433965.39882843307,0.2222222222222222,10,0.5940487152061951,0.14678616138231967,0.0,0.0,0.0,0.0,0.0,1,2,0.5,1,1,1.5,1.0,0.5,10
146796343726.3,31386394891.02,246128913048.5,7339817186315,-5770497441764,1569319744551,0.6666666666666666,0.3333333333333333,0.0,0,325,0.5,3.321928094887362,0.5,5.6147098441152075,26,0.379752491517431,0.9949827389362753,0.06253101225648702,1103,1.1334039057803909,45690.836734693876,1103,51786.1728134762,0.02040816326530612,50,0.4233846557977095,0.07241802372676259,0.0,0.0,0.0,0.0,0.0,1,10,0.5,5.4,1,5.5,0.858672711073255,0.5,50
0,0,0.0,0,0,0,0.3333333333333333,0.3333333333333333,1.0,0,110,0.1,3.3219280948873626,0.0,3.169925001442312,10,-0.0,0.9695703501901249,-0.9998592409044607,259202,7.038450139902683e-05,259203.22222222222,259202,18.24388955713226,1.0,10,0.9999729944001976,0.9999999548457484,0.0,0.0,0.0,0.0,0.0,1,10,1,10,1,10,0.0,1.0,10
,,,,,,,,,,,,,,,,,,,,,,,,,,,,,,,,,,,,,,,,,0
,,,,,,,,,,,,,,,,,,,,,,,,,,,,,,,,,,,,,,,,,0
0,22387913961.9,24356710933.5,0,223879139619,223879139619,0.3333333333333333,0.3333333333333333,1.0,0,110,0.1,3.3219280948873626,0.0,3.169925001442312,10,-0.0,0.9695703501901249,-0.9998592409044607,259202,7.038450139902683e-05,259203.22222222222,259202,18.24388955713226,1.0,10,0.9999729944001976,0.9999999548457484,0.0,0.0,0.0,0.0,0.0,1,10,1,9.1,1,10,0.4689955935892812,0.9,10
0,44591373372.90909,45645133751,0,490505107102,490505107102,0.3333333333333333,0.3333333333333333,1.0,0,121,0.09090909090909091,3.4594316186372973,0.0,3.3219280948873626,11,-0.0,0.9732146334251459,-0.9993456360260216,86397.5,0.00032728907007750514,86400.4,86397.5,28.277906570324472,1.0,11,0.9997916823394664,0.999999189250924,0.0,0.0,0.0,0.0,0.0,1,10,1,9,1,10,0.0,1.0,11
3100000000,3100000000,6200000000.0,6200000000,0,6200000000,,,,3,8,,,,,,,,,,,,,,,,,,,,,,,,,,,,,,,2
254204614279.06897,254204614279.06897,507647013452.0,14743867628186,0,14743867628186,0.3333333333333333,0.3333333333333333,0.0,0,391,0.5,3.325542221701717,0.603448275862069,5.622363698375268,27,0.8147071534260021,0.9833056800189695,0.005932056519205292,893,1.0119349116086247,44395.61403508772,893,44925.471764407106,0.017543859649122806,58,0.45663331695193865,0.07995003726010894,0.5,0.0,0.0,0.0,0.0,10,2,0.5,1,5.241379310344827,1.5,0.7161325966724875,0.5,58
,,,,,,,,,,,,,,,,,,,,,,,,,,,,,,,,,,,,,,,,,0
11982588155.5,11982588155.5,24198964098.0,71895528933,0,71895528933,0.3333333333333333,0.3333333333333333,,0,47,0.16666666666666666,2.584962500721156,0.0,2.321928094887362,6,-0.0,0.5645750340535796,0.0883371047481456,,1.1937933532410392,104210.6,2791,124405.92161726065,0.2,6,,,0.0,0.0,0.0,0.0,0.0,4,10,1.8333333333333333,5,2.3333333333333335,5.5,0.9206198357143051,0.5,6
,,,,,,,,,,,,,,,,,,,,,,,,,,,,,,,,,,,,,,,,,0
1542477420833.3333,1543163377333.3333,3060846313000.0,18509729050000,8231478000,18517960528000,0.3333333333333333,0.0,0.0,0,42,0.25,3.188721875540867,0.25,3.4594316186372973,10,0.491089985367093,0.6978625686528157,0.1413498063345555,28256,1.3292372315928913,88527.54545454546,28256,117674.10943971385,0.09090909090909091,12,0.3697852098477221,0.18854296816968177,0.0,0.08333333333333333,0.0,0.5,0.0,2,2,0.5,1,1.5,2,0.825011210824177,0.4166666666666667,12
,,,,,,,,,,,,,,,,,,,,,,,,,,,,,,,,,,,,,,,,,0
,,,,,,,,,,,,,,,,,,,,,,,,,,,,,,,,,,,,,,,,,0
,,,,,,,,,,,,,,,,,,,,,,,,,,,,,,,,,,,,,,,,,0
,,,,,,,,,,,,,,,,,,,,,,,,,,,,,,,,,,,,,,,,,0
,,,,,,,,,,,,,,,,,,,,,,,,,,,,,,,,,,,,,,,,,0
116657496500000,116657496500000,233314993000000.0,466629986000000,0,466629986000000,0.3333333333333333,0.3333333333333333,,0,11,0.5,1.5,0.5,1.584962500721156,3,,,,,,,,,,,,,0.0,0.0,0.0,0.0,0.0,1,3,0.5,1.25,1,1.75,0.9463946303571862,0.5,4
,,,,,,,,,,,,,,,,,,,,,,,,,,,,,,,,,,,,,,,,,0
41299939628,41299939112,516,289099577396,-3612,289099573784,0.3333333333333333,0.3333333333333333,,0,28,1.0,-0.0,1.0,-0.0,1,0.48766513363573855,0.49113258984568253,-0.2809157803728594,,0.5613829032677102,304431.8333333333,299706.5,170902.82644377835,0.0,7,,,0.0,0.0,0.0,0.0,0.0,2,2,0,0,2,2,0.0,1.0,7
0,5673897646618,5673897646618,0,5673897646618,5673897646618,,,,0,3,,,,,,,,,,,,,,,,,,,,,,,,,,,,,,,1
,,,,,,,,,,,,,,,,,,,,,,,,,,,,,,,,,,,,,,,,,0
,,,,,,,,,,,,,,,,,,,,,,,,,,,,,,,,,,,,,,,,,0
170448136319,170448136319,340896272638.0,340896272638,0,340896272638,,,,0,14,,,,,,,,,,,,,,,,,,,,,,,,,,,,,,,2
,,,,,,,,,,,,,,,,,,,,,,,,,,,,,,,,,,,,,,,,,0
,,,,,,,,,,,,,,,,,,,,,,,,,,,,,,,,,,,,,,,,,0
0,69752945214,69752945214,0,69752945214,69752945214,,,,1,4,,,,,,,,,,,,,,,,,,,,,,,,,,,,,,,1
,,,,,,,,,,,,,,,,,,,,,,,,,,,,,,,,,,,,,,,,,0
,,,,,,,,,,,,,,,,,,,,,,,,,,,,,,,,,,,,,,,,,0
,,,,,,,,,,,,,,,,,,,,,,,,,,,,,,,,,,,,,,,,,0
,,,,,,,,,,,,,,,,,,,,,,,,,,,,,,,,,,,,,,,,,0
,,,,,,,,,,,,,,,,,,,,,,,,,,,,,,,,,,,,,,,,,0
5509369979419.333,5509369979419.333,14528109938258,16528109938258,0,16528109938258,0.0,0.0,,0,11,0.3333333333333333,1.584962500721156,0.0,1.0,3,,,,,,,,,,,,,0.3333333333333333,0.0,0.0,0.0,0.0,4,2,1.3333333333333333,0.6666666666666666,2.3333333333333335,1.3333333333333333,1.0,0.3333333333333333,3
,,,,,,,,,,,,,,,,,,,,,,,,,,,,,,,,,,,,,,,,,0
12437265731.5,12437265731.5,24874531463.0,24874531463,0,24874531463,,,,0,5,,,,,,,,,,,,,,,,,,,,,,,,,,,,,,,2
,,,,,,,,,,,,,,,,,,,,,,,,,,,,,,,,,,,,,,,,,0
2098626995631,2098626995631,4197253991262.0,8394507982524,0,8394507982524,0.0,0.6666666666666666,,0,35,0.25,2.0,0.0,1.584962500721156,4,,,,,,,,,,,,,0.5,0.0,0.0,0.0,0.0,10,1,2.5,0.5,7.75,1,0.9463946303571862,0.5,4
,,,,,,,,,,,,,,,,,,,,,,,,,,,,,,,,,,,,,,,,,0
,,,,,,,,,,,,,,,,,,,,,,,,,,,,,,,,,,,,,,,,,0
29190262328670.668,29190262328670.668,59999900000000.0,700566295888096,0,700566295888096,0.3333333333333333,0.0,0.0,0,82,0.375,3.1981203125901443,0.5,4.523561956057013,14,0.7386848175090427,0.7906048214282955,0.49879176721639035,2700,2.9903574386486076,89512.17391304347,2700,267673.3951104774,0.043478260869565216,24,0.40626860854388885,0.13156456033429187,0.08333333333333333,0.0,0.0,0.0,0.0,7,5,0.5416666666666666,1.0416666666666667,1.75,1.6666666666666667,0.7358395832131407,0.375,24
3099998538,3099998538,6199997076.0,6199997076,0,6199997076,,,,3,8,,,,,,,,,,,,,,,,,,,,,,,,,,,,,,,2
,,,,,,,,,,,,,,,,,,,,,,,,,,,,,,,,,,,,,,,,,0
,,,,,,,,,,,,,,,,,,,,,,,,,,,,,,,,,,,,,,,,,0
0,1130000000000,1130000000000,0,1130000000000,1130000000000,,,,1,4,,,,,,,,,,,,,,,,,,,,,,,,,,,,,,,1
,,,,,,,,,,,,,,,,,,,,,,,,,,,,,,,,,,,,,,,,,0
,,,,,,,,,,,,,,,,,,,,,,,,,,,,,,,,,,,,,,,,,0
305312722077,0,305312722077,305312722077,-305312722077,0,,,,1,5,,,,,,,,,,,,,,,,,,,,,,,,,,,,,,,1
314928500000000,314928500000000,629857000000000.0,1259714000000000,0,1259714000000000,0.3333333333333333,0.3333333333333333,,0,12,0.5,1.0,1.0,0.9182958340544896,2,,,,,,,,,,,,,0.0,0.0,0.0,0.0,0.0,2,2,0.5,1,1.5,1.5,1.0,0.5,4
,,,,,,,,,,,,,,,,,,,,,,,,,,,,,,,,,,,,,,,,,0
,,,,,,,,,,,,,,,,,,,,,,,,,,,,,,,,,,,,,,,,,0
,,,,,,,,,,,,,,,,,,,,,,,,,,,,,,,,,,,,,,,,,0
408450332500000,482475358250000,816000350000000.0,16338013300000000,2961001030000000,19299014330000000,0.0,0.3333333333333333,0.0,0,296,0.025,5.321928094887363,0.0,5.285402218862248,40,0.7389312199275778,0.8702017647612024,0.2575083534912005,22763,1.6936329983024223,64211.58974358974,22763,108750.86726320097,0.05128205128205128,40,0.48106269375072114,0.022036524848195592,0.275,0.0,0.0,0.0,0.0,10,3,3.25,1.075,5.65,1.75,0.8739839666217972,0.2,40
3972647681575.4287,3972647681575.4287,10635228825503,27808533771028,0,27808533771028,0.0,0.0,,0,33,0.14285714285714285,2.8073549220576037,0.0,2.584962500721156,7,0.4018290210415738,0.30744974986419643,0.37989886489714725,,2.2252803402275196,213220.33333333334,688.0,474475.01590342517,0.0,7,,,0.0,0.0,0.0,0.0,0.0,10,2,1.8571428571428572,1,3,1.7142857142857142,0.9211854965885542,0.42857142857142855,7
74122818972937.4,9990449631266.8,1450000464000.0,741228189729374,-641323693416706,99904496312668,0.3333333333333333,0.0,0.0,0,32,0.1,3.3219280948873626,0.0,3.169925001442312,10,0.4899580627579133,0.800197839974051,0.3574839788499131,1988,2.112762848185563,225254,1988,475908.2826051909,0.1111111111111111,10,0.4015292690118437,0.4721705519999137,0.1,0.4,0.0,0.6,0.0,4,2,0.3,0.9,1.4,1.8,0.8982444017039272,0.4,10
0,690522826842,690522826842,0,690522826842,690522826842,,,,0,4,,,,,,,,,,,,,,,,,,,,,,,,,,,,,,,1
121263749509209.2,121263749509209.2,175591799995456.0,2910329988221021,0,2910329988221021,0.3333333333333333,0.3333333333333333,0.0,0,72,0.5,2.792481250360578,0.5,4.523561956057013,13,0.6728435620217027,0.8165982976888231,0.2345241122935606,219,1.6127537550431654,102154.04347826086,219,164749.317212408,0.08695652173913043,24,0.6660485627460685,0.13256949874868454,0.08333333333333333,0.0,0.0,0.0,0.0,8,2,0.5,1,1.5,1.5,0.736089942143603,0.5,24
48949500000,42849500000,91799000000.0,97899000000,-12200000000,85699000000,,,,0,8,,,,,,,,,,,,,,,,,,,,,,,,,,,,,,,2
0,0,0,0,0,0,0.3333333333333333,0.3333333333333333,1.0,0,297,0.037037037037037035,4.754887502163468,0.0,4.700439718141092,27,-0.0,0.9977373212960795,-0.5546876777822061,86405.0,0.2864320136974656,96370.84615384616,86405.0,27603.695525574814,0.8846153846153846,27,0.9998379854653361,0.999994995905879,0.0,0.0,0.0,0.0,0.0,1,10,1,10,1,10,0.0,1.0,27
,,,,,,,,,,,,,,,,,,,,,,,,,,,,,,,,,,,,,,,,,0
15000000000000,15000000000000,30000000000000.0,30000000000000,0,30000000000000,,,,0,8,,,,,,,,,,,,,,,,,,,,,,,,,,,,,,,2
,,,,,,,,,,,,,,,,,,,,,,,,,,,,,,,,,,,,,,,,,0
0,3408734383871,3408734383871,0,3408734383871,3408734383871,,,,0,4,,,,,,,,,,,,,,,,,,,,,,,,,,,,,,,1
,,,,,,,,,,,,,,,,,,,,,,,,,,,,,,,,,,,,,,,,,0
26858770550.75,26858770550.75,53742789716.0,214870164406,0,214870164406,0.6666666666666666,0.3333333333333333,0.3333333333333333,0,55,0.5,2.0,0.5,2.8073549220576037,5,0.21810429198553155,0.5343107806620333,0.07203147761842763,988,1.1552455193923246,235388.85714285713,988,271931.9225291657,0.2857142857142857,8,0.8749371367966297,0.7198606593908865,0.0,0.0,0.0,0.0,0.0,2,10,0.5,5,1.375,5.5,0.886859507142915,0.5,8
,,,,,,,,,,,,,,,,,,,,,,,,,,,,,,,,,,,,,,,,,0
220308094383.8889,231605844300.9111,507859476369,9913864247275,508398746266,10422262993541,0.0,0.0,0.0,0,368,0.044444444444444446,5.4474086518852305,0.044444444444444446,5.459431618637297,44,0.8495642869988382,0.9797687885729752,0.038640956375187704,12072.5,1.0803881892648384,42291.77272727273,12072.5,45691.53175761826,0.045454545454545456,45,0.4003785550136467,0.25508752506184296,0.4444444444444444,0.0,0.0,0.0,0.0,10,2,1.6444444444444444,1,6.644444444444445,1.5333333333333334,0.8683412680264032,0.28888888888888886,45
,,,,,,,,,,,,,,,,,,,,,,,,,,,,,,,,,,,,,,,,,0
,,,,,,,,,,,,,,,,,,,,,,,,,,,,,,,,,,,,,,,,,0
,,,,,,,,,,,,,,,,,,,,,,,,,,,,,,,,,,,,,,,,,0
,,,,,,,,,,,,,,,,,,,,,,,,,,,,,,,,,,,,,,,,,0
,,,,,,,,,,,,,,,,,,,,,,,,,,,,,,,,,,,,,,,,,0
,,,,,,,,,,,,,,,,,,,,,,,,,,,,,,,,,,,,,,,,,0
1808694930151,3612809139040.3335,1931092681000,5426084790453,5412342626668,10838427417121,0.0,0.3333333333333333,,1,11,0.3333333333333333,1.584962500721156,0.0,1.0,3,,,,,,,,,,,,,0.3333333333333333,0.0,0.0,0.0,0.0,3,2,0.6666666666666666,0.6666666666666666,1.6666666666666667,2,0.9182958340544896,0.6666666666666666,3
,,,,,,,,,,,,,,,,,,,,,,,,,,,,,,,,,,,,,,,,,0
,,,,,,,,,,,,,,,,,,,,,,,,,,,,,,,,,,,,,,,,,0
,,,,,,,,,,,,,,,,,,,,,,,,,,,,,,,,,,,,,,,,,0
,,,,,,,,,,,,,,,,,,,,,,,,,,,,,,,,,,,,,,,,,0
63231005476092.836,63231005476092.836,135765871689694.0,1138158098569671,0,1138158098569671,0.3333333333333333,0.3333333333333333,0.0,0,58,0.5,2.473851389610045,0.6111111111111112,3.85216872360328,9,0.667140437866196,0.7527667120714394,0.5030465752486402,258,3.0245220183373482,96106,258,290674.71309432917,0.11764705882352941,18,0.6503578311279691,0.017476873568657847,0.1111111111111111,0.0,0.0,0.0,0.0,10,2,0.5,1,1.7222222222222223,1.5,0.787652023884557,0.5,18
,,,,,,,,,,,,,,,,,,,,,,,,,,,,,,,,,,,,,,,,,0
,,,,,,,,,,,,,,,,,,,,,,,,,,,,,,,,,,,,,,,,,0
,,,,,,,,,,,,,,,,,,,,,,,,,,,,,,,,,,,,,,,,,0
16429009337.166666,0,15270159733.5,492870280115,-492870280115,0,0.3333333333333333,0.6666666666666666,0.3333333333333333,0,323,0.03333333333333333,4.906890595608519,0.0,4.857980995127572,30,0.04598561063157427,0.9894535033977967,-0.011296493991037057,85783,0.9776593826673798,83473.79310344828,85783,81608.93703442183,0.06896551724137931,30,0.37351870490429023,0.9227722036723313,0.0,0.0,0.0,0.0,0.0,10,10,4.466666666666667,5.5,5.266666666666667,5.5,0.7216874942191617,0.5,30
2253500000000,2253500000000,4507000000000.0,4507000000000,0,4507000000000,,,,0,7,,,,,,,,,,,,,,,,,,,,,,,,,,,,,,,2
35948028117232.336,35948028117232.336,42526968703394.0,215688168703394,0,215688168703394,0.3333333333333333,0.3333333333333333,,0,21,0.5,1.792481250360578,0.5,2.321928094887362,4,0.3456871240434053,0.5645750340535796,0.12679781382145747,,1.2904202848514887,225919.8,1004,291531.49266959133,0.2,6,,,0.16666666666666666,0.0,0.0,0.0,0.0,6,2,0.5,1,2,1.5,0.896240625180289,0.5,6
422515429273955.5,422515429273955.5,845030858547911.0,845030858547911,0,845030858547911,,,,0,6,,,,,,,,,,,,,,,,,,,,,,,,,,,,,,,2
0,68928201168,68928201168,0,68928201168,68928201168,,,,0,4,,,,,,,,,,,,,,,,,,,,,,,,,,,,,,,1
346350538273.7407,1449776898042.5557,2566814523829.5,18702929066782,59585023427516,78287952494298,0.3333333333333333,0.3333333333333333,0.0,0,620,0.018518518518518517,5.754887502163468,0.0,5.7279204545632,54,0.38232572552220173,0.9942923369854908,-0.3210206147795948,56129,0.5139809156829012,47819.20754716981,56129,24578.160082325037,0.2830188679245283,54,0.6280566057968038,0.042655827852055954,0.0,0.0,0.0,0.0,0.0,10,10,4.962962962962963,5.148148148148148,5.814814814814815,5.666666666666667,0.7171735407582364,0.48148148148148145,54
0,7289142952052,7289142952052,0,7289142952052,7289142952052,,,,0,3,,,,,,,,,,,,,,,,,,,,,,,,,,,,,,,1
3913614128621847,1956807064310923.5,1956807064310923.5,7827228257243694,-3913614128621847,3913614128621847,,,,3,6,,,,,,,,,,,,,,,,,,,,,,,,,,,,,,,2
,,,,,,,,,,,,,,,,,,,,,,,,,,,,,,,,,,,,,,,,,0
0,14477324804.027027,0.0,0,1071322035498,1071322035498,0.3333333333333333,0.3333333333333333,0.0,0,904,0.013513513513513514,6.209453365628951,0.0,6.189824558880018,74,0.4434225674006788,0.9931250189203287,-0.2358581545570359,30222,0.618308697179615,35767.43661971831,30222,22115.31713779248,0.16901408450704225,74,0.4780981420098478,0.09521238568988316,0.0,0.0,0.0,0.0,0.0,10,10,4.486486486486487,5.837837837837838,6.351351351351352,5.864864864864865,0.750463226681727,0.3783783783783784,74
,,,,,,,,,,,,,,,,,,,,,,,,,,,,,,,,,,,,,,,,,0
,,,,,,,,,,,,,,,,,,,,,,,,,,,,,,,,,,,,,,,,,0
,,,,,,,,,,,,,,,,,,,,,,,,,,,,,,,,,,,,,,,,,0
5137293408459.5,5137293408459.5,11961457363263.0,30823760450757,0,30823760450757,0.0,0.0,,0,34,0.16666666666666666,2.584962500721156,0.0,2.321928094887362,6,0.491089985367093,0.4458393050175722,-0.06486093842880354,,0.8781795141729858,249467.8,134269,219077.51140580358,0.2,6,,,0.5,0.0,0.0,0.0,0.0,10,2,0.6666666666666666,1,4,1.6666666666666667,1.0,0.16666666666666666,6
,,,,,,,,,,,,,,,,,,,,,,,,,,,,,,,,,,,,,,,,,0
86776627792917.5,86776627793276.5,173546955584706.0,173553255585835,718,173553255586553,,,,0,7,,,,,,,,,,,,,,,,,,,,,,,,,,,,,,,2
28952661429.065422,236137885650.09344,339632636454,3097934772910,22168818991650,25266753764560,0.0,0.3333333333333333,0.0,0,1063,0.056074766355140186,6.38385331811619,0.21495327102803738,6.727920454563199,92,0.837354036034263,0.994282649026673,-0.3223798624942742,27888,0.5124247250919248,24246.22857142857,27888,12424.367010230259,0.08571428571428572,107,0.7385478242025774,0.06744900018232415,0.6822429906542056,0.0,0.0,0.0,0.0,10,10,3.2242990654205608,1.2523364485981308,8,1.9345794392523366,0.815816565186335,0.205607476635514,107
,,,,,,,,,,,,,,,,,,,,,,,,,,,,,,,,,,,,,,,,,0
,,,,,,,,,,,,,,,,,,,,,,,,,,,,,,,,,,,,,,,,,0
,,,,,,,,,,,,,,,,,,,,,,,,,,,,,,,,,,,,,,,,,0
,,,,,,,,,,,,,,,,,,,,,,,,,,,,,,,,,,,,,,,,,0
,,,,,,,,,,,,,,,,,,,,,,,,,,,,,,,,,,,,,,,,,0
,,,,,,,,,,,,,,,,,,,,,,,,,,,,,,,,,,,,,,,,,0
,,,,,,,,,,,,,,,,,,,,,,,,,,,,,,,,,,,,,,,,,0
,,,,,,,,,,,,,,,,,,,,,,,,,,,,,,,,,,,,,,,,,0
,,,,,,,,,,,,,,,,,,,,,,,,,,,,,,,,,,,,,,,,,0
2160842783305882.8,2014319741703521.5,1494006040000,58342755149258833,-3956122123263751,54386633025995082,0.0,0.0,0.0,0,83,0.037037037037037035,4.754887502163468,0.0,4.700439718141092,27,0.744117722497907,0.8488662991202023,0.19157453511889658,38371,1.4739448308869683,77007.68,38371,113505.07187459775,0.08,27,0.39397861268980366,0.20687376248785294,0.0,0.48148148148148145,0.0,0.48148148148148145,0.0,2,2,0.5185185185185185,1,1.0740740740740742,2,0.8238703205183631,0.48148148148148145,27
145838045609.27274,160838043745.18182,180099970543,1604218501702,164999979495,1769218481197,0.0,0.0,0.0,0,78,0.09090909090909091,3.4594316186372973,0.0,3.3219280948873626,11,0.09585617916229111,0.1565519854537635,0.4997255455333468,21.5,2.997805568809658,48908.2,21.5,146617.27432045652,0.0,11,0.7055079710570181,0.4209280662458185,0.9090909090909091,0.0,0.0,0.0,0.0,10,1,1,0.09090909090909091,6.090909090909091,1,0.9487695103589049,0.2727272727272727,11
61297585032.5,61297585032.5,122595170065.0,122595170065,0,122595170065,,,,0,8,,,,,,,,,,,,,,,,,,,,,,,,,,,,,,,2
,,,,,,,,,,,,,,,,,,,,,,,,,,,,,,,,,,,,,,,,,0
,,,,,,,,,,,,,,,,,,,,,,,,,,,,,,,,,,,,,,,,,0
,,,,,,,,,,,,,,,,,,,,,,,,,,,,,,,,,,,,,,,,,0
215436080583.48334,105129696946.61667,437134755235.0,12926164835009,-6618383018212,6307781816797,0.3333333333333333,0.3333333333333333,0.0,0,622,0.016666666666666666,5.906890595608519,0.0,5.882643049361842,60,0.4490382122189651,0.9972309552488496,-0.0164174621309322,3956,0.9676954347153526,42465.813559322036,3956,41093.97391282925,0.05084745762711865,60,0.40537924006299514,0.1190668273372024,0.0,0.0,0.0,0.0,0.0,10,10,4.25,5.266666666666667,4.866666666666666,5.5,0.8398127135930031,0.26666666666666666,60
,,,,,,,,,,,,,,,,,,,,,,,,,,,,,,,,,,,,,,,,,0
29694679252500,29694679252500,59389358505000.0,59389358505000,0,59389358505000,,,,0,7,,,,,,,,,,,,,,,,,,,,,,,,,,,,,,,2
6199997076,0,6199997076,6199997076,-6199997076,0,,,,1,4,,,,,,,,,,,,,,,,,,,,,,,,,,,,,,,1
189559969300.75,316412963804.0833,504275719457.0,4549439263218,3044471868080,7593911131298,0.0,0.0,0.0,0,192,0.125,4.303508854797678,0.20833333333333334,4.523561956057013,21,0.7750355328399647,0.9693294619156917,0.11936631280739525,91684,1.2710918615614768,104474.95652173914,91684,132797.26697177175,0.17391304347826086,24,0.36858229425688377,0.4203724837784209,0.625,0.0,0.0,0.0,0.0,10,2,0.6666666666666666,1,6.375,1.625,0.8266285906186601,0.4166666666666667,24
106025206114892,106861982435175.84,168379653083474,6043436748548844,47696250256179,6091132998805023,0.0,0.0,0.0,0,263,0.21052631578947367,4.507471154136063,0.43859649122807015,5.445485948727418,36,0.9033003638136522,0.8752457383098372,0.36804895246302366,1986,2.1648020962936645,40486.87272727273,1986,87646.0669523748,0.05454545454545454,57,0.39316152628204315,0.0027588959531355986,0.2807017543859649,0.0,0.0,0.0,0.0,10,2,0.6140350877192983,1,3.0701754385964914,1.543859649122807,0.7764650730113004,0.3684210526315789,57
80000000000000,80000000000000,160000000000000.0,160000000000000,0,160000000000000,,,,0,14,,,,,,,,,,,,,,,,,,,,,,,,,,,,,,,2
,,,,,,,,,,,,,,,,,,,,,,,,,,,,,,,,,,,,,,,,,0
,,,,,,,,,,,,,,,,,,,,,,,,,,,,,,,,,,,,,,,,,0
0,172780148746.3,0.0,0,5183404462389,5183404462389,0.3333333333333333,0.3333333333333333,1.0,0,330,0.03333333333333333,4.906890595608519,0.0,4.857980995127572,30,0.37912391383856625,0.9972309552488496,-0.8704552726474737,86239,0.06925839352959583,86265.96551724138,86239,5974.642188003647,0.5517241379310345,30,0.9725427632864637,0.9656535501542359,0.0,0.0,0.0,0.0,0.0,1,10,1,9.833333333333334,1,10,0.6500224216483541,0.8333333333333334,30
,,,,,,,,,,,,,,,,,,,,,,,,,,,,,,,,,,,,,,,,,0
,,,,,,,,,,,,,,,,,,,,,,,,,,,,,,,,,,,,,,,,,0
27546160700223,27546160700223,35804257800000.0,165276964201338,0,165276964201338,0.3333333333333333,0.3333333333333333,,0,17,0.5,1.792481250360578,0.5,2.321928094887362,4,0.4183885547052492,0.5645750340535796,0.19885707612188933,,1.4964334582380816,263075.4,884,393674.8305993666,0.2,6,,,0.16666666666666666,0.0,0.0,0.0,0.0,3,2,0.5,1,1.3333333333333333,1.5,0.9206198357143051,0.5,6
,,,,,,,,,,,,,,,,,,,,,,,,,,,,,,,,,,,,,,,,,0
,,,,,,,,,,,,,,,,,,,,,,,,,,,,,,,,,,,,,,,,,0
0,50131093160.5,50131093160.5,0,100262186321,100262186321,,,,0,7,,,,,,,,,,,,,,,,,,,,,,,,,,,,,,,2
0,10121587101,10121587101,0,10121587101,10121587101,,,,0,4,,,,,,,,,,,,,,,,,,,,,,,,,,,,,,,1
,,,,,,,,,,,,,,,,,,,,,,,,,,,,,,,,,,,,,,,,,0
251946952422899.2,379122763100359.2,629857000506350,1259734762114496,635879053387300,1895613815501796,0.0,0.0,,0,19,0.4,1.9219280948873623,0.4,2.0,4,0.5064224831767222,0.6846046005037072,-0.12022159550620554,,0.7853610464421018,355054,320998.0,278845.580983454,0.0,5,,,0.0,0.0,0.0,0.4,0.0,2,3,0.6,1.2,1.6,2.2,0.9602297178607612,0.4,5
0,0,0.0,0,0,0,0.3333333333333333,0.3333333333333333,1.0,0,330,0.03333333333333333,4.906890595608519,0.0,4.857980995127572,30,-0.0,0.9972309552488496,-0.9994437581998614,86403,0.00027819827282338737,86401.44827586207,86403,24.036733679784067,1.0,30,0.999849553579462,0.9999974937667309,0.0,0.0,0.0,0.0,0.0,1,10,1,10,1,10,0.0,1.0,30
,,,,,,,,,,,,,,,,,,,,,,,,,,,,,,,,,,,,,,,,,0
,,,,,,,,,,,,,,,,,,,,,,,,,,,,,,,,,,,,,,,,,0
,,,,,,,,,,,,,,,,,,,,,,,,,,,,,,,,,,,,,,,,,0
,,,,,,,,,,,,,,,,,,,,,,,,,,,,,,,,,,,,,,,,,0
19999999999094,19999999999094,0,19999999999094,0,19999999999094,,,,2,4,,,,,,,,,,,,,,,,,,,,,,,,,,,,,,,1
3144656058628,3144656058628,6289312117256.0,6289312117256,0,6289312117256,,,,0,17,,,,,,,,,,,,,,,,,,,,,,,,,,,,,,,2
89705207877,89705207877,179410415754.0,179410415754,0,179410415754,,,,0,14,,,,,,,,,,,,,,,,,,,,,,,,,,,,,,,2
255239408606715.38,267648659504743.8,5750399900464,5360027580741023,260594268858597,5620621849599620,0.0,0.0,0.0,0,69,0.09523809523809523,4.297079327540665,0.09523809523809523,4.321928094887363,20,0.7049352757709676,0.8452676783342873,0.10836218538221609,56999.0,1.2430632339851297,100119.75,56999.0,124455.1802207827,0.0,21,0.3986244896395169,0.3891221797814203,0.0,0.38095238095238093,0.0,0.42857142857142855,0.0,2,2,0.5714285714285714,1,1.2857142857142858,2,0.8804176416550935,0.38095238095238093,21
,,,,,,,,,,,,,,,,,,,,,,,,,,,,,,,,,,,,,,,,,0
0,50084523101,50084523101,0,50084523101,50084523101,,,,0,12,,,,,,,,,,,,,,,,,,,,,,,,,,,,,,,1
,,,,,,,,,,,,,,,,,,,,,,,,,,,,,,,,,,,,,,,,,0
254186001549.25,254186001549.25,506668221868.0,4066976024788,0,4066976024788,0.0,0.3333333333333333,0.0,0,141,0.0625,4.0,0.0,3.906890595608519,16,0.39368621494578343,0.979569764547061,0.0025085882089522305,3477,1.0050297941000774,40807.53333333333,3477,41012.78682373204,0.13333333333333333,16,0.4237978502236265,0.17644790860436668,0.5,0.0,0.0,0.0,0.0,10,2,3,1,7.3125,1.5,0.9394606855331356,0.25,16
20099976800,5049976800,15050000000.0,40199953600,-30100000000,10099953600,,,,0,7,,,,,,,,,,,,,,,,,,,,,,,,,,,,,,,2
60000000000,63499999767,116500000233.0,120000000000,6999999534,126999999534,,,,0,6,,,,,,,,,,,,,,,,,,,,,,,,,,,,,,,2
31612643562723,15806321781361.5,15806321781361.5,63225287125446,-31612643562723,31612643562723,,,,3,6,,,,,,,,,,,,,,,,,,,,,,,,,,,,,,,2
,,,,,,,,,,,,,,,,,,,,,,,,,,,,,,,,,,,,,,,,,0
,,,,,,,,,,,,,,,,,,,,,,,,,,,,,,,,,,,,,,,,,0
,,,,,,,,,,,,,,,,,,,,,,,,,,,,,,,,,,,,,,,,,0
30511305760.863636,19068100100.409092,40447254146.0,1342497453478,-503501049060,838996404418,0.3333333333333333,0.3333333333333333,0.0,0,464,0.022727272727272728,5.459431618637297,0.0,5.426264754702098,44,0.46271306256217826,0.9609920718920253,0.04427766647797497,3956,1.092658013577653,52071.62790697674,3956,56896.48151259188,0.046511627906976744,44,0.40537924006299514,0.24857249176361462,0.0,0.0,0.0,0.0,0.0,10,10,4.386363636363637,5.181818181818182,5.045454545454546,5.5,0.857855809091795,0.3181818181818182,44
1339655119042.8572,1781316924880.9524,1423099890000,28132757499900,9274897922600,37407655422500,0.3333333333333333,0.3333333333333333,0.0,5,70,0.42857142857142855,2.5575876602558645,0.7142857142857143,3.9841837197791894,9,0.5735012462299033,0.7434941963034238,0.19243555268639298,5991,1.4765825274417093,111504,5991,164644.85813986036,0.10526315789473684,21,0.37040569492212705,0.16691648224555233,0.047619047619047616,0.0,0.0,0.23809523809523808,0.0,4,2,0.7619047619047619,1,1.3333333333333333,2,0.6080560226307111,0.7619047619047619,21
,,,,,,,,,,,,,,,,,,,,,,,,,,,,,,,,,,,,,,,,,0
0,50290245624.333336,50238838005.0,0,301741473746,301741473746,0.0,0.3333333333333333,,0,20,0.16666666666666666,2.584962500721156,0.0,2.321928094887362,6,0.491089985367093,0.9207822211616017,-0.027478768641195202,,0.9465122404864191,483552.8,260487,457688.64412148134,0.6,6,,,0.0,0.0,0.0,0.0,0.0,2,2,1,1,1.3333333333333333,2,0.9182958340544896,0.6666666666666666,6
,,,,,,,,,,,,,,,,,,,,,,,,,,,,,,,,,,,,,,,,,0
3078777289524607.5,3077216721551683.0,311075814261891,206278078398148689,-104558054185921,206173520343962768,0.3333333333333333,0.3333333333333333,0.0,0,216,0.07462686567164178,5.560502578802142,0.3283582089552239,6.044394119358454,53,0.9157723277839552,0.89694091707751,0.29116479509530646,11869.5,1.8215302882267397,38107.09090909091,11869.5,69413.22028711894,0.030303030303030304,67,0.39700901744129996,0.30155757387548876,0.04477611940298507,0.7761194029850746,0.0,0.835820895522388,0.0,10,3,0.16417910447761194,0.8955223880597015,1.328358208955224,1.8955223880597014,0.4396984866565224,0.7611940298507462,67
,,,,,,,,,,,,,,,,,,,,,,,,,,,,,,,,,,,,,,,,,0
0,14613942356068,14613942356068,0,14613942356068,14613942356068,,,,0,20,,,,,,,,,,,,,,,,,,,,,,,,,,,,,,,1
50000000000,50000000000,100000000000.0,100000000000,0,100000000000,,,,0,5,,,,,,,,,,,,,,,,,,,,,,,,,,,,,,,2
667404941091.091,552984292767.7878,23200000000.0,44048726112012,-7551762789338,36496963322674,0.0,0.0,0.0,171,369,0.06060606060606061,5.616141657138902,0.2878787878787879,5.918446466841324,54,0.7039602997355,0.626734069730101,0.5129332391732948,88.5,3.106213276811114,41957.816666666666,88.5,130329.92719600663,0.03333333333333333,66,0.5980240587691782,0.031099830311026172,0.25757575757575757,0.3787878787878788,0.3333333333333333,0.36363636363636365,0.3333333333333333,10,9,0.7272727272727273,1.4242424242424243,2.8181818181818183,2.772727272727273,0.8383967673890615,0.21212121212121213,66
,,,,,,,,,,,,,,,,,,,,,,,,,,,,,,,,,,,,,,,,,0
0,666401825133.8,0,0,3332009125669,3332009125669,0.3333333333333333,0.3333333333333333,,0,55,0.2,2.321928094887362,0.0,2.0,5,0.15745561599987182,0.6846046005037072,-0.39695707469876423,,0.4316832179194011,345294.5,260048.0,149057.84088987065,0.75,5,,,0.0,0.0,0.0,0.0,0.0,1,10,1,9.6,1,10,0.9709505944546686,0.6,5
327107645980.5,327107645980.5,654215291961.0,654215291961,0,654215291961,,,,0,5,,,,,,,,,,,,,,,,,,,,,,,,,,,,,,,2
,,,,,,,,,,,,,,,,,,,,,,,,,,,,,,,,,,,,,,,,,0
5852500000000,5852500000000,11705000000000.0,23410000000000,0,23410000000000,0.3333333333333333,0.3333333333333333,,0,19,0.5,1.5,0.5,1.584962500721156,3,,,,,,,,,,,,,0.25,0.0,0.25,0.0,0.25,10,2,0.75,1,3.25,1.5,0.9463946303571862,0.5,4
,,,,,,,,,,,,,,,,,,,,,,,,,,,,,,,,,,,,,,,,,0
0,5070833331913.333,5299999997870,0,15212499995740,15212499995740,0.0,0.3333333333333333,,0,7,0.3333333333333333,1.584962500721156,0.0,1.0,3,,,,,,,,,,,,,0.0,0.0,0.0,0.0,0.0,1,2,1,0.3333333333333333,1,1.3333333333333333,0.9182958340544896,0.6666666666666666,3
,,,,,,,,,,,,,,,,,,,,,,,,,,,,,,,,,,,,,,,,,0
,,,,,,,,,,,,,,,,,,,,,,,,,,,,,,,,,,,,,,,,,0
,,,,,,,,,,,,,,,,,,,,,,,,,,,,,,,,,,,,,,,,,0
25718267698479.125,25718267698479.125,53900000000000.0,205746141587833,0,205746141587833,0.3333333333333333,0.3333333333333333,0.0,0,20,0.5,1.75,0.75,2.2359263506290326,4,0.5452607299638289,0.5343107806620333,0.2797689134417887,583,1.7768865261807245,72553.42857142857,583,128919.20965678703,0.14285714285714285,8,0.5629220781207765,0.3835891866273928,0.0,0.0,0.0,0.0,0.0,1,2,0.5,1,1,1.5,1.0,0.5,8
150000000000,75000000000,75000000000.0,300000000000,-150000000000,150000000000,,,,3,6,,,,,,,,,,,,,,,,,,,,,,,,,,,,,,,2
,,,,,,,,,,,,,,,,,,,,,,,,,,,,,,,,,,,,,,,,,0
25082630832,25082630832,50143544405.0,250826308320,0,250826308320,0.0,0.3333333333333333,0.0,0,60,0.2,3.1219280948873624,0.2,3.169925001442312,9,0.577199779552126,0.6985094873598758,-0.026902527914379866,198872,0.9476045151646117,233837.77777777778,198872,221585.73403828134,0.1111111111111111,10,0.3775817488326533,0.20586867959544192,0.1,0.0,0.0,0.0,0.0,10,2,2.9,1,4.5,1.5,0.8983289127685206,0.4,10
,,,,,,,,,,,,,,,,,,,,,,,,,,,,,,,,,,,,,,,,,0
,,,,,,,,,,,,,,,,,,,,,,,,,,,,,,,,,,,,,,,,,0
66975904420061.25,66975904420061.25,133951808840122.5,267903617680245,0,267903617680245,0.3333333333333333,0.3333333333333333,,0,11,0.5,1.5,0.5,1.584962500721156,3,,,,,,,,,,,,,0.0,0.0,0.0,0.0,0.0,1,3,0.5,1.25,1,1.75,0.9463946303571862,0.5,4
,,,,,,,,,,,,,,,,,,,,,,,,,,,,,,,,,,,,,,,,,0
417723200000000,417723200000000,835446400000000.0,835446400000000,0,835446400000000,,,,0,6,,,,,,,,,,,,,,,,,,,,,,,,,,,,,,,2
,,,,,,,,,,,,,,,,,,,,,,,,,,,,,,,,,,,,,,,,,0
1019083040318.5,1019083040318.5,2038166080637.0,2038166080637,0,2038166080637,,,,0,5,,,,,,,,,,,,,,,,,,,,,,,,,,,,,,,2
,,,,,,,,,,,,,,,,,,,,,,,,,,,,,,,,,,,,,,,,,0
,,,,,,,,,,,,,,,,,,,,,,,,,,,,,,,,,,,,,,,,,0
,,,,,,,,,,,,,,,,,,,,,,,,,,,,,,,,,,,,,,,,,0
,,,,,,,,,,,,,,,,,,,,,,,,,,,,,,,,,,,,,,,,,0
,,,,,,,,,,,,,,,,,,,,,,,,,,,,,,,,,,,,,,,,,0
,,,,,,,,,,,,,,,,,,,,,,,,,,,,,,,,,,,,,,,,,0
200000000000,100000000000,100000000000.0,400000000000,-200000000000,200000000000,,,,3,6,,,,,,,,,,,,,,,,,,,,,,,,,,,,,,,2
244217883151.51852,9227887335.925926,338638970820.0,13187765690182,-12689459774042,498305916140,0.3333333333333333,0.3333333333333333,0.0,0,565,0.018518518518518517,5.754887502163468,0.0,5.7279204545632,54,0.4541960528867941,0.9977373212960795,-0.015479111923199243,3956,0.9695136773539662,42246.79245283019,3956,40958.84310735318,0.03773584905660377,54,0.40537924006299514,0.18330282138495088,0.0,0.0,0.0,0.0,0.0,10,10,4.333333333333333,5.481481481481482,4.962962962962963,5.5,0.7093511253139057,0.48148148148148145,54
,,,,,,,,,,,,,,,,,,,,,,,,,,,,,,,,,,,,,,,,,0
36653303368.666664,36653302838.666664,49999999986.0,1099599101060,-15900,1099599085160,0.3333333333333333,0.6666666666666666,0.0,0,148,0.03333333333333333,4.906890595608519,0.0,4.857980995127572,30,0.15745561599987182,0.9937817529033621,0.01645787724231506,192,1.0334665427367158,83405.27586206897,192,86196.56209117446,0.06896551724137931,30,0.645648526427892,0.15784643931045494,0.43333333333333335,0.0,0.5,0.5,0.5,4,3,1,1.5,2.433333333333333,2.5,0.8096436052541137,0.5,30
11958713440767.5,11958713440767.5,23917426881535.0,23917426881535,0,23917426881535,,,,1,6,,,,,,,,,,,,,,,,,,,,,,,,,,,,,,,2
,,,,,,,,,,,,,,,,,,,,,,,,,,,,,,,,,,,,,,,,,0
,,,,,,,,,,,,,,,,,,,,,,,,,,,,,,,,,,,,,,,,,0
551500000000000,275750000000000,275750000000000.0,1103000000000000,-551500000000000,551500000000000,,,,3,8,,,,,,,,,,,,,,,,,,,,,,,,,,,,,,,2
,,,,,,,,,,,,,,,,,,,,,,,,,,,,,,,,,,,,,,,,,0
5092291318221388.0,5092291318221388.0,1.0184582636442776e+16,10184582636442777,0,10184582636442777,,,,0,8,,,,,,,,,,,,,,,,,,,,,,,,,,,,,,,2
1121250666419,0,1121250666419,1121250666419,-1121250666419,0,,,,0,11,,,,,,,,,,,,,,,,,,,,,,,,,,,,,,,1
,,,,,,,,,,,,,,,,,,,,,,,,,,,,,,,,,,,,,,,,,0
53979650000000,53979650000000,106029400000000.0,1511430200000000,0,1511430200000000,0.3333333333333333,0.3333333333333333,0.0,0,70,0.5,2.5640426394456974,0.7142857142857143,4.050459724065177,11,0.725166881320054,0.8598127531507579,0.5751679582719024,1057,3.7077428337668716,72259.25925925926,1057,267918.750691821,0.037037037037037035,28,0.43659004193823175,0.1682386233636546,0.0,0.0,0.0,0.0,0.0,1,2,0.5,1,1,1.5,1.0,0.5,28
,,,,,,,,,,,,,,,,,,,,,,,,,,,,,,,,,,,,,,,,,0
,,,,,,,,,,,,,,,,,,,,,,,,,,,,,,,,,,,,,,,,,0
,,,,,,,,,,,,,,,,,,,,,,,,,,,,,,,,,,,,,,,,,0
23000000000000,11500000000000,11500000000000.0,46000000000000,-23000000000000,23000000000000,,,,3,6,,,,,,,,,,,,,,,,,,,,,,,,,,,,,,,2
2277494736863.5,2280644737248.5,4551839473342.0,4554989473727,6300000770,4561289474497,,,,0,6,,,,,,,,,,,,,,,,,,,,,,,,,,,,,,,2
,,,,,,,,,,,,,,,,,,,,,,,,,,,,,,,,,,,,,,,,,0
,,,,,,,,,,,,,,,,,,,,,,,,,,,,,,,,,,,,,,,,,0
,,,,,,,,,,,,,,,,,,,,,,,,,,,,,,,,,,,,,,,,,0
13894966724,13894966724,27789933448.0,27789933448,0,27789933448,,,,4,8,,,,,,,,,,,,,,,,,,,,,,,,,,,,,,,2
0,17126613718.2,24300163032.5,0,171266137182,171266137182,0.3333333333333333,0.3333333333333333,1.0,0,110,0.1,3.3219280948873626,0.0,3.169925001442312,10,-0.0,0.9695703501901249,-0.9997623714926491,259203,0.00011882837217985536,259201,259203,30.80043289739069,1.0,10,0.9998726947627188,0.9999998964653833,0.0,0.0,0.0,0.0,0.0,1,10,1,9.3,1,10,0.8812908992306927,0.7,10
,,,,,,,,,,,,,,,,,,,,,,,,,,,,,,,,,,,,,,,,,0
3980000000000,3980000000000,7960000000000.0,7960000000000,0,7960000000000,,,,0,14,,,,,,,,,,,,,,,,,,,,,,,,,,,,,,,2
,,,,,,,,,,,,,,,,,,,,,,,,,,,,,,,,,,,,,,,,,0
,,,,,,,,,,,,,,,,,,,,,,,,,,,,,,,,,,,,,,,,,0
,,,,,,,,,,,,,,,,,,,,,,,,,,,,,,,,,,,,,,,,,0
,,,,,,,,,,,,,,,,,,,,,,,,,,,,,,,,,,,,,,,,,0
0,2466518904247,2466518904247.0,0,4933037808494,4933037808494,,,,0,14,,,,,,,,,,,,,,,,,,,,,,,,,,,,,,,2
,,,,,,,,,,,,,,,,,,,,,,,,,,,,,,,,,,,,,,,,,0
,,,,,,,,,,,,,,,,,,,,,,,,,,,,,,,,,,,,,,,,,0
,,,,,,,,,,,,,,,,,,,,,,,,,,,,,,,,,,,,,,,,,0
,,,,,,,,,,,,,,,,,,,,,,,,,,,,,,,,,,,,,,,,,0
1975590550000,1975590550000,3951181100000.0,3951181100000,0,3951181100000,,,,0,5,,,,,,,,,,,,,,,,,,,,,,,,,,,,,,,2
0,18417138047.272728,20042838654,0,607765555560,607765555560,0.3333333333333333,0.3333333333333333,0.0,0,363,0.48484848484848486,3.1050001799645144,0.48484848484848486,5.0,18,0.17427591194444622,0.8828969849023787,0.12946402688722974,43666.0,1.2974352143641026,75653.875,43666.0,98156.00152810002,0.0,33,0.39654095425101027,0.5252406751190563,0.0,0.0,0.0,0.0,0.0,10,10,1,5.121212121212121,5.363636363636363,5.636363636363637,0.9993375041688847,0.5151515151515151,33
,,,,,,,,,,,,,,,,,,,,,,,,,,,,,,,,,,,,,,,,,0
,,,,,,,,,,,,,,,,,,,,,,,,,,,,,,,,,,,,,,,,,0
1913645050217.6428,1913645050217.6428,3100196500000.0,26791030703047,0,26791030703047,0.3333333333333333,0.3333333333333333,0.0,0,36,0.5,1.9211854965885542,0.8571428571428571,2.873140679513133,5,0.5499806456316046,0.6562657890890309,0.4067797140266276,2890,2.3714288726966646,192961.76923076922,2890,457595.11088047695,0.15384615384615385,14,0.38882081231929655,0.31028596504026673,0.0,0.0,0.0,0.0,0.0,1,3,0.5,1.0714285714285714,1,1.5714285714285714,0.8175817337644011,0.5,14
,,,,,,,,,,,,,,,,,,,,,,,,,,,,,,,,,,,,,,,,,0
0,14850234997478,14850234997478,0,14850234997478,14850234997478,,,,1,3,,,,,,,,,,,,,,,,,,,,,,,,,,,,,,,1
,,,,,,,,,,,,,,,,,,,,,,,,,,,,,,,,,,,,,,,,,0
115206703602,0,115206703602,115206703602,-115206703602,0,,,,0,5,,,,,,,,,,,,,,,,,,,,,,,,,,,,,,,1
,,,,,,,,,,,,,,,,,,,,,,,,,,,,,,,,,,,,,,,,,0
,,,,,,,,,,,,,,,,,,,,,,,,,,,,,,,,,,,,,,,,,0
,,,,,,,,,,,,,,,,,,,,,,,,,,,,,,,,,,,,,,,,,0
16943994988604,0,16943994988604,16943994988604,-16943994988604,0,,,,0,2,,,,,,,,,,,,,,,,,,,,,,,,,,,,,,,1
,,,,,,,,,,,,,,,,,,,,,,,,,,,,,,,,,,,,,,,,,0
,,,,,,,,,,,,,,,,,,,,,,,,,,,,,,,,,,,,,,,,,0
35021545043.017815,35021545043.017815,60520708485,13763467201906,0,13763467201906,0.0,0.3333333333333333,0.0,0,2086,0.2340966921119593,6.846506343417311,0.3638676844783715,8.58509341433348,267,0.9916450279599023,0.9939661417701415,0.2443267138950927,2462,1.646646423494647,6597.501278772378,2462,10863.751884691896,0.03836317135549872,393,0.5781461928967676,0.016703360740091117,0.06870229007633588,0.0,0.0,0.0,0.0,10,2,2.6259541984732824,1,3.791348600508906,1.5165394402035624,0.7087894797814985,0.3842239185750636,393
,,,,,,,,,,,,,,,,,,,,,,,,,,,,,,,,,,,,,,,,,0
10229795460.076923,15653394822.576923,10600500000.0,265974681962,141013583425,406988265387,0.3333333333333333,0.3333333333333333,0.0,92,178,0.07692307692307693,4.623516641218015,0.07692307692307693,4.643856189774724,25,0.6747559184231172,0.8246938969504823,0.13169597569998936,73661.0,1.3033407009858258,157314,73661.0,205033.7390348842,0.0,26,0.36804428744449147,0.15629747648231102,0.038461538461538464,0.19230769230769232,0.5384615384615384,0.4230769230769231,0.5384615384615384,4,9,1.5769230769230769,2.8461538461538463,2.769230769230769,4.076923076923077,0.8285592787973654,0.38461538461538464,26
,,,,,,,,,,,,,,,,,,,,,,,,,,,,,,,,,,,,,,,,,0
114136663581.83333,114136663435.83333,25000000126.0,3424099907455,-4380,3424099903075,0.3333333333333333,0.6666666666666666,0.0,0,150,0.03333333333333333,4.906890595608519,0.0,4.857980995127572,30,0.15745561599987182,0.9937817529033621,0.016033820729784893,293,1.0325901866701899,83408.75862068965,293,86127.06563406673,0.034482758620689655,30,0.6308098220430761,0.15414978727265446,0.4666666666666667,0.0,0.5,0.5,0.5,5,3,1,1.5,2.5,2.5,0.6749607099715597,0.5,30
,,,,,,,,,,,,,,,,,,,,,,,,,,,,,,,,,,,,,,,,,0
163559497430.84744,91070735133.20338,314387308740,9650010348420,-4276836975561,5373173372859,0.3333333333333333,0.3333333333333333,0.3333333333333333,0,631,0.01694915254237288,5.882643049361842,0.0,5.857980995127572,59,0.02703399813880961,0.9991186858946983,-0.01837121993878692,43209.0,0.9639203866348635,43221.68965517241,43209.0,41662.26780342587,0.0,59,0.3808614093347375,0.9906150411317194,0.0,0.0,0.0,0.0,0.0,10,10,4.423728813559322,5.288135593220339,5.11864406779661,5.576271186440678,0.8074656325788485,0.288135593220339,59
,,,,,,,,,,,,,,,,,,,,,,,,,,,,,,,,,,,,,,,,,0
,,,,,,,,,,,,,,,,,,,,,,,,,,,,,,,,,,,,,,,,,0
,,,,,,,,,,,,,,,,,,,,,,,,,,,,,,,,,,,,,,,,,0
5789094228.937037,51674026772.02963,58228993863.5,1563055441813,12388931786635,13951987228448,0.3333333333333333,0.3333333333333333,0.3333333333333333,0,1263,0.06296296296296296,6.4274273717494586,0.5740740740740741,8.004547864415361,141,0.9587829080180129,0.9966738096914605,-0.26892564758413084,9667.5,0.5761364771905584,9684.921052631578,9667.5,5579.836297131832,0.14285714285714285,270,0.8350240082309511,0.06007601114010654,0.07407407407407407,0.0,0.0,0.0,0.0,10,2,1.711111111111111,1,2.803703703703704,1.874074074074074,0.5266444698958831,0.5148148148148148,270
,,,,,,,,,,,,,,,,,,,,,,,,,,,,,,,,,,,,,,,,,0
30010145035000,30010145035000,60020290070000.0,120040580140000,0,120040580140000,0.0,0.6666666666666666,,0,31,0.25,2.0,0.0,1.584962500721156,4,,,,,,,,,,,,,0.25,0.0,0.5,0.0,0.5,10,2,5.25,1,6.25,1.5,1.0,0.25,4
12500099999094,0,12500099999094,12500099999094,-12500099999094,0,,,,1,2,,,,,,,,,,,,,,,,,,,,,,,,,,,,,,,1
,,,,,,,,,,,,,,,,,,,,,,,,,,,,,,,,,,,,,,,,,0
27582040137.125,27582040137.125,55245879821.5,220656321097,0,220656321097,0.3333333333333333,0.3333333333333333,0.0,0,80,0.125,3.0,0.0,2.8073549220576037,8,0.47015413144393475,0.5343107806620333,0.037893258314979215,31860,1.0787714224902187,235694.42857142858,31860,254260.41398301924,0.14285714285714285,8,0.4046218871706383,0.4351452035290996,0.0,0.0,0.0,0.0,0.0,9,10,2.25,5,4.5,5.5,0.9306282244165778,0.375,8
,,,,,,,,,,,,,,,,,,,,,,,,,,,,,,,,,,,,,,,,,0
,,,,,,,,,,,,,,,,,,,,,,,,,,,,,,,,,,,,,,,,,0
,,,,,,,,,,,,,,,,,,,,,,,,,,,,,,,,,,,,,,,,,0
,,,,,,,,,,,,,,,,,,,,,,,,,,,,,,,,,,,,,,,,,0
,,,,,,,,,,,,,,,,,,,,,,,,,,,,,,,,,,,,,,,,,0
,,,,,,,,,,,,,,,,,,,,,,,,,,,,,,,,,,,,,,,,,0
,,,,,,,,,,,,,,,,,,,,,,,,,,,,,,,,,,,,,,,,,0
,,,,,,,,,,,,,,,,,,,,,,,,,,,,,,,,,,,,,,,,,0
186916040675.9355,0,0,5794397260954,-5794397260954,0,0.3333333333333333,0.3333333333333333,1.0,0,350,0.03225806451612903,4.954196310386874,0.0,4.906890595608519,31,0.044840608435237135,0.993481035715945,-0.5190402639175449,86402.0,0.31662079505521407,83709.1,86402.0,26504.04179535642,0.9,31,0.9998206220946313,0.9973148742932572,0.0,0.0,0.0,0.0,0.0,10,10,0.967741935483871,9.709677419354838,1.5806451612903225,9.709677419354838,0.25844992786316917,0.9354838709677419,31
221347852686.125,0,10397753680.5,3541565642978,-3541565642978,0,0.3333333333333333,0.6666666666666666,0.0,0,174,0.0625,4.0,0.0,3.906890595608519,16,0.07356441117325659,0.720173358101072,0.07978769901358689,82832,1.173411502819641,138341,82832,162330.92071157196,0.06666666666666667,16,0.3705896691219038,0.1669637093038583,0.0,0.0,0.0,0.0,0.0,10,10,4.6875,5.5,5.375,5.5,0.7641913951834827,0.5,16
0,6200000000,6200000000,0,6200000000,6200000000,,,,1,3,,,,,,,,,,,,,,,,,,,,,,,,,,,,,,,1
,,,,,,,,,,,,,,,,,,,,,,,,,,,,,,,,,,,,,,,,,0
50000000000,100000000000,50000000000.0,100000000000,100000000000,200000000000,,,,3,7,,,,,,,,,,,,,,,,,,,,,,,,,,,,,,,2
,,,,,,,,,,,,,,,,,,,,,,,,,,,,,,,,,,,,,,,,,0
,,,,,,,,,,,,,,,,,,,,,,,,,,,,,,,,,,,,,,,,,0
,,,,,,,,,,,,,,,,,,,,,,,,,,,,,,,,,,,,,,,,,0
,,,,,,,,,,,,,,,,,,,,,,,,,,,,,,,,,,,,,,,,,0
,,,,,,,,,,,,,,,,,,,,,,,,,,,,,,,,,,,,,,,,,0
,,,,,,,,,,,,,,,,,,,,,,,,,,,,,,,,,,,,,,,,,0
,,,,,,,,,,,,,,,,,,,,,,,,,,,,,,,,,,,,,,,,,0
,,,,,,,,,,,,,,,,,,,,,,,,,,,,,,,,,,,,,,,,,0
0,107141252595.98245,0,0,6107051397971,6107051397971,0.3333333333333333,0.3333333333333333,0.0,0,653,0.017543859649122806,5.832890014164742,0.0,5.807354922057604,57,0.3787200177369075,0.9928488525886211,-0.41793145180641617,56007.0,0.4105054214377149,45257.46428571428,56007.0,18578.434449809472,0.2857142857142857,57,0.6303006339759638,0.038786233510928046,0.0,0.0,0.0,0.0,0.0,10,10,4.964912280701754,5.508771929824562,5.719298245614035,5.7368421052631575,0.7672115470398543,0.3508771929824561,57
,,,,,,,,,,,,,,,,,,,,,,,,,,,,,,,,,,,,,,,,,0
,,,,,,,,,,,,,,,,,,,,,,,,,,,,,,,,,,,,,,,,,0
0,11030882801153.666,90000000000,0,33092648403461,33092648403461,0.0,0.0,,0,13,0.3333333333333333,1.584962500721156,0.0,1.0,3,,,,,,,,,,,,,0.3333333333333333,0.0,0.0,0.0,0.0,5,2,1,0.6666666666666666,2.6666666666666665,1.6666666666666667,1.0,0.3333333333333333,3
0,1622403467,0,0,50294507477,50294507477,0.3333333333333333,0.3333333333333333,1.0,0,333,0.03225806451612903,4.954196310386874,0.0,4.906890595608519,31,0.044840608435237135,0.9968189734696425,-0.7099025735917205,86402.0,0.16965728392285992,83521.4,86402.0,14170.013873434751,0.9333333333333333,31,0.999855337887549,0.9953708150730313,0.0,0.0,0.0,0.0,0.0,1,10,1,9.709677419354838,1,9.741935483870968,0.205592508185083,0.967741935483871,31
150000000000,75000000000,75000000000.0,300000000000,-150000000000,150000000000,,,,3,6,,,,,,,,,,,,,,,,,,,,,,,,,,,,,,,2
,,,,,,,,,,,,,,,,,,,,,,,,,,,,,,,,,,,,,,,,,0
,,,,,,,,,,,,,,,,,,,,,,,,,,,,,,,,,,,,,,,,,0
,,,,,,,,,,,,,,,,,,,,,,,,,,,,,,,,,,,,,,,,,0
,,,,,,,,,,,,,,,,,,,,,,,,,,,,,,,,,,,,,,,,,0
,,,,,,,,,,,,,,,,,,,,,,,,,,,,,,,,,,,,,,,,,0
,,,,,,,,,,,,,,,,,,,,,,,,,,,,,,,,,,,,,,,,,0
,,,,,,,,,,,,,,,,,,,,,,,,,,,,,,,,,,,,,,,,,0
,,,,,,,,,,,,,,,,,,,,,,,,,,,,,,,,,,,,,,,,,0
3797038971053,3797038971053,7594077942106.0,7594077942106,0,7594077942106,,,,0,6,,,,,,,,,,,,,,,,,,,,,,,,,,,,,,,2
,,,,,,,,,,,,,,,,,,,,,,,,,,,,,,,,,,,,,,,,,0
0,62327685901,62327685901,0,62327685901,62327685901,,,,0,4,,,,,,,,,,,,,,,,,,,,,,,,,,,,,,,1
,,,,,,,,,,,,,,,,,,,,,,,,,,,,,,,,,,,,,,,,,0
0,7007979847092.375,3717018658255.0,0,448510710213912,448510710213912,0.3333333333333333,0.6666666666666666,0.0,0,212,0.4375,3.615532221599798,0.65625,5.564581510801504,29,0.5682831862827865,0.996146563298421,0.03173078489987343,16331.0,1.065541244945172,40546.596774193546,16331.0,43204.07120506409,0.04838709677419355,64,0.4408477137445272,0.03851141311859339,0.484375,0.0,0.484375,0.0,0.0,10,1,2.1875,0,2.3125,1,0.7058423207959699,0.515625,64
12179158581.85,0,11443291177.0,243583171637,-243583171637,0,0.3333333333333333,0.6666666666666666,0.0,0,216,0.05,4.321928094887363,0.0,4.247927513443585,20,-0.0,0.9695703501901249,0.02595885850179039,2512,1.0533013594515364,127389.94736842105,2512,134180.00474361755,0.10526315789473684,20,0.46379524711784653,0.09424773939302393,0.0,0.0,0.0,0.0,0.0,10,10,4.7,5.5,5.3,5.5,0.7689623555349369,0.5,20
,,,,,,,,,,,,,,,,,,,,,,,,,,,,,,,,,,,,,,,,,0
3100000000,3100000000,6200000000.0,6200000000,0,6200000000,,,,2,18,,,,,,,,,,,,,,,,,,,,,,,,,,,,,,,2
342684798794.69696,311572400044.24243,0,11308598360225,-1026709158765,10281889201460,0.3333333333333333,0.3333333333333333,1.0,0,350,0.030303030303030304,5.044394119358454,0.0,5.0,33,0.45872194289914375,0.9944258657461995,-0.5555241950052685,85860.0,0.2857402066916909,78178.53125,85860.0,22338.749678227818,0.4375,33,0.937579465117214,0.8311615767651835,0.0,0.0,0.0,0.0,0.0,10,10,0.9393939393939394,8.818181818181818,1.393939393939394,9.212121212121213,0.6314867582724846,0.5454545454545454,33
3198791828478.375,3198791828478.375,4499178077416.5,51180669255654,0,51180669255654,0.3333333333333333,0.3333333333333333,0.0,0,40,0.5,1.271782221599798,0.9375,1.562806631693174,3,0.6543128759565947,0.678802329999963,0.23714700400452848,765,1.6217370981025452,127224.6,765,206324.85361125707,0.06666666666666667,16,0.5488116360940264,0.1288827351441102,0.0,0.0,0.0,0.0,0.0,1,2,0.5,1,1,1.5,1.0,0.5,16
221241023955.7,0,145518331933.5,2212410239557,-2212410239557,0,0.6666666666666666,0.3333333333333333,0.3333333333333333,0,65,0.5,2.1609640474436813,0.5,3.169925001442312,6,-0.0,0.8270874753469161,0.043405013764524526,958,1.090748988629635,38509.22222222222,958,42003.89519180275,0.5555555555555556,10,0.9531178684833042,0.06390700877940851,0.0,0.0,0.0,0.0,0.0,1,10,0.5,5.5,1,5.5,1.0,0.5,10
,,,,,,,,,,,,,,,,,,,,,,,,,,,,,,,,,,,,,,,,,0
,,,,,,,,,,,,,,,,,,,,,,,,,,,,,,,,,,,,,,,,,0
,,,,,,,,,,,,,,,,,,,,,,,,,,,,,,,,,,,,,,,,,0
,,,,,,,,,,,,,,,,,,,,,,,,,,,,,,,,,,,,,,,,,0
0,31672809468.5,31802802044.5,0,126691237874,126691237874,0.3333333333333333,0.3333333333333333,,0,44,0.25,2.0,0.0,1.584962500721156,4,,,,,,,,,,,,,0.0,0.0,0.0,0.0,0.0,1,10,1,9,1,10,0.0,1.0,4
2757873044277.5,2757873044277.5,5515746088555.0,5515746088555,0,5515746088555,,,,0,14,,,,,,,,,,,,,,,,,,,,,,,,,,,,,,,2
,,,,,,,,,,,,,,,,,,,,,,,,,,,,,,,,,,,,,,,,,0
,,,,,,,,,,,,,,,,,,,,,,,,,,,,,,,,,,,,,,,,,0
,,,,,,,,,,,,,,,,,,,,,,,,,,,,,,,,,,,,,,,,,0
1044717777362,1044717777362,2089435554724.0,2089435554724,0,2089435554724,,,,0,10,,,,,,,,,,,,,,,,,,,,,,,,,,,,,,,2
,,,,,,,,,,,,,,,,,,,,,,,,,,,,,,,,,,,,,,,,,0
,,,,,,,,,,,,,,,,,,,,,,,,,,,,,,,,,,,,,,,,,0
6864447000000,6864447000000,13728894000000.0,13728894000000,0,13728894000000,,,,0,6,,,,,,,,,,,,,,,,,,,,,,,,,,,,,,,2
,,,,,,,,,,,,,,,,,,,,,,,,,,,,,,,,,,,,,,,,,0
,,,,,,,,,,,,,,,,,,,,,,,,,,,,,,,,,,,,,,,,,0
,,,,,,,,,,,,,,,,,,,,,,,,,,,,,,,,,,,,,,,,,0
,,,,,,,,,,,,,,,,,,,,,,,,,,,,,,,,,,,,,,,,,0
3100000000,3100000000,6200000000.0,6200000000,0,6200000000,,,,2,7,,,,,,,,,,,,,,,,,,,,,,,,,,,,,,,2
,,,,,,,,,,,,,,,,,,,,,,,,,,,,,,,,,,,,,,,,,0
29944010117.633587,29944010117.633587,59278694947.0,7845330650820,0,7845330650820,0.3333333333333333,0.3333333333333333,0.0,0,753,0.5,3.961749323607436,0.7938931297709924,6.91372905851427,78,0.9784409875043127,0.991409813836394,0.013447270838731071,841,1.0272611294687988,5176.885057471264,841,5318.012791268078,0.007662835249042145,262,0.44602861225531204,0.04718401994969029,0.03816793893129771,0.0,0.0,0.0,0.0,4,2,0.5,1,1.3740458015267176,1.5,0.7221285569039527,0.5,262
,,,,,,,,,,,,,,,,,,,,,,,,,,,,,,,,,,,,,,,,,0
87176057412.5,87176057412.5,174352114825.0,174352114825,0,174352114825,,,,2,7,,,,,,,,,,,,,,,,,,,,,,,,,,,,,,,2
362756743266.6875,1817159325279.3125,0.0,5804107892267,23270441312202,29074549204469,0.3333333333333333,0.3333333333333333,0.3333333333333333,1,253,0.0625,4.0,0.0,3.906890595608519,16,0.28887047453350395,0.8846257998344363,-0.06997880879895574,86396,0.8691958976692137,83786.46666666666,86396,72826.85310686498,0.6,16,0.9997453909997901,0.4925755112951501,0.125,0.0,0.0625,0.0,0.0,10,10,1,7,8.4375,7.375,0.6273362811779478,0.6875,16
,,,,,,,,,,,,,,,,,,,,,,,,,,,,,,,,,,,,,,,,,0
,,,,,,,,,,,,,,,,,,,,,,,,,,,,,,,,,,,,,,,,,0
14833779101.09091,7707668098.545455,27774101103.0,326343140224,-156774442056,169568698168,0.3333333333333333,0.0,0.0,0,154,0.36363636363636365,3.3685225277282065,0.36363636363636365,4.392317422778761,15,0.2786529740686348,0.9227074419200704,0.4848762063775277,75572,2.8825618710708882,119171.71428571429,75572,343519.8397101539,0.047619047619047616,22,0.3732881463594378,0.3501765993096887,0.0,0.0,0.0,0.0,0.0,2,10,0.5454545454545454,5.636363636363637,1.0909090909090908,5.909090909090909,0.933816945485606,0.36363636363636365,22
,,,,,,,,,,,,,,,,,,,,,,,,,,,,,,,,,,,,,,,,,0
,,,,,,,,,,,,,,,,,,,,,,,,,,,,,,,,,,,,,,,,,0
,,,,,,,,,,,,,,,,,,,,,,,,,,,,,,,,,,,,,,,,,0
,,,,,,,,,,,,,,,,,,,,,,,,,,,,,,,,,,,,,,,,,0
12412627434.5,12437172004.25,17436827274.5,49650509738,98178279,49748688017,0.0,0.0,,0,12,0.25,2.0,0.0,1.584962500721156,4,,,,,,,,,,,,,0.0,0.25,0.0,0.25,0.0,2,2,0.5,0.75,1.5,1.5,1.0,0.25,4
,,,,,,,,,,,,,,,,,,,,,,,,,,,,,,,,,,,,,,,,,0
27679337001,27679337001,55358674002.0,110717348004,0,110717348004,0.3333333333333333,0.3333333333333333,,0,12,0.5,1.5,0.5,1.584962500721156,3,,,,,,,,,,,,,0.0,0.0,0.0,0.0,0.0,2,2,0.5,1,1.5,1.5,1.0,0.5,4
14999999900000,14999999900000,29999999800000.0,29999999800000,0,29999999800000,,,,1,9,,,,,,,,,,,,,,,,,,,,,,,,,,,,,,,2
398055780000000,398055780000000,832000730000000.0,7165004040000000,0,7165004040000000,0.3333333333333333,0.3333333333333333,0.0,0,51,0.5,2.584962500721156,0.5,4.087462841250339,10,0.7398418685280399,0.7333643046538013,0.3001387458780602,976,1.8577092791188174,118338.5294117647,976,219838.58416551037,0.11764705882352941,18,0.4618380531743441,0.2070075659765626,0.1111111111111111,0.0,0.0,0.0,0.0,3,2,0.5,1,1.3333333333333333,1.5,0.8588801260706667,0.5,18
20764236041664,20764236041664,41528472083328.0,41528472083328,0,41528472083328,,,,0,13,,,,,,,,,,,,,,,,,,,,,,,,,,,,,,,2
51199256664,44999222378,6200034286,51199256664,-6200034286,44999222378,,,,0,4,,,,,,,,,,,,,,,,,,,,,,,,,,,,,,,1
243490771062.23334,0,206723511426.5,14609446263734,-14609446263734,0,0.6666666666666666,0.3333333333333333,0.3333333333333333,0,390,0.5,3.4534452978042594,0.5,5.882643049361842,31,-0.0,0.9972309552488496,-0.002802346384916811,999,0.9944109696292212,42484.220338983054,999,42246.774741229616,0.2711864406779661,60,0.9038416488805073,0.019401965544590397,0.0,0.0,0.0,0.0,0.0,1,10,0.5,5.5,1,5.5,1.0,0.5,60
,,,,,,,,,,,,,,,,,,,,,,,,,,,,,,,,,,,,,,,,,0
,,,,,,,,,,,,,,,,,,,,,,,,,,,,,,,,,,,,,,,,,0
,,,,,,,,,,,,,,,,,,,,,,,,,,,,,,,,,,,,,,,,,0
213333333333.33334,213333333333.33334,450000000000.0,5120000000000,0,5120000000000,0.3333333333333333,0.3333333333333333,0.0,0,74,0.5,2.0629072918469555,0.8333333333333334,3.1705438917629367,7,0.6748934014801059,0.957742056202218,0.36374498877967326,1084,2.143393709644868,100858.26086956522,1084,216178.96191354722,0.08695652173913043,24,0.41859613235611537,0.07162113850069442,0.041666666666666664,0.0,0.0,0.0,0.0,4,2,0.5,1,1.5833333333333333,1.5,0.7614744352643517,0.5,24
,,,,,,,,,,,,,,,,,,,,,,,,,,,,,,,,,,,,,,,,,0
35461995401.793015,35532205856.75935,68776333947.5,28440520312238,56308784883,28496829097121,0.0,0.3333333333333333,0.0,0,4275,0.018703241895261846,8.77707209481664,0.314214463840399,9.64565843240871,598,0.9983345363477852,0.9958797628713973,0.17589384892490886,2873,1.426871826391408,3233.8901373283397,2873,4614.346726598849,0.0686641697877653,802,0.6912177492881292,0.06205038631526395,0.05236907730673317,0.0,0.0,0.0,0.0,10,2,2.697007481296758,1,3.827930174563591,1.5024937655860349,0.71609214456477,0.3778054862842893,802
,,,,,,,,,,,,,,,,,,,,,,,,,,,,,,,,,,,,,,,,,0
,,,,,,,,,,,,,,,,,,,,,,,,,,,,,,,,,,,,,,,,,0
3437296332349,1718648166174.5,1718648166174.5,6874592664698,-3437296332349,3437296332349,,,,3,6,,,,,,,,,,,,,,,,,,,,,,,,,,,,,,,2
97512816636504666,89900013236503634,7612803400001032,97512816636504666,-7612803400001032,89900013236503634,,,,0,4,,,,,,,,,,,,,,,,,,,,,,,,,,,,,,,1
,,,,,,,,,,,,,,,,,,,,,,,,,,,,,,,,,,,,,,,,,0
,,,,,,,,,,,,,,,,,,,,,,,,,,,,,,,,,,,,,,,,,0
25910345862.416668,25910345862.416668,51502142922.5,2176469052443,0,2176469052443,0.0,0.3333333333333333,0.0,0,442,0.03571428571428571,6.1124391489177246,0.23809523809523808,6.3750394313469245,73,0.9510064190475308,0.9793497101784981,0.10643602962024765,3762,1.238228113819347,30475.421686746988,3762,37735.523913029945,0.03614457831325301,84,0.4078469202090154,0.06622493102434104,0.011904761904761904,0.0,0.0,0.0,0.0,10,2,2.988095238095238,1,3.761904761904762,1.5,0.7873584074055291,0.3333333333333333,84
,,,,,,,,,,,,,,,,,,,,,,,,,,,,,,,,,,,,,,,,,0
,,,,,,,,,,,,,,,,,,,,,,,,,,,,,,,,,,,,,,,,,0
,,,,,,,,,,,,,,,,,,,,,,,,,,,,,,,,,,,,,,,,,0
,,,,,,,,,,,,,,,,,,,,,,,,,,,,,,,,,,,,,,,,,0
,,,,,,,,,,,,,,,,,,,,,,,,,,,,,,,,,,,,,,,,,0
18435449572699.2,3690572443992.317,35467276189549.0,1106126974361952,-884692627722413,221434346639539,0.6666666666666666,0.3333333333333333,0.0,0,390,0.5,3.4534452978042594,0.5,5.882643049361842,31,0.3847458346903973,0.9972309552488496,0.0032664358118971496,1095,1.0065542807611938,42417.05084745763,1095,42695.0641077737,0.03389830508474576,60,0.4238195565172058,0.0029364339851320814,0.0,0.0,0.0,0.0,0.0,1,10,0.5,5.4,1,5.5,0.858672711073255,0.5,60
,,,,,,,,,,,,,,,,,,,,,,,,,,,,,,,,,,,,,,,,,0
256737623283.8085,256737623283.8085,512693797705.0,24133336588678,0,24133336588678,0.0,0.3333333333333333,0.0,0,879,0.0425531914893617,6.405652681464872,0.10638297872340426,6.539158811108031,88,0.9340306113241701,0.9883192792871851,-0.011548474721144416,3978,0.9771667398849512,26992.956989247312,3978,26376.6197810375,0.021505376344086023,94,0.41214705535425256,0.08030157408463764,0.5,0.0,0.0,0.0,0.0,10,2,3.095744680851064,1,7.851063829787234,1.5,0.8379633940492246,0.2872340425531915,94
,,,,,,,,,,,,,,,,,,,,,,,,,,,,,,,,,,,,,,,,,0
,,,,,,,,,,,,,,,,,,,,,,,,,,,,,,,,,,,,,,,,,0
,,,,,,,,,,,,,,,,,,,,,,,,,,,,,,,,,,,,,,,,,0
7921604649,0,7921604649,7921604649,-7921604649,0,,,,0,4,,,,,,,,,,,,,,,,,,,,,,,,,,,,,,,1
6736079886907,6736079886907,13472159773814.0,13472159773814,0,13472159773814,,,,0,22,,,,,,,,,,,,,,,,,,,,,,,,,,,,,,,2
,,,,,,,,,,,,,,,,,,,,,,,,,,,,,,,,,,,,,,,,,0
3200000000,3200000000,6400000000.0,44800000000,0,44800000000,0.3333333333333333,0.3333333333333333,0.0,0,58,0.5,2.260820318171659,0.6428571428571429,3.3927474104487847,7,0.6434539136254039,0.8380649565846359,0.12758966006249978,50163,1.2924991926887073,138200.15384615384,50163,178623.587275609,0.07692307692307693,14,0.39633206914507535,0.49588358052966136,0.0,0.0,0.0,0.0,0.0,10,2,1.9285714285714286,1,2.642857142857143,1.5,0.8193399999898042,0.5,14
,,,,,,,,,,,,,,,,,,,,,,,,,,,,,,,,,,,,,,,,,0
93444174854760,151194524835720,197324099800000.0,373776699419040,231001399923840,604778099342880,0.6666666666666666,0.3333333333333333,,0,10,0.5,1.5,0.5,1.584962500721156,3,,,,,,,,,,,,,0.0,0.5,0.0,0.5,0.0,1,2,0.5,0.5,1,1.5,1.0,0.5,4
,,,,,,,,,,,,,,,,,,,,,,,,,,,,,,,,,,,,,,,,,0
,,,,,,,,,,,,,,,,,,,,,,,,,,,,,,,,,,,,,,,,,0
9970600000000,0,9970600000000,9970600000000,-9970600000000,0,,,,0,11,,,,,,,,,,,,,,,,,,,,,,,,,,,,,,,1
,,,,,,,,,,,,,,,,,,,,,,,,,,,,,,,,,,,,,,,,,0
1179912171692,1179912171692,2359824343384.0,2359824343384,0,2359824343384,,,,0,7,,,,,,,,,,,,,,,,,,,,,,,,,,,,,,,2
250034147576,250034147576,500068295152.0,500068295152,0,500068295152,,,,0,13,,,,,,,,,,,,,,,,,,,,,,,,,,,,,,,2
,,,,,,,,,,,,,,,,,,,,,,,,,,,,,,,,,,,,,,,,,0
,,,,,,,,,,,,,,,,,,,,,,,,,,,,,,,,,,,,,,,,,0
,,,,,,,,,,,,,,,,,,,,,,,,,,,,,,,,,,,,,,,,,0
,,,,,,,,,,,,,,,,,,,,,,,,,,,,,,,,,,,,,,,,,0
0,372354138774.087,0,0,8564145191804,8564145191804,0.3333333333333333,0.3333333333333333,0.0,0,253,0.043478260869565216,4.523561956057013,0.0,4.459431618637297,23,0.3791996988075636,0.9140953986215168,0.4802101845354476,43198.0,2.8477090941317074,114882.72727272728,43198.0,327152.5872131982,0.0,23,0.7359535541820885,0.51015302146985,0.0,0.0,0.0,0.0,0.0,10,10,4.826086956521739,5.391304347826087,5.304347826086956,5.695652173913044,0.820477801849574,0.34782608695652173,23
,,,,,,,,,,,,,,,,,,,,,,,,,,,,,,,,,,,,,,,,,0
7151162790697.675,7151162790697.675,12500000000000,307500000000000,0,307500000000000,0.0,0.3333333333333333,0.0,0,382,0.11627906976744186,5.1562731157617065,0.11627906976744186,5.39231742277876,39,0.7581960162703999,0.9870720689403509,0.023834003534025507,40570.5,1.0488318659332778,57162.97619047619,40570.5,59954.350980156676,0.0,43,0.37704118802654946,0.1502876553178293,0.5116279069767442,0.0,0.0,0.0,0.0,10,2,1.813953488372093,1,7.372093023255814,1.5116279069767442,0.7061626254802315,0.5116279069767442,43
17274231949999.5,17274231949999.5,34548463899999.0,34548463899999,0,34548463899999,,,,0,7,,,,,,,,,,,,,,,,,,,,,,,,,,,,,,,2
105676525000000,105676525000000,211353050000000.0,422706100000000,0,422706100000000,0.3333333333333333,0.3333333333333333,,0,10,0.5,1.5,0.5,1.584962500721156,3,,,,,,,,,,,,,0.0,0.0,0.0,0.0,0.0,1,2,0.5,1,1,1.5,1.0,0.5,4
17450506683,0,17450506683,17450506683,-17450506683,0,,,,0,3,,,,,,,,,,,,,,,,,,,,,,,,,,,,,,,1
1972554954504,1972554954504,1510119884961.5,7890219818016,0,7890219818016,0.3333333333333333,0.0,,0,17,0.25,2.0,0.0,1.584962500721156,4,,,,,,,,,,,,,0.25,0.25,0.25,0.75,0.5,4,2,1.25,1.25,2.25,2,1.0,0.25,4
,,,,,,,,,,,,,,,,,,,,,,,,,,,,,,,,,,,,,,,,,0
,,,,,,,,,,,,,,,,,,,,,,,,,,,,,,,,,,,,,,,,,0
,,,,,,,,,,,,,,,,,,,,,,,,,,,,,,,,,,,,,,,,,0
,,,,,,,,,,,,,,,,,,,,,,,,,,,,,,,,,,,,,,,,,0
381761715789.75,381761715789.75,763523431579.5,1527046863159,0,1527046863159,0.3333333333333333,0.3333333333333333,,0,11,0.5,1.5,0.5,1.584962500721156,3,,,,,,,,,,,,,0.0,0.0,0.0,0.0,0.0,2,2,0.5,1,1.25,1.5,0.9463946303571862,0.5,4
,,,,,,,,,,,,,,,,,,,,,,,,,,,,,,,,,,,,,,,,,0
,,,,,,,,,,,,,,,,,,,,,,,,,,,,,,,,,,,,,,,,,0
0,52703174486.5,52703174486.5,0,105406348973,105406348973,,,,0,24,,,,,,,,,,,,,,,,,,,,,,,,,,,,,,,2
390461735346153.9,390461735346153.9,803000390000000.0,10152005119000000,0,10152005119000000,0.3333333333333333,0.3333333333333333,0.0,0,78,0.5,2.850219859070546,0.5,4.643856189774724,14,0.8007493153684533,0.6700594731824494,0.34629221400583793,1035,2.059470979006912,100152.4,1035,206260.96127789185,0.04,26,0.4369138147138396,0.015551740193125673,0.11538461538461539,0.0,0.0,0.0,0.0,8,3,0.5,1.0769230769230769,1.4230769230769231,1.5769230769230769,0.7637173545778956,0.5,26
,,,,,,,,,,,,,,,,,,,,,,,,,,,,,,,,,,,,,,,,,0
,,,,,,,,,,,,,,,,,,,,,,,,,,,,,,,,,,,,,,,,,0
,,,,,,,,,,,,,,,,,,,,,,,,,,,,,,,,,,,,,,,,,0
1233580413200396.8,1255703470135424.2,1228386687486061.0,78949146444825393,1415875643841753,80365022088667146,0.3333333333333333,0.3333333333333333,0.0,0,296,0.0625,5.675704882778696,0.234375,5.945533891753884,55,0.7626131430202779,0.9166256184817222,0.09047013418052381,4976,1.198938237391493,11476.952380952382,4976,13760.157058245146,0.015873015873015872,64,0.391605626676799,0.2070424607687875,0.203125,0.71875,0.0,0.78125,0.0,10,2,0.21875,1,2.625,2,0.49287467451163086,0.71875,64
,,,,,,,,,,,,,,,,,,,,,,,,,,,,,,,,,,,,,,,,,0
,,,,,,,,,,,,,,,,,,,,,,,,,,,,,,,,,,,,,,,,,0
3725245633.5,3725245633.5,7450491267.0,7450491267,0,7450491267,,,,0,15,,,,,,,,,,,,,,,,,,,,,,,,,,,,,,,2
0,325152219147.3509,0,0,18533676491399,18533676491399,0.3333333333333333,0.3333333333333333,0.0,0,627,0.017543859649122806,5.832890014164742,0.0,5.807354922057604,57,0.4172071781982006,0.9928488525886211,-0.4248142383401118,54706.5,0.40369175586704653,45132.5,54706.5,18219.618171669477,0.21428571428571427,57,0.6538984149906354,0.09338643584341073,0.0,0.0,0.0,0.0,0.0,10,10,4.964912280701754,5.578947368421052,5.2631578947368425,5.7368421052631575,0.7406190499942416,0.3684210526315789,57
,,,,,,,,,,,,,,,,,,,,,,,,,,,,,,,,,,,,,,,,,0
,,,,,,,,,,,,,,,,,,,,,,,,,,,,,,,,,,,,,,,,,0
,,,,,,,,,,,,,,,,,,,,,,,,,,,,,,,,,,,,,,,,,0
,,,,,,,,,,,,,,,,,,,,,,,,,,,,,,,,,,,,,,,,,0
,,,,,,,,,,,,,,,,,,,,,,,,,,,,,,,,,,,,,,,,,0
,,,,,,,,,,,,,,,,,,,,,,,,,,,,,,,,,,,,,,,,,0
240496391896.23334,0,210143501772.0,14429783513774,-14429783513774,0,0.6666666666666666,0.3333333333333333,0.0,0,390,0.5,3.4534452978042594,0.5,5.882643049361842,31,-0.0,0.9972309552488496,0.0028301040049900843,872,1.0056762724513781,42475.84745762712,872,42716.95194039979,0.01694915254237288,60,0.43793355834238984,0.04356691159033093,0.0,0.0,0.0,0.0,0.0,1,10,0.5,5.5,1,5.5,1.0,0.5,60
,,,,,,,,,,,,,,,,,,,,,,,,,,,,,,,,,,,,,,,,,0
,,,,,,,,,,,,,,,,,,,,,,,,,,,,,,,,,,,,,,,,,0
5735792958008.5,5735792958008.5,11471585916017.0,22943171832034,0,22943171832034,0.3333333333333333,0.3333333333333333,,0,19,0.5,1.5,0.5,1.584962500721156,3,,,,,,,,,,,,,0.5,0.0,0.0,0.0,0.0,10,2,0.5,0.75,3.5,1.25,0.9463946303571862,0.5,4
,,,,,,,,,,,,,,,,,,,,,,,,,,,,,,,,,,,,,,,,,0
8823580908,0,8823580908,8823580908,-8823580908,0,,,,1,5,,,,,,,,,,,,,,,,,,,,,,,,,,,,,,,1
,,,,,,,,,,,,,,,,,,,,,,,,,,,,,,,,,,,,,,,,,0
0,109573121311,109573121311,0,109573121311,109573121311,,,,0,5,,,,,,,,,,,,,,,,,,,,,,,,,,,,,,,1
7615154000000,0,7615154000000,7615154000000,-7615154000000,0,,,,0,12,,,,,,,,,,,,,,,,,,,,,,,,,,,,,,,1
19055020404.666668,72319876984.33333,57165061214,57165061214,159794569739,216959630953,0.0,0.3333333333333333,,0,20,0.3333333333333333,1.584962500721156,0.0,1.0,3,,,,,,,,,,,,,0.3333333333333333,0.0,0.3333333333333333,0.3333333333333333,0.6666666666666666,10,2,4,1.3333333333333333,4.666666666666667,2,1.0,0.3333333333333333,3
25108596141.8125,25108596141.8125,50180058970.0,401737538269,0,401737538269,0.3333333333333333,0.3333333333333333,0.0,0,44,0.5,2.5,0.5,3.906890595608519,9,0.5894965401984562,0.8905179677700554,0.032282738265311216,835,1.0667193601722935,155244.46666666667,835,165602.27815295564,0.06666666666666667,16,0.484542128838935,0.25541167623270367,0.0,0.0,0.0,0.0,0.0,2,2,0.5,1,1.25,1.5,0.9463946303571862,0.5,16
,,,,,,,,,,,,,,,,,,,,,,,,,,,,,,,,,,,,,,,,,0
0,0,0,0,0,0,0.3333333333333333,0.6666666666666666,0.0,0,165,0.06666666666666667,3.906890595608519,0.0,3.807354922057604,15,0.49929447147039674,0.9462874612889592,-0.41421524380077657,56187.0,0.4142118809474127,49334.92857142857,56187.0,20435.11355997768,0.14285714285714285,15,0.6650829885289294,0.08787233267462728,0.0,0.0,0.0,0.0,0.0,10,10,4.266666666666667,6.4,4.6,6.4,0.7773048806327834,0.6,15
214385643905.75,214385643905.75,428771287811.5,857542575623,0,857542575623,0.3333333333333333,0.6666666666666666,,0,19,0.5,1.5,0.5,1.584962500721156,3,,,,,,,,,,,,,0.0,0.0,0.0,0.0,0.0,9,1,3,0.5,3.75,1,0.9463946303571862,0.5,4
,,,,,,,,,,,,,,,,,,,,,,,,,,,,,,,,,,,,,,,,,0
,,,,,,,,,,,,,,,,,,,,,,,,,,,,,,,,,,,,,,,,,0
,,,,,,,,,,,,,,,,,,,,,,,,,,,,,,,,,,,,,,,,,0
4543911069.722628,44081914077.14599,56273095921,622515816552,5416706412017,6039222228569,0.0,0.3333333333333333,0.0,0,769,0.051094890510948905,6.319599944901444,0.4233576642335766,7.087462841250339,97,0.7586740839743573,0.9919059123322742,-0.005167291898555559,10736,0.9897185434898192,19378.473684210527,10736,19179.234749792635,0.09774436090225563,137,0.7677092008269386,0.12962836859321955,0.0364963503649635,0.0,0.0,0.0,0.0,10,2,2.5255474452554743,1,3.875912408759124,1.7372262773722629,0.648502886773779,0.4233576642335766,137
,,,,,,,,,,,,,,,,,,,,,,,,,,,,,,,,,,,,,,,,,0
,,,,,,,,,,,,,,,,,,,,,,,,,,,,,,,,,,,,,,,,,0
2500000000000,2500000000000,5000000000000.0,5000000000000,0,5000000000000,,,,0,5,,,,,,,,,,,,,,,,,,,,,,,,,,,,,,,2
59520250822.5,59520250822.5,119040501645.0,119040501645,0,119040501645,,,,3,7,,,,,,,,,,,,,,,,,,,,,,,,,,,,,,,2
,,,,,,,,,,,,,,,,,,,,,,,,,,,,,,,,,,,,,,,,,0
,,,,,,,,,,,,,,,,,,,,,,,,,,,,,,,,,,,,,,,,,0
1002976951982,1002976951982,502911407297.0,30089308559460,0,30089308559460,0.3333333333333333,0.3333333333333333,0.0,0,195,0.5,2.820111964470926,0.6333333333333333,4.582118926162055,14,0.7138347576027655,0.8605688026309323,0.10228219448861028,1124,1.227871595863791,88476.96551724138,1124,108638.35284684076,0.034482758620689655,30,0.46238735281934323,0.20660072775539753,0.5,0.0,0.0,0.0,0.0,10,2,0.5,1,5,1.5,0.8196289404987005,0.5,30
,,,,,,,,,,,,,,,,,,,,,,,,,,,,,,,,,,,,,,,,,0
,,,,,,,,,,,,,,,,,,,,,,,,,,,,,,,,,,,,,,,,,0
30395288683.34682,30296068188.364162,59457878955,15775154826657,-51495436896,15723659389761,0.3333333333333333,0.3333333333333333,0.0,0,1516,0.5009633911368016,4.103859894214708,0.8188824662813102,7.219709169798877,128,0.9933794807319272,0.9947571776093911,0.09493695849960092,2818.5,1.2097908193051745,4993.667953667954,2818.5,6041.293645005948,0.0,519,0.3900586281921875,0.06814931369520431,0.04238921001926782,0.0,0.0,0.0,0.0,4,2,0.49903660886319845,1,1.4219653179190752,1.4990366088631986,0.7011236075971732,0.5009633911368016,519
,,,,,,,,,,,,,,,,,,,,,,,,,,,,,,,,,,,,,,,,,0
452657867502.5517,160594624931.89655,856287427780.0,26254156315148,-16939668069098,9314488246050,0.6666666666666666,0.3333333333333333,0.0,0,377,0.5,3.428990497563786,0.5,5.832890014164742,30,0.391373470388824,0.9937846472611536,0.01579158428206573,1103,1.0320899192282287,43905.36842105263,1103,45314.288147369836,0.03508771929824561,58,0.4233846557977095,0.0873309487699032,0.0,0.0,0.0,0.0,0.0,1,10,0.5,5.327586206896552,1,5.5,0.9241113353410133,0.5,58
,,,,,,,,,,,,,,,,,,,,,,,,,,,,,,,,,,,,,,,,,0
,,,,,,,,,,,,,,,,,,,,,,,,,,,,,,,,,,,,,,,,,0
,,,,,,,,,,,,,,,,,,,,,,,,,,,,,,,,,,,,,,,,,0
45323003572881,45323003572881,90646007145762.0,90646007145762,0,90646007145762,,,,0,22,,,,,,,,,,,,,,,,,,,,,,,,,,,,,,,2
0,6499999886345,6499999886345,0,6499999886345,6499999886345,,,,2,4,,,,,,,,,,,,,,,,,,,,,,,,,,,,,,,1
0,2414899890000,2414899890000,0,2414899890000,2414899890000,,,,0,3,,,,,,,,,,,,,,,,,,,,,,,,,,,,,,,1
5660513958.709382,128920082852.93135,92281063227,2473644599956,53864431606775,56338076206731,0.0,0.0,0.0,0,2520,0.020594965675057208,7.9153716357134885,0.4622425629290618,8.759010012850322,297,0.9744163244982229,0.9738240468055965,0.4922920014058718,3557,2.9392721909800743,6033.305361305362,3557,17733.52666817584,0.07925407925407925,437,0.7070595218371405,0.026944545888731217,0.4279176201372998,0.0,0.0,0.0,0.0,10,2,1.5926773455377574,1,3.864988558352403,1.9016018306636155,0.6524807015052826,0.40045766590389015,437
,,,,,,,,,,,,,,,,,,,,,,,,,,,,,,,,,,,,,,,,,0
0,0,0,0,0,0,0.3333333333333333,0.3333333333333333,1.0,0,319,0.034482758620689655,4.857980995127572,0.0,4.807354922057605,29,-0.0,0.9982621467496696,-0.6961213772902893,86404.0,0.179160894248727,89487.21428571429,86404.0,16032.60933525603,0.9642857142857143,29,0.9998321977755678,0.999996039375992,0.0,0.0,0.0,0.0,0.0,1,10,1,10,1,10,0.0,1.0,29
393000230900000,393000230900000,823000629800000.0,11790006927000000,0,11790006927000000,0.3333333333333333,0.3333333333333333,0.0,0,77,0.5,2.886778631137593,0.5666666666666667,4.720049960644813,15,0.8120527546761841,0.8310009345984394,0.34450583768991927,984,2.0511331984279404,69754.41379310345,984,143075.59386791431,0.034482758620689655,30,0.45678768267945113,0.10464418897144404,0.0,0.0,0.0,0.0,0.0,1,3,0.5,1.0666666666666667,1,1.5666666666666667,0.8096436052541137,0.5,30
410879141700000,379889241593500,30989900106500,410879141700000,-30989900106500,379889241593500,,,,0,4,,,,,,,,,,,,,,,,,,,,,,,,,,,,,,,1
,,,,,,,,,,,,,,,,,,,,,,,,,,,,,,,,,,,,,,,,,0
,,,,,,,,,,,,,,,,,,,,,,,,,,,,,,,,,,,,,,,,,0
,,,,,,,,,,,,,,,,,,,,,,,,,,,,,,,,,,,,,,,,,0
,,,,,,,,,,,,,,,,,,,,,,,,,,,,,,,,,,,,,,,,,0
,,,,,,,,,,,,,,,,,,,,,,,,,,,,,,,,,,,,,,,,,0
100500099797515,0,100500099797515,100500099797515,-100500099797515,0,,,,0,2,,,,,,,,,,,,,,,,,,,,,,,,,,,,,,,1
,,,,,,,,,,,,,,,,,,,,,,,,,,,,,,,,,,,,,,,,,0
0,29993799798876,29993799798876,0,29993799798876,29993799798876,,,,1,3,,,,,,,,,,,,,,,,,,,,,,,,,,,,,,,1
0,150065000000,150065000000,0,150065000000,150065000000,,,,1,4,,,,,,,,,,,,,,,,,,,,,,,,,,,,,,,1
12590500000000,12590500000000,25181000000000.0,25181000000000,0,25181000000000,,,,0,23,,,,,,,,,,,,,,,,,,,,,,,,,,,,,,,2
,,,,,,,,,,,,,,,,,,,,,,,,,,,,,,,,,,,,,,,,,0
,,,,,,,,,,,,,,,,,,,,,,,,,,,,,,,,,,,,,,,,,0
,,,,,,,,,,,,,,,,,,,,,,,,,,,,,,,,,,,,,,,,,0
,,,,,,,,,,,,,,,,,,,,,,,,,,,,,,,,,,,,,,,,,0
,,,,,,,,,,,,,,,,,,,,,,,,,,,,,,,,,,,,,,,,,0
0,14950000000,14950000000.0,0,29900000000,29900000000,,,,0,14,,,,,,,,,,,,,,,,,,,,,,,,,,,,,,,2
,,,,,,,,,,,,,,,,,,,,,,,,,,,,,,,,,,,,,,,,,0
27423630755.444443,27423630755.444443,55843384551.0,493625353598,0,493625353598,0.3333333333333333,0.0,0.0,0,168,0.05555555555555555,4.169925001442312,0.0,4.087462841250339,18,0.5276775862977796,0.8618012373986278,0.09387794316095031,41340,1.2072081624156412,112604.76470588235,41340,135937.39107983388,0.058823529411764705,18,0.39588449041017904,0.12958341279836258,0.0,0.0,0.0,0.0,0.0,10,10,1.7777777777777777,5,3.8333333333333335,5.5,0.8125214573444728,0.4444444444444444,18
,,,,,,,,,,,,,,,,,,,,,,,,,,,,,,,,,,,,,,,,,0
,,,,,,,,,,,,,,,,,,,,,,,,,,,,,,,,,,,,,,,,,0
,,,,,,,,,,,,,,,,,,,,,,,,,,,,,,,,,,,,,,,,,0
,,,,,,,,,,,,,,,,,,,,,,,,,,,,,,,,,,,,,,,,,0
,,,,,,,,,,,,,,,,,,,,,,,,,,,,,,,,,,,,,,,,,0
,,,,,,,,,,,,,,,,,,,,,,,,,,,,,,,,,,,,,,,,,0
,,,,,,,,,,,,,,,,,,,,,,,,,,,,,,,,,,,,,,,,,0
,,,,,,,,,,,,,,,,,,,,,,,,,,,,,,,,,,,,,,,,,0
0,15935486195075.5,15935486195075.5,0,31870972390151,31870972390151,,,,1,13,,,,,,,,,,,,,,,,,,,,,,,,,,,,,,,2
51260009787640.5,51260009787640.5,102500019582989.0,205040039150562,0,205040039150562,0.0,0.0,,0,15,0.25,2.0,0.0,1.584962500721156,4,,,,,,,,,,,,,0.5,0.25,0.25,0.25,0.0,3,2,0.75,0.75,2.25,1.5,1.0,0.25,4
,,,,,,,,,,,,,,,,,,,,,,,,,,,,,,,,,,,,,,,,,0
,,,,,,,,,,,,,,,,,,,,,,,,,,,,,,,,,,,,,,,,,0
6999995486,6999994659,827,20999986458,-2481,20999983977,0.6666666666666666,0.6666666666666666,,6,12,1.0,-0.0,1.0,-0.0,1,,,,,,,,,,,,,0.0,0.0,1.0,1.0,1.0,2,2,1,1,2,2,0.0,1.0,3
1711966634099.75,1164792499425.875,4500000349.5,13695733072798,-4377393077391,9318339995407,0.0,0.3333333333333333,0.3333333333333333,9,29,0.125,3.0,0.0,2.8073549220576037,8,0.33779882397114325,0.46264009245523835,0.16636666749818266,29790.5,1.3991363133211085,158684.16666666666,29790.5,222020.77993243234,0.0,8,0.36829336148647923,0.9948583418932618,0.125,0.0,0.0,0.125,0.0,3,2,0.25,0.375,1.75,1.875,0.875,0.5,8
2780549647427,2782363198507.6113,22691.5,50049893653686,32643919451,50082537573137,0.3333333333333333,0.3333333333333333,0.0,24,60,0.3333333333333333,1.584962500721156,1.0,1.5798634010685344,3,0.4398892456479928,0.9752994838251958,0.18899581799342144,13634,1.4660785287834395,128172.05882352941,13634,187910.30343114445,0.17647058823529413,18,0.36833842980959497,0.18742575299125988,0.0,0.0,0.0,0.0,0.0,2,2,0,0,1.6666666666666667,1.6666666666666667,0.9182958340544896,0.6666666666666666,18
13667520648107.334,2636637828371,90000018837,41002561944322,-33092648459209,7909913485113,0.3333333333333333,0.0,,0,13,0.3333333333333333,1.584962500721156,0.0,1.0,3,,,,,,,,,,,,,0.0,0.3333333333333333,0.0,0.6666666666666666,0.0,5,2,0,1,2.6666666666666665,1.6666666666666667,1.0,0.3333333333333333,3
,,,,,,,,,,,,,,,,,,,,,,,,,,,,,,,,,,,,,,,,,0
,,,,,,,,,,,,,,,,,,,,,,,,,,,,,,,,,,,,,,,,,0
,,,,,,,,,,,,,,,,,,,,,,,,,,,,,,,,,,,,,,,,,0
,,,,,,,,,,,,,,,,,,,,,,,,,,,,,,,,,,,,,,,,,0
,,,,,,,,,,,,,,,,,,,,,,,,,,,,,,,,,,,,,,,,,0
,,,,,,,,,,,,,,,,,,,,,,,,,,,,,,,,,,,,,,,,,0
,,,,,,,,,,,,,,,,,,,,,,,,,,,,,,,,,,,,,,,,,0
,,,,,,,,,,,,,,,,,,,,,,,,,,,,,,,,,,,,,,,,,0
21600000000,21599980000,20000,108000000000,-100000,107999900000,0.3333333333333333,0.6666666666666666,,20,20,0.2,2.321928094887362,0.0,2.0,5,0.29901020875067913,0.4883424549147684,0.22559678080447118,,1.5826338920409635,538843.75,71250.0,852792.3812644479,0.0,5,,,0.0,0.0,1.0,1.0,1.0,2,2,1,1,2,2,0.0,1.0,5
16574997521.5,22099995853.25,3336.5,66299990086,22099993327,88399983413,0.3333333333333333,0.6666666666666666,,13,22,0.5,1.5,0.5,1.584962500721156,3,,,,,,,,,,,,,0.25,0.0,0.5,0.25,0.5,6,5,1,1.5,3,2.5,0.9463946303571862,0.5,4
22125000000,22125000000,0.0,88500000000,0,88500000000,0.6666666666666666,0.6666666666666666,,20,26,0.25,2.0,0.0,1.584962500721156,4,,,,,,,,,,,,,0.0,0.5,1.0,1.0,1.0,4,5,1.5,2.5,3,3.5,1.0,0.5,4
22400000000,22400000000,0,22400000000,0,22400000000,,,,6,9,,,,,,,,,,,,,,,,,,,,,,,,,,,,,,,1
16333331881.666666,16333331881.666666,24499995645,48999995645,0,48999995645,0.0,0.0,,10,13,0.3333333333333333,1.584962500721156,0.0,1.0,3,,,,,,,,,,,,,0.0,0.0,0.3333333333333333,0.0,0.3333333333333333,4,5,1,1.6666666666666667,2,2.3333333333333335,1.0,0.3333333333333333,3
21849989598.25,21849979598.25,10000.0,87399958393,-40000,87399918393,0.3333333333333333,0.6666666666666666,,16,16,0.25,2.0,0.0,1.584962500721156,4,,,,,,,,,,,,,0.0,0.0,1.0,1.0,1.0,2,2,1,1,2,2,0.0,1.0,4
21780000000,21779984000,20000,108900000000,-80000,108899920000,0.3333333333333333,0.6666666666666666,,20,20,0.4,1.9219280948873623,0.4,2.0,4,0.4191807663825097,0.4883424549147684,-0.21305906860739562,,0.6487243298844637,363848.5,411954.5,236037.37434196728,0.0,5,,,0.0,0.0,1.0,1.0,1.0,2,2,1,1,2,2,0.0,1.0,5
,,,,,,,,,,,,,,,,,,,,,,,,,,,,,,,,,,,,,,,,,0
18574993559.375,24799990198.5,4545.0,148599948475,49799973113,198399921588,0.3333333333333333,0.3333333333333333,0.0,22,31,0.5,2.0,0.5,2.8073549220576037,5,0.4156280584475519,0.5561384890068762,0.24093104480256536,441,1.634806740949902,110318,441,180348.6100481113,0.14285714285714285,8,0.4862227458072038,0.3169479429995823,0.0,0.0,0.375,0.25,0.375,4,5,0.75,1,1.875,2,0.875,0.5,8
22200000000,22200000000,0,22200000000,0,22200000000,,,,4,4,,,,,,,,,,,,,,,,,,,,,,,,,,,,,,,1
21700000000,21699980000,20000,21700000000,-20000,21699980000,,,,4,4,,,,,,,,,,,,,,,,,,,,,,,,,,,,,,,1
,,,,,,,,,,,,,,,,,,,,,,,,,,,,,,,,,,,,,,,,,0
82253737135,104075686903.51515,21699994297,2714373325455,720124342361,3434497667816,0.3333333333333333,0.0,0.0,78,116,0.21212121212121213,4.244201029765524,0.36363636363636365,4.6371987351738495,24,0.40859887392205163,0.33685099706150945,0.6563996329850612,109.5,4.820715552125839,22885.615384615383,109.5,110325.04200458575,0.07692307692307693,33,0.5041247574853278,0.20664699124849298,0.0,0.6060606060606061,0.30303030303030304,0.6060606060606061,0.30303030303030304,2,9,0.6666666666666666,1.0606060606060606,1.3333333333333333,2.1818181818181817,0.7814737615280055,0.3333333333333333,33
21800000000,21799980000,20000,21800000000,-20000,21799980000,,,,4,4,,,,,,,,,,,,,,,,,,,,,,,,,,,,,,,1
0,21800000000,21800000000,0,21800000000,21800000000,,,,6,9,,,,,,,,,,,,,,,,,,,,,,,,,,,,,,,1
21699979124.5,21699979124.5,0.0,86799916498,0,86799916498,0.3333333333333333,0.6666666666666666,,16,16,0.25,2.0,0.0,1.584962500721156,4,,,,,,,,,,,,,0.0,0.0,1.0,1.0,1.0,2,2,1,1,2,2,0.0,1.0,4
,,,,,,,,,,,,,,,,,,,,,,,,,,,,,,,,,,,,,,,,,0
21599937835,21599937835,0,21599937835,0,21599937835,,,,4,4,,,,,,,,,,,,,,,,,,,,,,,,,,,,,,,1
21899990000,21899990000,0,21899990000,0,21899990000,,,,4,4,,,,,,,,,,,,,,,,,,,,,,,,,,,,,,,1
22100000000,22100000000,0,22100000000,0,22100000000,,,,4,4,,,,,,,,,,,,,,,,,,,,,,,,,,,,,,,1
,,,,,,,,,,,,,,,,,,,,,,,,,,,,,,,,,,,,,,,,,0
,,,,,,,,,,,,,,,,,,,,,,,,,,,,,,,,,,,,,,,,,0
,,,,,,,,,,,,,,,,,,,,,,,,,,,,,,,,,,,,,,,,,0
21599994939,21599974939,20000,21599994939,-20000,21599974939,,,,4,4,,,,,,,,,,,,,,,,,,,,,,,,,,,,,,,1
11049993547.5,11049993547.5,22099987095.0,22099987095,0,22099987095,,,,4,4,,,,,,,,,,,,,,,,,,,,,,,,,,,,,,,2
22099990000,0,22099990000,22099990000,-22099990000,0,,,,2,2,,,,,,,,,,,,,,,,,,,,,,,,,,,,,,,1
21899950000,21899950000,0,21899950000,0,21899950000,,,,4,4,,,,,,,,,,,,,,,,,,,,,,,,,,,,,,,1
,,,,,,,,,,,,,,,,,,,,,,,,,,,,,,,,,,,,,,,,,0
,,,,,,,,,,,,,,,,,,,,,,,,,,,,,,,,,,,,,,,,,0
22300000000,22299980000,20000,22300000000,-20000,22299980000,,,,4,4,,,,,,,,,,,,,,,,,,,,,,,,,,,,,,,1
,,,,,,,,,,,,,,,,,,,,,,,,,,,,,,,,,,,,,,,,,0
,,,,,,,,,,,,,,,,,,,,,,,,,,,,,,,,,,,,,,,,,0
,,,,,,,,,,,,,,,,,,,,,,,,,,,,,,,,,,,,,,,,,0
25831128204.555557,2411111111.111111,21700000000,232480153841,-210780153841,21700000000,0.3333333333333333,0.3333333333333333,0.0,21,25,0.7777777777777778,0.9864267287308425,0.7777777777777778,1.5487949406953985,3,0.21514390326544441,0.27221513763870986,0.4497051393716147,140.0,2.634415189188187,74095.75,140.0,195198.96925429063,0.0,9,0.4124194827001579,0.3668457632291138,0.0,0.0,0.1111111111111111,0.0,0.1111111111111111,4,5,0.3333333333333333,1.3333333333333333,1.3333333333333333,1.4444444444444444,0.5032583347756457,0.8888888888888888,9
,,,,,,,,,,,,,,,,,,,,,,,,,,,,,,,,,,,,,,,,,0
,,,,,,,,,,,,,,,,,,,,,,,,,,,,,,,,,,,,,,,,,0
21699973413,21699953413,20000,21699973413,-20000,21699953413,,,,4,4,,,,,,,,,,,,,,,,,,,,,,,,,,,,,,,1
,,,,,,,,,,,,,,,,,,,,,,,,,,,,,,,,,,,,,,,,,0
21700000000,21699980000,20000,21700000000,-20000,21699980000,,,,4,4,,,,,,,,,,,,,,,,,,,,,,,,,,,,,,,1
,,,,,,,,,,,,,,,,,,,,,,,,,,,,,,,,,,,,,,,,,0
22300000000,22300000000,0,22300000000,0,22300000000,,,,6,9,,,,,,,,,,,,,,,,,,,,,,,,,,,,,,,1
22099960000,22099960000,0,22099960000,0,22099960000,,,,4,4,,,,,,,,,,,,,,,,,,,,,,,,,,,,,,,1
,,,,,,,,,,,,,,,,,,,,,,,,,,,,,,,,,,,,,,,,,0
21700000000,0,21700000000,21700000000,-21700000000,0,,,,2,2,,,,,,,,,,,,,,,,,,,,,,,,,,,,,,,1
,,,,,,,,,,,,,,,,,,,,,,,,,,,,,,,,,,,,,,,,,0
,,,,,,,,,,,,,,,,,,,,,,,,,,,,,,,,,,,,,,,,,0
,,,,,,,,,,,,,,,,,,,,,,,,,,,,,,,,,,,,,,,,,0
21899976401,21899956401,20000,21899976401,-20000,21899956401,,,,4,4,,,,,,,,,,,,,,,,,,,,,,,,,,,,,,,1
,,,,,,,,,,,,,,,,,,,,,,,,,,,,,,,,,,,,,,,,,0
10949989338,10949989338,21899978676.0,21899978676,0,21899978676,,,,4,4,,,,,,,,,,,,,,,,,,,,,,,,,,,,,,,2
,,,,,,,,,,,,,,,,,,,,,,,,,,,,,,,,,,,,,,,,,0
,,,,,,,,,,,,,,,,,,,,,,,,,,,,,,,,,,,,,,,,,0
13833333333333.334,13833333333333.334,0,41500000000000,0,41500000000000,0.6666666666666666,0.6666666666666666,,6,12,1.0,-0.0,1.0,-0.0,1,,,,,,,,,,,,,0.0,0.0,1.0,1.0,1.0,2,2,1,1,2,2,0.0,1.0,3
