row_id,wallet,canonical_lock_hash,sampling_stratum,lifetime_tx_count,legacy_proxy_label,collection_state,evidence_state,observation_window_id
0,ckb1qpl0dc3xe2dr299vwe6e7zc42rnsex4pptlcjyglahevnkqq6ft0wqgw8xxul,,5000+,162862,bot_like,COMPLETE,SUPPORTED,ckb-mainnet-30d-2026-08-31-v1
1,ckb1qpw9q60tppt7l3j7r09qcp7lxnp3vcanvgha8pmvsa3jplykxn32sqf352eynr4y9zl66sdxjcef3a6z9uqhkncsaanyg,,unknown,,,COMPLETE,INSUFFICIENT_EVIDENCE,ckb-mainnet-30d-2026-08-31-v1
2,ckb1qpw9q60tppt7l3j7r09qcp7lxnp3vcanvgha8pmvsa3jplykxn32sqgwvhnrqkx9ka45f2cnc90fy30m3scpupqggwawq,,unknown,,,COMPLETE,SUPPORTED,ckb-mainnet-30d-2026-08-31-v1
3,ckb1qpw9q60tppt7l3j7r09qcp7lxnp3vcanvgha8pmvsa3jplykxn32sqty5egmnlvtn3p92d5w4nt07g6fn7564dcyz5qggqcgqusq29srmq,,unknown,,,COMPLETE,INSUFFICIENT_EVIDENCE,ckb-mainnet-30d-2026-08-31-v1
4,ckb1qpw9q60tppt7l3j7r09qcp7lxnp3vcanvgha8pmvsa3jplykxn32sqv59f6lmp36qjwxty6pgjy454hms4cz9xrkpsqggqcgqusqm5y56x,,unknown,,,COMPLETE,INSUFFICIENT_EVIDENCE,ckb-mainnet-30d-2026-08-31-v1
5,ckb1qpw9q60tppt7l3j7r09qcp7lxnp3vcanvgha8pmvsa3jplykxn32sqw37myuwmsdzkn58rnun5rd9gztrhr4u2gyz5qggqcgqusqj0ljyf,,unknown,,,COMPLETE,INSUFFICIENT_EVIDENCE,ckb-mainnet-30d-2026-08-31-v1
6,ckb1qpzuzykljldwecnuftaq9vjtzhmygqaal4z6ktsw3rylk23y09436q2q6uls60zkrl92uvcw40qrpkxed2ws4umdp3g3fzpktz34pju78wjsqqqqzqqqqqraqqqqp8gqqqqx6qqqqqgqqqqqxqqqqqr9qqqqqqqqqqqqqqqqqqqqqqqqqqqqqqqqqqqqqqqqqqqqqqqqqqqqqqqqx5qqqqqsqqqqqvqqqqqrzqqqqqqqqqqqqqqqqqqqqqqqqqqqqqqqqqqqqqqqqqqqqqqqqqqqqqqqqqqqqqqqqqqqqqqqqqqqqqqqqqqqqqqqqqqqqqqqqqqqqqqqqqqqqqqqqqqqqqqqqqqqqqqqqqqqqqqqqqqqqq04v8fa,,unknown,,,COMPLETE,INSUFFICIENT_EVIDENCE,ckb-mainnet-30d-2026-08-31-v1
7,ckb1qpzuzykljldwecnuftaq9vjtzhmygqaal4z6ktsw3rylk23y09436q2q6uls60zkrl92uvcw40qrpkxed2ws4umdp3g3fzpktz34pju78wjsqqqqzqqqqqraqqqqp8gqqqqx6qqqqqgqqqqqxqqqqqr9qqqqqqqqqqqqqqqqqqqqqqqqqqqqqqqqqqqqqqqqqqqqqqqqqqqqqqqqx5qqqqqsqqqqqvqqqqqrzqqqqqqqqqqqqqqqqqqqqqqqqqqqqqqqqqqqqqqqqqqqqqqqqqqqqqqqqqqqqqqqqqqqqqqqqqqqqqqqqqqqqqqqqqqqqqqqqqqqqqqqqqqqqqqqqqqqqqqqqqqqqqqqqqqqqqqqqqqqqq04v8fa	unusually long (380 chars) -- likely not a real wallet,,unknown,,,FAILED_INVALID_ADDRESS,UNRESOLVED,ckb-mainnet-30d-2026-08-31-v1
8,ckb1qq650jd22cuqferm504axlnqztjy0jg6yw8h4fcmrf6nr8c3murquqf4mptuftgkyj3u42mdwj9583pdfzvl6u5cg4qnx88s32fzxpeldkc9daejv92lx2qqqqqqqqqqqqqqqqqqqqqqqqqqqvqsqfnz866tkgcqqqqqqqqqqqqqphzrf9lmyqgqqqqqqqqqqqqqqqq7czxzj,,unknown,,,COMPLETE,PARTIAL,ckb-mainnet-30d-2026-08-31-v1
9,ckb1qq650jd22cuqferm504axlnqztjy0jg6yw8h4fcmrf6nr8c3murquqf4mptuftgkyj3u42mdwj9583pdfzvl6u5cg4qnx88s32fzxpeldkc9daejv92lx2qqqqqqqqqqqqqqqqqqqqqqqqqqqvqsqfnz866tkgcqqqqqqqqqqqqqphzrf9lmyqgqqqqqqqqqqqqqqqq7czxzj	unusually long (209 chars) -- likely not a real wallet,,unknown,,,FAILED_INVALID_ADDRESS,UNRESOLVED,ckb-mainnet-30d-2026-08-31-v1
10,ckb1qq650jd22cuqferm504axlnqztjy0jg6yw8h4fcmrf6nr8c3murquqgdjw8y6xzkzv47j8ty8n5usdan0d09huac96g88lhq0ww27cjlp0j960kqvxlzyysqqqqqqqqqqqqqqqqqqqqqqqqqqvqkqp7c7na9kqqqqqqqqqqqqqqqpwxz9f577qqqqqqqqqqqqqqqqqq92vjjw,,1-10,2,human_like,COMPLETE,INSUFFICIENT_EVIDENCE,ckb-mainnet-30d-2026-08-31-v1
11,ckb1qq650jd22cuqferm504axlnqztjy0jg6yw8h4fcmrf6nr8c3murquqge9ss9azp978mspmy3f0sf9gt43myp6n9c96g88lhq0ww27cjlp0j960kqvxlzyysqqqqqqqqqqqqqqqqqqqqqqqqqqvqkakue2zp72qsqqqqqqqqqqqqqp7hvh4tpwpcqqqqqqqqqqqqqqqqnlkyk5,,1-10,2,human_like,COMPLETE,INSUFFICIENT_EVIDENCE,ckb-mainnet-30d-2026-08-31-v1
12,ckb1qq650jd22cuqferm504axlnqztjy0jg6yw8h4fcmrf6nr8c3murquqtkud0s33pnj0ypw90nmsczl8h5wy76f9dc96g88lhq0ww27cjlp0j960kqvxlzyysqqqqqqqqqqqqqqqqqqqqqqqqqqvqslfc40g6syqgqqqqqqqqqqqqqq40q3h85kqsqqqqqqqqqqqqqqqq9e45at,,1-10,2,human_like,COMPLETE,INSUFFICIENT_EVIDENCE,ckb-mainnet-30d-2026-08-31-v1
13,ckb1qq650jd22cuqferm504axlnqztjy0jg6yw8h4fcmrf6nr8c3murquqwyz6tzj06mz668r7g3vcca4q4yzqk9kqdc96g88lhq0ww27cjlp0j960kqvxlzyysqqqqqqqqqqqqqqqqqqqqqqqqqqvq3yxt69khawqgqqqqqqqqqqqqqqp3zwfqsypgqqqqqqqqqqqqqqqq7a9nw9,,1-10,2,human_like,COMPLETE,INSUFFICIENT_EVIDENCE,ckb-mainnet-30d-2026-08-31-v1
14,ckb1qq650jd22cuqferm504axlnqztjy0jg6yw8h4fcmrf6nr8c3murquqwyz6tzj06mz668r7g3vcca4q4yzqk9kqdc96g88lhq0ww27cjlp0j960kqvxlzyysqqqqqqqqqqqqqqqqqqqqqqqqqqvqutq5pgfnpvpqqqqqqqqqqqqqqq4qz4r7cgrqqqqqqqqqqqqqqqqqp3wfuq,,1-10,2,human_like,COMPLETE,INSUFFICIENT_EVIDENCE,ckb-mainnet-30d-2026-08-31-v1
15,ckb1qq650jd22cuqferm504axlnqztjy0jg6yw8h4fcmrf6nr8c3murquqwyz6tzj06mz668r7g3vcca4q4yzqk9kqdc96g88lhq0ww27cjlp0j960kqvxlzyysqqqqqqqqqqqqqzqqqqqqqqqqqqfd5lumhd5hsqqqqqqqqqqqqqqqt0k26es6s2qqqqqqqqqqqqqqqqxe4lp4484gpqqqqqqqqqqqqqqqte4lls,,1-10,2,human_like,COMPLETE,INSUFFICIENT_EVIDENCE,ckb-mainnet-30d-2026-08-31-v1
16,ckb1qqcratfhhe0whl8n2pyyw9248r9kyw3x7gmkp80jf0ffvagvzgc8sqgdzm4fw,,5000+,850073,bot_like,COMPLETE,SUPPORTED,ckb-mainnet-30d-2026-08-31-v1
17,ckb1qqcz6dvc97r9a097mwdfxc8yq5cw6v4dhrsskshmhecdsvf07l8d7q034hj6qjn294z8gdh63kf30m565mcmkphjxtfee9fly023cx3l8v9w3h7z,,unknown,,,COMPLETE,PARTIAL,ckb-mainnet-30d-2026-08-31-v1
18,ckb1qqcz6dvc97r9a097mwdfxc8yq5cw6v4dhrsskshmhecdsvf07l8d7q245y9mqs3e4l6ycsv4amhgzhzd85ewf59amlnmqmur37uda2c8fuyf2j6v,,unknown,,,COMPLETE,PARTIAL,ckb-mainnet-30d-2026-08-31-v1
19,ckb1qqcz6dvc97r9a097mwdfxc8yq5cw6v4dhrsskshmhecdsvf07l8d7qd8fdu5vu3fwqfjkscg6umfxczuyh7dd29nwexznhftzvr0znpzygrdjjm7,,unknown,,,COMPLETE,PARTIAL,ckb-mainnet-30d-2026-08-31-v1
20,ckb1qqcz6dvc97r9a097mwdfxc8yq5cw6v4dhrsskshmhecdsvf07l8d7qf4mvqmuqzfeahs4axptm5en0m3jjndht530kdp0uvxvjr3un0rsvh828t2,,unknown,,,COMPLETE,PARTIAL,ckb-mainnet-30d-2026-08-31-v1
21,ckb1qqcz6dvc97r9a097mwdfxc8yq5cw6v4dhrsskshmhecdsvf07l8d7qfg6grazjdwmf9uzf8deshhr9wsn85w2l66e8d9g7gpz0gveu28zv6pk3z4,,unknown,,,COMPLETE,PARTIAL,ckb-mainnet-30d-2026-08-31-v1
22,ckb1qqcz6dvc97r9a097mwdfxc8yq5cw6v4dhrsskshmhecdsvf07l8d7qfm09fglf7k3n9f6x7xl7p3ja3gcv9g35ryse0whu55fahcnxy6gvwd0afg,,1-10,2,human_like,COMPLETE,INSUFFICIENT_EVIDENCE,ckb-mainnet-30d-2026-08-31-v1
23,ckb1qqcz6dvc97r9a097mwdfxc8yq5cw6v4dhrsskshmhecdsvf07l8d7qvml6appkndqvveylvggcmfk02vgs76k87eqmctyamkjwc0ppuqf5uvskfx,,unknown,,,COMPLETE,PARTIAL,ckb-mainnet-30d-2026-08-31-v1
24,ckb1qqcz6dvc97r9a097mwdfxc8yq5cw6v4dhrsskshmhecdsvf07l8d7qw3smwpw49khlnp34vzdfg27rsau0fpnx4eq8u6l4fzucydmsjkfy7jfem9,,unknown,,,COMPLETE,PARTIAL,ckb-mainnet-30d-2026-08-31-v1
25,ckb1qqqqlpcx9gh7nw62dnz82gfw5ygpfwzdavewqd67u50xa39920sqjqgu5dwttldyh42zuuweffk47nqdy4wk6ma6w0zpeazay6f7txesw2ksqqqqzqqqqqpsqqqqqwqqqqqqqqqqqqqqqqqqqqqqqqqqqqqqqqqqqqqqqqqqqqqqqqqqqqqqqqqqqqqqqqqqqqq82qqqqq2qqqqqxsqqqqrfqqqqqugqqqqqqqqqqqqqqqqqqqqqqqqqqqqqqqqqqqqqqqqqqqqqqqqqqqqqqqp4qqqqqyqqqqqrqqqqqqcsqqqqqqqqqqqqqqqqqqqqqqqqqqqqqqqqqqqqqqqqqqqqqqqqqqqqqqqqqqqqqqqqqqqqqqqqqqqqqqqqqqqh6ry0r,,unknown,,,COMPLETE,INSUFFICIENT_EVIDENCE,ckb-mainnet-30d-2026-08-31-v1
26,ckb1qqqqlpcx9gh7nw62dnz82gfw5ygpfwzdavewqd67u50xa39920sqjqgu5dwttldyh42zuuweffk47nqdy4wk6ma6w0zpeazay6f7txesw2ksqqqqzqqqqqpsqqqqqwqqqqqqqqqqqqqqqqqqqqqqqqqqqqqqqqqqqqqqqqqqqqqqqqqqqqqqqqqqqqqqqqqqqqq82qqqqq2qqqqqxsqqqqrfqqqqqugqqqqqqqqqqqqqqqqqqqqqqqqqqqqqqqqqqqqqqqqqqqqqqqqqqqqqqqp4qqqqqyqqqqqrqqqqqqcsqqqqqqqqqqqqqqqqqqqqqqqqqqqqqqqqqqqqqqqqqqqqqqqqqqqqqqqqqqqqqqqqqqqqqqqqqqqqqqqqqqqh6ry0r	unusually long (393 chars) -- likely not a real wallet,,unknown,,,FAILED_INVALID_ADDRESS,UNRESOLVED,ckb-mainnet-30d-2026-08-31-v1
27,ckb1qqunmue4ncels5qse4j6839yy68h9k27c6cyj7q6j9kxsze3a2dgsqdc96g88lhq0ww27cjlp0j960kqvxlzyyhww4pyhk5ztgzaem7q5s6rs7mt,,5000+,8084,bot_like,COMPLETE,SUPPORTED,ckb-mainnet-30d-2026-08-31-v1
28,ckb1qqunmue4ncels5qse4j6839yy68h9k27c6cyj7q6j9kxsze3a2dgsqvcg4qnx88s32fzxpeldkc9daejv92lx2yupu5ahmqkdhwlhm9qksdws8hd,,unknown,,,COMPLETE,SUPPORTED,ckb-mainnet-30d-2026-08-31-v1
29,ckb1qr2g8yj3vrjzx2evk20szt5rszmmvykhrn6w0xv3ga4khnmpqu6lvqq3u8mhh,,unknown,,,COMPLETE,SUPPORTED,ckb-mainnet-30d-2026-08-31-v1
30,ckb1qrgqep8saj8agswr30pls73hra28ry8jlnlc3ejzh3dl2ju7xxpjxqgqq82w09dxh4f3gl6se95l7k0g3n3wjjsgdstzvp4c,,unknown,,,COMPLETE,PARTIAL,ckb-mainnet-30d-2026-08-31-v1
31,ckb1qrgqep8saj8agswr30pls73hra28ry8jlnlc3ejzh3dl2ju7xxpjxqgqq84zvv7khuuad70n45llzf9p6zahk9680sw2qed8,,unknown,,,COMPLETE,PARTIAL,ckb-mainnet-30d-2026-08-31-v1
32,ckb1qrgqep8saj8agswr30pls73hra28ry8jlnlc3ejzh3dl2ju7xxpjxqgqq8897n3kut095xgled9dpczz0t7hg7w87un0vrnk,,unknown,,,COMPLETE,PARTIAL,ckb-mainnet-30d-2026-08-31-v1
33,ckb1qrgqep8saj8agswr30pls73hra28ry8jlnlc3ejzh3dl2ju7xxpjxqgqq88k0gf2lakdjuntl04ux2mjyalezj598vqnuj2y,,unknown,,,FAILED_RETRY_EXHAUSTED,PARTIAL,ckb-mainnet-30d-2026-08-31-v1
34,ckb1qrgqep8saj8agswr30pls73hra28ry8jlnlc3ejzh3dl2ju7xxpjxqgqq899vvrx27ql0lgaj7x39zamtj8m5twumgvv6h4q,,11-50,49,human_like,COMPLETE,INSUFFICIENT_EVIDENCE,ckb-mainnet-30d-2026-08-31-v1
35,ckb1qrgqep8saj8agswr30pls73hra28ry8jlnlc3ejzh3dl2ju7xxpjxqgqq89qeq8sz02jymcmc8nm5qsfmwyxtvqemvnunp36,,unknown,,,COMPLETE,SUPPORTED,ckb-mainnet-30d-2026-08-31-v1
36,ckb1qrgqep8saj8agswr30pls73hra28ry8jlnlc3ejzh3dl2ju7xxpjxqgqq89s0k62mh0xf6hn8cc20wunuarrumudx5nwq9uk,,unknown,,,COMPLETE,PARTIAL,ckb-mainnet-30d-2026-08-31-v1
37,ckb1qrgqep8saj8agswr30pls73hra28ry8jlnlc3ejzh3dl2ju7xxpjxqgqq8crqpcx3nq9p23h8ep5zzpga67ygfd73scdttd5,,unknown,,,COMPLETE,PARTIAL,ckb-mainnet-30d-2026-08-31-v1
38,ckb1qrgqep8saj8agswr30pls73hra28ry8jlnlc3ejzh3dl2ju7xxpjxqgqq8ewlgvype9t2vwu4dqzfv73zkdf8lql6s85hu6t,,201-500,201,,COMPLETE,INSUFFICIENT_EVIDENCE,ckb-mainnet-30d-2026-08-31-v1
39,ckb1qrgqep8saj8agswr30pls73hra28ry8jlnlc3ejzh3dl2ju7xxpjxqgqq8gauytada8x688zt0makt3pjmdaad6u8uym77ef,,unknown,,,COMPLETE,SUPPORTED,ckb-mainnet-30d-2026-08-31-v1
40,ckb1qrgqep8saj8agswr30pls73hra28ry8jlnlc3ejzh3dl2ju7xxpjxqgqq8hrnm86uy32m0wv24eqwyvl4crudtnc3yu82y8n,,unknown,,,COMPLETE,PARTIAL,ckb-mainnet-30d-2026-08-31-v1
41,ckb1qrgqep8saj8agswr30pls73hra28ry8jlnlc3ejzh3dl2ju7xxpjxqgqq8jjta82sj7lcz5ewruppmfrrvtg9nh4vvg5klxg,,unknown,,,COMPLETE,PARTIAL,ckb-mainnet-30d-2026-08-31-v1
42,ckb1qrgqep8saj8agswr30pls73hra28ry8jlnlc3ejzh3dl2ju7xxpjxqgqq8kwzq44p8ap4zclfc3vfgw5uxqqnegf0u7t0l86,,201-500,352,,COMPLETE,PARTIAL,ckb-mainnet-30d-2026-08-31-v1
43,ckb1qrgqep8saj8agswr30pls73hra28ry8jlnlc3ejzh3dl2ju7xxpjxqgqq8m55rrdckag9e5j8hqdyga0ftpwvauxtcult98p,,unknown,,,COMPLETE,PARTIAL,ckb-mainnet-30d-2026-08-31-v1
44,ckb1qrgqep8saj8agswr30pls73hra28ry8jlnlc3ejzh3dl2ju7xxpjxqgqq8t3pqdfg3rnsqe8vgv93d49evdzkvpxcce0ml7v,,501-1000,813,,COMPLETE,PARTIAL,ckb-mainnet-30d-2026-08-31-v1
45,ckb1qrgqep8saj8agswr30pls73hra28ry8jlnlc3ejzh3dl2ju7xxpjxqgqq90ay9s9atj3rpajv38hnx5nashk3tnstqcu3khf,,11-50,33,human_like,COMPLETE,INSUFFICIENT_EVIDENCE,ckb-mainnet-30d-2026-08-31-v1
46,ckb1qrgqep8saj8agswr30pls73hra28ry8jlnlc3ejzh3dl2ju7xxpjxqgqq92dx9xep8pwxacajpvvlcj4j7tlk9uhng4j74ms,,unknown,,,COMPLETE,SUPPORTED,ckb-mainnet-30d-2026-08-31-v1
47,ckb1qrgqep8saj8agswr30pls73hra28ry8jlnlc3ejzh3dl2ju7xxpjxqgqq94q52uky0frd8sge5jnfwnm89zclmrg35ltra3y,,unknown,,,COMPLETE,SUPPORTED,ckb-mainnet-30d-2026-08-31-v1
48,ckb1qrgqep8saj8agswr30pls73hra28ry8jlnlc3ejzh3dl2ju7xxpjxqgqq97nlhckh68mupdw9w33xhp4hedejskhxs9ef2y4,,unknown,,,COMPLETE,PARTIAL,ckb-mainnet-30d-2026-08-31-v1
49,ckb1qrgqep8saj8agswr30pls73hra28ry8jlnlc3ejzh3dl2ju7xxpjxqgqq9ef4udwfyuwywlsqwy08wpapagss8ej8yxj50cr,,unknown,,,COMPLETE,PARTIAL,ckb-mainnet-30d-2026-08-31-v1
50,ckb1qrgqep8saj8agswr30pls73hra28ry8jlnlc3ejzh3dl2ju7xxpjxqgqq9fmlyjt4ydumr7u27ltfz3vjfj2s2hgmgwc8awk,,unknown,,,COMPLETE,PARTIAL,ckb-mainnet-30d-2026-08-31-v1
51,ckb1qrgqep8saj8agswr30pls73hra28ry8jlnlc3ejzh3dl2ju7xxpjxqgqq9fz7cfu5xla5nd3ay686gm2ajnzh89h8c48k7uz,,unknown,,,COMPLETE,PARTIAL,ckb-mainnet-30d-2026-08-31-v1
52,ckb1qrgqep8saj8agswr30pls73hra28ry8jlnlc3ejzh3dl2ju7xxpjxqgqq9m8eyncfhezf8s68djzwk5f9yjgwc6frqej2wsh,,unknown,,,COMPLETE,PARTIAL,ckb-mainnet-30d-2026-08-31-v1
53,ckb1qrgqep8saj8agswr30pls73hra28ry8jlnlc3ejzh3dl2ju7xxpjxqgqq9tj624ruuttnrcv4f5gxv5v3n4mm4mx65jvwena,,1001-5000,1150,bot_like,COMPLETE,INSUFFICIENT_EVIDENCE,ckb-mainnet-30d-2026-08-31-v1
54,ckb1qrgqep8saj8agswr30pls73hra28ry8jlnlc3ejzh3dl2ju7xxpjxqgqq9xtegwt8nftvp2sjp83djfqela8e8uxdcxz9a3g,,unknown,,,COMPLETE,SUPPORTED,ckb-mainnet-30d-2026-08-31-v1
55,ckb1qrgqep8saj8agswr30pls73hra28ry8jlnlc3ejzh3dl2ju7xxpjxqgqqx0f0kn59zeww42ufe72s3zp843zjtm70qknllc8,,unknown,,,COMPLETE,PARTIAL,ckb-mainnet-30d-2026-08-31-v1
56,ckb1qrgqep8saj8agswr30pls73hra28ry8jlnlc3ejzh3dl2ju7xxpjxqgqqx3ks29g76xexysu5ed3ng2zqf8m3gt5c5xrl5n3,,11-50,15,human_like,COMPLETE,INSUFFICIENT_EVIDENCE,ckb-mainnet-30d-2026-08-31-v1
57,ckb1qrgqep8saj8agswr30pls73hra28ry8jlnlc3ejzh3dl2ju7xxpjxqgqqx8ced038s4z2vxfkqu7jzdcqs7q6qhxjqxupv3g,,unknown,,,COMPLETE,PARTIAL,ckb-mainnet-30d-2026-08-31-v1
58,ckb1qrgqep8saj8agswr30pls73hra28ry8jlnlc3ejzh3dl2ju7xxpjxqgqqxamnrpernhha9nsyus0k6f8a6ays6t0cusm37pn,,1001-5000,1674,bot_like,COMPLETE,PARTIAL,ckb-mainnet-30d-2026-08-31-v1
59,ckb1qrgqep8saj8agswr30pls73hra28ry8jlnlc3ejzh3dl2ju7xxpjxqgqqxeawela8galsacxfd7d4xaymhy9jpmqeqyruqve,,unknown,,,COMPLETE,PARTIAL,ckb-mainnet-30d-2026-08-31-v1
60,ckb1qrgqep8saj8agswr30pls73hra28ry8jlnlc3ejzh3dl2ju7xxpjxqgqqxmkl3lngrcklwa8grdc8ja6n4s40pu4sc0w0aln,,unknown,,,COMPLETE,PARTIAL,ckb-mainnet-30d-2026-08-31-v1
61,ckb1qrgqep8saj8agswr30pls73hra28ry8jlnlc3ejzh3dl2ju7xxpjxqgqqxt4s53tleh9j3nfkqt9fpzkercts0v4qgxwsa0j,,1-10,8,human_like,COMPLETE,INSUFFICIENT_EVIDENCE,ckb-mainnet-30d-2026-08-31-v1
62,ckb1qrgqep8saj8agswr30pls73hra28ry8jlnlc3ejzh3dl2ju7xxpjxqgqqxuz9n0wyhs86wrqr5309qaz5jsxe3805gnlmc95,,unknown,,,COMPLETE,PARTIAL,ckb-mainnet-30d-2026-08-31-v1
63,ckb1qrgqep8saj8agswr30pls73hra28ry8jlnlc3ejzh3dl2ju7xxpjxqgqqxvxkq3zapxvyv6qktfyhq84puycg59s2q0smpl6,,unknown,,,COMPLETE,PARTIAL,ckb-mainnet-30d-2026-08-31-v1
64,ckb1qrgqep8saj8agswr30pls73hra28ry8jlnlc3ejzh3dl2ju7xxpjxqgqqy5z928yw33t5enjqglmeq7w23dk99q7qvm3yvlr,,unknown,,,COMPLETE,PARTIAL,ckb-mainnet-30d-2026-08-31-v1
65,ckb1qrgqep8saj8agswr30pls73hra28ry8jlnlc3ejzh3dl2ju7xxpjxqgqqydhfg585sfcxu5gpaqs5sme8rn30c5yagaawuq2,,unknown,,,COMPLETE,PARTIAL,ckb-mainnet-30d-2026-08-31-v1
66,ckb1qrgqep8saj8agswr30pls73hra28ry8jlnlc3ejzh3dl2ju7xxpjxqgqqygpfd4a3nnel8tg9ntkwayy9hx537qf4yyyg3v0,,unknown,,,COMPLETE,PARTIAL,ckb-mainnet-30d-2026-08-31-v1
67,ckb1qrgqep8saj8agswr30pls73hra28ry8jlnlc3ejzh3dl2ju7xxpjxqgqqyjw0y2p7ahcysl4qhq97x60svqn29492qpkvy2s,,51-200,114,,COMPLETE,SUPPORTED,ckb-mainnet-30d-2026-08-31-v1
68,ckb1qrgqep8saj8agswr30pls73hra28ry8jlnlc3ejzh3dl2ju7xxpjxqgqqyknjsdgjmz9a475mzuledqlm82yujj4vu8xllec,,unknown,,,COMPLETE,SUPPORTED,ckb-mainnet-30d-2026-08-31-v1
69,ckb1qrgqep8saj8agswr30pls73hra28ry8jlnlc3ejzh3dl2ju7xxpjxqgqqym5d4n465eu93tdcz5sycepdkatjahp9uwdcpfy,,unknown,,,COMPLETE,PARTIAL,ckb-mainnet-30d-2026-08-31-v1
70,ckb1qrgqep8saj8agswr30pls73hra28ry8jlnlc3ejzh3dl2ju7xxpjxqgqqymvu6d289ggsyudpamr4g6ayz62gpp34qzy30vs,,501-1000,809,,COMPLETE,PARTIAL,ckb-mainnet-30d-2026-08-31-v1
71,ckb1qrgqep8saj8agswr30pls73hra28ry8jlnlc3ejzh3dl2ju7xxpjxqgqqyp0v06mqeenupfpzl3lwq38s9jjxx7vvgy0p62v,,1001-5000,1443,bot_like,COMPLETE,INSUFFICIENT_EVIDENCE,ckb-mainnet-30d-2026-08-31-v1
72,ckb1qrgqep8saj8agswr30pls73hra28ry8jlnlc3ejzh3dl2ju7xxpjxqgqqytevmf523qgwexunz0pf59ysl6dvxvvusuft43p,,unknown,,,COMPLETE,PARTIAL,ckb-mainnet-30d-2026-08-31-v1
73,ckb1qrgqep8saj8agswr30pls73hra28ry8jlnlc3ejzh3dl2ju7xxpjxqgqqyxaafkpxklf820ugttkjd0409k73djjhue0s8ej,,11-50,40,human_like,COMPLETE,INSUFFICIENT_EVIDENCE,ckb-mainnet-30d-2026-08-31-v1
74,ckb1qrj9k8u0yxllyvfhqddr4d636adnd2vpmmkru7pqr99ecppfvl60zq2jdhmvxjtkj8fx84gevn93j5eyc2xtgmg63glfg,,unknown,,,COMPLETE,PARTIAL,ckb-mainnet-30d-2026-08-31-v1
75,ckb1qrj9k8u0yxllyvfhqddr4d636adnd2vpmmkru7pqr99ecppfvl60zqfd4pj6za0jzhxvsk960aw4ylu48hmrtjq8ec8zj,,unknown,,,COMPLETE,PARTIAL,ckb-mainnet-30d-2026-08-31-v1
76,ckb1qrj9k8u0yxllyvfhqddr4d636adnd2vpmmkru7pqr99ecppfvl60zqfuh3ru2j5lmm6cl4tt7dqme28545t9yzsyhsyzg,,unknown,,,COMPLETE,PARTIAL,ckb-mainnet-30d-2026-08-31-v1
77,ckb1qrj9k8u0yxllyvfhqddr4d636adnd2vpmmkru7pqr99ecppfvl60zqgjydsp6tgswnf7rg5u2j2v20cvcm55dygutu3en,,unknown,,,COMPLETE,PARTIAL,ckb-mainnet-30d-2026-08-31-v1
78,ckb1qrj9k8u0yxllyvfhqddr4d636adnd2vpmmkru7pqr99ecppfvl60zqt2prf2vp6mx5tee3437d7wxeyqs8l0png4frpry,,1-10,2,human_like,COMPLETE,INSUFFICIENT_EVIDENCE,ckb-mainnet-30d-2026-08-31-v1
79,ckb1qrj9k8u0yxllyvfhqddr4d636adnd2vpmmkru7pqr99ecppfvl60zqwtcnjua20y203gtj4vdu5uqx3y6frwukc53t607,,1-10,2,human_like,COMPLETE,INSUFFICIENT_EVIDENCE,ckb-mainnet-30d-2026-08-31-v1
80,ckb1qrlh3whq40ch67jqfs97p7ddnjgctvlc3hxxqsp5202m4rslyt6n5qh3068szf235yxw9c3px3rzgxkxnf2ynq7ys5kam9r42sn5a2x845q7rg9y,,unknown,,,COMPLETE,PARTIAL,ckb-mainnet-30d-2026-08-31-v1
81,ckb1qrlh3whq40ch67jqfs97p7ddnjgctvlc3hxxqsp5202m4rslyt6n5qn0ta0jq68jgwzvzpy82w8sugs9cvvza3fz0flwr67avv068nsst5uevzjl,,unknown,,,COMPLETE,PARTIAL,ckb-mainnet-30d-2026-08-31-v1
82,ckb1qzda0cr08m85hc8jlnfp3zer7xulejywt49kt2rr0vthywaa50xwsq00s3af7c2hmt6at6mc8cmru3y799zsgaslvt7dx,,5000+,267339,bot_like,COMPLETE,INSUFFICIENT_EVIDENCE,ckb-mainnet-30d-2026-08-31-v1
83,ckb1qzda0cr08m85hc8jlnfp3zer7xulejywt49kt2rr0vthywaa50xwsq0259kv0x5jez6h0l5qr52k64weapapgyscsnmhn,,5000+,696292,bot_like,COMPLETE,PARTIAL,ckb-mainnet-30d-2026-08-31-v1
84,ckb1qzda0cr08m85hc8jlnfp3zer7xulejywt49kt2rr0vthywaa50xwsq02lstf96jmmavf7uln9acpkedt2clz3tqc6chk8,,unknown,,,COMPLETE,PARTIAL,ckb-mainnet-30d-2026-08-31-v1
85,ckb1qzda0cr08m85hc8jlnfp3zer7xulejywt49kt2rr0vthywaa50xwsq02rtsalknt9nezey405ay2gek8v5x0ncc3fd62k,,unknown,,,COMPLETE,PARTIAL,ckb-mainnet-30d-2026-08-31-v1
86,ckb1qzda0cr08m85hc8jlnfp3zer7xulejywt49kt2rr0vthywaa50xwsq02u38k4kh65ek037y6ladw8h387u78pcs8gc8lh,,unknown,,,FAILED_RETRY_EXHAUSTED,PARTIAL,ckb-mainnet-30d-2026-08-31-v1
87,ckb1qzda0cr08m85hc8jlnfp3zer7xulejywt49kt2rr0vthywaa50xwsq03gy6qc59208692fxn2pa2pln3xwcwdxsc7p7te,,1001-5000,1325,bot_like,COMPLETE,INSUFFICIENT_EVIDENCE,ckb-mainnet-30d-2026-08-31-v1
88,ckb1qzda0cr08m85hc8jlnfp3zer7xulejywt49kt2rr0vthywaa50xwsq03vvfm7dufx0a80zj27h4f5qjvygtelpshfz360,,unknown,,,COMPLETE,PARTIAL,ckb-mainnet-30d-2026-08-31-v1
89,ckb1qzda0cr08m85hc8jlnfp3zer7xulejywt49kt2rr0vthywaa50xwsq03z3ekhq3qhe4tz8v5kf3z08gxphswumg02rsqc,,unknown,,,COMPLETE,PARTIAL,ckb-mainnet-30d-2026-08-31-v1
90,ckb1qzda0cr08m85hc8jlnfp3zer7xulejywt49kt2rr0vthywaa50xwsq046dyalzv28h7wt8fqzhhskeedyh6fpugkydwwj,,unknown,,,COMPLETE,PARTIAL,ckb-mainnet-30d-2026-08-31-v1
91,ckb1qzda0cr08m85hc8jlnfp3zer7xulejywt49kt2rr0vthywaa50xwsq04avg2cjv4t0vh2v7zuztvcctzy860fjs9esl5u,,unknown,,,COMPLETE,PARTIAL,ckb-mainnet-30d-2026-08-31-v1
92,ckb1qzda0cr08m85hc8jlnfp3zer7xulejywt49kt2rr0vthywaa50xwsq04g3rjkkuz8j03d526wv5rvjejfelf7lgxecnta,,unknown,,,FAILED_RETRY_EXHAUSTED,PARTIAL,ckb-mainnet-30d-2026-08-31-v1
93,ckb1qzda0cr08m85hc8jlnfp3zer7xulejywt49kt2rr0vthywaa50xwsq04vdv80ce23y6cs8050zkhdnm6v39y6ysd7rhfz,,5000+,5712,bot_like,COMPLETE,INSUFFICIENT_EVIDENCE,ckb-mainnet-30d-2026-08-31-v1
94,ckb1qzda0cr08m85hc8jlnfp3zer7xulejywt49kt2rr0vthywaa50xwsq059gaxh9mhygyzgpps4edtqdsumgslcdq3ejtuw,,unknown,,,COMPLETE,PARTIAL,ckb-mainnet-30d-2026-08-31-v1
95,ckb1qzda0cr08m85hc8jlnfp3zer7xulejywt49kt2rr0vthywaa50xwsq05jzhp0f28a78e9vnyvk4vfmw60xaqadgfyz8es,,unknown,,,COMPLETE,PARTIAL,ckb-mainnet-30d-2026-08-31-v1
96,ckb1qzda0cr08m85hc8jlnfp3zer7xulejywt49kt2rr0vthywaa50xwsq05k3xttu6lzuy260j06mql7tqpgwcznlcvx836h,,unknown,,,COMPLETE,PARTIAL,ckb-mainnet-30d-2026-08-31-v1
97,ckb1qzda0cr08m85hc8jlnfp3zer7xulejywt49kt2rr0vthywaa50xwsq05n6zvckahhuks4wl9rznllcfgralwl3gqs5rqt,,unknown,,bot_like,COMPLETE,PARTIAL,ckb-mainnet-30d-2026-08-31-v1
98,ckb1qzda0cr08m85hc8jlnfp3zer7xulejywt49kt2rr0vthywaa50xwsq05pxmxskuqlw0z95ggccuna9e53dw34ycxduz05,,1-10,2,human_like,COMPLETE,INSUFFICIENT_EVIDENCE,ckb-mainnet-30d-2026-08-31-v1
99,ckb1qzda0cr08m85hc8jlnfp3zer7xulejywt49kt2rr0vthywaa50xwsq05uu85tpqrf75arfkskcnwjsaj5f6c05qtmqdm9,,unknown,,,COMPLETE,PARTIAL,ckb-mainnet-30d-2026-08-31-v1
100,ckb1qzda0cr08m85hc8jlnfp3zer7xulejywt49kt2rr0vthywaa50xwsq06cwnwfzz5sv5ps5w6ewtm6q9upj8klyc7qt4xy,,unknown,,,COMPLETE,PARTIAL,ckb-mainnet-30d-2026-08-31-v1
101,ckb1qzda0cr08m85hc8jlnfp3zer7xulejywt49kt2rr0vthywaa50xwsq06hq9768t33hwp5cxyq4kxaskw7xgrqhgyj6gz0,,1001-5000,1630,bot_like,COMPLETE,INSUFFICIENT_EVIDENCE,ckb-mainnet-30d-2026-08-31-v1
102,ckb1qzda0cr08m85hc8jlnfp3zer7xulejywt49kt2rr0vthywaa50xwsq06s99smdcvprv0vpjw74v7yr3gfsz63tsmgym2k,,unknown,,,COMPLETE,PARTIAL,ckb-mainnet-30d-2026-08-31-v1
103,ckb1qzda0cr08m85hc8jlnfp3zer7xulejywt49kt2rr0vthywaa50xwsq0764vl97f7teu43k9x9v93fr9330zgf0cr43nr7,,5000+,3016441,bot_like,COMPLETE,INSUFFICIENT_EVIDENCE,ckb-mainnet-30d-2026-08-31-v1
104,ckb1qzda0cr08m85hc8jlnfp3zer7xulejywt49kt2rr0vthywaa50xwsq07j9vt4j4pr582tmmhg2r25g09e8lqhzq67lmrn,,unknown,,,COMPLETE,PARTIAL,ckb-mainnet-30d-2026-08-31-v1
105,ckb1qzda0cr08m85hc8jlnfp3zer7xulejywt49kt2rr0vthywaa50xwsq07ky0r9mzffqwrv5ah6p8h9z47lg2p3acrhyltk,,unknown,,,FAILED_RETRY_EXHAUSTED,PARTIAL,ckb-mainnet-30d-2026-08-31-v1
106,ckb1qzda0cr08m85hc8jlnfp3zer7xulejywt49kt2rr0vthywaa50xwsq07r6d4agdqwld880vzslwy3aj28mh3axq7pjrfc,,unknown,,,FAILED_RETRY_EXHAUSTED,PARTIAL,ckb-mainnet-30d-2026-08-31-v1
107,ckb1qzda0cr08m85hc8jlnfp3zer7xulejywt49kt2rr0vthywaa50xwsq07vlts907h0ev3vz40qttyg6qx7xh3xlqgyyr4j,,1001-5000,1718,bot_like,COMPLETE,INSUFFICIENT_EVIDENCE,ckb-mainnet-30d-2026-08-31-v1
108,ckb1qzda0cr08m85hc8jlnfp3zer7xulejywt49kt2rr0vthywaa50xwsq07zh8qks3jgz4rzfnnvz6l3669qm0nrugucl40c,,unknown,,,FAILED_RETRY_EXHAUSTED,PARTIAL,ckb-mainnet-30d-2026-08-31-v1
109,ckb1qzda0cr08m85hc8jlnfp3zer7xulejywt49kt2rr0vthywaa50xwsq084l0edu0ucchdngufewmh2mp2mlmqk8cqsq99n,,1001-5000,1690,bot_like,COMPLETE,INSUFFICIENT_EVIDENCE,ckb-mainnet-30d-2026-08-31-v1
110,ckb1qzda0cr08m85hc8jlnfp3zer7xulejywt49kt2rr0vthywaa50xwsq087uc2epsa0ft08zu747g30c6zuh2lyxcsqugmn,,1001-5000,1417,bot_like,COMPLETE,INSUFFICIENT_EVIDENCE,ckb-mainnet-30d-2026-08-31-v1
111,ckb1qzda0cr08m85hc8jlnfp3zer7xulejywt49kt2rr0vthywaa50xwsq08d3jlwgma52gm4mz6fchyah7ruhk8y4swey2xv,,unknown,,,COMPLETE,PARTIAL,ckb-mainnet-30d-2026-08-31-v1
112,ckb1qzda0cr08m85hc8jlnfp3zer7xulejywt49kt2rr0vthywaa50xwsq08np8nmp86cyutmm8glcmp36udhrkquhgpeccr6,,unknown,,,COMPLETE,PARTIAL,ckb-mainnet-30d-2026-08-31-v1
113,ckb1qzda0cr08m85hc8jlnfp3zer7xulejywt49kt2rr0vthywaa50xwsq08nxknd7g5pzwe9mmdcqtqfs5f8ckh8fq34kxj8,,unknown,,,COMPLETE,PARTIAL,ckb-mainnet-30d-2026-08-31-v1
114,ckb1qzda0cr08m85hc8jlnfp3zer7xulejywt49kt2rr0vthywaa50xwsq09090kz3h40xhhrmrcdeq62fadgp0gt2g8zqepy,,1-10,3,human_like,COMPLETE,INSUFFICIENT_EVIDENCE,ckb-mainnet-30d-2026-08-31-v1
115,ckb1qzda0cr08m85hc8jlnfp3zer7xulejywt49kt2rr0vthywaa50xwsq09qn6u0gmgf2fxgw6re5ntcaexrxlsrmsls56gk,,unknown,,,COMPLETE,INSUFFICIENT_EVIDENCE,ckb-mainnet-30d-2026-08-31-v1
116,ckb1qzda0cr08m85hc8jlnfp3zer7xulejywt49kt2rr0vthywaa50xwsq09rwsv5zvm3658ugyssehs360eh82v7zclyn32u,,unknown,,,COMPLETE,PARTIAL,ckb-mainnet-30d-2026-08-31-v1
117,ckb1qzda0cr08m85hc8jlnfp3zer7xulejywt49kt2rr0vthywaa50xwsq0a7apfhwtpcrx2vwh4rverv53y377dgsqtkmuyv,,1001-5000,1807,bot_like,COMPLETE,INSUFFICIENT_EVIDENCE,ckb-mainnet-30d-2026-08-31-v1
118,ckb1qzda0cr08m85hc8jlnfp3zer7xulejywt49kt2rr0vthywaa50xwsq0anafacyafq0j2rek0jx5rztanvvw9kcqdtkwna,,unknown,,,COMPLETE,PARTIAL,ckb-mainnet-30d-2026-08-31-v1
119,ckb1qzda0cr08m85hc8jlnfp3zer7xulejywt49kt2rr0vthywaa50xwsq0anxptffq8enukzzyc9yjry5kt3ugua2gg39eh9,,unknown,,,COMPLETE,PARTIAL,ckb-mainnet-30d-2026-08-31-v1
120,ckb1qzda0cr08m85hc8jlnfp3zer7xulejywt49kt2rr0vthywaa50xwsq0atd3ep6w47442fk86cxg5n0nsactvlts9nzk3r,,1001-5000,1451,bot_like,COMPLETE,INSUFFICIENT_EVIDENCE,ckb-mainnet-30d-2026-08-31-v1
121,ckb1qzda0cr08m85hc8jlnfp3zer7xulejywt49kt2rr0vthywaa50xwsq0c46k06e2fp7rg9aq9yqxwaat763nrpegmdg0qn,,unknown,,,COMPLETE,PARTIAL,ckb-mainnet-30d-2026-08-31-v1
122,ckb1qzda0cr08m85hc8jlnfp3zer7xulejywt49kt2rr0vthywaa50xwsq0c46rcy6f2qav3ddfgv2540mz6vl7knlc0pl0a0,,unknown,,,COMPLETE,PARTIAL,ckb-mainnet-30d-2026-08-31-v1
123,ckb1qzda0cr08m85hc8jlnfp3zer7xulejywt49kt2rr0vthywaa50xwsq0ccj0jne37a2e7g4aw9473j0wju4xx2ag7zssne,,1001-5000,1721,bot_like,PARTIAL,PARTIAL,ckb-mainnet-30d-2026-08-31-v1
124,ckb1qzda0cr08m85hc8jlnfp3zer7xulejywt49kt2rr0vthywaa50xwsq0cl8tlydpzpp6wzeuzfsm926sp9m0rpqqt2qecr,,unknown,,,COMPLETE,PARTIAL,ckb-mainnet-30d-2026-08-31-v1
125,ckb1qzda0cr08m85hc8jlnfp3zer7xulejywt49kt2rr0vthywaa50xwsq0cq8e9avklws5c6s8zqkh4gluc0q2jrasq93la2,,1001-5000,4510,bot_like,COMPLETE,INSUFFICIENT_EVIDENCE,ckb-mainnet-30d-2026-08-31-v1
126,ckb1qzda0cr08m85hc8jlnfp3zer7xulejywt49kt2rr0vthywaa50xwsq0d430ajed30h2df3d4eudc2d2jr45mr2qtpx9rj,,1001-5000,3435,bot_like,COMPLETE,INSUFFICIENT_EVIDENCE,ckb-mainnet-30d-2026-08-31-v1
127,ckb1qzda0cr08m85hc8jlnfp3zer7xulejywt49kt2rr0vthywaa50xwsq0d9ma6yrsj0r83e5qhf0ja2x39ph8gc0qgkmu25,,unknown,,,PARTIAL,PARTIAL,ckb-mainnet-30d-2026-08-31-v1
128,ckb1qzda0cr08m85hc8jlnfp3zer7xulejywt49kt2rr0vthywaa50xwsq0dtptjfpdqwdy4u8uukg2msx5l7vhwt4q2t2k08,,unknown,,bot_like,PARTIAL,PARTIAL,ckb-mainnet-30d-2026-08-31-v1
129,ckb1qzda0cr08m85hc8jlnfp3zer7xulejywt49kt2rr0vthywaa50xwsq0e79jhf82c52wjwz95sv4lms78akfvdesz5vfwc,,unknown,,,COMPLETE,PARTIAL,ckb-mainnet-30d-2026-08-31-v1
130,ckb1qzda0cr08m85hc8jlnfp3zer7xulejywt49kt2rr0vthywaa50xwsq0ejdewpqqsdy22zke90ug9h9u0jvlqskcjysp8m,,unknown,,,COMPLETE,PARTIAL,ckb-mainnet-30d-2026-08-31-v1
131,ckb1qzda0cr08m85hc8jlnfp3zer7xulejywt49kt2rr0vthywaa50xwsq0er7n9s6mrsravyz79mjqpl97j7tg48ased4uwq,,unknown,,,COMPLETE,PARTIAL,ckb-mainnet-30d-2026-08-31-v1
132,ckb1qzda0cr08m85hc8jlnfp3zer7xulejywt49kt2rr0vthywaa50xwsq0fjsxk3ufezyljeglltk69mhtgrruqsusa36w9h,,unknown,,,COMPLETE,PARTIAL,ckb-mainnet-30d-2026-08-31-v1
133,ckb1qzda0cr08m85hc8jlnfp3zer7xulejywt49kt2rr0vthywaa50xwsq0frvgc8jdeyr5j98ggzmyn2rekwvyy06g9mywsl,,1-10,2,human_like,COMPLETE,INSUFFICIENT_EVIDENCE,ckb-mainnet-30d-2026-08-31-v1
134,ckb1qzda0cr08m85hc8jlnfp3zer7xulejywt49kt2rr0vthywaa50xwsq0fuqrqqcykvepusm4st0asqya208yzxcgcgewm5,,unknown,,,COMPLETE,PARTIAL,ckb-mainnet-30d-2026-08-31-v1
135,ckb1qzda0cr08m85hc8jlnfp3zer7xulejywt49kt2rr0vthywaa50xwsq0g3k445dzghlxz0m6yrttx4jl985mkj0s0mpzw4,,unknown,,,PARTIAL,PARTIAL,ckb-mainnet-30d-2026-08-31-v1
136,ckb1qzda0cr08m85hc8jlnfp3zer7xulejywt49kt2rr0vthywaa50xwsq0g3rymnznt4dm00ep5yekxtdulmepc85g8av65a,,1001-5000,1671,bot_like,COMPLETE,INSUFFICIENT_EVIDENCE,ckb-mainnet-30d-2026-08-31-v1
137,ckb1qzda0cr08m85hc8jlnfp3zer7xulejywt49kt2rr0vthywaa50xwsq0g42eercj9puzjr3aj5qzej2kky9xvgrqcqehre,,unknown,,,PARTIAL,PARTIAL,ckb-mainnet-30d-2026-08-31-v1
138,ckb1qzda0cr08m85hc8jlnfp3zer7xulejywt49kt2rr0vthywaa50xwsq0gc0l4ju4sqmn2zcvhsv54srw725z40ac9kk09c,,5000+,23162,bot_like,COMPLETE,INSUFFICIENT_EVIDENCE,ckb-mainnet-30d-2026-08-31-v1
139,ckb1qzda0cr08m85hc8jlnfp3zer7xulejywt49kt2rr0vthywaa50xwsq0gcd2fr4d0exdafwmywgj7kvt0c8lqfnsjctg09,,1-10,2,human_like,COMPLETE,INSUFFICIENT_EVIDENCE,ckb-mainnet-30d-2026-08-31-v1
140,ckb1qzda0cr08m85hc8jlnfp3zer7xulejywt49kt2rr0vthywaa50xwsq0gcpdgn07xeev0gcfc9eskt7zvmnvwyuqv3vek3,,unknown,,,PARTIAL,PARTIAL,ckb-mainnet-30d-2026-08-31-v1
141,ckb1qzda0cr08m85hc8jlnfp3zer7xulejywt49kt2rr0vthywaa50xwsq0gk6md9mexs90tmr5tq2lu58zjf22jvqg2eq8hj,,11-50,26,human_like,COMPLETE,INSUFFICIENT_EVIDENCE,ckb-mainnet-30d-2026-08-31-v1
142,ckb1qzda0cr08m85hc8jlnfp3zer7xulejywt49kt2rr0vthywaa50xwsq0gkgcrl7qacdmyzhu8p2w56w6t6dpw5qqu9k5jr,,1-10,2,human_like,COMPLETE,INSUFFICIENT_EVIDENCE,ckb-mainnet-30d-2026-08-31-v1
143,ckb1qzda0cr08m85hc8jlnfp3zer7xulejywt49kt2rr0vthywaa50xwsq0gtpf9ptxw2y59p8wmpw4hjsnyxua6mcq6naedm,,unknown,,,FAILED_RETRY_EXHAUSTED,PARTIAL,ckb-mainnet-30d-2026-08-31-v1
144,ckb1qzda0cr08m85hc8jlnfp3zer7xulejywt49kt2rr0vthywaa50xwsq0guyenkvxw036k2zukneprz8x4erevtgs958r7v,,unknown,,,COMPLETE,PARTIAL,ckb-mainnet-30d-2026-08-31-v1
145,ckb1qzda0cr08m85hc8jlnfp3zer7xulejywt49kt2rr0vthywaa50xwsq0hc9ft83yg4jvdq8cughyzj768dmkgg8cxwylmn,,1-10,1,human_like,COMPLETE,INSUFFICIENT_EVIDENCE,ckb-mainnet-30d-2026-08-31-v1
146,ckb1qzda0cr08m85hc8jlnfp3zer7xulejywt49kt2rr0vthywaa50xwsq0hdpsvr460r784ym6afepeygsacdj7vksh7jjd6,,1001-5000,2196,bot_like,COMPLETE,INSUFFICIENT_EVIDENCE,ckb-mainnet-30d-2026-08-31-v1
147,ckb1qzda0cr08m85hc8jlnfp3zer7xulejywt49kt2rr0vthywaa50xwsq0jc2vwf6jsj7852lryh3hfh4jkvk548gqh4yp6v,,201-500,232,,COMPLETE,PARTIAL,ckb-mainnet-30d-2026-08-31-v1
148,ckb1qzda0cr08m85hc8jlnfp3zer7xulejywt49kt2rr0vthywaa50xwsq0jgfy45kerhxuncn2sc3tv26dcv3q39vccuenfr,,1-10,3,human_like,COMPLETE,PARTIAL,ckb-mainnet-30d-2026-08-31-v1
149,ckb1qzda0cr08m85hc8jlnfp3zer7xulejywt49kt2rr0vthywaa50xwsq0jlpszzdm77mdd9hrknh9ppd9g850pfcs3yqwhx,,1001-5000,2510,bot_like,COMPLETE,INSUFFICIENT_EVIDENCE,ckb-mainnet-30d-2026-08-31-v1
150,ckb1qzda0cr08m85hc8jlnfp3zer7xulejywt49kt2rr0vthywaa50xwsq0k5jc20yyf62n2879zxymntrhyke0zg9crdzqfz,,unknown,,,COMPLETE,SUPPORTED,ckb-mainnet-30d-2026-08-31-v1
151,ckb1qzda0cr08m85hc8jlnfp3zer7xulejywt49kt2rr0vthywaa50xwsq0k8gu6ynsad22synmfldq806qtp7mpkpcxd0jp5,,1001-5000,4667,bot_like,COMPLETE,INSUFFICIENT_EVIDENCE,ckb-mainnet-30d-2026-08-31-v1
152,ckb1qzda0cr08m85hc8jlnfp3zer7xulejywt49kt2rr0vthywaa50xwsq0kc5h0xhqlmc2y7d6w3lghpg60xda5e0cynpnzj,,1001-5000,3972,bot_like,COMPLETE,INSUFFICIENT_EVIDENCE,ckb-mainnet-30d-2026-08-31-v1
153,ckb1qzda0cr08m85hc8jlnfp3zer7xulejywt49kt2rr0vthywaa50xwsq0kjhyk3k6yh6s0x0qhcfzu42l0nshm5rsmfmr6g,,1001-5000,2248,bot_like,COMPLETE,INSUFFICIENT_EVIDENCE,ckb-mainnet-30d-2026-08-31-v1
154,ckb1qzda0cr08m85hc8jlnfp3zer7xulejywt49kt2rr0vthywaa50xwsq0klfn2n06tvww62dplr3rlawsgrn6hrxgrp7xfh,,unknown,,,FAILED_RETRY_EXHAUSTED,PARTIAL,ckb-mainnet-30d-2026-08-31-v1
155,ckb1qzda0cr08m85hc8jlnfp3zer7xulejywt49kt2rr0vthywaa50xwsq0kzrpyd0u6t2wmnlp82gftx9n4cd8mjrgctxnlu,,11-50,29,human_like,COMPLETE,INSUFFICIENT_EVIDENCE,ckb-mainnet-30d-2026-08-31-v1
156,ckb1qzda0cr08m85hc8jlnfp3zer7xulejywt49kt2rr0vthywaa50xwsq0l05nyuesryj4upnexyk2wzw0upsn8m7q7c6g0e,,unknown,,,COMPLETE,PARTIAL,ckb-mainnet-30d-2026-08-31-v1
157,ckb1qzda0cr08m85hc8jlnfp3zer7xulejywt49kt2rr0vthywaa50xwsq0m0zyttfjaw4ft9sjyz8rv2jnk2e66e5c89pdn5,,unknown,,,COMPLETE,PARTIAL,ckb-mainnet-30d-2026-08-31-v1
158,ckb1qzda0cr08m85hc8jlnfp3zer7xulejywt49kt2rr0vthywaa50xwsq0mmaezyca50v248mvc47vss8sxtrt0h9c4z835r,,1001-5000,1545,bot_like,COMPLETE,INSUFFICIENT_EVIDENCE,ckb-mainnet-30d-2026-08-31-v1
159,ckb1qzda0cr08m85hc8jlnfp3zer7xulejywt49kt2rr0vthywaa50xwsq0msaj6cvf2tgju69tdu4sfreu2uch2ynqsm7elv,,unknown,,,FAILED_RETRY_EXHAUSTED,PARTIAL,ckb-mainnet-30d-2026-08-31-v1
160,ckb1qzda0cr08m85hc8jlnfp3zer7xulejywt49kt2rr0vthywaa50xwsq0msjj9yjj2n6dtuafzzj6uen3p7mt966sfkapz2,,unknown,,,COMPLETE,PARTIAL,ckb-mainnet-30d-2026-08-31-v1
161,ckb1qzda0cr08m85hc8jlnfp3zer7xulejywt49kt2rr0vthywaa50xwsq0muw495z9pexgx7eftmgehycxjvtc89nsvmddpk,,unknown,,,COMPLETE,PARTIAL,ckb-mainnet-30d-2026-08-31-v1
162,ckb1qzda0cr08m85hc8jlnfp3zer7xulejywt49kt2rr0vthywaa50xwsq0ndt7t03er7m8tz3x3u8uev388dt2qqfgsq68gq,,1-10,2,human_like,COMPLETE,INSUFFICIENT_EVIDENCE,ckb-mainnet-30d-2026-08-31-v1
163,ckb1qzda0cr08m85hc8jlnfp3zer7xulejywt49kt2rr0vthywaa50xwsq0p2y5tnuw0y02sequmjwswja4v5ywc3ag3xanwy,,unknown,,,FAILED_RETRY_EXHAUSTED,PARTIAL,ckb-mainnet-30d-2026-08-31-v1
164,ckb1qzda0cr08m85hc8jlnfp3zer7xulejywt49kt2rr0vthywaa50xwsq0p5lrjfdzfh92a6dqx05lr7dfdc70umuqq76ec9,,1-10,4,human_like,COMPLETE,INSUFFICIENT_EVIDENCE,ckb-mainnet-30d-2026-08-31-v1
165,ckb1qzda0cr08m85hc8jlnfp3zer7xulejywt49kt2rr0vthywaa50xwsq0p7kmkyh5zkqmmv02ulc6hkxuwmatxdqsnt2lme,,1-10,2,human_like,COMPLETE,INSUFFICIENT_EVIDENCE,ckb-mainnet-30d-2026-08-31-v1
166,ckb1qzda0cr08m85hc8jlnfp3zer7xulejywt49kt2rr0vthywaa50xwsq0p7tanj5wym5l7nt88rta0rcvmn56fhlsa56w75,,1-10,2,human_like,COMPLETE,INSUFFICIENT_EVIDENCE,ckb-mainnet-30d-2026-08-31-v1
167,ckb1qzda0cr08m85hc8jlnfp3zer7xulejywt49kt2rr0vthywaa50xwsq0p80per28ltwd4sm2052pjt4z8unckpucj6e5pc,,201-500,273,,COMPLETE,PARTIAL,ckb-mainnet-30d-2026-08-31-v1
168,ckb1qzda0cr08m85hc8jlnfp3zer7xulejywt49kt2rr0vthywaa50xwsq0pdhpc9sunxtmp8qaanlueu5n3u75mkxg2w3n05,,unknown,,bot_like,FAILED_RETRY_EXHAUSTED,PARTIAL,ckb-mainnet-30d-2026-08-31-v1
169,ckb1qzda0cr08m85hc8jlnfp3zer7xulejywt49kt2rr0vthywaa50xwsq0pjpqcp5ztfhfr2ccqe340vwcmskss8uqqm0jvz,,1-10,2,human_like,COMPLETE,INSUFFICIENT_EVIDENCE,ckb-mainnet-30d-2026-08-31-v1
170,ckb1qzda0cr08m85hc8jlnfp3zer7xulejywt49kt2rr0vthywaa50xwsq0pqtmdkm4krzmr2frcwaug2zdndcm9mcgj0lp5q,,1001-5000,4446,bot_like,COMPLETE,INSUFFICIENT_EVIDENCE,ckb-mainnet-30d-2026-08-31-v1
171,ckb1qzda0cr08m85hc8jlnfp3zer7xulejywt49kt2rr0vthywaa50xwsq0pv054z4htt9f4da6kwftf7jewrsagsxgn7hpwf,,1001-5000,1594,bot_like,COMPLETE,INSUFFICIENT_EVIDENCE,ckb-mainnet-30d-2026-08-31-v1
172,ckb1qzda0cr08m85hc8jlnfp3zer7xulejywt49kt2rr0vthywaa50xwsq0q485qey2an63exarx43ev9p3xrftaxys7yxcls,,1-10,2,human_like,COMPLETE,INSUFFICIENT_EVIDENCE,ckb-mainnet-30d-2026-08-31-v1
173,ckb1qzda0cr08m85hc8jlnfp3zer7xulejywt49kt2rr0vthywaa50xwsq0q7j4qlaslzp5hhf78d6xyungvhetzy8cj9wr5a,,11-50,44,human_like,COMPLETE,INSUFFICIENT_EVIDENCE,ckb-mainnet-30d-2026-08-31-v1
174,ckb1qzda0cr08m85hc8jlnfp3zer7xulejywt49kt2rr0vthywaa50xwsq0qer85n4uaq4gaz35uc6nc99svasgexmcymaweu,,unknown,,,COMPLETE,PARTIAL,ckb-mainnet-30d-2026-08-31-v1
175,ckb1qzda0cr08m85hc8jlnfp3zer7xulejywt49kt2rr0vthywaa50xwsq0qk47rqhszdekuue524qgx8e5qq225w9s5qmjze,,unknown,,,FAILED_RETRY_EXHAUSTED,PARTIAL,ckb-mainnet-30d-2026-08-31-v1
176,ckb1qzda0cr08m85hc8jlnfp3zer7xulejywt49kt2rr0vthywaa50xwsq0r0uwh2anx2znsuqqda47yw7pyzxavsag3zwln3,,unknown,,,COMPLETE,PARTIAL,ckb-mainnet-30d-2026-08-31-v1
177,ckb1qzda0cr08m85hc8jlnfp3zer7xulejywt49kt2rr0vthywaa50xwsq0r6u0pkm3j5lhvy5dlqe0wcppr4cftwacwfa6sd,,unknown,,bot_like,FAILED_RETRY_EXHAUSTED,PARTIAL,ckb-mainnet-30d-2026-08-31-v1
178,ckb1qzda0cr08m85hc8jlnfp3zer7xulejywt49kt2rr0vthywaa50xwsq0r9y77vk0sjk3m5t8x2pgp5wlque28mvqetg3vj,,unknown,,,COMPLETE,PARTIAL,ckb-mainnet-30d-2026-08-31-v1
179,ckb1qzda0cr08m85hc8jlnfp3zer7xulejywt49kt2rr0vthywaa50xwsq0rgz8mcc9ws8vv0m33vx8jm9u68knrplqz0m628,,unknown,,,COMPLETE,PARTIAL,ckb-mainnet-30d-2026-08-31-v1
180,ckb1qzda0cr08m85hc8jlnfp3zer7xulejywt49kt2rr0vthywaa50xwsq0rk5lgxzurkxdnq95zcra0lpyax9ja0rqqk8gaz,,unknown,,,COMPLETE,PARTIAL,ckb-mainnet-30d-2026-08-31-v1
181,ckb1qzda0cr08m85hc8jlnfp3zer7xulejywt49kt2rr0vthywaa50xwsq0rljzn0julrpp9l3fgmm9r9r4jz8rax7sgvagwh,,unknown,,,COMPLETE,SUPPORTED,ckb-mainnet-30d-2026-08-31-v1
182,ckb1qzda0cr08m85hc8jlnfp3zer7xulejywt49kt2rr0vthywaa50xwsq0rre7n3l6dg4vynznnguarmfnu696kr6czfgxqm,,11-50,15,human_like,COMPLETE,INSUFFICIENT_EVIDENCE,ckb-mainnet-30d-2026-08-31-v1
183,ckb1qzda0cr08m85hc8jlnfp3zer7xulejywt49kt2rr0vthywaa50xwsq0rrr3az2mu0ncjeqj26du5ymfhtq5l0gcv2rv08,,unknown,,,COMPLETE,PARTIAL,ckb-mainnet-30d-2026-08-31-v1
184,ckb1qzda0cr08m85hc8jlnfp3zer7xulejywt49kt2rr0vthywaa50xwsq0s0kdxjtk6w92mphezmw02vgq8f9c3n2chrrtuk,,51-200,70,human_like,COMPLETE,INSUFFICIENT_EVIDENCE,ckb-mainnet-30d-2026-08-31-v1
185,ckb1qzda0cr08m85hc8jlnfp3zer7xulejywt49kt2rr0vthywaa50xwsq0s2sjs6vxhfxkk22fms3k3tt4c02c9jmc5y4vrm,,unknown,,,FAILED_RETRY_EXHAUSTED,PARTIAL,ckb-mainnet-30d-2026-08-31-v1
186,ckb1qzda0cr08m85hc8jlnfp3zer7xulejywt49kt2rr0vthywaa50xwsq0sc9f6eqnjfm8tn35nxeqtnm43x6aljdqj45cke,,unknown,,bot_like,COMPLETE,PARTIAL,ckb-mainnet-30d-2026-08-31-v1
187,ckb1qzda0cr08m85hc8jlnfp3zer7xulejywt49kt2rr0vthywaa50xwsq0she9la0u4z5zlwj3ckv25cvg6f2kjxmgw9vxx3,,1001-5000,2287,bot_like,COMPLETE,INSUFFICIENT_EVIDENCE,ckb-mainnet-30d-2026-08-31-v1
188,ckb1qzda0cr08m85hc8jlnfp3zer7xulejywt49kt2rr0vthywaa50xwsq0smcdjfuapeu9zuahwrsrtp4qetjgngpg5xr5fq,,unknown,,,COMPLETE,PARTIAL,ckb-mainnet-30d-2026-08-31-v1
189,ckb1qzda0cr08m85hc8jlnfp3zer7xulejywt49kt2rr0vthywaa50xwsq0tc0g06xvj256jx3v9f7ffxsrtfd8zuhqr9cqcg,,1001-5000,2087,bot_like,COMPLETE,INSUFFICIENT_EVIDENCE,ckb-mainnet-30d-2026-08-31-v1
190,ckb1qzda0cr08m85hc8jlnfp3zer7xulejywt49kt2rr0vthywaa50xwsq0tck2vsvttyzk8n8gngr95nqnlx6s5vycpj8w3k,,unknown,,,COMPLETE,PARTIAL,ckb-mainnet-30d-2026-08-31-v1
191,ckb1qzda0cr08m85hc8jlnfp3zer7xulejywt49kt2rr0vthywaa50xwsq0tmqv9558dmffj72454pzkvfx5etm2rsg2jzelt,,1001-5000,1456,bot_like,COMPLETE,INSUFFICIENT_EVIDENCE,ckb-mainnet-30d-2026-08-31-v1
192,ckb1qzda0cr08m85hc8jlnfp3zer7xulejywt49kt2rr0vthywaa50xwsq0tpsqq08mkay9ewrfrdwlcghv62qw704s93hhsj,,5000+,3965614,bot_like,COMPLETE,INSUFFICIENT_EVIDENCE,ckb-mainnet-30d-2026-08-31-v1
193,ckb1qzda0cr08m85hc8jlnfp3zer7xulejywt49kt2rr0vthywaa50xwsq0tqc7zg0a3erg4gan6835q6sn7w4vtnnqftsz8l,,1-10,3,human_like,COMPLETE,INSUFFICIENT_EVIDENCE,ckb-mainnet-30d-2026-08-31-v1
194,ckb1qzda0cr08m85hc8jlnfp3zer7xulejywt49kt2rr0vthywaa50xwsq0u4j72c469enjkklngja9y4c94q6cqyks8c84uv,,unknown,,,COMPLETE,PARTIAL,ckb-mainnet-30d-2026-08-31-v1
195,ckb1qzda0cr08m85hc8jlnfp3zer7xulejywt49kt2rr0vthywaa50xwsq0uddvtx7dvuxl3cyasr6820dwuslmvvnqa8qtus,,11-50,14,human_like,COMPLETE,SUPPORTED,ckb-mainnet-30d-2026-08-31-v1
196,ckb1qzda0cr08m85hc8jlnfp3zer7xulejywt49kt2rr0vthywaa50xwsq0uvd88lln59s8u4rcg3gwzx4t7avza9vsrzpap9,,1-10,7,human_like,COMPLETE,INSUFFICIENT_EVIDENCE,ckb-mainnet-30d-2026-08-31-v1
197,ckb1qzda0cr08m85hc8jlnfp3zer7xulejywt49kt2rr0vthywaa50xwsq0vj3wagz8q49m3khkzum23dqwuhv5furgwqhs52,,unknown,,,FAILED_RETRY_EXHAUSTED,PARTIAL,ckb-mainnet-30d-2026-08-31-v1
198,ckb1qzda0cr08m85hc8jlnfp3zer7xulejywt49kt2rr0vthywaa50xwsq0vqkp4e093a5e6a2t3k08excpc3k74d0qpe0lt0,,1001-5000,1657,bot_like,COMPLETE,PARTIAL,ckb-mainnet-30d-2026-08-31-v1
199,ckb1qzda0cr08m85hc8jlnfp3zer7xulejywt49kt2rr0vthywaa50xwsq0vyjg39dcl6hxdetwjsxdq5ufn94dm9yc6rdshs,,unknown,,,FAILED_RETRY_EXHAUSTED,PARTIAL,ckb-mainnet-30d-2026-08-31-v1
200,ckb1qzda0cr08m85hc8jlnfp3zer7xulejywt49kt2rr0vthywaa50xwsq0vzwrhe2aznrvkq00r477dpzmzdfptfvgt9xx9u,,1001-5000,1498,bot_like,FAILED_RETRY_EXHAUSTED,PARTIAL,ckb-mainnet-30d-2026-08-31-v1
201,ckb1qzda0cr08m85hc8jlnfp3zer7xulejywt49kt2rr0vthywaa50xwsq0w5cger8gkfqrzly29erurag0yrmkx8vgk92dj4,,1001-5000,3270,bot_like,COMPLETE,INSUFFICIENT_EVIDENCE,ckb-mainnet-30d-2026-08-31-v1
202,ckb1qzda0cr08m85hc8jlnfp3zer7xulejywt49kt2rr0vthywaa50xwsq0w5hq42v9hxcvpkn78lvsf20wx2ntek6gw8xg99,,1-10,2,human_like,COMPLETE,INSUFFICIENT_EVIDENCE,ckb-mainnet-30d-2026-08-31-v1
203,ckb1qzda0cr08m85hc8jlnfp3zer7xulejywt49kt2rr0vthywaa50xwsq0w6cnm7hle7fxvua79nw2nelyyzemc8zcrphyge,,unknown,,,COMPLETE,INSUFFICIENT_EVIDENCE,ckb-mainnet-30d-2026-08-31-v1
204,ckb1qzda0cr08m85hc8jlnfp3zer7xulejywt49kt2rr0vthywaa50xwsq0w7teyh77d48krwz2837wwejrppzw905cm588n0,,5000+,1483305,bot_like,COMPLETE,INSUFFICIENT_EVIDENCE,ckb-mainnet-30d-2026-08-31-v1
205,ckb1qzda0cr08m85hc8jlnfp3zer7xulejywt49kt2rr0vthywaa50xwsq0waqpr4l6j5tner8x2wtpup932dkl662cl3rmn9,,1-10,1,human_like,COMPLETE,INSUFFICIENT_EVIDENCE,ckb-mainnet-30d-2026-08-31-v1
206,ckb1qzda0cr08m85hc8jlnfp3zer7xulejywt49kt2rr0vthywaa50xwsq0wlyxvzqxl0p7y2etl45uarxww37p9x7gz7k0hq,,1-10,2,human_like,COMPLETE,INSUFFICIENT_EVIDENCE,ckb-mainnet-30d-2026-08-31-v1
207,ckb1qzda0cr08m85hc8jlnfp3zer7xulejywt49kt2rr0vthywaa50xwsq0wvtsw4tryz04jxrr65wew5lfdcxypzlcgevcrd,,1-10,2,human_like,COMPLETE,INSUFFICIENT_EVIDENCE,ckb-mainnet-30d-2026-08-31-v1
208,ckb1qzda0cr08m85hc8jlnfp3zer7xulejywt49kt2rr0vthywaa50xwsq0ww9n0ex40pmhtz6ltslng7rtl35w96nszujfva,,unknown,,,COMPLETE,PARTIAL,ckb-mainnet-30d-2026-08-31-v1
209,ckb1qzda0cr08m85hc8jlnfp3zer7xulejywt49kt2rr0vthywaa50xwsq0wzyrefxu9nctwv7ykp96pgpw9ustvdgss2aaev,,5000+,266056,bot_like,COMPLETE,INSUFFICIENT_EVIDENCE,ckb-mainnet-30d-2026-08-31-v1
210,ckb1qzda0cr08m85hc8jlnfp3zer7xulejywt49kt2rr0vthywaa50xwsq0x3yrv8qls62mqeylsvmzp5cqpmvy8quq7autul,,unknown,,,COMPLETE,PARTIAL,ckb-mainnet-30d-2026-08-31-v1
211,ckb1qzda0cr08m85hc8jlnfp3zer7xulejywt49kt2rr0vthywaa50xwsq0xelq2n2enr2zzqjhymap9k3mjwea3nfcywjcvf,,5000+,265212,bot_like,COMPLETE,INSUFFICIENT_EVIDENCE,ckb-mainnet-30d-2026-08-31-v1
212,ckb1qzda0cr08m85hc8jlnfp3zer7xulejywt49kt2rr0vthywaa50xwsq0xm5pnqls5mls030v7q9l2k5aksglcvjgge7vq8,,unknown,,,COMPLETE,PARTIAL,ckb-mainnet-30d-2026-08-31-v1
213,ckb1qzda0cr08m85hc8jlnfp3zer7xulejywt49kt2rr0vthywaa50xwsq0xtd3e8c9wcj8swd2swg90w95u6xt3zsqzdnx7r,,unknown,,,COMPLETE,PARTIAL,ckb-mainnet-30d-2026-08-31-v1
214,ckb1qzda0cr08m85hc8jlnfp3zer7xulejywt49kt2rr0vthywaa50xwsq0xz88g9vckq3vp47c4nakj2g7ugslm2acl45l9r,,unknown,,,COMPLETE,PARTIAL,ckb-mainnet-30d-2026-08-31-v1
215,ckb1qzda0cr08m85hc8jlnfp3zer7xulejywt49kt2rr0vthywaa50xwsq0y6r5a4py64gccqrd77qvuhr8v3d2xfjcnrz45r,,unknown,,,COMPLETE,PARTIAL,ckb-mainnet-30d-2026-08-31-v1
216,ckb1qzda0cr08m85hc8jlnfp3zer7xulejywt49kt2rr0vthywaa50xwsq0y8vr6jd8jg8fg576su907xqcdazsf65q20s3zy,,1-10,4,human_like,COMPLETE,INSUFFICIENT_EVIDENCE,ckb-mainnet-30d-2026-08-31-v1
217,ckb1qzda0cr08m85hc8jlnfp3zer7xulejywt49kt2rr0vthywaa50xwsq0y9wlz9hgd8yt8rtckqxejvja2wtde45sxllrnv,,1001-5000,1944,bot_like,COMPLETE,INSUFFICIENT_EVIDENCE,ckb-mainnet-30d-2026-08-31-v1
218,ckb1qzda0cr08m85hc8jlnfp3zer7xulejywt49kt2rr0vthywaa50xwsq0yagawpkdal8gysxt2jymqx3te0znzm3gdefnjd,,11-50,40,human_like,COMPLETE,INSUFFICIENT_EVIDENCE,ckb-mainnet-30d-2026-08-31-v1
219,ckb1qzda0cr08m85hc8jlnfp3zer7xulejywt49kt2rr0vthywaa50xwsq0ys4atwqxfye2pcej445epmx9v6tdhxrgvzyxul,,1-10,3,human_like,COMPLETE,INSUFFICIENT_EVIDENCE,ckb-mainnet-30d-2026-08-31-v1
220,ckb1qzda0cr08m85hc8jlnfp3zer7xulejywt49kt2rr0vthywaa50xwsq0z3cryxyjf4df3u2p4t4t2ujzhwa74wpga7me7t,,5000+,17627,bot_like,COMPLETE,INSUFFICIENT_EVIDENCE,ckb-mainnet-30d-2026-08-31-v1
221,ckb1qzda0cr08m85hc8jlnfp3zer7xulejywt49kt2rr0vthywaa50xwsq0z6aytm8n2hmlggs88jguhuekkk9zq8hgaew60w,,unknown,,,COMPLETE,PARTIAL,ckb-mainnet-30d-2026-08-31-v1
222,ckb1qzda0cr08m85hc8jlnfp3zer7xulejywt49kt2rr0vthywaa50xwsq0z6h6nlju0mcdp0ny0sx77tmu6j2700lqkdeakp,,201-500,249,,COMPLETE,PARTIAL,ckb-mainnet-30d-2026-08-31-v1
223,ckb1qzda0cr08m85hc8jlnfp3zer7xulejywt49kt2rr0vthywaa50xwsq0z799mwernws5tt7me85kr63jauldckkcpdyx4t,,unknown,,,COMPLETE,PARTIAL,ckb-mainnet-30d-2026-08-31-v1
224,ckb1qzda0cr08m85hc8jlnfp3zer7xulejywt49kt2rr0vthywaa50xwsq0zf2s0pke9a2nul6vhurkanmft0nx57mcuqadmm,,unknown,,,COMPLETE,PARTIAL,ckb-mainnet-30d-2026-08-31-v1
225,ckb1qzda0cr08m85hc8jlnfp3zer7xulejywt49kt2rr0vthywaa50xwsq0zf4en4fgtca43keddnkq7kts8tqdlyfgqf7mxx,,1-10,4,human_like,COMPLETE,INSUFFICIENT_EVIDENCE,ckb-mainnet-30d-2026-08-31-v1
226,ckb1qzda0cr08m85hc8jlnfp3zer7xulejywt49kt2rr0vthywaa50xwsq20gymh8hj0295y4sexft6t8u07c87txyg4y75m0,,unknown,,,COMPLETE,PARTIAL,ckb-mainnet-30d-2026-08-31-v1
227,ckb1qzda0cr08m85hc8jlnfp3zer7xulejywt49kt2rr0vthywaa50xwsq20k6na5zxh7ska80rl4x6cvu5269q8whsdasfzf,,unknown,,,COMPLETE,PARTIAL,ckb-mainnet-30d-2026-08-31-v1
228,ckb1qzda0cr08m85hc8jlnfp3zer7xulejywt49kt2rr0vthywaa50xwsq20u0ncxwckqw79c9f9kev5mlckwsmj8psnrz4u4,,unknown,,,COMPLETE,PARTIAL,ckb-mainnet-30d-2026-08-31-v1
229,ckb1qzda0cr08m85hc8jlnfp3zer7xulejywt49kt2rr0vthywaa50xwsq20y2fdrsxsg9d2ze0mnmjq9lyy3rdmdpq736f0p,,unknown,,,COMPLETE,PARTIAL,ckb-mainnet-30d-2026-08-31-v1
230,ckb1qzda0cr08m85hc8jlnfp3zer7xulejywt49kt2rr0vthywaa50xwsq22vda73jzdlu3lf6luskzcjz7z5ksa58stp95p5,,unknown,,,COMPLETE,PARTIAL,ckb-mainnet-30d-2026-08-31-v1
231,ckb1qzda0cr08m85hc8jlnfp3zer7xulejywt49kt2rr0vthywaa50xwsq22xdj8q4jdql98qkdhnqzgrsk4nqyavdcratvu9,,5000+,3279450,bot_like,COMPLETE,INSUFFICIENT_EVIDENCE,ckb-mainnet-30d-2026-08-31-v1
232,ckb1qzda0cr08m85hc8jlnfp3zer7xulejywt49kt2rr0vthywaa50xwsq238c5e34lfkzag3r9mnzxkw2j5kv3dd9qm83gxr,,5000+,96054,bot_like,COMPLETE,INSUFFICIENT_EVIDENCE,ckb-mainnet-30d-2026-08-31-v1
233,ckb1qzda0cr08m85hc8jlnfp3zer7xulejywt49kt2rr0vthywaa50xwsq23h24ts4fzu5nu799amfkhkc85t28qc8ghp5r90,,1001-5000,1842,bot_like,COMPLETE,INSUFFICIENT_EVIDENCE,ckb-mainnet-30d-2026-08-31-v1
234,ckb1qzda0cr08m85hc8jlnfp3zer7xulejywt49kt2rr0vthywaa50xwsq23j637de7ulapxyn0h2kl2784uhrv6whg2708tp,,unknown,,,COMPLETE,PARTIAL,ckb-mainnet-30d-2026-08-31-v1
235,ckb1qzda0cr08m85hc8jlnfp3zer7xulejywt49kt2rr0vthywaa50xwsq23ylk2ds3ljwawtj47npyhqersnxamxjssl8vaq,,1001-5000,1994,bot_like,COMPLETE,PARTIAL,ckb-mainnet-30d-2026-08-31-v1
236,ckb1qzda0cr08m85hc8jlnfp3zer7xulejywt49kt2rr0vthywaa50xwsq247yrzkaul6mzgfrs74hr5t7q0l3ak8ugacfdq9,,501-1000,612,,COMPLETE,PARTIAL,ckb-mainnet-30d-2026-08-31-v1
237,ckb1qzda0cr08m85hc8jlnfp3zer7xulejywt49kt2rr0vthywaa50xwsq249ycy43yg6hc7uuzctnk867tfs6kueug3t57t5,,1-10,3,human_like,COMPLETE,INSUFFICIENT_EVIDENCE,ckb-mainnet-30d-2026-08-31-v1
238,ckb1qzda0cr08m85hc8jlnfp3zer7xulejywt49kt2rr0vthywaa50xwsq24gc9d5g84nhsdefwn3a0yvznuvwdqdzsxwzmtk,,1-10,2,human_like,COMPLETE,INSUFFICIENT_EVIDENCE,ckb-mainnet-30d-2026-08-31-v1
239,ckb1qzda0cr08m85hc8jlnfp3zer7xulejywt49kt2rr0vthywaa50xwsq24lkhzx2ryev7m806kurrjtxtzpe9uqjcj0w087,,5000+,7352,bot_like,COMPLETE,INSUFFICIENT_EVIDENCE,ckb-mainnet-30d-2026-08-31-v1
240,ckb1qzda0cr08m85hc8jlnfp3zer7xulejywt49kt2rr0vthywaa50xwsq24qy8a3esyfvy8nu68pphmwsn8yaa653c9klmac,,11-50,11,human_like,COMPLETE,PARTIAL,ckb-mainnet-30d-2026-08-31-v1
241,ckb1qzda0cr08m85hc8jlnfp3zer7xulejywt49kt2rr0vthywaa50xwsq24scr6mpupq6x6arqdwz5ufzfa8skkcccm8ryrr,,unknown,,,COMPLETE,PARTIAL,ckb-mainnet-30d-2026-08-31-v1
242,ckb1qzda0cr08m85hc8jlnfp3zer7xulejywt49kt2rr0vthywaa50xwsq258cy8km6ddpzdassg6ksjqjvdr3c0aeqavzlpd,,unknown,,,COMPLETE,PARTIAL,ckb-mainnet-30d-2026-08-31-v1
243,ckb1qzda0cr08m85hc8jlnfp3zer7xulejywt49kt2rr0vthywaa50xwsq258tee40n8kuyqgcleve2z46h0wacml4gmt9drn,,1001-5000,1902,bot_like,COMPLETE,INSUFFICIENT_EVIDENCE,ckb-mainnet-30d-2026-08-31-v1
244,ckb1qzda0cr08m85hc8jlnfp3zer7xulejywt49kt2rr0vthywaa50xwsq25ekf709e7prrq548fkhmqdpr0lp56sjquw2a9v,,unknown,,,FAILED_RETRY_EXHAUSTED,PARTIAL,ckb-mainnet-30d-2026-08-31-v1
245,ckb1qzda0cr08m85hc8jlnfp3zer7xulejywt49kt2rr0vthywaa50xwsq25kj6kupzglv5kwcqh54mmm0vd830lt2quf2fvf,,unknown,,,COMPLETE,PARTIAL,ckb-mainnet-30d-2026-08-31-v1
246,ckb1qzda0cr08m85hc8jlnfp3zer7xulejywt49kt2rr0vthywaa50xwsq267kk27maadm0c09luxfqgfacyt70arugh7lh8k,,unknown,,,COMPLETE,PARTIAL,ckb-mainnet-30d-2026-08-31-v1
247,ckb1qzda0cr08m85hc8jlnfp3zer7xulejywt49kt2rr0vthywaa50xwsq26xzankvzzjswhy449c3y76vnmm8fngrcvqcl6s,,unknown,,,COMPLETE,INSUFFICIENT_EVIDENCE,ckb-mainnet-30d-2026-08-31-v1
248,ckb1qzda0cr08m85hc8jlnfp3zer7xulejywt49kt2rr0vthywaa50xwsq270p8pvg8y2nugwcsq9syredeq5ee5mxq2x87jl,,201-500,285,,COMPLETE,PARTIAL,ckb-mainnet-30d-2026-08-31-v1
249,ckb1qzda0cr08m85hc8jlnfp3zer7xulejywt49kt2rr0vthywaa50xwsq270spcwvhxfszfmq9sh25v9sum044spls2uf332,,unknown,,,COMPLETE,PARTIAL,ckb-mainnet-30d-2026-08-31-v1
250,ckb1qzda0cr08m85hc8jlnfp3zer7xulejywt49kt2rr0vthywaa50xwsq272xupqa54z4q8z05qt2fywfvdcuxd4dqku7vr4,,unknown,,,COMPLETE,PARTIAL,ckb-mainnet-30d-2026-08-31-v1
251,ckb1qzda0cr08m85hc8jlnfp3zer7xulejywt49kt2rr0vthywaa50xwsq275qqezzkctq0pmqnqusmtrlgudeulpfgn9p2y9,,1-10,2,human_like,COMPLETE,INSUFFICIENT_EVIDENCE,ckb-mainnet-30d-2026-08-31-v1
252,ckb1qzda0cr08m85hc8jlnfp3zer7xulejywt49kt2rr0vthywaa50xwsq275zthc09tdzvgzlycvrl8p5n2ea2e7as0q8aes,,unknown,,,COMPLETE,PARTIAL,ckb-mainnet-30d-2026-08-31-v1
253,ckb1qzda0cr08m85hc8jlnfp3zer7xulejywt49kt2rr0vthywaa50xwsq27hu6zh0dn2w848xsrkt3303mj79ym6fqdw7xqn,,unknown,,,COMPLETE,PARTIAL,ckb-mainnet-30d-2026-08-31-v1
254,ckb1qzda0cr08m85hc8jlnfp3zer7xulejywt49kt2rr0vthywaa50xwsq27vs4t73m5ncv6vk0funkzgw6jvvkdncqucekr9,,1-10,1,human_like,COMPLETE,INSUFFICIENT_EVIDENCE,ckb-mainnet-30d-2026-08-31-v1
255,ckb1qzda0cr08m85hc8jlnfp3zer7xulejywt49kt2rr0vthywaa50xwsq2889chd4cvma2qm596nyf5vsn2nen7pscsryh9r,,1-10,1,human_like,COMPLETE,INSUFFICIENT_EVIDENCE,ckb-mainnet-30d-2026-08-31-v1
256,ckb1qzda0cr08m85hc8jlnfp3zer7xulejywt49kt2rr0vthywaa50xwsq28mnlmvrj32s9m5vgk0r775zxtf2r2dusrj666v,,unknown,,,FAILED_RETRY_EXHAUSTED,PARTIAL,ckb-mainnet-30d-2026-08-31-v1
257,ckb1qzda0cr08m85hc8jlnfp3zer7xulejywt49kt2rr0vthywaa50xwsq28ps4hf8swzexa6ky8dp2q540tsrvz60qt2wtqk,,unknown,,,COMPLETE,PARTIAL,ckb-mainnet-30d-2026-08-31-v1
258,ckb1qzda0cr08m85hc8jlnfp3zer7xulejywt49kt2rr0vthywaa50xwsq298q6vfh7z6allgp2ty42k6yd49vap8ysn494ka,,unknown,,,COMPLETE,PARTIAL,ckb-mainnet-30d-2026-08-31-v1
259,ckb1qzda0cr08m85hc8jlnfp3zer7xulejywt49kt2rr0vthywaa50xwsq29kqmgkuplk5r7j3h8tjdex4cruvfzkfcmnttus,,1001-5000,2013,bot_like,COMPLETE,INSUFFICIENT_EVIDENCE,ckb-mainnet-30d-2026-08-31-v1
260,ckb1qzda0cr08m85hc8jlnfp3zer7xulejywt49kt2rr0vthywaa50xwsq2a3rkkew82ndcevnntqzrzq22x6d2a0egtm5ayt,,1001-5000,1853,bot_like,COMPLETE,INSUFFICIENT_EVIDENCE,ckb-mainnet-30d-2026-08-31-v1
261,ckb1qzda0cr08m85hc8jlnfp3zer7xulejywt49kt2rr0vthywaa50xwsq2aauj9xs25kff4dlkgydl9zs7ytyx8lgs0w28r7,,5000+,10552,bot_like,COMPLETE,INSUFFICIENT_EVIDENCE,ckb-mainnet-30d-2026-08-31-v1
262,ckb1qzda0cr08m85hc8jlnfp3zer7xulejywt49kt2rr0vthywaa50xwsq2afukzm50d9e2lf4kcj2ueel37hrv2fhqm3cw0e,,1-10,2,human_like,COMPLETE,INSUFFICIENT_EVIDENCE,ckb-mainnet-30d-2026-08-31-v1
263,ckb1qzda0cr08m85hc8jlnfp3zer7xulejywt49kt2rr0vthywaa50xwsq2akxm0aqm8896a8ma4x7tsj0nugj4ldmg9egwhg,,unknown,,,COMPLETE,PARTIAL,ckb-mainnet-30d-2026-08-31-v1
264,ckb1qzda0cr08m85hc8jlnfp3zer7xulejywt49kt2rr0vthywaa50xwsq2avras5exc632a794vzxp4cflqny59w2g4ytdca,,1001-5000,1596,bot_like,COMPLETE,INSUFFICIENT_EVIDENCE,ckb-mainnet-30d-2026-08-31-v1
265,ckb1qzda0cr08m85hc8jlnfp3zer7xulejywt49kt2rr0vthywaa50xwsq2avwaksfsgf3ths5hjh5sl4ema0pazc6q48umuh,,1001-5000,1614,bot_like,FAILED_RETRY_EXHAUSTED,PARTIAL,ckb-mainnet-30d-2026-08-31-v1
266,ckb1qzda0cr08m85hc8jlnfp3zer7xulejywt49kt2rr0vthywaa50xwsq2cdr6jzphx2r5y02rkrlh84f4aes20mcc4569tl,,unknown,,,COMPLETE,PARTIAL,ckb-mainnet-30d-2026-08-31-v1
267,ckb1qzda0cr08m85hc8jlnfp3zer7xulejywt49kt2rr0vthywaa50xwsq2cf62jx0mk0t2c2xdrgmy43rqumz8t0gsvd6jh7,,1001-5000,3244,bot_like,COMPLETE,INSUFFICIENT_EVIDENCE,ckb-mainnet-30d-2026-08-31-v1
268,ckb1qzda0cr08m85hc8jlnfp3zer7xulejywt49kt2rr0vthywaa50xwsq2cq7k6zqqnna55dzwd32rxjkajthgqr2clgqu5w,,unknown,,,COMPLETE,PARTIAL,ckb-mainnet-30d-2026-08-31-v1
269,ckb1qzda0cr08m85hc8jlnfp3zer7xulejywt49kt2rr0vthywaa50xwsq2cte26209d9uf8efuawf7zykhdxhggjjsr8msdw,,1001-5000,1243,bot_like,COMPLETE,INSUFFICIENT_EVIDENCE,ckb-mainnet-30d-2026-08-31-v1
270,ckb1qzda0cr08m85hc8jlnfp3zer7xulejywt49kt2rr0vthywaa50xwsq2culu97w22ynx43q2fugt0mlgvtd6ryqsnvdnxh,,1-10,3,human_like,COMPLETE,INSUFFICIENT_EVIDENCE,ckb-mainnet-30d-2026-08-31-v1
271,ckb1qzda0cr08m85hc8jlnfp3zer7xulejywt49kt2rr0vthywaa50xwsq2cuyv9jneeqnv44sk0f07847q6zs3dvzcucfrqs,,1-10,2,human_like,COMPLETE,INSUFFICIENT_EVIDENCE,ckb-mainnet-30d-2026-08-31-v1
272,ckb1qzda0cr08m85hc8jlnfp3zer7xulejywt49kt2rr0vthywaa50xwsq2czvm3xs4y353l9hfh4k8u0a5a3fpvwysp4mlc0,,1001-5000,1904,bot_like,COMPLETE,INSUFFICIENT_EVIDENCE,ckb-mainnet-30d-2026-08-31-v1
273,ckb1qzda0cr08m85hc8jlnfp3zer7xulejywt49kt2rr0vthywaa50xwsq2da0jqygw442724a22vmvse55pez5zw4qtj3mmg,,51-200,104,,COMPLETE,PARTIAL,ckb-mainnet-30d-2026-08-31-v1
274,ckb1qzda0cr08m85hc8jlnfp3zer7xulejywt49kt2rr0vthywaa50xwsq2dd47x6gyv9e8yydyzxkhu7h6d3ccjlec3aatnw,,unknown,,,COMPLETE,INSUFFICIENT_EVIDENCE,ckb-mainnet-30d-2026-08-31-v1
275,ckb1qzda0cr08m85hc8jlnfp3zer7xulejywt49kt2rr0vthywaa50xwsq2dn39wdkj33e7v03mx3mg6raqh365hpnqp2nq6r,,unknown,,,COMPLETE,PARTIAL,ckb-mainnet-30d-2026-08-31-v1
276,ckb1qzda0cr08m85hc8jlnfp3zer7xulejywt49kt2rr0vthywaa50xwsq2e0epw8crx5qg3qz0v43fy5mql74jketq6hmau6,,1001-5000,1302,bot_like,COMPLETE,INSUFFICIENT_EVIDENCE,ckb-mainnet-30d-2026-08-31-v1
277,ckb1qzda0cr08m85hc8jlnfp3zer7xulejywt49kt2rr0vthywaa50xwsq2e24fahnvezveh6ahwsumwnuw7hmkpr3s4lsy46,,1-10,2,human_like,COMPLETE,INSUFFICIENT_EVIDENCE,ckb-mainnet-30d-2026-08-31-v1
278,ckb1qzda0cr08m85hc8jlnfp3zer7xulejywt49kt2rr0vthywaa50xwsq2e40m42jt876ax22n8eyqsctctcknehgstx3wvk,,1-10,2,human_like,COMPLETE,INSUFFICIENT_EVIDENCE,ckb-mainnet-30d-2026-08-31-v1
279,ckb1qzda0cr08m85hc8jlnfp3zer7xulejywt49kt2rr0vthywaa50xwsq2e7teagdtnarf320ckuekrnpcdc4uzpdscj99tg,,1001-5000,2540,bot_like,COMPLETE,INSUFFICIENT_EVIDENCE,ckb-mainnet-30d-2026-08-31-v1
280,ckb1qzda0cr08m85hc8jlnfp3zer7xulejywt49kt2rr0vthywaa50xwsq2efq967zf7uw4g2nazz6mwal8ehl3yfrgn5r9vq,,unknown,,,COMPLETE,PARTIAL,ckb-mainnet-30d-2026-08-31-v1
281,ckb1qzda0cr08m85hc8jlnfp3zer7xulejywt49kt2rr0vthywaa50xwsq2ejd8f7wnaln83fx7u8g5tr0sv8jpuwpqdfm05a,,unknown,,bot_like,COMPLETE,PARTIAL,ckb-mainnet-30d-2026-08-31-v1
282,ckb1qzda0cr08m85hc8jlnfp3zer7xulejywt49kt2rr0vthywaa50xwsq2emn0uxk7ch03desrc0r0pc66ukaz6p8ghpddey,,unknown,,,COMPLETE,PARTIAL,ckb-mainnet-30d-2026-08-31-v1
283,ckb1qzda0cr08m85hc8jlnfp3zer7xulejywt49kt2rr0vthywaa50xwsq2eqg5mtlwgsjzpwjel4kdtlyamfyflfwshadjmx,,1001-5000,2067,bot_like,COMPLETE,INSUFFICIENT_EVIDENCE,ckb-mainnet-30d-2026-08-31-v1
284,ckb1qzda0cr08m85hc8jlnfp3zer7xulejywt49kt2rr0vthywaa50xwsq2euh7k90hhj7v75y8kjxlm0qgtg8pdxjqqktt4m,,unknown,,,FAILED_RETRY_EXHAUSTED,PARTIAL,ckb-mainnet-30d-2026-08-31-v1
285,ckb1qzda0cr08m85hc8jlnfp3zer7xulejywt49kt2rr0vthywaa50xwsq2evwcurnqel0euyf4s2pgkut48dgp7fsg3tdhrk,,501-1000,820,,COMPLETE,PARTIAL,ckb-mainnet-30d-2026-08-31-v1
286,ckb1qzda0cr08m85hc8jlnfp3zer7xulejywt49kt2rr0vthywaa50xwsq2fdtshag9h5z8q7qy6v4hu6lpzvejmg7sp9a6kf,,unknown,,,COMPLETE,PARTIAL,ckb-mainnet-30d-2026-08-31-v1
287,ckb1qzda0cr08m85hc8jlnfp3zer7xulejywt49kt2rr0vthywaa50xwsq2fwvu3c3vnh3pnrnynrn3zqzmsu7shaxg5tcdyt,,5000+,20360,bot_like,COMPLETE,INSUFFICIENT_EVIDENCE,ckb-mainnet-30d-2026-08-31-v1
288,ckb1qzda0cr08m85hc8jlnfp3zer7xulejywt49kt2rr0vthywaa50xwsq2g7t7wtgqxq0528gsnsprw8adlz7mvpncn6cxdt,,1001-5000,1564,bot_like,COMPLETE,INSUFFICIENT_EVIDENCE,ckb-mainnet-30d-2026-08-31-v1
289,ckb1qzda0cr08m85hc8jlnfp3zer7xulejywt49kt2rr0vthywaa50xwsq2gxfhv94tp8sc29c5xhsuttgk4hhpp2nq2mt7ff,,unknown,,,COMPLETE,PARTIAL,ckb-mainnet-30d-2026-08-31-v1
290,ckb1qzda0cr08m85hc8jlnfp3zer7xulejywt49kt2rr0vthywaa50xwsq2gy9cran4y9nmyuvaqzpea2kvks63swwqlqlpl5,,unknown,,,COMPLETE,PARTIAL,ckb-mainnet-30d-2026-08-31-v1
291,ckb1qzda0cr08m85hc8jlnfp3zer7xulejywt49kt2rr0vthywaa50xwsq2h36kp26fly5n2huuc446dc3rzhunq2nsesxffv,,unknown,,,COMPLETE,PARTIAL,ckb-mainnet-30d-2026-08-31-v1
292,ckb1qzda0cr08m85hc8jlnfp3zer7xulejywt49kt2rr0vthywaa50xwsq2hh36z6qmk3vjqha2lv9vykuxwexsaazqx40dhd,,unknown,,,FAILED_RETRY_EXHAUSTED,PARTIAL,ckb-mainnet-30d-2026-08-31-v1
293,ckb1qzda0cr08m85hc8jlnfp3zer7xulejywt49kt2rr0vthywaa50xwsq2hhwwfmxw3e2v6wya8kjw4wc7vlz9jqmgfk8t3y,,11-50,32,human_like,COMPLETE,INSUFFICIENT_EVIDENCE,ckb-mainnet-30d-2026-08-31-v1
294,ckb1qzda0cr08m85hc8jlnfp3zer7xulejywt49kt2rr0vthywaa50xwsq2j02vr6g0w9839ptv6m6qr8r3ddzq2x3qjp5nuw,,1001-5000,1560,bot_like,COMPLETE,INSUFFICIENT_EVIDENCE,ckb-mainnet-30d-2026-08-31-v1
295,ckb1qzda0cr08m85hc8jlnfp3zer7xulejywt49kt2rr0vthywaa50xwsq2jrflqx0dneevp0v6ssznw8ry6aj8laxcuh9svs,,unknown,,,COMPLETE,PARTIAL,ckb-mainnet-30d-2026-08-31-v1
296,ckb1qzda0cr08m85hc8jlnfp3zer7xulejywt49kt2rr0vthywaa50xwsq2k3fxq87k84uvjlx93f6kjgfllm0uasqge8xsjk,,unknown,,,FAILED_RETRY_EXHAUSTED,PARTIAL,ckb-mainnet-30d-2026-08-31-v1
297,ckb1qzda0cr08m85hc8jlnfp3zer7xulejywt49kt2rr0vthywaa50xwsq2k7w0yl67ft05fyk4qrjfx3gfemp25pcsvpyj40,,unknown,,bot_like,FAILED_RETRY_EXHAUSTED,PARTIAL,ckb-mainnet-30d-2026-08-31-v1
298,ckb1qzda0cr08m85hc8jlnfp3zer7xulejywt49kt2rr0vthywaa50xwsq2knh0gfpas59yxcp9hhl6dl22tztaxtwg5e4yru,,5000+,7446,bot_like,COMPLETE,INSUFFICIENT_EVIDENCE,ckb-mainnet-30d-2026-08-31-v1
299,ckb1qzda0cr08m85hc8jlnfp3zer7xulejywt49kt2rr0vthywaa50xwsq2ku65a3majew8emwdz60lvu64h6jx8lwsqh9wnz,,5000+,6950,bot_like,COMPLETE,INSUFFICIENT_EVIDENCE,ckb-mainnet-30d-2026-08-31-v1
300,ckb1qzda0cr08m85hc8jlnfp3zer7xulejywt49kt2rr0vthywaa50xwsq2kv9ul6hjx0yuw490vs9mn789uz6fv5rqgw9r8v,,1001-5000,4618,bot_like,COMPLETE,INSUFFICIENT_EVIDENCE,ckb-mainnet-30d-2026-08-31-v1
301,ckb1qzda0cr08m85hc8jlnfp3zer7xulejywt49kt2rr0vthywaa50xwsq2kyqv4g2e0y5zkz5akwencfv5sjllu9fgl7psfq,,1-10,1,human_like,COMPLETE,INSUFFICIENT_EVIDENCE,ckb-mainnet-30d-2026-08-31-v1
302,ckb1qzda0cr08m85hc8jlnfp3zer7xulejywt49kt2rr0vthywaa50xwsq2lfh4w2sguefdcw8fmehy5fpaenhehr9cped0e2,,unknown,,,COMPLETE,PARTIAL,ckb-mainnet-30d-2026-08-31-v1
303,ckb1qzda0cr08m85hc8jlnfp3zer7xulejywt49kt2rr0vthywaa50xwsq2mj7v7ut0alqkx38qgu393dw8lafafq0qwnqaxs,,unknown,,,COMPLETE,PARTIAL,ckb-mainnet-30d-2026-08-31-v1
304,ckb1qzda0cr08m85hc8jlnfp3zer7xulejywt49kt2rr0vthywaa50xwsq2mu7xj6mj90s8dxxnuqxyty72rg72ydzscwk9vf,,201-500,234,,COMPLETE,PARTIAL,ckb-mainnet-30d-2026-08-31-v1
305,ckb1qzda0cr08m85hc8jlnfp3zer7xulejywt49kt2rr0vthywaa50xwsq2n7pqmhqlygzfhe9y2pfegeeqzlgkvfkqkaaams,,unknown,,,FAILED_RETRY_EXHAUSTED,PARTIAL,ckb-mainnet-30d-2026-08-31-v1
306,ckb1qzda0cr08m85hc8jlnfp3zer7xulejywt49kt2rr0vthywaa50xwsq2ne4yj30svjzvvdcmd96qhfvepdx6pfcs09q7zl,,unknown,,,COMPLETE,PARTIAL,ckb-mainnet-30d-2026-08-31-v1
307,ckb1qzda0cr08m85hc8jlnfp3zer7xulejywt49kt2rr0vthywaa50xwsq2nku3pd5gl7m6pp0cdx7m9gk2t9pswywqcqwjch,,unknown,,,COMPLETE,PARTIAL,ckb-mainnet-30d-2026-08-31-v1
308,ckb1qzda0cr08m85hc8jlnfp3zer7xulejywt49kt2rr0vthywaa50xwsq2nwlee8epequkd94qh3k5uymjqxgvfktgxl9jd3,,unknown,,,COMPLETE,PARTIAL,ckb-mainnet-30d-2026-08-31-v1
309,ckb1qzda0cr08m85hc8jlnfp3zer7xulejywt49kt2rr0vthywaa50xwsq2pgrf442dam0aa0l8gd2s8jlxfu7hha3c7hg4qq,,1001-5000,3080,bot_like,COMPLETE,SUPPORTED,ckb-mainnet-30d-2026-08-31-v1
310,ckb1qzda0cr08m85hc8jlnfp3zer7xulejywt49kt2rr0vthywaa50xwsq2pnp7gglp8clvahem5mpf7wmr0pjk5krgf4lwf2,,unknown,,,COMPLETE,PARTIAL,ckb-mainnet-30d-2026-08-31-v1
311,ckb1qzda0cr08m85hc8jlnfp3zer7xulejywt49kt2rr0vthywaa50xwsq2prq2k834rpmfxkcxdkly70x9k3dzrtucjuu3nh,,unknown,,,COMPLETE,INSUFFICIENT_EVIDENCE,ckb-mainnet-30d-2026-08-31-v1
312,ckb1qzda0cr08m85hc8jlnfp3zer7xulejywt49kt2rr0vthywaa50xwsq2pt4lv34jusjxk0h0vlswce6euuc9f6dgte8p33,,11-50,17,human_like,COMPLETE,INSUFFICIENT_EVIDENCE,ckb-mainnet-30d-2026-08-31-v1
313,ckb1qzda0cr08m85hc8jlnfp3zer7xulejywt49kt2rr0vthywaa50xwsq2qje0r5vg9pzmpz4uqt7fw32qvcp4a8cc7deems,,unknown,,,FAILED_RETRY_EXHAUSTED,PARTIAL,ckb-mainnet-30d-2026-08-31-v1
314,ckb1qzda0cr08m85hc8jlnfp3zer7xulejywt49kt2rr0vthywaa50xwsq2qjj3mqkrdhzuga2qfzf72ma38xhpsaasfj3trw,,unknown,,,COMPLETE,PARTIAL,ckb-mainnet-30d-2026-08-31-v1
315,ckb1qzda0cr08m85hc8jlnfp3zer7xulejywt49kt2rr0vthywaa50xwsq2qq5zmvacvrht6g5w35hgdg4mhcxcu5hgu2f8qe,,unknown,,,COMPLETE,PARTIAL,ckb-mainnet-30d-2026-08-31-v1
316,ckb1qzda0cr08m85hc8jlnfp3zer7xulejywt49kt2rr0vthywaa50xwsq2qtfq8zdd9rs86hslwh8j4h8qjk6r3e6s0k50ul,,201-500,314,,COMPLETE,PARTIAL,ckb-mainnet-30d-2026-08-31-v1
317,ckb1qzda0cr08m85hc8jlnfp3zer7xulejywt49kt2rr0vthywaa50xwsq2qxj6t4tvw89fzmw2m5j43n9glh7h2jzq90qw40,,unknown,,,COMPLETE,PARTIAL,ckb-mainnet-30d-2026-08-31-v1
318,ckb1qzda0cr08m85hc8jlnfp3zer7xulejywt49kt2rr0vthywaa50xwsq2rsu67gzxhacdwpzfyc0gc5q9vgr6aztc6y5n8c,,unknown,,,COMPLETE,SUPPORTED,ckb-mainnet-30d-2026-08-31-v1
319,ckb1qzda0cr08m85hc8jlnfp3zer7xulejywt49kt2rr0vthywaa50xwsq2rv2ln77sfue9zmr4uemppw6e6cqch00sz7curl,,unknown,,,COMPLETE,PARTIAL,ckb-mainnet-30d-2026-08-31-v1
320,ckb1qzda0cr08m85hc8jlnfp3zer7xulejywt49kt2rr0vthywaa50xwsq2s5yg0ax2ej7n9l0xkhrral8ceuaahp7cx9s233,,unknown,,,FAILED_RETRY_EXHAUSTED,PARTIAL,ckb-mainnet-30d-2026-08-31-v1
321,ckb1qzda0cr08m85hc8jlnfp3zer7xulejywt49kt2rr0vthywaa50xwsq2s6dygffm0ed03txsa3ca8npdpel05vqg5j9mgd,,501-1000,808,,FAILED_RETRY_EXHAUSTED,PARTIAL,ckb-mainnet-30d-2026-08-31-v1
322,ckb1qzda0cr08m85hc8jlnfp3zer7xulejywt49kt2rr0vthywaa50xwsq2sac4gxwjac9pr654kg9el2h5ppwe4c0q37chwt,,1-10,2,human_like,COMPLETE,INSUFFICIENT_EVIDENCE,ckb-mainnet-30d-2026-08-31-v1
323,ckb1qzda0cr08m85hc8jlnfp3zer7xulejywt49kt2rr0vthywaa50xwsq2sfv44lf5g89ha2q296zqm8savzcyqxlsulsx6f,,unknown,,,COMPLETE,PARTIAL,ckb-mainnet-30d-2026-08-31-v1
324,ckb1qzda0cr08m85hc8jlnfp3zer7xulejywt49kt2rr0vthywaa50xwsq2smyvvfgqrg2jq2le5ky0aqrcc2astaqghgqpfy,,5000+,268237,bot_like,COMPLETE,INSUFFICIENT_EVIDENCE,ckb-mainnet-30d-2026-08-31-v1
325,ckb1qzda0cr08m85hc8jlnfp3zer7xulejywt49kt2rr0vthywaa50xwsq2sn9ghwf2cl5tpvh0ns6mlyxkewxlcfjgpn82xf,,1-10,2,human_like,COMPLETE,INSUFFICIENT_EVIDENCE,ckb-mainnet-30d-2026-08-31-v1
326,ckb1qzda0cr08m85hc8jlnfp3zer7xulejywt49kt2rr0vthywaa50xwsq2stwwespmk3ffj7g7g7auauwvzcqrvf3g7mtxue,,unknown,,bot_like,FAILED_RETRY_EXHAUSTED,PARTIAL,ckb-mainnet-30d-2026-08-31-v1
327,ckb1qzda0cr08m85hc8jlnfp3zer7xulejywt49kt2rr0vthywaa50xwsq2t035trz4ztgvjhqp2hc59fcdrkan9ays7c8des,,1-10,2,human_like,COMPLETE,INSUFFICIENT_EVIDENCE,ckb-mainnet-30d-2026-08-31-v1
328,ckb1qzda0cr08m85hc8jlnfp3zer7xulejywt49kt2rr0vthywaa50xwsq2t6z8rc90g09yeh7t3nz2sfe72y20yzcg6jt76x,,unknown,,,COMPLETE,PARTIAL,ckb-mainnet-30d-2026-08-31-v1
329,ckb1qzda0cr08m85hc8jlnfp3zer7xulejywt49kt2rr0vthywaa50xwsq2t9jypuuquc0tfdca5eugj6gk7v3dt0hq4r3hx9,,unknown,,,COMPLETE,PARTIAL,ckb-mainnet-30d-2026-08-31-v1
330,ckb1qzda0cr08m85hc8jlnfp3zer7xulejywt49kt2rr0vthywaa50xwsq2tjxvupvk0j6j3nac6rlulaafk47rw40s55j9fc,,1-10,5,human_like,COMPLETE,INSUFFICIENT_EVIDENCE,ckb-mainnet-30d-2026-08-31-v1
331,ckb1qzda0cr08m85hc8jlnfp3zer7xulejywt49kt2rr0vthywaa50xwsq2tq8vms882lepc8fk0aapfp0c9nh755xsdtnm3m,,unknown,,,COMPLETE,PARTIAL,ckb-mainnet-30d-2026-08-31-v1
332,ckb1qzda0cr08m85hc8jlnfp3zer7xulejywt49kt2rr0vthywaa50xwsq2tswvjlq20dfc87988h32cp80ua9dnhngmt9m2g,,11-50,15,human_like,COMPLETE,INSUFFICIENT_EVIDENCE,ckb-mainnet-30d-2026-08-31-v1
333,ckb1qzda0cr08m85hc8jlnfp3zer7xulejywt49kt2rr0vthywaa50xwsq2uj8rfycz3s3h0m0h62fj8mvxluqr627s8j5led,,unknown,,,COMPLETE,PARTIAL,ckb-mainnet-30d-2026-08-31-v1
334,ckb1qzda0cr08m85hc8jlnfp3zer7xulejywt49kt2rr0vthywaa50xwsq2ul0rt55hnp2e2nzzhfkep4xtc3l88rxqes83vq,,unknown,,,COMPLETE,PARTIAL,ckb-mainnet-30d-2026-08-31-v1
335,ckb1qzda0cr08m85hc8jlnfp3zer7xulejywt49kt2rr0vthywaa50xwsq2uq6ykas222qjhw4k6847guv3y8c7wvccalk3tf,,unknown,,,COMPLETE,PARTIAL,ckb-mainnet-30d-2026-08-31-v1
336,ckb1qzda0cr08m85hc8jlnfp3zer7xulejywt49kt2rr0vthywaa50xwsq2uxysa465m2k0hxh4zefzd2k5j36dly3gxkjc57,,unknown,,,COMPLETE,PARTIAL,ckb-mainnet-30d-2026-08-31-v1
337,ckb1qzda0cr08m85hc8jlnfp3zer7xulejywt49kt2rr0vthywaa50xwsq2vfrwwa2h4ag878nn7935gzex40d9y7xcckkcz2,,unknown,,,FAILED_RETRY_EXHAUSTED,PARTIAL,ckb-mainnet-30d-2026-08-31-v1
338,ckb1qzda0cr08m85hc8jlnfp3zer7xulejywt49kt2rr0vthywaa50xwsq2vr8y8dws0jkz062k8vlpafpu8x9rucvcggdkr4,,unknown,,,COMPLETE,PARTIAL,ckb-mainnet-30d-2026-08-31-v1
339,ckb1qzda0cr08m85hc8jlnfp3zer7xulejywt49kt2rr0vthywaa50xwsq2wctw0r06v9ecgf0w8wv33vfkkdp5em2gaet4lw,,unknown,,,FAILED_RETRY_EXHAUSTED,PARTIAL,ckb-mainnet-30d-2026-08-31-v1
340,ckb1qzda0cr08m85hc8jlnfp3zer7xulejywt49kt2rr0vthywaa50xwsq2wp8mqzlelsy5g3y3ux3m45jtfv6f927gf2gduj,,1-10,2,human_like,COMPLETE,INSUFFICIENT_EVIDENCE,ckb-mainnet-30d-2026-08-31-v1
341,ckb1qzda0cr08m85hc8jlnfp3zer7xulejywt49kt2rr0vthywaa50xwsq2x2jxnym8qzdt7sn29pnlzwgneh80w3jszglw9k,,1001-5000,3635,bot_like,COMPLETE,INSUFFICIENT_EVIDENCE,ckb-mainnet-30d-2026-08-31-v1
342,ckb1qzda0cr08m85hc8jlnfp3zer7xulejywt49kt2rr0vthywaa50xwsq2xegpc9sw3ljyq57p0zx8x2p0dustxp2ctn4nn6,,1001-5000,3021,bot_like,COMPLETE,INSUFFICIENT_EVIDENCE,ckb-mainnet-30d-2026-08-31-v1
343,ckb1qzda0cr08m85hc8jlnfp3zer7xulejywt49kt2rr0vthywaa50xwsq2xg8c6fulfw65ay5aqq99atj30ev84unssl4ska,,unknown,,,COMPLETE,PARTIAL,ckb-mainnet-30d-2026-08-31-v1
344,ckb1qzda0cr08m85hc8jlnfp3zer7xulejywt49kt2rr0vthywaa50xwsq2xy99vwcnnx0a2kj09tygzxtrpklg0jss32v93h,,51-200,194,,FAILED_RETRY_EXHAUSTED,PARTIAL,ckb-mainnet-30d-2026-08-31-v1
345,ckb1qzda0cr08m85hc8jlnfp3zer7xulejywt49kt2rr0vthywaa50xwsq2y33vw9uwvqkxxxh6szdm7mnxn37amh2se2g58h,,1-10,2,human_like,COMPLETE,INSUFFICIENT_EVIDENCE,ckb-mainnet-30d-2026-08-31-v1
346,ckb1qzda0cr08m85hc8jlnfp3zer7xulejywt49kt2rr0vthywaa50xwsq2y7pryn5grvyf8xlv8p0h9840xnpffflsgmrly9,,unknown,,,FAILED_RETRY_EXHAUSTED,PARTIAL,ckb-mainnet-30d-2026-08-31-v1
347,ckb1qzda0cr08m85hc8jlnfp3zer7xulejywt49kt2rr0vthywaa50xwsq2yg6kr7zvjzw0ts2j7qtkd6jzr2kq3g7sdh3azr,,unknown,,,COMPLETE,PARTIAL,ckb-mainnet-30d-2026-08-31-v1
348,ckb1qzda0cr08m85hc8jlnfp3zer7xulejywt49kt2rr0vthywaa50xwsq2yr93x7eusaallmfayyemrlff66pd7v9s34kwg9,,1-10,6,human_like,COMPLETE,INSUFFICIENT_EVIDENCE,ckb-mainnet-30d-2026-08-31-v1
349,ckb1qzda0cr08m85hc8jlnfp3zer7xulejywt49kt2rr0vthywaa50xwsq2yul8wt2defw04dp37h0qanqrnmy5tu7qfnad37,,unknown,,,COMPLETE,INSUFFICIENT_EVIDENCE,ckb-mainnet-30d-2026-08-31-v1
350,ckb1qzda0cr08m85hc8jlnfp3zer7xulejywt49kt2rr0vthywaa50xwsq2z0x6fskhkzceswyv9d0cnrwru7xwec3gpgaqjp,,unknown,,,FAILED_RETRY_EXHAUSTED,PARTIAL,ckb-mainnet-30d-2026-08-31-v1
351,ckb1qzda0cr08m85hc8jlnfp3zer7xulejywt49kt2rr0vthywaa50xwsq2zmwtcwp3x5ngxr7wxp3aq737g35nhgpqq4lp5x,,unknown,,,COMPLETE,PARTIAL,ckb-mainnet-30d-2026-08-31-v1
352,ckb1qzda0cr08m85hc8jlnfp3zer7xulejywt49kt2rr0vthywaa50xwsq2zuyw4u22256gp6v8s6na4p7esyg4h74q68r5ue,,5000+,162863,bot_like,COMPLETE,SUPPORTED,ckb-mainnet-30d-2026-08-31-v1
353,ckb1qzda0cr08m85hc8jlnfp3zer7xulejywt49kt2rr0vthywaa50xwsqd0ee0trngn9r39tuv9d3x5mzvg5mfxlpq5sl2wv,,unknown,,,FAILED_RETRY_EXHAUSTED,PARTIAL,ckb-mainnet-30d-2026-08-31-v1
354,ckb1qzda0cr08m85hc8jlnfp3zer7xulejywt49kt2rr0vthywaa50xwsqd280gcprvtlm89nyxuc2ru9e2tqe0aewcks0h7q,,unknown,,,COMPLETE,PARTIAL,ckb-mainnet-30d-2026-08-31-v1
355,ckb1qzda0cr08m85hc8jlnfp3zer7xulejywt49kt2rr0vthywaa50xwsqd2ar6ayg6tru9um9cuwzulauer397f9rgrzj0c9,,unknown,,,COMPLETE,PARTIAL,ckb-mainnet-30d-2026-08-31-v1
356,ckb1qzda0cr08m85hc8jlnfp3zer7xulejywt49kt2rr0vthywaa50xwsqd2dnzrsunklanuwz4u473u3zk5lpc4mxcx8sgk7,,201-500,341,,FAILED_RETRY_EXHAUSTED,PARTIAL,ckb-mainnet-30d-2026-08-31-v1
357,ckb1qzda0cr08m85hc8jlnfp3zer7xulejywt49kt2rr0vthywaa50xwsqd2jafc05hxqah3mxwdfmcej0dynvhpf4gz3rjm2,,5000+,8226,bot_like,COMPLETE,INSUFFICIENT_EVIDENCE,ckb-mainnet-30d-2026-08-31-v1
358,ckb1qzda0cr08m85hc8jlnfp3zer7xulejywt49kt2rr0vthywaa50xwsqd2ln87tv0nhyh6r2h84d3fnm5vdsjraagf5r842,,unknown,,,COMPLETE,PARTIAL,ckb-mainnet-30d-2026-08-31-v1
359,ckb1qzda0cr08m85hc8jlnfp3zer7xulejywt49kt2rr0vthywaa50xwsqd35jqqjmg5vua3s77n8487vpukmmlw80q9gkgs4,,1-10,2,human_like,COMPLETE,INSUFFICIENT_EVIDENCE,ckb-mainnet-30d-2026-08-31-v1
360,ckb1qzda0cr08m85hc8jlnfp3zer7xulejywt49kt2rr0vthywaa50xwsqd39v2lwwu4grcvg0r6sc20x3h9jnfje2qt67tm2,,unknown,,,FAILED_RETRY_EXHAUSTED,PARTIAL,ckb-mainnet-30d-2026-08-31-v1
361,ckb1qzda0cr08m85hc8jlnfp3zer7xulejywt49kt2rr0vthywaa50xwsqd3ele94wtw253dum78vpuuy2rcspueckqp9hktf,,unknown,,,COMPLETE,PARTIAL,ckb-mainnet-30d-2026-08-31-v1
362,ckb1qzda0cr08m85hc8jlnfp3zer7xulejywt49kt2rr0vthywaa50xwsqd3jnqsndu5z3ew6anr65w34cyevvnucug28nl8j,,unknown,,,COMPLETE,PARTIAL,ckb-mainnet-30d-2026-08-31-v1
363,ckb1qzda0cr08m85hc8jlnfp3zer7xulejywt49kt2rr0vthywaa50xwsqd3kga46l9ryvaqndgs7ga230t5h9sna5c86ah40,,unknown,,,FAILED_RETRY_EXHAUSTED,PARTIAL,ckb-mainnet-30d-2026-08-31-v1
364,ckb1qzda0cr08m85hc8jlnfp3zer7xulejywt49kt2rr0vthywaa50xwsqd3svphxkm2pw4aurdz7s8egnejerwhheg42y0x7,,1-10,3,human_like,COMPLETE,INSUFFICIENT_EVIDENCE,ckb-mainnet-30d-2026-08-31-v1
365,ckb1qzda0cr08m85hc8jlnfp3zer7xulejywt49kt2rr0vthywaa50xwsqd3t75wgj4rjmaem5f46ek9f5g2xe9gsucx860r9,,unknown,,,COMPLETE,PARTIAL,ckb-mainnet-30d-2026-08-31-v1
366,ckb1qzda0cr08m85hc8jlnfp3zer7xulejywt49kt2rr0vthywaa50xwsqd3w85684vvlhfh93nrvkq6rz6ve7xu0ugjyfg3s,,unknown,,,COMPLETE,PARTIAL,ckb-mainnet-30d-2026-08-31-v1
367,ckb1qzda0cr08m85hc8jlnfp3zer7xulejywt49kt2rr0vthywaa50xwsqd3x0qcm3mcugawmk49nzaf9r0t0mz4d5gh34tzk,,1-10,3,human_like,COMPLETE,SUPPORTED,ckb-mainnet-30d-2026-08-31-v1
368,ckb1qzda0cr08m85hc8jlnfp3zer7xulejywt49kt2rr0vthywaa50xwsqd403rpqrzn2kc57yx8f2p74n4e0zf2rxqq2drwj,,unknown,,,FAILED_RETRY_EXHAUSTED,PARTIAL,ckb-mainnet-30d-2026-08-31-v1
369,ckb1qzda0cr08m85hc8jlnfp3zer7xulejywt49kt2rr0vthywaa50xwsqd4h5ahm0l94adpfafpftu00tpsncrmmqgghtrxy,,unknown,,,COMPLETE,PARTIAL,ckb-mainnet-30d-2026-08-31-v1
370,ckb1qzda0cr08m85hc8jlnfp3zer7xulejywt49kt2rr0vthywaa50xwsqd4zj9h4nke2ftrmf668nanqd6apkacn0srypcle,,1-10,2,human_like,COMPLETE,INSUFFICIENT_EVIDENCE,ckb-mainnet-30d-2026-08-31-v1
371,ckb1qzda0cr08m85hc8jlnfp3zer7xulejywt49kt2rr0vthywaa50xwsqd52pqxx3q9kjg6xxh9f2h6wuut9numalsjdnjxu,,unknown,,,COMPLETE,PARTIAL,ckb-mainnet-30d-2026-08-31-v1
372,ckb1qzda0cr08m85hc8jlnfp3zer7xulejywt49kt2rr0vthywaa50xwsqd532x7yagmmqne0jkrwggysarh5kufcjgp5ry3g,,unknown,,,COMPLETE,PARTIAL,ckb-mainnet-30d-2026-08-31-v1
373,ckb1qzda0cr08m85hc8jlnfp3zer7xulejywt49kt2rr0vthywaa50xwsqd5hxteyzsxsfckx7my779ksvgyrznwzsqhe3qgy,,unknown,,,FAILED_RETRY_EXHAUSTED,PARTIAL,ckb-mainnet-30d-2026-08-31-v1
374,ckb1qzda0cr08m85hc8jlnfp3zer7xulejywt49kt2rr0vthywaa50xwsqd5hzkwwkg7ac6zwccpy9ta032cu7m996swxuy50,,1-10,8,human_like,COMPLETE,INSUFFICIENT_EVIDENCE,ckb-mainnet-30d-2026-08-31-v1
375,ckb1qzda0cr08m85hc8jlnfp3zer7xulejywt49kt2rr0vthywaa50xwsqd5wxs2lr6y8gzek23nkyj04ngcgmutl4s75skv9,,unknown,,,COMPLETE,PARTIAL,ckb-mainnet-30d-2026-08-31-v1
376,ckb1qzda0cr08m85hc8jlnfp3zer7xulejywt49kt2rr0vthywaa50xwsqd5z95kzr62mkc2vnadeyv6hpqmwlxv2xgakd68v,,unknown,,,COMPLETE,PARTIAL,ckb-mainnet-30d-2026-08-31-v1
377,ckb1qzda0cr08m85hc8jlnfp3zer7xulejywt49kt2rr0vthywaa50xwsqd5zvdgz64ygu94j8cwvcguc6wz5mhaknc3drq98,,1001-5000,1054,bot_like,COMPLETE,PARTIAL,ckb-mainnet-30d-2026-08-31-v1
378,ckb1qzda0cr08m85hc8jlnfp3zer7xulejywt49kt2rr0vthywaa50xwsqd622kmxwaqw0x24xqxfcc9vu6gh3c3w9qpeguet,,unknown,,,FAILED_RETRY_EXHAUSTED,PARTIAL,ckb-mainnet-30d-2026-08-31-v1
379,ckb1qzda0cr08m85hc8jlnfp3zer7xulejywt49kt2rr0vthywaa50xwsqd6328jjvyqyx6psdkxv5gyxmlx90f50cgc8yla8,,unknown,,,COMPLETE,PARTIAL,ckb-mainnet-30d-2026-08-31-v1
380,ckb1qzda0cr08m85hc8jlnfp3zer7xulejywt49kt2rr0vthywaa50xwsqd66ykds4533psl5xqhgvrjhgmyp9wgcvs0d0k60,,unknown,,,FAILED_RETRY_EXHAUSTED,PARTIAL,ckb-mainnet-30d-2026-08-31-v1
381,ckb1qzda0cr08m85hc8jlnfp3zer7xulejywt49kt2rr0vthywaa50xwsqd682nhfyu5lfzt4gp9cmrqgsjpesm3pjqf252gf,,201-500,229,,COMPLETE,PARTIAL,ckb-mainnet-30d-2026-08-31-v1
382,ckb1qzda0cr08m85hc8jlnfp3zer7xulejywt49kt2rr0vthywaa50xwsqd6jpr7mncc8n3y4jv4z5k8fq7l77s42kq76f87n,,unknown,,,COMPLETE,PARTIAL,ckb-mainnet-30d-2026-08-31-v1
383,ckb1qzda0cr08m85hc8jlnfp3zer7xulejywt49kt2rr0vthywaa50xwsqd6raz9mkh95xl7tg8ymg7klqz7ns0af5ctkwa53,,unknown,,,COMPLETE,PARTIAL,ckb-mainnet-30d-2026-08-31-v1
384,ckb1qzda0cr08m85hc8jlnfp3zer7xulejywt49kt2rr0vthywaa50xwsqd6ttxhzqms8gqpqw02ld92az8vy6g824gcc9ffr,,1001-5000,2107,bot_like,COMPLETE,INSUFFICIENT_EVIDENCE,ckb-mainnet-30d-2026-08-31-v1
385,ckb1qzda0cr08m85hc8jlnfp3zer7xulejywt49kt2rr0vthywaa50xwsqd78qs5nczwg2entdyvvk5fjffnavl4vrg4llx3l,,1-10,2,human_like,COMPLETE,INSUFFICIENT_EVIDENCE,ckb-mainnet-30d-2026-08-31-v1
386,ckb1qzda0cr08m85hc8jlnfp3zer7xulejywt49kt2rr0vthywaa50xwsqd7llz9vfprn28merjhktq2w8ydgejz4zsw4kkv5,,unknown,,,FAILED_RETRY_EXHAUSTED,PARTIAL,ckb-mainnet-30d-2026-08-31-v1
387,ckb1qzda0cr08m85hc8jlnfp3zer7xulejywt49kt2rr0vthywaa50xwsqd7qx7ag4lw5wlu0ewhgryjrug54tauj4glm5p09,,unknown,,,COMPLETE,PARTIAL,ckb-mainnet-30d-2026-08-31-v1
388,ckb1qzda0cr08m85hc8jlnfp3zer7xulejywt49kt2rr0vthywaa50xwsqd7w5u492rs93nr0e0086myx8qdknytcmsw3hx46,,1001-5000,2655,bot_like,COMPLETE,INSUFFICIENT_EVIDENCE,ckb-mainnet-30d-2026-08-31-v1
389,ckb1qzda0cr08m85hc8jlnfp3zer7xulejywt49kt2rr0vthywaa50xwsqd7xem3waujkrfq9vrj7vc5tesg793drag9966ur,,unknown,,,COMPLETE,PARTIAL,ckb-mainnet-30d-2026-08-31-v1
390,ckb1qzda0cr08m85hc8jlnfp3zer7xulejywt49kt2rr0vthywaa50xwsqd8a7fpzf530ks6kmw3yfvn72p5v4ayy6gq05avs,,unknown,,,COMPLETE,PARTIAL,ckb-mainnet-30d-2026-08-31-v1
391,ckb1qzda0cr08m85hc8jlnfp3zer7xulejywt49kt2rr0vthywaa50xwsqd8at4zhq3lrngyw88mqued7njjluzc9dcx3mfwa,,unknown,,,COMPLETE,PARTIAL,ckb-mainnet-30d-2026-08-31-v1
392,ckb1qzda0cr08m85hc8jlnfp3zer7xulejywt49kt2rr0vthywaa50xwsqd8k7hgtu960r0sefypjj5c80zvdyyhagq0k0z5r,,1001-5000,3013,bot_like,COMPLETE,INSUFFICIENT_EVIDENCE,ckb-mainnet-30d-2026-08-31-v1
393,ckb1qzda0cr08m85hc8jlnfp3zer7xulejywt49kt2rr0vthywaa50xwsqd8mgf3874del25leeapu8h8tun5f8wn8ckqjt3h,,1-10,1,human_like,COMPLETE,INSUFFICIENT_EVIDENCE,ckb-mainnet-30d-2026-08-31-v1
394,ckb1qzda0cr08m85hc8jlnfp3zer7xulejywt49kt2rr0vthywaa50xwsqd8nhae0j2vdd70r20939u449qn0w3v2ygjrepsg,,unknown,,,FAILED_RETRY_EXHAUSTED,PARTIAL,ckb-mainnet-30d-2026-08-31-v1
395,ckb1qzda0cr08m85hc8jlnfp3zer7xulejywt49kt2rr0vthywaa50xwsqd8v6u0w52u9lptyqx9qg05zs3lprp5t4qsxtt54,,1001-5000,1628,bot_like,FAILED_RETRY_EXHAUSTED,PARTIAL,ckb-mainnet-30d-2026-08-31-v1
396,ckb1qzda0cr08m85hc8jlnfp3zer7xulejywt49kt2rr0vthywaa50xwsqd90zjdscfh4ycd5u75tyntedxxsaxsencatqh4s,,unknown,,,FAILED_RETRY_EXHAUSTED,PARTIAL,ckb-mainnet-30d-2026-08-31-v1
397,ckb1qzda0cr08m85hc8jlnfp3zer7xulejywt49kt2rr0vthywaa50xwsqd98r8kc6aw6a6n3dgd5jy8n9w8mvjx74cmjg8ds,,unknown,,,FAILED_RETRY_EXHAUSTED,PARTIAL,ckb-mainnet-30d-2026-08-31-v1
398,ckb1qzda0cr08m85hc8jlnfp3zer7xulejywt49kt2rr0vthywaa50xwsqd9c7682mljg5qpxtch04dfqpd9vlg7fqq64zd9a,,1-10,2,human_like,COMPLETE,INSUFFICIENT_EVIDENCE,ckb-mainnet-30d-2026-08-31-v1
399,ckb1qzda0cr08m85hc8jlnfp3zer7xulejywt49kt2rr0vthywaa50xwsqd9ec9tr57qedasftglxrgq9yl657ym3yqddeg6p,,unknown,,,COMPLETE,PARTIAL,ckb-mainnet-30d-2026-08-31-v1
400,ckb1qzda0cr08m85hc8jlnfp3zer7xulejywt49kt2rr0vthywaa50xwsqd9jgmyaljpa227x37lanyj7xvzz6nc9yq39e0x9,,unknown,,,FAILED_RETRY_EXHAUSTED,PARTIAL,ckb-mainnet-30d-2026-08-31-v1
401,ckb1qzda0cr08m85hc8jlnfp3zer7xulejywt49kt2rr0vthywaa50xwsqda5zj9fpg255n7vz04eqkzlles8z72susenvew6,,unknown,,,COMPLETE,PARTIAL,ckb-mainnet-30d-2026-08-31-v1
402,ckb1qzda0cr08m85hc8jlnfp3zer7xulejywt49kt2rr0vthywaa50xwsqda6qmftuk4uc08kxa6mchk5gl52wj46usevshdf,,unknown,,,FAILED_RETRY_EXHAUSTED,PARTIAL,ckb-mainnet-30d-2026-08-31-v1
403,ckb1qzda0cr08m85hc8jlnfp3zer7xulejywt49kt2rr0vthywaa50xwsqda7n3jg4g0l0w3ls93xkmre43z6kerr6gjzcwvz,,unknown,,,FAILED_RETRY_EXHAUSTED,PARTIAL,ckb-mainnet-30d-2026-08-31-v1
404,ckb1qzda0cr08m85hc8jlnfp3zer7xulejywt49kt2rr0vthywaa50xwsqdak37z6wn6w6aea983ruzrfl8yweej95cfkzyn9,,unknown,,,COMPLETE,PARTIAL,ckb-mainnet-30d-2026-08-31-v1
405,ckb1qzda0cr08m85hc8jlnfp3zer7xulejywt49kt2rr0vthywaa50xwsqdc75deduvc55qd7z48nrd6xy06td2r0wgqqs0vf,,unknown,,,COMPLETE,PARTIAL,ckb-mainnet-30d-2026-08-31-v1
406,ckb1qzda0cr08m85hc8jlnfp3zer7xulejywt49kt2rr0vthywaa50xwsqdcdz8fzqaqzeecdt5u5yp9nvq3ewesgzgf9jqeg,,unknown,,,FAILED_RETRY_EXHAUSTED,PARTIAL,ckb-mainnet-30d-2026-08-31-v1
407,ckb1qzda0cr08m85hc8jlnfp3zer7xulejywt49kt2rr0vthywaa50xwsqdcr3ezl9ktveg4fpuujzgrnel0nnjvjxc2gf480,,unknown,,,COMPLETE,PARTIAL,ckb-mainnet-30d-2026-08-31-v1
408,ckb1qzda0cr08m85hc8jlnfp3zer7xulejywt49kt2rr0vthywaa50xwsqddm8ppq3gz8gz0d9ap6z8nc3r662npn2cuxk9f0,,unknown,,,COMPLETE,PARTIAL,ckb-mainnet-30d-2026-08-31-v1
409,ckb1qzda0cr08m85hc8jlnfp3zer7xulejywt49kt2rr0vthywaa50xwsqddtncxgn0wga0mctct2p6k2ueqd36ju3qqqmeqa,,unknown,,,COMPLETE,PARTIAL,ckb-mainnet-30d-2026-08-31-v1
410,ckb1qzda0cr08m85hc8jlnfp3zer7xulejywt49kt2rr0vthywaa50xwsqddw45fnzxhfmsxwuf7m82k5vyynsfvkxqu8209y,,unknown,,,COMPLETE,PARTIAL,ckb-mainnet-30d-2026-08-31-v1
411,ckb1qzda0cr08m85hc8jlnfp3zer7xulejywt49kt2rr0vthywaa50xwsqddyz6vl88hqfhcrfv55xpqzan04myfn7qweufsa,,unknown,,,COMPLETE,PARTIAL,ckb-mainnet-30d-2026-08-31-v1
412,ckb1qzda0cr08m85hc8jlnfp3zer7xulejywt49kt2rr0vthywaa50xwsqdecf6s2f7hfuvugqq5nz3x27zzsrrqshqsr3wyc,,1-10,1,human_like,COMPLETE,INSUFFICIENT_EVIDENCE,ckb-mainnet-30d-2026-08-31-v1
413,ckb1qzda0cr08m85hc8jlnfp3zer7xulejywt49kt2rr0vthywaa50xwsqdenac4ykevnaxl2ltarf6y37hps3nxxjc4ckfhj,,11-50,28,human_like,COMPLETE,PARTIAL,ckb-mainnet-30d-2026-08-31-v1
414,ckb1qzda0cr08m85hc8jlnfp3zer7xulejywt49kt2rr0vthywaa50xwsqdev2qemedc4lercjj2ys3acwf4d6nj7jcprg6sq,,unknown,,,COMPLETE,PARTIAL,ckb-mainnet-30d-2026-08-31-v1
415,ckb1qzda0cr08m85hc8jlnfp3zer7xulejywt49kt2rr0vthywaa50xwsqdev8tckcmflyqm9ucs7dkfaqjhfp6ar7cxed08m,,unknown,,,FAILED_RETRY_EXHAUSTED,PARTIAL,ckb-mainnet-30d-2026-08-31-v1
416,ckb1qzda0cr08m85hc8jlnfp3zer7xulejywt49kt2rr0vthywaa50xwsqdfns4fvs0a50j3y45mp3rvv4ey7zezy2gxmf4rg,,11-50,14,human_like,COMPLETE,INSUFFICIENT_EVIDENCE,ckb-mainnet-30d-2026-08-31-v1
417,ckb1qzda0cr08m85hc8jlnfp3zer7xulejywt49kt2rr0vthywaa50xwsqdfpcl42753m0xgau9yefhgfxukx83dwysy7tdl3,,unknown,,,COMPLETE,PARTIAL,ckb-mainnet-30d-2026-08-31-v1
418,ckb1qzda0cr08m85hc8jlnfp3zer7xulejywt49kt2rr0vthywaa50xwsqdfrg70ray5qv8exnujxdgmhkfkyck7n7gu8vspl,,1-10,2,human_like,COMPLETE,INSUFFICIENT_EVIDENCE,ckb-mainnet-30d-2026-08-31-v1
419,ckb1qzda0cr08m85hc8jlnfp3zer7xulejywt49kt2rr0vthywaa50xwsqdfunuqtrj99lz8app7uqjmdr2ecx6wwfc62xrtm,,unknown,,,COMPLETE,PARTIAL,ckb-mainnet-30d-2026-08-31-v1
420,ckb1qzda0cr08m85hc8jlnfp3zer7xulejywt49kt2rr0vthywaa50xwsqdg04rll0lnjdvdyp2zpqguqkmnye6vmnsd4vft5,,1001-5000,1046,bot_like,COMPLETE,PARTIAL,ckb-mainnet-30d-2026-08-31-v1
421,ckb1qzda0cr08m85hc8jlnfp3zer7xulejywt49kt2rr0vthywaa50xwsqdg5awuqp2zuwnvjcr753hh38ml5ywd5rgpg79nw,,unknown,,,COMPLETE,PARTIAL,ckb-mainnet-30d-2026-08-31-v1
422,ckb1qzda0cr08m85hc8jlnfp3zer7xulejywt49kt2rr0vthywaa50xwsqdgjmn0k90sa3q24g3lr6qmgv5hqdjdjwcm7mukc,,1001-5000,1095,bot_like,COMPLETE,INSUFFICIENT_EVIDENCE,ckb-mainnet-30d-2026-08-31-v1
423,ckb1qzda0cr08m85hc8jlnfp3zer7xulejywt49kt2rr0vthywaa50xwsqdgnkvezzetd5sg79nkv9t3fhfwtx3euxct5fja8,,unknown,,,FAILED_RETRY_EXHAUSTED,PARTIAL,ckb-mainnet-30d-2026-08-31-v1
424,ckb1qzda0cr08m85hc8jlnfp3zer7xulejywt49kt2rr0vthywaa50xwsqdh26mj0xls204ndg9lsdptdz0zu0jdmycngh5ht,,unknown,,,COMPLETE,SUPPORTED,ckb-mainnet-30d-2026-08-31-v1
425,ckb1qzda0cr08m85hc8jlnfp3zer7xulejywt49kt2rr0vthywaa50xwsqdhf3xqk7tf9antv2mxh6ptvwq3sqhptwgat9tmx,,unknown,,,FAILED_RETRY_EXHAUSTED,PARTIAL,ckb-mainnet-30d-2026-08-31-v1
426,ckb1qzda0cr08m85hc8jlnfp3zer7xulejywt49kt2rr0vthywaa50xwsqdhlh26x095s6eayfehscs0g3w7a35xeps0kzd64,,501-1000,526,,FAILED_RETRY_EXHAUSTED,PARTIAL,ckb-mainnet-30d-2026-08-31-v1
427,ckb1qzda0cr08m85hc8jlnfp3zer7xulejywt49kt2rr0vthywaa50xwsqdhxwwku2qxwcj784l5slje2tsa76nlgvsawdc7v,,unknown,,,COMPLETE,PARTIAL,ckb-mainnet-30d-2026-08-31-v1
428,ckb1qzda0cr08m85hc8jlnfp3zer7xulejywt49kt2rr0vthywaa50xwsqdhyzsujyst3daq3tuqale3rse4mm623zs6juzyw,,unknown,,,COMPLETE,PARTIAL,ckb-mainnet-30d-2026-08-31-v1
429,ckb1qzda0cr08m85hc8jlnfp3zer7xulejywt49kt2rr0vthywaa50xwsqdj4r9tvue7rvadva3kshjcqzyjdhzxxrcz5nngn,,unknown,,,FAILED_RETRY_EXHAUSTED,PARTIAL,ckb-mainnet-30d-2026-08-31-v1
430,ckb1qzda0cr08m85hc8jlnfp3zer7xulejywt49kt2rr0vthywaa50xwsqdj4umj7up8wpnzcfyfluuedu62pk2sk2c5lwnrt,,1001-5000,1585,bot_like,FAILED_RETRY_EXHAUSTED,PARTIAL,ckb-mainnet-30d-2026-08-31-v1
431,ckb1qzda0cr08m85hc8jlnfp3zer7xulejywt49kt2rr0vthywaa50xwsqdjlu4rl6rwlf2zak4lawpv7z6ctq54rtcvm0g0r,,unknown,,,FAILED_RETRY_EXHAUSTED,PARTIAL,ckb-mainnet-30d-2026-08-31-v1
432,ckb1qzda0cr08m85hc8jlnfp3zer7xulejywt49kt2rr0vthywaa50xwsqdjrz3ca0mahypy72j7rhkj6fwn4w96q4gac8ygv,,1001-5000,1563,bot_like,COMPLETE,INSUFFICIENT_EVIDENCE,ckb-mainnet-30d-2026-08-31-v1
433,ckb1qzda0cr08m85hc8jlnfp3zer7xulejywt49kt2rr0vthywaa50xwsqdjsydf39sklhfvtfnk57vvd7d2vn4kxwqpr3prn,,201-500,204,,COMPLETE,SUPPORTED,ckb-mainnet-30d-2026-08-31-v1
434,ckb1qzda0cr08m85hc8jlnfp3zer7xulejywt49kt2rr0vthywaa50xwsqdk6t85vllv37se5ng6rpnz7x30clgdy6qsped2w,,unknown,,,COMPLETE,PARTIAL,ckb-mainnet-30d-2026-08-31-v1
435,ckb1qzda0cr08m85hc8jlnfp3zer7xulejywt49kt2rr0vthywaa50xwsqdkf3np6u8zr6msvqgmz8d5jw54pdr2fmqdfqye6,,1-10,2,human_like,COMPLETE,INSUFFICIENT_EVIDENCE,ckb-mainnet-30d-2026-08-31-v1
436,ckb1qzda0cr08m85hc8jlnfp3zer7xulejywt49kt2rr0vthywaa50xwsqdkkkugnz4gyqn76qczl78zlnzalysguqql53kq3,,1001-5000,3591,bot_like,COMPLETE,INSUFFICIENT_EVIDENCE,ckb-mainnet-30d-2026-08-31-v1
437,ckb1qzda0cr08m85hc8jlnfp3zer7xulejywt49kt2rr0vthywaa50xwsqdkqd8la4z3aqeh8v4c3fdsr4efuxf9slcdenyvw,,unknown,,,FAILED_RETRY_EXHAUSTED,PARTIAL,ckb-mainnet-30d-2026-08-31-v1
438,ckb1qzda0cr08m85hc8jlnfp3zer7xulejywt49kt2rr0vthywaa50xwsqdktl2pnd9nrh6fna6ydh5sv34z4cx59mg2d5yh4,,unknown,,,COMPLETE,PARTIAL,ckb-mainnet-30d-2026-08-31-v1
439,ckb1qzda0cr08m85hc8jlnfp3zer7xulejywt49kt2rr0vthywaa50xwsqdky4g0e4e0tlevpst9faknfgax24dmppgd6t08h,,1-10,1,human_like,COMPLETE,INSUFFICIENT_EVIDENCE,ckb-mainnet-30d-2026-08-31-v1
440,ckb1qzda0cr08m85hc8jlnfp3zer7xulejywt49kt2rr0vthywaa50xwsqdlnnrld5uyndfrw0xxnpmpf435242xl2ccrge5g,,unknown,,,COMPLETE,PARTIAL,ckb-mainnet-30d-2026-08-31-v1
441,ckb1qzda0cr08m85hc8jlnfp3zer7xulejywt49kt2rr0vthywaa50xwsqdly7vzugjpxpzy4wc8u8dkpt6gmv2kknsw36cs0,,unknown,,bot_like,COMPLETE,PARTIAL,ckb-mainnet-30d-2026-08-31-v1
442,ckb1qzda0cr08m85hc8jlnfp3zer7xulejywt49kt2rr0vthywaa50xwsqdm3dkt45znks4ckxyvgrn6s8e2fycz7tqhatyac,,unknown,,,COMPLETE,INSUFFICIENT_EVIDENCE,ckb-mainnet-30d-2026-08-31-v1
443,ckb1qzda0cr08m85hc8jlnfp3zer7xulejywt49kt2rr0vthywaa50xwsqdmttx5ka8lg5ejf2q9rxnmu5vavlpcy7c2frlzd,,1001-5000,1538,bot_like,COMPLETE,INSUFFICIENT_EVIDENCE,ckb-mainnet-30d-2026-08-31-v1
444,ckb1qzda0cr08m85hc8jlnfp3zer7xulejywt49kt2rr0vthywaa50xwsqdmvgx9866nn68gsfshgy660unf97wzfcgcxrvec,,5000+,9852,bot_like,COMPLETE,INSUFFICIENT_EVIDENCE,ckb-mainnet-30d-2026-08-31-v1
445,ckb1qzda0cr08m85hc8jlnfp3zer7xulejywt49kt2rr0vthywaa50xwsqdn85jtpzkk24ga7vprxcupwkw8h2kmcpgnkw4s2,,unknown,,,COMPLETE,PARTIAL,ckb-mainnet-30d-2026-08-31-v1
446,ckb1qzda0cr08m85hc8jlnfp3zer7xulejywt49kt2rr0vthywaa50xwsqdn9q3qlnujce8h263s33pjaj5qh5qt3vsk79ynl,,unknown,,,FAILED_RETRY_EXHAUSTED,PARTIAL,ckb-mainnet-30d-2026-08-31-v1
447,ckb1qzda0cr08m85hc8jlnfp3zer7xulejywt49kt2rr0vthywaa50xwsqdne0ytvmzxf5yzrvn62eankg4qhv59ehchtu9ws,,1-10,3,human_like,COMPLETE,INSUFFICIENT_EVIDENCE,ckb-mainnet-30d-2026-08-31-v1
448,ckb1qzda0cr08m85hc8jlnfp3zer7xulejywt49kt2rr0vthywaa50xwsqdnf5k8qs7pk0hdjmhrpcxayy4tzmp40lq0s0q8x,,1-10,1,human_like,COMPLETE,INSUFFICIENT_EVIDENCE,ckb-mainnet-30d-2026-08-31-v1
449,ckb1qzda0cr08m85hc8jlnfp3zer7xulejywt49kt2rr0vthywaa50xwsqdnvsjyahhu4hnqmv5aqy06jk7p289qcsck64eed,,unknown,,,COMPLETE,PARTIAL,ckb-mainnet-30d-2026-08-31-v1
450,ckb1qzda0cr08m85hc8jlnfp3zer7xulejywt49kt2rr0vthywaa50xwsqdp3dnne6ul02tzh9g87fpdf65u9u2367sjy90lu,,1-10,3,human_like,COMPLETE,INSUFFICIENT_EVIDENCE,ckb-mainnet-30d-2026-08-31-v1
451,ckb1qzda0cr08m85hc8jlnfp3zer7xulejywt49kt2rr0vthywaa50xwsqdpglw7yx2vzsuu2hz4f0zqmm7ujn4gzrcpt9myf,,unknown,,,COMPLETE,PARTIAL,ckb-mainnet-30d-2026-08-31-v1
452,ckb1qzda0cr08m85hc8jlnfp3zer7xulejywt49kt2rr0vthywaa50xwsqdqex3u79vvhdzdfu66k5rd877nwea2xhszxnv47,,1001-5000,2242,bot_like,COMPLETE,INSUFFICIENT_EVIDENCE,ckb-mainnet-30d-2026-08-31-v1
453,ckb1qzda0cr08m85hc8jlnfp3zer7xulejywt49kt2rr0vthywaa50xwsqdqpaqujjqztsvqsckxxryqkyar5g229ls79xsux,,unknown,,,COMPLETE,PARTIAL,ckb-mainnet-30d-2026-08-31-v1
454,ckb1qzda0cr08m85hc8jlnfp3zer7xulejywt49kt2rr0vthywaa50xwsqdqq677slvjxejspzxxuyrz3r8m4glpqrqve4u4k,,unknown,,,COMPLETE,PARTIAL,ckb-mainnet-30d-2026-08-31-v1
455,ckb1qzda0cr08m85hc8jlnfp3zer7xulejywt49kt2rr0vthywaa50xwsqdqrmx3gfghxmm3m5dj4vm27j5ke9kvw9qmr8lwp,,unknown,,,COMPLETE,PARTIAL,ckb-mainnet-30d-2026-08-31-v1
456,ckb1qzda0cr08m85hc8jlnfp3zer7xulejywt49kt2rr0vthywaa50xwsqdqxnfeggrmljfnrf8nvsnv26xv4rvyhwsztv7ae,,unknown,,,FAILED_RETRY_EXHAUSTED,PARTIAL,ckb-mainnet-30d-2026-08-31-v1
457,ckb1qzda0cr08m85hc8jlnfp3zer7xulejywt49kt2rr0vthywaa50xwsqdqyzqvyyqgdw9qdu9tsfwfj2j3qj05ams2m6zwh,,unknown,,,COMPLETE,PARTIAL,ckb-mainnet-30d-2026-08-31-v1
458,ckb1qzda0cr08m85hc8jlnfp3zer7xulejywt49kt2rr0vthywaa50xwsqdrc0cvrk8yuh4248eumm00tj6la4285jgtkf6ge,,1-10,2,human_like,COMPLETE,PARTIAL,ckb-mainnet-30d-2026-08-31-v1
459,ckb1qzda0cr08m85hc8jlnfp3zer7xulejywt49kt2rr0vthywaa50xwsqdrfqfkxp3pgctx8k974q9l9pyupmrdrwq8je3v0,,unknown,,,FAILED_RETRY_EXHAUSTED,PARTIAL,ckb-mainnet-30d-2026-08-31-v1
460,ckb1qzda0cr08m85hc8jlnfp3zer7xulejywt49kt2rr0vthywaa50xwsqdrke350wl8qag3cv75pp4q2zh9wurf25c8csrmu,,unknown,,bot_like,FAILED_RETRY_EXHAUSTED,PARTIAL,ckb-mainnet-30d-2026-08-31-v1
461,ckb1qzda0cr08m85hc8jlnfp3zer7xulejywt49kt2rr0vthywaa50xwsqdsczh9v0wp9w3p7th99t7kdf5sscfsd5g5w0zah,,unknown,,,FAILED_RETRY_EXHAUSTED,PARTIAL,ckb-mainnet-30d-2026-08-31-v1
462,ckb1qzda0cr08m85hc8jlnfp3zer7xulejywt49kt2rr0vthywaa50xwsqdswxz9w93ffp2dkdr4gjgyw6akpd9ml2sc3j7ft,,unknown,,,COMPLETE,INSUFFICIENT_EVIDENCE,ckb-mainnet-30d-2026-08-31-v1
463,ckb1qzda0cr08m85hc8jlnfp3zer7xulejywt49kt2rr0vthywaa50xwsqdt92zgl8jjrkgz0lvvcmvh06uyef3srccr6lysh,,1001-5000,1287,bot_like,COMPLETE,INSUFFICIENT_EVIDENCE,ckb-mainnet-30d-2026-08-31-v1
464,ckb1qzda0cr08m85hc8jlnfp3zer7xulejywt49kt2rr0vthywaa50xwsqdt98afh6ut08gr6g4k34d0qwjwc4jufwsxewns3,,1-10,1,human_like,COMPLETE,INSUFFICIENT_EVIDENCE,ckb-mainnet-30d-2026-08-31-v1
465,ckb1qzda0cr08m85hc8jlnfp3zer7xulejywt49kt2rr0vthywaa50xwsqdtejzc329up3s665cxswczse77neqxr2c6uk0jz,,unknown,,,COMPLETE,PARTIAL,ckb-mainnet-30d-2026-08-31-v1
466,ckb1qzda0cr08m85hc8jlnfp3zer7xulejywt49kt2rr0vthywaa50xwsqdtjy373hqrz0x0dh8qeq90xcwm7ks5gnghey3u8,,1001-5000,1165,bot_like,COMPLETE,INSUFFICIENT_EVIDENCE,ckb-mainnet-30d-2026-08-31-v1
467,ckb1qzda0cr08m85hc8jlnfp3zer7xulejywt49kt2rr0vthywaa50xwsqdtr9km5rjdrntcf4a5jh7u55rl8rurp2snsf7v6,,unknown,,,COMPLETE,PARTIAL,ckb-mainnet-30d-2026-08-31-v1
468,ckb1qzda0cr08m85hc8jlnfp3zer7xulejywt49kt2rr0vthywaa50xwsqdtx60cacasvak8s6a7umwganlkyrk2vvgmj2zdf,,1001-5000,1495,bot_like,FAILED_RETRY_EXHAUSTED,PARTIAL,ckb-mainnet-30d-2026-08-31-v1
469,ckb1qzda0cr08m85hc8jlnfp3zer7xulejywt49kt2rr0vthywaa50xwsqdtzdy4dlvfxna90pxjuxmkkfvqkjr595sqw5q4m,,unknown,,,FAILED_RETRY_EXHAUSTED,PARTIAL,ckb-mainnet-30d-2026-08-31-v1
470,ckb1qzda0cr08m85hc8jlnfp3zer7xulejywt49kt2rr0vthywaa50xwsqdug54pz4xhn0z0exgx6kune22z0k5xpdqap800k,,1001-5000,2160,bot_like,COMPLETE,INSUFFICIENT_EVIDENCE,ckb-mainnet-30d-2026-08-31-v1
471,ckb1qzda0cr08m85hc8jlnfp3zer7xulejywt49kt2rr0vthywaa50xwsqdun3wce79ar4cmnl76tyehgha0muqg07gt556gd,,unknown,,,COMPLETE,PARTIAL,ckb-mainnet-30d-2026-08-31-v1
472,ckb1qzda0cr08m85hc8jlnfp3zer7xulejywt49kt2rr0vthywaa50xwsqduy4r065e9prkxhdnwmzw75dtph3ecu6sfrv9s4,,unknown,,,FAILED_RETRY_EXHAUSTED,PARTIAL,ckb-mainnet-30d-2026-08-31-v1
473,ckb1qzda0cr08m85hc8jlnfp3zer7xulejywt49kt2rr0vthywaa50xwsqdv3msqhwu0eel0cx4vxkhzphyxdxg0p2gcn4zk4,,unknown,,,COMPLETE,PARTIAL,ckb-mainnet-30d-2026-08-31-v1
474,ckb1qzda0cr08m85hc8jlnfp3zer7xulejywt49kt2rr0vthywaa50xwsqdv5f45r3aevly9umatacdzw6x2hmycfss6cstcq,,unknown,,,COMPLETE,PARTIAL,ckb-mainnet-30d-2026-08-31-v1
475,ckb1qzda0cr08m85hc8jlnfp3zer7xulejywt49kt2rr0vthywaa50xwsqdv7nz5efx58k589jup242p9f5lhx9mwgc3rtspx,,unknown,,,COMPLETE,PARTIAL,ckb-mainnet-30d-2026-08-31-v1
476,ckb1qzda0cr08m85hc8jlnfp3zer7xulejywt49kt2rr0vthywaa50xwsqdvehsut0qf0x0n92v22wjx6mu6a4l7hscxasspx,,unknown,,bot_like,FAILED_RETRY_EXHAUSTED,PARTIAL,ckb-mainnet-30d-2026-08-31-v1
477,ckb1qzda0cr08m85hc8jlnfp3zer7xulejywt49kt2rr0vthywaa50xwsqdvsrtewthjpj9nd03k6xyt8f3nyf0z4lqwh03ur,,1001-5000,1320,bot_like,COMPLETE,INSUFFICIENT_EVIDENCE,ckb-mainnet-30d-2026-08-31-v1
478,ckb1qzda0cr08m85hc8jlnfp3zer7xulejywt49kt2rr0vthywaa50xwsqdvt7epf6qmf9rk9pvdjkptedqx23y7r6czf3svw,,unknown,,,COMPLETE,PARTIAL,ckb-mainnet-30d-2026-08-31-v1
479,ckb1qzda0cr08m85hc8jlnfp3zer7xulejywt49kt2rr0vthywaa50xwsqdw5wngjpd0llhvztxawxx2hkqktr7qqcgtr68xk,,unknown,,,FAILED_RETRY_EXHAUSTED,PARTIAL,ckb-mainnet-30d-2026-08-31-v1
480,ckb1qzda0cr08m85hc8jlnfp3zer7xulejywt49kt2rr0vthywaa50xwsqdw7svu2fzp5uqpu4xfupgkm4xw0zd79agr0jz8p,,1001-5000,3229,bot_like,COMPLETE,INSUFFICIENT_EVIDENCE,ckb-mainnet-30d-2026-08-31-v1
481,ckb1qzda0cr08m85hc8jlnfp3zer7xulejywt49kt2rr0vthywaa50xwsqdwa7y4etexhlslpeplm2gensrmkpgpfqc5kk4x9,,unknown,,,COMPLETE,PARTIAL,ckb-mainnet-30d-2026-08-31-v1
482,ckb1qzda0cr08m85hc8jlnfp3zer7xulejywt49kt2rr0vthywaa50xwsqdwajunu9xpxxkdcqr50jvf342m9fud2vgncxqt5,,1-10,2,human_like,COMPLETE,INSUFFICIENT_EVIDENCE,ckb-mainnet-30d-2026-08-31-v1
483,ckb1qzda0cr08m85hc8jlnfp3zer7xulejywt49kt2rr0vthywaa50xwsqdwd0h8eflp0j2qee9vtfhyhdtmn3p4wrqzdsaew,,unknown,,,FAILED_RETRY_EXHAUSTED,PARTIAL,ckb-mainnet-30d-2026-08-31-v1
484,ckb1qzda0cr08m85hc8jlnfp3zer7xulejywt49kt2rr0vthywaa50xwsqdwdq3z90xqszqwjcykhqmgl720n4u55nqav6mwe,,5000+,265242,bot_like,COMPLETE,INSUFFICIENT_EVIDENCE,ckb-mainnet-30d-2026-08-31-v1
485,ckb1qzda0cr08m85hc8jlnfp3zer7xulejywt49kt2rr0vthywaa50xwsqdwfknw8tnpne8m7pa5mg39xvv7qallxgccrzanp,,unknown,,,FAILED_RETRY_EXHAUSTED,PARTIAL,ckb-mainnet-30d-2026-08-31-v1
486,ckb1qzda0cr08m85hc8jlnfp3zer7xulejywt49kt2rr0vthywaa50xwsqdwhyh3f06wztrf9xlh56pu9nxvgf3k0lqjypm82,,5000+,9462,bot_like,COMPLETE,INSUFFICIENT_EVIDENCE,ckb-mainnet-30d-2026-08-31-v1
487,ckb1qzda0cr08m85hc8jlnfp3zer7xulejywt49kt2rr0vthywaa50xwsqdwtq4te2zfzem37hsacgzq4t4y8t8tgmcyy9v3v,,1001-5000,1579,bot_like,COMPLETE,INSUFFICIENT_EVIDENCE,ckb-mainnet-30d-2026-08-31-v1
488,ckb1qzda0cr08m85hc8jlnfp3zer7xulejywt49kt2rr0vthywaa50xwsqdx5m2dx9j9el3arnuntxu5lkfafw4dyxgq357up,,unknown,,,COMPLETE,PARTIAL,ckb-mainnet-30d-2026-08-31-v1
489,ckb1qzda0cr08m85hc8jlnfp3zer7xulejywt49kt2rr0vthywaa50xwsqdxaqe07wj7kc5y9suqc6lkdqz4wm85ltq0ng53r,,unknown,,,COMPLETE,PARTIAL,ckb-mainnet-30d-2026-08-31-v1
490,ckb1qzda0cr08m85hc8jlnfp3zer7xulejywt49kt2rr0vthywaa50xwsqdxzlmuqal6c37hk678qjekya0qjd5m5lq7hhzaq,,unknown,,,COMPLETE,PARTIAL,ckb-mainnet-30d-2026-08-31-v1
491,ckb1qzda0cr08m85hc8jlnfp3zer7xulejywt49kt2rr0vthywaa50xwsqdxzpng0y93mrnmxq0e73j4yu4d3n3mkuqc5r59u,,unknown,,,COMPLETE,PARTIAL,ckb-mainnet-30d-2026-08-31-v1
492,ckb1qzda0cr08m85hc8jlnfp3zer7xulejywt49kt2rr0vthywaa50xwsqdy03jsqq4r873dyqm49pckertnx0qvw0qvde0sg,,unknown,,,COMPLETE,PARTIAL,ckb-mainnet-30d-2026-08-31-v1
493,ckb1qzda0cr08m85hc8jlnfp3zer7xulejywt49kt2rr0vthywaa50xwsqdyat3evqecpgps40knndrh03sue60jlhqn8rk6d,,1-10,2,human_like,COMPLETE,INSUFFICIENT_EVIDENCE,ckb-mainnet-30d-2026-08-31-v1
494,ckb1qzda0cr08m85hc8jlnfp3zer7xulejywt49kt2rr0vthywaa50xwsqdytgmu0z5yskwrnegfptr3n4pcx9d6tlswehku8,,unknown,,,COMPLETE,PARTIAL,ckb-mainnet-30d-2026-08-31-v1
495,ckb1qzda0cr08m85hc8jlnfp3zer7xulejywt49kt2rr0vthywaa50xwsqdywhhfnhv7xz24x9y79yu47u9ugwr8p2sccyn4q,,201-500,330,,COMPLETE,SUPPORTED,ckb-mainnet-30d-2026-08-31-v1
496,ckb1qzda0cr08m85hc8jlnfp3zer7xulejywt49kt2rr0vthywaa50xwsqdzcwm3dgw383w7uv4v9a95jdxtxgzrmdcpxs45n,,unknown,,,COMPLETE,PARTIAL,ckb-mainnet-30d-2026-08-31-v1
497,ckb1qzda0cr08m85hc8jlnfp3zer7xulejywt49kt2rr0vthywaa50xwsqdzm8lk39ashezjh2pdyrdz7nw0j43av9ce3k38n,,unknown,,,FAILED_RETRY_EXHAUSTED,PARTIAL,ckb-mainnet-30d-2026-08-31-v1
498,ckb1qzda0cr08m85hc8jlnfp3zer7xulejywt49kt2rr0vthywaa50xwsqdzt3t3nzcdsvaxvkqvfn6p3lxdk3f9agguqwlys,,1001-5000,1443,bot_like,FAILED_RETRY_EXHAUSTED,PARTIAL,ckb-mainnet-30d-2026-08-31-v1
499,ckb1qzda0cr08m85hc8jlnfp3zer7xulejywt49kt2rr0vthywaa50xwsqf0j842r3hk86hemuk55flaqcryxy864xgexwhdy,,1-10,5,human_like,COMPLETE,INSUFFICIENT_EVIDENCE,ckb-mainnet-30d-2026-08-31-v1
500,ckb1qzda0cr08m85hc8jlnfp3zer7xulejywt49kt2rr0vthywaa50xwsqf0qjxg7cjgp09mt0snk4wehap97200szgrygezm,,1-10,2,human_like,COMPLETE,INSUFFICIENT_EVIDENCE,ckb-mainnet-30d-2026-08-31-v1
501,ckb1qzda0cr08m85hc8jlnfp3zer7xulejywt49kt2rr0vthywaa50xwsqf0qpamhk3hv8a8yv79krku3zfspql7zkq0ddtu4,,1001-5000,2024,bot_like,COMPLETE,INSUFFICIENT_EVIDENCE,ckb-mainnet-30d-2026-08-31-v1
502,ckb1qzda0cr08m85hc8jlnfp3zer7xulejywt49kt2rr0vthywaa50xwsqf0urdhtn86cykn6v4j6q5cl4l22zpjjfqp3eql2,,1001-5000,2425,bot_like,COMPLETE,INSUFFICIENT_EVIDENCE,ckb-mainnet-30d-2026-08-31-v1
503,ckb1qzda0cr08m85hc8jlnfp3zer7xulejywt49kt2rr0vthywaa50xwsqf28hye6evgjqwvz29v4fvlpgsc7vsxu5gx5qu2v,,unknown,,,FAILED_RETRY_EXHAUSTED,PARTIAL,ckb-mainnet-30d-2026-08-31-v1
504,ckb1qzda0cr08m85hc8jlnfp3zer7xulejywt49kt2rr0vthywaa50xwsqf2el7rdezj77kunr7ncjup03x55y849rqa5khs6,,unknown,,,FAILED_RETRY_EXHAUSTED,PARTIAL,ckb-mainnet-30d-2026-08-31-v1
505,ckb1qzda0cr08m85hc8jlnfp3zer7xulejywt49kt2rr0vthywaa50xwsqf2pf3uu524tn9umy7g3gchaa6sgamvs4sx454l6,,unknown,,,COMPLETE,PARTIAL,ckb-mainnet-30d-2026-08-31-v1
506,ckb1qzda0cr08m85hc8jlnfp3zer7xulejywt49kt2rr0vthywaa50xwsqf3agkpt6jcssrkxl8ugdqlkyzdznzd3hqtdvy66,,1-10,1,human_like,COMPLETE,INSUFFICIENT_EVIDENCE,ckb-mainnet-30d-2026-08-31-v1
507,ckb1qzda0cr08m85hc8jlnfp3zer7xulejywt49kt2rr0vthywaa50xwsqf3q9e554euxmpqyaju2n3prxl3fxuphqs9l8zmt,,unknown,,,COMPLETE,PARTIAL,ckb-mainnet-30d-2026-08-31-v1
508,ckb1qzda0cr08m85hc8jlnfp3zer7xulejywt49kt2rr0vthywaa50xwsqf455ydn8h64nzx0c8vtn2t5dxcchunfsg75j004,,11-50,24,human_like,COMPLETE,INSUFFICIENT_EVIDENCE,ckb-mainnet-30d-2026-08-31-v1
509,ckb1qzda0cr08m85hc8jlnfp3zer7xulejywt49kt2rr0vthywaa50xwsqf4n5g7ce6k9gxgvs7cjc40rk8r0tqtg4qg775ha,,unknown,,,COMPLETE,PARTIAL,ckb-mainnet-30d-2026-08-31-v1
510,ckb1qzda0cr08m85hc8jlnfp3zer7xulejywt49kt2rr0vthywaa50xwsqf4s8sxvjqhp8qpxyqj03kwmry2a43kggq7um8ef,,unknown,,,COMPLETE,PARTIAL,ckb-mainnet-30d-2026-08-31-v1
511,ckb1qzda0cr08m85hc8jlnfp3zer7xulejywt49kt2rr0vthywaa50xwsqf58wgzmhqnal8yulrzn8cmt337wvnhhaclvrhs2,,1-10,4,human_like,COMPLETE,INSUFFICIENT_EVIDENCE,ckb-mainnet-30d-2026-08-31-v1
512,ckb1qzda0cr08m85hc8jlnfp3zer7xulejywt49kt2rr0vthywaa50xwsqf68ndqgrm406nmahnk8uyvl6up7hzhgdcjvn87t,,unknown,,,COMPLETE,SUPPORTED,ckb-mainnet-30d-2026-08-31-v1
513,ckb1qzda0cr08m85hc8jlnfp3zer7xulejywt49kt2rr0vthywaa50xwsqf6qtawqcsf9ga3yuhh8gfhxuyah7rvtlgzn95vl,,unknown,,,COMPLETE,PARTIAL,ckb-mainnet-30d-2026-08-31-v1
514,ckb1qzda0cr08m85hc8jlnfp3zer7xulejywt49kt2rr0vthywaa50xwsqf70nhxhk4ljdgqd4ef2ndrzka0qda3nlg5ry85g,,51-200,123,,COMPLETE,PARTIAL,ckb-mainnet-30d-2026-08-31-v1
515,ckb1qzda0cr08m85hc8jlnfp3zer7xulejywt49kt2rr0vthywaa50xwsqf7wdk98y3zdh3cyql86grghqwnen7ks5qzrld2q,,unknown,,,COMPLETE,PARTIAL,ckb-mainnet-30d-2026-08-31-v1
516,ckb1qzda0cr08m85hc8jlnfp3zer7xulejywt49kt2rr0vthywaa50xwsqf874y3dwj99zjh5h9cah9cs5x30e3eajgxyv8lt,,5000+,267491,bot_like,COMPLETE,INSUFFICIENT_EVIDENCE,ckb-mainnet-30d-2026-08-31-v1
517,ckb1qzda0cr08m85hc8jlnfp3zer7xulejywt49kt2rr0vthywaa50xwsqf898lf4kmgg2lyz0lm32kcrhn66kt4m6qtsruh0,,1-10,4,human_like,COMPLETE,INSUFFICIENT_EVIDENCE,ckb-mainnet-30d-2026-08-31-v1
518,ckb1qzda0cr08m85hc8jlnfp3zer7xulejywt49kt2rr0vthywaa50xwsqf8dmcwxvvdpwl6uefpwajgydh4un9yulqxl5y8f,,1001-5000,1627,bot_like,COMPLETE,INSUFFICIENT_EVIDENCE,ckb-mainnet-30d-2026-08-31-v1
519,ckb1qzda0cr08m85hc8jlnfp3zer7xulejywt49kt2rr0vthywaa50xwsqf92qgru63j60xzf8vy35lgzrq97qf2rtqe7yna8,,1-10,2,human_like,COMPLETE,INSUFFICIENT_EVIDENCE,ckb-mainnet-30d-2026-08-31-v1
520,ckb1qzda0cr08m85hc8jlnfp3zer7xulejywt49kt2rr0vthywaa50xwsqf9gpm79hetc79v6ctwyzddhtwe9g6mfmq0sm2ez,,unknown,,,COMPLETE,INSUFFICIENT_EVIDENCE,ckb-mainnet-30d-2026-08-31-v1
521,ckb1qzda0cr08m85hc8jlnfp3zer7xulejywt49kt2rr0vthywaa50xwsqf9jwdl03xznuj4m32a9mlc2ejzu3rj3sc2k2ffj,,1001-5000,1896,bot_like,COMPLETE,INSUFFICIENT_EVIDENCE,ckb-mainnet-30d-2026-08-31-v1
522,ckb1qzda0cr08m85hc8jlnfp3zer7xulejywt49kt2rr0vthywaa50xwsqfa6eyncm6p5udccsnf2xps3rml9am0tzq0u4tfd,,1-10,1,human_like,COMPLETE,INSUFFICIENT_EVIDENCE,ckb-mainnet-30d-2026-08-31-v1
523,ckb1qzda0cr08m85hc8jlnfp3zer7xulejywt49kt2rr0vthywaa50xwsqfc5kszzn9mc2zycl58v8jjrk9zhmr97cg3ndvfs,,unknown,,,COMPLETE,SUPPORTED,ckb-mainnet-30d-2026-08-31-v1
524,ckb1qzda0cr08m85hc8jlnfp3zer7xulejywt49kt2rr0vthywaa50xwsqfc63dma5fy3kywpnada5yy99tpqvl4dechg9csl,,11-50,38,human_like,COMPLETE,SUPPORTED,ckb-mainnet-30d-2026-08-31-v1
525,ckb1qzda0cr08m85hc8jlnfp3zer7xulejywt49kt2rr0vthywaa50xwsqfcls7pnlg5eausdqrj4k0jrlhm7zy3jrsjljh33,,1001-5000,1655,bot_like,COMPLETE,INSUFFICIENT_EVIDENCE,ckb-mainnet-30d-2026-08-31-v1
526,ckb1qzda0cr08m85hc8jlnfp3zer7xulejywt49kt2rr0vthywaa50xwsqfcwzl3jytqrrgtuwmapvqe42txrxvqlncewj9c8,,unknown,,,COMPLETE,PARTIAL,ckb-mainnet-30d-2026-08-31-v1
527,ckb1qzda0cr08m85hc8jlnfp3zer7xulejywt49kt2rr0vthywaa50xwsqfd8eyknzynse6m9r0zlfjyt4qpxnlr86svrekgm,,unknown,,,COMPLETE,PARTIAL,ckb-mainnet-30d-2026-08-31-v1
528,ckb1qzda0cr08m85hc8jlnfp3zer7xulejywt49kt2rr0vthywaa50xwsqfdna4hqan5me6y8mfqr83y4epmrdrc6cs33gx6e,,unknown,,,COMPLETE,PARTIAL,ckb-mainnet-30d-2026-08-31-v1
529,ckb1qzda0cr08m85hc8jlnfp3zer7xulejywt49kt2rr0vthywaa50xwsqfedd2txrs2mkwpdnqawg67t6dg873utxcxh2uzw,,unknown,,,FAILED_RETRY_EXHAUSTED,PARTIAL,ckb-mainnet-30d-2026-08-31-v1
530,ckb1qzda0cr08m85hc8jlnfp3zer7xulejywt49kt2rr0vthywaa50xwsqfer0k37ckj6g0p0uxpv9pv5a06jcukxeqccughf,,1-10,3,human_like,COMPLETE,INSUFFICIENT_EVIDENCE,ckb-mainnet-30d-2026-08-31-v1
531,ckb1qzda0cr08m85hc8jlnfp3zer7xulejywt49kt2rr0vthywaa50xwsqfeshgypr5g6wmzzhqua96m5su3wz5uvngkc0l3c,,1-10,1,human_like,COMPLETE,INSUFFICIENT_EVIDENCE,ckb-mainnet-30d-2026-08-31-v1
532,ckb1qzda0cr08m85hc8jlnfp3zer7xulejywt49kt2rr0vthywaa50xwsqfewq5cphjmj7j53dgvs9ekquz7wp0eadggz3t4x,,unknown,,,COMPLETE,SUPPORTED,ckb-mainnet-30d-2026-08-31-v1
533,ckb1qzda0cr08m85hc8jlnfp3zer7xulejywt49kt2rr0vthywaa50xwsqff60m3g73j280arxmzwp6anr9g04xmmast74txw,,201-500,251,,COMPLETE,PARTIAL,ckb-mainnet-30d-2026-08-31-v1
534,ckb1qzda0cr08m85hc8jlnfp3zer7xulejywt49kt2rr0vthywaa50xwsqffdz5qyap8qp00jalxp6f6sjn80jg2u7ggcm7tv,,1-10,2,human_like,COMPLETE,INSUFFICIENT_EVIDENCE,ckb-mainnet-30d-2026-08-31-v1
535,ckb1qzda0cr08m85hc8jlnfp3zer7xulejywt49kt2rr0vthywaa50xwsqfg0c6expwhe3wjs5vkk7e2legcah5gvjqvdy8l7,,unknown,,,COMPLETE,PARTIAL,ckb-mainnet-30d-2026-08-31-v1
536,ckb1qzda0cr08m85hc8jlnfp3zer7xulejywt49kt2rr0vthywaa50xwsqfg2np57fhkdu6fuygqt3ys4rykd03gfhsu8dvd7,,unknown,,,COMPLETE,PARTIAL,ckb-mainnet-30d-2026-08-31-v1
537,ckb1qzda0cr08m85hc8jlnfp3zer7xulejywt49kt2rr0vthywaa50xwsqfgj90k2l7xlregd38wufzgkvhx0f8zk5g0zvkvj,,unknown,,,COMPLETE,INSUFFICIENT_EVIDENCE,ckb-mainnet-30d-2026-08-31-v1
538,ckb1qzda0cr08m85hc8jlnfp3zer7xulejywt49kt2rr0vthywaa50xwsqfh3hsd0an0xag0qzx0ay8qrtpclap9x3she6gvj,,unknown,,,COMPLETE,PARTIAL,ckb-mainnet-30d-2026-08-31-v1
539,ckb1qzda0cr08m85hc8jlnfp3zer7xulejywt49kt2rr0vthywaa50xwsqfh8xfzhxnsgxq7st5khe2fa59da8lp6gchut7ky,,11-50,50,human_like,COMPLETE,INSUFFICIENT_EVIDENCE,ckb-mainnet-30d-2026-08-31-v1
540,ckb1qzda0cr08m85hc8jlnfp3zer7xulejywt49kt2rr0vthywaa50xwsqfhhns5zvr3d2rxe8lswgx9whpq0a0kmzsruh3s5,,1001-5000,1281,bot_like,COMPLETE,INSUFFICIENT_EVIDENCE,ckb-mainnet-30d-2026-08-31-v1
541,ckb1qzda0cr08m85hc8jlnfp3zer7xulejywt49kt2rr0vthywaa50xwsqfhlkvwqu09p0fh8aqkzw4q63frnwe3lqgphr4ny,,unknown,,,FAILED_RETRY_EXHAUSTED,PARTIAL,ckb-mainnet-30d-2026-08-31-v1
542,ckb1qzda0cr08m85hc8jlnfp3zer7xulejywt49kt2rr0vthywaa50xwsqfhm04agnaq6r8t8fn75zclt30x0es6fyqn07upn,,1001-5000,1459,bot_like,COMPLETE,INSUFFICIENT_EVIDENCE,ckb-mainnet-30d-2026-08-31-v1
543,ckb1qzda0cr08m85hc8jlnfp3zer7xulejywt49kt2rr0vthywaa50xwsqfhncpyvtj7w4euhnwwnndksez0kl7kljgjp39t5,,unknown,,,COMPLETE,PARTIAL,ckb-mainnet-30d-2026-08-31-v1
544,ckb1qzda0cr08m85hc8jlnfp3zer7xulejywt49kt2rr0vthywaa50xwsqfj8ejt4qckvuzrtezy9nvcv7le9ur8cuqy7s5x8,,unknown,,,COMPLETE,PARTIAL,ckb-mainnet-30d-2026-08-31-v1
545,ckb1qzda0cr08m85hc8jlnfp3zer7xulejywt49kt2rr0vthywaa50xwsqfjhl5nx82y5z2xdhwqhg34vkzta6gttgc05sfu2,,unknown,,,COMPLETE,PARTIAL,ckb-mainnet-30d-2026-08-31-v1
546,ckb1qzda0cr08m85hc8jlnfp3zer7xulejywt49kt2rr0vthywaa50xwsqfju4w7mgnq2xl34rgmv7avnczycrkc9xqedr5fc,,unknown,,,FAILED_RETRY_EXHAUSTED,PARTIAL,ckb-mainnet-30d-2026-08-31-v1
547,ckb1qzda0cr08m85hc8jlnfp3zer7xulejywt49kt2rr0vthywaa50xwsqfk06jtv959avpca47ucdh54qfg8wr9x5g9e69zn,,unknown,,,FAILED_RETRY_EXHAUSTED,PARTIAL,ckb-mainnet-30d-2026-08-31-v1
548,ckb1qzda0cr08m85hc8jlnfp3zer7xulejywt49kt2rr0vthywaa50xwsqfk74jml992maq6k2g9gn5znh4qsqlcg0gxqejgl,,unknown,,,COMPLETE,PARTIAL,ckb-mainnet-30d-2026-08-31-v1
549,ckb1qzda0cr08m85hc8jlnfp3zer7xulejywt49kt2rr0vthywaa50xwsqfk8ulu9g9wd9h3z4uvuct55u9xf3g5rwcf6r2em,,1001-5000,4350,bot_like,COMPLETE,INSUFFICIENT_EVIDENCE,ckb-mainnet-30d-2026-08-31-v1
550,ckb1qzda0cr08m85hc8jlnfp3zer7xulejywt49kt2rr0vthywaa50xwsqfkame6ddm458vr9j43h04m2hq3uecnxlgr77utf,,unknown,,,FAILED_RETRY_EXHAUSTED,PARTIAL,ckb-mainnet-30d-2026-08-31-v1
551,ckb1qzda0cr08m85hc8jlnfp3zer7xulejywt49kt2rr0vthywaa50xwsqfkjglwnv0p5h4wujzvz65rekwxmx2d0zsn7yllu,,unknown,,,COMPLETE,PARTIAL,ckb-mainnet-30d-2026-08-31-v1
552,ckb1qzda0cr08m85hc8jlnfp3zer7xulejywt49kt2rr0vthywaa50xwsqfklpav762duvc8cva7gnz89nzvksp6r3qeh6wvh,,unknown,,,COMPLETE,PARTIAL,ckb-mainnet-30d-2026-08-31-v1
553,ckb1qzda0cr08m85hc8jlnfp3zer7xulejywt49kt2rr0vthywaa50xwsqfkwd5sdf803w98t5l5yk4k2myy60x3qyqzn876v,,1001-5000,1167,bot_like,COMPLETE,INSUFFICIENT_EVIDENCE,ckb-mainnet-30d-2026-08-31-v1
554,ckb1qzda0cr08m85hc8jlnfp3zer7xulejywt49kt2rr0vthywaa50xwsqfl7q5k0n22acsv662t7zmcw6rggs4ev8sft2wt3,,501-1000,784,,COMPLETE,PARTIAL,ckb-mainnet-30d-2026-08-31-v1
555,ckb1qzda0cr08m85hc8jlnfp3zer7xulejywt49kt2rr0vthywaa50xwsqfl9ggysz7z4kfeslc6snf0ykm24kd9ujqrlxxfg,,1001-5000,4741,bot_like,COMPLETE,PARTIAL,ckb-mainnet-30d-2026-08-31-v1
556,ckb1qzda0cr08m85hc8jlnfp3zer7xulejywt49kt2rr0vthywaa50xwsqflgd96hhegvt75t3admj08a2y88yv5mdqy6cqs0,,unknown,,,COMPLETE,PARTIAL,ckb-mainnet-30d-2026-08-31-v1
557,ckb1qzda0cr08m85hc8jlnfp3zer7xulejywt49kt2rr0vthywaa50xwsqfm35knmttqrj0arq3edtlw747eelxqrkc2hfe48,,51-200,51,,COMPLETE,INSUFFICIENT_EVIDENCE,ckb-mainnet-30d-2026-08-31-v1
558,ckb1qzda0cr08m85hc8jlnfp3zer7xulejywt49kt2rr0vthywaa50xwsqfmersn7j42vh9ld90auvf0xgvz5x5hz5gjfkump,,1-10,2,human_like,COMPLETE,INSUFFICIENT_EVIDENCE,ckb-mainnet-30d-2026-08-31-v1
559,ckb1qzda0cr08m85hc8jlnfp3zer7xulejywt49kt2rr0vthywaa50xwsqfn5qzcq9yjheflgy2v2m42tsxzc82fypg4cnary,,1-10,2,human_like,COMPLETE,INSUFFICIENT_EVIDENCE,ckb-mainnet-30d-2026-08-31-v1
560,ckb1qzda0cr08m85hc8jlnfp3zer7xulejywt49kt2rr0vthywaa50xwsqfn7k56km47p5javnrpw4ufny8gcyqjyxschyrkw,,unknown,,,COMPLETE,PARTIAL,ckb-mainnet-30d-2026-08-31-v1
561,ckb1qzda0cr08m85hc8jlnfp3zer7xulejywt49kt2rr0vthywaa50xwsqfnxmdem0nvxr00pmjc4nva7aft2e6gtus2lccwn,,1001-5000,1329,bot_like,COMPLETE,INSUFFICIENT_EVIDENCE,ckb-mainnet-30d-2026-08-31-v1
562,ckb1qzda0cr08m85hc8jlnfp3zer7xulejywt49kt2rr0vthywaa50xwsqfp04y6gl6glspp4rl0g3utgs20pgfp8yqk27w29,,1001-5000,4047,bot_like,COMPLETE,INSUFFICIENT_EVIDENCE,ckb-mainnet-30d-2026-08-31-v1
563,ckb1qzda0cr08m85hc8jlnfp3zer7xulejywt49kt2rr0vthywaa50xwsqfplruvrt4qsh2vu7vla0uuk2pxvstfx6csgmzu5,,unknown,,,COMPLETE,PARTIAL,ckb-mainnet-30d-2026-08-31-v1
564,ckb1qzda0cr08m85hc8jlnfp3zer7xulejywt49kt2rr0vthywaa50xwsqfqceywdzhm5fkh2l902e3jfxuf9vnr8rqtmg784,,1-10,3,human_like,COMPLETE,INSUFFICIENT_EVIDENCE,ckb-mainnet-30d-2026-08-31-v1
565,ckb1qzda0cr08m85hc8jlnfp3zer7xulejywt49kt2rr0vthywaa50xwsqfqqgdjzldwm3gcuxnclfscjda2lw7jruqjxyp93,,unknown,,,COMPLETE,PARTIAL,ckb-mainnet-30d-2026-08-31-v1
566,ckb1qzda0cr08m85hc8jlnfp3zer7xulejywt49kt2rr0vthywaa50xwsqfqr2l6rqllmnhtpzptgq9fnagsykcffxcpqmjuu,,201-500,236,,COMPLETE,PARTIAL,ckb-mainnet-30d-2026-08-31-v1
567,ckb1qzda0cr08m85hc8jlnfp3zer7xulejywt49kt2rr0vthywaa50xwsqfqzfuhzd9y4282h56475xzsw7w8qycn9qz04epx,,1-10,2,human_like,COMPLETE,INSUFFICIENT_EVIDENCE,ckb-mainnet-30d-2026-08-31-v1
568,ckb1qzda0cr08m85hc8jlnfp3zer7xulejywt49kt2rr0vthywaa50xwsqfr084zhvecgk6223300mchj39my66q5dqd5030q,,unknown,,,FAILED_RETRY_EXHAUSTED,PARTIAL,ckb-mainnet-30d-2026-08-31-v1
569,ckb1qzda0cr08m85hc8jlnfp3zer7xulejywt49kt2rr0vthywaa50xwsqfrgj4rz7dlx243hj024y4aeuawc06utsgthwue4,,11-50,36,human_like,COMPLETE,INSUFFICIENT_EVIDENCE,ckb-mainnet-30d-2026-08-31-v1
570,ckb1qzda0cr08m85hc8jlnfp3zer7xulejywt49kt2rr0vthywaa50xwsqfrlamn0mk353jsutukulxcxyf8je85wwg5l5nnv,,unknown,,,COMPLETE,PARTIAL,ckb-mainnet-30d-2026-08-31-v1
571,ckb1qzda0cr08m85hc8jlnfp3zer7xulejywt49kt2rr0vthywaa50xwsqfrmvt598cnr70mhtyt9afjg9yju7s0n6gw0e8d4,,unknown,,,COMPLETE,PARTIAL,ckb-mainnet-30d-2026-08-31-v1
572,ckb1qzda0cr08m85hc8jlnfp3zer7xulejywt49kt2rr0vthywaa50xwsqfrvc7cagn8h4g3harg8cwdfpq3sx7sxms2r27la,,unknown,,,COMPLETE,PARTIAL,ckb-mainnet-30d-2026-08-31-v1
573,ckb1qzda0cr08m85hc8jlnfp3zer7xulejywt49kt2rr0vthywaa50xwsqfrwmam5nkqvxfjujhr7kk9d2f2dvdj4egq7kqlm,,unknown,,,FAILED_RETRY_EXHAUSTED,PARTIAL,ckb-mainnet-30d-2026-08-31-v1
574,ckb1qzda0cr08m85hc8jlnfp3zer7xulejywt49kt2rr0vthywaa50xwsqfrylux2xrmpnzgkwzs8u9cjgq5cy6lqusc94mes,,1001-5000,2137,bot_like,COMPLETE,INSUFFICIENT_EVIDENCE,ckb-mainnet-30d-2026-08-31-v1
575,ckb1qzda0cr08m85hc8jlnfp3zer7xulejywt49kt2rr0vthywaa50xwsqfs5vasvpjrtmhvt7s89f479c3dupy3xfc7dzv9s,,unknown,,,COMPLETE,INSUFFICIENT_EVIDENCE,ckb-mainnet-30d-2026-08-31-v1
576,ckb1qzda0cr08m85hc8jlnfp3zer7xulejywt49kt2rr0vthywaa50xwsqfs65nfxwjwhd2q8t9vpan08q7tr76pugseqqmtp,,unknown,,bot_like,FAILED_RETRY_EXHAUSTED,PARTIAL,ckb-mainnet-30d-2026-08-31-v1
577,ckb1qzda0cr08m85hc8jlnfp3zer7xulejywt49kt2rr0vthywaa50xwsqfs6c4chhw5kwthmq0jzqyxwmr9fpr5a4qr8l2yd,,unknown,,,COMPLETE,SUPPORTED,ckb-mainnet-30d-2026-08-31-v1
578,ckb1qzda0cr08m85hc8jlnfp3zer7xulejywt49kt2rr0vthywaa50xwsqfs6k9ygrwtdrn828l4a04ns9fnes960jg3x8k26,,unknown,,,COMPLETE,INSUFFICIENT_EVIDENCE,ckb-mainnet-30d-2026-08-31-v1
579,ckb1qzda0cr08m85hc8jlnfp3zer7xulejywt49kt2rr0vthywaa50xwsqfs7v5u87mvk9zdyhmg3ua0aduh4zfw3fsgsfkel,,unknown,,,COMPLETE,PARTIAL,ckb-mainnet-30d-2026-08-31-v1
580,ckb1qzda0cr08m85hc8jlnfp3zer7xulejywt49kt2rr0vthywaa50xwsqfsajumlzs2pjvtz0xxg42llw5px435u3gxmlwuc,,unknown,,,COMPLETE,SUPPORTED,ckb-mainnet-30d-2026-08-31-v1
581,ckb1qzda0cr08m85hc8jlnfp3zer7xulejywt49kt2rr0vthywaa50xwsqfsq8jqye7jzl6krc66gkd3lch36mxyhts00xst4,,unknown,,,FAILED_RETRY_EXHAUSTED,PARTIAL,ckb-mainnet-30d-2026-08-31-v1
582,ckb1qzda0cr08m85hc8jlnfp3zer7xulejywt49kt2rr0vthywaa50xwsqfsu2mrnwlnau7687z605999cuqgmzkyqs0u3985,,51-200,80,human_like,COMPLETE,INSUFFICIENT_EVIDENCE,ckb-mainnet-30d-2026-08-31-v1
583,ckb1qzda0cr08m85hc8jlnfp3zer7xulejywt49kt2rr0vthywaa50xwsqft2zvapr5r896dnhfc9zq34jqcfr6yyhcp6tg4h,,1-10,1,human_like,COMPLETE,INSUFFICIENT_EVIDENCE,ckb-mainnet-30d-2026-08-31-v1
584,ckb1qzda0cr08m85hc8jlnfp3zer7xulejywt49kt2rr0vthywaa50xwsqft980n0alva2vjmkca85wujt5vhtwgzpgqczv9a,,unknown,,,COMPLETE,PARTIAL,ckb-mainnet-30d-2026-08-31-v1
585,ckb1qzda0cr08m85hc8jlnfp3zer7xulejywt49kt2rr0vthywaa50xwsqftd47h3v4gg75m5w3amn3t9f3jqwe4xgqg9r36q,,unknown,,,COMPLETE,INSUFFICIENT_EVIDENCE,ckb-mainnet-30d-2026-08-31-v1
586,ckb1qzda0cr08m85hc8jlnfp3zer7xulejywt49kt2rr0vthywaa50xwsqftm2xn4dlczysw0q2x5alw2v7ur2le8gs8h3teh,,unknown,,,COMPLETE,PARTIAL,ckb-mainnet-30d-2026-08-31-v1
587,ckb1qzda0cr08m85hc8jlnfp3zer7xulejywt49kt2rr0vthywaa50xwsqftut643fj67jhgc0u2h4m3ggtt290vqmqxqpkju,,unknown,,,FAILED_RETRY_EXHAUSTED,PARTIAL,ckb-mainnet-30d-2026-08-31-v1
588,ckb1qzda0cr08m85hc8jlnfp3zer7xulejywt49kt2rr0vthywaa50xwsqfu77q0whtmthcu45dm9l326da8rasmh6g8t7pw9,,unknown,,,COMPLETE,PARTIAL,ckb-mainnet-30d-2026-08-31-v1
589,ckb1qzda0cr08m85hc8jlnfp3zer7xulejywt49kt2rr0vthywaa50xwsqfuss90srspr49ftd2x22zn2zcpthn727gp7z3wq,,unknown,,,FAILED_RETRY_EXHAUSTED,PARTIAL,ckb-mainnet-30d-2026-08-31-v1
590,ckb1qzda0cr08m85hc8jlnfp3zer7xulejywt49kt2rr0vthywaa50xwsqfuwj6lqq2hhe8qqm3m5z2xacjjyuy73yqwgnm2m,,unknown,,,COMPLETE,PARTIAL,ckb-mainnet-30d-2026-08-31-v1
591,ckb1qzda0cr08m85hc8jlnfp3zer7xulejywt49kt2rr0vthywaa50xwsqfvfcxm03q9xmn3fy68s9rxp0y5lfqfvjgmmtw0p,,201-500,318,,COMPLETE,PARTIAL,ckb-mainnet-30d-2026-08-31-v1
592,ckb1qzda0cr08m85hc8jlnfp3zer7xulejywt49kt2rr0vthywaa50xwsqfvq4dqqh8vq032qx3lxaltkffqvxfe8ts4jur9h,,unknown,,,COMPLETE,INSUFFICIENT_EVIDENCE,ckb-mainnet-30d-2026-08-31-v1
593,ckb1qzda0cr08m85hc8jlnfp3zer7xulejywt49kt2rr0vthywaa50xwsqfw9spluhv7a28xhswp2nqf2gay6shktrcypanmv,,51-200,72,human_like,COMPLETE,INSUFFICIENT_EVIDENCE,ckb-mainnet-30d-2026-08-31-v1
594,ckb1qzda0cr08m85hc8jlnfp3zer7xulejywt49kt2rr0vthywaa50xwsqfwcjzujntvxpmcjmpt4r6pd4mvxu89k4sr3244x,,unknown,,,COMPLETE,PARTIAL,ckb-mainnet-30d-2026-08-31-v1
595,ckb1qzda0cr08m85hc8jlnfp3zer7xulejywt49kt2rr0vthywaa50xwsqfwru8wpcx969py0vrrf29ckn928nz26csz7pvxw,,unknown,,,COMPLETE,PARTIAL,ckb-mainnet-30d-2026-08-31-v1
596,ckb1qzda0cr08m85hc8jlnfp3zer7xulejywt49kt2rr0vthywaa50xwsqfwtvcdzqhl2dk9vqgd34ftzmeynaccv0q6xn5x0,,1-10,2,human_like,COMPLETE,INSUFFICIENT_EVIDENCE,ckb-mainnet-30d-2026-08-31-v1
597,ckb1qzda0cr08m85hc8jlnfp3zer7xulejywt49kt2rr0vthywaa50xwsqfx7c8l89wcf42vxgajjke9zdt7myeqrdqj6mqm6,,unknown,,,COMPLETE,SUPPORTED,ckb-mainnet-30d-2026-08-31-v1
598,ckb1qzda0cr08m85hc8jlnfp3zer7xulejywt49kt2rr0vthywaa50xwsqfxgd9zxl6czs4s3kzr55letennz2l3yjqpt8r79,,unknown,,,COMPLETE,PARTIAL,ckb-mainnet-30d-2026-08-31-v1
599,ckb1qzda0cr08m85hc8jlnfp3zer7xulejywt49kt2rr0vthywaa50xwsqfxqhntpalmhxqf2dls2ak9tq52pclnals5mtv4z,,unknown,,,FAILED_RETRY_EXHAUSTED,PARTIAL,ckb-mainnet-30d-2026-08-31-v1
600,ckb1qzda0cr08m85hc8jlnfp3zer7xulejywt49kt2rr0vthywaa50xwsqfxqr07vgqlgcke2waa8llnuc6e6fmqxdgpe06nl,,5000+,8157,bot_like,COMPLETE,INSUFFICIENT_EVIDENCE,ckb-mainnet-30d-2026-08-31-v1
601,ckb1qzda0cr08m85hc8jlnfp3zer7xulejywt49kt2rr0vthywaa50xwsqfxutf5s83ww7s33j2tyc98k7gzr5588vs3kzqs7,,unknown,,,FAILED_RETRY_EXHAUSTED,PARTIAL,ckb-mainnet-30d-2026-08-31-v1
602,ckb1qzda0cr08m85hc8jlnfp3zer7xulejywt49kt2rr0vthywaa50xwsqfy9jh56guwkukqsxa6anu49vsyrs07j4qa7y0x8,,unknown,,,FAILED_RETRY_EXHAUSTED,PARTIAL,ckb-mainnet-30d-2026-08-31-v1
603,ckb1qzda0cr08m85hc8jlnfp3zer7xulejywt49kt2rr0vthywaa50xwsqfyd02uaapv496wq2jylx7hdhwxseenj7qrht04y,,1-10,7,human_like,COMPLETE,INSUFFICIENT_EVIDENCE,ckb-mainnet-30d-2026-08-31-v1
604,ckb1qzda0cr08m85hc8jlnfp3zer7xulejywt49kt2rr0vthywaa50xwsqfyj5nenrx8y7mcrg2zdhqtyet4xegysfc3xyemf,,unknown,,,FAILED_RETRY_EXHAUSTED,PARTIAL,ckb-mainnet-30d-2026-08-31-v1
605,ckb1qzda0cr08m85hc8jlnfp3zer7xulejywt49kt2rr0vthywaa50xwsqfylyx957e0g3kyjua0fed5gzzj4s2s9qsxafn7t,,unknown,,,COMPLETE,PARTIAL,ckb-mainnet-30d-2026-08-31-v1
606,ckb1qzda0cr08m85hc8jlnfp3zer7xulejywt49kt2rr0vthywaa50xwsqfz9rdwxs84saj8xcknrclsf4a9r7qk3hqqsv05e,,5000+,3012124,bot_like,COMPLETE,INSUFFICIENT_EVIDENCE,ckb-mainnet-30d-2026-08-31-v1
607,ckb1qzda0cr08m85hc8jlnfp3zer7xulejywt49kt2rr0vthywaa50xwsqfza43g58rzyhcd8j6nav9c7cgefmwfgsq34yn7t,,1001-5000,1515,bot_like,COMPLETE,INSUFFICIENT_EVIDENCE,ckb-mainnet-30d-2026-08-31-v1
608,ckb1qzda0cr08m85hc8jlnfp3zer7xulejywt49kt2rr0vthywaa50xwsqfzgxljyv0d2hezcfypqscs5zy3kn7jhnqvv0xt6,,unknown,,,COMPLETE,PARTIAL,ckb-mainnet-30d-2026-08-31-v1
609,ckb1qzda0cr08m85hc8jlnfp3zer7xulejywt49kt2rr0vthywaa50xwsqfzz2s8jscd5wm0faglpyxl5w3t8fyk69gthp4j7,,unknown,,,COMPLETE,INSUFFICIENT_EVIDENCE,ckb-mainnet-30d-2026-08-31-v1
610,ckb1qzda0cr08m85hc8jlnfp3zer7xulejywt49kt2rr0vthywaa50xwsqfzzknutrncp6fupm6596sgyh5r0946rpsu6mkpk,,unknown,,,COMPLETE,PARTIAL,ckb-mainnet-30d-2026-08-31-v1
611,ckb1qzda0cr08m85hc8jlnfp3zer7xulejywt49kt2rr0vthywaa50xwsqg05cmev2k5ju0u69uevym6zf3gut2t7lsjyej3g,,1-10,1,human_like,COMPLETE,INSUFFICIENT_EVIDENCE,ckb-mainnet-30d-2026-08-31-v1
612,ckb1qzda0cr08m85hc8jlnfp3zer7xulejywt49kt2rr0vthywaa50xwsqg0fsmjwhnshsqzsayprx9f7w0jwkn5zyqcrdluc,,unknown,,,COMPLETE,PARTIAL,ckb-mainnet-30d-2026-08-31-v1
613,ckb1qzda0cr08m85hc8jlnfp3zer7xulejywt49kt2rr0vthywaa50xwsqg0n9cqt6ha42dcned9zrz5wtqs256ct5sqjf4k9,,unknown,,,FAILED_RETRY_EXHAUSTED,PARTIAL,ckb-mainnet-30d-2026-08-31-v1
614,ckb1qzda0cr08m85hc8jlnfp3zer7xulejywt49kt2rr0vthywaa50xwsqg0prwcywrcc744qq5veu4upkur4665dlgr6003x,,1001-5000,1019,bot_like,COMPLETE,PARTIAL,ckb-mainnet-30d-2026-08-31-v1
615,ckb1qzda0cr08m85hc8jlnfp3zer7xulejywt49kt2rr0vthywaa50xwsqg0stashycnk0au3euckz46ucr9jnstf7sr3ejr0,,unknown,,,FAILED_RETRY_EXHAUSTED,PARTIAL,ckb-mainnet-30d-2026-08-31-v1
616,ckb1qzda0cr08m85hc8jlnfp3zer7xulejywt49kt2rr0vthywaa50xwsqg20d9q23qmvmgt205w78cw9thwegw03ycga7d0r,,1-10,2,human_like,COMPLETE,INSUFFICIENT_EVIDENCE,ckb-mainnet-30d-2026-08-31-v1
617,ckb1qzda0cr08m85hc8jlnfp3zer7xulejywt49kt2rr0vthywaa50xwsqg234899dy86s85krenks2uxma9pz0thwsukch3x,,unknown,,,FAILED_RETRY_EXHAUSTED,PARTIAL,ckb-mainnet-30d-2026-08-31-v1
618,ckb1qzda0cr08m85hc8jlnfp3zer7xulejywt49kt2rr0vthywaa50xwsqg239ffgrtl3mf4m6s02eweangtpe0gy9cph6u05,,1-10,3,human_like,COMPLETE,SUPPORTED,ckb-mainnet-30d-2026-08-31-v1
619,ckb1qzda0cr08m85hc8jlnfp3zer7xulejywt49kt2rr0vthywaa50xwsqg24w9uh6z7vg2mf48x5rq42t5aegfzxxsge2k2w,,unknown,,,COMPLETE,PARTIAL,ckb-mainnet-30d-2026-08-31-v1
620,ckb1qzda0cr08m85hc8jlnfp3zer7xulejywt49kt2rr0vthywaa50xwsqg2fnljwt423kchx368x8xwstmkhx0k2agegvx0a,,unknown,,,COMPLETE,PARTIAL,ckb-mainnet-30d-2026-08-31-v1
621,ckb1qzda0cr08m85hc8jlnfp3zer7xulejywt49kt2rr0vthywaa50xwsqg2h7uwwprx9jj45wjl3atqcx9n2ztadscfrnanm,,unknown,,,FAILED_RETRY_EXHAUSTED,PARTIAL,ckb-mainnet-30d-2026-08-31-v1
622,ckb1qzda0cr08m85hc8jlnfp3zer7xulejywt49kt2rr0vthywaa50xwsqg2ww55lsgft0gcwr3d3t4q080au6w59dcm27x2h,,1001-5000,1127,bot_like,COMPLETE,INSUFFICIENT_EVIDENCE,ckb-mainnet-30d-2026-08-31-v1
623,ckb1qzda0cr08m85hc8jlnfp3zer7xulejywt49kt2rr0vthywaa50xwsqg338aj4hnmutep9ufyd9yyuh3ju7rr8lq03fejn,,unknown,,,COMPLETE,PARTIAL,ckb-mainnet-30d-2026-08-31-v1
624,ckb1qzda0cr08m85hc8jlnfp3zer7xulejywt49kt2rr0vthywaa50xwsqg3ryzlvtl0cpzr6z2j7s9a8r5uekgjtkcwe072t,,1-10,2,human_like,COMPLETE,INSUFFICIENT_EVIDENCE,ckb-mainnet-30d-2026-08-31-v1
625,ckb1qzda0cr08m85hc8jlnfp3zer7xulejywt49kt2rr0vthywaa50xwsqg3xv33uywn6sjyvmnzckatkpke54mlx8srepf4g,,51-200,193,,COMPLETE,PARTIAL,ckb-mainnet-30d-2026-08-31-v1
626,ckb1qzda0cr08m85hc8jlnfp3zer7xulejywt49kt2rr0vthywaa50xwsqg3y6k5gqrgjt54wzhxar4kys594v2s0vg2fpsmk,,unknown,,,COMPLETE,PARTIAL,ckb-mainnet-30d-2026-08-31-v1
627,ckb1qzda0cr08m85hc8jlnfp3zer7xulejywt49kt2rr0vthywaa50xwsqg40ucnf7tt8zvnje7xhatf3yllc8zh4pqq25wqh,,unknown,,,COMPLETE,PARTIAL,ckb-mainnet-30d-2026-08-31-v1
628,ckb1qzda0cr08m85hc8jlnfp3zer7xulejywt49kt2rr0vthywaa50xwsqg4cz7lvtz6anfw0uxkrxu8d0gxcfuww2gp702wk,,unknown,,,COMPLETE,PARTIAL,ckb-mainnet-30d-2026-08-31-v1
629,ckb1qzda0cr08m85hc8jlnfp3zer7xulejywt49kt2rr0vthywaa50xwsqg4yg2m9jpx5efeu4q0vrp643gjmad37nqrk9glt,,unknown,,,COMPLETE,PARTIAL,ckb-mainnet-30d-2026-08-31-v1
630,ckb1qzda0cr08m85hc8jlnfp3zer7xulejywt49kt2rr0vthywaa50xwsqg58nlmgm0f04zj3fedh4d369cpdz67s5q8n0dxm,,unknown,,,COMPLETE,PARTIAL,ckb-mainnet-30d-2026-08-31-v1
631,ckb1qzda0cr08m85hc8jlnfp3zer7xulejywt49kt2rr0vthywaa50xwsqg5jmhqdrajsdjx6cfxjxh8rgcyd0tqknsgt33vf,,unknown,,,FAILED_RETRY_EXHAUSTED,PARTIAL,ckb-mainnet-30d-2026-08-31-v1
632,ckb1qzda0cr08m85hc8jlnfp3zer7xulejywt49kt2rr0vthywaa50xwsqg5lst9mlwu80g4jr84edy4yl3aznsjppqhnt9pw,,unknown,,,FAILED_RETRY_EXHAUSTED,PARTIAL,ckb-mainnet-30d-2026-08-31-v1
633,ckb1qzda0cr08m85hc8jlnfp3zer7xulejywt49kt2rr0vthywaa50xwsqg60za567aggkr4kdukm540wrujl4xn83g5sff6z,,unknown,,,COMPLETE,PARTIAL,ckb-mainnet-30d-2026-08-31-v1
634,ckb1qzda0cr08m85hc8jlnfp3zer7xulejywt49kt2rr0vthywaa50xwsqg62egjmjcnvyrdl5z38esza6dgfxuy2xsy8gcsa,,unknown,,,COMPLETE,PARTIAL,ckb-mainnet-30d-2026-08-31-v1
635,ckb1qzda0cr08m85hc8jlnfp3zer7xulejywt49kt2rr0vthywaa50xwsqg64upk25mkwaurfnz52t5wcm4hkw8ukgqdmqsjq,,unknown,,,COMPLETE,PARTIAL,ckb-mainnet-30d-2026-08-31-v1
636,ckb1qzda0cr08m85hc8jlnfp3zer7xulejywt49kt2rr0vthywaa50xwsqg6agcch2m7k8lsh00nv05ztfmz0euvqkcfpz7ec,,201-500,330,,COMPLETE,PARTIAL,ckb-mainnet-30d-2026-08-31-v1
637,ckb1qzda0cr08m85hc8jlnfp3zer7xulejywt49kt2rr0vthywaa50xwsqg6etjlacez8tnmwnue2rpngpyjzn7nd8q46sh5m,,1001-5000,3007,bot_like,COMPLETE,INSUFFICIENT_EVIDENCE,ckb-mainnet-30d-2026-08-31-v1
638,ckb1qzda0cr08m85hc8jlnfp3zer7xulejywt49kt2rr0vthywaa50xwsqg6j932zy4ztkzmtpye2uhzsju5npw795s89dznx,,1001-5000,1979,bot_like,COMPLETE,PARTIAL,ckb-mainnet-30d-2026-08-31-v1
639,ckb1qzda0cr08m85hc8jlnfp3zer7xulejywt49kt2rr0vthywaa50xwsqg6t6grxqadkz52sgj3ngzkycv7r22c9lqmpgtl9,,1-10,2,human_like,COMPLETE,INSUFFICIENT_EVIDENCE,ckb-mainnet-30d-2026-08-31-v1
640,ckb1qzda0cr08m85hc8jlnfp3zer7xulejywt49kt2rr0vthywaa50xwsqg709r8jqauttpmkjv2x2jg3mtdwvqk7acc26w2j,,unknown,,,COMPLETE,PARTIAL,ckb-mainnet-30d-2026-08-31-v1
641,ckb1qzda0cr08m85hc8jlnfp3zer7xulejywt49kt2rr0vthywaa50xwsqg7amrm9saduc4acdzlerezh8x02rnlhpgctv0fh,,unknown,,,COMPLETE,INSUFFICIENT_EVIDENCE,ckb-mainnet-30d-2026-08-31-v1
642,ckb1qzda0cr08m85hc8jlnfp3zer7xulejywt49kt2rr0vthywaa50xwsqg7hr6px90xaq7398ykma025h78hlt9q6sx6xhlc,,1001-5000,2145,bot_like,COMPLETE,INSUFFICIENT_EVIDENCE,ckb-mainnet-30d-2026-08-31-v1
643,ckb1qzda0cr08m85hc8jlnfp3zer7xulejywt49kt2rr0vthywaa50xwsqg7s83aycfqw32rp2cl30mezyc5l5q4zfqppp5t0,,unknown,,bot_like,FAILED_RETRY_EXHAUSTED,PARTIAL,ckb-mainnet-30d-2026-08-31-v1
644,ckb1qzda0cr08m85hc8jlnfp3zer7xulejywt49kt2rr0vthywaa50xwsqg7ufw40k8zhr0203nhe009gug2x5m9hfc7k2a50,,1001-5000,3346,bot_like,COMPLETE,INSUFFICIENT_EVIDENCE,ckb-mainnet-30d-2026-08-31-v1
645,ckb1qzda0cr08m85hc8jlnfp3zer7xulejywt49kt2rr0vthywaa50xwsqg8pu56q5tq5fw73kv89xfvc8krqrwmz4seqggu7,,unknown,,bot_like,FAILED_RETRY_EXHAUSTED,PARTIAL,ckb-mainnet-30d-2026-08-31-v1
646,ckb1qzda0cr08m85hc8jlnfp3zer7xulejywt49kt2rr0vthywaa50xwsqg8td6r2j7dwevxfd0c84lzn0j9dh0tkecqdrktc,,unknown,,,COMPLETE,PARTIAL,ckb-mainnet-30d-2026-08-31-v1
647,ckb1qzda0cr08m85hc8jlnfp3zer7xulejywt49kt2rr0vthywaa50xwsqg8zg7hg80ul7sj74vc0rfe2ya7zxvzxxcv5tleh,,unknown,,,FAILED_RETRY_EXHAUSTED,PARTIAL,ckb-mainnet-30d-2026-08-31-v1
648,ckb1qzda0cr08m85hc8jlnfp3zer7xulejywt49kt2rr0vthywaa50xwsqg9q2e95dadfctdfsuq5e5na0nwh58v4jc6rkddw,,unknown,,,COMPLETE,PARTIAL,ckb-mainnet-30d-2026-08-31-v1
649,ckb1qzda0cr08m85hc8jlnfp3zer7xulejywt49kt2rr0vthywaa50xwsqg9zt77ljsy79v237ska0mgf4zd50avq0cdx0vpw,,unknown,,,COMPLETE,PARTIAL,ckb-mainnet-30d-2026-08-31-v1
650,ckb1qzda0cr08m85hc8jlnfp3zer7xulejywt49kt2rr0vthywaa50xwsqga03anvc9nmkqp2cp4rnswktgx2ed5u5sag5y29,,1-10,10,human_like,COMPLETE,INSUFFICIENT_EVIDENCE,ckb-mainnet-30d-2026-08-31-v1
651,ckb1qzda0cr08m85hc8jlnfp3zer7xulejywt49kt2rr0vthywaa50xwsqga7576ut7xx2v5xv68r6xuxv73mryg6lsuvp7yx,,201-500,249,,FAILED_RETRY_EXHAUSTED,PARTIAL,ckb-mainnet-30d-2026-08-31-v1
652,ckb1qzda0cr08m85hc8jlnfp3zer7xulejywt49kt2rr0vthywaa50xwsqga8fka44mj0qm9pz3zx8fh23cd9t7ye2qw4p9mm,,unknown,,,COMPLETE,PARTIAL,ckb-mainnet-30d-2026-08-31-v1
653,ckb1qzda0cr08m85hc8jlnfp3zer7xulejywt49kt2rr0vthywaa50xwsqga9r4u6mh3hpce4dmfkkhjmcmshmyz57c637qvk,,unknown,,,FAILED_RETRY_EXHAUSTED,PARTIAL,ckb-mainnet-30d-2026-08-31-v1
654,ckb1qzda0cr08m85hc8jlnfp3zer7xulejywt49kt2rr0vthywaa50xwsqgckkw675lmy5g0hdgxzc7cteeh56wqrpg50mrk7,,1-10,2,human_like,COMPLETE,INSUFFICIENT_EVIDENCE,ckb-mainnet-30d-2026-08-31-v1
655,ckb1qzda0cr08m85hc8jlnfp3zer7xulejywt49kt2rr0vthywaa50xwsqgcls79s3gyaetwz3sm27r5gfjguywnh2cxxda76,,unknown,,,COMPLETE,PARTIAL,ckb-mainnet-30d-2026-08-31-v1
656,ckb1qzda0cr08m85hc8jlnfp3zer7xulejywt49kt2rr0vthywaa50xwsqgcz52lrjnahz4fqftgu99pl00ekkzmcnqw90ng6,,unknown,,,FAILED_RETRY_EXHAUSTED,PARTIAL,ckb-mainnet-30d-2026-08-31-v1
657,ckb1qzda0cr08m85hc8jlnfp3zer7xulejywt49kt2rr0vthywaa50xwsqgdfcqrc54z7gdl04pmq7vskgdzx2axu0cns0vcq,,unknown,,,FAILED_RETRY_EXHAUSTED,PARTIAL,ckb-mainnet-30d-2026-08-31-v1
658,ckb1qzda0cr08m85hc8jlnfp3zer7xulejywt49kt2rr0vthywaa50xwsqgdfkqjl4zve8hmvt72a2gykfrwnae27ecw45zxl,,unknown,,,FAILED_RETRY_EXHAUSTED,PARTIAL,ckb-mainnet-30d-2026-08-31-v1
659,ckb1qzda0cr08m85hc8jlnfp3zer7xulejywt49kt2rr0vthywaa50xwsqgdh67vg3ffv9r3zccpq3nmdysrqzgv77s04dskt,,1001-5000,1810,bot_like,COMPLETE,INSUFFICIENT_EVIDENCE,ckb-mainnet-30d-2026-08-31-v1
660,ckb1qzda0cr08m85hc8jlnfp3zer7xulejywt49kt2rr0vthywaa50xwsqgdxphgsetrscx0nayzu4w3y0mptppcf2cdy8eyh,,unknown,,,FAILED_RETRY_EXHAUSTED,PARTIAL,ckb-mainnet-30d-2026-08-31-v1
661,ckb1qzda0cr08m85hc8jlnfp3zer7xulejywt49kt2rr0vthywaa50xwsqge57hkg6u3mc7jwh7emmu7pne7keyn2ccf79a2t,,unknown,,,COMPLETE,PARTIAL,ckb-mainnet-30d-2026-08-31-v1
662,ckb1qzda0cr08m85hc8jlnfp3zer7xulejywt49kt2rr0vthywaa50xwsqgf977v8w9d3pd0fk7w6fxx48pl6veplgstupmw8,,5000+,73301,bot_like,COMPLETE,INSUFFICIENT_EVIDENCE,ckb-mainnet-30d-2026-08-31-v1
663,ckb1qzda0cr08m85hc8jlnfp3zer7xulejywt49kt2rr0vthywaa50xwsqgfkqygamtn953uq036rmprazg7rnkt67gdcyxxf,,51-200,61,,COMPLETE,PARTIAL,ckb-mainnet-30d-2026-08-31-v1
664,ckb1qzda0cr08m85hc8jlnfp3zer7xulejywt49kt2rr0vthywaa50xwsqgfqwmvzh39rck52chuz5t6404wqmywtagx3n5lf,,unknown,,,FAILED_RETRY_EXHAUSTED,PARTIAL,ckb-mainnet-30d-2026-08-31-v1
665,ckb1qzda0cr08m85hc8jlnfp3zer7xulejywt49kt2rr0vthywaa50xwsqgg8w4ddafhudspnvc8aapvpek3rvmk33qqk5up2,,unknown,,,COMPLETE,PARTIAL,ckb-mainnet-30d-2026-08-31-v1
666,ckb1qzda0cr08m85hc8jlnfp3zer7xulejywt49kt2rr0vthywaa50xwsqgggfv0k0gj6r4du3z58c6d39fq6vn7hps0v89nt,,unknown,,bot_like,FAILED_RETRY_EXHAUSTED,PARTIAL,ckb-mainnet-30d-2026-08-31-v1
667,ckb1qzda0cr08m85hc8jlnfp3zer7xulejywt49kt2rr0vthywaa50xwsqggk97uhpah6re39cfce5d08rrwu0yvyjg5vjg0s,,unknown,,,FAILED_RETRY_EXHAUSTED,PARTIAL,ckb-mainnet-30d-2026-08-31-v1
668,ckb1qzda0cr08m85hc8jlnfp3zer7xulejywt49kt2rr0vthywaa50xwsqggs86408ja7nsgdh0lz0cxafua6u0pq5cmvsxuu,,unknown,,,COMPLETE,PARTIAL,ckb-mainnet-30d-2026-08-31-v1
669,ckb1qzda0cr08m85hc8jlnfp3zer7xulejywt49kt2rr0vthywaa50xwsqggszva8zt4sr9p97fwvrhfhzqf7p29u8s3z6m5z,,unknown,,,COMPLETE,PARTIAL,ckb-mainnet-30d-2026-08-31-v1
670,ckb1qzda0cr08m85hc8jlnfp3zer7xulejywt49kt2rr0vthywaa50xwsqggtmv990h0ggv7g747uk0mj422sf3anps8teujc,,unknown,,,FAILED_RETRY_EXHAUSTED,PARTIAL,ckb-mainnet-30d-2026-08-31-v1
671,ckb1qzda0cr08m85hc8jlnfp3zer7xulejywt49kt2rr0vthywaa50xwsqgh5jw6a3ex5mu4ry0dzl70rlmwmgq094s05vvyk,,5000+,266872,bot_like,COMPLETE,INSUFFICIENT_EVIDENCE,ckb-mainnet-30d-2026-08-31-v1
672,ckb1qzda0cr08m85hc8jlnfp3zer7xulejywt49kt2rr0vthywaa50xwsqgh8ejptxd3n05njryzm2vct7ew9jez6rs8uvuej,,unknown,,,COMPLETE,PARTIAL,ckb-mainnet-30d-2026-08-31-v1
673,ckb1qzda0cr08m85hc8jlnfp3zer7xulejywt49kt2rr0vthywaa50xwsqghcyy3z34lvvd306dsxk63tplg20yue3q6y3yy2,,unknown,,,FAILED_RETRY_EXHAUSTED,PARTIAL,ckb-mainnet-30d-2026-08-31-v1
674,ckb1qzda0cr08m85hc8jlnfp3zer7xulejywt49kt2rr0vthywaa50xwsqghgef3dx86uw7fnf9ekhf7xsy356w6tusmvpwpn,,1001-5000,3552,bot_like,COMPLETE,INSUFFICIENT_EVIDENCE,ckb-mainnet-30d-2026-08-31-v1
675,ckb1qzda0cr08m85hc8jlnfp3zer7xulejywt49kt2rr0vthywaa50xwsqghntjqmjfan28zcakl06kt5v5x6upxtdgnsclpd,,unknown,,,COMPLETE,PARTIAL,ckb-mainnet-30d-2026-08-31-v1
676,ckb1qzda0cr08m85hc8jlnfp3zer7xulejywt49kt2rr0vthywaa50xwsqgj3l4affhawvqru83788u58fphcrx2f8shd3h9l,,unknown,,,COMPLETE,PARTIAL,ckb-mainnet-30d-2026-08-31-v1
677,ckb1qzda0cr08m85hc8jlnfp3zer7xulejywt49kt2rr0vthywaa50xwsqgj3q4zuj5v68a0nd9uc8t8dtet6llxd3c2fasjv,,1-10,2,human_like,COMPLETE,INSUFFICIENT_EVIDENCE,ckb-mainnet-30d-2026-08-31-v1
678,ckb1qzda0cr08m85hc8jlnfp3zer7xulejywt49kt2rr0vthywaa50xwsqgj3umca77qszppddp4armtr2l6dt4n8ycjv3xdw,,unknown,,,FAILED_RETRY_EXHAUSTED,PARTIAL,ckb-mainnet-30d-2026-08-31-v1
679,ckb1qzda0cr08m85hc8jlnfp3zer7xulejywt49kt2rr0vthywaa50xwsqgjdw5vq6y0me78r46vf29flspd83qy9us3p3jgp,,5000+,5468,bot_like,COMPLETE,INSUFFICIENT_EVIDENCE,ckb-mainnet-30d-2026-08-31-v1
680,ckb1qzda0cr08m85hc8jlnfp3zer7xulejywt49kt2rr0vthywaa50xwsqgjr2xdh0zyc53jxpwsvwxq5x8y05rmytcewmqcv,,501-1000,902,,COMPLETE,PARTIAL,ckb-mainnet-30d-2026-08-31-v1
681,ckb1qzda0cr08m85hc8jlnfp3zer7xulejywt49kt2rr0vthywaa50xwsqgjuhrq84l5nk7ylhlcqpsa3yg974735rgy30uch,,unknown,,,COMPLETE,PARTIAL,ckb-mainnet-30d-2026-08-31-v1
682,ckb1qzda0cr08m85hc8jlnfp3zer7xulejywt49kt2rr0vthywaa50xwsqgk9kfuz7fchth20ksf8d2x3eqph9le6cqhenpf3,,unknown,,,COMPLETE,PARTIAL,ckb-mainnet-30d-2026-08-31-v1
683,ckb1qzda0cr08m85hc8jlnfp3zer7xulejywt49kt2rr0vthywaa50xwsqgkfsftjekwd5gtrpludsuaynmccg37mssm6hpt9,,unknown,,,COMPLETE,PARTIAL,ckb-mainnet-30d-2026-08-31-v1
684,ckb1qzda0cr08m85hc8jlnfp3zer7xulejywt49kt2rr0vthywaa50xwsqgkfv8pzr5d26zcapqrd58ksc65w0qv8qqqp6xtc,,unknown,,,COMPLETE,PARTIAL,ckb-mainnet-30d-2026-08-31-v1
685,ckb1qzda0cr08m85hc8jlnfp3zer7xulejywt49kt2rr0vthywaa50xwsqgl8p3tyd357ap33wygmdxur9xj2pft5dc5q6uz7,,unknown,,,COMPLETE,PARTIAL,ckb-mainnet-30d-2026-08-31-v1
686,ckb1qzda0cr08m85hc8jlnfp3zer7xulejywt49kt2rr0vthywaa50xwsqglfcyvg2tr5h09lxhcgrlezm7cuz3ywkcf8tp3d,,unknown,,,COMPLETE,PARTIAL,ckb-mainnet-30d-2026-08-31-v1
687,ckb1qzda0cr08m85hc8jlnfp3zer7xulejywt49kt2rr0vthywaa50xwsqglhkuet4ulhlrmp0m9sq0tdp5r8kmug2gvg442f,,1-10,4,human_like,COMPLETE,INSUFFICIENT_EVIDENCE,ckb-mainnet-30d-2026-08-31-v1
688,ckb1qzda0cr08m85hc8jlnfp3zer7xulejywt49kt2rr0vthywaa50xwsqglrz80pqlcstnc89aw4dwr2av8spdc98sk7k0rz,,unknown,,,COMPLETE,PARTIAL,ckb-mainnet-30d-2026-08-31-v1
689,ckb1qzda0cr08m85hc8jlnfp3zer7xulejywt49kt2rr0vthywaa50xwsqgm4jfxekt225yeqlkhhz585mhekalxa7qrv09fu,,unknown,,,FAILED_RETRY_EXHAUSTED,PARTIAL,ckb-mainnet-30d-2026-08-31-v1
690,ckb1qzda0cr08m85hc8jlnfp3zer7xulejywt49kt2rr0vthywaa50xwsqgmjsf5sg7y340mh52tdh8z4p4v2yryk6ggzyu8m,,unknown,,,COMPLETE,PARTIAL,ckb-mainnet-30d-2026-08-31-v1
691,ckb1qzda0cr08m85hc8jlnfp3zer7xulejywt49kt2rr0vthywaa50xwsqgnfvuxythnvn6vprmx6jxl9fqh5ezez8q9guwpx,,unknown,,,FAILED_RETRY_EXHAUSTED,PARTIAL,ckb-mainnet-30d-2026-08-31-v1
692,ckb1qzda0cr08m85hc8jlnfp3zer7xulejywt49kt2rr0vthywaa50xwsqgnhsvcls3zfj0jggg74nej0hxwmtzjjvcu09935,,51-200,78,,COMPLETE,PARTIAL,ckb-mainnet-30d-2026-08-31-v1
693,ckb1qzda0cr08m85hc8jlnfp3zer7xulejywt49kt2rr0vthywaa50xwsqgphyyw5jenumukdqqega4x0zwmvh0fnuqeh9e2g,,unknown,,,COMPLETE,INSUFFICIENT_EVIDENCE,ckb-mainnet-30d-2026-08-31-v1
694,ckb1qzda0cr08m85hc8jlnfp3zer7xulejywt49kt2rr0vthywaa50xwsqgq74prpeqz7rlncvqz0j2gn4jxsg75ztggj7v7a,,unknown,,,COMPLETE,PARTIAL,ckb-mainnet-30d-2026-08-31-v1
695,ckb1qzda0cr08m85hc8jlnfp3zer7xulejywt49kt2rr0vthywaa50xwsqgqgaadvnwxwyarmxjc00yaplrrnz7gcngp4mycv,,1-10,4,human_like,COMPLETE,INSUFFICIENT_EVIDENCE,ckb-mainnet-30d-2026-08-31-v1
696,ckb1qzda0cr08m85hc8jlnfp3zer7xulejywt49kt2rr0vthywaa50xwsqgqu5f73a8mu9fjdve3rsmjc5q2uccwgccgerq4a,,unknown,,,FAILED_RETRY_EXHAUSTED,PARTIAL,ckb-mainnet-30d-2026-08-31-v1
697,ckb1qzda0cr08m85hc8jlnfp3zer7xulejywt49kt2rr0vthywaa50xwsqgrrjcgegk84s72jhspcsxnznsygtketyqj93p7m,,unknown,,,FAILED_RETRY_EXHAUSTED,PARTIAL,ckb-mainnet-30d-2026-08-31-v1
698,ckb1qzda0cr08m85hc8jlnfp3zer7xulejywt49kt2rr0vthywaa50xwsqgrz3hvgkrdt2k7cfdpwj8dfnunvjtssssjl8n5h,,51-200,68,human_like,COMPLETE,INSUFFICIENT_EVIDENCE,ckb-mainnet-30d-2026-08-31-v1
699,ckb1qzda0cr08m85hc8jlnfp3zer7xulejywt49kt2rr0vthywaa50xwsqgstg3ve68wkpcxkpy62ujul25dvpe0h4szkqsmr,,5000+,17876,bot_like,COMPLETE,INSUFFICIENT_EVIDENCE,ckb-mainnet-30d-2026-08-31-v1
700,ckb1qzda0cr08m85hc8jlnfp3zer7xulejywt49kt2rr0vthywaa50xwsqgt4w6g2rka0ufkctegwzcmm7g2gc8hvhgu5xy24,,501-1000,902,,FAILED_RETRY_EXHAUSTED,PARTIAL,ckb-mainnet-30d-2026-08-31-v1
701,ckb1qzda0cr08m85hc8jlnfp3zer7xulejywt49kt2rr0vthywaa50xwsqgtjqt05crwkdrdnqjvvlckq8yy907z3xq8nhw6d,,51-200,81,,COMPLETE,PARTIAL,ckb-mainnet-30d-2026-08-31-v1
702,ckb1qzda0cr08m85hc8jlnfp3zer7xulejywt49kt2rr0vthywaa50xwsqgtnlxsdxd59738lfcuwtx9rwht50pmcus3ye2h3,,unknown,,,FAILED_RETRY_EXHAUSTED,PARTIAL,ckb-mainnet-30d-2026-08-31-v1
703,ckb1qzda0cr08m85hc8jlnfp3zer7xulejywt49kt2rr0vthywaa50xwsqgtx2tjysfne99gjt69psfea8xc2my2zlgsfgp59,,unknown,,,FAILED_RETRY_EXHAUSTED,PARTIAL,ckb-mainnet-30d-2026-08-31-v1
704,ckb1qzda0cr08m85hc8jlnfp3zer7xulejywt49kt2rr0vthywaa50xwsqgu7pyfhg4tq00pguszy8gckjkxshmacys678te3,,1001-5000,1386,bot_like,FAILED_RETRY_EXHAUSTED,PARTIAL,ckb-mainnet-30d-2026-08-31-v1
705,ckb1qzda0cr08m85hc8jlnfp3zer7xulejywt49kt2rr0vthywaa50xwsqgu9czpe425qsz593g408a4tgux442cwxsatj457,,1-10,3,human_like,COMPLETE,INSUFFICIENT_EVIDENCE,ckb-mainnet-30d-2026-08-31-v1
706,ckb1qzda0cr08m85hc8jlnfp3zer7xulejywt49kt2rr0vthywaa50xwsqgulzg2h44865y9svyw7s5390npefh3x9qrr8hc9,,unknown,,,COMPLETE,PARTIAL,ckb-mainnet-30d-2026-08-31-v1
707,ckb1qzda0cr08m85hc8jlnfp3zer7xulejywt49kt2rr0vthywaa50xwsqguvzhn36ualhchhnpmm7w5l5w6wwyzdjc9gyxqq,,5000+,6706,bot_like,COMPLETE,INSUFFICIENT_EVIDENCE,ckb-mainnet-30d-2026-08-31-v1
708,ckb1qzda0cr08m85hc8jlnfp3zer7xulejywt49kt2rr0vthywaa50xwsqguzqmcp4wprkpawalhp3hqfu9ur2q2tps9lv2ge,,1001-5000,1065,bot_like,COMPLETE,INSUFFICIENT_EVIDENCE,ckb-mainnet-30d-2026-08-31-v1
709,ckb1qzda0cr08m85hc8jlnfp3zer7xulejywt49kt2rr0vthywaa50xwsqgv9p59awt6f744dzhudpxwg07hhxrfxqqx304da,,unknown,,,FAILED_RETRY_EXHAUSTED,PARTIAL,ckb-mainnet-30d-2026-08-31-v1
710,ckb1qzda0cr08m85hc8jlnfp3zer7xulejywt49kt2rr0vthywaa50xwsqgvf6u2sgx8ud45x9dy6gqwl2rx5625w8g52tt66,,unknown,,,COMPLETE,PARTIAL,ckb-mainnet-30d-2026-08-31-v1
711,ckb1qzda0cr08m85hc8jlnfp3zer7xulejywt49kt2rr0vthywaa50xwsqgvhdamaryxwum3rdm2pfpm2vzlmt3e0uq0cll7q,,unknown,,,COMPLETE,PARTIAL,ckb-mainnet-30d-2026-08-31-v1
712,ckb1qzda0cr08m85hc8jlnfp3zer7xulejywt49kt2rr0vthywaa50xwsqgvmsa3c3ecl7edwqjvezvjcrwqs3ypy0gdesfvg,,unknown,,,COMPLETE,PARTIAL,ckb-mainnet-30d-2026-08-31-v1
713,ckb1qzda0cr08m85hc8jlnfp3zer7xulejywt49kt2rr0vthywaa50xwsqgvqj4l72jsc6mve69s24ggznk7vf09dpsgdszvp,,unknown,,,COMPLETE,PARTIAL,ckb-mainnet-30d-2026-08-31-v1
714,ckb1qzda0cr08m85hc8jlnfp3zer7xulejywt49kt2rr0vthywaa50xwsqgvs5gksmvyjy2jl746vvnnq5a7nuey9hsz2uudd,,unknown,,,COMPLETE,PARTIAL,ckb-mainnet-30d-2026-08-31-v1
715,ckb1qzda0cr08m85hc8jlnfp3zer7xulejywt49kt2rr0vthywaa50xwsqgw7a8wtdmg4er900svtg4vqn27upcpq4cnd4g7v,,unknown,,,COMPLETE,PARTIAL,ckb-mainnet-30d-2026-08-31-v1
716,ckb1qzda0cr08m85hc8jlnfp3zer7xulejywt49kt2rr0vthywaa50xwsqgwclc88er2n8s5d5cscywyshz8r3rwr9qla2lgd,,unknown,,,COMPLETE,PARTIAL,ckb-mainnet-30d-2026-08-31-v1
717,ckb1qzda0cr08m85hc8jlnfp3zer7xulejywt49kt2rr0vthywaa50xwsqgwfecefxhhy7jtetnnf835cc6pc4hup2g3047fh,,unknown,,,COMPLETE,PARTIAL,ckb-mainnet-30d-2026-08-31-v1
718,ckb1qzda0cr08m85hc8jlnfp3zer7xulejywt49kt2rr0vthywaa50xwsqgwnwze907evedj3hsygj2k9jelywm3mlsylksa9,,unknown,,,FAILED_RETRY_EXHAUSTED,PARTIAL,ckb-mainnet-30d-2026-08-31-v1
719,ckb1qzda0cr08m85hc8jlnfp3zer7xulejywt49kt2rr0vthywaa50xwsqgwum3jcpnajgd4teaa2zezc99pwfl3sug4xfx7f,,unknown,,,COMPLETE,PARTIAL,ckb-mainnet-30d-2026-08-31-v1
720,ckb1qzda0cr08m85hc8jlnfp3zer7xulejywt49kt2rr0vthywaa50xwsqgwwfzh5cmw04fyp5c7wh5rdvzq22m4jzsp9yju2,,unknown,,,FAILED_RETRY_EXHAUSTED,PARTIAL,ckb-mainnet-30d-2026-08-31-v1
721,ckb1qzda0cr08m85hc8jlnfp3zer7xulejywt49kt2rr0vthywaa50xwsqgx28kcstwk7zjpf7y8rrqdhtqt4da46xswdxdrn,,11-50,22,human_like,COMPLETE,INSUFFICIENT_EVIDENCE,ckb-mainnet-30d-2026-08-31-v1
722,ckb1qzda0cr08m85hc8jlnfp3zer7xulejywt49kt2rr0vthywaa50xwsqgx7zz4z95yfe23juh4dhsyxymx94qxrhscedcek,,unknown,,,FAILED_RETRY_EXHAUSTED,PARTIAL,ckb-mainnet-30d-2026-08-31-v1
723,ckb1qzda0cr08m85hc8jlnfp3zer7xulejywt49kt2rr0vthywaa50xwsqgxe3ru50ecjjruz4tymv759ztsdff7lxq74umg9,,unknown,,,COMPLETE,PARTIAL,ckb-mainnet-30d-2026-08-31-v1
724,ckb1qzda0cr08m85hc8jlnfp3zer7xulejywt49kt2rr0vthywaa50xwsqgxzcql4ag0g4m62mwwu3j4cppwuxpqwxghfn0y3,,1-10,2,human_like,COMPLETE,INSUFFICIENT_EVIDENCE,ckb-mainnet-30d-2026-08-31-v1
725,ckb1qzda0cr08m85hc8jlnfp3zer7xulejywt49kt2rr0vthywaa50xwsqgyc38gxchqxq76zu6enhvgp5mdsgv8e7gzp680x,,unknown,,,COMPLETE,PARTIAL,ckb-mainnet-30d-2026-08-31-v1
726,ckb1qzda0cr08m85hc8jlnfp3zer7xulejywt49kt2rr0vthywaa50xwsqgygj0n7vv7vk6ejt4d23yp87v5fe5352sv3hvfw,,unknown,,bot_like,COMPLETE,PARTIAL,ckb-mainnet-30d-2026-08-31-v1
727,ckb1qzda0cr08m85hc8jlnfp3zer7xulejywt49kt2rr0vthywaa50xwsqgymz5r96gzf6r87vldacvwxsxmk99t47swcpt4f,,unknown,,,FAILED_RETRY_EXHAUSTED,PARTIAL,ckb-mainnet-30d-2026-08-31-v1
728,ckb1qzda0cr08m85hc8jlnfp3zer7xulejywt49kt2rr0vthywaa50xwsqgyp2t4wt3qtna7hggt7mfp39zzk7vqu9sltw8z8,,11-50,17,human_like,COMPLETE,INSUFFICIENT_EVIDENCE,ckb-mainnet-30d-2026-08-31-v1
729,ckb1qzda0cr08m85hc8jlnfp3zer7xulejywt49kt2rr0vthywaa50xwsqgyvkdp7jhf7qmnqwwwwqkcx486ph24weqs2g79k,,unknown,,,FAILED_RETRY_EXHAUSTED,PARTIAL,ckb-mainnet-30d-2026-08-31-v1
730,ckb1qzda0cr08m85hc8jlnfp3zer7xulejywt49kt2rr0vthywaa50xwsqgyw0psk732mrsw44s5kqfh9kw5zgzt7fgpth7qu,,501-1000,708,,COMPLETE,INSUFFICIENT_EVIDENCE,ckb-mainnet-30d-2026-08-31-v1
731,ckb1qzda0cr08m85hc8jlnfp3zer7xulejywt49kt2rr0vthywaa50xwsqgyxsdzsqagk0lly758rp0hawjzx76wstsungwjh,,unknown,,,FAILED_RETRY_EXHAUSTED,PARTIAL,ckb-mainnet-30d-2026-08-31-v1
732,ckb1qzda0cr08m85hc8jlnfp3zer7xulejywt49kt2rr0vthywaa50xwsqgyy000nyw2vusqvhqnhpclqay3ppme74q30qusp,,5000+,54949,bot_like,COMPLETE,INSUFFICIENT_EVIDENCE,ckb-mainnet-30d-2026-08-31-v1
733,ckb1qzda0cr08m85hc8jlnfp3zer7xulejywt49kt2rr0vthywaa50xwsqgyyvh29w83h2lt4wwas26u7ht4sh2f5ysrd6897,,unknown,,,FAILED_RETRY_EXHAUSTED,PARTIAL,ckb-mainnet-30d-2026-08-31-v1
734,ckb1qzda0cr08m85hc8jlnfp3zer7xulejywt49kt2rr0vthywaa50xwsqgz80lfg3ydk7dkuu3tp4yylvts8z6sslqx89m8f,,1-10,9,human_like,COMPLETE,INSUFFICIENT_EVIDENCE,ckb-mainnet-30d-2026-08-31-v1
735,ckb1qzda0cr08m85hc8jlnfp3zer7xulejywt49kt2rr0vthywaa50xwsqgzf3hqqqjf0axygrucuec3fm0qejzss3sy3dxmc,,1-10,2,human_like,COMPLETE,INSUFFICIENT_EVIDENCE,ckb-mainnet-30d-2026-08-31-v1
736,ckb1qzda0cr08m85hc8jlnfp3zer7xulejywt49kt2rr0vthywaa50xwsqgzgak4nyyfjzlcnx6lel86kkl9wmn8cmqg5mv52,,501-1000,504,,COMPLETE,SUPPORTED,ckb-mainnet-30d-2026-08-31-v1
737,ckb1qzda0cr08m85hc8jlnfp3zer7xulejywt49kt2rr0vthywaa50xwsqgzku5d6wp53s4ukledn8j8u3t9vjxt7ys9uu00a,,unknown,,,COMPLETE,PARTIAL,ckb-mainnet-30d-2026-08-31-v1
738,ckb1qzda0cr08m85hc8jlnfp3zer7xulejywt49kt2rr0vthywaa50xwsqgzm5e3yf726rc70mkxfc2y2u4y3w27h6qeazjwx,,unknown,,,COMPLETE,PARTIAL,ckb-mainnet-30d-2026-08-31-v1
739,ckb1qzda0cr08m85hc8jlnfp3zer7xulejywt49kt2rr0vthywaa50xwsqgzn8kzhxna4m6zgj48hzm2a56splrqffcce3rs5,,unknown,,,FAILED_RETRY_EXHAUSTED,PARTIAL,ckb-mainnet-30d-2026-08-31-v1
740,ckb1qzda0cr08m85hc8jlnfp3zer7xulejywt49kt2rr0vthywaa50xwsqgzsfhz25zu4du35s2eyyre700dhhc04pqghrdgn,,1001-5000,1393,bot_like,COMPLETE,INSUFFICIENT_EVIDENCE,ckb-mainnet-30d-2026-08-31-v1
741,ckb1qzda0cr08m85hc8jlnfp3zer7xulejywt49kt2rr0vthywaa50xwsqgzw3mzymauaxcnfmsgnthh5gg7ykvxz6sc2jl0s,,unknown,,,FAILED_RETRY_EXHAUSTED,PARTIAL,ckb-mainnet-30d-2026-08-31-v1
742,ckb1qzda0cr08m85hc8jlnfp3zer7xulejywt49kt2rr0vthywaa50xwsqgzw9vj0prshmp4pm5jr0t8m4vwf353syqvqfm08,,unknown,,,COMPLETE,PARTIAL,ckb-mainnet-30d-2026-08-31-v1
743,ckb1qzda0cr08m85hc8jlnfp3zer7xulejywt49kt2rr0vthywaa50xwsqt06n9p44zkq6jdhw2tp4jdcvjerpwn40cjssztc,,1-10,2,human_like,COMPLETE,INSUFFICIENT_EVIDENCE,ckb-mainnet-30d-2026-08-31-v1
744,ckb1qzda0cr08m85hc8jlnfp3zer7xulejywt49kt2rr0vthywaa50xwsqt0ayt9cx3tfx3gdmm9vt4r46tj26aus5q6rpaqf,,unknown,,,COMPLETE,PARTIAL,ckb-mainnet-30d-2026-08-31-v1
745,ckb1qzda0cr08m85hc8jlnfp3zer7xulejywt49kt2rr0vthywaa50xwsqt2dw05dtsdwuhpd9klvtd8kywq7wmjd7c9zwp3d,,1-10,2,human_like,COMPLETE,PARTIAL,ckb-mainnet-30d-2026-08-31-v1
746,ckb1qzda0cr08m85hc8jlnfp3zer7xulejywt49kt2rr0vthywaa50xwsqt2e7jpk20nyyyuwdqmvqk427ql2593nugpqd4pp,,51-200,78,,COMPLETE,PARTIAL,ckb-mainnet-30d-2026-08-31-v1
747,ckb1qzda0cr08m85hc8jlnfp3zer7xulejywt49kt2rr0vthywaa50xwsqt2gnkqzr9sm0q9syuahhy9mgu9hx3r5pg74y4jz,,501-1000,908,,COMPLETE,PARTIAL,ckb-mainnet-30d-2026-08-31-v1
748,ckb1qzda0cr08m85hc8jlnfp3zer7xulejywt49kt2rr0vthywaa50xwsqt2hf4pt58qrvnfk02tyhq2pe30t209xecsrj2fy,,unknown,,,COMPLETE,PARTIAL,ckb-mainnet-30d-2026-08-31-v1
749,ckb1qzda0cr08m85hc8jlnfp3zer7xulejywt49kt2rr0vthywaa50xwsqt376rhj4v6at9ulaadnkzpvzku0xz4nqqup6qdl,,1-10,2,human_like,COMPLETE,INSUFFICIENT_EVIDENCE,ckb-mainnet-30d-2026-08-31-v1
750,ckb1qzda0cr08m85hc8jlnfp3zer7xulejywt49kt2rr0vthywaa50xwsqt3j4qnk2pk9pwdn0wnx04ngejfc5de4dccgk8ws,,1001-5000,2164,bot_like,COMPLETE,INSUFFICIENT_EVIDENCE,ckb-mainnet-30d-2026-08-31-v1
751,ckb1qzda0cr08m85hc8jlnfp3zer7xulejywt49kt2rr0vthywaa50xwsqt3tqddwnr5xfm52vevcyujfw8nhrr77hc0uppq7,,unknown,,,COMPLETE,PARTIAL,ckb-mainnet-30d-2026-08-31-v1
752,ckb1qzda0cr08m85hc8jlnfp3zer7xulejywt49kt2rr0vthywaa50xwsqt3ud7jw2n4qxe2fj84vm2ez6q3mp0k3tq53ltk3,,1-10,2,human_like,COMPLETE,INSUFFICIENT_EVIDENCE,ckb-mainnet-30d-2026-08-31-v1
753,ckb1qzda0cr08m85hc8jlnfp3zer7xulejywt49kt2rr0vthywaa50xwsqt44hj52utz2v6cpmwxuxyvkd6szca35fg4gv4wz,,5000+,7977,bot_like,COMPLETE,INSUFFICIENT_EVIDENCE,ckb-mainnet-30d-2026-08-31-v1
754,ckb1qzda0cr08m85hc8jlnfp3zer7xulejywt49kt2rr0vthywaa50xwsqt44ntk8mswsuzjtd7e5d4nm5q3akq8ppsvm3kqy,,unknown,,,COMPLETE,PARTIAL,ckb-mainnet-30d-2026-08-31-v1
755,ckb1qzda0cr08m85hc8jlnfp3zer7xulejywt49kt2rr0vthywaa50xwsqt485s60lj75yksuswl5uyyr7fyclqq2tsk3kxkr,,1001-5000,1197,bot_like,COMPLETE,INSUFFICIENT_EVIDENCE,ckb-mainnet-30d-2026-08-31-v1
756,ckb1qzda0cr08m85hc8jlnfp3zer7xulejywt49kt2rr0vthywaa50xwsqt4jrqf6nhnqwxw4fqv9t70sezcz4qk35c6emrmj,,5000+,6739,bot_like,COMPLETE,INSUFFICIENT_EVIDENCE,ckb-mainnet-30d-2026-08-31-v1
757,ckb1qzda0cr08m85hc8jlnfp3zer7xulejywt49kt2rr0vthywaa50xwsqt4m3njt3khypyev79qutpf67rewetpltge0mfds,,unknown,,,COMPLETE,PARTIAL,ckb-mainnet-30d-2026-08-31-v1
758,ckb1qzda0cr08m85hc8jlnfp3zer7xulejywt49kt2rr0vthywaa50xwsqt4rtfua5eqvmwtyn08y8yycc5lx2wty3qtcxx2a,,unknown,,,COMPLETE,PARTIAL,ckb-mainnet-30d-2026-08-31-v1
759,ckb1qzda0cr08m85hc8jlnfp3zer7xulejywt49kt2rr0vthywaa50xwsqt54rd9j3r3zpapkccj9y7p7m48y228hngff7u47,,1001-5000,1037,bot_like,COMPLETE,INSUFFICIENT_EVIDENCE,ckb-mainnet-30d-2026-08-31-v1
760,ckb1qzda0cr08m85hc8jlnfp3zer7xulejywt49kt2rr0vthywaa50xwsqt5ctdrmqm0ay6yk8h9nxh7uy0xu7tm8zs8tvu99,,unknown,,,COMPLETE,PARTIAL,ckb-mainnet-30d-2026-08-31-v1
761,ckb1qzda0cr08m85hc8jlnfp3zer7xulejywt49kt2rr0vthywaa50xwsqt5hd8ra55wkxyswhn2w70tvgp8pzwvapqeasdg3,,unknown,,,COMPLETE,PARTIAL,ckb-mainnet-30d-2026-08-31-v1
762,ckb1qzda0cr08m85hc8jlnfp3zer7xulejywt49kt2rr0vthywaa50xwsqt5rwtxkej7gytqs9vh8n3a09udt73gnrge8ketq,,unknown,,,FAILED_RETRY_EXHAUSTED,PARTIAL,ckb-mainnet-30d-2026-08-31-v1
763,ckb1qzda0cr08m85hc8jlnfp3zer7xulejywt49kt2rr0vthywaa50xwsqt5w5jtzg2qf05s9u53cj2gv47v0uvu8dcwlvrqc,,1001-5000,3334,bot_like,COMPLETE,INSUFFICIENT_EVIDENCE,ckb-mainnet-30d-2026-08-31-v1
764,ckb1qzda0cr08m85hc8jlnfp3zer7xulejywt49kt2rr0vthywaa50xwsqt6knef6c2z0fu3jn04zqhw2e6sk98a3gsrn64xu,,unknown,,,COMPLETE,INSUFFICIENT_EVIDENCE,ckb-mainnet-30d-2026-08-31-v1
765,ckb1qzda0cr08m85hc8jlnfp3zer7xulejywt49kt2rr0vthywaa50xwsqt6ppdkmsp25ffsxyr8ey2hg5detv2ulcsq54hkh,,1001-5000,1978,bot_like,COMPLETE,INSUFFICIENT_EVIDENCE,ckb-mainnet-30d-2026-08-31-v1
766,ckb1qzda0cr08m85hc8jlnfp3zer7xulejywt49kt2rr0vthywaa50xwsqt6tazknn3shl6jeynqghajfkmx0uxcsyg49hx74,,unknown,,,COMPLETE,PARTIAL,ckb-mainnet-30d-2026-08-31-v1
767,ckb1qzda0cr08m85hc8jlnfp3zer7xulejywt49kt2rr0vthywaa50xwsqt77x997v0x3d3m4sxxavmcanlvwn3q0hs4upt05,,unknown,,,COMPLETE,PARTIAL,ckb-mainnet-30d-2026-08-31-v1
768,ckb1qzda0cr08m85hc8jlnfp3zer7xulejywt49kt2rr0vthywaa50xwsqt7830n3sgc4rvmu4vym50snrq0f3qjsrgs64u8s,,unknown,,,COMPLETE,PARTIAL,ckb-mainnet-30d-2026-08-31-v1
769,ckb1qzda0cr08m85hc8jlnfp3zer7xulejywt49kt2rr0vthywaa50xwsqt785chmwk9t3w2j3570chwvmwq3l2sxrcvmsm9d,,unknown,,,COMPLETE,PARTIAL,ckb-mainnet-30d-2026-08-31-v1
770,ckb1qzda0cr08m85hc8jlnfp3zer7xulejywt49kt2rr0vthywaa50xwsqt7yjfwvfcn5gn3228650tvpn3q93tvnxstvcevu,,1-10,2,human_like,COMPLETE,INSUFFICIENT_EVIDENCE,ckb-mainnet-30d-2026-08-31-v1
771,ckb1qzda0cr08m85hc8jlnfp3zer7xulejywt49kt2rr0vthywaa50xwsqt84rvxyppu7c7zfv6xq50zgv034hdjxmguxeszx,,unknown,,,COMPLETE,PARTIAL,ckb-mainnet-30d-2026-08-31-v1
772,ckb1qzda0cr08m85hc8jlnfp3zer7xulejywt49kt2rr0vthywaa50xwsqt8cqqp7h76xg76krfy7gf9e76ukjptnwsggzgwq,,unknown,,,FAILED_RETRY_EXHAUSTED,PARTIAL,ckb-mainnet-30d-2026-08-31-v1
773,ckb1qzda0cr08m85hc8jlnfp3zer7xulejywt49kt2rr0vthywaa50xwsqt8ypvjjfwqn6eneekj0ykwyzrr2jnhxfq8t88cr,,5000+,5265,bot_like,COMPLETE,PARTIAL,ckb-mainnet-30d-2026-08-31-v1
774,ckb1qzda0cr08m85hc8jlnfp3zer7xulejywt49kt2rr0vthywaa50xwsqt94xsmh5kjp24djx4y5mpeq0usqthda4cvxxmuk,,unknown,,,COMPLETE,PARTIAL,ckb-mainnet-30d-2026-08-31-v1
775,ckb1qzda0cr08m85hc8jlnfp3zer7xulejywt49kt2rr0vthywaa50xwsqt99g9mrrpztjlg4tfwrnzeczrx6kpwdnqx90acl,,unknown,,,COMPLETE,PARTIAL,ckb-mainnet-30d-2026-08-31-v1
776,ckb1qzda0cr08m85hc8jlnfp3zer7xulejywt49kt2rr0vthywaa50xwsqt9vmtr0jddwrpmpp4tfvvmsmfxt4dvllqkk0arq,,unknown,,,COMPLETE,PARTIAL,ckb-mainnet-30d-2026-08-31-v1
777,ckb1qzda0cr08m85hc8jlnfp3zer7xulejywt49kt2rr0vthywaa50xwsqt9xmgc7s0x0ly43qpzev2er4w4320lwdgw4anh7,,5000+,18702,bot_like,COMPLETE,INSUFFICIENT_EVIDENCE,ckb-mainnet-30d-2026-08-31-v1
778,ckb1qzda0cr08m85hc8jlnfp3zer7xulejywt49kt2rr0vthywaa50xwsqta0jhkx5x23xyfhmv2kn2mwjfa343d2es94y0sp,,11-50,19,human_like,COMPLETE,INSUFFICIENT_EVIDENCE,ckb-mainnet-30d-2026-08-31-v1
779,ckb1qzda0cr08m85hc8jlnfp3zer7xulejywt49kt2rr0vthywaa50xwsqta6nhp4728qf2825cqule68ahw6ke55cgswr6t8,,unknown,,,COMPLETE,INSUFFICIENT_EVIDENCE,ckb-mainnet-30d-2026-08-31-v1
780,ckb1qzda0cr08m85hc8jlnfp3zer7xulejywt49kt2rr0vthywaa50xwsqtc39e2l04ha5t5fzvupspn49lftrglr8gw99j4e,,unknown,,,COMPLETE,PARTIAL,ckb-mainnet-30d-2026-08-31-v1
781,ckb1qzda0cr08m85hc8jlnfp3zer7xulejywt49kt2rr0vthywaa50xwsqtcj3ytn3vr7ux8twl2esdzhwqklqm5a9qjff8zs,,51-200,69,,COMPLETE,SUPPORTED,ckb-mainnet-30d-2026-08-31-v1
782,ckb1qzda0cr08m85hc8jlnfp3zer7xulejywt49kt2rr0vthywaa50xwsqtclu6vms4ugjz0atxwlcxdf3semgk53gg6zn597,,unknown,,,FAILED_RETRY_EXHAUSTED,PARTIAL,ckb-mainnet-30d-2026-08-31-v1
783,ckb1qzda0cr08m85hc8jlnfp3zer7xulejywt49kt2rr0vthywaa50xwsqtcpq6rsr3xmfz4xnav7vrszp3qwpcv9yg8urgcw,,51-200,97,,COMPLETE,PARTIAL,ckb-mainnet-30d-2026-08-31-v1
784,ckb1qzda0cr08m85hc8jlnfp3zer7xulejywt49kt2rr0vthywaa50xwsqtcvxuue7dhnqevq97ppey2v2nlmkr85aqtrn4y2,,1-10,1,human_like,COMPLETE,INSUFFICIENT_EVIDENCE,ckb-mainnet-30d-2026-08-31-v1
785,ckb1qzda0cr08m85hc8jlnfp3zer7xulejywt49kt2rr0vthywaa50xwsqtcz03jau3958a7esc84ygpk8vj8ad0njcym245u,,unknown,,,COMPLETE,PARTIAL,ckb-mainnet-30d-2026-08-31-v1
786,ckb1qzda0cr08m85hc8jlnfp3zer7xulejywt49kt2rr0vthywaa50xwsqtd8gd94nh08m99klckrn97qh0sxzc8xjcx7jtql,,1-10,2,human_like,COMPLETE,INSUFFICIENT_EVIDENCE,ckb-mainnet-30d-2026-08-31-v1
787,ckb1qzda0cr08m85hc8jlnfp3zer7xulejywt49kt2rr0vthywaa50xwsqtd9vhcdxgszckmrhj4em08p4l7g6u877ccyzsy7,,unknown,,,COMPLETE,PARTIAL,ckb-mainnet-30d-2026-08-31-v1
788,ckb1qzda0cr08m85hc8jlnfp3zer7xulejywt49kt2rr0vthywaa50xwsqtdc7efeq2t3xnqhtp336tfxd9sns8hz4cg3qf4y,,unknown,,,COMPLETE,PARTIAL,ckb-mainnet-30d-2026-08-31-v1
789,ckb1qzda0cr08m85hc8jlnfp3zer7xulejywt49kt2rr0vthywaa50xwsqtdjy59w688e9h3e6spw0ypv7k69nl2h6q3sma2z,,unknown,,,COMPLETE,SUPPORTED,ckb-mainnet-30d-2026-08-31-v1
790,ckb1qzda0cr08m85hc8jlnfp3zer7xulejywt49kt2rr0vthywaa50xwsqtdqrvcxvvmd02h6x8l4lwqh02g5zcskgqd42txr,,1001-5000,1145,bot_like,COMPLETE,INSUFFICIENT_EVIDENCE,ckb-mainnet-30d-2026-08-31-v1
791,ckb1qzda0cr08m85hc8jlnfp3zer7xulejywt49kt2rr0vthywaa50xwsqtdvhzxzyqcqqu3qu548g0yfhyhkn68s0s5tlqdh,,unknown,,,COMPLETE,PARTIAL,ckb-mainnet-30d-2026-08-31-v1
792,ckb1qzda0cr08m85hc8jlnfp3zer7xulejywt49kt2rr0vthywaa50xwsqtdwr0smrhh7h0pnkg2yve4ux7mfk3k9nswdj2s2,,unknown,,,COMPLETE,PARTIAL,ckb-mainnet-30d-2026-08-31-v1
793,ckb1qzda0cr08m85hc8jlnfp3zer7xulejywt49kt2rr0vthywaa50xwsqte45xrw70ax57nhjk3lwfpl4sxm5c0w9qneq63f,,1-10,2,human_like,COMPLETE,INSUFFICIENT_EVIDENCE,ckb-mainnet-30d-2026-08-31-v1
794,ckb1qzda0cr08m85hc8jlnfp3zer7xulejywt49kt2rr0vthywaa50xwsqte8ruahspqmzkwmeuae4v5yymsg8r9r7spk8h0y,,unknown,,,COMPLETE,PARTIAL,ckb-mainnet-30d-2026-08-31-v1
795,ckb1qzda0cr08m85hc8jlnfp3zer7xulejywt49kt2rr0vthywaa50xwsqteef8yemqzzx7zrqzw9tl8admfvcn57js5lzt82,,unknown,,,FAILED_RETRY_EXHAUSTED,PARTIAL,ckb-mainnet-30d-2026-08-31-v1
796,ckb1qzda0cr08m85hc8jlnfp3zer7xulejywt49kt2rr0vthywaa50xwsqtefa8zf5x0lltkreu77zv5830nwkld24gwljv3p,,unknown,,,COMPLETE,PARTIAL,ckb-mainnet-30d-2026-08-31-v1
797,ckb1qzda0cr08m85hc8jlnfp3zer7xulejywt49kt2rr0vthywaa50xwsqtem5y7jzd0lpeu669q0dg2x33pqgajxtgn5cmny,,1001-5000,1119,bot_like,COMPLETE,INSUFFICIENT_EVIDENCE,ckb-mainnet-30d-2026-08-31-v1
798,ckb1qzda0cr08m85hc8jlnfp3zer7xulejywt49kt2rr0vthywaa50xwsqtequhzd3hfxhammwmwh6e2sw6xynnrkzqzq6wuh,,1001-5000,1407,bot_like,COMPLETE,INSUFFICIENT_EVIDENCE,ckb-mainnet-30d-2026-08-31-v1
799,ckb1qzda0cr08m85hc8jlnfp3zer7xulejywt49kt2rr0vthywaa50xwsqteqxahcw2yy83y4svgzgg7aqk58708pqgfmxclg,,unknown,,,FAILED_RETRY_EXHAUSTED,PARTIAL,ckb-mainnet-30d-2026-08-31-v1
800,ckb1qzda0cr08m85hc8jlnfp3zer7xulejywt49kt2rr0vthywaa50xwsqteuhr80vfws6en6ju03huzvp3xh9z0juqelhgxu,,unknown,,,COMPLETE,PARTIAL,ckb-mainnet-30d-2026-08-31-v1
801,ckb1qzda0cr08m85hc8jlnfp3zer7xulejywt49kt2rr0vthywaa50xwsqtf8pf9tn3xzl0pjnwpyp49nqyazx5rwts7a7d5z,,unknown,,,COMPLETE,PARTIAL,ckb-mainnet-30d-2026-08-31-v1
802,ckb1qzda0cr08m85hc8jlnfp3zer7xulejywt49kt2rr0vthywaa50xwsqtfgy7n494w39ur9e3fdce8nkm7g5xkn7c3asagz,,unknown,,,FAILED_RETRY_EXHAUSTED,PARTIAL,ckb-mainnet-30d-2026-08-31-v1
803,ckb1qzda0cr08m85hc8jlnfp3zer7xulejywt49kt2rr0vthywaa50xwsqtfs070fqhspjhhzf0l5d2hrpd5hjvzmkgh8p6j2,,unknown,,,COMPLETE,PARTIAL,ckb-mainnet-30d-2026-08-31-v1
804,ckb1qzda0cr08m85hc8jlnfp3zer7xulejywt49kt2rr0vthywaa50xwsqtfxhm4mcvns0kxxp6yuy6skeha3pknhwqhsuzf0,,unknown,,,FAILED_RETRY_EXHAUSTED,PARTIAL,ckb-mainnet-30d-2026-08-31-v1
805,ckb1qzda0cr08m85hc8jlnfp3zer7xulejywt49kt2rr0vthywaa50xwsqtg0x4utygx8uw6cyrv429xrzcxdcmjpesd0t5vm,,1-10,2,human_like,COMPLETE,INSUFFICIENT_EVIDENCE,ckb-mainnet-30d-2026-08-31-v1
806,ckb1qzda0cr08m85hc8jlnfp3zer7xulejywt49kt2rr0vthywaa50xwsqtg2eyp82x7jqlmy9ggy6nwp4kf3nzzkpqfgp859,,unknown,,,COMPLETE,PARTIAL,ckb-mainnet-30d-2026-08-31-v1
807,ckb1qzda0cr08m85hc8jlnfp3zer7xulejywt49kt2rr0vthywaa50xwsqtg4cs6f9a2z82rlt748wx8jghe6qj9wfs6fnl7j,,1001-5000,1902,bot_like,COMPLETE,INSUFFICIENT_EVIDENCE,ckb-mainnet-30d-2026-08-31-v1
808,ckb1qzda0cr08m85hc8jlnfp3zer7xulejywt49kt2rr0vthywaa50xwsqtg608sukx6zv02svdu0hm3304fxhfrfzqvaphhu,,unknown,,,COMPLETE,PARTIAL,ckb-mainnet-30d-2026-08-31-v1
809,ckb1qzda0cr08m85hc8jlnfp3zer7xulejywt49kt2rr0vthywaa50xwsqtgateuk4kjwkfsxmpunvzlrflgvguqqccw5gdn7,,1001-5000,1031,bot_like,COMPLETE,INSUFFICIENT_EVIDENCE,ckb-mainnet-30d-2026-08-31-v1
810,ckb1qzda0cr08m85hc8jlnfp3zer7xulejywt49kt2rr0vthywaa50xwsqtgcug2zyn96tlrk38uespknjpm9kje90cuwuc97,,unknown,,,COMPLETE,PARTIAL,ckb-mainnet-30d-2026-08-31-v1
811,ckb1qzda0cr08m85hc8jlnfp3zer7xulejywt49kt2rr0vthywaa50xwsqthl80tuq23uvh5fxm6auu4va9dw76gclqtu8vax,,unknown,,,FAILED_RETRY_EXHAUSTED,PARTIAL,ckb-mainnet-30d-2026-08-31-v1
812,ckb1qzda0cr08m85hc8jlnfp3zer7xulejywt49kt2rr0vthywaa50xwsqthsmfsv2yddsyu04hxwg6aw82yvdhedgqvtvu0d,,unknown,,,FAILED_RETRY_EXHAUSTED,PARTIAL,ckb-mainnet-30d-2026-08-31-v1
813,ckb1qzda0cr08m85hc8jlnfp3zer7xulejywt49kt2rr0vthywaa50xwsqtj93tyqqgaemy8sysea5h3xstd94x5sqs50m7h7,,1001-5000,1689,bot_like,COMPLETE,INSUFFICIENT_EVIDENCE,ckb-mainnet-30d-2026-08-31-v1
814,ckb1qzda0cr08m85hc8jlnfp3zer7xulejywt49kt2rr0vthywaa50xwsqtjv4gnawq9taamz2yvlh5pe06vaw2u66qmwqjs7,,1001-5000,2240,bot_like,COMPLETE,INSUFFICIENT_EVIDENCE,ckb-mainnet-30d-2026-08-31-v1
815,ckb1qzda0cr08m85hc8jlnfp3zer7xulejywt49kt2rr0vthywaa50xwsqtkkx3urvug7hny8wgyf5s5vuchpvrhnks47yw86,,unknown,,,FAILED_RETRY_EXHAUSTED,PARTIAL,ckb-mainnet-30d-2026-08-31-v1
816,ckb1qzda0cr08m85hc8jlnfp3zer7xulejywt49kt2rr0vthywaa50xwsqtkltaepv2wtynt3reanng6u57a877z8rgumjsuk,,1-10,3,human_like,COMPLETE,INSUFFICIENT_EVIDENCE,ckb-mainnet-30d-2026-08-31-v1
817,ckb1qzda0cr08m85hc8jlnfp3zer7xulejywt49kt2rr0vthywaa50xwsqtkpvummtxgqsj3c4hjzz72atds4jf8zcsyp90ve,,unknown,,,COMPLETE,PARTIAL,ckb-mainnet-30d-2026-08-31-v1
818,ckb1qzda0cr08m85hc8jlnfp3zer7xulejywt49kt2rr0vthywaa50xwsqtl60mlnd8498tpqyfu5yud3fsrt5ndptc80xq2q,,unknown,,,COMPLETE,PARTIAL,ckb-mainnet-30d-2026-08-31-v1
819,ckb1qzda0cr08m85hc8jlnfp3zer7xulejywt49kt2rr0vthywaa50xwsqtlh7qz3nv4suwqvxmxhadm6580vjadl4s0kfc3n,,1-10,2,human_like,COMPLETE,INSUFFICIENT_EVIDENCE,ckb-mainnet-30d-2026-08-31-v1
820,ckb1qzda0cr08m85hc8jlnfp3zer7xulejywt49kt2rr0vthywaa50xwsqtlpgc29k57ufndd7gpm2jjvpwc2hqygjgtf54lg,,201-500,240,,COMPLETE,PARTIAL,ckb-mainnet-30d-2026-08-31-v1
821,ckb1qzda0cr08m85hc8jlnfp3zer7xulejywt49kt2rr0vthywaa50xwsqtmf2ge3pt50a67vdmwsj8l8rf6px43vxg098nyj,,unknown,,,COMPLETE,PARTIAL,ckb-mainnet-30d-2026-08-31-v1
822,ckb1qzda0cr08m85hc8jlnfp3zer7xulejywt49kt2rr0vthywaa50xwsqtmpkznmdu4zzsdpju79gsr535rawvdg7sh9dyzr,,1-10,2,human_like,COMPLETE,INSUFFICIENT_EVIDENCE,ckb-mainnet-30d-2026-08-31-v1
823,ckb1qzda0cr08m85hc8jlnfp3zer7xulejywt49kt2rr0vthywaa50xwsqtmxce7r9w6y4hc7ezw0p4f4uru6ejws2c4dc82w,,1-10,2,human_like,COMPLETE,INSUFFICIENT_EVIDENCE,ckb-mainnet-30d-2026-08-31-v1
824,ckb1qzda0cr08m85hc8jlnfp3zer7xulejywt49kt2rr0vthywaa50xwsqtnlh5nyt9d4rw4nn753ty8g9vuwxemmhgxqc6ug,,unknown,,,COMPLETE,PARTIAL,ckb-mainnet-30d-2026-08-31-v1
825,ckb1qzda0cr08m85hc8jlnfp3zer7xulejywt49kt2rr0vthywaa50xwsqtp5jzy9cjd2pytmmecllj3yt8wrgcj6fqj0rkul,,1-10,3,human_like,COMPLETE,INSUFFICIENT_EVIDENCE,ckb-mainnet-30d-2026-08-31-v1
826,ckb1qzda0cr08m85hc8jlnfp3zer7xulejywt49kt2rr0vthywaa50xwsqtq43kkkjp78arrz5dk9yazecfynnduu5qz9nfxd,,unknown,,,COMPLETE,PARTIAL,ckb-mainnet-30d-2026-08-31-v1
827,ckb1qzda0cr08m85hc8jlnfp3zer7xulejywt49kt2rr0vthywaa50xwsqtq7kfg7m5nzejcjug02mqqklfjea7fykqu7h5nz,,unknown,,,COMPLETE,PARTIAL,ckb-mainnet-30d-2026-08-31-v1
828,ckb1qzda0cr08m85hc8jlnfp3zer7xulejywt49kt2rr0vthywaa50xwsqtq9mzfvdhvl99qcucewayuw90g7s8477ckg5zhe,,unknown,,,FAILED_RETRY_EXHAUSTED,PARTIAL,ckb-mainnet-30d-2026-08-31-v1
829,ckb1qzda0cr08m85hc8jlnfp3zer7xulejywt49kt2rr0vthywaa50xwsqtr5klxrl240p2jsldlwhd6w3dv7fjj59cp6nkwy,,unknown,,,COMPLETE,PARTIAL,ckb-mainnet-30d-2026-08-31-v1
830,ckb1qzda0cr08m85hc8jlnfp3zer7xulejywt49kt2rr0vthywaa50xwsqtr9u6nwfx9mjt327hpekeptceatndqlwgxc9t6f,,11-50,22,human_like,COMPLETE,INSUFFICIENT_EVIDENCE,ckb-mainnet-30d-2026-08-31-v1
831,ckb1qzda0cr08m85hc8jlnfp3zer7xulejywt49kt2rr0vthywaa50xwsqtrgharvptjccs82vuam8rq3q7xzfguydcemx3d6,,1-10,3,human_like,COMPLETE,INSUFFICIENT_EVIDENCE,ckb-mainnet-30d-2026-08-31-v1
832,ckb1qzda0cr08m85hc8jlnfp3zer7xulejywt49kt2rr0vthywaa50xwsqtrnw7zxsu43ta29zppg7rk8e3d2zk4kpcz7nrpq,,unknown,,bot_like,FAILED_RETRY_EXHAUSTED,PARTIAL,ckb-mainnet-30d-2026-08-31-v1
833,ckb1qzda0cr08m85hc8jlnfp3zer7xulejywt49kt2rr0vthywaa50xwsqtrp6ncuqxwmyp7wfr9uywxyyfs7nvk44sx7ast5,,unknown,,,COMPLETE,PARTIAL,ckb-mainnet-30d-2026-08-31-v1
834,ckb1qzda0cr08m85hc8jlnfp3zer7xulejywt49kt2rr0vthywaa50xwsqtrvtdrcnncgh0vsc6rvsfvl3mk4lrf0hqv5ttla,,unknown,,,COMPLETE,PARTIAL,ckb-mainnet-30d-2026-08-31-v1
835,ckb1qzda0cr08m85hc8jlnfp3zer7xulejywt49kt2rr0vthywaa50xwsqts0nuc7ay2w00u35eal83750sgsr4xr9c723k5h,,unknown,,,FAILED_RETRY_EXHAUSTED,PARTIAL,ckb-mainnet-30d-2026-08-31-v1
836,ckb1qzda0cr08m85hc8jlnfp3zer7xulejywt49kt2rr0vthywaa50xwsqts64ruf8mljxrpch4hsglcupm596sdv2q760nde,,1001-5000,1022,bot_like,COMPLETE,INSUFFICIENT_EVIDENCE,ckb-mainnet-30d-2026-08-31-v1
837,ckb1qzda0cr08m85hc8jlnfp3zer7xulejywt49kt2rr0vthywaa50xwsqts8lza76xjqvsahh9zhwwpacxd30ctx7gmvqr75,,11-50,37,human_like,COMPLETE,INSUFFICIENT_EVIDENCE,ckb-mainnet-30d-2026-08-31-v1
838,ckb1qzda0cr08m85hc8jlnfp3zer7xulejywt49kt2rr0vthywaa50xwsqtsqnt3y4hf88rqmpjz3t6aq94z5hzukvcx4papd,,unknown,,,COMPLETE,PARTIAL,ckb-mainnet-30d-2026-08-31-v1
839,ckb1qzda0cr08m85hc8jlnfp3zer7xulejywt49kt2rr0vthywaa50xwsqttkscr3p930542e3zgzj3yujwpak0gq4slpgsny,,unknown,,,COMPLETE,PARTIAL,ckb-mainnet-30d-2026-08-31-v1
840,ckb1qzda0cr08m85hc8jlnfp3zer7xulejywt49kt2rr0vthywaa50xwsqttxq08u8yv9qf3jnfnkr4sj5ek9cneyvglyset5,,unknown,,,FAILED_RETRY_EXHAUSTED,PARTIAL,ckb-mainnet-30d-2026-08-31-v1
841,ckb1qzda0cr08m85hc8jlnfp3zer7xulejywt49kt2rr0vthywaa50xwsqtuds5922cp4p8zmnerrmqkwvq3358xywcws26ya,,unknown,,,COMPLETE,PARTIAL,ckb-mainnet-30d-2026-08-31-v1
842,ckb1qzda0cr08m85hc8jlnfp3zer7xulejywt49kt2rr0vthywaa50xwsqturdz2xlmpyp3n65t5ljh7g4wm5nprkassg2upy,,1-10,2,human_like,COMPLETE,INSUFFICIENT_EVIDENCE,ckb-mainnet-30d-2026-08-31-v1
843,ckb1qzda0cr08m85hc8jlnfp3zer7xulejywt49kt2rr0vthywaa50xwsqtuwmvfy6jhmlxfz5v5pters7pltcywpgsxqk3vh,,unknown,,,COMPLETE,INSUFFICIENT_EVIDENCE,ckb-mainnet-30d-2026-08-31-v1
844,ckb1qzda0cr08m85hc8jlnfp3zer7xulejywt49kt2rr0vthywaa50xwsqtv0wspg5f06a7rgnrjauyc5wwj2mk99echtjnwp,,unknown,,,FAILED_RETRY_EXHAUSTED,PARTIAL,ckb-mainnet-30d-2026-08-31-v1
845,ckb1qzda0cr08m85hc8jlnfp3zer7xulejywt49kt2rr0vthywaa50xwsqtv8ykkzvtxe6u6jc4gwwkp9rrf374lshqy4w4y6,,unknown,,,FAILED_RETRY_EXHAUSTED,PARTIAL,ckb-mainnet-30d-2026-08-31-v1
846,ckb1qzda0cr08m85hc8jlnfp3zer7xulejywt49kt2rr0vthywaa50xwsqtvk38dnwm5w9w2txerj53jfjlkwdmx63sacfnev,,51-200,67,,COMPLETE,PARTIAL,ckb-mainnet-30d-2026-08-31-v1
847,ckb1qzda0cr08m85hc8jlnfp3zer7xulejywt49kt2rr0vthywaa50xwsqtvu7w6m33dp2jq7wdhxuldls89490cc5sk7kcsp,,unknown,,,FAILED_RETRY_EXHAUSTED,PARTIAL,ckb-mainnet-30d-2026-08-31-v1
848,ckb1qzda0cr08m85hc8jlnfp3zer7xulejywt49kt2rr0vthywaa50xwsqtwhwseukev26py79eqk25vcqy6p7ldkngzrmrvv,,unknown,,bot_like,FAILED_RETRY_EXHAUSTED,PARTIAL,ckb-mainnet-30d-2026-08-31-v1
849,ckb1qzda0cr08m85hc8jlnfp3zer7xulejywt49kt2rr0vthywaa50xwsqtwuh9492rw529d223n4u36642lnadmxyc7f7u8l,,unknown,,,COMPLETE,INSUFFICIENT_EVIDENCE,ckb-mainnet-30d-2026-08-31-v1
850,ckb1qzda0cr08m85hc8jlnfp3zer7xulejywt49kt2rr0vthywaa50xwsqtwv6eueqmzuljtepywy5hdc2gl5jrtz6g6ef93l,,unknown,,,COMPLETE,INSUFFICIENT_EVIDENCE,ckb-mainnet-30d-2026-08-31-v1
851,ckb1qzda0cr08m85hc8jlnfp3zer7xulejywt49kt2rr0vthywaa50xwsqtxd3nueqkvw2s3xactdp9t0c6axsgmewgweeu7e,,unknown,,,COMPLETE,PARTIAL,ckb-mainnet-30d-2026-08-31-v1
852,ckb1qzda0cr08m85hc8jlnfp3zer7xulejywt49kt2rr0vthywaa50xwsqtxdw8h4yk3jnuln8ktwcdfymeapm6jg7s5pmley,,unknown,,,COMPLETE,PARTIAL,ckb-mainnet-30d-2026-08-31-v1
853,ckb1qzda0cr08m85hc8jlnfp3zer7xulejywt49kt2rr0vthywaa50xwsqtxs2yh5zja8p4dfx63s9999jfnv53faaqs06uu8,,unknown,,bot_like,FAILED_RETRY_EXHAUSTED,PARTIAL,ckb-mainnet-30d-2026-08-31-v1
854,ckb1qzda0cr08m85hc8jlnfp3zer7xulejywt49kt2rr0vthywaa50xwsqtxs7p5298z760ux68prmkhqf86dj3etfc36qcte,,1-10,2,human_like,COMPLETE,INSUFFICIENT_EVIDENCE,ckb-mainnet-30d-2026-08-31-v1
855,ckb1qzda0cr08m85hc8jlnfp3zer7xulejywt49kt2rr0vthywaa50xwsqtyedgf3hcmvghz4cmstp7pu7u76x93apgp9rzws,,unknown,,,COMPLETE,PARTIAL,ckb-mainnet-30d-2026-08-31-v1
856,ckb1qzda0cr08m85hc8jlnfp3zer7xulejywt49kt2rr0vthywaa50xwsqtyj4fuwzs3exms4rdq0ccw7dj6uwqne9cg37dum,,11-50,24,human_like,COMPLETE,INSUFFICIENT_EVIDENCE,ckb-mainnet-30d-2026-08-31-v1
857,ckb1qzda0cr08m85hc8jlnfp3zer7xulejywt49kt2rr0vthywaa50xwsqtz7rcay08zu2uym7crxxe8dv9aj3thjgs7f3wu2,,unknown,,,COMPLETE,PARTIAL,ckb-mainnet-30d-2026-08-31-v1
858,ckb1qzda0cr08m85hc8jlnfp3zer7xulejywt49kt2rr0vthywaa50xwsqv04dkmp3nkglmmwsw6eawezsdecnwwt9gktajtj,,unknown,,,FAILED_RETRY_EXHAUSTED,PARTIAL,ckb-mainnet-30d-2026-08-31-v1
859,ckb1qzda0cr08m85hc8jlnfp3zer7xulejywt49kt2rr0vthywaa50xwsqv07sjyn42umzcrg5tr9zvx4mne3ay649s9mszdr,,unknown,,,COMPLETE,PARTIAL,ckb-mainnet-30d-2026-08-31-v1
860,ckb1qzda0cr08m85hc8jlnfp3zer7xulejywt49kt2rr0vthywaa50xwsqv080q88xv7q4vjthljxx8hqyhma76nypggwehsa,,1001-5000,1356,bot_like,FAILED_RETRY_EXHAUSTED,PARTIAL,ckb-mainnet-30d-2026-08-31-v1
861,ckb1qzda0cr08m85hc8jlnfp3zer7xulejywt49kt2rr0vthywaa50xwsqv0d3y4xzhcy0lglxd46uqzqx6hfge8rfcu59hjh,,1001-5000,1309,bot_like,COMPLETE,INSUFFICIENT_EVIDENCE,ckb-mainnet-30d-2026-08-31-v1
862,ckb1qzda0cr08m85hc8jlnfp3zer7xulejywt49kt2rr0vthywaa50xwsqv0x2xn68daw4nt0ss2fqujrc6rmfcx09gttqkq0,,unknown,,,FAILED_RETRY_EXHAUSTED,PARTIAL,ckb-mainnet-30d-2026-08-31-v1
863,ckb1qzda0cr08m85hc8jlnfp3zer7xulejywt49kt2rr0vthywaa50xwsqv0y7jfjm5g6sx4f5tn3jxgqen2tjecgmqt7sdrd,,unknown,,,COMPLETE,PARTIAL,ckb-mainnet-30d-2026-08-31-v1
864,ckb1qzda0cr08m85hc8jlnfp3zer7xulejywt49kt2rr0vthywaa50xwsqv24kjravky74cfx5ff2k56kxqnvd22qngclpjwx,,1001-5000,1100,bot_like,COMPLETE,INSUFFICIENT_EVIDENCE,ckb-mainnet-30d-2026-08-31-v1
865,ckb1qzda0cr08m85hc8jlnfp3zer7xulejywt49kt2rr0vthywaa50xwsqv28623ss9uptevpdfusyqk7rf6ggh9lucdgrcf5,,1001-5000,1300,bot_like,COMPLETE,INSUFFICIENT_EVIDENCE,ckb-mainnet-30d-2026-08-31-v1
866,ckb1qzda0cr08m85hc8jlnfp3zer7xulejywt49kt2rr0vthywaa50xwsqv2mxk8gk0kdcqrjee7fdyy4dzjs3c8etq9dlarq,,unknown,,,COMPLETE,PARTIAL,ckb-mainnet-30d-2026-08-31-v1
867,ckb1qzda0cr08m85hc8jlnfp3zer7xulejywt49kt2rr0vthywaa50xwsqv2q2zccrprrnppkxncpj4wcphfzf6h7asgn07z3,,1-10,2,human_like,COMPLETE,INSUFFICIENT_EVIDENCE,ckb-mainnet-30d-2026-08-31-v1
868,ckb1qzda0cr08m85hc8jlnfp3zer7xulejywt49kt2rr0vthywaa50xwsqv3zjwlrxn8vk53c4d9a8ksecf9rj86mfsv8t4pc,,unknown,,,COMPLETE,SUPPORTED,ckb-mainnet-30d-2026-08-31-v1
869,ckb1qzda0cr08m85hc8jlnfp3zer7xulejywt49kt2rr0vthywaa50xwsqv45yf5q6ynep69kppw897xdgxd86w69nstg29fy,,unknown,,,FAILED_RETRY_EXHAUSTED,PARTIAL,ckb-mainnet-30d-2026-08-31-v1
870,ckb1qzda0cr08m85hc8jlnfp3zer7xulejywt49kt2rr0vthywaa50xwsqv47n6dc9ay34npwktvlpp5huzjvd07t4qhspqyz,,201-500,212,,COMPLETE,PARTIAL,ckb-mainnet-30d-2026-08-31-v1
871,ckb1qzda0cr08m85hc8jlnfp3zer7xulejywt49kt2rr0vthywaa50xwsqv4twdpchew2fdreeukg2dtl9p7f0wnjxckl7k7s,,unknown,,,FAILED_RETRY_EXHAUSTED,PARTIAL,ckb-mainnet-30d-2026-08-31-v1
872,ckb1qzda0cr08m85hc8jlnfp3zer7xulejywt49kt2rr0vthywaa50xwsqv52twl330j4d2n858snefzewnuwchku7ql2qas8,,unknown,,bot_like,COMPLETE,PARTIAL,ckb-mainnet-30d-2026-08-31-v1
873,ckb1qzda0cr08m85hc8jlnfp3zer7xulejywt49kt2rr0vthywaa50xwsqv54r405f85mw65djy9l56j6v3qp7a6v8crpuwl7,,1001-5000,1497,bot_like,FAILED_RETRY_EXHAUSTED,PARTIAL,ckb-mainnet-30d-2026-08-31-v1
874,ckb1qzda0cr08m85hc8jlnfp3zer7xulejywt49kt2rr0vthywaa50xwsqv59ncvatjy3r9640tdutfdyacrmz3cwwsu27h6d,,unknown,,,FAILED_RETRY_EXHAUSTED,PARTIAL,ckb-mainnet-30d-2026-08-31-v1
875,ckb1qzda0cr08m85hc8jlnfp3zer7xulejywt49kt2rr0vthywaa50xwsqv5fy2zkt07lz0jwtsukxstvhr9u7rx2zc38tmwe,,unknown,,,FAILED_RETRY_EXHAUSTED,PARTIAL,ckb-mainnet-30d-2026-08-31-v1
876,ckb1qzda0cr08m85hc8jlnfp3zer7xulejywt49kt2rr0vthywaa50xwsqv5uwm78vrgdrfmd056xn32q9junu3rg2c2we24p,,unknown,,,COMPLETE,PARTIAL,ckb-mainnet-30d-2026-08-31-v1
877,ckb1qzda0cr08m85hc8jlnfp3zer7xulejywt49kt2rr0vthywaa50xwsqv5vn90nv29ngxyzlddcqhfec4ejag85fgz5ryz3,,unknown,,,FAILED_RETRY_EXHAUSTED,PARTIAL,ckb-mainnet-30d-2026-08-31-v1
878,ckb1qzda0cr08m85hc8jlnfp3zer7xulejywt49kt2rr0vthywaa50xwsqv5xn32cdl2t82kswqnrf27q6c4fzv5l2g22mhle,,unknown,,,COMPLETE,PARTIAL,ckb-mainnet-30d-2026-08-31-v1
879,ckb1qzda0cr08m85hc8jlnfp3zer7xulejywt49kt2rr0vthywaa50xwsqv6ee355xxhkrz8rhplvqwjcxl3ru5pcssulyfzy,,unknown,,,COMPLETE,PARTIAL,ckb-mainnet-30d-2026-08-31-v1
880,ckb1qzda0cr08m85hc8jlnfp3zer7xulejywt49kt2rr0vthywaa50xwsqv6tp2xgrguu45084f4gl9emz8qd6l9hhg9glh2t,,unknown,,,FAILED_RETRY_EXHAUSTED,PARTIAL,ckb-mainnet-30d-2026-08-31-v1
881,ckb1qzda0cr08m85hc8jlnfp3zer7xulejywt49kt2rr0vthywaa50xwsqv7ayqjm88s60nm3gf56q55y578uw2weqgfx02sw,,51-200,126,,COMPLETE,PARTIAL,ckb-mainnet-30d-2026-08-31-v1
882,ckb1qzda0cr08m85hc8jlnfp3zer7xulejywt49kt2rr0vthywaa50xwsqv7gsyxmsj224h82fqzvy77nwd3jnpt7uc0r7npc,,unknown,,bot_like,FAILED_RETRY_EXHAUSTED,PARTIAL,ckb-mainnet-30d-2026-08-31-v1
883,ckb1qzda0cr08m85hc8jlnfp3zer7xulejywt49kt2rr0vthywaa50xwsqv7nn9j6tfzxufy3v6enaren4n9ds6f0dqvkwddv,,11-50,50,human_like,COMPLETE,INSUFFICIENT_EVIDENCE,ckb-mainnet-30d-2026-08-31-v1
884,ckb1qzda0cr08m85hc8jlnfp3zer7xulejywt49kt2rr0vthywaa50xwsqv7vnn4a83fkxlf3vdcyjqns8e4dcuv5msj4lqye,,unknown,,,FAILED_RETRY_EXHAUSTED,PARTIAL,ckb-mainnet-30d-2026-08-31-v1
885,ckb1qzda0cr08m85hc8jlnfp3zer7xulejywt49kt2rr0vthywaa50xwsqv85ky4t9dc7w6j6v8cnphv5fw0ndftk0schx40p,,1-10,2,human_like,COMPLETE,INSUFFICIENT_EVIDENCE,ckb-mainnet-30d-2026-08-31-v1
886,ckb1qzda0cr08m85hc8jlnfp3zer7xulejywt49kt2rr0vthywaa50xwsqv88gk7fe8lhe8j76cam2f89eqswh6u57gl48ed8,,5000+,26276,bot_like,COMPLETE,INSUFFICIENT_EVIDENCE,ckb-mainnet-30d-2026-08-31-v1
887,ckb1qzda0cr08m85hc8jlnfp3zer7xulejywt49kt2rr0vthywaa50xwsqv8cuf7vzh62m9gwyv59lzha9nx6ar5d9qqkp5em,,5000+,301911,bot_like,COMPLETE,INSUFFICIENT_EVIDENCE,ckb-mainnet-30d-2026-08-31-v1
888,ckb1qzda0cr08m85hc8jlnfp3zer7xulejywt49kt2rr0vthywaa50xwsqv8ejrmt8xqzuql29z9f0n3w0hsth3us3qyhqspl,,1001-5000,1525,bot_like,COMPLETE,INSUFFICIENT_EVIDENCE,ckb-mainnet-30d-2026-08-31-v1
889,ckb1qzda0cr08m85hc8jlnfp3zer7xulejywt49kt2rr0vthywaa50xwsqv8hw3zvw4z7mjvl56keltl6mkw3ggrl7gvgwty2,,51-200,190,,COMPLETE,INSUFFICIENT_EVIDENCE,ckb-mainnet-30d-2026-08-31-v1
890,ckb1qzda0cr08m85hc8jlnfp3zer7xulejywt49kt2rr0vthywaa50xwsqv8mt7uj0ynsd25vlufex6xm5czh04nglsd68gcc,,unknown,,,COMPLETE,PARTIAL,ckb-mainnet-30d-2026-08-31-v1
891,ckb1qzda0cr08m85hc8jlnfp3zer7xulejywt49kt2rr0vthywaa50xwsqv8yreznvv7falyl3sk08l74zh6aj9u9hsrpfysy,,unknown,,,COMPLETE,PARTIAL,ckb-mainnet-30d-2026-08-31-v1
892,ckb1qzda0cr08m85hc8jlnfp3zer7xulejywt49kt2rr0vthywaa50xwsqv98zwvdlfvcwhppy75jcs0u8566vupxzs735ggx,,unknown,,,COMPLETE,PARTIAL,ckb-mainnet-30d-2026-08-31-v1
893,ckb1qzda0cr08m85hc8jlnfp3zer7xulejywt49kt2rr0vthywaa50xwsqv9ft027uv84z4nc4wsgwl32u6ex4e4qsscccscx,,5000+,121508,bot_like,COMPLETE,INSUFFICIENT_EVIDENCE,ckb-mainnet-30d-2026-08-31-v1
894,ckb1qzda0cr08m85hc8jlnfp3zer7xulejywt49kt2rr0vthywaa50xwsqv9hhmy8u8z5xeay9r56pp3akjdmmannxqx3n837,,unknown,,,COMPLETE,PARTIAL,ckb-mainnet-30d-2026-08-31-v1
895,ckb1qzda0cr08m85hc8jlnfp3zer7xulejywt49kt2rr0vthywaa50xwsqv9q7ytwr9dncyftpv8fetndn3hr5r4yygghtd9m,,unknown,,,COMPLETE,INSUFFICIENT_EVIDENCE,ckb-mainnet-30d-2026-08-31-v1
896,ckb1qzda0cr08m85hc8jlnfp3zer7xulejywt49kt2rr0vthywaa50xwsqv9vq2saz7l7g6kuu2zz7ufndw3u69fmtc5vm26p,,11-50,28,human_like,COMPLETE,INSUFFICIENT_EVIDENCE,ckb-mainnet-30d-2026-08-31-v1
897,ckb1qzda0cr08m85hc8jlnfp3zer7xulejywt49kt2rr0vthywaa50xwsqv9vxgmpvg55u2p84e8xerreq8kg4lf4ugyddftc,,1001-5000,1449,bot_like,COMPLETE,INSUFFICIENT_EVIDENCE,ckb-mainnet-30d-2026-08-31-v1
898,ckb1qzda0cr08m85hc8jlnfp3zer7xulejywt49kt2rr0vthywaa50xwsqva6slkwzalfalw2gl7cawxfkx3s2dt8tq3zqy53,,unknown,,,FAILED_RETRY_EXHAUSTED,PARTIAL,ckb-mainnet-30d-2026-08-31-v1
899,ckb1qzda0cr08m85hc8jlnfp3zer7xulejywt49kt2rr0vthywaa50xwsqva9566fj9hm2ndxqu36cdj674xcclu07cpf487z,,1-10,2,human_like,COMPLETE,INSUFFICIENT_EVIDENCE,ckb-mainnet-30d-2026-08-31-v1
900,ckb1qzda0cr08m85hc8jlnfp3zer7xulejywt49kt2rr0vthywaa50xwsqvac5x8rl5h5ha25vngn064x44uep988tgt5sz7p,,51-200,64,human_like,COMPLETE,INSUFFICIENT_EVIDENCE,ckb-mainnet-30d-2026-08-31-v1
901,ckb1qzda0cr08m85hc8jlnfp3zer7xulejywt49kt2rr0vthywaa50xwsqvcd7tpxv7lhxe3zun7m8x0fatpmpujtlc8yc7ha,,1-10,8,human_like,COMPLETE,INSUFFICIENT_EVIDENCE,ckb-mainnet-30d-2026-08-31-v1
902,ckb1qzda0cr08m85hc8jlnfp3zer7xulejywt49kt2rr0vthywaa50xwsqvdd6sal6kly783vvjjs7z67v96lrelzss078v03,,unknown,,,FAILED_RETRY_EXHAUSTED,PARTIAL,ckb-mainnet-30d-2026-08-31-v1
903,ckb1qzda0cr08m85hc8jlnfp3zer7xulejywt49kt2rr0vthywaa50xwsqvde0h8xdeqmmvrxqsjqf8pl9kjltjsupsfxlpgt,,unknown,,,COMPLETE,PARTIAL,ckb-mainnet-30d-2026-08-31-v1
904,ckb1qzda0cr08m85hc8jlnfp3zer7xulejywt49kt2rr0vthywaa50xwsqvdgqvpj9x7kqd6xsveqgm3vywky652n7gmm522p,,1-10,2,human_like,COMPLETE,INSUFFICIENT_EVIDENCE,ckb-mainnet-30d-2026-08-31-v1
905,ckb1qzda0cr08m85hc8jlnfp3zer7xulejywt49kt2rr0vthywaa50xwsqvdqgkhnpxh6ccf7k2e79yp469ktvc5uwgxjwky2,,1-10,2,human_like,COMPLETE,INSUFFICIENT_EVIDENCE,ckb-mainnet-30d-2026-08-31-v1
906,ckb1qzda0cr08m85hc8jlnfp3zer7xulejywt49kt2rr0vthywaa50xwsqvdsgte9pkmratzhwchaanuuvhvmd3pp9cfvddsg,,unknown,,,COMPLETE,PARTIAL,ckb-mainnet-30d-2026-08-31-v1
907,ckb1qzda0cr08m85hc8jlnfp3zer7xulejywt49kt2rr0vthywaa50xwsqvdu4tnf9uueqjdd4k57c8hh5g458jlvlsk90qe4,,unknown,,,COMPLETE,PARTIAL,ckb-mainnet-30d-2026-08-31-v1
908,ckb1qzda0cr08m85hc8jlnfp3zer7xulejywt49kt2rr0vthywaa50xwsqvdu6azqm97z3nfv9r2zs0q9m9jedf4z0qllxwrl,,unknown,,,COMPLETE,PARTIAL,ckb-mainnet-30d-2026-08-31-v1
909,ckb1qzda0cr08m85hc8jlnfp3zer7xulejywt49kt2rr0vthywaa50xwsqvdzl6lke4a3epsg4pt8xm024zlth6prushfxpta,,unknown,,,COMPLETE,INSUFFICIENT_EVIDENCE,ckb-mainnet-30d-2026-08-31-v1
910,ckb1qzda0cr08m85hc8jlnfp3zer7xulejywt49kt2rr0vthywaa50xwsqvefzf0avujau9vy9yg22xedwqu5hv939gyswlfx,,unknown,,,FAILED_RETRY_EXHAUSTED,PARTIAL,ckb-mainnet-30d-2026-08-31-v1
911,ckb1qzda0cr08m85hc8jlnfp3zer7xulejywt49kt2rr0vthywaa50xwsqvehcws3ggwuk35js8qz299pmtd20ppvmg5ksx6t,,unknown,,,FAILED_RETRY_EXHAUSTED,PARTIAL,ckb-mainnet-30d-2026-08-31-v1
912,ckb1qzda0cr08m85hc8jlnfp3zer7xulejywt49kt2rr0vthywaa50xwsqvekrxvp6q8v4lr3ej65u0q4qu3sj8yknqq7f5d0,,unknown,,,FAILED_RETRY_EXHAUSTED,PARTIAL,ckb-mainnet-30d-2026-08-31-v1
913,ckb1qzda0cr08m85hc8jlnfp3zer7xulejywt49kt2rr0vthywaa50xwsqvexj5d7mdsfuygtynap2q7lcqlhr6kdagauegxm,,unknown,,,FAILED_RETRY_EXHAUSTED,PARTIAL,ckb-mainnet-30d-2026-08-31-v1
914,ckb1qzda0cr08m85hc8jlnfp3zer7xulejywt49kt2rr0vthywaa50xwsqvffvgnjm9sgxvvs84v5fwddr9xx8y47ccf90tv3,,unknown,,,FAILED_RETRY_EXHAUSTED,PARTIAL,ckb-mainnet-30d-2026-08-31-v1
915,ckb1qzda0cr08m85hc8jlnfp3zer7xulejywt49kt2rr0vthywaa50xwsqvgqh40v2g5ps3rann79tvw9gq6ewrft7gp909qk,,5000+,1946582,bot_like,COMPLETE,INSUFFICIENT_EVIDENCE,ckb-mainnet-30d-2026-08-31-v1
916,ckb1qzda0cr08m85hc8jlnfp3zer7xulejywt49kt2rr0vthywaa50xwsqvgs2zwsg0u7peqkmhscsnwszh54sdqs6sjkt9mp,,1-10,1,human_like,COMPLETE,INSUFFICIENT_EVIDENCE,ckb-mainnet-30d-2026-08-31-v1
917,ckb1qzda0cr08m85hc8jlnfp3zer7xulejywt49kt2rr0vthywaa50xwsqvh639mn84vea2mr46k5rqrvfq6zg6h4mqaxt69f,,unknown,,,COMPLETE,PARTIAL,ckb-mainnet-30d-2026-08-31-v1
918,ckb1qzda0cr08m85hc8jlnfp3zer7xulejywt49kt2rr0vthywaa50xwsqvh96uwpjsghcyeuedp0wmt5k8nzc0gwjqfr5qu7,,unknown,,,COMPLETE,INSUFFICIENT_EVIDENCE,ckb-mainnet-30d-2026-08-31-v1
919,ckb1qzda0cr08m85hc8jlnfp3zer7xulejywt49kt2rr0vthywaa50xwsqvhl5ywzxe4tpun3frshvq34p7rlh356sq0sx2vd,,unknown,,,COMPLETE,PARTIAL,ckb-mainnet-30d-2026-08-31-v1
920,ckb1qzda0cr08m85hc8jlnfp3zer7xulejywt49kt2rr0vthywaa50xwsqvhrfezapvnxmakv6relqsjugjyeccwwaqz6drgw,,unknown,,,FAILED_RETRY_EXHAUSTED,PARTIAL,ckb-mainnet-30d-2026-08-31-v1
921,ckb1qzda0cr08m85hc8jlnfp3zer7xulejywt49kt2rr0vthywaa50xwsqvjpnzdqgz2pqdmn72qmm3wus9je59wheqangdzf,,unknown,,,COMPLETE,PARTIAL,ckb-mainnet-30d-2026-08-31-v1
922,ckb1qzda0cr08m85hc8jlnfp3zer7xulejywt49kt2rr0vthywaa50xwsqvjvfddqll5qztlccn06gs02ske0yc68esgdkxfp,,unknown,,,COMPLETE,PARTIAL,ckb-mainnet-30d-2026-08-31-v1
923,ckb1qzda0cr08m85hc8jlnfp3zer7xulejywt49kt2rr0vthywaa50xwsqvjzc76tmx2q85dz9l660n2625wnk6vngga7rpqc,,1001-5000,1490,bot_like,COMPLETE,INSUFFICIENT_EVIDENCE,ckb-mainnet-30d-2026-08-31-v1
924,ckb1qzda0cr08m85hc8jlnfp3zer7xulejywt49kt2rr0vthywaa50xwsqvkdvwnt7g07cavxzwdpc6rhyz9dpje6zgyldedd,,unknown,,,COMPLETE,PARTIAL,ckb-mainnet-30d-2026-08-31-v1
925,ckb1qzda0cr08m85hc8jlnfp3zer7xulejywt49kt2rr0vthywaa50xwsqvknttjvpk89lj2c9ykxvethuaft52j3fs9df6l3,,unknown,,,COMPLETE,PARTIAL,ckb-mainnet-30d-2026-08-31-v1
926,ckb1qzda0cr08m85hc8jlnfp3zer7xulejywt49kt2rr0vthywaa50xwsqvkt2ql6y7gdn7dsh0txtwkluf8n57tadgdmaj8h,,unknown,,,COMPLETE,PARTIAL,ckb-mainnet-30d-2026-08-31-v1
927,ckb1qzda0cr08m85hc8jlnfp3zer7xulejywt49kt2rr0vthywaa50xwsqvkxl5y7fzw25kenl7zsh5u5f8yjww5juc69llx3,,unknown,,,COMPLETE,PARTIAL,ckb-mainnet-30d-2026-08-31-v1
928,ckb1qzda0cr08m85hc8jlnfp3zer7xulejywt49kt2rr0vthywaa50xwsqvkzgznnkkedc0yda0qvv3r29vmzd3690cgu4u3m,,5000+,37841,bot_like,COMPLETE,INSUFFICIENT_EVIDENCE,ckb-mainnet-30d-2026-08-31-v1
929,ckb1qzda0cr08m85hc8jlnfp3zer7xulejywt49kt2rr0vthywaa50xwsqvlcdffkdyex0tne4f4n70uk8hxck6c6vgc3z537,,1-10,2,human_like,COMPLETE,INSUFFICIENT_EVIDENCE,ckb-mainnet-30d-2026-08-31-v1
930,ckb1qzda0cr08m85hc8jlnfp3zer7xulejywt49kt2rr0vthywaa50xwsqvm6tkktx0zr8tcgrs739vg8ud98t9lejq2dwjdl,,1-10,10,human_like,COMPLETE,INSUFFICIENT_EVIDENCE,ckb-mainnet-30d-2026-08-31-v1
931,ckb1qzda0cr08m85hc8jlnfp3zer7xulejywt49kt2rr0vthywaa50xwsqvmjk724y9qgf30ccu4zqd5aktvd4e8hcq3r3exj,,unknown,,,FAILED_RETRY_EXHAUSTED,PARTIAL,ckb-mainnet-30d-2026-08-31-v1
932,ckb1qzda0cr08m85hc8jlnfp3zer7xulejywt49kt2rr0vthywaa50xwsqvmmkpv65ayqg2c6ezrf2644lcfqe4vjng0qv493,,1001-5000,1158,bot_like,COMPLETE,PARTIAL,ckb-mainnet-30d-2026-08-31-v1
933,ckb1qzda0cr08m85hc8jlnfp3zer7xulejywt49kt2rr0vthywaa50xwsqvn87j7a9sndal6f0rv6ny34z7s7mcvypg5qhygq,,unknown,,,COMPLETE,PARTIAL,ckb-mainnet-30d-2026-08-31-v1
934,ckb1qzda0cr08m85hc8jlnfp3zer7xulejywt49kt2rr0vthywaa50xwsqvnz75wpz7kgfy6kmvukhlfmpkmg2kd2zgtuhp4d,,1001-5000,2568,bot_like,COMPLETE,INSUFFICIENT_EVIDENCE,ckb-mainnet-30d-2026-08-31-v1
935,ckb1qzda0cr08m85hc8jlnfp3zer7xulejywt49kt2rr0vthywaa50xwsqvp8xhg5clq467hh46ucqyj3ewsz8ym6hcgnrf4z,,unknown,,,FAILED_RETRY_EXHAUSTED,PARTIAL,ckb-mainnet-30d-2026-08-31-v1
936,ckb1qzda0cr08m85hc8jlnfp3zer7xulejywt49kt2rr0vthywaa50xwsqvpgseqcuuk9dl4s3rp7x0vehjyj3hjwuq5d67zk,,201-500,444,,FAILED_RETRY_EXHAUSTED,PARTIAL,ckb-mainnet-30d-2026-08-31-v1
937,ckb1qzda0cr08m85hc8jlnfp3zer7xulejywt49kt2rr0vthywaa50xwsqvq6ve8a90spwj33sdl7rtus9w5e0an4cc83el7m,,unknown,,,COMPLETE,PARTIAL,ckb-mainnet-30d-2026-08-31-v1
938,ckb1qzda0cr08m85hc8jlnfp3zer7xulejywt49kt2rr0vthywaa50xwsqvqevkva6q9gvagkzskxae5wn2t9xn5ygcvhdm4e,,1-10,2,human_like,COMPLETE,INSUFFICIENT_EVIDENCE,ckb-mainnet-30d-2026-08-31-v1
939,ckb1qzda0cr08m85hc8jlnfp3zer7xulejywt49kt2rr0vthywaa50xwsqvqjuupm239tnfp88qrra95336xzvm4dtqpxss5m,,1001-5000,3046,bot_like,COMPLETE,INSUFFICIENT_EVIDENCE,ckb-mainnet-30d-2026-08-31-v1
940,ckb1qzda0cr08m85hc8jlnfp3zer7xulejywt49kt2rr0vthywaa50xwsqvqt5lc9tlz527sfaf9k75eec0p3hf5epqqkr4vs,,unknown,,,COMPLETE,PARTIAL,ckb-mainnet-30d-2026-08-31-v1
941,ckb1qzda0cr08m85hc8jlnfp3zer7xulejywt49kt2rr0vthywaa50xwsqvr80zsu7n0h6vp7kp2cq2a7hn2ar7vsxcyxp2ax,,1-10,8,human_like,COMPLETE,INSUFFICIENT_EVIDENCE,ckb-mainnet-30d-2026-08-31-v1
942,ckb1qzda0cr08m85hc8jlnfp3zer7xulejywt49kt2rr0vthywaa50xwsqvrelwpst7phkr5npz98wwxxv2te6yg7rsqs8arn,,1-10,2,human_like,COMPLETE,INSUFFICIENT_EVIDENCE,ckb-mainnet-30d-2026-08-31-v1
943,ckb1qzda0cr08m85hc8jlnfp3zer7xulejywt49kt2rr0vthywaa50xwsqvs3zzveq452hhguh3ac42r07s6r738lxc675d2w,,1001-5000,1242,bot_like,FAILED_RETRY_EXHAUSTED,PARTIAL,ckb-mainnet-30d-2026-08-31-v1
944,ckb1qzda0cr08m85hc8jlnfp3zer7xulejywt49kt2rr0vthywaa50xwsqvss99tctqyhtmpyvlkc83mh207z25hw3q969vuh,,1-10,3,human_like,COMPLETE,INSUFFICIENT_EVIDENCE,ckb-mainnet-30d-2026-08-31-v1
945,ckb1qzda0cr08m85hc8jlnfp3zer7xulejywt49kt2rr0vthywaa50xwsqvtd053tgl4c6dcn4qe70nvyygkmh2llwgesskle,,unknown,,,COMPLETE,PARTIAL,ckb-mainnet-30d-2026-08-31-v1
946,ckb1qzda0cr08m85hc8jlnfp3zer7xulejywt49kt2rr0vthywaa50xwsqvtdygskru5q65j5d3juvhf4mt9px5aewsvuteqn,,unknown,,,FAILED_RETRY_EXHAUSTED,PARTIAL,ckb-mainnet-30d-2026-08-31-v1
947,ckb1qzda0cr08m85hc8jlnfp3zer7xulejywt49kt2rr0vthywaa50xwsqvtfx52pmwvmnlxc89ahpga6w6rk8r69xgmnsu28,,unknown,,,COMPLETE,PARTIAL,ckb-mainnet-30d-2026-08-31-v1
948,ckb1qzda0cr08m85hc8jlnfp3zer7xulejywt49kt2rr0vthywaa50xwsqvtz2k5ypztygpqla0yxjn4zgac9arunacypqlcy,,1-10,1,human_like,COMPLETE,INSUFFICIENT_EVIDENCE,ckb-mainnet-30d-2026-08-31-v1
949,ckb1qzda0cr08m85hc8jlnfp3zer7xulejywt49kt2rr0vthywaa50xwsqvu4vva27ejspmqt30kg7zld29xznhxvwc5zpfpf,,unknown,,,COMPLETE,PARTIAL,ckb-mainnet-30d-2026-08-31-v1
950,ckb1qzda0cr08m85hc8jlnfp3zer7xulejywt49kt2rr0vthywaa50xwsqvuh8nmuphsgaua6g0usmlknkk98gu4lhcmpyhsp,,unknown,,,COMPLETE,SUPPORTED,ckb-mainnet-30d-2026-08-31-v1
951,ckb1qzda0cr08m85hc8jlnfp3zer7xulejywt49kt2rr0vthywaa50xwsqvv32llhpulswvdp6kuf95k7kq0zdvj7tc8jqev7,,1-10,2,human_like,COMPLETE,INSUFFICIENT_EVIDENCE,ckb-mainnet-30d-2026-08-31-v1
952,ckb1qzda0cr08m85hc8jlnfp3zer7xulejywt49kt2rr0vthywaa50xwsqvv8g7vdgef7uzvvd8d4e0rd8fv55vrr6qw8m74r,,1-10,1,human_like,COMPLETE,INSUFFICIENT_EVIDENCE,ckb-mainnet-30d-2026-08-31-v1
953,ckb1qzda0cr08m85hc8jlnfp3zer7xulejywt49kt2rr0vthywaa50xwsqvva6zmstttmwvat2uw3k057rgnv5t3hts4vk7tv,,unknown,,,COMPLETE,PARTIAL,ckb-mainnet-30d-2026-08-31-v1
954,ckb1qzda0cr08m85hc8jlnfp3zer7xulejywt49kt2rr0vthywaa50xwsqvvchzc8yxvnsrkmuncs6gvgdp4qemefwck97ulz,,5000+,14180,bot_like,COMPLETE,INSUFFICIENT_EVIDENCE,ckb-mainnet-30d-2026-08-31-v1
955,ckb1qzda0cr08m85hc8jlnfp3zer7xulejywt49kt2rr0vthywaa50xwsqvvlm7uccuwt0shwln4mp4xnetf24h3h4sezvcyk,,501-1000,947,,FAILED_RETRY_EXHAUSTED,PARTIAL,ckb-mainnet-30d-2026-08-31-v1
956,ckb1qzda0cr08m85hc8jlnfp3zer7xulejywt49kt2rr0vthywaa50xwsqvvs2tgunjtmaazu0zajdrvfhnjgmrxrtgxy3wee,,unknown,,,FAILED_RETRY_EXHAUSTED,PARTIAL,ckb-mainnet-30d-2026-08-31-v1
957,ckb1qzda0cr08m85hc8jlnfp3zer7xulejywt49kt2rr0vthywaa50xwsqvw9pcxc3wfn4nel067qpwmr5yeekfh8zqyzk3aa,,11-50,33,human_like,COMPLETE,INSUFFICIENT_EVIDENCE,ckb-mainnet-30d-2026-08-31-v1
958,ckb1qzda0cr08m85hc8jlnfp3zer7xulejywt49kt2rr0vthywaa50xwsqvwl42mn75qtakq62dsx96gtfy76rdchhsd37u49,,51-200,92,,COMPLETE,PARTIAL,ckb-mainnet-30d-2026-08-31-v1
959,ckb1qzda0cr08m85hc8jlnfp3zer7xulejywt49kt2rr0vthywaa50xwsqvwmm3x88zdyt3hxuml03ezagaazxan73gxq5khl,,1-10,4,human_like,COMPLETE,INSUFFICIENT_EVIDENCE,ckb-mainnet-30d-2026-08-31-v1
960,ckb1qzda0cr08m85hc8jlnfp3zer7xulejywt49kt2rr0vthywaa50xwsqvwwjyy2ue6h3cg9yf6k07c4u5mlsep05s3evt90,,unknown,,,COMPLETE,PARTIAL,ckb-mainnet-30d-2026-08-31-v1
961,ckb1qzda0cr08m85hc8jlnfp3zer7xulejywt49kt2rr0vthywaa50xwsqvx0mstg9aqgrgvsqnrqd4ekwcthk0pfpqkaq02f,,unknown,,,COMPLETE,PARTIAL,ckb-mainnet-30d-2026-08-31-v1
962,ckb1qzda0cr08m85hc8jlnfp3zer7xulejywt49kt2rr0vthywaa50xwsqvxfn4dw95uwpq972rjvvkzc44c0hxltkghsrja0,,unknown,,,COMPLETE,PARTIAL,ckb-mainnet-30d-2026-08-31-v1
963,ckb1qzda0cr08m85hc8jlnfp3zer7xulejywt49kt2rr0vthywaa50xwsqvy6p5scn5xvswncwlzpfhap4prkxracucm68kwj,,unknown,,,COMPLETE,PARTIAL,ckb-mainnet-30d-2026-08-31-v1
964,ckb1qzda0cr08m85hc8jlnfp3zer7xulejywt49kt2rr0vthywaa50xwsqvy7kcd79as6em28rtmg777va2j349a3ycz75qyg,,unknown,,,COMPLETE,PARTIAL,ckb-mainnet-30d-2026-08-31-v1
965,ckb1qzda0cr08m85hc8jlnfp3zer7xulejywt49kt2rr0vthywaa50xwsqvyeguxz4y45vydqtdrvz6xz43tlcdc7acjhkesk,,unknown,,,COMPLETE,PARTIAL,ckb-mainnet-30d-2026-08-31-v1
966,ckb1qzda0cr08m85hc8jlnfp3zer7xulejywt49kt2rr0vthywaa50xwsqvyj2r4yc3a4cch60f6xdk37zuyvhfm30gnzj3gx,,1001-5000,1405,bot_like,COMPLETE,INSUFFICIENT_EVIDENCE,ckb-mainnet-30d-2026-08-31-v1
967,ckb1qzda0cr08m85hc8jlnfp3zer7xulejywt49kt2rr0vthywaa50xwsqvyr68dt8fqa0hhchdhkmtnv8s79dvuagswd5385,,5000+,267580,bot_like,COMPLETE,INSUFFICIENT_EVIDENCE,ckb-mainnet-30d-2026-08-31-v1
968,ckb1qzda0cr08m85hc8jlnfp3zer7xulejywt49kt2rr0vthywaa50xwsqvywhujlcxgs2glnv60xj83vzczrewnmcq7zy8t8,,1001-5000,1132,bot_like,COMPLETE,INSUFFICIENT_EVIDENCE,ckb-mainnet-30d-2026-08-31-v1
969,ckb1qzda0cr08m85hc8jlnfp3zer7xulejywt49kt2rr0vthywaa50xwsqvzfcj3jtlhzyuu4s5frtv9d3r7mexqhnclvhwkr,,unknown,,,COMPLETE,PARTIAL,ckb-mainnet-30d-2026-08-31-v1
970,ckb1qzda0cr08m85hc8jlnfp3zer7xulejywt49kt2rr0vthywaa50xwsqw03umm725psj3hjlkwv7zzwnnvzvtmzzc6g6x34,,11-50,45,human_like,COMPLETE,INSUFFICIENT_EVIDENCE,ckb-mainnet-30d-2026-08-31-v1
971,ckb1qzda0cr08m85hc8jlnfp3zer7xulejywt49kt2rr0vthywaa50xwsqw0dr0ghl76nf5xkw6lx0lxm032kw2jwwq6lnmhx,,unknown,,bot_like,COMPLETE,PARTIAL,ckb-mainnet-30d-2026-08-31-v1
972,ckb1qzda0cr08m85hc8jlnfp3zer7xulejywt49kt2rr0vthywaa50xwsqw0fl5ypcu4t23ec5rzkyhfgwjnxu6rasc6srlcl,,1-10,2,human_like,COMPLETE,INSUFFICIENT_EVIDENCE,ckb-mainnet-30d-2026-08-31-v1
973,ckb1qzda0cr08m85hc8jlnfp3zer7xulejywt49kt2rr0vthywaa50xwsqw0jcjwc83kxxqhrp7yzpyxvgckp24fwwse0q0rk,,unknown,,,FAILED_RETRY_EXHAUSTED,PARTIAL,ckb-mainnet-30d-2026-08-31-v1
974,ckb1qzda0cr08m85hc8jlnfp3zer7xulejywt49kt2rr0vthywaa50xwsqw0kyehc00l04ru5dldfhhtalx43fe9ppsdzgzgz,,unknown,,,COMPLETE,PARTIAL,ckb-mainnet-30d-2026-08-31-v1
975,ckb1qzda0cr08m85hc8jlnfp3zer7xulejywt49kt2rr0vthywaa50xwsqw20ylwscm8q35fdgh6vvl0mjpmg4p3macchmmr6,,unknown,,,COMPLETE,PARTIAL,ckb-mainnet-30d-2026-08-31-v1
976,ckb1qzda0cr08m85hc8jlnfp3zer7xulejywt49kt2rr0vthywaa50xwsqw24xn0tc4wjrun2gtdu7c092jqk98cl4gcazzl2,,1001-5000,2266,bot_like,COMPLETE,INSUFFICIENT_EVIDENCE,ckb-mainnet-30d-2026-08-31-v1
977,ckb1qzda0cr08m85hc8jlnfp3zer7xulejywt49kt2rr0vthywaa50xwsqw25a63jaehqxerg5z263nfp6s3dljrntgwkkw4h,,51-200,52,,FAILED_RETRY_EXHAUSTED,PARTIAL,ckb-mainnet-30d-2026-08-31-v1
978,ckb1qzda0cr08m85hc8jlnfp3zer7xulejywt49kt2rr0vthywaa50xwsqw2qmgk7tphggddk6mavjxzxhlaguum7ds7c7t8q,,501-1000,741,,COMPLETE,PARTIAL,ckb-mainnet-30d-2026-08-31-v1
979,ckb1qzda0cr08m85hc8jlnfp3zer7xulejywt49kt2rr0vthywaa50xwsqw35ntna3rkqcmgextlmp8pfwnmcxlafeqh6ry93,,unknown,,,FAILED_RETRY_EXHAUSTED,PARTIAL,ckb-mainnet-30d-2026-08-31-v1
980,ckb1qzda0cr08m85hc8jlnfp3zer7xulejywt49kt2rr0vthywaa50xwsqw4d5dwu9ayluhs9tkc2drt0c935ct0x5cttc522,,1-10,2,human_like,COMPLETE,INSUFFICIENT_EVIDENCE,ckb-mainnet-30d-2026-08-31-v1
981,ckb1qzda0cr08m85hc8jlnfp3zer7xulejywt49kt2rr0vthywaa50xwsqw4g46tafl6ct8c8t34y672p434zdhn8xq6a2psy,,11-50,14,human_like,COMPLETE,INSUFFICIENT_EVIDENCE,ckb-mainnet-30d-2026-08-31-v1
982,ckb1qzda0cr08m85hc8jlnfp3zer7xulejywt49kt2rr0vthywaa50xwsqw4h8l5zpl0tyey72702jlhg007u3nragstsf26n,,unknown,,,FAILED_RETRY_EXHAUSTED,PARTIAL,ckb-mainnet-30d-2026-08-31-v1
983,ckb1qzda0cr08m85hc8jlnfp3zer7xulejywt49kt2rr0vthywaa50xwsqw4k0cfcpvzekpmze0czdkzpxqf4dgqaycetlmuf,,unknown,,bot_like,FAILED_RETRY_EXHAUSTED,PARTIAL,ckb-mainnet-30d-2026-08-31-v1
984,ckb1qzda0cr08m85hc8jlnfp3zer7xulejywt49kt2rr0vthywaa50xwsqw4klymd5zxdtersxfu8wafdq803fudg7qpp9dz7,,unknown,,,COMPLETE,PARTIAL,ckb-mainnet-30d-2026-08-31-v1
985,ckb1qzda0cr08m85hc8jlnfp3zer7xulejywt49kt2rr0vthywaa50xwsqw4masztz302vmjlz02qkdx0u2h77v52jswycyu5,,1001-5000,1452,bot_like,FAILED_RETRY_EXHAUSTED,PARTIAL,ckb-mainnet-30d-2026-08-31-v1
986,ckb1qzda0cr08m85hc8jlnfp3zer7xulejywt49kt2rr0vthywaa50xwsqw4xpk4t3688duglxp0xvupwfj9u4y20rc5xvtlj,,unknown,,,COMPLETE,PARTIAL,ckb-mainnet-30d-2026-08-31-v1
987,ckb1qzda0cr08m85hc8jlnfp3zer7xulejywt49kt2rr0vthywaa50xwsqw4z50cyvxxvvnt8akzu07gn8agqvlx5js7pep0j,,unknown,,bot_like,FAILED_RETRY_EXHAUSTED,PARTIAL,ckb-mainnet-30d-2026-08-31-v1
988,ckb1qzda0cr08m85hc8jlnfp3zer7xulejywt49kt2rr0vthywaa50xwsqw55e3a0nd8dflp7ew8km8njxh3mp57e6qp75cau,,1001-5000,1800,bot_like,COMPLETE,INSUFFICIENT_EVIDENCE,ckb-mainnet-30d-2026-08-31-v1
989,ckb1qzda0cr08m85hc8jlnfp3zer7xulejywt49kt2rr0vthywaa50xwsqw5lewnq2e8cv8kmsye0k5z6jlnhrs5pdgfzkhzy,,1001-5000,1145,bot_like,COMPLETE,INSUFFICIENT_EVIDENCE,ckb-mainnet-30d-2026-08-31-v1
990,ckb1qzda0cr08m85hc8jlnfp3zer7xulejywt49kt2rr0vthywaa50xwsqw5pyla7y2d5y6dy2jxlj03c4p76ahmnhc0j4ars,,unknown,,,COMPLETE,PARTIAL,ckb-mainnet-30d-2026-08-31-v1
991,ckb1qzda0cr08m85hc8jlnfp3zer7xulejywt49kt2rr0vthywaa50xwsqw5rj262huu0sgcnq38shahvee2qpuuvtg8rve95,,unknown,,,COMPLETE,PARTIAL,ckb-mainnet-30d-2026-08-31-v1
992,ckb1qzda0cr08m85hc8jlnfp3zer7xulejywt49kt2rr0vthywaa50xwsqw665xuq56xz04qvkwaw304fyyt2ng6u8sxapmgw,,1-10,7,human_like,COMPLETE,INSUFFICIENT_EVIDENCE,ckb-mainnet-30d-2026-08-31-v1
993,ckb1qzda0cr08m85hc8jlnfp3zer7xulejywt49kt2rr0vthywaa50xwsqw6hjwylgj9pw0ae8pw0ctke60jpqw6f6slep8r3,,unknown,,,COMPLETE,PARTIAL,ckb-mainnet-30d-2026-08-31-v1
994,ckb1qzda0cr08m85hc8jlnfp3zer7xulejywt49kt2rr0vthywaa50xwsqw6pm0xlgq3kdfmf29zqd9yfpd8q2g6duqjl7wqm,,unknown,,,FAILED_RETRY_EXHAUSTED,PARTIAL,ckb-mainnet-30d-2026-08-31-v1
995,ckb1qzda0cr08m85hc8jlnfp3zer7xulejywt49kt2rr0vthywaa50xwsqw6sushnyawdllx7u6pgsf6vdtv90d3v2c6scl6v,,unknown,,,COMPLETE,PARTIAL,ckb-mainnet-30d-2026-08-31-v1
996,ckb1qzda0cr08m85hc8jlnfp3zer7xulejywt49kt2rr0vthywaa50xwsqw6ujq2qpcu7m6rmwt276sq275wpagjkhquf7rhu,,1001-5000,1330,bot_like,COMPLETE,INSUFFICIENT_EVIDENCE,ckb-mainnet-30d-2026-08-31-v1
997,ckb1qzda0cr08m85hc8jlnfp3zer7xulejywt49kt2rr0vthywaa50xwsqw70980sa70epqpxnhawt4ek50d7t99augeehwa4,,unknown,,,FAILED_RETRY_EXHAUSTED,PARTIAL,ckb-mainnet-30d-2026-08-31-v1
998,ckb1qzda0cr08m85hc8jlnfp3zer7xulejywt49kt2rr0vthywaa50xwsqw76vqq45434vph49vkxl406cp95886x2g79zp4d,,unknown,,,COMPLETE,PARTIAL,ckb-mainnet-30d-2026-08-31-v1
999,ckb1qzda0cr08m85hc8jlnfp3zer7xulejywt49kt2rr0vthywaa50xwsqw77m33spsnxcm6zsl9cuaaj8uzpkc46vc6w8y87,,unknown,,,FAILED_RETRY_EXHAUSTED,PARTIAL,ckb-mainnet-30d-2026-08-31-v1
1000,ckb1qzda0cr08m85hc8jlnfp3zer7xulejywt49kt2rr0vthywaa50xwsqw7fspuj5ny44ce32pp8lvgjqw90uekrjcg8usv9,,unknown,,,COMPLETE,PARTIAL,ckb-mainnet-30d-2026-08-31-v1
1001,ckb1qzda0cr08m85hc8jlnfp3zer7xulejywt49kt2rr0vthywaa50xwsqw827vkp4zln5plmzzktcymdr0ec8aqhpc4sr8d5,,1001-5000,3315,bot_like,COMPLETE,PARTIAL,ckb-mainnet-30d-2026-08-31-v1
1002,ckb1qzda0cr08m85hc8jlnfp3zer7xulejywt49kt2rr0vthywaa50xwsqw8agrm4yvlzsah4ca3dyvt9hz9qsdaxmq5qskx2,,1001-5000,1053,bot_like,COMPLETE,INSUFFICIENT_EVIDENCE,ckb-mainnet-30d-2026-08-31-v1
1003,ckb1qzda0cr08m85hc8jlnfp3zer7xulejywt49kt2rr0vthywaa50xwsqw8d28w8rr2qqwrepmex52mesujgfjqskcuvwgxj,,11-50,44,human_like,COMPLETE,INSUFFICIENT_EVIDENCE,ckb-mainnet-30d-2026-08-31-v1
1004,ckb1qzda0cr08m85hc8jlnfp3zer7xulejywt49kt2rr0vthywaa50xwsqw8n05pvq0v6vht3graz05kjzla3edv9cgf7s09r,,1001-5000,1534,bot_like,COMPLETE,INSUFFICIENT_EVIDENCE,ckb-mainnet-30d-2026-08-31-v1
1005,ckb1qzda0cr08m85hc8jlnfp3zer7xulejywt49kt2rr0vthywaa50xwsqw8q4nj0qyp80m5pnsgqg0n09zmtxmfccgm4ldvz,,5000+,6901,bot_like,COMPLETE,INSUFFICIENT_EVIDENCE,ckb-mainnet-30d-2026-08-31-v1
1006,ckb1qzda0cr08m85hc8jlnfp3zer7xulejywt49kt2rr0vthywaa50xwsqw8sae6fd5sruyeewfc82gs6epxav9tapqsgphme,,unknown,,,COMPLETE,PARTIAL,ckb-mainnet-30d-2026-08-31-v1
1007,ckb1qzda0cr08m85hc8jlnfp3zer7xulejywt49kt2rr0vthywaa50xwsqw8z3u97pnt66dr7g4fz9c352707rsy92gdmv56d,,11-50,22,human_like,COMPLETE,INSUFFICIENT_EVIDENCE,ckb-mainnet-30d-2026-08-31-v1
1008,ckb1qzda0cr08m85hc8jlnfp3zer7xulejywt49kt2rr0vthywaa50xwsqw973g6gzfxn2yh804xl67mpf888tlagkqzh4v47,,unknown,,,COMPLETE,PARTIAL,ckb-mainnet-30d-2026-08-31-v1
1009,ckb1qzda0cr08m85hc8jlnfp3zer7xulejywt49kt2rr0vthywaa50xwsqw9cxywse038q9496gt72efccm2jf0lygs5fcq86,,unknown,,,COMPLETE,PARTIAL,ckb-mainnet-30d-2026-08-31-v1
1010,ckb1qzda0cr08m85hc8jlnfp3zer7xulejywt49kt2rr0vthywaa50xwsqw9eyh2qqwkzdmu5xlwkc4lhfx6zsmh0ssed8wsm,,unknown,,,COMPLETE,PARTIAL,ckb-mainnet-30d-2026-08-31-v1
1011,ckb1qzda0cr08m85hc8jlnfp3zer7xulejywt49kt2rr0vthywaa50xwsqw9qsdmw4sh8288hp9rg6rzv0zjnlq2ujs3mez8t,,unknown,,,COMPLETE,PARTIAL,ckb-mainnet-30d-2026-08-31-v1
1012,ckb1qzda0cr08m85hc8jlnfp3zer7xulejywt49kt2rr0vthywaa50xwsqw9t5zng6xx58m2nha3lw65da4tsdntkqcxt2q9p,,unknown,,,COMPLETE,PARTIAL,ckb-mainnet-30d-2026-08-31-v1
1013,ckb1qzda0cr08m85hc8jlnfp3zer7xulejywt49kt2rr0vthywaa50xwsqw9u3r7vuv8pskppxp50rsf2xxxw8cj7nqyxyy7c,,1001-5000,2431,bot_like,COMPLETE,INSUFFICIENT_EVIDENCE,ckb-mainnet-30d-2026-08-31-v1
1014,ckb1qzda0cr08m85hc8jlnfp3zer7xulejywt49kt2rr0vthywaa50xwsqwa5eg6lrt7zwhk6f6cw85cvzhxx2l90wqs04m6q,,1-10,2,human_like,COMPLETE,INSUFFICIENT_EVIDENCE,ckb-mainnet-30d-2026-08-31-v1
1015,ckb1qzda0cr08m85hc8jlnfp3zer7xulejywt49kt2rr0vthywaa50xwsqwa8rj0tw7gqryffekt0wx3jw8r7vq8hzcqwhpvu,,1-10,2,human_like,COMPLETE,INSUFFICIENT_EVIDENCE,ckb-mainnet-30d-2026-08-31-v1
1016,ckb1qzda0cr08m85hc8jlnfp3zer7xulejywt49kt2rr0vthywaa50xwsqwafdszyl69fd8pd3hnen82j0qt6n9hzuc97c3nn,,unknown,,,FAILED_RETRY_EXHAUSTED,PARTIAL,ckb-mainnet-30d-2026-08-31-v1
1017,ckb1qzda0cr08m85hc8jlnfp3zer7xulejywt49kt2rr0vthywaa50xwsqwau96q6673hp5t3ncxypt85vrlv3ldvmchs7tt3,,unknown,,,COMPLETE,PARTIAL,ckb-mainnet-30d-2026-08-31-v1
1018,ckb1qzda0cr08m85hc8jlnfp3zer7xulejywt49kt2rr0vthywaa50xwsqwclramlxrmcu6r5nwxg55jmhj8ycwtcfs0lxcas,,unknown,,bot_like,FAILED_RETRY_EXHAUSTED,PARTIAL,ckb-mainnet-30d-2026-08-31-v1
1019,ckb1qzda0cr08m85hc8jlnfp3zer7xulejywt49kt2rr0vthywaa50xwsqwd08wtnzyj7wa3ux429fketrlal83gfycf3pgjs,,unknown,,,FAILED_RETRY_EXHAUSTED,PARTIAL,ckb-mainnet-30d-2026-08-31-v1
1020,ckb1qzda0cr08m85hc8jlnfp3zer7xulejywt49kt2rr0vthywaa50xwsqwd9wdqn3udclk6u86ed8glq7ep4gs2l6c4cwthv,,unknown,,,COMPLETE,PARTIAL,ckb-mainnet-30d-2026-08-31-v1
1021,ckb1qzda0cr08m85hc8jlnfp3zer7xulejywt49kt2rr0vthywaa50xwsqwda7qe8d78vuwpx20spzsuvtj92eulcagjenqnt,,unknown,,,COMPLETE,PARTIAL,ckb-mainnet-30d-2026-08-31-v1
1022,ckb1qzda0cr08m85hc8jlnfp3zer7xulejywt49kt2rr0vthywaa50xwsqwdcrrc7pg028fpfwrnsm7ahx5tvd74f2ge9u32a,,unknown,,,FAILED_RETRY_EXHAUSTED,PARTIAL,ckb-mainnet-30d-2026-08-31-v1
1023,ckb1qzda0cr08m85hc8jlnfp3zer7xulejywt49kt2rr0vthywaa50xwsqwdds9zeghmn5d5jl8htyp8wm3gyl7jz9qqrsxqy,,1001-5000,1234,bot_like,COMPLETE,INSUFFICIENT_EVIDENCE,ckb-mainnet-30d-2026-08-31-v1
1024,ckb1qzda0cr08m85hc8jlnfp3zer7xulejywt49kt2rr0vthywaa50xwsqwdqtm7fe8f0r3l4vflgcllp949spattvcdqtpd0,,unknown,,,FAILED_RETRY_EXHAUSTED,PARTIAL,ckb-mainnet-30d-2026-08-31-v1
1025,ckb1qzda0cr08m85hc8jlnfp3zer7xulejywt49kt2rr0vthywaa50xwsqwdr5q4rwruykhehd8hn6gxh892wtmdprcw3h3ce,,5000+,45401,bot_like,COMPLETE,SUPPORTED,ckb-mainnet-30d-2026-08-31-v1
1026,ckb1qzda0cr08m85hc8jlnfp3zer7xulejywt49kt2rr0vthywaa50xwsqwdue69w8azqlfrw86cvftw8kakguqxl5cz7vqux,,1-10,4,human_like,COMPLETE,INSUFFICIENT_EVIDENCE,ckb-mainnet-30d-2026-08-31-v1
1027,ckb1qzda0cr08m85hc8jlnfp3zer7xulejywt49kt2rr0vthywaa50xwsqwdwhkwxcqu9awfqxsrrzw9jfgllkw6wqgwj097h,,1-10,10,human_like,COMPLETE,INSUFFICIENT_EVIDENCE,ckb-mainnet-30d-2026-08-31-v1
1028,ckb1qzda0cr08m85hc8jlnfp3zer7xulejywt49kt2rr0vthywaa50xwsqwe92am9fu642zn6fjv7xp9u27e9afey2ce26d2t,,unknown,,,COMPLETE,PARTIAL,ckb-mainnet-30d-2026-08-31-v1
1029,ckb1qzda0cr08m85hc8jlnfp3zer7xulejywt49kt2rr0vthywaa50xwsqweaz0wqm6d5wzkyt2jay4ayx22vgxu6ys67s4w2,,unknown,,,COMPLETE,PARTIAL,ckb-mainnet-30d-2026-08-31-v1
1030,ckb1qzda0cr08m85hc8jlnfp3zer7xulejywt49kt2rr0vthywaa50xwsqwepkut2qzg2udxm2g38plwwslh0ejrmzs7qle27,,1001-5000,1256,bot_like,COMPLETE,INSUFFICIENT_EVIDENCE,ckb-mainnet-30d-2026-08-31-v1
1031,ckb1qzda0cr08m85hc8jlnfp3zer7xulejywt49kt2rr0vthywaa50xwsqwexweexwze3qsd7a425f2hmm8296utjkc0850ly,,501-1000,648,,FAILED_RETRY_EXHAUSTED,PARTIAL,ckb-mainnet-30d-2026-08-31-v1
1032,ckb1qzda0cr08m85hc8jlnfp3zer7xulejywt49kt2rr0vthywaa50xwsqwf587k2zv9cxghautlmp0t89ufk5khvjs6cy70d,,5000+,43438,bot_like,COMPLETE,INSUFFICIENT_EVIDENCE,ckb-mainnet-30d-2026-08-31-v1
1033,ckb1qzda0cr08m85hc8jlnfp3zer7xulejywt49kt2rr0vthywaa50xwsqwfa8pxvswqfjn530whn97try3rq9l7gjg4nddxz,,1001-5000,1521,bot_like,COMPLETE,INSUFFICIENT_EVIDENCE,ckb-mainnet-30d-2026-08-31-v1
1034,ckb1qzda0cr08m85hc8jlnfp3zer7xulejywt49kt2rr0vthywaa50xwsqwfjnz2axuppeu5r68084wjm6a0xtxfy9cj4a5sa,,1001-5000,1335,bot_like,COMPLETE,INSUFFICIENT_EVIDENCE,ckb-mainnet-30d-2026-08-31-v1
1035,ckb1qzda0cr08m85hc8jlnfp3zer7xulejywt49kt2rr0vthywaa50xwsqwfna6z53rzj0vrgm3tujzzwldryr6jcnc8z4zde,,1001-5000,1142,bot_like,COMPLETE,INSUFFICIENT_EVIDENCE,ckb-mainnet-30d-2026-08-31-v1
1036,ckb1qzda0cr08m85hc8jlnfp3zer7xulejywt49kt2rr0vthywaa50xwsqwg4vuyxa8u6yekv7n3vevs5xj6mzn5rxgeudapp,,unknown,,,COMPLETE,PARTIAL,ckb-mainnet-30d-2026-08-31-v1
1037,ckb1qzda0cr08m85hc8jlnfp3zer7xulejywt49kt2rr0vthywaa50xwsqwgp8u8962lw0pup3qdeaxga29denq87ygrhw3x2,,unknown,,,FAILED_RETRY_EXHAUSTED,PARTIAL,ckb-mainnet-30d-2026-08-31-v1
1038,ckb1qzda0cr08m85hc8jlnfp3zer7xulejywt49kt2rr0vthywaa50xwsqwgt5ds94czc94d47fwln26g35g0xr8rxq59yxqj,,5000+,267434,bot_like,COMPLETE,INSUFFICIENT_EVIDENCE,ckb-mainnet-30d-2026-08-31-v1
1039,ckb1qzda0cr08m85hc8jlnfp3zer7xulejywt49kt2rr0vthywaa50xwsqwh8cgh37vm79za0w7h9wc36rvkcucyaag3pg77j,,unknown,,,COMPLETE,PARTIAL,ckb-mainnet-30d-2026-08-31-v1
1040,ckb1qzda0cr08m85hc8jlnfp3zer7xulejywt49kt2rr0vthywaa50xwsqwhaqpzqjf3dmxpy9krlzj9ltraewaks8s64326j,,201-500,388,,FAILED_RETRY_EXHAUSTED,PARTIAL,ckb-mainnet-30d-2026-08-31-v1
1041,ckb1qzda0cr08m85hc8jlnfp3zer7xulejywt49kt2rr0vthywaa50xwsqwhygetaaapeuwf7z4tftxkukdu6svw6qg2qajmg,,1-10,2,human_like,COMPLETE,PARTIAL,ckb-mainnet-30d-2026-08-31-v1
1042,ckb1qzda0cr08m85hc8jlnfp3zer7xulejywt49kt2rr0vthywaa50xwsqwj2d4whqxn9v85cy236x5vhnaw0h859pq02dapz,,5000+,267111,bot_like,COMPLETE,INSUFFICIENT_EVIDENCE,ckb-mainnet-30d-2026-08-31-v1
1043,ckb1qzda0cr08m85hc8jlnfp3zer7xulejywt49kt2rr0vthywaa50xwsqwj5mah4ck3m7dkusnwpgyhmzf6zaaahpqzjwzns,,unknown,,,COMPLETE,PARTIAL,ckb-mainnet-30d-2026-08-31-v1
1044,ckb1qzda0cr08m85hc8jlnfp3zer7xulejywt49kt2rr0vthywaa50xwsqwjeupgccqe3mp2wzajp975muw56rxfzysgzn7cd,,unknown,,,COMPLETE,PARTIAL,ckb-mainnet-30d-2026-08-31-v1
1045,ckb1qzda0cr08m85hc8jlnfp3zer7xulejywt49kt2rr0vthywaa50xwsqwjhnuyhphnp99ysnl09ht9e3x2kh8s8acgdjpg3,,unknown,,,COMPLETE,PARTIAL,ckb-mainnet-30d-2026-08-31-v1
1046,ckb1qzda0cr08m85hc8jlnfp3zer7xulejywt49kt2rr0vthywaa50xwsqwjhry2dvdzmftxqrsrwf04mjw3ah8hhjqh9zh7y,,51-200,156,,COMPLETE,PARTIAL,ckb-mainnet-30d-2026-08-31-v1
1047,ckb1qzda0cr08m85hc8jlnfp3zer7xulejywt49kt2rr0vthywaa50xwsqwjpr5w3ustqzhcyefs88lsh3x67aqth4ckskqq9,,unknown,,,FAILED_RETRY_EXHAUSTED,PARTIAL,ckb-mainnet-30d-2026-08-31-v1
1048,ckb1qzda0cr08m85hc8jlnfp3zer7xulejywt49kt2rr0vthywaa50xwsqwjzhp5ljeurdf9yznes3xhs7cn6ye9mssmxkwgz,,1001-5000,2247,bot_like,COMPLETE,SUPPORTED,ckb-mainnet-30d-2026-08-31-v1
1049,ckb1qzda0cr08m85hc8jlnfp3zer7xulejywt49kt2rr0vthywaa50xwsqwkp3rnla6nr3al235xz3kmr3c8s0v3kngg0vdcv,,11-50,22,human_like,COMPLETE,PARTIAL,ckb-mainnet-30d-2026-08-31-v1
1050,ckb1qzda0cr08m85hc8jlnfp3zer7xulejywt49kt2rr0vthywaa50xwsqwkr8fn99ghht0zeyert3w949f25zjw24gcwcxy8,,unknown,,,FAILED_RETRY_EXHAUSTED,PARTIAL,ckb-mainnet-30d-2026-08-31-v1
1051,ckb1qzda0cr08m85hc8jlnfp3zer7xulejywt49kt2rr0vthywaa50xwsqwl4qyx3j83nsjlyx3pj9q8msqt9hwmz5g0c8u0j,,unknown,,,FAILED_RETRY_EXHAUSTED,PARTIAL,ckb-mainnet-30d-2026-08-31-v1
1052,ckb1qzda0cr08m85hc8jlnfp3zer7xulejywt49kt2rr0vthywaa50xwsqwlfetev6txju367sg90xq0twvwgp7qa6qelcq7y,,1001-5000,4432,bot_like,COMPLETE,INSUFFICIENT_EVIDENCE,ckb-mainnet-30d-2026-08-31-v1
1053,ckb1qzda0cr08m85hc8jlnfp3zer7xulejywt49kt2rr0vthywaa50xwsqwlkxpk8rnrzz2nhuswk2kzvempzsz2zjgwxnwny,,unknown,,,COMPLETE,PARTIAL,ckb-mainnet-30d-2026-08-31-v1
1054,ckb1qzda0cr08m85hc8jlnfp3zer7xulejywt49kt2rr0vthywaa50xwsqwm2qv4c20r3c2lje7wl4663du7xfdytzcahmp3p,,11-50,25,human_like,COMPLETE,INSUFFICIENT_EVIDENCE,ckb-mainnet-30d-2026-08-31-v1
1055,ckb1qzda0cr08m85hc8jlnfp3zer7xulejywt49kt2rr0vthywaa50xwsqwmk6ckqgsgj3vszez0ujy68ryrhfegksq3jpy2e,,unknown,,,FAILED_RETRY_EXHAUSTED,PARTIAL,ckb-mainnet-30d-2026-08-31-v1
1056,ckb1qzda0cr08m85hc8jlnfp3zer7xulejywt49kt2rr0vthywaa50xwsqwmrpzfvvj8mckknp5m5rkt8cd5hy2vhgq24t8sv,,unknown,,,COMPLETE,PARTIAL,ckb-mainnet-30d-2026-08-31-v1
1057,ckb1qzda0cr08m85hc8jlnfp3zer7xulejywt49kt2rr0vthywaa50xwsqwn663qcrflxjdlepuaykc4lruvysm9u5cnn299s,,unknown,,,COMPLETE,PARTIAL,ckb-mainnet-30d-2026-08-31-v1
1058,ckb1qzda0cr08m85hc8jlnfp3zer7xulejywt49kt2rr0vthywaa50xwsqwnc9ceapkm570d4tw3dmexkeugzrq3csc0gs9nv,,unknown,,,FAILED_RETRY_EXHAUSTED,PARTIAL,ckb-mainnet-30d-2026-08-31-v1
1059,ckb1qzda0cr08m85hc8jlnfp3zer7xulejywt49kt2rr0vthywaa50xwsqwnhlwsqsuaamasq67hkradh86zn03wjxchygspe,,1-10,2,human_like,COMPLETE,INSUFFICIENT_EVIDENCE,ckb-mainnet-30d-2026-08-31-v1
1060,ckb1qzda0cr08m85hc8jlnfp3zer7xulejywt49kt2rr0vthywaa50xwsqwnla5w93964qlqcwaaeessdsk4h5pzkfs2f0ehn,,201-500,465,,COMPLETE,PARTIAL,ckb-mainnet-30d-2026-08-31-v1
1061,ckb1qzda0cr08m85hc8jlnfp3zer7xulejywt49kt2rr0vthywaa50xwsqwpcd535qtqw2pdwmaxkyeevw02nhxes8sh82574,,unknown,,,FAILED_RETRY_EXHAUSTED,PARTIAL,ckb-mainnet-30d-2026-08-31-v1
1062,ckb1qzda0cr08m85hc8jlnfp3zer7xulejywt49kt2rr0vthywaa50xwsqwptl5lfhh0q8z7c60wgs5nvs0n0n7mlespa5ef4,,1-10,2,human_like,COMPLETE,INSUFFICIENT_EVIDENCE,ckb-mainnet-30d-2026-08-31-v1
1063,ckb1qzda0cr08m85hc8jlnfp3zer7xulejywt49kt2rr0vthywaa50xwsqwpyugm7a4wtc5tphl0lwzjhcf9fu2l0ksdaezkc,,unknown,,,COMPLETE,PARTIAL,ckb-mainnet-30d-2026-08-31-v1
1064,ckb1qzda0cr08m85hc8jlnfp3zer7xulejywt49kt2rr0vthywaa50xwsqwq58dc707p97auarsgdf6vp07f84t7htgv294a8,,51-200,75,,FAILED_RETRY_EXHAUSTED,PARTIAL,ckb-mainnet-30d-2026-08-31-v1
1065,ckb1qzda0cr08m85hc8jlnfp3zer7xulejywt49kt2rr0vthywaa50xwsqwq5jlc6p7y2g7c59emwef66z5dc02m36sq3vsmj,,unknown,,,COMPLETE,PARTIAL,ckb-mainnet-30d-2026-08-31-v1
1066,ckb1qzda0cr08m85hc8jlnfp3zer7xulejywt49kt2rr0vthywaa50xwsqwqkl23ey6ndp7q5vss36xfjhnq3pwnmjsqhs3p2,,1001-5000,3720,bot_like,COMPLETE,INSUFFICIENT_EVIDENCE,ckb-mainnet-30d-2026-08-31-v1
1067,ckb1qzda0cr08m85hc8jlnfp3zer7xulejywt49kt2rr0vthywaa50xwsqwqtu9rn68fnphe357676rja9jd45x8zys2eetzw,,1-10,4,human_like,COMPLETE,INSUFFICIENT_EVIDENCE,ckb-mainnet-30d-2026-08-31-v1
1068,ckb1qzda0cr08m85hc8jlnfp3zer7xulejywt49kt2rr0vthywaa50xwsqwqupqxkgplmfy3asuqdu9cmalk9rtnzvsfzlksx,,1-10,2,human_like,COMPLETE,INSUFFICIENT_EVIDENCE,ckb-mainnet-30d-2026-08-31-v1
1069,ckb1qzda0cr08m85hc8jlnfp3zer7xulejywt49kt2rr0vthywaa50xwsqwr3fzgs5ke9hg0gwzu6qhd7kxwj6e7t6sy7j449,,unknown,,,COMPLETE,PARTIAL,ckb-mainnet-30d-2026-08-31-v1
1070,ckb1qzda0cr08m85hc8jlnfp3zer7xulejywt49kt2rr0vthywaa50xwsqwr42a6hutw02a36n99zxzk9cdg8epdr4skkl97l,,unknown,,,COMPLETE,PARTIAL,ckb-mainnet-30d-2026-08-31-v1
1071,ckb1qzda0cr08m85hc8jlnfp3zer7xulejywt49kt2rr0vthywaa50xwsqwrcse92s9lm5u09npr6uwhgsr0tk6scdsxn0pul,,unknown,,,COMPLETE,PARTIAL,ckb-mainnet-30d-2026-08-31-v1
1072,ckb1qzda0cr08m85hc8jlnfp3zer7xulejywt49kt2rr0vthywaa50xwsqwrn48zffgqgctt2netwvhcdn3pnznxceg9lhd3j,,unknown,,,COMPLETE,PARTIAL,ckb-mainnet-30d-2026-08-31-v1
1073,ckb1qzda0cr08m85hc8jlnfp3zer7xulejywt49kt2rr0vthywaa50xwsqws4ht929m5xlwe9mt6v2z880w4qu83jnqjxy7yv,,unknown,,,COMPLETE,INSUFFICIENT_EVIDENCE,ckb-mainnet-30d-2026-08-31-v1
1074,ckb1qzda0cr08m85hc8jlnfp3zer7xulejywt49kt2rr0vthywaa50xwsqws78vs7l7djw5jpvttxpe6semy4fzarecvme860,,unknown,,,COMPLETE,PARTIAL,ckb-mainnet-30d-2026-08-31-v1
1075,ckb1qzda0cr08m85hc8jlnfp3zer7xulejywt49kt2rr0vthywaa50xwsqwsaytgethft2tx90hfcvmpazn02dmhyacz9xtxp,,501-1000,760,,COMPLETE,PARTIAL,ckb-mainnet-30d-2026-08-31-v1
1076,ckb1qzda0cr08m85hc8jlnfp3zer7xulejywt49kt2rr0vthywaa50xwsqwtjgqcuyekuh50hv2gp447rx6mwzxvlwgm4j8vz,,unknown,,,COMPLETE,PARTIAL,ckb-mainnet-30d-2026-08-31-v1
1077,ckb1qzda0cr08m85hc8jlnfp3zer7xulejywt49kt2rr0vthywaa50xwsqwtmkeze0klqfy7uxz5qt0jlq5ru5803tqxjnzm3,,unknown,,bot_like,FAILED_RETRY_EXHAUSTED,PARTIAL,ckb-mainnet-30d-2026-08-31-v1
1078,ckb1qzda0cr08m85hc8jlnfp3zer7xulejywt49kt2rr0vthywaa50xwsqwtrv4yvp4w4ujz0cxgp29tc0nuug4c5cs3ltm8j,,unknown,,,COMPLETE,INSUFFICIENT_EVIDENCE,ckb-mainnet-30d-2026-08-31-v1
1079,ckb1qzda0cr08m85hc8jlnfp3zer7xulejywt49kt2rr0vthywaa50xwsqwu20nshpqgcg45hh2zla8uxjmyxxma63ca9emrw,,unknown,,,FAILED_RETRY_EXHAUSTED,PARTIAL,ckb-mainnet-30d-2026-08-31-v1
1080,ckb1qzda0cr08m85hc8jlnfp3zer7xulejywt49kt2rr0vthywaa50xwsqwu2dxms7u6kruneqnjxca2thpe0pzwfsszww4c8,,1001-5000,1624,bot_like,FAILED_RETRY_EXHAUSTED,PARTIAL,ckb-mainnet-30d-2026-08-31-v1
1081,ckb1qzda0cr08m85hc8jlnfp3zer7xulejywt49kt2rr0vthywaa50xwsqwueh2trnuu2uxp97edzcvrhnupns55jusq3ph4l,,unknown,,bot_like,FAILED_RETRY_EXHAUSTED,PARTIAL,ckb-mainnet-30d-2026-08-31-v1
1082,ckb1qzda0cr08m85hc8jlnfp3zer7xulejywt49kt2rr0vthywaa50xwsqwurl7mk9mnev9jtq0jspjrynvp42g7zyc4j3jk2,,unknown,,,COMPLETE,PARTIAL,ckb-mainnet-30d-2026-08-31-v1
1083,ckb1qzda0cr08m85hc8jlnfp3zer7xulejywt49kt2rr0vthywaa50xwsqwuu3rvzwd5vm6wn45ql8qjgrw6tqh0cvgrxrwtu,,1001-5000,1826,bot_like,COMPLETE,INSUFFICIENT_EVIDENCE,ckb-mainnet-30d-2026-08-31-v1
1084,ckb1qzda0cr08m85hc8jlnfp3zer7xulejywt49kt2rr0vthywaa50xwsqwuuu2n4serlsnuvhxwu0nuhsms76aez0cv7nxdh,,unknown,,,COMPLETE,PARTIAL,ckb-mainnet-30d-2026-08-31-v1
1085,ckb1qzda0cr08m85hc8jlnfp3zer7xulejywt49kt2rr0vthywaa50xwsqwvalxcu23ejp75sp0sgg7t6ktdy3dyy3q5czey6,,unknown,,,COMPLETE,PARTIAL,ckb-mainnet-30d-2026-08-31-v1
1086,ckb1qzda0cr08m85hc8jlnfp3zer7xulejywt49kt2rr0vthywaa50xwsqwvhy6a0x57agapj2sh47ll9fpgvp753nshpjjpz,,unknown,,,COMPLETE,PARTIAL,ckb-mainnet-30d-2026-08-31-v1
1087,ckb1qzda0cr08m85hc8jlnfp3zer7xulejywt49kt2rr0vthywaa50xwsqwvnfyyu53z75jyfvm2q2fpt8yrw432qqs89xeat,,unknown,,,FAILED_RETRY_EXHAUSTED,PARTIAL,ckb-mainnet-30d-2026-08-31-v1
1088,ckb1qzda0cr08m85hc8jlnfp3zer7xulejywt49kt2rr0vthywaa50xwsqwvrfv8s2ldft92hqj8c028cuhmszmex6szv4as5,,unknown,,,FAILED_RETRY_EXHAUSTED,PARTIAL,ckb-mainnet-30d-2026-08-31-v1
1089,ckb1qzda0cr08m85hc8jlnfp3zer7xulejywt49kt2rr0vthywaa50xwsqwwgy0v5mrgg0al02ekelxh0tn4xmw0uyc8n7phh,,unknown,,,FAILED_RETRY_EXHAUSTED,PARTIAL,ckb-mainnet-30d-2026-08-31-v1
1090,ckb1qzda0cr08m85hc8jlnfp3zer7xulejywt49kt2rr0vthywaa50xwsqwwnl2x4ccmqrpvp3zz9lwxj8ukxqjc46cksfx9f,,unknown,,,FAILED_RETRY_EXHAUSTED,PARTIAL,ckb-mainnet-30d-2026-08-31-v1
1091,ckb1qzda0cr08m85hc8jlnfp3zer7xulejywt49kt2rr0vthywaa50xwsqwx5d4t4cwytglh7fx5pu96lx79d69ur3q25xsmm,,unknown,,,FAILED_RETRY_EXHAUSTED,PARTIAL,ckb-mainnet-30d-2026-08-31-v1
1092,ckb1qzda0cr08m85hc8jlnfp3zer7xulejywt49kt2rr0vthywaa50xwsqwx8ftt5lmk8pt5ux00wvyz5qrswq9uckq3yqc5x,,unknown,,,COMPLETE,PARTIAL,ckb-mainnet-30d-2026-08-31-v1
1093,ckb1qzda0cr08m85hc8jlnfp3zer7xulejywt49kt2rr0vthywaa50xwsqwxa6w0ye7fsk6q5ekdrmynesst3y88nxqmqfn4f,,unknown,,,FAILED_RETRY_EXHAUSTED,PARTIAL,ckb-mainnet-30d-2026-08-31-v1
1094,ckb1qzda0cr08m85hc8jlnfp3zer7xulejywt49kt2rr0vthywaa50xwsqwxdvqk5f5k404wykzsfuu4cjvh4n96zrq9yl6w6,,unknown,,,COMPLETE,PARTIAL,ckb-mainnet-30d-2026-08-31-v1
1095,ckb1qzda0cr08m85hc8jlnfp3zer7xulejywt49kt2rr0vthywaa50xwsqwxf6vz0rvzjta205fyfevvv2jw3q35s0q7pzc7q,,1001-5000,1607,bot_like,COMPLETE,INSUFFICIENT_EVIDENCE,ckb-mainnet-30d-2026-08-31-v1
1096,ckb1qzda0cr08m85hc8jlnfp3zer7xulejywt49kt2rr0vthywaa50xwsqwxlcluqtxv4qjnxfa3y53qjyyan3ym5xc0uwhmj,,unknown,,,FAILED_RETRY_EXHAUSTED,PARTIAL,ckb-mainnet-30d-2026-08-31-v1
1097,ckb1qzda0cr08m85hc8jlnfp3zer7xulejywt49kt2rr0vthywaa50xwsqwxz8p53apcnpykd55nh0aqkqvmyd52rusxajcax,,unknown,,,FAILED_RETRY_EXHAUSTED,PARTIAL,ckb-mainnet-30d-2026-08-31-v1
1098,ckb1qzda0cr08m85hc8jlnfp3zer7xulejywt49kt2rr0vthywaa50xwsqwy94evgzp6dpm0l454hcs685zt9uq34tg9rk4w6,,5000+,5331,bot_like,COMPLETE,INSUFFICIENT_EVIDENCE,ckb-mainnet-30d-2026-08-31-v1
1099,ckb1qzda0cr08m85hc8jlnfp3zer7xulejywt49kt2rr0vthywaa50xwsqwyjsz2r8f8fvlzs22j664j9s88asnfpfg9cke4u,,1-10,2,human_like,COMPLETE,INSUFFICIENT_EVIDENCE,ckb-mainnet-30d-2026-08-31-v1
1100,ckb1qzda0cr08m85hc8jlnfp3zer7xulejywt49kt2rr0vthywaa50xwsqwyt2p74pg74ccrqll50yvv50fd4098u5sq3q7ue,,5000+,3011573,bot_like,COMPLETE,INSUFFICIENT_EVIDENCE,ckb-mainnet-30d-2026-08-31-v1
1101,ckb1qzda0cr08m85hc8jlnfp3zer7xulejywt49kt2rr0vthywaa50xwsqwyu8c3py5t5ynnwqn7xkzq3s75ru67npqv3wwmz,,5000+,267298,bot_like,COMPLETE,INSUFFICIENT_EVIDENCE,ckb-mainnet-30d-2026-08-31-v1
1102,ckb1qzda0cr08m85hc8jlnfp3zer7xulejywt49kt2rr0vthywaa50xwsqwz6xqpyrsgqm4xt07drgukqjdy5p4eq8semnq2f,,unknown,,,FAILED_RETRY_EXHAUSTED,PARTIAL,ckb-mainnet-30d-2026-08-31-v1
1103,ckb1qzda0cr08m85hc8jlnfp3zer7xulejywt49kt2rr0vthywaa50xwsqwz877ez7j69yehpaxf8fjl4g6cxg59k4cmp9c8s,,unknown,,,COMPLETE,PARTIAL,ckb-mainnet-30d-2026-08-31-v1
1104,ckb1qzda0cr08m85hc8jlnfp3zer7xulejywt49kt2rr0vthywaa50xwsqwzcjq4mzexlu6h5mrpldplwt6ht8w7ujcfjltsn,,unknown,,,COMPLETE,PARTIAL,ckb-mainnet-30d-2026-08-31-v1
1105,ckb1qzda0cr08m85hc8jlnfp3zer7xulejywt49kt2rr0vthywaa50xwsqwzmg9q6njct6tvpsylhv4dgdt2jtesqeqzx57u7,,unknown,,,FAILED_RETRY_EXHAUSTED,PARTIAL,ckb-mainnet-30d-2026-08-31-v1
1106,ckb1qzda0cr08m85hc8jlnfp3zer7xulejywt49kt2rr0vthywaa50xwsqwzq09g8qd95he6qjne0delv4gt4wpzh7su5cj2q,,unknown,,,FAILED_RETRY_EXHAUSTED,PARTIAL,ckb-mainnet-30d-2026-08-31-v1
1107,ckb1qzdcr9un5ezx8tkh03s46m9jymh22jruelq8svzr5krj2nx69dhjvqgj8zvgw355fmpvj6qqyaxtary4w9d4cqzrqq9ktcjg,,unknown,,,COMPLETE,PARTIAL,ckb-mainnet-30d-2026-08-31-v1
1108,ckb1qzdcr9un5ezx8tkh03s46m9jymh22jruelq8svzr5krj2nx69dhjvqgj99jj9hhu3m95gpncj0zqtt8trplsj44sqqe5d89y,,unknown,,,COMPLETE,SUPPORTED,ckb-mainnet-30d-2026-08-31-v1
1109,ckb1qzdcr9un5ezx8tkh03s46m9jymh22jruelq8svzr5krj2nx69dhjvqgjn6kfkeu23q74kndpaxw42z77vgat6v86qq6z03rf,,501-1000,583,,COMPLETE,SUPPORTED,ckb-mainnet-30d-2026-08-31-v1
1110,ckb1qzdcr9un5ezx8tkh03s46m9jymh22jruelq8svzr5krj2nx69dhjvqgjrdnzrv7tvcd9nrfr7lmqh0gatk7nxy9jqq2yluhf,,unknown,,,COMPLETE,PARTIAL,ckb-mainnet-30d-2026-08-31-v1
1111,ckb1qzdcr9un5ezx8tkh03s46m9jymh22jruelq8svzr5krj2nx69dhjvqgjzhqphvdme4qemedp2z6khvjwqx8d3r6rqq5rwssc,,11-50,12,human_like,COMPLETE,INSUFFICIENT_EVIDENCE,ckb-mainnet-30d-2026-08-31-v1
1112,ckb1qzdcr9un5ezx8tkh03s46m9jymh22jruelq8svzr5krj2nx69dhjvqgjzzqkjvmsqjzrjqayk6ky4jgdwn07040tqqwzg6c7,,unknown,,,FAILED_RETRY_EXHAUSTED,PARTIAL,ckb-mainnet-30d-2026-08-31-v1
1113,ckb1qzdcr9un5ezx8tkh03s46m9jymh22jruelq8svzr5krj2nx69dhjvqgy02vnf4kd828fchkvxqjz3mytttluh2neqqy5xr8e,,51-200,82,,COMPLETE,INSUFFICIENT_EVIDENCE,ckb-mainnet-30d-2026-08-31-v1
1114,ckb1qzdcr9un5ezx8tkh03s46m9jymh22jruelq8svzr5krj2nx69dhjvqgy4xcvy8d6erf0uv38k94pylufjngwh0deqq9zmf60,,201-500,288,,COMPLETE,INSUFFICIENT_EVIDENCE,ckb-mainnet-30d-2026-08-31-v1
1115,ckb1qzdcr9un5ezx8tkh03s46m9jymh22jruelq8svzr5krj2nx69dhjvqgy8rh6p0qxr3ca20uapp23s23xmdgdfh4hqqykle20,,11-50,25,human_like,COMPLETE,INSUFFICIENT_EVIDENCE,ckb-mainnet-30d-2026-08-31-v1
1116,ckb1qzdcr9un5ezx8tkh03s46m9jymh22jruelq8svzr5krj2nx69dhjvqgylwfggqa5jmtlu3g9f4qpyyufvzrcrf55qqzuk95w,,11-50,48,human_like,COMPLETE,INSUFFICIENT_EVIDENCE,ckb-mainnet-30d-2026-08-31-v1
1117,ckb1qzdcr9un5ezx8tkh03s46m9jymh22jruelq8svzr5krj2nx69dhjvqgyu2vk849qhsendwl23tyn8xk0e4t5pcswqq3yf750,,51-200,96,,COMPLETE,INSUFFICIENT_EVIDENCE,ckb-mainnet-30d-2026-08-31-v1
1118,ckb1qzfhdsa4syv599s2s3nfrctwga70g0tu07n9gpnun9ydlngf5vsnwqg90fmnvapzvyycun3kv5sfyp96rww8gxwcq4a8wdn5yfssnrjwxejjpysyhgdecaqemqyvzam2,,11-50,11,human_like,COMPLETE,INSUFFICIENT_EVIDENCE,ckb-mainnet-30d-2026-08-31-v1
1119,ckb1qzfhdsa4syv599s2s3nfrctwga70g0tu07n9gpnun9ydlngf5vsnwqg90xpp8x5pye38hetcd6kdgl899qk2arfgq4ucyyu6synxy7l90ph2e4ruu55zet5d9q7s4c2a,,201-500,215,,COMPLETE,SUPPORTED,ckb-mainnet-30d-2026-08-31-v1
1120,ckb1qzfhdsa4syv599s2s3nfrctwga70g0tu07n9gpnun9ydlngf5vsnwqg92falqnnya92lpxwtsy25nuns2hsundmxq4f8huzwvn54tuyeewq32j0jwp27rjdhvcdctkl6,,unknown,,,COMPLETE,PARTIAL,ckb-mainnet-30d-2026-08-31-v1
1121,ckb1qzfhdsa4syv599s2s3nfrctwga70g0tu07n9gpnun9ydlngf5vsnwqg939y8pph07lrs6upe8j570llehe5rgjkqqky5suyxalmuwrts8y72nelllxlxsdz2cq2yp3v8,,unknown,,,COMPLETE,PARTIAL,ckb-mainnet-30d-2026-08-31-v1
1122,ckb1qzfhdsa4syv599s2s3nfrctwga70g0tu07n9gpnun9ydlngf5vsnwqg94uyxasd2sd0n8e7pl8qv43ps3x28wkpnqkhssmkp42p47vl8c8uupjkyxzyega6cxv63qjzm,,unknown,,,COMPLETE,PARTIAL,ckb-mainnet-30d-2026-08-31-v1
1123,ckb1qzfhdsa4syv599s2s3nfrctwga70g0tu07n9gpnun9ydlngf5vsnwqg94vapl8vqp48yyrzf9kvvqd6ddjvnlzgqqk4n58uasqx5ussvfyke3sphf4kfj0ufqqg0acwp,,unknown,,,COMPLETE,PARTIAL,ckb-mainnet-30d-2026-08-31-v1
1124,ckb1qzfhdsa4syv599s2s3nfrctwga70g0tu07n9gpnun9ydlngf5vsnwqg95gqrcgaw8zpgwmw3frreclfrtsg776gfqk3qq0pr4cug9pmd69yv08raydwprmmfpyn90q6w,,1001-5000,1902,bot_like,COMPLETE,PARTIAL,ckb-mainnet-30d-2026-08-31-v1
1125,ckb1qzfhdsa4syv599s2s3nfrctwga70g0tu07n9gpnun9ydlngf5vsnwqg966wtv7g5pldu9eds69maqxsd2mf9r0wfqhtfednezs8ahsh9krgh05q6p4tdy5daeylqaayk,,201-500,249,,COMPLETE,SUPPORTED,ckb-mainnet-30d-2026-08-31-v1
1126,ckb1qzfhdsa4syv599s2s3nfrctwga70g0tu07n9gpnun9ydlngf5vsnwqg96937qh4yh0peewpejrgsv8dqux68hqgsqhgk8cz75jau889c8xgdzpsa5rsmg7upzqxncwym,,11-50,14,human_like,COMPLETE,INSUFFICIENT_EVIDENCE,ckb-mainnet-30d-2026-08-31-v1
1127,ckb1qzfhdsa4syv599s2s3nfrctwga70g0tu07n9gpnun9ydlngf5vsnwqg96cy3mxvy66tmahlt4v9ewah9nj9qs329qhtqj8vesntf00klaw4sh9mkukwg5zz9g5zvla9n,,unknown,,,COMPLETE,SUPPORTED,ckb-mainnet-30d-2026-08-31-v1
1128,ckb1qzfhdsa4syv599s2s3nfrctwga70g0tu07n9gpnun9ydlngf5vsnwqg989xqg8r09h0jjzvcqduwspsx40dsaqxwq5u5cpquduka72gfnqph36qxq64akr5qeclp66q4,,unknown,,,COMPLETE,PARTIAL,ckb-mainnet-30d-2026-08-31-v1
1129,ckb1qzfhdsa4syv599s2s3nfrctwga70g0tu07n9gpnun9ydlngf5vsnwqg99y922zqav2vvrqv5n9rgjwrk5xmkhu2yq55s4fggr43f3svpjjv5dzfcw6smw6l3gsnklkev,,unknown,,,COMPLETE,PARTIAL,ckb-mainnet-30d-2026-08-31-v1
1130,ckb1qzfhdsa4syv599s2s3nfrctwga70g0tu07n9gpnun9ydlngf5vsnwqg9a6s4ngeqxmlas29qk6r9hvg8gq0u8a65qhh2zkdryqm0lkpg5zmgvka3qaqplslh2suk45ef,,51-200,123,,COMPLETE,INSUFFICIENT_EVIDENCE,ckb-mainnet-30d-2026-08-31-v1
1131,ckb1qzfhdsa4syv599s2s3nfrctwga70g0tu07n9gpnun9ydlngf5vsnwqg9apm7q2y4u92yz5znq8n4tspl5wpm58mfqh580cpgjhs4gs2s2vq7w4wq873c8wsldy7w2h9l,,unknown,,,COMPLETE,SUPPORTED,ckb-mainnet-30d-2026-08-31-v1
1132,ckb1qzfhdsa4syv599s2s3nfrctwga70g0tu07n9gpnun9ydlngf5vsnwqg9d2dw93zxz5s6cz9ef0r3e86v8eu9ptewq44f4ckygc2jrtqgh99uw8ylfsl8s5909c03vuqx,,unknown,,,COMPLETE,PARTIAL,ckb-mainnet-30d-2026-08-31-v1
1133,ckb1qzfhdsa4syv599s2s3nfrctwga70g0tu07n9gpnun9ydlngf5vsnwqg9d8578luy5wxmq9hqgqkqf0hlc2slmegyq457ncllsj3cmvqkupqzcp97llp2rl09qsf6gpau,,unknown,,,COMPLETE,PARTIAL,ckb-mainnet-30d-2026-08-31-v1
1134,ckb1qzfhdsa4syv599s2s3nfrctwga70g0tu07n9gpnun9ydlngf5vsnwqg9dewxvecx99rdppfuw5zdppzkyhh6mmahq4h9cen8qc55d5y9836sf5yy2cj7lt00ku7jdu9g,,201-500,334,,COMPLETE,PARTIAL,ckb-mainnet-30d-2026-08-31-v1
1135,ckb1qzfhdsa4syv599s2s3nfrctwga70g0tu07n9gpnun9ydlngf5vsnwqg9dm65qqjmu0fvnyevfh8hh869hasdew99q4h02sqzt03a9jvn93xu77ulgklkph9c55kvzjlq,,1-10,8,human_like,COMPLETE,INSUFFICIENT_EVIDENCE,ckb-mainnet-30d-2026-08-31-v1
1136,ckb1qzfhdsa4syv599s2s3nfrctwga70g0tu07n9gpnun9ydlngf5vsnwqg9epk0fesdwvgyqm0snhugdv4sv9scazygqhyxea8xp4e3qsrd7zwl3p4jkpskrr5g3qatxn96,,unknown,,,COMPLETE,PARTIAL,ckb-mainnet-30d-2026-08-31-v1
1137,ckb1qzfhdsa4syv599s2s3nfrctwga70g0tu07n9gpnun9ydlngf5vsnwqg9eu7ea9crgq4jcckyy8xtc9tsvmp7dfr9qh8nm85hqdqzktrzcssue0q4wpnv8e4yv5zyyn9r,,unknown,,,COMPLETE,PARTIAL,ckb-mainnet-30d-2026-08-31-v1
1138,ckb1qzfhdsa4syv599s2s3nfrctwga70g0tu07n9gpnun9ydlngf5vsnwqg9f27gfvl2w82qaenx7ygdazqwdw9u72vwq49tep9nafcagrhxvmc3ph5gpe4chnef3ce546ng,,unknown,,,COMPLETE,PARTIAL,ckb-mainnet-30d-2026-08-31-v1
1139,ckb1qzfhdsa4syv599s2s3nfrctwga70g0tu07n9gpnun9ydlngf5vsnwqg9hcs8u4yj5ffnt593xdurg6ntd3cr59u8qklzqlj5j239xdwskyehsdr2ddk8qwshsueem7ku,,1-10,9,human_like,COMPLETE,INSUFFICIENT_EVIDENCE,ckb-mainnet-30d-2026-08-31-v1
1140,ckb1qzfhdsa4syv599s2s3nfrctwga70g0tu07n9gpnun9ydlngf5vsnwqg9hculaysaq4nknmek2lkfqq7jxkl4cwqlqklrnl5jr5zkw600xet7eyqr6g6m7hpcru382eaj,,11-50,12,human_like,COMPLETE,INSUFFICIENT_EVIDENCE,ckb-mainnet-30d-2026-08-31-v1
1141,ckb1qzfhdsa4syv599s2s3nfrctwga70g0tu07n9gpnun9ydlngf5vsnwqg9j5gyghv6q5xmpwj7kqlzcazx4cdy0luaqk23q3zangzsmv96t6crutr5g6hp53lln5fplnpv,,11-50,24,human_like,COMPLETE,INSUFFICIENT_EVIDENCE,ckb-mainnet-30d-2026-08-31-v1
1142,ckb1qzfhdsa4syv599s2s3nfrctwga70g0tu07n9gpnun9ydlngf5vsnwqg9kjwx8e2juvc2vmlcst8rssrv4j0lxrfkqk6fccl92t3npfn0lzpvuwzqdjkflucdxcurx4r4,,unknown,,,COMPLETE,PARTIAL,ckb-mainnet-30d-2026-08-31-v1
1143,ckb1qzfhdsa4syv599s2s3nfrctwga70g0tu07n9gpnun9ydlngf5vsnwqg9krv8c4sraut26xuns26r372lg0s2wnfcqh580cpgjhs4gs2s2vq7w4wq873c8wsldygzwp0z,,unknown,,,COMPLETE,PARTIAL,ckb-mainnet-30d-2026-08-31-v1
1144,ckb1qzfhdsa4syv599s2s3nfrctwga70g0tu07n9gpnun9ydlngf5vsnwqg9krv8c4sraut26xuns26r372lg0s2wnfcqkcdslzkq0h3dtgmjwptgw8etap7pf6d8qdt2tn0,,unknown,,,COMPLETE,PARTIAL,ckb-mainnet-30d-2026-08-31-v1
1145,ckb1qzfhdsa4syv599s2s3nfrctwga70g0tu07n9gpnun9ydlngf5vsnwqg9l7r63jg9j5t36pkf945jdkalgdmheaarqhlc02xfqk23w8gxeykkjfkmhaphwl8h5v5cv94s,,unknown,,,COMPLETE,PARTIAL,ckb-mainnet-30d-2026-08-31-v1
1146,ckb1qzfhdsa4syv599s2s3nfrctwga70g0tu07n9gpnun9ydlngf5vsnwqg9nsmq772d2qjx9cm54r0yy5495mx6jfuqqkwrvrmef4gzgchrwj5dusjj5knvm2f8sqc23kq4,,1-10,6,human_like,COMPLETE,INSUFFICIENT_EVIDENCE,ckb-mainnet-30d-2026-08-31-v1
1147,ckb1qzfhdsa4syv599s2s3nfrctwga70g0tu07n9gpnun9ydlngf5vsnwqg9p9gcrj9c85cj7aqly7f52dtsezqhc2twq5y4rqwghq7nztm5runex3f4wrygzlpfdc4sqmck,,1-10,4,human_like,COMPLETE,INSUFFICIENT_EVIDENCE,ckb-mainnet-30d-2026-08-31-v1
1148,ckb1qzfhdsa4syv599s2s3nfrctwga70g0tu07n9gpnun9ydlngf5vsnwqg9ppwdq9xgt6fr7grkwhj6twd3w43hdsh5q5y9e5q5ep0fy0eqwe67tfdek96kxakz7sm9w7mn,,unknown,,,COMPLETE,PARTIAL,ckb-mainnet-30d-2026-08-31-v1
1149,ckb1qzfhdsa4syv599s2s3nfrctwga70g0tu07n9gpnun9ydlngf5vsnwqg9qcklzgrl9mhwptz8u840tu0wua39cu2gq5rzmufq0uhwac9vgls74a03amnkyhr3fq0y6ztj,,unknown,,,FAILED_RETRY_EXHAUSTED,PARTIAL,ckb-mainnet-30d-2026-08-31-v1
1150,ckb1qzfhdsa4syv599s2s3nfrctwga70g0tu07n9gpnun9ydlngf5vsnwqg9qgtm3w37afxvcz0flmhx7wynvckht5w2q5pp0w968m4yenqfa8lwumecjdnz6aw3egq3ltkr,,1-10,2,human_like,COMPLETE,INSUFFICIENT_EVIDENCE,ckb-mainnet-30d-2026-08-31-v1
1151,ckb1qzfhdsa4syv599s2s3nfrctwga70g0tu07n9gpnun9ydlngf5vsnwqg9qshsywdrzxuxcz4fau4j4qevrp2d5klmq5zz7q3e5vgmsmq248hjk25r9sv9fkjmlvzf80m7,,201-500,303,,FAILED_RETRY_EXHAUSTED,PARTIAL,ckb-mainnet-30d-2026-08-31-v1
1152,ckb1qzfhdsa4syv599s2s3nfrctwga70g0tu07n9gpnun9ydlngf5vsnwqg9rhw8jpwu9z3f40kyqvucsjx9dxdvnjucq5wac7g9ms529x47cspnnzzgc45e4jwtnqr08mrg,,unknown,,,COMPLETE,SUPPORTED,ckb-mainnet-30d-2026-08-31-v1
1153,ckb1qzfhdsa4syv599s2s3nfrctwga70g0tu07n9gpnun9ydlngf5vsnwqg9rhw8jpwu9z3f40kyqvucsjx9dxdvnjucqh580cpgjhs4gs2s2vq7w4wq873c8wsldyydqm7v,,unknown,,,FAILED_RETRY_EXHAUSTED,PARTIAL,ckb-mainnet-30d-2026-08-31-v1
1154,ckb1qzfhdsa4syv599s2s3nfrctwga70g0tu07n9gpnun9ydlngf5vsnwqg9sllsyv6gv4p4x2my6fhja4t0xws8qy00qkrl7q3nfpj5x5etvnfx7tk4due6quq3auahgtaw,,1-10,9,human_like,COMPLETE,INSUFFICIENT_EVIDENCE,ckb-mainnet-30d-2026-08-31-v1
1155,ckb1qzfhdsa4syv599s2s3nfrctwga70g0tu07n9gpnun9ydlngf5vsnwqg9slzd7jvhwlruz9jtrx62wpy66cehjgz2qkrufh6fjamu0sgkfvvmffcynttrx7fqfg9yms90,,unknown,,,COMPLETE,PARTIAL,ckb-mainnet-30d-2026-08-31-v1
1156,ckb1qzfhdsa4syv599s2s3nfrctwga70g0tu07n9gpnun9ydlngf5vsnwqg9unclggw3zmkhtq3vg5nmlteny4nqgwedqhj0rapp6ytw6avz93zj00a0xvjkvppm950txed9,,1-10,2,human_like,COMPLETE,INSUFFICIENT_EVIDENCE,ckb-mainnet-30d-2026-08-31-v1
1157,ckb1qzfhdsa4syv599s2s3nfrctwga70g0tu07n9gpnun9ydlngf5vsnwqg9v2an42yr5rxmy7x683wkgmce2a8gswtsq43tkw4gswsvmvncmg796er0r9t5azpewq87pvhs,,51-200,154,,COMPLETE,PARTIAL,ckb-mainnet-30d-2026-08-31-v1
1158,ckb1qzfhdsa4syv599s2s3nfrctwga70g0tu07n9gpnun9ydlngf5vsnwqg9v2y7zt97wcuzklqar4wxk2tzz3n5cyy3q43gncfvhemrs2mur5w4c6efvg2xwnqsjyalpclt,,unknown,,,FAILED_RETRY_EXHAUSTED,PARTIAL,ckb-mainnet-30d-2026-08-31-v1
1159,ckb1qzfhdsa4syv599s2s3nfrctwga70g0tu07n9gpnun9ydlngf5vsnwqg9vjzjm0xkz8frv8u7c644xprsf2q3654lq4jg2tdu6cgaydslnmr2k5cywp9gz82jhul7732h,,unknown,,,COMPLETE,PARTIAL,ckb-mainnet-30d-2026-08-31-v1
1160,ckb1qzfhdsa4syv599s2s3nfrctwga70g0tu07n9gpnun9ydlngf5vsnwqg9vqzwej3l7amlg7w4fea6d5apt73pe5z5q4sqfmx28lmh0are6488hfkn5906y8xs2s5cdt5x,,unknown,,,COMPLETE,PARTIAL,ckb-mainnet-30d-2026-08-31-v1
1161,ckb1qzfhdsa4syv599s2s3nfrctwga70g0tu07n9gpnun9ydlngf5vsnwqg9wcehhpwgnw6hd0uu5ae7haq29vzh6w0aq4mrx7u9ezdm2a4lnjnh86l5pg4s2lfel5v62ehc,,unknown,,,FAILED_RETRY_EXHAUSTED,PARTIAL,ckb-mainnet-30d-2026-08-31-v1
1162,ckb1qzfhdsa4syv599s2s3nfrctwga70g0tu07n9gpnun9ydlngf5vsnwqg9yr6t499eazdx5f40fewvzm04uuea2gtnq5s0fw55h85f563x4a89estd7hnn84fpwvn3swz8,,unknown,,,COMPLETE,PARTIAL,ckb-mainnet-30d-2026-08-31-v1
1163,ckb1qzfhdsa4syv599s2s3nfrctwga70g0tu07n9gpnun9ydlngf5vsnwqg9yr6t499eazdx5f40fewvzm04uuea2gtnqh580cpgjhs4gs2s2vq7w4wq873c8wsldyly8m9p,,unknown,,,FAILED_RETRY_EXHAUSTED,PARTIAL,ckb-mainnet-30d-2026-08-31-v1
1164,ckb1qzfhdsa4syv599s2s3nfrctwga70g0tu07n9gpnun9ydlngf5vsnwqg9z2s2cmynudjfl7j6mjk2k8q3gvynk5p2q5f2ptrvj03kf8l6ttw2e2cuz9psjw6s9gaaxg7u,,51-200,71,,COMPLETE,INSUFFICIENT_EVIDENCE,ckb-mainnet-30d-2026-08-31-v1
1165,ckb1qzfhdsa4syv599s2s3nfrctwga70g0tu07n9gpnun9ydlngf5vsnwqggq73rfqs4307h6evnn798jpu20kasf8u64vyq0g35sg2chltavkfelzneq798mwcyn7d2kpcrfpe,,11-50,24,human_like,COMPLETE,INSUFFICIENT_EVIDENCE,ckb-mainnet-30d-2026-08-31-v1
1166,ckb1qzfhdsa4syv599s2s3nfrctwga70g0tu07n9gpnun9ydlngf5vsnwqggq7xygka0fffckdwnzn68hgm9h9r3g74xryyq0rzytwh555utxhf3farm5djmj3c502npjc8dplu,,unknown,,,COMPLETE,PARTIAL,ckb-mainnet-30d-2026-08-31-v1
1167,ckb1qzfhdsa4syv599s2s3nfrctwga70g0tu07n9gpnun9ydlngf5vsnwqggqlc8fmqp73anzq4x4hm9w42vuvm85n62xsyq0ur5asqlg7e3q2n2majh24xwxdn6fa9rg33tphd,,unknown,,,FAILED_RETRY_EXHAUSTED,PARTIAL,ckb-mainnet-30d-2026-08-31-v1
1168,ckb1qzfhdsa4syv599s2s3nfrctwga70g0tu07n9gpnun9ydlngf5vsnwqggqlc8fmqp73anzq4x4hm9w42vuvm85n62xsz7salq9z27z4zp2pfsre64cql68qa6ra5s08ms0u,,unknown,,,COMPLETE,PARTIAL,ckb-mainnet-30d-2026-08-31-v1
1169,ckb1qzfhdsa4syv599s2s3nfrctwga70g0tu07n9gpnun9ydlngf5vsnwqgrtxgt300hp4dtdulhvphvr2zq9eqz36j0qdvepw9a7ux44dhn7asxasdggqhyq282fuu5q568,,unknown,,,FAILED_RETRY_EXHAUSTED,PARTIAL,ckb-mainnet-30d-2026-08-31-v1
1170,ckb1qzfhdsa4syv599s2s3nfrctwga70g0tu07n9gpnun9ydlngf5vsnwqgy6mj33uzgzth4v3c648hf85nr82g4wgv5qntw2x8sfqfw74j8r257ay7jvvafz4epjs8ttkds,,11-50,12,human_like,COMPLETE,INSUFFICIENT_EVIDENCE,ckb-mainnet-30d-2026-08-31-v1
1171,ckb1qzl58smqy32hnrq6vxjedcxe2fugvnz497h7yvwqvwel40uh4rltcqfcnzr5d9zwctyksqp8fjlge9t3tdwqqscw0dlgc,,unknown,,,COMPLETE,PARTIAL,ckb-mainnet-30d-2026-08-31-v1
