cluster,membership_probability,representation,wallet
-1,0.0,HIGH_CONFIDENCE_SCALED,ckb1qpl0dc3xe2dr299vwe6e7zc42rnsex4pptlcjyglahevnkqq6ft0wqgw8xxul
-1,0.0,HIGH_CONFIDENCE_SCALED,ckb1qpw9q60tppt7l3j7r09qcp7lxnp3vcanvgha8pmvsa3jplykxn32sqgwvhnrqkx9ka45f2cnc90fy30m3scpupqggwawq
1,1.0,HIGH_CONFIDENCE_SCALED,ckb1qq650jd22cuqferm504axlnqztjy0jg6yw8h4fcmrf6nr8c3murquqf4mptuftgkyj3u42mdwj9583pdfzvl6u5cg4qnx88s32fzxpeldkc9daejv92lx2qqqqqqqqqqqqqqqqqqqqqqqqqqqvqsqfnz866tkgcqqqqqqqqqqqqqphzrf9lmyqgqqqqqqqqqqqqqqqq7czxzj
-1,0.0,HIGH_CONFIDENCE_SCALED,ckb1qqcratfhhe0whl8n2pyyw9248r9kyw3x7gmkp80jf0ffvagvzgc8sqgdzm4fw
-1,0.0,HIGH_CONFIDENCE_SCALED,ckb1qqcz6dvc97r9a097mwdfxc8yq5cw6v4dhrsskshmhecdsvf07l8d7q034hj6qjn294z8gdh63kf30m565mcmkphjxtfee9fly023cx3l8v9w3h7z
-1,0.0,HIGH_CONFIDENCE_SCALED,ckb1qqcz6dvc97r9a097mwdfxc8yq5cw6v4dhrsskshmhecdsvf07l8d7q245y9mqs3e4l6ycsv4amhgzhzd85ewf59amlnmqmur37uda2c8fuyf2j6v
1,0.8367507973444308,HIGH_CONFIDENCE_SCALED,ckb1qqcz6dvc97r9a097mwdfxc8yq5cw6v4dhrsskshmhecdsvf07l8d7qd8fdu5vu3fwqfjkscg6umfxczuyh7dd29nwexznhftzvr0znpzygrdjjm7
3,0.8142711905480854,HIGH_CONFIDENCE_SCALED,ckb1qqcz6dvc97r9a097mwdfxc8yq5cw6v4dhrsskshmhecdsvf07l8d7qf4mvqmuqzfeahs4axptm5en0m3jjndht530kdp0uvxvjr3un0rsvh828t2
-1,0.0,HIGH_CONFIDENCE_SCALED,ckb1qqcz6dvc97r9a097mwdfxc8yq5cw6v4dhrsskshmhecdsvf07l8d7qfg6grazjdwmf9uzf8deshhr9wsn85w2l66e8d9g7gpz0gveu28zv6pk3z4
3,0.7567961740819957,HIGH_CONFIDENCE_SCALED,ckb1qqcz6dvc97r9a097mwdfxc8yq5cw6v4dhrsskshmhecdsvf07l8d7qvml6appkndqvveylvggcmfk02vgs76k87eqmctyamkjwc0ppuqf5uvskfx
-1,0.0,HIGH_CONFIDENCE_SCALED,ckb1qqcz6dvc97r9a097mwdfxc8yq5cw6v4dhrsskshmhecdsvf07l8d7qw3smwpw49khlnp34vzdfg27rsau0fpnx4eq8u6l4fzucydmsjkfy7jfem9
1,0.6303884536879759,HIGH_CONFIDENCE_SCALED,ckb1qqunmue4ncels5qse4j6839yy68h9k27c6cyj7q6j9kxsze3a2dgsqdc96g88lhq0ww27cjlp0j960kqvxlzyyhww4pyhk5ztgzaem7q5s6rs7mt
1,0.5734542305374998,HIGH_CONFIDENCE_SCALED,ckb1qqunmue4ncels5qse4j6839yy68h9k27c6cyj7q6j9kxsze3a2dgsqvcg4qnx88s32fzxpeldkc9daejv92lx2yupu5ahmqkdhwlhm9qksdws8hd
-1,0.0,HIGH_CONFIDENCE_SCALED,ckb1qr2g8yj3vrjzx2evk20szt5rszmmvykhrn6w0xv3ga4khnmpqu6lvqq3u8mhh
-1,0.0,HIGH_CONFIDENCE_SCALED,ckb1qrgqep8saj8agswr30pls73hra28ry8jlnlc3ejzh3dl2ju7xxpjxqgqq82w09dxh4f3gl6se95l7k0g3n3wjjsgdstzvp4c
2,1.0,HIGH_CONFIDENCE_SCALED,ckb1qrgqep8saj8agswr30pls73hra28ry8jlnlc3ejzh3dl2ju7xxpjxqgqq84zvv7khuuad70n45llzf9p6zahk9680sw2qed8
-1,0.0,HIGH_CONFIDENCE_SCALED,ckb1qrgqep8saj8agswr30pls73hra28ry8jlnlc3ejzh3dl2ju7xxpjxqgqq8897n3kut095xgled9dpczz0t7hg7w87un0vrnk
-1,0.0,HIGH_CONFIDENCE_SCALED,ckb1qrgqep8saj8agswr30pls73hra28ry8jlnlc3ejzh3dl2ju7xxpjxqgqq89qeq8sz02jymcmc8nm5qsfmwyxtvqemvnunp36
-1,0.0,HIGH_CONFIDENCE_SCALED,ckb1qrgqep8saj8agswr30pls73hra28ry8jlnlc3ejzh3dl2ju7xxpjxqgqq89s0k62mh0xf6hn8cc20wunuarrumudx5nwq9uk
-1,0.0,HIGH_CONFIDENCE_SCALED,ckb1qrgqep8saj8agswr30pls73hra28ry8jlnlc3ejzh3dl2ju7xxpjxqgqq8crqpcx3nq9p23h8ep5zzpga67ygfd73scdttd5
-1,0.0,HIGH_CONFIDENCE_SCALED,ckb1qrgqep8saj8agswr30pls73hra28ry8jlnlc3ejzh3dl2ju7xxpjxqgqq8gauytada8x688zt0makt3pjmdaad6u8uym77ef
0,1.0,HIGH_CONFIDENCE_SCALED,ckb1qrgqep8saj8agswr30pls73hra28ry8jlnlc3ejzh3dl2ju7xxpjxqgqq8hrnm86uy32m0wv24eqwyvl4crudtnc3yu82y8n
-1,0.0,HIGH_CONFIDENCE_SCALED,ckb1qrgqep8saj8agswr30pls73hra28ry8jlnlc3ejzh3dl2ju7xxpjxqgqq8jjta82sj7lcz5ewruppmfrrvtg9nh4vvg5klxg
-1,0.0,HIGH_CONFIDENCE_SCALED,ckb1qrgqep8saj8agswr30pls73hra28ry8jlnlc3ejzh3dl2ju7xxpjxqgqq8kwzq44p8ap4zclfc3vfgw5uxqqnegf0u7t0l86
-1,0.0,HIGH_CONFIDENCE_SCALED,ckb1qrgqep8saj8agswr30pls73hra28ry8jlnlc3ejzh3dl2ju7xxpjxqgqq8t3pqdfg3rnsqe8vgv93d49evdzkvpxcce0ml7v
1,0.5788892165242434,HIGH_CONFIDENCE_SCALED,ckb1qrgqep8saj8agswr30pls73hra28ry8jlnlc3ejzh3dl2ju7xxpjxqgqq92dx9xep8pwxacajpvvlcj4j7tlk9uhng4j74ms
-1,0.0,HIGH_CONFIDENCE_SCALED,ckb1qrgqep8saj8agswr30pls73hra28ry8jlnlc3ejzh3dl2ju7xxpjxqgqq94q52uky0frd8sge5jnfwnm89zclmrg35ltra3y
-1,0.0,HIGH_CONFIDENCE_SCALED,ckb1qrgqep8saj8agswr30pls73hra28ry8jlnlc3ejzh3dl2ju7xxpjxqgqq97nlhckh68mupdw9w33xhp4hedejskhxs9ef2y4
2,1.0,HIGH_CONFIDENCE_SCALED,ckb1qrgqep8saj8agswr30pls73hra28ry8jlnlc3ejzh3dl2ju7xxpjxqgqq9ef4udwfyuwywlsqwy08wpapagss8ej8yxj50cr
-1,0.0,HIGH_CONFIDENCE_SCALED,ckb1qrgqep8saj8agswr30pls73hra28ry8jlnlc3ejzh3dl2ju7xxpjxqgqq9fmlyjt4ydumr7u27ltfz3vjfj2s2hgmgwc8awk
-1,0.0,HIGH_CONFIDENCE_SCALED,ckb1qrgqep8saj8agswr30pls73hra28ry8jlnlc3ejzh3dl2ju7xxpjxqgqq9fz7cfu5xla5nd3ay686gm2ajnzh89h8c48k7uz
-1,0.0,HIGH_CONFIDENCE_SCALED,ckb1qrgqep8saj8agswr30pls73hra28ry8jlnlc3ejzh3dl2ju7xxpjxqgqq9m8eyncfhezf8s68djzwk5f9yjgwc6frqej2wsh
1,0.5986132355816893,HIGH_CONFIDENCE_SCALED,ckb1qrgqep8saj8agswr30pls73hra28ry8jlnlc3ejzh3dl2ju7xxpjxqgqq9xtegwt8nftvp2sjp83djfqela8e8uxdcxz9a3g
4,1.0,HIGH_CONFIDENCE_SCALED,ckb1qrgqep8saj8agswr30pls73hra28ry8jlnlc3ejzh3dl2ju7xxpjxqgqqx0f0kn59zeww42ufe72s3zp843zjtm70qknllc8
-1,0.0,HIGH_CONFIDENCE_SCALED,ckb1qrgqep8saj8agswr30pls73hra28ry8jlnlc3ejzh3dl2ju7xxpjxqgqqx8ced038s4z2vxfkqu7jzdcqs7q6qhxjqxupv3g
-1,0.0,HIGH_CONFIDENCE_SCALED,ckb1qrgqep8saj8agswr30pls73hra28ry8jlnlc3ejzh3dl2ju7xxpjxqgqqxamnrpernhha9nsyus0k6f8a6ays6t0cusm37pn
2,1.0,HIGH_CONFIDENCE_SCALED,ckb1qrgqep8saj8agswr30pls73hra28ry8jlnlc3ejzh3dl2ju7xxpjxqgqqxeawela8galsacxfd7d4xaymhy9jpmqeqyruqve
2,1.0,HIGH_CONFIDENCE_SCALED,ckb1qrgqep8saj8agswr30pls73hra28ry8jlnlc3ejzh3dl2ju7xxpjxqgqqxmkl3lngrcklwa8grdc8ja6n4s40pu4sc0w0aln
-1,0.0,HIGH_CONFIDENCE_SCALED,ckb1qrgqep8saj8agswr30pls73hra28ry8jlnlc3ejzh3dl2ju7xxpjxqgqqxvxkq3zapxvyv6qktfyhq84puycg59s2q0smpl6
-1,0.0,HIGH_CONFIDENCE_SCALED,ckb1qrgqep8saj8agswr30pls73hra28ry8jlnlc3ejzh3dl2ju7xxpjxqgqqy5z928yw33t5enjqglmeq7w23dk99q7qvm3yvlr
-1,0.0,HIGH_CONFIDENCE_SCALED,ckb1qrgqep8saj8agswr30pls73hra28ry8jlnlc3ejzh3dl2ju7xxpjxqgqqydhfg585sfcxu5gpaqs5sme8rn30c5yagaawuq2
-1,0.0,HIGH_CONFIDENCE_SCALED,ckb1qrgqep8saj8agswr30pls73hra28ry8jlnlc3ejzh3dl2ju7xxpjxqgqqygpfd4a3nnel8tg9ntkwayy9hx537qf4yyyg3v0
-1,0.0,HIGH_CONFIDENCE_SCALED,ckb1qrgqep8saj8agswr30pls73hra28ry8jlnlc3ejzh3dl2ju7xxpjxqgqqyjw0y2p7ahcysl4qhq97x60svqn29492qpkvy2s
-1,0.0,HIGH_CONFIDENCE_SCALED,ckb1qrgqep8saj8agswr30pls73hra28ry8jlnlc3ejzh3dl2ju7xxpjxqgqqyknjsdgjmz9a475mzuledqlm82yujj4vu8xllec
-1,0.0,HIGH_CONFIDENCE_SCALED,ckb1qrgqep8saj8agswr30pls73hra28ry8jlnlc3ejzh3dl2ju7xxpjxqgqqym5d4n465eu93tdcz5sycepdkatjahp9uwdcpfy
-1,0.0,HIGH_CONFIDENCE_SCALED,ckb1qrgqep8saj8agswr30pls73hra28ry8jlnlc3ejzh3dl2ju7xxpjxqgqqymvu6d289ggsyudpamr4g6ayz62gpp34qzy30vs
-1,0.0,HIGH_CONFIDENCE_SCALED,ckb1qrgqep8saj8agswr30pls73hra28ry8jlnlc3ejzh3dl2ju7xxpjxqgqqytevmf523qgwexunz0pf59ysl6dvxvvusuft43p
3,1.0,HIGH_CONFIDENCE_SCALED,ckb1qrj9k8u0yxllyvfhqddr4d636adnd2vpmmkru7pqr99ecppfvl60zq2jdhmvxjtkj8fx84gevn93j5eyc2xtgmg63glfg
3,1.0,HIGH_CONFIDENCE_SCALED,ckb1qrj9k8u0yxllyvfhqddr4d636adnd2vpmmkru7pqr99ecppfvl60zqfd4pj6za0jzhxvsk960aw4ylu48hmrtjq8ec8zj
3,1.0,HIGH_CONFIDENCE_SCALED,ckb1qrj9k8u0yxllyvfhqddr4d636adnd2vpmmkru7pqr99ecppfvl60zqfuh3ru2j5lmm6cl4tt7dqme28545t9yzsyhsyzg
3,1.0,HIGH_CONFIDENCE_SCALED,ckb1qrj9k8u0yxllyvfhqddr4d636adnd2vpmmkru7pqr99ecppfvl60zqgjydsp6tgswnf7rg5u2j2v20cvcm55dygutu3en
2,1.0,HIGH_CONFIDENCE_SCALED,ckb1qrlh3whq40ch67jqfs97p7ddnjgctvlc3hxxqsp5202m4rslyt6n5qh3068szf235yxw9c3px3rzgxkxnf2ynq7ys5kam9r42sn5a2x845q7rg9y
2,1.0,HIGH_CONFIDENCE_SCALED,ckb1qrlh3whq40ch67jqfs97p7ddnjgctvlc3hxxqsp5202m4rslyt6n5qn0ta0jq68jgwzvzpy82w8sugs9cvvza3fz0flwr67avv068nsst5uevzjl
-1,0.0,HIGH_CONFIDENCE_SCALED,ckb1qzda0cr08m85hc8jlnfp3zer7xulejywt49kt2rr0vthywaa50xwsq0259kv0x5jez6h0l5qr52k64weapapgyscsnmhn
4,1.0,HIGH_CONFIDENCE_SCALED,ckb1qzda0cr08m85hc8jlnfp3zer7xulejywt49kt2rr0vthywaa50xwsq02lstf96jmmavf7uln9acpkedt2clz3tqc6chk8
-1,0.0,HIGH_CONFIDENCE_SCALED,ckb1qzda0cr08m85hc8jlnfp3zer7xulejywt49kt2rr0vthywaa50xwsq02rtsalknt9nezey405ay2gek8v5x0ncc3fd62k
1,1.0,HIGH_CONFIDENCE_SCALED,ckb1qzda0cr08m85hc8jlnfp3zer7xulejywt49kt2rr0vthywaa50xwsq03vvfm7dufx0a80zj27h4f5qjvygtelpshfz360
-1,0.0,HIGH_CONFIDENCE_SCALED,ckb1qzda0cr08m85hc8jlnfp3zer7xulejywt49kt2rr0vthywaa50xwsq03z3ekhq3qhe4tz8v5kf3z08gxphswumg02rsqc
4,1.0,HIGH_CONFIDENCE_SCALED,ckb1qzda0cr08m85hc8jlnfp3zer7xulejywt49kt2rr0vthywaa50xwsq046dyalzv28h7wt8fqzhhskeedyh6fpugkydwwj
0,0.2059922283862903,HIGH_CONFIDENCE_SCALED,ckb1qzda0cr08m85hc8jlnfp3zer7xulejywt49kt2rr0vthywaa50xwsq04avg2cjv4t0vh2v7zuztvcctzy860fjs9esl5u
-1,0.0,HIGH_CONFIDENCE_SCALED,ckb1qzda0cr08m85hc8jlnfp3zer7xulejywt49kt2rr0vthywaa50xwsq059gaxh9mhygyzgpps4edtqdsumgslcdq3ejtuw
3,0.8918129910571544,HIGH_CONFIDENCE_SCALED,ckb1qzda0cr08m85hc8jlnfp3zer7xulejywt49kt2rr0vthywaa50xwsq05jzhp0f28a78e9vnyvk4vfmw60xaqadgfyz8es
1,0.6710936872412946,HIGH_CONFIDENCE_SCALED,ckb1qzda0cr08m85hc8jlnfp3zer7xulejywt49kt2rr0vthywaa50xwsq05k3xttu6lzuy260j06mql7tqpgwcznlcvx836h
-1,0.0,HIGH_CONFIDENCE_SCALED,ckb1qzda0cr08m85hc8jlnfp3zer7xulejywt49kt2rr0vthywaa50xwsq05n6zvckahhuks4wl9rznllcfgralwl3gqs5rqt
4,0.9821351439464889,HIGH_CONFIDENCE_SCALED,ckb1qzda0cr08m85hc8jlnfp3zer7xulejywt49kt2rr0vthywaa50xwsq05uu85tpqrf75arfkskcnwjsaj5f6c05qtmqdm9
2,1.0,HIGH_CONFIDENCE_SCALED,ckb1qzda0cr08m85hc8jlnfp3zer7xulejywt49kt2rr0vthywaa50xwsq06cwnwfzz5sv5ps5w6ewtm6q9upj8klyc7qt4xy
-1,0.0,HIGH_CONFIDENCE_SCALED,ckb1qzda0cr08m85hc8jlnfp3zer7xulejywt49kt2rr0vthywaa50xwsq06s99smdcvprv0vpjw74v7yr3gfsz63tsmgym2k
4,0.9550427844576828,HIGH_CONFIDENCE_SCALED,ckb1qzda0cr08m85hc8jlnfp3zer7xulejywt49kt2rr0vthywaa50xwsq07j9vt4j4pr582tmmhg2r25g09e8lqhzq67lmrn
-1,0.0,HIGH_CONFIDENCE_SCALED,ckb1qzda0cr08m85hc8jlnfp3zer7xulejywt49kt2rr0vthywaa50xwsq08d3jlwgma52gm4mz6fchyah7ruhk8y4swey2xv
4,0.945849170185046,HIGH_CONFIDENCE_SCALED,ckb1qzda0cr08m85hc8jlnfp3zer7xulejywt49kt2rr0vthywaa50xwsq08np8nmp86cyutmm8glcmp36udhrkquhgpeccr6
4,0.9503273335039827,HIGH_CONFIDENCE_SCALED,ckb1qzda0cr08m85hc8jlnfp3zer7xulejywt49kt2rr0vthywaa50xwsq08nxknd7g5pzwe9mmdcqtqfs5f8ckh8fq34kxj8
2,1.0,HIGH_CONFIDENCE_SCALED,ckb1qzda0cr08m85hc8jlnfp3zer7xulejywt49kt2rr0vthywaa50xwsq09rwsv5zvm3658ugyssehs360eh82v7zclyn32u
-1,0.0,HIGH_CONFIDENCE_SCALED,ckb1qzda0cr08m85hc8jlnfp3zer7xulejywt49kt2rr0vthywaa50xwsq0anafacyafq0j2rek0jx5rztanvvw9kcqdtkwna
-1,0.0,HIGH_CONFIDENCE_SCALED,ckb1qzda0cr08m85hc8jlnfp3zer7xulejywt49kt2rr0vthywaa50xwsq0c46k06e2fp7rg9aq9yqxwaat763nrpegmdg0qn
4,1.0,HIGH_CONFIDENCE_SCALED,ckb1qzda0cr08m85hc8jlnfp3zer7xulejywt49kt2rr0vthywaa50xwsq0c46rcy6f2qav3ddfgv2540mz6vl7knlc0pl0a0
4,0.9006109068214472,HIGH_CONFIDENCE_SCALED,ckb1qzda0cr08m85hc8jlnfp3zer7xulejywt49kt2rr0vthywaa50xwsq0cl8tlydpzpp6wzeuzfsm926sp9m0rpqqt2qecr
1,1.0,HIGH_CONFIDENCE_SCALED,ckb1qzda0cr08m85hc8jlnfp3zer7xulejywt49kt2rr0vthywaa50xwsq0ejdewpqqsdy22zke90ug9h9u0jvlqskcjysp8m
0,1.0,HIGH_CONFIDENCE_SCALED,ckb1qzda0cr08m85hc8jlnfp3zer7xulejywt49kt2rr0vthywaa50xwsq0er7n9s6mrsravyz79mjqpl97j7tg48ased4uwq
3,0.9634440696260324,HIGH_CONFIDENCE_SCALED,ckb1qzda0cr08m85hc8jlnfp3zer7xulejywt49kt2rr0vthywaa50xwsq0fjsxk3ufezyljeglltk69mhtgrruqsusa36w9h
-1,0.0,HIGH_CONFIDENCE_SCALED,ckb1qzda0cr08m85hc8jlnfp3zer7xulejywt49kt2rr0vthywaa50xwsq0fuqrqqcykvepusm4st0asqya208yzxcgcgewm5
0,0.38641184096346737,HIGH_CONFIDENCE_SCALED,ckb1qzda0cr08m85hc8jlnfp3zer7xulejywt49kt2rr0vthywaa50xwsq0guyenkvxw036k2zukneprz8x4erevtgs958r7v
-1,0.0,HIGH_CONFIDENCE_SCALED,ckb1qzda0cr08m85hc8jlnfp3zer7xulejywt49kt2rr0vthywaa50xwsq0jc2vwf6jsj7852lryh3hfh4jkvk548gqh4yp6v
-1,0.0,HIGH_CONFIDENCE_SCALED,ckb1qzda0cr08m85hc8jlnfp3zer7xulejywt49kt2rr0vthywaa50xwsq0k5jc20yyf62n2879zxymntrhyke0zg9crdzqfz
1,0.8935747298893061,HIGH_CONFIDENCE_SCALED,ckb1qzda0cr08m85hc8jlnfp3zer7xulejywt49kt2rr0vthywaa50xwsq0l05nyuesryj4upnexyk2wzw0upsn8m7q7c6g0e
3,0.8671657288032262,HIGH_CONFIDENCE_SCALED,ckb1qzda0cr08m85hc8jlnfp3zer7xulejywt49kt2rr0vthywaa50xwsq0m0zyttfjaw4ft9sjyz8rv2jnk2e66e5c89pdn5
0,0.22304659218131836,HIGH_CONFIDENCE_SCALED,ckb1qzda0cr08m85hc8jlnfp3zer7xulejywt49kt2rr0vthywaa50xwsq0msjj9yjj2n6dtuafzzj6uen3p7mt966sfkapz2
0,1.0,HIGH_CONFIDENCE_SCALED,ckb1qzda0cr08m85hc8jlnfp3zer7xulejywt49kt2rr0vthywaa50xwsq0muw495z9pexgx7eftmgehycxjvtc89nsvmddpk
-1,0.0,HIGH_CONFIDENCE_SCALED,ckb1qzda0cr08m85hc8jlnfp3zer7xulejywt49kt2rr0vthywaa50xwsq0p80per28ltwd4sm2052pjt4z8unckpucj6e5pc
0,0.3655943463587646,HIGH_CONFIDENCE_SCALED,ckb1qzda0cr08m85hc8jlnfp3zer7xulejywt49kt2rr0vthywaa50xwsq0qer85n4uaq4gaz35uc6nc99svasgexmcymaweu
3,0.9503363550415803,HIGH_CONFIDENCE_SCALED,ckb1qzda0cr08m85hc8jlnfp3zer7xulejywt49kt2rr0vthywaa50xwsq0r0uwh2anx2znsuqqda47yw7pyzxavsag3zwln3
1,1.0,HIGH_CONFIDENCE_SCALED,ckb1qzda0cr08m85hc8jlnfp3zer7xulejywt49kt2rr0vthywaa50xwsq0r9y77vk0sjk3m5t8x2pgp5wlque28mvqetg3vj
3,1.0,HIGH_CONFIDENCE_SCALED,ckb1qzda0cr08m85hc8jlnfp3zer7xulejywt49kt2rr0vthywaa50xwsq0rgz8mcc9ws8vv0m33vx8jm9u68knrplqz0m628
0,0.2059922283862903,HIGH_CONFIDENCE_SCALED,ckb1qzda0cr08m85hc8jlnfp3zer7xulejywt49kt2rr0vthywaa50xwsq0rk5lgxzurkxdnq95zcra0lpyax9ja0rqqk8gaz
-1,0.0,HIGH_CONFIDENCE_SCALED,ckb1qzda0cr08m85hc8jlnfp3zer7xulejywt49kt2rr0vthywaa50xwsq0rljzn0julrpp9l3fgmm9r9r4jz8rax7sgvagwh
4,1.0,HIGH_CONFIDENCE_SCALED,ckb1qzda0cr08m85hc8jlnfp3zer7xulejywt49kt2rr0vthywaa50xwsq0rrr3az2mu0ncjeqj26du5ymfhtq5l0gcv2rv08
-1,0.0,HIGH_CONFIDENCE_SCALED,ckb1qzda0cr08m85hc8jlnfp3zer7xulejywt49kt2rr0vthywaa50xwsq0sc9f6eqnjfm8tn35nxeqtnm43x6aljdqj45cke
-1,0.0,HIGH_CONFIDENCE_SCALED,ckb1qzda0cr08m85hc8jlnfp3zer7xulejywt49kt2rr0vthywaa50xwsq0smcdjfuapeu9zuahwrsrtp4qetjgngpg5xr5fq
0,0.6968649057430674,HIGH_CONFIDENCE_SCALED,ckb1qzda0cr08m85hc8jlnfp3zer7xulejywt49kt2rr0vthywaa50xwsq0tck2vsvttyzk8n8gngr95nqnlx6s5vycpj8w3k
0,1.0,HIGH_CONFIDENCE_SCALED,ckb1qzda0cr08m85hc8jlnfp3zer7xulejywt49kt2rr0vthywaa50xwsq0u4j72c469enjkklngja9y4c94q6cqyks8c84uv
-1,0.0,HIGH_CONFIDENCE_SCALED,ckb1qzda0cr08m85hc8jlnfp3zer7xulejywt49kt2rr0vthywaa50xwsq0vqkp4e093a5e6a2t3k08excpc3k74d0qpe0lt0
-1,0.0,HIGH_CONFIDENCE_SCALED,ckb1qzda0cr08m85hc8jlnfp3zer7xulejywt49kt2rr0vthywaa50xwsq0ww9n0ex40pmhtz6ltslng7rtl35w96nszujfva
-1,0.0,HIGH_CONFIDENCE_SCALED,ckb1qzda0cr08m85hc8jlnfp3zer7xulejywt49kt2rr0vthywaa50xwsq0x3yrv8qls62mqeylsvmzp5cqpmvy8quq7autul
-1,0.0,HIGH_CONFIDENCE_SCALED,ckb1qzda0cr08m85hc8jlnfp3zer7xulejywt49kt2rr0vthywaa50xwsq0xm5pnqls5mls030v7q9l2k5aksglcvjgge7vq8
-1,0.0,HIGH_CONFIDENCE_SCALED,ckb1qzda0cr08m85hc8jlnfp3zer7xulejywt49kt2rr0vthywaa50xwsq0xtd3e8c9wcj8swd2swg90w95u6xt3zsqzdnx7r
2,1.0,HIGH_CONFIDENCE_SCALED,ckb1qzda0cr08m85hc8jlnfp3zer7xulejywt49kt2rr0vthywaa50xwsq0xz88g9vckq3vp47c4nakj2g7ugslm2acl45l9r
-1,0.0,HIGH_CONFIDENCE_SCALED,ckb1qzda0cr08m85hc8jlnfp3zer7xulejywt49kt2rr0vthywaa50xwsq0y6r5a4py64gccqrd77qvuhr8v3d2xfjcnrz45r
3,1.0,HIGH_CONFIDENCE_SCALED,ckb1qzda0cr08m85hc8jlnfp3zer7xulejywt49kt2rr0vthywaa50xwsq0z6aytm8n2hmlggs88jguhuekkk9zq8hgaew60w
-1,0.0,HIGH_CONFIDENCE_SCALED,ckb1qzda0cr08m85hc8jlnfp3zer7xulejywt49kt2rr0vthywaa50xwsq0z6h6nlju0mcdp0ny0sx77tmu6j2700lqkdeakp
0,0.39502025697797255,HIGH_CONFIDENCE_SCALED,ckb1qzda0cr08m85hc8jlnfp3zer7xulejywt49kt2rr0vthywaa50xwsq0z799mwernws5tt7me85kr63jauldckkcpdyx4t
1,0.6566474481694747,HIGH_CONFIDENCE_SCALED,ckb1qzda0cr08m85hc8jlnfp3zer7xulejywt49kt2rr0vthywaa50xwsq0zf2s0pke9a2nul6vhurkanmft0nx57mcuqadmm
0,1.0,HIGH_CONFIDENCE_SCALED,ckb1qzda0cr08m85hc8jlnfp3zer7xulejywt49kt2rr0vthywaa50xwsq20gymh8hj0295y4sexft6t8u07c87txyg4y75m0
-1,0.0,HIGH_CONFIDENCE_SCALED,ckb1qzda0cr08m85hc8jlnfp3zer7xulejywt49kt2rr0vthywaa50xwsq20k6na5zxh7ska80rl4x6cvu5269q8whsdasfzf
-1,0.0,HIGH_CONFIDENCE_SCALED,ckb1qzda0cr08m85hc8jlnfp3zer7xulejywt49kt2rr0vthywaa50xwsq20u0ncxwckqw79c9f9kev5mlckwsmj8psnrz4u4
4,1.0,HIGH_CONFIDENCE_SCALED,ckb1qzda0cr08m85hc8jlnfp3zer7xulejywt49kt2rr0vthywaa50xwsq20y2fdrsxsg9d2ze0mnmjq9lyy3rdmdpq736f0p
1,0.6035356241521573,HIGH_CONFIDENCE_SCALED,ckb1qzda0cr08m85hc8jlnfp3zer7xulejywt49kt2rr0vthywaa50xwsq22vda73jzdlu3lf6luskzcjz7z5ksa58stp95p5
2,0.9348115888802543,HIGH_CONFIDENCE_SCALED,ckb1qzda0cr08m85hc8jlnfp3zer7xulejywt49kt2rr0vthywaa50xwsq23j637de7ulapxyn0h2kl2784uhrv6whg2708tp
-1,0.0,HIGH_CONFIDENCE_SCALED,ckb1qzda0cr08m85hc8jlnfp3zer7xulejywt49kt2rr0vthywaa50xwsq23ylk2ds3ljwawtj47npyhqersnxamxjssl8vaq
0,0.34265345535289027,HIGH_CONFIDENCE_SCALED,ckb1qzda0cr08m85hc8jlnfp3zer7xulejywt49kt2rr0vthywaa50xwsq247yrzkaul6mzgfrs74hr5t7q0l3ak8ugacfdq9
1,0.6048177305941329,HIGH_CONFIDENCE_SCALED,ckb1qzda0cr08m85hc8jlnfp3zer7xulejywt49kt2rr0vthywaa50xwsq24qy8a3esyfvy8nu68pphmwsn8yaa653c9klmac
0,0.2059922283862903,HIGH_CONFIDENCE_SCALED,ckb1qzda0cr08m85hc8jlnfp3zer7xulejywt49kt2rr0vthywaa50xwsq24scr6mpupq6x6arqdwz5ufzfa8skkcccm8ryrr
-1,0.0,HIGH_CONFIDENCE_SCALED,ckb1qzda0cr08m85hc8jlnfp3zer7xulejywt49kt2rr0vthywaa50xwsq258cy8km6ddpzdassg6ksjqjvdr3c0aeqavzlpd
0,0.2059922283862903,HIGH_CONFIDENCE_SCALED,ckb1qzda0cr08m85hc8jlnfp3zer7xulejywt49kt2rr0vthywaa50xwsq25kj6kupzglv5kwcqh54mmm0vd830lt2quf2fvf
-1,0.0,HIGH_CONFIDENCE_SCALED,ckb1qzda0cr08m85hc8jlnfp3zer7xulejywt49kt2rr0vthywaa50xwsq270p8pvg8y2nugwcsq9syredeq5ee5mxq2x87jl
3,1.0,HIGH_CONFIDENCE_SCALED,ckb1qzda0cr08m85hc8jlnfp3zer7xulejywt49kt2rr0vthywaa50xwsq270spcwvhxfszfmq9sh25v9sum044spls2uf332
0,0.22382298322294739,HIGH_CONFIDENCE_SCALED,ckb1qzda0cr08m85hc8jlnfp3zer7xulejywt49kt2rr0vthywaa50xwsq272xupqa54z4q8z05qt2fywfvdcuxd4dqku7vr4
0,0.3719206250906082,HIGH_CONFIDENCE_SCALED,ckb1qzda0cr08m85hc8jlnfp3zer7xulejywt49kt2rr0vthywaa50xwsq275zthc09tdzvgzlycvrl8p5n2ea2e7as0q8aes
4,0.9821351439464889,HIGH_CONFIDENCE_SCALED,ckb1qzda0cr08m85hc8jlnfp3zer7xulejywt49kt2rr0vthywaa50xwsq28ps4hf8swzexa6ky8dp2q540tsrvz60qt2wtqk
3,0.868238647108819,HIGH_CONFIDENCE_SCALED,ckb1qzda0cr08m85hc8jlnfp3zer7xulejywt49kt2rr0vthywaa50xwsq298q6vfh7z6allgp2ty42k6yd49vap8ysn494ka
-1,0.0,HIGH_CONFIDENCE_SCALED,ckb1qzda0cr08m85hc8jlnfp3zer7xulejywt49kt2rr0vthywaa50xwsq2akxm0aqm8896a8ma4x7tsj0nugj4ldmg9egwhg
0,0.3855308722454355,HIGH_CONFIDENCE_SCALED,ckb1qzda0cr08m85hc8jlnfp3zer7xulejywt49kt2rr0vthywaa50xwsq2cdr6jzphx2r5y02rkrlh84f4aes20mcc4569tl
1,0.6566474481694747,HIGH_CONFIDENCE_SCALED,ckb1qzda0cr08m85hc8jlnfp3zer7xulejywt49kt2rr0vthywaa50xwsq2cq7k6zqqnna55dzwd32rxjkajthgqr2clgqu5w
-1,0.0,HIGH_CONFIDENCE_SCALED,ckb1qzda0cr08m85hc8jlnfp3zer7xulejywt49kt2rr0vthywaa50xwsq2da0jqygw442724a22vmvse55pez5zw4qtj3mmg
4,1.0,HIGH_CONFIDENCE_SCALED,ckb1qzda0cr08m85hc8jlnfp3zer7xulejywt49kt2rr0vthywaa50xwsq2dn39wdkj33e7v03mx3mg6raqh365hpnqp2nq6r
-1,0.0,HIGH_CONFIDENCE_SCALED,ckb1qzda0cr08m85hc8jlnfp3zer7xulejywt49kt2rr0vthywaa50xwsq2ejd8f7wnaln83fx7u8g5tr0sv8jpuwpqdfm05a
4,0.9724902942847308,HIGH_CONFIDENCE_SCALED,ckb1qzda0cr08m85hc8jlnfp3zer7xulejywt49kt2rr0vthywaa50xwsq2evwcurnqel0euyf4s2pgkut48dgp7fsg3tdhrk
0,0.2059922283862903,HIGH_CONFIDENCE_SCALED,ckb1qzda0cr08m85hc8jlnfp3zer7xulejywt49kt2rr0vthywaa50xwsq2fdtshag9h5z8q7qy6v4hu6lpzvejmg7sp9a6kf
0,1.0,HIGH_CONFIDENCE_SCALED,ckb1qzda0cr08m85hc8jlnfp3zer7xulejywt49kt2rr0vthywaa50xwsq2gxfhv94tp8sc29c5xhsuttgk4hhpp2nq2mt7ff
1,0.6566474481694747,HIGH_CONFIDENCE_SCALED,ckb1qzda0cr08m85hc8jlnfp3zer7xulejywt49kt2rr0vthywaa50xwsq2h36kp26fly5n2huuc446dc3rzhunq2nsesxffv
1,0.6566474481694747,HIGH_CONFIDENCE_SCALED,ckb1qzda0cr08m85hc8jlnfp3zer7xulejywt49kt2rr0vthywaa50xwsq2jrflqx0dneevp0v6ssznw8ry6aj8laxcuh9svs
-1,0.0,HIGH_CONFIDENCE_SCALED,ckb1qzda0cr08m85hc8jlnfp3zer7xulejywt49kt2rr0vthywaa50xwsq2lfh4w2sguefdcw8fmehy5fpaenhehr9cped0e2
4,0.9833886300768668,HIGH_CONFIDENCE_SCALED,ckb1qzda0cr08m85hc8jlnfp3zer7xulejywt49kt2rr0vthywaa50xwsq2mj7v7ut0alqkx38qgu393dw8lafafq0qwnqaxs
-1,0.0,HIGH_CONFIDENCE_SCALED,ckb1qzda0cr08m85hc8jlnfp3zer7xulejywt49kt2rr0vthywaa50xwsq2mu7xj6mj90s8dxxnuqxyty72rg72ydzscwk9vf
3,1.0,HIGH_CONFIDENCE_SCALED,ckb1qzda0cr08m85hc8jlnfp3zer7xulejywt49kt2rr0vthywaa50xwsq2ne4yj30svjzvvdcmd96qhfvepdx6pfcs09q7zl
4,0.9821351439464889,HIGH_CONFIDENCE_SCALED,ckb1qzda0cr08m85hc8jlnfp3zer7xulejywt49kt2rr0vthywaa50xwsq2nku3pd5gl7m6pp0cdx7m9gk2t9pswywqcqwjch
0,0.39502025697797255,HIGH_CONFIDENCE_SCALED,ckb1qzda0cr08m85hc8jlnfp3zer7xulejywt49kt2rr0vthywaa50xwsq2nwlee8epequkd94qh3k5uymjqxgvfktgxl9jd3
-1,0.0,HIGH_CONFIDENCE_SCALED,ckb1qzda0cr08m85hc8jlnfp3zer7xulejywt49kt2rr0vthywaa50xwsq2pgrf442dam0aa0l8gd2s8jlxfu7hha3c7hg4qq
-1,0.0,HIGH_CONFIDENCE_SCALED,ckb1qzda0cr08m85hc8jlnfp3zer7xulejywt49kt2rr0vthywaa50xwsq2pnp7gglp8clvahem5mpf7wmr0pjk5krgf4lwf2
-1,0.0,HIGH_CONFIDENCE_SCALED,ckb1qzda0cr08m85hc8jlnfp3zer7xulejywt49kt2rr0vthywaa50xwsq2qjj3mqkrdhzuga2qfzf72ma38xhpsaasfj3trw
0,1.0,HIGH_CONFIDENCE_SCALED,ckb1qzda0cr08m85hc8jlnfp3zer7xulejywt49kt2rr0vthywaa50xwsq2qq5zmvacvrht6g5w35hgdg4mhcxcu5hgu2f8qe
4,0.9011787904194118,HIGH_CONFIDENCE_SCALED,ckb1qzda0cr08m85hc8jlnfp3zer7xulejywt49kt2rr0vthywaa50xwsq2qtfq8zdd9rs86hslwh8j4h8qjk6r3e6s0k50ul
1,0.6477060611775187,HIGH_CONFIDENCE_SCALED,ckb1qzda0cr08m85hc8jlnfp3zer7xulejywt49kt2rr0vthywaa50xwsq2rsu67gzxhacdwpzfyc0gc5q9vgr6aztc6y5n8c
3,1.0,HIGH_CONFIDENCE_SCALED,ckb1qzda0cr08m85hc8jlnfp3zer7xulejywt49kt2rr0vthywaa50xwsq2rv2ln77sfue9zmr4uemppw6e6cqch00sz7curl
-1,0.0,HIGH_CONFIDENCE_SCALED,ckb1qzda0cr08m85hc8jlnfp3zer7xulejywt49kt2rr0vthywaa50xwsq2sfv44lf5g89ha2q296zqm8savzcyqxlsulsx6f
1,0.6566474481694747,HIGH_CONFIDENCE_SCALED,ckb1qzda0cr08m85hc8jlnfp3zer7xulejywt49kt2rr0vthywaa50xwsq2t6z8rc90g09yeh7t3nz2sfe72y20yzcg6jt76x
1,0.6566474481694747,HIGH_CONFIDENCE_SCALED,ckb1qzda0cr08m85hc8jlnfp3zer7xulejywt49kt2rr0vthywaa50xwsq2t9jypuuquc0tfdca5eugj6gk7v3dt0hq4r3hx9
1,0.6566474481694747,HIGH_CONFIDENCE_SCALED,ckb1qzda0cr08m85hc8jlnfp3zer7xulejywt49kt2rr0vthywaa50xwsq2tq8vms882lepc8fk0aapfp0c9nh755xsdtnm3m
-1,0.0,HIGH_CONFIDENCE_SCALED,ckb1qzda0cr08m85hc8jlnfp3zer7xulejywt49kt2rr0vthywaa50xwsq2uj8rfycz3s3h0m0h62fj8mvxluqr627s8j5led
-1,0.0,HIGH_CONFIDENCE_SCALED,ckb1qzda0cr08m85hc8jlnfp3zer7xulejywt49kt2rr0vthywaa50xwsq2ul0rt55hnp2e2nzzhfkep4xtc3l88rxqes83vq
3,1.0,HIGH_CONFIDENCE_SCALED,ckb1qzda0cr08m85hc8jlnfp3zer7xulejywt49kt2rr0vthywaa50xwsq2uq6ykas222qjhw4k6847guv3y8c7wvccalk3tf
-1,0.0,HIGH_CONFIDENCE_SCALED,ckb1qzda0cr08m85hc8jlnfp3zer7xulejywt49kt2rr0vthywaa50xwsq2uxysa465m2k0hxh4zefzd2k5j36dly3gxkjc57
-1,0.0,HIGH_CONFIDENCE_SCALED,ckb1qzda0cr08m85hc8jlnfp3zer7xulejywt49kt2rr0vthywaa50xwsq2vr8y8dws0jkz062k8vlpafpu8x9rucvcggdkr4
0,1.0,HIGH_CONFIDENCE_SCALED,ckb1qzda0cr08m85hc8jlnfp3zer7xulejywt49kt2rr0vthywaa50xwsq2xg8c6fulfw65ay5aqq99atj30ev84unssl4ska
-1,0.0,HIGH_CONFIDENCE_SCALED,ckb1qzda0cr08m85hc8jlnfp3zer7xulejywt49kt2rr0vthywaa50xwsq2yg6kr7zvjzw0ts2j7qtkd6jzr2kq3g7sdh3azr
1,0.6133838129028901,HIGH_CONFIDENCE_SCALED,ckb1qzda0cr08m85hc8jlnfp3zer7xulejywt49kt2rr0vthywaa50xwsq2zmwtcwp3x5ngxr7wxp3aq737g35nhgpqq4lp5x
-1,0.0,HIGH_CONFIDENCE_SCALED,ckb1qzda0cr08m85hc8jlnfp3zer7xulejywt49kt2rr0vthywaa50xwsq2zuyw4u22256gp6v8s6na4p7esyg4h74q68r5ue
-1,0.0,HIGH_CONFIDENCE_SCALED,ckb1qzda0cr08m85hc8jlnfp3zer7xulejywt49kt2rr0vthywaa50xwsqd280gcprvtlm89nyxuc2ru9e2tqe0aewcks0h7q
1,1.0,HIGH_CONFIDENCE_SCALED,ckb1qzda0cr08m85hc8jlnfp3zer7xulejywt49kt2rr0vthywaa50xwsqd2ln87tv0nhyh6r2h84d3fnm5vdsjraagf5r842
-1,0.0,HIGH_CONFIDENCE_SCALED,ckb1qzda0cr08m85hc8jlnfp3zer7xulejywt49kt2rr0vthywaa50xwsqd3ele94wtw253dum78vpuuy2rcspueckqp9hktf
1,0.94387902330782,HIGH_CONFIDENCE_SCALED,ckb1qzda0cr08m85hc8jlnfp3zer7xulejywt49kt2rr0vthywaa50xwsqd3jnqsndu5z3ew6anr65w34cyevvnucug28nl8j
1,0.6566474481694747,HIGH_CONFIDENCE_SCALED,ckb1qzda0cr08m85hc8jlnfp3zer7xulejywt49kt2rr0vthywaa50xwsqd3t75wgj4rjmaem5f46ek9f5g2xe9gsucx860r9
-1,0.0,HIGH_CONFIDENCE_SCALED,ckb1qzda0cr08m85hc8jlnfp3zer7xulejywt49kt2rr0vthywaa50xwsqd3w85684vvlhfh93nrvkq6rz6ve7xu0ugjyfg3s
3,1.0,HIGH_CONFIDENCE_SCALED,ckb1qzda0cr08m85hc8jlnfp3zer7xulejywt49kt2rr0vthywaa50xwsqd4h5ahm0l94adpfafpftu00tpsncrmmqgghtrxy
2,1.0,HIGH_CONFIDENCE_SCALED,ckb1qzda0cr08m85hc8jlnfp3zer7xulejywt49kt2rr0vthywaa50xwsqd52pqxx3q9kjg6xxh9f2h6wuut9numalsjdnjxu
-1,0.0,HIGH_CONFIDENCE_SCALED,ckb1qzda0cr08m85hc8jlnfp3zer7xulejywt49kt2rr0vthywaa50xwsqd532x7yagmmqne0jkrwggysarh5kufcjgp5ry3g
1,0.6566474481694747,HIGH_CONFIDENCE_SCALED,ckb1qzda0cr08m85hc8jlnfp3zer7xulejywt49kt2rr0vthywaa50xwsqd5wxs2lr6y8gzek23nkyj04ngcgmutl4s75skv9
0,0.2059922283862903,HIGH_CONFIDENCE_SCALED,ckb1qzda0cr08m85hc8jlnfp3zer7xulejywt49kt2rr0vthywaa50xwsqd5z95kzr62mkc2vnadeyv6hpqmwlxv2xgakd68v
0,0.39502025697797255,HIGH_CONFIDENCE_SCALED,ckb1qzda0cr08m85hc8jlnfp3zer7xulejywt49kt2rr0vthywaa50xwsqd5zvdgz64ygu94j8cwvcguc6wz5mhaknc3drq98
1,0.6566474481694747,HIGH_CONFIDENCE_SCALED,ckb1qzda0cr08m85hc8jlnfp3zer7xulejywt49kt2rr0vthywaa50xwsqd6328jjvyqyx6psdkxv5gyxmlx90f50cgc8yla8
0,0.39283433024113584,HIGH_CONFIDENCE_SCALED,ckb1qzda0cr08m85hc8jlnfp3zer7xulejywt49kt2rr0vthywaa50xwsqd682nhfyu5lfzt4gp9cmrqgsjpesm3pjqf252gf
3,0.5720954952570418,HIGH_CONFIDENCE_SCALED,ckb1qzda0cr08m85hc8jlnfp3zer7xulejywt49kt2rr0vthywaa50xwsqd6jpr7mncc8n3y4jv4z5k8fq7l77s42kq76f87n
-1,0.0,HIGH_CONFIDENCE_SCALED,ckb1qzda0cr08m85hc8jlnfp3zer7xulejywt49kt2rr0vthywaa50xwsqd6raz9mkh95xl7tg8ymg7klqz7ns0af5ctkwa53
1,1.0,HIGH_CONFIDENCE_SCALED,ckb1qzda0cr08m85hc8jlnfp3zer7xulejywt49kt2rr0vthywaa50xwsqd7qx7ag4lw5wlu0ewhgryjrug54tauj4glm5p09
3,1.0,HIGH_CONFIDENCE_SCALED,ckb1qzda0cr08m85hc8jlnfp3zer7xulejywt49kt2rr0vthywaa50xwsqd7xem3waujkrfq9vrj7vc5tesg793drag9966ur
1,1.0,HIGH_CONFIDENCE_SCALED,ckb1qzda0cr08m85hc8jlnfp3zer7xulejywt49kt2rr0vthywaa50xwsqd8a7fpzf530ks6kmw3yfvn72p5v4ayy6gq05avs
1,0.6566474481694747,HIGH_CONFIDENCE_SCALED,ckb1qzda0cr08m85hc8jlnfp3zer7xulejywt49kt2rr0vthywaa50xwsqd8at4zhq3lrngyw88mqued7njjluzc9dcx3mfwa
-1,0.0,HIGH_CONFIDENCE_SCALED,ckb1qzda0cr08m85hc8jlnfp3zer7xulejywt49kt2rr0vthywaa50xwsqd9ec9tr57qedasftglxrgq9yl657ym3yqddeg6p
-1,0.0,HIGH_CONFIDENCE_SCALED,ckb1qzda0cr08m85hc8jlnfp3zer7xulejywt49kt2rr0vthywaa50xwsqda5zj9fpg255n7vz04eqkzlles8z72susenvew6
-1,0.0,HIGH_CONFIDENCE_SCALED,ckb1qzda0cr08m85hc8jlnfp3zer7xulejywt49kt2rr0vthywaa50xwsqdak37z6wn6w6aea983ruzrfl8yweej95cfkzyn9
0,1.0,HIGH_CONFIDENCE_SCALED,ckb1qzda0cr08m85hc8jlnfp3zer7xulejywt49kt2rr0vthywaa50xwsqdc75deduvc55qd7z48nrd6xy06td2r0wgqqs0vf
1,0.6710936872412946,HIGH_CONFIDENCE_SCALED,ckb1qzda0cr08m85hc8jlnfp3zer7xulejywt49kt2rr0vthywaa50xwsqdcr3ezl9ktveg4fpuujzgrnel0nnjvjxc2gf480
4,0.9821351439464889,HIGH_CONFIDENCE_SCALED,ckb1qzda0cr08m85hc8jlnfp3zer7xulejywt49kt2rr0vthywaa50xwsqddm8ppq3gz8gz0d9ap6z8nc3r662npn2cuxk9f0
0,0.22370704968717592,HIGH_CONFIDENCE_SCALED,ckb1qzda0cr08m85hc8jlnfp3zer7xulejywt49kt2rr0vthywaa50xwsqddtncxgn0wga0mctct2p6k2ueqd36ju3qqqmeqa
0,0.39502025697797255,HIGH_CONFIDENCE_SCALED,ckb1qzda0cr08m85hc8jlnfp3zer7xulejywt49kt2rr0vthywaa50xwsqddw45fnzxhfmsxwuf7m82k5vyynsfvkxqu8209y
2,1.0,HIGH_CONFIDENCE_SCALED,ckb1qzda0cr08m85hc8jlnfp3zer7xulejywt49kt2rr0vthywaa50xwsqddyz6vl88hqfhcrfv55xpqzan04myfn7qweufsa
4,1.0,HIGH_CONFIDENCE_SCALED,ckb1qzda0cr08m85hc8jlnfp3zer7xulejywt49kt2rr0vthywaa50xwsqdenac4ykevnaxl2ltarf6y37hps3nxxjc4ckfhj
-1,0.0,HIGH_CONFIDENCE_SCALED,ckb1qzda0cr08m85hc8jlnfp3zer7xulejywt49kt2rr0vthywaa50xwsqdev2qemedc4lercjj2ys3acwf4d6nj7jcprg6sq
4,0.9898967511663754,HIGH_CONFIDENCE_SCALED,ckb1qzda0cr08m85hc8jlnfp3zer7xulejywt49kt2rr0vthywaa50xwsqdfpcl42753m0xgau9yefhgfxukx83dwysy7tdl3
2,1.0,HIGH_CONFIDENCE_SCALED,ckb1qzda0cr08m85hc8jlnfp3zer7xulejywt49kt2rr0vthywaa50xwsqdfunuqtrj99lz8app7uqjmdr2ecx6wwfc62xrtm
-1,0.0,HIGH_CONFIDENCE_SCALED,ckb1qzda0cr08m85hc8jlnfp3zer7xulejywt49kt2rr0vthywaa50xwsqdg04rll0lnjdvdyp2zpqguqkmnye6vmnsd4vft5
3,0.6095029362340517,HIGH_CONFIDENCE_SCALED,ckb1qzda0cr08m85hc8jlnfp3zer7xulejywt49kt2rr0vthywaa50xwsqdg5awuqp2zuwnvjcr753hh38ml5ywd5rgpg79nw
-1,0.0,HIGH_CONFIDENCE_SCALED,ckb1qzda0cr08m85hc8jlnfp3zer7xulejywt49kt2rr0vthywaa50xwsqdh26mj0xls204ndg9lsdptdz0zu0jdmycngh5ht
1,0.6710936872412946,HIGH_CONFIDENCE_SCALED,ckb1qzda0cr08m85hc8jlnfp3zer7xulejywt49kt2rr0vthywaa50xwsqdhxwwku2qxwcj784l5slje2tsa76nlgvsawdc7v
-1,0.0,HIGH_CONFIDENCE_SCALED,ckb1qzda0cr08m85hc8jlnfp3zer7xulejywt49kt2rr0vthywaa50xwsqdjsydf39sklhfvtfnk57vvd7d2vn4kxwqpr3prn
1,0.6710936872412946,HIGH_CONFIDENCE_SCALED,ckb1qzda0cr08m85hc8jlnfp3zer7xulejywt49kt2rr0vthywaa50xwsqdk6t85vllv37se5ng6rpnz7x30clgdy6qsped2w
2,1.0,HIGH_CONFIDENCE_SCALED,ckb1qzda0cr08m85hc8jlnfp3zer7xulejywt49kt2rr0vthywaa50xwsqdktl2pnd9nrh6fna6ydh5sv34z4cx59mg2d5yh4
2,1.0,HIGH_CONFIDENCE_SCALED,ckb1qzda0cr08m85hc8jlnfp3zer7xulejywt49kt2rr0vthywaa50xwsqdlnnrld5uyndfrw0xxnpmpf435242xl2ccrge5g
-1,0.0,HIGH_CONFIDENCE_SCALED,ckb1qzda0cr08m85hc8jlnfp3zer7xulejywt49kt2rr0vthywaa50xwsqdly7vzugjpxpzy4wc8u8dkpt6gmv2kknsw36cs0
1,1.0,HIGH_CONFIDENCE_SCALED,ckb1qzda0cr08m85hc8jlnfp3zer7xulejywt49kt2rr0vthywaa50xwsqdn85jtpzkk24ga7vprxcupwkw8h2kmcpgnkw4s2
0,0.2059922283862903,HIGH_CONFIDENCE_SCALED,ckb1qzda0cr08m85hc8jlnfp3zer7xulejywt49kt2rr0vthywaa50xwsqdnvsjyahhu4hnqmv5aqy06jk7p289qcsck64eed
3,1.0,HIGH_CONFIDENCE_SCALED,ckb1qzda0cr08m85hc8jlnfp3zer7xulejywt49kt2rr0vthywaa50xwsqdpglw7yx2vzsuu2hz4f0zqmm7ujn4gzrcpt9myf
0,0.5026795749679874,HIGH_CONFIDENCE_SCALED,ckb1qzda0cr08m85hc8jlnfp3zer7xulejywt49kt2rr0vthywaa50xwsqdqpaqujjqztsvqsckxxryqkyar5g229ls79xsux
-1,0.0,HIGH_CONFIDENCE_SCALED,ckb1qzda0cr08m85hc8jlnfp3zer7xulejywt49kt2rr0vthywaa50xwsqdqq677slvjxejspzxxuyrz3r8m4glpqrqve4u4k
4,1.0,HIGH_CONFIDENCE_SCALED,ckb1qzda0cr08m85hc8jlnfp3zer7xulejywt49kt2rr0vthywaa50xwsqdqrmx3gfghxmm3m5dj4vm27j5ke9kvw9qmr8lwp
1,0.6710936872412946,HIGH_CONFIDENCE_SCALED,ckb1qzda0cr08m85hc8jlnfp3zer7xulejywt49kt2rr0vthywaa50xwsqdqyzqvyyqgdw9qdu9tsfwfj2j3qj05ams2m6zwh
1,0.6710936872412946,HIGH_CONFIDENCE_SCALED,ckb1qzda0cr08m85hc8jlnfp3zer7xulejywt49kt2rr0vthywaa50xwsqdrc0cvrk8yuh4248eumm00tj6la4285jgtkf6ge
4,1.0,HIGH_CONFIDENCE_SCALED,ckb1qzda0cr08m85hc8jlnfp3zer7xulejywt49kt2rr0vthywaa50xwsqdtejzc329up3s665cxswczse77neqxr2c6uk0jz
0,1.0,HIGH_CONFIDENCE_SCALED,ckb1qzda0cr08m85hc8jlnfp3zer7xulejywt49kt2rr0vthywaa50xwsqdtr9km5rjdrntcf4a5jh7u55rl8rurp2snsf7v6
-1,0.0,HIGH_CONFIDENCE_SCALED,ckb1qzda0cr08m85hc8jlnfp3zer7xulejywt49kt2rr0vthywaa50xwsqdun3wce79ar4cmnl76tyehgha0muqg07gt556gd
1,1.0,HIGH_CONFIDENCE_SCALED,ckb1qzda0cr08m85hc8jlnfp3zer7xulejywt49kt2rr0vthywaa50xwsqdv3msqhwu0eel0cx4vxkhzphyxdxg0p2gcn4zk4
-1,0.0,HIGH_CONFIDENCE_SCALED,ckb1qzda0cr08m85hc8jlnfp3zer7xulejywt49kt2rr0vthywaa50xwsqdv5f45r3aevly9umatacdzw6x2hmycfss6cstcq
3,0.6388286569707505,HIGH_CONFIDENCE_SCALED,ckb1qzda0cr08m85hc8jlnfp3zer7xulejywt49kt2rr0vthywaa50xwsqdwa7y4etexhlslpeplm2gensrmkpgpfqc5kk4x9
3,0.6388286569707505,HIGH_CONFIDENCE_SCALED,ckb1qzda0cr08m85hc8jlnfp3zer7xulejywt49kt2rr0vthywaa50xwsqdx5m2dx9j9el3arnuntxu5lkfafw4dyxgq357up
3,0.8822727173758442,HIGH_CONFIDENCE_SCALED,ckb1qzda0cr08m85hc8jlnfp3zer7xulejywt49kt2rr0vthywaa50xwsqdxaqe07wj7kc5y9suqc6lkdqz4wm85ltq0ng53r
-1,0.0,HIGH_CONFIDENCE_SCALED,ckb1qzda0cr08m85hc8jlnfp3zer7xulejywt49kt2rr0vthywaa50xwsqdxzlmuqal6c37hk678qjekya0qjd5m5lq7hhzaq
4,1.0,HIGH_CONFIDENCE_SCALED,ckb1qzda0cr08m85hc8jlnfp3zer7xulejywt49kt2rr0vthywaa50xwsqdxzpng0y93mrnmxq0e73j4yu4d3n3mkuqc5r59u
2,1.0,HIGH_CONFIDENCE_SCALED,ckb1qzda0cr08m85hc8jlnfp3zer7xulejywt49kt2rr0vthywaa50xwsqdy03jsqq4r873dyqm49pckertnx0qvw0qvde0sg
-1,0.0,HIGH_CONFIDENCE_SCALED,ckb1qzda0cr08m85hc8jlnfp3zer7xulejywt49kt2rr0vthywaa50xwsqdytgmu0z5yskwrnegfptr3n4pcx9d6tlswehku8
-1,0.0,HIGH_CONFIDENCE_SCALED,ckb1qzda0cr08m85hc8jlnfp3zer7xulejywt49kt2rr0vthywaa50xwsqdywhhfnhv7xz24x9y79yu47u9ugwr8p2sccyn4q
0,0.39502025697797255,HIGH_CONFIDENCE_SCALED,ckb1qzda0cr08m85hc8jlnfp3zer7xulejywt49kt2rr0vthywaa50xwsqdzcwm3dgw383w7uv4v9a95jdxtxgzrmdcpxs45n
-1,0.0,HIGH_CONFIDENCE_SCALED,ckb1qzda0cr08m85hc8jlnfp3zer7xulejywt49kt2rr0vthywaa50xwsqf2pf3uu524tn9umy7g3gchaa6sgamvs4sx454l6
0,0.24487816479221317,HIGH_CONFIDENCE_SCALED,ckb1qzda0cr08m85hc8jlnfp3zer7xulejywt49kt2rr0vthywaa50xwsqf3q9e554euxmpqyaju2n3prxl3fxuphqs9l8zmt
-1,0.0,HIGH_CONFIDENCE_SCALED,ckb1qzda0cr08m85hc8jlnfp3zer7xulejywt49kt2rr0vthywaa50xwsqf4s8sxvjqhp8qpxyqj03kwmry2a43kggq7um8ef
1,0.6172020769218344,HIGH_CONFIDENCE_SCALED,ckb1qzda0cr08m85hc8jlnfp3zer7xulejywt49kt2rr0vthywaa50xwsqf68ndqgrm406nmahnk8uyvl6up7hzhgdcjvn87t
-1,0.0,HIGH_CONFIDENCE_SCALED,ckb1qzda0cr08m85hc8jlnfp3zer7xulejywt49kt2rr0vthywaa50xwsqf6qtawqcsf9ga3yuhh8gfhxuyah7rvtlgzn95vl
0,1.0,HIGH_CONFIDENCE_SCALED,ckb1qzda0cr08m85hc8jlnfp3zer7xulejywt49kt2rr0vthywaa50xwsqf70nhxhk4ljdgqd4ef2ndrzka0qda3nlg5ry85g
2,0.8178283612853304,HIGH_CONFIDENCE_SCALED,ckb1qzda0cr08m85hc8jlnfp3zer7xulejywt49kt2rr0vthywaa50xwsqf7wdk98y3zdh3cyql86grghqwnen7ks5qzrld2q
-1,0.0,HIGH_CONFIDENCE_SCALED,ckb1qzda0cr08m85hc8jlnfp3zer7xulejywt49kt2rr0vthywaa50xwsqfc5kszzn9mc2zycl58v8jjrk9zhmr97cg3ndvfs
-1,0.0,HIGH_CONFIDENCE_SCALED,ckb1qzda0cr08m85hc8jlnfp3zer7xulejywt49kt2rr0vthywaa50xwsqfc63dma5fy3kywpnada5yy99tpqvl4dechg9csl
0,0.39502025697797255,HIGH_CONFIDENCE_SCALED,ckb1qzda0cr08m85hc8jlnfp3zer7xulejywt49kt2rr0vthywaa50xwsqfcwzl3jytqrrgtuwmapvqe42txrxvqlncewj9c8
1,1.0,HIGH_CONFIDENCE_SCALED,ckb1qzda0cr08m85hc8jlnfp3zer7xulejywt49kt2rr0vthywaa50xwsqfd8eyknzynse6m9r0zlfjyt4qpxnlr86svrekgm
1,0.6477060611775187,HIGH_CONFIDENCE_SCALED,ckb1qzda0cr08m85hc8jlnfp3zer7xulejywt49kt2rr0vthywaa50xwsqfewq5cphjmj7j53dgvs9ekquz7wp0eadggz3t4x
-1,0.0,HIGH_CONFIDENCE_SCALED,ckb1qzda0cr08m85hc8jlnfp3zer7xulejywt49kt2rr0vthywaa50xwsqff60m3g73j280arxmzwp6anr9g04xmmast74txw
1,0.6710936872412946,HIGH_CONFIDENCE_SCALED,ckb1qzda0cr08m85hc8jlnfp3zer7xulejywt49kt2rr0vthywaa50xwsqfg0c6expwhe3wjs5vkk7e2legcah5gvjqvdy8l7
-1,0.0,HIGH_CONFIDENCE_SCALED,ckb1qzda0cr08m85hc8jlnfp3zer7xulejywt49kt2rr0vthywaa50xwsqfg2np57fhkdu6fuygqt3ys4rykd03gfhsu8dvd7
0,1.0,HIGH_CONFIDENCE_SCALED,ckb1qzda0cr08m85hc8jlnfp3zer7xulejywt49kt2rr0vthywaa50xwsqfh3hsd0an0xag0qzx0ay8qrtpclap9x3she6gvj
3,0.853650884991435,HIGH_CONFIDENCE_SCALED,ckb1qzda0cr08m85hc8jlnfp3zer7xulejywt49kt2rr0vthywaa50xwsqfhncpyvtj7w4euhnwwnndksez0kl7kljgjp39t5
4,0.9226939371356926,HIGH_CONFIDENCE_SCALED,ckb1qzda0cr08m85hc8jlnfp3zer7xulejywt49kt2rr0vthywaa50xwsqfj8ejt4qckvuzrtezy9nvcv7le9ur8cuqy7s5x8
-1,0.0,HIGH_CONFIDENCE_SCALED,ckb1qzda0cr08m85hc8jlnfp3zer7xulejywt49kt2rr0vthywaa50xwsqfjhl5nx82y5z2xdhwqhg34vkzta6gttgc05sfu2
3,0.853650884991435,HIGH_CONFIDENCE_SCALED,ckb1qzda0cr08m85hc8jlnfp3zer7xulejywt49kt2rr0vthywaa50xwsqfk74jml992maq6k2g9gn5znh4qsqlcg0gxqejgl
-1,0.0,HIGH_CONFIDENCE_SCALED,ckb1qzda0cr08m85hc8jlnfp3zer7xulejywt49kt2rr0vthywaa50xwsqfkjglwnv0p5h4wujzvz65rekwxmx2d0zsn7yllu
1,0.9168245897059916,HIGH_CONFIDENCE_SCALED,ckb1qzda0cr08m85hc8jlnfp3zer7xulejywt49kt2rr0vthywaa50xwsqfklpav762duvc8cva7gnz89nzvksp6r3qeh6wvh
-1,0.0,HIGH_CONFIDENCE_SCALED,ckb1qzda0cr08m85hc8jlnfp3zer7xulejywt49kt2rr0vthywaa50xwsqfl7q5k0n22acsv662t7zmcw6rggs4ev8sft2wt3
-1,0.0,HIGH_CONFIDENCE_SCALED,ckb1qzda0cr08m85hc8jlnfp3zer7xulejywt49kt2rr0vthywaa50xwsqfl9ggysz7z4kfeslc6snf0ykm24kd9ujqrlxxfg
2,1.0,HIGH_CONFIDENCE_SCALED,ckb1qzda0cr08m85hc8jlnfp3zer7xulejywt49kt2rr0vthywaa50xwsqflgd96hhegvt75t3admj08a2y88yv5mdqy6cqs0
3,0.9825044191424542,HIGH_CONFIDENCE_SCALED,ckb1qzda0cr08m85hc8jlnfp3zer7xulejywt49kt2rr0vthywaa50xwsqfn7k56km47p5javnrpw4ufny8gcyqjyxschyrkw
-1,0.0,HIGH_CONFIDENCE_SCALED,ckb1qzda0cr08m85hc8jlnfp3zer7xulejywt49kt2rr0vthywaa50xwsqfplruvrt4qsh2vu7vla0uuk2pxvstfx6csgmzu5
1,0.9404057963981264,HIGH_CONFIDENCE_SCALED,ckb1qzda0cr08m85hc8jlnfp3zer7xulejywt49kt2rr0vthywaa50xwsqfqqgdjzldwm3gcuxnclfscjda2lw7jruqjxyp93
4,0.9835111659037578,HIGH_CONFIDENCE_SCALED,ckb1qzda0cr08m85hc8jlnfp3zer7xulejywt49kt2rr0vthywaa50xwsqfqr2l6rqllmnhtpzptgq9fnagsykcffxcpqmjuu
-1,0.0,HIGH_CONFIDENCE_SCALED,ckb1qzda0cr08m85hc8jlnfp3zer7xulejywt49kt2rr0vthywaa50xwsqfrlamn0mk353jsutukulxcxyf8je85wwg5l5nnv
-1,0.0,HIGH_CONFIDENCE_SCALED,ckb1qzda0cr08m85hc8jlnfp3zer7xulejywt49kt2rr0vthywaa50xwsqfrmvt598cnr70mhtyt9afjg9yju7s0n6gw0e8d4
1,0.6710936872412946,HIGH_CONFIDENCE_SCALED,ckb1qzda0cr08m85hc8jlnfp3zer7xulejywt49kt2rr0vthywaa50xwsqfrvc7cagn8h4g3harg8cwdfpq3sx7sxms2r27la
1,0.6716869266628028,HIGH_CONFIDENCE_SCALED,ckb1qzda0cr08m85hc8jlnfp3zer7xulejywt49kt2rr0vthywaa50xwsqfs6c4chhw5kwthmq0jzqyxwmr9fpr5a4qr8l2yd
2,1.0,HIGH_CONFIDENCE_SCALED,ckb1qzda0cr08m85hc8jlnfp3zer7xulejywt49kt2rr0vthywaa50xwsqfs7v5u87mvk9zdyhmg3ua0aduh4zfw3fsgsfkel
1,0.6566474481694747,HIGH_CONFIDENCE_SCALED,ckb1qzda0cr08m85hc8jlnfp3zer7xulejywt49kt2rr0vthywaa50xwsqfsajumlzs2pjvtz0xxg42llw5px435u3gxmlwuc
-1,0.0,HIGH_CONFIDENCE_SCALED,ckb1qzda0cr08m85hc8jlnfp3zer7xulejywt49kt2rr0vthywaa50xwsqft980n0alva2vjmkca85wujt5vhtwgzpgqczv9a
-1,0.0,HIGH_CONFIDENCE_SCALED,ckb1qzda0cr08m85hc8jlnfp3zer7xulejywt49kt2rr0vthywaa50xwsqftm2xn4dlczysw0q2x5alw2v7ur2le8gs8h3teh
0,1.0,HIGH_CONFIDENCE_SCALED,ckb1qzda0cr08m85hc8jlnfp3zer7xulejywt49kt2rr0vthywaa50xwsqfu77q0whtmthcu45dm9l326da8rasmh6g8t7pw9
3,0.8142711905480854,HIGH_CONFIDENCE_SCALED,ckb1qzda0cr08m85hc8jlnfp3zer7xulejywt49kt2rr0vthywaa50xwsqfuwj6lqq2hhe8qqm3m5z2xacjjyuy73yqwgnm2m
-1,0.0,HIGH_CONFIDENCE_SCALED,ckb1qzda0cr08m85hc8jlnfp3zer7xulejywt49kt2rr0vthywaa50xwsqfvfcxm03q9xmn3fy68s9rxp0y5lfqfvjgmmtw0p
0,1.0,HIGH_CONFIDENCE_SCALED,ckb1qzda0cr08m85hc8jlnfp3zer7xulejywt49kt2rr0vthywaa50xwsqfwcjzujntvxpmcjmpt4r6pd4mvxu89k4sr3244x
-1,0.0,HIGH_CONFIDENCE_SCALED,ckb1qzda0cr08m85hc8jlnfp3zer7xulejywt49kt2rr0vthywaa50xwsqfwru8wpcx969py0vrrf29ckn928nz26csz7pvxw
1,0.5909131783968267,HIGH_CONFIDENCE_SCALED,ckb1qzda0cr08m85hc8jlnfp3zer7xulejywt49kt2rr0vthywaa50xwsqfx7c8l89wcf42vxgajjke9zdt7myeqrdqj6mqm6
-1,0.0,HIGH_CONFIDENCE_SCALED,ckb1qzda0cr08m85hc8jlnfp3zer7xulejywt49kt2rr0vthywaa50xwsqfxgd9zxl6czs4s3kzr55letennz2l3yjqpt8r79
-1,0.0,HIGH_CONFIDENCE_SCALED,ckb1qzda0cr08m85hc8jlnfp3zer7xulejywt49kt2rr0vthywaa50xwsqfylyx957e0g3kyjua0fed5gzzj4s2s9qsxafn7t
1,1.0,HIGH_CONFIDENCE_SCALED,ckb1qzda0cr08m85hc8jlnfp3zer7xulejywt49kt2rr0vthywaa50xwsqfzgxljyv0d2hezcfypqscs5zy3kn7jhnqvv0xt6
1,0.6710936872412946,HIGH_CONFIDENCE_SCALED,ckb1qzda0cr08m85hc8jlnfp3zer7xulejywt49kt2rr0vthywaa50xwsqfzzknutrncp6fupm6596sgyh5r0946rpsu6mkpk
3,0.6627414852939152,HIGH_CONFIDENCE_SCALED,ckb1qzda0cr08m85hc8jlnfp3zer7xulejywt49kt2rr0vthywaa50xwsqg0fsmjwhnshsqzsayprx9f7w0jwkn5zyqcrdluc
0,0.333084171315263,HIGH_CONFIDENCE_SCALED,ckb1qzda0cr08m85hc8jlnfp3zer7xulejywt49kt2rr0vthywaa50xwsqg0prwcywrcc744qq5veu4upkur4665dlgr6003x
1,0.6566474481694747,HIGH_CONFIDENCE_SCALED,ckb1qzda0cr08m85hc8jlnfp3zer7xulejywt49kt2rr0vthywaa50xwsqg24w9uh6z7vg2mf48x5rq42t5aegfzxxsge2k2w
0,0.27517622989995383,HIGH_CONFIDENCE_SCALED,ckb1qzda0cr08m85hc8jlnfp3zer7xulejywt49kt2rr0vthywaa50xwsqg2fnljwt423kchx368x8xwstmkhx0k2agegvx0a
0,0.21718915348202034,HIGH_CONFIDENCE_SCALED,ckb1qzda0cr08m85hc8jlnfp3zer7xulejywt49kt2rr0vthywaa50xwsqg338aj4hnmutep9ufyd9yyuh3ju7rr8lq03fejn
-1,0.0,HIGH_CONFIDENCE_SCALED,ckb1qzda0cr08m85hc8jlnfp3zer7xulejywt49kt2rr0vthywaa50xwsqg3xv33uywn6sjyvmnzckatkpke54mlx8srepf4g
1,1.0,HIGH_CONFIDENCE_SCALED,ckb1qzda0cr08m85hc8jlnfp3zer7xulejywt49kt2rr0vthywaa50xwsqg3y6k5gqrgjt54wzhxar4kys594v2s0vg2fpsmk
0,0.26251864393931434,HIGH_CONFIDENCE_SCALED,ckb1qzda0cr08m85hc8jlnfp3zer7xulejywt49kt2rr0vthywaa50xwsqg40ucnf7tt8zvnje7xhatf3yllc8zh4pqq25wqh
4,0.9837063289188129,HIGH_CONFIDENCE_SCALED,ckb1qzda0cr08m85hc8jlnfp3zer7xulejywt49kt2rr0vthywaa50xwsqg4cz7lvtz6anfw0uxkrxu8d0gxcfuww2gp702wk
-1,0.0,HIGH_CONFIDENCE_SCALED,ckb1qzda0cr08m85hc8jlnfp3zer7xulejywt49kt2rr0vthywaa50xwsqg4yg2m9jpx5efeu4q0vrp643gjmad37nqrk9glt
0,0.39502025697797255,HIGH_CONFIDENCE_SCALED,ckb1qzda0cr08m85hc8jlnfp3zer7xulejywt49kt2rr0vthywaa50xwsqg60za567aggkr4kdukm540wrujl4xn83g5sff6z
0,0.39502025697797255,HIGH_CONFIDENCE_SCALED,ckb1qzda0cr08m85hc8jlnfp3zer7xulejywt49kt2rr0vthywaa50xwsqg62egjmjcnvyrdl5z38esza6dgfxuy2xsy8gcsa
1,0.6566474481694747,HIGH_CONFIDENCE_SCALED,ckb1qzda0cr08m85hc8jlnfp3zer7xulejywt49kt2rr0vthywaa50xwsqg64upk25mkwaurfnz52t5wcm4hkw8ukgqdmqsjq
4,0.9691659731876688,HIGH_CONFIDENCE_SCALED,ckb1qzda0cr08m85hc8jlnfp3zer7xulejywt49kt2rr0vthywaa50xwsqg6agcch2m7k8lsh00nv05ztfmz0euvqkcfpz7ec
4,0.945849170185046,HIGH_CONFIDENCE_SCALED,ckb1qzda0cr08m85hc8jlnfp3zer7xulejywt49kt2rr0vthywaa50xwsqg6j932zy4ztkzmtpye2uhzsju5npw795s89dznx
-1,0.0,HIGH_CONFIDENCE_SCALED,ckb1qzda0cr08m85hc8jlnfp3zer7xulejywt49kt2rr0vthywaa50xwsqg709r8jqauttpmkjv2x2jg3mtdwvqk7acc26w2j
4,0.9541298917337941,HIGH_CONFIDENCE_SCALED,ckb1qzda0cr08m85hc8jlnfp3zer7xulejywt49kt2rr0vthywaa50xwsqg8td6r2j7dwevxfd0c84lzn0j9dh0tkecqdrktc
-1,0.0,HIGH_CONFIDENCE_SCALED,ckb1qzda0cr08m85hc8jlnfp3zer7xulejywt49kt2rr0vthywaa50xwsqg9q2e95dadfctdfsuq5e5na0nwh58v4jc6rkddw
0,1.0,HIGH_CONFIDENCE_SCALED,ckb1qzda0cr08m85hc8jlnfp3zer7xulejywt49kt2rr0vthywaa50xwsqg9zt77ljsy79v237ska0mgf4zd50avq0cdx0vpw
3,1.0,HIGH_CONFIDENCE_SCALED,ckb1qzda0cr08m85hc8jlnfp3zer7xulejywt49kt2rr0vthywaa50xwsqga8fka44mj0qm9pz3zx8fh23cd9t7ye2qw4p9mm
0,0.2059922283862903,HIGH_CONFIDENCE_SCALED,ckb1qzda0cr08m85hc8jlnfp3zer7xulejywt49kt2rr0vthywaa50xwsqgcls79s3gyaetwz3sm27r5gfjguywnh2cxxda76
3,0.5514484386918646,HIGH_CONFIDENCE_SCALED,ckb1qzda0cr08m85hc8jlnfp3zer7xulejywt49kt2rr0vthywaa50xwsqge57hkg6u3mc7jwh7emmu7pne7keyn2ccf79a2t
3,1.0,HIGH_CONFIDENCE_SCALED,ckb1qzda0cr08m85hc8jlnfp3zer7xulejywt49kt2rr0vthywaa50xwsqgfkqygamtn953uq036rmprazg7rnkt67gdcyxxf
4,0.9821351439464889,HIGH_CONFIDENCE_SCALED,ckb1qzda0cr08m85hc8jlnfp3zer7xulejywt49kt2rr0vthywaa50xwsqgg8w4ddafhudspnvc8aapvpek3rvmk33qqk5up2
4,1.0,HIGH_CONFIDENCE_SCALED,ckb1qzda0cr08m85hc8jlnfp3zer7xulejywt49kt2rr0vthywaa50xwsqggs86408ja7nsgdh0lz0cxafua6u0pq5cmvsxuu
1,0.6566474481694747,HIGH_CONFIDENCE_SCALED,ckb1qzda0cr08m85hc8jlnfp3zer7xulejywt49kt2rr0vthywaa50xwsqggszva8zt4sr9p97fwvrhfhzqf7p29u8s3z6m5z
0,0.2059922283862903,HIGH_CONFIDENCE_SCALED,ckb1qzda0cr08m85hc8jlnfp3zer7xulejywt49kt2rr0vthywaa50xwsqgh8ejptxd3n05njryzm2vct7ew9jez6rs8uvuej
1,0.6710936872412946,HIGH_CONFIDENCE_SCALED,ckb1qzda0cr08m85hc8jlnfp3zer7xulejywt49kt2rr0vthywaa50xwsqghntjqmjfan28zcakl06kt5v5x6upxtdgnsclpd
4,1.0,HIGH_CONFIDENCE_SCALED,ckb1qzda0cr08m85hc8jlnfp3zer7xulejywt49kt2rr0vthywaa50xwsqgj3l4affhawvqru83788u58fphcrx2f8shd3h9l
-1,0.0,HIGH_CONFIDENCE_SCALED,ckb1qzda0cr08m85hc8jlnfp3zer7xulejywt49kt2rr0vthywaa50xwsqgjr2xdh0zyc53jxpwsvwxq5x8y05rmytcewmqcv
-1,0.0,HIGH_CONFIDENCE_SCALED,ckb1qzda0cr08m85hc8jlnfp3zer7xulejywt49kt2rr0vthywaa50xwsqgjuhrq84l5nk7ylhlcqpsa3yg974735rgy30uch
-1,0.0,HIGH_CONFIDENCE_SCALED,ckb1qzda0cr08m85hc8jlnfp3zer7xulejywt49kt2rr0vthywaa50xwsqgk9kfuz7fchth20ksf8d2x3eqph9le6cqhenpf3
0,1.0,HIGH_CONFIDENCE_SCALED,ckb1qzda0cr08m85hc8jlnfp3zer7xulejywt49kt2rr0vthywaa50xwsqgkfsftjekwd5gtrpludsuaynmccg37mssm6hpt9
4,1.0,HIGH_CONFIDENCE_SCALED,ckb1qzda0cr08m85hc8jlnfp3zer7xulejywt49kt2rr0vthywaa50xwsqgkfv8pzr5d26zcapqrd58ksc65w0qv8qqqp6xtc
3,0.697921752138305,HIGH_CONFIDENCE_SCALED,ckb1qzda0cr08m85hc8jlnfp3zer7xulejywt49kt2rr0vthywaa50xwsqgl8p3tyd357ap33wygmdxur9xj2pft5dc5q6uz7
4,1.0,HIGH_CONFIDENCE_SCALED,ckb1qzda0cr08m85hc8jlnfp3zer7xulejywt49kt2rr0vthywaa50xwsqglrz80pqlcstnc89aw4dwr2av8spdc98sk7k0rz
0,1.0,HIGH_CONFIDENCE_SCALED,ckb1qzda0cr08m85hc8jlnfp3zer7xulejywt49kt2rr0vthywaa50xwsqgmjsf5sg7y340mh52tdh8z4p4v2yryk6ggzyu8m
4,0.9674222696629302,HIGH_CONFIDENCE_SCALED,ckb1qzda0cr08m85hc8jlnfp3zer7xulejywt49kt2rr0vthywaa50xwsqgnhsvcls3zfj0jggg74nej0hxwmtzjjvcu09935
-1,0.0,HIGH_CONFIDENCE_SCALED,ckb1qzda0cr08m85hc8jlnfp3zer7xulejywt49kt2rr0vthywaa50xwsqgq74prpeqz7rlncvqz0j2gn4jxsg75ztggj7v7a
1,0.6566474481694747,HIGH_CONFIDENCE_SCALED,ckb1qzda0cr08m85hc8jlnfp3zer7xulejywt49kt2rr0vthywaa50xwsqgtjqt05crwkdrdnqjvvlckq8yy907z3xq8nhw6d
4,1.0,HIGH_CONFIDENCE_SCALED,ckb1qzda0cr08m85hc8jlnfp3zer7xulejywt49kt2rr0vthywaa50xwsqgulzg2h44865y9svyw7s5390npefh3x9qrr8hc9
-1,0.0,HIGH_CONFIDENCE_SCALED,ckb1qzda0cr08m85hc8jlnfp3zer7xulejywt49kt2rr0vthywaa50xwsqgvf6u2sgx8ud45x9dy6gqwl2rx5625w8g52tt66
3,1.0,HIGH_CONFIDENCE_SCALED,ckb1qzda0cr08m85hc8jlnfp3zer7xulejywt49kt2rr0vthywaa50xwsqgvhdamaryxwum3rdm2pfpm2vzlmt3e0uq0cll7q
4,1.0,HIGH_CONFIDENCE_SCALED,ckb1qzda0cr08m85hc8jlnfp3zer7xulejywt49kt2rr0vthywaa50xwsqgvmsa3c3ecl7edwqjvezvjcrwqs3ypy0gdesfvg
3,0.7883858140105474,HIGH_CONFIDENCE_SCALED,ckb1qzda0cr08m85hc8jlnfp3zer7xulejywt49kt2rr0vthywaa50xwsqgvqj4l72jsc6mve69s24ggznk7vf09dpsgdszvp
0,1.0,HIGH_CONFIDENCE_SCALED,ckb1qzda0cr08m85hc8jlnfp3zer7xulejywt49kt2rr0vthywaa50xwsqgvs5gksmvyjy2jl746vvnnq5a7nuey9hsz2uudd
-1,0.0,HIGH_CONFIDENCE_SCALED,ckb1qzda0cr08m85hc8jlnfp3zer7xulejywt49kt2rr0vthywaa50xwsqgw7a8wtdmg4er900svtg4vqn27upcpq4cnd4g7v
0,1.0,HIGH_CONFIDENCE_SCALED,ckb1qzda0cr08m85hc8jlnfp3zer7xulejywt49kt2rr0vthywaa50xwsqgwclc88er2n8s5d5cscywyshz8r3rwr9qla2lgd
1,0.8369428055262567,HIGH_CONFIDENCE_SCALED,ckb1qzda0cr08m85hc8jlnfp3zer7xulejywt49kt2rr0vthywaa50xwsqgwfecefxhhy7jtetnnf835cc6pc4hup2g3047fh
0,0.19545523849682478,HIGH_CONFIDENCE_SCALED,ckb1qzda0cr08m85hc8jlnfp3zer7xulejywt49kt2rr0vthywaa50xwsqgwum3jcpnajgd4teaa2zezc99pwfl3sug4xfx7f
3,0.5960049839740656,HIGH_CONFIDENCE_SCALED,ckb1qzda0cr08m85hc8jlnfp3zer7xulejywt49kt2rr0vthywaa50xwsqgxe3ru50ecjjruz4tymv759ztsdff7lxq74umg9
-1,0.0,HIGH_CONFIDENCE_SCALED,ckb1qzda0cr08m85hc8jlnfp3zer7xulejywt49kt2rr0vthywaa50xwsqgyc38gxchqxq76zu6enhvgp5mdsgv8e7gzp680x
-1,0.0,HIGH_CONFIDENCE_SCALED,ckb1qzda0cr08m85hc8jlnfp3zer7xulejywt49kt2rr0vthywaa50xwsqgygj0n7vv7vk6ejt4d23yp87v5fe5352sv3hvfw
-1,0.0,HIGH_CONFIDENCE_SCALED,ckb1qzda0cr08m85hc8jlnfp3zer7xulejywt49kt2rr0vthywaa50xwsqgzgak4nyyfjzlcnx6lel86kkl9wmn8cmqg5mv52
-1,0.0,HIGH_CONFIDENCE_SCALED,ckb1qzda0cr08m85hc8jlnfp3zer7xulejywt49kt2rr0vthywaa50xwsqgzku5d6wp53s4ukledn8j8u3t9vjxt7ys9uu00a
3,1.0,HIGH_CONFIDENCE_SCALED,ckb1qzda0cr08m85hc8jlnfp3zer7xulejywt49kt2rr0vthywaa50xwsqgzm5e3yf726rc70mkxfc2y2u4y3w27h6qeazjwx
-1,0.0,HIGH_CONFIDENCE_SCALED,ckb1qzda0cr08m85hc8jlnfp3zer7xulejywt49kt2rr0vthywaa50xwsqgzw9vj0prshmp4pm5jr0t8m4vwf353syqvqfm08
3,1.0,HIGH_CONFIDENCE_SCALED,ckb1qzda0cr08m85hc8jlnfp3zer7xulejywt49kt2rr0vthywaa50xwsqt0ayt9cx3tfx3gdmm9vt4r46tj26aus5q6rpaqf
1,0.6710936872412946,HIGH_CONFIDENCE_SCALED,ckb1qzda0cr08m85hc8jlnfp3zer7xulejywt49kt2rr0vthywaa50xwsqt2dw05dtsdwuhpd9klvtd8kywq7wmjd7c9zwp3d
-1,0.0,HIGH_CONFIDENCE_SCALED,ckb1qzda0cr08m85hc8jlnfp3zer7xulejywt49kt2rr0vthywaa50xwsqt2e7jpk20nyyyuwdqmvqk427ql2593nugpqd4pp
-1,0.0,HIGH_CONFIDENCE_SCALED,ckb1qzda0cr08m85hc8jlnfp3zer7xulejywt49kt2rr0vthywaa50xwsqt2gnkqzr9sm0q9syuahhy9mgu9hx3r5pg74y4jz
3,0.7971776991524063,HIGH_CONFIDENCE_SCALED,ckb1qzda0cr08m85hc8jlnfp3zer7xulejywt49kt2rr0vthywaa50xwsqt2hf4pt58qrvnfk02tyhq2pe30t209xecsrj2fy
0,0.39502025697797255,HIGH_CONFIDENCE_SCALED,ckb1qzda0cr08m85hc8jlnfp3zer7xulejywt49kt2rr0vthywaa50xwsqt3tqddwnr5xfm52vevcyujfw8nhrr77hc0uppq7
4,1.0,HIGH_CONFIDENCE_SCALED,ckb1qzda0cr08m85hc8jlnfp3zer7xulejywt49kt2rr0vthywaa50xwsqt44ntk8mswsuzjtd7e5d4nm5q3akq8ppsvm3kqy
0,1.0,HIGH_CONFIDENCE_SCALED,ckb1qzda0cr08m85hc8jlnfp3zer7xulejywt49kt2rr0vthywaa50xwsqt4m3njt3khypyev79qutpf67rewetpltge0mfds
0,1.0,HIGH_CONFIDENCE_SCALED,ckb1qzda0cr08m85hc8jlnfp3zer7xulejywt49kt2rr0vthywaa50xwsqt4rtfua5eqvmwtyn08y8yycc5lx2wty3qtcxx2a
-1,0.0,HIGH_CONFIDENCE_SCALED,ckb1qzda0cr08m85hc8jlnfp3zer7xulejywt49kt2rr0vthywaa50xwsqt5ctdrmqm0ay6yk8h9nxh7uy0xu7tm8zs8tvu99
1,0.955473544914524,HIGH_CONFIDENCE_SCALED,ckb1qzda0cr08m85hc8jlnfp3zer7xulejywt49kt2rr0vthywaa50xwsqt6tazknn3shl6jeynqghajfkmx0uxcsyg49hx74
3,0.7481216145009302,HIGH_CONFIDENCE_SCALED,ckb1qzda0cr08m85hc8jlnfp3zer7xulejywt49kt2rr0vthywaa50xwsqt77x997v0x3d3m4sxxavmcanlvwn3q0hs4upt05
3,0.7481216145009302,HIGH_CONFIDENCE_SCALED,ckb1qzda0cr08m85hc8jlnfp3zer7xulejywt49kt2rr0vthywaa50xwsqt7830n3sgc4rvmu4vym50snrq0f3qjsrgs64u8s
-1,0.0,HIGH_CONFIDENCE_SCALED,ckb1qzda0cr08m85hc8jlnfp3zer7xulejywt49kt2rr0vthywaa50xwsqt785chmwk9t3w2j3570chwvmwq3l2sxrcvmsm9d
0,1.0,HIGH_CONFIDENCE_SCALED,ckb1qzda0cr08m85hc8jlnfp3zer7xulejywt49kt2rr0vthywaa50xwsqt84rvxyppu7c7zfv6xq50zgv034hdjxmguxeszx
4,0.9795679504289001,HIGH_CONFIDENCE_SCALED,ckb1qzda0cr08m85hc8jlnfp3zer7xulejywt49kt2rr0vthywaa50xwsqt8ypvjjfwqn6eneekj0ykwyzrr2jnhxfq8t88cr
-1,0.0,HIGH_CONFIDENCE_SCALED,ckb1qzda0cr08m85hc8jlnfp3zer7xulejywt49kt2rr0vthywaa50xwsqt94xsmh5kjp24djx4y5mpeq0usqthda4cvxxmuk
-1,0.0,HIGH_CONFIDENCE_SCALED,ckb1qzda0cr08m85hc8jlnfp3zer7xulejywt49kt2rr0vthywaa50xwsqt99g9mrrpztjlg4tfwrnzeczrx6kpwdnqx90acl
1,1.0,HIGH_CONFIDENCE_SCALED,ckb1qzda0cr08m85hc8jlnfp3zer7xulejywt49kt2rr0vthywaa50xwsqt9vmtr0jddwrpmpp4tfvvmsmfxt4dvllqkk0arq
-1,0.0,HIGH_CONFIDENCE_SCALED,ckb1qzda0cr08m85hc8jlnfp3zer7xulejywt49kt2rr0vthywaa50xwsqtc39e2l04ha5t5fzvupspn49lftrglr8gw99j4e
1,0.5858282693875637,HIGH_CONFIDENCE_SCALED,ckb1qzda0cr08m85hc8jlnfp3zer7xulejywt49kt2rr0vthywaa50xwsqtcj3ytn3vr7ux8twl2esdzhwqklqm5a9qjff8zs
0,0.39502025697797255,HIGH_CONFIDENCE_SCALED,ckb1qzda0cr08m85hc8jlnfp3zer7xulejywt49kt2rr0vthywaa50xwsqtcpq6rsr3xmfz4xnav7vrszp3qwpcv9yg8urgcw
-1,0.0,HIGH_CONFIDENCE_SCALED,ckb1qzda0cr08m85hc8jlnfp3zer7xulejywt49kt2rr0vthywaa50xwsqtcz03jau3958a7esc84ygpk8vj8ad0njcym245u
0,0.5589091336777827,HIGH_CONFIDENCE_SCALED,ckb1qzda0cr08m85hc8jlnfp3zer7xulejywt49kt2rr0vthywaa50xwsqtd9vhcdxgszckmrhj4em08p4l7g6u877ccyzsy7
3,0.9960320273494404,HIGH_CONFIDENCE_SCALED,ckb1qzda0cr08m85hc8jlnfp3zer7xulejywt49kt2rr0vthywaa50xwsqtdc7efeq2t3xnqhtp336tfxd9sns8hz4cg3qf4y
-1,0.0,HIGH_CONFIDENCE_SCALED,ckb1qzda0cr08m85hc8jlnfp3zer7xulejywt49kt2rr0vthywaa50xwsqtdjy59w688e9h3e6spw0ypv7k69nl2h6q3sma2z
0,0.39502025697797255,HIGH_CONFIDENCE_SCALED,ckb1qzda0cr08m85hc8jlnfp3zer7xulejywt49kt2rr0vthywaa50xwsqtdvhzxzyqcqqu3qu548g0yfhyhkn68s0s5tlqdh
3,1.0,HIGH_CONFIDENCE_SCALED,ckb1qzda0cr08m85hc8jlnfp3zer7xulejywt49kt2rr0vthywaa50xwsqtdwr0smrhh7h0pnkg2yve4ux7mfk3k9nswdj2s2
4,0.9474802547434666,HIGH_CONFIDENCE_SCALED,ckb1qzda0cr08m85hc8jlnfp3zer7xulejywt49kt2rr0vthywaa50xwsqte8ruahspqmzkwmeuae4v5yymsg8r9r7spk8h0y
0,0.39502025697797255,HIGH_CONFIDENCE_SCALED,ckb1qzda0cr08m85hc8jlnfp3zer7xulejywt49kt2rr0vthywaa50xwsqtefa8zf5x0lltkreu77zv5830nwkld24gwljv3p
4,1.0,HIGH_CONFIDENCE_SCALED,ckb1qzda0cr08m85hc8jlnfp3zer7xulejywt49kt2rr0vthywaa50xwsqteuhr80vfws6en6ju03huzvp3xh9z0juqelhgxu
1,1.0,HIGH_CONFIDENCE_SCALED,ckb1qzda0cr08m85hc8jlnfp3zer7xulejywt49kt2rr0vthywaa50xwsqtf8pf9tn3xzl0pjnwpyp49nqyazx5rwts7a7d5z
-1,0.0,HIGH_CONFIDENCE_SCALED,ckb1qzda0cr08m85hc8jlnfp3zer7xulejywt49kt2rr0vthywaa50xwsqtfs070fqhspjhhzf0l5d2hrpd5hjvzmkgh8p6j2
4,0.9831265945110617,HIGH_CONFIDENCE_SCALED,ckb1qzda0cr08m85hc8jlnfp3zer7xulejywt49kt2rr0vthywaa50xwsqtg2eyp82x7jqlmy9ggy6nwp4kf3nzzkpqfgp859
3,0.7783570978377744,HIGH_CONFIDENCE_SCALED,ckb1qzda0cr08m85hc8jlnfp3zer7xulejywt49kt2rr0vthywaa50xwsqtg608sukx6zv02svdu0hm3304fxhfrfzqvaphhu
3,1.0,HIGH_CONFIDENCE_SCALED,ckb1qzda0cr08m85hc8jlnfp3zer7xulejywt49kt2rr0vthywaa50xwsqtgcug2zyn96tlrk38uespknjpm9kje90cuwuc97
1,1.0,HIGH_CONFIDENCE_SCALED,ckb1qzda0cr08m85hc8jlnfp3zer7xulejywt49kt2rr0vthywaa50xwsqtkpvummtxgqsj3c4hjzz72atds4jf8zcsyp90ve
-1,0.0,HIGH_CONFIDENCE_SCALED,ckb1qzda0cr08m85hc8jlnfp3zer7xulejywt49kt2rr0vthywaa50xwsqtl60mlnd8498tpqyfu5yud3fsrt5ndptc80xq2q
-1,0.0,HIGH_CONFIDENCE_SCALED,ckb1qzda0cr08m85hc8jlnfp3zer7xulejywt49kt2rr0vthywaa50xwsqtlpgc29k57ufndd7gpm2jjvpwc2hqygjgtf54lg
1,1.0,HIGH_CONFIDENCE_SCALED,ckb1qzda0cr08m85hc8jlnfp3zer7xulejywt49kt2rr0vthywaa50xwsqtmf2ge3pt50a67vdmwsj8l8rf6px43vxg098nyj
1,0.9900089383992449,HIGH_CONFIDENCE_SCALED,ckb1qzda0cr08m85hc8jlnfp3zer7xulejywt49kt2rr0vthywaa50xwsqtnlh5nyt9d4rw4nn753ty8g9vuwxemmhgxqc6ug
3,0.5207667861958274,HIGH_CONFIDENCE_SCALED,ckb1qzda0cr08m85hc8jlnfp3zer7xulejywt49kt2rr0vthywaa50xwsqtq43kkkjp78arrz5dk9yazecfynnduu5qz9nfxd
2,1.0,HIGH_CONFIDENCE_SCALED,ckb1qzda0cr08m85hc8jlnfp3zer7xulejywt49kt2rr0vthywaa50xwsqtq7kfg7m5nzejcjug02mqqklfjea7fykqu7h5nz
4,0.941563911840129,HIGH_CONFIDENCE_SCALED,ckb1qzda0cr08m85hc8jlnfp3zer7xulejywt49kt2rr0vthywaa50xwsqtr5klxrl240p2jsldlwhd6w3dv7fjj59cp6nkwy
1,1.0,HIGH_CONFIDENCE_SCALED,ckb1qzda0cr08m85hc8jlnfp3zer7xulejywt49kt2rr0vthywaa50xwsqtrp6ncuqxwmyp7wfr9uywxyyfs7nvk44sx7ast5
-1,0.0,HIGH_CONFIDENCE_SCALED,ckb1qzda0cr08m85hc8jlnfp3zer7xulejywt49kt2rr0vthywaa50xwsqtrvtdrcnncgh0vsc6rvsfvl3mk4lrf0hqv5ttla
1,0.6566474481694747,HIGH_CONFIDENCE_SCALED,ckb1qzda0cr08m85hc8jlnfp3zer7xulejywt49kt2rr0vthywaa50xwsqtsqnt3y4hf88rqmpjz3t6aq94z5hzukvcx4papd
0,0.39502025697797255,HIGH_CONFIDENCE_SCALED,ckb1qzda0cr08m85hc8jlnfp3zer7xulejywt49kt2rr0vthywaa50xwsqttkscr3p930542e3zgzj3yujwpak0gq4slpgsny
3,1.0,HIGH_CONFIDENCE_SCALED,ckb1qzda0cr08m85hc8jlnfp3zer7xulejywt49kt2rr0vthywaa50xwsqtuds5922cp4p8zmnerrmqkwvq3358xywcws26ya
0,0.7692548655147394,HIGH_CONFIDENCE_SCALED,ckb1qzda0cr08m85hc8jlnfp3zer7xulejywt49kt2rr0vthywaa50xwsqtvk38dnwm5w9w2txerj53jfjlkwdmx63sacfnev
3,1.0,HIGH_CONFIDENCE_SCALED,ckb1qzda0cr08m85hc8jlnfp3zer7xulejywt49kt2rr0vthywaa50xwsqtxd3nueqkvw2s3xactdp9t0c6axsgmewgweeu7e
0,0.2939179530000931,HIGH_CONFIDENCE_SCALED,ckb1qzda0cr08m85hc8jlnfp3zer7xulejywt49kt2rr0vthywaa50xwsqtxdw8h4yk3jnuln8ktwcdfymeapm6jg7s5pmley
4,1.0,HIGH_CONFIDENCE_SCALED,ckb1qzda0cr08m85hc8jlnfp3zer7xulejywt49kt2rr0vthywaa50xwsqtyedgf3hcmvghz4cmstp7pu7u76x93apgp9rzws
0,0.2059922283862903,HIGH_CONFIDENCE_SCALED,ckb1qzda0cr08m85hc8jlnfp3zer7xulejywt49kt2rr0vthywaa50xwsqtz7rcay08zu2uym7crxxe8dv9aj3thjgs7f3wu2
2,1.0,HIGH_CONFIDENCE_SCALED,ckb1qzda0cr08m85hc8jlnfp3zer7xulejywt49kt2rr0vthywaa50xwsqv07sjyn42umzcrg5tr9zvx4mne3ay649s9mszdr
-1,0.0,HIGH_CONFIDENCE_SCALED,ckb1qzda0cr08m85hc8jlnfp3zer7xulejywt49kt2rr0vthywaa50xwsqv2mxk8gk0kdcqrjee7fdyy4dzjs3c8etq9dlarq
-1,0.0,HIGH_CONFIDENCE_SCALED,ckb1qzda0cr08m85hc8jlnfp3zer7xulejywt49kt2rr0vthywaa50xwsqv3zjwlrxn8vk53c4d9a8ksecf9rj86mfsv8t4pc
-1,0.0,HIGH_CONFIDENCE_SCALED,ckb1qzda0cr08m85hc8jlnfp3zer7xulejywt49kt2rr0vthywaa50xwsqv47n6dc9ay34npwktvlpp5huzjvd07t4qhspqyz
-1,0.0,HIGH_CONFIDENCE_SCALED,ckb1qzda0cr08m85hc8jlnfp3zer7xulejywt49kt2rr0vthywaa50xwsqv52twl330j4d2n858snefzewnuwchku7ql2qas8
-1,0.0,HIGH_CONFIDENCE_SCALED,ckb1qzda0cr08m85hc8jlnfp3zer7xulejywt49kt2rr0vthywaa50xwsqv5uwm78vrgdrfmd056xn32q9junu3rg2c2we24p
-1,0.0,HIGH_CONFIDENCE_SCALED,ckb1qzda0cr08m85hc8jlnfp3zer7xulejywt49kt2rr0vthywaa50xwsqv5xn32cdl2t82kswqnrf27q6c4fzv5l2g22mhle
4,0.9821351439464889,HIGH_CONFIDENCE_SCALED,ckb1qzda0cr08m85hc8jlnfp3zer7xulejywt49kt2rr0vthywaa50xwsqv7ayqjm88s60nm3gf56q55y578uw2weqgfx02sw
-1,0.0,HIGH_CONFIDENCE_SCALED,ckb1qzda0cr08m85hc8jlnfp3zer7xulejywt49kt2rr0vthywaa50xwsqv8mt7uj0ynsd25vlufex6xm5czh04nglsd68gcc
-1,0.0,HIGH_CONFIDENCE_SCALED,ckb1qzda0cr08m85hc8jlnfp3zer7xulejywt49kt2rr0vthywaa50xwsqv8yreznvv7falyl3sk08l74zh6aj9u9hsrpfysy
0,0.2059922283862903,HIGH_CONFIDENCE_SCALED,ckb1qzda0cr08m85hc8jlnfp3zer7xulejywt49kt2rr0vthywaa50xwsqv98zwvdlfvcwhppy75jcs0u8566vupxzs735ggx
1,1.0,HIGH_CONFIDENCE_SCALED,ckb1qzda0cr08m85hc8jlnfp3zer7xulejywt49kt2rr0vthywaa50xwsqv9hhmy8u8z5xeay9r56pp3akjdmmannxqx3n837
0,0.21718871393933603,HIGH_CONFIDENCE_SCALED,ckb1qzda0cr08m85hc8jlnfp3zer7xulejywt49kt2rr0vthywaa50xwsqvde0h8xdeqmmvrxqsjqf8pl9kjltjsupsfxlpgt
0,0.49198773389865424,HIGH_CONFIDENCE_SCALED,ckb1qzda0cr08m85hc8jlnfp3zer7xulejywt49kt2rr0vthywaa50xwsqvdsgte9pkmratzhwchaanuuvhvmd3pp9cfvddsg
0,0.39502025697797255,HIGH_CONFIDENCE_SCALED,ckb1qzda0cr08m85hc8jlnfp3zer7xulejywt49kt2rr0vthywaa50xwsqvdu4tnf9uueqjdd4k57c8hh5g458jlvlsk90qe4
1,1.0,HIGH_CONFIDENCE_SCALED,ckb1qzda0cr08m85hc8jlnfp3zer7xulejywt49kt2rr0vthywaa50xwsqvdu6azqm97z3nfv9r2zs0q9m9jedf4z0qllxwrl
3,1.0,HIGH_CONFIDENCE_SCALED,ckb1qzda0cr08m85hc8jlnfp3zer7xulejywt49kt2rr0vthywaa50xwsqvh639mn84vea2mr46k5rqrvfq6zg6h4mqaxt69f
0,1.0,HIGH_CONFIDENCE_SCALED,ckb1qzda0cr08m85hc8jlnfp3zer7xulejywt49kt2rr0vthywaa50xwsqvhl5ywzxe4tpun3frshvq34p7rlh356sq0sx2vd
0,0.3423927792612384,HIGH_CONFIDENCE_SCALED,ckb1qzda0cr08m85hc8jlnfp3zer7xulejywt49kt2rr0vthywaa50xwsqvjpnzdqgz2pqdmn72qmm3wus9je59wheqangdzf
-1,0.0,HIGH_CONFIDENCE_SCALED,ckb1qzda0cr08m85hc8jlnfp3zer7xulejywt49kt2rr0vthywaa50xwsqvjvfddqll5qztlccn06gs02ske0yc68esgdkxfp
1,1.0,HIGH_CONFIDENCE_SCALED,ckb1qzda0cr08m85hc8jlnfp3zer7xulejywt49kt2rr0vthywaa50xwsqvkdvwnt7g07cavxzwdpc6rhyz9dpje6zgyldedd
-1,0.0,HIGH_CONFIDENCE_SCALED,ckb1qzda0cr08m85hc8jlnfp3zer7xulejywt49kt2rr0vthywaa50xwsqvknttjvpk89lj2c9ykxvethuaft52j3fs9df6l3
4,1.0,HIGH_CONFIDENCE_SCALED,ckb1qzda0cr08m85hc8jlnfp3zer7xulejywt49kt2rr0vthywaa50xwsqvkt2ql6y7gdn7dsh0txtwkluf8n57tadgdmaj8h
-1,0.0,HIGH_CONFIDENCE_SCALED,ckb1qzda0cr08m85hc8jlnfp3zer7xulejywt49kt2rr0vthywaa50xwsqvkxl5y7fzw25kenl7zsh5u5f8yjww5juc69llx3
0,0.39502025697797255,HIGH_CONFIDENCE_SCALED,ckb1qzda0cr08m85hc8jlnfp3zer7xulejywt49kt2rr0vthywaa50xwsqvmmkpv65ayqg2c6ezrf2644lcfqe4vjng0qv493
3,0.9064187656641942,HIGH_CONFIDENCE_SCALED,ckb1qzda0cr08m85hc8jlnfp3zer7xulejywt49kt2rr0vthywaa50xwsqvn87j7a9sndal6f0rv6ny34z7s7mcvypg5qhygq
3,0.9197348339866058,HIGH_CONFIDENCE_SCALED,ckb1qzda0cr08m85hc8jlnfp3zer7xulejywt49kt2rr0vthywaa50xwsqvq6ve8a90spwj33sdl7rtus9w5e0an4cc83el7m
3,1.0,HIGH_CONFIDENCE_SCALED,ckb1qzda0cr08m85hc8jlnfp3zer7xulejywt49kt2rr0vthywaa50xwsqvqt5lc9tlz527sfaf9k75eec0p3hf5epqqkr4vs
1,1.0,HIGH_CONFIDENCE_SCALED,ckb1qzda0cr08m85hc8jlnfp3zer7xulejywt49kt2rr0vthywaa50xwsqvtd053tgl4c6dcn4qe70nvyygkmh2llwgesskle
4,0.9550427844576828,HIGH_CONFIDENCE_SCALED,ckb1qzda0cr08m85hc8jlnfp3zer7xulejywt49kt2rr0vthywaa50xwsqvtfx52pmwvmnlxc89ahpga6w6rk8r69xgmnsu28
1,1.0,HIGH_CONFIDENCE_SCALED,ckb1qzda0cr08m85hc8jlnfp3zer7xulejywt49kt2rr0vthywaa50xwsqvu4vva27ejspmqt30kg7zld29xznhxvwc5zpfpf
1,0.5285858003327324,HIGH_CONFIDENCE_SCALED,ckb1qzda0cr08m85hc8jlnfp3zer7xulejywt49kt2rr0vthywaa50xwsqvuh8nmuphsgaua6g0usmlknkk98gu4lhcmpyhsp
-1,0.0,HIGH_CONFIDENCE_SCALED,ckb1qzda0cr08m85hc8jlnfp3zer7xulejywt49kt2rr0vthywaa50xwsqvva6zmstttmwvat2uw3k057rgnv5t3hts4vk7tv
-1,0.0,HIGH_CONFIDENCE_SCALED,ckb1qzda0cr08m85hc8jlnfp3zer7xulejywt49kt2rr0vthywaa50xwsqvwl42mn75qtakq62dsx96gtfy76rdchhsd37u49
4,0.9587722738486395,HIGH_CONFIDENCE_SCALED,ckb1qzda0cr08m85hc8jlnfp3zer7xulejywt49kt2rr0vthywaa50xwsqvwwjyy2ue6h3cg9yf6k07c4u5mlsep05s3evt90
1,1.0,HIGH_CONFIDENCE_SCALED,ckb1qzda0cr08m85hc8jlnfp3zer7xulejywt49kt2rr0vthywaa50xwsqvx0mstg9aqgrgvsqnrqd4ekwcthk0pfpqkaq02f
4,0.9038318403423713,HIGH_CONFIDENCE_SCALED,ckb1qzda0cr08m85hc8jlnfp3zer7xulejywt49kt2rr0vthywaa50xwsqvxfn4dw95uwpq972rjvvkzc44c0hxltkghsrja0
3,1.0,HIGH_CONFIDENCE_SCALED,ckb1qzda0cr08m85hc8jlnfp3zer7xulejywt49kt2rr0vthywaa50xwsqvy6p5scn5xvswncwlzpfhap4prkxracucm68kwj
2,1.0,HIGH_CONFIDENCE_SCALED,ckb1qzda0cr08m85hc8jlnfp3zer7xulejywt49kt2rr0vthywaa50xwsqvy7kcd79as6em28rtmg777va2j349a3ycz75qyg
-1,0.0,HIGH_CONFIDENCE_SCALED,ckb1qzda0cr08m85hc8jlnfp3zer7xulejywt49kt2rr0vthywaa50xwsqvyeguxz4y45vydqtdrvz6xz43tlcdc7acjhkesk
-1,0.0,HIGH_CONFIDENCE_SCALED,ckb1qzda0cr08m85hc8jlnfp3zer7xulejywt49kt2rr0vthywaa50xwsqvzfcj3jtlhzyuu4s5frtv9d3r7mexqhnclvhwkr
-1,0.0,HIGH_CONFIDENCE_SCALED,ckb1qzda0cr08m85hc8jlnfp3zer7xulejywt49kt2rr0vthywaa50xwsqw0dr0ghl76nf5xkw6lx0lxm032kw2jwwq6lnmhx
1,1.0,HIGH_CONFIDENCE_SCALED,ckb1qzda0cr08m85hc8jlnfp3zer7xulejywt49kt2rr0vthywaa50xwsqw0kyehc00l04ru5dldfhhtalx43fe9ppsdzgzgz
-1,0.0,HIGH_CONFIDENCE_SCALED,ckb1qzda0cr08m85hc8jlnfp3zer7xulejywt49kt2rr0vthywaa50xwsqw20ylwscm8q35fdgh6vvl0mjpmg4p3macchmmr6
-1,0.0,HIGH_CONFIDENCE_SCALED,ckb1qzda0cr08m85hc8jlnfp3zer7xulejywt49kt2rr0vthywaa50xwsqw2qmgk7tphggddk6mavjxzxhlaguum7ds7c7t8q
-1,0.0,HIGH_CONFIDENCE_SCALED,ckb1qzda0cr08m85hc8jlnfp3zer7xulejywt49kt2rr0vthywaa50xwsqw4klymd5zxdtersxfu8wafdq803fudg7qpp9dz7
-1,0.0,HIGH_CONFIDENCE_SCALED,ckb1qzda0cr08m85hc8jlnfp3zer7xulejywt49kt2rr0vthywaa50xwsqw4xpk4t3688duglxp0xvupwfj9u4y20rc5xvtlj
2,1.0,HIGH_CONFIDENCE_SCALED,ckb1qzda0cr08m85hc8jlnfp3zer7xulejywt49kt2rr0vthywaa50xwsqw5pyla7y2d5y6dy2jxlj03c4p76ahmnhc0j4ars
4,1.0,HIGH_CONFIDENCE_SCALED,ckb1qzda0cr08m85hc8jlnfp3zer7xulejywt49kt2rr0vthywaa50xwsqw5rj262huu0sgcnq38shahvee2qpuuvtg8rve95
4,0.9821351439464889,HIGH_CONFIDENCE_SCALED,ckb1qzda0cr08m85hc8jlnfp3zer7xulejywt49kt2rr0vthywaa50xwsqw6hjwylgj9pw0ae8pw0ctke60jpqw6f6slep8r3
-1,0.0,HIGH_CONFIDENCE_SCALED,ckb1qzda0cr08m85hc8jlnfp3zer7xulejywt49kt2rr0vthywaa50xwsqw6sushnyawdllx7u6pgsf6vdtv90d3v2c6scl6v
2,1.0,HIGH_CONFIDENCE_SCALED,ckb1qzda0cr08m85hc8jlnfp3zer7xulejywt49kt2rr0vthywaa50xwsqw76vqq45434vph49vkxl406cp95886x2g79zp4d
3,1.0,HIGH_CONFIDENCE_SCALED,ckb1qzda0cr08m85hc8jlnfp3zer7xulejywt49kt2rr0vthywaa50xwsqw7fspuj5ny44ce32pp8lvgjqw90uekrjcg8usv9
3,1.0,HIGH_CONFIDENCE_SCALED,ckb1qzda0cr08m85hc8jlnfp3zer7xulejywt49kt2rr0vthywaa50xwsqw827vkp4zln5plmzzktcymdr0ec8aqhpc4sr8d5
0,0.32947709917383966,HIGH_CONFIDENCE_SCALED,ckb1qzda0cr08m85hc8jlnfp3zer7xulejywt49kt2rr0vthywaa50xwsqw8sae6fd5sruyeewfc82gs6epxav9tapqsgphme
-1,0.0,HIGH_CONFIDENCE_SCALED,ckb1qzda0cr08m85hc8jlnfp3zer7xulejywt49kt2rr0vthywaa50xwsqw973g6gzfxn2yh804xl67mpf888tlagkqzh4v47
3,1.0,HIGH_CONFIDENCE_SCALED,ckb1qzda0cr08m85hc8jlnfp3zer7xulejywt49kt2rr0vthywaa50xwsqw9cxywse038q9496gt72efccm2jf0lygs5fcq86
4,1.0,HIGH_CONFIDENCE_SCALED,ckb1qzda0cr08m85hc8jlnfp3zer7xulejywt49kt2rr0vthywaa50xwsqw9eyh2qqwkzdmu5xlwkc4lhfx6zsmh0ssed8wsm
2,1.0,HIGH_CONFIDENCE_SCALED,ckb1qzda0cr08m85hc8jlnfp3zer7xulejywt49kt2rr0vthywaa50xwsqw9qsdmw4sh8288hp9rg6rzv0zjnlq2ujs3mez8t
-1,0.0,HIGH_CONFIDENCE_SCALED,ckb1qzda0cr08m85hc8jlnfp3zer7xulejywt49kt2rr0vthywaa50xwsqw9t5zng6xx58m2nha3lw65da4tsdntkqcxt2q9p
4,0.9821351439464889,HIGH_CONFIDENCE_SCALED,ckb1qzda0cr08m85hc8jlnfp3zer7xulejywt49kt2rr0vthywaa50xwsqwau96q6673hp5t3ncxypt85vrlv3ldvmchs7tt3
0,0.39502025697797255,HIGH_CONFIDENCE_SCALED,ckb1qzda0cr08m85hc8jlnfp3zer7xulejywt49kt2rr0vthywaa50xwsqwd9wdqn3udclk6u86ed8glq7ep4gs2l6c4cwthv
4,1.0,HIGH_CONFIDENCE_SCALED,ckb1qzda0cr08m85hc8jlnfp3zer7xulejywt49kt2rr0vthywaa50xwsqwda7qe8d78vuwpx20spzsuvtj92eulcagjenqnt
-1,0.0,HIGH_CONFIDENCE_SCALED,ckb1qzda0cr08m85hc8jlnfp3zer7xulejywt49kt2rr0vthywaa50xwsqwdr5q4rwruykhehd8hn6gxh892wtmdprcw3h3ce
3,0.8194484774532963,HIGH_CONFIDENCE_SCALED,ckb1qzda0cr08m85hc8jlnfp3zer7xulejywt49kt2rr0vthywaa50xwsqwe92am9fu642zn6fjv7xp9u27e9afey2ce26d2t
0,0.24236411025345453,HIGH_CONFIDENCE_SCALED,ckb1qzda0cr08m85hc8jlnfp3zer7xulejywt49kt2rr0vthywaa50xwsqweaz0wqm6d5wzkyt2jay4ayx22vgxu6ys67s4w2
-1,0.0,HIGH_CONFIDENCE_SCALED,ckb1qzda0cr08m85hc8jlnfp3zer7xulejywt49kt2rr0vthywaa50xwsqwg4vuyxa8u6yekv7n3vevs5xj6mzn5rxgeudapp
4,1.0,HIGH_CONFIDENCE_SCALED,ckb1qzda0cr08m85hc8jlnfp3zer7xulejywt49kt2rr0vthywaa50xwsqwh8cgh37vm79za0w7h9wc36rvkcucyaag3pg77j
1,0.6710936872412946,HIGH_CONFIDENCE_SCALED,ckb1qzda0cr08m85hc8jlnfp3zer7xulejywt49kt2rr0vthywaa50xwsqwhygetaaapeuwf7z4tftxkukdu6svw6qg2qajmg
0,1.0,HIGH_CONFIDENCE_SCALED,ckb1qzda0cr08m85hc8jlnfp3zer7xulejywt49kt2rr0vthywaa50xwsqwj5mah4ck3m7dkusnwpgyhmzf6zaaahpqzjwzns
2,1.0,HIGH_CONFIDENCE_SCALED,ckb1qzda0cr08m85hc8jlnfp3zer7xulejywt49kt2rr0vthywaa50xwsqwjeupgccqe3mp2wzajp975muw56rxfzysgzn7cd
-1,0.0,HIGH_CONFIDENCE_SCALED,ckb1qzda0cr08m85hc8jlnfp3zer7xulejywt49kt2rr0vthywaa50xwsqwjhnuyhphnp99ysnl09ht9e3x2kh8s8acgdjpg3
4,0.9194153037046281,HIGH_CONFIDENCE_SCALED,ckb1qzda0cr08m85hc8jlnfp3zer7xulejywt49kt2rr0vthywaa50xwsqwjhry2dvdzmftxqrsrwf04mjw3ah8hhjqh9zh7y
4,0.9686449429629863,HIGH_CONFIDENCE_SCALED,ckb1qzda0cr08m85hc8jlnfp3zer7xulejywt49kt2rr0vthywaa50xwsqwkp3rnla6nr3al235xz3kmr3c8s0v3kngg0vdcv
-1,0.0,HIGH_CONFIDENCE_SCALED,ckb1qzda0cr08m85hc8jlnfp3zer7xulejywt49kt2rr0vthywaa50xwsqwlkxpk8rnrzz2nhuswk2kzvempzsz2zjgwxnwny
3,0.954132009359682,HIGH_CONFIDENCE_SCALED,ckb1qzda0cr08m85hc8jlnfp3zer7xulejywt49kt2rr0vthywaa50xwsqwmrpzfvvj8mckknp5m5rkt8cd5hy2vhgq24t8sv
1,1.0,HIGH_CONFIDENCE_SCALED,ckb1qzda0cr08m85hc8jlnfp3zer7xulejywt49kt2rr0vthywaa50xwsqwn663qcrflxjdlepuaykc4lruvysm9u5cnn299s
4,1.0,HIGH_CONFIDENCE_SCALED,ckb1qzda0cr08m85hc8jlnfp3zer7xulejywt49kt2rr0vthywaa50xwsqwnla5w93964qlqcwaaeessdsk4h5pzkfs2f0ehn
-1,0.0,HIGH_CONFIDENCE_SCALED,ckb1qzda0cr08m85hc8jlnfp3zer7xulejywt49kt2rr0vthywaa50xwsqwpyugm7a4wtc5tphl0lwzjhcf9fu2l0ksdaezkc
-1,0.0,HIGH_CONFIDENCE_SCALED,ckb1qzda0cr08m85hc8jlnfp3zer7xulejywt49kt2rr0vthywaa50xwsqwq5jlc6p7y2g7c59emwef66z5dc02m36sq3vsmj
4,0.9951762280202386,HIGH_CONFIDENCE_SCALED,ckb1qzda0cr08m85hc8jlnfp3zer7xulejywt49kt2rr0vthywaa50xwsqwr3fzgs5ke9hg0gwzu6qhd7kxwj6e7t6sy7j449
0,0.2059922283862903,HIGH_CONFIDENCE_SCALED,ckb1qzda0cr08m85hc8jlnfp3zer7xulejywt49kt2rr0vthywaa50xwsqwr42a6hutw02a36n99zxzk9cdg8epdr4skkl97l
0,1.0,HIGH_CONFIDENCE_SCALED,ckb1qzda0cr08m85hc8jlnfp3zer7xulejywt49kt2rr0vthywaa50xwsqwrcse92s9lm5u09npr6uwhgsr0tk6scdsxn0pul
-1,0.0,HIGH_CONFIDENCE_SCALED,ckb1qzda0cr08m85hc8jlnfp3zer7xulejywt49kt2rr0vthywaa50xwsqwrn48zffgqgctt2netwvhcdn3pnznxceg9lhd3j
-1,0.0,HIGH_CONFIDENCE_SCALED,ckb1qzda0cr08m85hc8jlnfp3zer7xulejywt49kt2rr0vthywaa50xwsqwsaytgethft2tx90hfcvmpazn02dmhyacz9xtxp
2,1.0,HIGH_CONFIDENCE_SCALED,ckb1qzda0cr08m85hc8jlnfp3zer7xulejywt49kt2rr0vthywaa50xwsqwtjgqcuyekuh50hv2gp447rx6mwzxvlwgm4j8vz
0,0.2059922283862903,HIGH_CONFIDENCE_SCALED,ckb1qzda0cr08m85hc8jlnfp3zer7xulejywt49kt2rr0vthywaa50xwsqwuuu2n4serlsnuvhxwu0nuhsms76aez0cv7nxdh
0,0.2059922283862903,HIGH_CONFIDENCE_SCALED,ckb1qzda0cr08m85hc8jlnfp3zer7xulejywt49kt2rr0vthywaa50xwsqwvalxcu23ejp75sp0sgg7t6ktdy3dyy3q5czey6
3,0.8963444661806236,HIGH_CONFIDENCE_SCALED,ckb1qzda0cr08m85hc8jlnfp3zer7xulejywt49kt2rr0vthywaa50xwsqwvhy6a0x57agapj2sh47ll9fpgvp753nshpjjpz
0,0.6917589715420581,HIGH_CONFIDENCE_SCALED,ckb1qzda0cr08m85hc8jlnfp3zer7xulejywt49kt2rr0vthywaa50xwsqwx8ftt5lmk8pt5ux00wvyz5qrswq9uckq3yqc5x
4,0.9821351439464889,HIGH_CONFIDENCE_SCALED,ckb1qzda0cr08m85hc8jlnfp3zer7xulejywt49kt2rr0vthywaa50xwsqwxdvqk5f5k404wykzsfuu4cjvh4n96zrq9yl6w6
0,0.2059922283862903,HIGH_CONFIDENCE_SCALED,ckb1qzda0cr08m85hc8jlnfp3zer7xulejywt49kt2rr0vthywaa50xwsqwz877ez7j69yehpaxf8fjl4g6cxg59k4cmp9c8s
-1,0.0,HIGH_CONFIDENCE_SCALED,ckb1qzda0cr08m85hc8jlnfp3zer7xulejywt49kt2rr0vthywaa50xwsqwzcjq4mzexlu6h5mrpldplwt6ht8w7ujcfjltsn
1,0.5288733846035474,HIGH_CONFIDENCE_SCALED,ckb1qzdcr9un5ezx8tkh03s46m9jymh22jruelq8svzr5krj2nx69dhjvqgj8zvgw355fmpvj6qqyaxtary4w9d4cqzrqq9ktcjg
1,0.6477060611775187,HIGH_CONFIDENCE_SCALED,ckb1qzdcr9un5ezx8tkh03s46m9jymh22jruelq8svzr5krj2nx69dhjvqgj99jj9hhu3m95gpncj0zqtt8trplsj44sqqe5d89y
-1,0.0,HIGH_CONFIDENCE_SCALED,ckb1qzdcr9un5ezx8tkh03s46m9jymh22jruelq8svzr5krj2nx69dhjvqgjn6kfkeu23q74kndpaxw42z77vgat6v86qq6z03rf
-1,0.0,HIGH_CONFIDENCE_SCALED,ckb1qzdcr9un5ezx8tkh03s46m9jymh22jruelq8svzr5krj2nx69dhjvqgjrdnzrv7tvcd9nrfr7lmqh0gatk7nxy9jqq2yluhf
-1,0.0,HIGH_CONFIDENCE_SCALED,ckb1qzfhdsa4syv599s2s3nfrctwga70g0tu07n9gpnun9ydlngf5vsnwqg90xpp8x5pye38hetcd6kdgl899qk2arfgq4ucyyu6synxy7l90ph2e4ruu55zet5d9q7s4c2a
-1,0.0,HIGH_CONFIDENCE_SCALED,ckb1qzfhdsa4syv599s2s3nfrctwga70g0tu07n9gpnun9ydlngf5vsnwqg92falqnnya92lpxwtsy25nuns2hsundmxq4f8huzwvn54tuyeewq32j0jwp27rjdhvcdctkl6
-1,0.0,HIGH_CONFIDENCE_SCALED,ckb1qzfhdsa4syv599s2s3nfrctwga70g0tu07n9gpnun9ydlngf5vsnwqg939y8pph07lrs6upe8j570llehe5rgjkqqky5suyxalmuwrts8y72nelllxlxsdz2cq2yp3v8
-1,0.0,HIGH_CONFIDENCE_SCALED,ckb1qzfhdsa4syv599s2s3nfrctwga70g0tu07n9gpnun9ydlngf5vsnwqg94uyxasd2sd0n8e7pl8qv43ps3x28wkpnqkhssmkp42p47vl8c8uupjkyxzyega6cxv63qjzm
-1,0.0,HIGH_CONFIDENCE_SCALED,ckb1qzfhdsa4syv599s2s3nfrctwga70g0tu07n9gpnun9ydlngf5vsnwqg94vapl8vqp48yyrzf9kvvqd6ddjvnlzgqqk4n58uasqx5ussvfyke3sphf4kfj0ufqqg0acwp
-1,0.0,HIGH_CONFIDENCE_SCALED,ckb1qzfhdsa4syv599s2s3nfrctwga70g0tu07n9gpnun9ydlngf5vsnwqg95gqrcgaw8zpgwmw3frreclfrtsg776gfqk3qq0pr4cug9pmd69yv08raydwprmmfpyn90q6w
-1,0.0,HIGH_CONFIDENCE_SCALED,ckb1qzfhdsa4syv599s2s3nfrctwga70g0tu07n9gpnun9ydlngf5vsnwqg966wtv7g5pldu9eds69maqxsd2mf9r0wfqhtfednezs8ahsh9krgh05q6p4tdy5daeylqaayk
-1,0.0,HIGH_CONFIDENCE_SCALED,ckb1qzfhdsa4syv599s2s3nfrctwga70g0tu07n9gpnun9ydlngf5vsnwqg96cy3mxvy66tmahlt4v9ewah9nj9qs329qhtqj8vesntf00klaw4sh9mkukwg5zz9g5zvla9n
-1,0.0,HIGH_CONFIDENCE_SCALED,ckb1qzfhdsa4syv599s2s3nfrctwga70g0tu07n9gpnun9ydlngf5vsnwqg989xqg8r09h0jjzvcqduwspsx40dsaqxwq5u5cpquduka72gfnqph36qxq64akr5qeclp66q4
-1,0.0,HIGH_CONFIDENCE_SCALED,ckb1qzfhdsa4syv599s2s3nfrctwga70g0tu07n9gpnun9ydlngf5vsnwqg99y922zqav2vvrqv5n9rgjwrk5xmkhu2yq55s4fggr43f3svpjjv5dzfcw6smw6l3gsnklkev
-1,0.0,HIGH_CONFIDENCE_SCALED,ckb1qzfhdsa4syv599s2s3nfrctwga70g0tu07n9gpnun9ydlngf5vsnwqg9apm7q2y4u92yz5znq8n4tspl5wpm58mfqh580cpgjhs4gs2s2vq7w4wq873c8wsldy7w2h9l
-1,0.0,HIGH_CONFIDENCE_SCALED,ckb1qzfhdsa4syv599s2s3nfrctwga70g0tu07n9gpnun9ydlngf5vsnwqg9d2dw93zxz5s6cz9ef0r3e86v8eu9ptewq44f4ckygc2jrtqgh99uw8ylfsl8s5909c03vuqx
0,0.23206807155316952,HIGH_CONFIDENCE_SCALED,ckb1qzfhdsa4syv599s2s3nfrctwga70g0tu07n9gpnun9ydlngf5vsnwqg9d8578luy5wxmq9hqgqkqf0hlc2slmegyq457ncllsj3cmvqkupqzcp97llp2rl09qsf6gpau
-1,0.0,HIGH_CONFIDENCE_SCALED,ckb1qzfhdsa4syv599s2s3nfrctwga70g0tu07n9gpnun9ydlngf5vsnwqg9dewxvecx99rdppfuw5zdppzkyhh6mmahq4h9cen8qc55d5y9836sf5yy2cj7lt00ku7jdu9g
-1,0.0,HIGH_CONFIDENCE_SCALED,ckb1qzfhdsa4syv599s2s3nfrctwga70g0tu07n9gpnun9ydlngf5vsnwqg9epk0fesdwvgyqm0snhugdv4sv9scazygqhyxea8xp4e3qsrd7zwl3p4jkpskrr5g3qatxn96
-1,0.0,HIGH_CONFIDENCE_SCALED,ckb1qzfhdsa4syv599s2s3nfrctwga70g0tu07n9gpnun9ydlngf5vsnwqg9eu7ea9crgq4jcckyy8xtc9tsvmp7dfr9qh8nm85hqdqzktrzcssue0q4wpnv8e4yv5zyyn9r
-1,0.0,HIGH_CONFIDENCE_SCALED,ckb1qzfhdsa4syv599s2s3nfrctwga70g0tu07n9gpnun9ydlngf5vsnwqg9f27gfvl2w82qaenx7ygdazqwdw9u72vwq49tep9nafcagrhxvmc3ph5gpe4chnef3ce546ng
-1,0.0,HIGH_CONFIDENCE_SCALED,ckb1qzfhdsa4syv599s2s3nfrctwga70g0tu07n9gpnun9ydlngf5vsnwqg9kjwx8e2juvc2vmlcst8rssrv4j0lxrfkqk6fccl92t3npfn0lzpvuwzqdjkflucdxcurx4r4
-1,0.0,HIGH_CONFIDENCE_SCALED,ckb1qzfhdsa4syv599s2s3nfrctwga70g0tu07n9gpnun9ydlngf5vsnwqg9krv8c4sraut26xuns26r372lg0s2wnfcqh580cpgjhs4gs2s2vq7w4wq873c8wsldygzwp0z
-1,0.0,HIGH_CONFIDENCE_SCALED,ckb1qzfhdsa4syv599s2s3nfrctwga70g0tu07n9gpnun9ydlngf5vsnwqg9l7r63jg9j5t36pkf945jdkalgdmheaarqhlc02xfqk23w8gxeykkjfkmhaphwl8h5v5cv94s
-1,0.0,HIGH_CONFIDENCE_SCALED,ckb1qzfhdsa4syv599s2s3nfrctwga70g0tu07n9gpnun9ydlngf5vsnwqg9ppwdq9xgt6fr7grkwhj6twd3w43hdsh5q5y9e5q5ep0fy0eqwe67tfdek96kxakz7sm9w7mn
-1,0.0,HIGH_CONFIDENCE_SCALED,ckb1qzfhdsa4syv599s2s3nfrctwga70g0tu07n9gpnun9ydlngf5vsnwqg9rhw8jpwu9z3f40kyqvucsjx9dxdvnjucq5wac7g9ms529x47cspnnzzgc45e4jwtnqr08mrg
-1,0.0,HIGH_CONFIDENCE_SCALED,ckb1qzfhdsa4syv599s2s3nfrctwga70g0tu07n9gpnun9ydlngf5vsnwqg9slzd7jvhwlruz9jtrx62wpy66cehjgz2qkrufh6fjamu0sgkfvvmffcynttrx7fqfg9yms90
-1,0.0,HIGH_CONFIDENCE_SCALED,ckb1qzfhdsa4syv599s2s3nfrctwga70g0tu07n9gpnun9ydlngf5vsnwqg9v2an42yr5rxmy7x683wkgmce2a8gswtsq43tkw4gswsvmvncmg796er0r9t5azpewq87pvhs
-1,0.0,HIGH_CONFIDENCE_SCALED,ckb1qzfhdsa4syv599s2s3nfrctwga70g0tu07n9gpnun9ydlngf5vsnwqg9vjzjm0xkz8frv8u7c644xprsf2q3654lq4jg2tdu6cgaydslnmr2k5cywp9gz82jhul7732h
-1,0.0,HIGH_CONFIDENCE_SCALED,ckb1qzfhdsa4syv599s2s3nfrctwga70g0tu07n9gpnun9ydlngf5vsnwqg9vqzwej3l7amlg7w4fea6d5apt73pe5z5q4sqfmx28lmh0are6488hfkn5906y8xs2s5cdt5x
-1,0.0,HIGH_CONFIDENCE_SCALED,ckb1qzfhdsa4syv599s2s3nfrctwga70g0tu07n9gpnun9ydlngf5vsnwqggq7xygka0fffckdwnzn68hgm9h9r3g74xryyq0rzytwh555utxhf3farm5djmj3c502npjc8dplu
-1,0.0,HIGH_CONFIDENCE_SCALED,ckb1qzfhdsa4syv599s2s3nfrctwga70g0tu07n9gpnun9ydlngf5vsnwqggqlc8fmqp73anzq4x4hm9w42vuvm85n62xsz7salq9z27z4zp2pfsre64cql68qa6ra5s08ms0u
1,0.6238452961781653,HIGH_CONFIDENCE_SCALED,ckb1qzl58smqy32hnrq6vxjedcxe2fugvnz497h7yvwqvwel40uh4rltcqfcnzr5d9zwctyksqp8fjlge9t3tdwqqscw0dlgc
1,0.28857320655818935,HIGH_CONFIDENCE_PCA3,ckb1qpl0dc3xe2dr299vwe6e7zc42rnsex4pptlcjyglahevnkqq6ft0wqgw8xxul
-1,0.0,HIGH_CONFIDENCE_PCA3,ckb1qpw9q60tppt7l3j7r09qcp7lxnp3vcanvgha8pmvsa3jplykxn32sqgwvhnrqkx9ka45f2cnc90fy30m3scpupqggwawq
1,0.6302188041822692,HIGH_CONFIDENCE_PCA3,ckb1qq650jd22cuqferm504axlnqztjy0jg6yw8h4fcmrf6nr8c3murquqf4mptuftgkyj3u42mdwj9583pdfzvl6u5cg4qnx88s32fzxpeldkc9daejv92lx2qqqqqqqqqqqqqqqqqqqqqqqqqqqvqsqfnz866tkgcqqqqqqqqqqqqqphzrf9lmyqgqqqqqqqqqqqqqqqq7czxzj
1,0.1653518426585658,HIGH_CONFIDENCE_PCA3,ckb1qqcratfhhe0whl8n2pyyw9248r9kyw3x7gmkp80jf0ffvagvzgc8sqgdzm4fw
1,0.5190672722022693,HIGH_CONFIDENCE_PCA3,ckb1qqcz6dvc97r9a097mwdfxc8yq5cw6v4dhrsskshmhecdsvf07l8d7q034hj6qjn294z8gdh63kf30m565mcmkphjxtfee9fly023cx3l8v9w3h7z
1,0.7556482272762953,HIGH_CONFIDENCE_PCA3,ckb1qqcz6dvc97r9a097mwdfxc8yq5cw6v4dhrsskshmhecdsvf07l8d7q245y9mqs3e4l6ycsv4amhgzhzd85ewf59amlnmqmur37uda2c8fuyf2j6v
1,0.6070433814007733,HIGH_CONFIDENCE_PCA3,ckb1qqcz6dvc97r9a097mwdfxc8yq5cw6v4dhrsskshmhecdsvf07l8d7qd8fdu5vu3fwqfjkscg6umfxczuyh7dd29nwexznhftzvr0znpzygrdjjm7
1,1.0,HIGH_CONFIDENCE_PCA3,ckb1qqcz6dvc97r9a097mwdfxc8yq5cw6v4dhrsskshmhecdsvf07l8d7qf4mvqmuqzfeahs4axptm5en0m3jjndht530kdp0uvxvjr3un0rsvh828t2
1,0.5180154391652161,HIGH_CONFIDENCE_PCA3,ckb1qqcz6dvc97r9a097mwdfxc8yq5cw6v4dhrsskshmhecdsvf07l8d7qfg6grazjdwmf9uzf8deshhr9wsn85w2l66e8d9g7gpz0gveu28zv6pk3z4
1,1.0,HIGH_CONFIDENCE_PCA3,ckb1qqcz6dvc97r9a097mwdfxc8yq5cw6v4dhrsskshmhecdsvf07l8d7qvml6appkndqvveylvggcmfk02vgs76k87eqmctyamkjwc0ppuqf5uvskfx
1,0.5199820816293457,HIGH_CONFIDENCE_PCA3,ckb1qqcz6dvc97r9a097mwdfxc8yq5cw6v4dhrsskshmhecdsvf07l8d7qw3smwpw49khlnp34vzdfg27rsau0fpnx4eq8u6l4fzucydmsjkfy7jfem9
1,0.30468518811361156,HIGH_CONFIDENCE_PCA3,ckb1qqunmue4ncels5qse4j6839yy68h9k27c6cyj7q6j9kxsze3a2dgsqdc96g88lhq0ww27cjlp0j960kqvxlzyyhww4pyhk5ztgzaem7q5s6rs7mt
1,0.35201537530035737,HIGH_CONFIDENCE_PCA3,ckb1qqunmue4ncels5qse4j6839yy68h9k27c6cyj7q6j9kxsze3a2dgsqvcg4qnx88s32fzxpeldkc9daejv92lx2yupu5ahmqkdhwlhm9qksdws8hd
1,0.148178367773258,HIGH_CONFIDENCE_PCA3,ckb1qr2g8yj3vrjzx2evk20szt5rszmmvykhrn6w0xv3ga4khnmpqu6lvqq3u8mhh
1,1.0,HIGH_CONFIDENCE_PCA3,ckb1qrgqep8saj8agswr30pls73hra28ry8jlnlc3ejzh3dl2ju7xxpjxqgqq82w09dxh4f3gl6se95l7k0g3n3wjjsgdstzvp4c
1,0.8287709150133242,HIGH_CONFIDENCE_PCA3,ckb1qrgqep8saj8agswr30pls73hra28ry8jlnlc3ejzh3dl2ju7xxpjxqgqq84zvv7khuuad70n45llzf9p6zahk9680sw2qed8
1,0.37625656290019377,HIGH_CONFIDENCE_PCA3,ckb1qrgqep8saj8agswr30pls73hra28ry8jlnlc3ejzh3dl2ju7xxpjxqgqq8897n3kut095xgled9dpczz0t7hg7w87un0vrnk
1,0.3715150051514749,HIGH_CONFIDENCE_PCA3,ckb1qrgqep8saj8agswr30pls73hra28ry8jlnlc3ejzh3dl2ju7xxpjxqgqq89qeq8sz02jymcmc8nm5qsfmwyxtvqemvnunp36
1,0.37625656290019377,HIGH_CONFIDENCE_PCA3,ckb1qrgqep8saj8agswr30pls73hra28ry8jlnlc3ejzh3dl2ju7xxpjxqgqq89s0k62mh0xf6hn8cc20wunuarrumudx5nwq9uk
1,0.5153856291211588,HIGH_CONFIDENCE_PCA3,ckb1qrgqep8saj8agswr30pls73hra28ry8jlnlc3ejzh3dl2ju7xxpjxqgqq8crqpcx3nq9p23h8ep5zzpga67ygfd73scdttd5
1,0.2874165840379465,HIGH_CONFIDENCE_PCA3,ckb1qrgqep8saj8agswr30pls73hra28ry8jlnlc3ejzh3dl2ju7xxpjxqgqq8gauytada8x688zt0makt3pjmdaad6u8uym77ef
0,1.0,HIGH_CONFIDENCE_PCA3,ckb1qrgqep8saj8agswr30pls73hra28ry8jlnlc3ejzh3dl2ju7xxpjxqgqq8hrnm86uy32m0wv24eqwyvl4crudtnc3yu82y8n
1,0.37625656290019377,HIGH_CONFIDENCE_PCA3,ckb1qrgqep8saj8agswr30pls73hra28ry8jlnlc3ejzh3dl2ju7xxpjxqgqq8jjta82sj7lcz5ewruppmfrrvtg9nh4vvg5klxg
1,0.3314726870361052,HIGH_CONFIDENCE_PCA3,ckb1qrgqep8saj8agswr30pls73hra28ry8jlnlc3ejzh3dl2ju7xxpjxqgqq8kwzq44p8ap4zclfc3vfgw5uxqqnegf0u7t0l86
1,0.37625656290019377,HIGH_CONFIDENCE_PCA3,ckb1qrgqep8saj8agswr30pls73hra28ry8jlnlc3ejzh3dl2ju7xxpjxqgqq8t3pqdfg3rnsqe8vgv93d49evdzkvpxcce0ml7v
1,0.28584950752719807,HIGH_CONFIDENCE_PCA3,ckb1qrgqep8saj8agswr30pls73hra28ry8jlnlc3ejzh3dl2ju7xxpjxqgqq92dx9xep8pwxacajpvvlcj4j7tlk9uhng4j74ms
1,0.3312197091560236,HIGH_CONFIDENCE_PCA3,ckb1qrgqep8saj8agswr30pls73hra28ry8jlnlc3ejzh3dl2ju7xxpjxqgqq94q52uky0frd8sge5jnfwnm89zclmrg35ltra3y
1,0.3749876330657282,HIGH_CONFIDENCE_PCA3,ckb1qrgqep8saj8agswr30pls73hra28ry8jlnlc3ejzh3dl2ju7xxpjxqgqq97nlhckh68mupdw9w33xhp4hedejskhxs9ef2y4
1,1.0,HIGH_CONFIDENCE_PCA3,ckb1qrgqep8saj8agswr30pls73hra28ry8jlnlc3ejzh3dl2ju7xxpjxqgqq9ef4udwfyuwywlsqwy08wpapagss8ej8yxj50cr
1,0.8519410725477877,HIGH_CONFIDENCE_PCA3,ckb1qrgqep8saj8agswr30pls73hra28ry8jlnlc3ejzh3dl2ju7xxpjxqgqq9fmlyjt4ydumr7u27ltfz3vjfj2s2hgmgwc8awk
1,0.34789458247001936,HIGH_CONFIDENCE_PCA3,ckb1qrgqep8saj8agswr30pls73hra28ry8jlnlc3ejzh3dl2ju7xxpjxqgqq9fz7cfu5xla5nd3ay686gm2ajnzh89h8c48k7uz
1,0.49778344994668605,HIGH_CONFIDENCE_PCA3,ckb1qrgqep8saj8agswr30pls73hra28ry8jlnlc3ejzh3dl2ju7xxpjxqgqq9m8eyncfhezf8s68djzwk5f9yjgwc6frqej2wsh
1,0.3470078146643691,HIGH_CONFIDENCE_PCA3,ckb1qrgqep8saj8agswr30pls73hra28ry8jlnlc3ejzh3dl2ju7xxpjxqgqq9xtegwt8nftvp2sjp83djfqela8e8uxdcxz9a3g
1,0.9661261998213372,HIGH_CONFIDENCE_PCA3,ckb1qrgqep8saj8agswr30pls73hra28ry8jlnlc3ejzh3dl2ju7xxpjxqgqqx0f0kn59zeww42ufe72s3zp843zjtm70qknllc8
1,0.6814664754627344,HIGH_CONFIDENCE_PCA3,ckb1qrgqep8saj8agswr30pls73hra28ry8jlnlc3ejzh3dl2ju7xxpjxqgqqx8ced038s4z2vxfkqu7jzdcqs7q6qhxjqxupv3g
1,0.7618092980435238,HIGH_CONFIDENCE_PCA3,ckb1qrgqep8saj8agswr30pls73hra28ry8jlnlc3ejzh3dl2ju7xxpjxqgqqxamnrpernhha9nsyus0k6f8a6ays6t0cusm37pn
1,0.8092448500558284,HIGH_CONFIDENCE_PCA3,ckb1qrgqep8saj8agswr30pls73hra28ry8jlnlc3ejzh3dl2ju7xxpjxqgqqxeawela8galsacxfd7d4xaymhy9jpmqeqyruqve
1,0.8001140103545442,HIGH_CONFIDENCE_PCA3,ckb1qrgqep8saj8agswr30pls73hra28ry8jlnlc3ejzh3dl2ju7xxpjxqgqqxmkl3lngrcklwa8grdc8ja6n4s40pu4sc0w0aln
1,0.3651143212098192,HIGH_CONFIDENCE_PCA3,ckb1qrgqep8saj8agswr30pls73hra28ry8jlnlc3ejzh3dl2ju7xxpjxqgqqxvxkq3zapxvyv6qktfyhq84puycg59s2q0smpl6
1,0.37625656290019377,HIGH_CONFIDENCE_PCA3,ckb1qrgqep8saj8agswr30pls73hra28ry8jlnlc3ejzh3dl2ju7xxpjxqgqqy5z928yw33t5enjqglmeq7w23dk99q7qvm3yvlr
1,0.34629634945265536,HIGH_CONFIDENCE_PCA3,ckb1qrgqep8saj8agswr30pls73hra28ry8jlnlc3ejzh3dl2ju7xxpjxqgqqydhfg585sfcxu5gpaqs5sme8rn30c5yagaawuq2
1,0.6712423726194594,HIGH_CONFIDENCE_PCA3,ckb1qrgqep8saj8agswr30pls73hra28ry8jlnlc3ejzh3dl2ju7xxpjxqgqqygpfd4a3nnel8tg9ntkwayy9hx537qf4yyyg3v0
1,0.18816738862268984,HIGH_CONFIDENCE_PCA3,ckb1qrgqep8saj8agswr30pls73hra28ry8jlnlc3ejzh3dl2ju7xxpjxqgqqyjw0y2p7ahcysl4qhq97x60svqn29492qpkvy2s
1,0.2916319918979991,HIGH_CONFIDENCE_PCA3,ckb1qrgqep8saj8agswr30pls73hra28ry8jlnlc3ejzh3dl2ju7xxpjxqgqqyknjsdgjmz9a475mzuledqlm82yujj4vu8xllec
1,0.37625656290019377,HIGH_CONFIDENCE_PCA3,ckb1qrgqep8saj8agswr30pls73hra28ry8jlnlc3ejzh3dl2ju7xxpjxqgqqym5d4n465eu93tdcz5sycepdkatjahp9uwdcpfy
1,0.37625656290019377,HIGH_CONFIDENCE_PCA3,ckb1qrgqep8saj8agswr30pls73hra28ry8jlnlc3ejzh3dl2ju7xxpjxqgqqymvu6d289ggsyudpamr4g6ayz62gpp34qzy30vs
1,0.3629962308353068,HIGH_CONFIDENCE_PCA3,ckb1qrgqep8saj8agswr30pls73hra28ry8jlnlc3ejzh3dl2ju7xxpjxqgqqytevmf523qgwexunz0pf59ysl6dvxvvusuft43p
1,1.0,HIGH_CONFIDENCE_PCA3,ckb1qrj9k8u0yxllyvfhqddr4d636adnd2vpmmkru7pqr99ecppfvl60zq2jdhmvxjtkj8fx84gevn93j5eyc2xtgmg63glfg
1,1.0,HIGH_CONFIDENCE_PCA3,ckb1qrj9k8u0yxllyvfhqddr4d636adnd2vpmmkru7pqr99ecppfvl60zqfd4pj6za0jzhxvsk960aw4ylu48hmrtjq8ec8zj
1,1.0,HIGH_CONFIDENCE_PCA3,ckb1qrj9k8u0yxllyvfhqddr4d636adnd2vpmmkru7pqr99ecppfvl60zqfuh3ru2j5lmm6cl4tt7dqme28545t9yzsyhsyzg
1,1.0,HIGH_CONFIDENCE_PCA3,ckb1qrj9k8u0yxllyvfhqddr4d636adnd2vpmmkru7pqr99ecppfvl60zqgjydsp6tgswnf7rg5u2j2v20cvcm55dygutu3en
1,0.7449091530335473,HIGH_CONFIDENCE_PCA3,ckb1qrlh3whq40ch67jqfs97p7ddnjgctvlc3hxxqsp5202m4rslyt6n5qh3068szf235yxw9c3px3rzgxkxnf2ynq7ys5kam9r42sn5a2x845q7rg9y
1,0.8389177303292481,HIGH_CONFIDENCE_PCA3,ckb1qrlh3whq40ch67jqfs97p7ddnjgctvlc3hxxqsp5202m4rslyt6n5qn0ta0jq68jgwzvzpy82w8sugs9cvvza3fz0flwr67avv068nsst5uevzjl
1,1.0,HIGH_CONFIDENCE_PCA3,ckb1qzda0cr08m85hc8jlnfp3zer7xulejywt49kt2rr0vthywaa50xwsq0259kv0x5jez6h0l5qr52k64weapapgyscsnmhn
1,0.8297481662030084,HIGH_CONFIDENCE_PCA3,ckb1qzda0cr08m85hc8jlnfp3zer7xulejywt49kt2rr0vthywaa50xwsq02lstf96jmmavf7uln9acpkedt2clz3tqc6chk8
1,0.5420135557910366,HIGH_CONFIDENCE_PCA3,ckb1qzda0cr08m85hc8jlnfp3zer7xulejywt49kt2rr0vthywaa50xwsq02rtsalknt9nezey405ay2gek8v5x0ncc3fd62k
1,0.6845863817473503,HIGH_CONFIDENCE_PCA3,ckb1qzda0cr08m85hc8jlnfp3zer7xulejywt49kt2rr0vthywaa50xwsq03vvfm7dufx0a80zj27h4f5qjvygtelpshfz360
1,0.6312983038513499,HIGH_CONFIDENCE_PCA3,ckb1qzda0cr08m85hc8jlnfp3zer7xulejywt49kt2rr0vthywaa50xwsq03z3ekhq3qhe4tz8v5kf3z08gxphswumg02rsqc
1,0.8585600321205966,HIGH_CONFIDENCE_PCA3,ckb1qzda0cr08m85hc8jlnfp3zer7xulejywt49kt2rr0vthywaa50xwsq046dyalzv28h7wt8fqzhhskeedyh6fpugkydwwj
0,0.31963849964182733,HIGH_CONFIDENCE_PCA3,ckb1qzda0cr08m85hc8jlnfp3zer7xulejywt49kt2rr0vthywaa50xwsq04avg2cjv4t0vh2v7zuztvcctzy860fjs9esl5u
1,0.5339043162172401,HIGH_CONFIDENCE_PCA3,ckb1qzda0cr08m85hc8jlnfp3zer7xulejywt49kt2rr0vthywaa50xwsq059gaxh9mhygyzgpps4edtqdsumgslcdq3ejtuw
1,1.0,HIGH_CONFIDENCE_PCA3,ckb1qzda0cr08m85hc8jlnfp3zer7xulejywt49kt2rr0vthywaa50xwsq05jzhp0f28a78e9vnyvk4vfmw60xaqadgfyz8es
1,0.43173884796659023,HIGH_CONFIDENCE_PCA3,ckb1qzda0cr08m85hc8jlnfp3zer7xulejywt49kt2rr0vthywaa50xwsq05k3xttu6lzuy260j06mql7tqpgwcznlcvx836h
1,0.5477208585946007,HIGH_CONFIDENCE_PCA3,ckb1qzda0cr08m85hc8jlnfp3zer7xulejywt49kt2rr0vthywaa50xwsq05n6zvckahhuks4wl9rznllcfgralwl3gqs5rqt
1,1.0,HIGH_CONFIDENCE_PCA3,ckb1qzda0cr08m85hc8jlnfp3zer7xulejywt49kt2rr0vthywaa50xwsq05uu85tpqrf75arfkskcnwjsaj5f6c05qtmqdm9
1,0.8001140103545442,HIGH_CONFIDENCE_PCA3,ckb1qzda0cr08m85hc8jlnfp3zer7xulejywt49kt2rr0vthywaa50xwsq06cwnwfzz5sv5ps5w6ewtm6q9upj8klyc7qt4xy
1,1.0,HIGH_CONFIDENCE_PCA3,ckb1qzda0cr08m85hc8jlnfp3zer7xulejywt49kt2rr0vthywaa50xwsq06s99smdcvprv0vpjw74v7yr3gfsz63tsmgym2k
1,0.8931083877257051,HIGH_CONFIDENCE_PCA3,ckb1qzda0cr08m85hc8jlnfp3zer7xulejywt49kt2rr0vthywaa50xwsq07j9vt4j4pr582tmmhg2r25g09e8lqhzq67lmrn
1,0.804715742864847,HIGH_CONFIDENCE_PCA3,ckb1qzda0cr08m85hc8jlnfp3zer7xulejywt49kt2rr0vthywaa50xwsq08d3jlwgma52gm4mz6fchyah7ruhk8y4swey2xv
1,1.0,HIGH_CONFIDENCE_PCA3,ckb1qzda0cr08m85hc8jlnfp3zer7xulejywt49kt2rr0vthywaa50xwsq08np8nmp86cyutmm8glcmp36udhrkquhgpeccr6
1,0.6134662480783165,HIGH_CONFIDENCE_PCA3,ckb1qzda0cr08m85hc8jlnfp3zer7xulejywt49kt2rr0vthywaa50xwsq08nxknd7g5pzwe9mmdcqtqfs5f8ckh8fq34kxj8
1,0.8001140103545442,HIGH_CONFIDENCE_PCA3,ckb1qzda0cr08m85hc8jlnfp3zer7xulejywt49kt2rr0vthywaa50xwsq09rwsv5zvm3658ugyssehs360eh82v7zclyn32u
1,0.33244177903009503,HIGH_CONFIDENCE_PCA3,ckb1qzda0cr08m85hc8jlnfp3zer7xulejywt49kt2rr0vthywaa50xwsq0anafacyafq0j2rek0jx5rztanvvw9kcqdtkwna
1,1.0,HIGH_CONFIDENCE_PCA3,ckb1qzda0cr08m85hc8jlnfp3zer7xulejywt49kt2rr0vthywaa50xwsq0c46k06e2fp7rg9aq9yqxwaat763nrpegmdg0qn
1,1.0,HIGH_CONFIDENCE_PCA3,ckb1qzda0cr08m85hc8jlnfp3zer7xulejywt49kt2rr0vthywaa50xwsq0c46rcy6f2qav3ddfgv2540mz6vl7knlc0pl0a0
1,0.7232570721244813,HIGH_CONFIDENCE_PCA3,ckb1qzda0cr08m85hc8jlnfp3zer7xulejywt49kt2rr0vthywaa50xwsq0cl8tlydpzpp6wzeuzfsm926sp9m0rpqqt2qecr
1,0.6758919262685554,HIGH_CONFIDENCE_PCA3,ckb1qzda0cr08m85hc8jlnfp3zer7xulejywt49kt2rr0vthywaa50xwsq0ejdewpqqsdy22zke90ug9h9u0jvlqskcjysp8m
0,1.0,HIGH_CONFIDENCE_PCA3,ckb1qzda0cr08m85hc8jlnfp3zer7xulejywt49kt2rr0vthywaa50xwsq0er7n9s6mrsravyz79mjqpl97j7tg48ased4uwq
1,1.0,HIGH_CONFIDENCE_PCA3,ckb1qzda0cr08m85hc8jlnfp3zer7xulejywt49kt2rr0vthywaa50xwsq0fjsxk3ufezyljeglltk69mhtgrruqsusa36w9h
1,0.4917078465948957,HIGH_CONFIDENCE_PCA3,ckb1qzda0cr08m85hc8jlnfp3zer7xulejywt49kt2rr0vthywaa50xwsq0fuqrqqcykvepusm4st0asqya208yzxcgcgewm5
0,0.4630533188823828,HIGH_CONFIDENCE_PCA3,ckb1qzda0cr08m85hc8jlnfp3zer7xulejywt49kt2rr0vthywaa50xwsq0guyenkvxw036k2zukneprz8x4erevtgs958r7v
1,1.0,HIGH_CONFIDENCE_PCA3,ckb1qzda0cr08m85hc8jlnfp3zer7xulejywt49kt2rr0vthywaa50xwsq0jc2vwf6jsj7852lryh3hfh4jkvk548gqh4yp6v
1,0.28136672748000324,HIGH_CONFIDENCE_PCA3,ckb1qzda0cr08m85hc8jlnfp3zer7xulejywt49kt2rr0vthywaa50xwsq0k5jc20yyf62n2879zxymntrhyke0zg9crdzqfz
1,0.6517127178473071,HIGH_CONFIDENCE_PCA3,ckb1qzda0cr08m85hc8jlnfp3zer7xulejywt49kt2rr0vthywaa50xwsq0l05nyuesryj4upnexyk2wzw0upsn8m7q7c6g0e
1,1.0,HIGH_CONFIDENCE_PCA3,ckb1qzda0cr08m85hc8jlnfp3zer7xulejywt49kt2rr0vthywaa50xwsq0m0zyttfjaw4ft9sjyz8rv2jnk2e66e5c89pdn5
0,0.31153216439604975,HIGH_CONFIDENCE_PCA3,ckb1qzda0cr08m85hc8jlnfp3zer7xulejywt49kt2rr0vthywaa50xwsq0msjj9yjj2n6dtuafzzj6uen3p7mt966sfkapz2
0,1.0,HIGH_CONFIDENCE_PCA3,ckb1qzda0cr08m85hc8jlnfp3zer7xulejywt49kt2rr0vthywaa50xwsq0muw495z9pexgx7eftmgehycxjvtc89nsvmddpk
1,0.3065554352467904,HIGH_CONFIDENCE_PCA3,ckb1qzda0cr08m85hc8jlnfp3zer7xulejywt49kt2rr0vthywaa50xwsq0p80per28ltwd4sm2052pjt4z8unckpucj6e5pc
0,0.44719630526576865,HIGH_CONFIDENCE_PCA3,ckb1qzda0cr08m85hc8jlnfp3zer7xulejywt49kt2rr0vthywaa50xwsq0qer85n4uaq4gaz35uc6nc99svasgexmcymaweu
1,1.0,HIGH_CONFIDENCE_PCA3,ckb1qzda0cr08m85hc8jlnfp3zer7xulejywt49kt2rr0vthywaa50xwsq0r0uwh2anx2znsuqqda47yw7pyzxavsag3zwln3
1,0.6517127178473071,HIGH_CONFIDENCE_PCA3,ckb1qzda0cr08m85hc8jlnfp3zer7xulejywt49kt2rr0vthywaa50xwsq0r9y77vk0sjk3m5t8x2pgp5wlque28mvqetg3vj
1,1.0,HIGH_CONFIDENCE_PCA3,ckb1qzda0cr08m85hc8jlnfp3zer7xulejywt49kt2rr0vthywaa50xwsq0rgz8mcc9ws8vv0m33vx8jm9u68knrplqz0m628
0,0.31963849964182733,HIGH_CONFIDENCE_PCA3,ckb1qzda0cr08m85hc8jlnfp3zer7xulejywt49kt2rr0vthywaa50xwsq0rk5lgxzurkxdnq95zcra0lpyax9ja0rqqk8gaz
1,0.37625656290019377,HIGH_CONFIDENCE_PCA3,ckb1qzda0cr08m85hc8jlnfp3zer7xulejywt49kt2rr0vthywaa50xwsq0rljzn0julrpp9l3fgmm9r9r4jz8rax7sgvagwh
1,1.0,HIGH_CONFIDENCE_PCA3,ckb1qzda0cr08m85hc8jlnfp3zer7xulejywt49kt2rr0vthywaa50xwsq0rrr3az2mu0ncjeqj26du5ymfhtq5l0gcv2rv08
1,1.0,HIGH_CONFIDENCE_PCA3,ckb1qzda0cr08m85hc8jlnfp3zer7xulejywt49kt2rr0vthywaa50xwsq0sc9f6eqnjfm8tn35nxeqtnm43x6aljdqj45cke
1,0.20407644377777842,HIGH_CONFIDENCE_PCA3,ckb1qzda0cr08m85hc8jlnfp3zer7xulejywt49kt2rr0vthywaa50xwsq0smcdjfuapeu9zuahwrsrtp4qetjgngpg5xr5fq
0,0.81927947456261,HIGH_CONFIDENCE_PCA3,ckb1qzda0cr08m85hc8jlnfp3zer7xulejywt49kt2rr0vthywaa50xwsq0tck2vsvttyzk8n8gngr95nqnlx6s5vycpj8w3k
0,1.0,HIGH_CONFIDENCE_PCA3,ckb1qzda0cr08m85hc8jlnfp3zer7xulejywt49kt2rr0vthywaa50xwsq0u4j72c469enjkklngja9y4c94q6cqyks8c84uv
1,0.3146825233966859,HIGH_CONFIDENCE_PCA3,ckb1qzda0cr08m85hc8jlnfp3zer7xulejywt49kt2rr0vthywaa50xwsq0vqkp4e093a5e6a2t3k08excpc3k74d0qpe0lt0
1,1.0,HIGH_CONFIDENCE_PCA3,ckb1qzda0cr08m85hc8jlnfp3zer7xulejywt49kt2rr0vthywaa50xwsq0ww9n0ex40pmhtz6ltslng7rtl35w96nszujfva
1,1.0,HIGH_CONFIDENCE_PCA3,ckb1qzda0cr08m85hc8jlnfp3zer7xulejywt49kt2rr0vthywaa50xwsq0x3yrv8qls62mqeylsvmzp5cqpmvy8quq7autul
1,0.5320151857520496,HIGH_CONFIDENCE_PCA3,ckb1qzda0cr08m85hc8jlnfp3zer7xulejywt49kt2rr0vthywaa50xwsq0xm5pnqls5mls030v7q9l2k5aksglcvjgge7vq8
1,0.7952992024536607,HIGH_CONFIDENCE_PCA3,ckb1qzda0cr08m85hc8jlnfp3zer7xulejywt49kt2rr0vthywaa50xwsq0xtd3e8c9wcj8swd2swg90w95u6xt3zsqzdnx7r
1,0.5821044891054226,HIGH_CONFIDENCE_PCA3,ckb1qzda0cr08m85hc8jlnfp3zer7xulejywt49kt2rr0vthywaa50xwsq0xz88g9vckq3vp47c4nakj2g7ugslm2acl45l9r
1,0.5588318736457552,HIGH_CONFIDENCE_PCA3,ckb1qzda0cr08m85hc8jlnfp3zer7xulejywt49kt2rr0vthywaa50xwsq0y6r5a4py64gccqrd77qvuhr8v3d2xfjcnrz45r
1,1.0,HIGH_CONFIDENCE_PCA3,ckb1qzda0cr08m85hc8jlnfp3zer7xulejywt49kt2rr0vthywaa50xwsq0z6aytm8n2hmlggs88jguhuekkk9zq8hgaew60w
1,0.37625656290019377,HIGH_CONFIDENCE_PCA3,ckb1qzda0cr08m85hc8jlnfp3zer7xulejywt49kt2rr0vthywaa50xwsq0z6h6nlju0mcdp0ny0sx77tmu6j2700lqkdeakp
0,0.4719772845775958,HIGH_CONFIDENCE_PCA3,ckb1qzda0cr08m85hc8jlnfp3zer7xulejywt49kt2rr0vthywaa50xwsq0z799mwernws5tt7me85kr63jauldckkcpdyx4t
1,0.8086483494128994,HIGH_CONFIDENCE_PCA3,ckb1qzda0cr08m85hc8jlnfp3zer7xulejywt49kt2rr0vthywaa50xwsq0zf2s0pke9a2nul6vhurkanmft0nx57mcuqadmm
0,1.0,HIGH_CONFIDENCE_PCA3,ckb1qzda0cr08m85hc8jlnfp3zer7xulejywt49kt2rr0vthywaa50xwsq20gymh8hj0295y4sexft6t8u07c87txyg4y75m0
1,0.824445441955635,HIGH_CONFIDENCE_PCA3,ckb1qzda0cr08m85hc8jlnfp3zer7xulejywt49kt2rr0vthywaa50xwsq20k6na5zxh7ska80rl4x6cvu5269q8whsdasfzf
1,0.3358885868012133,HIGH_CONFIDENCE_PCA3,ckb1qzda0cr08m85hc8jlnfp3zer7xulejywt49kt2rr0vthywaa50xwsq20u0ncxwckqw79c9f9kev5mlckwsmj8psnrz4u4
1,1.0,HIGH_CONFIDENCE_PCA3,ckb1qzda0cr08m85hc8jlnfp3zer7xulejywt49kt2rr0vthywaa50xwsq20y2fdrsxsg9d2ze0mnmjq9lyy3rdmdpq736f0p
1,0.49705730195470776,HIGH_CONFIDENCE_PCA3,ckb1qzda0cr08m85hc8jlnfp3zer7xulejywt49kt2rr0vthywaa50xwsq22vda73jzdlu3lf6luskzcjz7z5ksa58stp95p5
1,0.8001140103545442,HIGH_CONFIDENCE_PCA3,ckb1qzda0cr08m85hc8jlnfp3zer7xulejywt49kt2rr0vthywaa50xwsq23j637de7ulapxyn0h2kl2784uhrv6whg2708tp
1,0.6464450875700439,HIGH_CONFIDENCE_PCA3,ckb1qzda0cr08m85hc8jlnfp3zer7xulejywt49kt2rr0vthywaa50xwsq23ylk2ds3ljwawtj47npyhqersnxamxjssl8vaq
0,0.30391178685036446,HIGH_CONFIDENCE_PCA3,ckb1qzda0cr08m85hc8jlnfp3zer7xulejywt49kt2rr0vthywaa50xwsq247yrzkaul6mzgfrs74hr5t7q0l3ak8ugacfdq9
1,0.5593102073742464,HIGH_CONFIDENCE_PCA3,ckb1qzda0cr08m85hc8jlnfp3zer7xulejywt49kt2rr0vthywaa50xwsq24qy8a3esyfvy8nu68pphmwsn8yaa653c9klmac
0,0.31963849964182733,HIGH_CONFIDENCE_PCA3,ckb1qzda0cr08m85hc8jlnfp3zer7xulejywt49kt2rr0vthywaa50xwsq24scr6mpupq6x6arqdwz5ufzfa8skkcccm8ryrr
1,1.0,HIGH_CONFIDENCE_PCA3,ckb1qzda0cr08m85hc8jlnfp3zer7xulejywt49kt2rr0vthywaa50xwsq258cy8km6ddpzdassg6ksjqjvdr3c0aeqavzlpd
0,0.31963849964182733,HIGH_CONFIDENCE_PCA3,ckb1qzda0cr08m85hc8jlnfp3zer7xulejywt49kt2rr0vthywaa50xwsq25kj6kupzglv5kwcqh54mmm0vd830lt2quf2fvf
1,0.7611889825001289,HIGH_CONFIDENCE_PCA3,ckb1qzda0cr08m85hc8jlnfp3zer7xulejywt49kt2rr0vthywaa50xwsq270p8pvg8y2nugwcsq9syredeq5ee5mxq2x87jl
1,1.0,HIGH_CONFIDENCE_PCA3,ckb1qzda0cr08m85hc8jlnfp3zer7xulejywt49kt2rr0vthywaa50xwsq270spcwvhxfszfmq9sh25v9sum044spls2uf332
0,0.2793827566212894,HIGH_CONFIDENCE_PCA3,ckb1qzda0cr08m85hc8jlnfp3zer7xulejywt49kt2rr0vthywaa50xwsq272xupqa54z4q8z05qt2fywfvdcuxd4dqku7vr4
0,0.3431645475155826,HIGH_CONFIDENCE_PCA3,ckb1qzda0cr08m85hc8jlnfp3zer7xulejywt49kt2rr0vthywaa50xwsq275zthc09tdzvgzlycvrl8p5n2ea2e7as0q8aes
1,1.0,HIGH_CONFIDENCE_PCA3,ckb1qzda0cr08m85hc8jlnfp3zer7xulejywt49kt2rr0vthywaa50xwsq28ps4hf8swzexa6ky8dp2q540tsrvz60qt2wtqk
1,1.0,HIGH_CONFIDENCE_PCA3,ckb1qzda0cr08m85hc8jlnfp3zer7xulejywt49kt2rr0vthywaa50xwsq298q6vfh7z6allgp2ty42k6yd49vap8ysn494ka
1,0.8316009996345112,HIGH_CONFIDENCE_PCA3,ckb1qzda0cr08m85hc8jlnfp3zer7xulejywt49kt2rr0vthywaa50xwsq2akxm0aqm8896a8ma4x7tsj0nugj4ldmg9egwhg
0,0.46393915626279253,HIGH_CONFIDENCE_PCA3,ckb1qzda0cr08m85hc8jlnfp3zer7xulejywt49kt2rr0vthywaa50xwsq2cdr6jzphx2r5y02rkrlh84f4aes20mcc4569tl
1,0.8383201644670683,HIGH_CONFIDENCE_PCA3,ckb1qzda0cr08m85hc8jlnfp3zer7xulejywt49kt2rr0vthywaa50xwsq2cq7k6zqqnna55dzwd32rxjkajthgqr2clgqu5w
1,0.3971481933434872,HIGH_CONFIDENCE_PCA3,ckb1qzda0cr08m85hc8jlnfp3zer7xulejywt49kt2rr0vthywaa50xwsq2da0jqygw442724a22vmvse55pez5zw4qtj3mmg
1,1.0,HIGH_CONFIDENCE_PCA3,ckb1qzda0cr08m85hc8jlnfp3zer7xulejywt49kt2rr0vthywaa50xwsq2dn39wdkj33e7v03mx3mg6raqh365hpnqp2nq6r
1,0.5483910915495339,HIGH_CONFIDENCE_PCA3,ckb1qzda0cr08m85hc8jlnfp3zer7xulejywt49kt2rr0vthywaa50xwsq2ejd8f7wnaln83fx7u8g5tr0sv8jpuwpqdfm05a
1,1.0,HIGH_CONFIDENCE_PCA3,ckb1qzda0cr08m85hc8jlnfp3zer7xulejywt49kt2rr0vthywaa50xwsq2evwcurnqel0euyf4s2pgkut48dgp7fsg3tdhrk
0,0.31963849964182733,HIGH_CONFIDENCE_PCA3,ckb1qzda0cr08m85hc8jlnfp3zer7xulejywt49kt2rr0vthywaa50xwsq2fdtshag9h5z8q7qy6v4hu6lpzvejmg7sp9a6kf
0,1.0,HIGH_CONFIDENCE_PCA3,ckb1qzda0cr08m85hc8jlnfp3zer7xulejywt49kt2rr0vthywaa50xwsq2gxfhv94tp8sc29c5xhsuttgk4hhpp2nq2mt7ff
1,0.8007050199191704,HIGH_CONFIDENCE_PCA3,ckb1qzda0cr08m85hc8jlnfp3zer7xulejywt49kt2rr0vthywaa50xwsq2h36kp26fly5n2huuc446dc3rzhunq2nsesxffv
1,0.8383201644670683,HIGH_CONFIDENCE_PCA3,ckb1qzda0cr08m85hc8jlnfp3zer7xulejywt49kt2rr0vthywaa50xwsq2jrflqx0dneevp0v6ssznw8ry6aj8laxcuh9svs
1,0.56475825576583,HIGH_CONFIDENCE_PCA3,ckb1qzda0cr08m85hc8jlnfp3zer7xulejywt49kt2rr0vthywaa50xwsq2lfh4w2sguefdcw8fmehy5fpaenhehr9cped0e2
1,0.7536039014392402,HIGH_CONFIDENCE_PCA3,ckb1qzda0cr08m85hc8jlnfp3zer7xulejywt49kt2rr0vthywaa50xwsq2mj7v7ut0alqkx38qgu393dw8lafafq0qwnqaxs
1,0.46304601456793587,HIGH_CONFIDENCE_PCA3,ckb1qzda0cr08m85hc8jlnfp3zer7xulejywt49kt2rr0vthywaa50xwsq2mu7xj6mj90s8dxxnuqxyty72rg72ydzscwk9vf
1,1.0,HIGH_CONFIDENCE_PCA3,ckb1qzda0cr08m85hc8jlnfp3zer7xulejywt49kt2rr0vthywaa50xwsq2ne4yj30svjzvvdcmd96qhfvepdx6pfcs09q7zl
1,1.0,HIGH_CONFIDENCE_PCA3,ckb1qzda0cr08m85hc8jlnfp3zer7xulejywt49kt2rr0vthywaa50xwsq2nku3pd5gl7m6pp0cdx7m9gk2t9pswywqcqwjch
0,0.4719772845775958,HIGH_CONFIDENCE_PCA3,ckb1qzda0cr08m85hc8jlnfp3zer7xulejywt49kt2rr0vthywaa50xwsq2nwlee8epequkd94qh3k5uymjqxgvfktgxl9jd3
1,0.5045807101814571,HIGH_CONFIDENCE_PCA3,ckb1qzda0cr08m85hc8jlnfp3zer7xulejywt49kt2rr0vthywaa50xwsq2pgrf442dam0aa0l8gd2s8jlxfu7hha3c7hg4qq
1,0.6329445659211462,HIGH_CONFIDENCE_PCA3,ckb1qzda0cr08m85hc8jlnfp3zer7xulejywt49kt2rr0vthywaa50xwsq2pnp7gglp8clvahem5mpf7wmr0pjk5krgf4lwf2
1,0.4518628554768009,HIGH_CONFIDENCE_PCA3,ckb1qzda0cr08m85hc8jlnfp3zer7xulejywt49kt2rr0vthywaa50xwsq2qjj3mqkrdhzuga2qfzf72ma38xhpsaasfj3trw
0,1.0,HIGH_CONFIDENCE_PCA3,ckb1qzda0cr08m85hc8jlnfp3zer7xulejywt49kt2rr0vthywaa50xwsq2qq5zmvacvrht6g5w35hgdg4mhcxcu5hgu2f8qe
1,0.8503073569798519,HIGH_CONFIDENCE_PCA3,ckb1qzda0cr08m85hc8jlnfp3zer7xulejywt49kt2rr0vthywaa50xwsq2qtfq8zdd9rs86hslwh8j4h8qjk6r3e6s0k50ul
1,0.3711119034111873,HIGH_CONFIDENCE_PCA3,ckb1qzda0cr08m85hc8jlnfp3zer7xulejywt49kt2rr0vthywaa50xwsq2rsu67gzxhacdwpzfyc0gc5q9vgr6aztc6y5n8c
1,1.0,HIGH_CONFIDENCE_PCA3,ckb1qzda0cr08m85hc8jlnfp3zer7xulejywt49kt2rr0vthywaa50xwsq2rv2ln77sfue9zmr4uemppw6e6cqch00sz7curl
1,0.534509637283136,HIGH_CONFIDENCE_PCA3,ckb1qzda0cr08m85hc8jlnfp3zer7xulejywt49kt2rr0vthywaa50xwsq2sfv44lf5g89ha2q296zqm8savzcyqxlsulsx6f
1,0.7423553903957255,HIGH_CONFIDENCE_PCA3,ckb1qzda0cr08m85hc8jlnfp3zer7xulejywt49kt2rr0vthywaa50xwsq2t6z8rc90g09yeh7t3nz2sfe72y20yzcg6jt76x
1,0.8383201644670683,HIGH_CONFIDENCE_PCA3,ckb1qzda0cr08m85hc8jlnfp3zer7xulejywt49kt2rr0vthywaa50xwsq2t9jypuuquc0tfdca5eugj6gk7v3dt0hq4r3hx9
1,0.8383201644670683,HIGH_CONFIDENCE_PCA3,ckb1qzda0cr08m85hc8jlnfp3zer7xulejywt49kt2rr0vthywaa50xwsq2tq8vms882lepc8fk0aapfp0c9nh755xsdtnm3m
1,0.7646096512591981,HIGH_CONFIDENCE_PCA3,ckb1qzda0cr08m85hc8jlnfp3zer7xulejywt49kt2rr0vthywaa50xwsq2uj8rfycz3s3h0m0h62fj8mvxluqr627s8j5led
1,1.0,HIGH_CONFIDENCE_PCA3,ckb1qzda0cr08m85hc8jlnfp3zer7xulejywt49kt2rr0vthywaa50xwsq2ul0rt55hnp2e2nzzhfkep4xtc3l88rxqes83vq
1,1.0,HIGH_CONFIDENCE_PCA3,ckb1qzda0cr08m85hc8jlnfp3zer7xulejywt49kt2rr0vthywaa50xwsq2uq6ykas222qjhw4k6847guv3y8c7wvccalk3tf
1,0.3452342341123704,HIGH_CONFIDENCE_PCA3,ckb1qzda0cr08m85hc8jlnfp3zer7xulejywt49kt2rr0vthywaa50xwsq2uxysa465m2k0hxh4zefzd2k5j36dly3gxkjc57
1,0.9571021561517473,HIGH_CONFIDENCE_PCA3,ckb1qzda0cr08m85hc8jlnfp3zer7xulejywt49kt2rr0vthywaa50xwsq2vr8y8dws0jkz062k8vlpafpu8x9rucvcggdkr4
0,1.0,HIGH_CONFIDENCE_PCA3,ckb1qzda0cr08m85hc8jlnfp3zer7xulejywt49kt2rr0vthywaa50xwsq2xg8c6fulfw65ay5aqq99atj30ev84unssl4ska
1,0.520736855326221,HIGH_CONFIDENCE_PCA3,ckb1qzda0cr08m85hc8jlnfp3zer7xulejywt49kt2rr0vthywaa50xwsq2yg6kr7zvjzw0ts2j7qtkd6jzr2kq3g7sdh3azr
1,0.414332736008476,HIGH_CONFIDENCE_PCA3,ckb1qzda0cr08m85hc8jlnfp3zer7xulejywt49kt2rr0vthywaa50xwsq2zmwtcwp3x5ngxr7wxp3aq737g35nhgpqq4lp5x
1,0.28756280623753805,HIGH_CONFIDENCE_PCA3,ckb1qzda0cr08m85hc8jlnfp3zer7xulejywt49kt2rr0vthywaa50xwsq2zuyw4u22256gp6v8s6na4p7esyg4h74q68r5ue
1,0.5296008509385396,HIGH_CONFIDENCE_PCA3,ckb1qzda0cr08m85hc8jlnfp3zer7xulejywt49kt2rr0vthywaa50xwsqd280gcprvtlm89nyxuc2ru9e2tqe0aewcks0h7q
1,0.6118087339840942,HIGH_CONFIDENCE_PCA3,ckb1qzda0cr08m85hc8jlnfp3zer7xulejywt49kt2rr0vthywaa50xwsqd2ln87tv0nhyh6r2h84d3fnm5vdsjraagf5r842
1,0.28754630578022683,HIGH_CONFIDENCE_PCA3,ckb1qzda0cr08m85hc8jlnfp3zer7xulejywt49kt2rr0vthywaa50xwsqd3ele94wtw253dum78vpuuy2rcspueckqp9hktf
1,0.5827174444822683,HIGH_CONFIDENCE_PCA3,ckb1qzda0cr08m85hc8jlnfp3zer7xulejywt49kt2rr0vthywaa50xwsqd3jnqsndu5z3ew6anr65w34cyevvnucug28nl8j
1,0.8383201644670683,HIGH_CONFIDENCE_PCA3,ckb1qzda0cr08m85hc8jlnfp3zer7xulejywt49kt2rr0vthywaa50xwsqd3t75wgj4rjmaem5f46ek9f5g2xe9gsucx860r9
1,0.36648022956005755,HIGH_CONFIDENCE_PCA3,ckb1qzda0cr08m85hc8jlnfp3zer7xulejywt49kt2rr0vthywaa50xwsqd3w85684vvlhfh93nrvkq6rz6ve7xu0ugjyfg3s
1,1.0,HIGH_CONFIDENCE_PCA3,ckb1qzda0cr08m85hc8jlnfp3zer7xulejywt49kt2rr0vthywaa50xwsqd4h5ahm0l94adpfafpftu00tpsncrmmqgghtrxy
1,0.8001140103545442,HIGH_CONFIDENCE_PCA3,ckb1qzda0cr08m85hc8jlnfp3zer7xulejywt49kt2rr0vthywaa50xwsqd52pqxx3q9kjg6xxh9f2h6wuut9numalsjdnjxu
1,1.0,HIGH_CONFIDENCE_PCA3,ckb1qzda0cr08m85hc8jlnfp3zer7xulejywt49kt2rr0vthywaa50xwsqd532x7yagmmqne0jkrwggysarh5kufcjgp5ry3g
1,0.6823855379401643,HIGH_CONFIDENCE_PCA3,ckb1qzda0cr08m85hc8jlnfp3zer7xulejywt49kt2rr0vthywaa50xwsqd5wxs2lr6y8gzek23nkyj04ngcgmutl4s75skv9
0,0.31963849964182733,HIGH_CONFIDENCE_PCA3,ckb1qzda0cr08m85hc8jlnfp3zer7xulejywt49kt2rr0vthywaa50xwsqd5z95kzr62mkc2vnadeyv6hpqmwlxv2xgakd68v
0,0.4719772845775958,HIGH_CONFIDENCE_PCA3,ckb1qzda0cr08m85hc8jlnfp3zer7xulejywt49kt2rr0vthywaa50xwsqd5zvdgz64ygu94j8cwvcguc6wz5mhaknc3drq98
1,0.6459095767340821,HIGH_CONFIDENCE_PCA3,ckb1qzda0cr08m85hc8jlnfp3zer7xulejywt49kt2rr0vthywaa50xwsqd6328jjvyqyx6psdkxv5gyxmlx90f50cgc8yla8
0,0.4719772845775958,HIGH_CONFIDENCE_PCA3,ckb1qzda0cr08m85hc8jlnfp3zer7xulejywt49kt2rr0vthywaa50xwsqd682nhfyu5lfzt4gp9cmrqgsjpesm3pjqf252gf
1,0.7360018625984036,HIGH_CONFIDENCE_PCA3,ckb1qzda0cr08m85hc8jlnfp3zer7xulejywt49kt2rr0vthywaa50xwsqd6jpr7mncc8n3y4jv4z5k8fq7l77s42kq76f87n
1,1.0,HIGH_CONFIDENCE_PCA3,ckb1qzda0cr08m85hc8jlnfp3zer7xulejywt49kt2rr0vthywaa50xwsqd6raz9mkh95xl7tg8ymg7klqz7ns0af5ctkwa53
1,0.7262973530612573,HIGH_CONFIDENCE_PCA3,ckb1qzda0cr08m85hc8jlnfp3zer7xulejywt49kt2rr0vthywaa50xwsqd7qx7ag4lw5wlu0ewhgryjrug54tauj4glm5p09
1,1.0,HIGH_CONFIDENCE_PCA3,ckb1qzda0cr08m85hc8jlnfp3zer7xulejywt49kt2rr0vthywaa50xwsqd7xem3waujkrfq9vrj7vc5tesg793drag9966ur
1,0.6517127178473071,HIGH_CONFIDENCE_PCA3,ckb1qzda0cr08m85hc8jlnfp3zer7xulejywt49kt2rr0vthywaa50xwsqd8a7fpzf530ks6kmw3yfvn72p5v4ayy6gq05avs
1,0.8383201644670683,HIGH_CONFIDENCE_PCA3,ckb1qzda0cr08m85hc8jlnfp3zer7xulejywt49kt2rr0vthywaa50xwsqd8at4zhq3lrngyw88mqued7njjluzc9dcx3mfwa
1,0.37625656290019377,HIGH_CONFIDENCE_PCA3,ckb1qzda0cr08m85hc8jlnfp3zer7xulejywt49kt2rr0vthywaa50xwsqd9ec9tr57qedasftglxrgq9yl657ym3yqddeg6p
1,0.36722256542929127,HIGH_CONFIDENCE_PCA3,ckb1qzda0cr08m85hc8jlnfp3zer7xulejywt49kt2rr0vthywaa50xwsqda5zj9fpg255n7vz04eqkzlles8z72susenvew6
1,0.3824846653046422,HIGH_CONFIDENCE_PCA3,ckb1qzda0cr08m85hc8jlnfp3zer7xulejywt49kt2rr0vthywaa50xwsqdak37z6wn6w6aea983ruzrfl8yweej95cfkzyn9
0,1.0,HIGH_CONFIDENCE_PCA3,ckb1qzda0cr08m85hc8jlnfp3zer7xulejywt49kt2rr0vthywaa50xwsqdc75deduvc55qd7z48nrd6xy06td2r0wgqqs0vf
1,0.4358466481747821,HIGH_CONFIDENCE_PCA3,ckb1qzda0cr08m85hc8jlnfp3zer7xulejywt49kt2rr0vthywaa50xwsqdcr3ezl9ktveg4fpuujzgrnel0nnjvjxc2gf480
1,1.0,HIGH_CONFIDENCE_PCA3,ckb1qzda0cr08m85hc8jlnfp3zer7xulejywt49kt2rr0vthywaa50xwsqddm8ppq3gz8gz0d9ap6z8nc3r662npn2cuxk9f0
0,0.3035329579971808,HIGH_CONFIDENCE_PCA3,ckb1qzda0cr08m85hc8jlnfp3zer7xulejywt49kt2rr0vthywaa50xwsqddtncxgn0wga0mctct2p6k2ueqd36ju3qqqmeqa
0,0.4631818848884363,HIGH_CONFIDENCE_PCA3,ckb1qzda0cr08m85hc8jlnfp3zer7xulejywt49kt2rr0vthywaa50xwsqddw45fnzxhfmsxwuf7m82k5vyynsfvkxqu8209y
1,0.8001140103545442,HIGH_CONFIDENCE_PCA3,ckb1qzda0cr08m85hc8jlnfp3zer7xulejywt49kt2rr0vthywaa50xwsqddyz6vl88hqfhcrfv55xpqzan04myfn7qweufsa
1,1.0,HIGH_CONFIDENCE_PCA3,ckb1qzda0cr08m85hc8jlnfp3zer7xulejywt49kt2rr0vthywaa50xwsqdenac4ykevnaxl2ltarf6y37hps3nxxjc4ckfhj
1,0.5292271598663412,HIGH_CONFIDENCE_PCA3,ckb1qzda0cr08m85hc8jlnfp3zer7xulejywt49kt2rr0vthywaa50xwsqdev2qemedc4lercjj2ys3acwf4d6nj7jcprg6sq
1,0.5759776642560003,HIGH_CONFIDENCE_PCA3,ckb1qzda0cr08m85hc8jlnfp3zer7xulejywt49kt2rr0vthywaa50xwsqdfpcl42753m0xgau9yefhgfxukx83dwysy7tdl3
1,0.8001140103545442,HIGH_CONFIDENCE_PCA3,ckb1qzda0cr08m85hc8jlnfp3zer7xulejywt49kt2rr0vthywaa50xwsqdfunuqtrj99lz8app7uqjmdr2ecx6wwfc62xrtm
1,0.4053633106302027,HIGH_CONFIDENCE_PCA3,ckb1qzda0cr08m85hc8jlnfp3zer7xulejywt49kt2rr0vthywaa50xwsqdg04rll0lnjdvdyp2zpqguqkmnye6vmnsd4vft5
1,1.0,HIGH_CONFIDENCE_PCA3,ckb1qzda0cr08m85hc8jlnfp3zer7xulejywt49kt2rr0vthywaa50xwsqdg5awuqp2zuwnvjcr753hh38ml5ywd5rgpg79nw
1,0.14737010775448692,HIGH_CONFIDENCE_PCA3,ckb1qzda0cr08m85hc8jlnfp3zer7xulejywt49kt2rr0vthywaa50xwsqdh26mj0xls204ndg9lsdptdz0zu0jdmycngh5ht
1,0.41398479923610554,HIGH_CONFIDENCE_PCA3,ckb1qzda0cr08m85hc8jlnfp3zer7xulejywt49kt2rr0vthywaa50xwsqdhxwwku2qxwcj784l5slje2tsa76nlgvsawdc7v
1,0.37625656290019377,HIGH_CONFIDENCE_PCA3,ckb1qzda0cr08m85hc8jlnfp3zer7xulejywt49kt2rr0vthywaa50xwsqdjsydf39sklhfvtfnk57vvd7d2vn4kxwqpr3prn
1,0.3825011591001566,HIGH_CONFIDENCE_PCA3,ckb1qzda0cr08m85hc8jlnfp3zer7xulejywt49kt2rr0vthywaa50xwsqdk6t85vllv37se5ng6rpnz7x30clgdy6qsped2w
1,0.8001140103545442,HIGH_CONFIDENCE_PCA3,ckb1qzda0cr08m85hc8jlnfp3zer7xulejywt49kt2rr0vthywaa50xwsqdktl2pnd9nrh6fna6ydh5sv34z4cx59mg2d5yh4
1,1.0,HIGH_CONFIDENCE_PCA3,ckb1qzda0cr08m85hc8jlnfp3zer7xulejywt49kt2rr0vthywaa50xwsqdlnnrld5uyndfrw0xxnpmpf435242xl2ccrge5g
1,0.3172401874344663,HIGH_CONFIDENCE_PCA3,ckb1qzda0cr08m85hc8jlnfp3zer7xulejywt49kt2rr0vthywaa50xwsqdly7vzugjpxpzy4wc8u8dkpt6gmv2kknsw36cs0
1,0.6517127178473071,HIGH_CONFIDENCE_PCA3,ckb1qzda0cr08m85hc8jlnfp3zer7xulejywt49kt2rr0vthywaa50xwsqdn85jtpzkk24ga7vprxcupwkw8h2kmcpgnkw4s2
0,0.31963849964182733,HIGH_CONFIDENCE_PCA3,ckb1qzda0cr08m85hc8jlnfp3zer7xulejywt49kt2rr0vthywaa50xwsqdnvsjyahhu4hnqmv5aqy06jk7p289qcsck64eed
1,1.0,HIGH_CONFIDENCE_PCA3,ckb1qzda0cr08m85hc8jlnfp3zer7xulejywt49kt2rr0vthywaa50xwsqdpglw7yx2vzsuu2hz4f0zqmm7ujn4gzrcpt9myf
0,0.407529382871177,HIGH_CONFIDENCE_PCA3,ckb1qzda0cr08m85hc8jlnfp3zer7xulejywt49kt2rr0vthywaa50xwsqdqpaqujjqztsvqsckxxryqkyar5g229ls79xsux
1,0.5457115290475306,HIGH_CONFIDENCE_PCA3,ckb1qzda0cr08m85hc8jlnfp3zer7xulejywt49kt2rr0vthywaa50xwsqdqq677slvjxejspzxxuyrz3r8m4glpqrqve4u4k
1,0.8163149730685888,HIGH_CONFIDENCE_PCA3,ckb1qzda0cr08m85hc8jlnfp3zer7xulejywt49kt2rr0vthywaa50xwsqdqrmx3gfghxmm3m5dj4vm27j5ke9kvw9qmr8lwp
1,0.40505284088947735,HIGH_CONFIDENCE_PCA3,ckb1qzda0cr08m85hc8jlnfp3zer7xulejywt49kt2rr0vthywaa50xwsqdqyzqvyyqgdw9qdu9tsfwfj2j3qj05ams2m6zwh
1,0.4379227422450742,HIGH_CONFIDENCE_PCA3,ckb1qzda0cr08m85hc8jlnfp3zer7xulejywt49kt2rr0vthywaa50xwsqdrc0cvrk8yuh4248eumm00tj6la4285jgtkf6ge
1,0.9720930852553512,HIGH_CONFIDENCE_PCA3,ckb1qzda0cr08m85hc8jlnfp3zer7xulejywt49kt2rr0vthywaa50xwsqdtejzc329up3s665cxswczse77neqxr2c6uk0jz
0,1.0,HIGH_CONFIDENCE_PCA3,ckb1qzda0cr08m85hc8jlnfp3zer7xulejywt49kt2rr0vthywaa50xwsqdtr9km5rjdrntcf4a5jh7u55rl8rurp2snsf7v6
1,0.46757262097417035,HIGH_CONFIDENCE_PCA3,ckb1qzda0cr08m85hc8jlnfp3zer7xulejywt49kt2rr0vthywaa50xwsqdun3wce79ar4cmnl76tyehgha0muqg07gt556gd
1,0.6169946629022655,HIGH_CONFIDENCE_PCA3,ckb1qzda0cr08m85hc8jlnfp3zer7xulejywt49kt2rr0vthywaa50xwsqdv3msqhwu0eel0cx4vxkhzphyxdxg0p2gcn4zk4
1,0.9307768937302056,HIGH_CONFIDENCE_PCA3,ckb1qzda0cr08m85hc8jlnfp3zer7xulejywt49kt2rr0vthywaa50xwsqdv5f45r3aevly9umatacdzw6x2hmycfss6cstcq
1,1.0,HIGH_CONFIDENCE_PCA3,ckb1qzda0cr08m85hc8jlnfp3zer7xulejywt49kt2rr0vthywaa50xwsqdwa7y4etexhlslpeplm2gensrmkpgpfqc5kk4x9
1,0.9367110960882489,HIGH_CONFIDENCE_PCA3,ckb1qzda0cr08m85hc8jlnfp3zer7xulejywt49kt2rr0vthywaa50xwsqdx5m2dx9j9el3arnuntxu5lkfafw4dyxgq357up
1,1.0,HIGH_CONFIDENCE_PCA3,ckb1qzda0cr08m85hc8jlnfp3zer7xulejywt49kt2rr0vthywaa50xwsqdxaqe07wj7kc5y9suqc6lkdqz4wm85ltq0ng53r
1,0.33071636223513595,HIGH_CONFIDENCE_PCA3,ckb1qzda0cr08m85hc8jlnfp3zer7xulejywt49kt2rr0vthywaa50xwsqdxzlmuqal6c37hk678qjekya0qjd5m5lq7hhzaq
1,1.0,HIGH_CONFIDENCE_PCA3,ckb1qzda0cr08m85hc8jlnfp3zer7xulejywt49kt2rr0vthywaa50xwsqdxzpng0y93mrnmxq0e73j4yu4d3n3mkuqc5r59u
1,0.8001140103545442,HIGH_CONFIDENCE_PCA3,ckb1qzda0cr08m85hc8jlnfp3zer7xulejywt49kt2rr0vthywaa50xwsqdy03jsqq4r873dyqm49pckertnx0qvw0qvde0sg
1,0.49749953254615986,HIGH_CONFIDENCE_PCA3,ckb1qzda0cr08m85hc8jlnfp3zer7xulejywt49kt2rr0vthywaa50xwsqdytgmu0z5yskwrnegfptr3n4pcx9d6tlswehku8
1,0.3223439910250749,HIGH_CONFIDENCE_PCA3,ckb1qzda0cr08m85hc8jlnfp3zer7xulejywt49kt2rr0vthywaa50xwsqdywhhfnhv7xz24x9y79yu47u9ugwr8p2sccyn4q
0,0.4719772845775958,HIGH_CONFIDENCE_PCA3,ckb1qzda0cr08m85hc8jlnfp3zer7xulejywt49kt2rr0vthywaa50xwsqdzcwm3dgw383w7uv4v9a95jdxtxgzrmdcpxs45n
-1,0.0,HIGH_CONFIDENCE_PCA3,ckb1qzda0cr08m85hc8jlnfp3zer7xulejywt49kt2rr0vthywaa50xwsqf2pf3uu524tn9umy7g3gchaa6sgamvs4sx454l6
0,0.27873910372111377,HIGH_CONFIDENCE_PCA3,ckb1qzda0cr08m85hc8jlnfp3zer7xulejywt49kt2rr0vthywaa50xwsqf3q9e554euxmpqyaju2n3prxl3fxuphqs9l8zmt
1,0.37625656290019377,HIGH_CONFIDENCE_PCA3,ckb1qzda0cr08m85hc8jlnfp3zer7xulejywt49kt2rr0vthywaa50xwsqf4s8sxvjqhp8qpxyqj03kwmry2a43kggq7um8ef
1,0.6403083984355743,HIGH_CONFIDENCE_PCA3,ckb1qzda0cr08m85hc8jlnfp3zer7xulejywt49kt2rr0vthywaa50xwsqf68ndqgrm406nmahnk8uyvl6up7hzhgdcjvn87t
1,0.354274487786183,HIGH_CONFIDENCE_PCA3,ckb1qzda0cr08m85hc8jlnfp3zer7xulejywt49kt2rr0vthywaa50xwsqf6qtawqcsf9ga3yuhh8gfhxuyah7rvtlgzn95vl
0,1.0,HIGH_CONFIDENCE_PCA3,ckb1qzda0cr08m85hc8jlnfp3zer7xulejywt49kt2rr0vthywaa50xwsqf70nhxhk4ljdgqd4ef2ndrzka0qda3nlg5ry85g
1,0.7229598595966871,HIGH_CONFIDENCE_PCA3,ckb1qzda0cr08m85hc8jlnfp3zer7xulejywt49kt2rr0vthywaa50xwsqf7wdk98y3zdh3cyql86grghqwnen7ks5qzrld2q
1,0.37625656290019377,HIGH_CONFIDENCE_PCA3,ckb1qzda0cr08m85hc8jlnfp3zer7xulejywt49kt2rr0vthywaa50xwsqfc5kszzn9mc2zycl58v8jjrk9zhmr97cg3ndvfs
0,0.13215048168494142,HIGH_CONFIDENCE_PCA3,ckb1qzda0cr08m85hc8jlnfp3zer7xulejywt49kt2rr0vthywaa50xwsqfc63dma5fy3kywpnada5yy99tpqvl4dechg9csl
0,0.4719772845775958,HIGH_CONFIDENCE_PCA3,ckb1qzda0cr08m85hc8jlnfp3zer7xulejywt49kt2rr0vthywaa50xwsqfcwzl3jytqrrgtuwmapvqe42txrxvqlncewj9c8
1,0.5512372852413262,HIGH_CONFIDENCE_PCA3,ckb1qzda0cr08m85hc8jlnfp3zer7xulejywt49kt2rr0vthywaa50xwsqfd8eyknzynse6m9r0zlfjyt4qpxnlr86svrekgm
1,0.341301456944584,HIGH_CONFIDENCE_PCA3,ckb1qzda0cr08m85hc8jlnfp3zer7xulejywt49kt2rr0vthywaa50xwsqfewq5cphjmj7j53dgvs9ekquz7wp0eadggz3t4x
1,0.27329394167270304,HIGH_CONFIDENCE_PCA3,ckb1qzda0cr08m85hc8jlnfp3zer7xulejywt49kt2rr0vthywaa50xwsqff60m3g73j280arxmzwp6anr9g04xmmast74txw
1,0.41544331029789555,HIGH_CONFIDENCE_PCA3,ckb1qzda0cr08m85hc8jlnfp3zer7xulejywt49kt2rr0vthywaa50xwsqfg0c6expwhe3wjs5vkk7e2legcah5gvjqvdy8l7
1,0.5772561058809833,HIGH_CONFIDENCE_PCA3,ckb1qzda0cr08m85hc8jlnfp3zer7xulejywt49kt2rr0vthywaa50xwsqfg2np57fhkdu6fuygqt3ys4rykd03gfhsu8dvd7
0,1.0,HIGH_CONFIDENCE_PCA3,ckb1qzda0cr08m85hc8jlnfp3zer7xulejywt49kt2rr0vthywaa50xwsqfh3hsd0an0xag0qzx0ay8qrtpclap9x3she6gvj
1,1.0,HIGH_CONFIDENCE_PCA3,ckb1qzda0cr08m85hc8jlnfp3zer7xulejywt49kt2rr0vthywaa50xwsqfhncpyvtj7w4euhnwwnndksez0kl7kljgjp39t5
1,1.0,HIGH_CONFIDENCE_PCA3,ckb1qzda0cr08m85hc8jlnfp3zer7xulejywt49kt2rr0vthywaa50xwsqfj8ejt4qckvuzrtezy9nvcv7le9ur8cuqy7s5x8
1,1.0,HIGH_CONFIDENCE_PCA3,ckb1qzda0cr08m85hc8jlnfp3zer7xulejywt49kt2rr0vthywaa50xwsqfjhl5nx82y5z2xdhwqhg34vkzta6gttgc05sfu2
1,1.0,HIGH_CONFIDENCE_PCA3,ckb1qzda0cr08m85hc8jlnfp3zer7xulejywt49kt2rr0vthywaa50xwsqfk74jml992maq6k2g9gn5znh4qsqlcg0gxqejgl
1,0.5712402098180548,HIGH_CONFIDENCE_PCA3,ckb1qzda0cr08m85hc8jlnfp3zer7xulejywt49kt2rr0vthywaa50xwsqfkjglwnv0p5h4wujzvz65rekwxmx2d0zsn7yllu
1,0.5891209845307339,HIGH_CONFIDENCE_PCA3,ckb1qzda0cr08m85hc8jlnfp3zer7xulejywt49kt2rr0vthywaa50xwsqfklpav762duvc8cva7gnz89nzvksp6r3qeh6wvh
1,0.740583019283441,HIGH_CONFIDENCE_PCA3,ckb1qzda0cr08m85hc8jlnfp3zer7xulejywt49kt2rr0vthywaa50xwsqfl7q5k0n22acsv662t7zmcw6rggs4ev8sft2wt3
1,0.552268246806354,HIGH_CONFIDENCE_PCA3,ckb1qzda0cr08m85hc8jlnfp3zer7xulejywt49kt2rr0vthywaa50xwsqfl9ggysz7z4kfeslc6snf0ykm24kd9ujqrlxxfg
1,0.5843351050857292,HIGH_CONFIDENCE_PCA3,ckb1qzda0cr08m85hc8jlnfp3zer7xulejywt49kt2rr0vthywaa50xwsqflgd96hhegvt75t3admj08a2y88yv5mdqy6cqs0
1,1.0,HIGH_CONFIDENCE_PCA3,ckb1qzda0cr08m85hc8jlnfp3zer7xulejywt49kt2rr0vthywaa50xwsqfn7k56km47p5javnrpw4ufny8gcyqjyxschyrkw
1,0.5972024852182598,HIGH_CONFIDENCE_PCA3,ckb1qzda0cr08m85hc8jlnfp3zer7xulejywt49kt2rr0vthywaa50xwsqfplruvrt4qsh2vu7vla0uuk2pxvstfx6csgmzu5
1,0.5206024538078573,HIGH_CONFIDENCE_PCA3,ckb1qzda0cr08m85hc8jlnfp3zer7xulejywt49kt2rr0vthywaa50xwsqfqqgdjzldwm3gcuxnclfscjda2lw7jruqjxyp93
1,0.8913089919997674,HIGH_CONFIDENCE_PCA3,ckb1qzda0cr08m85hc8jlnfp3zer7xulejywt49kt2rr0vthywaa50xwsqfqr2l6rqllmnhtpzptgq9fnagsykcffxcpqmjuu
-1,0.0,HIGH_CONFIDENCE_PCA3,ckb1qzda0cr08m85hc8jlnfp3zer7xulejywt49kt2rr0vthywaa50xwsqfrlamn0mk353jsutukulxcxyf8je85wwg5l5nnv
1,1.0,HIGH_CONFIDENCE_PCA3,ckb1qzda0cr08m85hc8jlnfp3zer7xulejywt49kt2rr0vthywaa50xwsqfrmvt598cnr70mhtyt9afjg9yju7s0n6gw0e8d4
1,0.39133257848849307,HIGH_CONFIDENCE_PCA3,ckb1qzda0cr08m85hc8jlnfp3zer7xulejywt49kt2rr0vthywaa50xwsqfrvc7cagn8h4g3harg8cwdfpq3sx7sxms2r27la
1,0.3776500001222572,HIGH_CONFIDENCE_PCA3,ckb1qzda0cr08m85hc8jlnfp3zer7xulejywt49kt2rr0vthywaa50xwsqfs6c4chhw5kwthmq0jzqyxwmr9fpr5a4qr8l2yd
1,0.8001140103545442,HIGH_CONFIDENCE_PCA3,ckb1qzda0cr08m85hc8jlnfp3zer7xulejywt49kt2rr0vthywaa50xwsqfs7v5u87mvk9zdyhmg3ua0aduh4zfw3fsgsfkel
1,0.7223775500161924,HIGH_CONFIDENCE_PCA3,ckb1qzda0cr08m85hc8jlnfp3zer7xulejywt49kt2rr0vthywaa50xwsqfsajumlzs2pjvtz0xxg42llw5px435u3gxmlwuc
1,0.37625656290019377,HIGH_CONFIDENCE_PCA3,ckb1qzda0cr08m85hc8jlnfp3zer7xulejywt49kt2rr0vthywaa50xwsqft980n0alva2vjmkca85wujt5vhtwgzpgqczv9a
1,0.7122713518775253,HIGH_CONFIDENCE_PCA3,ckb1qzda0cr08m85hc8jlnfp3zer7xulejywt49kt2rr0vthywaa50xwsqftm2xn4dlczysw0q2x5alw2v7ur2le8gs8h3teh
0,1.0,HIGH_CONFIDENCE_PCA3,ckb1qzda0cr08m85hc8jlnfp3zer7xulejywt49kt2rr0vthywaa50xwsqfu77q0whtmthcu45dm9l326da8rasmh6g8t7pw9
1,1.0,HIGH_CONFIDENCE_PCA3,ckb1qzda0cr08m85hc8jlnfp3zer7xulejywt49kt2rr0vthywaa50xwsqfuwj6lqq2hhe8qqm3m5z2xacjjyuy73yqwgnm2m
1,1.0,HIGH_CONFIDENCE_PCA3,ckb1qzda0cr08m85hc8jlnfp3zer7xulejywt49kt2rr0vthywaa50xwsqfvfcxm03q9xmn3fy68s9rxp0y5lfqfvjgmmtw0p
0,1.0,HIGH_CONFIDENCE_PCA3,ckb1qzda0cr08m85hc8jlnfp3zer7xulejywt49kt2rr0vthywaa50xwsqfwcjzujntvxpmcjmpt4r6pd4mvxu89k4sr3244x
1,0.6080748090620941,HIGH_CONFIDENCE_PCA3,ckb1qzda0cr08m85hc8jlnfp3zer7xulejywt49kt2rr0vthywaa50xwsqfwru8wpcx969py0vrrf29ckn928nz26csz7pvxw
1,0.2987514956706335,HIGH_CONFIDENCE_PCA3,ckb1qzda0cr08m85hc8jlnfp3zer7xulejywt49kt2rr0vthywaa50xwsqfx7c8l89wcf42vxgajjke9zdt7myeqrdqj6mqm6
1,1.0,HIGH_CONFIDENCE_PCA3,ckb1qzda0cr08m85hc8jlnfp3zer7xulejywt49kt2rr0vthywaa50xwsqfxgd9zxl6czs4s3kzr55letennz2l3yjqpt8r79
1,0.8383201644670683,HIGH_CONFIDENCE_PCA3,ckb1qzda0cr08m85hc8jlnfp3zer7xulejywt49kt2rr0vthywaa50xwsqfylyx957e0g3kyjua0fed5gzzj4s2s9qsxafn7t
1,0.6845863817473503,HIGH_CONFIDENCE_PCA3,ckb1qzda0cr08m85hc8jlnfp3zer7xulejywt49kt2rr0vthywaa50xwsqfzgxljyv0d2hezcfypqscs5zy3kn7jhnqvv0xt6
1,0.4379227422450742,HIGH_CONFIDENCE_PCA3,ckb1qzda0cr08m85hc8jlnfp3zer7xulejywt49kt2rr0vthywaa50xwsqfzzknutrncp6fupm6596sgyh5r0946rpsu6mkpk
1,1.0,HIGH_CONFIDENCE_PCA3,ckb1qzda0cr08m85hc8jlnfp3zer7xulejywt49kt2rr0vthywaa50xwsqg0fsmjwhnshsqzsayprx9f7w0jwkn5zyqcrdluc
0,0.306587468957314,HIGH_CONFIDENCE_PCA3,ckb1qzda0cr08m85hc8jlnfp3zer7xulejywt49kt2rr0vthywaa50xwsqg0prwcywrcc744qq5veu4upkur4665dlgr6003x
1,0.8383201644670683,HIGH_CONFIDENCE_PCA3,ckb1qzda0cr08m85hc8jlnfp3zer7xulejywt49kt2rr0vthywaa50xwsqg24w9uh6z7vg2mf48x5rq42t5aegfzxxsge2k2w
0,0.4719772845775958,HIGH_CONFIDENCE_PCA3,ckb1qzda0cr08m85hc8jlnfp3zer7xulejywt49kt2rr0vthywaa50xwsqg2fnljwt423kchx368x8xwstmkhx0k2agegvx0a
0,0.26447211891964395,HIGH_CONFIDENCE_PCA3,ckb1qzda0cr08m85hc8jlnfp3zer7xulejywt49kt2rr0vthywaa50xwsqg338aj4hnmutep9ufyd9yyuh3ju7rr8lq03fejn
1,0.5001617438685173,HIGH_CONFIDENCE_PCA3,ckb1qzda0cr08m85hc8jlnfp3zer7xulejywt49kt2rr0vthywaa50xwsqg3xv33uywn6sjyvmnzckatkpke54mlx8srepf4g
1,0.5691350920444614,HIGH_CONFIDENCE_PCA3,ckb1qzda0cr08m85hc8jlnfp3zer7xulejywt49kt2rr0vthywaa50xwsqg3y6k5gqrgjt54wzhxar4kys594v2s0vg2fpsmk
0,0.28646518205951216,HIGH_CONFIDENCE_PCA3,ckb1qzda0cr08m85hc8jlnfp3zer7xulejywt49kt2rr0vthywaa50xwsqg40ucnf7tt8zvnje7xhatf3yllc8zh4pqq25wqh
1,0.7538968840086399,HIGH_CONFIDENCE_PCA3,ckb1qzda0cr08m85hc8jlnfp3zer7xulejywt49kt2rr0vthywaa50xwsqg4cz7lvtz6anfw0uxkrxu8d0gxcfuww2gp702wk
1,1.0,HIGH_CONFIDENCE_PCA3,ckb1qzda0cr08m85hc8jlnfp3zer7xulejywt49kt2rr0vthywaa50xwsqg4yg2m9jpx5efeu4q0vrp643gjmad37nqrk9glt
0,0.4719772845775958,HIGH_CONFIDENCE_PCA3,ckb1qzda0cr08m85hc8jlnfp3zer7xulejywt49kt2rr0vthywaa50xwsqg60za567aggkr4kdukm540wrujl4xn83g5sff6z
0,0.4719772845775958,HIGH_CONFIDENCE_PCA3,ckb1qzda0cr08m85hc8jlnfp3zer7xulejywt49kt2rr0vthywaa50xwsqg62egjmjcnvyrdl5z38esza6dgfxuy2xsy8gcsa
1,0.8383201644670683,HIGH_CONFIDENCE_PCA3,ckb1qzda0cr08m85hc8jlnfp3zer7xulejywt49kt2rr0vthywaa50xwsqg64upk25mkwaurfnz52t5wcm4hkw8ukgqdmqsjq
1,0.9133393344872599,HIGH_CONFIDENCE_PCA3,ckb1qzda0cr08m85hc8jlnfp3zer7xulejywt49kt2rr0vthywaa50xwsqg6agcch2m7k8lsh00nv05ztfmz0euvqkcfpz7ec
1,1.0,HIGH_CONFIDENCE_PCA3,ckb1qzda0cr08m85hc8jlnfp3zer7xulejywt49kt2rr0vthywaa50xwsqg6j932zy4ztkzmtpye2uhzsju5npw795s89dznx
1,0.37625656290019377,HIGH_CONFIDENCE_PCA3,ckb1qzda0cr08m85hc8jlnfp3zer7xulejywt49kt2rr0vthywaa50xwsqg709r8jqauttpmkjv2x2jg3mtdwvqk7acc26w2j
1,1.0,HIGH_CONFIDENCE_PCA3,ckb1qzda0cr08m85hc8jlnfp3zer7xulejywt49kt2rr0vthywaa50xwsqg8td6r2j7dwevxfd0c84lzn0j9dh0tkecqdrktc
1,0.37449571439944157,HIGH_CONFIDENCE_PCA3,ckb1qzda0cr08m85hc8jlnfp3zer7xulejywt49kt2rr0vthywaa50xwsqg9q2e95dadfctdfsuq5e5na0nwh58v4jc6rkddw
0,1.0,HIGH_CONFIDENCE_PCA3,ckb1qzda0cr08m85hc8jlnfp3zer7xulejywt49kt2rr0vthywaa50xwsqg9zt77ljsy79v237ska0mgf4zd50avq0cdx0vpw
1,1.0,HIGH_CONFIDENCE_PCA3,ckb1qzda0cr08m85hc8jlnfp3zer7xulejywt49kt2rr0vthywaa50xwsqga8fka44mj0qm9pz3zx8fh23cd9t7ye2qw4p9mm
0,0.31963849964182733,HIGH_CONFIDENCE_PCA3,ckb1qzda0cr08m85hc8jlnfp3zer7xulejywt49kt2rr0vthywaa50xwsqgcls79s3gyaetwz3sm27r5gfjguywnh2cxxda76
1,0.7510270202136835,HIGH_CONFIDENCE_PCA3,ckb1qzda0cr08m85hc8jlnfp3zer7xulejywt49kt2rr0vthywaa50xwsqge57hkg6u3mc7jwh7emmu7pne7keyn2ccf79a2t
1,1.0,HIGH_CONFIDENCE_PCA3,ckb1qzda0cr08m85hc8jlnfp3zer7xulejywt49kt2rr0vthywaa50xwsqgfkqygamtn953uq036rmprazg7rnkt67gdcyxxf
1,0.9716270301996928,HIGH_CONFIDENCE_PCA3,ckb1qzda0cr08m85hc8jlnfp3zer7xulejywt49kt2rr0vthywaa50xwsqgg8w4ddafhudspnvc8aapvpek3rvmk33qqk5up2
1,0.9886309792485265,HIGH_CONFIDENCE_PCA3,ckb1qzda0cr08m85hc8jlnfp3zer7xulejywt49kt2rr0vthywaa50xwsqggs86408ja7nsgdh0lz0cxafua6u0pq5cmvsxuu
1,0.8383201644670683,HIGH_CONFIDENCE_PCA3,ckb1qzda0cr08m85hc8jlnfp3zer7xulejywt49kt2rr0vthywaa50xwsqggszva8zt4sr9p97fwvrhfhzqf7p29u8s3z6m5z
0,0.31963849964182733,HIGH_CONFIDENCE_PCA3,ckb1qzda0cr08m85hc8jlnfp3zer7xulejywt49kt2rr0vthywaa50xwsqgh8ejptxd3n05njryzm2vct7ew9jez6rs8uvuej
1,0.4379227422450742,HIGH_CONFIDENCE_PCA3,ckb1qzda0cr08m85hc8jlnfp3zer7xulejywt49kt2rr0vthywaa50xwsqghntjqmjfan28zcakl06kt5v5x6upxtdgnsclpd
1,0.7637450248851314,HIGH_CONFIDENCE_PCA3,ckb1qzda0cr08m85hc8jlnfp3zer7xulejywt49kt2rr0vthywaa50xwsqgj3l4affhawvqru83788u58fphcrx2f8shd3h9l
1,0.43272276499006623,HIGH_CONFIDENCE_PCA3,ckb1qzda0cr08m85hc8jlnfp3zer7xulejywt49kt2rr0vthywaa50xwsqgjr2xdh0zyc53jxpwsvwxq5x8y05rmytcewmqcv
1,0.4770708848781689,HIGH_CONFIDENCE_PCA3,ckb1qzda0cr08m85hc8jlnfp3zer7xulejywt49kt2rr0vthywaa50xwsqgjuhrq84l5nk7ylhlcqpsa3yg974735rgy30uch
1,0.3294138746998059,HIGH_CONFIDENCE_PCA3,ckb1qzda0cr08m85hc8jlnfp3zer7xulejywt49kt2rr0vthywaa50xwsqgk9kfuz7fchth20ksf8d2x3eqph9le6cqhenpf3
0,1.0,HIGH_CONFIDENCE_PCA3,ckb1qzda0cr08m85hc8jlnfp3zer7xulejywt49kt2rr0vthywaa50xwsqgkfsftjekwd5gtrpludsuaynmccg37mssm6hpt9
1,0.9116993690725029,HIGH_CONFIDENCE_PCA3,ckb1qzda0cr08m85hc8jlnfp3zer7xulejywt49kt2rr0vthywaa50xwsqgkfv8pzr5d26zcapqrd58ksc65w0qv8qqqp6xtc
1,1.0,HIGH_CONFIDENCE_PCA3,ckb1qzda0cr08m85hc8jlnfp3zer7xulejywt49kt2rr0vthywaa50xwsqgl8p3tyd357ap33wygmdxur9xj2pft5dc5q6uz7
1,0.9969419430038344,HIGH_CONFIDENCE_PCA3,ckb1qzda0cr08m85hc8jlnfp3zer7xulejywt49kt2rr0vthywaa50xwsqglrz80pqlcstnc89aw4dwr2av8spdc98sk7k0rz
0,1.0,HIGH_CONFIDENCE_PCA3,ckb1qzda0cr08m85hc8jlnfp3zer7xulejywt49kt2rr0vthywaa50xwsqgmjsf5sg7y340mh52tdh8z4p4v2yryk6ggzyu8m
1,1.0,HIGH_CONFIDENCE_PCA3,ckb1qzda0cr08m85hc8jlnfp3zer7xulejywt49kt2rr0vthywaa50xwsqgnhsvcls3zfj0jggg74nej0hxwmtzjjvcu09935
1,0.818252974979202,HIGH_CONFIDENCE_PCA3,ckb1qzda0cr08m85hc8jlnfp3zer7xulejywt49kt2rr0vthywaa50xwsqgq74prpeqz7rlncvqz0j2gn4jxsg75ztggj7v7a
1,0.515266832224778,HIGH_CONFIDENCE_PCA3,ckb1qzda0cr08m85hc8jlnfp3zer7xulejywt49kt2rr0vthywaa50xwsqgtjqt05crwkdrdnqjvvlckq8yy907z3xq8nhw6d
1,1.0,HIGH_CONFIDENCE_PCA3,ckb1qzda0cr08m85hc8jlnfp3zer7xulejywt49kt2rr0vthywaa50xwsqgulzg2h44865y9svyw7s5390npefh3x9qrr8hc9
1,0.6706980577573227,HIGH_CONFIDENCE_PCA3,ckb1qzda0cr08m85hc8jlnfp3zer7xulejywt49kt2rr0vthywaa50xwsqgvf6u2sgx8ud45x9dy6gqwl2rx5625w8g52tt66
1,1.0,HIGH_CONFIDENCE_PCA3,ckb1qzda0cr08m85hc8jlnfp3zer7xulejywt49kt2rr0vthywaa50xwsqgvhdamaryxwum3rdm2pfpm2vzlmt3e0uq0cll7q
1,1.0,HIGH_CONFIDENCE_PCA3,ckb1qzda0cr08m85hc8jlnfp3zer7xulejywt49kt2rr0vthywaa50xwsqgvmsa3c3ecl7edwqjvezvjcrwqs3ypy0gdesfvg
1,0.9945823199070808,HIGH_CONFIDENCE_PCA3,ckb1qzda0cr08m85hc8jlnfp3zer7xulejywt49kt2rr0vthywaa50xwsqgvqj4l72jsc6mve69s24ggznk7vf09dpsgdszvp
0,1.0,HIGH_CONFIDENCE_PCA3,ckb1qzda0cr08m85hc8jlnfp3zer7xulejywt49kt2rr0vthywaa50xwsqgvs5gksmvyjy2jl746vvnnq5a7nuey9hsz2uudd
1,0.7129672211563497,HIGH_CONFIDENCE_PCA3,ckb1qzda0cr08m85hc8jlnfp3zer7xulejywt49kt2rr0vthywaa50xwsqgw7a8wtdmg4er900svtg4vqn27upcpq4cnd4g7v
0,1.0,HIGH_CONFIDENCE_PCA3,ckb1qzda0cr08m85hc8jlnfp3zer7xulejywt49kt2rr0vthywaa50xwsqgwclc88er2n8s5d5cscywyshz8r3rwr9qla2lgd
1,0.38291123560906937,HIGH_CONFIDENCE_PCA3,ckb1qzda0cr08m85hc8jlnfp3zer7xulejywt49kt2rr0vthywaa50xwsqgwfecefxhhy7jtetnnf835cc6pc4hup2g3047fh
0,0.243274569404957,HIGH_CONFIDENCE_PCA3,ckb1qzda0cr08m85hc8jlnfp3zer7xulejywt49kt2rr0vthywaa50xwsqgwum3jcpnajgd4teaa2zezc99pwfl3sug4xfx7f
1,1.0,HIGH_CONFIDENCE_PCA3,ckb1qzda0cr08m85hc8jlnfp3zer7xulejywt49kt2rr0vthywaa50xwsqgxe3ru50ecjjruz4tymv759ztsdff7lxq74umg9
1,0.8383201644670683,HIGH_CONFIDENCE_PCA3,ckb1qzda0cr08m85hc8jlnfp3zer7xulejywt49kt2rr0vthywaa50xwsqgyc38gxchqxq76zu6enhvgp5mdsgv8e7gzp680x
1,0.4891874731874385,HIGH_CONFIDENCE_PCA3,ckb1qzda0cr08m85hc8jlnfp3zer7xulejywt49kt2rr0vthywaa50xwsqgygj0n7vv7vk6ejt4d23yp87v5fe5352sv3hvfw
1,0.3247674717043815,HIGH_CONFIDENCE_PCA3,ckb1qzda0cr08m85hc8jlnfp3zer7xulejywt49kt2rr0vthywaa50xwsqgzgak4nyyfjzlcnx6lel86kkl9wmn8cmqg5mv52
1,1.0,HIGH_CONFIDENCE_PCA3,ckb1qzda0cr08m85hc8jlnfp3zer7xulejywt49kt2rr0vthywaa50xwsqgzku5d6wp53s4ukledn8j8u3t9vjxt7ys9uu00a
1,1.0,HIGH_CONFIDENCE_PCA3,ckb1qzda0cr08m85hc8jlnfp3zer7xulejywt49kt2rr0vthywaa50xwsqgzm5e3yf726rc70mkxfc2y2u4y3w27h6qeazjwx
1,0.814315752644035,HIGH_CONFIDENCE_PCA3,ckb1qzda0cr08m85hc8jlnfp3zer7xulejywt49kt2rr0vthywaa50xwsqgzw9vj0prshmp4pm5jr0t8m4vwf353syqvqfm08
1,1.0,HIGH_CONFIDENCE_PCA3,ckb1qzda0cr08m85hc8jlnfp3zer7xulejywt49kt2rr0vthywaa50xwsqt0ayt9cx3tfx3gdmm9vt4r46tj26aus5q6rpaqf
1,0.4088095240044417,HIGH_CONFIDENCE_PCA3,ckb1qzda0cr08m85hc8jlnfp3zer7xulejywt49kt2rr0vthywaa50xwsqt2dw05dtsdwuhpd9klvtd8kywq7wmjd7c9zwp3d
1,1.0,HIGH_CONFIDENCE_PCA3,ckb1qzda0cr08m85hc8jlnfp3zer7xulejywt49kt2rr0vthywaa50xwsqt2e7jpk20nyyyuwdqmvqk427ql2593nugpqd4pp
1,0.5294898511129348,HIGH_CONFIDENCE_PCA3,ckb1qzda0cr08m85hc8jlnfp3zer7xulejywt49kt2rr0vthywaa50xwsqt2gnkqzr9sm0q9syuahhy9mgu9hx3r5pg74y4jz
1,1.0,HIGH_CONFIDENCE_PCA3,ckb1qzda0cr08m85hc8jlnfp3zer7xulejywt49kt2rr0vthywaa50xwsqt2hf4pt58qrvnfk02tyhq2pe30t209xecsrj2fy
0,0.4719772845775958,HIGH_CONFIDENCE_PCA3,ckb1qzda0cr08m85hc8jlnfp3zer7xulejywt49kt2rr0vthywaa50xwsqt3tqddwnr5xfm52vevcyujfw8nhrr77hc0uppq7
1,0.9886309792485265,HIGH_CONFIDENCE_PCA3,ckb1qzda0cr08m85hc8jlnfp3zer7xulejywt49kt2rr0vthywaa50xwsqt44ntk8mswsuzjtd7e5d4nm5q3akq8ppsvm3kqy
0,1.0,HIGH_CONFIDENCE_PCA3,ckb1qzda0cr08m85hc8jlnfp3zer7xulejywt49kt2rr0vthywaa50xwsqt4m3njt3khypyev79qutpf67rewetpltge0mfds
0,1.0,HIGH_CONFIDENCE_PCA3,ckb1qzda0cr08m85hc8jlnfp3zer7xulejywt49kt2rr0vthywaa50xwsqt4rtfua5eqvmwtyn08y8yycc5lx2wty3qtcxx2a
1,0.3801297447842744,HIGH_CONFIDENCE_PCA3,ckb1qzda0cr08m85hc8jlnfp3zer7xulejywt49kt2rr0vthywaa50xwsqt5ctdrmqm0ay6yk8h9nxh7uy0xu7tm8zs8tvu99
1,0.5889192914839338,HIGH_CONFIDENCE_PCA3,ckb1qzda0cr08m85hc8jlnfp3zer7xulejywt49kt2rr0vthywaa50xwsqt6tazknn3shl6jeynqghajfkmx0uxcsyg49hx74
1,1.0,HIGH_CONFIDENCE_PCA3,ckb1qzda0cr08m85hc8jlnfp3zer7xulejywt49kt2rr0vthywaa50xwsqt77x997v0x3d3m4sxxavmcanlvwn3q0hs4upt05
1,1.0,HIGH_CONFIDENCE_PCA3,ckb1qzda0cr08m85hc8jlnfp3zer7xulejywt49kt2rr0vthywaa50xwsqt7830n3sgc4rvmu4vym50snrq0f3qjsrgs64u8s
1,0.3276340448945801,HIGH_CONFIDENCE_PCA3,ckb1qzda0cr08m85hc8jlnfp3zer7xulejywt49kt2rr0vthywaa50xwsqt785chmwk9t3w2j3570chwvmwq3l2sxrcvmsm9d
0,1.0,HIGH_CONFIDENCE_PCA3,ckb1qzda0cr08m85hc8jlnfp3zer7xulejywt49kt2rr0vthywaa50xwsqt84rvxyppu7c7zfv6xq50zgv034hdjxmguxeszx
1,1.0,HIGH_CONFIDENCE_PCA3,ckb1qzda0cr08m85hc8jlnfp3zer7xulejywt49kt2rr0vthywaa50xwsqt8ypvjjfwqn6eneekj0ykwyzrr2jnhxfq8t88cr
1,0.8383201644670683,HIGH_CONFIDENCE_PCA3,ckb1qzda0cr08m85hc8jlnfp3zer7xulejywt49kt2rr0vthywaa50xwsqt94xsmh5kjp24djx4y5mpeq0usqthda4cvxxmuk
1,0.7472288231687593,HIGH_CONFIDENCE_PCA3,ckb1qzda0cr08m85hc8jlnfp3zer7xulejywt49kt2rr0vthywaa50xwsqt99g9mrrpztjlg4tfwrnzeczrx6kpwdnqx90acl
1,0.6052115767500563,HIGH_CONFIDENCE_PCA3,ckb1qzda0cr08m85hc8jlnfp3zer7xulejywt49kt2rr0vthywaa50xwsqt9vmtr0jddwrpmpp4tfvvmsmfxt4dvllqkk0arq
1,1.0,HIGH_CONFIDENCE_PCA3,ckb1qzda0cr08m85hc8jlnfp3zer7xulejywt49kt2rr0vthywaa50xwsqtc39e2l04ha5t5fzvupspn49lftrglr8gw99j4e
1,0.36056059804773544,HIGH_CONFIDENCE_PCA3,ckb1qzda0cr08m85hc8jlnfp3zer7xulejywt49kt2rr0vthywaa50xwsqtcj3ytn3vr7ux8twl2esdzhwqklqm5a9qjff8zs
0,0.4719772845775958,HIGH_CONFIDENCE_PCA3,ckb1qzda0cr08m85hc8jlnfp3zer7xulejywt49kt2rr0vthywaa50xwsqtcpq6rsr3xmfz4xnav7vrszp3qwpcv9yg8urgcw
1,0.1525702463678115,HIGH_CONFIDENCE_PCA3,ckb1qzda0cr08m85hc8jlnfp3zer7xulejywt49kt2rr0vthywaa50xwsqtcz03jau3958a7esc84ygpk8vj8ad0njcym245u
0,0.8078140327205628,HIGH_CONFIDENCE_PCA3,ckb1qzda0cr08m85hc8jlnfp3zer7xulejywt49kt2rr0vthywaa50xwsqtd9vhcdxgszckmrhj4em08p4l7g6u877ccyzsy7
1,1.0,HIGH_CONFIDENCE_PCA3,ckb1qzda0cr08m85hc8jlnfp3zer7xulejywt49kt2rr0vthywaa50xwsqtdc7efeq2t3xnqhtp336tfxd9sns8hz4cg3qf4y
1,0.23835644669546724,HIGH_CONFIDENCE_PCA3,ckb1qzda0cr08m85hc8jlnfp3zer7xulejywt49kt2rr0vthywaa50xwsqtdjy59w688e9h3e6spw0ypv7k69nl2h6q3sma2z
0,0.4719772845775958,HIGH_CONFIDENCE_PCA3,ckb1qzda0cr08m85hc8jlnfp3zer7xulejywt49kt2rr0vthywaa50xwsqtdvhzxzyqcqqu3qu548g0yfhyhkn68s0s5tlqdh
1,1.0,HIGH_CONFIDENCE_PCA3,ckb1qzda0cr08m85hc8jlnfp3zer7xulejywt49kt2rr0vthywaa50xwsqtdwr0smrhh7h0pnkg2yve4ux7mfk3k9nswdj2s2
1,0.7734261477831141,HIGH_CONFIDENCE_PCA3,ckb1qzda0cr08m85hc8jlnfp3zer7xulejywt49kt2rr0vthywaa50xwsqte8ruahspqmzkwmeuae4v5yymsg8r9r7spk8h0y
0,0.5148290133941681,HIGH_CONFIDENCE_PCA3,ckb1qzda0cr08m85hc8jlnfp3zer7xulejywt49kt2rr0vthywaa50xwsqtefa8zf5x0lltkreu77zv5830nwkld24gwljv3p
1,1.0,HIGH_CONFIDENCE_PCA3,ckb1qzda0cr08m85hc8jlnfp3zer7xulejywt49kt2rr0vthywaa50xwsqteuhr80vfws6en6ju03huzvp3xh9z0juqelhgxu
1,0.6302188041822692,HIGH_CONFIDENCE_PCA3,ckb1qzda0cr08m85hc8jlnfp3zer7xulejywt49kt2rr0vthywaa50xwsqtf8pf9tn3xzl0pjnwpyp49nqyazx5rwts7a7d5z
1,1.0,HIGH_CONFIDENCE_PCA3,ckb1qzda0cr08m85hc8jlnfp3zer7xulejywt49kt2rr0vthywaa50xwsqtfs070fqhspjhhzf0l5d2hrpd5hjvzmkgh8p6j2
1,1.0,HIGH_CONFIDENCE_PCA3,ckb1qzda0cr08m85hc8jlnfp3zer7xulejywt49kt2rr0vthywaa50xwsqtg2eyp82x7jqlmy9ggy6nwp4kf3nzzkpqfgp859
1,1.0,HIGH_CONFIDENCE_PCA3,ckb1qzda0cr08m85hc8jlnfp3zer7xulejywt49kt2rr0vthywaa50xwsqtg608sukx6zv02svdu0hm3304fxhfrfzqvaphhu
1,1.0,HIGH_CONFIDENCE_PCA3,ckb1qzda0cr08m85hc8jlnfp3zer7xulejywt49kt2rr0vthywaa50xwsqtgcug2zyn96tlrk38uespknjpm9kje90cuwuc97
1,0.6356959672410024,HIGH_CONFIDENCE_PCA3,ckb1qzda0cr08m85hc8jlnfp3zer7xulejywt49kt2rr0vthywaa50xwsqtkpvummtxgqsj3c4hjzz72atds4jf8zcsyp90ve
1,0.8367488416283407,HIGH_CONFIDENCE_PCA3,ckb1qzda0cr08m85hc8jlnfp3zer7xulejywt49kt2rr0vthywaa50xwsqtl60mlnd8498tpqyfu5yud3fsrt5ndptc80xq2q
1,0.37625656290019377,HIGH_CONFIDENCE_PCA3,ckb1qzda0cr08m85hc8jlnfp3zer7xulejywt49kt2rr0vthywaa50xwsqtlpgc29k57ufndd7gpm2jjvpwc2hqygjgtf54lg
1,0.6049055763575886,HIGH_CONFIDENCE_PCA3,ckb1qzda0cr08m85hc8jlnfp3zer7xulejywt49kt2rr0vthywaa50xwsqtmf2ge3pt50a67vdmwsj8l8rf6px43vxg098nyj
1,0.45478378370719075,HIGH_CONFIDENCE_PCA3,ckb1qzda0cr08m85hc8jlnfp3zer7xulejywt49kt2rr0vthywaa50xwsqtnlh5nyt9d4rw4nn753ty8g9vuwxemmhgxqc6ug
1,0.6244573901760627,HIGH_CONFIDENCE_PCA3,ckb1qzda0cr08m85hc8jlnfp3zer7xulejywt49kt2rr0vthywaa50xwsqtq43kkkjp78arrz5dk9yazecfynnduu5qz9nfxd
1,0.8001140103545442,HIGH_CONFIDENCE_PCA3,ckb1qzda0cr08m85hc8jlnfp3zer7xulejywt49kt2rr0vthywaa50xwsqtq7kfg7m5nzejcjug02mqqklfjea7fykqu7h5nz
1,0.7672537604253592,HIGH_CONFIDENCE_PCA3,ckb1qzda0cr08m85hc8jlnfp3zer7xulejywt49kt2rr0vthywaa50xwsqtr5klxrl240p2jsldlwhd6w3dv7fjj59cp6nkwy
1,0.6113815154972141,HIGH_CONFIDENCE_PCA3,ckb1qzda0cr08m85hc8jlnfp3zer7xulejywt49kt2rr0vthywaa50xwsqtrp6ncuqxwmyp7wfr9uywxyyfs7nvk44sx7ast5
1,0.7205286984317459,HIGH_CONFIDENCE_PCA3,ckb1qzda0cr08m85hc8jlnfp3zer7xulejywt49kt2rr0vthywaa50xwsqtrvtdrcnncgh0vsc6rvsfvl3mk4lrf0hqv5ttla
1,0.8383201644670683,HIGH_CONFIDENCE_PCA3,ckb1qzda0cr08m85hc8jlnfp3zer7xulejywt49kt2rr0vthywaa50xwsqtsqnt3y4hf88rqmpjz3t6aq94z5hzukvcx4papd
0,0.4719772845775958,HIGH_CONFIDENCE_PCA3,ckb1qzda0cr08m85hc8jlnfp3zer7xulejywt49kt2rr0vthywaa50xwsqttkscr3p930542e3zgzj3yujwpak0gq4slpgsny
1,1.0,HIGH_CONFIDENCE_PCA3,ckb1qzda0cr08m85hc8jlnfp3zer7xulejywt49kt2rr0vthywaa50xwsqtuds5922cp4p8zmnerrmqkwvq3358xywcws26ya
0,0.9193454090652453,HIGH_CONFIDENCE_PCA3,ckb1qzda0cr08m85hc8jlnfp3zer7xulejywt49kt2rr0vthywaa50xwsqtvk38dnwm5w9w2txerj53jfjlkwdmx63sacfnev
1,1.0,HIGH_CONFIDENCE_PCA3,ckb1qzda0cr08m85hc8jlnfp3zer7xulejywt49kt2rr0vthywaa50xwsqtxd3nueqkvw2s3xactdp9t0c6axsgmewgweeu7e
0,0.3330088234886075,HIGH_CONFIDENCE_PCA3,ckb1qzda0cr08m85hc8jlnfp3zer7xulejywt49kt2rr0vthywaa50xwsqtxdw8h4yk3jnuln8ktwcdfymeapm6jg7s5pmley
1,1.0,HIGH_CONFIDENCE_PCA3,ckb1qzda0cr08m85hc8jlnfp3zer7xulejywt49kt2rr0vthywaa50xwsqtyedgf3hcmvghz4cmstp7pu7u76x93apgp9rzws
0,0.31963849964182733,HIGH_CONFIDENCE_PCA3,ckb1qzda0cr08m85hc8jlnfp3zer7xulejywt49kt2rr0vthywaa50xwsqtz7rcay08zu2uym7crxxe8dv9aj3thjgs7f3wu2
1,0.6701310831022569,HIGH_CONFIDENCE_PCA3,ckb1qzda0cr08m85hc8jlnfp3zer7xulejywt49kt2rr0vthywaa50xwsqv07sjyn42umzcrg5tr9zvx4mne3ay649s9mszdr
1,0.3881040061590803,HIGH_CONFIDENCE_PCA3,ckb1qzda0cr08m85hc8jlnfp3zer7xulejywt49kt2rr0vthywaa50xwsqv2mxk8gk0kdcqrjee7fdyy4dzjs3c8etq9dlarq
1,0.2316417121086171,HIGH_CONFIDENCE_PCA3,ckb1qzda0cr08m85hc8jlnfp3zer7xulejywt49kt2rr0vthywaa50xwsqv3zjwlrxn8vk53c4d9a8ksecf9rj86mfsv8t4pc
1,0.37625656290019377,HIGH_CONFIDENCE_PCA3,ckb1qzda0cr08m85hc8jlnfp3zer7xulejywt49kt2rr0vthywaa50xwsqv47n6dc9ay34npwktvlpp5huzjvd07t4qhspqyz
1,0.785003474260809,HIGH_CONFIDENCE_PCA3,ckb1qzda0cr08m85hc8jlnfp3zer7xulejywt49kt2rr0vthywaa50xwsqv52twl330j4d2n858snefzewnuwchku7ql2qas8
1,0.4414351334637834,HIGH_CONFIDENCE_PCA3,ckb1qzda0cr08m85hc8jlnfp3zer7xulejywt49kt2rr0vthywaa50xwsqv5uwm78vrgdrfmd056xn32q9junu3rg2c2we24p
1,1.0,HIGH_CONFIDENCE_PCA3,ckb1qzda0cr08m85hc8jlnfp3zer7xulejywt49kt2rr0vthywaa50xwsqv5xn32cdl2t82kswqnrf27q6c4fzv5l2g22mhle
1,1.0,HIGH_CONFIDENCE_PCA3,ckb1qzda0cr08m85hc8jlnfp3zer7xulejywt49kt2rr0vthywaa50xwsqv7ayqjm88s60nm3gf56q55y578uw2weqgfx02sw
1,0.5901006207559301,HIGH_CONFIDENCE_PCA3,ckb1qzda0cr08m85hc8jlnfp3zer7xulejywt49kt2rr0vthywaa50xwsqv8mt7uj0ynsd25vlufex6xm5czh04nglsd68gcc
1,0.878053779687922,HIGH_CONFIDENCE_PCA3,ckb1qzda0cr08m85hc8jlnfp3zer7xulejywt49kt2rr0vthywaa50xwsqv8yreznvv7falyl3sk08l74zh6aj9u9hsrpfysy
0,0.31963849964182733,HIGH_CONFIDENCE_PCA3,ckb1qzda0cr08m85hc8jlnfp3zer7xulejywt49kt2rr0vthywaa50xwsqv98zwvdlfvcwhppy75jcs0u8566vupxzs735ggx
1,0.573503641394265,HIGH_CONFIDENCE_PCA3,ckb1qzda0cr08m85hc8jlnfp3zer7xulejywt49kt2rr0vthywaa50xwsqv9hhmy8u8z5xeay9r56pp3akjdmmannxqx3n837
0,0.2646278040031601,HIGH_CONFIDENCE_PCA3,ckb1qzda0cr08m85hc8jlnfp3zer7xulejywt49kt2rr0vthywaa50xwsqvde0h8xdeqmmvrxqsjqf8pl9kjltjsupsfxlpgt
0,0.3820148051483418,HIGH_CONFIDENCE_PCA3,ckb1qzda0cr08m85hc8jlnfp3zer7xulejywt49kt2rr0vthywaa50xwsqvdsgte9pkmratzhwchaanuuvhvmd3pp9cfvddsg
0,0.4719772845775958,HIGH_CONFIDENCE_PCA3,ckb1qzda0cr08m85hc8jlnfp3zer7xulejywt49kt2rr0vthywaa50xwsqvdu4tnf9uueqjdd4k57c8hh5g458jlvlsk90qe4
1,0.6302188041822692,HIGH_CONFIDENCE_PCA3,ckb1qzda0cr08m85hc8jlnfp3zer7xulejywt49kt2rr0vthywaa50xwsqvdu6azqm97z3nfv9r2zs0q9m9jedf4z0qllxwrl
1,1.0,HIGH_CONFIDENCE_PCA3,ckb1qzda0cr08m85hc8jlnfp3zer7xulejywt49kt2rr0vthywaa50xwsqvh639mn84vea2mr46k5rqrvfq6zg6h4mqaxt69f
0,1.0,HIGH_CONFIDENCE_PCA3,ckb1qzda0cr08m85hc8jlnfp3zer7xulejywt49kt2rr0vthywaa50xwsqvhl5ywzxe4tpun3frshvq34p7rlh356sq0sx2vd
0,0.36085624854339127,HIGH_CONFIDENCE_PCA3,ckb1qzda0cr08m85hc8jlnfp3zer7xulejywt49kt2rr0vthywaa50xwsqvjpnzdqgz2pqdmn72qmm3wus9je59wheqangdzf
1,0.6189912338652385,HIGH_CONFIDENCE_PCA3,ckb1qzda0cr08m85hc8jlnfp3zer7xulejywt49kt2rr0vthywaa50xwsqvjvfddqll5qztlccn06gs02ske0yc68esgdkxfp
1,0.6601241426432806,HIGH_CONFIDENCE_PCA3,ckb1qzda0cr08m85hc8jlnfp3zer7xulejywt49kt2rr0vthywaa50xwsqvkdvwnt7g07cavxzwdpc6rhyz9dpje6zgyldedd
1,1.0,HIGH_CONFIDENCE_PCA3,ckb1qzda0cr08m85hc8jlnfp3zer7xulejywt49kt2rr0vthywaa50xwsqvknttjvpk89lj2c9ykxvethuaft52j3fs9df6l3
1,0.7450402159862604,HIGH_CONFIDENCE_PCA3,ckb1qzda0cr08m85hc8jlnfp3zer7xulejywt49kt2rr0vthywaa50xwsqvkt2ql6y7gdn7dsh0txtwkluf8n57tadgdmaj8h
1,0.5193582882761397,HIGH_CONFIDENCE_PCA3,ckb1qzda0cr08m85hc8jlnfp3zer7xulejywt49kt2rr0vthywaa50xwsqvkxl5y7fzw25kenl7zsh5u5f8yjww5juc69llx3
0,0.4719772845775958,HIGH_CONFIDENCE_PCA3,ckb1qzda0cr08m85hc8jlnfp3zer7xulejywt49kt2rr0vthywaa50xwsqvmmkpv65ayqg2c6ezrf2644lcfqe4vjng0qv493
1,1.0,HIGH_CONFIDENCE_PCA3,ckb1qzda0cr08m85hc8jlnfp3zer7xulejywt49kt2rr0vthywaa50xwsqvn87j7a9sndal6f0rv6ny34z7s7mcvypg5qhygq
1,1.0,HIGH_CONFIDENCE_PCA3,ckb1qzda0cr08m85hc8jlnfp3zer7xulejywt49kt2rr0vthywaa50xwsqvq6ve8a90spwj33sdl7rtus9w5e0an4cc83el7m
1,1.0,HIGH_CONFIDENCE_PCA3,ckb1qzda0cr08m85hc8jlnfp3zer7xulejywt49kt2rr0vthywaa50xwsqvqt5lc9tlz527sfaf9k75eec0p3hf5epqqkr4vs
1,0.6179336283833561,HIGH_CONFIDENCE_PCA3,ckb1qzda0cr08m85hc8jlnfp3zer7xulejywt49kt2rr0vthywaa50xwsqvtd053tgl4c6dcn4qe70nvyygkmh2llwgesskle
1,0.5897229898848909,HIGH_CONFIDENCE_PCA3,ckb1qzda0cr08m85hc8jlnfp3zer7xulejywt49kt2rr0vthywaa50xwsqvtfx52pmwvmnlxc89ahpga6w6rk8r69xgmnsu28
1,0.6517127178473071,HIGH_CONFIDENCE_PCA3,ckb1qzda0cr08m85hc8jlnfp3zer7xulejywt49kt2rr0vthywaa50xwsqvu4vva27ejspmqt30kg7zld29xznhxvwc5zpfpf
1,0.49778344994668605,HIGH_CONFIDENCE_PCA3,ckb1qzda0cr08m85hc8jlnfp3zer7xulejywt49kt2rr0vthywaa50xwsqvuh8nmuphsgaua6g0usmlknkk98gu4lhcmpyhsp
1,1.0,HIGH_CONFIDENCE_PCA3,ckb1qzda0cr08m85hc8jlnfp3zer7xulejywt49kt2rr0vthywaa50xwsqvva6zmstttmwvat2uw3k057rgnv5t3hts4vk7tv
1,0.8383201644670683,HIGH_CONFIDENCE_PCA3,ckb1qzda0cr08m85hc8jlnfp3zer7xulejywt49kt2rr0vthywaa50xwsqvwl42mn75qtakq62dsx96gtfy76rdchhsd37u49
1,0.9643985917358149,HIGH_CONFIDENCE_PCA3,ckb1qzda0cr08m85hc8jlnfp3zer7xulejywt49kt2rr0vthywaa50xwsqvwwjyy2ue6h3cg9yf6k07c4u5mlsep05s3evt90
1,0.615396290274994,HIGH_CONFIDENCE_PCA3,ckb1qzda0cr08m85hc8jlnfp3zer7xulejywt49kt2rr0vthywaa50xwsqvx0mstg9aqgrgvsqnrqd4ekwcthk0pfpqkaq02f
1,0.5949280145428492,HIGH_CONFIDENCE_PCA3,ckb1qzda0cr08m85hc8jlnfp3zer7xulejywt49kt2rr0vthywaa50xwsqvxfn4dw95uwpq972rjvvkzc44c0hxltkghsrja0
1,1.0,HIGH_CONFIDENCE_PCA3,ckb1qzda0cr08m85hc8jlnfp3zer7xulejywt49kt2rr0vthywaa50xwsqvy6p5scn5xvswncwlzpfhap4prkxracucm68kwj
1,0.8748883206128201,HIGH_CONFIDENCE_PCA3,ckb1qzda0cr08m85hc8jlnfp3zer7xulejywt49kt2rr0vthywaa50xwsqvy7kcd79as6em28rtmg777va2j349a3ycz75qyg
1,0.5401755622011025,HIGH_CONFIDENCE_PCA3,ckb1qzda0cr08m85hc8jlnfp3zer7xulejywt49kt2rr0vthywaa50xwsqvyeguxz4y45vydqtdrvz6xz43tlcdc7acjhkesk
1,0.3328087283664845,HIGH_CONFIDENCE_PCA3,ckb1qzda0cr08m85hc8jlnfp3zer7xulejywt49kt2rr0vthywaa50xwsqvzfcj3jtlhzyuu4s5frtv9d3r7mexqhnclvhwkr
1,0.3515280390511552,HIGH_CONFIDENCE_PCA3,ckb1qzda0cr08m85hc8jlnfp3zer7xulejywt49kt2rr0vthywaa50xwsqw0dr0ghl76nf5xkw6lx0lxm032kw2jwwq6lnmhx
1,0.6517127178473071,HIGH_CONFIDENCE_PCA3,ckb1qzda0cr08m85hc8jlnfp3zer7xulejywt49kt2rr0vthywaa50xwsqw0kyehc00l04ru5dldfhhtalx43fe9ppsdzgzgz
1,1.0,HIGH_CONFIDENCE_PCA3,ckb1qzda0cr08m85hc8jlnfp3zer7xulejywt49kt2rr0vthywaa50xwsqw20ylwscm8q35fdgh6vvl0mjpmg4p3macchmmr6
1,0.8727018744906434,HIGH_CONFIDENCE_PCA3,ckb1qzda0cr08m85hc8jlnfp3zer7xulejywt49kt2rr0vthywaa50xwsqw2qmgk7tphggddk6mavjxzxhlaguum7ds7c7t8q
1,0.8334023547047769,HIGH_CONFIDENCE_PCA3,ckb1qzda0cr08m85hc8jlnfp3zer7xulejywt49kt2rr0vthywaa50xwsqw4klymd5zxdtersxfu8wafdq803fudg7qpp9dz7
1,0.5567997895851651,HIGH_CONFIDENCE_PCA3,ckb1qzda0cr08m85hc8jlnfp3zer7xulejywt49kt2rr0vthywaa50xwsqw4xpk4t3688duglxp0xvupwfj9u4y20rc5xvtlj
1,0.5861457121230514,HIGH_CONFIDENCE_PCA3,ckb1qzda0cr08m85hc8jlnfp3zer7xulejywt49kt2rr0vthywaa50xwsqw5pyla7y2d5y6dy2jxlj03c4p76ahmnhc0j4ars
1,1.0,HIGH_CONFIDENCE_PCA3,ckb1qzda0cr08m85hc8jlnfp3zer7xulejywt49kt2rr0vthywaa50xwsqw5rj262huu0sgcnq38shahvee2qpuuvtg8rve95
1,1.0,HIGH_CONFIDENCE_PCA3,ckb1qzda0cr08m85hc8jlnfp3zer7xulejywt49kt2rr0vthywaa50xwsqw6hjwylgj9pw0ae8pw0ctke60jpqw6f6slep8r3
1,0.7527279999781101,HIGH_CONFIDENCE_PCA3,ckb1qzda0cr08m85hc8jlnfp3zer7xulejywt49kt2rr0vthywaa50xwsqw6sushnyawdllx7u6pgsf6vdtv90d3v2c6scl6v
1,0.8001140103545442,HIGH_CONFIDENCE_PCA3,ckb1qzda0cr08m85hc8jlnfp3zer7xulejywt49kt2rr0vthywaa50xwsqw76vqq45434vph49vkxl406cp95886x2g79zp4d
1,1.0,HIGH_CONFIDENCE_PCA3,ckb1qzda0cr08m85hc8jlnfp3zer7xulejywt49kt2rr0vthywaa50xwsqw7fspuj5ny44ce32pp8lvgjqw90uekrjcg8usv9
1,1.0,HIGH_CONFIDENCE_PCA3,ckb1qzda0cr08m85hc8jlnfp3zer7xulejywt49kt2rr0vthywaa50xwsqw827vkp4zln5plmzzktcymdr0ec8aqhpc4sr8d5
0,0.2954297030454614,HIGH_CONFIDENCE_PCA3,ckb1qzda0cr08m85hc8jlnfp3zer7xulejywt49kt2rr0vthywaa50xwsqw8sae6fd5sruyeewfc82gs6epxav9tapqsgphme
1,0.3971481933434872,HIGH_CONFIDENCE_PCA3,ckb1qzda0cr08m85hc8jlnfp3zer7xulejywt49kt2rr0vthywaa50xwsqw973g6gzfxn2yh804xl67mpf888tlagkqzh4v47
1,1.0,HIGH_CONFIDENCE_PCA3,ckb1qzda0cr08m85hc8jlnfp3zer7xulejywt49kt2rr0vthywaa50xwsqw9cxywse038q9496gt72efccm2jf0lygs5fcq86
1,1.0,HIGH_CONFIDENCE_PCA3,ckb1qzda0cr08m85hc8jlnfp3zer7xulejywt49kt2rr0vthywaa50xwsqw9eyh2qqwkzdmu5xlwkc4lhfx6zsmh0ssed8wsm
1,0.751870759722896,HIGH_CONFIDENCE_PCA3,ckb1qzda0cr08m85hc8jlnfp3zer7xulejywt49kt2rr0vthywaa50xwsqw9qsdmw4sh8288hp9rg6rzv0zjnlq2ujs3mez8t
1,0.40284456995887136,HIGH_CONFIDENCE_PCA3,ckb1qzda0cr08m85hc8jlnfp3zer7xulejywt49kt2rr0vthywaa50xwsqw9t5zng6xx58m2nha3lw65da4tsdntkqcxt2q9p
1,0.9192615850278916,HIGH_CONFIDENCE_PCA3,ckb1qzda0cr08m85hc8jlnfp3zer7xulejywt49kt2rr0vthywaa50xwsqwau96q6673hp5t3ncxypt85vrlv3ldvmchs7tt3
0,0.4719772845775958,HIGH_CONFIDENCE_PCA3,ckb1qzda0cr08m85hc8jlnfp3zer7xulejywt49kt2rr0vthywaa50xwsqwd9wdqn3udclk6u86ed8glq7ep4gs2l6c4cwthv
1,0.6981284452433117,HIGH_CONFIDENCE_PCA3,ckb1qzda0cr08m85hc8jlnfp3zer7xulejywt49kt2rr0vthywaa50xwsqwda7qe8d78vuwpx20spzsuvtj92eulcagjenqnt
1,0.23411140295953778,HIGH_CONFIDENCE_PCA3,ckb1qzda0cr08m85hc8jlnfp3zer7xulejywt49kt2rr0vthywaa50xwsqwdr5q4rwruykhehd8hn6gxh892wtmdprcw3h3ce
1,1.0,HIGH_CONFIDENCE_PCA3,ckb1qzda0cr08m85hc8jlnfp3zer7xulejywt49kt2rr0vthywaa50xwsqwe92am9fu642zn6fjv7xp9u27e9afey2ce26d2t
0,0.27796381280816373,HIGH_CONFIDENCE_PCA3,ckb1qzda0cr08m85hc8jlnfp3zer7xulejywt49kt2rr0vthywaa50xwsqweaz0wqm6d5wzkyt2jay4ayx22vgxu6ys67s4w2
1,0.5403835027804252,HIGH_CONFIDENCE_PCA3,ckb1qzda0cr08m85hc8jlnfp3zer7xulejywt49kt2rr0vthywaa50xwsqwg4vuyxa8u6yekv7n3vevs5xj6mzn5rxgeudapp
1,0.9813612476899384,HIGH_CONFIDENCE_PCA3,ckb1qzda0cr08m85hc8jlnfp3zer7xulejywt49kt2rr0vthywaa50xwsqwh8cgh37vm79za0w7h9wc36rvkcucyaag3pg77j
1,0.43671555324915917,HIGH_CONFIDENCE_PCA3,ckb1qzda0cr08m85hc8jlnfp3zer7xulejywt49kt2rr0vthywaa50xwsqwhygetaaapeuwf7z4tftxkukdu6svw6qg2qajmg
0,1.0,HIGH_CONFIDENCE_PCA3,ckb1qzda0cr08m85hc8jlnfp3zer7xulejywt49kt2rr0vthywaa50xwsqwj5mah4ck3m7dkusnwpgyhmzf6zaaahpqzjwzns
1,0.8001140103545442,HIGH_CONFIDENCE_PCA3,ckb1qzda0cr08m85hc8jlnfp3zer7xulejywt49kt2rr0vthywaa50xwsqwjeupgccqe3mp2wzajp975muw56rxfzysgzn7cd
1,0.6640913664631354,HIGH_CONFIDENCE_PCA3,ckb1qzda0cr08m85hc8jlnfp3zer7xulejywt49kt2rr0vthywaa50xwsqwjhnuyhphnp99ysnl09ht9e3x2kh8s8acgdjpg3
1,1.0,HIGH_CONFIDENCE_PCA3,ckb1qzda0cr08m85hc8jlnfp3zer7xulejywt49kt2rr0vthywaa50xwsqwjhry2dvdzmftxqrsrwf04mjw3ah8hhjqh9zh7y
1,0.8845154360115514,HIGH_CONFIDENCE_PCA3,ckb1qzda0cr08m85hc8jlnfp3zer7xulejywt49kt2rr0vthywaa50xwsqwkp3rnla6nr3al235xz3kmr3c8s0v3kngg0vdcv
1,0.47829859476756553,HIGH_CONFIDENCE_PCA3,ckb1qzda0cr08m85hc8jlnfp3zer7xulejywt49kt2rr0vthywaa50xwsqwlkxpk8rnrzz2nhuswk2kzvempzsz2zjgwxnwny
1,1.0,HIGH_CONFIDENCE_PCA3,ckb1qzda0cr08m85hc8jlnfp3zer7xulejywt49kt2rr0vthywaa50xwsqwmrpzfvvj8mckknp5m5rkt8cd5hy2vhgq24t8sv
1,0.6250623369621675,HIGH_CONFIDENCE_PCA3,ckb1qzda0cr08m85hc8jlnfp3zer7xulejywt49kt2rr0vthywaa50xwsqwn663qcrflxjdlepuaykc4lruvysm9u5cnn299s
1,1.0,HIGH_CONFIDENCE_PCA3,ckb1qzda0cr08m85hc8jlnfp3zer7xulejywt49kt2rr0vthywaa50xwsqwnla5w93964qlqcwaaeessdsk4h5pzkfs2f0ehn
1,0.40355623227239285,HIGH_CONFIDENCE_PCA3,ckb1qzda0cr08m85hc8jlnfp3zer7xulejywt49kt2rr0vthywaa50xwsqwpyugm7a4wtc5tphl0lwzjhcf9fu2l0ksdaezkc
1,1.0,HIGH_CONFIDENCE_PCA3,ckb1qzda0cr08m85hc8jlnfp3zer7xulejywt49kt2rr0vthywaa50xwsqwq5jlc6p7y2g7c59emwef66z5dc02m36sq3vsmj
1,0.9507481690401834,HIGH_CONFIDENCE_PCA3,ckb1qzda0cr08m85hc8jlnfp3zer7xulejywt49kt2rr0vthywaa50xwsqwr3fzgs5ke9hg0gwzu6qhd7kxwj6e7t6sy7j449
0,0.31963849964182733,HIGH_CONFIDENCE_PCA3,ckb1qzda0cr08m85hc8jlnfp3zer7xulejywt49kt2rr0vthywaa50xwsqwr42a6hutw02a36n99zxzk9cdg8epdr4skkl97l
0,1.0,HIGH_CONFIDENCE_PCA3,ckb1qzda0cr08m85hc8jlnfp3zer7xulejywt49kt2rr0vthywaa50xwsqwrcse92s9lm5u09npr6uwhgsr0tk6scdsxn0pul
1,0.3495343424871895,HIGH_CONFIDENCE_PCA3,ckb1qzda0cr08m85hc8jlnfp3zer7xulejywt49kt2rr0vthywaa50xwsqwrn48zffgqgctt2netwvhcdn3pnznxceg9lhd3j
1,0.7170848652661035,HIGH_CONFIDENCE_PCA3,ckb1qzda0cr08m85hc8jlnfp3zer7xulejywt49kt2rr0vthywaa50xwsqwsaytgethft2tx90hfcvmpazn02dmhyacz9xtxp
1,1.0,HIGH_CONFIDENCE_PCA3,ckb1qzda0cr08m85hc8jlnfp3zer7xulejywt49kt2rr0vthywaa50xwsqwtjgqcuyekuh50hv2gp447rx6mwzxvlwgm4j8vz
0,0.31963849964182733,HIGH_CONFIDENCE_PCA3,ckb1qzda0cr08m85hc8jlnfp3zer7xulejywt49kt2rr0vthywaa50xwsqwuuu2n4serlsnuvhxwu0nuhsms76aez0cv7nxdh
0,0.31963849964182733,HIGH_CONFIDENCE_PCA3,ckb1qzda0cr08m85hc8jlnfp3zer7xulejywt49kt2rr0vthywaa50xwsqwvalxcu23ejp75sp0sgg7t6ktdy3dyy3q5czey6
1,1.0,HIGH_CONFIDENCE_PCA3,ckb1qzda0cr08m85hc8jlnfp3zer7xulejywt49kt2rr0vthywaa50xwsqwvhy6a0x57agapj2sh47ll9fpgvp753nshpjjpz
0,0.8271357186382584,HIGH_CONFIDENCE_PCA3,ckb1qzda0cr08m85hc8jlnfp3zer7xulejywt49kt2rr0vthywaa50xwsqwx8ftt5lmk8pt5ux00wvyz5qrswq9uckq3yqc5x
1,1.0,HIGH_CONFIDENCE_PCA3,ckb1qzda0cr08m85hc8jlnfp3zer7xulejywt49kt2rr0vthywaa50xwsqwxdvqk5f5k404wykzsfuu4cjvh4n96zrq9yl6w6
0,0.31963849964182733,HIGH_CONFIDENCE_PCA3,ckb1qzda0cr08m85hc8jlnfp3zer7xulejywt49kt2rr0vthywaa50xwsqwz877ez7j69yehpaxf8fjl4g6cxg59k4cmp9c8s
1,0.4724986022647693,HIGH_CONFIDENCE_PCA3,ckb1qzda0cr08m85hc8jlnfp3zer7xulejywt49kt2rr0vthywaa50xwsqwzcjq4mzexlu6h5mrpldplwt6ht8w7ujcfjltsn
1,0.3236522470500452,HIGH_CONFIDENCE_PCA3,ckb1qzdcr9un5ezx8tkh03s46m9jymh22jruelq8svzr5krj2nx69dhjvqgj8zvgw355fmpvj6qqyaxtary4w9d4cqzrqq9ktcjg
1,0.3572806139518236,HIGH_CONFIDENCE_PCA3,ckb1qzdcr9un5ezx8tkh03s46m9jymh22jruelq8svzr5krj2nx69dhjvqgj99jj9hhu3m95gpncj0zqtt8trplsj44sqqe5d89y
1,0.26234851727189473,HIGH_CONFIDENCE_PCA3,ckb1qzdcr9un5ezx8tkh03s46m9jymh22jruelq8svzr5krj2nx69dhjvqgjn6kfkeu23q74kndpaxw42z77vgat6v86qq6z03rf
1,0.8383201644670683,HIGH_CONFIDENCE_PCA3,ckb1qzdcr9un5ezx8tkh03s46m9jymh22jruelq8svzr5krj2nx69dhjvqgjrdnzrv7tvcd9nrfr7lmqh0gatk7nxy9jqq2yluhf
1,0.7427047357915826,HIGH_CONFIDENCE_PCA3,ckb1qzfhdsa4syv599s2s3nfrctwga70g0tu07n9gpnun9ydlngf5vsnwqg90xpp8x5pye38hetcd6kdgl899qk2arfgq4ucyyu6synxy7l90ph2e4ruu55zet5d9q7s4c2a
1,0.37938926345091273,HIGH_CONFIDENCE_PCA3,ckb1qzfhdsa4syv599s2s3nfrctwga70g0tu07n9gpnun9ydlngf5vsnwqg92falqnnya92lpxwtsy25nuns2hsundmxq4f8huzwvn54tuyeewq32j0jwp27rjdhvcdctkl6
1,0.3998545676825748,HIGH_CONFIDENCE_PCA3,ckb1qzfhdsa4syv599s2s3nfrctwga70g0tu07n9gpnun9ydlngf5vsnwqg939y8pph07lrs6upe8j570llehe5rgjkqqky5suyxalmuwrts8y72nelllxlxsdz2cq2yp3v8
1,0.7262066781285141,HIGH_CONFIDENCE_PCA3,ckb1qzfhdsa4syv599s2s3nfrctwga70g0tu07n9gpnun9ydlngf5vsnwqg94uyxasd2sd0n8e7pl8qv43ps3x28wkpnqkhssmkp42p47vl8c8uupjkyxzyega6cxv63qjzm
1,0.495706832167098,HIGH_CONFIDENCE_PCA3,ckb1qzfhdsa4syv599s2s3nfrctwga70g0tu07n9gpnun9ydlngf5vsnwqg94vapl8vqp48yyrzf9kvvqd6ddjvnlzgqqk4n58uasqx5ussvfyke3sphf4kfj0ufqqg0acwp
1,0.5408623752557883,HIGH_CONFIDENCE_PCA3,ckb1qzfhdsa4syv599s2s3nfrctwga70g0tu07n9gpnun9ydlngf5vsnwqg95gqrcgaw8zpgwmw3frreclfrtsg776gfqk3qq0pr4cug9pmd69yv08raydwprmmfpyn90q6w
1,0.5466754127157125,HIGH_CONFIDENCE_PCA3,ckb1qzfhdsa4syv599s2s3nfrctwga70g0tu07n9gpnun9ydlngf5vsnwqg966wtv7g5pldu9eds69maqxsd2mf9r0wfqhtfednezs8ahsh9krgh05q6p4tdy5daeylqaayk
1,0.363967040289,HIGH_CONFIDENCE_PCA3,ckb1qzfhdsa4syv599s2s3nfrctwga70g0tu07n9gpnun9ydlngf5vsnwqg96cy3mxvy66tmahlt4v9ewah9nj9qs329qhtqj8vesntf00klaw4sh9mkukwg5zz9g5zvla9n
1,0.669032531563903,HIGH_CONFIDENCE_PCA3,ckb1qzfhdsa4syv599s2s3nfrctwga70g0tu07n9gpnun9ydlngf5vsnwqg989xqg8r09h0jjzvcqduwspsx40dsaqxwq5u5cpquduka72gfnqph36qxq64akr5qeclp66q4
1,0.8092448500558284,HIGH_CONFIDENCE_PCA3,ckb1qzfhdsa4syv599s2s3nfrctwga70g0tu07n9gpnun9ydlngf5vsnwqg99y922zqav2vvrqv5n9rgjwrk5xmkhu2yq55s4fggr43f3svpjjv5dzfcw6smw6l3gsnklkev
1,0.3536280000395792,HIGH_CONFIDENCE_PCA3,ckb1qzfhdsa4syv599s2s3nfrctwga70g0tu07n9gpnun9ydlngf5vsnwqg9apm7q2y4u92yz5znq8n4tspl5wpm58mfqh580cpgjhs4gs2s2vq7w4wq873c8wsldy7w2h9l
1,0.8097715306916662,HIGH_CONFIDENCE_PCA3,ckb1qzfhdsa4syv599s2s3nfrctwga70g0tu07n9gpnun9ydlngf5vsnwqg9d2dw93zxz5s6cz9ef0r3e86v8eu9ptewq44f4ckygc2jrtqgh99uw8ylfsl8s5909c03vuqx
0,0.4606470999604151,HIGH_CONFIDENCE_PCA3,ckb1qzfhdsa4syv599s2s3nfrctwga70g0tu07n9gpnun9ydlngf5vsnwqg9d8578luy5wxmq9hqgqkqf0hlc2slmegyq457ncllsj3cmvqkupqzcp97llp2rl09qsf6gpau
1,0.5516356911843402,HIGH_CONFIDENCE_PCA3,ckb1qzfhdsa4syv599s2s3nfrctwga70g0tu07n9gpnun9ydlngf5vsnwqg9dewxvecx99rdppfuw5zdppzkyhh6mmahq4h9cen8qc55d5y9836sf5yy2cj7lt00ku7jdu9g
1,0.6692395460236553,HIGH_CONFIDENCE_PCA3,ckb1qzfhdsa4syv599s2s3nfrctwga70g0tu07n9gpnun9ydlngf5vsnwqg9epk0fesdwvgyqm0snhugdv4sv9scazygqhyxea8xp4e3qsrd7zwl3p4jkpskrr5g3qatxn96
1,0.6691383583095479,HIGH_CONFIDENCE_PCA3,ckb1qzfhdsa4syv599s2s3nfrctwga70g0tu07n9gpnun9ydlngf5vsnwqg9eu7ea9crgq4jcckyy8xtc9tsvmp7dfr9qh8nm85hqdqzktrzcssue0q4wpnv8e4yv5zyyn9r
1,0.6690683095389774,HIGH_CONFIDENCE_PCA3,ckb1qzfhdsa4syv599s2s3nfrctwga70g0tu07n9gpnun9ydlngf5vsnwqg9f27gfvl2w82qaenx7ygdazqwdw9u72vwq49tep9nafcagrhxvmc3ph5gpe4chnef3ce546ng
1,0.8087155181744682,HIGH_CONFIDENCE_PCA3,ckb1qzfhdsa4syv599s2s3nfrctwga70g0tu07n9gpnun9ydlngf5vsnwqg9kjwx8e2juvc2vmlcst8rssrv4j0lxrfkqk6fccl92t3npfn0lzpvuwzqdjkflucdxcurx4r4
1,0.6720948298429082,HIGH_CONFIDENCE_PCA3,ckb1qzfhdsa4syv599s2s3nfrctwga70g0tu07n9gpnun9ydlngf5vsnwqg9krv8c4sraut26xuns26r372lg0s2wnfcqh580cpgjhs4gs2s2vq7w4wq873c8wsldygzwp0z
1,0.6691383721139545,HIGH_CONFIDENCE_PCA3,ckb1qzfhdsa4syv599s2s3nfrctwga70g0tu07n9gpnun9ydlngf5vsnwqg9l7r63jg9j5t36pkf945jdkalgdmheaarqhlc02xfqk23w8gxeykkjfkmhaphwl8h5v5cv94s
1,0.8123662981546506,HIGH_CONFIDENCE_PCA3,ckb1qzfhdsa4syv599s2s3nfrctwga70g0tu07n9gpnun9ydlngf5vsnwqg9ppwdq9xgt6fr7grkwhj6twd3w43hdsh5q5y9e5q5ep0fy0eqwe67tfdek96kxakz7sm9w7mn
1,0.6180369220097941,HIGH_CONFIDENCE_PCA3,ckb1qzfhdsa4syv599s2s3nfrctwga70g0tu07n9gpnun9ydlngf5vsnwqg9rhw8jpwu9z3f40kyqvucsjx9dxdvnjucq5wac7g9ms529x47cspnnzzgc45e4jwtnqr08mrg
1,0.8092447096792234,HIGH_CONFIDENCE_PCA3,ckb1qzfhdsa4syv599s2s3nfrctwga70g0tu07n9gpnun9ydlngf5vsnwqg9slzd7jvhwlruz9jtrx62wpy66cehjgz2qkrufh6fjamu0sgkfvvmffcynttrx7fqfg9yms90
1,0.8092448500558284,HIGH_CONFIDENCE_PCA3,ckb1qzfhdsa4syv599s2s3nfrctwga70g0tu07n9gpnun9ydlngf5vsnwqg9v2an42yr5rxmy7x683wkgmce2a8gswtsq43tkw4gswsvmvncmg796er0r9t5azpewq87pvhs
1,0.7262973530612573,HIGH_CONFIDENCE_PCA3,ckb1qzfhdsa4syv599s2s3nfrctwga70g0tu07n9gpnun9ydlngf5vsnwqg9vjzjm0xkz8frv8u7c644xprsf2q3654lq4jg2tdu6cgaydslnmr2k5cywp9gz82jhul7732h
1,0.6690683237504689,HIGH_CONFIDENCE_PCA3,ckb1qzfhdsa4syv599s2s3nfrctwga70g0tu07n9gpnun9ydlngf5vsnwqg9vqzwej3l7amlg7w4fea6d5apt73pe5z5q4sqfmx28lmh0are6488hfkn5906y8xs2s5cdt5x
1,0.8102954846834377,HIGH_CONFIDENCE_PCA3,ckb1qzfhdsa4syv599s2s3nfrctwga70g0tu07n9gpnun9ydlngf5vsnwqggq7xygka0fffckdwnzn68hgm9h9r3g74xryyq0rzytwh555utxhf3farm5djmj3c502npjc8dplu
1,0.6717207689285641,HIGH_CONFIDENCE_PCA3,ckb1qzfhdsa4syv599s2s3nfrctwga70g0tu07n9gpnun9ydlngf5vsnwqggqlc8fmqp73anzq4x4hm9w42vuvm85n62xsz7salq9z27z4zp2pfsre64cql68qa6ra5s08ms0u
1,0.3222833817105286,HIGH_CONFIDENCE_PCA3,ckb1qzl58smqy32hnrq6vxjedcxe2fugvnz497h7yvwqvwel40uh4rltcqfcnzr5d9zwctyksqp8fjlge9t3tdwqqscw0dlgc
-1,0.0,HIGH_CONFIDENCE_PCA4,ckb1qpl0dc3xe2dr299vwe6e7zc42rnsex4pptlcjyglahevnkqq6ft0wqgw8xxul
-1,0.0,HIGH_CONFIDENCE_PCA4,ckb1qpw9q60tppt7l3j7r09qcp7lxnp3vcanvgha8pmvsa3jplykxn32sqgwvhnrqkx9ka45f2cnc90fy30m3scpupqggwawq
1,0.9133691833841083,HIGH_CONFIDENCE_PCA4,ckb1qq650jd22cuqferm504axlnqztjy0jg6yw8h4fcmrf6nr8c3murquqf4mptuftgkyj3u42mdwj9583pdfzvl6u5cg4qnx88s32fzxpeldkc9daejv92lx2qqqqqqqqqqqqqqqqqqqqqqqqqqqvqsqfnz866tkgcqqqqqqqqqqqqqphzrf9lmyqgqqqqqqqqqqqqqqqq7czxzj
-1,0.0,HIGH_CONFIDENCE_PCA4,ckb1qqcratfhhe0whl8n2pyyw9248r9kyw3x7gmkp80jf0ffvagvzgc8sqgdzm4fw
2,0.3532845229631753,HIGH_CONFIDENCE_PCA4,ckb1qqcz6dvc97r9a097mwdfxc8yq5cw6v4dhrsskshmhecdsvf07l8d7q034hj6qjn294z8gdh63kf30m565mcmkphjxtfee9fly023cx3l8v9w3h7z
2,0.6964013703163492,HIGH_CONFIDENCE_PCA4,ckb1qqcz6dvc97r9a097mwdfxc8yq5cw6v4dhrsskshmhecdsvf07l8d7q245y9mqs3e4l6ycsv4amhgzhzd85ewf59amlnmqmur37uda2c8fuyf2j6v
1,1.0,HIGH_CONFIDENCE_PCA4,ckb1qqcz6dvc97r9a097mwdfxc8yq5cw6v4dhrsskshmhecdsvf07l8d7qd8fdu5vu3fwqfjkscg6umfxczuyh7dd29nwexznhftzvr0znpzygrdjjm7
2,1.0,HIGH_CONFIDENCE_PCA4,ckb1qqcz6dvc97r9a097mwdfxc8yq5cw6v4dhrsskshmhecdsvf07l8d7qf4mvqmuqzfeahs4axptm5en0m3jjndht530kdp0uvxvjr3un0rsvh828t2
2,0.34655125041968765,HIGH_CONFIDENCE_PCA4,ckb1qqcz6dvc97r9a097mwdfxc8yq5cw6v4dhrsskshmhecdsvf07l8d7qfg6grazjdwmf9uzf8deshhr9wsn85w2l66e8d9g7gpz0gveu28zv6pk3z4
2,1.0,HIGH_CONFIDENCE_PCA4,ckb1qqcz6dvc97r9a097mwdfxc8yq5cw6v4dhrsskshmhecdsvf07l8d7qvml6appkndqvveylvggcmfk02vgs76k87eqmctyamkjwc0ppuqf5uvskfx
2,0.4745914481488398,HIGH_CONFIDENCE_PCA4,ckb1qqcz6dvc97r9a097mwdfxc8yq5cw6v4dhrsskshmhecdsvf07l8d7qw3smwpw49khlnp34vzdfg27rsau0fpnx4eq8u6l4fzucydmsjkfy7jfem9
1,0.5199216458328514,HIGH_CONFIDENCE_PCA4,ckb1qqunmue4ncels5qse4j6839yy68h9k27c6cyj7q6j9kxsze3a2dgsqdc96g88lhq0ww27cjlp0j960kqvxlzyyhww4pyhk5ztgzaem7q5s6rs7mt
1,0.5530832183492246,HIGH_CONFIDENCE_PCA4,ckb1qqunmue4ncels5qse4j6839yy68h9k27c6cyj7q6j9kxsze3a2dgsqvcg4qnx88s32fzxpeldkc9daejv92lx2yupu5ahmqkdhwlhm9qksdws8hd
-1,0.0,HIGH_CONFIDENCE_PCA4,ckb1qr2g8yj3vrjzx2evk20szt5rszmmvykhrn6w0xv3ga4khnmpqu6lvqq3u8mhh
2,1.0,HIGH_CONFIDENCE_PCA4,ckb1qrgqep8saj8agswr30pls73hra28ry8jlnlc3ejzh3dl2ju7xxpjxqgqq82w09dxh4f3gl6se95l7k0g3n3wjjsgdstzvp4c
2,0.5441054984104896,HIGH_CONFIDENCE_PCA4,ckb1qrgqep8saj8agswr30pls73hra28ry8jlnlc3ejzh3dl2ju7xxpjxqgqq84zvv7khuuad70n45llzf9p6zahk9680sw2qed8
2,0.3287873112539897,HIGH_CONFIDENCE_PCA4,ckb1qrgqep8saj8agswr30pls73hra28ry8jlnlc3ejzh3dl2ju7xxpjxqgqq8897n3kut095xgled9dpczz0t7hg7w87un0vrnk
1,0.5925681160051227,HIGH_CONFIDENCE_PCA4,ckb1qrgqep8saj8agswr30pls73hra28ry8jlnlc3ejzh3dl2ju7xxpjxqgqq89qeq8sz02jymcmc8nm5qsfmwyxtvqemvnunp36
2,0.3287873112539897,HIGH_CONFIDENCE_PCA4,ckb1qrgqep8saj8agswr30pls73hra28ry8jlnlc3ejzh3dl2ju7xxpjxqgqq89s0k62mh0xf6hn8cc20wunuarrumudx5nwq9uk
2,0.39542989358062974,HIGH_CONFIDENCE_PCA4,ckb1qrgqep8saj8agswr30pls73hra28ry8jlnlc3ejzh3dl2ju7xxpjxqgqq8crqpcx3nq9p23h8ep5zzpga67ygfd73scdttd5
-1,0.0,HIGH_CONFIDENCE_PCA4,ckb1qrgqep8saj8agswr30pls73hra28ry8jlnlc3ejzh3dl2ju7xxpjxqgqq8gauytada8x688zt0makt3pjmdaad6u8uym77ef
0,1.0,HIGH_CONFIDENCE_PCA4,ckb1qrgqep8saj8agswr30pls73hra28ry8jlnlc3ejzh3dl2ju7xxpjxqgqq8hrnm86uy32m0wv24eqwyvl4crudtnc3yu82y8n
2,0.2859790057579647,HIGH_CONFIDENCE_PCA4,ckb1qrgqep8saj8agswr30pls73hra28ry8jlnlc3ejzh3dl2ju7xxpjxqgqq8jjta82sj7lcz5ewruppmfrrvtg9nh4vvg5klxg
-1,0.0,HIGH_CONFIDENCE_PCA4,ckb1qrgqep8saj8agswr30pls73hra28ry8jlnlc3ejzh3dl2ju7xxpjxqgqq8kwzq44p8ap4zclfc3vfgw5uxqqnegf0u7t0l86
2,0.3287873112539897,HIGH_CONFIDENCE_PCA4,ckb1qrgqep8saj8agswr30pls73hra28ry8jlnlc3ejzh3dl2ju7xxpjxqgqq8t3pqdfg3rnsqe8vgv93d49evdzkvpxcce0ml7v
1,0.519259868931192,HIGH_CONFIDENCE_PCA4,ckb1qrgqep8saj8agswr30pls73hra28ry8jlnlc3ejzh3dl2ju7xxpjxqgqq92dx9xep8pwxacajpvvlcj4j7tlk9uhng4j74ms
-1,0.0,HIGH_CONFIDENCE_PCA4,ckb1qrgqep8saj8agswr30pls73hra28ry8jlnlc3ejzh3dl2ju7xxpjxqgqq94q52uky0frd8sge5jnfwnm89zclmrg35ltra3y
2,0.3287873112539897,HIGH_CONFIDENCE_PCA4,ckb1qrgqep8saj8agswr30pls73hra28ry8jlnlc3ejzh3dl2ju7xxpjxqgqq97nlhckh68mupdw9w33xhp4hedejskhxs9ef2y4
2,1.0,HIGH_CONFIDENCE_PCA4,ckb1qrgqep8saj8agswr30pls73hra28ry8jlnlc3ejzh3dl2ju7xxpjxqgqq9ef4udwfyuwywlsqwy08wpapagss8ej8yxj50cr
2,0.8304987505753059,HIGH_CONFIDENCE_PCA4,ckb1qrgqep8saj8agswr30pls73hra28ry8jlnlc3ejzh3dl2ju7xxpjxqgqq9fmlyjt4ydumr7u27ltfz3vjfj2s2hgmgwc8awk
2,0.3287873112539897,HIGH_CONFIDENCE_PCA4,ckb1qrgqep8saj8agswr30pls73hra28ry8jlnlc3ejzh3dl2ju7xxpjxqgqq9fz7cfu5xla5nd3ay686gm2ajnzh89h8c48k7uz
2,0.4313447267512972,HIGH_CONFIDENCE_PCA4,ckb1qrgqep8saj8agswr30pls73hra28ry8jlnlc3ejzh3dl2ju7xxpjxqgqq9m8eyncfhezf8s68djzwk5f9yjgwc6frqej2wsh
1,0.5850004293783211,HIGH_CONFIDENCE_PCA4,ckb1qrgqep8saj8agswr30pls73hra28ry8jlnlc3ejzh3dl2ju7xxpjxqgqq9xtegwt8nftvp2sjp83djfqela8e8uxdcxz9a3g
2,0.9108786208424653,HIGH_CONFIDENCE_PCA4,ckb1qrgqep8saj8agswr30pls73hra28ry8jlnlc3ejzh3dl2ju7xxpjxqgqqx0f0kn59zeww42ufe72s3zp843zjtm70qknllc8
2,0.5009715526858582,HIGH_CONFIDENCE_PCA4,ckb1qrgqep8saj8agswr30pls73hra28ry8jlnlc3ejzh3dl2ju7xxpjxqgqqx8ced038s4z2vxfkqu7jzdcqs7q6qhxjqxupv3g
2,0.6980019416267991,HIGH_CONFIDENCE_PCA4,ckb1qrgqep8saj8agswr30pls73hra28ry8jlnlc3ejzh3dl2ju7xxpjxqgqqxamnrpernhha9nsyus0k6f8a6ays6t0cusm37pn
2,0.5706206596298603,HIGH_CONFIDENCE_PCA4,ckb1qrgqep8saj8agswr30pls73hra28ry8jlnlc3ejzh3dl2ju7xxpjxqgqqxeawela8galsacxfd7d4xaymhy9jpmqeqyruqve
2,0.6185722322095146,HIGH_CONFIDENCE_PCA4,ckb1qrgqep8saj8agswr30pls73hra28ry8jlnlc3ejzh3dl2ju7xxpjxqgqqxmkl3lngrcklwa8grdc8ja6n4s40pu4sc0w0aln
2,0.3287873112539897,HIGH_CONFIDENCE_PCA4,ckb1qrgqep8saj8agswr30pls73hra28ry8jlnlc3ejzh3dl2ju7xxpjxqgqqxvxkq3zapxvyv6qktfyhq84puycg59s2q0smpl6
2,0.3287873112539897,HIGH_CONFIDENCE_PCA4,ckb1qrgqep8saj8agswr30pls73hra28ry8jlnlc3ejzh3dl2ju7xxpjxqgqqy5z928yw33t5enjqglmeq7w23dk99q7qvm3yvlr
2,0.3287873112539897,HIGH_CONFIDENCE_PCA4,ckb1qrgqep8saj8agswr30pls73hra28ry8jlnlc3ejzh3dl2ju7xxpjxqgqqydhfg585sfcxu5gpaqs5sme8rn30c5yagaawuq2
2,0.38708853212286504,HIGH_CONFIDENCE_PCA4,ckb1qrgqep8saj8agswr30pls73hra28ry8jlnlc3ejzh3dl2ju7xxpjxqgqqygpfd4a3nnel8tg9ntkwayy9hx537qf4yyyg3v0
-1,0.0,HIGH_CONFIDENCE_PCA4,ckb1qrgqep8saj8agswr30pls73hra28ry8jlnlc3ejzh3dl2ju7xxpjxqgqqyjw0y2p7ahcysl4qhq97x60svqn29492qpkvy2s
-1,0.0,HIGH_CONFIDENCE_PCA4,ckb1qrgqep8saj8agswr30pls73hra28ry8jlnlc3ejzh3dl2ju7xxpjxqgqqyknjsdgjmz9a475mzuledqlm82yujj4vu8xllec
2,0.3287873112539897,HIGH_CONFIDENCE_PCA4,ckb1qrgqep8saj8agswr30pls73hra28ry8jlnlc3ejzh3dl2ju7xxpjxqgqqym5d4n465eu93tdcz5sycepdkatjahp9uwdcpfy
2,0.3287873112539897,HIGH_CONFIDENCE_PCA4,ckb1qrgqep8saj8agswr30pls73hra28ry8jlnlc3ejzh3dl2ju7xxpjxqgqqymvu6d289ggsyudpamr4g6ayz62gpp34qzy30vs
2,0.3287873112539897,HIGH_CONFIDENCE_PCA4,ckb1qrgqep8saj8agswr30pls73hra28ry8jlnlc3ejzh3dl2ju7xxpjxqgqqytevmf523qgwexunz0pf59ysl6dvxvvusuft43p
2,1.0,HIGH_CONFIDENCE_PCA4,ckb1qrj9k8u0yxllyvfhqddr4d636adnd2vpmmkru7pqr99ecppfvl60zq2jdhmvxjtkj8fx84gevn93j5eyc2xtgmg63glfg
2,1.0,HIGH_CONFIDENCE_PCA4,ckb1qrj9k8u0yxllyvfhqddr4d636adnd2vpmmkru7pqr99ecppfvl60zqfd4pj6za0jzhxvsk960aw4ylu48hmrtjq8ec8zj
2,1.0,HIGH_CONFIDENCE_PCA4,ckb1qrj9k8u0yxllyvfhqddr4d636adnd2vpmmkru7pqr99ecppfvl60zqfuh3ru2j5lmm6cl4tt7dqme28545t9yzsyhsyzg
2,1.0,HIGH_CONFIDENCE_PCA4,ckb1qrj9k8u0yxllyvfhqddr4d636adnd2vpmmkru7pqr99ecppfvl60zqgjydsp6tgswnf7rg5u2j2v20cvcm55dygutu3en
2,0.5974043268424682,HIGH_CONFIDENCE_PCA4,ckb1qrlh3whq40ch67jqfs97p7ddnjgctvlc3hxxqsp5202m4rslyt6n5qh3068szf235yxw9c3px3rzgxkxnf2ynq7ys5kam9r42sn5a2x845q7rg9y
2,0.6185722322095146,HIGH_CONFIDENCE_PCA4,ckb1qrlh3whq40ch67jqfs97p7ddnjgctvlc3hxxqsp5202m4rslyt6n5qn0ta0jq68jgwzvzpy82w8sugs9cvvza3fz0flwr67avv068nsst5uevzjl
2,0.964142549491785,HIGH_CONFIDENCE_PCA4,ckb1qzda0cr08m85hc8jlnfp3zer7xulejywt49kt2rr0vthywaa50xwsq0259kv0x5jez6h0l5qr52k64weapapgyscsnmhn
2,0.8533402383252471,HIGH_CONFIDENCE_PCA4,ckb1qzda0cr08m85hc8jlnfp3zer7xulejywt49kt2rr0vthywaa50xwsq02lstf96jmmavf7uln9acpkedt2clz3tqc6chk8
2,0.5354735252675503,HIGH_CONFIDENCE_PCA4,ckb1qzda0cr08m85hc8jlnfp3zer7xulejywt49kt2rr0vthywaa50xwsq02rtsalknt9nezey405ay2gek8v5x0ncc3fd62k
1,1.0,HIGH_CONFIDENCE_PCA4,ckb1qzda0cr08m85hc8jlnfp3zer7xulejywt49kt2rr0vthywaa50xwsq03vvfm7dufx0a80zj27h4f5qjvygtelpshfz360
2,0.626286751135745,HIGH_CONFIDENCE_PCA4,ckb1qzda0cr08m85hc8jlnfp3zer7xulejywt49kt2rr0vthywaa50xwsq03z3ekhq3qhe4tz8v5kf3z08gxphswumg02rsqc
2,0.8151811653353516,HIGH_CONFIDENCE_PCA4,ckb1qzda0cr08m85hc8jlnfp3zer7xulejywt49kt2rr0vthywaa50xwsq046dyalzv28h7wt8fqzhhskeedyh6fpugkydwwj
0,0.20569562601024577,HIGH_CONFIDENCE_PCA4,ckb1qzda0cr08m85hc8jlnfp3zer7xulejywt49kt2rr0vthywaa50xwsq04avg2cjv4t0vh2v7zuztvcctzy860fjs9esl5u
2,0.4715310893427951,HIGH_CONFIDENCE_PCA4,ckb1qzda0cr08m85hc8jlnfp3zer7xulejywt49kt2rr0vthywaa50xwsq059gaxh9mhygyzgpps4edtqdsumgslcdq3ejtuw
2,1.0,HIGH_CONFIDENCE_PCA4,ckb1qzda0cr08m85hc8jlnfp3zer7xulejywt49kt2rr0vthywaa50xwsq05jzhp0f28a78e9vnyvk4vfmw60xaqadgfyz8es
1,0.756093602984255,HIGH_CONFIDENCE_PCA4,ckb1qzda0cr08m85hc8jlnfp3zer7xulejywt49kt2rr0vthywaa50xwsq05k3xttu6lzuy260j06mql7tqpgwcznlcvx836h
2,0.5045013971928247,HIGH_CONFIDENCE_PCA4,ckb1qzda0cr08m85hc8jlnfp3zer7xulejywt49kt2rr0vthywaa50xwsq05n6zvckahhuks4wl9rznllcfgralwl3gqs5rqt
2,1.0,HIGH_CONFIDENCE_PCA4,ckb1qzda0cr08m85hc8jlnfp3zer7xulejywt49kt2rr0vthywaa50xwsq05uu85tpqrf75arfkskcnwjsaj5f6c05qtmqdm9
2,0.6185722322095146,HIGH_CONFIDENCE_PCA4,ckb1qzda0cr08m85hc8jlnfp3zer7xulejywt49kt2rr0vthywaa50xwsq06cwnwfzz5sv5ps5w6ewtm6q9upj8klyc7qt4xy
2,0.9742980239755851,HIGH_CONFIDENCE_PCA4,ckb1qzda0cr08m85hc8jlnfp3zer7xulejywt49kt2rr0vthywaa50xwsq06s99smdcvprv0vpjw74v7yr3gfsz63tsmgym2k
2,0.8268342108255565,HIGH_CONFIDENCE_PCA4,ckb1qzda0cr08m85hc8jlnfp3zer7xulejywt49kt2rr0vthywaa50xwsq07j9vt4j4pr582tmmhg2r25g09e8lqhzq67lmrn
2,0.7169854217464947,HIGH_CONFIDENCE_PCA4,ckb1qzda0cr08m85hc8jlnfp3zer7xulejywt49kt2rr0vthywaa50xwsq08d3jlwgma52gm4mz6fchyah7ruhk8y4swey2xv
2,1.0,HIGH_CONFIDENCE_PCA4,ckb1qzda0cr08m85hc8jlnfp3zer7xulejywt49kt2rr0vthywaa50xwsq08np8nmp86cyutmm8glcmp36udhrkquhgpeccr6
2,0.6317224463801839,HIGH_CONFIDENCE_PCA4,ckb1qzda0cr08m85hc8jlnfp3zer7xulejywt49kt2rr0vthywaa50xwsq08nxknd7g5pzwe9mmdcqtqfs5f8ckh8fq34kxj8
2,0.6185722322095146,HIGH_CONFIDENCE_PCA4,ckb1qzda0cr08m85hc8jlnfp3zer7xulejywt49kt2rr0vthywaa50xwsq09rwsv5zvm3658ugyssehs360eh82v7zclyn32u
2,0.3303575255528145,HIGH_CONFIDENCE_PCA4,ckb1qzda0cr08m85hc8jlnfp3zer7xulejywt49kt2rr0vthywaa50xwsq0anafacyafq0j2rek0jx5rztanvvw9kcqdtkwna
2,1.0,HIGH_CONFIDENCE_PCA4,ckb1qzda0cr08m85hc8jlnfp3zer7xulejywt49kt2rr0vthywaa50xwsq0c46k06e2fp7rg9aq9yqxwaat763nrpegmdg0qn
2,1.0,HIGH_CONFIDENCE_PCA4,ckb1qzda0cr08m85hc8jlnfp3zer7xulejywt49kt2rr0vthywaa50xwsq0c46rcy6f2qav3ddfgv2540mz6vl7knlc0pl0a0
2,0.6362630942462336,HIGH_CONFIDENCE_PCA4,ckb1qzda0cr08m85hc8jlnfp3zer7xulejywt49kt2rr0vthywaa50xwsq0cl8tlydpzpp6wzeuzfsm926sp9m0rpqqt2qecr
1,1.0,HIGH_CONFIDENCE_PCA4,ckb1qzda0cr08m85hc8jlnfp3zer7xulejywt49kt2rr0vthywaa50xwsq0ejdewpqqsdy22zke90ug9h9u0jvlqskcjysp8m
0,1.0,HIGH_CONFIDENCE_PCA4,ckb1qzda0cr08m85hc8jlnfp3zer7xulejywt49kt2rr0vthywaa50xwsq0er7n9s6mrsravyz79mjqpl97j7tg48ased4uwq
2,1.0,HIGH_CONFIDENCE_PCA4,ckb1qzda0cr08m85hc8jlnfp3zer7xulejywt49kt2rr0vthywaa50xwsq0fjsxk3ufezyljeglltk69mhtgrruqsusa36w9h
2,0.4807594759074609,HIGH_CONFIDENCE_PCA4,ckb1qzda0cr08m85hc8jlnfp3zer7xulejywt49kt2rr0vthywaa50xwsq0fuqrqqcykvepusm4st0asqya208yzxcgcgewm5
0,0.4666627163286537,HIGH_CONFIDENCE_PCA4,ckb1qzda0cr08m85hc8jlnfp3zer7xulejywt49kt2rr0vthywaa50xwsq0guyenkvxw036k2zukneprz8x4erevtgs958r7v
2,0.9656930847781671,HIGH_CONFIDENCE_PCA4,ckb1qzda0cr08m85hc8jlnfp3zer7xulejywt49kt2rr0vthywaa50xwsq0jc2vwf6jsj7852lryh3hfh4jkvk548gqh4yp6v
-1,0.0,HIGH_CONFIDENCE_PCA4,ckb1qzda0cr08m85hc8jlnfp3zer7xulejywt49kt2rr0vthywaa50xwsq0k5jc20yyf62n2879zxymntrhyke0zg9crdzqfz
1,1.0,HIGH_CONFIDENCE_PCA4,ckb1qzda0cr08m85hc8jlnfp3zer7xulejywt49kt2rr0vthywaa50xwsq0l05nyuesryj4upnexyk2wzw0upsn8m7q7c6g0e
2,1.0,HIGH_CONFIDENCE_PCA4,ckb1qzda0cr08m85hc8jlnfp3zer7xulejywt49kt2rr0vthywaa50xwsq0m0zyttfjaw4ft9sjyz8rv2jnk2e66e5c89pdn5
0,0.3300965532960653,HIGH_CONFIDENCE_PCA4,ckb1qzda0cr08m85hc8jlnfp3zer7xulejywt49kt2rr0vthywaa50xwsq0msjj9yjj2n6dtuafzzj6uen3p7mt966sfkapz2
0,1.0,HIGH_CONFIDENCE_PCA4,ckb1qzda0cr08m85hc8jlnfp3zer7xulejywt49kt2rr0vthywaa50xwsq0muw495z9pexgx7eftmgehycxjvtc89nsvmddpk
-1,0.0,HIGH_CONFIDENCE_PCA4,ckb1qzda0cr08m85hc8jlnfp3zer7xulejywt49kt2rr0vthywaa50xwsq0p80per28ltwd4sm2052pjt4z8unckpucj6e5pc
0,0.499454129439535,HIGH_CONFIDENCE_PCA4,ckb1qzda0cr08m85hc8jlnfp3zer7xulejywt49kt2rr0vthywaa50xwsq0qer85n4uaq4gaz35uc6nc99svasgexmcymaweu
2,1.0,HIGH_CONFIDENCE_PCA4,ckb1qzda0cr08m85hc8jlnfp3zer7xulejywt49kt2rr0vthywaa50xwsq0r0uwh2anx2znsuqqda47yw7pyzxavsag3zwln3
1,1.0,HIGH_CONFIDENCE_PCA4,ckb1qzda0cr08m85hc8jlnfp3zer7xulejywt49kt2rr0vthywaa50xwsq0r9y77vk0sjk3m5t8x2pgp5wlque28mvqetg3vj
2,1.0,HIGH_CONFIDENCE_PCA4,ckb1qzda0cr08m85hc8jlnfp3zer7xulejywt49kt2rr0vthywaa50xwsq0rgz8mcc9ws8vv0m33vx8jm9u68knrplqz0m628
0,0.20569562601024577,HIGH_CONFIDENCE_PCA4,ckb1qzda0cr08m85hc8jlnfp3zer7xulejywt49kt2rr0vthywaa50xwsq0rk5lgxzurkxdnq95zcra0lpyax9ja0rqqk8gaz
2,0.3287873112539897,HIGH_CONFIDENCE_PCA4,ckb1qzda0cr08m85hc8jlnfp3zer7xulejywt49kt2rr0vthywaa50xwsq0rljzn0julrpp9l3fgmm9r9r4jz8rax7sgvagwh
2,1.0,HIGH_CONFIDENCE_PCA4,ckb1qzda0cr08m85hc8jlnfp3zer7xulejywt49kt2rr0vthywaa50xwsq0rrr3az2mu0ncjeqj26du5ymfhtq5l0gcv2rv08
2,0.9912693663911898,HIGH_CONFIDENCE_PCA4,ckb1qzda0cr08m85hc8jlnfp3zer7xulejywt49kt2rr0vthywaa50xwsq0sc9f6eqnjfm8tn35nxeqtnm43x6aljdqj45cke
-1,0.0,HIGH_CONFIDENCE_PCA4,ckb1qzda0cr08m85hc8jlnfp3zer7xulejywt49kt2rr0vthywaa50xwsq0smcdjfuapeu9zuahwrsrtp4qetjgngpg5xr5fq
0,0.8056079889689935,HIGH_CONFIDENCE_PCA4,ckb1qzda0cr08m85hc8jlnfp3zer7xulejywt49kt2rr0vthywaa50xwsq0tck2vsvttyzk8n8gngr95nqnlx6s5vycpj8w3k
0,1.0,HIGH_CONFIDENCE_PCA4,ckb1qzda0cr08m85hc8jlnfp3zer7xulejywt49kt2rr0vthywaa50xwsq0u4j72c469enjkklngja9y4c94q6cqyks8c84uv
2,0.30671888245582546,HIGH_CONFIDENCE_PCA4,ckb1qzda0cr08m85hc8jlnfp3zer7xulejywt49kt2rr0vthywaa50xwsq0vqkp4e093a5e6a2t3k08excpc3k74d0qpe0lt0
2,1.0,HIGH_CONFIDENCE_PCA4,ckb1qzda0cr08m85hc8jlnfp3zer7xulejywt49kt2rr0vthywaa50xwsq0ww9n0ex40pmhtz6ltslng7rtl35w96nszujfva
2,1.0,HIGH_CONFIDENCE_PCA4,ckb1qzda0cr08m85hc8jlnfp3zer7xulejywt49kt2rr0vthywaa50xwsq0x3yrv8qls62mqeylsvmzp5cqpmvy8quq7autul
2,0.4940093300189359,HIGH_CONFIDENCE_PCA4,ckb1qzda0cr08m85hc8jlnfp3zer7xulejywt49kt2rr0vthywaa50xwsq0xm5pnqls5mls030v7q9l2k5aksglcvjgge7vq8
2,0.7818249029522799,HIGH_CONFIDENCE_PCA4,ckb1qzda0cr08m85hc8jlnfp3zer7xulejywt49kt2rr0vthywaa50xwsq0xtd3e8c9wcj8swd2swg90w95u6xt3zsqzdnx7r
2,0.5716784040298477,HIGH_CONFIDENCE_PCA4,ckb1qzda0cr08m85hc8jlnfp3zer7xulejywt49kt2rr0vthywaa50xwsq0xz88g9vckq3vp47c4nakj2g7ugslm2acl45l9r
2,0.4803917556113111,HIGH_CONFIDENCE_PCA4,ckb1qzda0cr08m85hc8jlnfp3zer7xulejywt49kt2rr0vthywaa50xwsq0y6r5a4py64gccqrd77qvuhr8v3d2xfjcnrz45r
2,1.0,HIGH_CONFIDENCE_PCA4,ckb1qzda0cr08m85hc8jlnfp3zer7xulejywt49kt2rr0vthywaa50xwsq0z6aytm8n2hmlggs88jguhuekkk9zq8hgaew60w
2,0.3287873112539897,HIGH_CONFIDENCE_PCA4,ckb1qzda0cr08m85hc8jlnfp3zer7xulejywt49kt2rr0vthywaa50xwsq0z6h6nlju0mcdp0ny0sx77tmu6j2700lqkdeakp
0,0.5063911503309324,HIGH_CONFIDENCE_PCA4,ckb1qzda0cr08m85hc8jlnfp3zer7xulejywt49kt2rr0vthywaa50xwsq0z799mwernws5tt7me85kr63jauldckkcpdyx4t
1,0.8582361317653785,HIGH_CONFIDENCE_PCA4,ckb1qzda0cr08m85hc8jlnfp3zer7xulejywt49kt2rr0vthywaa50xwsq0zf2s0pke9a2nul6vhurkanmft0nx57mcuqadmm
0,1.0,HIGH_CONFIDENCE_PCA4,ckb1qzda0cr08m85hc8jlnfp3zer7xulejywt49kt2rr0vthywaa50xwsq20gymh8hj0295y4sexft6t8u07c87txyg4y75m0
2,0.7018959490458702,HIGH_CONFIDENCE_PCA4,ckb1qzda0cr08m85hc8jlnfp3zer7xulejywt49kt2rr0vthywaa50xwsq20k6na5zxh7ska80rl4x6cvu5269q8whsdasfzf
2,0.3138629704789801,HIGH_CONFIDENCE_PCA4,ckb1qzda0cr08m85hc8jlnfp3zer7xulejywt49kt2rr0vthywaa50xwsq20u0ncxwckqw79c9f9kev5mlckwsmj8psnrz4u4
2,0.8986593258374875,HIGH_CONFIDENCE_PCA4,ckb1qzda0cr08m85hc8jlnfp3zer7xulejywt49kt2rr0vthywaa50xwsq20y2fdrsxsg9d2ze0mnmjq9lyy3rdmdpq736f0p
1,0.8381613510813298,HIGH_CONFIDENCE_PCA4,ckb1qzda0cr08m85hc8jlnfp3zer7xulejywt49kt2rr0vthywaa50xwsq22vda73jzdlu3lf6luskzcjz7z5ksa58stp95p5
2,0.6185722322095146,HIGH_CONFIDENCE_PCA4,ckb1qzda0cr08m85hc8jlnfp3zer7xulejywt49kt2rr0vthywaa50xwsq23j637de7ulapxyn0h2kl2784uhrv6whg2708tp
2,0.5657760951235559,HIGH_CONFIDENCE_PCA4,ckb1qzda0cr08m85hc8jlnfp3zer7xulejywt49kt2rr0vthywaa50xwsq23ylk2ds3ljwawtj47npyhqersnxamxjssl8vaq
0,0.3634071446473572,HIGH_CONFIDENCE_PCA4,ckb1qzda0cr08m85hc8jlnfp3zer7xulejywt49kt2rr0vthywaa50xwsq247yrzkaul6mzgfrs74hr5t7q0l3ak8ugacfdq9
1,0.9351987846928561,HIGH_CONFIDENCE_PCA4,ckb1qzda0cr08m85hc8jlnfp3zer7xulejywt49kt2rr0vthywaa50xwsq24qy8a3esyfvy8nu68pphmwsn8yaa653c9klmac
0,0.20569562601024577,HIGH_CONFIDENCE_PCA4,ckb1qzda0cr08m85hc8jlnfp3zer7xulejywt49kt2rr0vthywaa50xwsq24scr6mpupq6x6arqdwz5ufzfa8skkcccm8ryrr
2,0.9709345182527221,HIGH_CONFIDENCE_PCA4,ckb1qzda0cr08m85hc8jlnfp3zer7xulejywt49kt2rr0vthywaa50xwsq258cy8km6ddpzdassg6ksjqjvdr3c0aeqavzlpd
0,0.20569562601024577,HIGH_CONFIDENCE_PCA4,ckb1qzda0cr08m85hc8jlnfp3zer7xulejywt49kt2rr0vthywaa50xwsq25kj6kupzglv5kwcqh54mmm0vd830lt2quf2fvf
2,0.7089348461129756,HIGH_CONFIDENCE_PCA4,ckb1qzda0cr08m85hc8jlnfp3zer7xulejywt49kt2rr0vthywaa50xwsq270p8pvg8y2nugwcsq9syredeq5ee5mxq2x87jl
2,1.0,HIGH_CONFIDENCE_PCA4,ckb1qzda0cr08m85hc8jlnfp3zer7xulejywt49kt2rr0vthywaa50xwsq270spcwvhxfszfmq9sh25v9sum044spls2uf332
0,0.28948920524235733,HIGH_CONFIDENCE_PCA4,ckb1qzda0cr08m85hc8jlnfp3zer7xulejywt49kt2rr0vthywaa50xwsq272xupqa54z4q8z05qt2fywfvdcuxd4dqku7vr4
0,0.3871206825808287,HIGH_CONFIDENCE_PCA4,ckb1qzda0cr08m85hc8jlnfp3zer7xulejywt49kt2rr0vthywaa50xwsq275zthc09tdzvgzlycvrl8p5n2ea2e7as0q8aes
2,1.0,HIGH_CONFIDENCE_PCA4,ckb1qzda0cr08m85hc8jlnfp3zer7xulejywt49kt2rr0vthywaa50xwsq28ps4hf8swzexa6ky8dp2q540tsrvz60qt2wtqk
2,1.0,HIGH_CONFIDENCE_PCA4,ckb1qzda0cr08m85hc8jlnfp3zer7xulejywt49kt2rr0vthywaa50xwsq298q6vfh7z6allgp2ty42k6yd49vap8ysn494ka
2,0.8542728753855847,HIGH_CONFIDENCE_PCA4,ckb1qzda0cr08m85hc8jlnfp3zer7xulejywt49kt2rr0vthywaa50xwsq2akxm0aqm8896a8ma4x7tsj0nugj4ldmg9egwhg
0,0.46682562436437863,HIGH_CONFIDENCE_PCA4,ckb1qzda0cr08m85hc8jlnfp3zer7xulejywt49kt2rr0vthywaa50xwsq2cdr6jzphx2r5y02rkrlh84f4aes20mcc4569tl
1,0.8582361317653785,HIGH_CONFIDENCE_PCA4,ckb1qzda0cr08m85hc8jlnfp3zer7xulejywt49kt2rr0vthywaa50xwsq2cq7k6zqqnna55dzwd32rxjkajthgqr2clgqu5w
2,0.36013101053135843,HIGH_CONFIDENCE_PCA4,ckb1qzda0cr08m85hc8jlnfp3zer7xulejywt49kt2rr0vthywaa50xwsq2da0jqygw442724a22vmvse55pez5zw4qtj3mmg
2,1.0,HIGH_CONFIDENCE_PCA4,ckb1qzda0cr08m85hc8jlnfp3zer7xulejywt49kt2rr0vthywaa50xwsq2dn39wdkj33e7v03mx3mg6raqh365hpnqp2nq6r
2,0.4939126719947866,HIGH_CONFIDENCE_PCA4,ckb1qzda0cr08m85hc8jlnfp3zer7xulejywt49kt2rr0vthywaa50xwsq2ejd8f7wnaln83fx7u8g5tr0sv8jpuwpqdfm05a
2,1.0,HIGH_CONFIDENCE_PCA4,ckb1qzda0cr08m85hc8jlnfp3zer7xulejywt49kt2rr0vthywaa50xwsq2evwcurnqel0euyf4s2pgkut48dgp7fsg3tdhrk
0,0.20569562601024577,HIGH_CONFIDENCE_PCA4,ckb1qzda0cr08m85hc8jlnfp3zer7xulejywt49kt2rr0vthywaa50xwsq2fdtshag9h5z8q7qy6v4hu6lpzvejmg7sp9a6kf
0,1.0,HIGH_CONFIDENCE_PCA4,ckb1qzda0cr08m85hc8jlnfp3zer7xulejywt49kt2rr0vthywaa50xwsq2gxfhv94tp8sc29c5xhsuttgk4hhpp2nq2mt7ff
1,0.8582361317653785,HIGH_CONFIDENCE_PCA4,ckb1qzda0cr08m85hc8jlnfp3zer7xulejywt49kt2rr0vthywaa50xwsq2h36kp26fly5n2huuc446dc3rzhunq2nsesxffv
1,0.8582361317653785,HIGH_CONFIDENCE_PCA4,ckb1qzda0cr08m85hc8jlnfp3zer7xulejywt49kt2rr0vthywaa50xwsq2jrflqx0dneevp0v6ssznw8ry6aj8laxcuh9svs
2,0.5651552894193214,HIGH_CONFIDENCE_PCA4,ckb1qzda0cr08m85hc8jlnfp3zer7xulejywt49kt2rr0vthywaa50xwsq2lfh4w2sguefdcw8fmehy5fpaenhehr9cped0e2
2,0.6540123324426422,HIGH_CONFIDENCE_PCA4,ckb1qzda0cr08m85hc8jlnfp3zer7xulejywt49kt2rr0vthywaa50xwsq2mj7v7ut0alqkx38qgu393dw8lafafq0qwnqaxs
2,0.4511182530353579,HIGH_CONFIDENCE_PCA4,ckb1qzda0cr08m85hc8jlnfp3zer7xulejywt49kt2rr0vthywaa50xwsq2mu7xj6mj90s8dxxnuqxyty72rg72ydzscwk9vf
2,1.0,HIGH_CONFIDENCE_PCA4,ckb1qzda0cr08m85hc8jlnfp3zer7xulejywt49kt2rr0vthywaa50xwsq2ne4yj30svjzvvdcmd96qhfvepdx6pfcs09q7zl
2,1.0,HIGH_CONFIDENCE_PCA4,ckb1qzda0cr08m85hc8jlnfp3zer7xulejywt49kt2rr0vthywaa50xwsq2nku3pd5gl7m6pp0cdx7m9gk2t9pswywqcqwjch
0,0.5063911503309324,HIGH_CONFIDENCE_PCA4,ckb1qzda0cr08m85hc8jlnfp3zer7xulejywt49kt2rr0vthywaa50xwsq2nwlee8epequkd94qh3k5uymjqxgvfktgxl9jd3
2,0.47449176378380103,HIGH_CONFIDENCE_PCA4,ckb1qzda0cr08m85hc8jlnfp3zer7xulejywt49kt2rr0vthywaa50xwsq2pgrf442dam0aa0l8gd2s8jlxfu7hha3c7hg4qq
2,0.6555178522354672,HIGH_CONFIDENCE_PCA4,ckb1qzda0cr08m85hc8jlnfp3zer7xulejywt49kt2rr0vthywaa50xwsq2pnp7gglp8clvahem5mpf7wmr0pjk5krgf4lwf2
2,0.4454135333429754,HIGH_CONFIDENCE_PCA4,ckb1qzda0cr08m85hc8jlnfp3zer7xulejywt49kt2rr0vthywaa50xwsq2qjj3mqkrdhzuga2qfzf72ma38xhpsaasfj3trw
0,1.0,HIGH_CONFIDENCE_PCA4,ckb1qzda0cr08m85hc8jlnfp3zer7xulejywt49kt2rr0vthywaa50xwsq2qq5zmvacvrht6g5w35hgdg4mhcxcu5hgu2f8qe
2,0.7601230951818747,HIGH_CONFIDENCE_PCA4,ckb1qzda0cr08m85hc8jlnfp3zer7xulejywt49kt2rr0vthywaa50xwsq2qtfq8zdd9rs86hslwh8j4h8qjk6r3e6s0k50ul
1,0.5925681160051227,HIGH_CONFIDENCE_PCA4,ckb1qzda0cr08m85hc8jlnfp3zer7xulejywt49kt2rr0vthywaa50xwsq2rsu67gzxhacdwpzfyc0gc5q9vgr6aztc6y5n8c
2,1.0,HIGH_CONFIDENCE_PCA4,ckb1qzda0cr08m85hc8jlnfp3zer7xulejywt49kt2rr0vthywaa50xwsq2rv2ln77sfue9zmr4uemppw6e6cqch00sz7curl
2,0.3843921440915947,HIGH_CONFIDENCE_PCA4,ckb1qzda0cr08m85hc8jlnfp3zer7xulejywt49kt2rr0vthywaa50xwsq2sfv44lf5g89ha2q296zqm8savzcyqxlsulsx6f
1,0.7961417380532204,HIGH_CONFIDENCE_PCA4,ckb1qzda0cr08m85hc8jlnfp3zer7xulejywt49kt2rr0vthywaa50xwsq2t6z8rc90g09yeh7t3nz2sfe72y20yzcg6jt76x
1,0.8582361317653785,HIGH_CONFIDENCE_PCA4,ckb1qzda0cr08m85hc8jlnfp3zer7xulejywt49kt2rr0vthywaa50xwsq2t9jypuuquc0tfdca5eugj6gk7v3dt0hq4r3hx9
1,0.8582361317653785,HIGH_CONFIDENCE_PCA4,ckb1qzda0cr08m85hc8jlnfp3zer7xulejywt49kt2rr0vthywaa50xwsq2tq8vms882lepc8fk0aapfp0c9nh755xsdtnm3m
2,0.776125229929441,HIGH_CONFIDENCE_PCA4,ckb1qzda0cr08m85hc8jlnfp3zer7xulejywt49kt2rr0vthywaa50xwsq2uj8rfycz3s3h0m0h62fj8mvxluqr627s8j5led
2,1.0,HIGH_CONFIDENCE_PCA4,ckb1qzda0cr08m85hc8jlnfp3zer7xulejywt49kt2rr0vthywaa50xwsq2ul0rt55hnp2e2nzzhfkep4xtc3l88rxqes83vq
2,1.0,HIGH_CONFIDENCE_PCA4,ckb1qzda0cr08m85hc8jlnfp3zer7xulejywt49kt2rr0vthywaa50xwsq2uq6ykas222qjhw4k6847guv3y8c7wvccalk3tf
2,0.32511324009040155,HIGH_CONFIDENCE_PCA4,ckb1qzda0cr08m85hc8jlnfp3zer7xulejywt49kt2rr0vthywaa50xwsq2uxysa465m2k0hxh4zefzd2k5j36dly3gxkjc57
2,0.9027975640365834,HIGH_CONFIDENCE_PCA4,ckb1qzda0cr08m85hc8jlnfp3zer7xulejywt49kt2rr0vthywaa50xwsq2vr8y8dws0jkz062k8vlpafpu8x9rucvcggdkr4
0,1.0,HIGH_CONFIDENCE_PCA4,ckb1qzda0cr08m85hc8jlnfp3zer7xulejywt49kt2rr0vthywaa50xwsq2xg8c6fulfw65ay5aqq99atj30ev84unssl4ska
2,0.48065579355735916,HIGH_CONFIDENCE_PCA4,ckb1qzda0cr08m85hc8jlnfp3zer7xulejywt49kt2rr0vthywaa50xwsq2yg6kr7zvjzw0ts2j7qtkd6jzr2kq3g7sdh3azr
1,0.6707954789081514,HIGH_CONFIDENCE_PCA4,ckb1qzda0cr08m85hc8jlnfp3zer7xulejywt49kt2rr0vthywaa50xwsq2zmwtcwp3x5ngxr7wxp3aq737g35nhgpqq4lp5x
-1,0.0,HIGH_CONFIDENCE_PCA4,ckb1qzda0cr08m85hc8jlnfp3zer7xulejywt49kt2rr0vthywaa50xwsq2zuyw4u22256gp6v8s6na4p7esyg4h74q68r5ue
2,0.4914658773686282,HIGH_CONFIDENCE_PCA4,ckb1qzda0cr08m85hc8jlnfp3zer7xulejywt49kt2rr0vthywaa50xwsqd280gcprvtlm89nyxuc2ru9e2tqe0aewcks0h7q
1,1.0,HIGH_CONFIDENCE_PCA4,ckb1qzda0cr08m85hc8jlnfp3zer7xulejywt49kt2rr0vthywaa50xwsqd2ln87tv0nhyh6r2h84d3fnm5vdsjraagf5r842
-1,0.0,HIGH_CONFIDENCE_PCA4,ckb1qzda0cr08m85hc8jlnfp3zer7xulejywt49kt2rr0vthywaa50xwsqd3ele94wtw253dum78vpuuy2rcspueckqp9hktf
1,1.0,HIGH_CONFIDENCE_PCA4,ckb1qzda0cr08m85hc8jlnfp3zer7xulejywt49kt2rr0vthywaa50xwsqd3jnqsndu5z3ew6anr65w34cyevvnucug28nl8j
1,0.8582361317653785,HIGH_CONFIDENCE_PCA4,ckb1qzda0cr08m85hc8jlnfp3zer7xulejywt49kt2rr0vthywaa50xwsqd3t75wgj4rjmaem5f46ek9f5g2xe9gsucx860r9
2,0.36866701034594224,HIGH_CONFIDENCE_PCA4,ckb1qzda0cr08m85hc8jlnfp3zer7xulejywt49kt2rr0vthywaa50xwsqd3w85684vvlhfh93nrvkq6rz6ve7xu0ugjyfg3s
2,1.0,HIGH_CONFIDENCE_PCA4,ckb1qzda0cr08m85hc8jlnfp3zer7xulejywt49kt2rr0vthywaa50xwsqd4h5ahm0l94adpfafpftu00tpsncrmmqgghtrxy
2,0.6185722322095146,HIGH_CONFIDENCE_PCA4,ckb1qzda0cr08m85hc8jlnfp3zer7xulejywt49kt2rr0vthywaa50xwsqd52pqxx3q9kjg6xxh9f2h6wuut9numalsjdnjxu
2,1.0,HIGH_CONFIDENCE_PCA4,ckb1qzda0cr08m85hc8jlnfp3zer7xulejywt49kt2rr0vthywaa50xwsqd532x7yagmmqne0jkrwggysarh5kufcjgp5ry3g
1,0.6924828326400749,HIGH_CONFIDENCE_PCA4,ckb1qzda0cr08m85hc8jlnfp3zer7xulejywt49kt2rr0vthywaa50xwsqd5wxs2lr6y8gzek23nkyj04ngcgmutl4s75skv9
0,0.20569562601024577,HIGH_CONFIDENCE_PCA4,ckb1qzda0cr08m85hc8jlnfp3zer7xulejywt49kt2rr0vthywaa50xwsqd5z95kzr62mkc2vnadeyv6hpqmwlxv2xgakd68v
0,0.5063911503309324,HIGH_CONFIDENCE_PCA4,ckb1qzda0cr08m85hc8jlnfp3zer7xulejywt49kt2rr0vthywaa50xwsqd5zvdgz64ygu94j8cwvcguc6wz5mhaknc3drq98
1,0.7136407950281234,HIGH_CONFIDENCE_PCA4,ckb1qzda0cr08m85hc8jlnfp3zer7xulejywt49kt2rr0vthywaa50xwsqd6328jjvyqyx6psdkxv5gyxmlx90f50cgc8yla8
0,0.5063911503309324,HIGH_CONFIDENCE_PCA4,ckb1qzda0cr08m85hc8jlnfp3zer7xulejywt49kt2rr0vthywaa50xwsqd682nhfyu5lfzt4gp9cmrqgsjpesm3pjqf252gf
2,0.7111617436677736,HIGH_CONFIDENCE_PCA4,ckb1qzda0cr08m85hc8jlnfp3zer7xulejywt49kt2rr0vthywaa50xwsqd6jpr7mncc8n3y4jv4z5k8fq7l77s42kq76f87n
2,1.0,HIGH_CONFIDENCE_PCA4,ckb1qzda0cr08m85hc8jlnfp3zer7xulejywt49kt2rr0vthywaa50xwsqd6raz9mkh95xl7tg8ymg7klqz7ns0af5ctkwa53
1,0.8582361317653785,HIGH_CONFIDENCE_PCA4,ckb1qzda0cr08m85hc8jlnfp3zer7xulejywt49kt2rr0vthywaa50xwsqd7qx7ag4lw5wlu0ewhgryjrug54tauj4glm5p09
2,1.0,HIGH_CONFIDENCE_PCA4,ckb1qzda0cr08m85hc8jlnfp3zer7xulejywt49kt2rr0vthywaa50xwsqd7xem3waujkrfq9vrj7vc5tesg793drag9966ur
1,1.0,HIGH_CONFIDENCE_PCA4,ckb1qzda0cr08m85hc8jlnfp3zer7xulejywt49kt2rr0vthywaa50xwsqd8a7fpzf530ks6kmw3yfvn72p5v4ayy6gq05avs
1,0.8582361317653785,HIGH_CONFIDENCE_PCA4,ckb1qzda0cr08m85hc8jlnfp3zer7xulejywt49kt2rr0vthywaa50xwsqd8at4zhq3lrngyw88mqued7njjluzc9dcx3mfwa
2,0.3287873112539897,HIGH_CONFIDENCE_PCA4,ckb1qzda0cr08m85hc8jlnfp3zer7xulejywt49kt2rr0vthywaa50xwsqd9ec9tr57qedasftglxrgq9yl657ym3yqddeg6p
2,0.3287873112539897,HIGH_CONFIDENCE_PCA4,ckb1qzda0cr08m85hc8jlnfp3zer7xulejywt49kt2rr0vthywaa50xwsqda5zj9fpg255n7vz04eqkzlles8z72susenvew6
2,0.34044904855463787,HIGH_CONFIDENCE_PCA4,ckb1qzda0cr08m85hc8jlnfp3zer7xulejywt49kt2rr0vthywaa50xwsqdak37z6wn6w6aea983ruzrfl8yweej95cfkzyn9
0,1.0,HIGH_CONFIDENCE_PCA4,ckb1qzda0cr08m85hc8jlnfp3zer7xulejywt49kt2rr0vthywaa50xwsqdc75deduvc55qd7z48nrd6xy06td2r0wgqqs0vf
1,0.7279030500824164,HIGH_CONFIDENCE_PCA4,ckb1qzda0cr08m85hc8jlnfp3zer7xulejywt49kt2rr0vthywaa50xwsqdcr3ezl9ktveg4fpuujzgrnel0nnjvjxc2gf480
2,1.0,HIGH_CONFIDENCE_PCA4,ckb1qzda0cr08m85hc8jlnfp3zer7xulejywt49kt2rr0vthywaa50xwsqddm8ppq3gz8gz0d9ap6z8nc3r662npn2cuxk9f0
0,0.3662284120091571,HIGH_CONFIDENCE_PCA4,ckb1qzda0cr08m85hc8jlnfp3zer7xulejywt49kt2rr0vthywaa50xwsqddtncxgn0wga0mctct2p6k2ueqd36ju3qqqmeqa
0,0.48547406119882264,HIGH_CONFIDENCE_PCA4,ckb1qzda0cr08m85hc8jlnfp3zer7xulejywt49kt2rr0vthywaa50xwsqddw45fnzxhfmsxwuf7m82k5vyynsfvkxqu8209y
2,0.6185722322095146,HIGH_CONFIDENCE_PCA4,ckb1qzda0cr08m85hc8jlnfp3zer7xulejywt49kt2rr0vthywaa50xwsqddyz6vl88hqfhcrfv55xpqzan04myfn7qweufsa
2,0.9745574044548608,HIGH_CONFIDENCE_PCA4,ckb1qzda0cr08m85hc8jlnfp3zer7xulejywt49kt2rr0vthywaa50xwsqdenac4ykevnaxl2ltarf6y37hps3nxxjc4ckfhj
2,0.38969623125312375,HIGH_CONFIDENCE_PCA4,ckb1qzda0cr08m85hc8jlnfp3zer7xulejywt49kt2rr0vthywaa50xwsqdev2qemedc4lercjj2ys3acwf4d6nj7jcprg6sq
2,0.5485711639172186,HIGH_CONFIDENCE_PCA4,ckb1qzda0cr08m85hc8jlnfp3zer7xulejywt49kt2rr0vthywaa50xwsqdfpcl42753m0xgau9yefhgfxukx83dwysy7tdl3
2,0.6185722322095146,HIGH_CONFIDENCE_PCA4,ckb1qzda0cr08m85hc8jlnfp3zer7xulejywt49kt2rr0vthywaa50xwsqdfunuqtrj99lz8app7uqjmdr2ecx6wwfc62xrtm
2,0.40038230769881755,HIGH_CONFIDENCE_PCA4,ckb1qzda0cr08m85hc8jlnfp3zer7xulejywt49kt2rr0vthywaa50xwsqdg04rll0lnjdvdyp2zpqguqkmnye6vmnsd4vft5
2,0.9778074673348056,HIGH_CONFIDENCE_PCA4,ckb1qzda0cr08m85hc8jlnfp3zer7xulejywt49kt2rr0vthywaa50xwsqdg5awuqp2zuwnvjcr753hh38ml5ywd5rgpg79nw
-1,0.0,HIGH_CONFIDENCE_PCA4,ckb1qzda0cr08m85hc8jlnfp3zer7xulejywt49kt2rr0vthywaa50xwsqdh26mj0xls204ndg9lsdptdz0zu0jdmycngh5ht
1,0.7386677213869512,HIGH_CONFIDENCE_PCA4,ckb1qzda0cr08m85hc8jlnfp3zer7xulejywt49kt2rr0vthywaa50xwsqdhxwwku2qxwcj784l5slje2tsa76nlgvsawdc7v
2,0.3287873112539897,HIGH_CONFIDENCE_PCA4,ckb1qzda0cr08m85hc8jlnfp3zer7xulejywt49kt2rr0vthywaa50xwsqdjsydf39sklhfvtfnk57vvd7d2vn4kxwqpr3prn
1,0.6767912280785526,HIGH_CONFIDENCE_PCA4,ckb1qzda0cr08m85hc8jlnfp3zer7xulejywt49kt2rr0vthywaa50xwsqdk6t85vllv37se5ng6rpnz7x30clgdy6qsped2w
2,0.6185722322095146,HIGH_CONFIDENCE_PCA4,ckb1qzda0cr08m85hc8jlnfp3zer7xulejywt49kt2rr0vthywaa50xwsqdktl2pnd9nrh6fna6ydh5sv34z4cx59mg2d5yh4
2,1.0,HIGH_CONFIDENCE_PCA4,ckb1qzda0cr08m85hc8jlnfp3zer7xulejywt49kt2rr0vthywaa50xwsqdlnnrld5uyndfrw0xxnpmpf435242xl2ccrge5g
2,0.30085356699955784,HIGH_CONFIDENCE_PCA4,ckb1qzda0cr08m85hc8jlnfp3zer7xulejywt49kt2rr0vthywaa50xwsqdly7vzugjpxpzy4wc8u8dkpt6gmv2kknsw36cs0
1,1.0,HIGH_CONFIDENCE_PCA4,ckb1qzda0cr08m85hc8jlnfp3zer7xulejywt49kt2rr0vthywaa50xwsqdn85jtpzkk24ga7vprxcupwkw8h2kmcpgnkw4s2
0,0.20569562601024577,HIGH_CONFIDENCE_PCA4,ckb1qzda0cr08m85hc8jlnfp3zer7xulejywt49kt2rr0vthywaa50xwsqdnvsjyahhu4hnqmv5aqy06jk7p289qcsck64eed
2,1.0,HIGH_CONFIDENCE_PCA4,ckb1qzda0cr08m85hc8jlnfp3zer7xulejywt49kt2rr0vthywaa50xwsqdpglw7yx2vzsuu2hz4f0zqmm7ujn4gzrcpt9myf
0,0.455766027240887,HIGH_CONFIDENCE_PCA4,ckb1qzda0cr08m85hc8jlnfp3zer7xulejywt49kt2rr0vthywaa50xwsqdqpaqujjqztsvqsckxxryqkyar5g229ls79xsux
2,0.5518922347964592,HIGH_CONFIDENCE_PCA4,ckb1qzda0cr08m85hc8jlnfp3zer7xulejywt49kt2rr0vthywaa50xwsqdqq677slvjxejspzxxuyrz3r8m4glpqrqve4u4k
2,0.7784172183337694,HIGH_CONFIDENCE_PCA4,ckb1qzda0cr08m85hc8jlnfp3zer7xulejywt49kt2rr0vthywaa50xwsqdqrmx3gfghxmm3m5dj4vm27j5ke9kvw9qmr8lwp
1,0.7428196893286897,HIGH_CONFIDENCE_PCA4,ckb1qzda0cr08m85hc8jlnfp3zer7xulejywt49kt2rr0vthywaa50xwsqdqyzqvyyqgdw9qdu9tsfwfj2j3qj05ams2m6zwh
1,0.7155870550348558,HIGH_CONFIDENCE_PCA4,ckb1qzda0cr08m85hc8jlnfp3zer7xulejywt49kt2rr0vthywaa50xwsqdrc0cvrk8yuh4248eumm00tj6la4285jgtkf6ge
2,0.900781620038088,HIGH_CONFIDENCE_PCA4,ckb1qzda0cr08m85hc8jlnfp3zer7xulejywt49kt2rr0vthywaa50xwsqdtejzc329up3s665cxswczse77neqxr2c6uk0jz
0,1.0,HIGH_CONFIDENCE_PCA4,ckb1qzda0cr08m85hc8jlnfp3zer7xulejywt49kt2rr0vthywaa50xwsqdtr9km5rjdrntcf4a5jh7u55rl8rurp2snsf7v6
2,0.42275338296379356,HIGH_CONFIDENCE_PCA4,ckb1qzda0cr08m85hc8jlnfp3zer7xulejywt49kt2rr0vthywaa50xwsqdun3wce79ar4cmnl76tyehgha0muqg07gt556gd
1,1.0,HIGH_CONFIDENCE_PCA4,ckb1qzda0cr08m85hc8jlnfp3zer7xulejywt49kt2rr0vthywaa50xwsqdv3msqhwu0eel0cx4vxkhzphyxdxg0p2gcn4zk4
2,0.9505253598670672,HIGH_CONFIDENCE_PCA4,ckb1qzda0cr08m85hc8jlnfp3zer7xulejywt49kt2rr0vthywaa50xwsqdv5f45r3aevly9umatacdzw6x2hmycfss6cstcq
2,1.0,HIGH_CONFIDENCE_PCA4,ckb1qzda0cr08m85hc8jlnfp3zer7xulejywt49kt2rr0vthywaa50xwsqdwa7y4etexhlslpeplm2gensrmkpgpfqc5kk4x9
2,0.8672403684312827,HIGH_CONFIDENCE_PCA4,ckb1qzda0cr08m85hc8jlnfp3zer7xulejywt49kt2rr0vthywaa50xwsqdx5m2dx9j9el3arnuntxu5lkfafw4dyxgq357up
2,1.0,HIGH_CONFIDENCE_PCA4,ckb1qzda0cr08m85hc8jlnfp3zer7xulejywt49kt2rr0vthywaa50xwsqdxaqe07wj7kc5y9suqc6lkdqz4wm85ltq0ng53r
2,0.30932251861063603,HIGH_CONFIDENCE_PCA4,ckb1qzda0cr08m85hc8jlnfp3zer7xulejywt49kt2rr0vthywaa50xwsqdxzlmuqal6c37hk678qjekya0qjd5m5lq7hhzaq
2,0.9539851402658407,HIGH_CONFIDENCE_PCA4,ckb1qzda0cr08m85hc8jlnfp3zer7xulejywt49kt2rr0vthywaa50xwsqdxzpng0y93mrnmxq0e73j4yu4d3n3mkuqc5r59u
2,0.6185722322095146,HIGH_CONFIDENCE_PCA4,ckb1qzda0cr08m85hc8jlnfp3zer7xulejywt49kt2rr0vthywaa50xwsqdy03jsqq4r873dyqm49pckertnx0qvw0qvde0sg
2,0.4581714155240415,HIGH_CONFIDENCE_PCA4,ckb1qzda0cr08m85hc8jlnfp3zer7xulejywt49kt2rr0vthywaa50xwsqdytgmu0z5yskwrnegfptr3n4pcx9d6tlswehku8
-1,0.0,HIGH_CONFIDENCE_PCA4,ckb1qzda0cr08m85hc8jlnfp3zer7xulejywt49kt2rr0vthywaa50xwsqdywhhfnhv7xz24x9y79yu47u9ugwr8p2sccyn4q
0,0.5063911503309324,HIGH_CONFIDENCE_PCA4,ckb1qzda0cr08m85hc8jlnfp3zer7xulejywt49kt2rr0vthywaa50xwsqdzcwm3dgw383w7uv4v9a95jdxtxgzrmdcpxs45n
-1,0.0,HIGH_CONFIDENCE_PCA4,ckb1qzda0cr08m85hc8jlnfp3zer7xulejywt49kt2rr0vthywaa50xwsqf2pf3uu524tn9umy7g3gchaa6sgamvs4sx454l6
0,0.2839236296679641,HIGH_CONFIDENCE_PCA4,ckb1qzda0cr08m85hc8jlnfp3zer7xulejywt49kt2rr0vthywaa50xwsqf3q9e554euxmpqyaju2n3prxl3fxuphqs9l8zmt
2,0.3208027461896819,HIGH_CONFIDENCE_PCA4,ckb1qzda0cr08m85hc8jlnfp3zer7xulejywt49kt2rr0vthywaa50xwsqf4s8sxvjqhp8qpxyqj03kwmry2a43kggq7um8ef
1,0.8198493362727562,HIGH_CONFIDENCE_PCA4,ckb1qzda0cr08m85hc8jlnfp3zer7xulejywt49kt2rr0vthywaa50xwsqf68ndqgrm406nmahnk8uyvl6up7hzhgdcjvn87t
2,0.3287873112539897,HIGH_CONFIDENCE_PCA4,ckb1qzda0cr08m85hc8jlnfp3zer7xulejywt49kt2rr0vthywaa50xwsqf6qtawqcsf9ga3yuhh8gfhxuyah7rvtlgzn95vl
0,1.0,HIGH_CONFIDENCE_PCA4,ckb1qzda0cr08m85hc8jlnfp3zer7xulejywt49kt2rr0vthywaa50xwsqf70nhxhk4ljdgqd4ef2ndrzka0qda3nlg5ry85g
2,0.6804391072009698,HIGH_CONFIDENCE_PCA4,ckb1qzda0cr08m85hc8jlnfp3zer7xulejywt49kt2rr0vthywaa50xwsqf7wdk98y3zdh3cyql86grghqwnen7ks5qzrld2q
2,0.3059460218077712,HIGH_CONFIDENCE_PCA4,ckb1qzda0cr08m85hc8jlnfp3zer7xulejywt49kt2rr0vthywaa50xwsqfc5kszzn9mc2zycl58v8jjrk9zhmr97cg3ndvfs
0,0.13231959935332102,HIGH_CONFIDENCE_PCA4,ckb1qzda0cr08m85hc8jlnfp3zer7xulejywt49kt2rr0vthywaa50xwsqfc63dma5fy3kywpnada5yy99tpqvl4dechg9csl
0,0.5063911503309324,HIGH_CONFIDENCE_PCA4,ckb1qzda0cr08m85hc8jlnfp3zer7xulejywt49kt2rr0vthywaa50xwsqfcwzl3jytqrrgtuwmapvqe42txrxvqlncewj9c8
1,1.0,HIGH_CONFIDENCE_PCA4,ckb1qzda0cr08m85hc8jlnfp3zer7xulejywt49kt2rr0vthywaa50xwsqfd8eyknzynse6m9r0zlfjyt4qpxnlr86svrekgm
1,0.5333777379918323,HIGH_CONFIDENCE_PCA4,ckb1qzda0cr08m85hc8jlnfp3zer7xulejywt49kt2rr0vthywaa50xwsqfewq5cphjmj7j53dgvs9ekquz7wp0eadggz3t4x
2,0.28114901915868007,HIGH_CONFIDENCE_PCA4,ckb1qzda0cr08m85hc8jlnfp3zer7xulejywt49kt2rr0vthywaa50xwsqff60m3g73j280arxmzwp6anr9g04xmmast74txw
1,0.7386677213869512,HIGH_CONFIDENCE_PCA4,ckb1qzda0cr08m85hc8jlnfp3zer7xulejywt49kt2rr0vthywaa50xwsqfg0c6expwhe3wjs5vkk7e2legcah5gvjqvdy8l7
2,0.5410143895618545,HIGH_CONFIDENCE_PCA4,ckb1qzda0cr08m85hc8jlnfp3zer7xulejywt49kt2rr0vthywaa50xwsqfg2np57fhkdu6fuygqt3ys4rykd03gfhsu8dvd7
0,1.0,HIGH_CONFIDENCE_PCA4,ckb1qzda0cr08m85hc8jlnfp3zer7xulejywt49kt2rr0vthywaa50xwsqfh3hsd0an0xag0qzx0ay8qrtpclap9x3she6gvj
2,1.0,HIGH_CONFIDENCE_PCA4,ckb1qzda0cr08m85hc8jlnfp3zer7xulejywt49kt2rr0vthywaa50xwsqfhncpyvtj7w4euhnwwnndksez0kl7kljgjp39t5
2,1.0,HIGH_CONFIDENCE_PCA4,ckb1qzda0cr08m85hc8jlnfp3zer7xulejywt49kt2rr0vthywaa50xwsqfj8ejt4qckvuzrtezy9nvcv7le9ur8cuqy7s5x8
2,1.0,HIGH_CONFIDENCE_PCA4,ckb1qzda0cr08m85hc8jlnfp3zer7xulejywt49kt2rr0vthywaa50xwsqfjhl5nx82y5z2xdhwqhg34vkzta6gttgc05sfu2
2,1.0,HIGH_CONFIDENCE_PCA4,ckb1qzda0cr08m85hc8jlnfp3zer7xulejywt49kt2rr0vthywaa50xwsqfk74jml992maq6k2g9gn5znh4qsqlcg0gxqejgl
2,0.5168700359482173,HIGH_CONFIDENCE_PCA4,ckb1qzda0cr08m85hc8jlnfp3zer7xulejywt49kt2rr0vthywaa50xwsqfkjglwnv0p5h4wujzvz65rekwxmx2d0zsn7yllu
1,1.0,HIGH_CONFIDENCE_PCA4,ckb1qzda0cr08m85hc8jlnfp3zer7xulejywt49kt2rr0vthywaa50xwsqfklpav762duvc8cva7gnz89nzvksp6r3qeh6wvh
2,0.6602287094317908,HIGH_CONFIDENCE_PCA4,ckb1qzda0cr08m85hc8jlnfp3zer7xulejywt49kt2rr0vthywaa50xwsqfl7q5k0n22acsv662t7zmcw6rggs4ev8sft2wt3
2,0.4525961000420752,HIGH_CONFIDENCE_PCA4,ckb1qzda0cr08m85hc8jlnfp3zer7xulejywt49kt2rr0vthywaa50xwsqfl9ggysz7z4kfeslc6snf0ykm24kd9ujqrlxxfg
2,0.5457112919533408,HIGH_CONFIDENCE_PCA4,ckb1qzda0cr08m85hc8jlnfp3zer7xulejywt49kt2rr0vthywaa50xwsqflgd96hhegvt75t3admj08a2y88yv5mdqy6cqs0
2,1.0,HIGH_CONFIDENCE_PCA4,ckb1qzda0cr08m85hc8jlnfp3zer7xulejywt49kt2rr0vthywaa50xwsqfn7k56km47p5javnrpw4ufny8gcyqjyxschyrkw
2,0.4723145649440295,HIGH_CONFIDENCE_PCA4,ckb1qzda0cr08m85hc8jlnfp3zer7xulejywt49kt2rr0vthywaa50xwsqfplruvrt4qsh2vu7vla0uuk2pxvstfx6csgmzu5
1,0.8799427690524134,HIGH_CONFIDENCE_PCA4,ckb1qzda0cr08m85hc8jlnfp3zer7xulejywt49kt2rr0vthywaa50xwsqfqqgdjzldwm3gcuxnclfscjda2lw7jruqjxyp93
2,0.8147506954562962,HIGH_CONFIDENCE_PCA4,ckb1qzda0cr08m85hc8jlnfp3zer7xulejywt49kt2rr0vthywaa50xwsqfqr2l6rqllmnhtpzptgq9fnagsykcffxcpqmjuu
-1,0.0,HIGH_CONFIDENCE_PCA4,ckb1qzda0cr08m85hc8jlnfp3zer7xulejywt49kt2rr0vthywaa50xwsqfrlamn0mk353jsutukulxcxyf8je85wwg5l5nnv
2,1.0,HIGH_CONFIDENCE_PCA4,ckb1qzda0cr08m85hc8jlnfp3zer7xulejywt49kt2rr0vthywaa50xwsqfrmvt598cnr70mhtyt9afjg9yju7s0n6gw0e8d4
1,0.7176583275867827,HIGH_CONFIDENCE_PCA4,ckb1qzda0cr08m85hc8jlnfp3zer7xulejywt49kt2rr0vthywaa50xwsqfrvc7cagn8h4g3harg8cwdfpq3sx7sxms2r27la
1,0.5941151327549762,HIGH_CONFIDENCE_PCA4,ckb1qzda0cr08m85hc8jlnfp3zer7xulejywt49kt2rr0vthywaa50xwsqfs6c4chhw5kwthmq0jzqyxwmr9fpr5a4qr8l2yd
2,0.6185722322095146,HIGH_CONFIDENCE_PCA4,ckb1qzda0cr08m85hc8jlnfp3zer7xulejywt49kt2rr0vthywaa50xwsqfs7v5u87mvk9zdyhmg3ua0aduh4zfw3fsgsfkel
1,0.8582361317653785,HIGH_CONFIDENCE_PCA4,ckb1qzda0cr08m85hc8jlnfp3zer7xulejywt49kt2rr0vthywaa50xwsqfsajumlzs2pjvtz0xxg42llw5px435u3gxmlwuc
2,0.3287873112539897,HIGH_CONFIDENCE_PCA4,ckb1qzda0cr08m85hc8jlnfp3zer7xulejywt49kt2rr0vthywaa50xwsqft980n0alva2vjmkca85wujt5vhtwgzpgqczv9a
2,0.7222834435302344,HIGH_CONFIDENCE_PCA4,ckb1qzda0cr08m85hc8jlnfp3zer7xulejywt49kt2rr0vthywaa50xwsqftm2xn4dlczysw0q2x5alw2v7ur2le8gs8h3teh
0,1.0,HIGH_CONFIDENCE_PCA4,ckb1qzda0cr08m85hc8jlnfp3zer7xulejywt49kt2rr0vthywaa50xwsqfu77q0whtmthcu45dm9l326da8rasmh6g8t7pw9
2,1.0,HIGH_CONFIDENCE_PCA4,ckb1qzda0cr08m85hc8jlnfp3zer7xulejywt49kt2rr0vthywaa50xwsqfuwj6lqq2hhe8qqm3m5z2xacjjyuy73yqwgnm2m
2,1.0,HIGH_CONFIDENCE_PCA4,ckb1qzda0cr08m85hc8jlnfp3zer7xulejywt49kt2rr0vthywaa50xwsqfvfcxm03q9xmn3fy68s9rxp0y5lfqfvjgmmtw0p
0,1.0,HIGH_CONFIDENCE_PCA4,ckb1qzda0cr08m85hc8jlnfp3zer7xulejywt49kt2rr0vthywaa50xwsqfwcjzujntvxpmcjmpt4r6pd4mvxu89k4sr3244x
2,0.4801077660733251,HIGH_CONFIDENCE_PCA4,ckb1qzda0cr08m85hc8jlnfp3zer7xulejywt49kt2rr0vthywaa50xwsqfwru8wpcx969py0vrrf29ckn928nz26csz7pvxw
-1,0.0,HIGH_CONFIDENCE_PCA4,ckb1qzda0cr08m85hc8jlnfp3zer7xulejywt49kt2rr0vthywaa50xwsqfx7c8l89wcf42vxgajjke9zdt7myeqrdqj6mqm6
2,0.8667339955887352,HIGH_CONFIDENCE_PCA4,ckb1qzda0cr08m85hc8jlnfp3zer7xulejywt49kt2rr0vthywaa50xwsqfxgd9zxl6czs4s3kzr55letennz2l3yjqpt8r79
2,0.6572963748046168,HIGH_CONFIDENCE_PCA4,ckb1qzda0cr08m85hc8jlnfp3zer7xulejywt49kt2rr0vthywaa50xwsqfylyx957e0g3kyjua0fed5gzzj4s2s9qsxafn7t
1,1.0,HIGH_CONFIDENCE_PCA4,ckb1qzda0cr08m85hc8jlnfp3zer7xulejywt49kt2rr0vthywaa50xwsqfzgxljyv0d2hezcfypqscs5zy3kn7jhnqvv0xt6
1,0.756093602984255,HIGH_CONFIDENCE_PCA4,ckb1qzda0cr08m85hc8jlnfp3zer7xulejywt49kt2rr0vthywaa50xwsqfzzknutrncp6fupm6596sgyh5r0946rpsu6mkpk
2,0.9501480742792409,HIGH_CONFIDENCE_PCA4,ckb1qzda0cr08m85hc8jlnfp3zer7xulejywt49kt2rr0vthywaa50xwsqg0fsmjwhnshsqzsayprx9f7w0jwkn5zyqcrdluc
0,0.36806961715851505,HIGH_CONFIDENCE_PCA4,ckb1qzda0cr08m85hc8jlnfp3zer7xulejywt49kt2rr0vthywaa50xwsqg0prwcywrcc744qq5veu4upkur4665dlgr6003x
1,0.8582361317653785,HIGH_CONFIDENCE_PCA4,ckb1qzda0cr08m85hc8jlnfp3zer7xulejywt49kt2rr0vthywaa50xwsqg24w9uh6z7vg2mf48x5rq42t5aegfzxxsge2k2w
0,0.5063911503309324,HIGH_CONFIDENCE_PCA4,ckb1qzda0cr08m85hc8jlnfp3zer7xulejywt49kt2rr0vthywaa50xwsqg2fnljwt423kchx368x8xwstmkhx0k2agegvx0a
0,0.27053848124997104,HIGH_CONFIDENCE_PCA4,ckb1qzda0cr08m85hc8jlnfp3zer7xulejywt49kt2rr0vthywaa50xwsqg338aj4hnmutep9ufyd9yyuh3ju7rr8lq03fejn
2,0.4273132118734826,HIGH_CONFIDENCE_PCA4,ckb1qzda0cr08m85hc8jlnfp3zer7xulejywt49kt2rr0vthywaa50xwsqg3xv33uywn6sjyvmnzckatkpke54mlx8srepf4g
1,0.9943920677836797,HIGH_CONFIDENCE_PCA4,ckb1qzda0cr08m85hc8jlnfp3zer7xulejywt49kt2rr0vthywaa50xwsqg3y6k5gqrgjt54wzhxar4kys594v2s0vg2fpsmk
0,0.3052383575973224,HIGH_CONFIDENCE_PCA4,ckb1qzda0cr08m85hc8jlnfp3zer7xulejywt49kt2rr0vthywaa50xwsqg40ucnf7tt8zvnje7xhatf3yllc8zh4pqq25wqh
2,0.655947753459761,HIGH_CONFIDENCE_PCA4,ckb1qzda0cr08m85hc8jlnfp3zer7xulejywt49kt2rr0vthywaa50xwsqg4cz7lvtz6anfw0uxkrxu8d0gxcfuww2gp702wk
2,1.0,HIGH_CONFIDENCE_PCA4,ckb1qzda0cr08m85hc8jlnfp3zer7xulejywt49kt2rr0vthywaa50xwsqg4yg2m9jpx5efeu4q0vrp643gjmad37nqrk9glt
0,0.5063911503309324,HIGH_CONFIDENCE_PCA4,ckb1qzda0cr08m85hc8jlnfp3zer7xulejywt49kt2rr0vthywaa50xwsqg60za567aggkr4kdukm540wrujl4xn83g5sff6z
0,0.5063911503309324,HIGH_CONFIDENCE_PCA4,ckb1qzda0cr08m85hc8jlnfp3zer7xulejywt49kt2rr0vthywaa50xwsqg62egjmjcnvyrdl5z38esza6dgfxuy2xsy8gcsa
1,0.8582361317653785,HIGH_CONFIDENCE_PCA4,ckb1qzda0cr08m85hc8jlnfp3zer7xulejywt49kt2rr0vthywaa50xwsqg64upk25mkwaurfnz52t5wcm4hkw8ukgqdmqsjq
2,0.8346455775441897,HIGH_CONFIDENCE_PCA4,ckb1qzda0cr08m85hc8jlnfp3zer7xulejywt49kt2rr0vthywaa50xwsqg6agcch2m7k8lsh00nv05ztfmz0euvqkcfpz7ec
2,1.0,HIGH_CONFIDENCE_PCA4,ckb1qzda0cr08m85hc8jlnfp3zer7xulejywt49kt2rr0vthywaa50xwsqg6j932zy4ztkzmtpye2uhzsju5npw795s89dznx
2,0.3287873112539897,HIGH_CONFIDENCE_PCA4,ckb1qzda0cr08m85hc8jlnfp3zer7xulejywt49kt2rr0vthywaa50xwsqg709r8jqauttpmkjv2x2jg3mtdwvqk7acc26w2j
2,1.0,HIGH_CONFIDENCE_PCA4,ckb1qzda0cr08m85hc8jlnfp3zer7xulejywt49kt2rr0vthywaa50xwsqg8td6r2j7dwevxfd0c84lzn0j9dh0tkecqdrktc
2,0.3287873112539897,HIGH_CONFIDENCE_PCA4,ckb1qzda0cr08m85hc8jlnfp3zer7xulejywt49kt2rr0vthywaa50xwsqg9q2e95dadfctdfsuq5e5na0nwh58v4jc6rkddw
0,1.0,HIGH_CONFIDENCE_PCA4,ckb1qzda0cr08m85hc8jlnfp3zer7xulejywt49kt2rr0vthywaa50xwsqg9zt77ljsy79v237ska0mgf4zd50avq0cdx0vpw
2,1.0,HIGH_CONFIDENCE_PCA4,ckb1qzda0cr08m85hc8jlnfp3zer7xulejywt49kt2rr0vthywaa50xwsqga8fka44mj0qm9pz3zx8fh23cd9t7ye2qw4p9mm
0,0.20569562601024577,HIGH_CONFIDENCE_PCA4,ckb1qzda0cr08m85hc8jlnfp3zer7xulejywt49kt2rr0vthywaa50xwsqgcls79s3gyaetwz3sm27r5gfjguywnh2cxxda76
2,0.7093126814318848,HIGH_CONFIDENCE_PCA4,ckb1qzda0cr08m85hc8jlnfp3zer7xulejywt49kt2rr0vthywaa50xwsqge57hkg6u3mc7jwh7emmu7pne7keyn2ccf79a2t
2,1.0,HIGH_CONFIDENCE_PCA4,ckb1qzda0cr08m85hc8jlnfp3zer7xulejywt49kt2rr0vthywaa50xwsqgfkqygamtn953uq036rmprazg7rnkt67gdcyxxf
2,0.94560672900941,HIGH_CONFIDENCE_PCA4,ckb1qzda0cr08m85hc8jlnfp3zer7xulejywt49kt2rr0vthywaa50xwsqgg8w4ddafhudspnvc8aapvpek3rvmk33qqk5up2
2,0.9333002239250829,HIGH_CONFIDENCE_PCA4,ckb1qzda0cr08m85hc8jlnfp3zer7xulejywt49kt2rr0vthywaa50xwsqggs86408ja7nsgdh0lz0cxafua6u0pq5cmvsxuu
1,0.8582361317653785,HIGH_CONFIDENCE_PCA4,ckb1qzda0cr08m85hc8jlnfp3zer7xulejywt49kt2rr0vthywaa50xwsqggszva8zt4sr9p97fwvrhfhzqf7p29u8s3z6m5z
0,0.20569562601024577,HIGH_CONFIDENCE_PCA4,ckb1qzda0cr08m85hc8jlnfp3zer7xulejywt49kt2rr0vthywaa50xwsqgh8ejptxd3n05njryzm2vct7ew9jez6rs8uvuej
1,0.756093602984255,HIGH_CONFIDENCE_PCA4,ckb1qzda0cr08m85hc8jlnfp3zer7xulejywt49kt2rr0vthywaa50xwsqghntjqmjfan28zcakl06kt5v5x6upxtdgnsclpd
2,0.6926168808983538,HIGH_CONFIDENCE_PCA4,ckb1qzda0cr08m85hc8jlnfp3zer7xulejywt49kt2rr0vthywaa50xwsqgj3l4affhawvqru83788u58fphcrx2f8shd3h9l
2,0.4273703706577269,HIGH_CONFIDENCE_PCA4,ckb1qzda0cr08m85hc8jlnfp3zer7xulejywt49kt2rr0vthywaa50xwsqgjr2xdh0zyc53jxpwsvwxq5x8y05rmytcewmqcv
2,0.4328196366502516,HIGH_CONFIDENCE_PCA4,ckb1qzda0cr08m85hc8jlnfp3zer7xulejywt49kt2rr0vthywaa50xwsqgjuhrq84l5nk7ylhlcqpsa3yg974735rgy30uch
2,0.3287873112539897,HIGH_CONFIDENCE_PCA4,ckb1qzda0cr08m85hc8jlnfp3zer7xulejywt49kt2rr0vthywaa50xwsqgk9kfuz7fchth20ksf8d2x3eqph9le6cqhenpf3
0,1.0,HIGH_CONFIDENCE_PCA4,ckb1qzda0cr08m85hc8jlnfp3zer7xulejywt49kt2rr0vthywaa50xwsqgkfsftjekwd5gtrpludsuaynmccg37mssm6hpt9
2,0.832353555295462,HIGH_CONFIDENCE_PCA4,ckb1qzda0cr08m85hc8jlnfp3zer7xulejywt49kt2rr0vthywaa50xwsqgkfv8pzr5d26zcapqrd58ksc65w0qv8qqqp6xtc
2,1.0,HIGH_CONFIDENCE_PCA4,ckb1qzda0cr08m85hc8jlnfp3zer7xulejywt49kt2rr0vthywaa50xwsqgl8p3tyd357ap33wygmdxur9xj2pft5dc5q6uz7
2,0.9656930847781671,HIGH_CONFIDENCE_PCA4,ckb1qzda0cr08m85hc8jlnfp3zer7xulejywt49kt2rr0vthywaa50xwsqglrz80pqlcstnc89aw4dwr2av8spdc98sk7k0rz
0,1.0,HIGH_CONFIDENCE_PCA4,ckb1qzda0cr08m85hc8jlnfp3zer7xulejywt49kt2rr0vthywaa50xwsqgmjsf5sg7y340mh52tdh8z4p4v2yryk6ggzyu8m
2,1.0,HIGH_CONFIDENCE_PCA4,ckb1qzda0cr08m85hc8jlnfp3zer7xulejywt49kt2rr0vthywaa50xwsqgnhsvcls3zfj0jggg74nej0hxwmtzjjvcu09935
2,0.7648615130018996,HIGH_CONFIDENCE_PCA4,ckb1qzda0cr08m85hc8jlnfp3zer7xulejywt49kt2rr0vthywaa50xwsqgq74prpeqz7rlncvqz0j2gn4jxsg75ztggj7v7a
1,0.8582361317653785,HIGH_CONFIDENCE_PCA4,ckb1qzda0cr08m85hc8jlnfp3zer7xulejywt49kt2rr0vthywaa50xwsqgtjqt05crwkdrdnqjvvlckq8yy907z3xq8nhw6d
2,0.8907977037274278,HIGH_CONFIDENCE_PCA4,ckb1qzda0cr08m85hc8jlnfp3zer7xulejywt49kt2rr0vthywaa50xwsqgulzg2h44865y9svyw7s5390npefh3x9qrr8hc9
2,0.669533368300862,HIGH_CONFIDENCE_PCA4,ckb1qzda0cr08m85hc8jlnfp3zer7xulejywt49kt2rr0vthywaa50xwsqgvf6u2sgx8ud45x9dy6gqwl2rx5625w8g52tt66
2,1.0,HIGH_CONFIDENCE_PCA4,ckb1qzda0cr08m85hc8jlnfp3zer7xulejywt49kt2rr0vthywaa50xwsqgvhdamaryxwum3rdm2pfpm2vzlmt3e0uq0cll7q
2,1.0,HIGH_CONFIDENCE_PCA4,ckb1qzda0cr08m85hc8jlnfp3zer7xulejywt49kt2rr0vthywaa50xwsqgvmsa3c3ecl7edwqjvezvjcrwqs3ypy0gdesfvg
2,0.96242001276759,HIGH_CONFIDENCE_PCA4,ckb1qzda0cr08m85hc8jlnfp3zer7xulejywt49kt2rr0vthywaa50xwsqgvqj4l72jsc6mve69s24ggznk7vf09dpsgdszvp
0,1.0,HIGH_CONFIDENCE_PCA4,ckb1qzda0cr08m85hc8jlnfp3zer7xulejywt49kt2rr0vthywaa50xwsqgvs5gksmvyjy2jl746vvnnq5a7nuey9hsz2uudd
2,0.7025531281747402,HIGH_CONFIDENCE_PCA4,ckb1qzda0cr08m85hc8jlnfp3zer7xulejywt49kt2rr0vthywaa50xwsqgw7a8wtdmg4er900svtg4vqn27upcpq4cnd4g7v
0,1.0,HIGH_CONFIDENCE_PCA4,ckb1qzda0cr08m85hc8jlnfp3zer7xulejywt49kt2rr0vthywaa50xwsqgwclc88er2n8s5d5cscywyshz8r3rwr9qla2lgd
1,0.688765515508495,HIGH_CONFIDENCE_PCA4,ckb1qzda0cr08m85hc8jlnfp3zer7xulejywt49kt2rr0vthywaa50xwsqgwfecefxhhy7jtetnnf835cc6pc4hup2g3047fh
0,0.2397629516185259,HIGH_CONFIDENCE_PCA4,ckb1qzda0cr08m85hc8jlnfp3zer7xulejywt49kt2rr0vthywaa50xwsqgwum3jcpnajgd4teaa2zezc99pwfl3sug4xfx7f
2,1.0,HIGH_CONFIDENCE_PCA4,ckb1qzda0cr08m85hc8jlnfp3zer7xulejywt49kt2rr0vthywaa50xwsqgxe3ru50ecjjruz4tymv759ztsdff7lxq74umg9
2,0.7196677960875851,HIGH_CONFIDENCE_PCA4,ckb1qzda0cr08m85hc8jlnfp3zer7xulejywt49kt2rr0vthywaa50xwsqgyc38gxchqxq76zu6enhvgp5mdsgv8e7gzp680x
2,0.4878603222914483,HIGH_CONFIDENCE_PCA4,ckb1qzda0cr08m85hc8jlnfp3zer7xulejywt49kt2rr0vthywaa50xwsqgygj0n7vv7vk6ejt4d23yp87v5fe5352sv3hvfw
2,0.3249455540051933,HIGH_CONFIDENCE_PCA4,ckb1qzda0cr08m85hc8jlnfp3zer7xulejywt49kt2rr0vthywaa50xwsqgzgak4nyyfjzlcnx6lel86kkl9wmn8cmqg5mv52
2,1.0,HIGH_CONFIDENCE_PCA4,ckb1qzda0cr08m85hc8jlnfp3zer7xulejywt49kt2rr0vthywaa50xwsqgzku5d6wp53s4ukledn8j8u3t9vjxt7ys9uu00a
2,1.0,HIGH_CONFIDENCE_PCA4,ckb1qzda0cr08m85hc8jlnfp3zer7xulejywt49kt2rr0vthywaa50xwsqgzm5e3yf726rc70mkxfc2y2u4y3w27h6qeazjwx
2,0.7606702784873003,HIGH_CONFIDENCE_PCA4,ckb1qzda0cr08m85hc8jlnfp3zer7xulejywt49kt2rr0vthywaa50xwsqgzw9vj0prshmp4pm5jr0t8m4vwf353syqvqfm08
2,1.0,HIGH_CONFIDENCE_PCA4,ckb1qzda0cr08m85hc8jlnfp3zer7xulejywt49kt2rr0vthywaa50xwsqt0ayt9cx3tfx3gdmm9vt4r46tj26aus5q6rpaqf
1,0.6759696222500357,HIGH_CONFIDENCE_PCA4,ckb1qzda0cr08m85hc8jlnfp3zer7xulejywt49kt2rr0vthywaa50xwsqt2dw05dtsdwuhpd9klvtd8kywq7wmjd7c9zwp3d
2,1.0,HIGH_CONFIDENCE_PCA4,ckb1qzda0cr08m85hc8jlnfp3zer7xulejywt49kt2rr0vthywaa50xwsqt2e7jpk20nyyyuwdqmvqk427ql2593nugpqd4pp
2,0.5300489948283448,HIGH_CONFIDENCE_PCA4,ckb1qzda0cr08m85hc8jlnfp3zer7xulejywt49kt2rr0vthywaa50xwsqt2gnkqzr9sm0q9syuahhy9mgu9hx3r5pg74y4jz
2,1.0,HIGH_CONFIDENCE_PCA4,ckb1qzda0cr08m85hc8jlnfp3zer7xulejywt49kt2rr0vthywaa50xwsqt2hf4pt58qrvnfk02tyhq2pe30t209xecsrj2fy
0,0.5063911503309324,HIGH_CONFIDENCE_PCA4,ckb1qzda0cr08m85hc8jlnfp3zer7xulejywt49kt2rr0vthywaa50xwsqt3tqddwnr5xfm52vevcyujfw8nhrr77hc0uppq7
2,0.9414648617907379,HIGH_CONFIDENCE_PCA4,ckb1qzda0cr08m85hc8jlnfp3zer7xulejywt49kt2rr0vthywaa50xwsqt44ntk8mswsuzjtd7e5d4nm5q3akq8ppsvm3kqy
0,1.0,HIGH_CONFIDENCE_PCA4,ckb1qzda0cr08m85hc8jlnfp3zer7xulejywt49kt2rr0vthywaa50xwsqt4m3njt3khypyev79qutpf67rewetpltge0mfds
0,1.0,HIGH_CONFIDENCE_PCA4,ckb1qzda0cr08m85hc8jlnfp3zer7xulejywt49kt2rr0vthywaa50xwsqt4rtfua5eqvmwtyn08y8yycc5lx2wty3qtcxx2a
2,0.374110307717209,HIGH_CONFIDENCE_PCA4,ckb1qzda0cr08m85hc8jlnfp3zer7xulejywt49kt2rr0vthywaa50xwsqt5ctdrmqm0ay6yk8h9nxh7uy0xu7tm8zs8tvu99
1,1.0,HIGH_CONFIDENCE_PCA4,ckb1qzda0cr08m85hc8jlnfp3zer7xulejywt49kt2rr0vthywaa50xwsqt6tazknn3shl6jeynqghajfkmx0uxcsyg49hx74
2,1.0,HIGH_CONFIDENCE_PCA4,ckb1qzda0cr08m85hc8jlnfp3zer7xulejywt49kt2rr0vthywaa50xwsqt77x997v0x3d3m4sxxavmcanlvwn3q0hs4upt05
2,1.0,HIGH_CONFIDENCE_PCA4,ckb1qzda0cr08m85hc8jlnfp3zer7xulejywt49kt2rr0vthywaa50xwsqt7830n3sgc4rvmu4vym50snrq0f3qjsrgs64u8s
2,0.29780296344720464,HIGH_CONFIDENCE_PCA4,ckb1qzda0cr08m85hc8jlnfp3zer7xulejywt49kt2rr0vthywaa50xwsqt785chmwk9t3w2j3570chwvmwq3l2sxrcvmsm9d
0,1.0,HIGH_CONFIDENCE_PCA4,ckb1qzda0cr08m85hc8jlnfp3zer7xulejywt49kt2rr0vthywaa50xwsqt84rvxyppu7c7zfv6xq50zgv034hdjxmguxeszx
2,1.0,HIGH_CONFIDENCE_PCA4,ckb1qzda0cr08m85hc8jlnfp3zer7xulejywt49kt2rr0vthywaa50xwsqt8ypvjjfwqn6eneekj0ykwyzrr2jnhxfq8t88cr
2,0.5904926531006073,HIGH_CONFIDENCE_PCA4,ckb1qzda0cr08m85hc8jlnfp3zer7xulejywt49kt2rr0vthywaa50xwsqt94xsmh5kjp24djx4y5mpeq0usqthda4cvxxmuk
2,0.538046985935293,HIGH_CONFIDENCE_PCA4,ckb1qzda0cr08m85hc8jlnfp3zer7xulejywt49kt2rr0vthywaa50xwsqt99g9mrrpztjlg4tfwrnzeczrx6kpwdnqx90acl
1,1.0,HIGH_CONFIDENCE_PCA4,ckb1qzda0cr08m85hc8jlnfp3zer7xulejywt49kt2rr0vthywaa50xwsqt9vmtr0jddwrpmpp4tfvvmsmfxt4dvllqkk0arq
2,0.9429464104982808,HIGH_CONFIDENCE_PCA4,ckb1qzda0cr08m85hc8jlnfp3zer7xulejywt49kt2rr0vthywaa50xwsqtc39e2l04ha5t5fzvupspn49lftrglr8gw99j4e
1,0.5850004293783211,HIGH_CONFIDENCE_PCA4,ckb1qzda0cr08m85hc8jlnfp3zer7xulejywt49kt2rr0vthywaa50xwsqtcj3ytn3vr7ux8twl2esdzhwqklqm5a9qjff8zs
0,0.5063911503309324,HIGH_CONFIDENCE_PCA4,ckb1qzda0cr08m85hc8jlnfp3zer7xulejywt49kt2rr0vthywaa50xwsqtcpq6rsr3xmfz4xnav7vrszp3qwpcv9yg8urgcw
-1,0.0,HIGH_CONFIDENCE_PCA4,ckb1qzda0cr08m85hc8jlnfp3zer7xulejywt49kt2rr0vthywaa50xwsqtcz03jau3958a7esc84ygpk8vj8ad0njcym245u
0,0.9433268000797225,HIGH_CONFIDENCE_PCA4,ckb1qzda0cr08m85hc8jlnfp3zer7xulejywt49kt2rr0vthywaa50xwsqtd9vhcdxgszckmrhj4em08p4l7g6u877ccyzsy7
2,1.0,HIGH_CONFIDENCE_PCA4,ckb1qzda0cr08m85hc8jlnfp3zer7xulejywt49kt2rr0vthywaa50xwsqtdc7efeq2t3xnqhtp336tfxd9sns8hz4cg3qf4y
-1,0.0,HIGH_CONFIDENCE_PCA4,ckb1qzda0cr08m85hc8jlnfp3zer7xulejywt49kt2rr0vthywaa50xwsqtdjy59w688e9h3e6spw0ypv7k69nl2h6q3sma2z
0,0.5063911503309324,HIGH_CONFIDENCE_PCA4,ckb1qzda0cr08m85hc8jlnfp3zer7xulejywt49kt2rr0vthywaa50xwsqtdvhzxzyqcqqu3qu548g0yfhyhkn68s0s5tlqdh
2,1.0,HIGH_CONFIDENCE_PCA4,ckb1qzda0cr08m85hc8jlnfp3zer7xulejywt49kt2rr0vthywaa50xwsqtdwr0smrhh7h0pnkg2yve4ux7mfk3k9nswdj2s2
2,0.745850414007668,HIGH_CONFIDENCE_PCA4,ckb1qzda0cr08m85hc8jlnfp3zer7xulejywt49kt2rr0vthywaa50xwsqte8ruahspqmzkwmeuae4v5yymsg8r9r7spk8h0y
0,0.5640411211022376,HIGH_CONFIDENCE_PCA4,ckb1qzda0cr08m85hc8jlnfp3zer7xulejywt49kt2rr0vthywaa50xwsqtefa8zf5x0lltkreu77zv5830nwkld24gwljv3p
2,0.96694478472055,HIGH_CONFIDENCE_PCA4,ckb1qzda0cr08m85hc8jlnfp3zer7xulejywt49kt2rr0vthywaa50xwsqteuhr80vfws6en6ju03huzvp3xh9z0juqelhgxu
1,1.0,HIGH_CONFIDENCE_PCA4,ckb1qzda0cr08m85hc8jlnfp3zer7xulejywt49kt2rr0vthywaa50xwsqtf8pf9tn3xzl0pjnwpyp49nqyazx5rwts7a7d5z
2,1.0,HIGH_CONFIDENCE_PCA4,ckb1qzda0cr08m85hc8jlnfp3zer7xulejywt49kt2rr0vthywaa50xwsqtfs070fqhspjhhzf0l5d2hrpd5hjvzmkgh8p6j2
2,1.0,HIGH_CONFIDENCE_PCA4,ckb1qzda0cr08m85hc8jlnfp3zer7xulejywt49kt2rr0vthywaa50xwsqtg2eyp82x7jqlmy9ggy6nwp4kf3nzzkpqfgp859
2,0.9933142843614272,HIGH_CONFIDENCE_PCA4,ckb1qzda0cr08m85hc8jlnfp3zer7xulejywt49kt2rr0vthywaa50xwsqtg608sukx6zv02svdu0hm3304fxhfrfzqvaphhu
2,1.0,HIGH_CONFIDENCE_PCA4,ckb1qzda0cr08m85hc8jlnfp3zer7xulejywt49kt2rr0vthywaa50xwsqtgcug2zyn96tlrk38uespknjpm9kje90cuwuc97
1,1.0,HIGH_CONFIDENCE_PCA4,ckb1qzda0cr08m85hc8jlnfp3zer7xulejywt49kt2rr0vthywaa50xwsqtkpvummtxgqsj3c4hjzz72atds4jf8zcsyp90ve
2,0.7894822241478253,HIGH_CONFIDENCE_PCA4,ckb1qzda0cr08m85hc8jlnfp3zer7xulejywt49kt2rr0vthywaa50xwsqtl60mlnd8498tpqyfu5yud3fsrt5ndptc80xq2q
2,0.3287873112539897,HIGH_CONFIDENCE_PCA4,ckb1qzda0cr08m85hc8jlnfp3zer7xulejywt49kt2rr0vthywaa50xwsqtlpgc29k57ufndd7gpm2jjvpwc2hqygjgtf54lg
1,1.0,HIGH_CONFIDENCE_PCA4,ckb1qzda0cr08m85hc8jlnfp3zer7xulejywt49kt2rr0vthywaa50xwsqtmf2ge3pt50a67vdmwsj8l8rf6px43vxg098nyj
1,0.814478703028373,HIGH_CONFIDENCE_PCA4,ckb1qzda0cr08m85hc8jlnfp3zer7xulejywt49kt2rr0vthywaa50xwsqtnlh5nyt9d4rw4nn753ty8g9vuwxemmhgxqc6ug
2,0.6323048557474522,HIGH_CONFIDENCE_PCA4,ckb1qzda0cr08m85hc8jlnfp3zer7xulejywt49kt2rr0vthywaa50xwsqtq43kkkjp78arrz5dk9yazecfynnduu5qz9nfxd
2,0.6185722322095146,HIGH_CONFIDENCE_PCA4,ckb1qzda0cr08m85hc8jlnfp3zer7xulejywt49kt2rr0vthywaa50xwsqtq7kfg7m5nzejcjug02mqqklfjea7fykqu7h5nz
2,0.7480097104343725,HIGH_CONFIDENCE_PCA4,ckb1qzda0cr08m85hc8jlnfp3zer7xulejywt49kt2rr0vthywaa50xwsqtr5klxrl240p2jsldlwhd6w3dv7fjj59cp6nkwy
1,1.0,HIGH_CONFIDENCE_PCA4,ckb1qzda0cr08m85hc8jlnfp3zer7xulejywt49kt2rr0vthywaa50xwsqtrp6ncuqxwmyp7wfr9uywxyyfs7nvk44sx7ast5
2,0.6394853242110058,HIGH_CONFIDENCE_PCA4,ckb1qzda0cr08m85hc8jlnfp3zer7xulejywt49kt2rr0vthywaa50xwsqtrvtdrcnncgh0vsc6rvsfvl3mk4lrf0hqv5ttla
1,0.8582361317653785,HIGH_CONFIDENCE_PCA4,ckb1qzda0cr08m85hc8jlnfp3zer7xulejywt49kt2rr0vthywaa50xwsqtsqnt3y4hf88rqmpjz3t6aq94z5hzukvcx4papd
0,0.5063911503309324,HIGH_CONFIDENCE_PCA4,ckb1qzda0cr08m85hc8jlnfp3zer7xulejywt49kt2rr0vthywaa50xwsqttkscr3p930542e3zgzj3yujwpak0gq4slpgsny
2,1.0,HIGH_CONFIDENCE_PCA4,ckb1qzda0cr08m85hc8jlnfp3zer7xulejywt49kt2rr0vthywaa50xwsqtuds5922cp4p8zmnerrmqkwvq3358xywcws26ya
0,0.9026781261395667,HIGH_CONFIDENCE_PCA4,ckb1qzda0cr08m85hc8jlnfp3zer7xulejywt49kt2rr0vthywaa50xwsqtvk38dnwm5w9w2txerj53jfjlkwdmx63sacfnev
2,1.0,HIGH_CONFIDENCE_PCA4,ckb1qzda0cr08m85hc8jlnfp3zer7xulejywt49kt2rr0vthywaa50xwsqtxd3nueqkvw2s3xactdp9t0c6axsgmewgweeu7e
0,0.344575409983372,HIGH_CONFIDENCE_PCA4,ckb1qzda0cr08m85hc8jlnfp3zer7xulejywt49kt2rr0vthywaa50xwsqtxdw8h4yk3jnuln8ktwcdfymeapm6jg7s5pmley
2,1.0,HIGH_CONFIDENCE_PCA4,ckb1qzda0cr08m85hc8jlnfp3zer7xulejywt49kt2rr0vthywaa50xwsqtyedgf3hcmvghz4cmstp7pu7u76x93apgp9rzws
0,0.20569562601024577,HIGH_CONFIDENCE_PCA4,ckb1qzda0cr08m85hc8jlnfp3zer7xulejywt49kt2rr0vthywaa50xwsqtz7rcay08zu2uym7crxxe8dv9aj3thjgs7f3wu2
2,0.6185722322095146,HIGH_CONFIDENCE_PCA4,ckb1qzda0cr08m85hc8jlnfp3zer7xulejywt49kt2rr0vthywaa50xwsqv07sjyn42umzcrg5tr9zvx4mne3ay649s9mszdr
2,0.3723486883769739,HIGH_CONFIDENCE_PCA4,ckb1qzda0cr08m85hc8jlnfp3zer7xulejywt49kt2rr0vthywaa50xwsqv2mxk8gk0kdcqrjee7fdyy4dzjs3c8etq9dlarq
-1,0.0,HIGH_CONFIDENCE_PCA4,ckb1qzda0cr08m85hc8jlnfp3zer7xulejywt49kt2rr0vthywaa50xwsqv3zjwlrxn8vk53c4d9a8ksecf9rj86mfsv8t4pc
2,0.3287873112539897,HIGH_CONFIDENCE_PCA4,ckb1qzda0cr08m85hc8jlnfp3zer7xulejywt49kt2rr0vthywaa50xwsqv47n6dc9ay34npwktvlpp5huzjvd07t4qhspqyz
2,0.758556880486035,HIGH_CONFIDENCE_PCA4,ckb1qzda0cr08m85hc8jlnfp3zer7xulejywt49kt2rr0vthywaa50xwsqv52twl330j4d2n858snefzewnuwchku7ql2qas8
2,0.42389431202091454,HIGH_CONFIDENCE_PCA4,ckb1qzda0cr08m85hc8jlnfp3zer7xulejywt49kt2rr0vthywaa50xwsqv5uwm78vrgdrfmd056xn32q9junu3rg2c2we24p
2,0.9920319948090552,HIGH_CONFIDENCE_PCA4,ckb1qzda0cr08m85hc8jlnfp3zer7xulejywt49kt2rr0vthywaa50xwsqv5xn32cdl2t82kswqnrf27q6c4fzv5l2g22mhle
2,1.0,HIGH_CONFIDENCE_PCA4,ckb1qzda0cr08m85hc8jlnfp3zer7xulejywt49kt2rr0vthywaa50xwsqv7ayqjm88s60nm3gf56q55y578uw2weqgfx02sw
2,0.5234929723634526,HIGH_CONFIDENCE_PCA4,ckb1qzda0cr08m85hc8jlnfp3zer7xulejywt49kt2rr0vthywaa50xwsqv8mt7uj0ynsd25vlufex6xm5czh04nglsd68gcc
2,0.8770278514782011,HIGH_CONFIDENCE_PCA4,ckb1qzda0cr08m85hc8jlnfp3zer7xulejywt49kt2rr0vthywaa50xwsqv8yreznvv7falyl3sk08l74zh6aj9u9hsrpfysy
0,0.20569562601024577,HIGH_CONFIDENCE_PCA4,ckb1qzda0cr08m85hc8jlnfp3zer7xulejywt49kt2rr0vthywaa50xwsqv98zwvdlfvcwhppy75jcs0u8566vupxzs735ggx
1,1.0,HIGH_CONFIDENCE_PCA4,ckb1qzda0cr08m85hc8jlnfp3zer7xulejywt49kt2rr0vthywaa50xwsqv9hhmy8u8z5xeay9r56pp3akjdmmannxqx3n837
0,0.27057946335216326,HIGH_CONFIDENCE_PCA4,ckb1qzda0cr08m85hc8jlnfp3zer7xulejywt49kt2rr0vthywaa50xwsqvde0h8xdeqmmvrxqsjqf8pl9kjltjsupsfxlpgt
0,0.4561032931898275,HIGH_CONFIDENCE_PCA4,ckb1qzda0cr08m85hc8jlnfp3zer7xulejywt49kt2rr0vthywaa50xwsqvdsgte9pkmratzhwchaanuuvhvmd3pp9cfvddsg
0,0.5063911503309324,HIGH_CONFIDENCE_PCA4,ckb1qzda0cr08m85hc8jlnfp3zer7xulejywt49kt2rr0vthywaa50xwsqvdu4tnf9uueqjdd4k57c8hh5g458jlvlsk90qe4
1,1.0,HIGH_CONFIDENCE_PCA4,ckb1qzda0cr08m85hc8jlnfp3zer7xulejywt49kt2rr0vthywaa50xwsqvdu6azqm97z3nfv9r2zs0q9m9jedf4z0qllxwrl
2,1.0,HIGH_CONFIDENCE_PCA4,ckb1qzda0cr08m85hc8jlnfp3zer7xulejywt49kt2rr0vthywaa50xwsqvh639mn84vea2mr46k5rqrvfq6zg6h4mqaxt69f
0,1.0,HIGH_CONFIDENCE_PCA4,ckb1qzda0cr08m85hc8jlnfp3zer7xulejywt49kt2rr0vthywaa50xwsqvhl5ywzxe4tpun3frshvq34p7rlh356sq0sx2vd
0,0.3860788540808638,HIGH_CONFIDENCE_PCA4,ckb1qzda0cr08m85hc8jlnfp3zer7xulejywt49kt2rr0vthywaa50xwsqvjpnzdqgz2pqdmn72qmm3wus9je59wheqangdzf
2,0.5723043459273676,HIGH_CONFIDENCE_PCA4,ckb1qzda0cr08m85hc8jlnfp3zer7xulejywt49kt2rr0vthywaa50xwsqvjvfddqll5qztlccn06gs02ske0yc68esgdkxfp
1,0.8191768161467785,HIGH_CONFIDENCE_PCA4,ckb1qzda0cr08m85hc8jlnfp3zer7xulejywt49kt2rr0vthywaa50xwsqvkdvwnt7g07cavxzwdpc6rhyz9dpje6zgyldedd
2,1.0,HIGH_CONFIDENCE_PCA4,ckb1qzda0cr08m85hc8jlnfp3zer7xulejywt49kt2rr0vthywaa50xwsqvknttjvpk89lj2c9ykxvethuaft52j3fs9df6l3
2,0.7219065172772571,HIGH_CONFIDENCE_PCA4,ckb1qzda0cr08m85hc8jlnfp3zer7xulejywt49kt2rr0vthywaa50xwsqvkt2ql6y7gdn7dsh0txtwkluf8n57tadgdmaj8h
2,0.5271770460466676,HIGH_CONFIDENCE_PCA4,ckb1qzda0cr08m85hc8jlnfp3zer7xulejywt49kt2rr0vthywaa50xwsqvkxl5y7fzw25kenl7zsh5u5f8yjww5juc69llx3
0,0.5063911503309324,HIGH_CONFIDENCE_PCA4,ckb1qzda0cr08m85hc8jlnfp3zer7xulejywt49kt2rr0vthywaa50xwsqvmmkpv65ayqg2c6ezrf2644lcfqe4vjng0qv493
2,1.0,HIGH_CONFIDENCE_PCA4,ckb1qzda0cr08m85hc8jlnfp3zer7xulejywt49kt2rr0vthywaa50xwsqvn87j7a9sndal6f0rv6ny34z7s7mcvypg5qhygq
2,1.0,HIGH_CONFIDENCE_PCA4,ckb1qzda0cr08m85hc8jlnfp3zer7xulejywt49kt2rr0vthywaa50xwsqvq6ve8a90spwj33sdl7rtus9w5e0an4cc83el7m
2,1.0,HIGH_CONFIDENCE_PCA4,ckb1qzda0cr08m85hc8jlnfp3zer7xulejywt49kt2rr0vthywaa50xwsqvqt5lc9tlz527sfaf9k75eec0p3hf5epqqkr4vs
1,0.8158509120076619,HIGH_CONFIDENCE_PCA4,ckb1qzda0cr08m85hc8jlnfp3zer7xulejywt49kt2rr0vthywaa50xwsqvtd053tgl4c6dcn4qe70nvyygkmh2llwgesskle
2,0.5779820844707854,HIGH_CONFIDENCE_PCA4,ckb1qzda0cr08m85hc8jlnfp3zer7xulejywt49kt2rr0vthywaa50xwsqvtfx52pmwvmnlxc89ahpga6w6rk8r69xgmnsu28
1,1.0,HIGH_CONFIDENCE_PCA4,ckb1qzda0cr08m85hc8jlnfp3zer7xulejywt49kt2rr0vthywaa50xwsqvu4vva27ejspmqt30kg7zld29xznhxvwc5zpfpf
1,0.5103294497584642,HIGH_CONFIDENCE_PCA4,ckb1qzda0cr08m85hc8jlnfp3zer7xulejywt49kt2rr0vthywaa50xwsqvuh8nmuphsgaua6g0usmlknkk98gu4lhcmpyhsp
2,1.0,HIGH_CONFIDENCE_PCA4,ckb1qzda0cr08m85hc8jlnfp3zer7xulejywt49kt2rr0vthywaa50xwsqvva6zmstttmwvat2uw3k057rgnv5t3hts4vk7tv
2,0.4313447267512972,HIGH_CONFIDENCE_PCA4,ckb1qzda0cr08m85hc8jlnfp3zer7xulejywt49kt2rr0vthywaa50xwsqvwl42mn75qtakq62dsx96gtfy76rdchhsd37u49
2,0.8736938946182592,HIGH_CONFIDENCE_PCA4,ckb1qzda0cr08m85hc8jlnfp3zer7xulejywt49kt2rr0vthywaa50xwsqvwwjyy2ue6h3cg9yf6k07c4u5mlsep05s3evt90
1,1.0,HIGH_CONFIDENCE_PCA4,ckb1qzda0cr08m85hc8jlnfp3zer7xulejywt49kt2rr0vthywaa50xwsqvx0mstg9aqgrgvsqnrqd4ekwcthk0pfpqkaq02f
2,0.5879480046745258,HIGH_CONFIDENCE_PCA4,ckb1qzda0cr08m85hc8jlnfp3zer7xulejywt49kt2rr0vthywaa50xwsqvxfn4dw95uwpq972rjvvkzc44c0hxltkghsrja0
2,1.0,HIGH_CONFIDENCE_PCA4,ckb1qzda0cr08m85hc8jlnfp3zer7xulejywt49kt2rr0vthywaa50xwsqvy6p5scn5xvswncwlzpfhap4prkxracucm68kwj
2,0.5393280899520623,HIGH_CONFIDENCE_PCA4,ckb1qzda0cr08m85hc8jlnfp3zer7xulejywt49kt2rr0vthywaa50xwsqvy7kcd79as6em28rtmg777va2j349a3ycz75qyg
2,0.5336431513713337,HIGH_CONFIDENCE_PCA4,ckb1qzda0cr08m85hc8jlnfp3zer7xulejywt49kt2rr0vthywaa50xwsqvyeguxz4y45vydqtdrvz6xz43tlcdc7acjhkesk
2,0.3287873112539897,HIGH_CONFIDENCE_PCA4,ckb1qzda0cr08m85hc8jlnfp3zer7xulejywt49kt2rr0vthywaa50xwsqvzfcj3jtlhzyuu4s5frtv9d3r7mexqhnclvhwkr
2,0.31352438670847055,HIGH_CONFIDENCE_PCA4,ckb1qzda0cr08m85hc8jlnfp3zer7xulejywt49kt2rr0vthywaa50xwsqw0dr0ghl76nf5xkw6lx0lxm032kw2jwwq6lnmhx
1,1.0,HIGH_CONFIDENCE_PCA4,ckb1qzda0cr08m85hc8jlnfp3zer7xulejywt49kt2rr0vthywaa50xwsqw0kyehc00l04ru5dldfhhtalx43fe9ppsdzgzgz
2,1.0,HIGH_CONFIDENCE_PCA4,ckb1qzda0cr08m85hc8jlnfp3zer7xulejywt49kt2rr0vthywaa50xwsqw20ylwscm8q35fdgh6vvl0mjpmg4p3macchmmr6
2,0.8193360873600051,HIGH_CONFIDENCE_PCA4,ckb1qzda0cr08m85hc8jlnfp3zer7xulejywt49kt2rr0vthywaa50xwsqw2qmgk7tphggddk6mavjxzxhlaguum7ds7c7t8q
2,0.8364285154006283,HIGH_CONFIDENCE_PCA4,ckb1qzda0cr08m85hc8jlnfp3zer7xulejywt49kt2rr0vthywaa50xwsqw4klymd5zxdtersxfu8wafdq803fudg7qpp9dz7
2,0.5758719976640406,HIGH_CONFIDENCE_PCA4,ckb1qzda0cr08m85hc8jlnfp3zer7xulejywt49kt2rr0vthywaa50xwsqw4xpk4t3688duglxp0xvupwfj9u4y20rc5xvtlj
2,0.5460295084244589,HIGH_CONFIDENCE_PCA4,ckb1qzda0cr08m85hc8jlnfp3zer7xulejywt49kt2rr0vthywaa50xwsqw5pyla7y2d5y6dy2jxlj03c4p76ahmnhc0j4ars
2,1.0,HIGH_CONFIDENCE_PCA4,ckb1qzda0cr08m85hc8jlnfp3zer7xulejywt49kt2rr0vthywaa50xwsqw5rj262huu0sgcnq38shahvee2qpuuvtg8rve95
2,0.9973377001671605,HIGH_CONFIDENCE_PCA4,ckb1qzda0cr08m85hc8jlnfp3zer7xulejywt49kt2rr0vthywaa50xwsqw6hjwylgj9pw0ae8pw0ctke60jpqw6f6slep8r3
2,0.6731171204101813,HIGH_CONFIDENCE_PCA4,ckb1qzda0cr08m85hc8jlnfp3zer7xulejywt49kt2rr0vthywaa50xwsqw6sushnyawdllx7u6pgsf6vdtv90d3v2c6scl6v
2,0.6185722322095146,HIGH_CONFIDENCE_PCA4,ckb1qzda0cr08m85hc8jlnfp3zer7xulejywt49kt2rr0vthywaa50xwsqw76vqq45434vph49vkxl406cp95886x2g79zp4d
2,1.0,HIGH_CONFIDENCE_PCA4,ckb1qzda0cr08m85hc8jlnfp3zer7xulejywt49kt2rr0vthywaa50xwsqw7fspuj5ny44ce32pp8lvgjqw90uekrjcg8usv9
2,1.0,HIGH_CONFIDENCE_PCA4,ckb1qzda0cr08m85hc8jlnfp3zer7xulejywt49kt2rr0vthywaa50xwsqw827vkp4zln5plmzzktcymdr0ec8aqhpc4sr8d5
0,0.32436312873178574,HIGH_CONFIDENCE_PCA4,ckb1qzda0cr08m85hc8jlnfp3zer7xulejywt49kt2rr0vthywaa50xwsqw8sae6fd5sruyeewfc82gs6epxav9tapqsgphme
2,0.3398093476513791,HIGH_CONFIDENCE_PCA4,ckb1qzda0cr08m85hc8jlnfp3zer7xulejywt49kt2rr0vthywaa50xwsqw973g6gzfxn2yh804xl67mpf888tlagkqzh4v47
2,1.0,HIGH_CONFIDENCE_PCA4,ckb1qzda0cr08m85hc8jlnfp3zer7xulejywt49kt2rr0vthywaa50xwsqw9cxywse038q9496gt72efccm2jf0lygs5fcq86
2,1.0,HIGH_CONFIDENCE_PCA4,ckb1qzda0cr08m85hc8jlnfp3zer7xulejywt49kt2rr0vthywaa50xwsqw9eyh2qqwkzdmu5xlwkc4lhfx6zsmh0ssed8wsm
2,0.5561359452101432,HIGH_CONFIDENCE_PCA4,ckb1qzda0cr08m85hc8jlnfp3zer7xulejywt49kt2rr0vthywaa50xwsqw9qsdmw4sh8288hp9rg6rzv0zjnlq2ujs3mez8t
2,0.34193586323390335,HIGH_CONFIDENCE_PCA4,ckb1qzda0cr08m85hc8jlnfp3zer7xulejywt49kt2rr0vthywaa50xwsqw9t5zng6xx58m2nha3lw65da4tsdntkqcxt2q9p
2,0.9520381031749781,HIGH_CONFIDENCE_PCA4,ckb1qzda0cr08m85hc8jlnfp3zer7xulejywt49kt2rr0vthywaa50xwsqwau96q6673hp5t3ncxypt85vrlv3ldvmchs7tt3
0,0.5063911503309324,HIGH_CONFIDENCE_PCA4,ckb1qzda0cr08m85hc8jlnfp3zer7xulejywt49kt2rr0vthywaa50xwsqwd9wdqn3udclk6u86ed8glq7ep4gs2l6c4cwthv
2,0.6586309871056015,HIGH_CONFIDENCE_PCA4,ckb1qzda0cr08m85hc8jlnfp3zer7xulejywt49kt2rr0vthywaa50xwsqwda7qe8d78vuwpx20spzsuvtj92eulcagjenqnt
-1,0.0,HIGH_CONFIDENCE_PCA4,ckb1qzda0cr08m85hc8jlnfp3zer7xulejywt49kt2rr0vthywaa50xwsqwdr5q4rwruykhehd8hn6gxh892wtmdprcw3h3ce
2,1.0,HIGH_CONFIDENCE_PCA4,ckb1qzda0cr08m85hc8jlnfp3zer7xulejywt49kt2rr0vthywaa50xwsqwe92am9fu642zn6fjv7xp9u27e9afey2ce26d2t
0,0.2824512143565947,HIGH_CONFIDENCE_PCA4,ckb1qzda0cr08m85hc8jlnfp3zer7xulejywt49kt2rr0vthywaa50xwsqweaz0wqm6d5wzkyt2jay4ayx22vgxu6ys67s4w2
2,0.5338491413730787,HIGH_CONFIDENCE_PCA4,ckb1qzda0cr08m85hc8jlnfp3zer7xulejywt49kt2rr0vthywaa50xwsqwg4vuyxa8u6yekv7n3vevs5xj6mzn5rxgeudapp
2,0.9128376993633738,HIGH_CONFIDENCE_PCA4,ckb1qzda0cr08m85hc8jlnfp3zer7xulejywt49kt2rr0vthywaa50xwsqwh8cgh37vm79za0w7h9wc36rvkcucyaag3pg77j
1,0.7023427606588679,HIGH_CONFIDENCE_PCA4,ckb1qzda0cr08m85hc8jlnfp3zer7xulejywt49kt2rr0vthywaa50xwsqwhygetaaapeuwf7z4tftxkukdu6svw6qg2qajmg
0,1.0,HIGH_CONFIDENCE_PCA4,ckb1qzda0cr08m85hc8jlnfp3zer7xulejywt49kt2rr0vthywaa50xwsqwj5mah4ck3m7dkusnwpgyhmzf6zaaahpqzjwzns
2,0.6185722322095146,HIGH_CONFIDENCE_PCA4,ckb1qzda0cr08m85hc8jlnfp3zer7xulejywt49kt2rr0vthywaa50xwsqwjeupgccqe3mp2wzajp975muw56rxfzysgzn7cd
2,0.5940931352355221,HIGH_CONFIDENCE_PCA4,ckb1qzda0cr08m85hc8jlnfp3zer7xulejywt49kt2rr0vthywaa50xwsqwjhnuyhphnp99ysnl09ht9e3x2kh8s8acgdjpg3
2,0.995344872949992,HIGH_CONFIDENCE_PCA4,ckb1qzda0cr08m85hc8jlnfp3zer7xulejywt49kt2rr0vthywaa50xwsqwjhry2dvdzmftxqrsrwf04mjw3ah8hhjqh9zh7y
2,0.8233401034022592,HIGH_CONFIDENCE_PCA4,ckb1qzda0cr08m85hc8jlnfp3zer7xulejywt49kt2rr0vthywaa50xwsqwkp3rnla6nr3al235xz3kmr3c8s0v3kngg0vdcv
2,0.4546547766700723,HIGH_CONFIDENCE_PCA4,ckb1qzda0cr08m85hc8jlnfp3zer7xulejywt49kt2rr0vthywaa50xwsqwlkxpk8rnrzz2nhuswk2kzvempzsz2zjgwxnwny
2,1.0,HIGH_CONFIDENCE_PCA4,ckb1qzda0cr08m85hc8jlnfp3zer7xulejywt49kt2rr0vthywaa50xwsqwmrpzfvvj8mckknp5m5rkt8cd5hy2vhgq24t8sv
1,1.0,HIGH_CONFIDENCE_PCA4,ckb1qzda0cr08m85hc8jlnfp3zer7xulejywt49kt2rr0vthywaa50xwsqwn663qcrflxjdlepuaykc4lruvysm9u5cnn299s
2,1.0,HIGH_CONFIDENCE_PCA4,ckb1qzda0cr08m85hc8jlnfp3zer7xulejywt49kt2rr0vthywaa50xwsqwnla5w93964qlqcwaaeessdsk4h5pzkfs2f0ehn
2,0.3808804864505707,HIGH_CONFIDENCE_PCA4,ckb1qzda0cr08m85hc8jlnfp3zer7xulejywt49kt2rr0vthywaa50xwsqwpyugm7a4wtc5tphl0lwzjhcf9fu2l0ksdaezkc
2,1.0,HIGH_CONFIDENCE_PCA4,ckb1qzda0cr08m85hc8jlnfp3zer7xulejywt49kt2rr0vthywaa50xwsqwq5jlc6p7y2g7c59emwef66z5dc02m36sq3vsmj
2,0.900781620038088,HIGH_CONFIDENCE_PCA4,ckb1qzda0cr08m85hc8jlnfp3zer7xulejywt49kt2rr0vthywaa50xwsqwr3fzgs5ke9hg0gwzu6qhd7kxwj6e7t6sy7j449
0,0.20569562601024577,HIGH_CONFIDENCE_PCA4,ckb1qzda0cr08m85hc8jlnfp3zer7xulejywt49kt2rr0vthywaa50xwsqwr42a6hutw02a36n99zxzk9cdg8epdr4skkl97l
0,1.0,HIGH_CONFIDENCE_PCA4,ckb1qzda0cr08m85hc8jlnfp3zer7xulejywt49kt2rr0vthywaa50xwsqwrcse92s9lm5u09npr6uwhgsr0tk6scdsxn0pul
2,0.3533136124058161,HIGH_CONFIDENCE_PCA4,ckb1qzda0cr08m85hc8jlnfp3zer7xulejywt49kt2rr0vthywaa50xwsqwrn48zffgqgctt2netwvhcdn3pnznxceg9lhd3j
2,0.601907359255423,HIGH_CONFIDENCE_PCA4,ckb1qzda0cr08m85hc8jlnfp3zer7xulejywt49kt2rr0vthywaa50xwsqwsaytgethft2tx90hfcvmpazn02dmhyacz9xtxp
2,1.0,HIGH_CONFIDENCE_PCA4,ckb1qzda0cr08m85hc8jlnfp3zer7xulejywt49kt2rr0vthywaa50xwsqwtjgqcuyekuh50hv2gp447rx6mwzxvlwgm4j8vz
0,0.20569562601024577,HIGH_CONFIDENCE_PCA4,ckb1qzda0cr08m85hc8jlnfp3zer7xulejywt49kt2rr0vthywaa50xwsqwuuu2n4serlsnuvhxwu0nuhsms76aez0cv7nxdh
0,0.20569562601024577,HIGH_CONFIDENCE_PCA4,ckb1qzda0cr08m85hc8jlnfp3zer7xulejywt49kt2rr0vthywaa50xwsqwvalxcu23ejp75sp0sgg7t6ktdy3dyy3q5czey6
2,1.0,HIGH_CONFIDENCE_PCA4,ckb1qzda0cr08m85hc8jlnfp3zer7xulejywt49kt2rr0vthywaa50xwsqwvhy6a0x57agapj2sh47ll9fpgvp753nshpjjpz
0,0.806700426610105,HIGH_CONFIDENCE_PCA4,ckb1qzda0cr08m85hc8jlnfp3zer7xulejywt49kt2rr0vthywaa50xwsqwx8ftt5lmk8pt5ux00wvyz5qrswq9uckq3yqc5x
2,1.0,HIGH_CONFIDENCE_PCA4,ckb1qzda0cr08m85hc8jlnfp3zer7xulejywt49kt2rr0vthywaa50xwsqwxdvqk5f5k404wykzsfuu4cjvh4n96zrq9yl6w6
0,0.20569562601024577,HIGH_CONFIDENCE_PCA4,ckb1qzda0cr08m85hc8jlnfp3zer7xulejywt49kt2rr0vthywaa50xwsqwz877ez7j69yehpaxf8fjl4g6cxg59k4cmp9c8s
2,0.44431939109052143,HIGH_CONFIDENCE_PCA4,ckb1qzda0cr08m85hc8jlnfp3zer7xulejywt49kt2rr0vthywaa50xwsqwzcjq4mzexlu6h5mrpldplwt6ht8w7ujcfjltsn
-1,0.0,HIGH_CONFIDENCE_PCA4,ckb1qzdcr9un5ezx8tkh03s46m9jymh22jruelq8svzr5krj2nx69dhjvqgj8zvgw355fmpvj6qqyaxtary4w9d4cqzrqq9ktcjg
1,0.578076307606028,HIGH_CONFIDENCE_PCA4,ckb1qzdcr9un5ezx8tkh03s46m9jymh22jruelq8svzr5krj2nx69dhjvqgj99jj9hhu3m95gpncj0zqtt8trplsj44sqqe5d89y
-1,0.0,HIGH_CONFIDENCE_PCA4,ckb1qzdcr9un5ezx8tkh03s46m9jymh22jruelq8svzr5krj2nx69dhjvqgjn6kfkeu23q74kndpaxw42z77vgat6v86qq6z03rf
2,0.5130120303674764,HIGH_CONFIDENCE_PCA4,ckb1qzdcr9un5ezx8tkh03s46m9jymh22jruelq8svzr5krj2nx69dhjvqgjrdnzrv7tvcd9nrfr7lmqh0gatk7nxy9jqq2yluhf
2,0.4587658042703379,HIGH_CONFIDENCE_PCA4,ckb1qzfhdsa4syv599s2s3nfrctwga70g0tu07n9gpnun9ydlngf5vsnwqg90xpp8x5pye38hetcd6kdgl899qk2arfgq4ucyyu6synxy7l90ph2e4ruu55zet5d9q7s4c2a
-1,0.0,HIGH_CONFIDENCE_PCA4,ckb1qzfhdsa4syv599s2s3nfrctwga70g0tu07n9gpnun9ydlngf5vsnwqg92falqnnya92lpxwtsy25nuns2hsundmxq4f8huzwvn54tuyeewq32j0jwp27rjdhvcdctkl6
-1,0.0,HIGH_CONFIDENCE_PCA4,ckb1qzfhdsa4syv599s2s3nfrctwga70g0tu07n9gpnun9ydlngf5vsnwqg939y8pph07lrs6upe8j570llehe5rgjkqqky5suyxalmuwrts8y72nelllxlxsdz2cq2yp3v8
2,0.3676858015666689,HIGH_CONFIDENCE_PCA4,ckb1qzfhdsa4syv599s2s3nfrctwga70g0tu07n9gpnun9ydlngf5vsnwqg94uyxasd2sd0n8e7pl8qv43ps3x28wkpnqkhssmkp42p47vl8c8uupjkyxzyega6cxv63qjzm
2,0.31345521848998686,HIGH_CONFIDENCE_PCA4,ckb1qzfhdsa4syv599s2s3nfrctwga70g0tu07n9gpnun9ydlngf5vsnwqg94vapl8vqp48yyrzf9kvvqd6ddjvnlzgqqk4n58uasqx5ussvfyke3sphf4kfj0ufqqg0acwp
2,0.3572138076690667,HIGH_CONFIDENCE_PCA4,ckb1qzfhdsa4syv599s2s3nfrctwga70g0tu07n9gpnun9ydlngf5vsnwqg95gqrcgaw8zpgwmw3frreclfrtsg776gfqk3qq0pr4cug9pmd69yv08raydwprmmfpyn90q6w
2,0.36302674978543265,HIGH_CONFIDENCE_PCA4,ckb1qzfhdsa4syv599s2s3nfrctwga70g0tu07n9gpnun9ydlngf5vsnwqg966wtv7g5pldu9eds69maqxsd2mf9r0wfqhtfednezs8ahsh9krgh05q6p4tdy5daeylqaayk
-1,0.0,HIGH_CONFIDENCE_PCA4,ckb1qzfhdsa4syv599s2s3nfrctwga70g0tu07n9gpnun9ydlngf5vsnwqg96cy3mxvy66tmahlt4v9ewah9nj9qs329qhtqj8vesntf00klaw4sh9mkukwg5zz9g5zvla9n
2,0.4842064368521489,HIGH_CONFIDENCE_PCA4,ckb1qzfhdsa4syv599s2s3nfrctwga70g0tu07n9gpnun9ydlngf5vsnwqg989xqg8r09h0jjzvcqduwspsx40dsaqxwq5u5cpquduka72gfnqph36qxq64akr5qeclp66q4
2,0.5460295084244589,HIGH_CONFIDENCE_PCA4,ckb1qzfhdsa4syv599s2s3nfrctwga70g0tu07n9gpnun9ydlngf5vsnwqg99y922zqav2vvrqv5n9rgjwrk5xmkhu2yq55s4fggr43f3svpjjv5dzfcw6smw6l3gsnklkev
-1,0.0,HIGH_CONFIDENCE_PCA4,ckb1qzfhdsa4syv599s2s3nfrctwga70g0tu07n9gpnun9ydlngf5vsnwqg9apm7q2y4u92yz5znq8n4tspl5wpm58mfqh580cpgjhs4gs2s2vq7w4wq873c8wsldy7w2h9l
2,0.5460177557810278,HIGH_CONFIDENCE_PCA4,ckb1qzfhdsa4syv599s2s3nfrctwga70g0tu07n9gpnun9ydlngf5vsnwqg9d2dw93zxz5s6cz9ef0r3e86v8eu9ptewq44f4ckygc2jrtqgh99uw8ylfsl8s5909c03vuqx
0,0.3288909591255686,HIGH_CONFIDENCE_PCA4,ckb1qzfhdsa4syv599s2s3nfrctwga70g0tu07n9gpnun9ydlngf5vsnwqg9d8578luy5wxmq9hqgqkqf0hlc2slmegyq457ncllsj3cmvqkupqzcp97llp2rl09qsf6gpau
2,0.3640344093682159,HIGH_CONFIDENCE_PCA4,ckb1qzfhdsa4syv599s2s3nfrctwga70g0tu07n9gpnun9ydlngf5vsnwqg9dewxvecx99rdppfuw5zdppzkyhh6mmahq4h9cen8qc55d5y9836sf5yy2cj7lt00ku7jdu9g
2,0.4838849731964683,HIGH_CONFIDENCE_PCA4,ckb1qzfhdsa4syv599s2s3nfrctwga70g0tu07n9gpnun9ydlngf5vsnwqg9epk0fesdwvgyqm0snhugdv4sv9scazygqhyxea8xp4e3qsrd7zwl3p4jkpskrr5g3qatxn96
2,0.48404781968189253,HIGH_CONFIDENCE_PCA4,ckb1qzfhdsa4syv599s2s3nfrctwga70g0tu07n9gpnun9ydlngf5vsnwqg9eu7ea9crgq4jcckyy8xtc9tsvmp7dfr9qh8nm85hqdqzktrzcssue0q4wpnv8e4yv5zyyn9r
2,0.48415402520021456,HIGH_CONFIDENCE_PCA4,ckb1qzfhdsa4syv599s2s3nfrctwga70g0tu07n9gpnun9ydlngf5vsnwqg9f27gfvl2w82qaenx7ygdazqwdw9u72vwq49tep9nafcagrhxvmc3ph5gpe4chnef3ce546ng
2,0.5460409642987073,HIGH_CONFIDENCE_PCA4,ckb1qzfhdsa4syv599s2s3nfrctwga70g0tu07n9gpnun9ydlngf5vsnwqg9kjwx8e2juvc2vmlcst8rssrv4j0lxrfkqk6fccl92t3npfn0lzpvuwzqdjkflucdxcurx4r4
2,0.5378166635425135,HIGH_CONFIDENCE_PCA4,ckb1qzfhdsa4syv599s2s3nfrctwga70g0tu07n9gpnun9ydlngf5vsnwqg9krv8c4sraut26xuns26r372lg0s2wnfcqh580cpgjhs4gs2s2vq7w4wq873c8wsldygzwp0z
2,0.48404779825623806,HIGH_CONFIDENCE_PCA4,ckb1qzfhdsa4syv599s2s3nfrctwga70g0tu07n9gpnun9ydlngf5vsnwqg9l7r63jg9j5t36pkf945jdkalgdmheaarqhlc02xfqk23w8gxeykkjfkmhaphwl8h5v5cv94s
2,0.5459546834536946,HIGH_CONFIDENCE_PCA4,ckb1qzfhdsa4syv599s2s3nfrctwga70g0tu07n9gpnun9ydlngf5vsnwqg9ppwdq9xgt6fr7grkwhj6twd3w43hdsh5q5y9e5q5ep0fy0eqwe67tfdek96kxakz7sm9w7mn
2,0.3425922446118025,HIGH_CONFIDENCE_PCA4,ckb1qzfhdsa4syv599s2s3nfrctwga70g0tu07n9gpnun9ydlngf5vsnwqg9rhw8jpwu9z3f40kyqvucsjx9dxdvnjucq5wac7g9ms529x47cspnnzzgc45e4jwtnqr08mrg
2,0.5460295115097926,HIGH_CONFIDENCE_PCA4,ckb1qzfhdsa4syv599s2s3nfrctwga70g0tu07n9gpnun9ydlngf5vsnwqg9slzd7jvhwlruz9jtrx62wpy66cehjgz2qkrufh6fjamu0sgkfvvmffcynttrx7fqfg9yms90
2,0.5460295084244589,HIGH_CONFIDENCE_PCA4,ckb1qzfhdsa4syv599s2s3nfrctwga70g0tu07n9gpnun9ydlngf5vsnwqg9v2an42yr5rxmy7x683wkgmce2a8gswtsq43tkw4gswsvmvncmg796er0r9t5azpewq87pvhs
2,0.36768463793308864,HIGH_CONFIDENCE_PCA4,ckb1qzfhdsa4syv599s2s3nfrctwga70g0tu07n9gpnun9ydlngf5vsnwqg9vjzjm0xkz8frv8u7c644xprsf2q3654lq4jg2tdu6cgaydslnmr2k5cywp9gz82jhul7732h
2,0.4841540041443834,HIGH_CONFIDENCE_PCA4,ckb1qzfhdsa4syv599s2s3nfrctwga70g0tu07n9gpnun9ydlngf5vsnwqg9vqzwej3l7amlg7w4fea6d5apt73pe5z5q4sqfmx28lmh0are6488hfkn5906y8xs2s5cdt5x
2,0.5460057130602491,HIGH_CONFIDENCE_PCA4,ckb1qzfhdsa4syv599s2s3nfrctwga70g0tu07n9gpnun9ydlngf5vsnwqggq7xygka0fffckdwnzn68hgm9h9r3g74xryyq0rzytwh555utxhf3farm5djmj3c502npjc8dplu
2,0.5371572984605513,HIGH_CONFIDENCE_PCA4,ckb1qzfhdsa4syv599s2s3nfrctwga70g0tu07n9gpnun9ydlngf5vsnwqggqlc8fmqp73anzq4x4hm9w42vuvm85n62xsz7salq9z27z4zp2pfsre64cql68qa6ra5s08ms0u
1,0.5388083594169041,HIGH_CONFIDENCE_PCA4,ckb1qzl58smqy32hnrq6vxjedcxe2fugvnz497h7yvwqvwel40uh4rltcqfcnzr5d9zwctyksqp8fjlge9t3tdwqqscw0dlgc
1,0.8041469418460763,HIGH_CONFIDENCE_PCA6,ckb1qpl0dc3xe2dr299vwe6e7zc42rnsex4pptlcjyglahevnkqq6ft0wqgw8xxul
-1,0.0,HIGH_CONFIDENCE_PCA6,ckb1qpw9q60tppt7l3j7r09qcp7lxnp3vcanvgha8pmvsa3jplykxn32sqgwvhnrqkx9ka45f2cnc90fy30m3scpupqggwawq
1,1.0,HIGH_CONFIDENCE_PCA6,ckb1qq650jd22cuqferm504axlnqztjy0jg6yw8h4fcmrf6nr8c3murquqf4mptuftgkyj3u42mdwj9583pdfzvl6u5cg4qnx88s32fzxpeldkc9daejv92lx2qqqqqqqqqqqqqqqqqqqqqqqqqqqvqsqfnz866tkgcqqqqqqqqqqqqqphzrf9lmyqgqqqqqqqqqqqqqqqq7czxzj
1,0.5455540013014453,HIGH_CONFIDENCE_PCA6,ckb1qqcratfhhe0whl8n2pyyw9248r9kyw3x7gmkp80jf0ffvagvzgc8sqgdzm4fw
1,1.0,HIGH_CONFIDENCE_PCA6,ckb1qqcz6dvc97r9a097mwdfxc8yq5cw6v4dhrsskshmhecdsvf07l8d7q034hj6qjn294z8gdh63kf30m565mcmkphjxtfee9fly023cx3l8v9w3h7z
1,1.0,HIGH_CONFIDENCE_PCA6,ckb1qqcz6dvc97r9a097mwdfxc8yq5cw6v4dhrsskshmhecdsvf07l8d7q245y9mqs3e4l6ycsv4amhgzhzd85ewf59amlnmqmur37uda2c8fuyf2j6v
1,1.0,HIGH_CONFIDENCE_PCA6,ckb1qqcz6dvc97r9a097mwdfxc8yq5cw6v4dhrsskshmhecdsvf07l8d7qd8fdu5vu3fwqfjkscg6umfxczuyh7dd29nwexznhftzvr0znpzygrdjjm7
1,1.0,HIGH_CONFIDENCE_PCA6,ckb1qqcz6dvc97r9a097mwdfxc8yq5cw6v4dhrsskshmhecdsvf07l8d7qf4mvqmuqzfeahs4axptm5en0m3jjndht530kdp0uvxvjr3un0rsvh828t2
1,0.9044372818868359,HIGH_CONFIDENCE_PCA6,ckb1qqcz6dvc97r9a097mwdfxc8yq5cw6v4dhrsskshmhecdsvf07l8d7qfg6grazjdwmf9uzf8deshhr9wsn85w2l66e8d9g7gpz0gveu28zv6pk3z4
1,1.0,HIGH_CONFIDENCE_PCA6,ckb1qqcz6dvc97r9a097mwdfxc8yq5cw6v4dhrsskshmhecdsvf07l8d7qvml6appkndqvveylvggcmfk02vgs76k87eqmctyamkjwc0ppuqf5uvskfx
1,1.0,HIGH_CONFIDENCE_PCA6,ckb1qqcz6dvc97r9a097mwdfxc8yq5cw6v4dhrsskshmhecdsvf07l8d7qw3smwpw49khlnp34vzdfg27rsau0fpnx4eq8u6l4fzucydmsjkfy7jfem9
1,1.0,HIGH_CONFIDENCE_PCA6,ckb1qqunmue4ncels5qse4j6839yy68h9k27c6cyj7q6j9kxsze3a2dgsqdc96g88lhq0ww27cjlp0j960kqvxlzyyhww4pyhk5ztgzaem7q5s6rs7mt
1,0.944127599859905,HIGH_CONFIDENCE_PCA6,ckb1qqunmue4ncels5qse4j6839yy68h9k27c6cyj7q6j9kxsze3a2dgsqvcg4qnx88s32fzxpeldkc9daejv92lx2yupu5ahmqkdhwlhm9qksdws8hd
1,0.500030428115561,HIGH_CONFIDENCE_PCA6,ckb1qr2g8yj3vrjzx2evk20szt5rszmmvykhrn6w0xv3ga4khnmpqu6lvqq3u8mhh
1,1.0,HIGH_CONFIDENCE_PCA6,ckb1qrgqep8saj8agswr30pls73hra28ry8jlnlc3ejzh3dl2ju7xxpjxqgqq82w09dxh4f3gl6se95l7k0g3n3wjjsgdstzvp4c
1,1.0,HIGH_CONFIDENCE_PCA6,ckb1qrgqep8saj8agswr30pls73hra28ry8jlnlc3ejzh3dl2ju7xxpjxqgqq84zvv7khuuad70n45llzf9p6zahk9680sw2qed8
1,0.9175047997427516,HIGH_CONFIDENCE_PCA6,ckb1qrgqep8saj8agswr30pls73hra28ry8jlnlc3ejzh3dl2ju7xxpjxqgqq8897n3kut095xgled9dpczz0t7hg7w87un0vrnk
1,1.0,HIGH_CONFIDENCE_PCA6,ckb1qrgqep8saj8agswr30pls73hra28ry8jlnlc3ejzh3dl2ju7xxpjxqgqq89qeq8sz02jymcmc8nm5qsfmwyxtvqemvnunp36
1,0.9175047997427516,HIGH_CONFIDENCE_PCA6,ckb1qrgqep8saj8agswr30pls73hra28ry8jlnlc3ejzh3dl2ju7xxpjxqgqq89s0k62mh0xf6hn8cc20wunuarrumudx5nwq9uk
1,1.0,HIGH_CONFIDENCE_PCA6,ckb1qrgqep8saj8agswr30pls73hra28ry8jlnlc3ejzh3dl2ju7xxpjxqgqq8crqpcx3nq9p23h8ep5zzpga67ygfd73scdttd5
1,0.6774604986457899,HIGH_CONFIDENCE_PCA6,ckb1qrgqep8saj8agswr30pls73hra28ry8jlnlc3ejzh3dl2ju7xxpjxqgqq8gauytada8x688zt0makt3pjmdaad6u8uym77ef
0,1.0,HIGH_CONFIDENCE_PCA6,ckb1qrgqep8saj8agswr30pls73hra28ry8jlnlc3ejzh3dl2ju7xxpjxqgqq8hrnm86uy32m0wv24eqwyvl4crudtnc3yu82y8n
1,0.9175047997427516,HIGH_CONFIDENCE_PCA6,ckb1qrgqep8saj8agswr30pls73hra28ry8jlnlc3ejzh3dl2ju7xxpjxqgqq8jjta82sj7lcz5ewruppmfrrvtg9nh4vvg5klxg
1,0.6905588875887778,HIGH_CONFIDENCE_PCA6,ckb1qrgqep8saj8agswr30pls73hra28ry8jlnlc3ejzh3dl2ju7xxpjxqgqq8kwzq44p8ap4zclfc3vfgw5uxqqnegf0u7t0l86
-1,0.0,HIGH_CONFIDENCE_PCA6,ckb1qrgqep8saj8agswr30pls73hra28ry8jlnlc3ejzh3dl2ju7xxpjxqgqq8t3pqdfg3rnsqe8vgv93d49evdzkvpxcce0ml7v
1,0.9185577847427171,HIGH_CONFIDENCE_PCA6,ckb1qrgqep8saj8agswr30pls73hra28ry8jlnlc3ejzh3dl2ju7xxpjxqgqq92dx9xep8pwxacajpvvlcj4j7tlk9uhng4j74ms
1,0.7868972449095232,HIGH_CONFIDENCE_PCA6,ckb1qrgqep8saj8agswr30pls73hra28ry8jlnlc3ejzh3dl2ju7xxpjxqgqq94q52uky0frd8sge5jnfwnm89zclmrg35ltra3y
1,0.9175047997427516,HIGH_CONFIDENCE_PCA6,ckb1qrgqep8saj8agswr30pls73hra28ry8jlnlc3ejzh3dl2ju7xxpjxqgqq97nlhckh68mupdw9w33xhp4hedejskhxs9ef2y4
1,1.0,HIGH_CONFIDENCE_PCA6,ckb1qrgqep8saj8agswr30pls73hra28ry8jlnlc3ejzh3dl2ju7xxpjxqgqq9ef4udwfyuwywlsqwy08wpapagss8ej8yxj50cr
1,1.0,HIGH_CONFIDENCE_PCA6,ckb1qrgqep8saj8agswr30pls73hra28ry8jlnlc3ejzh3dl2ju7xxpjxqgqq9fmlyjt4ydumr7u27ltfz3vjfj2s2hgmgwc8awk
1,0.9175047997427516,HIGH_CONFIDENCE_PCA6,ckb1qrgqep8saj8agswr30pls73hra28ry8jlnlc3ejzh3dl2ju7xxpjxqgqq9fz7cfu5xla5nd3ay686gm2ajnzh89h8c48k7uz
1,1.0,HIGH_CONFIDENCE_PCA6,ckb1qrgqep8saj8agswr30pls73hra28ry8jlnlc3ejzh3dl2ju7xxpjxqgqq9m8eyncfhezf8s68djzwk5f9yjgwc6frqej2wsh
1,0.9433170678849628,HIGH_CONFIDENCE_PCA6,ckb1qrgqep8saj8agswr30pls73hra28ry8jlnlc3ejzh3dl2ju7xxpjxqgqq9xtegwt8nftvp2sjp83djfqela8e8uxdcxz9a3g
1,1.0,HIGH_CONFIDENCE_PCA6,ckb1qrgqep8saj8agswr30pls73hra28ry8jlnlc3ejzh3dl2ju7xxpjxqgqqx0f0kn59zeww42ufe72s3zp843zjtm70qknllc8
1,1.0,HIGH_CONFIDENCE_PCA6,ckb1qrgqep8saj8agswr30pls73hra28ry8jlnlc3ejzh3dl2ju7xxpjxqgqqx8ced038s4z2vxfkqu7jzdcqs7q6qhxjqxupv3g
1,1.0,HIGH_CONFIDENCE_PCA6,ckb1qrgqep8saj8agswr30pls73hra28ry8jlnlc3ejzh3dl2ju7xxpjxqgqqxamnrpernhha9nsyus0k6f8a6ays6t0cusm37pn
1,1.0,HIGH_CONFIDENCE_PCA6,ckb1qrgqep8saj8agswr30pls73hra28ry8jlnlc3ejzh3dl2ju7xxpjxqgqqxeawela8galsacxfd7d4xaymhy9jpmqeqyruqve
1,1.0,HIGH_CONFIDENCE_PCA6,ckb1qrgqep8saj8agswr30pls73hra28ry8jlnlc3ejzh3dl2ju7xxpjxqgqqxmkl3lngrcklwa8grdc8ja6n4s40pu4sc0w0aln
1,0.9175047997427516,HIGH_CONFIDENCE_PCA6,ckb1qrgqep8saj8agswr30pls73hra28ry8jlnlc3ejzh3dl2ju7xxpjxqgqqxvxkq3zapxvyv6qktfyhq84puycg59s2q0smpl6
1,0.9175047997427516,HIGH_CONFIDENCE_PCA6,ckb1qrgqep8saj8agswr30pls73hra28ry8jlnlc3ejzh3dl2ju7xxpjxqgqqy5z928yw33t5enjqglmeq7w23dk99q7qvm3yvlr
1,0.9175047997427516,HIGH_CONFIDENCE_PCA6,ckb1qrgqep8saj8agswr30pls73hra28ry8jlnlc3ejzh3dl2ju7xxpjxqgqqydhfg585sfcxu5gpaqs5sme8rn30c5yagaawuq2
1,1.0,HIGH_CONFIDENCE_PCA6,ckb1qrgqep8saj8agswr30pls73hra28ry8jlnlc3ejzh3dl2ju7xxpjxqgqqygpfd4a3nnel8tg9ntkwayy9hx537qf4yyyg3v0
1,0.5859841717027754,HIGH_CONFIDENCE_PCA6,ckb1qrgqep8saj8agswr30pls73hra28ry8jlnlc3ejzh3dl2ju7xxpjxqgqqyjw0y2p7ahcysl4qhq97x60svqn29492qpkvy2s
1,0.7797283339267711,HIGH_CONFIDENCE_PCA6,ckb1qrgqep8saj8agswr30pls73hra28ry8jlnlc3ejzh3dl2ju7xxpjxqgqqyknjsdgjmz9a475mzuledqlm82yujj4vu8xllec
1,0.9175047997427516,HIGH_CONFIDENCE_PCA6,ckb1qrgqep8saj8agswr30pls73hra28ry8jlnlc3ejzh3dl2ju7xxpjxqgqqym5d4n465eu93tdcz5sycepdkatjahp9uwdcpfy
1,0.47791538548491935,HIGH_CONFIDENCE_PCA6,ckb1qrgqep8saj8agswr30pls73hra28ry8jlnlc3ejzh3dl2ju7xxpjxqgqqymvu6d289ggsyudpamr4g6ayz62gpp34qzy30vs
1,0.9175047997427516,HIGH_CONFIDENCE_PCA6,ckb1qrgqep8saj8agswr30pls73hra28ry8jlnlc3ejzh3dl2ju7xxpjxqgqqytevmf523qgwexunz0pf59ysl6dvxvvusuft43p
1,1.0,HIGH_CONFIDENCE_PCA6,ckb1qrj9k8u0yxllyvfhqddr4d636adnd2vpmmkru7pqr99ecppfvl60zq2jdhmvxjtkj8fx84gevn93j5eyc2xtgmg63glfg
1,1.0,HIGH_CONFIDENCE_PCA6,ckb1qrj9k8u0yxllyvfhqddr4d636adnd2vpmmkru7pqr99ecppfvl60zqfd4pj6za0jzhxvsk960aw4ylu48hmrtjq8ec8zj
1,1.0,HIGH_CONFIDENCE_PCA6,ckb1qrj9k8u0yxllyvfhqddr4d636adnd2vpmmkru7pqr99ecppfvl60zqfuh3ru2j5lmm6cl4tt7dqme28545t9yzsyhsyzg
1,1.0,HIGH_CONFIDENCE_PCA6,ckb1qrj9k8u0yxllyvfhqddr4d636adnd2vpmmkru7pqr99ecppfvl60zqgjydsp6tgswnf7rg5u2j2v20cvcm55dygutu3en
1,1.0,HIGH_CONFIDENCE_PCA6,ckb1qrlh3whq40ch67jqfs97p7ddnjgctvlc3hxxqsp5202m4rslyt6n5qh3068szf235yxw9c3px3rzgxkxnf2ynq7ys5kam9r42sn5a2x845q7rg9y
1,1.0,HIGH_CONFIDENCE_PCA6,ckb1qrlh3whq40ch67jqfs97p7ddnjgctvlc3hxxqsp5202m4rslyt6n5qn0ta0jq68jgwzvzpy82w8sugs9cvvza3fz0flwr67avv068nsst5uevzjl
1,1.0,HIGH_CONFIDENCE_PCA6,ckb1qzda0cr08m85hc8jlnfp3zer7xulejywt49kt2rr0vthywaa50xwsq0259kv0x5jez6h0l5qr52k64weapapgyscsnmhn
1,1.0,HIGH_CONFIDENCE_PCA6,ckb1qzda0cr08m85hc8jlnfp3zer7xulejywt49kt2rr0vthywaa50xwsq02lstf96jmmavf7uln9acpkedt2clz3tqc6chk8
1,1.0,HIGH_CONFIDENCE_PCA6,ckb1qzda0cr08m85hc8jlnfp3zer7xulejywt49kt2rr0vthywaa50xwsq02rtsalknt9nezey405ay2gek8v5x0ncc3fd62k
1,1.0,HIGH_CONFIDENCE_PCA6,ckb1qzda0cr08m85hc8jlnfp3zer7xulejywt49kt2rr0vthywaa50xwsq03vvfm7dufx0a80zj27h4f5qjvygtelpshfz360
1,1.0,HIGH_CONFIDENCE_PCA6,ckb1qzda0cr08m85hc8jlnfp3zer7xulejywt49kt2rr0vthywaa50xwsq03z3ekhq3qhe4tz8v5kf3z08gxphswumg02rsqc
1,1.0,HIGH_CONFIDENCE_PCA6,ckb1qzda0cr08m85hc8jlnfp3zer7xulejywt49kt2rr0vthywaa50xwsq046dyalzv28h7wt8fqzhhskeedyh6fpugkydwwj
0,0.23245257023566077,HIGH_CONFIDENCE_PCA6,ckb1qzda0cr08m85hc8jlnfp3zer7xulejywt49kt2rr0vthywaa50xwsq04avg2cjv4t0vh2v7zuztvcctzy860fjs9esl5u
1,1.0,HIGH_CONFIDENCE_PCA6,ckb1qzda0cr08m85hc8jlnfp3zer7xulejywt49kt2rr0vthywaa50xwsq059gaxh9mhygyzgpps4edtqdsumgslcdq3ejtuw
1,1.0,HIGH_CONFIDENCE_PCA6,ckb1qzda0cr08m85hc8jlnfp3zer7xulejywt49kt2rr0vthywaa50xwsq05jzhp0f28a78e9vnyvk4vfmw60xaqadgfyz8es
1,0.9186094900420253,HIGH_CONFIDENCE_PCA6,ckb1qzda0cr08m85hc8jlnfp3zer7xulejywt49kt2rr0vthywaa50xwsq05k3xttu6lzuy260j06mql7tqpgwcznlcvx836h
1,1.0,HIGH_CONFIDENCE_PCA6,ckb1qzda0cr08m85hc8jlnfp3zer7xulejywt49kt2rr0vthywaa50xwsq05n6zvckahhuks4wl9rznllcfgralwl3gqs5rqt
1,1.0,HIGH_CONFIDENCE_PCA6,ckb1qzda0cr08m85hc8jlnfp3zer7xulejywt49kt2rr0vthywaa50xwsq05uu85tpqrf75arfkskcnwjsaj5f6c05qtmqdm9
1,1.0,HIGH_CONFIDENCE_PCA6,ckb1qzda0cr08m85hc8jlnfp3zer7xulejywt49kt2rr0vthywaa50xwsq06cwnwfzz5sv5ps5w6ewtm6q9upj8klyc7qt4xy
1,1.0,HIGH_CONFIDENCE_PCA6,ckb1qzda0cr08m85hc8jlnfp3zer7xulejywt49kt2rr0vthywaa50xwsq06s99smdcvprv0vpjw74v7yr3gfsz63tsmgym2k
1,1.0,HIGH_CONFIDENCE_PCA6,ckb1qzda0cr08m85hc8jlnfp3zer7xulejywt49kt2rr0vthywaa50xwsq07j9vt4j4pr582tmmhg2r25g09e8lqhzq67lmrn
1,1.0,HIGH_CONFIDENCE_PCA6,ckb1qzda0cr08m85hc8jlnfp3zer7xulejywt49kt2rr0vthywaa50xwsq08d3jlwgma52gm4mz6fchyah7ruhk8y4swey2xv
1,1.0,HIGH_CONFIDENCE_PCA6,ckb1qzda0cr08m85hc8jlnfp3zer7xulejywt49kt2rr0vthywaa50xwsq08np8nmp86cyutmm8glcmp36udhrkquhgpeccr6
1,1.0,HIGH_CONFIDENCE_PCA6,ckb1qzda0cr08m85hc8jlnfp3zer7xulejywt49kt2rr0vthywaa50xwsq08nxknd7g5pzwe9mmdcqtqfs5f8ckh8fq34kxj8
1,1.0,HIGH_CONFIDENCE_PCA6,ckb1qzda0cr08m85hc8jlnfp3zer7xulejywt49kt2rr0vthywaa50xwsq09rwsv5zvm3658ugyssehs360eh82v7zclyn32u
1,0.8750026222893111,HIGH_CONFIDENCE_PCA6,ckb1qzda0cr08m85hc8jlnfp3zer7xulejywt49kt2rr0vthywaa50xwsq0anafacyafq0j2rek0jx5rztanvvw9kcqdtkwna
1,1.0,HIGH_CONFIDENCE_PCA6,ckb1qzda0cr08m85hc8jlnfp3zer7xulejywt49kt2rr0vthywaa50xwsq0c46k06e2fp7rg9aq9yqxwaat763nrpegmdg0qn
1,1.0,HIGH_CONFIDENCE_PCA6,ckb1qzda0cr08m85hc8jlnfp3zer7xulejywt49kt2rr0vthywaa50xwsq0c46rcy6f2qav3ddfgv2540mz6vl7knlc0pl0a0
1,1.0,HIGH_CONFIDENCE_PCA6,ckb1qzda0cr08m85hc8jlnfp3zer7xulejywt49kt2rr0vthywaa50xwsq0cl8tlydpzpp6wzeuzfsm926sp9m0rpqqt2qecr
1,1.0,HIGH_CONFIDENCE_PCA6,ckb1qzda0cr08m85hc8jlnfp3zer7xulejywt49kt2rr0vthywaa50xwsq0ejdewpqqsdy22zke90ug9h9u0jvlqskcjysp8m
0,1.0,HIGH_CONFIDENCE_PCA6,ckb1qzda0cr08m85hc8jlnfp3zer7xulejywt49kt2rr0vthywaa50xwsq0er7n9s6mrsravyz79mjqpl97j7tg48ased4uwq
1,1.0,HIGH_CONFIDENCE_PCA6,ckb1qzda0cr08m85hc8jlnfp3zer7xulejywt49kt2rr0vthywaa50xwsq0fjsxk3ufezyljeglltk69mhtgrruqsusa36w9h
1,1.0,HIGH_CONFIDENCE_PCA6,ckb1qzda0cr08m85hc8jlnfp3zer7xulejywt49kt2rr0vthywaa50xwsq0fuqrqqcykvepusm4st0asqya208yzxcgcgewm5
0,0.40015801154863323,HIGH_CONFIDENCE_PCA6,ckb1qzda0cr08m85hc8jlnfp3zer7xulejywt49kt2rr0vthywaa50xwsq0guyenkvxw036k2zukneprz8x4erevtgs958r7v
1,1.0,HIGH_CONFIDENCE_PCA6,ckb1qzda0cr08m85hc8jlnfp3zer7xulejywt49kt2rr0vthywaa50xwsq0jc2vwf6jsj7852lryh3hfh4jkvk548gqh4yp6v
1,0.8041469418460763,HIGH_CONFIDENCE_PCA6,ckb1qzda0cr08m85hc8jlnfp3zer7xulejywt49kt2rr0vthywaa50xwsq0k5jc20yyf62n2879zxymntrhyke0zg9crdzqfz
1,1.0,HIGH_CONFIDENCE_PCA6,ckb1qzda0cr08m85hc8jlnfp3zer7xulejywt49kt2rr0vthywaa50xwsq0l05nyuesryj4upnexyk2wzw0upsn8m7q7c6g0e
1,1.0,HIGH_CONFIDENCE_PCA6,ckb1qzda0cr08m85hc8jlnfp3zer7xulejywt49kt2rr0vthywaa50xwsq0m0zyttfjaw4ft9sjyz8rv2jnk2e66e5c89pdn5
0,0.24419242900210192,HIGH_CONFIDENCE_PCA6,ckb1qzda0cr08m85hc8jlnfp3zer7xulejywt49kt2rr0vthywaa50xwsq0msjj9yjj2n6dtuafzzj6uen3p7mt966sfkapz2
0,1.0,HIGH_CONFIDENCE_PCA6,ckb1qzda0cr08m85hc8jlnfp3zer7xulejywt49kt2rr0vthywaa50xwsq0muw495z9pexgx7eftmgehycxjvtc89nsvmddpk
1,0.7780423007573231,HIGH_CONFIDENCE_PCA6,ckb1qzda0cr08m85hc8jlnfp3zer7xulejywt49kt2rr0vthywaa50xwsq0p80per28ltwd4sm2052pjt4z8unckpucj6e5pc
0,0.34979216979517547,HIGH_CONFIDENCE_PCA6,ckb1qzda0cr08m85hc8jlnfp3zer7xulejywt49kt2rr0vthywaa50xwsq0qer85n4uaq4gaz35uc6nc99svasgexmcymaweu
1,1.0,HIGH_CONFIDENCE_PCA6,ckb1qzda0cr08m85hc8jlnfp3zer7xulejywt49kt2rr0vthywaa50xwsq0r0uwh2anx2znsuqqda47yw7pyzxavsag3zwln3
1,1.0,HIGH_CONFIDENCE_PCA6,ckb1qzda0cr08m85hc8jlnfp3zer7xulejywt49kt2rr0vthywaa50xwsq0r9y77vk0sjk3m5t8x2pgp5wlque28mvqetg3vj
1,1.0,HIGH_CONFIDENCE_PCA6,ckb1qzda0cr08m85hc8jlnfp3zer7xulejywt49kt2rr0vthywaa50xwsq0rgz8mcc9ws8vv0m33vx8jm9u68knrplqz0m628
0,0.23245257023566077,HIGH_CONFIDENCE_PCA6,ckb1qzda0cr08m85hc8jlnfp3zer7xulejywt49kt2rr0vthywaa50xwsq0rk5lgxzurkxdnq95zcra0lpyax9ja0rqqk8gaz
1,0.9175047997427516,HIGH_CONFIDENCE_PCA6,ckb1qzda0cr08m85hc8jlnfp3zer7xulejywt49kt2rr0vthywaa50xwsq0rljzn0julrpp9l3fgmm9r9r4jz8rax7sgvagwh
1,1.0,HIGH_CONFIDENCE_PCA6,ckb1qzda0cr08m85hc8jlnfp3zer7xulejywt49kt2rr0vthywaa50xwsq0rrr3az2mu0ncjeqj26du5ymfhtq5l0gcv2rv08
1,1.0,HIGH_CONFIDENCE_PCA6,ckb1qzda0cr08m85hc8jlnfp3zer7xulejywt49kt2rr0vthywaa50xwsq0sc9f6eqnjfm8tn35nxeqtnm43x6aljdqj45cke
1,0.5470694716584241,HIGH_CONFIDENCE_PCA6,ckb1qzda0cr08m85hc8jlnfp3zer7xulejywt49kt2rr0vthywaa50xwsq0smcdjfuapeu9zuahwrsrtp4qetjgngpg5xr5fq
0,0.8681846781233763,HIGH_CONFIDENCE_PCA6,ckb1qzda0cr08m85hc8jlnfp3zer7xulejywt49kt2rr0vthywaa50xwsq0tck2vsvttyzk8n8gngr95nqnlx6s5vycpj8w3k
0,1.0,HIGH_CONFIDENCE_PCA6,ckb1qzda0cr08m85hc8jlnfp3zer7xulejywt49kt2rr0vthywaa50xwsq0u4j72c469enjkklngja9y4c94q6cqyks8c84uv
1,0.882287097055086,HIGH_CONFIDENCE_PCA6,ckb1qzda0cr08m85hc8jlnfp3zer7xulejywt49kt2rr0vthywaa50xwsq0vqkp4e093a5e6a2t3k08excpc3k74d0qpe0lt0
1,1.0,HIGH_CONFIDENCE_PCA6,ckb1qzda0cr08m85hc8jlnfp3zer7xulejywt49kt2rr0vthywaa50xwsq0ww9n0ex40pmhtz6ltslng7rtl35w96nszujfva
1,1.0,HIGH_CONFIDENCE_PCA6,ckb1qzda0cr08m85hc8jlnfp3zer7xulejywt49kt2rr0vthywaa50xwsq0x3yrv8qls62mqeylsvmzp5cqpmvy8quq7autul
1,1.0,HIGH_CONFIDENCE_PCA6,ckb1qzda0cr08m85hc8jlnfp3zer7xulejywt49kt2rr0vthywaa50xwsq0xm5pnqls5mls030v7q9l2k5aksglcvjgge7vq8
1,1.0,HIGH_CONFIDENCE_PCA6,ckb1qzda0cr08m85hc8jlnfp3zer7xulejywt49kt2rr0vthywaa50xwsq0xtd3e8c9wcj8swd2swg90w95u6xt3zsqzdnx7r
1,1.0,HIGH_CONFIDENCE_PCA6,ckb1qzda0cr08m85hc8jlnfp3zer7xulejywt49kt2rr0vthywaa50xwsq0xz88g9vckq3vp47c4nakj2g7ugslm2acl45l9r
1,1.0,HIGH_CONFIDENCE_PCA6,ckb1qzda0cr08m85hc8jlnfp3zer7xulejywt49kt2rr0vthywaa50xwsq0y6r5a4py64gccqrd77qvuhr8v3d2xfjcnrz45r
1,1.0,HIGH_CONFIDENCE_PCA6,ckb1qzda0cr08m85hc8jlnfp3zer7xulejywt49kt2rr0vthywaa50xwsq0z6aytm8n2hmlggs88jguhuekkk9zq8hgaew60w
1,0.9175047997427516,HIGH_CONFIDENCE_PCA6,ckb1qzda0cr08m85hc8jlnfp3zer7xulejywt49kt2rr0vthywaa50xwsq0z6h6nlju0mcdp0ny0sx77tmu6j2700lqkdeakp
0,0.40015801154863323,HIGH_CONFIDENCE_PCA6,ckb1qzda0cr08m85hc8jlnfp3zer7xulejywt49kt2rr0vthywaa50xwsq0z799mwernws5tt7me85kr63jauldckkcpdyx4t
1,1.0,HIGH_CONFIDENCE_PCA6,ckb1qzda0cr08m85hc8jlnfp3zer7xulejywt49kt2rr0vthywaa50xwsq0zf2s0pke9a2nul6vhurkanmft0nx57mcuqadmm
0,1.0,HIGH_CONFIDENCE_PCA6,ckb1qzda0cr08m85hc8jlnfp3zer7xulejywt49kt2rr0vthywaa50xwsq20gymh8hj0295y4sexft6t8u07c87txyg4y75m0
1,1.0,HIGH_CONFIDENCE_PCA6,ckb1qzda0cr08m85hc8jlnfp3zer7xulejywt49kt2rr0vthywaa50xwsq20k6na5zxh7ska80rl4x6cvu5269q8whsdasfzf
1,0.9091541100797341,HIGH_CONFIDENCE_PCA6,ckb1qzda0cr08m85hc8jlnfp3zer7xulejywt49kt2rr0vthywaa50xwsq20u0ncxwckqw79c9f9kev5mlckwsmj8psnrz4u4
1,1.0,HIGH_CONFIDENCE_PCA6,ckb1qzda0cr08m85hc8jlnfp3zer7xulejywt49kt2rr0vthywaa50xwsq20y2fdrsxsg9d2ze0mnmjq9lyy3rdmdpq736f0p
1,1.0,HIGH_CONFIDENCE_PCA6,ckb1qzda0cr08m85hc8jlnfp3zer7xulejywt49kt2rr0vthywaa50xwsq22vda73jzdlu3lf6luskzcjz7z5ksa58stp95p5
1,1.0,HIGH_CONFIDENCE_PCA6,ckb1qzda0cr08m85hc8jlnfp3zer7xulejywt49kt2rr0vthywaa50xwsq23j637de7ulapxyn0h2kl2784uhrv6whg2708tp
1,1.0,HIGH_CONFIDENCE_PCA6,ckb1qzda0cr08m85hc8jlnfp3zer7xulejywt49kt2rr0vthywaa50xwsq23ylk2ds3ljwawtj47npyhqersnxamxjssl8vaq
0,0.29371443401320396,HIGH_CONFIDENCE_PCA6,ckb1qzda0cr08m85hc8jlnfp3zer7xulejywt49kt2rr0vthywaa50xwsq247yrzkaul6mzgfrs74hr5t7q0l3ak8ugacfdq9
1,0.9086265564402122,HIGH_CONFIDENCE_PCA6,ckb1qzda0cr08m85hc8jlnfp3zer7xulejywt49kt2rr0vthywaa50xwsq24qy8a3esyfvy8nu68pphmwsn8yaa653c9klmac
0,0.23245257023566077,HIGH_CONFIDENCE_PCA6,ckb1qzda0cr08m85hc8jlnfp3zer7xulejywt49kt2rr0vthywaa50xwsq24scr6mpupq6x6arqdwz5ufzfa8skkcccm8ryrr
1,1.0,HIGH_CONFIDENCE_PCA6,ckb1qzda0cr08m85hc8jlnfp3zer7xulejywt49kt2rr0vthywaa50xwsq258cy8km6ddpzdassg6ksjqjvdr3c0aeqavzlpd
0,0.23245257023566077,HIGH_CONFIDENCE_PCA6,ckb1qzda0cr08m85hc8jlnfp3zer7xulejywt49kt2rr0vthywaa50xwsq25kj6kupzglv5kwcqh54mmm0vd830lt2quf2fvf
1,1.0,HIGH_CONFIDENCE_PCA6,ckb1qzda0cr08m85hc8jlnfp3zer7xulejywt49kt2rr0vthywaa50xwsq270p8pvg8y2nugwcsq9syredeq5ee5mxq2x87jl
1,1.0,HIGH_CONFIDENCE_PCA6,ckb1qzda0cr08m85hc8jlnfp3zer7xulejywt49kt2rr0vthywaa50xwsq270spcwvhxfszfmq9sh25v9sum044spls2uf332
0,0.3073111665782216,HIGH_CONFIDENCE_PCA6,ckb1qzda0cr08m85hc8jlnfp3zer7xulejywt49kt2rr0vthywaa50xwsq272xupqa54z4q8z05qt2fywfvdcuxd4dqku7vr4
0,0.3283443810274804,HIGH_CONFIDENCE_PCA6,ckb1qzda0cr08m85hc8jlnfp3zer7xulejywt49kt2rr0vthywaa50xwsq275zthc09tdzvgzlycvrl8p5n2ea2e7as0q8aes
1,1.0,HIGH_CONFIDENCE_PCA6,ckb1qzda0cr08m85hc8jlnfp3zer7xulejywt49kt2rr0vthywaa50xwsq28ps4hf8swzexa6ky8dp2q540tsrvz60qt2wtqk
1,1.0,HIGH_CONFIDENCE_PCA6,ckb1qzda0cr08m85hc8jlnfp3zer7xulejywt49kt2rr0vthywaa50xwsq298q6vfh7z6allgp2ty42k6yd49vap8ysn494ka
1,1.0,HIGH_CONFIDENCE_PCA6,ckb1qzda0cr08m85hc8jlnfp3zer7xulejywt49kt2rr0vthywaa50xwsq2akxm0aqm8896a8ma4x7tsj0nugj4ldmg9egwhg
0,0.40015801154863323,HIGH_CONFIDENCE_PCA6,ckb1qzda0cr08m85hc8jlnfp3zer7xulejywt49kt2rr0vthywaa50xwsq2cdr6jzphx2r5y02rkrlh84f4aes20mcc4569tl
1,1.0,HIGH_CONFIDENCE_PCA6,ckb1qzda0cr08m85hc8jlnfp3zer7xulejywt49kt2rr0vthywaa50xwsq2cq7k6zqqnna55dzwd32rxjkajthgqr2clgqu5w
1,1.0,HIGH_CONFIDENCE_PCA6,ckb1qzda0cr08m85hc8jlnfp3zer7xulejywt49kt2rr0vthywaa50xwsq2da0jqygw442724a22vmvse55pez5zw4qtj3mmg
1,1.0,HIGH_CONFIDENCE_PCA6,ckb1qzda0cr08m85hc8jlnfp3zer7xulejywt49kt2rr0vthywaa50xwsq2dn39wdkj33e7v03mx3mg6raqh365hpnqp2nq6r
1,1.0,HIGH_CONFIDENCE_PCA6,ckb1qzda0cr08m85hc8jlnfp3zer7xulejywt49kt2rr0vthywaa50xwsq2ejd8f7wnaln83fx7u8g5tr0sv8jpuwpqdfm05a
1,1.0,HIGH_CONFIDENCE_PCA6,ckb1qzda0cr08m85hc8jlnfp3zer7xulejywt49kt2rr0vthywaa50xwsq2evwcurnqel0euyf4s2pgkut48dgp7fsg3tdhrk
0,0.23245257023566077,HIGH_CONFIDENCE_PCA6,ckb1qzda0cr08m85hc8jlnfp3zer7xulejywt49kt2rr0vthywaa50xwsq2fdtshag9h5z8q7qy6v4hu6lpzvejmg7sp9a6kf
0,1.0,HIGH_CONFIDENCE_PCA6,ckb1qzda0cr08m85hc8jlnfp3zer7xulejywt49kt2rr0vthywaa50xwsq2gxfhv94tp8sc29c5xhsuttgk4hhpp2nq2mt7ff
1,1.0,HIGH_CONFIDENCE_PCA6,ckb1qzda0cr08m85hc8jlnfp3zer7xulejywt49kt2rr0vthywaa50xwsq2h36kp26fly5n2huuc446dc3rzhunq2nsesxffv
1,1.0,HIGH_CONFIDENCE_PCA6,ckb1qzda0cr08m85hc8jlnfp3zer7xulejywt49kt2rr0vthywaa50xwsq2jrflqx0dneevp0v6ssznw8ry6aj8laxcuh9svs
1,1.0,HIGH_CONFIDENCE_PCA6,ckb1qzda0cr08m85hc8jlnfp3zer7xulejywt49kt2rr0vthywaa50xwsq2lfh4w2sguefdcw8fmehy5fpaenhehr9cped0e2
1,1.0,HIGH_CONFIDENCE_PCA6,ckb1qzda0cr08m85hc8jlnfp3zer7xulejywt49kt2rr0vthywaa50xwsq2mj7v7ut0alqkx38qgu393dw8lafafq0qwnqaxs
1,1.0,HIGH_CONFIDENCE_PCA6,ckb1qzda0cr08m85hc8jlnfp3zer7xulejywt49kt2rr0vthywaa50xwsq2mu7xj6mj90s8dxxnuqxyty72rg72ydzscwk9vf
1,1.0,HIGH_CONFIDENCE_PCA6,ckb1qzda0cr08m85hc8jlnfp3zer7xulejywt49kt2rr0vthywaa50xwsq2ne4yj30svjzvvdcmd96qhfvepdx6pfcs09q7zl
1,1.0,HIGH_CONFIDENCE_PCA6,ckb1qzda0cr08m85hc8jlnfp3zer7xulejywt49kt2rr0vthywaa50xwsq2nku3pd5gl7m6pp0cdx7m9gk2t9pswywqcqwjch
0,0.40015801154863323,HIGH_CONFIDENCE_PCA6,ckb1qzda0cr08m85hc8jlnfp3zer7xulejywt49kt2rr0vthywaa50xwsq2nwlee8epequkd94qh3k5uymjqxgvfktgxl9jd3
1,1.0,HIGH_CONFIDENCE_PCA6,ckb1qzda0cr08m85hc8jlnfp3zer7xulejywt49kt2rr0vthywaa50xwsq2pgrf442dam0aa0l8gd2s8jlxfu7hha3c7hg4qq
1,1.0,HIGH_CONFIDENCE_PCA6,ckb1qzda0cr08m85hc8jlnfp3zer7xulejywt49kt2rr0vthywaa50xwsq2pnp7gglp8clvahem5mpf7wmr0pjk5krgf4lwf2
1,1.0,HIGH_CONFIDENCE_PCA6,ckb1qzda0cr08m85hc8jlnfp3zer7xulejywt49kt2rr0vthywaa50xwsq2qjj3mqkrdhzuga2qfzf72ma38xhpsaasfj3trw
0,1.0,HIGH_CONFIDENCE_PCA6,ckb1qzda0cr08m85hc8jlnfp3zer7xulejywt49kt2rr0vthywaa50xwsq2qq5zmvacvrht6g5w35hgdg4mhcxcu5hgu2f8qe
1,1.0,HIGH_CONFIDENCE_PCA6,ckb1qzda0cr08m85hc8jlnfp3zer7xulejywt49kt2rr0vthywaa50xwsq2qtfq8zdd9rs86hslwh8j4h8qjk6r3e6s0k50ul
1,0.9185577847427171,HIGH_CONFIDENCE_PCA6,ckb1qzda0cr08m85hc8jlnfp3zer7xulejywt49kt2rr0vthywaa50xwsq2rsu67gzxhacdwpzfyc0gc5q9vgr6aztc6y5n8c
1,1.0,HIGH_CONFIDENCE_PCA6,ckb1qzda0cr08m85hc8jlnfp3zer7xulejywt49kt2rr0vthywaa50xwsq2rv2ln77sfue9zmr4uemppw6e6cqch00sz7curl
1,1.0,HIGH_CONFIDENCE_PCA6,ckb1qzda0cr08m85hc8jlnfp3zer7xulejywt49kt2rr0vthywaa50xwsq2sfv44lf5g89ha2q296zqm8savzcyqxlsulsx6f
1,1.0,HIGH_CONFIDENCE_PCA6,ckb1qzda0cr08m85hc8jlnfp3zer7xulejywt49kt2rr0vthywaa50xwsq2t6z8rc90g09yeh7t3nz2sfe72y20yzcg6jt76x
1,1.0,HIGH_CONFIDENCE_PCA6,ckb1qzda0cr08m85hc8jlnfp3zer7xulejywt49kt2rr0vthywaa50xwsq2t9jypuuquc0tfdca5eugj6gk7v3dt0hq4r3hx9
1,1.0,HIGH_CONFIDENCE_PCA6,ckb1qzda0cr08m85hc8jlnfp3zer7xulejywt49kt2rr0vthywaa50xwsq2tq8vms882lepc8fk0aapfp0c9nh755xsdtnm3m
1,1.0,HIGH_CONFIDENCE_PCA6,ckb1qzda0cr08m85hc8jlnfp3zer7xulejywt49kt2rr0vthywaa50xwsq2uj8rfycz3s3h0m0h62fj8mvxluqr627s8j5led
1,0.9369511953004441,HIGH_CONFIDENCE_PCA6,ckb1qzda0cr08m85hc8jlnfp3zer7xulejywt49kt2rr0vthywaa50xwsq2ul0rt55hnp2e2nzzhfkep4xtc3l88rxqes83vq
1,1.0,HIGH_CONFIDENCE_PCA6,ckb1qzda0cr08m85hc8jlnfp3zer7xulejywt49kt2rr0vthywaa50xwsq2uq6ykas222qjhw4k6847guv3y8c7wvccalk3tf
1,1.0,HIGH_CONFIDENCE_PCA6,ckb1qzda0cr08m85hc8jlnfp3zer7xulejywt49kt2rr0vthywaa50xwsq2uxysa465m2k0hxh4zefzd2k5j36dly3gxkjc57
1,1.0,HIGH_CONFIDENCE_PCA6,ckb1qzda0cr08m85hc8jlnfp3zer7xulejywt49kt2rr0vthywaa50xwsq2vr8y8dws0jkz062k8vlpafpu8x9rucvcggdkr4
0,1.0,HIGH_CONFIDENCE_PCA6,ckb1qzda0cr08m85hc8jlnfp3zer7xulejywt49kt2rr0vthywaa50xwsq2xg8c6fulfw65ay5aqq99atj30ev84unssl4ska
1,1.0,HIGH_CONFIDENCE_PCA6,ckb1qzda0cr08m85hc8jlnfp3zer7xulejywt49kt2rr0vthywaa50xwsq2yg6kr7zvjzw0ts2j7qtkd6jzr2kq3g7sdh3azr
1,0.8658169741426954,HIGH_CONFIDENCE_PCA6,ckb1qzda0cr08m85hc8jlnfp3zer7xulejywt49kt2rr0vthywaa50xwsq2zmwtcwp3x5ngxr7wxp3aq737g35nhgpqq4lp5x
1,0.766129970893472,HIGH_CONFIDENCE_PCA6,ckb1qzda0cr08m85hc8jlnfp3zer7xulejywt49kt2rr0vthywaa50xwsq2zuyw4u22256gp6v8s6na4p7esyg4h74q68r5ue
1,1.0,HIGH_CONFIDENCE_PCA6,ckb1qzda0cr08m85hc8jlnfp3zer7xulejywt49kt2rr0vthywaa50xwsqd280gcprvtlm89nyxuc2ru9e2tqe0aewcks0h7q
1,1.0,HIGH_CONFIDENCE_PCA6,ckb1qzda0cr08m85hc8jlnfp3zer7xulejywt49kt2rr0vthywaa50xwsqd2ln87tv0nhyh6r2h84d3fnm5vdsjraagf5r842
1,0.5818652053928582,HIGH_CONFIDENCE_PCA6,ckb1qzda0cr08m85hc8jlnfp3zer7xulejywt49kt2rr0vthywaa50xwsqd3ele94wtw253dum78vpuuy2rcspueckqp9hktf
1,1.0,HIGH_CONFIDENCE_PCA6,ckb1qzda0cr08m85hc8jlnfp3zer7xulejywt49kt2rr0vthywaa50xwsqd3jnqsndu5z3ew6anr65w34cyevvnucug28nl8j
1,1.0,HIGH_CONFIDENCE_PCA6,ckb1qzda0cr08m85hc8jlnfp3zer7xulejywt49kt2rr0vthywaa50xwsqd3t75wgj4rjmaem5f46ek9f5g2xe9gsucx860r9
1,0.9784206634877183,HIGH_CONFIDENCE_PCA6,ckb1qzda0cr08m85hc8jlnfp3zer7xulejywt49kt2rr0vthywaa50xwsqd3w85684vvlhfh93nrvkq6rz6ve7xu0ugjyfg3s
1,1.0,HIGH_CONFIDENCE_PCA6,ckb1qzda0cr08m85hc8jlnfp3zer7xulejywt49kt2rr0vthywaa50xwsqd4h5ahm0l94adpfafpftu00tpsncrmmqgghtrxy
1,1.0,HIGH_CONFIDENCE_PCA6,ckb1qzda0cr08m85hc8jlnfp3zer7xulejywt49kt2rr0vthywaa50xwsqd52pqxx3q9kjg6xxh9f2h6wuut9numalsjdnjxu
1,1.0,HIGH_CONFIDENCE_PCA6,ckb1qzda0cr08m85hc8jlnfp3zer7xulejywt49kt2rr0vthywaa50xwsqd532x7yagmmqne0jkrwggysarh5kufcjgp5ry3g
1,1.0,HIGH_CONFIDENCE_PCA6,ckb1qzda0cr08m85hc8jlnfp3zer7xulejywt49kt2rr0vthywaa50xwsqd5wxs2lr6y8gzek23nkyj04ngcgmutl4s75skv9
0,0.23245257023566077,HIGH_CONFIDENCE_PCA6,ckb1qzda0cr08m85hc8jlnfp3zer7xulejywt49kt2rr0vthywaa50xwsqd5z95kzr62mkc2vnadeyv6hpqmwlxv2xgakd68v
0,0.40015801154863323,HIGH_CONFIDENCE_PCA6,ckb1qzda0cr08m85hc8jlnfp3zer7xulejywt49kt2rr0vthywaa50xwsqd5zvdgz64ygu94j8cwvcguc6wz5mhaknc3drq98
1,1.0,HIGH_CONFIDENCE_PCA6,ckb1qzda0cr08m85hc8jlnfp3zer7xulejywt49kt2rr0vthywaa50xwsqd6328jjvyqyx6psdkxv5gyxmlx90f50cgc8yla8
0,0.35392421423199527,HIGH_CONFIDENCE_PCA6,ckb1qzda0cr08m85hc8jlnfp3zer7xulejywt49kt2rr0vthywaa50xwsqd682nhfyu5lfzt4gp9cmrqgsjpesm3pjqf252gf
1,1.0,HIGH_CONFIDENCE_PCA6,ckb1qzda0cr08m85hc8jlnfp3zer7xulejywt49kt2rr0vthywaa50xwsqd6jpr7mncc8n3y4jv4z5k8fq7l77s42kq76f87n
1,1.0,HIGH_CONFIDENCE_PCA6,ckb1qzda0cr08m85hc8jlnfp3zer7xulejywt49kt2rr0vthywaa50xwsqd6raz9mkh95xl7tg8ymg7klqz7ns0af5ctkwa53
1,1.0,HIGH_CONFIDENCE_PCA6,ckb1qzda0cr08m85hc8jlnfp3zer7xulejywt49kt2rr0vthywaa50xwsqd7qx7ag4lw5wlu0ewhgryjrug54tauj4glm5p09
1,1.0,HIGH_CONFIDENCE_PCA6,ckb1qzda0cr08m85hc8jlnfp3zer7xulejywt49kt2rr0vthywaa50xwsqd7xem3waujkrfq9vrj7vc5tesg793drag9966ur
1,1.0,HIGH_CONFIDENCE_PCA6,ckb1qzda0cr08m85hc8jlnfp3zer7xulejywt49kt2rr0vthywaa50xwsqd8a7fpzf530ks6kmw3yfvn72p5v4ayy6gq05avs
1,1.0,HIGH_CONFIDENCE_PCA6,ckb1qzda0cr08m85hc8jlnfp3zer7xulejywt49kt2rr0vthywaa50xwsqd8at4zhq3lrngyw88mqued7njjluzc9dcx3mfwa
1,0.9175047997427516,HIGH_CONFIDENCE_PCA6,ckb1qzda0cr08m85hc8jlnfp3zer7xulejywt49kt2rr0vthywaa50xwsqd9ec9tr57qedasftglxrgq9yl657ym3yqddeg6p
1,0.9175047997427516,HIGH_CONFIDENCE_PCA6,ckb1qzda0cr08m85hc8jlnfp3zer7xulejywt49kt2rr0vthywaa50xwsqda5zj9fpg255n7vz04eqkzlles8z72susenvew6
1,1.0,HIGH_CONFIDENCE_PCA6,ckb1qzda0cr08m85hc8jlnfp3zer7xulejywt49kt2rr0vthywaa50xwsqdak37z6wn6w6aea983ruzrfl8yweej95cfkzyn9
0,1.0,HIGH_CONFIDENCE_PCA6,ckb1qzda0cr08m85hc8jlnfp3zer7xulejywt49kt2rr0vthywaa50xwsqdc75deduvc55qd7z48nrd6xy06td2r0wgqqs0vf
1,0.9186094900420253,HIGH_CONFIDENCE_PCA6,ckb1qzda0cr08m85hc8jlnfp3zer7xulejywt49kt2rr0vthywaa50xwsqdcr3ezl9ktveg4fpuujzgrnel0nnjvjxc2gf480
1,1.0,HIGH_CONFIDENCE_PCA6,ckb1qzda0cr08m85hc8jlnfp3zer7xulejywt49kt2rr0vthywaa50xwsqddm8ppq3gz8gz0d9ap6z8nc3r662npn2cuxk9f0
0,0.20404796812527407,HIGH_CONFIDENCE_PCA6,ckb1qzda0cr08m85hc8jlnfp3zer7xulejywt49kt2rr0vthywaa50xwsqddtncxgn0wga0mctct2p6k2ueqd36ju3qqqmeqa
0,0.40015801154863323,HIGH_CONFIDENCE_PCA6,ckb1qzda0cr08m85hc8jlnfp3zer7xulejywt49kt2rr0vthywaa50xwsqddw45fnzxhfmsxwuf7m82k5vyynsfvkxqu8209y
1,1.0,HIGH_CONFIDENCE_PCA6,ckb1qzda0cr08m85hc8jlnfp3zer7xulejywt49kt2rr0vthywaa50xwsqddyz6vl88hqfhcrfv55xpqzan04myfn7qweufsa
1,1.0,HIGH_CONFIDENCE_PCA6,ckb1qzda0cr08m85hc8jlnfp3zer7xulejywt49kt2rr0vthywaa50xwsqdenac4ykevnaxl2ltarf6y37hps3nxxjc4ckfhj
1,1.0,HIGH_CONFIDENCE_PCA6,ckb1qzda0cr08m85hc8jlnfp3zer7xulejywt49kt2rr0vthywaa50xwsqdev2qemedc4lercjj2ys3acwf4d6nj7jcprg6sq
1,1.0,HIGH_CONFIDENCE_PCA6,ckb1qzda0cr08m85hc8jlnfp3zer7xulejywt49kt2rr0vthywaa50xwsqdfpcl42753m0xgau9yefhgfxukx83dwysy7tdl3
1,1.0,HIGH_CONFIDENCE_PCA6,ckb1qzda0cr08m85hc8jlnfp3zer7xulejywt49kt2rr0vthywaa50xwsqdfunuqtrj99lz8app7uqjmdr2ecx6wwfc62xrtm
1,1.0,HIGH_CONFIDENCE_PCA6,ckb1qzda0cr08m85hc8jlnfp3zer7xulejywt49kt2rr0vthywaa50xwsqdg04rll0lnjdvdyp2zpqguqkmnye6vmnsd4vft5
1,1.0,HIGH_CONFIDENCE_PCA6,ckb1qzda0cr08m85hc8jlnfp3zer7xulejywt49kt2rr0vthywaa50xwsqdg5awuqp2zuwnvjcr753hh38ml5ywd5rgpg79nw
1,0.48941249471525516,HIGH_CONFIDENCE_PCA6,ckb1qzda0cr08m85hc8jlnfp3zer7xulejywt49kt2rr0vthywaa50xwsqdh26mj0xls204ndg9lsdptdz0zu0jdmycngh5ht
1,0.9186094900420253,HIGH_CONFIDENCE_PCA6,ckb1qzda0cr08m85hc8jlnfp3zer7xulejywt49kt2rr0vthywaa50xwsqdhxwwku2qxwcj784l5slje2tsa76nlgvsawdc7v
1,0.9175047997427516,HIGH_CONFIDENCE_PCA6,ckb1qzda0cr08m85hc8jlnfp3zer7xulejywt49kt2rr0vthywaa50xwsqdjsydf39sklhfvtfnk57vvd7d2vn4kxwqpr3prn
1,0.9186094900420253,HIGH_CONFIDENCE_PCA6,ckb1qzda0cr08m85hc8jlnfp3zer7xulejywt49kt2rr0vthywaa50xwsqdk6t85vllv37se5ng6rpnz7x30clgdy6qsped2w
1,1.0,HIGH_CONFIDENCE_PCA6,ckb1qzda0cr08m85hc8jlnfp3zer7xulejywt49kt2rr0vthywaa50xwsqdktl2pnd9nrh6fna6ydh5sv34z4cx59mg2d5yh4
1,1.0,HIGH_CONFIDENCE_PCA6,ckb1qzda0cr08m85hc8jlnfp3zer7xulejywt49kt2rr0vthywaa50xwsqdlnnrld5uyndfrw0xxnpmpf435242xl2ccrge5g
1,0.9315515110311336,HIGH_CONFIDENCE_PCA6,ckb1qzda0cr08m85hc8jlnfp3zer7xulejywt49kt2rr0vthywaa50xwsqdly7vzugjpxpzy4wc8u8dkpt6gmv2kknsw36cs0
1,1.0,HIGH_CONFIDENCE_PCA6,ckb1qzda0cr08m85hc8jlnfp3zer7xulejywt49kt2rr0vthywaa50xwsqdn85jtpzkk24ga7vprxcupwkw8h2kmcpgnkw4s2
0,0.23245257023566077,HIGH_CONFIDENCE_PCA6,ckb1qzda0cr08m85hc8jlnfp3zer7xulejywt49kt2rr0vthywaa50xwsqdnvsjyahhu4hnqmv5aqy06jk7p289qcsck64eed
1,1.0,HIGH_CONFIDENCE_PCA6,ckb1qzda0cr08m85hc8jlnfp3zer7xulejywt49kt2rr0vthywaa50xwsqdpglw7yx2vzsuu2hz4f0zqmm7ujn4gzrcpt9myf
0,0.45712798737323984,HIGH_CONFIDENCE_PCA6,ckb1qzda0cr08m85hc8jlnfp3zer7xulejywt49kt2rr0vthywaa50xwsqdqpaqujjqztsvqsckxxryqkyar5g229ls79xsux
1,1.0,HIGH_CONFIDENCE_PCA6,ckb1qzda0cr08m85hc8jlnfp3zer7xulejywt49kt2rr0vthywaa50xwsqdqq677slvjxejspzxxuyrz3r8m4glpqrqve4u4k
1,1.0,HIGH_CONFIDENCE_PCA6,ckb1qzda0cr08m85hc8jlnfp3zer7xulejywt49kt2rr0vthywaa50xwsqdqrmx3gfghxmm3m5dj4vm27j5ke9kvw9qmr8lwp
1,0.9186094900420253,HIGH_CONFIDENCE_PCA6,ckb1qzda0cr08m85hc8jlnfp3zer7xulejywt49kt2rr0vthywaa50xwsqdqyzqvyyqgdw9qdu9tsfwfj2j3qj05ams2m6zwh
1,0.9186094900420253,HIGH_CONFIDENCE_PCA6,ckb1qzda0cr08m85hc8jlnfp3zer7xulejywt49kt2rr0vthywaa50xwsqdrc0cvrk8yuh4248eumm00tj6la4285jgtkf6ge
1,1.0,HIGH_CONFIDENCE_PCA6,ckb1qzda0cr08m85hc8jlnfp3zer7xulejywt49kt2rr0vthywaa50xwsqdtejzc329up3s665cxswczse77neqxr2c6uk0jz
0,1.0,HIGH_CONFIDENCE_PCA6,ckb1qzda0cr08m85hc8jlnfp3zer7xulejywt49kt2rr0vthywaa50xwsqdtr9km5rjdrntcf4a5jh7u55rl8rurp2snsf7v6
1,1.0,HIGH_CONFIDENCE_PCA6,ckb1qzda0cr08m85hc8jlnfp3zer7xulejywt49kt2rr0vthywaa50xwsqdun3wce79ar4cmnl76tyehgha0muqg07gt556gd
1,1.0,HIGH_CONFIDENCE_PCA6,ckb1qzda0cr08m85hc8jlnfp3zer7xulejywt49kt2rr0vthywaa50xwsqdv3msqhwu0eel0cx4vxkhzphyxdxg0p2gcn4zk4
1,1.0,HIGH_CONFIDENCE_PCA6,ckb1qzda0cr08m85hc8jlnfp3zer7xulejywt49kt2rr0vthywaa50xwsqdv5f45r3aevly9umatacdzw6x2hmycfss6cstcq
1,1.0,HIGH_CONFIDENCE_PCA6,ckb1qzda0cr08m85hc8jlnfp3zer7xulejywt49kt2rr0vthywaa50xwsqdwa7y4etexhlslpeplm2gensrmkpgpfqc5kk4x9
1,1.0,HIGH_CONFIDENCE_PCA6,ckb1qzda0cr08m85hc8jlnfp3zer7xulejywt49kt2rr0vthywaa50xwsqdx5m2dx9j9el3arnuntxu5lkfafw4dyxgq357up
1,1.0,HIGH_CONFIDENCE_PCA6,ckb1qzda0cr08m85hc8jlnfp3zer7xulejywt49kt2rr0vthywaa50xwsqdxaqe07wj7kc5y9suqc6lkdqz4wm85ltq0ng53r
1,0.9072991711008794,HIGH_CONFIDENCE_PCA6,ckb1qzda0cr08m85hc8jlnfp3zer7xulejywt49kt2rr0vthywaa50xwsqdxzlmuqal6c37hk678qjekya0qjd5m5lq7hhzaq
1,1.0,HIGH_CONFIDENCE_PCA6,ckb1qzda0cr08m85hc8jlnfp3zer7xulejywt49kt2rr0vthywaa50xwsqdxzpng0y93mrnmxq0e73j4yu4d3n3mkuqc5r59u
1,1.0,HIGH_CONFIDENCE_PCA6,ckb1qzda0cr08m85hc8jlnfp3zer7xulejywt49kt2rr0vthywaa50xwsqdy03jsqq4r873dyqm49pckertnx0qvw0qvde0sg
1,1.0,HIGH_CONFIDENCE_PCA6,ckb1qzda0cr08m85hc8jlnfp3zer7xulejywt49kt2rr0vthywaa50xwsqdytgmu0z5yskwrnegfptr3n4pcx9d6tlswehku8
1,0.5641160826072227,HIGH_CONFIDENCE_PCA6,ckb1qzda0cr08m85hc8jlnfp3zer7xulejywt49kt2rr0vthywaa50xwsqdywhhfnhv7xz24x9y79yu47u9ugwr8p2sccyn4q
0,0.40015801154863323,HIGH_CONFIDENCE_PCA6,ckb1qzda0cr08m85hc8jlnfp3zer7xulejywt49kt2rr0vthywaa50xwsqdzcwm3dgw383w7uv4v9a95jdxtxgzrmdcpxs45n
-1,0.0,HIGH_CONFIDENCE_PCA6,ckb1qzda0cr08m85hc8jlnfp3zer7xulejywt49kt2rr0vthywaa50xwsqf2pf3uu524tn9umy7g3gchaa6sgamvs4sx454l6
0,0.2308306748512902,HIGH_CONFIDENCE_PCA6,ckb1qzda0cr08m85hc8jlnfp3zer7xulejywt49kt2rr0vthywaa50xwsqf3q9e554euxmpqyaju2n3prxl3fxuphqs9l8zmt
1,0.7561824553058563,HIGH_CONFIDENCE_PCA6,ckb1qzda0cr08m85hc8jlnfp3zer7xulejywt49kt2rr0vthywaa50xwsqf4s8sxvjqhp8qpxyqj03kwmry2a43kggq7um8ef
1,0.8907927621425441,HIGH_CONFIDENCE_PCA6,ckb1qzda0cr08m85hc8jlnfp3zer7xulejywt49kt2rr0vthywaa50xwsqf68ndqgrm406nmahnk8uyvl6up7hzhgdcjvn87t
1,0.7360731352075975,HIGH_CONFIDENCE_PCA6,ckb1qzda0cr08m85hc8jlnfp3zer7xulejywt49kt2rr0vthywaa50xwsqf6qtawqcsf9ga3yuhh8gfhxuyah7rvtlgzn95vl
0,1.0,HIGH_CONFIDENCE_PCA6,ckb1qzda0cr08m85hc8jlnfp3zer7xulejywt49kt2rr0vthywaa50xwsqf70nhxhk4ljdgqd4ef2ndrzka0qda3nlg5ry85g
1,1.0,HIGH_CONFIDENCE_PCA6,ckb1qzda0cr08m85hc8jlnfp3zer7xulejywt49kt2rr0vthywaa50xwsqf7wdk98y3zdh3cyql86grghqwnen7ks5qzrld2q
1,0.9175047997427516,HIGH_CONFIDENCE_PCA6,ckb1qzda0cr08m85hc8jlnfp3zer7xulejywt49kt2rr0vthywaa50xwsqfc5kszzn9mc2zycl58v8jjrk9zhmr97cg3ndvfs
0,0.1406059586356478,HIGH_CONFIDENCE_PCA6,ckb1qzda0cr08m85hc8jlnfp3zer7xulejywt49kt2rr0vthywaa50xwsqfc63dma5fy3kywpnada5yy99tpqvl4dechg9csl
0,0.40015801154863323,HIGH_CONFIDENCE_PCA6,ckb1qzda0cr08m85hc8jlnfp3zer7xulejywt49kt2rr0vthywaa50xwsqfcwzl3jytqrrgtuwmapvqe42txrxvqlncewj9c8
1,1.0,HIGH_CONFIDENCE_PCA6,ckb1qzda0cr08m85hc8jlnfp3zer7xulejywt49kt2rr0vthywaa50xwsqfd8eyknzynse6m9r0zlfjyt4qpxnlr86svrekgm
1,1.0,HIGH_CONFIDENCE_PCA6,ckb1qzda0cr08m85hc8jlnfp3zer7xulejywt49kt2rr0vthywaa50xwsqfewq5cphjmj7j53dgvs9ekquz7wp0eadggz3t4x
1,0.9175047997427516,HIGH_CONFIDENCE_PCA6,ckb1qzda0cr08m85hc8jlnfp3zer7xulejywt49kt2rr0vthywaa50xwsqff60m3g73j280arxmzwp6anr9g04xmmast74txw
1,0.9186094900420253,HIGH_CONFIDENCE_PCA6,ckb1qzda0cr08m85hc8jlnfp3zer7xulejywt49kt2rr0vthywaa50xwsqfg0c6expwhe3wjs5vkk7e2legcah5gvjqvdy8l7
1,1.0,HIGH_CONFIDENCE_PCA6,ckb1qzda0cr08m85hc8jlnfp3zer7xulejywt49kt2rr0vthywaa50xwsqfg2np57fhkdu6fuygqt3ys4rykd03gfhsu8dvd7
0,1.0,HIGH_CONFIDENCE_PCA6,ckb1qzda0cr08m85hc8jlnfp3zer7xulejywt49kt2rr0vthywaa50xwsqfh3hsd0an0xag0qzx0ay8qrtpclap9x3she6gvj
1,1.0,HIGH_CONFIDENCE_PCA6,ckb1qzda0cr08m85hc8jlnfp3zer7xulejywt49kt2rr0vthywaa50xwsqfhncpyvtj7w4euhnwwnndksez0kl7kljgjp39t5
1,1.0,HIGH_CONFIDENCE_PCA6,ckb1qzda0cr08m85hc8jlnfp3zer7xulejywt49kt2rr0vthywaa50xwsqfj8ejt4qckvuzrtezy9nvcv7le9ur8cuqy7s5x8
1,1.0,HIGH_CONFIDENCE_PCA6,ckb1qzda0cr08m85hc8jlnfp3zer7xulejywt49kt2rr0vthywaa50xwsqfjhl5nx82y5z2xdhwqhg34vkzta6gttgc05sfu2
1,1.0,HIGH_CONFIDENCE_PCA6,ckb1qzda0cr08m85hc8jlnfp3zer7xulejywt49kt2rr0vthywaa50xwsqfk74jml992maq6k2g9gn5znh4qsqlcg0gxqejgl
1,1.0,HIGH_CONFIDENCE_PCA6,ckb1qzda0cr08m85hc8jlnfp3zer7xulejywt49kt2rr0vthywaa50xwsqfkjglwnv0p5h4wujzvz65rekwxmx2d0zsn7yllu
1,1.0,HIGH_CONFIDENCE_PCA6,ckb1qzda0cr08m85hc8jlnfp3zer7xulejywt49kt2rr0vthywaa50xwsqfklpav762duvc8cva7gnz89nzvksp6r3qeh6wvh
1,1.0,HIGH_CONFIDENCE_PCA6,ckb1qzda0cr08m85hc8jlnfp3zer7xulejywt49kt2rr0vthywaa50xwsqfl7q5k0n22acsv662t7zmcw6rggs4ev8sft2wt3
1,1.0,HIGH_CONFIDENCE_PCA6,ckb1qzda0cr08m85hc8jlnfp3zer7xulejywt49kt2rr0vthywaa50xwsqfl9ggysz7z4kfeslc6snf0ykm24kd9ujqrlxxfg
1,1.0,HIGH_CONFIDENCE_PCA6,ckb1qzda0cr08m85hc8jlnfp3zer7xulejywt49kt2rr0vthywaa50xwsqflgd96hhegvt75t3admj08a2y88yv5mdqy6cqs0
1,1.0,HIGH_CONFIDENCE_PCA6,ckb1qzda0cr08m85hc8jlnfp3zer7xulejywt49kt2rr0vthywaa50xwsqfn7k56km47p5javnrpw4ufny8gcyqjyxschyrkw
1,1.0,HIGH_CONFIDENCE_PCA6,ckb1qzda0cr08m85hc8jlnfp3zer7xulejywt49kt2rr0vthywaa50xwsqfplruvrt4qsh2vu7vla0uuk2pxvstfx6csgmzu5
1,1.0,HIGH_CONFIDENCE_PCA6,ckb1qzda0cr08m85hc8jlnfp3zer7xulejywt49kt2rr0vthywaa50xwsqfqqgdjzldwm3gcuxnclfscjda2lw7jruqjxyp93
1,1.0,HIGH_CONFIDENCE_PCA6,ckb1qzda0cr08m85hc8jlnfp3zer7xulejywt49kt2rr0vthywaa50xwsqfqr2l6rqllmnhtpzptgq9fnagsykcffxcpqmjuu
-1,0.0,HIGH_CONFIDENCE_PCA6,ckb1qzda0cr08m85hc8jlnfp3zer7xulejywt49kt2rr0vthywaa50xwsqfrlamn0mk353jsutukulxcxyf8je85wwg5l5nnv
1,1.0,HIGH_CONFIDENCE_PCA6,ckb1qzda0cr08m85hc8jlnfp3zer7xulejywt49kt2rr0vthywaa50xwsqfrmvt598cnr70mhtyt9afjg9yju7s0n6gw0e8d4
1,0.9186094900420253,HIGH_CONFIDENCE_PCA6,ckb1qzda0cr08m85hc8jlnfp3zer7xulejywt49kt2rr0vthywaa50xwsqfrvc7cagn8h4g3harg8cwdfpq3sx7sxms2r27la
1,1.0,HIGH_CONFIDENCE_PCA6,ckb1qzda0cr08m85hc8jlnfp3zer7xulejywt49kt2rr0vthywaa50xwsqfs6c4chhw5kwthmq0jzqyxwmr9fpr5a4qr8l2yd
1,1.0,HIGH_CONFIDENCE_PCA6,ckb1qzda0cr08m85hc8jlnfp3zer7xulejywt49kt2rr0vthywaa50xwsqfs7v5u87mvk9zdyhmg3ua0aduh4zfw3fsgsfkel
1,1.0,HIGH_CONFIDENCE_PCA6,ckb1qzda0cr08m85hc8jlnfp3zer7xulejywt49kt2rr0vthywaa50xwsqfsajumlzs2pjvtz0xxg42llw5px435u3gxmlwuc
1,0.9175047997427516,HIGH_CONFIDENCE_PCA6,ckb1qzda0cr08m85hc8jlnfp3zer7xulejywt49kt2rr0vthywaa50xwsqft980n0alva2vjmkca85wujt5vhtwgzpgqczv9a
1,1.0,HIGH_CONFIDENCE_PCA6,ckb1qzda0cr08m85hc8jlnfp3zer7xulejywt49kt2rr0vthywaa50xwsqftm2xn4dlczysw0q2x5alw2v7ur2le8gs8h3teh
0,1.0,HIGH_CONFIDENCE_PCA6,ckb1qzda0cr08m85hc8jlnfp3zer7xulejywt49kt2rr0vthywaa50xwsqfu77q0whtmthcu45dm9l326da8rasmh6g8t7pw9
1,1.0,HIGH_CONFIDENCE_PCA6,ckb1qzda0cr08m85hc8jlnfp3zer7xulejywt49kt2rr0vthywaa50xwsqfuwj6lqq2hhe8qqm3m5z2xacjjyuy73yqwgnm2m
1,1.0,HIGH_CONFIDENCE_PCA6,ckb1qzda0cr08m85hc8jlnfp3zer7xulejywt49kt2rr0vthywaa50xwsqfvfcxm03q9xmn3fy68s9rxp0y5lfqfvjgmmtw0p
0,1.0,HIGH_CONFIDENCE_PCA6,ckb1qzda0cr08m85hc8jlnfp3zer7xulejywt49kt2rr0vthywaa50xwsqfwcjzujntvxpmcjmpt4r6pd4mvxu89k4sr3244x
1,1.0,HIGH_CONFIDENCE_PCA6,ckb1qzda0cr08m85hc8jlnfp3zer7xulejywt49kt2rr0vthywaa50xwsqfwru8wpcx969py0vrrf29ckn928nz26csz7pvxw
1,1.0,HIGH_CONFIDENCE_PCA6,ckb1qzda0cr08m85hc8jlnfp3zer7xulejywt49kt2rr0vthywaa50xwsqfx7c8l89wcf42vxgajjke9zdt7myeqrdqj6mqm6
1,1.0,HIGH_CONFIDENCE_PCA6,ckb1qzda0cr08m85hc8jlnfp3zer7xulejywt49kt2rr0vthywaa50xwsqfxgd9zxl6czs4s3kzr55letennz2l3yjqpt8r79
1,1.0,HIGH_CONFIDENCE_PCA6,ckb1qzda0cr08m85hc8jlnfp3zer7xulejywt49kt2rr0vthywaa50xwsqfylyx957e0g3kyjua0fed5gzzj4s2s9qsxafn7t
1,1.0,HIGH_CONFIDENCE_PCA6,ckb1qzda0cr08m85hc8jlnfp3zer7xulejywt49kt2rr0vthywaa50xwsqfzgxljyv0d2hezcfypqscs5zy3kn7jhnqvv0xt6
1,0.9186094900420253,HIGH_CONFIDENCE_PCA6,ckb1qzda0cr08m85hc8jlnfp3zer7xulejywt49kt2rr0vthywaa50xwsqfzzknutrncp6fupm6596sgyh5r0946rpsu6mkpk
1,1.0,HIGH_CONFIDENCE_PCA6,ckb1qzda0cr08m85hc8jlnfp3zer7xulejywt49kt2rr0vthywaa50xwsqg0fsmjwhnshsqzsayprx9f7w0jwkn5zyqcrdluc
0,0.2815622775159685,HIGH_CONFIDENCE_PCA6,ckb1qzda0cr08m85hc8jlnfp3zer7xulejywt49kt2rr0vthywaa50xwsqg0prwcywrcc744qq5veu4upkur4665dlgr6003x
1,1.0,HIGH_CONFIDENCE_PCA6,ckb1qzda0cr08m85hc8jlnfp3zer7xulejywt49kt2rr0vthywaa50xwsqg24w9uh6z7vg2mf48x5rq42t5aegfzxxsge2k2w
0,0.2955185536393379,HIGH_CONFIDENCE_PCA6,ckb1qzda0cr08m85hc8jlnfp3zer7xulejywt49kt2rr0vthywaa50xwsqg2fnljwt423kchx368x8xwstmkhx0k2agegvx0a
0,0.29007519089641864,HIGH_CONFIDENCE_PCA6,ckb1qzda0cr08m85hc8jlnfp3zer7xulejywt49kt2rr0vthywaa50xwsqg338aj4hnmutep9ufyd9yyuh3ju7rr8lq03fejn
1,1.0,HIGH_CONFIDENCE_PCA6,ckb1qzda0cr08m85hc8jlnfp3zer7xulejywt49kt2rr0vthywaa50xwsqg3xv33uywn6sjyvmnzckatkpke54mlx8srepf4g
1,1.0,HIGH_CONFIDENCE_PCA6,ckb1qzda0cr08m85hc8jlnfp3zer7xulejywt49kt2rr0vthywaa50xwsqg3y6k5gqrgjt54wzhxar4kys594v2s0vg2fpsmk
0,0.28036499417220745,HIGH_CONFIDENCE_PCA6,ckb1qzda0cr08m85hc8jlnfp3zer7xulejywt49kt2rr0vthywaa50xwsqg40ucnf7tt8zvnje7xhatf3yllc8zh4pqq25wqh
1,1.0,HIGH_CONFIDENCE_PCA6,ckb1qzda0cr08m85hc8jlnfp3zer7xulejywt49kt2rr0vthywaa50xwsqg4cz7lvtz6anfw0uxkrxu8d0gxcfuww2gp702wk
1,1.0,HIGH_CONFIDENCE_PCA6,ckb1qzda0cr08m85hc8jlnfp3zer7xulejywt49kt2rr0vthywaa50xwsqg4yg2m9jpx5efeu4q0vrp643gjmad37nqrk9glt
0,0.40015801154863323,HIGH_CONFIDENCE_PCA6,ckb1qzda0cr08m85hc8jlnfp3zer7xulejywt49kt2rr0vthywaa50xwsqg60za567aggkr4kdukm540wrujl4xn83g5sff6z
0,0.40015801154863323,HIGH_CONFIDENCE_PCA6,ckb1qzda0cr08m85hc8jlnfp3zer7xulejywt49kt2rr0vthywaa50xwsqg62egjmjcnvyrdl5z38esza6dgfxuy2xsy8gcsa
1,1.0,HIGH_CONFIDENCE_PCA6,ckb1qzda0cr08m85hc8jlnfp3zer7xulejywt49kt2rr0vthywaa50xwsqg64upk25mkwaurfnz52t5wcm4hkw8ukgqdmqsjq
1,1.0,HIGH_CONFIDENCE_PCA6,ckb1qzda0cr08m85hc8jlnfp3zer7xulejywt49kt2rr0vthywaa50xwsqg6agcch2m7k8lsh00nv05ztfmz0euvqkcfpz7ec
1,1.0,HIGH_CONFIDENCE_PCA6,ckb1qzda0cr08m85hc8jlnfp3zer7xulejywt49kt2rr0vthywaa50xwsqg6j932zy4ztkzmtpye2uhzsju5npw795s89dznx
1,0.9175047997427516,HIGH_CONFIDENCE_PCA6,ckb1qzda0cr08m85hc8jlnfp3zer7xulejywt49kt2rr0vthywaa50xwsqg709r8jqauttpmkjv2x2jg3mtdwvqk7acc26w2j
1,1.0,HIGH_CONFIDENCE_PCA6,ckb1qzda0cr08m85hc8jlnfp3zer7xulejywt49kt2rr0vthywaa50xwsqg8td6r2j7dwevxfd0c84lzn0j9dh0tkecqdrktc
1,0.9175047997427516,HIGH_CONFIDENCE_PCA6,ckb1qzda0cr08m85hc8jlnfp3zer7xulejywt49kt2rr0vthywaa50xwsqg9q2e95dadfctdfsuq5e5na0nwh58v4jc6rkddw
0,1.0,HIGH_CONFIDENCE_PCA6,ckb1qzda0cr08m85hc8jlnfp3zer7xulejywt49kt2rr0vthywaa50xwsqg9zt77ljsy79v237ska0mgf4zd50avq0cdx0vpw
1,1.0,HIGH_CONFIDENCE_PCA6,ckb1qzda0cr08m85hc8jlnfp3zer7xulejywt49kt2rr0vthywaa50xwsqga8fka44mj0qm9pz3zx8fh23cd9t7ye2qw4p9mm
0,0.23245257023566077,HIGH_CONFIDENCE_PCA6,ckb1qzda0cr08m85hc8jlnfp3zer7xulejywt49kt2rr0vthywaa50xwsqgcls79s3gyaetwz3sm27r5gfjguywnh2cxxda76
1,1.0,HIGH_CONFIDENCE_PCA6,ckb1qzda0cr08m85hc8jlnfp3zer7xulejywt49kt2rr0vthywaa50xwsqge57hkg6u3mc7jwh7emmu7pne7keyn2ccf79a2t
1,1.0,HIGH_CONFIDENCE_PCA6,ckb1qzda0cr08m85hc8jlnfp3zer7xulejywt49kt2rr0vthywaa50xwsqgfkqygamtn953uq036rmprazg7rnkt67gdcyxxf
1,1.0,HIGH_CONFIDENCE_PCA6,ckb1qzda0cr08m85hc8jlnfp3zer7xulejywt49kt2rr0vthywaa50xwsqgg8w4ddafhudspnvc8aapvpek3rvmk33qqk5up2
1,1.0,HIGH_CONFIDENCE_PCA6,ckb1qzda0cr08m85hc8jlnfp3zer7xulejywt49kt2rr0vthywaa50xwsqggs86408ja7nsgdh0lz0cxafua6u0pq5cmvsxuu
1,1.0,HIGH_CONFIDENCE_PCA6,ckb1qzda0cr08m85hc8jlnfp3zer7xulejywt49kt2rr0vthywaa50xwsqggszva8zt4sr9p97fwvrhfhzqf7p29u8s3z6m5z
0,0.23245257023566077,HIGH_CONFIDENCE_PCA6,ckb1qzda0cr08m85hc8jlnfp3zer7xulejywt49kt2rr0vthywaa50xwsqgh8ejptxd3n05njryzm2vct7ew9jez6rs8uvuej
1,0.9186094900420253,HIGH_CONFIDENCE_PCA6,ckb1qzda0cr08m85hc8jlnfp3zer7xulejywt49kt2rr0vthywaa50xwsqghntjqmjfan28zcakl06kt5v5x6upxtdgnsclpd
1,1.0,HIGH_CONFIDENCE_PCA6,ckb1qzda0cr08m85hc8jlnfp3zer7xulejywt49kt2rr0vthywaa50xwsqgj3l4affhawvqru83788u58fphcrx2f8shd3h9l
1,1.0,HIGH_CONFIDENCE_PCA6,ckb1qzda0cr08m85hc8jlnfp3zer7xulejywt49kt2rr0vthywaa50xwsqgjr2xdh0zyc53jxpwsvwxq5x8y05rmytcewmqcv
1,1.0,HIGH_CONFIDENCE_PCA6,ckb1qzda0cr08m85hc8jlnfp3zer7xulejywt49kt2rr0vthywaa50xwsqgjuhrq84l5nk7ylhlcqpsa3yg974735rgy30uch
1,0.9175047997427516,HIGH_CONFIDENCE_PCA6,ckb1qzda0cr08m85hc8jlnfp3zer7xulejywt49kt2rr0vthywaa50xwsqgk9kfuz7fchth20ksf8d2x3eqph9le6cqhenpf3
0,1.0,HIGH_CONFIDENCE_PCA6,ckb1qzda0cr08m85hc8jlnfp3zer7xulejywt49kt2rr0vthywaa50xwsqgkfsftjekwd5gtrpludsuaynmccg37mssm6hpt9
1,1.0,HIGH_CONFIDENCE_PCA6,ckb1qzda0cr08m85hc8jlnfp3zer7xulejywt49kt2rr0vthywaa50xwsqgkfv8pzr5d26zcapqrd58ksc65w0qv8qqqp6xtc
1,1.0,HIGH_CONFIDENCE_PCA6,ckb1qzda0cr08m85hc8jlnfp3zer7xulejywt49kt2rr0vthywaa50xwsqgl8p3tyd357ap33wygmdxur9xj2pft5dc5q6uz7
1,1.0,HIGH_CONFIDENCE_PCA6,ckb1qzda0cr08m85hc8jlnfp3zer7xulejywt49kt2rr0vthywaa50xwsqglrz80pqlcstnc89aw4dwr2av8spdc98sk7k0rz
0,1.0,HIGH_CONFIDENCE_PCA6,ckb1qzda0cr08m85hc8jlnfp3zer7xulejywt49kt2rr0vthywaa50xwsqgmjsf5sg7y340mh52tdh8z4p4v2yryk6ggzyu8m
1,1.0,HIGH_CONFIDENCE_PCA6,ckb1qzda0cr08m85hc8jlnfp3zer7xulejywt49kt2rr0vthywaa50xwsqgnhsvcls3zfj0jggg74nej0hxwmtzjjvcu09935
1,1.0,HIGH_CONFIDENCE_PCA6,ckb1qzda0cr08m85hc8jlnfp3zer7xulejywt49kt2rr0vthywaa50xwsqgq74prpeqz7rlncvqz0j2gn4jxsg75ztggj7v7a
1,1.0,HIGH_CONFIDENCE_PCA6,ckb1qzda0cr08m85hc8jlnfp3zer7xulejywt49kt2rr0vthywaa50xwsqgtjqt05crwkdrdnqjvvlckq8yy907z3xq8nhw6d
1,1.0,HIGH_CONFIDENCE_PCA6,ckb1qzda0cr08m85hc8jlnfp3zer7xulejywt49kt2rr0vthywaa50xwsqgulzg2h44865y9svyw7s5390npefh3x9qrr8hc9
1,1.0,HIGH_CONFIDENCE_PCA6,ckb1qzda0cr08m85hc8jlnfp3zer7xulejywt49kt2rr0vthywaa50xwsqgvf6u2sgx8ud45x9dy6gqwl2rx5625w8g52tt66
1,1.0,HIGH_CONFIDENCE_PCA6,ckb1qzda0cr08m85hc8jlnfp3zer7xulejywt49kt2rr0vthywaa50xwsqgvhdamaryxwum3rdm2pfpm2vzlmt3e0uq0cll7q
1,1.0,HIGH_CONFIDENCE_PCA6,ckb1qzda0cr08m85hc8jlnfp3zer7xulejywt49kt2rr0vthywaa50xwsqgvmsa3c3ecl7edwqjvezvjcrwqs3ypy0gdesfvg
1,1.0,HIGH_CONFIDENCE_PCA6,ckb1qzda0cr08m85hc8jlnfp3zer7xulejywt49kt2rr0vthywaa50xwsqgvqj4l72jsc6mve69s24ggznk7vf09dpsgdszvp
0,1.0,HIGH_CONFIDENCE_PCA6,ckb1qzda0cr08m85hc8jlnfp3zer7xulejywt49kt2rr0vthywaa50xwsqgvs5gksmvyjy2jl746vvnnq5a7nuey9hsz2uudd
1,1.0,HIGH_CONFIDENCE_PCA6,ckb1qzda0cr08m85hc8jlnfp3zer7xulejywt49kt2rr0vthywaa50xwsqgw7a8wtdmg4er900svtg4vqn27upcpq4cnd4g7v
0,1.0,HIGH_CONFIDENCE_PCA6,ckb1qzda0cr08m85hc8jlnfp3zer7xulejywt49kt2rr0vthywaa50xwsqgwclc88er2n8s5d5cscywyshz8r3rwr9qla2lgd
1,1.0,HIGH_CONFIDENCE_PCA6,ckb1qzda0cr08m85hc8jlnfp3zer7xulejywt49kt2rr0vthywaa50xwsqgwfecefxhhy7jtetnnf835cc6pc4hup2g3047fh
0,0.25249044754519495,HIGH_CONFIDENCE_PCA6,ckb1qzda0cr08m85hc8jlnfp3zer7xulejywt49kt2rr0vthywaa50xwsqgwum3jcpnajgd4teaa2zezc99pwfl3sug4xfx7f
1,1.0,HIGH_CONFIDENCE_PCA6,ckb1qzda0cr08m85hc8jlnfp3zer7xulejywt49kt2rr0vthywaa50xwsqgxe3ru50ecjjruz4tymv759ztsdff7lxq74umg9
1,1.0,HIGH_CONFIDENCE_PCA6,ckb1qzda0cr08m85hc8jlnfp3zer7xulejywt49kt2rr0vthywaa50xwsqgyc38gxchqxq76zu6enhvgp5mdsgv8e7gzp680x
1,1.0,HIGH_CONFIDENCE_PCA6,ckb1qzda0cr08m85hc8jlnfp3zer7xulejywt49kt2rr0vthywaa50xwsqgygj0n7vv7vk6ejt4d23yp87v5fe5352sv3hvfw
1,0.6864378575239931,HIGH_CONFIDENCE_PCA6,ckb1qzda0cr08m85hc8jlnfp3zer7xulejywt49kt2rr0vthywaa50xwsqgzgak4nyyfjzlcnx6lel86kkl9wmn8cmqg5mv52
1,1.0,HIGH_CONFIDENCE_PCA6,ckb1qzda0cr08m85hc8jlnfp3zer7xulejywt49kt2rr0vthywaa50xwsqgzku5d6wp53s4ukledn8j8u3t9vjxt7ys9uu00a
1,1.0,HIGH_CONFIDENCE_PCA6,ckb1qzda0cr08m85hc8jlnfp3zer7xulejywt49kt2rr0vthywaa50xwsqgzm5e3yf726rc70mkxfc2y2u4y3w27h6qeazjwx
1,1.0,HIGH_CONFIDENCE_PCA6,ckb1qzda0cr08m85hc8jlnfp3zer7xulejywt49kt2rr0vthywaa50xwsqgzw9vj0prshmp4pm5jr0t8m4vwf353syqvqfm08
1,1.0,HIGH_CONFIDENCE_PCA6,ckb1qzda0cr08m85hc8jlnfp3zer7xulejywt49kt2rr0vthywaa50xwsqt0ayt9cx3tfx3gdmm9vt4r46tj26aus5q6rpaqf
1,0.9186094900420253,HIGH_CONFIDENCE_PCA6,ckb1qzda0cr08m85hc8jlnfp3zer7xulejywt49kt2rr0vthywaa50xwsqt2dw05dtsdwuhpd9klvtd8kywq7wmjd7c9zwp3d
1,1.0,HIGH_CONFIDENCE_PCA6,ckb1qzda0cr08m85hc8jlnfp3zer7xulejywt49kt2rr0vthywaa50xwsqt2e7jpk20nyyyuwdqmvqk427ql2593nugpqd4pp
1,1.0,HIGH_CONFIDENCE_PCA6,ckb1qzda0cr08m85hc8jlnfp3zer7xulejywt49kt2rr0vthywaa50xwsqt2gnkqzr9sm0q9syuahhy9mgu9hx3r5pg74y4jz
1,1.0,HIGH_CONFIDENCE_PCA6,ckb1qzda0cr08m85hc8jlnfp3zer7xulejywt49kt2rr0vthywaa50xwsqt2hf4pt58qrvnfk02tyhq2pe30t209xecsrj2fy
0,0.40015801154863323,HIGH_CONFIDENCE_PCA6,ckb1qzda0cr08m85hc8jlnfp3zer7xulejywt49kt2rr0vthywaa50xwsqt3tqddwnr5xfm52vevcyujfw8nhrr77hc0uppq7
1,1.0,HIGH_CONFIDENCE_PCA6,ckb1qzda0cr08m85hc8jlnfp3zer7xulejywt49kt2rr0vthywaa50xwsqt44ntk8mswsuzjtd7e5d4nm5q3akq8ppsvm3kqy
0,1.0,HIGH_CONFIDENCE_PCA6,ckb1qzda0cr08m85hc8jlnfp3zer7xulejywt49kt2rr0vthywaa50xwsqt4m3njt3khypyev79qutpf67rewetpltge0mfds
0,1.0,HIGH_CONFIDENCE_PCA6,ckb1qzda0cr08m85hc8jlnfp3zer7xulejywt49kt2rr0vthywaa50xwsqt4rtfua5eqvmwtyn08y8yycc5lx2wty3qtcxx2a
1,0.9699526695296717,HIGH_CONFIDENCE_PCA6,ckb1qzda0cr08m85hc8jlnfp3zer7xulejywt49kt2rr0vthywaa50xwsqt5ctdrmqm0ay6yk8h9nxh7uy0xu7tm8zs8tvu99
1,1.0,HIGH_CONFIDENCE_PCA6,ckb1qzda0cr08m85hc8jlnfp3zer7xulejywt49kt2rr0vthywaa50xwsqt6tazknn3shl6jeynqghajfkmx0uxcsyg49hx74
1,1.0,HIGH_CONFIDENCE_PCA6,ckb1qzda0cr08m85hc8jlnfp3zer7xulejywt49kt2rr0vthywaa50xwsqt77x997v0x3d3m4sxxavmcanlvwn3q0hs4upt05
1,1.0,HIGH_CONFIDENCE_PCA6,ckb1qzda0cr08m85hc8jlnfp3zer7xulejywt49kt2rr0vthywaa50xwsqt7830n3sgc4rvmu4vym50snrq0f3qjsrgs64u8s
1,0.6057552744599616,HIGH_CONFIDENCE_PCA6,ckb1qzda0cr08m85hc8jlnfp3zer7xulejywt49kt2rr0vthywaa50xwsqt785chmwk9t3w2j3570chwvmwq3l2sxrcvmsm9d
0,1.0,HIGH_CONFIDENCE_PCA6,ckb1qzda0cr08m85hc8jlnfp3zer7xulejywt49kt2rr0vthywaa50xwsqt84rvxyppu7c7zfv6xq50zgv034hdjxmguxeszx
1,1.0,HIGH_CONFIDENCE_PCA6,ckb1qzda0cr08m85hc8jlnfp3zer7xulejywt49kt2rr0vthywaa50xwsqt8ypvjjfwqn6eneekj0ykwyzrr2jnhxfq8t88cr
1,1.0,HIGH_CONFIDENCE_PCA6,ckb1qzda0cr08m85hc8jlnfp3zer7xulejywt49kt2rr0vthywaa50xwsqt94xsmh5kjp24djx4y5mpeq0usqthda4cvxxmuk
1,1.0,HIGH_CONFIDENCE_PCA6,ckb1qzda0cr08m85hc8jlnfp3zer7xulejywt49kt2rr0vthywaa50xwsqt99g9mrrpztjlg4tfwrnzeczrx6kpwdnqx90acl
1,1.0,HIGH_CONFIDENCE_PCA6,ckb1qzda0cr08m85hc8jlnfp3zer7xulejywt49kt2rr0vthywaa50xwsqt9vmtr0jddwrpmpp4tfvvmsmfxt4dvllqkk0arq
1,1.0,HIGH_CONFIDENCE_PCA6,ckb1qzda0cr08m85hc8jlnfp3zer7xulejywt49kt2rr0vthywaa50xwsqtc39e2l04ha5t5fzvupspn49lftrglr8gw99j4e
1,1.0,HIGH_CONFIDENCE_PCA6,ckb1qzda0cr08m85hc8jlnfp3zer7xulejywt49kt2rr0vthywaa50xwsqtcj3ytn3vr7ux8twl2esdzhwqklqm5a9qjff8zs
0,0.40015801154863323,HIGH_CONFIDENCE_PCA6,ckb1qzda0cr08m85hc8jlnfp3zer7xulejywt49kt2rr0vthywaa50xwsqtcpq6rsr3xmfz4xnav7vrszp3qwpcv9yg8urgcw
1,0.47943280362111057,HIGH_CONFIDENCE_PCA6,ckb1qzda0cr08m85hc8jlnfp3zer7xulejywt49kt2rr0vthywaa50xwsqtcz03jau3958a7esc84ygpk8vj8ad0njcym245u
0,0.686535413373786,HIGH_CONFIDENCE_PCA6,ckb1qzda0cr08m85hc8jlnfp3zer7xulejywt49kt2rr0vthywaa50xwsqtd9vhcdxgszckmrhj4em08p4l7g6u877ccyzsy7
1,1.0,HIGH_CONFIDENCE_PCA6,ckb1qzda0cr08m85hc8jlnfp3zer7xulejywt49kt2rr0vthywaa50xwsqtdc7efeq2t3xnqhtp336tfxd9sns8hz4cg3qf4y
1,0.6827219933241828,HIGH_CONFIDENCE_PCA6,ckb1qzda0cr08m85hc8jlnfp3zer7xulejywt49kt2rr0vthywaa50xwsqtdjy59w688e9h3e6spw0ypv7k69nl2h6q3sma2z
0,0.40015801154863323,HIGH_CONFIDENCE_PCA6,ckb1qzda0cr08m85hc8jlnfp3zer7xulejywt49kt2rr0vthywaa50xwsqtdvhzxzyqcqqu3qu548g0yfhyhkn68s0s5tlqdh
1,1.0,HIGH_CONFIDENCE_PCA6,ckb1qzda0cr08m85hc8jlnfp3zer7xulejywt49kt2rr0vthywaa50xwsqtdwr0smrhh7h0pnkg2yve4ux7mfk3k9nswdj2s2
1,1.0,HIGH_CONFIDENCE_PCA6,ckb1qzda0cr08m85hc8jlnfp3zer7xulejywt49kt2rr0vthywaa50xwsqte8ruahspqmzkwmeuae4v5yymsg8r9r7spk8h0y
0,0.34171082184293844,HIGH_CONFIDENCE_PCA6,ckb1qzda0cr08m85hc8jlnfp3zer7xulejywt49kt2rr0vthywaa50xwsqtefa8zf5x0lltkreu77zv5830nwkld24gwljv3p
1,1.0,HIGH_CONFIDENCE_PCA6,ckb1qzda0cr08m85hc8jlnfp3zer7xulejywt49kt2rr0vthywaa50xwsqteuhr80vfws6en6ju03huzvp3xh9z0juqelhgxu
1,1.0,HIGH_CONFIDENCE_PCA6,ckb1qzda0cr08m85hc8jlnfp3zer7xulejywt49kt2rr0vthywaa50xwsqtf8pf9tn3xzl0pjnwpyp49nqyazx5rwts7a7d5z
1,1.0,HIGH_CONFIDENCE_PCA6,ckb1qzda0cr08m85hc8jlnfp3zer7xulejywt49kt2rr0vthywaa50xwsqtfs070fqhspjhhzf0l5d2hrpd5hjvzmkgh8p6j2
1,1.0,HIGH_CONFIDENCE_PCA6,ckb1qzda0cr08m85hc8jlnfp3zer7xulejywt49kt2rr0vthywaa50xwsqtg2eyp82x7jqlmy9ggy6nwp4kf3nzzkpqfgp859
1,1.0,HIGH_CONFIDENCE_PCA6,ckb1qzda0cr08m85hc8jlnfp3zer7xulejywt49kt2rr0vthywaa50xwsqtg608sukx6zv02svdu0hm3304fxhfrfzqvaphhu
1,1.0,HIGH_CONFIDENCE_PCA6,ckb1qzda0cr08m85hc8jlnfp3zer7xulejywt49kt2rr0vthywaa50xwsqtgcug2zyn96tlrk38uespknjpm9kje90cuwuc97
1,1.0,HIGH_CONFIDENCE_PCA6,ckb1qzda0cr08m85hc8jlnfp3zer7xulejywt49kt2rr0vthywaa50xwsqtkpvummtxgqsj3c4hjzz72atds4jf8zcsyp90ve
1,1.0,HIGH_CONFIDENCE_PCA6,ckb1qzda0cr08m85hc8jlnfp3zer7xulejywt49kt2rr0vthywaa50xwsqtl60mlnd8498tpqyfu5yud3fsrt5ndptc80xq2q
1,0.9175047997427516,HIGH_CONFIDENCE_PCA6,ckb1qzda0cr08m85hc8jlnfp3zer7xulejywt49kt2rr0vthywaa50xwsqtlpgc29k57ufndd7gpm2jjvpwc2hqygjgtf54lg
1,1.0,HIGH_CONFIDENCE_PCA6,ckb1qzda0cr08m85hc8jlnfp3zer7xulejywt49kt2rr0vthywaa50xwsqtmf2ge3pt50a67vdmwsj8l8rf6px43vxg098nyj
1,1.0,HIGH_CONFIDENCE_PCA6,ckb1qzda0cr08m85hc8jlnfp3zer7xulejywt49kt2rr0vthywaa50xwsqtnlh5nyt9d4rw4nn753ty8g9vuwxemmhgxqc6ug
1,1.0,HIGH_CONFIDENCE_PCA6,ckb1qzda0cr08m85hc8jlnfp3zer7xulejywt49kt2rr0vthywaa50xwsqtq43kkkjp78arrz5dk9yazecfynnduu5qz9nfxd
1,1.0,HIGH_CONFIDENCE_PCA6,ckb1qzda0cr08m85hc8jlnfp3zer7xulejywt49kt2rr0vthywaa50xwsqtq7kfg7m5nzejcjug02mqqklfjea7fykqu7h5nz
1,1.0,HIGH_CONFIDENCE_PCA6,ckb1qzda0cr08m85hc8jlnfp3zer7xulejywt49kt2rr0vthywaa50xwsqtr5klxrl240p2jsldlwhd6w3dv7fjj59cp6nkwy
1,1.0,HIGH_CONFIDENCE_PCA6,ckb1qzda0cr08m85hc8jlnfp3zer7xulejywt49kt2rr0vthywaa50xwsqtrp6ncuqxwmyp7wfr9uywxyyfs7nvk44sx7ast5
1,1.0,HIGH_CONFIDENCE_PCA6,ckb1qzda0cr08m85hc8jlnfp3zer7xulejywt49kt2rr0vthywaa50xwsqtrvtdrcnncgh0vsc6rvsfvl3mk4lrf0hqv5ttla
1,1.0,HIGH_CONFIDENCE_PCA6,ckb1qzda0cr08m85hc8jlnfp3zer7xulejywt49kt2rr0vthywaa50xwsqtsqnt3y4hf88rqmpjz3t6aq94z5hzukvcx4papd
0,0.40015801154863323,HIGH_CONFIDENCE_PCA6,ckb1qzda0cr08m85hc8jlnfp3zer7xulejywt49kt2rr0vthywaa50xwsqttkscr3p930542e3zgzj3yujwpak0gq4slpgsny
1,1.0,HIGH_CONFIDENCE_PCA6,ckb1qzda0cr08m85hc8jlnfp3zer7xulejywt49kt2rr0vthywaa50xwsqtuds5922cp4p8zmnerrmqkwvq3358xywcws26ya
0,0.9719306078426888,HIGH_CONFIDENCE_PCA6,ckb1qzda0cr08m85hc8jlnfp3zer7xulejywt49kt2rr0vthywaa50xwsqtvk38dnwm5w9w2txerj53jfjlkwdmx63sacfnev
1,1.0,HIGH_CONFIDENCE_PCA6,ckb1qzda0cr08m85hc8jlnfp3zer7xulejywt49kt2rr0vthywaa50xwsqtxd3nueqkvw2s3xactdp9t0c6axsgmewgweeu7e
0,0.314463302042492,HIGH_CONFIDENCE_PCA6,ckb1qzda0cr08m85hc8jlnfp3zer7xulejywt49kt2rr0vthywaa50xwsqtxdw8h4yk3jnuln8ktwcdfymeapm6jg7s5pmley
1,1.0,HIGH_CONFIDENCE_PCA6,ckb1qzda0cr08m85hc8jlnfp3zer7xulejywt49kt2rr0vthywaa50xwsqtyedgf3hcmvghz4cmstp7pu7u76x93apgp9rzws
0,0.23245257023566077,HIGH_CONFIDENCE_PCA6,ckb1qzda0cr08m85hc8jlnfp3zer7xulejywt49kt2rr0vthywaa50xwsqtz7rcay08zu2uym7crxxe8dv9aj3thjgs7f3wu2
1,1.0,HIGH_CONFIDENCE_PCA6,ckb1qzda0cr08m85hc8jlnfp3zer7xulejywt49kt2rr0vthywaa50xwsqv07sjyn42umzcrg5tr9zvx4mne3ay649s9mszdr
1,1.0,HIGH_CONFIDENCE_PCA6,ckb1qzda0cr08m85hc8jlnfp3zer7xulejywt49kt2rr0vthywaa50xwsqv2mxk8gk0kdcqrjee7fdyy4dzjs3c8etq9dlarq
1,0.7680632834357409,HIGH_CONFIDENCE_PCA6,ckb1qzda0cr08m85hc8jlnfp3zer7xulejywt49kt2rr0vthywaa50xwsqv3zjwlrxn8vk53c4d9a8ksecf9rj86mfsv8t4pc
1,0.9175047997427516,HIGH_CONFIDENCE_PCA6,ckb1qzda0cr08m85hc8jlnfp3zer7xulejywt49kt2rr0vthywaa50xwsqv47n6dc9ay34npwktvlpp5huzjvd07t4qhspqyz
1,1.0,HIGH_CONFIDENCE_PCA6,ckb1qzda0cr08m85hc8jlnfp3zer7xulejywt49kt2rr0vthywaa50xwsqv52twl330j4d2n858snefzewnuwchku7ql2qas8
1,1.0,HIGH_CONFIDENCE_PCA6,ckb1qzda0cr08m85hc8jlnfp3zer7xulejywt49kt2rr0vthywaa50xwsqv5uwm78vrgdrfmd056xn32q9junu3rg2c2we24p
1,1.0,HIGH_CONFIDENCE_PCA6,ckb1qzda0cr08m85hc8jlnfp3zer7xulejywt49kt2rr0vthywaa50xwsqv5xn32cdl2t82kswqnrf27q6c4fzv5l2g22mhle
1,1.0,HIGH_CONFIDENCE_PCA6,ckb1qzda0cr08m85hc8jlnfp3zer7xulejywt49kt2rr0vthywaa50xwsqv7ayqjm88s60nm3gf56q55y578uw2weqgfx02sw
1,1.0,HIGH_CONFIDENCE_PCA6,ckb1qzda0cr08m85hc8jlnfp3zer7xulejywt49kt2rr0vthywaa50xwsqv8mt7uj0ynsd25vlufex6xm5czh04nglsd68gcc
1,1.0,HIGH_CONFIDENCE_PCA6,ckb1qzda0cr08m85hc8jlnfp3zer7xulejywt49kt2rr0vthywaa50xwsqv8yreznvv7falyl3sk08l74zh6aj9u9hsrpfysy
0,0.23245257023566077,HIGH_CONFIDENCE_PCA6,ckb1qzda0cr08m85hc8jlnfp3zer7xulejywt49kt2rr0vthywaa50xwsqv98zwvdlfvcwhppy75jcs0u8566vupxzs735ggx
1,1.0,HIGH_CONFIDENCE_PCA6,ckb1qzda0cr08m85hc8jlnfp3zer7xulejywt49kt2rr0vthywaa50xwsqv9hhmy8u8z5xeay9r56pp3akjdmmannxqx3n837
0,0.28980288303278445,HIGH_CONFIDENCE_PCA6,ckb1qzda0cr08m85hc8jlnfp3zer7xulejywt49kt2rr0vthywaa50xwsqvde0h8xdeqmmvrxqsjqf8pl9kjltjsupsfxlpgt
0,0.43297822440708245,HIGH_CONFIDENCE_PCA6,ckb1qzda0cr08m85hc8jlnfp3zer7xulejywt49kt2rr0vthywaa50xwsqvdsgte9pkmratzhwchaanuuvhvmd3pp9cfvddsg
0,0.40015801154863323,HIGH_CONFIDENCE_PCA6,ckb1qzda0cr08m85hc8jlnfp3zer7xulejywt49kt2rr0vthywaa50xwsqvdu4tnf9uueqjdd4k57c8hh5g458jlvlsk90qe4
1,1.0,HIGH_CONFIDENCE_PCA6,ckb1qzda0cr08m85hc8jlnfp3zer7xulejywt49kt2rr0vthywaa50xwsqvdu6azqm97z3nfv9r2zs0q9m9jedf4z0qllxwrl
1,1.0,HIGH_CONFIDENCE_PCA6,ckb1qzda0cr08m85hc8jlnfp3zer7xulejywt49kt2rr0vthywaa50xwsqvh639mn84vea2mr46k5rqrvfq6zg6h4mqaxt69f
0,1.0,HIGH_CONFIDENCE_PCA6,ckb1qzda0cr08m85hc8jlnfp3zer7xulejywt49kt2rr0vthywaa50xwsqvhl5ywzxe4tpun3frshvq34p7rlh356sq0sx2vd
0,0.35392421423199527,HIGH_CONFIDENCE_PCA6,ckb1qzda0cr08m85hc8jlnfp3zer7xulejywt49kt2rr0vthywaa50xwsqvjpnzdqgz2pqdmn72qmm3wus9je59wheqangdzf
1,1.0,HIGH_CONFIDENCE_PCA6,ckb1qzda0cr08m85hc8jlnfp3zer7xulejywt49kt2rr0vthywaa50xwsqvjvfddqll5qztlccn06gs02ske0yc68esgdkxfp
1,1.0,HIGH_CONFIDENCE_PCA6,ckb1qzda0cr08m85hc8jlnfp3zer7xulejywt49kt2rr0vthywaa50xwsqvkdvwnt7g07cavxzwdpc6rhyz9dpje6zgyldedd
1,1.0,HIGH_CONFIDENCE_PCA6,ckb1qzda0cr08m85hc8jlnfp3zer7xulejywt49kt2rr0vthywaa50xwsqvknttjvpk89lj2c9ykxvethuaft52j3fs9df6l3
1,1.0,HIGH_CONFIDENCE_PCA6,ckb1qzda0cr08m85hc8jlnfp3zer7xulejywt49kt2rr0vthywaa50xwsqvkt2ql6y7gdn7dsh0txtwkluf8n57tadgdmaj8h
1,1.0,HIGH_CONFIDENCE_PCA6,ckb1qzda0cr08m85hc8jlnfp3zer7xulejywt49kt2rr0vthywaa50xwsqvkxl5y7fzw25kenl7zsh5u5f8yjww5juc69llx3
0,0.40015801154863323,HIGH_CONFIDENCE_PCA6,ckb1qzda0cr08m85hc8jlnfp3zer7xulejywt49kt2rr0vthywaa50xwsqvmmkpv65ayqg2c6ezrf2644lcfqe4vjng0qv493
1,1.0,HIGH_CONFIDENCE_PCA6,ckb1qzda0cr08m85hc8jlnfp3zer7xulejywt49kt2rr0vthywaa50xwsqvn87j7a9sndal6f0rv6ny34z7s7mcvypg5qhygq
1,1.0,HIGH_CONFIDENCE_PCA6,ckb1qzda0cr08m85hc8jlnfp3zer7xulejywt49kt2rr0vthywaa50xwsqvq6ve8a90spwj33sdl7rtus9w5e0an4cc83el7m
1,1.0,HIGH_CONFIDENCE_PCA6,ckb1qzda0cr08m85hc8jlnfp3zer7xulejywt49kt2rr0vthywaa50xwsqvqt5lc9tlz527sfaf9k75eec0p3hf5epqqkr4vs
1,1.0,HIGH_CONFIDENCE_PCA6,ckb1qzda0cr08m85hc8jlnfp3zer7xulejywt49kt2rr0vthywaa50xwsqvtd053tgl4c6dcn4qe70nvyygkmh2llwgesskle
1,1.0,HIGH_CONFIDENCE_PCA6,ckb1qzda0cr08m85hc8jlnfp3zer7xulejywt49kt2rr0vthywaa50xwsqvtfx52pmwvmnlxc89ahpga6w6rk8r69xgmnsu28
1,1.0,HIGH_CONFIDENCE_PCA6,ckb1qzda0cr08m85hc8jlnfp3zer7xulejywt49kt2rr0vthywaa50xwsqvu4vva27ejspmqt30kg7zld29xznhxvwc5zpfpf
1,0.775054363901395,HIGH_CONFIDENCE_PCA6,ckb1qzda0cr08m85hc8jlnfp3zer7xulejywt49kt2rr0vthywaa50xwsqvuh8nmuphsgaua6g0usmlknkk98gu4lhcmpyhsp
1,1.0,HIGH_CONFIDENCE_PCA6,ckb1qzda0cr08m85hc8jlnfp3zer7xulejywt49kt2rr0vthywaa50xwsqvva6zmstttmwvat2uw3k057rgnv5t3hts4vk7tv
1,1.0,HIGH_CONFIDENCE_PCA6,ckb1qzda0cr08m85hc8jlnfp3zer7xulejywt49kt2rr0vthywaa50xwsqvwl42mn75qtakq62dsx96gtfy76rdchhsd37u49
1,1.0,HIGH_CONFIDENCE_PCA6,ckb1qzda0cr08m85hc8jlnfp3zer7xulejywt49kt2rr0vthywaa50xwsqvwwjyy2ue6h3cg9yf6k07c4u5mlsep05s3evt90
1,1.0,HIGH_CONFIDENCE_PCA6,ckb1qzda0cr08m85hc8jlnfp3zer7xulejywt49kt2rr0vthywaa50xwsqvx0mstg9aqgrgvsqnrqd4ekwcthk0pfpqkaq02f
1,1.0,HIGH_CONFIDENCE_PCA6,ckb1qzda0cr08m85hc8jlnfp3zer7xulejywt49kt2rr0vthywaa50xwsqvxfn4dw95uwpq972rjvvkzc44c0hxltkghsrja0
1,1.0,HIGH_CONFIDENCE_PCA6,ckb1qzda0cr08m85hc8jlnfp3zer7xulejywt49kt2rr0vthywaa50xwsqvy6p5scn5xvswncwlzpfhap4prkxracucm68kwj
1,1.0,HIGH_CONFIDENCE_PCA6,ckb1qzda0cr08m85hc8jlnfp3zer7xulejywt49kt2rr0vthywaa50xwsqvy7kcd79as6em28rtmg777va2j349a3ycz75qyg
1,1.0,HIGH_CONFIDENCE_PCA6,ckb1qzda0cr08m85hc8jlnfp3zer7xulejywt49kt2rr0vthywaa50xwsqvyeguxz4y45vydqtdrvz6xz43tlcdc7acjhkesk
1,0.7081564168212623,HIGH_CONFIDENCE_PCA6,ckb1qzda0cr08m85hc8jlnfp3zer7xulejywt49kt2rr0vthywaa50xwsqvzfcj3jtlhzyuu4s5frtv9d3r7mexqhnclvhwkr
1,0.9124830913903818,HIGH_CONFIDENCE_PCA6,ckb1qzda0cr08m85hc8jlnfp3zer7xulejywt49kt2rr0vthywaa50xwsqw0dr0ghl76nf5xkw6lx0lxm032kw2jwwq6lnmhx
1,1.0,HIGH_CONFIDENCE_PCA6,ckb1qzda0cr08m85hc8jlnfp3zer7xulejywt49kt2rr0vthywaa50xwsqw0kyehc00l04ru5dldfhhtalx43fe9ppsdzgzgz
1,0.9872219147911526,HIGH_CONFIDENCE_PCA6,ckb1qzda0cr08m85hc8jlnfp3zer7xulejywt49kt2rr0vthywaa50xwsqw20ylwscm8q35fdgh6vvl0mjpmg4p3macchmmr6
1,1.0,HIGH_CONFIDENCE_PCA6,ckb1qzda0cr08m85hc8jlnfp3zer7xulejywt49kt2rr0vthywaa50xwsqw2qmgk7tphggddk6mavjxzxhlaguum7ds7c7t8q
1,1.0,HIGH_CONFIDENCE_PCA6,ckb1qzda0cr08m85hc8jlnfp3zer7xulejywt49kt2rr0vthywaa50xwsqw4klymd5zxdtersxfu8wafdq803fudg7qpp9dz7
1,1.0,HIGH_CONFIDENCE_PCA6,ckb1qzda0cr08m85hc8jlnfp3zer7xulejywt49kt2rr0vthywaa50xwsqw4xpk4t3688duglxp0xvupwfj9u4y20rc5xvtlj
1,1.0,HIGH_CONFIDENCE_PCA6,ckb1qzda0cr08m85hc8jlnfp3zer7xulejywt49kt2rr0vthywaa50xwsqw5pyla7y2d5y6dy2jxlj03c4p76ahmnhc0j4ars
1,1.0,HIGH_CONFIDENCE_PCA6,ckb1qzda0cr08m85hc8jlnfp3zer7xulejywt49kt2rr0vthywaa50xwsqw5rj262huu0sgcnq38shahvee2qpuuvtg8rve95
1,1.0,HIGH_CONFIDENCE_PCA6,ckb1qzda0cr08m85hc8jlnfp3zer7xulejywt49kt2rr0vthywaa50xwsqw6hjwylgj9pw0ae8pw0ctke60jpqw6f6slep8r3
1,0.922404409089011,HIGH_CONFIDENCE_PCA6,ckb1qzda0cr08m85hc8jlnfp3zer7xulejywt49kt2rr0vthywaa50xwsqw6sushnyawdllx7u6pgsf6vdtv90d3v2c6scl6v
1,1.0,HIGH_CONFIDENCE_PCA6,ckb1qzda0cr08m85hc8jlnfp3zer7xulejywt49kt2rr0vthywaa50xwsqw76vqq45434vph49vkxl406cp95886x2g79zp4d
1,1.0,HIGH_CONFIDENCE_PCA6,ckb1qzda0cr08m85hc8jlnfp3zer7xulejywt49kt2rr0vthywaa50xwsqw7fspuj5ny44ce32pp8lvgjqw90uekrjcg8usv9
1,1.0,HIGH_CONFIDENCE_PCA6,ckb1qzda0cr08m85hc8jlnfp3zer7xulejywt49kt2rr0vthywaa50xwsqw827vkp4zln5plmzzktcymdr0ec8aqhpc4sr8d5
0,0.2961099965679875,HIGH_CONFIDENCE_PCA6,ckb1qzda0cr08m85hc8jlnfp3zer7xulejywt49kt2rr0vthywaa50xwsqw8sae6fd5sruyeewfc82gs6epxav9tapqsgphme
1,1.0,HIGH_CONFIDENCE_PCA6,ckb1qzda0cr08m85hc8jlnfp3zer7xulejywt49kt2rr0vthywaa50xwsqw973g6gzfxn2yh804xl67mpf888tlagkqzh4v47
1,1.0,HIGH_CONFIDENCE_PCA6,ckb1qzda0cr08m85hc8jlnfp3zer7xulejywt49kt2rr0vthywaa50xwsqw9cxywse038q9496gt72efccm2jf0lygs5fcq86
1,1.0,HIGH_CONFIDENCE_PCA6,ckb1qzda0cr08m85hc8jlnfp3zer7xulejywt49kt2rr0vthywaa50xwsqw9eyh2qqwkzdmu5xlwkc4lhfx6zsmh0ssed8wsm
1,1.0,HIGH_CONFIDENCE_PCA6,ckb1qzda0cr08m85hc8jlnfp3zer7xulejywt49kt2rr0vthywaa50xwsqw9qsdmw4sh8288hp9rg6rzv0zjnlq2ujs3mez8t
1,0.9977915670916726,HIGH_CONFIDENCE_PCA6,ckb1qzda0cr08m85hc8jlnfp3zer7xulejywt49kt2rr0vthywaa50xwsqw9t5zng6xx58m2nha3lw65da4tsdntkqcxt2q9p
1,1.0,HIGH_CONFIDENCE_PCA6,ckb1qzda0cr08m85hc8jlnfp3zer7xulejywt49kt2rr0vthywaa50xwsqwau96q6673hp5t3ncxypt85vrlv3ldvmchs7tt3
0,0.40015801154863323,HIGH_CONFIDENCE_PCA6,ckb1qzda0cr08m85hc8jlnfp3zer7xulejywt49kt2rr0vthywaa50xwsqwd9wdqn3udclk6u86ed8glq7ep4gs2l6c4cwthv
1,1.0,HIGH_CONFIDENCE_PCA6,ckb1qzda0cr08m85hc8jlnfp3zer7xulejywt49kt2rr0vthywaa50xwsqwda7qe8d78vuwpx20spzsuvtj92eulcagjenqnt
1,0.7419313937341723,HIGH_CONFIDENCE_PCA6,ckb1qzda0cr08m85hc8jlnfp3zer7xulejywt49kt2rr0vthywaa50xwsqwdr5q4rwruykhehd8hn6gxh892wtmdprcw3h3ce
1,1.0,HIGH_CONFIDENCE_PCA6,ckb1qzda0cr08m85hc8jlnfp3zer7xulejywt49kt2rr0vthywaa50xwsqwe92am9fu642zn6fjv7xp9u27e9afey2ce26d2t
0,0.23081828883925298,HIGH_CONFIDENCE_PCA6,ckb1qzda0cr08m85hc8jlnfp3zer7xulejywt49kt2rr0vthywaa50xwsqweaz0wqm6d5wzkyt2jay4ayx22vgxu6ys67s4w2
1,1.0,HIGH_CONFIDENCE_PCA6,ckb1qzda0cr08m85hc8jlnfp3zer7xulejywt49kt2rr0vthywaa50xwsqwg4vuyxa8u6yekv7n3vevs5xj6mzn5rxgeudapp
1,1.0,HIGH_CONFIDENCE_PCA6,ckb1qzda0cr08m85hc8jlnfp3zer7xulejywt49kt2rr0vthywaa50xwsqwh8cgh37vm79za0w7h9wc36rvkcucyaag3pg77j
1,0.9186094900420253,HIGH_CONFIDENCE_PCA6,ckb1qzda0cr08m85hc8jlnfp3zer7xulejywt49kt2rr0vthywaa50xwsqwhygetaaapeuwf7z4tftxkukdu6svw6qg2qajmg
0,1.0,HIGH_CONFIDENCE_PCA6,ckb1qzda0cr08m85hc8jlnfp3zer7xulejywt49kt2rr0vthywaa50xwsqwj5mah4ck3m7dkusnwpgyhmzf6zaaahpqzjwzns
1,1.0,HIGH_CONFIDENCE_PCA6,ckb1qzda0cr08m85hc8jlnfp3zer7xulejywt49kt2rr0vthywaa50xwsqwjeupgccqe3mp2wzajp975muw56rxfzysgzn7cd
1,1.0,HIGH_CONFIDENCE_PCA6,ckb1qzda0cr08m85hc8jlnfp3zer7xulejywt49kt2rr0vthywaa50xwsqwjhnuyhphnp99ysnl09ht9e3x2kh8s8acgdjpg3
1,1.0,HIGH_CONFIDENCE_PCA6,ckb1qzda0cr08m85hc8jlnfp3zer7xulejywt49kt2rr0vthywaa50xwsqwjhry2dvdzmftxqrsrwf04mjw3ah8hhjqh9zh7y
1,1.0,HIGH_CONFIDENCE_PCA6,ckb1qzda0cr08m85hc8jlnfp3zer7xulejywt49kt2rr0vthywaa50xwsqwkp3rnla6nr3al235xz3kmr3c8s0v3kngg0vdcv
1,1.0,HIGH_CONFIDENCE_PCA6,ckb1qzda0cr08m85hc8jlnfp3zer7xulejywt49kt2rr0vthywaa50xwsqwlkxpk8rnrzz2nhuswk2kzvempzsz2zjgwxnwny
1,1.0,HIGH_CONFIDENCE_PCA6,ckb1qzda0cr08m85hc8jlnfp3zer7xulejywt49kt2rr0vthywaa50xwsqwmrpzfvvj8mckknp5m5rkt8cd5hy2vhgq24t8sv
1,1.0,HIGH_CONFIDENCE_PCA6,ckb1qzda0cr08m85hc8jlnfp3zer7xulejywt49kt2rr0vthywaa50xwsqwn663qcrflxjdlepuaykc4lruvysm9u5cnn299s
1,1.0,HIGH_CONFIDENCE_PCA6,ckb1qzda0cr08m85hc8jlnfp3zer7xulejywt49kt2rr0vthywaa50xwsqwnla5w93964qlqcwaaeessdsk4h5pzkfs2f0ehn
1,1.0,HIGH_CONFIDENCE_PCA6,ckb1qzda0cr08m85hc8jlnfp3zer7xulejywt49kt2rr0vthywaa50xwsqwpyugm7a4wtc5tphl0lwzjhcf9fu2l0ksdaezkc
1,1.0,HIGH_CONFIDENCE_PCA6,ckb1qzda0cr08m85hc8jlnfp3zer7xulejywt49kt2rr0vthywaa50xwsqwq5jlc6p7y2g7c59emwef66z5dc02m36sq3vsmj
1,1.0,HIGH_CONFIDENCE_PCA6,ckb1qzda0cr08m85hc8jlnfp3zer7xulejywt49kt2rr0vthywaa50xwsqwr3fzgs5ke9hg0gwzu6qhd7kxwj6e7t6sy7j449
0,0.23245257023566077,HIGH_CONFIDENCE_PCA6,ckb1qzda0cr08m85hc8jlnfp3zer7xulejywt49kt2rr0vthywaa50xwsqwr42a6hutw02a36n99zxzk9cdg8epdr4skkl97l
0,1.0,HIGH_CONFIDENCE_PCA6,ckb1qzda0cr08m85hc8jlnfp3zer7xulejywt49kt2rr0vthywaa50xwsqwrcse92s9lm5u09npr6uwhgsr0tk6scdsxn0pul
1,0.9862419743792452,HIGH_CONFIDENCE_PCA6,ckb1qzda0cr08m85hc8jlnfp3zer7xulejywt49kt2rr0vthywaa50xwsqwrn48zffgqgctt2netwvhcdn3pnznxceg9lhd3j
1,1.0,HIGH_CONFIDENCE_PCA6,ckb1qzda0cr08m85hc8jlnfp3zer7xulejywt49kt2rr0vthywaa50xwsqwsaytgethft2tx90hfcvmpazn02dmhyacz9xtxp
1,1.0,HIGH_CONFIDENCE_PCA6,ckb1qzda0cr08m85hc8jlnfp3zer7xulejywt49kt2rr0vthywaa50xwsqwtjgqcuyekuh50hv2gp447rx6mwzxvlwgm4j8vz
0,0.23245257023566077,HIGH_CONFIDENCE_PCA6,ckb1qzda0cr08m85hc8jlnfp3zer7xulejywt49kt2rr0vthywaa50xwsqwuuu2n4serlsnuvhxwu0nuhsms76aez0cv7nxdh
0,0.23245257023566077,HIGH_CONFIDENCE_PCA6,ckb1qzda0cr08m85hc8jlnfp3zer7xulejywt49kt2rr0vthywaa50xwsqwvalxcu23ejp75sp0sgg7t6ktdy3dyy3q5czey6
1,1.0,HIGH_CONFIDENCE_PCA6,ckb1qzda0cr08m85hc8jlnfp3zer7xulejywt49kt2rr0vthywaa50xwsqwvhy6a0x57agapj2sh47ll9fpgvp753nshpjjpz
0,0.8522229812609112,HIGH_CONFIDENCE_PCA6,ckb1qzda0cr08m85hc8jlnfp3zer7xulejywt49kt2rr0vthywaa50xwsqwx8ftt5lmk8pt5ux00wvyz5qrswq9uckq3yqc5x
1,1.0,HIGH_CONFIDENCE_PCA6,ckb1qzda0cr08m85hc8jlnfp3zer7xulejywt49kt2rr0vthywaa50xwsqwxdvqk5f5k404wykzsfuu4cjvh4n96zrq9yl6w6
0,0.23245257023566077,HIGH_CONFIDENCE_PCA6,ckb1qzda0cr08m85hc8jlnfp3zer7xulejywt49kt2rr0vthywaa50xwsqwz877ez7j69yehpaxf8fjl4g6cxg59k4cmp9c8s
1,1.0,HIGH_CONFIDENCE_PCA6,ckb1qzda0cr08m85hc8jlnfp3zer7xulejywt49kt2rr0vthywaa50xwsqwzcjq4mzexlu6h5mrpldplwt6ht8w7ujcfjltsn
1,0.9278795305886124,HIGH_CONFIDENCE_PCA6,ckb1qzdcr9un5ezx8tkh03s46m9jymh22jruelq8svzr5krj2nx69dhjvqgj8zvgw355fmpvj6qqyaxtary4w9d4cqzrqq9ktcjg
1,1.0,HIGH_CONFIDENCE_PCA6,ckb1qzdcr9un5ezx8tkh03s46m9jymh22jruelq8svzr5krj2nx69dhjvqgj99jj9hhu3m95gpncj0zqtt8trplsj44sqqe5d89y
1,0.751071877173257,HIGH_CONFIDENCE_PCA6,ckb1qzdcr9un5ezx8tkh03s46m9jymh22jruelq8svzr5krj2nx69dhjvqgjn6kfkeu23q74kndpaxw42z77vgat6v86qq6z03rf
1,1.0,HIGH_CONFIDENCE_PCA6,ckb1qzdcr9un5ezx8tkh03s46m9jymh22jruelq8svzr5krj2nx69dhjvqgjrdnzrv7tvcd9nrfr7lmqh0gatk7nxy9jqq2yluhf
1,1.0,HIGH_CONFIDENCE_PCA6,ckb1qzfhdsa4syv599s2s3nfrctwga70g0tu07n9gpnun9ydlngf5vsnwqg90xpp8x5pye38hetcd6kdgl899qk2arfgq4ucyyu6synxy7l90ph2e4ruu55zet5d9q7s4c2a
1,0.9175047997427516,HIGH_CONFIDENCE_PCA6,ckb1qzfhdsa4syv599s2s3nfrctwga70g0tu07n9gpnun9ydlngf5vsnwqg92falqnnya92lpxwtsy25nuns2hsundmxq4f8huzwvn54tuyeewq32j0jwp27rjdhvcdctkl6
1,0.9935649071789148,HIGH_CONFIDENCE_PCA6,ckb1qzfhdsa4syv599s2s3nfrctwga70g0tu07n9gpnun9ydlngf5vsnwqg939y8pph07lrs6upe8j570llehe5rgjkqqky5suyxalmuwrts8y72nelllxlxsdz2cq2yp3v8
1,1.0,HIGH_CONFIDENCE_PCA6,ckb1qzfhdsa4syv599s2s3nfrctwga70g0tu07n9gpnun9ydlngf5vsnwqg94uyxasd2sd0n8e7pl8qv43ps3x28wkpnqkhssmkp42p47vl8c8uupjkyxzyega6cxv63qjzm
1,1.0,HIGH_CONFIDENCE_PCA6,ckb1qzfhdsa4syv599s2s3nfrctwga70g0tu07n9gpnun9ydlngf5vsnwqg94vapl8vqp48yyrzf9kvvqd6ddjvnlzgqqk4n58uasqx5ussvfyke3sphf4kfj0ufqqg0acwp
1,0.933130792408208,HIGH_CONFIDENCE_PCA6,ckb1qzfhdsa4syv599s2s3nfrctwga70g0tu07n9gpnun9ydlngf5vsnwqg95gqrcgaw8zpgwmw3frreclfrtsg776gfqk3qq0pr4cug9pmd69yv08raydwprmmfpyn90q6w
1,1.0,HIGH_CONFIDENCE_PCA6,ckb1qzfhdsa4syv599s2s3nfrctwga70g0tu07n9gpnun9ydlngf5vsnwqg966wtv7g5pldu9eds69maqxsd2mf9r0wfqhtfednezs8ahsh9krgh05q6p4tdy5daeylqaayk
1,0.8544606822092023,HIGH_CONFIDENCE_PCA6,ckb1qzfhdsa4syv599s2s3nfrctwga70g0tu07n9gpnun9ydlngf5vsnwqg96cy3mxvy66tmahlt4v9ewah9nj9qs329qhtqj8vesntf00klaw4sh9mkukwg5zz9g5zvla9n
1,1.0,HIGH_CONFIDENCE_PCA6,ckb1qzfhdsa4syv599s2s3nfrctwga70g0tu07n9gpnun9ydlngf5vsnwqg989xqg8r09h0jjzvcqduwspsx40dsaqxwq5u5cpquduka72gfnqph36qxq64akr5qeclp66q4
1,1.0,HIGH_CONFIDENCE_PCA6,ckb1qzfhdsa4syv599s2s3nfrctwga70g0tu07n9gpnun9ydlngf5vsnwqg99y922zqav2vvrqv5n9rgjwrk5xmkhu2yq55s4fggr43f3svpjjv5dzfcw6smw6l3gsnklkev
1,0.8080752659461445,HIGH_CONFIDENCE_PCA6,ckb1qzfhdsa4syv599s2s3nfrctwga70g0tu07n9gpnun9ydlngf5vsnwqg9apm7q2y4u92yz5znq8n4tspl5wpm58mfqh580cpgjhs4gs2s2vq7w4wq873c8wsldy7w2h9l
1,1.0,HIGH_CONFIDENCE_PCA6,ckb1qzfhdsa4syv599s2s3nfrctwga70g0tu07n9gpnun9ydlngf5vsnwqg9d2dw93zxz5s6cz9ef0r3e86v8eu9ptewq44f4ckygc2jrtqgh99uw8ylfsl8s5909c03vuqx
0,0.3643704834953095,HIGH_CONFIDENCE_PCA6,ckb1qzfhdsa4syv599s2s3nfrctwga70g0tu07n9gpnun9ydlngf5vsnwqg9d8578luy5wxmq9hqgqkqf0hlc2slmegyq457ncllsj3cmvqkupqzcp97llp2rl09qsf6gpau
1,1.0,HIGH_CONFIDENCE_PCA6,ckb1qzfhdsa4syv599s2s3nfrctwga70g0tu07n9gpnun9ydlngf5vsnwqg9dewxvecx99rdppfuw5zdppzkyhh6mmahq4h9cen8qc55d5y9836sf5yy2cj7lt00ku7jdu9g
1,1.0,HIGH_CONFIDENCE_PCA6,ckb1qzfhdsa4syv599s2s3nfrctwga70g0tu07n9gpnun9ydlngf5vsnwqg9epk0fesdwvgyqm0snhugdv4sv9scazygqhyxea8xp4e3qsrd7zwl3p4jkpskrr5g3qatxn96
1,1.0,HIGH_CONFIDENCE_PCA6,ckb1qzfhdsa4syv599s2s3nfrctwga70g0tu07n9gpnun9ydlngf5vsnwqg9eu7ea9crgq4jcckyy8xtc9tsvmp7dfr9qh8nm85hqdqzktrzcssue0q4wpnv8e4yv5zyyn9r
1,1.0,HIGH_CONFIDENCE_PCA6,ckb1qzfhdsa4syv599s2s3nfrctwga70g0tu07n9gpnun9ydlngf5vsnwqg9f27gfvl2w82qaenx7ygdazqwdw9u72vwq49tep9nafcagrhxvmc3ph5gpe4chnef3ce546ng
1,1.0,HIGH_CONFIDENCE_PCA6,ckb1qzfhdsa4syv599s2s3nfrctwga70g0tu07n9gpnun9ydlngf5vsnwqg9kjwx8e2juvc2vmlcst8rssrv4j0lxrfkqk6fccl92t3npfn0lzpvuwzqdjkflucdxcurx4r4
1,1.0,HIGH_CONFIDENCE_PCA6,ckb1qzfhdsa4syv599s2s3nfrctwga70g0tu07n9gpnun9ydlngf5vsnwqg9krv8c4sraut26xuns26r372lg0s2wnfcqh580cpgjhs4gs2s2vq7w4wq873c8wsldygzwp0z
1,1.0,HIGH_CONFIDENCE_PCA6,ckb1qzfhdsa4syv599s2s3nfrctwga70g0tu07n9gpnun9ydlngf5vsnwqg9l7r63jg9j5t36pkf945jdkalgdmheaarqhlc02xfqk23w8gxeykkjfkmhaphwl8h5v5cv94s
1,1.0,HIGH_CONFIDENCE_PCA6,ckb1qzfhdsa4syv599s2s3nfrctwga70g0tu07n9gpnun9ydlngf5vsnwqg9ppwdq9xgt6fr7grkwhj6twd3w43hdsh5q5y9e5q5ep0fy0eqwe67tfdek96kxakz7sm9w7mn
1,1.0,HIGH_CONFIDENCE_PCA6,ckb1qzfhdsa4syv599s2s3nfrctwga70g0tu07n9gpnun9ydlngf5vsnwqg9rhw8jpwu9z3f40kyqvucsjx9dxdvnjucq5wac7g9ms529x47cspnnzzgc45e4jwtnqr08mrg
1,1.0,HIGH_CONFIDENCE_PCA6,ckb1qzfhdsa4syv599s2s3nfrctwga70g0tu07n9gpnun9ydlngf5vsnwqg9slzd7jvhwlruz9jtrx62wpy66cehjgz2qkrufh6fjamu0sgkfvvmffcynttrx7fqfg9yms90
1,1.0,HIGH_CONFIDENCE_PCA6,ckb1qzfhdsa4syv599s2s3nfrctwga70g0tu07n9gpnun9ydlngf5vsnwqg9v2an42yr5rxmy7x683wkgmce2a8gswtsq43tkw4gswsvmvncmg796er0r9t5azpewq87pvhs
1,1.0,HIGH_CONFIDENCE_PCA6,ckb1qzfhdsa4syv599s2s3nfrctwga70g0tu07n9gpnun9ydlngf5vsnwqg9vjzjm0xkz8frv8u7c644xprsf2q3654lq4jg2tdu6cgaydslnmr2k5cywp9gz82jhul7732h
1,1.0,HIGH_CONFIDENCE_PCA6,ckb1qzfhdsa4syv599s2s3nfrctwga70g0tu07n9gpnun9ydlngf5vsnwqg9vqzwej3l7amlg7w4fea6d5apt73pe5z5q4sqfmx28lmh0are6488hfkn5906y8xs2s5cdt5x
1,1.0,HIGH_CONFIDENCE_PCA6,ckb1qzfhdsa4syv599s2s3nfrctwga70g0tu07n9gpnun9ydlngf5vsnwqggq7xygka0fffckdwnzn68hgm9h9r3g74xryyq0rzytwh555utxhf3farm5djmj3c502npjc8dplu
1,1.0,HIGH_CONFIDENCE_PCA6,ckb1qzfhdsa4syv599s2s3nfrctwga70g0tu07n9gpnun9ydlngf5vsnwqggqlc8fmqp73anzq4x4hm9w42vuvm85n62xsz7salq9z27z4zp2pfsre64cql68qa6ra5s08ms0u
1,0.9969748121468571,HIGH_CONFIDENCE_PCA6,ckb1qzl58smqy32hnrq6vxjedcxe2fugvnz497h7yvwqvwel40uh4rltcqfcnzr5d9zwctyksqp8fjlge9t3tdwqqscw0dlgc
-1,0.0,TEMPORAL_STRUCTURE_SCALED,ckb1qpl0dc3xe2dr299vwe6e7zc42rnsex4pptlcjyglahevnkqq6ft0wqgw8xxul
-1,0.0,TEMPORAL_STRUCTURE_SCALED,ckb1qpw9q60tppt7l3j7r09qcp7lxnp3vcanvgha8pmvsa3jplykxn32sqgwvhnrqkx9ka45f2cnc90fy30m3scpupqggwawq
-1,0.0,TEMPORAL_STRUCTURE_SCALED,ckb1qqcratfhhe0whl8n2pyyw9248r9kyw3x7gmkp80jf0ffvagvzgc8sqgdzm4fw
-1,0.0,TEMPORAL_STRUCTURE_SCALED,ckb1qqcz6dvc97r9a097mwdfxc8yq5cw6v4dhrsskshmhecdsvf07l8d7qfg6grazjdwmf9uzf8deshhr9wsn85w2l66e8d9g7gpz0gveu28zv6pk3z4
-1,0.0,TEMPORAL_STRUCTURE_SCALED,ckb1qqunmue4ncels5qse4j6839yy68h9k27c6cyj7q6j9kxsze3a2dgsqdc96g88lhq0ww27cjlp0j960kqvxlzyyhww4pyhk5ztgzaem7q5s6rs7mt
-1,0.0,TEMPORAL_STRUCTURE_SCALED,ckb1qqunmue4ncels5qse4j6839yy68h9k27c6cyj7q6j9kxsze3a2dgsqvcg4qnx88s32fzxpeldkc9daejv92lx2yupu5ahmqkdhwlhm9qksdws8hd
-1,0.0,TEMPORAL_STRUCTURE_SCALED,ckb1qr2g8yj3vrjzx2evk20szt5rszmmvykhrn6w0xv3ga4khnmpqu6lvqq3u8mhh
-1,0.0,TEMPORAL_STRUCTURE_SCALED,ckb1qrgqep8saj8agswr30pls73hra28ry8jlnlc3ejzh3dl2ju7xxpjxqgqq8897n3kut095xgled9dpczz0t7hg7w87un0vrnk
-1,0.0,TEMPORAL_STRUCTURE_SCALED,ckb1qrgqep8saj8agswr30pls73hra28ry8jlnlc3ejzh3dl2ju7xxpjxqgqq89qeq8sz02jymcmc8nm5qsfmwyxtvqemvnunp36
-1,0.0,TEMPORAL_STRUCTURE_SCALED,ckb1qrgqep8saj8agswr30pls73hra28ry8jlnlc3ejzh3dl2ju7xxpjxqgqq89s0k62mh0xf6hn8cc20wunuarrumudx5nwq9uk
-1,0.0,TEMPORAL_STRUCTURE_SCALED,ckb1qrgqep8saj8agswr30pls73hra28ry8jlnlc3ejzh3dl2ju7xxpjxqgqq8gauytada8x688zt0makt3pjmdaad6u8uym77ef
-1,0.0,TEMPORAL_STRUCTURE_SCALED,ckb1qrgqep8saj8agswr30pls73hra28ry8jlnlc3ejzh3dl2ju7xxpjxqgqq8jjta82sj7lcz5ewruppmfrrvtg9nh4vvg5klxg
-1,0.0,TEMPORAL_STRUCTURE_SCALED,ckb1qrgqep8saj8agswr30pls73hra28ry8jlnlc3ejzh3dl2ju7xxpjxqgqq8kwzq44p8ap4zclfc3vfgw5uxqqnegf0u7t0l86
-1,0.0,TEMPORAL_STRUCTURE_SCALED,ckb1qrgqep8saj8agswr30pls73hra28ry8jlnlc3ejzh3dl2ju7xxpjxqgqq8t3pqdfg3rnsqe8vgv93d49evdzkvpxcce0ml7v
-1,0.0,TEMPORAL_STRUCTURE_SCALED,ckb1qrgqep8saj8agswr30pls73hra28ry8jlnlc3ejzh3dl2ju7xxpjxqgqq92dx9xep8pwxacajpvvlcj4j7tlk9uhng4j74ms
-1,0.0,TEMPORAL_STRUCTURE_SCALED,ckb1qrgqep8saj8agswr30pls73hra28ry8jlnlc3ejzh3dl2ju7xxpjxqgqq94q52uky0frd8sge5jnfwnm89zclmrg35ltra3y
-1,0.0,TEMPORAL_STRUCTURE_SCALED,ckb1qrgqep8saj8agswr30pls73hra28ry8jlnlc3ejzh3dl2ju7xxpjxqgqq97nlhckh68mupdw9w33xhp4hedejskhxs9ef2y4
-1,0.0,TEMPORAL_STRUCTURE_SCALED,ckb1qrgqep8saj8agswr30pls73hra28ry8jlnlc3ejzh3dl2ju7xxpjxqgqq9fz7cfu5xla5nd3ay686gm2ajnzh89h8c48k7uz
-1,0.0,TEMPORAL_STRUCTURE_SCALED,ckb1qrgqep8saj8agswr30pls73hra28ry8jlnlc3ejzh3dl2ju7xxpjxqgqq9xtegwt8nftvp2sjp83djfqela8e8uxdcxz9a3g
-1,0.0,TEMPORAL_STRUCTURE_SCALED,ckb1qrgqep8saj8agswr30pls73hra28ry8jlnlc3ejzh3dl2ju7xxpjxqgqqxvxkq3zapxvyv6qktfyhq84puycg59s2q0smpl6
-1,0.0,TEMPORAL_STRUCTURE_SCALED,ckb1qrgqep8saj8agswr30pls73hra28ry8jlnlc3ejzh3dl2ju7xxpjxqgqqy5z928yw33t5enjqglmeq7w23dk99q7qvm3yvlr
-1,0.0,TEMPORAL_STRUCTURE_SCALED,ckb1qrgqep8saj8agswr30pls73hra28ry8jlnlc3ejzh3dl2ju7xxpjxqgqqydhfg585sfcxu5gpaqs5sme8rn30c5yagaawuq2
-1,0.0,TEMPORAL_STRUCTURE_SCALED,ckb1qrgqep8saj8agswr30pls73hra28ry8jlnlc3ejzh3dl2ju7xxpjxqgqqyjw0y2p7ahcysl4qhq97x60svqn29492qpkvy2s
-1,0.0,TEMPORAL_STRUCTURE_SCALED,ckb1qrgqep8saj8agswr30pls73hra28ry8jlnlc3ejzh3dl2ju7xxpjxqgqqyknjsdgjmz9a475mzuledqlm82yujj4vu8xllec
-1,0.0,TEMPORAL_STRUCTURE_SCALED,ckb1qrgqep8saj8agswr30pls73hra28ry8jlnlc3ejzh3dl2ju7xxpjxqgqqym5d4n465eu93tdcz5sycepdkatjahp9uwdcpfy
-1,0.0,TEMPORAL_STRUCTURE_SCALED,ckb1qrgqep8saj8agswr30pls73hra28ry8jlnlc3ejzh3dl2ju7xxpjxqgqqymvu6d289ggsyudpamr4g6ayz62gpp34qzy30vs
-1,0.0,TEMPORAL_STRUCTURE_SCALED,ckb1qrgqep8saj8agswr30pls73hra28ry8jlnlc3ejzh3dl2ju7xxpjxqgqqytevmf523qgwexunz0pf59ysl6dvxvvusuft43p
-1,0.0,TEMPORAL_STRUCTURE_SCALED,ckb1qzda0cr08m85hc8jlnfp3zer7xulejywt49kt2rr0vthywaa50xwsq0259kv0x5jez6h0l5qr52k64weapapgyscsnmhn
1,0.9247481371741226,TEMPORAL_STRUCTURE_SCALED,ckb1qzda0cr08m85hc8jlnfp3zer7xulejywt49kt2rr0vthywaa50xwsq02lstf96jmmavf7uln9acpkedt2clz3tqc6chk8
1,1.0,TEMPORAL_STRUCTURE_SCALED,ckb1qzda0cr08m85hc8jlnfp3zer7xulejywt49kt2rr0vthywaa50xwsq02rtsalknt9nezey405ay2gek8v5x0ncc3fd62k
1,0.9424989433892189,TEMPORAL_STRUCTURE_SCALED,ckb1qzda0cr08m85hc8jlnfp3zer7xulejywt49kt2rr0vthywaa50xwsq03z3ekhq3qhe4tz8v5kf3z08gxphswumg02rsqc
1,0.8589898541999333,TEMPORAL_STRUCTURE_SCALED,ckb1qzda0cr08m85hc8jlnfp3zer7xulejywt49kt2rr0vthywaa50xwsq046dyalzv28h7wt8fqzhhskeedyh6fpugkydwwj
0,0.9389341983706702,TEMPORAL_STRUCTURE_SCALED,ckb1qzda0cr08m85hc8jlnfp3zer7xulejywt49kt2rr0vthywaa50xwsq059gaxh9mhygyzgpps4edtqdsumgslcdq3ejtuw
0,0.9425442362090342,TEMPORAL_STRUCTURE_SCALED,ckb1qzda0cr08m85hc8jlnfp3zer7xulejywt49kt2rr0vthywaa50xwsq05n6zvckahhuks4wl9rznllcfgralwl3gqs5rqt
0,1.0,TEMPORAL_STRUCTURE_SCALED,ckb1qzda0cr08m85hc8jlnfp3zer7xulejywt49kt2rr0vthywaa50xwsq05uu85tpqrf75arfkskcnwjsaj5f6c05qtmqdm9
0,1.0,TEMPORAL_STRUCTURE_SCALED,ckb1qzda0cr08m85hc8jlnfp3zer7xulejywt49kt2rr0vthywaa50xwsq06s99smdcvprv0vpjw74v7yr3gfsz63tsmgym2k
1,0.8861583018444084,TEMPORAL_STRUCTURE_SCALED,ckb1qzda0cr08m85hc8jlnfp3zer7xulejywt49kt2rr0vthywaa50xwsq07j9vt4j4pr582tmmhg2r25g09e8lqhzq67lmrn
0,1.0,TEMPORAL_STRUCTURE_SCALED,ckb1qzda0cr08m85hc8jlnfp3zer7xulejywt49kt2rr0vthywaa50xwsq08np8nmp86cyutmm8glcmp36udhrkquhgpeccr6
-1,0.0,TEMPORAL_STRUCTURE_SCALED,ckb1qzda0cr08m85hc8jlnfp3zer7xulejywt49kt2rr0vthywaa50xwsq08nxknd7g5pzwe9mmdcqtqfs5f8ckh8fq34kxj8
-1,0.0,TEMPORAL_STRUCTURE_SCALED,ckb1qzda0cr08m85hc8jlnfp3zer7xulejywt49kt2rr0vthywaa50xwsq0anafacyafq0j2rek0jx5rztanvvw9kcqdtkwna
-1,0.0,TEMPORAL_STRUCTURE_SCALED,ckb1qzda0cr08m85hc8jlnfp3zer7xulejywt49kt2rr0vthywaa50xwsq0anxptffq8enukzzyc9yjry5kt3ugua2gg39eh9
1,1.0,TEMPORAL_STRUCTURE_SCALED,ckb1qzda0cr08m85hc8jlnfp3zer7xulejywt49kt2rr0vthywaa50xwsq0c46k06e2fp7rg9aq9yqxwaat763nrpegmdg0qn
-1,0.0,TEMPORAL_STRUCTURE_SCALED,ckb1qzda0cr08m85hc8jlnfp3zer7xulejywt49kt2rr0vthywaa50xwsq0c46rcy6f2qav3ddfgv2540mz6vl7knlc0pl0a0
-1,0.0,TEMPORAL_STRUCTURE_SCALED,ckb1qzda0cr08m85hc8jlnfp3zer7xulejywt49kt2rr0vthywaa50xwsq0cl8tlydpzpp6wzeuzfsm926sp9m0rpqqt2qecr
-1,0.0,TEMPORAL_STRUCTURE_SCALED,ckb1qzda0cr08m85hc8jlnfp3zer7xulejywt49kt2rr0vthywaa50xwsq0fuqrqqcykvepusm4st0asqya208yzxcgcgewm5
-1,0.0,TEMPORAL_STRUCTURE_SCALED,ckb1qzda0cr08m85hc8jlnfp3zer7xulejywt49kt2rr0vthywaa50xwsq0jc2vwf6jsj7852lryh3hfh4jkvk548gqh4yp6v
-1,0.0,TEMPORAL_STRUCTURE_SCALED,ckb1qzda0cr08m85hc8jlnfp3zer7xulejywt49kt2rr0vthywaa50xwsq0k5jc20yyf62n2879zxymntrhyke0zg9crdzqfz
-1,0.0,TEMPORAL_STRUCTURE_SCALED,ckb1qzda0cr08m85hc8jlnfp3zer7xulejywt49kt2rr0vthywaa50xwsq0msjj9yjj2n6dtuafzzj6uen3p7mt966sfkapz2
-1,0.0,TEMPORAL_STRUCTURE_SCALED,ckb1qzda0cr08m85hc8jlnfp3zer7xulejywt49kt2rr0vthywaa50xwsq0p80per28ltwd4sm2052pjt4z8unckpucj6e5pc
-1,0.0,TEMPORAL_STRUCTURE_SCALED,ckb1qzda0cr08m85hc8jlnfp3zer7xulejywt49kt2rr0vthywaa50xwsq0rljzn0julrpp9l3fgmm9r9r4jz8rax7sgvagwh
-1,0.0,TEMPORAL_STRUCTURE_SCALED,ckb1qzda0cr08m85hc8jlnfp3zer7xulejywt49kt2rr0vthywaa50xwsq0rrr3az2mu0ncjeqj26du5ymfhtq5l0gcv2rv08
0,0.8267550039948353,TEMPORAL_STRUCTURE_SCALED,ckb1qzda0cr08m85hc8jlnfp3zer7xulejywt49kt2rr0vthywaa50xwsq0sc9f6eqnjfm8tn35nxeqtnm43x6aljdqj45cke
-1,0.0,TEMPORAL_STRUCTURE_SCALED,ckb1qzda0cr08m85hc8jlnfp3zer7xulejywt49kt2rr0vthywaa50xwsq0smcdjfuapeu9zuahwrsrtp4qetjgngpg5xr5fq
0,0.8267550039948353,TEMPORAL_STRUCTURE_SCALED,ckb1qzda0cr08m85hc8jlnfp3zer7xulejywt49kt2rr0vthywaa50xwsq0uddvtx7dvuxl3cyasr6820dwuslmvvnqa8qtus
-1,0.0,TEMPORAL_STRUCTURE_SCALED,ckb1qzda0cr08m85hc8jlnfp3zer7xulejywt49kt2rr0vthywaa50xwsq0vqkp4e093a5e6a2t3k08excpc3k74d0qpe0lt0
-1,0.0,TEMPORAL_STRUCTURE_SCALED,ckb1qzda0cr08m85hc8jlnfp3zer7xulejywt49kt2rr0vthywaa50xwsq0ww9n0ex40pmhtz6ltslng7rtl35w96nszujfva
1,0.8624269555050107,TEMPORAL_STRUCTURE_SCALED,ckb1qzda0cr08m85hc8jlnfp3zer7xulejywt49kt2rr0vthywaa50xwsq0x3yrv8qls62mqeylsvmzp5cqpmvy8quq7autul
0,0.901370425649522,TEMPORAL_STRUCTURE_SCALED,ckb1qzda0cr08m85hc8jlnfp3zer7xulejywt49kt2rr0vthywaa50xwsq0xm5pnqls5mls030v7q9l2k5aksglcvjgge7vq8
1,1.0,TEMPORAL_STRUCTURE_SCALED,ckb1qzda0cr08m85hc8jlnfp3zer7xulejywt49kt2rr0vthywaa50xwsq0xtd3e8c9wcj8swd2swg90w95u6xt3zsqzdnx7r
0,0.8905146083131743,TEMPORAL_STRUCTURE_SCALED,ckb1qzda0cr08m85hc8jlnfp3zer7xulejywt49kt2rr0vthywaa50xwsq0y6r5a4py64gccqrd77qvuhr8v3d2xfjcnrz45r
-1,0.0,TEMPORAL_STRUCTURE_SCALED,ckb1qzda0cr08m85hc8jlnfp3zer7xulejywt49kt2rr0vthywaa50xwsq0z6h6nlju0mcdp0ny0sx77tmu6j2700lqkdeakp
0,0.8267550039948353,TEMPORAL_STRUCTURE_SCALED,ckb1qzda0cr08m85hc8jlnfp3zer7xulejywt49kt2rr0vthywaa50xwsq0z799mwernws5tt7me85kr63jauldckkcpdyx4t
-1,0.0,TEMPORAL_STRUCTURE_SCALED,ckb1qzda0cr08m85hc8jlnfp3zer7xulejywt49kt2rr0vthywaa50xwsq20u0ncxwckqw79c9f9kev5mlckwsmj8psnrz4u4
-1,0.0,TEMPORAL_STRUCTURE_SCALED,ckb1qzda0cr08m85hc8jlnfp3zer7xulejywt49kt2rr0vthywaa50xwsq23ylk2ds3ljwawtj47npyhqersnxamxjssl8vaq
-1,0.0,TEMPORAL_STRUCTURE_SCALED,ckb1qzda0cr08m85hc8jlnfp3zer7xulejywt49kt2rr0vthywaa50xwsq247yrzkaul6mzgfrs74hr5t7q0l3ak8ugacfdq9
1,1.0,TEMPORAL_STRUCTURE_SCALED,ckb1qzda0cr08m85hc8jlnfp3zer7xulejywt49kt2rr0vthywaa50xwsq258cy8km6ddpzdassg6ksjqjvdr3c0aeqavzlpd
0,0.8267550039948353,TEMPORAL_STRUCTURE_SCALED,ckb1qzda0cr08m85hc8jlnfp3zer7xulejywt49kt2rr0vthywaa50xwsq267kk27maadm0c09luxfqgfacyt70arugh7lh8k
1,0.9693842794824316,TEMPORAL_STRUCTURE_SCALED,ckb1qzda0cr08m85hc8jlnfp3zer7xulejywt49kt2rr0vthywaa50xwsq270p8pvg8y2nugwcsq9syredeq5ee5mxq2x87jl
0,0.8430804271462853,TEMPORAL_STRUCTURE_SCALED,ckb1qzda0cr08m85hc8jlnfp3zer7xulejywt49kt2rr0vthywaa50xwsq272xupqa54z4q8z05qt2fywfvdcuxd4dqku7vr4
-1,0.0,TEMPORAL_STRUCTURE_SCALED,ckb1qzda0cr08m85hc8jlnfp3zer7xulejywt49kt2rr0vthywaa50xwsq275zthc09tdzvgzlycvrl8p5n2ea2e7as0q8aes
0,0.8267550039948353,TEMPORAL_STRUCTURE_SCALED,ckb1qzda0cr08m85hc8jlnfp3zer7xulejywt49kt2rr0vthywaa50xwsq27hu6zh0dn2w848xsrkt3303mj79ym6fqdw7xqn
0,0.9350906154761914,TEMPORAL_STRUCTURE_SCALED,ckb1qzda0cr08m85hc8jlnfp3zer7xulejywt49kt2rr0vthywaa50xwsq28ps4hf8swzexa6ky8dp2q540tsrvz60qt2wtqk
1,1.0,TEMPORAL_STRUCTURE_SCALED,ckb1qzda0cr08m85hc8jlnfp3zer7xulejywt49kt2rr0vthywaa50xwsq2akxm0aqm8896a8ma4x7tsj0nugj4ldmg9egwhg
0,0.9383199911554917,TEMPORAL_STRUCTURE_SCALED,ckb1qzda0cr08m85hc8jlnfp3zer7xulejywt49kt2rr0vthywaa50xwsq2da0jqygw442724a22vmvse55pez5zw4qtj3mmg
1,0.8774694572897815,TEMPORAL_STRUCTURE_SCALED,ckb1qzda0cr08m85hc8jlnfp3zer7xulejywt49kt2rr0vthywaa50xwsq2dn39wdkj33e7v03mx3mg6raqh365hpnqp2nq6r
0,0.8267550039948353,TEMPORAL_STRUCTURE_SCALED,ckb1qzda0cr08m85hc8jlnfp3zer7xulejywt49kt2rr0vthywaa50xwsq2efq967zf7uw4g2nazz6mwal8ehl3yfrgn5r9vq
0,0.9205434412717015,TEMPORAL_STRUCTURE_SCALED,ckb1qzda0cr08m85hc8jlnfp3zer7xulejywt49kt2rr0vthywaa50xwsq2ejd8f7wnaln83fx7u8g5tr0sv8jpuwpqdfm05a
0,0.9380731322653192,TEMPORAL_STRUCTURE_SCALED,ckb1qzda0cr08m85hc8jlnfp3zer7xulejywt49kt2rr0vthywaa50xwsq2emn0uxk7ch03desrc0r0pc66ukaz6p8ghpddey
0,1.0,TEMPORAL_STRUCTURE_SCALED,ckb1qzda0cr08m85hc8jlnfp3zer7xulejywt49kt2rr0vthywaa50xwsq2evwcurnqel0euyf4s2pgkut48dgp7fsg3tdhrk
-1,0.0,TEMPORAL_STRUCTURE_SCALED,ckb1qzda0cr08m85hc8jlnfp3zer7xulejywt49kt2rr0vthywaa50xwsq2lfh4w2sguefdcw8fmehy5fpaenhehr9cped0e2
1,1.0,TEMPORAL_STRUCTURE_SCALED,ckb1qzda0cr08m85hc8jlnfp3zer7xulejywt49kt2rr0vthywaa50xwsq2mu7xj6mj90s8dxxnuqxyty72rg72ydzscwk9vf
0,1.0,TEMPORAL_STRUCTURE_SCALED,ckb1qzda0cr08m85hc8jlnfp3zer7xulejywt49kt2rr0vthywaa50xwsq2nku3pd5gl7m6pp0cdx7m9gk2t9pswywqcqwjch
0,0.8267550039948353,TEMPORAL_STRUCTURE_SCALED,ckb1qzda0cr08m85hc8jlnfp3zer7xulejywt49kt2rr0vthywaa50xwsq2nwlee8epequkd94qh3k5uymjqxgvfktgxl9jd3
0,0.8435068020610691,TEMPORAL_STRUCTURE_SCALED,ckb1qzda0cr08m85hc8jlnfp3zer7xulejywt49kt2rr0vthywaa50xwsq2pgrf442dam0aa0l8gd2s8jlxfu7hha3c7hg4qq
-1,0.0,TEMPORAL_STRUCTURE_SCALED,ckb1qzda0cr08m85hc8jlnfp3zer7xulejywt49kt2rr0vthywaa50xwsq2pnp7gglp8clvahem5mpf7wmr0pjk5krgf4lwf2
-1,0.0,TEMPORAL_STRUCTURE_SCALED,ckb1qzda0cr08m85hc8jlnfp3zer7xulejywt49kt2rr0vthywaa50xwsq2qjj3mqkrdhzuga2qfzf72ma38xhpsaasfj3trw
-1,0.0,TEMPORAL_STRUCTURE_SCALED,ckb1qzda0cr08m85hc8jlnfp3zer7xulejywt49kt2rr0vthywaa50xwsq2qtfq8zdd9rs86hslwh8j4h8qjk6r3e6s0k50ul
-1,0.0,TEMPORAL_STRUCTURE_SCALED,ckb1qzda0cr08m85hc8jlnfp3zer7xulejywt49kt2rr0vthywaa50xwsq2rsu67gzxhacdwpzfyc0gc5q9vgr6aztc6y5n8c
-1,0.0,TEMPORAL_STRUCTURE_SCALED,ckb1qzda0cr08m85hc8jlnfp3zer7xulejywt49kt2rr0vthywaa50xwsq2sfv44lf5g89ha2q296zqm8savzcyqxlsulsx6f
0,0.9050598580645944,TEMPORAL_STRUCTURE_SCALED,ckb1qzda0cr08m85hc8jlnfp3zer7xulejywt49kt2rr0vthywaa50xwsq2uj8rfycz3s3h0m0h62fj8mvxluqr627s8j5led
-1,0.0,TEMPORAL_STRUCTURE_SCALED,ckb1qzda0cr08m85hc8jlnfp3zer7xulejywt49kt2rr0vthywaa50xwsq2uxysa465m2k0hxh4zefzd2k5j36dly3gxkjc57
-1,0.0,TEMPORAL_STRUCTURE_SCALED,ckb1qzda0cr08m85hc8jlnfp3zer7xulejywt49kt2rr0vthywaa50xwsq2vr8y8dws0jkz062k8vlpafpu8x9rucvcggdkr4
-1,0.0,TEMPORAL_STRUCTURE_SCALED,ckb1qzda0cr08m85hc8jlnfp3zer7xulejywt49kt2rr0vthywaa50xwsq2yg6kr7zvjzw0ts2j7qtkd6jzr2kq3g7sdh3azr
-1,0.0,TEMPORAL_STRUCTURE_SCALED,ckb1qzda0cr08m85hc8jlnfp3zer7xulejywt49kt2rr0vthywaa50xwsq2zuyw4u22256gp6v8s6na4p7esyg4h74q68r5ue
-1,0.0,TEMPORAL_STRUCTURE_SCALED,ckb1qzda0cr08m85hc8jlnfp3zer7xulejywt49kt2rr0vthywaa50xwsqd280gcprvtlm89nyxuc2ru9e2tqe0aewcks0h7q
-1,0.0,TEMPORAL_STRUCTURE_SCALED,ckb1qzda0cr08m85hc8jlnfp3zer7xulejywt49kt2rr0vthywaa50xwsqd3ele94wtw253dum78vpuuy2rcspueckqp9hktf
-1,0.0,TEMPORAL_STRUCTURE_SCALED,ckb1qzda0cr08m85hc8jlnfp3zer7xulejywt49kt2rr0vthywaa50xwsqd3w85684vvlhfh93nrvkq6rz6ve7xu0ugjyfg3s
1,1.0,TEMPORAL_STRUCTURE_SCALED,ckb1qzda0cr08m85hc8jlnfp3zer7xulejywt49kt2rr0vthywaa50xwsqd532x7yagmmqne0jkrwggysarh5kufcjgp5ry3g
-1,0.0,TEMPORAL_STRUCTURE_SCALED,ckb1qzda0cr08m85hc8jlnfp3zer7xulejywt49kt2rr0vthywaa50xwsqd682nhfyu5lfzt4gp9cmrqgsjpesm3pjqf252gf
1,1.0,TEMPORAL_STRUCTURE_SCALED,ckb1qzda0cr08m85hc8jlnfp3zer7xulejywt49kt2rr0vthywaa50xwsqd6raz9mkh95xl7tg8ymg7klqz7ns0af5ctkwa53
-1,0.0,TEMPORAL_STRUCTURE_SCALED,ckb1qzda0cr08m85hc8jlnfp3zer7xulejywt49kt2rr0vthywaa50xwsqd9ec9tr57qedasftglxrgq9yl657ym3yqddeg6p
-1,0.0,TEMPORAL_STRUCTURE_SCALED,ckb1qzda0cr08m85hc8jlnfp3zer7xulejywt49kt2rr0vthywaa50xwsqda5zj9fpg255n7vz04eqkzlles8z72susenvew6
0,0.8260200785848839,TEMPORAL_STRUCTURE_SCALED,ckb1qzda0cr08m85hc8jlnfp3zer7xulejywt49kt2rr0vthywaa50xwsqdak37z6wn6w6aea983ruzrfl8yweej95cfkzyn9
-1,0.0,TEMPORAL_STRUCTURE_SCALED,ckb1qzda0cr08m85hc8jlnfp3zer7xulejywt49kt2rr0vthywaa50xwsqddm8ppq3gz8gz0d9ap6z8nc3r662npn2cuxk9f0
-1,0.0,TEMPORAL_STRUCTURE_SCALED,ckb1qzda0cr08m85hc8jlnfp3zer7xulejywt49kt2rr0vthywaa50xwsqddtncxgn0wga0mctct2p6k2ueqd36ju3qqqmeqa
-1,0.0,TEMPORAL_STRUCTURE_SCALED,ckb1qzda0cr08m85hc8jlnfp3zer7xulejywt49kt2rr0vthywaa50xwsqddw45fnzxhfmsxwuf7m82k5vyynsfvkxqu8209y
1,0.8569785501302123,TEMPORAL_STRUCTURE_SCALED,ckb1qzda0cr08m85hc8jlnfp3zer7xulejywt49kt2rr0vthywaa50xwsqdfpcl42753m0xgau9yefhgfxukx83dwysy7tdl3
-1,0.0,TEMPORAL_STRUCTURE_SCALED,ckb1qzda0cr08m85hc8jlnfp3zer7xulejywt49kt2rr0vthywaa50xwsqdg04rll0lnjdvdyp2zpqguqkmnye6vmnsd4vft5
-1,0.0,TEMPORAL_STRUCTURE_SCALED,ckb1qzda0cr08m85hc8jlnfp3zer7xulejywt49kt2rr0vthywaa50xwsqdh26mj0xls204ndg9lsdptdz0zu0jdmycngh5ht
-1,0.0,TEMPORAL_STRUCTURE_SCALED,ckb1qzda0cr08m85hc8jlnfp3zer7xulejywt49kt2rr0vthywaa50xwsqdjsydf39sklhfvtfnk57vvd7d2vn4kxwqpr3prn
-1,0.0,TEMPORAL_STRUCTURE_SCALED,ckb1qzda0cr08m85hc8jlnfp3zer7xulejywt49kt2rr0vthywaa50xwsqdly7vzugjpxpzy4wc8u8dkpt6gmv2kknsw36cs0
-1,0.0,TEMPORAL_STRUCTURE_SCALED,ckb1qzda0cr08m85hc8jlnfp3zer7xulejywt49kt2rr0vthywaa50xwsqdqq677slvjxejspzxxuyrz3r8m4glpqrqve4u4k
1,1.0,TEMPORAL_STRUCTURE_SCALED,ckb1qzda0cr08m85hc8jlnfp3zer7xulejywt49kt2rr0vthywaa50xwsqdqrmx3gfghxmm3m5dj4vm27j5ke9kvw9qmr8lwp
1,1.0,TEMPORAL_STRUCTURE_SCALED,ckb1qzda0cr08m85hc8jlnfp3zer7xulejywt49kt2rr0vthywaa50xwsqdtejzc329up3s665cxswczse77neqxr2c6uk0jz
0,1.0,TEMPORAL_STRUCTURE_SCALED,ckb1qzda0cr08m85hc8jlnfp3zer7xulejywt49kt2rr0vthywaa50xwsqdun3wce79ar4cmnl76tyehgha0muqg07gt556gd
-1,0.0,TEMPORAL_STRUCTURE_SCALED,ckb1qzda0cr08m85hc8jlnfp3zer7xulejywt49kt2rr0vthywaa50xwsqdv7nz5efx58k589jup242p9f5lhx9mwgc3rtspx
1,0.9568783299457286,TEMPORAL_STRUCTURE_SCALED,ckb1qzda0cr08m85hc8jlnfp3zer7xulejywt49kt2rr0vthywaa50xwsqdxzlmuqal6c37hk678qjekya0qjd5m5lq7hhzaq
-1,0.0,TEMPORAL_STRUCTURE_SCALED,ckb1qzda0cr08m85hc8jlnfp3zer7xulejywt49kt2rr0vthywaa50xwsqdxzpng0y93mrnmxq0e73j4yu4d3n3mkuqc5r59u
0,1.0,TEMPORAL_STRUCTURE_SCALED,ckb1qzda0cr08m85hc8jlnfp3zer7xulejywt49kt2rr0vthywaa50xwsqdytgmu0z5yskwrnegfptr3n4pcx9d6tlswehku8
-1,0.0,TEMPORAL_STRUCTURE_SCALED,ckb1qzda0cr08m85hc8jlnfp3zer7xulejywt49kt2rr0vthywaa50xwsqdywhhfnhv7xz24x9y79yu47u9ugwr8p2sccyn4q
-1,0.0,TEMPORAL_STRUCTURE_SCALED,ckb1qzda0cr08m85hc8jlnfp3zer7xulejywt49kt2rr0vthywaa50xwsqdzcwm3dgw383w7uv4v9a95jdxtxgzrmdcpxs45n
-1,0.0,TEMPORAL_STRUCTURE_SCALED,ckb1qzda0cr08m85hc8jlnfp3zer7xulejywt49kt2rr0vthywaa50xwsqf2pf3uu524tn9umy7g3gchaa6sgamvs4sx454l6
0,1.0,TEMPORAL_STRUCTURE_SCALED,ckb1qzda0cr08m85hc8jlnfp3zer7xulejywt49kt2rr0vthywaa50xwsqf3q9e554euxmpqyaju2n3prxl3fxuphqs9l8zmt
0,0.8267550039948353,TEMPORAL_STRUCTURE_SCALED,ckb1qzda0cr08m85hc8jlnfp3zer7xulejywt49kt2rr0vthywaa50xwsqf4n5g7ce6k9gxgvs7cjc40rk8r0tqtg4qg775ha
-1,0.0,TEMPORAL_STRUCTURE_SCALED,ckb1qzda0cr08m85hc8jlnfp3zer7xulejywt49kt2rr0vthywaa50xwsqf4s8sxvjqhp8qpxyqj03kwmry2a43kggq7um8ef
-1,0.0,TEMPORAL_STRUCTURE_SCALED,ckb1qzda0cr08m85hc8jlnfp3zer7xulejywt49kt2rr0vthywaa50xwsqf68ndqgrm406nmahnk8uyvl6up7hzhgdcjvn87t
-1,0.0,TEMPORAL_STRUCTURE_SCALED,ckb1qzda0cr08m85hc8jlnfp3zer7xulejywt49kt2rr0vthywaa50xwsqf6qtawqcsf9ga3yuhh8gfhxuyah7rvtlgzn95vl
-1,0.0,TEMPORAL_STRUCTURE_SCALED,ckb1qzda0cr08m85hc8jlnfp3zer7xulejywt49kt2rr0vthywaa50xwsqfc5kszzn9mc2zycl58v8jjrk9zhmr97cg3ndvfs
-1,0.0,TEMPORAL_STRUCTURE_SCALED,ckb1qzda0cr08m85hc8jlnfp3zer7xulejywt49kt2rr0vthywaa50xwsqfc63dma5fy3kywpnada5yy99tpqvl4dechg9csl
0,0.8267550039948353,TEMPORAL_STRUCTURE_SCALED,ckb1qzda0cr08m85hc8jlnfp3zer7xulejywt49kt2rr0vthywaa50xwsqfcwzl3jytqrrgtuwmapvqe42txrxvqlncewj9c8
-1,0.0,TEMPORAL_STRUCTURE_SCALED,ckb1qzda0cr08m85hc8jlnfp3zer7xulejywt49kt2rr0vthywaa50xwsqfewq5cphjmj7j53dgvs9ekquz7wp0eadggz3t4x
-1,0.0,TEMPORAL_STRUCTURE_SCALED,ckb1qzda0cr08m85hc8jlnfp3zer7xulejywt49kt2rr0vthywaa50xwsqff60m3g73j280arxmzwp6anr9g04xmmast74txw
0,1.0,TEMPORAL_STRUCTURE_SCALED,ckb1qzda0cr08m85hc8jlnfp3zer7xulejywt49kt2rr0vthywaa50xwsqfg2np57fhkdu6fuygqt3ys4rykd03gfhsu8dvd7
0,1.0,TEMPORAL_STRUCTURE_SCALED,ckb1qzda0cr08m85hc8jlnfp3zer7xulejywt49kt2rr0vthywaa50xwsqfj8ejt4qckvuzrtezy9nvcv7le9ur8cuqy7s5x8
1,1.0,TEMPORAL_STRUCTURE_SCALED,ckb1qzda0cr08m85hc8jlnfp3zer7xulejywt49kt2rr0vthywaa50xwsqfjhl5nx82y5z2xdhwqhg34vkzta6gttgc05sfu2
-1,0.0,TEMPORAL_STRUCTURE_SCALED,ckb1qzda0cr08m85hc8jlnfp3zer7xulejywt49kt2rr0vthywaa50xwsqfkjglwnv0p5h4wujzvz65rekwxmx2d0zsn7yllu
1,0.8875050711501586,TEMPORAL_STRUCTURE_SCALED,ckb1qzda0cr08m85hc8jlnfp3zer7xulejywt49kt2rr0vthywaa50xwsqfqr2l6rqllmnhtpzptgq9fnagsykcffxcpqmjuu
-1,0.0,TEMPORAL_STRUCTURE_SCALED,ckb1qzda0cr08m85hc8jlnfp3zer7xulejywt49kt2rr0vthywaa50xwsqfrlamn0mk353jsutukulxcxyf8je85wwg5l5nnv
1,1.0,TEMPORAL_STRUCTURE_SCALED,ckb1qzda0cr08m85hc8jlnfp3zer7xulejywt49kt2rr0vthywaa50xwsqfrmvt598cnr70mhtyt9afjg9yju7s0n6gw0e8d4
-1,0.0,TEMPORAL_STRUCTURE_SCALED,ckb1qzda0cr08m85hc8jlnfp3zer7xulejywt49kt2rr0vthywaa50xwsqfs6c4chhw5kwthmq0jzqyxwmr9fpr5a4qr8l2yd
-1,0.0,TEMPORAL_STRUCTURE_SCALED,ckb1qzda0cr08m85hc8jlnfp3zer7xulejywt49kt2rr0vthywaa50xwsqfsajumlzs2pjvtz0xxg42llw5px435u3gxmlwuc
-1,0.0,TEMPORAL_STRUCTURE_SCALED,ckb1qzda0cr08m85hc8jlnfp3zer7xulejywt49kt2rr0vthywaa50xwsqft980n0alva2vjmkca85wujt5vhtwgzpgqczv9a
0,1.0,TEMPORAL_STRUCTURE_SCALED,ckb1qzda0cr08m85hc8jlnfp3zer7xulejywt49kt2rr0vthywaa50xwsqftm2xn4dlczysw0q2x5alw2v7ur2le8gs8h3teh
1,1.0,TEMPORAL_STRUCTURE_SCALED,ckb1qzda0cr08m85hc8jlnfp3zer7xulejywt49kt2rr0vthywaa50xwsqfvfcxm03q9xmn3fy68s9rxp0y5lfqfvjgmmtw0p
-1,0.0,TEMPORAL_STRUCTURE_SCALED,ckb1qzda0cr08m85hc8jlnfp3zer7xulejywt49kt2rr0vthywaa50xwsqfx7c8l89wcf42vxgajjke9zdt7myeqrdqj6mqm6
0,1.0,TEMPORAL_STRUCTURE_SCALED,ckb1qzda0cr08m85hc8jlnfp3zer7xulejywt49kt2rr0vthywaa50xwsqfxgd9zxl6czs4s3kzr55letennz2l3yjqpt8r79
-1,0.0,TEMPORAL_STRUCTURE_SCALED,ckb1qzda0cr08m85hc8jlnfp3zer7xulejywt49kt2rr0vthywaa50xwsqg0prwcywrcc744qq5veu4upkur4665dlgr6003x
-1,0.0,TEMPORAL_STRUCTURE_SCALED,ckb1qzda0cr08m85hc8jlnfp3zer7xulejywt49kt2rr0vthywaa50xwsqg2fnljwt423kchx368x8xwstmkhx0k2agegvx0a
0,1.0,TEMPORAL_STRUCTURE_SCALED,ckb1qzda0cr08m85hc8jlnfp3zer7xulejywt49kt2rr0vthywaa50xwsqg338aj4hnmutep9ufyd9yyuh3ju7rr8lq03fejn
1,0.9545507632241291,TEMPORAL_STRUCTURE_SCALED,ckb1qzda0cr08m85hc8jlnfp3zer7xulejywt49kt2rr0vthywaa50xwsqg3xv33uywn6sjyvmnzckatkpke54mlx8srepf4g
-1,0.0,TEMPORAL_STRUCTURE_SCALED,ckb1qzda0cr08m85hc8jlnfp3zer7xulejywt49kt2rr0vthywaa50xwsqg40ucnf7tt8zvnje7xhatf3yllc8zh4pqq25wqh
-1,0.0,TEMPORAL_STRUCTURE_SCALED,ckb1qzda0cr08m85hc8jlnfp3zer7xulejywt49kt2rr0vthywaa50xwsqg4cz7lvtz6anfw0uxkrxu8d0gxcfuww2gp702wk
1,1.0,TEMPORAL_STRUCTURE_SCALED,ckb1qzda0cr08m85hc8jlnfp3zer7xulejywt49kt2rr0vthywaa50xwsqg4yg2m9jpx5efeu4q0vrp643gjmad37nqrk9glt
-1,0.0,TEMPORAL_STRUCTURE_SCALED,ckb1qzda0cr08m85hc8jlnfp3zer7xulejywt49kt2rr0vthywaa50xwsqg58nlmgm0f04zj3fedh4d369cpdz67s5q8n0dxm
-1,0.0,TEMPORAL_STRUCTURE_SCALED,ckb1qzda0cr08m85hc8jlnfp3zer7xulejywt49kt2rr0vthywaa50xwsqg60za567aggkr4kdukm540wrujl4xn83g5sff6z
0,0.8267550039948353,TEMPORAL_STRUCTURE_SCALED,ckb1qzda0cr08m85hc8jlnfp3zer7xulejywt49kt2rr0vthywaa50xwsqg62egjmjcnvyrdl5z38esza6dgfxuy2xsy8gcsa
1,0.8507952195489222,TEMPORAL_STRUCTURE_SCALED,ckb1qzda0cr08m85hc8jlnfp3zer7xulejywt49kt2rr0vthywaa50xwsqg6agcch2m7k8lsh00nv05ztfmz0euvqkcfpz7ec
0,1.0,TEMPORAL_STRUCTURE_SCALED,ckb1qzda0cr08m85hc8jlnfp3zer7xulejywt49kt2rr0vthywaa50xwsqg6j932zy4ztkzmtpye2uhzsju5npw795s89dznx
-1,0.0,TEMPORAL_STRUCTURE_SCALED,ckb1qzda0cr08m85hc8jlnfp3zer7xulejywt49kt2rr0vthywaa50xwsqg709r8jqauttpmkjv2x2jg3mtdwvqk7acc26w2j
-1,0.0,TEMPORAL_STRUCTURE_SCALED,ckb1qzda0cr08m85hc8jlnfp3zer7xulejywt49kt2rr0vthywaa50xwsqg9q2e95dadfctdfsuq5e5na0nwh58v4jc6rkddw
1,1.0,TEMPORAL_STRUCTURE_SCALED,ckb1qzda0cr08m85hc8jlnfp3zer7xulejywt49kt2rr0vthywaa50xwsqggs86408ja7nsgdh0lz0cxafua6u0pq5cmvsxuu
0,0.9370018515796432,TEMPORAL_STRUCTURE_SCALED,ckb1qzda0cr08m85hc8jlnfp3zer7xulejywt49kt2rr0vthywaa50xwsqgjr2xdh0zyc53jxpwsvwxq5x8y05rmytcewmqcv
-1,0.0,TEMPORAL_STRUCTURE_SCALED,ckb1qzda0cr08m85hc8jlnfp3zer7xulejywt49kt2rr0vthywaa50xwsqgjuhrq84l5nk7ylhlcqpsa3yg974735rgy30uch
-1,0.0,TEMPORAL_STRUCTURE_SCALED,ckb1qzda0cr08m85hc8jlnfp3zer7xulejywt49kt2rr0vthywaa50xwsqgk9kfuz7fchth20ksf8d2x3eqph9le6cqhenpf3
1,1.0,TEMPORAL_STRUCTURE_SCALED,ckb1qzda0cr08m85hc8jlnfp3zer7xulejywt49kt2rr0vthywaa50xwsqgkfv8pzr5d26zcapqrd58ksc65w0qv8qqqp6xtc
0,0.8267550039948353,TEMPORAL_STRUCTURE_SCALED,ckb1qzda0cr08m85hc8jlnfp3zer7xulejywt49kt2rr0vthywaa50xwsqglfcyvg2tr5h09lxhcgrlezm7cuz3ywkcf8tp3d
1,0.8508130627419878,TEMPORAL_STRUCTURE_SCALED,ckb1qzda0cr08m85hc8jlnfp3zer7xulejywt49kt2rr0vthywaa50xwsqgnhsvcls3zfj0jggg74nej0hxwmtzjjvcu09935
0,0.9469618100179431,TEMPORAL_STRUCTURE_SCALED,ckb1qzda0cr08m85hc8jlnfp3zer7xulejywt49kt2rr0vthywaa50xwsqgq74prpeqz7rlncvqz0j2gn4jxsg75ztggj7v7a
1,0.9336736075573099,TEMPORAL_STRUCTURE_SCALED,ckb1qzda0cr08m85hc8jlnfp3zer7xulejywt49kt2rr0vthywaa50xwsqgulzg2h44865y9svyw7s5390npefh3x9qrr8hc9
0,1.0,TEMPORAL_STRUCTURE_SCALED,ckb1qzda0cr08m85hc8jlnfp3zer7xulejywt49kt2rr0vthywaa50xwsqgvf6u2sgx8ud45x9dy6gqwl2rx5625w8g52tt66
1,0.9980634513060556,TEMPORAL_STRUCTURE_SCALED,ckb1qzda0cr08m85hc8jlnfp3zer7xulejywt49kt2rr0vthywaa50xwsqgvmsa3c3ecl7edwqjvezvjcrwqs3ypy0gdesfvg
0,0.9734437519292655,TEMPORAL_STRUCTURE_SCALED,ckb1qzda0cr08m85hc8jlnfp3zer7xulejywt49kt2rr0vthywaa50xwsqgw7a8wtdmg4er900svtg4vqn27upcpq4cnd4g7v
0,1.0,TEMPORAL_STRUCTURE_SCALED,ckb1qzda0cr08m85hc8jlnfp3zer7xulejywt49kt2rr0vthywaa50xwsqgwum3jcpnajgd4teaa2zezc99pwfl3sug4xfx7f
-1,0.0,TEMPORAL_STRUCTURE_SCALED,ckb1qzda0cr08m85hc8jlnfp3zer7xulejywt49kt2rr0vthywaa50xwsqgxe3ru50ecjjruz4tymv759ztsdff7lxq74umg9
0,0.8580197290934354,TEMPORAL_STRUCTURE_SCALED,ckb1qzda0cr08m85hc8jlnfp3zer7xulejywt49kt2rr0vthywaa50xwsqgygj0n7vv7vk6ejt4d23yp87v5fe5352sv3hvfw
-1,0.0,TEMPORAL_STRUCTURE_SCALED,ckb1qzda0cr08m85hc8jlnfp3zer7xulejywt49kt2rr0vthywaa50xwsqgzgak4nyyfjzlcnx6lel86kkl9wmn8cmqg5mv52
-1,0.0,TEMPORAL_STRUCTURE_SCALED,ckb1qzda0cr08m85hc8jlnfp3zer7xulejywt49kt2rr0vthywaa50xwsqgzku5d6wp53s4ukledn8j8u3t9vjxt7ys9uu00a
0,1.0,TEMPORAL_STRUCTURE_SCALED,ckb1qzda0cr08m85hc8jlnfp3zer7xulejywt49kt2rr0vthywaa50xwsqgzw9vj0prshmp4pm5jr0t8m4vwf353syqvqfm08
-1,0.0,TEMPORAL_STRUCTURE_SCALED,ckb1qzda0cr08m85hc8jlnfp3zer7xulejywt49kt2rr0vthywaa50xwsqt2e7jpk20nyyyuwdqmvqk427ql2593nugpqd4pp
-1,0.0,TEMPORAL_STRUCTURE_SCALED,ckb1qzda0cr08m85hc8jlnfp3zer7xulejywt49kt2rr0vthywaa50xwsqt2gnkqzr9sm0q9syuahhy9mgu9hx3r5pg74y4jz
0,0.8267550039948353,TEMPORAL_STRUCTURE_SCALED,ckb1qzda0cr08m85hc8jlnfp3zer7xulejywt49kt2rr0vthywaa50xwsqt3tqddwnr5xfm52vevcyujfw8nhrr77hc0uppq7
1,1.0,TEMPORAL_STRUCTURE_SCALED,ckb1qzda0cr08m85hc8jlnfp3zer7xulejywt49kt2rr0vthywaa50xwsqt44ntk8mswsuzjtd7e5d4nm5q3akq8ppsvm3kqy
-1,0.0,TEMPORAL_STRUCTURE_SCALED,ckb1qzda0cr08m85hc8jlnfp3zer7xulejywt49kt2rr0vthywaa50xwsqt5ctdrmqm0ay6yk8h9nxh7uy0xu7tm8zs8tvu99
0,0.8267550039948353,TEMPORAL_STRUCTURE_SCALED,ckb1qzda0cr08m85hc8jlnfp3zer7xulejywt49kt2rr0vthywaa50xwsqt5hd8ra55wkxyswhn2w70tvgp8pzwvapqeasdg3
-1,0.0,TEMPORAL_STRUCTURE_SCALED,ckb1qzda0cr08m85hc8jlnfp3zer7xulejywt49kt2rr0vthywaa50xwsqt785chmwk9t3w2j3570chwvmwq3l2sxrcvmsm9d
0,0.9874606489302691,TEMPORAL_STRUCTURE_SCALED,ckb1qzda0cr08m85hc8jlnfp3zer7xulejywt49kt2rr0vthywaa50xwsqt8ypvjjfwqn6eneekj0ykwyzrr2jnhxfq8t88cr
0,1.0,TEMPORAL_STRUCTURE_SCALED,ckb1qzda0cr08m85hc8jlnfp3zer7xulejywt49kt2rr0vthywaa50xwsqtc39e2l04ha5t5fzvupspn49lftrglr8gw99j4e
-1,0.0,TEMPORAL_STRUCTURE_SCALED,ckb1qzda0cr08m85hc8jlnfp3zer7xulejywt49kt2rr0vthywaa50xwsqtcj3ytn3vr7ux8twl2esdzhwqklqm5a9qjff8zs
-1,0.0,TEMPORAL_STRUCTURE_SCALED,ckb1qzda0cr08m85hc8jlnfp3zer7xulejywt49kt2rr0vthywaa50xwsqtcpq6rsr3xmfz4xnav7vrszp3qwpcv9yg8urgcw
-1,0.0,TEMPORAL_STRUCTURE_SCALED,ckb1qzda0cr08m85hc8jlnfp3zer7xulejywt49kt2rr0vthywaa50xwsqtcz03jau3958a7esc84ygpk8vj8ad0njcym245u
-1,0.0,TEMPORAL_STRUCTURE_SCALED,ckb1qzda0cr08m85hc8jlnfp3zer7xulejywt49kt2rr0vthywaa50xwsqtdjy59w688e9h3e6spw0ypv7k69nl2h6q3sma2z
-1,0.0,TEMPORAL_STRUCTURE_SCALED,ckb1qzda0cr08m85hc8jlnfp3zer7xulejywt49kt2rr0vthywaa50xwsqtdvhzxzyqcqqu3qu548g0yfhyhkn68s0s5tlqdh
1,0.813358156100627,TEMPORAL_STRUCTURE_SCALED,ckb1qzda0cr08m85hc8jlnfp3zer7xulejywt49kt2rr0vthywaa50xwsqteuhr80vfws6en6ju03huzvp3xh9z0juqelhgxu
0,0.838792744872925,TEMPORAL_STRUCTURE_SCALED,ckb1qzda0cr08m85hc8jlnfp3zer7xulejywt49kt2rr0vthywaa50xwsqtfs070fqhspjhhzf0l5d2hrpd5hjvzmkgh8p6j2
0,1.0,TEMPORAL_STRUCTURE_SCALED,ckb1qzda0cr08m85hc8jlnfp3zer7xulejywt49kt2rr0vthywaa50xwsqtl60mlnd8498tpqyfu5yud3fsrt5ndptc80xq2q
-1,0.0,TEMPORAL_STRUCTURE_SCALED,ckb1qzda0cr08m85hc8jlnfp3zer7xulejywt49kt2rr0vthywaa50xwsqtlpgc29k57ufndd7gpm2jjvpwc2hqygjgtf54lg
-1,0.0,TEMPORAL_STRUCTURE_SCALED,ckb1qzda0cr08m85hc8jlnfp3zer7xulejywt49kt2rr0vthywaa50xwsqtr5klxrl240p2jsldlwhd6w3dv7fjj59cp6nkwy
0,0.8267550039948353,TEMPORAL_STRUCTURE_SCALED,ckb1qzda0cr08m85hc8jlnfp3zer7xulejywt49kt2rr0vthywaa50xwsqttkscr3p930542e3zgzj3yujwpak0gq4slpgsny
-1,0.0,TEMPORAL_STRUCTURE_SCALED,ckb1qzda0cr08m85hc8jlnfp3zer7xulejywt49kt2rr0vthywaa50xwsqtxdw8h4yk3jnuln8ktwcdfymeapm6jg7s5pmley
-1,0.0,TEMPORAL_STRUCTURE_SCALED,ckb1qzda0cr08m85hc8jlnfp3zer7xulejywt49kt2rr0vthywaa50xwsqtyedgf3hcmvghz4cmstp7pu7u76x93apgp9rzws
-1,0.0,TEMPORAL_STRUCTURE_SCALED,ckb1qzda0cr08m85hc8jlnfp3zer7xulejywt49kt2rr0vthywaa50xwsqv2mxk8gk0kdcqrjee7fdyy4dzjs3c8etq9dlarq
-1,0.0,TEMPORAL_STRUCTURE_SCALED,ckb1qzda0cr08m85hc8jlnfp3zer7xulejywt49kt2rr0vthywaa50xwsqv3zjwlrxn8vk53c4d9a8ksecf9rj86mfsv8t4pc
-1,0.0,TEMPORAL_STRUCTURE_SCALED,ckb1qzda0cr08m85hc8jlnfp3zer7xulejywt49kt2rr0vthywaa50xwsqv47n6dc9ay34npwktvlpp5huzjvd07t4qhspqyz
0,1.0,TEMPORAL_STRUCTURE_SCALED,ckb1qzda0cr08m85hc8jlnfp3zer7xulejywt49kt2rr0vthywaa50xwsqv52twl330j4d2n858snefzewnuwchku7ql2qas8
-1,0.0,TEMPORAL_STRUCTURE_SCALED,ckb1qzda0cr08m85hc8jlnfp3zer7xulejywt49kt2rr0vthywaa50xwsqv5uwm78vrgdrfmd056xn32q9junu3rg2c2we24p
0,0.8842581770307115,TEMPORAL_STRUCTURE_SCALED,ckb1qzda0cr08m85hc8jlnfp3zer7xulejywt49kt2rr0vthywaa50xwsqv7ayqjm88s60nm3gf56q55y578uw2weqgfx02sw
0,0.8267550039948353,TEMPORAL_STRUCTURE_SCALED,ckb1qzda0cr08m85hc8jlnfp3zer7xulejywt49kt2rr0vthywaa50xwsqv8mt7uj0ynsd25vlufex6xm5czh04nglsd68gcc
0,1.0,TEMPORAL_STRUCTURE_SCALED,ckb1qzda0cr08m85hc8jlnfp3zer7xulejywt49kt2rr0vthywaa50xwsqv8yreznvv7falyl3sk08l74zh6aj9u9hsrpfysy
0,1.0,TEMPORAL_STRUCTURE_SCALED,ckb1qzda0cr08m85hc8jlnfp3zer7xulejywt49kt2rr0vthywaa50xwsqvde0h8xdeqmmvrxqsjqf8pl9kjltjsupsfxlpgt
-1,0.0,TEMPORAL_STRUCTURE_SCALED,ckb1qzda0cr08m85hc8jlnfp3zer7xulejywt49kt2rr0vthywaa50xwsqvdu4tnf9uueqjdd4k57c8hh5g458jlvlsk90qe4
-1,0.0,TEMPORAL_STRUCTURE_SCALED,ckb1qzda0cr08m85hc8jlnfp3zer7xulejywt49kt2rr0vthywaa50xwsqvjpnzdqgz2pqdmn72qmm3wus9je59wheqangdzf
0,1.0,TEMPORAL_STRUCTURE_SCALED,ckb1qzda0cr08m85hc8jlnfp3zer7xulejywt49kt2rr0vthywaa50xwsqvjvfddqll5qztlccn06gs02ske0yc68esgdkxfp
-1,0.0,TEMPORAL_STRUCTURE_SCALED,ckb1qzda0cr08m85hc8jlnfp3zer7xulejywt49kt2rr0vthywaa50xwsqvknttjvpk89lj2c9ykxvethuaft52j3fs9df6l3
-1,0.0,TEMPORAL_STRUCTURE_SCALED,ckb1qzda0cr08m85hc8jlnfp3zer7xulejywt49kt2rr0vthywaa50xwsqvkt2ql6y7gdn7dsh0txtwkluf8n57tadgdmaj8h
1,1.0,TEMPORAL_STRUCTURE_SCALED,ckb1qzda0cr08m85hc8jlnfp3zer7xulejywt49kt2rr0vthywaa50xwsqvkxl5y7fzw25kenl7zsh5u5f8yjww5juc69llx3
-1,0.0,TEMPORAL_STRUCTURE_SCALED,ckb1qzda0cr08m85hc8jlnfp3zer7xulejywt49kt2rr0vthywaa50xwsqvtfx52pmwvmnlxc89ahpga6w6rk8r69xgmnsu28
-1,0.0,TEMPORAL_STRUCTURE_SCALED,ckb1qzda0cr08m85hc8jlnfp3zer7xulejywt49kt2rr0vthywaa50xwsqvuh8nmuphsgaua6g0usmlknkk98gu4lhcmpyhsp
-1,0.0,TEMPORAL_STRUCTURE_SCALED,ckb1qzda0cr08m85hc8jlnfp3zer7xulejywt49kt2rr0vthywaa50xwsqvva6zmstttmwvat2uw3k057rgnv5t3hts4vk7tv
1,1.0,TEMPORAL_STRUCTURE_SCALED,ckb1qzda0cr08m85hc8jlnfp3zer7xulejywt49kt2rr0vthywaa50xwsqvxfn4dw95uwpq972rjvvkzc44c0hxltkghsrja0
1,1.0,TEMPORAL_STRUCTURE_SCALED,ckb1qzda0cr08m85hc8jlnfp3zer7xulejywt49kt2rr0vthywaa50xwsqvyeguxz4y45vydqtdrvz6xz43tlcdc7acjhkesk
-1,0.0,TEMPORAL_STRUCTURE_SCALED,ckb1qzda0cr08m85hc8jlnfp3zer7xulejywt49kt2rr0vthywaa50xwsqvzfcj3jtlhzyuu4s5frtv9d3r7mexqhnclvhwkr
-1,0.0,TEMPORAL_STRUCTURE_SCALED,ckb1qzda0cr08m85hc8jlnfp3zer7xulejywt49kt2rr0vthywaa50xwsqw0dr0ghl76nf5xkw6lx0lxm032kw2jwwq6lnmhx
0,1.0,TEMPORAL_STRUCTURE_SCALED,ckb1qzda0cr08m85hc8jlnfp3zer7xulejywt49kt2rr0vthywaa50xwsqw2qmgk7tphggddk6mavjxzxhlaguum7ds7c7t8q
1,1.0,TEMPORAL_STRUCTURE_SCALED,ckb1qzda0cr08m85hc8jlnfp3zer7xulejywt49kt2rr0vthywaa50xwsqw4klymd5zxdtersxfu8wafdq803fudg7qpp9dz7
0,0.9527526318270322,TEMPORAL_STRUCTURE_SCALED,ckb1qzda0cr08m85hc8jlnfp3zer7xulejywt49kt2rr0vthywaa50xwsqw4xpk4t3688duglxp0xvupwfj9u4y20rc5xvtlj
-1,0.0,TEMPORAL_STRUCTURE_SCALED,ckb1qzda0cr08m85hc8jlnfp3zer7xulejywt49kt2rr0vthywaa50xwsqw6hjwylgj9pw0ae8pw0ctke60jpqw6f6slep8r3
-1,0.0,TEMPORAL_STRUCTURE_SCALED,ckb1qzda0cr08m85hc8jlnfp3zer7xulejywt49kt2rr0vthywaa50xwsqw8sae6fd5sruyeewfc82gs6epxav9tapqsgphme
0,0.9294179991657124,TEMPORAL_STRUCTURE_SCALED,ckb1qzda0cr08m85hc8jlnfp3zer7xulejywt49kt2rr0vthywaa50xwsqw973g6gzfxn2yh804xl67mpf888tlagkqzh4v47
1,0.9306554219520449,TEMPORAL_STRUCTURE_SCALED,ckb1qzda0cr08m85hc8jlnfp3zer7xulejywt49kt2rr0vthywaa50xwsqwda7qe8d78vuwpx20spzsuvtj92eulcagjenqnt
-1,0.0,TEMPORAL_STRUCTURE_SCALED,ckb1qzda0cr08m85hc8jlnfp3zer7xulejywt49kt2rr0vthywaa50xwsqwdr5q4rwruykhehd8hn6gxh892wtmdprcw3h3ce
0,1.0,TEMPORAL_STRUCTURE_SCALED,ckb1qzda0cr08m85hc8jlnfp3zer7xulejywt49kt2rr0vthywaa50xwsqweaz0wqm6d5wzkyt2jay4ayx22vgxu6ys67s4w2
1,1.0,TEMPORAL_STRUCTURE_SCALED,ckb1qzda0cr08m85hc8jlnfp3zer7xulejywt49kt2rr0vthywaa50xwsqwg4vuyxa8u6yekv7n3vevs5xj6mzn5rxgeudapp
1,1.0,TEMPORAL_STRUCTURE_SCALED,ckb1qzda0cr08m85hc8jlnfp3zer7xulejywt49kt2rr0vthywaa50xwsqwjhry2dvdzmftxqrsrwf04mjw3ah8hhjqh9zh7y
0,0.8576647511597005,TEMPORAL_STRUCTURE_SCALED,ckb1qzda0cr08m85hc8jlnfp3zer7xulejywt49kt2rr0vthywaa50xwsqwjzhp5ljeurdf9yznes3xhs7cn6ye9mssmxkwgz
0,0.845480023279549,TEMPORAL_STRUCTURE_SCALED,ckb1qzda0cr08m85hc8jlnfp3zer7xulejywt49kt2rr0vthywaa50xwsqwlkxpk8rnrzz2nhuswk2kzvempzsz2zjgwxnwny
1,0.8653213624184702,TEMPORAL_STRUCTURE_SCALED,ckb1qzda0cr08m85hc8jlnfp3zer7xulejywt49kt2rr0vthywaa50xwsqwnla5w93964qlqcwaaeessdsk4h5pzkfs2f0ehn
-1,0.0,TEMPORAL_STRUCTURE_SCALED,ckb1qzda0cr08m85hc8jlnfp3zer7xulejywt49kt2rr0vthywaa50xwsqwpyugm7a4wtc5tphl0lwzjhcf9fu2l0ksdaezkc
1,1.0,TEMPORAL_STRUCTURE_SCALED,ckb1qzda0cr08m85hc8jlnfp3zer7xulejywt49kt2rr0vthywaa50xwsqwq5jlc6p7y2g7c59emwef66z5dc02m36sq3vsmj
-1,0.0,TEMPORAL_STRUCTURE_SCALED,ckb1qzda0cr08m85hc8jlnfp3zer7xulejywt49kt2rr0vthywaa50xwsqwrn48zffgqgctt2netwvhcdn3pnznxceg9lhd3j
-1,0.0,TEMPORAL_STRUCTURE_SCALED,ckb1qzda0cr08m85hc8jlnfp3zer7xulejywt49kt2rr0vthywaa50xwsqws78vs7l7djw5jpvttxpe6semy4fzarecvme860
1,0.9568783299457286,TEMPORAL_STRUCTURE_SCALED,ckb1qzda0cr08m85hc8jlnfp3zer7xulejywt49kt2rr0vthywaa50xwsqwsaytgethft2tx90hfcvmpazn02dmhyacz9xtxp
0,0.9391967401204652,TEMPORAL_STRUCTURE_SCALED,ckb1qzda0cr08m85hc8jlnfp3zer7xulejywt49kt2rr0vthywaa50xwsqwxdvqk5f5k404wykzsfuu4cjvh4n96zrq9yl6w6
-1,0.0,TEMPORAL_STRUCTURE_SCALED,ckb1qzdcr9un5ezx8tkh03s46m9jymh22jruelq8svzr5krj2nx69dhjvqgj99jj9hhu3m95gpncj0zqtt8trplsj44sqqe5d89y
-1,0.0,TEMPORAL_STRUCTURE_SCALED,ckb1qzdcr9un5ezx8tkh03s46m9jymh22jruelq8svzr5krj2nx69dhjvqgjn6kfkeu23q74kndpaxw42z77vgat6v86qq6z03rf
-1,0.0,TEMPORAL_STRUCTURE_SCALED,ckb1qzfhdsa4syv599s2s3nfrctwga70g0tu07n9gpnun9ydlngf5vsnwqg90xpp8x5pye38hetcd6kdgl899qk2arfgq4ucyyu6synxy7l90ph2e4ruu55zet5d9q7s4c2a
-1,0.0,TEMPORAL_STRUCTURE_SCALED,ckb1qzfhdsa4syv599s2s3nfrctwga70g0tu07n9gpnun9ydlngf5vsnwqg966wtv7g5pldu9eds69maqxsd2mf9r0wfqhtfednezs8ahsh9krgh05q6p4tdy5daeylqaayk
1,1.0,TEMPORAL_STRUCTURE_SCALED,ckb1qzfhdsa4syv599s2s3nfrctwga70g0tu07n9gpnun9ydlngf5vsnwqg96cy3mxvy66tmahlt4v9ewah9nj9qs329qhtqj8vesntf00klaw4sh9mkukwg5zz9g5zvla9n
-1,0.0,TEMPORAL_STRUCTURE_SCALED,ckb1qzfhdsa4syv599s2s3nfrctwga70g0tu07n9gpnun9ydlngf5vsnwqg9apm7q2y4u92yz5znq8n4tspl5wpm58mfqh580cpgjhs4gs2s2vq7w4wq873c8wsldy7w2h9l
-1,0.0,TEMPORAL_STRUCTURE_SCALED,ckb1qzfhdsa4syv599s2s3nfrctwga70g0tu07n9gpnun9ydlngf5vsnwqg9rhw8jpwu9z3f40kyqvucsjx9dxdvnjucq5wac7g9ms529x47cspnnzzgc45e4jwtnqr08mrg
0,0.8553581574612725,TEMPORAL_STRUCTURE_PCA3,ckb1qpl0dc3xe2dr299vwe6e7zc42rnsex4pptlcjyglahevnkqq6ft0wqgw8xxul
0,0.7567286124307488,TEMPORAL_STRUCTURE_PCA3,ckb1qpw9q60tppt7l3j7r09qcp7lxnp3vcanvgha8pmvsa3jplykxn32sqgwvhnrqkx9ka45f2cnc90fy30m3scpupqggwawq
-1,0.0,TEMPORAL_STRUCTURE_PCA3,ckb1qqcratfhhe0whl8n2pyyw9248r9kyw3x7gmkp80jf0ffvagvzgc8sqgdzm4fw
0,0.8188915410218631,TEMPORAL_STRUCTURE_PCA3,ckb1qqcz6dvc97r9a097mwdfxc8yq5cw6v4dhrsskshmhecdsvf07l8d7qfg6grazjdwmf9uzf8deshhr9wsn85w2l66e8d9g7gpz0gveu28zv6pk3z4
-1,0.0,TEMPORAL_STRUCTURE_PCA3,ckb1qqunmue4ncels5qse4j6839yy68h9k27c6cyj7q6j9kxsze3a2dgsqdc96g88lhq0ww27cjlp0j960kqvxlzyyhww4pyhk5ztgzaem7q5s6rs7mt
-1,0.0,TEMPORAL_STRUCTURE_PCA3,ckb1qqunmue4ncels5qse4j6839yy68h9k27c6cyj7q6j9kxsze3a2dgsqvcg4qnx88s32fzxpeldkc9daejv92lx2yupu5ahmqkdhwlhm9qksdws8hd
0,0.8503381580448992,TEMPORAL_STRUCTURE_PCA3,ckb1qr2g8yj3vrjzx2evk20szt5rszmmvykhrn6w0xv3ga4khnmpqu6lvqq3u8mhh
0,0.6036302096467382,TEMPORAL_STRUCTURE_PCA3,ckb1qrgqep8saj8agswr30pls73hra28ry8jlnlc3ejzh3dl2ju7xxpjxqgqq8897n3kut095xgled9dpczz0t7hg7w87un0vrnk
-1,0.0,TEMPORAL_STRUCTURE_PCA3,ckb1qrgqep8saj8agswr30pls73hra28ry8jlnlc3ejzh3dl2ju7xxpjxqgqq89qeq8sz02jymcmc8nm5qsfmwyxtvqemvnunp36
-1,0.0,TEMPORAL_STRUCTURE_PCA3,ckb1qrgqep8saj8agswr30pls73hra28ry8jlnlc3ejzh3dl2ju7xxpjxqgqq89s0k62mh0xf6hn8cc20wunuarrumudx5nwq9uk
-1,0.0,TEMPORAL_STRUCTURE_PCA3,ckb1qrgqep8saj8agswr30pls73hra28ry8jlnlc3ejzh3dl2ju7xxpjxqgqq8gauytada8x688zt0makt3pjmdaad6u8uym77ef
-1,0.0,TEMPORAL_STRUCTURE_PCA3,ckb1qrgqep8saj8agswr30pls73hra28ry8jlnlc3ejzh3dl2ju7xxpjxqgqq8jjta82sj7lcz5ewruppmfrrvtg9nh4vvg5klxg
-1,0.0,TEMPORAL_STRUCTURE_PCA3,ckb1qrgqep8saj8agswr30pls73hra28ry8jlnlc3ejzh3dl2ju7xxpjxqgqq8kwzq44p8ap4zclfc3vfgw5uxqqnegf0u7t0l86
0,0.6050866920928752,TEMPORAL_STRUCTURE_PCA3,ckb1qrgqep8saj8agswr30pls73hra28ry8jlnlc3ejzh3dl2ju7xxpjxqgqq8t3pqdfg3rnsqe8vgv93d49evdzkvpxcce0ml7v
0,0.5104409171802259,TEMPORAL_STRUCTURE_PCA3,ckb1qrgqep8saj8agswr30pls73hra28ry8jlnlc3ejzh3dl2ju7xxpjxqgqq92dx9xep8pwxacajpvvlcj4j7tlk9uhng4j74ms
-1,0.0,TEMPORAL_STRUCTURE_PCA3,ckb1qrgqep8saj8agswr30pls73hra28ry8jlnlc3ejzh3dl2ju7xxpjxqgqq94q52uky0frd8sge5jnfwnm89zclmrg35ltra3y
-1,0.0,TEMPORAL_STRUCTURE_PCA3,ckb1qrgqep8saj8agswr30pls73hra28ry8jlnlc3ejzh3dl2ju7xxpjxqgqq97nlhckh68mupdw9w33xhp4hedejskhxs9ef2y4
-1,0.0,TEMPORAL_STRUCTURE_PCA3,ckb1qrgqep8saj8agswr30pls73hra28ry8jlnlc3ejzh3dl2ju7xxpjxqgqq9fz7cfu5xla5nd3ay686gm2ajnzh89h8c48k7uz
0,0.9820326313294456,TEMPORAL_STRUCTURE_PCA3,ckb1qrgqep8saj8agswr30pls73hra28ry8jlnlc3ejzh3dl2ju7xxpjxqgqq9xtegwt8nftvp2sjp83djfqela8e8uxdcxz9a3g
-1,0.0,TEMPORAL_STRUCTURE_PCA3,ckb1qrgqep8saj8agswr30pls73hra28ry8jlnlc3ejzh3dl2ju7xxpjxqgqqxvxkq3zapxvyv6qktfyhq84puycg59s2q0smpl6
-1,0.0,TEMPORAL_STRUCTURE_PCA3,ckb1qrgqep8saj8agswr30pls73hra28ry8jlnlc3ejzh3dl2ju7xxpjxqgqqy5z928yw33t5enjqglmeq7w23dk99q7qvm3yvlr
-1,0.0,TEMPORAL_STRUCTURE_PCA3,ckb1qrgqep8saj8agswr30pls73hra28ry8jlnlc3ejzh3dl2ju7xxpjxqgqqydhfg585sfcxu5gpaqs5sme8rn30c5yagaawuq2
-1,0.0,TEMPORAL_STRUCTURE_PCA3,ckb1qrgqep8saj8agswr30pls73hra28ry8jlnlc3ejzh3dl2ju7xxpjxqgqqyjw0y2p7ahcysl4qhq97x60svqn29492qpkvy2s
-1,0.0,TEMPORAL_STRUCTURE_PCA3,ckb1qrgqep8saj8agswr30pls73hra28ry8jlnlc3ejzh3dl2ju7xxpjxqgqqyknjsdgjmz9a475mzuledqlm82yujj4vu8xllec
0,0.6036302096467382,TEMPORAL_STRUCTURE_PCA3,ckb1qrgqep8saj8agswr30pls73hra28ry8jlnlc3ejzh3dl2ju7xxpjxqgqqym5d4n465eu93tdcz5sycepdkatjahp9uwdcpfy
0,0.6050866920928752,TEMPORAL_STRUCTURE_PCA3,ckb1qrgqep8saj8agswr30pls73hra28ry8jlnlc3ejzh3dl2ju7xxpjxqgqqymvu6d289ggsyudpamr4g6ayz62gpp34qzy30vs
0,0.6639049135776773,TEMPORAL_STRUCTURE_PCA3,ckb1qrgqep8saj8agswr30pls73hra28ry8jlnlc3ejzh3dl2ju7xxpjxqgqqytevmf523qgwexunz0pf59ysl6dvxvvusuft43p
-1,0.0,TEMPORAL_STRUCTURE_PCA3,ckb1qzda0cr08m85hc8jlnfp3zer7xulejywt49kt2rr0vthywaa50xwsq0259kv0x5jez6h0l5qr52k64weapapgyscsnmhn
-1,0.0,TEMPORAL_STRUCTURE_PCA3,ckb1qzda0cr08m85hc8jlnfp3zer7xulejywt49kt2rr0vthywaa50xwsq02lstf96jmmavf7uln9acpkedt2clz3tqc6chk8
0,1.0,TEMPORAL_STRUCTURE_PCA3,ckb1qzda0cr08m85hc8jlnfp3zer7xulejywt49kt2rr0vthywaa50xwsq02rtsalknt9nezey405ay2gek8v5x0ncc3fd62k
-1,0.0,TEMPORAL_STRUCTURE_PCA3,ckb1qzda0cr08m85hc8jlnfp3zer7xulejywt49kt2rr0vthywaa50xwsq03z3ekhq3qhe4tz8v5kf3z08gxphswumg02rsqc
-1,0.0,TEMPORAL_STRUCTURE_PCA3,ckb1qzda0cr08m85hc8jlnfp3zer7xulejywt49kt2rr0vthywaa50xwsq046dyalzv28h7wt8fqzhhskeedyh6fpugkydwwj
0,1.0,TEMPORAL_STRUCTURE_PCA3,ckb1qzda0cr08m85hc8jlnfp3zer7xulejywt49kt2rr0vthywaa50xwsq059gaxh9mhygyzgpps4edtqdsumgslcdq3ejtuw
0,1.0,TEMPORAL_STRUCTURE_PCA3,ckb1qzda0cr08m85hc8jlnfp3zer7xulejywt49kt2rr0vthywaa50xwsq05n6zvckahhuks4wl9rznllcfgralwl3gqs5rqt
0,1.0,TEMPORAL_STRUCTURE_PCA3,ckb1qzda0cr08m85hc8jlnfp3zer7xulejywt49kt2rr0vthywaa50xwsq05uu85tpqrf75arfkskcnwjsaj5f6c05qtmqdm9
0,0.8823123388786686,TEMPORAL_STRUCTURE_PCA3,ckb1qzda0cr08m85hc8jlnfp3zer7xulejywt49kt2rr0vthywaa50xwsq06s99smdcvprv0vpjw74v7yr3gfsz63tsmgym2k
-1,0.0,TEMPORAL_STRUCTURE_PCA3,ckb1qzda0cr08m85hc8jlnfp3zer7xulejywt49kt2rr0vthywaa50xwsq07j9vt4j4pr582tmmhg2r25g09e8lqhzq67lmrn
0,1.0,TEMPORAL_STRUCTURE_PCA3,ckb1qzda0cr08m85hc8jlnfp3zer7xulejywt49kt2rr0vthywaa50xwsq08np8nmp86cyutmm8glcmp36udhrkquhgpeccr6
-1,0.0,TEMPORAL_STRUCTURE_PCA3,ckb1qzda0cr08m85hc8jlnfp3zer7xulejywt49kt2rr0vthywaa50xwsq08nxknd7g5pzwe9mmdcqtqfs5f8ckh8fq34kxj8
-1,0.0,TEMPORAL_STRUCTURE_PCA3,ckb1qzda0cr08m85hc8jlnfp3zer7xulejywt49kt2rr0vthywaa50xwsq0anafacyafq0j2rek0jx5rztanvvw9kcqdtkwna
1,1.0,TEMPORAL_STRUCTURE_PCA3,ckb1qzda0cr08m85hc8jlnfp3zer7xulejywt49kt2rr0vthywaa50xwsq0anxptffq8enukzzyc9yjry5kt3ugua2gg39eh9
0,1.0,TEMPORAL_STRUCTURE_PCA3,ckb1qzda0cr08m85hc8jlnfp3zer7xulejywt49kt2rr0vthywaa50xwsq0c46k06e2fp7rg9aq9yqxwaat763nrpegmdg0qn
-1,0.0,TEMPORAL_STRUCTURE_PCA3,ckb1qzda0cr08m85hc8jlnfp3zer7xulejywt49kt2rr0vthywaa50xwsq0c46rcy6f2qav3ddfgv2540mz6vl7knlc0pl0a0
0,0.9866698660653367,TEMPORAL_STRUCTURE_PCA3,ckb1qzda0cr08m85hc8jlnfp3zer7xulejywt49kt2rr0vthywaa50xwsq0cl8tlydpzpp6wzeuzfsm926sp9m0rpqqt2qecr
-1,0.0,TEMPORAL_STRUCTURE_PCA3,ckb1qzda0cr08m85hc8jlnfp3zer7xulejywt49kt2rr0vthywaa50xwsq0fuqrqqcykvepusm4st0asqya208yzxcgcgewm5
0,0.5752331183076188,TEMPORAL_STRUCTURE_PCA3,ckb1qzda0cr08m85hc8jlnfp3zer7xulejywt49kt2rr0vthywaa50xwsq0jc2vwf6jsj7852lryh3hfh4jkvk548gqh4yp6v
-1,0.0,TEMPORAL_STRUCTURE_PCA3,ckb1qzda0cr08m85hc8jlnfp3zer7xulejywt49kt2rr0vthywaa50xwsq0k5jc20yyf62n2879zxymntrhyke0zg9crdzqfz
-1,0.0,TEMPORAL_STRUCTURE_PCA3,ckb1qzda0cr08m85hc8jlnfp3zer7xulejywt49kt2rr0vthywaa50xwsq0msjj9yjj2n6dtuafzzj6uen3p7mt966sfkapz2
-1,0.0,TEMPORAL_STRUCTURE_PCA3,ckb1qzda0cr08m85hc8jlnfp3zer7xulejywt49kt2rr0vthywaa50xwsq0p80per28ltwd4sm2052pjt4z8unckpucj6e5pc
0,0.7040257883042673,TEMPORAL_STRUCTURE_PCA3,ckb1qzda0cr08m85hc8jlnfp3zer7xulejywt49kt2rr0vthywaa50xwsq0rljzn0julrpp9l3fgmm9r9r4jz8rax7sgvagwh
-1,0.0,TEMPORAL_STRUCTURE_PCA3,ckb1qzda0cr08m85hc8jlnfp3zer7xulejywt49kt2rr0vthywaa50xwsq0rrr3az2mu0ncjeqj26du5ymfhtq5l0gcv2rv08
0,1.0,TEMPORAL_STRUCTURE_PCA3,ckb1qzda0cr08m85hc8jlnfp3zer7xulejywt49kt2rr0vthywaa50xwsq0sc9f6eqnjfm8tn35nxeqtnm43x6aljdqj45cke
-1,0.0,TEMPORAL_STRUCTURE_PCA3,ckb1qzda0cr08m85hc8jlnfp3zer7xulejywt49kt2rr0vthywaa50xwsq0smcdjfuapeu9zuahwrsrtp4qetjgngpg5xr5fq
1,1.0,TEMPORAL_STRUCTURE_PCA3,ckb1qzda0cr08m85hc8jlnfp3zer7xulejywt49kt2rr0vthywaa50xwsq0uddvtx7dvuxl3cyasr6820dwuslmvvnqa8qtus
0,0.901199640886546,TEMPORAL_STRUCTURE_PCA3,ckb1qzda0cr08m85hc8jlnfp3zer7xulejywt49kt2rr0vthywaa50xwsq0vqkp4e093a5e6a2t3k08excpc3k74d0qpe0lt0
0,0.7134799993925145,TEMPORAL_STRUCTURE_PCA3,ckb1qzda0cr08m85hc8jlnfp3zer7xulejywt49kt2rr0vthywaa50xwsq0ww9n0ex40pmhtz6ltslng7rtl35w96nszujfva
-1,0.0,TEMPORAL_STRUCTURE_PCA3,ckb1qzda0cr08m85hc8jlnfp3zer7xulejywt49kt2rr0vthywaa50xwsq0x3yrv8qls62mqeylsvmzp5cqpmvy8quq7autul
0,0.7318731383048872,TEMPORAL_STRUCTURE_PCA3,ckb1qzda0cr08m85hc8jlnfp3zer7xulejywt49kt2rr0vthywaa50xwsq0xm5pnqls5mls030v7q9l2k5aksglcvjgge7vq8
0,1.0,TEMPORAL_STRUCTURE_PCA3,ckb1qzda0cr08m85hc8jlnfp3zer7xulejywt49kt2rr0vthywaa50xwsq0xtd3e8c9wcj8swd2swg90w95u6xt3zsqzdnx7r
-1,0.0,TEMPORAL_STRUCTURE_PCA3,ckb1qzda0cr08m85hc8jlnfp3zer7xulejywt49kt2rr0vthywaa50xwsq0y6r5a4py64gccqrd77qvuhr8v3d2xfjcnrz45r
0,1.0,TEMPORAL_STRUCTURE_PCA3,ckb1qzda0cr08m85hc8jlnfp3zer7xulejywt49kt2rr0vthywaa50xwsq0z6h6nlju0mcdp0ny0sx77tmu6j2700lqkdeakp
1,1.0,TEMPORAL_STRUCTURE_PCA3,ckb1qzda0cr08m85hc8jlnfp3zer7xulejywt49kt2rr0vthywaa50xwsq0z799mwernws5tt7me85kr63jauldckkcpdyx4t
-1,0.0,TEMPORAL_STRUCTURE_PCA3,ckb1qzda0cr08m85hc8jlnfp3zer7xulejywt49kt2rr0vthywaa50xwsq20u0ncxwckqw79c9f9kev5mlckwsmj8psnrz4u4
-1,0.0,TEMPORAL_STRUCTURE_PCA3,ckb1qzda0cr08m85hc8jlnfp3zer7xulejywt49kt2rr0vthywaa50xwsq23ylk2ds3ljwawtj47npyhqersnxamxjssl8vaq
0,0.7849990402683235,TEMPORAL_STRUCTURE_PCA3,ckb1qzda0cr08m85hc8jlnfp3zer7xulejywt49kt2rr0vthywaa50xwsq247yrzkaul6mzgfrs74hr5t7q0l3ak8ugacfdq9
0,0.6054899880842871,TEMPORAL_STRUCTURE_PCA3,ckb1qzda0cr08m85hc8jlnfp3zer7xulejywt49kt2rr0vthywaa50xwsq258cy8km6ddpzdassg6ksjqjvdr3c0aeqavzlpd
1,1.0,TEMPORAL_STRUCTURE_PCA3,ckb1qzda0cr08m85hc8jlnfp3zer7xulejywt49kt2rr0vthywaa50xwsq267kk27maadm0c09luxfqgfacyt70arugh7lh8k
0,1.0,TEMPORAL_STRUCTURE_PCA3,ckb1qzda0cr08m85hc8jlnfp3zer7xulejywt49kt2rr0vthywaa50xwsq270p8pvg8y2nugwcsq9syredeq5ee5mxq2x87jl
0,0.6880112099148356,TEMPORAL_STRUCTURE_PCA3,ckb1qzda0cr08m85hc8jlnfp3zer7xulejywt49kt2rr0vthywaa50xwsq272xupqa54z4q8z05qt2fywfvdcuxd4dqku7vr4
-1,0.0,TEMPORAL_STRUCTURE_PCA3,ckb1qzda0cr08m85hc8jlnfp3zer7xulejywt49kt2rr0vthywaa50xwsq275zthc09tdzvgzlycvrl8p5n2ea2e7as0q8aes
-1,0.0,TEMPORAL_STRUCTURE_PCA3,ckb1qzda0cr08m85hc8jlnfp3zer7xulejywt49kt2rr0vthywaa50xwsq27hu6zh0dn2w848xsrkt3303mj79ym6fqdw7xqn
0,0.8910753161741541,TEMPORAL_STRUCTURE_PCA3,ckb1qzda0cr08m85hc8jlnfp3zer7xulejywt49kt2rr0vthywaa50xwsq28ps4hf8swzexa6ky8dp2q540tsrvz60qt2wtqk
0,1.0,TEMPORAL_STRUCTURE_PCA3,ckb1qzda0cr08m85hc8jlnfp3zer7xulejywt49kt2rr0vthywaa50xwsq2akxm0aqm8896a8ma4x7tsj0nugj4ldmg9egwhg
0,0.9036247104509225,TEMPORAL_STRUCTURE_PCA3,ckb1qzda0cr08m85hc8jlnfp3zer7xulejywt49kt2rr0vthywaa50xwsq2da0jqygw442724a22vmvse55pez5zw4qtj3mmg
0,0.495610856581163,TEMPORAL_STRUCTURE_PCA3,ckb1qzda0cr08m85hc8jlnfp3zer7xulejywt49kt2rr0vthywaa50xwsq2dn39wdkj33e7v03mx3mg6raqh365hpnqp2nq6r
-1,0.0,TEMPORAL_STRUCTURE_PCA3,ckb1qzda0cr08m85hc8jlnfp3zer7xulejywt49kt2rr0vthywaa50xwsq2efq967zf7uw4g2nazz6mwal8ehl3yfrgn5r9vq
0,1.0,TEMPORAL_STRUCTURE_PCA3,ckb1qzda0cr08m85hc8jlnfp3zer7xulejywt49kt2rr0vthywaa50xwsq2ejd8f7wnaln83fx7u8g5tr0sv8jpuwpqdfm05a
0,0.7089833514106474,TEMPORAL_STRUCTURE_PCA3,ckb1qzda0cr08m85hc8jlnfp3zer7xulejywt49kt2rr0vthywaa50xwsq2emn0uxk7ch03desrc0r0pc66ukaz6p8ghpddey
0,1.0,TEMPORAL_STRUCTURE_PCA3,ckb1qzda0cr08m85hc8jlnfp3zer7xulejywt49kt2rr0vthywaa50xwsq2evwcurnqel0euyf4s2pgkut48dgp7fsg3tdhrk
-1,0.0,TEMPORAL_STRUCTURE_PCA3,ckb1qzda0cr08m85hc8jlnfp3zer7xulejywt49kt2rr0vthywaa50xwsq2lfh4w2sguefdcw8fmehy5fpaenhehr9cped0e2
0,0.6197915614768672,TEMPORAL_STRUCTURE_PCA3,ckb1qzda0cr08m85hc8jlnfp3zer7xulejywt49kt2rr0vthywaa50xwsq2mu7xj6mj90s8dxxnuqxyty72rg72ydzscwk9vf
0,1.0,TEMPORAL_STRUCTURE_PCA3,ckb1qzda0cr08m85hc8jlnfp3zer7xulejywt49kt2rr0vthywaa50xwsq2nku3pd5gl7m6pp0cdx7m9gk2t9pswywqcqwjch
1,1.0,TEMPORAL_STRUCTURE_PCA3,ckb1qzda0cr08m85hc8jlnfp3zer7xulejywt49kt2rr0vthywaa50xwsq2nwlee8epequkd94qh3k5uymjqxgvfktgxl9jd3
0,0.8061408411660471,TEMPORAL_STRUCTURE_PCA3,ckb1qzda0cr08m85hc8jlnfp3zer7xulejywt49kt2rr0vthywaa50xwsq2pgrf442dam0aa0l8gd2s8jlxfu7hha3c7hg4qq
-1,0.0,TEMPORAL_STRUCTURE_PCA3,ckb1qzda0cr08m85hc8jlnfp3zer7xulejywt49kt2rr0vthywaa50xwsq2pnp7gglp8clvahem5mpf7wmr0pjk5krgf4lwf2
-1,0.0,TEMPORAL_STRUCTURE_PCA3,ckb1qzda0cr08m85hc8jlnfp3zer7xulejywt49kt2rr0vthywaa50xwsq2qjj3mqkrdhzuga2qfzf72ma38xhpsaasfj3trw
-1,0.0,TEMPORAL_STRUCTURE_PCA3,ckb1qzda0cr08m85hc8jlnfp3zer7xulejywt49kt2rr0vthywaa50xwsq2qtfq8zdd9rs86hslwh8j4h8qjk6r3e6s0k50ul
0,0.9583287782048351,TEMPORAL_STRUCTURE_PCA3,ckb1qzda0cr08m85hc8jlnfp3zer7xulejywt49kt2rr0vthywaa50xwsq2rsu67gzxhacdwpzfyc0gc5q9vgr6aztc6y5n8c
0,0.8526318371639463,TEMPORAL_STRUCTURE_PCA3,ckb1qzda0cr08m85hc8jlnfp3zer7xulejywt49kt2rr0vthywaa50xwsq2sfv44lf5g89ha2q296zqm8savzcyqxlsulsx6f
0,0.7472506835259297,TEMPORAL_STRUCTURE_PCA3,ckb1qzda0cr08m85hc8jlnfp3zer7xulejywt49kt2rr0vthywaa50xwsq2uj8rfycz3s3h0m0h62fj8mvxluqr627s8j5led
-1,0.0,TEMPORAL_STRUCTURE_PCA3,ckb1qzda0cr08m85hc8jlnfp3zer7xulejywt49kt2rr0vthywaa50xwsq2uxysa465m2k0hxh4zefzd2k5j36dly3gxkjc57
-1,0.0,TEMPORAL_STRUCTURE_PCA3,ckb1qzda0cr08m85hc8jlnfp3zer7xulejywt49kt2rr0vthywaa50xwsq2vr8y8dws0jkz062k8vlpafpu8x9rucvcggdkr4
-1,0.0,TEMPORAL_STRUCTURE_PCA3,ckb1qzda0cr08m85hc8jlnfp3zer7xulejywt49kt2rr0vthywaa50xwsq2yg6kr7zvjzw0ts2j7qtkd6jzr2kq3g7sdh3azr
0,0.8553581574612725,TEMPORAL_STRUCTURE_PCA3,ckb1qzda0cr08m85hc8jlnfp3zer7xulejywt49kt2rr0vthywaa50xwsq2zuyw4u22256gp6v8s6na4p7esyg4h74q68r5ue
0,0.9656292983450654,TEMPORAL_STRUCTURE_PCA3,ckb1qzda0cr08m85hc8jlnfp3zer7xulejywt49kt2rr0vthywaa50xwsqd280gcprvtlm89nyxuc2ru9e2tqe0aewcks0h7q
-1,0.0,TEMPORAL_STRUCTURE_PCA3,ckb1qzda0cr08m85hc8jlnfp3zer7xulejywt49kt2rr0vthywaa50xwsqd3ele94wtw253dum78vpuuy2rcspueckqp9hktf
-1,0.0,TEMPORAL_STRUCTURE_PCA3,ckb1qzda0cr08m85hc8jlnfp3zer7xulejywt49kt2rr0vthywaa50xwsqd3w85684vvlhfh93nrvkq6rz6ve7xu0ugjyfg3s
0,1.0,TEMPORAL_STRUCTURE_PCA3,ckb1qzda0cr08m85hc8jlnfp3zer7xulejywt49kt2rr0vthywaa50xwsqd532x7yagmmqne0jkrwggysarh5kufcjgp5ry3g
-1,0.0,TEMPORAL_STRUCTURE_PCA3,ckb1qzda0cr08m85hc8jlnfp3zer7xulejywt49kt2rr0vthywaa50xwsqd682nhfyu5lfzt4gp9cmrqgsjpesm3pjqf252gf
0,1.0,TEMPORAL_STRUCTURE_PCA3,ckb1qzda0cr08m85hc8jlnfp3zer7xulejywt49kt2rr0vthywaa50xwsqd6raz9mkh95xl7tg8ymg7klqz7ns0af5ctkwa53
0,1.0,TEMPORAL_STRUCTURE_PCA3,ckb1qzda0cr08m85hc8jlnfp3zer7xulejywt49kt2rr0vthywaa50xwsqd9ec9tr57qedasftglxrgq9yl657ym3yqddeg6p
-1,0.0,TEMPORAL_STRUCTURE_PCA3,ckb1qzda0cr08m85hc8jlnfp3zer7xulejywt49kt2rr0vthywaa50xwsqda5zj9fpg255n7vz04eqkzlles8z72susenvew6
0,0.5011640490914516,TEMPORAL_STRUCTURE_PCA3,ckb1qzda0cr08m85hc8jlnfp3zer7xulejywt49kt2rr0vthywaa50xwsqdak37z6wn6w6aea983ruzrfl8yweej95cfkzyn9
0,0.906995385182039,TEMPORAL_STRUCTURE_PCA3,ckb1qzda0cr08m85hc8jlnfp3zer7xulejywt49kt2rr0vthywaa50xwsqddm8ppq3gz8gz0d9ap6z8nc3r662npn2cuxk9f0
0,1.0,TEMPORAL_STRUCTURE_PCA3,ckb1qzda0cr08m85hc8jlnfp3zer7xulejywt49kt2rr0vthywaa50xwsqddtncxgn0wga0mctct2p6k2ueqd36ju3qqqmeqa
-1,0.0,TEMPORAL_STRUCTURE_PCA3,ckb1qzda0cr08m85hc8jlnfp3zer7xulejywt49kt2rr0vthywaa50xwsqddw45fnzxhfmsxwuf7m82k5vyynsfvkxqu8209y
-1,0.0,TEMPORAL_STRUCTURE_PCA3,ckb1qzda0cr08m85hc8jlnfp3zer7xulejywt49kt2rr0vthywaa50xwsqdfpcl42753m0xgau9yefhgfxukx83dwysy7tdl3
0,0.4997529101104981,TEMPORAL_STRUCTURE_PCA3,ckb1qzda0cr08m85hc8jlnfp3zer7xulejywt49kt2rr0vthywaa50xwsqdg04rll0lnjdvdyp2zpqguqkmnye6vmnsd4vft5
0,0.8503381580448992,TEMPORAL_STRUCTURE_PCA3,ckb1qzda0cr08m85hc8jlnfp3zer7xulejywt49kt2rr0vthywaa50xwsqdh26mj0xls204ndg9lsdptdz0zu0jdmycngh5ht
0,1.0,TEMPORAL_STRUCTURE_PCA3,ckb1qzda0cr08m85hc8jlnfp3zer7xulejywt49kt2rr0vthywaa50xwsqdjsydf39sklhfvtfnk57vvd7d2vn4kxwqpr3prn
-1,0.0,TEMPORAL_STRUCTURE_PCA3,ckb1qzda0cr08m85hc8jlnfp3zer7xulejywt49kt2rr0vthywaa50xwsqdly7vzugjpxpzy4wc8u8dkpt6gmv2kknsw36cs0
-1,0.0,TEMPORAL_STRUCTURE_PCA3,ckb1qzda0cr08m85hc8jlnfp3zer7xulejywt49kt2rr0vthywaa50xwsqdqq677slvjxejspzxxuyrz3r8m4glpqrqve4u4k
0,0.6683310655869982,TEMPORAL_STRUCTURE_PCA3,ckb1qzda0cr08m85hc8jlnfp3zer7xulejywt49kt2rr0vthywaa50xwsqdqrmx3gfghxmm3m5dj4vm27j5ke9kvw9qmr8lwp
0,0.5092447392246243,TEMPORAL_STRUCTURE_PCA3,ckb1qzda0cr08m85hc8jlnfp3zer7xulejywt49kt2rr0vthywaa50xwsqdtejzc329up3s665cxswczse77neqxr2c6uk0jz
0,0.8789539088144336,TEMPORAL_STRUCTURE_PCA3,ckb1qzda0cr08m85hc8jlnfp3zer7xulejywt49kt2rr0vthywaa50xwsqdun3wce79ar4cmnl76tyehgha0muqg07gt556gd
-1,0.0,TEMPORAL_STRUCTURE_PCA3,ckb1qzda0cr08m85hc8jlnfp3zer7xulejywt49kt2rr0vthywaa50xwsqdv7nz5efx58k589jup242p9f5lhx9mwgc3rtspx
-1,0.0,TEMPORAL_STRUCTURE_PCA3,ckb1qzda0cr08m85hc8jlnfp3zer7xulejywt49kt2rr0vthywaa50xwsqdxzlmuqal6c37hk678qjekya0qjd5m5lq7hhzaq
-1,0.0,TEMPORAL_STRUCTURE_PCA3,ckb1qzda0cr08m85hc8jlnfp3zer7xulejywt49kt2rr0vthywaa50xwsqdxzpng0y93mrnmxq0e73j4yu4d3n3mkuqc5r59u
0,1.0,TEMPORAL_STRUCTURE_PCA3,ckb1qzda0cr08m85hc8jlnfp3zer7xulejywt49kt2rr0vthywaa50xwsqdytgmu0z5yskwrnegfptr3n4pcx9d6tlswehku8
-1,0.0,TEMPORAL_STRUCTURE_PCA3,ckb1qzda0cr08m85hc8jlnfp3zer7xulejywt49kt2rr0vthywaa50xwsqdywhhfnhv7xz24x9y79yu47u9ugwr8p2sccyn4q
0,0.5970129073561319,TEMPORAL_STRUCTURE_PCA3,ckb1qzda0cr08m85hc8jlnfp3zer7xulejywt49kt2rr0vthywaa50xwsqdzcwm3dgw383w7uv4v9a95jdxtxgzrmdcpxs45n
-1,0.0,TEMPORAL_STRUCTURE_PCA3,ckb1qzda0cr08m85hc8jlnfp3zer7xulejywt49kt2rr0vthywaa50xwsqf2pf3uu524tn9umy7g3gchaa6sgamvs4sx454l6
0,0.8337298726857383,TEMPORAL_STRUCTURE_PCA3,ckb1qzda0cr08m85hc8jlnfp3zer7xulejywt49kt2rr0vthywaa50xwsqf3q9e554euxmpqyaju2n3prxl3fxuphqs9l8zmt
-1,0.0,TEMPORAL_STRUCTURE_PCA3,ckb1qzda0cr08m85hc8jlnfp3zer7xulejywt49kt2rr0vthywaa50xwsqf4n5g7ce6k9gxgvs7cjc40rk8r0tqtg4qg775ha
0,0.5170468388094613,TEMPORAL_STRUCTURE_PCA3,ckb1qzda0cr08m85hc8jlnfp3zer7xulejywt49kt2rr0vthywaa50xwsqf4s8sxvjqhp8qpxyqj03kwmry2a43kggq7um8ef
0,0.878634992965334,TEMPORAL_STRUCTURE_PCA3,ckb1qzda0cr08m85hc8jlnfp3zer7xulejywt49kt2rr0vthywaa50xwsqf68ndqgrm406nmahnk8uyvl6up7hzhgdcjvn87t
0,1.0,TEMPORAL_STRUCTURE_PCA3,ckb1qzda0cr08m85hc8jlnfp3zer7xulejywt49kt2rr0vthywaa50xwsqf6qtawqcsf9ga3yuhh8gfhxuyah7rvtlgzn95vl
-1,0.0,TEMPORAL_STRUCTURE_PCA3,ckb1qzda0cr08m85hc8jlnfp3zer7xulejywt49kt2rr0vthywaa50xwsqfc5kszzn9mc2zycl58v8jjrk9zhmr97cg3ndvfs
-1,0.0,TEMPORAL_STRUCTURE_PCA3,ckb1qzda0cr08m85hc8jlnfp3zer7xulejywt49kt2rr0vthywaa50xwsqfc63dma5fy3kywpnada5yy99tpqvl4dechg9csl
1,1.0,TEMPORAL_STRUCTURE_PCA3,ckb1qzda0cr08m85hc8jlnfp3zer7xulejywt49kt2rr0vthywaa50xwsqfcwzl3jytqrrgtuwmapvqe42txrxvqlncewj9c8
0,0.8031532927247355,TEMPORAL_STRUCTURE_PCA3,ckb1qzda0cr08m85hc8jlnfp3zer7xulejywt49kt2rr0vthywaa50xwsqfewq5cphjmj7j53dgvs9ekquz7wp0eadggz3t4x
0,0.8500905829620677,TEMPORAL_STRUCTURE_PCA3,ckb1qzda0cr08m85hc8jlnfp3zer7xulejywt49kt2rr0vthywaa50xwsqff60m3g73j280arxmzwp6anr9g04xmmast74txw
0,1.0,TEMPORAL_STRUCTURE_PCA3,ckb1qzda0cr08m85hc8jlnfp3zer7xulejywt49kt2rr0vthywaa50xwsqfg2np57fhkdu6fuygqt3ys4rykd03gfhsu8dvd7
0,1.0,TEMPORAL_STRUCTURE_PCA3,ckb1qzda0cr08m85hc8jlnfp3zer7xulejywt49kt2rr0vthywaa50xwsqfj8ejt4qckvuzrtezy9nvcv7le9ur8cuqy7s5x8
0,1.0,TEMPORAL_STRUCTURE_PCA3,ckb1qzda0cr08m85hc8jlnfp3zer7xulejywt49kt2rr0vthywaa50xwsqfjhl5nx82y5z2xdhwqhg34vkzta6gttgc05sfu2
0,0.48653538578411415,TEMPORAL_STRUCTURE_PCA3,ckb1qzda0cr08m85hc8jlnfp3zer7xulejywt49kt2rr0vthywaa50xwsqfkjglwnv0p5h4wujzvz65rekwxmx2d0zsn7yllu
-1,0.0,TEMPORAL_STRUCTURE_PCA3,ckb1qzda0cr08m85hc8jlnfp3zer7xulejywt49kt2rr0vthywaa50xwsqfqr2l6rqllmnhtpzptgq9fnagsykcffxcpqmjuu
-1,0.0,TEMPORAL_STRUCTURE_PCA3,ckb1qzda0cr08m85hc8jlnfp3zer7xulejywt49kt2rr0vthywaa50xwsqfrlamn0mk353jsutukulxcxyf8je85wwg5l5nnv
0,1.0,TEMPORAL_STRUCTURE_PCA3,ckb1qzda0cr08m85hc8jlnfp3zer7xulejywt49kt2rr0vthywaa50xwsqfrmvt598cnr70mhtyt9afjg9yju7s0n6gw0e8d4
0,0.5983071112788336,TEMPORAL_STRUCTURE_PCA3,ckb1qzda0cr08m85hc8jlnfp3zer7xulejywt49kt2rr0vthywaa50xwsqfs6c4chhw5kwthmq0jzqyxwmr9fpr5a4qr8l2yd
-1,0.0,TEMPORAL_STRUCTURE_PCA3,ckb1qzda0cr08m85hc8jlnfp3zer7xulejywt49kt2rr0vthywaa50xwsqfsajumlzs2pjvtz0xxg42llw5px435u3gxmlwuc
-1,0.0,TEMPORAL_STRUCTURE_PCA3,ckb1qzda0cr08m85hc8jlnfp3zer7xulejywt49kt2rr0vthywaa50xwsqft980n0alva2vjmkca85wujt5vhtwgzpgqczv9a
0,1.0,TEMPORAL_STRUCTURE_PCA3,ckb1qzda0cr08m85hc8jlnfp3zer7xulejywt49kt2rr0vthywaa50xwsqftm2xn4dlczysw0q2x5alw2v7ur2le8gs8h3teh
0,0.6267420289086221,TEMPORAL_STRUCTURE_PCA3,ckb1qzda0cr08m85hc8jlnfp3zer7xulejywt49kt2rr0vthywaa50xwsqfvfcxm03q9xmn3fy68s9rxp0y5lfqfvjgmmtw0p
-1,0.0,TEMPORAL_STRUCTURE_PCA3,ckb1qzda0cr08m85hc8jlnfp3zer7xulejywt49kt2rr0vthywaa50xwsqfx7c8l89wcf42vxgajjke9zdt7myeqrdqj6mqm6
0,0.8063091493087117,TEMPORAL_STRUCTURE_PCA3,ckb1qzda0cr08m85hc8jlnfp3zer7xulejywt49kt2rr0vthywaa50xwsqfxgd9zxl6czs4s3kzr55letennz2l3yjqpt8r79
1,1.0,TEMPORAL_STRUCTURE_PCA3,ckb1qzda0cr08m85hc8jlnfp3zer7xulejywt49kt2rr0vthywaa50xwsqg0prwcywrcc744qq5veu4upkur4665dlgr6003x
0,0.5687258600326757,TEMPORAL_STRUCTURE_PCA3,ckb1qzda0cr08m85hc8jlnfp3zer7xulejywt49kt2rr0vthywaa50xwsqg2fnljwt423kchx368x8xwstmkhx0k2agegvx0a
0,0.8218099924922577,TEMPORAL_STRUCTURE_PCA3,ckb1qzda0cr08m85hc8jlnfp3zer7xulejywt49kt2rr0vthywaa50xwsqg338aj4hnmutep9ufyd9yyuh3ju7rr8lq03fejn
-1,0.0,TEMPORAL_STRUCTURE_PCA3,ckb1qzda0cr08m85hc8jlnfp3zer7xulejywt49kt2rr0vthywaa50xwsqg3xv33uywn6sjyvmnzckatkpke54mlx8srepf4g
-1,0.0,TEMPORAL_STRUCTURE_PCA3,ckb1qzda0cr08m85hc8jlnfp3zer7xulejywt49kt2rr0vthywaa50xwsqg40ucnf7tt8zvnje7xhatf3yllc8zh4pqq25wqh
-1,0.0,TEMPORAL_STRUCTURE_PCA3,ckb1qzda0cr08m85hc8jlnfp3zer7xulejywt49kt2rr0vthywaa50xwsqg4cz7lvtz6anfw0uxkrxu8d0gxcfuww2gp702wk
0,1.0,TEMPORAL_STRUCTURE_PCA3,ckb1qzda0cr08m85hc8jlnfp3zer7xulejywt49kt2rr0vthywaa50xwsqg4yg2m9jpx5efeu4q0vrp643gjmad37nqrk9glt
-1,0.0,TEMPORAL_STRUCTURE_PCA3,ckb1qzda0cr08m85hc8jlnfp3zer7xulejywt49kt2rr0vthywaa50xwsqg58nlmgm0f04zj3fedh4d369cpdz67s5q8n0dxm
-1,0.0,TEMPORAL_STRUCTURE_PCA3,ckb1qzda0cr08m85hc8jlnfp3zer7xulejywt49kt2rr0vthywaa50xwsqg60za567aggkr4kdukm540wrujl4xn83g5sff6z
1,1.0,TEMPORAL_STRUCTURE_PCA3,ckb1qzda0cr08m85hc8jlnfp3zer7xulejywt49kt2rr0vthywaa50xwsqg62egjmjcnvyrdl5z38esza6dgfxuy2xsy8gcsa
-1,0.0,TEMPORAL_STRUCTURE_PCA3,ckb1qzda0cr08m85hc8jlnfp3zer7xulejywt49kt2rr0vthywaa50xwsqg6agcch2m7k8lsh00nv05ztfmz0euvqkcfpz7ec
0,0.8594609494780536,TEMPORAL_STRUCTURE_PCA3,ckb1qzda0cr08m85hc8jlnfp3zer7xulejywt49kt2rr0vthywaa50xwsqg6j932zy4ztkzmtpye2uhzsju5npw795s89dznx
0,0.8429635632538027,TEMPORAL_STRUCTURE_PCA3,ckb1qzda0cr08m85hc8jlnfp3zer7xulejywt49kt2rr0vthywaa50xwsqg709r8jqauttpmkjv2x2jg3mtdwvqk7acc26w2j
-1,0.0,TEMPORAL_STRUCTURE_PCA3,ckb1qzda0cr08m85hc8jlnfp3zer7xulejywt49kt2rr0vthywaa50xwsqg9q2e95dadfctdfsuq5e5na0nwh58v4jc6rkddw
-1,0.0,TEMPORAL_STRUCTURE_PCA3,ckb1qzda0cr08m85hc8jlnfp3zer7xulejywt49kt2rr0vthywaa50xwsqggs86408ja7nsgdh0lz0cxafua6u0pq5cmvsxuu
0,0.6945971336635852,TEMPORAL_STRUCTURE_PCA3,ckb1qzda0cr08m85hc8jlnfp3zer7xulejywt49kt2rr0vthywaa50xwsqgjr2xdh0zyc53jxpwsvwxq5x8y05rmytcewmqcv
0,0.6133477804298004,TEMPORAL_STRUCTURE_PCA3,ckb1qzda0cr08m85hc8jlnfp3zer7xulejywt49kt2rr0vthywaa50xwsqgjuhrq84l5nk7ylhlcqpsa3yg974735rgy30uch
0,0.901199640886546,TEMPORAL_STRUCTURE_PCA3,ckb1qzda0cr08m85hc8jlnfp3zer7xulejywt49kt2rr0vthywaa50xwsqgk9kfuz7fchth20ksf8d2x3eqph9le6cqhenpf3
0,0.5447493645019758,TEMPORAL_STRUCTURE_PCA3,ckb1qzda0cr08m85hc8jlnfp3zer7xulejywt49kt2rr0vthywaa50xwsqgkfv8pzr5d26zcapqrd58ksc65w0qv8qqqp6xtc
1,1.0,TEMPORAL_STRUCTURE_PCA3,ckb1qzda0cr08m85hc8jlnfp3zer7xulejywt49kt2rr0vthywaa50xwsqglfcyvg2tr5h09lxhcgrlezm7cuz3ywkcf8tp3d
-1,0.0,TEMPORAL_STRUCTURE_PCA3,ckb1qzda0cr08m85hc8jlnfp3zer7xulejywt49kt2rr0vthywaa50xwsqgnhsvcls3zfj0jggg74nej0hxwmtzjjvcu09935
0,0.7294210627737593,TEMPORAL_STRUCTURE_PCA3,ckb1qzda0cr08m85hc8jlnfp3zer7xulejywt49kt2rr0vthywaa50xwsqgq74prpeqz7rlncvqz0j2gn4jxsg75ztggj7v7a
-1,0.0,TEMPORAL_STRUCTURE_PCA3,ckb1qzda0cr08m85hc8jlnfp3zer7xulejywt49kt2rr0vthywaa50xwsqgulzg2h44865y9svyw7s5390npefh3x9qrr8hc9
0,1.0,TEMPORAL_STRUCTURE_PCA3,ckb1qzda0cr08m85hc8jlnfp3zer7xulejywt49kt2rr0vthywaa50xwsqgvf6u2sgx8ud45x9dy6gqwl2rx5625w8g52tt66
0,0.5302832420213512,TEMPORAL_STRUCTURE_PCA3,ckb1qzda0cr08m85hc8jlnfp3zer7xulejywt49kt2rr0vthywaa50xwsqgvmsa3c3ecl7edwqjvezvjcrwqs3ypy0gdesfvg
0,0.8553581574612725,TEMPORAL_STRUCTURE_PCA3,ckb1qzda0cr08m85hc8jlnfp3zer7xulejywt49kt2rr0vthywaa50xwsqgw7a8wtdmg4er900svtg4vqn27upcpq4cnd4g7v
0,0.8789539088144336,TEMPORAL_STRUCTURE_PCA3,ckb1qzda0cr08m85hc8jlnfp3zer7xulejywt49kt2rr0vthywaa50xwsqgwum3jcpnajgd4teaa2zezc99pwfl3sug4xfx7f
0,0.6912309354402332,TEMPORAL_STRUCTURE_PCA3,ckb1qzda0cr08m85hc8jlnfp3zer7xulejywt49kt2rr0vthywaa50xwsqgxe3ru50ecjjruz4tymv759ztsdff7lxq74umg9
0,0.7089833514106474,TEMPORAL_STRUCTURE_PCA3,ckb1qzda0cr08m85hc8jlnfp3zer7xulejywt49kt2rr0vthywaa50xwsqgygj0n7vv7vk6ejt4d23yp87v5fe5352sv3hvfw
0,1.0,TEMPORAL_STRUCTURE_PCA3,ckb1qzda0cr08m85hc8jlnfp3zer7xulejywt49kt2rr0vthywaa50xwsqgzgak4nyyfjzlcnx6lel86kkl9wmn8cmqg5mv52
-1,0.0,TEMPORAL_STRUCTURE_PCA3,ckb1qzda0cr08m85hc8jlnfp3zer7xulejywt49kt2rr0vthywaa50xwsqgzku5d6wp53s4ukledn8j8u3t9vjxt7ys9uu00a
0,0.8844587902908769,TEMPORAL_STRUCTURE_PCA3,ckb1qzda0cr08m85hc8jlnfp3zer7xulejywt49kt2rr0vthywaa50xwsqgzw9vj0prshmp4pm5jr0t8m4vwf353syqvqfm08
0,1.0,TEMPORAL_STRUCTURE_PCA3,ckb1qzda0cr08m85hc8jlnfp3zer7xulejywt49kt2rr0vthywaa50xwsqt2e7jpk20nyyyuwdqmvqk427ql2593nugpqd4pp
-1,0.0,TEMPORAL_STRUCTURE_PCA3,ckb1qzda0cr08m85hc8jlnfp3zer7xulejywt49kt2rr0vthywaa50xwsqt2gnkqzr9sm0q9syuahhy9mgu9hx3r5pg74y4jz
1,1.0,TEMPORAL_STRUCTURE_PCA3,ckb1qzda0cr08m85hc8jlnfp3zer7xulejywt49kt2rr0vthywaa50xwsqt3tqddwnr5xfm52vevcyujfw8nhrr77hc0uppq7
0,0.4925966229688032,TEMPORAL_STRUCTURE_PCA3,ckb1qzda0cr08m85hc8jlnfp3zer7xulejywt49kt2rr0vthywaa50xwsqt44ntk8mswsuzjtd7e5d4nm5q3akq8ppsvm3kqy
0,0.49335541365174534,TEMPORAL_STRUCTURE_PCA3,ckb1qzda0cr08m85hc8jlnfp3zer7xulejywt49kt2rr0vthywaa50xwsqt5ctdrmqm0ay6yk8h9nxh7uy0xu7tm8zs8tvu99
1,1.0,TEMPORAL_STRUCTURE_PCA3,ckb1qzda0cr08m85hc8jlnfp3zer7xulejywt49kt2rr0vthywaa50xwsqt5hd8ra55wkxyswhn2w70tvgp8pzwvapqeasdg3
0,1.0,TEMPORAL_STRUCTURE_PCA3,ckb1qzda0cr08m85hc8jlnfp3zer7xulejywt49kt2rr0vthywaa50xwsqt785chmwk9t3w2j3570chwvmwq3l2sxrcvmsm9d
0,1.0,TEMPORAL_STRUCTURE_PCA3,ckb1qzda0cr08m85hc8jlnfp3zer7xulejywt49kt2rr0vthywaa50xwsqt8ypvjjfwqn6eneekj0ykwyzrr2jnhxfq8t88cr
0,1.0,TEMPORAL_STRUCTURE_PCA3,ckb1qzda0cr08m85hc8jlnfp3zer7xulejywt49kt2rr0vthywaa50xwsqtc39e2l04ha5t5fzvupspn49lftrglr8gw99j4e
-1,0.0,TEMPORAL_STRUCTURE_PCA3,ckb1qzda0cr08m85hc8jlnfp3zer7xulejywt49kt2rr0vthywaa50xwsqtcj3ytn3vr7ux8twl2esdzhwqklqm5a9qjff8zs
0,0.5528333933090169,TEMPORAL_STRUCTURE_PCA3,ckb1qzda0cr08m85hc8jlnfp3zer7xulejywt49kt2rr0vthywaa50xwsqtcpq6rsr3xmfz4xnav7vrszp3qwpcv9yg8urgcw
0,0.7041082970312743,TEMPORAL_STRUCTURE_PCA3,ckb1qzda0cr08m85hc8jlnfp3zer7xulejywt49kt2rr0vthywaa50xwsqtcz03jau3958a7esc84ygpk8vj8ad0njcym245u
-1,0.0,TEMPORAL_STRUCTURE_PCA3,ckb1qzda0cr08m85hc8jlnfp3zer7xulejywt49kt2rr0vthywaa50xwsqtdjy59w688e9h3e6spw0ypv7k69nl2h6q3sma2z
-1,0.0,TEMPORAL_STRUCTURE_PCA3,ckb1qzda0cr08m85hc8jlnfp3zer7xulejywt49kt2rr0vthywaa50xwsqtdvhzxzyqcqqu3qu548g0yfhyhkn68s0s5tlqdh
-1,0.0,TEMPORAL_STRUCTURE_PCA3,ckb1qzda0cr08m85hc8jlnfp3zer7xulejywt49kt2rr0vthywaa50xwsqteuhr80vfws6en6ju03huzvp3xh9z0juqelhgxu
0,0.6946085645403435,TEMPORAL_STRUCTURE_PCA3,ckb1qzda0cr08m85hc8jlnfp3zer7xulejywt49kt2rr0vthywaa50xwsqtfs070fqhspjhhzf0l5d2hrpd5hjvzmkgh8p6j2
0,0.8625142742847146,TEMPORAL_STRUCTURE_PCA3,ckb1qzda0cr08m85hc8jlnfp3zer7xulejywt49kt2rr0vthywaa50xwsqtl60mlnd8498tpqyfu5yud3fsrt5ndptc80xq2q
0,1.0,TEMPORAL_STRUCTURE_PCA3,ckb1qzda0cr08m85hc8jlnfp3zer7xulejywt49kt2rr0vthywaa50xwsqtlpgc29k57ufndd7gpm2jjvpwc2hqygjgtf54lg
-1,0.0,TEMPORAL_STRUCTURE_PCA3,ckb1qzda0cr08m85hc8jlnfp3zer7xulejywt49kt2rr0vthywaa50xwsqtr5klxrl240p2jsldlwhd6w3dv7fjj59cp6nkwy
-1,0.0,TEMPORAL_STRUCTURE_PCA3,ckb1qzda0cr08m85hc8jlnfp3zer7xulejywt49kt2rr0vthywaa50xwsqttkscr3p930542e3zgzj3yujwpak0gq4slpgsny
0,1.0,TEMPORAL_STRUCTURE_PCA3,ckb1qzda0cr08m85hc8jlnfp3zer7xulejywt49kt2rr0vthywaa50xwsqtxdw8h4yk3jnuln8ktwcdfymeapm6jg7s5pmley
-1,0.0,TEMPORAL_STRUCTURE_PCA3,ckb1qzda0cr08m85hc8jlnfp3zer7xulejywt49kt2rr0vthywaa50xwsqtyedgf3hcmvghz4cmstp7pu7u76x93apgp9rzws
-1,0.0,TEMPORAL_STRUCTURE_PCA3,ckb1qzda0cr08m85hc8jlnfp3zer7xulejywt49kt2rr0vthywaa50xwsqv2mxk8gk0kdcqrjee7fdyy4dzjs3c8etq9dlarq
0,1.0,TEMPORAL_STRUCTURE_PCA3,ckb1qzda0cr08m85hc8jlnfp3zer7xulejywt49kt2rr0vthywaa50xwsqv3zjwlrxn8vk53c4d9a8ksecf9rj86mfsv8t4pc
0,1.0,TEMPORAL_STRUCTURE_PCA3,ckb1qzda0cr08m85hc8jlnfp3zer7xulejywt49kt2rr0vthywaa50xwsqv47n6dc9ay34npwktvlpp5huzjvd07t4qhspqyz
0,0.8789539088144336,TEMPORAL_STRUCTURE_PCA3,ckb1qzda0cr08m85hc8jlnfp3zer7xulejywt49kt2rr0vthywaa50xwsqv52twl330j4d2n858snefzewnuwchku7ql2qas8
-1,0.0,TEMPORAL_STRUCTURE_PCA3,ckb1qzda0cr08m85hc8jlnfp3zer7xulejywt49kt2rr0vthywaa50xwsqv5uwm78vrgdrfmd056xn32q9junu3rg2c2we24p
0,0.7256592252024228,TEMPORAL_STRUCTURE_PCA3,ckb1qzda0cr08m85hc8jlnfp3zer7xulejywt49kt2rr0vthywaa50xwsqv7ayqjm88s60nm3gf56q55y578uw2weqgfx02sw
1,1.0,TEMPORAL_STRUCTURE_PCA3,ckb1qzda0cr08m85hc8jlnfp3zer7xulejywt49kt2rr0vthywaa50xwsqv8mt7uj0ynsd25vlufex6xm5czh04nglsd68gcc
0,1.0,TEMPORAL_STRUCTURE_PCA3,ckb1qzda0cr08m85hc8jlnfp3zer7xulejywt49kt2rr0vthywaa50xwsqv8yreznvv7falyl3sk08l74zh6aj9u9hsrpfysy
0,0.8218099924922577,TEMPORAL_STRUCTURE_PCA3,ckb1qzda0cr08m85hc8jlnfp3zer7xulejywt49kt2rr0vthywaa50xwsqvde0h8xdeqmmvrxqsjqf8pl9kjltjsupsfxlpgt
1,1.0,TEMPORAL_STRUCTURE_PCA3,ckb1qzda0cr08m85hc8jlnfp3zer7xulejywt49kt2rr0vthywaa50xwsqvdu4tnf9uueqjdd4k57c8hh5g458jlvlsk90qe4
-1,0.0,TEMPORAL_STRUCTURE_PCA3,ckb1qzda0cr08m85hc8jlnfp3zer7xulejywt49kt2rr0vthywaa50xwsqvjpnzdqgz2pqdmn72qmm3wus9je59wheqangdzf
0,1.0,TEMPORAL_STRUCTURE_PCA3,ckb1qzda0cr08m85hc8jlnfp3zer7xulejywt49kt2rr0vthywaa50xwsqvjvfddqll5qztlccn06gs02ske0yc68esgdkxfp
1,1.0,TEMPORAL_STRUCTURE_PCA3,ckb1qzda0cr08m85hc8jlnfp3zer7xulejywt49kt2rr0vthywaa50xwsqvknttjvpk89lj2c9ykxvethuaft52j3fs9df6l3
0,0.5392886658240335,TEMPORAL_STRUCTURE_PCA3,ckb1qzda0cr08m85hc8jlnfp3zer7xulejywt49kt2rr0vthywaa50xwsqvkt2ql6y7gdn7dsh0txtwkluf8n57tadgdmaj8h
0,1.0,TEMPORAL_STRUCTURE_PCA3,ckb1qzda0cr08m85hc8jlnfp3zer7xulejywt49kt2rr0vthywaa50xwsqvkxl5y7fzw25kenl7zsh5u5f8yjww5juc69llx3
-1,0.0,TEMPORAL_STRUCTURE_PCA3,ckb1qzda0cr08m85hc8jlnfp3zer7xulejywt49kt2rr0vthywaa50xwsqvtfx52pmwvmnlxc89ahpga6w6rk8r69xgmnsu28
0,1.0,TEMPORAL_STRUCTURE_PCA3,ckb1qzda0cr08m85hc8jlnfp3zer7xulejywt49kt2rr0vthywaa50xwsqvuh8nmuphsgaua6g0usmlknkk98gu4lhcmpyhsp
0,1.0,TEMPORAL_STRUCTURE_PCA3,ckb1qzda0cr08m85hc8jlnfp3zer7xulejywt49kt2rr0vthywaa50xwsqvva6zmstttmwvat2uw3k057rgnv5t3hts4vk7tv
0,0.5200501577362142,TEMPORAL_STRUCTURE_PCA3,ckb1qzda0cr08m85hc8jlnfp3zer7xulejywt49kt2rr0vthywaa50xwsqvxfn4dw95uwpq972rjvvkzc44c0hxltkghsrja0
0,1.0,TEMPORAL_STRUCTURE_PCA3,ckb1qzda0cr08m85hc8jlnfp3zer7xulejywt49kt2rr0vthywaa50xwsqvyeguxz4y45vydqtdrvz6xz43tlcdc7acjhkesk
-1,0.0,TEMPORAL_STRUCTURE_PCA3,ckb1qzda0cr08m85hc8jlnfp3zer7xulejywt49kt2rr0vthywaa50xwsqvzfcj3jtlhzyuu4s5frtv9d3r7mexqhnclvhwkr
-1,0.0,TEMPORAL_STRUCTURE_PCA3,ckb1qzda0cr08m85hc8jlnfp3zer7xulejywt49kt2rr0vthywaa50xwsqw0dr0ghl76nf5xkw6lx0lxm032kw2jwwq6lnmhx
0,0.7468698720236102,TEMPORAL_STRUCTURE_PCA3,ckb1qzda0cr08m85hc8jlnfp3zer7xulejywt49kt2rr0vthywaa50xwsqw2qmgk7tphggddk6mavjxzxhlaguum7ds7c7t8q
0,1.0,TEMPORAL_STRUCTURE_PCA3,ckb1qzda0cr08m85hc8jlnfp3zer7xulejywt49kt2rr0vthywaa50xwsqw4klymd5zxdtersxfu8wafdq803fudg7qpp9dz7
0,0.762975519802746,TEMPORAL_STRUCTURE_PCA3,ckb1qzda0cr08m85hc8jlnfp3zer7xulejywt49kt2rr0vthywaa50xwsqw4xpk4t3688duglxp0xvupwfj9u4y20rc5xvtlj
0,0.5070902239179599,TEMPORAL_STRUCTURE_PCA3,ckb1qzda0cr08m85hc8jlnfp3zer7xulejywt49kt2rr0vthywaa50xwsqw6hjwylgj9pw0ae8pw0ctke60jpqw6f6slep8r3
0,0.8625142742847146,TEMPORAL_STRUCTURE_PCA3,ckb1qzda0cr08m85hc8jlnfp3zer7xulejywt49kt2rr0vthywaa50xwsqw8sae6fd5sruyeewfc82gs6epxav9tapqsgphme
0,0.6014671650378469,TEMPORAL_STRUCTURE_PCA3,ckb1qzda0cr08m85hc8jlnfp3zer7xulejywt49kt2rr0vthywaa50xwsqw973g6gzfxn2yh804xl67mpf888tlagkqzh4v47
0,0.5099546211534056,TEMPORAL_STRUCTURE_PCA3,ckb1qzda0cr08m85hc8jlnfp3zer7xulejywt49kt2rr0vthywaa50xwsqwda7qe8d78vuwpx20spzsuvtj92eulcagjenqnt
0,0.6280667075205454,TEMPORAL_STRUCTURE_PCA3,ckb1qzda0cr08m85hc8jlnfp3zer7xulejywt49kt2rr0vthywaa50xwsqwdr5q4rwruykhehd8hn6gxh892wtmdprcw3h3ce
0,0.8117213675553803,TEMPORAL_STRUCTURE_PCA3,ckb1qzda0cr08m85hc8jlnfp3zer7xulejywt49kt2rr0vthywaa50xwsqweaz0wqm6d5wzkyt2jay4ayx22vgxu6ys67s4w2
0,1.0,TEMPORAL_STRUCTURE_PCA3,ckb1qzda0cr08m85hc8jlnfp3zer7xulejywt49kt2rr0vthywaa50xwsqwg4vuyxa8u6yekv7n3vevs5xj6mzn5rxgeudapp
0,0.5252784264732646,TEMPORAL_STRUCTURE_PCA3,ckb1qzda0cr08m85hc8jlnfp3zer7xulejywt49kt2rr0vthywaa50xwsqwjhry2dvdzmftxqrsrwf04mjw3ah8hhjqh9zh7y
0,0.6837744556878304,TEMPORAL_STRUCTURE_PCA3,ckb1qzda0cr08m85hc8jlnfp3zer7xulejywt49kt2rr0vthywaa50xwsqwjzhp5ljeurdf9yznes3xhs7cn6ye9mssmxkwgz
0,0.5170049447809391,TEMPORAL_STRUCTURE_PCA3,ckb1qzda0cr08m85hc8jlnfp3zer7xulejywt49kt2rr0vthywaa50xwsqwlkxpk8rnrzz2nhuswk2kzvempzsz2zjgwxnwny
-1,0.0,TEMPORAL_STRUCTURE_PCA3,ckb1qzda0cr08m85hc8jlnfp3zer7xulejywt49kt2rr0vthywaa50xwsqwnla5w93964qlqcwaaeessdsk4h5pzkfs2f0ehn
-1,0.0,TEMPORAL_STRUCTURE_PCA3,ckb1qzda0cr08m85hc8jlnfp3zer7xulejywt49kt2rr0vthywaa50xwsqwpyugm7a4wtc5tphl0lwzjhcf9fu2l0ksdaezkc
0,1.0,TEMPORAL_STRUCTURE_PCA3,ckb1qzda0cr08m85hc8jlnfp3zer7xulejywt49kt2rr0vthywaa50xwsqwq5jlc6p7y2g7c59emwef66z5dc02m36sq3vsmj
-1,0.0,TEMPORAL_STRUCTURE_PCA3,ckb1qzda0cr08m85hc8jlnfp3zer7xulejywt49kt2rr0vthywaa50xwsqwrn48zffgqgctt2netwvhcdn3pnznxceg9lhd3j
1,1.0,TEMPORAL_STRUCTURE_PCA3,ckb1qzda0cr08m85hc8jlnfp3zer7xulejywt49kt2rr0vthywaa50xwsqws78vs7l7djw5jpvttxpe6semy4fzarecvme860
-1,0.0,TEMPORAL_STRUCTURE_PCA3,ckb1qzda0cr08m85hc8jlnfp3zer7xulejywt49kt2rr0vthywaa50xwsqwsaytgethft2tx90hfcvmpazn02dmhyacz9xtxp
0,1.0,TEMPORAL_STRUCTURE_PCA3,ckb1qzda0cr08m85hc8jlnfp3zer7xulejywt49kt2rr0vthywaa50xwsqwxdvqk5f5k404wykzsfuu4cjvh4n96zrq9yl6w6
0,0.8403713490977415,TEMPORAL_STRUCTURE_PCA3,ckb1qzdcr9un5ezx8tkh03s46m9jymh22jruelq8svzr5krj2nx69dhjvqgj99jj9hhu3m95gpncj0zqtt8trplsj44sqqe5d89y
0,0.6017677940440963,TEMPORAL_STRUCTURE_PCA3,ckb1qzdcr9un5ezx8tkh03s46m9jymh22jruelq8svzr5krj2nx69dhjvqgjn6kfkeu23q74kndpaxw42z77vgat6v86qq6z03rf
-1,0.0,TEMPORAL_STRUCTURE_PCA3,ckb1qzfhdsa4syv599s2s3nfrctwga70g0tu07n9gpnun9ydlngf5vsnwqg90xpp8x5pye38hetcd6kdgl899qk2arfgq4ucyyu6synxy7l90ph2e4ruu55zet5d9q7s4c2a
-1,0.0,TEMPORAL_STRUCTURE_PCA3,ckb1qzfhdsa4syv599s2s3nfrctwga70g0tu07n9gpnun9ydlngf5vsnwqg966wtv7g5pldu9eds69maqxsd2mf9r0wfqhtfednezs8ahsh9krgh05q6p4tdy5daeylqaayk
0,0.5344698501927302,TEMPORAL_STRUCTURE_PCA3,ckb1qzfhdsa4syv599s2s3nfrctwga70g0tu07n9gpnun9ydlngf5vsnwqg96cy3mxvy66tmahlt4v9ewah9nj9qs329qhtqj8vesntf00klaw4sh9mkukwg5zz9g5zvla9n
-1,0.0,TEMPORAL_STRUCTURE_PCA3,ckb1qzfhdsa4syv599s2s3nfrctwga70g0tu07n9gpnun9ydlngf5vsnwqg9apm7q2y4u92yz5znq8n4tspl5wpm58mfqh580cpgjhs4gs2s2vq7w4wq873c8wsldy7w2h9l
-1,0.0,TEMPORAL_STRUCTURE_PCA3,ckb1qzfhdsa4syv599s2s3nfrctwga70g0tu07n9gpnun9ydlngf5vsnwqg9rhw8jpwu9z3f40kyqvucsjx9dxdvnjucq5wac7g9ms529x47cspnnzzgc45e4jwtnqr08mrg
-1,0.0,CELL_STRUCTURE_SCALED,ckb1qpl0dc3xe2dr299vwe6e7zc42rnsex4pptlcjyglahevnkqq6ft0wqgw8xxul
-1,0.0,CELL_STRUCTURE_SCALED,ckb1qqcratfhhe0whl8n2pyyw9248r9kyw3x7gmkp80jf0ffvagvzgc8sqgdzm4fw
-1,0.0,CELL_STRUCTURE_SCALED,ckb1qqcz6dvc97r9a097mwdfxc8yq5cw6v4dhrsskshmhecdsvf07l8d7q034hj6qjn294z8gdh63kf30m565mcmkphjxtfee9fly023cx3l8v9w3h7z
-1,0.0,CELL_STRUCTURE_SCALED,ckb1qqcz6dvc97r9a097mwdfxc8yq5cw6v4dhrsskshmhecdsvf07l8d7qfg6grazjdwmf9uzf8deshhr9wsn85w2l66e8d9g7gpz0gveu28zv6pk3z4
-1,0.0,CELL_STRUCTURE_SCALED,ckb1qqunmue4ncels5qse4j6839yy68h9k27c6cyj7q6j9kxsze3a2dgsqdc96g88lhq0ww27cjlp0j960kqvxlzyyhww4pyhk5ztgzaem7q5s6rs7mt
-1,0.0,CELL_STRUCTURE_SCALED,ckb1qqunmue4ncels5qse4j6839yy68h9k27c6cyj7q6j9kxsze3a2dgsqvcg4qnx88s32fzxpeldkc9daejv92lx2yupu5ahmqkdhwlhm9qksdws8hd
-1,0.0,CELL_STRUCTURE_SCALED,ckb1qr2g8yj3vrjzx2evk20szt5rszmmvykhrn6w0xv3ga4khnmpqu6lvqq3u8mhh
0,1.0,CELL_STRUCTURE_SCALED,ckb1qrgqep8saj8agswr30pls73hra28ry8jlnlc3ejzh3dl2ju7xxpjxqgqq8897n3kut095xgled9dpczz0t7hg7w87un0vrnk
-1,0.0,CELL_STRUCTURE_SCALED,ckb1qrgqep8saj8agswr30pls73hra28ry8jlnlc3ejzh3dl2ju7xxpjxqgqq89qeq8sz02jymcmc8nm5qsfmwyxtvqemvnunp36
-1,0.0,CELL_STRUCTURE_SCALED,ckb1qrgqep8saj8agswr30pls73hra28ry8jlnlc3ejzh3dl2ju7xxpjxqgqq89s0k62mh0xf6hn8cc20wunuarrumudx5nwq9uk
0,1.0,CELL_STRUCTURE_SCALED,ckb1qrgqep8saj8agswr30pls73hra28ry8jlnlc3ejzh3dl2ju7xxpjxqgqq8gauytada8x688zt0makt3pjmdaad6u8uym77ef
0,1.0,CELL_STRUCTURE_SCALED,ckb1qrgqep8saj8agswr30pls73hra28ry8jlnlc3ejzh3dl2ju7xxpjxqgqq8jjta82sj7lcz5ewruppmfrrvtg9nh4vvg5klxg
0,1.0,CELL_STRUCTURE_SCALED,ckb1qrgqep8saj8agswr30pls73hra28ry8jlnlc3ejzh3dl2ju7xxpjxqgqq8kwzq44p8ap4zclfc3vfgw5uxqqnegf0u7t0l86
-1,0.0,CELL_STRUCTURE_SCALED,ckb1qrgqep8saj8agswr30pls73hra28ry8jlnlc3ejzh3dl2ju7xxpjxqgqq8t3pqdfg3rnsqe8vgv93d49evdzkvpxcce0ml7v
0,1.0,CELL_STRUCTURE_SCALED,ckb1qrgqep8saj8agswr30pls73hra28ry8jlnlc3ejzh3dl2ju7xxpjxqgqq92dx9xep8pwxacajpvvlcj4j7tlk9uhng4j74ms
1,0.6452779321364746,CELL_STRUCTURE_SCALED,ckb1qrgqep8saj8agswr30pls73hra28ry8jlnlc3ejzh3dl2ju7xxpjxqgqq94q52uky0frd8sge5jnfwnm89zclmrg35ltra3y
0,1.0,CELL_STRUCTURE_SCALED,ckb1qrgqep8saj8agswr30pls73hra28ry8jlnlc3ejzh3dl2ju7xxpjxqgqq97nlhckh68mupdw9w33xhp4hedejskhxs9ef2y4
0,1.0,CELL_STRUCTURE_SCALED,ckb1qrgqep8saj8agswr30pls73hra28ry8jlnlc3ejzh3dl2ju7xxpjxqgqq9fz7cfu5xla5nd3ay686gm2ajnzh89h8c48k7uz
-1,0.0,CELL_STRUCTURE_SCALED,ckb1qrgqep8saj8agswr30pls73hra28ry8jlnlc3ejzh3dl2ju7xxpjxqgqq9xtegwt8nftvp2sjp83djfqela8e8uxdcxz9a3g
0,1.0,CELL_STRUCTURE_SCALED,ckb1qrgqep8saj8agswr30pls73hra28ry8jlnlc3ejzh3dl2ju7xxpjxqgqqxvxkq3zapxvyv6qktfyhq84puycg59s2q0smpl6
1,0.6452779321364746,CELL_STRUCTURE_SCALED,ckb1qrgqep8saj8agswr30pls73hra28ry8jlnlc3ejzh3dl2ju7xxpjxqgqqy5z928yw33t5enjqglmeq7w23dk99q7qvm3yvlr
0,1.0,CELL_STRUCTURE_SCALED,ckb1qrgqep8saj8agswr30pls73hra28ry8jlnlc3ejzh3dl2ju7xxpjxqgqqydhfg585sfcxu5gpaqs5sme8rn30c5yagaawuq2
-1,0.0,CELL_STRUCTURE_SCALED,ckb1qrgqep8saj8agswr30pls73hra28ry8jlnlc3ejzh3dl2ju7xxpjxqgqqyjw0y2p7ahcysl4qhq97x60svqn29492qpkvy2s
-1,0.0,CELL_STRUCTURE_SCALED,ckb1qrgqep8saj8agswr30pls73hra28ry8jlnlc3ejzh3dl2ju7xxpjxqgqqyknjsdgjmz9a475mzuledqlm82yujj4vu8xllec
0,1.0,CELL_STRUCTURE_SCALED,ckb1qrgqep8saj8agswr30pls73hra28ry8jlnlc3ejzh3dl2ju7xxpjxqgqqym5d4n465eu93tdcz5sycepdkatjahp9uwdcpfy
-1,0.0,CELL_STRUCTURE_SCALED,ckb1qrgqep8saj8agswr30pls73hra28ry8jlnlc3ejzh3dl2ju7xxpjxqgqqymvu6d289ggsyudpamr4g6ayz62gpp34qzy30vs
0,1.0,CELL_STRUCTURE_SCALED,ckb1qrgqep8saj8agswr30pls73hra28ry8jlnlc3ejzh3dl2ju7xxpjxqgqqytevmf523qgwexunz0pf59ysl6dvxvvusuft43p
-1,0.0,CELL_STRUCTURE_SCALED,ckb1qzda0cr08m85hc8jlnfp3zer7xulejywt49kt2rr0vthywaa50xwsq0259kv0x5jez6h0l5qr52k64weapapgyscsnmhn
1,1.0,CELL_STRUCTURE_SCALED,ckb1qzda0cr08m85hc8jlnfp3zer7xulejywt49kt2rr0vthywaa50xwsq02lstf96jmmavf7uln9acpkedt2clz3tqc6chk8
1,0.9196865854365773,CELL_STRUCTURE_SCALED,ckb1qzda0cr08m85hc8jlnfp3zer7xulejywt49kt2rr0vthywaa50xwsq03z3ekhq3qhe4tz8v5kf3z08gxphswumg02rsqc
1,0.9154021474866746,CELL_STRUCTURE_SCALED,ckb1qzda0cr08m85hc8jlnfp3zer7xulejywt49kt2rr0vthywaa50xwsq046dyalzv28h7wt8fqzhhskeedyh6fpugkydwwj
1,1.0,CELL_STRUCTURE_SCALED,ckb1qzda0cr08m85hc8jlnfp3zer7xulejywt49kt2rr0vthywaa50xwsq05uu85tpqrf75arfkskcnwjsaj5f6c05qtmqdm9
1,1.0,CELL_STRUCTURE_SCALED,ckb1qzda0cr08m85hc8jlnfp3zer7xulejywt49kt2rr0vthywaa50xwsq07j9vt4j4pr582tmmhg2r25g09e8lqhzq67lmrn
1,1.0,CELL_STRUCTURE_SCALED,ckb1qzda0cr08m85hc8jlnfp3zer7xulejywt49kt2rr0vthywaa50xwsq08np8nmp86cyutmm8glcmp36udhrkquhgpeccr6
1,1.0,CELL_STRUCTURE_SCALED,ckb1qzda0cr08m85hc8jlnfp3zer7xulejywt49kt2rr0vthywaa50xwsq08nxknd7g5pzwe9mmdcqtqfs5f8ckh8fq34kxj8
1,0.9689218606370135,CELL_STRUCTURE_SCALED,ckb1qzda0cr08m85hc8jlnfp3zer7xulejywt49kt2rr0vthywaa50xwsq0anafacyafq0j2rek0jx5rztanvvw9kcqdtkwna
1,0.8910307419690338,CELL_STRUCTURE_SCALED,ckb1qzda0cr08m85hc8jlnfp3zer7xulejywt49kt2rr0vthywaa50xwsq0c46k06e2fp7rg9aq9yqxwaat763nrpegmdg0qn
1,0.8840921422600472,CELL_STRUCTURE_SCALED,ckb1qzda0cr08m85hc8jlnfp3zer7xulejywt49kt2rr0vthywaa50xwsq0c46rcy6f2qav3ddfgv2540mz6vl7knlc0pl0a0
1,0.7722734978746506,CELL_STRUCTURE_SCALED,ckb1qzda0cr08m85hc8jlnfp3zer7xulejywt49kt2rr0vthywaa50xwsq0cl8tlydpzpp6wzeuzfsm926sp9m0rpqqt2qecr
-1,0.0,CELL_STRUCTURE_SCALED,ckb1qzda0cr08m85hc8jlnfp3zer7xulejywt49kt2rr0vthywaa50xwsq0fuqrqqcykvepusm4st0asqya208yzxcgcgewm5
0,1.0,CELL_STRUCTURE_SCALED,ckb1qzda0cr08m85hc8jlnfp3zer7xulejywt49kt2rr0vthywaa50xwsq0k5jc20yyf62n2879zxymntrhyke0zg9crdzqfz
0,1.0,CELL_STRUCTURE_SCALED,ckb1qzda0cr08m85hc8jlnfp3zer7xulejywt49kt2rr0vthywaa50xwsq0p80per28ltwd4sm2052pjt4z8unckpucj6e5pc
-1,0.0,CELL_STRUCTURE_SCALED,ckb1qzda0cr08m85hc8jlnfp3zer7xulejywt49kt2rr0vthywaa50xwsq0rljzn0julrpp9l3fgmm9r9r4jz8rax7sgvagwh
1,1.0,CELL_STRUCTURE_SCALED,ckb1qzda0cr08m85hc8jlnfp3zer7xulejywt49kt2rr0vthywaa50xwsq0rrr3az2mu0ncjeqj26du5ymfhtq5l0gcv2rv08
-1,0.0,CELL_STRUCTURE_SCALED,ckb1qzda0cr08m85hc8jlnfp3zer7xulejywt49kt2rr0vthywaa50xwsq0sc9f6eqnjfm8tn35nxeqtnm43x6aljdqj45cke
-1,0.0,CELL_STRUCTURE_SCALED,ckb1qzda0cr08m85hc8jlnfp3zer7xulejywt49kt2rr0vthywaa50xwsq0smcdjfuapeu9zuahwrsrtp4qetjgngpg5xr5fq
-1,0.0,CELL_STRUCTURE_SCALED,ckb1qzda0cr08m85hc8jlnfp3zer7xulejywt49kt2rr0vthywaa50xwsq0vqkp4e093a5e6a2t3k08excpc3k74d0qpe0lt0
1,1.0,CELL_STRUCTURE_SCALED,ckb1qzda0cr08m85hc8jlnfp3zer7xulejywt49kt2rr0vthywaa50xwsq0x3yrv8qls62mqeylsvmzp5cqpmvy8quq7autul
-1,0.0,CELL_STRUCTURE_SCALED,ckb1qzda0cr08m85hc8jlnfp3zer7xulejywt49kt2rr0vthywaa50xwsq0xm5pnqls5mls030v7q9l2k5aksglcvjgge7vq8
1,0.8090331687633304,CELL_STRUCTURE_SCALED,ckb1qzda0cr08m85hc8jlnfp3zer7xulejywt49kt2rr0vthywaa50xwsq0y6r5a4py64gccqrd77qvuhr8v3d2xfjcnrz45r
0,1.0,CELL_STRUCTURE_SCALED,ckb1qzda0cr08m85hc8jlnfp3zer7xulejywt49kt2rr0vthywaa50xwsq0z6h6nlju0mcdp0ny0sx77tmu6j2700lqkdeakp
1,0.8090331687633304,CELL_STRUCTURE_SCALED,ckb1qzda0cr08m85hc8jlnfp3zer7xulejywt49kt2rr0vthywaa50xwsq20u0ncxwckqw79c9f9kev5mlckwsmj8psnrz4u4
-1,0.0,CELL_STRUCTURE_SCALED,ckb1qzda0cr08m85hc8jlnfp3zer7xulejywt49kt2rr0vthywaa50xwsq24qy8a3esyfvy8nu68pphmwsn8yaa653c9klmac
1,0.9859164849868999,CELL_STRUCTURE_SCALED,ckb1qzda0cr08m85hc8jlnfp3zer7xulejywt49kt2rr0vthywaa50xwsq258cy8km6ddpzdassg6ksjqjvdr3c0aeqavzlpd
1,0.8021276404186811,CELL_STRUCTURE_SCALED,ckb1qzda0cr08m85hc8jlnfp3zer7xulejywt49kt2rr0vthywaa50xwsq270p8pvg8y2nugwcsq9syredeq5ee5mxq2x87jl
1,0.6491409271611445,CELL_STRUCTURE_SCALED,ckb1qzda0cr08m85hc8jlnfp3zer7xulejywt49kt2rr0vthywaa50xwsq28ps4hf8swzexa6ky8dp2q540tsrvz60qt2wtqk
-1,0.0,CELL_STRUCTURE_SCALED,ckb1qzda0cr08m85hc8jlnfp3zer7xulejywt49kt2rr0vthywaa50xwsq2da0jqygw442724a22vmvse55pez5zw4qtj3mmg
1,0.9196865854365773,CELL_STRUCTURE_SCALED,ckb1qzda0cr08m85hc8jlnfp3zer7xulejywt49kt2rr0vthywaa50xwsq2dn39wdkj33e7v03mx3mg6raqh365hpnqp2nq6r
1,1.0,CELL_STRUCTURE_SCALED,ckb1qzda0cr08m85hc8jlnfp3zer7xulejywt49kt2rr0vthywaa50xwsq2evwcurnqel0euyf4s2pgkut48dgp7fsg3tdhrk
1,0.6548895578680252,CELL_STRUCTURE_SCALED,ckb1qzda0cr08m85hc8jlnfp3zer7xulejywt49kt2rr0vthywaa50xwsq2nku3pd5gl7m6pp0cdx7m9gk2t9pswywqcqwjch
-1,0.0,CELL_STRUCTURE_SCALED,ckb1qzda0cr08m85hc8jlnfp3zer7xulejywt49kt2rr0vthywaa50xwsq2pnp7gglp8clvahem5mpf7wmr0pjk5krgf4lwf2
1,1.0,CELL_STRUCTURE_SCALED,ckb1qzda0cr08m85hc8jlnfp3zer7xulejywt49kt2rr0vthywaa50xwsq2qjj3mqkrdhzuga2qfzf72ma38xhpsaasfj3trw
1,1.0,CELL_STRUCTURE_SCALED,ckb1qzda0cr08m85hc8jlnfp3zer7xulejywt49kt2rr0vthywaa50xwsq2qtfq8zdd9rs86hslwh8j4h8qjk6r3e6s0k50ul
-1,0.0,CELL_STRUCTURE_SCALED,ckb1qzda0cr08m85hc8jlnfp3zer7xulejywt49kt2rr0vthywaa50xwsq2rsu67gzxhacdwpzfyc0gc5q9vgr6aztc6y5n8c
-1,0.0,CELL_STRUCTURE_SCALED,ckb1qzda0cr08m85hc8jlnfp3zer7xulejywt49kt2rr0vthywaa50xwsq2sfv44lf5g89ha2q296zqm8savzcyqxlsulsx6f
1,0.6439419724415174,CELL_STRUCTURE_SCALED,ckb1qzda0cr08m85hc8jlnfp3zer7xulejywt49kt2rr0vthywaa50xwsq2uxysa465m2k0hxh4zefzd2k5j36dly3gxkjc57
1,1.0,CELL_STRUCTURE_SCALED,ckb1qzda0cr08m85hc8jlnfp3zer7xulejywt49kt2rr0vthywaa50xwsq2vr8y8dws0jkz062k8vlpafpu8x9rucvcggdkr4
-1,0.0,CELL_STRUCTURE_SCALED,ckb1qzda0cr08m85hc8jlnfp3zer7xulejywt49kt2rr0vthywaa50xwsq2yg6kr7zvjzw0ts2j7qtkd6jzr2kq3g7sdh3azr
-1,0.0,CELL_STRUCTURE_SCALED,ckb1qzda0cr08m85hc8jlnfp3zer7xulejywt49kt2rr0vthywaa50xwsq2zuyw4u22256gp6v8s6na4p7esyg4h74q68r5ue
-1,0.0,CELL_STRUCTURE_SCALED,ckb1qzda0cr08m85hc8jlnfp3zer7xulejywt49kt2rr0vthywaa50xwsqd280gcprvtlm89nyxuc2ru9e2tqe0aewcks0h7q
-1,0.0,CELL_STRUCTURE_SCALED,ckb1qzda0cr08m85hc8jlnfp3zer7xulejywt49kt2rr0vthywaa50xwsqd3ele94wtw253dum78vpuuy2rcspueckqp9hktf
-1,0.0,CELL_STRUCTURE_SCALED,ckb1qzda0cr08m85hc8jlnfp3zer7xulejywt49kt2rr0vthywaa50xwsqd3w85684vvlhfh93nrvkq6rz6ve7xu0ugjyfg3s
1,0.8910307419690338,CELL_STRUCTURE_SCALED,ckb1qzda0cr08m85hc8jlnfp3zer7xulejywt49kt2rr0vthywaa50xwsqd532x7yagmmqne0jkrwggysarh5kufcjgp5ry3g
1,0.8910307419690338,CELL_STRUCTURE_SCALED,ckb1qzda0cr08m85hc8jlnfp3zer7xulejywt49kt2rr0vthywaa50xwsqd6raz9mkh95xl7tg8ymg7klqz7ns0af5ctkwa53
1,0.6452779321364746,CELL_STRUCTURE_SCALED,ckb1qzda0cr08m85hc8jlnfp3zer7xulejywt49kt2rr0vthywaa50xwsqd9ec9tr57qedasftglxrgq9yl657ym3yqddeg6p
-1,0.0,CELL_STRUCTURE_SCALED,ckb1qzda0cr08m85hc8jlnfp3zer7xulejywt49kt2rr0vthywaa50xwsqda5zj9fpg255n7vz04eqkzlles8z72susenvew6
1,0.7100524755949208,CELL_STRUCTURE_SCALED,ckb1qzda0cr08m85hc8jlnfp3zer7xulejywt49kt2rr0vthywaa50xwsqdak37z6wn6w6aea983ruzrfl8yweej95cfkzyn9
1,0.8183767417829895,CELL_STRUCTURE_SCALED,ckb1qzda0cr08m85hc8jlnfp3zer7xulejywt49kt2rr0vthywaa50xwsqddm8ppq3gz8gz0d9ap6z8nc3r662npn2cuxk9f0
1,0.9196865854365773,CELL_STRUCTURE_SCALED,ckb1qzda0cr08m85hc8jlnfp3zer7xulejywt49kt2rr0vthywaa50xwsqdfpcl42753m0xgau9yefhgfxukx83dwysy7tdl3
0,1.0,CELL_STRUCTURE_SCALED,ckb1qzda0cr08m85hc8jlnfp3zer7xulejywt49kt2rr0vthywaa50xwsqdh26mj0xls204ndg9lsdptdz0zu0jdmycngh5ht
-1,0.0,CELL_STRUCTURE_SCALED,ckb1qzda0cr08m85hc8jlnfp3zer7xulejywt49kt2rr0vthywaa50xwsqdly7vzugjpxpzy4wc8u8dkpt6gmv2kknsw36cs0
1,0.7008413169455813,CELL_STRUCTURE_SCALED,ckb1qzda0cr08m85hc8jlnfp3zer7xulejywt49kt2rr0vthywaa50xwsqdqrmx3gfghxmm3m5dj4vm27j5ke9kvw9qmr8lwp
1,0.9196865854365773,CELL_STRUCTURE_SCALED,ckb1qzda0cr08m85hc8jlnfp3zer7xulejywt49kt2rr0vthywaa50xwsqdtejzc329up3s665cxswczse77neqxr2c6uk0jz
1,0.8903348029256251,CELL_STRUCTURE_SCALED,ckb1qzda0cr08m85hc8jlnfp3zer7xulejywt49kt2rr0vthywaa50xwsqdxzlmuqal6c37hk678qjekya0qjd5m5lq7hhzaq
1,0.8790210388610886,CELL_STRUCTURE_SCALED,ckb1qzda0cr08m85hc8jlnfp3zer7xulejywt49kt2rr0vthywaa50xwsqdxzpng0y93mrnmxq0e73j4yu4d3n3mkuqc5r59u
-1,0.0,CELL_STRUCTURE_SCALED,ckb1qzda0cr08m85hc8jlnfp3zer7xulejywt49kt2rr0vthywaa50xwsqf2pf3uu524tn9umy7g3gchaa6sgamvs4sx454l6
-1,0.0,CELL_STRUCTURE_SCALED,ckb1qzda0cr08m85hc8jlnfp3zer7xulejywt49kt2rr0vthywaa50xwsqf4s8sxvjqhp8qpxyqj03kwmry2a43kggq7um8ef
-1,0.0,CELL_STRUCTURE_SCALED,ckb1qzda0cr08m85hc8jlnfp3zer7xulejywt49kt2rr0vthywaa50xwsqf6qtawqcsf9ga3yuhh8gfhxuyah7rvtlgzn95vl
-1,0.0,CELL_STRUCTURE_SCALED,ckb1qzda0cr08m85hc8jlnfp3zer7xulejywt49kt2rr0vthywaa50xwsqfc5kszzn9mc2zycl58v8jjrk9zhmr97cg3ndvfs
-1,0.0,CELL_STRUCTURE_SCALED,ckb1qzda0cr08m85hc8jlnfp3zer7xulejywt49kt2rr0vthywaa50xwsqfewq5cphjmj7j53dgvs9ekquz7wp0eadggz3t4x
-1,0.0,CELL_STRUCTURE_SCALED,ckb1qzda0cr08m85hc8jlnfp3zer7xulejywt49kt2rr0vthywaa50xwsqff60m3g73j280arxmzwp6anr9g04xmmast74txw
1,1.0,CELL_STRUCTURE_SCALED,ckb1qzda0cr08m85hc8jlnfp3zer7xulejywt49kt2rr0vthywaa50xwsqfj8ejt4qckvuzrtezy9nvcv7le9ur8cuqy7s5x8
1,0.7574601062494198,CELL_STRUCTURE_SCALED,ckb1qzda0cr08m85hc8jlnfp3zer7xulejywt49kt2rr0vthywaa50xwsqfjhl5nx82y5z2xdhwqhg34vkzta6gttgc05sfu2
-1,0.0,CELL_STRUCTURE_SCALED,ckb1qzda0cr08m85hc8jlnfp3zer7xulejywt49kt2rr0vthywaa50xwsqfkjglwnv0p5h4wujzvz65rekwxmx2d0zsn7yllu
1,1.0,CELL_STRUCTURE_SCALED,ckb1qzda0cr08m85hc8jlnfp3zer7xulejywt49kt2rr0vthywaa50xwsqfqr2l6rqllmnhtpzptgq9fnagsykcffxcpqmjuu
1,0.668545809517982,CELL_STRUCTURE_SCALED,ckb1qzda0cr08m85hc8jlnfp3zer7xulejywt49kt2rr0vthywaa50xwsqfrmvt598cnr70mhtyt9afjg9yju7s0n6gw0e8d4
-1,0.0,CELL_STRUCTURE_SCALED,ckb1qzda0cr08m85hc8jlnfp3zer7xulejywt49kt2rr0vthywaa50xwsqfs6c4chhw5kwthmq0jzqyxwmr9fpr5a4qr8l2yd
0,0.9068793285095013,CELL_STRUCTURE_SCALED,ckb1qzda0cr08m85hc8jlnfp3zer7xulejywt49kt2rr0vthywaa50xwsqft980n0alva2vjmkca85wujt5vhtwgzpgqczv9a
1,1.0,CELL_STRUCTURE_SCALED,ckb1qzda0cr08m85hc8jlnfp3zer7xulejywt49kt2rr0vthywaa50xwsqfvfcxm03q9xmn3fy68s9rxp0y5lfqfvjgmmtw0p
-1,0.0,CELL_STRUCTURE_SCALED,ckb1qzda0cr08m85hc8jlnfp3zer7xulejywt49kt2rr0vthywaa50xwsqfx7c8l89wcf42vxgajjke9zdt7myeqrdqj6mqm6
1,0.8425228822882,CELL_STRUCTURE_SCALED,ckb1qzda0cr08m85hc8jlnfp3zer7xulejywt49kt2rr0vthywaa50xwsqfxgd9zxl6czs4s3kzr55letennz2l3yjqpt8r79
1,0.9196865854365773,CELL_STRUCTURE_SCALED,ckb1qzda0cr08m85hc8jlnfp3zer7xulejywt49kt2rr0vthywaa50xwsqg3xv33uywn6sjyvmnzckatkpke54mlx8srepf4g
1,0.8848366675625786,CELL_STRUCTURE_SCALED,ckb1qzda0cr08m85hc8jlnfp3zer7xulejywt49kt2rr0vthywaa50xwsqg4cz7lvtz6anfw0uxkrxu8d0gxcfuww2gp702wk
1,0.8910307419690338,CELL_STRUCTURE_SCALED,ckb1qzda0cr08m85hc8jlnfp3zer7xulejywt49kt2rr0vthywaa50xwsqg4yg2m9jpx5efeu4q0vrp643gjmad37nqrk9glt
1,1.0,CELL_STRUCTURE_SCALED,ckb1qzda0cr08m85hc8jlnfp3zer7xulejywt49kt2rr0vthywaa50xwsqg6agcch2m7k8lsh00nv05ztfmz0euvqkcfpz7ec
1,1.0,CELL_STRUCTURE_SCALED,ckb1qzda0cr08m85hc8jlnfp3zer7xulejywt49kt2rr0vthywaa50xwsqg6j932zy4ztkzmtpye2uhzsju5npw795s89dznx
1,0.6452779321364746,CELL_STRUCTURE_SCALED,ckb1qzda0cr08m85hc8jlnfp3zer7xulejywt49kt2rr0vthywaa50xwsqg709r8jqauttpmkjv2x2jg3mtdwvqk7acc26w2j
0,1.0,CELL_STRUCTURE_SCALED,ckb1qzda0cr08m85hc8jlnfp3zer7xulejywt49kt2rr0vthywaa50xwsqg9q2e95dadfctdfsuq5e5na0nwh58v4jc6rkddw
1,0.9196865854365773,CELL_STRUCTURE_SCALED,ckb1qzda0cr08m85hc8jlnfp3zer7xulejywt49kt2rr0vthywaa50xwsqggs86408ja7nsgdh0lz0cxafua6u0pq5cmvsxuu
-1,0.0,CELL_STRUCTURE_SCALED,ckb1qzda0cr08m85hc8jlnfp3zer7xulejywt49kt2rr0vthywaa50xwsqgjr2xdh0zyc53jxpwsvwxq5x8y05rmytcewmqcv
1,0.8854340339279204,CELL_STRUCTURE_SCALED,ckb1qzda0cr08m85hc8jlnfp3zer7xulejywt49kt2rr0vthywaa50xwsqgjuhrq84l5nk7ylhlcqpsa3yg974735rgy30uch
0,0.9916765164093142,CELL_STRUCTURE_SCALED,ckb1qzda0cr08m85hc8jlnfp3zer7xulejywt49kt2rr0vthywaa50xwsqgk9kfuz7fchth20ksf8d2x3eqph9le6cqhenpf3
-1,0.0,CELL_STRUCTURE_SCALED,ckb1qzda0cr08m85hc8jlnfp3zer7xulejywt49kt2rr0vthywaa50xwsqgkfv8pzr5d26zcapqrd58ksc65w0qv8qqqp6xtc
1,1.0,CELL_STRUCTURE_SCALED,ckb1qzda0cr08m85hc8jlnfp3zer7xulejywt49kt2rr0vthywaa50xwsqgnhsvcls3zfj0jggg74nej0hxwmtzjjvcu09935
1,0.788729643232026,CELL_STRUCTURE_SCALED,ckb1qzda0cr08m85hc8jlnfp3zer7xulejywt49kt2rr0vthywaa50xwsqgq74prpeqz7rlncvqz0j2gn4jxsg75ztggj7v7a
-1,0.0,CELL_STRUCTURE_SCALED,ckb1qzda0cr08m85hc8jlnfp3zer7xulejywt49kt2rr0vthywaa50xwsqgulzg2h44865y9svyw7s5390npefh3x9qrr8hc9
1,0.6556369233927842,CELL_STRUCTURE_SCALED,ckb1qzda0cr08m85hc8jlnfp3zer7xulejywt49kt2rr0vthywaa50xwsqgvmsa3c3ecl7edwqjvezvjcrwqs3ypy0gdesfvg
-1,0.0,CELL_STRUCTURE_SCALED,ckb1qzda0cr08m85hc8jlnfp3zer7xulejywt49kt2rr0vthywaa50xwsqgw7a8wtdmg4er900svtg4vqn27upcpq4cnd4g7v
-1,0.0,CELL_STRUCTURE_SCALED,ckb1qzda0cr08m85hc8jlnfp3zer7xulejywt49kt2rr0vthywaa50xwsqgxe3ru50ecjjruz4tymv759ztsdff7lxq74umg9
-1,0.0,CELL_STRUCTURE_SCALED,ckb1qzda0cr08m85hc8jlnfp3zer7xulejywt49kt2rr0vthywaa50xwsqgygj0n7vv7vk6ejt4d23yp87v5fe5352sv3hvfw
-1,0.0,CELL_STRUCTURE_SCALED,ckb1qzda0cr08m85hc8jlnfp3zer7xulejywt49kt2rr0vthywaa50xwsqgzgak4nyyfjzlcnx6lel86kkl9wmn8cmqg5mv52
-1,0.0,CELL_STRUCTURE_SCALED,ckb1qzda0cr08m85hc8jlnfp3zer7xulejywt49kt2rr0vthywaa50xwsqgzku5d6wp53s4ukledn8j8u3t9vjxt7ys9uu00a
1,0.8403176291056199,CELL_STRUCTURE_SCALED,ckb1qzda0cr08m85hc8jlnfp3zer7xulejywt49kt2rr0vthywaa50xwsqgzw9vj0prshmp4pm5jr0t8m4vwf353syqvqfm08
-1,0.0,CELL_STRUCTURE_SCALED,ckb1qzda0cr08m85hc8jlnfp3zer7xulejywt49kt2rr0vthywaa50xwsqt2e7jpk20nyyyuwdqmvqk427ql2593nugpqd4pp
1,0.7262306669679864,CELL_STRUCTURE_SCALED,ckb1qzda0cr08m85hc8jlnfp3zer7xulejywt49kt2rr0vthywaa50xwsqt2gnkqzr9sm0q9syuahhy9mgu9hx3r5pg74y4jz
1,0.9196865854365773,CELL_STRUCTURE_SCALED,ckb1qzda0cr08m85hc8jlnfp3zer7xulejywt49kt2rr0vthywaa50xwsqt44ntk8mswsuzjtd7e5d4nm5q3akq8ppsvm3kqy
-1,0.0,CELL_STRUCTURE_SCALED,ckb1qzda0cr08m85hc8jlnfp3zer7xulejywt49kt2rr0vthywaa50xwsqt5ctdrmqm0ay6yk8h9nxh7uy0xu7tm8zs8tvu99
1,0.7399195089272019,CELL_STRUCTURE_SCALED,ckb1qzda0cr08m85hc8jlnfp3zer7xulejywt49kt2rr0vthywaa50xwsqt8ypvjjfwqn6eneekj0ykwyzrr2jnhxfq8t88cr
1,1.0,CELL_STRUCTURE_SCALED,ckb1qzda0cr08m85hc8jlnfp3zer7xulejywt49kt2rr0vthywaa50xwsqtc39e2l04ha5t5fzvupspn49lftrglr8gw99j4e
1,0.6452779321364746,CELL_STRUCTURE_SCALED,ckb1qzda0cr08m85hc8jlnfp3zer7xulejywt49kt2rr0vthywaa50xwsqtcj3ytn3vr7ux8twl2esdzhwqklqm5a9qjff8zs
-1,0.0,CELL_STRUCTURE_SCALED,ckb1qzda0cr08m85hc8jlnfp3zer7xulejywt49kt2rr0vthywaa50xwsqtcz03jau3958a7esc84ygpk8vj8ad0njcym245u
-1,0.0,CELL_STRUCTURE_SCALED,ckb1qzda0cr08m85hc8jlnfp3zer7xulejywt49kt2rr0vthywaa50xwsqtdjy59w688e9h3e6spw0ypv7k69nl2h6q3sma2z
1,0.7332377053283128,CELL_STRUCTURE_SCALED,ckb1qzda0cr08m85hc8jlnfp3zer7xulejywt49kt2rr0vthywaa50xwsqteuhr80vfws6en6ju03huzvp3xh9z0juqelhgxu
-1,0.0,CELL_STRUCTURE_SCALED,ckb1qzda0cr08m85hc8jlnfp3zer7xulejywt49kt2rr0vthywaa50xwsqtfs070fqhspjhhzf0l5d2hrpd5hjvzmkgh8p6j2
0,1.0,CELL_STRUCTURE_SCALED,ckb1qzda0cr08m85hc8jlnfp3zer7xulejywt49kt2rr0vthywaa50xwsqtlpgc29k57ufndd7gpm2jjvpwc2hqygjgtf54lg
1,0.9196865854365773,CELL_STRUCTURE_SCALED,ckb1qzda0cr08m85hc8jlnfp3zer7xulejywt49kt2rr0vthywaa50xwsqtr5klxrl240p2jsldlwhd6w3dv7fjj59cp6nkwy
1,0.9196865854365773,CELL_STRUCTURE_SCALED,ckb1qzda0cr08m85hc8jlnfp3zer7xulejywt49kt2rr0vthywaa50xwsqtyedgf3hcmvghz4cmstp7pu7u76x93apgp9rzws
1,1.0,CELL_STRUCTURE_SCALED,ckb1qzda0cr08m85hc8jlnfp3zer7xulejywt49kt2rr0vthywaa50xwsqv2mxk8gk0kdcqrjee7fdyy4dzjs3c8etq9dlarq
-1,0.0,CELL_STRUCTURE_SCALED,ckb1qzda0cr08m85hc8jlnfp3zer7xulejywt49kt2rr0vthywaa50xwsqv3zjwlrxn8vk53c4d9a8ksecf9rj86mfsv8t4pc
1,0.9402097827047404,CELL_STRUCTURE_SCALED,ckb1qzda0cr08m85hc8jlnfp3zer7xulejywt49kt2rr0vthywaa50xwsqv52twl330j4d2n858snefzewnuwchku7ql2qas8
-1,0.0,CELL_STRUCTURE_SCALED,ckb1qzda0cr08m85hc8jlnfp3zer7xulejywt49kt2rr0vthywaa50xwsqv5uwm78vrgdrfmd056xn32q9junu3rg2c2we24p
1,0.7271611651411721,CELL_STRUCTURE_SCALED,ckb1qzda0cr08m85hc8jlnfp3zer7xulejywt49kt2rr0vthywaa50xwsqv7ayqjm88s60nm3gf56q55y578uw2weqgfx02sw
-1,0.0,CELL_STRUCTURE_SCALED,ckb1qzda0cr08m85hc8jlnfp3zer7xulejywt49kt2rr0vthywaa50xwsqvknttjvpk89lj2c9ykxvethuaft52j3fs9df6l3
1,0.9196865854365773,CELL_STRUCTURE_SCALED,ckb1qzda0cr08m85hc8jlnfp3zer7xulejywt49kt2rr0vthywaa50xwsqvkt2ql6y7gdn7dsh0txtwkluf8n57tadgdmaj8h
1,1.0,CELL_STRUCTURE_SCALED,ckb1qzda0cr08m85hc8jlnfp3zer7xulejywt49kt2rr0vthywaa50xwsqvtfx52pmwvmnlxc89ahpga6w6rk8r69xgmnsu28
1,0.8910307419690338,CELL_STRUCTURE_SCALED,ckb1qzda0cr08m85hc8jlnfp3zer7xulejywt49kt2rr0vthywaa50xwsqvva6zmstttmwvat2uw3k057rgnv5t3hts4vk7tv
1,0.9196865854365773,CELL_STRUCTURE_SCALED,ckb1qzda0cr08m85hc8jlnfp3zer7xulejywt49kt2rr0vthywaa50xwsqvxfn4dw95uwpq972rjvvkzc44c0hxltkghsrja0
1,0.7228860609378241,CELL_STRUCTURE_SCALED,ckb1qzda0cr08m85hc8jlnfp3zer7xulejywt49kt2rr0vthywaa50xwsqvzfcj3jtlhzyuu4s5frtv9d3r7mexqhnclvhwkr
1,0.7069540535941826,CELL_STRUCTURE_SCALED,ckb1qzda0cr08m85hc8jlnfp3zer7xulejywt49kt2rr0vthywaa50xwsqw0dr0ghl76nf5xkw6lx0lxm032kw2jwwq6lnmhx
1,1.0,CELL_STRUCTURE_SCALED,ckb1qzda0cr08m85hc8jlnfp3zer7xulejywt49kt2rr0vthywaa50xwsqw2qmgk7tphggddk6mavjxzxhlaguum7ds7c7t8q
1,0.8910307419690338,CELL_STRUCTURE_SCALED,ckb1qzda0cr08m85hc8jlnfp3zer7xulejywt49kt2rr0vthywaa50xwsqw4klymd5zxdtersxfu8wafdq803fudg7qpp9dz7
1,1.0,CELL_STRUCTURE_SCALED,ckb1qzda0cr08m85hc8jlnfp3zer7xulejywt49kt2rr0vthywaa50xwsqw4xpk4t3688duglxp0xvupwfj9u4y20rc5xvtlj
-1,0.0,CELL_STRUCTURE_SCALED,ckb1qzda0cr08m85hc8jlnfp3zer7xulejywt49kt2rr0vthywaa50xwsqw6hjwylgj9pw0ae8pw0ctke60jpqw6f6slep8r3
1,0.6871805647554711,CELL_STRUCTURE_SCALED,ckb1qzda0cr08m85hc8jlnfp3zer7xulejywt49kt2rr0vthywaa50xwsqw973g6gzfxn2yh804xl67mpf888tlagkqzh4v47
-1,0.0,CELL_STRUCTURE_SCALED,ckb1qzda0cr08m85hc8jlnfp3zer7xulejywt49kt2rr0vthywaa50xwsqw9t5zng6xx58m2nha3lw65da4tsdntkqcxt2q9p
1,0.9196865854365773,CELL_STRUCTURE_SCALED,ckb1qzda0cr08m85hc8jlnfp3zer7xulejywt49kt2rr0vthywaa50xwsqwda7qe8d78vuwpx20spzsuvtj92eulcagjenqnt
-1,0.0,CELL_STRUCTURE_SCALED,ckb1qzda0cr08m85hc8jlnfp3zer7xulejywt49kt2rr0vthywaa50xwsqwdr5q4rwruykhehd8hn6gxh892wtmdprcw3h3ce
1,1.0,CELL_STRUCTURE_SCALED,ckb1qzda0cr08m85hc8jlnfp3zer7xulejywt49kt2rr0vthywaa50xwsqwjhry2dvdzmftxqrsrwf04mjw3ah8hhjqh9zh7y
-1,0.0,CELL_STRUCTURE_SCALED,ckb1qzda0cr08m85hc8jlnfp3zer7xulejywt49kt2rr0vthywaa50xwsqwlkxpk8rnrzz2nhuswk2kzvempzsz2zjgwxnwny
1,0.9171039633193737,CELL_STRUCTURE_SCALED,ckb1qzda0cr08m85hc8jlnfp3zer7xulejywt49kt2rr0vthywaa50xwsqwnla5w93964qlqcwaaeessdsk4h5pzkfs2f0ehn
1,0.9689218606370135,CELL_STRUCTURE_SCALED,ckb1qzda0cr08m85hc8jlnfp3zer7xulejywt49kt2rr0vthywaa50xwsqwpyugm7a4wtc5tphl0lwzjhcf9fu2l0ksdaezkc
1,0.8910307419690338,CELL_STRUCTURE_SCALED,ckb1qzda0cr08m85hc8jlnfp3zer7xulejywt49kt2rr0vthywaa50xwsqwq5jlc6p7y2g7c59emwef66z5dc02m36sq3vsmj
-1,0.0,CELL_STRUCTURE_SCALED,ckb1qzda0cr08m85hc8jlnfp3zer7xulejywt49kt2rr0vthywaa50xwsqwrn48zffgqgctt2netwvhcdn3pnznxceg9lhd3j
1,0.8696982711976118,CELL_STRUCTURE_SCALED,ckb1qzda0cr08m85hc8jlnfp3zer7xulejywt49kt2rr0vthywaa50xwsqwsaytgethft2tx90hfcvmpazn02dmhyacz9xtxp
1,0.913057917742905,CELL_STRUCTURE_SCALED,ckb1qzda0cr08m85hc8jlnfp3zer7xulejywt49kt2rr0vthywaa50xwsqwxdvqk5f5k404wykzsfuu4cjvh4n96zrq9yl6w6
-1,0.0,CELL_STRUCTURE_SCALED,ckb1qzda0cr08m85hc8jlnfp3zer7xulejywt49kt2rr0vthywaa50xwsqwzcjq4mzexlu6h5mrpldplwt6ht8w7ujcfjltsn
-1,0.0,CELL_STRUCTURE_SCALED,ckb1qzdcr9un5ezx8tkh03s46m9jymh22jruelq8svzr5krj2nx69dhjvqgj99jj9hhu3m95gpncj0zqtt8trplsj44sqqe5d89y
1,0.6347789897354873,CELL_STRUCTURE_SCALED,ckb1qzdcr9un5ezx8tkh03s46m9jymh22jruelq8svzr5krj2nx69dhjvqgjn6kfkeu23q74kndpaxw42z77vgat6v86qq6z03rf
-1,0.0,CELL_STRUCTURE_SCALED,ckb1qzfhdsa4syv599s2s3nfrctwga70g0tu07n9gpnun9ydlngf5vsnwqg92falqnnya92lpxwtsy25nuns2hsundmxq4f8huzwvn54tuyeewq32j0jwp27rjdhvcdctkl6
-1,0.0,CELL_STRUCTURE_SCALED,ckb1qzfhdsa4syv599s2s3nfrctwga70g0tu07n9gpnun9ydlngf5vsnwqg95gqrcgaw8zpgwmw3frreclfrtsg776gfqk3qq0pr4cug9pmd69yv08raydwprmmfpyn90q6w
-1,0.0,CELL_STRUCTURE_SCALED,ckb1qzfhdsa4syv599s2s3nfrctwga70g0tu07n9gpnun9ydlngf5vsnwqg96cy3mxvy66tmahlt4v9ewah9nj9qs329qhtqj8vesntf00klaw4sh9mkukwg5zz9g5zvla9n
1,0.637183160191212,CELL_STRUCTURE_SCALED,ckb1qzfhdsa4syv599s2s3nfrctwga70g0tu07n9gpnun9ydlngf5vsnwqg9apm7q2y4u92yz5znq8n4tspl5wpm58mfqh580cpgjhs4gs2s2vq7w4wq873c8wsldy7w2h9l
-1,0.0,CELL_STRUCTURE_PCA7,ckb1qpl0dc3xe2dr299vwe6e7zc42rnsex4pptlcjyglahevnkqq6ft0wqgw8xxul
-1,0.0,CELL_STRUCTURE_PCA7,ckb1qqcratfhhe0whl8n2pyyw9248r9kyw3x7gmkp80jf0ffvagvzgc8sqgdzm4fw
-1,0.0,CELL_STRUCTURE_PCA7,ckb1qqcz6dvc97r9a097mwdfxc8yq5cw6v4dhrsskshmhecdsvf07l8d7q034hj6qjn294z8gdh63kf30m565mcmkphjxtfee9fly023cx3l8v9w3h7z
-1,0.0,CELL_STRUCTURE_PCA7,ckb1qqcz6dvc97r9a097mwdfxc8yq5cw6v4dhrsskshmhecdsvf07l8d7qfg6grazjdwmf9uzf8deshhr9wsn85w2l66e8d9g7gpz0gveu28zv6pk3z4
-1,0.0,CELL_STRUCTURE_PCA7,ckb1qqunmue4ncels5qse4j6839yy68h9k27c6cyj7q6j9kxsze3a2dgsqdc96g88lhq0ww27cjlp0j960kqvxlzyyhww4pyhk5ztgzaem7q5s6rs7mt
-1,0.0,CELL_STRUCTURE_PCA7,ckb1qqunmue4ncels5qse4j6839yy68h9k27c6cyj7q6j9kxsze3a2dgsqvcg4qnx88s32fzxpeldkc9daejv92lx2yupu5ahmqkdhwlhm9qksdws8hd
-1,0.0,CELL_STRUCTURE_PCA7,ckb1qr2g8yj3vrjzx2evk20szt5rszmmvykhrn6w0xv3ga4khnmpqu6lvqq3u8mhh
-1,0.0,CELL_STRUCTURE_PCA7,ckb1qrgqep8saj8agswr30pls73hra28ry8jlnlc3ejzh3dl2ju7xxpjxqgqq8897n3kut095xgled9dpczz0t7hg7w87un0vrnk
-1,0.0,CELL_STRUCTURE_PCA7,ckb1qrgqep8saj8agswr30pls73hra28ry8jlnlc3ejzh3dl2ju7xxpjxqgqq89qeq8sz02jymcmc8nm5qsfmwyxtvqemvnunp36
-1,0.0,CELL_STRUCTURE_PCA7,ckb1qrgqep8saj8agswr30pls73hra28ry8jlnlc3ejzh3dl2ju7xxpjxqgqq89s0k62mh0xf6hn8cc20wunuarrumudx5nwq9uk
-1,0.0,CELL_STRUCTURE_PCA7,ckb1qrgqep8saj8agswr30pls73hra28ry8jlnlc3ejzh3dl2ju7xxpjxqgqq8gauytada8x688zt0makt3pjmdaad6u8uym77ef
-1,0.0,CELL_STRUCTURE_PCA7,ckb1qrgqep8saj8agswr30pls73hra28ry8jlnlc3ejzh3dl2ju7xxpjxqgqq8jjta82sj7lcz5ewruppmfrrvtg9nh4vvg5klxg
-1,0.0,CELL_STRUCTURE_PCA7,ckb1qrgqep8saj8agswr30pls73hra28ry8jlnlc3ejzh3dl2ju7xxpjxqgqq8kwzq44p8ap4zclfc3vfgw5uxqqnegf0u7t0l86
-1,0.0,CELL_STRUCTURE_PCA7,ckb1qrgqep8saj8agswr30pls73hra28ry8jlnlc3ejzh3dl2ju7xxpjxqgqq8t3pqdfg3rnsqe8vgv93d49evdzkvpxcce0ml7v
-1,0.0,CELL_STRUCTURE_PCA7,ckb1qrgqep8saj8agswr30pls73hra28ry8jlnlc3ejzh3dl2ju7xxpjxqgqq92dx9xep8pwxacajpvvlcj4j7tlk9uhng4j74ms
-1,0.0,CELL_STRUCTURE_PCA7,ckb1qrgqep8saj8agswr30pls73hra28ry8jlnlc3ejzh3dl2ju7xxpjxqgqq94q52uky0frd8sge5jnfwnm89zclmrg35ltra3y
-1,0.0,CELL_STRUCTURE_PCA7,ckb1qrgqep8saj8agswr30pls73hra28ry8jlnlc3ejzh3dl2ju7xxpjxqgqq97nlhckh68mupdw9w33xhp4hedejskhxs9ef2y4
-1,0.0,CELL_STRUCTURE_PCA7,ckb1qrgqep8saj8agswr30pls73hra28ry8jlnlc3ejzh3dl2ju7xxpjxqgqq9fz7cfu5xla5nd3ay686gm2ajnzh89h8c48k7uz
-1,0.0,CELL_STRUCTURE_PCA7,ckb1qrgqep8saj8agswr30pls73hra28ry8jlnlc3ejzh3dl2ju7xxpjxqgqq9xtegwt8nftvp2sjp83djfqela8e8uxdcxz9a3g
-1,0.0,CELL_STRUCTURE_PCA7,ckb1qrgqep8saj8agswr30pls73hra28ry8jlnlc3ejzh3dl2ju7xxpjxqgqqxvxkq3zapxvyv6qktfyhq84puycg59s2q0smpl6
-1,0.0,CELL_STRUCTURE_PCA7,ckb1qrgqep8saj8agswr30pls73hra28ry8jlnlc3ejzh3dl2ju7xxpjxqgqqy5z928yw33t5enjqglmeq7w23dk99q7qvm3yvlr
-1,0.0,CELL_STRUCTURE_PCA7,ckb1qrgqep8saj8agswr30pls73hra28ry8jlnlc3ejzh3dl2ju7xxpjxqgqqydhfg585sfcxu5gpaqs5sme8rn30c5yagaawuq2
-1,0.0,CELL_STRUCTURE_PCA7,ckb1qrgqep8saj8agswr30pls73hra28ry8jlnlc3ejzh3dl2ju7xxpjxqgqqyjw0y2p7ahcysl4qhq97x60svqn29492qpkvy2s
-1,0.0,CELL_STRUCTURE_PCA7,ckb1qrgqep8saj8agswr30pls73hra28ry8jlnlc3ejzh3dl2ju7xxpjxqgqqyknjsdgjmz9a475mzuledqlm82yujj4vu8xllec
-1,0.0,CELL_STRUCTURE_PCA7,ckb1qrgqep8saj8agswr30pls73hra28ry8jlnlc3ejzh3dl2ju7xxpjxqgqqym5d4n465eu93tdcz5sycepdkatjahp9uwdcpfy
-1,0.0,CELL_STRUCTURE_PCA7,ckb1qrgqep8saj8agswr30pls73hra28ry8jlnlc3ejzh3dl2ju7xxpjxqgqqymvu6d289ggsyudpamr4g6ayz62gpp34qzy30vs
-1,0.0,CELL_STRUCTURE_PCA7,ckb1qrgqep8saj8agswr30pls73hra28ry8jlnlc3ejzh3dl2ju7xxpjxqgqqytevmf523qgwexunz0pf59ysl6dvxvvusuft43p
-1,0.0,CELL_STRUCTURE_PCA7,ckb1qzda0cr08m85hc8jlnfp3zer7xulejywt49kt2rr0vthywaa50xwsq0259kv0x5jez6h0l5qr52k64weapapgyscsnmhn
0,1.0,CELL_STRUCTURE_PCA7,ckb1qzda0cr08m85hc8jlnfp3zer7xulejywt49kt2rr0vthywaa50xwsq02lstf96jmmavf7uln9acpkedt2clz3tqc6chk8
1,1.0,CELL_STRUCTURE_PCA7,ckb1qzda0cr08m85hc8jlnfp3zer7xulejywt49kt2rr0vthywaa50xwsq03z3ekhq3qhe4tz8v5kf3z08gxphswumg02rsqc
1,1.0,CELL_STRUCTURE_PCA7,ckb1qzda0cr08m85hc8jlnfp3zer7xulejywt49kt2rr0vthywaa50xwsq046dyalzv28h7wt8fqzhhskeedyh6fpugkydwwj
0,1.0,CELL_STRUCTURE_PCA7,ckb1qzda0cr08m85hc8jlnfp3zer7xulejywt49kt2rr0vthywaa50xwsq05uu85tpqrf75arfkskcnwjsaj5f6c05qtmqdm9
0,1.0,CELL_STRUCTURE_PCA7,ckb1qzda0cr08m85hc8jlnfp3zer7xulejywt49kt2rr0vthywaa50xwsq07j9vt4j4pr582tmmhg2r25g09e8lqhzq67lmrn
0,0.9727369465890185,CELL_STRUCTURE_PCA7,ckb1qzda0cr08m85hc8jlnfp3zer7xulejywt49kt2rr0vthywaa50xwsq08np8nmp86cyutmm8glcmp36udhrkquhgpeccr6
0,1.0,CELL_STRUCTURE_PCA7,ckb1qzda0cr08m85hc8jlnfp3zer7xulejywt49kt2rr0vthywaa50xwsq08nxknd7g5pzwe9mmdcqtqfs5f8ckh8fq34kxj8
-1,0.0,CELL_STRUCTURE_PCA7,ckb1qzda0cr08m85hc8jlnfp3zer7xulejywt49kt2rr0vthywaa50xwsq0anafacyafq0j2rek0jx5rztanvvw9kcqdtkwna
-1,0.0,CELL_STRUCTURE_PCA7,ckb1qzda0cr08m85hc8jlnfp3zer7xulejywt49kt2rr0vthywaa50xwsq0c46k06e2fp7rg9aq9yqxwaat763nrpegmdg0qn
1,1.0,CELL_STRUCTURE_PCA7,ckb1qzda0cr08m85hc8jlnfp3zer7xulejywt49kt2rr0vthywaa50xwsq0c46rcy6f2qav3ddfgv2540mz6vl7knlc0pl0a0
-1,0.0,CELL_STRUCTURE_PCA7,ckb1qzda0cr08m85hc8jlnfp3zer7xulejywt49kt2rr0vthywaa50xwsq0cl8tlydpzpp6wzeuzfsm926sp9m0rpqqt2qecr
-1,0.0,CELL_STRUCTURE_PCA7,ckb1qzda0cr08m85hc8jlnfp3zer7xulejywt49kt2rr0vthywaa50xwsq0fuqrqqcykvepusm4st0asqya208yzxcgcgewm5
-1,0.0,CELL_STRUCTURE_PCA7,ckb1qzda0cr08m85hc8jlnfp3zer7xulejywt49kt2rr0vthywaa50xwsq0k5jc20yyf62n2879zxymntrhyke0zg9crdzqfz
-1,0.0,CELL_STRUCTURE_PCA7,ckb1qzda0cr08m85hc8jlnfp3zer7xulejywt49kt2rr0vthywaa50xwsq0p80per28ltwd4sm2052pjt4z8unckpucj6e5pc
-1,0.0,CELL_STRUCTURE_PCA7,ckb1qzda0cr08m85hc8jlnfp3zer7xulejywt49kt2rr0vthywaa50xwsq0rljzn0julrpp9l3fgmm9r9r4jz8rax7sgvagwh
0,1.0,CELL_STRUCTURE_PCA7,ckb1qzda0cr08m85hc8jlnfp3zer7xulejywt49kt2rr0vthywaa50xwsq0rrr3az2mu0ncjeqj26du5ymfhtq5l0gcv2rv08
-1,0.0,CELL_STRUCTURE_PCA7,ckb1qzda0cr08m85hc8jlnfp3zer7xulejywt49kt2rr0vthywaa50xwsq0sc9f6eqnjfm8tn35nxeqtnm43x6aljdqj45cke
-1,0.0,CELL_STRUCTURE_PCA7,ckb1qzda0cr08m85hc8jlnfp3zer7xulejywt49kt2rr0vthywaa50xwsq0smcdjfuapeu9zuahwrsrtp4qetjgngpg5xr5fq
-1,0.0,CELL_STRUCTURE_PCA7,ckb1qzda0cr08m85hc8jlnfp3zer7xulejywt49kt2rr0vthywaa50xwsq0vqkp4e093a5e6a2t3k08excpc3k74d0qpe0lt0
-1,0.0,CELL_STRUCTURE_PCA7,ckb1qzda0cr08m85hc8jlnfp3zer7xulejywt49kt2rr0vthywaa50xwsq0x3yrv8qls62mqeylsvmzp5cqpmvy8quq7autul
-1,0.0,CELL_STRUCTURE_PCA7,ckb1qzda0cr08m85hc8jlnfp3zer7xulejywt49kt2rr0vthywaa50xwsq0xm5pnqls5mls030v7q9l2k5aksglcvjgge7vq8
-1,0.0,CELL_STRUCTURE_PCA7,ckb1qzda0cr08m85hc8jlnfp3zer7xulejywt49kt2rr0vthywaa50xwsq0y6r5a4py64gccqrd77qvuhr8v3d2xfjcnrz45r
-1,0.0,CELL_STRUCTURE_PCA7,ckb1qzda0cr08m85hc8jlnfp3zer7xulejywt49kt2rr0vthywaa50xwsq0z6h6nlju0mcdp0ny0sx77tmu6j2700lqkdeakp
-1,0.0,CELL_STRUCTURE_PCA7,ckb1qzda0cr08m85hc8jlnfp3zer7xulejywt49kt2rr0vthywaa50xwsq20u0ncxwckqw79c9f9kev5mlckwsmj8psnrz4u4
-1,0.0,CELL_STRUCTURE_PCA7,ckb1qzda0cr08m85hc8jlnfp3zer7xulejywt49kt2rr0vthywaa50xwsq24qy8a3esyfvy8nu68pphmwsn8yaa653c9klmac
-1,0.0,CELL_STRUCTURE_PCA7,ckb1qzda0cr08m85hc8jlnfp3zer7xulejywt49kt2rr0vthywaa50xwsq258cy8km6ddpzdassg6ksjqjvdr3c0aeqavzlpd
-1,0.0,CELL_STRUCTURE_PCA7,ckb1qzda0cr08m85hc8jlnfp3zer7xulejywt49kt2rr0vthywaa50xwsq270p8pvg8y2nugwcsq9syredeq5ee5mxq2x87jl
-1,0.0,CELL_STRUCTURE_PCA7,ckb1qzda0cr08m85hc8jlnfp3zer7xulejywt49kt2rr0vthywaa50xwsq28ps4hf8swzexa6ky8dp2q540tsrvz60qt2wtqk
-1,0.0,CELL_STRUCTURE_PCA7,ckb1qzda0cr08m85hc8jlnfp3zer7xulejywt49kt2rr0vthywaa50xwsq2da0jqygw442724a22vmvse55pez5zw4qtj3mmg
1,1.0,CELL_STRUCTURE_PCA7,ckb1qzda0cr08m85hc8jlnfp3zer7xulejywt49kt2rr0vthywaa50xwsq2dn39wdkj33e7v03mx3mg6raqh365hpnqp2nq6r
0,1.0,CELL_STRUCTURE_PCA7,ckb1qzda0cr08m85hc8jlnfp3zer7xulejywt49kt2rr0vthywaa50xwsq2evwcurnqel0euyf4s2pgkut48dgp7fsg3tdhrk
-1,0.0,CELL_STRUCTURE_PCA7,ckb1qzda0cr08m85hc8jlnfp3zer7xulejywt49kt2rr0vthywaa50xwsq2nku3pd5gl7m6pp0cdx7m9gk2t9pswywqcqwjch
-1,0.0,CELL_STRUCTURE_PCA7,ckb1qzda0cr08m85hc8jlnfp3zer7xulejywt49kt2rr0vthywaa50xwsq2pnp7gglp8clvahem5mpf7wmr0pjk5krgf4lwf2
-1,0.0,CELL_STRUCTURE_PCA7,ckb1qzda0cr08m85hc8jlnfp3zer7xulejywt49kt2rr0vthywaa50xwsq2qjj3mqkrdhzuga2qfzf72ma38xhpsaasfj3trw
0,1.0,CELL_STRUCTURE_PCA7,ckb1qzda0cr08m85hc8jlnfp3zer7xulejywt49kt2rr0vthywaa50xwsq2qtfq8zdd9rs86hslwh8j4h8qjk6r3e6s0k50ul
-1,0.0,CELL_STRUCTURE_PCA7,ckb1qzda0cr08m85hc8jlnfp3zer7xulejywt49kt2rr0vthywaa50xwsq2rsu67gzxhacdwpzfyc0gc5q9vgr6aztc6y5n8c
-1,0.0,CELL_STRUCTURE_PCA7,ckb1qzda0cr08m85hc8jlnfp3zer7xulejywt49kt2rr0vthywaa50xwsq2sfv44lf5g89ha2q296zqm8savzcyqxlsulsx6f
-1,0.0,CELL_STRUCTURE_PCA7,ckb1qzda0cr08m85hc8jlnfp3zer7xulejywt49kt2rr0vthywaa50xwsq2uxysa465m2k0hxh4zefzd2k5j36dly3gxkjc57
0,0.955080725742251,CELL_STRUCTURE_PCA7,ckb1qzda0cr08m85hc8jlnfp3zer7xulejywt49kt2rr0vthywaa50xwsq2vr8y8dws0jkz062k8vlpafpu8x9rucvcggdkr4
-1,0.0,CELL_STRUCTURE_PCA7,ckb1qzda0cr08m85hc8jlnfp3zer7xulejywt49kt2rr0vthywaa50xwsq2yg6kr7zvjzw0ts2j7qtkd6jzr2kq3g7sdh3azr
-1,0.0,CELL_STRUCTURE_PCA7,ckb1qzda0cr08m85hc8jlnfp3zer7xulejywt49kt2rr0vthywaa50xwsq2zuyw4u22256gp6v8s6na4p7esyg4h74q68r5ue
-1,0.0,CELL_STRUCTURE_PCA7,ckb1qzda0cr08m85hc8jlnfp3zer7xulejywt49kt2rr0vthywaa50xwsqd280gcprvtlm89nyxuc2ru9e2tqe0aewcks0h7q
-1,0.0,CELL_STRUCTURE_PCA7,ckb1qzda0cr08m85hc8jlnfp3zer7xulejywt49kt2rr0vthywaa50xwsqd3ele94wtw253dum78vpuuy2rcspueckqp9hktf
-1,0.0,CELL_STRUCTURE_PCA7,ckb1qzda0cr08m85hc8jlnfp3zer7xulejywt49kt2rr0vthywaa50xwsqd3w85684vvlhfh93nrvkq6rz6ve7xu0ugjyfg3s
-1,0.0,CELL_STRUCTURE_PCA7,ckb1qzda0cr08m85hc8jlnfp3zer7xulejywt49kt2rr0vthywaa50xwsqd532x7yagmmqne0jkrwggysarh5kufcjgp5ry3g
-1,0.0,CELL_STRUCTURE_PCA7,ckb1qzda0cr08m85hc8jlnfp3zer7xulejywt49kt2rr0vthywaa50xwsqd6raz9mkh95xl7tg8ymg7klqz7ns0af5ctkwa53
-1,0.0,CELL_STRUCTURE_PCA7,ckb1qzda0cr08m85hc8jlnfp3zer7xulejywt49kt2rr0vthywaa50xwsqd9ec9tr57qedasftglxrgq9yl657ym3yqddeg6p
-1,0.0,CELL_STRUCTURE_PCA7,ckb1qzda0cr08m85hc8jlnfp3zer7xulejywt49kt2rr0vthywaa50xwsqda5zj9fpg255n7vz04eqkzlles8z72susenvew6
-1,0.0,CELL_STRUCTURE_PCA7,ckb1qzda0cr08m85hc8jlnfp3zer7xulejywt49kt2rr0vthywaa50xwsqdak37z6wn6w6aea983ruzrfl8yweej95cfkzyn9
-1,0.0,CELL_STRUCTURE_PCA7,ckb1qzda0cr08m85hc8jlnfp3zer7xulejywt49kt2rr0vthywaa50xwsqddm8ppq3gz8gz0d9ap6z8nc3r662npn2cuxk9f0
1,0.9959604171695875,CELL_STRUCTURE_PCA7,ckb1qzda0cr08m85hc8jlnfp3zer7xulejywt49kt2rr0vthywaa50xwsqdfpcl42753m0xgau9yefhgfxukx83dwysy7tdl3
-1,0.0,CELL_STRUCTURE_PCA7,ckb1qzda0cr08m85hc8jlnfp3zer7xulejywt49kt2rr0vthywaa50xwsqdh26mj0xls204ndg9lsdptdz0zu0jdmycngh5ht
-1,0.0,CELL_STRUCTURE_PCA7,ckb1qzda0cr08m85hc8jlnfp3zer7xulejywt49kt2rr0vthywaa50xwsqdly7vzugjpxpzy4wc8u8dkpt6gmv2kknsw36cs0
-1,0.0,CELL_STRUCTURE_PCA7,ckb1qzda0cr08m85hc8jlnfp3zer7xulejywt49kt2rr0vthywaa50xwsqdqrmx3gfghxmm3m5dj4vm27j5ke9kvw9qmr8lwp
1,1.0,CELL_STRUCTURE_PCA7,ckb1qzda0cr08m85hc8jlnfp3zer7xulejywt49kt2rr0vthywaa50xwsqdtejzc329up3s665cxswczse77neqxr2c6uk0jz
0,0.9774023365284744,CELL_STRUCTURE_PCA7,ckb1qzda0cr08m85hc8jlnfp3zer7xulejywt49kt2rr0vthywaa50xwsqdxzlmuqal6c37hk678qjekya0qjd5m5lq7hhzaq
1,1.0,CELL_STRUCTURE_PCA7,ckb1qzda0cr08m85hc8jlnfp3zer7xulejywt49kt2rr0vthywaa50xwsqdxzpng0y93mrnmxq0e73j4yu4d3n3mkuqc5r59u
-1,0.0,CELL_STRUCTURE_PCA7,ckb1qzda0cr08m85hc8jlnfp3zer7xulejywt49kt2rr0vthywaa50xwsqf2pf3uu524tn9umy7g3gchaa6sgamvs4sx454l6
-1,0.0,CELL_STRUCTURE_PCA7,ckb1qzda0cr08m85hc8jlnfp3zer7xulejywt49kt2rr0vthywaa50xwsqf4s8sxvjqhp8qpxyqj03kwmry2a43kggq7um8ef
-1,0.0,CELL_STRUCTURE_PCA7,ckb1qzda0cr08m85hc8jlnfp3zer7xulejywt49kt2rr0vthywaa50xwsqf6qtawqcsf9ga3yuhh8gfhxuyah7rvtlgzn95vl
-1,0.0,CELL_STRUCTURE_PCA7,ckb1qzda0cr08m85hc8jlnfp3zer7xulejywt49kt2rr0vthywaa50xwsqfc5kszzn9mc2zycl58v8jjrk9zhmr97cg3ndvfs
-1,0.0,CELL_STRUCTURE_PCA7,ckb1qzda0cr08m85hc8jlnfp3zer7xulejywt49kt2rr0vthywaa50xwsqfewq5cphjmj7j53dgvs9ekquz7wp0eadggz3t4x
-1,0.0,CELL_STRUCTURE_PCA7,ckb1qzda0cr08m85hc8jlnfp3zer7xulejywt49kt2rr0vthywaa50xwsqff60m3g73j280arxmzwp6anr9g04xmmast74txw
0,0.9671832364007623,CELL_STRUCTURE_PCA7,ckb1qzda0cr08m85hc8jlnfp3zer7xulejywt49kt2rr0vthywaa50xwsqfj8ejt4qckvuzrtezy9nvcv7le9ur8cuqy7s5x8
0,1.0,CELL_STRUCTURE_PCA7,ckb1qzda0cr08m85hc8jlnfp3zer7xulejywt49kt2rr0vthywaa50xwsqfjhl5nx82y5z2xdhwqhg34vkzta6gttgc05sfu2
-1,0.0,CELL_STRUCTURE_PCA7,ckb1qzda0cr08m85hc8jlnfp3zer7xulejywt49kt2rr0vthywaa50xwsqfkjglwnv0p5h4wujzvz65rekwxmx2d0zsn7yllu
0,1.0,CELL_STRUCTURE_PCA7,ckb1qzda0cr08m85hc8jlnfp3zer7xulejywt49kt2rr0vthywaa50xwsqfqr2l6rqllmnhtpzptgq9fnagsykcffxcpqmjuu
-1,0.0,CELL_STRUCTURE_PCA7,ckb1qzda0cr08m85hc8jlnfp3zer7xulejywt49kt2rr0vthywaa50xwsqfrmvt598cnr70mhtyt9afjg9yju7s0n6gw0e8d4
-1,0.0,CELL_STRUCTURE_PCA7,ckb1qzda0cr08m85hc8jlnfp3zer7xulejywt49kt2rr0vthywaa50xwsqfs6c4chhw5kwthmq0jzqyxwmr9fpr5a4qr8l2yd
-1,0.0,CELL_STRUCTURE_PCA7,ckb1qzda0cr08m85hc8jlnfp3zer7xulejywt49kt2rr0vthywaa50xwsqft980n0alva2vjmkca85wujt5vhtwgzpgqczv9a
0,1.0,CELL_STRUCTURE_PCA7,ckb1qzda0cr08m85hc8jlnfp3zer7xulejywt49kt2rr0vthywaa50xwsqfvfcxm03q9xmn3fy68s9rxp0y5lfqfvjgmmtw0p
-1,0.0,CELL_STRUCTURE_PCA7,ckb1qzda0cr08m85hc8jlnfp3zer7xulejywt49kt2rr0vthywaa50xwsqfx7c8l89wcf42vxgajjke9zdt7myeqrdqj6mqm6
-1,0.0,CELL_STRUCTURE_PCA7,ckb1qzda0cr08m85hc8jlnfp3zer7xulejywt49kt2rr0vthywaa50xwsqfxgd9zxl6czs4s3kzr55letennz2l3yjqpt8r79
-1,0.0,CELL_STRUCTURE_PCA7,ckb1qzda0cr08m85hc8jlnfp3zer7xulejywt49kt2rr0vthywaa50xwsqg3xv33uywn6sjyvmnzckatkpke54mlx8srepf4g
1,1.0,CELL_STRUCTURE_PCA7,ckb1qzda0cr08m85hc8jlnfp3zer7xulejywt49kt2rr0vthywaa50xwsqg4cz7lvtz6anfw0uxkrxu8d0gxcfuww2gp702wk
-1,0.0,CELL_STRUCTURE_PCA7,ckb1qzda0cr08m85hc8jlnfp3zer7xulejywt49kt2rr0vthywaa50xwsqg4yg2m9jpx5efeu4q0vrp643gjmad37nqrk9glt
0,1.0,CELL_STRUCTURE_PCA7,ckb1qzda0cr08m85hc8jlnfp3zer7xulejywt49kt2rr0vthywaa50xwsqg6agcch2m7k8lsh00nv05ztfmz0euvqkcfpz7ec
-1,0.0,CELL_STRUCTURE_PCA7,ckb1qzda0cr08m85hc8jlnfp3zer7xulejywt49kt2rr0vthywaa50xwsqg6j932zy4ztkzmtpye2uhzsju5npw795s89dznx
-1,0.0,CELL_STRUCTURE_PCA7,ckb1qzda0cr08m85hc8jlnfp3zer7xulejywt49kt2rr0vthywaa50xwsqg709r8jqauttpmkjv2x2jg3mtdwvqk7acc26w2j
-1,0.0,CELL_STRUCTURE_PCA7,ckb1qzda0cr08m85hc8jlnfp3zer7xulejywt49kt2rr0vthywaa50xwsqg9q2e95dadfctdfsuq5e5na0nwh58v4jc6rkddw
1,1.0,CELL_STRUCTURE_PCA7,ckb1qzda0cr08m85hc8jlnfp3zer7xulejywt49kt2rr0vthywaa50xwsqggs86408ja7nsgdh0lz0cxafua6u0pq5cmvsxuu
-1,0.0,CELL_STRUCTURE_PCA7,ckb1qzda0cr08m85hc8jlnfp3zer7xulejywt49kt2rr0vthywaa50xwsqgjr2xdh0zyc53jxpwsvwxq5x8y05rmytcewmqcv
1,1.0,CELL_STRUCTURE_PCA7,ckb1qzda0cr08m85hc8jlnfp3zer7xulejywt49kt2rr0vthywaa50xwsqgjuhrq84l5nk7ylhlcqpsa3yg974735rgy30uch
-1,0.0,CELL_STRUCTURE_PCA7,ckb1qzda0cr08m85hc8jlnfp3zer7xulejywt49kt2rr0vthywaa50xwsqgk9kfuz7fchth20ksf8d2x3eqph9le6cqhenpf3
-1,0.0,CELL_STRUCTURE_PCA7,ckb1qzda0cr08m85hc8jlnfp3zer7xulejywt49kt2rr0vthywaa50xwsqgkfv8pzr5d26zcapqrd58ksc65w0qv8qqqp6xtc
0,0.9975867127065451,CELL_STRUCTURE_PCA7,ckb1qzda0cr08m85hc8jlnfp3zer7xulejywt49kt2rr0vthywaa50xwsqgnhsvcls3zfj0jggg74nej0hxwmtzjjvcu09935
-1,0.0,CELL_STRUCTURE_PCA7,ckb1qzda0cr08m85hc8jlnfp3zer7xulejywt49kt2rr0vthywaa50xwsqgq74prpeqz7rlncvqz0j2gn4jxsg75ztggj7v7a
-1,0.0,CELL_STRUCTURE_PCA7,ckb1qzda0cr08m85hc8jlnfp3zer7xulejywt49kt2rr0vthywaa50xwsqgulzg2h44865y9svyw7s5390npefh3x9qrr8hc9
-1,0.0,CELL_STRUCTURE_PCA7,ckb1qzda0cr08m85hc8jlnfp3zer7xulejywt49kt2rr0vthywaa50xwsqgvmsa3c3ecl7edwqjvezvjcrwqs3ypy0gdesfvg
-1,0.0,CELL_STRUCTURE_PCA7,ckb1qzda0cr08m85hc8jlnfp3zer7xulejywt49kt2rr0vthywaa50xwsqgw7a8wtdmg4er900svtg4vqn27upcpq4cnd4g7v
-1,0.0,CELL_STRUCTURE_PCA7,ckb1qzda0cr08m85hc8jlnfp3zer7xulejywt49kt2rr0vthywaa50xwsqgxe3ru50ecjjruz4tymv759ztsdff7lxq74umg9
-1,0.0,CELL_STRUCTURE_PCA7,ckb1qzda0cr08m85hc8jlnfp3zer7xulejywt49kt2rr0vthywaa50xwsqgygj0n7vv7vk6ejt4d23yp87v5fe5352sv3hvfw
-1,0.0,CELL_STRUCTURE_PCA7,ckb1qzda0cr08m85hc8jlnfp3zer7xulejywt49kt2rr0vthywaa50xwsqgzgak4nyyfjzlcnx6lel86kkl9wmn8cmqg5mv52
-1,0.0,CELL_STRUCTURE_PCA7,ckb1qzda0cr08m85hc8jlnfp3zer7xulejywt49kt2rr0vthywaa50xwsqgzku5d6wp53s4ukledn8j8u3t9vjxt7ys9uu00a
-1,0.0,CELL_STRUCTURE_PCA7,ckb1qzda0cr08m85hc8jlnfp3zer7xulejywt49kt2rr0vthywaa50xwsqgzw9vj0prshmp4pm5jr0t8m4vwf353syqvqfm08
-1,0.0,CELL_STRUCTURE_PCA7,ckb1qzda0cr08m85hc8jlnfp3zer7xulejywt49kt2rr0vthywaa50xwsqt2e7jpk20nyyyuwdqmvqk427ql2593nugpqd4pp
-1,0.0,CELL_STRUCTURE_PCA7,ckb1qzda0cr08m85hc8jlnfp3zer7xulejywt49kt2rr0vthywaa50xwsqt2gnkqzr9sm0q9syuahhy9mgu9hx3r5pg74y4jz
-1,0.0,CELL_STRUCTURE_PCA7,ckb1qzda0cr08m85hc8jlnfp3zer7xulejywt49kt2rr0vthywaa50xwsqt44ntk8mswsuzjtd7e5d4nm5q3akq8ppsvm3kqy
-1,0.0,CELL_STRUCTURE_PCA7,ckb1qzda0cr08m85hc8jlnfp3zer7xulejywt49kt2rr0vthywaa50xwsqt5ctdrmqm0ay6yk8h9nxh7uy0xu7tm8zs8tvu99
-1,0.0,CELL_STRUCTURE_PCA7,ckb1qzda0cr08m85hc8jlnfp3zer7xulejywt49kt2rr0vthywaa50xwsqt8ypvjjfwqn6eneekj0ykwyzrr2jnhxfq8t88cr
-1,0.0,CELL_STRUCTURE_PCA7,ckb1qzda0cr08m85hc8jlnfp3zer7xulejywt49kt2rr0vthywaa50xwsqtc39e2l04ha5t5fzvupspn49lftrglr8gw99j4e
-1,0.0,CELL_STRUCTURE_PCA7,ckb1qzda0cr08m85hc8jlnfp3zer7xulejywt49kt2rr0vthywaa50xwsqtcj3ytn3vr7ux8twl2esdzhwqklqm5a9qjff8zs
-1,0.0,CELL_STRUCTURE_PCA7,ckb1qzda0cr08m85hc8jlnfp3zer7xulejywt49kt2rr0vthywaa50xwsqtcz03jau3958a7esc84ygpk8vj8ad0njcym245u
-1,0.0,CELL_STRUCTURE_PCA7,ckb1qzda0cr08m85hc8jlnfp3zer7xulejywt49kt2rr0vthywaa50xwsqtdjy59w688e9h3e6spw0ypv7k69nl2h6q3sma2z
-1,0.0,CELL_STRUCTURE_PCA7,ckb1qzda0cr08m85hc8jlnfp3zer7xulejywt49kt2rr0vthywaa50xwsqteuhr80vfws6en6ju03huzvp3xh9z0juqelhgxu
-1,0.0,CELL_STRUCTURE_PCA7,ckb1qzda0cr08m85hc8jlnfp3zer7xulejywt49kt2rr0vthywaa50xwsqtfs070fqhspjhhzf0l5d2hrpd5hjvzmkgh8p6j2
-1,0.0,CELL_STRUCTURE_PCA7,ckb1qzda0cr08m85hc8jlnfp3zer7xulejywt49kt2rr0vthywaa50xwsqtlpgc29k57ufndd7gpm2jjvpwc2hqygjgtf54lg
1,1.0,CELL_STRUCTURE_PCA7,ckb1qzda0cr08m85hc8jlnfp3zer7xulejywt49kt2rr0vthywaa50xwsqtr5klxrl240p2jsldlwhd6w3dv7fjj59cp6nkwy
1,1.0,CELL_STRUCTURE_PCA7,ckb1qzda0cr08m85hc8jlnfp3zer7xulejywt49kt2rr0vthywaa50xwsqtyedgf3hcmvghz4cmstp7pu7u76x93apgp9rzws
-1,0.0,CELL_STRUCTURE_PCA7,ckb1qzda0cr08m85hc8jlnfp3zer7xulejywt49kt2rr0vthywaa50xwsqv2mxk8gk0kdcqrjee7fdyy4dzjs3c8etq9dlarq
-1,0.0,CELL_STRUCTURE_PCA7,ckb1qzda0cr08m85hc8jlnfp3zer7xulejywt49kt2rr0vthywaa50xwsqv3zjwlrxn8vk53c4d9a8ksecf9rj86mfsv8t4pc
-1,0.0,CELL_STRUCTURE_PCA7,ckb1qzda0cr08m85hc8jlnfp3zer7xulejywt49kt2rr0vthywaa50xwsqv52twl330j4d2n858snefzewnuwchku7ql2qas8
-1,0.0,CELL_STRUCTURE_PCA7,ckb1qzda0cr08m85hc8jlnfp3zer7xulejywt49kt2rr0vthywaa50xwsqv5uwm78vrgdrfmd056xn32q9junu3rg2c2we24p
-1,0.0,CELL_STRUCTURE_PCA7,ckb1qzda0cr08m85hc8jlnfp3zer7xulejywt49kt2rr0vthywaa50xwsqv7ayqjm88s60nm3gf56q55y578uw2weqgfx02sw
-1,0.0,CELL_STRUCTURE_PCA7,ckb1qzda0cr08m85hc8jlnfp3zer7xulejywt49kt2rr0vthywaa50xwsqvknttjvpk89lj2c9ykxvethuaft52j3fs9df6l3
1,1.0,CELL_STRUCTURE_PCA7,ckb1qzda0cr08m85hc8jlnfp3zer7xulejywt49kt2rr0vthywaa50xwsqvkt2ql6y7gdn7dsh0txtwkluf8n57tadgdmaj8h
0,1.0,CELL_STRUCTURE_PCA7,ckb1qzda0cr08m85hc8jlnfp3zer7xulejywt49kt2rr0vthywaa50xwsqvtfx52pmwvmnlxc89ahpga6w6rk8r69xgmnsu28
-1,0.0,CELL_STRUCTURE_PCA7,ckb1qzda0cr08m85hc8jlnfp3zer7xulejywt49kt2rr0vthywaa50xwsqvva6zmstttmwvat2uw3k057rgnv5t3hts4vk7tv
1,1.0,CELL_STRUCTURE_PCA7,ckb1qzda0cr08m85hc8jlnfp3zer7xulejywt49kt2rr0vthywaa50xwsqvxfn4dw95uwpq972rjvvkzc44c0hxltkghsrja0
-1,0.0,CELL_STRUCTURE_PCA7,ckb1qzda0cr08m85hc8jlnfp3zer7xulejywt49kt2rr0vthywaa50xwsqvzfcj3jtlhzyuu4s5frtv9d3r7mexqhnclvhwkr
-1,0.0,CELL_STRUCTURE_PCA7,ckb1qzda0cr08m85hc8jlnfp3zer7xulejywt49kt2rr0vthywaa50xwsqw0dr0ghl76nf5xkw6lx0lxm032kw2jwwq6lnmhx
0,1.0,CELL_STRUCTURE_PCA7,ckb1qzda0cr08m85hc8jlnfp3zer7xulejywt49kt2rr0vthywaa50xwsqw2qmgk7tphggddk6mavjxzxhlaguum7ds7c7t8q
-1,0.0,CELL_STRUCTURE_PCA7,ckb1qzda0cr08m85hc8jlnfp3zer7xulejywt49kt2rr0vthywaa50xwsqw4klymd5zxdtersxfu8wafdq803fudg7qpp9dz7
0,1.0,CELL_STRUCTURE_PCA7,ckb1qzda0cr08m85hc8jlnfp3zer7xulejywt49kt2rr0vthywaa50xwsqw4xpk4t3688duglxp0xvupwfj9u4y20rc5xvtlj
-1,0.0,CELL_STRUCTURE_PCA7,ckb1qzda0cr08m85hc8jlnfp3zer7xulejywt49kt2rr0vthywaa50xwsqw6hjwylgj9pw0ae8pw0ctke60jpqw6f6slep8r3
-1,0.0,CELL_STRUCTURE_PCA7,ckb1qzda0cr08m85hc8jlnfp3zer7xulejywt49kt2rr0vthywaa50xwsqw973g6gzfxn2yh804xl67mpf888tlagkqzh4v47
-1,0.0,CELL_STRUCTURE_PCA7,ckb1qzda0cr08m85hc8jlnfp3zer7xulejywt49kt2rr0vthywaa50xwsqw9t5zng6xx58m2nha3lw65da4tsdntkqcxt2q9p
1,1.0,CELL_STRUCTURE_PCA7,ckb1qzda0cr08m85hc8jlnfp3zer7xulejywt49kt2rr0vthywaa50xwsqwda7qe8d78vuwpx20spzsuvtj92eulcagjenqnt
-1,0.0,CELL_STRUCTURE_PCA7,ckb1qzda0cr08m85hc8jlnfp3zer7xulejywt49kt2rr0vthywaa50xwsqwdr5q4rwruykhehd8hn6gxh892wtmdprcw3h3ce
0,1.0,CELL_STRUCTURE_PCA7,ckb1qzda0cr08m85hc8jlnfp3zer7xulejywt49kt2rr0vthywaa50xwsqwjhry2dvdzmftxqrsrwf04mjw3ah8hhjqh9zh7y
-1,0.0,CELL_STRUCTURE_PCA7,ckb1qzda0cr08m85hc8jlnfp3zer7xulejywt49kt2rr0vthywaa50xwsqwlkxpk8rnrzz2nhuswk2kzvempzsz2zjgwxnwny
1,1.0,CELL_STRUCTURE_PCA7,ckb1qzda0cr08m85hc8jlnfp3zer7xulejywt49kt2rr0vthywaa50xwsqwnla5w93964qlqcwaaeessdsk4h5pzkfs2f0ehn
-1,0.0,CELL_STRUCTURE_PCA7,ckb1qzda0cr08m85hc8jlnfp3zer7xulejywt49kt2rr0vthywaa50xwsqwpyugm7a4wtc5tphl0lwzjhcf9fu2l0ksdaezkc
-1,0.0,CELL_STRUCTURE_PCA7,ckb1qzda0cr08m85hc8jlnfp3zer7xulejywt49kt2rr0vthywaa50xwsqwq5jlc6p7y2g7c59emwef66z5dc02m36sq3vsmj
-1,0.0,CELL_STRUCTURE_PCA7,ckb1qzda0cr08m85hc8jlnfp3zer7xulejywt49kt2rr0vthywaa50xwsqwrn48zffgqgctt2netwvhcdn3pnznxceg9lhd3j
-1,0.0,CELL_STRUCTURE_PCA7,ckb1qzda0cr08m85hc8jlnfp3zer7xulejywt49kt2rr0vthywaa50xwsqwsaytgethft2tx90hfcvmpazn02dmhyacz9xtxp
-1,0.0,CELL_STRUCTURE_PCA7,ckb1qzda0cr08m85hc8jlnfp3zer7xulejywt49kt2rr0vthywaa50xwsqwxdvqk5f5k404wykzsfuu4cjvh4n96zrq9yl6w6
-1,0.0,CELL_STRUCTURE_PCA7,ckb1qzda0cr08m85hc8jlnfp3zer7xulejywt49kt2rr0vthywaa50xwsqwzcjq4mzexlu6h5mrpldplwt6ht8w7ujcfjltsn
-1,0.0,CELL_STRUCTURE_PCA7,ckb1qzdcr9un5ezx8tkh03s46m9jymh22jruelq8svzr5krj2nx69dhjvqgj99jj9hhu3m95gpncj0zqtt8trplsj44sqqe5d89y
-1,0.0,CELL_STRUCTURE_PCA7,ckb1qzdcr9un5ezx8tkh03s46m9jymh22jruelq8svzr5krj2nx69dhjvqgjn6kfkeu23q74kndpaxw42z77vgat6v86qq6z03rf
-1,0.0,CELL_STRUCTURE_PCA7,ckb1qzfhdsa4syv599s2s3nfrctwga70g0tu07n9gpnun9ydlngf5vsnwqg92falqnnya92lpxwtsy25nuns2hsundmxq4f8huzwvn54tuyeewq32j0jwp27rjdhvcdctkl6
-1,0.0,CELL_STRUCTURE_PCA7,ckb1qzfhdsa4syv599s2s3nfrctwga70g0tu07n9gpnun9ydlngf5vsnwqg95gqrcgaw8zpgwmw3frreclfrtsg776gfqk3qq0pr4cug9pmd69yv08raydwprmmfpyn90q6w
-1,0.0,CELL_STRUCTURE_PCA7,ckb1qzfhdsa4syv599s2s3nfrctwga70g0tu07n9gpnun9ydlngf5vsnwqg96cy3mxvy66tmahlt4v9ewah9nj9qs329qhtqj8vesntf00klaw4sh9mkukwg5zz9g5zvla9n
-1,0.0,CELL_STRUCTURE_PCA7,ckb1qzfhdsa4syv599s2s3nfrctwga70g0tu07n9gpnun9ydlngf5vsnwqg9apm7q2y4u92yz5znq8n4tspl5wpm58mfqh580cpgjhs4gs2s2vq7w4wq873c8wsldy7w2h9l
