address,wallet_status,segment,cluster_id,segment_confidence,n_tx_in_window,tx_per_window_day,tx_per_active_day,gap_mean_s,gap_cv,burstiness,hour_of_day_entropy,day_of_week_entropy,sent_total_ckb,received_total_ckb
ckb1qpl0dc3xe2dr299vwe6e7zc42rnsex4pptlcjyglahevnkqq6ft0wqgw8xxul,unused,Dormant / No Activity,,,0,0.0,184.26859878098605,468.8842533896156,7.545280322800504,0.7659526751084336,0.9916676892933398,0.9998204807563154,15537338.99147094,767394.0
ckb1qpw9q60tppt7l3j7r09qcp7lxnp3vcanvgha8pmvsa3jplykxn32sqf352eynr4y9zl66sdxjcef3a6z9uqhkncsaanyg,active,Human-like / Daytime,0.0,1.0,21,0.0287671232876712,0.0315693171222987,2873676.35,1.5830170440031726,0.2257116519446615,0.6970950755715347,0.8815958830397322,77889519.00299999,656425.74999593
ckb1qpw9q60tppt7l3j7r09qcp7lxnp3vcanvgha8pmvsa3jplykxn32sqgwvhnrqkx9ka45f2cnc90fy30m3scpupqggwawq,active,Miner / Heavy Activity,2.0,1.0,919,1.2589041095890412,1.580129519452495,54738.62527233116,2.842128344213795,0.4794551819144774,0.9290140931851782,0.991839982453809,765169.3097000001,14822229.77735684
ckb1qpw9q60tppt7l3j7r09qcp7lxnp3vcanvgha8pmvsa3jplykxn32sqty5egmnlvtn3p92d5w4nt07g6fn7564dcyz5qggqcgqusq29srmq,unused,Dormant / No Activity,,,0,0.0,,,,,,,0.0,0.0
ckb1qpw9q60tppt7l3j7r09qcp7lxnp3vcanvgha8pmvsa3jplykxn32sqv59f6lmp36qjwxty6pgjy454hms4cz9xrkpsqggqcgqusqm5y56x,unused,Dormant / No Activity,,,0,0.0,,,,,,,0.0,0.0
ckb1qpw9q60tppt7l3j7r09qcp7lxnp3vcanvgha8pmvsa3jplykxn32sqw37myuwmsdzkn58rnun5rd9gztrhr4u2gyz5qggqcgqusqj0ljyf,unused,Dormant / No Activity,,,0,0.0,,,,,,,0.0,0.0
ckb1qqcratfhhe0whl8n2pyyw9248r9kyw3x7gmkp80jf0ffvagvzgc8sqgdzm4fw,active,Miner / Heavy Activity,2.0,1.0,9391,12.864383561643836,12.878111883729936,6709.772523961661,4.511756422186226,0.6371392625498671,0.9733663886844124,0.9927569248446924,8305756.843641231,16935591.44003571
ckb1qqcz6dvc97r9a097mwdfxc8yq5cw6v4dhrsskshmhecdsvf07l8d7q034hj6qjn294z8gdh63kf30m565mcmkphjxtfee9fly023cx3l8v9w3h7z,active,Human-like / Daytime,0.0,1.0,4,0.0054794520547945,1.2409959567087752,92828.66666666669,1.4062537623390192,0.1688324684193394,0.1769432409385091,0.2889830986758596,180.0,321.0
ckb1qqcz6dvc97r9a097mwdfxc8yq5cw6v4dhrsskshmhecdsvf07l8d7q245y9mqs3e4l6ycsv4amhgzhzd85ewf59amlnmqmur37uda2c8fuyf2j6v,active,Human-like / Daytime,0.0,1.0,4,0.0054794520547945,4.0,992.0,1.1828347416882212,0.0837602307661712,0.2181042919855315,-0.0,199.99947733,200.0
ckb1qqcz6dvc97r9a097mwdfxc8yq5cw6v4dhrsskshmhecdsvf07l8d7qd8fdu5vu3fwqfjkscg6umfxczuyh7dd29nwexznhftzvr0znpzygrdjjm7,active,Human-like / Daytime,0.0,1.0,10,0.0136986301369863,0.0492318688827693,1949956.4444444445,2.094776068429644,0.3537496879330454,0.4899580627579133,0.2571559759740807,700.2063685,1080.0
ckb1qqcz6dvc97r9a097mwdfxc8yq5cw6v4dhrsskshmhecdsvf07l8d7qf4mvqmuqzfeahs4axptm5en0m3jjndht530kdp0uvxvjr3un0rsvh828t2,active,Human-like / Daytime,0.0,1.0,2,0.0027397260273972,2.0,,,,0.2181042919855315,-0.0,149.99987722,150.0
ckb1qqcz6dvc97r9a097mwdfxc8yq5cw6v4dhrsskshmhecdsvf07l8d7qfg6grazjdwmf9uzf8deshhr9wsn85w2l66e8d9g7gpz0gveu28zv6pk3z4,active,Human-like / Daytime,0.0,1.0,4,0.0054794520547945,1.1565103905230398,99610.0,1.2193629753482262,0.0988405131494127,0.4362085839710631,0.3562071871080222,149.2,779.32982529
ckb1qqcz6dvc97r9a097mwdfxc8yq5cw6v4dhrsskshmhecdsvf07l8d7qvml6appkndqvveylvggcmfk02vgs76k87eqmctyamkjwc0ppuqf5uvskfx,active,Human-like / Daytime,0.0,1.0,2,0.0027397260273972,2.0,,,,-0.0,-0.0,99.99987722,100.0
ckb1qqcz6dvc97r9a097mwdfxc8yq5cw6v4dhrsskshmhecdsvf07l8d7qw3smwpw49khlnp34vzdfg27rsau0fpnx4eq8u6l4fzucydmsjkfy7jfem9,active,Human-like / Daytime,0.0,1.0,3,0.0041095890410958,3.0,1313.0,0.0997715156130997,-0.8185595567867036,0.2002842627197175,-0.0,149.99973874,249.99973859
ckb1qqunmue4ncels5qse4j6839yy68h9k27c6cyj7q6j9kxsze3a2dgsqvcg4qnx88s32fzxpeldkc9daejv92lx2yupu5ahmqkdhwlhm9qksdws8hd,active,Miner / Heavy Activity,2.0,1.0,140,0.1917808219178082,0.2221180227860111,391780.8273381295,3.148884667010148,0.5179427338862904,0.8998102448205777,0.8971822471452124,898192.80701934,64834.0
ckb1qr2g8yj3vrjzx2evk20szt5rszmmvykhrn6w0xv3ga4khnmpqu6lvqq3u8mhh,active,Miner / Heavy Activity,2.0,1.0,1555,2.1301369863013697,2.138732029207497,40423.76383526384,2.276534605527783,0.3895989999233227,0.9772074773125278,0.9949887777645388,430464292.0075565,233250.0
ckb1qrgqep8saj8agswr30pls73hra28ry8jlnlc3ejzh3dl2ju7xxpjxqgqq82w09dxh4f3gl6se95l7k0g3n3wjjsgdstzvp4c,active,Human-like / Daytime,0.0,1.0,9,0.0123287671232876,0.173381251011725,560614.25,2.6428895393984337,0.4509852746371583,0.3338071045328626,0.3271035759815648,1550.0,1015795.92962214
ckb1qrgqep8saj8agswr30pls73hra28ry8jlnlc3ejzh3dl2ju7xxpjxqgqq84zvv7khuuad70n45llzf9p6zahk9680sw2qed8,active,Miner / Heavy Activity,2.0,1.0,556,0.7616438356164383,0.7630433290891208,113434.8108108108,2.344182607205933,0.4019465337537291,0.9000751973716924,0.9984532729939612,31826.19964669,38093.38372896
ckb1qrgqep8saj8agswr30pls73hra28ry8jlnlc3ejzh3dl2ju7xxpjxqgqq8897n3kut095xgled9dpczz0t7hg7w87un0vrnk,active,Miner / Heavy Activity,2.0,1.0,720,0.9863013698630136,0.98772523391867,87595.37969401947,0.2602749585476479,-0.5869552802229902,0.598853276196925,0.999824403055926,33514.0,21231.0
ckb1qrgqep8saj8agswr30pls73hra28ry8jlnlc3ejzh3dl2ju7xxpjxqgqq88k0gf2lakdjuntl04ux2mjyalezj598vqnuj2y,unused,Dormant / No Activity,,,0,0.0,,,,,,,0.0,75104.58997218
ckb1qrgqep8saj8agswr30pls73hra28ry8jlnlc3ejzh3dl2ju7xxpjxqgqq899vvrx27ql0lgaj7x39zamtj8m5twumgvv6h4q,active,Human-like / Daytime,0.0,1.0,53,0.0726027397260273,0.3039578643455274,289716.26923076925,0.4654159311437435,-0.3648002300882716,0.1965208245715076,0.9809612592134778,150.0,69866.36609994002
ckb1qrgqep8saj8agswr30pls73hra28ry8jlnlc3ejzh3dl2ju7xxpjxqgqq89qeq8sz02jymcmc8nm5qsfmwyxtvqemvnunp36,active,Miner / Heavy Activity,2.0,1.0,283,0.3876712328767123,0.3908818158330091,221822.5035460993,2.513191880549103,0.4307171176521662,0.7686975530137735,0.987831142248518,812227.0,1802555.01559095
ckb1qrgqep8saj8agswr30pls73hra28ry8jlnlc3ejzh3dl2ju7xxpjxqgqq89s0k62mh0xf6hn8cc20wunuarrumudx5nwq9uk,active,Miner / Heavy Activity,2.0,1.0,815,1.1164383561643836,1.1179604144595008,77378.53808353808,0.4394202122705092,-0.3894483229780723,0.8269727828153615,0.9993991487456948,15309.0,24149.456
ckb1qrgqep8saj8agswr30pls73hra28ry8jlnlc3ejzh3dl2ju7xxpjxqgqq8crqpcx3nq9p23h8ep5zzpga67ygfd73scdttd5,active,Human-like / Daytime,0.0,1.0,3,0.0041095890410958,3.0,735.0,0.3374149659863945,-0.4954221770091556,0.2002842627197175,-0.0,150.0,1130.0
ckb1qrgqep8saj8agswr30pls73hra28ry8jlnlc3ejzh3dl2ju7xxpjxqgqq8gauytada8x688zt0makt3pjmdaad6u8uym77ef,active,Human-like / Daytime,0.0,0.9999999999981597,41,0.0561643835616438,0.1148943734937019,770794.925,2.30460422104999,0.3947838027742612,0.7813917792532986,0.9193223964726812,330214.0,1316448.73434677
ckb1qrgqep8saj8agswr30pls73hra28ry8jlnlc3ejzh3dl2ju7xxpjxqgqq8hrnm86uy32m0wv24eqwyvl4crudtnc3yu82y8n,active,Miner / Heavy Activity,2.0,1.0,504,0.6904109589041096,0.6916795644980519,125161.66998011927,2.2110228323121457,0.3771455064491493,0.902422995555884,0.9983195517015184,16091.0,25724.17
ckb1qrgqep8saj8agswr30pls73hra28ry8jlnlc3ejzh3dl2ju7xxpjxqgqq8jjta82sj7lcz5ewruppmfrrvtg9nh4vvg5klxg,active,Miner / Heavy Activity,2.0,1.0,322,0.4410958904109589,0.4422783074975988,195960.68224299065,2.278784922609098,0.3900179343241285,0.8702419613309433,0.9886715713336324,22954.73674088,25582.65694561
ckb1qrgqep8saj8agswr30pls73hra28ry8jlnlc3ejzh3dl2ju7xxpjxqgqq8kwzq44p8ap4zclfc3vfgw5uxqqnegf0u7t0l86,active,Miner / Heavy Activity,2.0,1.0,314,0.4301369863013699,0.4312264360803085,200998.89776357828,3.3633660272474284,0.5416382701999278,0.7558472339078111,0.9892678933473702,143332.38755777,216580.10074262004
ckb1qrgqep8saj8agswr30pls73hra28ry8jlnlc3ejzh3dl2ju7xxpjxqgqq8m55rrdckag9e5j8hqdyga0ftpwvauxtcult98p,active,Human-like / Daytime,0.0,1.0,1,0.0013698630136986,1.0,,,,-0.0,-0.0,10001.99998279,0.0
ckb1qrgqep8saj8agswr30pls73hra28ry8jlnlc3ejzh3dl2ju7xxpjxqgqq8t3pqdfg3rnsqe8vgv93d49evdzkvpxcce0ml7v,active,Miner / Heavy Activity,2.0,1.0,701,0.9602739726027396,0.9612167489618892,90014.48285714285,0.5475831306860177,-0.2923376847054629,0.8575395055956123,0.999938218712761,30642.930319190004,30642.9363599
ckb1qrgqep8saj8agswr30pls73hra28ry8jlnlc3ejzh3dl2ju7xxpjxqgqq90ay9s9atj3rpajv38hnx5nashk3tnstqcu3khf,active,Human-like / Daytime,0.0,1.0,37,0.0506849315068493,0.6892287313172185,128839.66666666669,0.7809153462666736,-0.1230180054277104,0.8679371850843205,0.9902507729536278,1769.10995311,1883.89856778
ckb1qrgqep8saj8agswr30pls73hra28ry8jlnlc3ejzh3dl2ju7xxpjxqgqq92dx9xep8pwxacajpvvlcj4j7tlk9uhng4j74ms,active,Miner / Heavy Activity,2.0,1.0,304,0.4164383561643835,0.4172055680461986,207775.62706270628,2.3504309834879766,0.4030618717840611,0.9130974680966546,0.9860682074753856,11914421.15392248,22465745.13230236
ckb1qrgqep8saj8agswr30pls73hra28ry8jlnlc3ejzh3dl2ju7xxpjxqgqq94q52uky0frd8sge5jnfwnm89zclmrg35ltra3y,active,Human-like / Daytime,0.0,1.0,44,0.0602739726027397,0.2407112378829948,367283.6511627907,2.615514647662288,0.4468284062150997,0.8123209829297607,0.7973316738586452,150.0,80194.9857
ckb1qrgqep8saj8agswr30pls73hra28ry8jlnlc3ejzh3dl2ju7xxpjxqgqq97nlhckh68mupdw9w33xhp4hedejskhxs9ef2y4,active,Miner / Heavy Activity,2.0,1.0,735,1.0068493150684932,1.0082014162384887,85813.91553133515,0.9521247559495746,-0.0245246846568151,0.3924226803760233,0.9991853788573182,8146.40807897,23175.805536220007
ckb1qrgqep8saj8agswr30pls73hra28ry8jlnlc3ejzh3dl2ju7xxpjxqgqq9ef4udwfyuwywlsqwy08wpapagss8ej8yxj50cr,active,Miner / Heavy Activity,2.0,1.0,886,1.2136986301369863,1.21652604250016,71102.1581920904,7.274612283855222,0.7582968323600799,0.8921671376595921,0.9913461050880868,28634771.6007033,36941472.71923124
ckb1qrgqep8saj8agswr30pls73hra28ry8jlnlc3ejzh3dl2ju7xxpjxqgqq9fmlyjt4ydumr7u27ltfz3vjfj2s2hgmgwc8awk,active,Human-like / Daytime,0.0,1.0,3,0.0041095890410958,3.0,107.5,0.6744186046511628,-0.1944444444444444,-0.0,-0.0,26530.99889241,20003.99996558
ckb1qrgqep8saj8agswr30pls73hra28ry8jlnlc3ejzh3dl2ju7xxpjxqgqq9fz7cfu5xla5nd3ay686gm2ajnzh89h8c48k7uz,active,Miner / Heavy Activity,2.0,1.0,719,0.9849315068493152,0.9863529861273946,87717.41504178273,0.2579826864201842,-0.5898469999546332,0.5957327986900872,0.9998149550043712,22492.0,23691.0
ckb1qrgqep8saj8agswr30pls73hra28ry8jlnlc3ejzh3dl2ju7xxpjxqgqq9m8eyncfhezf8s68djzwk5f9yjgwc6frqej2wsh,active,Miner / Heavy Activity,2.0,1.0,352,0.4821917808219178,0.4954501871353712,174883.68376068375,4.055101047450149,0.6043600352936915,0.7917932544416906,0.9985784274882896,12461.07170439,59952.75955345
ckb1qrgqep8saj8agswr30pls73hra28ry8jlnlc3ejzh3dl2ju7xxpjxqgqqx0f0kn59zeww42ufe72s3zp843zjtm70qknllc8,active,Miner / Heavy Activity,2.0,1.0,114,0.1561643835616438,0.1567156239109512,556195.9911504425,4.884398760608793,0.6601182072519703,0.8885028377284766,0.943315335498934,705132.88387839,1240947.8153344698
ckb1qrgqep8saj8agswr30pls73hra28ry8jlnlc3ejzh3dl2ju7xxpjxqgqqx8ced038s4z2vxfkqu7jzdcqs7q6qhxjqxupv3g,active,Human-like / Daytime,0.0,1.0,3,0.0041095890410958,0.0538826928873598,2405225.0,0.9998515731376484,-7.421893921801512e-05,0.2002842627197175,-0.0,500.00000000000006,1550519.93380811
ckb1qrgqep8saj8agswr30pls73hra28ry8jlnlc3ejzh3dl2ju7xxpjxqgqqxamnrpernhha9nsyus0k6f8a6ays6t0cusm37pn,active,Miner / Heavy Activity,2.0,1.0,1184,1.621917808219178,1.624331100876297,53236.08875739645,0.7881411925509182,-0.1184799099375644,0.6806749760462611,0.993258530729719,240421.1774808,1059556.9645833
ckb1qrgqep8saj8agswr30pls73hra28ry8jlnlc3ejzh3dl2ju7xxpjxqgqqxeawela8galsacxfd7d4xaymhy9jpmqeqyruqve,active,Human-like / Daytime,0.0,1.0,3,0.0041095890410958,0.0041202301599989,31454553.5,0.9915256148843442,-0.0042552227560216,0.2002842627197175,0.3271035759815648,978.99,0.0
ckb1qrgqep8saj8agswr30pls73hra28ry8jlnlc3ejzh3dl2ju7xxpjxqgqqxmkl3lngrcklwa8grdc8ja6n4s40pu4sc0w0aln,active,Human-like / Daytime,0.0,1.0,26,0.0356164383561643,0.0412694561125127,2177300.32,4.409616036559728,0.6302879933652537,0.5756915110697386,0.6760183737279534,47770.926681690005,51188.93726597
ckb1qrgqep8saj8agswr30pls73hra28ry8jlnlc3ejzh3dl2ju7xxpjxqgqqxuz9n0wyhs86wrqr5309qaz5jsxe3805gnlmc95,active,Human-like / Daytime,0.0,1.0,1,0.0013698630136986,1.0,,,,-0.0,-0.0,10001.99998279,0.0
ckb1qrgqep8saj8agswr30pls73hra28ry8jlnlc3ejzh3dl2ju7xxpjxqgqqxvxkq3zapxvyv6qktfyhq84puycg59s2q0smpl6,active,Miner / Heavy Activity,2.0,1.0,731,1.001369863013699,1.0101819354005557,85646.31095890411,0.4719869874987683,-0.3587076631692531,0.7802845303883541,0.9998523148999184,1047.0,4808.89116828
ckb1qrgqep8saj8agswr30pls73hra28ry8jlnlc3ejzh3dl2ju7xxpjxqgqqy5z928yw33t5enjqglmeq7w23dk99q7qvm3yvlr,active,Human-like / Daytime,0.0,1.0,15,0.0205479452054794,9.077219401155665,10198.214285714286,2.4153302041618803,0.4144050851765888,0.4702138992056592,0.2571559759740807,900.0,1798.99878932
ckb1qrgqep8saj8agswr30pls73hra28ry8jlnlc3ejzh3dl2ju7xxpjxqgqqydhfg585sfcxu5gpaqs5sme8rn30c5yagaawuq2,active,Miner / Heavy Activity,2.0,1.0,717,0.9821917808219178,0.9836093060547176,87962.43575418994,0.2521744020801647,-0.597221598427117,0.5961546177067201,0.9998545306309208,22428.0,23618.0
ckb1qrgqep8saj8agswr30pls73hra28ry8jlnlc3ejzh3dl2ju7xxpjxqgqqygpfd4a3nnel8tg9ntkwayy9hx537qf4yyyg3v0,unused,Dormant / No Activity,,,0,0.0,,,,,,,0.0,0.0
ckb1qrgqep8saj8agswr30pls73hra28ry8jlnlc3ejzh3dl2ju7xxpjxqgqqyknjsdgjmz9a475mzuledqlm82yujj4vu8xllec,active,Miner / Heavy Activity,2.0,1.0,658,0.9013698630136986,0.9046205562845496,95655.0304414003,5.579546621878643,0.6960276877817846,0.8893293459181596,0.9821151098676904,2945269.73507136,7314001.79099753
ckb1qrgqep8saj8agswr30pls73hra28ry8jlnlc3ejzh3dl2ju7xxpjxqgqqym5d4n465eu93tdcz5sycepdkatjahp9uwdcpfy,active,Miner / Heavy Activity,2.0,1.0,721,0.9876712328767124,0.9890970745213348,87473.71944444445,0.2626853307170132,-0.5839259008927459,0.600437920343109,0.9997798845989928,39436.0,32695.99987782
ckb1qrgqep8saj8agswr30pls73hra28ry8jlnlc3ejzh3dl2ju7xxpjxqgqqymvu6d289ggsyudpamr4g6ayz62gpp34qzy30vs,active,Miner / Heavy Activity,2.0,1.0,698,0.9561643835616438,0.9571031252145488,90401.91965566714,0.5425260128396616,-0.2965745688256932,0.8573396128898556,0.9999725563940268,30555.38894312,30555.38137072
ckb1qrgqep8saj8agswr30pls73hra28ry8jlnlc3ejzh3dl2ju7xxpjxqgqqytevmf523qgwexunz0pf59ysl6dvxvvusuft43p,active,Miner / Heavy Activity,2.0,1.0,110,0.1506849315068493,0.1521856486851626,572936.1559633027,2.479499155204341,0.4252046312445374,0.8922209645246253,0.9678777820616564,5022651.52428033,8989735.062288221
ckb1qrgqep8saj8agswr30pls73hra28ry8jlnlc3ejzh3dl2ju7xxpjxqgqqyxaafkpxklf820ugttkjd0409k73djjhue0s8ej,active,Human-like / Daytime,0.0,1.0,44,0.0602739726027397,0.5503243665320098,160649.44186046513,1.8323204415388747,0.2938652100701759,0.8778478445641222,0.9871336321578644,2033.89856778,2842.23405311
ckb1qrj9k8u0yxllyvfhqddr4d636adnd2vpmmkru7pqr99ecppfvl60zq2jdhmvxjtkj8fx84gevn93j5eyc2xtgmg63glfg,active,Human-like / Daytime,0.0,1.0,2,0.0027397260273972,2.0,,,,-0.0,-0.0,749.99999462,1500.0
ckb1qrj9k8u0yxllyvfhqddr4d636adnd2vpmmkru7pqr99ecppfvl60zqfd4pj6za0jzhxvsk960aw4ylu48hmrtjq8ec8zj,active,Human-like / Daytime,0.0,1.0,2,0.0027397260273972,2.0,,,,-0.0,-0.0,749.99999462,1500.0
ckb1qrj9k8u0yxllyvfhqddr4d636adnd2vpmmkru7pqr99ecppfvl60zqfuh3ru2j5lmm6cl4tt7dqme28545t9yzsyhsyzg,unused,Dormant / No Activity,,,0,0.0,,,,,,,0.0,0.0
ckb1qrj9k8u0yxllyvfhqddr4d636adnd2vpmmkru7pqr99ecppfvl60zqgjydsp6tgswnf7rg5u2j2v20cvcm55dygutu3en,unused,Dormant / No Activity,,,0,0.0,,,,,,,0.0,0.0
ckb1qrlh3whq40ch67jqfs97p7ddnjgctvlc3hxxqsp5202m4rslyt6n5qh3068szf235yxw9c3px3rzgxkxnf2ynq7ys5kam9r42sn5a2x845q7rg9y,active,Human-like / Daytime,0.0,1.0,2,0.0027397260273972,0.0076047411159966,,,,-0.0,0.3562071871080222,22740.99939502,22500.0
ckb1qrlh3whq40ch67jqfs97p7ddnjgctvlc3hxxqsp5202m4rslyt6n5qn0ta0jq68jgwzvzpy82w8sugs9cvvza3fz0flwr67avv068nsst5uevzjl,active,Human-like / Daytime,0.0,1.0,2,0.0027397260273972,0.0076047588538889,,,,-0.0,0.3562071871080222,1438.99939502,1200.0
ckb1qzda0cr08m85hc8jlnfp3zer7xulejywt49kt2rr0vthywaa50xwsq0259kv0x5jez6h0l5qr52k64weapapgyscsnmhn,unused,Dormant / No Activity,,,0,0.0,1262.191512293921,68.45332330282386,1.0328806845460774,0.0161744291221987,0.9998985238040804,0.9991205275476552,581556.13820991,0.0
ckb1qzda0cr08m85hc8jlnfp3zer7xulejywt49kt2rr0vthywaa50xwsq02lstf96jmmavf7uln9acpkedt2clz3tqc6chk8,active,Bot-like / Consistent,1.0,1.0,106,0.1452054794520547,1.9841534633859728,43959.73333333333,1.2685963044431303,0.1183975764736434,0.955034963325468,0.9765578184980128,442123.40464852,899515.5787385397
ckb1qzda0cr08m85hc8jlnfp3zer7xulejywt49kt2rr0vthywaa50xwsq02rtsalknt9nezey405ay2gek8v5x0ncc3fd62k,active,Bot-like / Consistent,1.0,1.0,752,1.03013698630137,1.7947043889887409,48205.73635153129,2.108185992686797,0.3565378633370817,0.0287839207520705,0.9999564647244524,858507.34128346,858565.50145292
ckb1qzda0cr08m85hc8jlnfp3zer7xulejywt49kt2rr0vthywaa50xwsq02u38k4kh65ek037y6ladw8h387u78pcs8gc8lh,active,Human-like / Daytime,0.0,1.0,35,0.047945205479452,1.0294257819414752,86398.82352941176,0.003534603986671,-0.9929556908697929,-0.0,1.0,0.0,188358.68573747
ckb1qzda0cr08m85hc8jlnfp3zer7xulejywt49kt2rr0vthywaa50xwsq03gy6qc59208692fxn2pa2pln3xwcwdxsc7p7te,active,Bot-like / Consistent,1.0,0.9999999999999432,986,1.3506849315068492,1.351164068612991,64009.7807106599,9.096436753584427,0.8019103126367861,0.9955782289894192,0.9984715394701495,65041.87998762,481707.03084667
ckb1qzda0cr08m85hc8jlnfp3zer7xulejywt49kt2rr0vthywaa50xwsq03vvfm7dufx0a80zj27h4f5qjvygtelpshfz360,active,Human-like / Daytime,0.0,1.0,2,0.0027397260273972,2.0,,,,0.2181042919855315,-0.0,133095.73121311,131744.68449825
ckb1qzda0cr08m85hc8jlnfp3zer7xulejywt49kt2rr0vthywaa50xwsq03z3ekhq3qhe4tz8v5kf3z08gxphswumg02rsqc,active,Bot-like / Consistent,1.0,1.0,782,1.0712328767123287,1.0721811157854455,80686.5800256082,6.246538008240446,0.7240061395212877,0.9849593084761016,0.9850257697896816,369869852.6266593,369869939.0140687
ckb1qzda0cr08m85hc8jlnfp3zer7xulejywt49kt2rr0vthywaa50xwsq046dyalzv28h7wt8fqzhhskeedyh6fpugkydwwj,active,Bot-like / Consistent,1.0,0.9999999985762962,38,0.0520547945205479,0.3959328607270708,224116.62162162163,1.5294827594912104,0.2093245180282282,0.893348338385696,0.9584220590086026,301665524.8727269,169342313.79999998
ckb1qzda0cr08m85hc8jlnfp3zer7xulejywt49kt2rr0vthywaa50xwsq04avg2cjv4t0vh2v7zuztvcctzy860fjs9esl5u,active,Human-like / Daytime,0.0,1.0,7,0.0095890410958904,0.0117764520961266,8559454.0,1.0756646941470696,0.0364532356119115,0.4018290210415738,0.7580392711198944,685971.15205967,210428.99805053
ckb1qzda0cr08m85hc8jlnfp3zer7xulejywt49kt2rr0vthywaa50xwsq04vdv80ce23y6cs8050zkhdnm6v39y6ysd7rhfz,unused,Dormant / No Activity,,,0,0.0,8.546754058545858,10112.471823941314,2.294867981477993,0.39299540641903,0.9987292284196874,0.999555744787948,3687.68049482,285148.06990908994
ckb1qzda0cr08m85hc8jlnfp3zer7xulejywt49kt2rr0vthywaa50xwsq059gaxh9mhygyzgpps4edtqdsumgslcdq3ejtuw,active,Bot-like / Consistent,1.0,1.0,415,0.5684931506849316,0.570055071936861,151930.40096618357,1.7983750314068043,0.2852995121977785,0.116765870030069,0.9969746001034152,3472733.2927364595,27272.46167057
ckb1qzda0cr08m85hc8jlnfp3zer7xulejywt49kt2rr0vthywaa50xwsq05jzhp0f28a78e9vnyvk4vfmw60xaqadgfyz8es,unused,Dormant / No Activity,,,0,0.0,7.356701418566169,11748.310103367789,6.867805947327595,0.7457995261462536,0.9872542429062068,0.9906963349300104,280766927.9475484,1008880778.78
ckb1qzda0cr08m85hc8jlnfp3zer7xulejywt49kt2rr0vthywaa50xwsq05k3xttu6lzuy260j06mql7tqpgwcznlcvx836h,active,Human-like / Daytime,0.0,1.0,1,0.0013698630136986,1.0,,,,-0.0,-0.0,200198.97968454,0.0
ckb1qzda0cr08m85hc8jlnfp3zer7xulejywt49kt2rr0vthywaa50xwsq05n6zvckahhuks4wl9rznllcfgralwl3gqs5rqt,active,Bot-like / Consistent,1.0,1.0,244,0.3342465753424657,0.3379414544194458,256717.70781893004,2.3426085323953125,0.401664903138747,0.0951009367551411,0.9917268308737992,3038907.14070222,15262.3139349
ckb1qzda0cr08m85hc8jlnfp3zer7xulejywt49kt2rr0vthywaa50xwsq05uu85tpqrf75arfkskcnwjsaj5f6c05qtmqdm9,active,Bot-like / Consistent,1.0,1.0,473,0.647945205479452,1.2764969748509745,67828.6377118644,1.506602231111265,0.2021071492011999,0.1907782242295152,0.9989440939546264,3331044.0538224503,102426.17007522
ckb1qzda0cr08m85hc8jlnfp3zer7xulejywt49kt2rr0vthywaa50xwsq06cwnwfzz5sv5ps5w6ewtm6q9upj8klyc7qt4xy,active,Human-like / Daytime,0.0,1.0,3,0.0041095890410958,0.0182799382121162,7089739.5,0.9980076842033476,-0.0009971512183881,0.3456871240434053,0.3271035759815648,1700510.634198,100501.3
ckb1qzda0cr08m85hc8jlnfp3zer7xulejywt49kt2rr0vthywaa50xwsq06hq9768t33hwp5cxyq4kxaskw7xgrqhgyj6gz0,active,Bot-like / Consistent,1.0,1.0,1380,1.8904109589041096,1.8936492757044048,45659.27556200145,1.3340549958962855,0.1431221614244815,0.3510117918168541,0.9999726681978776,1171626.01751756,1171681.32746588
ckb1qzda0cr08m85hc8jlnfp3zer7xulejywt49kt2rr0vthywaa50xwsq06s99smdcvprv0vpjw74v7yr3gfsz63tsmgym2k,active,Bot-like / Consistent,1.0,0.9999999999999574,55,0.0753424657534246,0.4861425834099751,181016.85185185185,2.92232409886358,0.4900982301336438,0.6936244267622076,0.9839793216873616,293689113.0506805,831089.86066241
ckb1qzda0cr08m85hc8jlnfp3zer7xulejywt49kt2rr0vthywaa50xwsq0764vl97f7teu43k9x9v93fr9330zgf0cr43nr7,unused,Dormant / No Activity,,,0,0.0,1796.9625632799316,48.09719438877755,0.4235916764635813,-0.4048972279525437,0.9885971611532256,0.3456497898661155,0.0,0.0
ckb1qzda0cr08m85hc8jlnfp3zer7xulejywt49kt2rr0vthywaa50xwsq07j9vt4j4pr582tmmhg2r25g09e8lqhzq67lmrn,active,Bot-like / Consistent,1.0,1.0,64,0.0876712328767123,0.0987021513181305,889255.4761904762,4.939680379759841,0.6632815451122193,0.8396234532263975,0.9896595120069096,111114.61778565,111114.62231352
ckb1qzda0cr08m85hc8jlnfp3zer7xulejywt49kt2rr0vthywaa50xwsq07ky0r9mzffqwrv5ah6p8h9z47lg2p3acrhyltk,unused,Dormant / No Activity,,,0,0.0,,,,,,,0.0,3218757.0884529403
ckb1qzda0cr08m85hc8jlnfp3zer7xulejywt49kt2rr0vthywaa50xwsq07r6d4agdqwld880vzslwy3aj28mh3axq7pjrfc,unused,Dormant / No Activity,,,0,0.0,,,,,,,0.0,725779.2476711201
ckb1qzda0cr08m85hc8jlnfp3zer7xulejywt49kt2rr0vthywaa50xwsq07vlts907h0ev3vz40qttyg6qx7xh3xlqgyyr4j,active,Bot-like / Consistent,1.0,0.9999999999999858,1144,1.5671232876712329,1.56974176387267,55089.05511811024,2.815718131084078,0.4758522691423796,0.4410466978598461,0.9998163942845644,2310035.22408994,2310093.92135562
ckb1qzda0cr08m85hc8jlnfp3zer7xulejywt49kt2rr0vthywaa50xwsq07zh8qks3jgz4rzfnnvz6l3669qm0nrugucl40c,active,Bot-like / Consistent,1.0,1.0,538,0.736986301369863,0.7379571868239894,117297.98882681564,14.21523323435758,0.8685527872498338,0.1973003132895545,0.9997956446332358,6816378.873493,664437.65567616
ckb1qzda0cr08m85hc8jlnfp3zer7xulejywt49kt2rr0vthywaa50xwsq084l0edu0ucchdngufewmh2mp2mlmqk8cqsq99n,active,Bot-like / Consistent,1.0,1.0,2128,2.915068493150685,35.18682821113261,2456.6187118006583,1.3378460811825088,0.1445116870190284,0.9981979757476236,0.9975067517831256,877836.51599662,877836.77136566
ckb1qzda0cr08m85hc8jlnfp3zer7xulejywt49kt2rr0vthywaa50xwsq087uc2epsa0ft08zu747g30c6zuh2lyxcsqugmn,active,Bot-like / Consistent,1.0,0.9999999999999929,1568,2.147945205479452,7.655041267378006,11293.882578174856,2.041859867079898,0.342507515995487,0.9966213912284017,0.9938384520820468,20147955.18856833,445198.09074948
ckb1qzda0cr08m85hc8jlnfp3zer7xulejywt49kt2rr0vthywaa50xwsq08d3jlwgma52gm4mz6fchyah7ruhk8y4swey2xv,active,Human-like / Daytime,0.0,1.0,2,0.0027397260273972,2.0,,,,-0.0,-0.0,481.99971078,481.99994666
ckb1qzda0cr08m85hc8jlnfp3zer7xulejywt49kt2rr0vthywaa50xwsq08np8nmp86cyutmm8glcmp36udhrkquhgpeccr6,active,Bot-like / Consistent,1.0,1.0,116,0.1589041095890411,0.1910990594571973,456053.0260869565,5.126043295123657,0.6735249975147901,0.0997240821332021,0.9896897337925634,805142.1700898801,12817.134497239998
ckb1qzda0cr08m85hc8jlnfp3zer7xulejywt49kt2rr0vthywaa50xwsq08nxknd7g5pzwe9mmdcqtqfs5f8ckh8fq34kxj8,active,Bot-like / Consistent,1.0,1.0,536,0.7342465753424657,4.710618839362775,18375.82242990654,1.1463929302567497,0.0682041615927417,0.987639328133492,0.9971543911643144,776076.2708801101,770943.86300006
ckb1qzda0cr08m85hc8jlnfp3zer7xulejywt49kt2rr0vthywaa50xwsq09qn6u0gmgf2fxgw6re5ntcaexrxlsrmsls56gk,active,Human-like / Daytime,0.0,1.0,2,0.0027397260273972,0.0591673226546816,,,,0.2181042919855315,0.3562071871080222,472009855.5178453,472009855.5179994
ckb1qzda0cr08m85hc8jlnfp3zer7xulejywt49kt2rr0vthywaa50xwsq09rwsv5zvm3658ugyssehs360eh82v7zclyn32u,active,Miner / Heavy Activity,2.0,1.0,128,0.1753424657534246,0.1805249061345413,482372.8582677165,9.036078946549129,0.8007189849091719,0.947692392127467,0.9953988639729424,1226916.03562894,64246.79898482001
ckb1qzda0cr08m85hc8jlnfp3zer7xulejywt49kt2rr0vthywaa50xwsq0a7apfhwtpcrx2vwh4rverv53y377dgsqtkmuyv,active,Miner / Heavy Activity,2.0,1.0,1842,2.5232876712328767,7.060534323439327,12243.681151548071,2.548124417363615,0.4363219084955108,0.924226039279161,0.9925077193524044,8680184134.834467,9087741296.773457
ckb1qzda0cr08m85hc8jlnfp3zer7xulejywt49kt2rr0vthywaa50xwsq0anafacyafq0j2rek0jx5rztanvvw9kcqdtkwna,active,Bot-like / Consistent,1.0,1.0,785,1.0753424657534247,14.353860414717872,6026.964285714285,1.5218198489590935,0.2069219374153471,0.996210686447966,0.9959358722443524,8319924.78061301,284796.45281697
ckb1qzda0cr08m85hc8jlnfp3zer7xulejywt49kt2rr0vthywaa50xwsq0anxptffq8enukzzyc9yjry5kt3ugua2gg39eh9,active,Human-like / Daytime,0.0,1.0,10,0.0136986301369863,1.11108967805405,86401.66666666667,0.0068624509769552,-0.9863686425682144,-0.0,0.9695703501901252,0.0,2172.66169385
ckb1qzda0cr08m85hc8jlnfp3zer7xulejywt49kt2rr0vthywaa50xwsq0atd3ep6w47442fk86cxg5n0nsactvlts9nzk3r,active,Bot-like / Consistent,1.0,0.9999999999999929,1671,2.289041095890411,14.21143134390842,6083.253293413174,1.118410164456927,0.0558957686493554,0.997637643403722,0.9994853309523564,496081.61903073,496081.81844957
ckb1qzda0cr08m85hc8jlnfp3zer7xulejywt49kt2rr0vthywaa50xwsq0c46k06e2fp7rg9aq9yqxwaat763nrpegmdg0qn,active,Bot-like / Consistent,1.0,1.0,208,0.284931506849315,0.2885108074598936,300915.56038647343,12.19316482595219,0.8484063508351073,0.4493933313038617,0.9995254403669864,476903.26083432,476903.27208082
ckb1qzda0cr08m85hc8jlnfp3zer7xulejywt49kt2rr0vthywaa50xwsq0c46rcy6f2qav3ddfgv2540mz6vl7knlc0pl0a0,active,Human-like / Daytime,0.0,1.0,16,0.021917808219178,0.0220920044730555,4171645.0,3.0793659905745434,0.5097277359714623,0.6337323504330834,0.6788023299999631,133958.81890811998,133958.81940118002
ckb1qzda0cr08m85hc8jlnfp3zer7xulejywt49kt2rr0vthywaa50xwsq0ccj0jne37a2e7g4aw9473j0wju4xx2ag7zssne,active,Bot-like / Consistent,1.0,1.0,196,0.2684931506849315,1.9997786998486209,43426.34358974359,0.9938939431955308,-0.0030623779290302,0.0100747694495561,0.9996251193695228,1585188.4696640896,1585188.4951075302
ckb1qzda0cr08m85hc8jlnfp3zer7xulejywt49kt2rr0vthywaa50xwsq0cl8tlydpzpp6wzeuzfsm926sp9m0rpqqt2qecr,active,Bot-like / Consistent,1.0,0.9999999999153033,90,0.1232876712328767,0.1520971390598558,574440.6966292135,6.920916576424687,0.7475039686754594,0.8866496114833725,0.971593886858546,3093022.6356726894,2572933.02470668
ckb1qzda0cr08m85hc8jlnfp3zer7xulejywt49kt2rr0vthywaa50xwsq0cq8e9avklws5c6s8zqkh4gluc0q2jrasq93la2,unused,Dormant / No Activity,,,0,0.0,11.369859738830987,7601.572190730243,1.267103042316705,0.1178168955407328,0.998727864761095,0.9996109869110704,191229.13777295,108129.44643663
ckb1qzda0cr08m85hc8jlnfp3zer7xulejywt49kt2rr0vthywaa50xwsq0d430ajed30h2df3d4eudc2d2jr45mr2qtpx9rj,unused,Dormant / No Activity,,,0,0.0,10.343634947263624,8355.748249416472,1.1458765956277646,0.0679799555692013,0.9984596845876392,0.9997457095245712,199552.19150888,93045.76925766
ckb1qzda0cr08m85hc8jlnfp3zer7xulejywt49kt2rr0vthywaa50xwsq0d9ma6yrsj0r83e5qhf0ja2x39ph8gc0qgkmu25,active,Bot-like / Consistent,1.0,1.0,1399,1.916438356164384,1.9180362939989928,45078.29327610873,0.3325066037359742,-0.5009306478426161,0.2592471580654268,0.9996386460302412,1271426132.5059366,891143.99622439
ckb1qzda0cr08m85hc8jlnfp3zer7xulejywt49kt2rr0vthywaa50xwsq0dtptjfpdqwdy4u8uukg2msx5l7vhwt4q2t2k08,active,Bot-like / Consistent,1.0,1.0,828,1.1342465753424658,1.138898068931677,75954.53567110037,1.3732063277193172,0.1572582726416262,0.1194098996000554,0.9996328658969946,6913642.3664715495,75768.98472112
ckb1qzda0cr08m85hc8jlnfp3zer7xulejywt49kt2rr0vthywaa50xwsq0e79jhf82c52wjwz95sv4lms78akfvdesz5vfwc,active,Human-like / Daytime,0.0,1.0,2,0.0027397260273972,0.0381240328343232,,,,0.2181042919855315,0.3562071871080222,46241.99878206,46241.9989
ckb1qzda0cr08m85hc8jlnfp3zer7xulejywt49kt2rr0vthywaa50xwsq0ejdewpqqsdy22zke90ug9h9u0jvlqskcjysp8m,active,Human-like / Daytime,0.0,1.0,2,0.0027397260273972,2.0,,,,-0.0,-0.0,148564.34997478,297128.69997204
ckb1qzda0cr08m85hc8jlnfp3zer7xulejywt49kt2rr0vthywaa50xwsq0er7n9s6mrsravyz79mjqpl97j7tg48ased4uwq,active,Human-like / Daytime,0.0,1.0,1,0.0013698630136986,1.0,,,,-0.0,-0.0,0.0,9800.0
ckb1qzda0cr08m85hc8jlnfp3zer7xulejywt49kt2rr0vthywaa50xwsq0fjsxk3ufezyljeglltk69mhtgrruqsusa36w9h,active,Human-like / Daytime,0.0,1.0,2,0.0027397260273972,2.0,,,,-0.0,-0.0,8297.81064412,8297.81088
ckb1qzda0cr08m85hc8jlnfp3zer7xulejywt49kt2rr0vthywaa50xwsq0g3rymnznt4dm00ep5yekxtdulmepc85g8av65a,active,Bot-like / Consistent,1.0,1.0,1436,1.9671232876712328,1.96974158366046,43894.18885017421,0.9836340778680812,-0.0082504743765585,0.2051737489735145,0.9999434809435698,18061192.96325034,1938256.99922297
ckb1qzda0cr08m85hc8jlnfp3zer7xulejywt49kt2rr0vthywaa50xwsq0g42eercj9puzjr3aj5qzej2kky9xvgrqcqehre,active,Bot-like / Consistent,1.0,1.0,519,0.7109589041095891,0.8731297406585656,99145.39768339768,8.00092312507578,0.7778005686518781,0.0749528930676866,0.9981307107975436,1620571.86180163,1620629.54963206
ckb1qzda0cr08m85hc8jlnfp3zer7xulejywt49kt2rr0vthywaa50xwsq0gc0l4ju4sqmn2zcvhsv54srw725z40ac9kk09c,unused,Dormant / No Activity,,,0,0.0,8.538980727039522,10121.677559186395,2.3651155601690466,0.4056667700589961,0.9527779516039496,0.998944360584076,1527253892.3174872,451343.07878707
ckb1qzda0cr08m85hc8jlnfp3zer7xulejywt49kt2rr0vthywaa50xwsq0gcpdgn07xeev0gcfc9eskt7zvmnvwyuqv3vek3,active,Bot-like / Consistent,1.0,1.0,714,0.978082191780822,0.9797577309762856,88308.74754558205,6.5162453228483095,0.7339096963852036,0.3298627909698468,0.9998523453979044,1510782.5394183302,1510806.4338044398
ckb1qzda0cr08m85hc8jlnfp3zer7xulejywt49kt2rr0vthywaa50xwsq0gk6md9mexs90tmr5tq2lu58zjf22jvqg2eq8hj,active,Human-like / Daytime,0.0,1.0,30,0.0410958904109589,0.2977801249918288,300152.0344827586,0.4107893049264298,-0.417646131152303,0.8148907242742762,0.9266784402204392,4500.0,14602.14604192
ckb1qzda0cr08m85hc8jlnfp3zer7xulejywt49kt2rr0vthywaa50xwsq0gtpf9ptxw2y59p8wmpw4hjsnyxua6mcq6naedm,unused,Dormant / No Activity,,,0,0.0,,,,,,,0.0,48634.93261278
ckb1qzda0cr08m85hc8jlnfp3zer7xulejywt49kt2rr0vthywaa50xwsq0guyenkvxw036k2zukneprz8x4erevtgs958r7v,active,Human-like / Daytime,0.0,1.0,2,0.0027397260273972,2.0,,,,0.2181042919855315,-0.0,0.0,131436.43
ckb1qzda0cr08m85hc8jlnfp3zer7xulejywt49kt2rr0vthywaa50xwsq0hdpsvr460r784ym6afepeygsacdj7vksh7jjd6,active,Bot-like / Consistent,1.0,1.0,1456,1.9945205479452053,1.9972264236924615,43289.72439862543,0.990036526059478,-0.0050066789277737,0.0621354481778132,0.9999610915698436,2732192.67781957,2732251.25480202
ckb1qzda0cr08m85hc8jlnfp3zer7xulejywt49kt2rr0vthywaa50xwsq0jlpszzdm77mdd9hrknh9ppd9g850pfcs3yqwhx,active,Bot-like / Consistent,1.0,1.0,2534,3.4712328767123286,3.616268212108893,23901.46545598105,3.575157036293072,0.5628565349484792,0.980735965363062,0.9928942517209184,426058374.2604457,428006349.928
ckb1qzda0cr08m85hc8jlnfp3zer7xulejywt49kt2rr0vthywaa50xwsq0k5jc20yyf62n2879zxymntrhyke0zg9crdzqfz,active,Human-like / Daytime,0.0,1.0,20,0.0273972602739726,0.028492595288934,3191965.052631579,3.1504631821575493,0.5181260711821726,0.656209286136934,0.8801703607335927,278085.33771028,108684.41496154
ckb1qzda0cr08m85hc8jlnfp3zer7xulejywt49kt2rr0vthywaa50xwsq0k8gu6ynsad22synmfldq806qtp7mpkpcxd0jp5,unused,Dormant / No Activity,,,0,0.0,4.981570686931306,17349.710570190062,1.156736339573,0.0726729256131657,0.9865856086620008,0.999624536759078,54803319.90916548,183706.3603739
ckb1qzda0cr08m85hc8jlnfp3zer7xulejywt49kt2rr0vthywaa50xwsq0kc5h0xhqlmc2y7d6w3lghpg60xda5e0cynpnzj,active,Bot-like / Consistent,1.0,0.9999999991714148,2304,3.156164383561644,3.1607598935146357,27347.06817194963,1.0895315365989,0.0428476598848702,0.9972366622385562,0.999726267328186,1299193.3467837,1299289.3351174202
ckb1qzda0cr08m85hc8jlnfp3zer7xulejywt49kt2rr0vthywaa50xwsq0kjhyk3k6yh6s0x0qhcfzu42l0nshm5rsmfmr6g,active,Bot-like / Consistent,1.0,1.0,1640,2.246575342465753,2.249528419172543,38431.48383160464,1.0888522028689325,0.0425363760762481,0.365886500821226,0.9999857050543264,5618610.53375463,5618667.604595959
ckb1qzda0cr08m85hc8jlnfp3zer7xulejywt49kt2rr0vthywaa50xwsq0klfn2n06tvww62dplr3rlawsgrn6hrxgrp7xfh,active,Bot-like / Consistent,1.0,1.0,387,0.5301369863013699,0.5352698123693354,161832.09326424872,1.208111080342724,0.094248465213273,0.1317608415036645,0.9954701047851432,3448994.4253812395,24255.73887922
ckb1qzda0cr08m85hc8jlnfp3zer7xulejywt49kt2rr0vthywaa50xwsq0l05nyuesryj4upnexyk2wzw0upsn8m7q7c6g0e,active,Human-like / Daytime,0.0,1.0,2,0.0027397260273972,2.0,,,,0.2181042919855315,-0.0,405000.0,188806.68204991
ckb1qzda0cr08m85hc8jlnfp3zer7xulejywt49kt2rr0vthywaa50xwsq0m0zyttfjaw4ft9sjyz8rv2jnk2e66e5c89pdn5,active,Human-like / Daytime,0.0,1.0,2,0.0027397260273972,2.0,,,,-0.0,-0.0,373.97754152,373.97954152
ckb1qzda0cr08m85hc8jlnfp3zer7xulejywt49kt2rr0vthywaa50xwsq0mmaezyca50v248mvc47vss8sxtrt0h9c4z835r,active,Bot-like / Consistent,1.0,1.0,1308,1.7917808219178082,1.79421153591307,48191.700841622034,2.8920065388973044,0.4861262487583985,0.0581946785396081,0.9999675364196632,1124772.91201394,1124830.00016665
ckb1qzda0cr08m85hc8jlnfp3zer7xulejywt49kt2rr0vthywaa50xwsq0msaj6cvf2tgju69tdu4sfreu2uch2ynqsm7elv,unused,Dormant / No Activity,,,0,0.0,,,,,,,0.0,17162.569601799998
ckb1qzda0cr08m85hc8jlnfp3zer7xulejywt49kt2rr0vthywaa50xwsq0msjj9yjj2n6dtuafzzj6uen3p7mt966sfkapz2,active,Human-like / Daytime,0.0,1.0,1102,1.5095890410958903,7.307907689587079,11833.547683923704,6.476315987930325,0.7324885674670818,0.9986798206879292,0.9986526653740736,0.0,714266.33560465
ckb1qzda0cr08m85hc8jlnfp3zer7xulejywt49kt2rr0vthywaa50xwsq0muw495z9pexgx7eftmgehycxjvtc89nsvmddpk,active,Human-like / Daytime,0.0,1.0,1,0.0013698630136986,1.0,,,,-0.0,-0.0,0.0,552081.78
ckb1qzda0cr08m85hc8jlnfp3zer7xulejywt49kt2rr0vthywaa50xwsq0p2y5tnuw0y02sequmjwswja4v5ywc3ag3xanwy,active,Bot-like / Consistent,1.0,1.0,814,1.115068493150685,1.9999736103218224,43253.70725707257,1.0009141322430637,0.0004568573075341,0.0485365400478537,0.9999471890307668,373951.63623695,373951.92737332
ckb1qzda0cr08m85hc8jlnfp3zer7xulejywt49kt2rr0vthywaa50xwsq0p80per28ltwd4sm2052pjt4z8unckpucj6e5pc,active,Miner / Heavy Activity,2.0,1.0,142,0.1945205479452054,0.1950759012493758,446045.695035461,2.0391368648207018,0.3419184166561077,0.8311150323157821,0.9961479643979912,23811197.11631596,22621778.485087853
ckb1qzda0cr08m85hc8jlnfp3zer7xulejywt49kt2rr0vthywaa50xwsq0pqtmdkm4krzmr2frcwaug2zdndcm9mcgj0lp5q,unused,Dormant / No Activity,,,0,0.0,10.467231024872758,8257.084361453817,1.01513440816429,0.007510371567759,0.9979824561755544,0.999891014396784,82281.01697417,208231.45575334
ckb1qzda0cr08m85hc8jlnfp3zer7xulejywt49kt2rr0vthywaa50xwsq0pv054z4htt9f4da6kwftf7jewrsagsxgn7hpwf,active,Miner / Heavy Activity,2.0,1.0,1495,2.047945205479452,2.055089077248012,42070.11378848728,1.2346505200799125,0.1050054663901186,0.9966620495086392,0.998659157070589,1069877.6,1008713.79524378
ckb1qzda0cr08m85hc8jlnfp3zer7xulejywt49kt2rr0vthywaa50xwsq0q7j4qlaslzp5hhf78d6xyungvhetzy8cj9wr5a,active,Bot-like / Consistent,1.0,1.0,68,0.0931506849315068,1.9871447106206988,44128.41791044776,1.10109762956394,0.0481165787545635,0.8719686775703988,0.9812631796442104,182481.65428125003,182481.66229341
ckb1qzda0cr08m85hc8jlnfp3zer7xulejywt49kt2rr0vthywaa50xwsq0qk47rqhszdekuue524qgx8e5qq225w9s5qmjze,unused,Dormant / No Activity,,,0,0.0,,,,,,,0.0,6805959.04702818
ckb1qzda0cr08m85hc8jlnfp3zer7xulejywt49kt2rr0vthywaa50xwsq0r0uwh2anx2znsuqqda47yw7pyzxavsag3zwln3,active,Human-like / Daytime,0.0,1.0,2,0.0027397260273972,2.0,,,,0.2181042919855315,-0.0,967536.69976412,967536.7
ckb1qzda0cr08m85hc8jlnfp3zer7xulejywt49kt2rr0vthywaa50xwsq0r6u0pkm3j5lhvy5dlqe0wcppr4cftwacwfa6sd,active,Bot-like / Consistent,1.0,1.0,844,1.1561643835616435,1.3723514217527306,63032.31791221827,3.77298047162056,0.5809746107507237,0.0334326220444809,0.9999246693942906,1925598.4063645496,2112483.31086593
ckb1qzda0cr08m85hc8jlnfp3zer7xulejywt49kt2rr0vthywaa50xwsq0r9y77vk0sjk3m5t8x2pgp5wlque28mvqetg3vj,active,Human-like / Daytime,0.0,1.0,2,0.0027397260273972,0.1587742043372555,,,,0.2181042919855315,0.3562071871080222,15520.89154279,50204.0
ckb1qzda0cr08m85hc8jlnfp3zer7xulejywt49kt2rr0vthywaa50xwsq0rgz8mcc9ws8vv0m33vx8jm9u68knrplqz0m628,active,Human-like / Daytime,0.0,1.0,2,0.0027397260273972,2.0,,,,-0.0,-0.0,26530.99865653,26530.99889241
ckb1qzda0cr08m85hc8jlnfp3zer7xulejywt49kt2rr0vthywaa50xwsq0rk5lgxzurkxdnq95zcra0lpyax9ja0rqqk8gaz,active,Human-like / Daytime,0.0,1.0,1,0.0013698630136986,1.0,,,,-0.0,-0.0,0.0,280.73670348
ckb1qzda0cr08m85hc8jlnfp3zer7xulejywt49kt2rr0vthywaa50xwsq0rljzn0julrpp9l3fgmm9r9r4jz8rax7sgvagwh,active,Miner / Heavy Activity,2.0,1.0,1911,2.617808219178082,2.622470263798967,32963.285340314134,3.469381170738821,0.5525107562778349,0.9498892043059792,0.9920844442155128,8730228.53367367,2160972.18989271
ckb1qzda0cr08m85hc8jlnfp3zer7xulejywt49kt2rr0vthywaa50xwsq0rrr3az2mu0ncjeqj26du5ymfhtq5l0gcv2rv08,active,Bot-like / Consistent,1.0,0.9999999999999929,602,0.8246575342465754,1.5123582178709072,57224.37936772047,5.678939403691521,0.7005512583488064,0.8463845947077656,0.9994437824040756,168010.23287965002,168010.26677025002
ckb1qzda0cr08m85hc8jlnfp3zer7xulejywt49kt2rr0vthywaa50xwsq0s0kdxjtk6w92mphezmw02vgq8f9c3n2chrrtuk,active,Bot-like / Consistent,1.0,1.0,94,0.1287671232876712,1.9983529139078875,43700.50537634409,0.9745838218793637,-0.0128716633039391,0.1822487812019663,0.9988102862713036,2845417.83447274,242019.95011015
ckb1qzda0cr08m85hc8jlnfp3zer7xulejywt49kt2rr0vthywaa50xwsq0s2sjs6vxhfxkk22fms3k3tt4c02c9jmc5y4vrm,active,Bot-like / Consistent,1.0,1.0,454,0.6219178082191781,1.8306810449353563,47299.73509933775,1.251344356372037,0.1116418977224211,0.0138325196777546,0.999382502575222,821784.75059034,2690169.40847393
ckb1qzda0cr08m85hc8jlnfp3zer7xulejywt49kt2rr0vthywaa50xwsq0sc9f6eqnjfm8tn35nxeqtnm43x6aljdqj45cke,active,Bot-like / Consistent,1.0,0.9999845346949291,446,0.6109589041095891,1.1464470491939207,75532.62696629214,0.3170631564896008,-0.5185300645191888,0.5295240460182543,0.9996642545870909,2277413.0247066803,1885114.53373565
ckb1qzda0cr08m85hc8jlnfp3zer7xulejywt49kt2rr0vthywaa50xwsq0she9la0u4z5zlwj3ckv25cvg6f2kjxmgw9vxx3,active,Human-like / Daytime,0.0,1.0,2239,3.0671232876712327,3.069716621963545,28158.496872207328,0.8922158003472522,-0.0569618960125835,0.9979055325757006,0.999809509402336,0.0,1232997.14816517
ckb1qzda0cr08m85hc8jlnfp3zer7xulejywt49kt2rr0vthywaa50xwsq0smcdjfuapeu9zuahwrsrtp4qetjgngpg5xr5fq,active,Bot-like / Consistent,1.0,1.0,166,0.2273972602739726,4.556045709123241,19078.745454545453,0.7953466020957662,-0.1139910241651028,0.9582754124310632,0.9964791410799188,6369918.32248956,6241447.19396716
ckb1qzda0cr08m85hc8jlnfp3zer7xulejywt49kt2rr0vthywaa50xwsq0tc0g06xvj256jx3v9f7ffxsrtfd8zuhqr9cqcg,active,Bot-like / Consistent,1.0,1.0,1092,1.4958904109589042,1.497929259117147,57732.49495875344,1.790892619917621,0.283383392923575,0.2141688633808325,0.9997957334088212,2371729.2976706503,7142651.983309161
ckb1qzda0cr08m85hc8jlnfp3zer7xulejywt49kt2rr0vthywaa50xwsq0tck2vsvttyzk8n8gngr95nqnlx6s5vycpj8w3k,active,Human-like / Daytime,0.0,1.0,6,0.0082191780821917,0.039958918778256,2594664.8,1.7392949782294058,0.2698851288762128,0.5637914160289368,0.5197589750988045,1600000.0,1603483.8305879997
ckb1qzda0cr08m85hc8jlnfp3zer7xulejywt49kt2rr0vthywaa50xwsq0tmqv9558dmffj72454pzkvfx5etm2rsg2jzelt,active,Bot-like / Consistent,1.0,1.0,1668,2.2849315068493152,2.845073931546568,30386.496700659867,1.642668648787577,0.243189265927238,0.6049823253265033,0.9998235134583344,1240517.086835,4032857.71988055
ckb1qzda0cr08m85hc8jlnfp3zer7xulejywt49kt2rr0vthywaa50xwsq0tpsqq08mkay9ewrfrdwlcghv62qw704s93hhsj,unused,Dormant / No Activity,,,0,0.0,2982.0,16.880241529688025,0.9630979569092302,-0.018797861289036,0.8281091951075781,-0.0,0.0,0.0
ckb1qzda0cr08m85hc8jlnfp3zer7xulejywt49kt2rr0vthywaa50xwsq0u4j72c469enjkklngja9y4c94q6cqyks8c84uv,active,Human-like / Daytime,0.0,1.0,1,0.0013698630136986,1.0,,,,-0.0,-0.0,0.0,30331.418099999995
ckb1qzda0cr08m85hc8jlnfp3zer7xulejywt49kt2rr0vthywaa50xwsq0uddvtx7dvuxl3cyasr6820dwuslmvvnqa8qtus,active,Human-like / Daytime,0.0,0.9999962596297819,30,0.0410958904109589,1.2792311978430742,69869.55172413793,0.4065948445833847,-0.4218735463888141,0.2120527546761841,0.9894535033977968,328000.0,478377.28920044
ckb1qzda0cr08m85hc8jlnfp3zer7xulejywt49kt2rr0vthywaa50xwsq0vj3wagz8q49m3khkzum23dqwuhv5furgwqhs52,unused,Dormant / No Activity,,,0,0.0,,,,,,,0.0,231535.23785821
ckb1qzda0cr08m85hc8jlnfp3zer7xulejywt49kt2rr0vthywaa50xwsq0vqkp4e093a5e6a2t3k08excpc3k74d0qpe0lt0,active,Bot-like / Consistent,1.0,1.0,278,0.3808219178082191,0.3829157576565017,226451.6714801444,1.1728007315009472,0.0795290285923175,0.0983196488326497,0.9916868531385816,31967.91996231,31967.921189680004
ckb1qzda0cr08m85hc8jlnfp3zer7xulejywt49kt2rr0vthywaa50xwsq0vyjg39dcl6hxdetwjsxdq5ufn94dm9yc6rdshs,active,Bot-like / Consistent,1.0,1.0,312,0.4273972602739726,0.824542219217846,105122.34726688104,9.557787718843077,0.8105663749584123,0.2410792509776391,0.9996321070297854,1895149111.254994,1268449.0886346
ckb1qzda0cr08m85hc8jlnfp3zer7xulejywt49kt2rr0vthywaa50xwsq0vzwrhe2aznrvkq00r477dpzmzdfptfvgt9xx9u,active,Bot-like / Consistent,1.0,1.0,1254,1.717808219178082,1.7192405380091045,50294.85554668795,1.715294177699066,0.2634315587511054,0.2592981019510842,0.9998435555959314,7630134105.09761,16152911.767054392
ckb1qzda0cr08m85hc8jlnfp3zer7xulejywt49kt2rr0vthywaa50xwsq0w5cger8gkfqrzly29erurag0yrmkx8vgk92dj4,active,Bot-like / Consistent,1.0,1.0,1385,1.8972602739726028,1.8988305904934064,45534.56647398844,0.5899934545226375,-0.2578668134205988,0.4234324869605607,0.9997639128011836,2579326098.745902,1320879.73968762
ckb1qzda0cr08m85hc8jlnfp3zer7xulejywt49kt2rr0vthywaa50xwsq0w6cnm7hle7fxvua79nw2nelyyzemc8zcrphyge,active,Human-like / Daytime,0.0,1.0,18,0.0246575342465753,0.7873971895307362,116183.23529411764,2.755557643741402,0.4674559174100338,0.2689716192937781,0.3364336040111231,25864180.0,0.0
ckb1qzda0cr08m85hc8jlnfp3zer7xulejywt49kt2rr0vthywaa50xwsq0w7teyh77d48krwz2837wwejrppzw905cm588n0,unused,Dormant / No Activity,,,0,0.0,1014.451136458066,85.16947287607195,3.655805759418132,0.5704288143992601,0.9176586094422744,0.9999387362784646,5737655587.93017,7376720762.583476
ckb1qzda0cr08m85hc8jlnfp3zer7xulejywt49kt2rr0vthywaa50xwsq0ww9n0ex40pmhtz6ltslng7rtl35w96nszujfva,active,Human-like / Daytime,0.0,0.9999801428182725,18,0.0246575342465753,2.25100630924415,40640.64705882353,1.0367173399786531,0.0180277052971121,-0.0,0.970835762725816,153212.26861505,153212.27130833
ckb1qzda0cr08m85hc8jlnfp3zer7xulejywt49kt2rr0vthywaa50xwsq0x3yrv8qls62mqeylsvmzp5cqpmvy8quq7autul,active,Bot-like / Consistent,1.0,1.0,82,0.1123287671232876,0.930659631022776,93983.51851851853,1.02407100032185,0.0118923695453481,0.913412626607338,0.9357574027921765,20681.60374248,20681.61360368
ckb1qzda0cr08m85hc8jlnfp3zer7xulejywt49kt2rr0vthywaa50xwsq0xm5pnqls5mls030v7q9l2k5aksglcvjgge7vq8,active,Human-like / Daytime,0.0,1.0,46,0.0630136986301369,0.1709939617757248,516509.4666666667,1.936388869694412,0.3188913019520677,0.5940490596656053,0.8477316008204936,352760947.38502264,47335420.95
ckb1qzda0cr08m85hc8jlnfp3zer7xulejywt49kt2rr0vthywaa50xwsq0xtd3e8c9wcj8swd2swg90w95u6xt3zsqzdnx7r,unused,Dormant / No Activity,,,0,0.0,,,,,,,0.0,0.0
ckb1qzda0cr08m85hc8jlnfp3zer7xulejywt49kt2rr0vthywaa50xwsq0xz88g9vckq3vp47c4nakj2g7ugslm2acl45l9r,active,Human-like / Daytime,0.0,1.0,7,0.0095890410958904,0.0396161582047172,2544416.333333333,0.582785623080578,-0.2635950003812879,0.5499806456316046,0.4911325898456826,16282952.1709691,16272157.0
ckb1qzda0cr08m85hc8jlnfp3zer7xulejywt49kt2rr0vthywaa50xwsq0y6r5a4py64gccqrd77qvuhr8v3d2xfjcnrz45r,active,Bot-like / Consistent,1.0,1.0,1448,1.9835616438356165,1.984838074218804,43560.08223911541,8.45902750291802,0.7885617734610646,0.7413220925881565,0.9991780566777184,33380917.86669945,821875.96639892
ckb1qzda0cr08m85hc8jlnfp3zer7xulejywt49kt2rr0vthywaa50xwsq0y9wlz9hgd8yt8rtckqxejvja2wtde45sxllrnv,active,Bot-like / Consistent,1.0,1.0,1374,1.8821917808219175,1.8847537633800004,45874.919883466864,1.3887303526399937,0.1627351334194644,0.11330415261858,0.999971991196736,28463071.99423715,1297920.1688669298
ckb1qzda0cr08m85hc8jlnfp3zer7xulejywt49kt2rr0vthywaa50xwsq0yagawpkdal8gysxt2jymqx3te0znzm3gdefnjd,active,Bot-like / Consistent,1.0,1.0,64,0.0876712328767123,1.880200464949746,46681.95238095238,1.1861306787518804,0.0851416068403318,0.1713340713539071,0.9969508731172716,1129398.43028547,233412.82539897
ckb1qzda0cr08m85hc8jlnfp3zer7xulejywt49kt2rr0vthywaa50xwsq0z3cryxyjf4df3u2p4t4t2ujzhwa74wpga7me7t,active,Miner / Heavy Activity,2.0,1.0,1781,2.4397260273972603,2.4430758441476046,35385.12303370787,0.8992283548579342,-0.0530592568736178,0.7622439645519407,0.9985479860511024,73364487.38419165,68018119.50080822
ckb1qzda0cr08m85hc8jlnfp3zer7xulejywt49kt2rr0vthywaa50xwsq0z6aytm8n2hmlggs88jguhuekkk9zq8hgaew60w,active,Human-like / Daytime,0.0,1.0,2,0.0027397260273972,2.0,,,,-0.0,-0.0,57503.99876412,57503.999
ckb1qzda0cr08m85hc8jlnfp3zer7xulejywt49kt2rr0vthywaa50xwsq0z6h6nlju0mcdp0ny0sx77tmu6j2700lqkdeakp,active,Miner / Heavy Activity,2.0,1.0,261,0.3575342465753424,0.4847080232994476,178937.22307692308,9.543311430749103,0.8103062768147882,0.4921479790917581,0.9942478510204974,275928.96919446,104003.03097429
ckb1qzda0cr08m85hc8jlnfp3zer7xulejywt49kt2rr0vthywaa50xwsq0z799mwernws5tt7me85kr63jauldckkcpdyx4t,active,Human-like / Daytime,0.0,1.0,580,0.7945205479452054,0.9949382674477928,86989.54058721934,0.1166554570977275,-0.791062755559492,0.4184055475018276,0.9999847284995654,0.0,3313121.7465960803
ckb1qzda0cr08m85hc8jlnfp3zer7xulejywt49kt2rr0vthywaa50xwsq0zf2s0pke9a2nul6vhurkanmft0nx57mcuqadmm,active,Human-like / Daytime,0.0,1.0,3,0.0041095890410958,0.2362107853188435,548662.5,0.9885558061649922,-0.0057550277440181,0.3456871240434053,0.3271035759815648,66622.94847378999,32239.66288558
ckb1qzda0cr08m85hc8jlnfp3zer7xulejywt49kt2rr0vthywaa50xwsq20gymh8hj0295y4sexft6t8u07c87txyg4y75m0,active,Human-like / Daytime,0.0,1.0,1,0.0013698630136986,1.0,,,,-0.0,-0.0,0.0,101036.5699731
ckb1qzda0cr08m85hc8jlnfp3zer7xulejywt49kt2rr0vthywaa50xwsq20u0ncxwckqw79c9f9kev5mlckwsmj8psnrz4u4,active,Bot-like / Consistent,1.0,1.0,1241,1.7,26.174404241711137,3303.5967741935483,2.047789107945687,0.3437866173922815,0.994290640228188,0.9974076310630912,14725720.71502151,464959.76833161
ckb1qzda0cr08m85hc8jlnfp3zer7xulejywt49kt2rr0vthywaa50xwsq20y2fdrsxsg9d2ze0mnmjq9lyy3rdmdpq736f0p,active,Human-like / Daytime,0.0,1.0,31,0.0424657534246575,0.1156385111818002,772061.1333333333,2.9348112713483747,0.4917164097391021,0.700332780285545,0.523186582456302,31453615.9401072,22123802.952
ckb1qzda0cr08m85hc8jlnfp3zer7xulejywt49kt2rr0vthywaa50xwsq22vda73jzdlu3lf6luskzcjz7z5ksa58stp95p5,active,Human-like / Daytime,0.0,1.0,17,0.0232876712328767,0.0297340250165016,3087372.125,2.0414087219293022,0.3424099873260999,0.6668486548819166,0.8458339306244513,53811336.62822831,148025343.21432173
ckb1qzda0cr08m85hc8jlnfp3zer7xulejywt49kt2rr0vthywaa50xwsq22xdj8q4jdql98qkdhnqzgrsk4nqyavdcratvu9,unused,Dormant / No Activity,,,0,0.0,1559.1517238887752,55.43324432576769,1.1031616087743,0.0490507283624398,0.9941452997248044,0.3560629652576315,1005089.77264589,0.0
ckb1qzda0cr08m85hc8jlnfp3zer7xulejywt49kt2rr0vthywaa50xwsq238c5e34lfkzag3r9mnzxkw2j5kv3dd9qm83gxr,unused,Dormant / No Activity,,,0,0.0,43.57494057618781,1983.4521507169056,1.0685571595653949,0.0331425018875469,0.918042944539138,0.9996265611826524,566421726.1353054,511027907.1836094
ckb1qzda0cr08m85hc8jlnfp3zer7xulejywt49kt2rr0vthywaa50xwsq23h24ts4fzu5nu799amfkhkc85t28qc8ghp5r90,active,Bot-like / Consistent,1.0,0.9999999999999929,1368,1.873972602739726,1.876131647376991,46085.89392831017,1.386963198311994,0.1621152762579856,0.384632063569374,0.9999405933416424,1223896.30014335,1223955.60769286
ckb1qzda0cr08m85hc8jlnfp3zer7xulejywt49kt2rr0vthywaa50xwsq23j637de7ulapxyn0h2kl2784uhrv6whg2708tp,active,Bot-like / Consistent,1.0,1.0,78,0.1068493150684931,0.1710463104230634,511686.4415584416,2.314022356970343,0.3965037695676903,0.3798209029739451,0.9683131844798916,998971.44054525,998972.61054525
ckb1qzda0cr08m85hc8jlnfp3zer7xulejywt49kt2rr0vthywaa50xwsq247yrzkaul6mzgfrs74hr5t7q0l3ak8ugacfdq9,active,Miner / Heavy Activity,2.0,1.0,497,0.6808219178082192,0.7014476849268089,123422.16733870968,6.295732370246732,0.7258671373203945,0.5334364725759219,0.9994296815478152,547312.0,762016.3830564399
ckb1qzda0cr08m85hc8jlnfp3zer7xulejywt49kt2rr0vthywaa50xwsq24lkhzx2ryev7m806kurrjtxtzpe9uqjcj0w087,unused,Dormant / No Activity,,,0,0.0,10.711174019055642,8069.032344114705,8.504486845627488,0.7895730687533021,0.9982498682514296,0.9999328171522276,68099.87429836999,243005.77093485
ckb1qzda0cr08m85hc8jlnfp3zer7xulejywt49kt2rr0vthywaa50xwsq24scr6mpupq6x6arqdwz5ufzfa8skkcccm8ryrr,active,Human-like / Daytime,0.0,1.0,1,0.0013698630136986,1.0,,,,-0.0,-0.0,0.0,253.17914124
ckb1qzda0cr08m85hc8jlnfp3zer7xulejywt49kt2rr0vthywaa50xwsq258cy8km6ddpzdassg6ksjqjvdr3c0aeqavzlpd,active,Bot-like / Consistent,1.0,1.0,134,0.1835616438356164,0.1871481425066765,465137.5263157895,1.6113234677539332,0.2341048419710899,0.0487449026938394,0.97094022694049,15085.52332914,15095.25124103
ckb1qzda0cr08m85hc8jlnfp3zer7xulejywt49kt2rr0vthywaa50xwsq258tee40n8kuyqgcleve2z46h0wacml4gmt9drn,active,Bot-like / Consistent,1.0,1.0,1414,1.936986301369863,1.939614030626728,44576.46992215145,1.092408822627323,0.044163846772205,0.0606439558466507,0.999949691073942,1220790.87495856,1220842.8060388202
ckb1qzda0cr08m85hc8jlnfp3zer7xulejywt49kt2rr0vthywaa50xwsq25ekf709e7prrq548fkhmqdpr0lp56sjquw2a9v,unused,Dormant / No Activity,,,0,0.0,,,,,,,0.0,3682039.51554242
ckb1qzda0cr08m85hc8jlnfp3zer7xulejywt49kt2rr0vthywaa50xwsq25kj6kupzglv5kwcqh54mmm0vd830lt2quf2fvf,active,Human-like / Daytime,0.0,1.0,1,0.0013698630136986,1.0,,,,-0.0,-0.0,0.0,7400.0
ckb1qzda0cr08m85hc8jlnfp3zer7xulejywt49kt2rr0vthywaa50xwsq267kk27maadm0c09luxfqgfacyt70arugh7lh8k,active,Human-like / Daytime,0.0,0.9999999999997691,94,0.1287671232876712,0.1296552469283028,673548.0,1.8993942966118196,0.3102007538825732,0.1016762734654765,0.9842039447153946,632973.9764474501,178831.79536665
ckb1qzda0cr08m85hc8jlnfp3zer7xulejywt49kt2rr0vthywaa50xwsq26xzankvzzjswhy449c3y76vnmm8fngrcvqcl6s,active,Human-like / Daytime,0.0,1.0,11,0.0150684931506849,0.1525159107441714,623148.1,1.862666352013383,0.3013506451447437,0.4073389674784596,0.689709737916707,95781000.0,1093560500.0
ckb1qzda0cr08m85hc8jlnfp3zer7xulejywt49kt2rr0vthywaa50xwsq270spcwvhxfszfmq9sh25v9sum044spls2uf332,active,Bot-like / Consistent,1.0,0.9999999982674446,92,0.1260273972602739,0.1262600551136068,691821.7362637363,1.987858562764708,0.3306242722047152,0.8755084458959074,0.9303654697771542,16747943.53103498,16818849.53203942
ckb1qzda0cr08m85hc8jlnfp3zer7xulejywt49kt2rr0vthywaa50xwsq275zthc09tdzvgzlycvrl8p5n2ea2e7as0q8aes,active,Human-like / Daytime,0.0,1.0,33,0.0452054794520547,0.9816407157796886,90766.40625,1.094930132675079,0.0453142237034225,0.4632591196223115,0.9648637996083173,0.0,6358.05690687
ckb1qzda0cr08m85hc8jlnfp3zer7xulejywt49kt2rr0vthywaa50xwsq27hu6zh0dn2w848xsrkt3303mj79ym6fqdw7xqn,active,Human-like / Daytime,0.0,1.0,151,0.2068493150684931,0.2920699005763737,297791.7266666667,0.4572455833643604,-0.3724522639365809,0.0901054217810057,0.995870797248494,451.97985437,38852.01649365001
ckb1qzda0cr08m85hc8jlnfp3zer7xulejywt49kt2rr0vthywaa50xwsq28mnlmvrj32s9m5vgk0r775zxtf2r2dusrj666v,unused,Dormant / No Activity,,,0,0.0,,,,,,,0.0,26638.79123125
ckb1qzda0cr08m85hc8jlnfp3zer7xulejywt49kt2rr0vthywaa50xwsq28ps4hf8swzexa6ky8dp2q540tsrvz60qt2wtqk,active,Bot-like / Consistent,1.0,0.9999999999999432,541,0.7410958904109589,0.7424049747791424,116594.04629629628,5.661913495419029,0.6997859546847506,0.8300624609055318,0.9985865630685622,8833547.01190571,138917.7451782
ckb1qzda0cr08m85hc8jlnfp3zer7xulejywt49kt2rr0vthywaa50xwsq298q6vfh7z6allgp2ty42k6yd49vap8ysn494ka,active,Human-like / Daytime,0.0,1.0,1,0.0013698630136986,1.0,,,,-0.0,-0.0,0.0,49577.63319999
ckb1qzda0cr08m85hc8jlnfp3zer7xulejywt49kt2rr0vthywaa50xwsq29kqmgkuplk5r7j3h8tjdex4cruvfzkfcmnttus,active,Bot-like / Consistent,1.0,1.0,2194,3.0054794520547947,5.319545660306324,16249.394892840855,7.290913039138765,0.7587720447001872,0.9979391938027092,0.9987871744757968,960329.29503989,960330.35103989
ckb1qzda0cr08m85hc8jlnfp3zer7xulejywt49kt2rr0vthywaa50xwsq2aauj9xs25kff4dlkgydl9zs7ytyx8lgs0w28r7,unused,Dormant / No Activity,,,0,0.0,22.15677387798422,3900.784928309437,1.162629678958906,0.0751999662915918,0.9995956817418414,0.9996352453163656,25458.53537336,366429.81687408
ckb1qzda0cr08m85hc8jlnfp3zer7xulejywt49kt2rr0vthywaa50xwsq2akxm0aqm8896a8ma4x7tsj0nugj4ldmg9egwhg,active,Bot-like / Consistent,1.0,0.9999999999999929,804,1.1013698630136983,1.9808506591514847,43671.94271481943,1.0519477613903496,0.0253163176801105,0.406152418026488,0.9999809356540148,981930.37191842,981930.49440144
ckb1qzda0cr08m85hc8jlnfp3zer7xulejywt49kt2rr0vthywaa50xwsq2avras5exc632a794vzxp4cflqny59w2g4ytdca,active,Bot-like / Consistent,1.0,1.0,1379,1.889041095890411,1.978616600487261,43698.56168359942,0.98558200445228,-0.0072613447923029,0.0673224162920394,0.9999697227220644,33599782.09121176,1334714.54972137
ckb1qzda0cr08m85hc8jlnfp3zer7xulejywt49kt2rr0vthywaa50xwsq2avwaksfsgf3ths5hjh5sl4ema0pazc6q48umuh,active,Bot-like / Consistent,1.0,1.0,1391,1.9054794520547944,1.9080927634637603,45313.393525179854,1.434135351067845,0.1783530036147709,0.0755822458617168,0.9999504731002384,42110186.12199758,1240285.22828296
ckb1qzda0cr08m85hc8jlnfp3zer7xulejywt49kt2rr0vthywaa50xwsq2cdr6jzphx2r5y02rkrlh84f4aes20mcc4569tl,active,Human-like / Daytime,0.0,1.0,1,0.0013698630136986,1.0,,,,-0.0,-0.0,0.0,745127.9957259
ckb1qzda0cr08m85hc8jlnfp3zer7xulejywt49kt2rr0vthywaa50xwsq2cf62jx0mk0t2c2xdrgmy43rqumz8t0gsvd6jh7,active,Bot-like / Consistent,1.0,1.0,1393,1.908219178082192,1.9108392200435784,45248.21767241379,1.371779538242135,0.1567513051898923,0.0680839981548527,0.9999721637684792,8340144.56818798,397680.93578737
ckb1qzda0cr08m85hc8jlnfp3zer7xulejywt49kt2rr0vthywaa50xwsq2cq7k6zqqnna55dzwd32rxjkajthgqr2clgqu5w,unused,Dormant / No Activity,,,0,0.0,,,,,,,0.0,0.0
ckb1qzda0cr08m85hc8jlnfp3zer7xulejywt49kt2rr0vthywaa50xwsq2cte26209d9uf8efuawf7zykhdxhggjjsr8msdw,active,Bot-like / Consistent,1.0,1.0,780,1.0684931506849316,1.0699427269781046,80855.64698331193,6.28876134442011,0.7256049546016355,0.070570178125078,0.9997881271062328,916040.32845883,916778.66150289
ckb1qzda0cr08m85hc8jlnfp3zer7xulejywt49kt2rr0vthywaa50xwsq2czvm3xs4y353l9hfh4k8u0a5a3fpvwysp4mlc0,active,Bot-like / Consistent,1.0,1.0,1430,1.9589041095890407,1.961561666126525,44077.3610916725,1.0772567766955088,0.0371917316926068,0.0571155471761501,0.9999687352487296,3435970.085422629,3436029.5303424
ckb1qzda0cr08m85hc8jlnfp3zer7xulejywt49kt2rr0vthywaa50xwsq2dd47x6gyv9e8yydyzxkhu7h6d3ccjlec3aatnw,unused,Dormant / No Activity,,,0,0.0,,,,,,,0.0,0.0
ckb1qzda0cr08m85hc8jlnfp3zer7xulejywt49kt2rr0vthywaa50xwsq2e0epw8crx5qg3qz0v43fy5mql74jketq6hmau6,active,Miner / Heavy Activity,2.0,0.9999999999999964,1413,1.9356164383561645,5.920724125154464,14603.14447592068,0.4809593646714876,-0.3504759466804465,0.997946680692662,0.999748522686423,1467799.16507827,825655.7625160799
ckb1qzda0cr08m85hc8jlnfp3zer7xulejywt49kt2rr0vthywaa50xwsq2e7teagdtnarf320ckuekrnpcdc4uzpdscj99tg,active,Bot-like / Consistent,1.0,1.0,2240,3.068493150684932,3.0693689661542978,28161.68066100938,1.5302517064289785,0.2095648053834686,0.6101994940954196,0.9997783587335458,8605465.809268571,24550773.588050734
ckb1qzda0cr08m85hc8jlnfp3zer7xulejywt49kt2rr0vthywaa50xwsq2efq967zf7uw4g2nazz6mwal8ehl3yfrgn5r9vq,active,Human-like / Daytime,0.0,1.0,180,0.2465753424657534,0.2486188878672224,349461.30726256984,0.572109866880867,-0.2721757188434198,0.0374639014097722,0.9979598297537838,0.0,45995.4963736
ckb1qzda0cr08m85hc8jlnfp3zer7xulejywt49kt2rr0vthywaa50xwsq2ejd8f7wnaln83fx7u8g5tr0sv8jpuwpqdfm05a,active,Bot-like / Consistent,1.0,1.0,270,0.3698630136986301,0.3708694981967806,233832.08921933087,4.677865878170511,0.647754976444701,0.0994140917673159,0.9889453011782724,3847500.64989085,17017.21478324
ckb1qzda0cr08m85hc8jlnfp3zer7xulejywt49kt2rr0vthywaa50xwsq2emn0uxk7ch03desrc0r0pc66ukaz6p8ghpddey,active,Bot-like / Consistent,1.0,1.0,1216,1.6657534246575345,1.6671423398876162,51867.8633744856,3.7506441416804783,0.5790044591105646,0.2597711526310785,0.9999376460817768,5913095913.044926,4373176.82357303
ckb1qzda0cr08m85hc8jlnfp3zer7xulejywt49kt2rr0vthywaa50xwsq2eqg5mtlwgsjzpwjel4kdtlyamfyflfwshadjmx,active,Bot-like / Consistent,1.0,1.0,1408,1.9287671232876715,1.9313964277567937,44766.26652452026,1.188733970634765,0.0862297443028352,0.0590364928573015,0.9999139793935388,5267642.73045587,5267663.85045587
ckb1qzda0cr08m85hc8jlnfp3zer7xulejywt49kt2rr0vthywaa50xwsq2euh7k90hhj7v75y8kjxlm0qgtg8pdxjqqktt4m,active,Bot-like / Consistent,1.0,0.9999999999996874,99,0.1356164383561643,0.5620772149105543,155284.0612244898,3.709405499626296,0.5753179461486794,0.1961073367951387,0.998039353891036,1963412.47736954,1839142.14097909
ckb1qzda0cr08m85hc8jlnfp3zer7xulejywt49kt2rr0vthywaa50xwsq2evwcurnqel0euyf4s2pgkut48dgp7fsg3tdhrk,active,Bot-like / Consistent,1.0,1.0,183,0.2506849315068493,0.2531121507007257,343226.21428571426,1.356593211211449,0.1513172530222709,0.1016635890948971,0.9943035887506064,1212324.8317067998,20939.63552718
ckb1qzda0cr08m85hc8jlnfp3zer7xulejywt49kt2rr0vthywaa50xwsq2fdtshag9h5z8q7qy6v4hu6lpzvejmg7sp9a6kf,active,Human-like / Daytime,0.0,1.0,1,0.0013698630136986,1.0,,,,-0.0,-0.0,0.0,1532.85204898
ckb1qzda0cr08m85hc8jlnfp3zer7xulejywt49kt2rr0vthywaa50xwsq2fwvu3c3vnh3pnrnynrn3zqzmsu7shaxg5tcdyt,unused,Dormant / No Activity,,,0,0.0,46.95903983257073,1840.5148382794264,1.61489704848239,0.2351515325772609,0.8321669798581333,0.9986189662872622,30003656.845907584,42452421.561763525
ckb1qzda0cr08m85hc8jlnfp3zer7xulejywt49kt2rr0vthywaa50xwsq2g7t7wtgqxq0528gsnsprw8adlz7mvpncn6cxdt,active,Bot-like / Consistent,1.0,1.0,1012,1.3863013698630138,1.5961515713102796,54183.73887240356,2.613551010275356,0.4465278076017534,0.1262699698012233,0.9998922020807232,2251540.50332321,7237587.40508846
ckb1qzda0cr08m85hc8jlnfp3zer7xulejywt49kt2rr0vthywaa50xwsq2gxfhv94tp8sc29c5xhsuttgk4hhpp2nq2mt7ff,active,Bot-like / Consistent,1.0,1.0,1293,1.7712328767123289,1.7757128127475843,48694.17647058824,14.902763634237411,0.8742356960085759,0.9547374152807662,0.9573880175386096,1000000.0,193800.0
ckb1qzda0cr08m85hc8jlnfp3zer7xulejywt49kt2rr0vthywaa50xwsq2gy9cran4y9nmyuvaqzpea2kvks63swwqlqlpl5,active,Human-like / Daytime,0.0,1.0,2,0.0027397260273972,0.0035454056282575,,,,0.2181042919855315,0.3562071871080222,906460.07145762,163564.46419398
ckb1qzda0cr08m85hc8jlnfp3zer7xulejywt49kt2rr0vthywaa50xwsq2h36kp26fly5n2huuc446dc3rzhunq2nsesxffv,active,Human-like / Daytime,0.0,1.0,1,0.0013698630136986,1.0,,,,-0.0,-0.0,0.0,8645.7745284
ckb1qzda0cr08m85hc8jlnfp3zer7xulejywt49kt2rr0vthywaa50xwsq2hh36z6qmk3vjqha2lv9vykuxwexsaazqx40dhd,active,Bot-like / Consistent,1.0,1.0,1284,1.7589041095890412,1.7603706664870395,49118.82696804365,0.4578796300483835,-0.371855370483244,0.2534925415710954,0.9995411953121748,33794840.33190708,255890.56882456
ckb1qzda0cr08m85hc8jlnfp3zer7xulejywt49kt2rr0vthywaa50xwsq2j02vr6g0w9839ptv6m6qr8r3ddzq2x3qjp5nuw,active,Bot-like / Consistent,1.0,0.9999999999999929,1458,1.9972602739726024,2.000603240371468,43216.6149622512,0.9554869085256488,-0.0227631753913976,0.461250805436334,0.9999835732878528,48914495.51421851,24743528.996690013
ckb1qzda0cr08m85hc8jlnfp3zer7xulejywt49kt2rr0vthywaa50xwsq2jrflqx0dneevp0v6ssznw8ry6aj8laxcuh9svs,active,Human-like / Daytime,0.0,1.0,2,0.0027397260273972,0.3854613267186266,,,,0.2181042919855315,0.3562071871080222,150064.99998602,124.0
ckb1qzda0cr08m85hc8jlnfp3zer7xulejywt49kt2rr0vthywaa50xwsq2k3fxq87k84uvjlx93f6kjgfllm0uasqge8xsjk,active,Bot-like / Consistent,1.0,1.0,144,0.1972602739726027,0.7026017430188496,123831.45454545454,1.980497143376063,0.328971005912603,0.3452133528438759,0.9905568449472324,15275114.2867234,36926156.850145504
ckb1qzda0cr08m85hc8jlnfp3zer7xulejywt49kt2rr0vthywaa50xwsq2k7w0yl67ft05fyk4qrjfx3gfemp25pcsvpyj40,active,Bot-like / Consistent,1.0,1.0,146,0.2,0.6012756802567472,144685.4827586207,3.601785555973004,0.5653860929255929,0.4328640221817106,0.993554481107109,273950.0,244350.07038147
ckb1qzda0cr08m85hc8jlnfp3zer7xulejywt49kt2rr0vthywaa50xwsq2knh0gfpas59yxcp9hhl6dl22tztaxtwg5e4yru,unused,Dormant / No Activity,,,0,0.0,20.908338232380693,4133.7005668556185,1.23628128030133,0.1056581219825316,0.9993651378015777,0.9994689433349762,98107.99921175,328075.26954283
ckb1qzda0cr08m85hc8jlnfp3zer7xulejywt49kt2rr0vthywaa50xwsq2ku65a3majew8emwdz60lvu64h6jx8lwsqh9wnz,unused,Dormant / No Activity,,,0,0.0,5.641260247092422,15320.833611203734,3.8715210606316792,0.5894506099619193,0.9793769559965828,0.9965617427226008,560231770.8195112,1835716238.5131536
ckb1qzda0cr08m85hc8jlnfp3zer7xulejywt49kt2rr0vthywaa50xwsq2kv9ul6hjx0yuw490vs9mn789uz6fv5rqgw9r8v,unused,Dormant / No Activity,,,0,0.0,10.134780062760564,8527.941313771256,12.68429126740753,0.8538470161941462,0.9818614152264824,0.9985004440452594,283759.75591426,4503106.59220266
ckb1qzda0cr08m85hc8jlnfp3zer7xulejywt49kt2rr0vthywaa50xwsq2lfh4w2sguefdcw8fmehy5fpaenhehr9cped0e2,active,Bot-like / Consistent,1.0,1.0,482,0.6602739726027397,1.98345510918724,43650.91268191268,0.992256985426892,-0.0038865541091069,0.0304253609816258,0.9998842582333488,1432632.6546523098,1432672.81468649
ckb1qzda0cr08m85hc8jlnfp3zer7xulejywt49kt2rr0vthywaa50xwsq2mj7v7ut0alqkx38qgu393dw8lafafq0qwnqaxs,active,Bot-like / Consistent,1.0,0.999999950873581,71,0.0972602739726027,0.1003433632640434,873344.1142857143,2.2008416001464384,0.3751643318093279,0.8530038464784035,0.9631243029804656,52526664.34511703,52526565.34570433
ckb1qzda0cr08m85hc8jlnfp3zer7xulejywt49kt2rr0vthywaa50xwsq2mu7xj6mj90s8dxxnuqxyty72rg72ydzscwk9vf,active,Bot-like / Consistent,1.0,1.0,186,0.2547945205479452,0.2590491414789961,335330.3027027027,2.530003512448885,0.4334283257943471,0.0513013911036151,0.9911920218656928,20876.06872038,20887.22757329
ckb1qzda0cr08m85hc8jlnfp3zer7xulejywt49kt2rr0vthywaa50xwsq2n7pqmhqlygzfhe9y2pfegeeqzlgkvfkqkaaams,active,Bot-like / Consistent,1.0,1.0,295,0.4041095890410959,0.4207329012633575,206054.42857142855,6.24451411142068,0.7239290352341116,0.0985935746609365,0.9994428034447956,109081.90160894,257837.84689944
ckb1qzda0cr08m85hc8jlnfp3zer7xulejywt49kt2rr0vthywaa50xwsq2ne4yj30svjzvvdcmd96qhfvepdx6pfcs09q7zl,active,Human-like / Daytime,0.0,1.0,2,0.0027397260273972,2.0,,,,-0.0,-0.0,9009.41379887,9009.41391681
ckb1qzda0cr08m85hc8jlnfp3zer7xulejywt49kt2rr0vthywaa50xwsq2nwlee8epequkd94qh3k5uymjqxgvfktgxl9jd3,active,Human-like / Daytime,0.0,1.0,98,0.1342465753424657,0.3474830460841839,251208.57731958764,2.369302071360183,0.4064052561506892,0.419233762087542,0.9962903963086548,0.0,341962.90793665
ckb1qzda0cr08m85hc8jlnfp3zer7xulejywt49kt2rr0vthywaa50xwsq2pgrf442dam0aa0l8gd2s8jlxfu7hha3c7hg4qq,active,Bot-like / Consistent,1.0,1.0,2452,3.3589041095890413,3.36170473070578,25711.73194614443,0.8587106914760197,-0.0760146854332564,0.4460293491867074,0.9998689107059174,2681842337.7289968,1806064.280161
ckb1qzda0cr08m85hc8jlnfp3zer7xulejywt49kt2rr0vthywaa50xwsq2pnp7gglp8clvahem5mpf7wmr0pjk5krgf4lwf2,active,Bot-like / Consistent,1.0,0.9999999999997797,660,0.9041095890410958,1.124662942811627,76939.59180576631,6.982460389207512,0.7494506828115237,0.870529492987382,0.9992301342487848,264201.28420715,264201.67920715
ckb1qzda0cr08m85hc8jlnfp3zer7xulejywt49kt2rr0vthywaa50xwsq2qje0r5vg9pzmpz4uqt7fw32qvcp4a8cc7deems,active,Bot-like / Consistent,1.0,0.9999964363128319,482,0.6602739726027397,0.7736729740250847,111907.26403326404,1.419791981513328,0.1734826731886233,0.1072831983731305,0.999125732727391,4295630.00074013,522925.06012121006
ckb1qzda0cr08m85hc8jlnfp3zer7xulejywt49kt2rr0vthywaa50xwsq2qjj3mqkrdhzuga2qfzf72ma38xhpsaasfj3trw,active,Bot-like / Consistent,1.0,1.0,904,1.2383561643835617,16.108698073282103,5369.501661129568,0.7823972190819598,-0.1220843359653122,0.9972543733119102,0.9990914848967368,10359390.4907999,271338.48822941
ckb1qzda0cr08m85hc8jlnfp3zer7xulejywt49kt2rr0vthywaa50xwsq2qq5zmvacvrht6g5w35hgdg4mhcxcu5hgu2f8qe,active,Human-like / Daytime,0.0,1.0,1,0.0013698630136986,1.0,,,,-0.0,-0.0,0.0,68081.98026879
ckb1qzda0cr08m85hc8jlnfp3zer7xulejywt49kt2rr0vthywaa50xwsq2qtfq8zdd9rs86hslwh8j4h8qjk6r3e6s0k50ul,active,Bot-like / Consistent,1.0,1.0,428,0.5863013698630137,3.9577566162482376,21881.67447306792,1.1097573370580112,0.0520236783302596,0.9788476974624188,0.9977437437125716,1115634.91879876,1115634.94505816
ckb1qzda0cr08m85hc8jlnfp3zer7xulejywt49kt2rr0vthywaa50xwsq2qxj6t4tvw89fzmw2m5j43n9glh7h2jzq90qw40,active,Human-like / Daytime,0.0,1.0,1,0.0013698630136986,1.0,,,,-0.0,-0.0,0.0,169439.94986119
ckb1qzda0cr08m85hc8jlnfp3zer7xulejywt49kt2rr0vthywaa50xwsq2rsu67gzxhacdwpzfyc0gc5q9vgr6aztc6y5n8c,active,Human-like / Daytime,0.0,1.0,6,0.0082191780821917,0.4647839212019111,223071.4,1.939617216301473,0.3196393091899454,0.4910899853670929,0.2315426583725049,92424.83144279,107246.01714758
ckb1qzda0cr08m85hc8jlnfp3zer7xulejywt49kt2rr0vthywaa50xwsq2rv2ln77sfue9zmr4uemppw6e6cqch00sz7curl,active,Human-like / Daytime,0.0,1.0,2,0.0027397260273972,2.0,,,,-0.0,-0.0,94634.668,94634.67
ckb1qzda0cr08m85hc8jlnfp3zer7xulejywt49kt2rr0vthywaa50xwsq2s6dygffm0ed03txsa3ca8npdpel05vqg5j9mgd,active,Bot-like / Consistent,1.0,1.0,611,0.836986301369863,1.2418707367034738,69686.51147540983,0.9070477327086636,-0.0487414476822308,0.0326081092962823,0.9993193307848312,49319.27656152,53460.83673408
ckb1qzda0cr08m85hc8jlnfp3zer7xulejywt49kt2rr0vthywaa50xwsq2sfv44lf5g89ha2q296zqm8savzcyqxlsulsx6f,active,Human-like / Daytime,0.0,1.0,36,0.0493150684931506,0.0549576407058014,1617037.6,1.793251501003973,0.2839885705669024,0.7890710183956459,0.8985754845996134,90235.0,96803.68600035
ckb1qzda0cr08m85hc8jlnfp3zer7xulejywt49kt2rr0vthywaa50xwsq2stwwespmk3ffj7g7g7auauwvzcqrvf3g7mtxue,active,Bot-like / Consistent,1.0,1.0,1390,1.904109589041096,1.906692808332776,45346.6875449964,1.3098391275164114,0.1341388340968823,0.0614695794237491,0.9999574160201788,1297840.62486585,1297897.1573940702
ckb1qzda0cr08m85hc8jlnfp3zer7xulejywt49kt2rr0vthywaa50xwsq2t6z8rc90g09yeh7t3nz2sfe72y20yzcg6jt76x,active,Human-like / Daytime,0.0,1.0,2,0.0027397260273972,0.2533059504910001,,,,0.2181042919855315,0.3562071871080222,366905.22826842,133810.4569362
ckb1qzda0cr08m85hc8jlnfp3zer7xulejywt49kt2rr0vthywaa50xwsq2t9jypuuquc0tfdca5eugj6gk7v3dt0hq4r3hx9,unused,Dormant / No Activity,,,0,0.0,,,,,,,0.0,0.0
ckb1qzda0cr08m85hc8jlnfp3zer7xulejywt49kt2rr0vthywaa50xwsq2tq8vms882lepc8fk0aapfp0c9nh755xsdtnm3m,active,Human-like / Daytime,0.0,1.0,1,0.0013698630136986,1.0,,,,-0.0,-0.0,0.0,123.99951426
ckb1qzda0cr08m85hc8jlnfp3zer7xulejywt49kt2rr0vthywaa50xwsq2uj8rfycz3s3h0m0h62fj8mvxluqr627s8j5led,active,Human-like / Daytime,0.0,1.0,14,0.0191780821917808,1.6812586088752552,55343.15384615384,0.9024287727740884,-0.0512877163246615,0.2826274782154369,0.8982265179691364,134936379.73576316,102720.52600568
ckb1qzda0cr08m85hc8jlnfp3zer7xulejywt49kt2rr0vthywaa50xwsq2ul0rt55hnp2e2nzzhfkep4xtc3l88rxqes83vq,active,Bot-like / Consistent,1.0,0.9999999948987508,863,1.1821917808219178,1.2060700830252062,71720.7343387471,2.453223171706103,0.4208309453072857,0.9416362942979096,0.9791231140353702,14247002162.0,123440519442.92136
ckb1qzda0cr08m85hc8jlnfp3zer7xulejywt49kt2rr0vthywaa50xwsq2uq6ykas222qjhw4k6847guv3y8c7wvccalk3tf,active,Human-like / Daytime,0.0,1.0,2,0.0027397260273972,2.0,,,,-0.0,-0.0,22801.58099641,22801.581
ckb1qzda0cr08m85hc8jlnfp3zer7xulejywt49kt2rr0vthywaa50xwsq2uxysa465m2k0hxh4zefzd2k5j36dly3gxkjc57,active,Bot-like / Consistent,1.0,1.0,356,0.4876712328767123,0.4962886616634854,174582.6309859155,4.161733879746181,0.6125332985786653,0.8526309379533294,0.9889408067014368,1062142799.9846504,1062142819.9274668
ckb1qzda0cr08m85hc8jlnfp3zer7xulejywt49kt2rr0vthywaa50xwsq2vfrwwa2h4ag878nn7935gzex40d9y7xcckkcz2,active,Human-like / Daytime,0.0,1.0,81,0.110958904109589,0.272841509585788,320625.7,6.365376395097704,0.7284592269675215,0.361291130529547,0.9647168897889002,0.0,1269781.41463364
ckb1qzda0cr08m85hc8jlnfp3zer7xulejywt49kt2rr0vthywaa50xwsq2vr8y8dws0jkz062k8vlpafpu8x9rucvcggdkr4,active,Bot-like / Consistent,1.0,1.0,1072,1.4684931506849317,2.6222153570462754,32980.00373482727,4.065086541169497,0.6051400141451062,0.6933337957238123,0.9976535619744878,830174.62283524,2811343.4155244604
ckb1qzda0cr08m85hc8jlnfp3zer7xulejywt49kt2rr0vthywaa50xwsq2wctw0r06v9ecgf0w8wv33vfkkdp5em2gaet4lw,active,Bot-like / Consistent,1.0,1.0,343,0.4698630136986301,0.4718020759469649,183663.0994152047,2.6398555450844454,0.4505276445102439,0.0464195501851877,0.996916316108799,4850701.153829301,21816.962250040004
ckb1qzda0cr08m85hc8jlnfp3zer7xulejywt49kt2rr0vthywaa50xwsq2x2jxnym8qzdt7sn29pnlzwgneh80w3jszglw9k,active,Miner / Heavy Activity,2.0,1.0,2666,3.652054794520548,3.652564121978894,23663.491557223264,0.7289256882616323,-0.1567877171232977,0.999441878857454,0.9999030413279214,1499196.7521255,1484888.58886862
ckb1qzda0cr08m85hc8jlnfp3zer7xulejywt49kt2rr0vthywaa50xwsq2xg8c6fulfw65ay5aqq99atj30ev84unssl4ska,active,Bot-like / Consistent,1.0,1.0,221,0.3027397260273972,0.8548650513156761,101527.98636363636,5.9496965168206986,0.7122176493377373,0.9285041030111604,0.9713997013189498,250778392.8532038,41899678.57408264
ckb1qzda0cr08m85hc8jlnfp3zer7xulejywt49kt2rr0vthywaa50xwsq2xy99vwcnnx0a2kj09tygzxtrpklg0jss32v93h,active,Bot-like / Consistent,1.0,0.9999999999983302,138,0.1890410958904109,0.1915623494381821,454320.2627737226,2.1600977079388928,0.3671081767580984,0.2300221336973444,0.9475824643263048,616143.27059208,7683.27222372
ckb1qzda0cr08m85hc8jlnfp3zer7xulejywt49kt2rr0vthywaa50xwsq2y7pryn5grvyf8xlv8p0h9840xnpffflsgmrly9,unused,Dormant / No Activity,,,0,0.0,,,,,,,0.0,24719.82178833
ckb1qzda0cr08m85hc8jlnfp3zer7xulejywt49kt2rr0vthywaa50xwsq2yg6kr7zvjzw0ts2j7qtkd6jzr2kq3g7sdh3azr,active,Bot-like / Consistent,1.0,1.0,493,0.6753424657534246,5.3144467056262,16290.615853658535,4.280893127615805,0.6212761834657784,0.9106240657582686,0.9827722750623304,694776766.962899,381967.10810033
ckb1qzda0cr08m85hc8jlnfp3zer7xulejywt49kt2rr0vthywaa50xwsq2yr93x7eusaallmfayyemrlff66pd7v9s34kwg9,active,Human-like / Daytime,0.0,1.0,11,0.0150684931506849,0.4535536962908241,209545.2,2.0532409695602896,0.3449583508346447,0.5263049449251133,0.794794501071565,2438175.43776041,477460.31088842
ckb1qzda0cr08m85hc8jlnfp3zer7xulejywt49kt2rr0vthywaa50xwsq2yul8wt2defw04dp37h0qanqrnmy5tu7qfnad37,active,Human-like / Daytime,0.0,1.0,14,0.0191780821917808,0.0566854398133579,1641447.1538461538,3.330981129345145,0.5382108717932915,0.556062009056088,0.6854047335383406,220.97068454,360253131.4846952
ckb1qzda0cr08m85hc8jlnfp3zer7xulejywt49kt2rr0vthywaa50xwsq2z0x6fskhkzceswyv9d0cnrwru7xwec3gpgaqjp,unused,Dormant / No Activity,,,0,0.0,,,,,,,0.0,77620.57930756
ckb1qzda0cr08m85hc8jlnfp3zer7xulejywt49kt2rr0vthywaa50xwsq2zmwtcwp3x5ngxr7wxp3aq737g35nhgpqq4lp5x,active,Human-like / Daytime,0.0,1.0,3,0.0041095890410958,0.0521949360038131,2482999.5,0.8957059798038622,-0.0550159261548188,0.3456871240434053,0.5645750340535796,11030000.0,5516370.97692624
ckb1qzda0cr08m85hc8jlnfp3zer7xulejywt49kt2rr0vthywaa50xwsq2zuyw4u22256gp6v8s6na4p7esyg4h74q68r5ue,unused,Dormant / No Activity,,,0,0.0,12.026236682926369,7186.687895965321,2.988546421565541,0.4985641914091145,0.9882636666463588,0.9997305587420476,12725082.64162343,1631256.20940165
ckb1qzda0cr08m85hc8jlnfp3zer7xulejywt49kt2rr0vthywaa50xwsqd0ee0trngn9r39tuv9d3x5mzvg5mfxlpq5sl2wv,unused,Dormant / No Activity,,,0,0.0,,,,,,,6663.351628490001,22589.26434506
ckb1qzda0cr08m85hc8jlnfp3zer7xulejywt49kt2rr0vthywaa50xwsqd280gcprvtlm89nyxuc2ru9e2tqe0aewcks0h7q,active,Human-like / Daytime,0.0,1.0,5,0.0068493150684931,0.8799015813786754,122741.0,1.7292050294309294,0.2671858733834215,0.2117684919564665,0.3458595800715596,959810.87091161,1649432.6142537598
ckb1qzda0cr08m85hc8jlnfp3zer7xulejywt49kt2rr0vthywaa50xwsqd2ar6ayg6tru9um9cuwzulauer397f9rgrzj0c9,active,Human-like / Daytime,0.0,1.0,1,0.0013698630136986,1.0,,,,-0.0,-0.0,481.99994666,0.0
ckb1qzda0cr08m85hc8jlnfp3zer7xulejywt49kt2rr0vthywaa50xwsqd2jafc05hxqah3mxwdfmcej0dynvhpf4gz3rjm2,unused,Dormant / No Activity,,,0,0.0,14.524236282651724,5950.661220406802,0.3617458859672911,-0.4687028032248005,0.9994469050084982,0.9998364851671976,302000.0,370464.1539835101
ckb1qzda0cr08m85hc8jlnfp3zer7xulejywt49kt2rr0vthywaa50xwsqd2ln87tv0nhyh6r2h84d3fnm5vdsjraagf5r842,active,Human-like / Daytime,0.0,1.0,2,0.0027397260273972,0.0720491435199759,,,,0.2181042919855315,-0.0,61.99997076,670887.4658456701
ckb1qzda0cr08m85hc8jlnfp3zer7xulejywt49kt2rr0vthywaa50xwsqd39v2lwwu4grcvg0r6sc20x3h9jnfje2qt67tm2,active,Bot-like / Consistent,1.0,1.0,197,0.2698630136986301,0.9781937415324414,88776.70408163265,5.114591438130483,0.6729135510954934,0.2180029328381989,0.998123116800112,1094464119.3231754,381748.58902132
ckb1qzda0cr08m85hc8jlnfp3zer7xulejywt49kt2rr0vthywaa50xwsqd3ele94wtw253dum78vpuuy2rcspueckqp9hktf,active,Bot-like / Consistent,1.0,1.0,1639,2.245205479452055,2.5657816099307715,33694.507326007326,24.01164632389205,0.9200372508830206,0.991680572630596,0.999487134394243,13456476.14244016,22103740.926451404
ckb1qzda0cr08m85hc8jlnfp3zer7xulejywt49kt2rr0vthywaa50xwsqd3jnqsndu5z3ew6anr65w34cyevvnucug28nl8j,active,Human-like / Daytime,0.0,1.0,1,0.0013698630136986,1.0,,,,-0.0,-0.0,126.58957062,255000.0
ckb1qzda0cr08m85hc8jlnfp3zer7xulejywt49kt2rr0vthywaa50xwsqd3kga46l9ryvaqndgs7ga230t5h9sna5c86ah40,unused,Dormant / No Activity,,,0,0.0,,,,,,,0.0,11774.845152069998
ckb1qzda0cr08m85hc8jlnfp3zer7xulejywt49kt2rr0vthywaa50xwsqd3t75wgj4rjmaem5f46ek9f5g2xe9gsucx860r9,active,Human-like / Daytime,0.0,1.0,2,0.0027397260273972,0.1475910123223121,,,,0.2181042919855315,0.3562071871080222,9500697.52945214,1393.05893224
ckb1qzda0cr08m85hc8jlnfp3zer7xulejywt49kt2rr0vthywaa50xwsqd3w85684vvlhfh93nrvkq6rz6ve7xu0ugjyfg3s,active,Bot-like / Consistent,1.0,0.9999999999999956,1079,1.478082191780822,19.073928618851856,4533.945269016697,3.851286655634458,0.5877382348294903,0.986096150963346,0.9987765692063392,435559809.2789135,1232589.8074320098
ckb1qzda0cr08m85hc8jlnfp3zer7xulejywt49kt2rr0vthywaa50xwsqd403rpqrzn2kc57yx8f2p74n4e0zf2rxqq2drwj,active,Bot-like / Consistent,1.0,1.0,50,0.0684931506849315,1.2821669571328846,68761.14285714286,2.8138978224040345,0.4756021023291785,0.0308487893891332,0.9949827389362752,2559400.53938063,2559400.54589375
ckb1qzda0cr08m85hc8jlnfp3zer7xulejywt49kt2rr0vthywaa50xwsqd4h5ahm0l94adpfafpftu00tpsncrmmqgghtrxy,active,Human-like / Daytime,0.0,1.0,2,0.0027397260273972,2.0,,,,0.2181042919855315,-0.0,52999.9999787,53000.0
ckb1qzda0cr08m85hc8jlnfp3zer7xulejywt49kt2rr0vthywaa50xwsqd52pqxx3q9kjg6xxh9f2h6wuut9numalsjdnjxu,active,Human-like / Daytime,0.0,1.0,13,0.0178082191780821,0.0243711100365816,3840612.9166666665,1.726049226545893,0.2663375332608543,0.5930898072207283,0.9479479190038744,136660.05037836,136661.0505073
ckb1qzda0cr08m85hc8jlnfp3zer7xulejywt49kt2rr0vthywaa50xwsqd532x7yagmmqne0jkrwggysarh5kufcjgp5ry3g,active,Bot-like / Consistent,1.0,1.0,100,0.136986301369863,1.9179192706934387,45503.85858585859,1.1158085066128676,0.0547348714455552,0.4872211682671897,0.9979293716387612,523383.89389921,523383.90038591
ckb1qzda0cr08m85hc8jlnfp3zer7xulejywt49kt2rr0vthywaa50xwsqd5hxteyzsxsfckx7my779ksvgyrznwzsqhe3qgy,active,Bot-like / Consistent,1.0,1.0,832,1.1397260273972605,1.872700360673949,46192.10469314079,1.5468726276671838,0.2147231949200748,0.2058336384997333,0.9999197292435956,6044400.611981979,302236.45567555004
ckb1qzda0cr08m85hc8jlnfp3zer7xulejywt49kt2rr0vthywaa50xwsqd5wxs2lr6y8gzek23nkyj04ngcgmutl4s75skv9,active,Human-like / Daytime,0.0,1.0,1,0.0013698630136986,1.0,,,,-0.0,-0.0,0.0,381081.37257638
ckb1qzda0cr08m85hc8jlnfp3zer7xulejywt49kt2rr0vthywaa50xwsqd5z95kzr62mkc2vnadeyv6hpqmwlxv2xgakd68v,active,Human-like / Daytime,0.0,1.0,1,0.0013698630136986,1.0,,,,-0.0,-0.0,0.0,1215000.0
ckb1qzda0cr08m85hc8jlnfp3zer7xulejywt49kt2rr0vthywaa50xwsqd5zvdgz64ygu94j8cwvcguc6wz5mhaknc3drq98,active,Human-like / Daytime,0.0,0.9999999933299399,250,0.3424657534246575,0.3438791133732979,252260.124497992,0.5026542394383402,-0.3309781768210078,0.0677735999975735,0.9995507150500962,643224.18767618,62927.927474790005
ckb1qzda0cr08m85hc8jlnfp3zer7xulejywt49kt2rr0vthywaa50xwsqd622kmxwaqw0x24xqxfcc9vu6gh3c3w9qpeguet,active,Bot-like / Consistent,1.0,1.0,110,0.1506849315068493,0.157332282818088,554194.3394495413,9.566524608908376,0.8107230074196912,0.2202993678663959,0.9991817950612882,2904183.80069854,241018.49431751008
ckb1qzda0cr08m85hc8jlnfp3zer7xulejywt49kt2rr0vthywaa50xwsqd6328jjvyqyx6psdkxv5gyxmlx90f50cgc8yla8,active,Human-like / Daytime,0.0,1.0,2,0.0027397260273972,2.0,,,,0.2181042919855315,-0.0,150064.99998602,150003.0
ckb1qzda0cr08m85hc8jlnfp3zer7xulejywt49kt2rr0vthywaa50xwsqd66ykds4533psl5xqhgvrjhgmyp9wgcvs0d0k60,unused,Dormant / No Activity,,,0,0.0,,,,,,,0.0,899277.4027266
ckb1qzda0cr08m85hc8jlnfp3zer7xulejywt49kt2rr0vthywaa50xwsqd682nhfyu5lfzt4gp9cmrqgsjpesm3pjqf252gf,active,Human-like / Daytime,0.0,1.0,207,0.2835616438356164,0.2862898033716912,303257.1067961165,0.6816069940219665,-0.1893385357636508,0.989255484548474,0.9883051015187112,19690.54931277,105300.53476138
ckb1qzda0cr08m85hc8jlnfp3zer7xulejywt49kt2rr0vthywaa50xwsqd6jpr7mncc8n3y4jv4z5k8fq7l77s42kq76f87n,active,Human-like / Daytime,0.0,1.0,18,0.0246575342465753,0.0611049361370513,1497135.2352941176,3.5703215895391307,0.5623940327136413,0.4822228352268958,0.6736095593807679,2508237.79375514,5032843.58810196
ckb1qzda0cr08m85hc8jlnfp3zer7xulejywt49kt2rr0vthywaa50xwsqd6ttxhzqms8gqpqw02ld92az8vy6g824gcc9ffr,active,Bot-like / Consistent,1.0,0.9999999999999858,1431,1.96027397260274,1.9629332629140697,44046.54055944056,1.0368239116497058,0.0180790845193291,0.0600736522941479,0.9999545766914608,1301859.53300768,1307553.08499757
ckb1qzda0cr08m85hc8jlnfp3zer7xulejywt49kt2rr0vthywaa50xwsqd7llz9vfprn28merjhktq2w8ydgejz4zsw4kkv5,active,Bot-like / Consistent,1.0,0.9999876993040173,34,0.0465753424657534,0.0484324934614237,1837984.696969697,1.652240764517812,0.2459206468898354,0.2093118304944195,0.9454648189868478,983654.27643427,283023.37884718
ckb1qzda0cr08m85hc8jlnfp3zer7xulejywt49kt2rr0vthywaa50xwsqd7qx7ag4lw5wlu0ewhgryjrug54tauj4glm5p09,active,Human-like / Daytime,0.0,1.0,2,0.0027397260273972,2.0,,,,0.2181042919855315,-0.0,133095.73121311,397.9593872000001
ckb1qzda0cr08m85hc8jlnfp3zer7xulejywt49kt2rr0vthywaa50xwsqd7w5u492rs93nr0e0086myx8qdknytcmsw3hx46,active,Miner / Heavy Activity,2.0,1.0,1461,2.0013698630136987,2.004209095679524,43138.80136986302,0.964586590910476,-0.0180258835387407,0.4225010653905864,0.999995429408713,687572753.966594,750472983.1350427
ckb1qzda0cr08m85hc8jlnfp3zer7xulejywt49kt2rr0vthywaa50xwsqd7xem3waujkrfq9vrj7vc5tesg793drag9966ur,active,Human-like / Daytime,0.0,1.0,2,0.0027397260273972,2.0,,,,0.2181042919855315,-0.0,159586.377602,159586.407602
ckb1qzda0cr08m85hc8jlnfp3zer7xulejywt49kt2rr0vthywaa50xwsqd8a7fpzf530ks6kmw3yfvn72p5v4ayy6gq05avs,active,Human-like / Daytime,0.0,1.0,2,0.0027397260273972,0.0702910202814813,,,,0.2181042919855315,0.3562071871080222,61.99998538,300487.47921453003
ckb1qzda0cr08m85hc8jlnfp3zer7xulejywt49kt2rr0vthywaa50xwsqd8at4zhq3lrngyw88mqued7njjluzc9dcx3mfwa,active,Human-like / Daytime,0.0,1.0,2,0.0027397260273972,1.930273343684722,,,,-0.0,0.3562071871080222,223691.15525265,123.99997076
ckb1qzda0cr08m85hc8jlnfp3zer7xulejywt49kt2rr0vthywaa50xwsqd8k7hgtu960r0sefypjj5c80zvdyyhagq0k0z5r,active,Bot-like / Consistent,1.0,0.9999999999998366,1416,1.9397260273972603,1.9614591892704607,44079.96890459364,1.070848402994368,0.0342122595221958,0.4662091301819208,0.9999879658517026,2136460.09398652,2136460.1002314603
ckb1qzda0cr08m85hc8jlnfp3zer7xulejywt49kt2rr0vthywaa50xwsqd8nhae0j2vdd70r20939u449qn0w3v2ygjrepsg,active,Bot-like / Consistent,1.0,1.0,996,1.3643835616438356,1.9250405826125443,44927.2783919598,0.547559970893297,-0.2923570250046861,0.232997176893284,0.999913445747189,2451451435.056547,1110795.24028884
ckb1qzda0cr08m85hc8jlnfp3zer7xulejywt49kt2rr0vthywaa50xwsqd8v6u0w52u9lptyqx9qg05zs3lprp5t4qsxtt54,active,Bot-like / Consistent,1.0,1.0,1254,1.717808219178082,1.7192405380091045,50294.85554668795,1.715294155679348,0.2634315527778927,0.2592981019510842,0.9998435555959314,7576851046.244778,16152911.767054392
ckb1qzda0cr08m85hc8jlnfp3zer7xulejywt49kt2rr0vthywaa50xwsqd90zjdscfh4ycd5u75tyntedxxsaxsencatqh4s,active,Bot-like / Consistent,1.0,1.0,292,0.4,1.8677215637341251,46418.53951890035,0.7297229278484417,-0.1562545467832521,0.2443201065712201,0.9995474771686254,1832516220.6748695,1139527.2619977002
ckb1qzda0cr08m85hc8jlnfp3zer7xulejywt49kt2rr0vthywaa50xwsqd9ec9tr57qedasftglxrgq9yl657ym3yqddeg6p,active,Miner / Heavy Activity,2.0,1.0,1303,1.784931506849315,1.7900441103202898,48304.03840245776,2.311156964754084,0.3959815190614082,0.9919592241049796,0.9978279357996592,137998453.17083246,138261423.7293948
ckb1qzda0cr08m85hc8jlnfp3zer7xulejywt49kt2rr0vthywaa50xwsqda5zj9fpg255n7vz04eqkzlles8z72susenvew6,active,Bot-like / Consistent,1.0,1.0,382,0.5232876712328767,0.5268882497014296,164412.03937007874,1.2449520131558447,0.1091123604069839,0.0732884847295266,0.997424514454456,23987.57837283,23987.58005936
ckb1qzda0cr08m85hc8jlnfp3zer7xulejywt49kt2rr0vthywaa50xwsqda6qmftuk4uc08kxa6mchk5gl52wj46usevshdf,active,Bot-like / Consistent,1.0,1.0,462,0.6328767123287671,1.873227166524286,46223.66160520607,1.520739513927978,0.2065820411235305,0.0489539712705921,0.9996627534249884,13354624.265254188,13354666.35066379
ckb1qzda0cr08m85hc8jlnfp3zer7xulejywt49kt2rr0vthywaa50xwsqda7n3jg4g0l0w3ls93xkmre43z6kerr6gjzcwvz,active,Bot-like / Consistent,1.0,1.0,495,0.678082191780822,0.6837152653964826,126624.2004048583,2.8300311380219823,0.4778110339246748,0.1082127767617045,0.994959508342394,4333897.338037699,34392.43561582
ckb1qzda0cr08m85hc8jlnfp3zer7xulejywt49kt2rr0vthywaa50xwsqdak37z6wn6w6aea983ruzrfl8yweej95cfkzyn9,active,Bot-like / Consistent,1.0,1.0,320,0.4383561643835616,0.4419931756432728,196090.9153605016,2.783108727265137,0.4713342533388332,0.4644529551628878,0.9901194681857708,1146189502.681301,1081954597.436
ckb1qzda0cr08m85hc8jlnfp3zer7xulejywt49kt2rr0vthywaa50xwsqdc75deduvc55qd7z48nrd6xy06td2r0wgqqs0vf,active,Human-like / Daytime,0.0,1.0,1,0.0013698630136986,1.0,,,,-0.0,-0.0,0.0,36344.04367979
ckb1qzda0cr08m85hc8jlnfp3zer7xulejywt49kt2rr0vthywaa50xwsqdcdz8fzqaqzeecdt5u5yp9nvq3ewesgzgf9jqeg,active,Bot-like / Consistent,1.0,1.0,114,0.1561643835616438,0.4968348819490035,175439.77876106196,5.177320412895936,0.6762350232271023,0.1105633665851345,0.9972788039529652,1085825.9759976498,2421391.20150358
ckb1qzda0cr08m85hc8jlnfp3zer7xulejywt49kt2rr0vthywaa50xwsqdcr3ezl9ktveg4fpuujzgrnel0nnjvjxc2gf480,active,Human-like / Daytime,0.0,1.0,2,0.0027397260273972,0.0036666293779512,,,,0.2181042919855315,0.3562071871080222,405638.41635683,430110.88127162
ckb1qzda0cr08m85hc8jlnfp3zer7xulejywt49kt2rr0vthywaa50xwsqddm8ppq3gz8gz0d9ap6z8nc3r662npn2cuxk9f0,active,Human-like / Daytime,0.0,1.0,64,0.0876712328767123,0.614931574183016,142733.6507936508,2.4765233196088072,0.4247126177122699,0.8772958030232689,0.9864258848080152,696641.4019650801,203175.65999187
ckb1qzda0cr08m85hc8jlnfp3zer7xulejywt49kt2rr0vthywaa50xwsqddtncxgn0wga0mctct2p6k2ueqd36ju3qqqmeqa,active,Human-like / Daytime,0.0,1.0,207,0.2835616438356164,0.5689057363071272,152607.73786407767,1.605004869480034,0.2322471165287282,0.9458867397120566,0.9655702065023788,0.0,31050.0
ckb1qzda0cr08m85hc8jlnfp3zer7xulejywt49kt2rr0vthywaa50xwsqddw45fnzxhfmsxwuf7m82k5vyynsfvkxqu8209y,active,Human-like / Daytime,0.0,1.0,49,0.0671232876712328,0.0692939544118255,1272838.3125,0.6238716255424533,-0.231624451429097,0.8805919386779031,0.9817481349323016,0.0,24550.54195568
ckb1qzda0cr08m85hc8jlnfp3zer7xulejywt49kt2rr0vthywaa50xwsqddyz6vl88hqfhcrfv55xpqzan04myfn7qweufsa,active,Human-like / Daytime,0.0,0.9999999999998934,28,0.0383561643835616,0.0561214731097947,1596536.851851852,1.232614587351779,0.1041893162705235,0.8771370836099018,0.9569488249970868,26083619.43796255,4806095.75504649
ckb1qzda0cr08m85hc8jlnfp3zer7xulejywt49kt2rr0vthywaa50xwsqdev2qemedc4lercjj2ys3acwf4d6nj7jcprg6sq,active,Miner / Heavy Activity,2.0,1.0,156,0.2136986301369863,0.2146802531437985,405055.5096774194,3.877434402578389,0.5899483550321605,0.9407079214030122,0.9801834401671912,31200.0,155859.93525605
ckb1qzda0cr08m85hc8jlnfp3zer7xulejywt49kt2rr0vthywaa50xwsqdev8tckcmflyqm9ucs7dkfaqjhfp6ar7cxed08m,active,Bot-like / Consistent,1.0,1.0,332,0.4547945205479452,0.459821978964164,188466.4743202417,3.256259365886943,0.530103824022193,0.1814431110191503,0.9889530619394232,2812696.42519734,20612.74001039
ckb1qzda0cr08m85hc8jlnfp3zer7xulejywt49kt2rr0vthywaa50xwsqdfpcl42753m0xgau9yefhgfxukx83dwysy7tdl3,active,Bot-like / Consistent,1.0,1.0,633,0.8671232876712329,0.8816528062623605,98152.81962025315,3.026582420265052,0.5033008662794617,0.932557968725696,0.9730132291261072,607372984.9124597,606221609.0069
ckb1qzda0cr08m85hc8jlnfp3zer7xulejywt49kt2rr0vthywaa50xwsqdfunuqtrj99lz8app7uqjmdr2ecx6wwfc62xrtm,active,Human-like / Daytime,0.0,1.0,2,0.0027397260273972,0.0097586000203981,,,,0.2181042919855315,0.3562071871080222,1700510.634198,19083.44
ckb1qzda0cr08m85hc8jlnfp3zer7xulejywt49kt2rr0vthywaa50xwsqdg5awuqp2zuwnvjcr753hh38ml5ywd5rgpg79nw,active,Human-like / Daytime,0.0,1.0,1,0.0013698630136986,1.0,,,,-0.0,-0.0,0.0,1303063.44163924
ckb1qzda0cr08m85hc8jlnfp3zer7xulejywt49kt2rr0vthywaa50xwsqdgjmn0k90sa3q24g3lr6qmgv5hqdjdjwcm7mukc,active,Bot-like / Consistent,1.0,0.9999999999999716,1081,1.4808219178082191,1.487682471004548,58130.68425925926,4.409531966256547,0.6302822476185457,0.4426997559298107,0.9999634842934322,1804138.6477135096,1804195.56205012
ckb1qzda0cr08m85hc8jlnfp3zer7xulejywt49kt2rr0vthywaa50xwsqdgnkvezzetd5sg79nkv9t3fhfwtx3euxct5fja8,unused,Dormant / No Activity,,,0,0.0,,,,,,,0.0,45001.8102415
ckb1qzda0cr08m85hc8jlnfp3zer7xulejywt49kt2rr0vthywaa50xwsqdh26mj0xls204ndg9lsdptdz0zu0jdmycngh5ht,active,Miner / Heavy Activity,2.0,1.0,1546,2.117808219178082,2.126353515855171,40659.24207119741,2.272108279869848,0.3887732834808411,0.9774680649583226,0.9948871215424544,505200.0,431187842.00772446
ckb1qzda0cr08m85hc8jlnfp3zer7xulejywt49kt2rr0vthywaa50xwsqdhf3xqk7tf9antv2mxh6ptvwq3sqhptwgat9tmx,active,Bot-like / Consistent,1.0,1.0,463,0.6342465753424658,0.6347754139539197,136405.7445887446,14.427112204093808,0.8703581089227268,0.3113470557847488,0.999366752362834,1517635081.6042552,5882725.22428794
ckb1qzda0cr08m85hc8jlnfp3zer7xulejywt49kt2rr0vthywaa50xwsqdhlh26x095s6eayfehscs0g3w7a35xeps0kzd64,active,Bot-like / Consistent,1.0,1.0,552,0.7561643835616438,1.8277527870539696,47356.954627949184,2.1760470117119626,0.3702863992173864,0.0287313185536423,0.9999118230000462,5009415.51068171,5009472.43222534
ckb1qzda0cr08m85hc8jlnfp3zer7xulejywt49kt2rr0vthywaa50xwsqdhxwwku2qxwcj784l5slje2tsa76nlgvsawdc7v,active,Human-like / Daytime,0.0,1.0,2,0.0027397260273972,0.0317802454876833,,,,0.2181042919855315,-0.0,3840.36835174,368.9498302500001
ckb1qzda0cr08m85hc8jlnfp3zer7xulejywt49kt2rr0vthywaa50xwsqdhyzsujyst3daq3tuqale3rse4mm623zs6juzyw,active,Human-like / Daytime,0.0,1.0,2,0.0027397260273972,0.0028642629279327,,,,0.2181042919855315,0.3562071871080222,906460.07145762,243.82594276
ckb1qzda0cr08m85hc8jlnfp3zer7xulejywt49kt2rr0vthywaa50xwsqdj4r9tvue7rvadva3kshjcqzyjdhzxxrcz5nngn,active,Bot-like / Consistent,1.0,1.0,110,0.1506849315068493,0.1544094298280708,564684.8165137614,6.8336104600842855,0.7446898833952894,0.3278139627466753,0.9927303253052704,373761159.244588,147121.03943797998
ckb1qzda0cr08m85hc8jlnfp3zer7xulejywt49kt2rr0vthywaa50xwsqdj4umj7up8wpnzcfyfluuedu62pk2sk2c5lwnrt,active,Bot-like / Consistent,1.0,1.0,1454,1.991780821917808,1.9944829808027744,43349.31108052305,0.98551638301702,-0.0072946348400167,0.0606909592934631,0.9999834823644552,4030338.45673498,4030397.39513876
ckb1qzda0cr08m85hc8jlnfp3zer7xulejywt49kt2rr0vthywaa50xwsqdjlu4rl6rwlf2zak4lawpv7z6ctq54rtcvm0g0r,unused,Dormant / No Activity,,,0,0.0,,,,,,,0.0,121116719.43111092
ckb1qzda0cr08m85hc8jlnfp3zer7xulejywt49kt2rr0vthywaa50xwsqdjsydf39sklhfvtfnk57vvd7d2vn4kxwqpr3prn,active,Miner / Heavy Activity,2.0,1.0,216,0.2958904109589041,1.2215121868461234,71060.98604651162,1.3856388205333166,0.1616501279297198,0.5418936753480338,0.9704399540909784,362187.9138909599,442714.04700313
ckb1qzda0cr08m85hc8jlnfp3zer7xulejywt49kt2rr0vthywaa50xwsqdk6t85vllv37se5ng6rpnz7x30clgdy6qsped2w,active,Human-like / Daytime,0.0,1.0,2,0.0027397260273972,0.0170765482959472,,,,0.2181042919855315,0.3562071871080222,34434.96308062,124.0
ckb1qzda0cr08m85hc8jlnfp3zer7xulejywt49kt2rr0vthywaa50xwsqdkqd8la4z3aqeh8v4c3fdsr4efuxf9slcdenyvw,active,Bot-like / Consistent,1.0,1.0,764,1.0465753424657531,1.0479951173070228,82551.18348623853,2.001505050749789,0.3336676213486993,0.048443897369026,0.9996815757870996,61797.54264236,67381.51341787001
ckb1qzda0cr08m85hc8jlnfp3zer7xulejywt49kt2rr0vthywaa50xwsqdktl2pnd9nrh6fna6ydh5sv34z4cx59mg2d5yh4,active,Human-like / Daytime,0.0,1.0,2,0.0027397260273972,0.0121826526499419,,,,0.2181042919855315,0.3562071871080222,1700510.634198,87480.9376
ckb1qzda0cr08m85hc8jlnfp3zer7xulejywt49kt2rr0vthywaa50xwsqdlnnrld5uyndfrw0xxnpmpf435242xl2ccrge5g,active,Bot-like / Consistent,1.0,0.9999997793245642,79,0.1082191780821917,0.1087301712716842,804815.1794871795,2.4628156667762213,0.4224353264919987,0.880261710930428,0.9565656472443208,5254683.26020364,6004143.585354999
ckb1qzda0cr08m85hc8jlnfp3zer7xulejywt49kt2rr0vthywaa50xwsqdly7vzugjpxpzy4wc8u8dkpt6gmv2kknsw36cs0,active,Bot-like / Consistent,1.0,1.0,2332,3.194520547945205,3.4673569917963203,24928.804804804804,8.179568850971739,0.7821248435008709,0.8907255369738922,0.9994835913293992,33196873.28764936,1405822.7015287802
ckb1qzda0cr08m85hc8jlnfp3zer7xulejywt49kt2rr0vthywaa50xwsqdm3dkt45znks4ckxyvgrn6s8e2fycz7tqhatyac,active,Human-like / Daytime,0.0,0.9999999967613373,77,0.1054794520547945,0.1232110593334183,710462.5394736842,1.5985878322220155,0.2303512026030582,0.753515989720379,0.8547615767923438,91226665.419272,223990192.93270868
ckb1qzda0cr08m85hc8jlnfp3zer7xulejywt49kt2rr0vthywaa50xwsqdmttx5ka8lg5ejf2q9rxnmu5vavlpcy7c2frlzd,active,Bot-like / Consistent,1.0,1.0,1409,1.9301369863013695,1.9327553930439725,44734.767755681816,0.971989862713566,-0.0142039965904746,0.0585549104236655,0.999975116702684,268896.64451115,268955.85263306
ckb1qzda0cr08m85hc8jlnfp3zer7xulejywt49kt2rr0vthywaa50xwsqdmvgx9866nn68gsfshgy660unf97wzfcgcxrvec,active,Miner / Heavy Activity,2.0,1.0,3063,4.195890410958904,4.202156936119683,20567.584258654475,1.1106144832250413,0.0524086630240597,0.9170661822095976,0.999141047842788,2308089264.78,4202521730.727211
ckb1qzda0cr08m85hc8jlnfp3zer7xulejywt49kt2rr0vthywaa50xwsqdn85jtpzkk24ga7vprxcupwkw8h2kmcpgnkw4s2,active,Human-like / Daytime,0.0,1.0,2,0.0027397260273972,0.0332982686634579,,,,0.2181042919855315,0.3562071871080222,64999.99886345,302100.0
ckb1qzda0cr08m85hc8jlnfp3zer7xulejywt49kt2rr0vthywaa50xwsqdn9q3qlnujce8h263s33pjaj5qh5qt3vsk79ynl,unused,Dormant / No Activity,,,0,0.0,,,,,,,0.0,2757018.9208494
ckb1qzda0cr08m85hc8jlnfp3zer7xulejywt49kt2rr0vthywaa50xwsqdnvsjyahhu4hnqmv5aqy06jk7p289qcsck64eed,active,Human-like / Daytime,0.0,1.0,1,0.0013698630136986,1.0,,,,-0.0,-0.0,0.0,19000000.0
ckb1qzda0cr08m85hc8jlnfp3zer7xulejywt49kt2rr0vthywaa50xwsqdpglw7yx2vzsuu2hz4f0zqmm7ujn4gzrcpt9myf,active,Human-like / Daytime,0.0,1.0,2,0.0027397260273972,2.0,,,,0.2181042919855315,-0.0,293774.00025945,293774.00037739
ckb1qzda0cr08m85hc8jlnfp3zer7xulejywt49kt2rr0vthywaa50xwsqdqex3u79vvhdzdfu66k5rd877nwea2xhszxnv47,active,Bot-like / Consistent,1.0,1.0,872,1.1945205479452057,1.1994398449335293,72116.32721010334,1.8806885190772475,0.305721536099763,0.0658227412753628,0.9997180905408332,5946461.3775963895,361178.75709254
ckb1qzda0cr08m85hc8jlnfp3zer7xulejywt49kt2rr0vthywaa50xwsqdqpaqujjqztsvqsckxxryqkyar5g229ls79xsux,active,Human-like / Daytime,0.0,1.0,2,0.0027397260273972,2.0,,,,-0.0,-0.0,0.0,2050000.39137306
ckb1qzda0cr08m85hc8jlnfp3zer7xulejywt49kt2rr0vthywaa50xwsqdqq677slvjxejspzxxuyrz3r8m4glpqrqve4u4k,active,Miner / Heavy Activity,2.0,1.0,717,0.9821917808219178,3.9494478730679607,21907.02932960894,3.463309955647932,0.5519020592622806,0.9967038292175168,0.9991814206686034,15906977.26182252,1465838.9491334104
ckb1qzda0cr08m85hc8jlnfp3zer7xulejywt49kt2rr0vthywaa50xwsqdqrmx3gfghxmm3m5dj4vm27j5ke9kvw9qmr8lwp,active,Human-like / Daytime,0.0,1.0,16,0.021917808219178,0.2135725477703267,431516.13333333336,1.5972712248742698,0.2299610526440814,0.6167595766966475,0.8123800251654715,89101295.13845098,39245234.79
ckb1qzda0cr08m85hc8jlnfp3zer7xulejywt49kt2rr0vthywaa50xwsqdqxnfeggrmljfnrf8nvsnv26xv4rvyhwsztv7ae,active,Bot-like / Consistent,1.0,1.0,1040,1.4246575342465753,1.6982949916627506,50923.5187680462,3.872930439231821,0.5895693515552657,0.269374476145701,0.9999804766062176,4240073029.674789,1846111.80086192
ckb1qzda0cr08m85hc8jlnfp3zer7xulejywt49kt2rr0vthywaa50xwsqdqyzqvyyqgdw9qdu9tsfwfj2j3qj05ams2m6zwh,active,Human-like / Daytime,0.0,1.0,1,0.0013698630136986,1.0,,,,-0.0,-0.0,255126.58957062,0.0
ckb1qzda0cr08m85hc8jlnfp3zer7xulejywt49kt2rr0vthywaa50xwsqdrfqfkxp3pgctx8k974q9l9pyupmrdrwq8je3v0,active,Bot-like / Consistent,1.0,1.0,308,0.421917808219178,1.9203003759895487,45139.51791530944,0.4576372813935074,-0.3720834569269465,0.2304258710583772,0.999810342060496,1927878433.52646,4135235.1030487097
ckb1qzda0cr08m85hc8jlnfp3zer7xulejywt49kt2rr0vthywaa50xwsqdrke350wl8qag3cv75pp4q2zh9wurf25c8csrmu,active,Bot-like / Consistent,1.0,1.0,1457,1.995890410958904,1.9985980182150944,43259.995192307695,1.0068855798820355,0.0034309778051423,0.0720943150598361,0.999925006461522,1094098.81684496,1302179.0860527
ckb1qzda0cr08m85hc8jlnfp3zer7xulejywt49kt2rr0vthywaa50xwsqdsczh9v0wp9w3p7th99t7kdf5sscfsd5g5w0zah,active,Bot-like / Consistent,1.0,1.0,408,0.5589041095890411,1.5055056067391055,57530.36363636364,3.3153025978188344,0.5365330808989158,0.0194754840281718,0.999615513068525,698206.22547715,698206.44298349
ckb1qzda0cr08m85hc8jlnfp3zer7xulejywt49kt2rr0vthywaa50xwsqdswxz9w93ffp2dkdr4gjgyw6akpd9ml2sc3j7ft,active,Human-like / Daytime,0.0,1.0,1,0.0013698630136986,1.0,,,,-0.0,-0.0,0.0,207831883.47717017
ckb1qzda0cr08m85hc8jlnfp3zer7xulejywt49kt2rr0vthywaa50xwsqdtejzc329up3s665cxswczse77neqxr2c6uk0jz,active,Bot-like / Consistent,1.0,1.0,400,0.547945205479452,0.5652007470069873,153249.16290726818,3.33757735020207,0.5389131216514611,0.9324964933333636,0.9749716878222622,482348253.1290792,446230130.5306
ckb1qzda0cr08m85hc8jlnfp3zer7xulejywt49kt2rr0vthywaa50xwsqdtjy373hqrz0x0dh8qeq90xcwm7ks5gnghey3u8,active,Bot-like / Consistent,1.0,0.9999999999999929,1189,1.6287671232876713,1.769603055284196,48865.6069023569,3.332847362052244,0.5384097724013281,0.4315815457451551,0.9999938080410972,1236741.3472004398,1236800.52272154
ckb1qzda0cr08m85hc8jlnfp3zer7xulejywt49kt2rr0vthywaa50xwsqdtr9km5rjdrntcf4a5jh7u55rl8rurp2snsf7v6,active,Human-like / Daytime,0.0,1.0,1,0.0013698630136986,1.0,,,,-0.0,-0.0,0.0,396000.0
ckb1qzda0cr08m85hc8jlnfp3zer7xulejywt49kt2rr0vthywaa50xwsqdtx60cacasvak8s6a7umwganlkyrk2vvgmj2zdf,active,Bot-like / Consistent,1.0,1.0,1253,1.7164383561643837,1.717869532795381,50335.02715654952,1.7143771462541066,0.2631827147675337,0.258183409773266,0.9998601007734592,7576296773.70635,16152911.767054392
ckb1qzda0cr08m85hc8jlnfp3zer7xulejywt49kt2rr0vthywaa50xwsqdtzdy4dlvfxna90pxjuxmkkfvqkjr595sqw5q4m,active,Human-like / Daytime,0.0,1.0,4,0.0054794520547945,0.0725342753834284,1588214.6666666667,1.4051252596457084,0.1684424784201826,0.3271564379782973,0.2889830986758596,275965.60854953,276632.21963206
ckb1qzda0cr08m85hc8jlnfp3zer7xulejywt49kt2rr0vthywaa50xwsqdug54pz4xhn0z0exgx6kune22z0k5xpdqap800k,active,Bot-like / Consistent,1.0,1.0,666,0.9123287671232876,0.9160795779179391,94456.77744360904,1.73997060529951,0.2700651619649849,0.0797792595819641,0.999707947667198,51649.88675022,51649.88969061
ckb1qzda0cr08m85hc8jlnfp3zer7xulejywt49kt2rr0vthywaa50xwsqdun3wce79ar4cmnl76tyehgha0muqg07gt556gd,active,Bot-like / Consistent,1.0,1.0,294,0.4027397260273972,0.4030755328346704,215083.46075085324,12.844020141837907,0.8555332931107335,0.4224926218921108,0.996953834733904,606264683.9945427,270938.00008645
ckb1qzda0cr08m85hc8jlnfp3zer7xulejywt49kt2rr0vthywaa50xwsqduy4r065e9prkxhdnwmzw75dtph3ecu6sfrv9s4,active,Bot-like / Consistent,1.0,1.0,276,0.3780821917808219,0.6917366673518359,125357.21454545454,10.074688129055982,0.819408007097489,-0.0,0.9969972410048408,391947.44039857,1245769.7104662298
ckb1qzda0cr08m85hc8jlnfp3zer7xulejywt49kt2rr0vthywaa50xwsqdv3msqhwu0eel0cx4vxkhzphyxdxg0p2gcn4zk4,unused,Dormant / No Activity,,,0,0.0,,,,,,,0.0,0.0
ckb1qzda0cr08m85hc8jlnfp3zer7xulejywt49kt2rr0vthywaa50xwsqdv5f45r3aevly9umatacdzw6x2hmycfss6cstcq,active,Human-like / Daytime,0.0,1.0,24,0.0328767123287671,0.0337722168857761,2669547.0434782607,1.1786571683151696,0.0820033417434517,0.7908057226473753,0.909961597397688,337282.93948799,676371.01991675
ckb1qzda0cr08m85hc8jlnfp3zer7xulejywt49kt2rr0vthywaa50xwsqdv7nz5efx58k589jup242p9f5lhx9mwgc3rtspx,active,Human-like / Daytime,0.0,1.0,9,0.0123287671232876,0.214285950491568,453599.5,1.1654411975475565,0.0764006881068508,-0.0,0.7826440847079562,0.0,4351.75886687
ckb1qzda0cr08m85hc8jlnfp3zer7xulejywt49kt2rr0vthywaa50xwsqdvehsut0qf0x0n92v22wjx6mu6a4l7hscxasspx,active,Bot-like / Consistent,1.0,1.0,371,0.5082191780821917,0.5117241297617476,169297.3,1.2627895009802037,0.1161351954595721,0.3329006696021289,0.9981339440802556,29301017.84204336,23103.7870324
ckb1qzda0cr08m85hc8jlnfp3zer7xulejywt49kt2rr0vthywaa50xwsqdvt7epf6qmf9rk9pvdjkptedqx23y7r6czf3svw,active,Human-like / Daytime,0.0,1.0,2,0.0027397260273972,0.0376894533000846,,,,0.2181042919855315,0.3562071871080222,1370574.739645,1370574.74
ckb1qzda0cr08m85hc8jlnfp3zer7xulejywt49kt2rr0vthywaa50xwsqdw5wngjpd0llhvztxawxx2hkqktr7qqcgtr68xk,active,Bot-like / Consistent,1.0,1.0,1334,1.8273972602739723,1.842513100803104,46927.653413353335,1.2168473649243807,0.0978179049921994,0.06349534653104,0.9998408768598762,716613.7600364,1034059.97292925
ckb1qzda0cr08m85hc8jlnfp3zer7xulejywt49kt2rr0vthywaa50xwsqdw7svu2fzp5uqpu4xfupgkm4xw0zd79agr0jz8p,active,Bot-like / Consistent,1.0,1.0,2895,3.9657534246575343,3.9747813181400646,21744.55597788528,4.445027404021774,0.6326923903959103,0.9842877355703028,0.9968022052777352,5581110875.966751,5611318678.505448
ckb1qzda0cr08m85hc8jlnfp3zer7xulejywt49kt2rr0vthywaa50xwsqdwa7y4etexhlslpeplm2gensrmkpgpfqc5kk4x9,active,Human-like / Daytime,0.0,1.0,1,0.0013698630136986,1.0,,,,-0.0,-0.0,0.0,1005000.9979503
ckb1qzda0cr08m85hc8jlnfp3zer7xulejywt49kt2rr0vthywaa50xwsqdwd0h8eflp0j2qee9vtfhyhdtmn3p4wrqzdsaew,active,Bot-like / Consistent,1.0,1.0,547,0.7493150684931507,1.4688837505418864,58927.90476190476,4.032674955769807,0.6025970249266622,0.2331890857659957,0.9981328300134166,1041359361.9310735,368599.46129848994
ckb1qzda0cr08m85hc8jlnfp3zer7xulejywt49kt2rr0vthywaa50xwsqdwfknw8tnpne8m7pa5mg39xvv7qallxgccrzanp,active,Bot-like / Consistent,1.0,1.0,1426,1.9534246575342469,1.955053434769524,44224.17824561404,0.2933209056981516,-0.546406611992693,0.2554368333294131,0.9999512847080344,6749602760.278939,3479831.77359869
ckb1qzda0cr08m85hc8jlnfp3zer7xulejywt49kt2rr0vthywaa50xwsqdwhyh3f06wztrf9xlh56pu9nxvgf3k0lqjypm82,unused,Dormant / No Activity,,,0,0.0,17.81083532336664,4852.597199066356,1.0658053848348064,0.0318545906201462,0.9986661717417192,0.9995932261469712,64734.28901963001,263526.25967562
ckb1qzda0cr08m85hc8jlnfp3zer7xulejywt49kt2rr0vthywaa50xwsqdwtq4te2zfzem37hsacgzq4t4y8t8tgmcyy9v3v,active,Miner / Heavy Activity,2.0,1.0,1607,2.2013698630136984,6.168738762234087,14014.825653798256,2.4660393023274403,0.4229724981315119,0.9187278401900806,0.9884241804406289,6215429358.653268,6281865781.526699
ckb1qzda0cr08m85hc8jlnfp3zer7xulejywt49kt2rr0vthywaa50xwsqdx5m2dx9j9el3arnuntxu5lkfafw4dyxgq357up,active,Human-like / Daytime,0.0,1.0,1,0.0013698630136986,1.0,,,,-0.0,-0.0,0.0,9899.0
ckb1qzda0cr08m85hc8jlnfp3zer7xulejywt49kt2rr0vthywaa50xwsqdxaqe07wj7kc5y9suqc6lkdqz4wm85ltq0ng53r,active,Human-like / Daytime,0.0,1.0,1,0.0013698630136986,1.0,,,,-0.0,-0.0,0.0,500.00000000000006
ckb1qzda0cr08m85hc8jlnfp3zer7xulejywt49kt2rr0vthywaa50xwsqdxzlmuqal6c37hk678qjekya0qjd5m5lq7hhzaq,active,Bot-like / Consistent,1.0,0.9999999474037877,766,1.0493150684931507,1.1418313015954504,75766.83267973857,2.6877742054910523,0.4576674469326177,0.9598022127445162,0.9895111117668864,272632.9853874,272674.23802633
ckb1qzda0cr08m85hc8jlnfp3zer7xulejywt49kt2rr0vthywaa50xwsqdxzpng0y93mrnmxq0e73j4yu4d3n3mkuqc5r59u,active,Bot-like / Consistent,1.0,0.999999999995346,204,0.2794520547945205,0.4996013104670267,173789.8078817734,2.136933178581172,0.3624346180990072,0.8873100455367962,0.9956027000005288,1132339.42753265,1132339.43668638
ckb1qzda0cr08m85hc8jlnfp3zer7xulejywt49kt2rr0vthywaa50xwsqdy03jsqq4r873dyqm49pckertnx0qvw0qvde0sg,active,Human-like / Daytime,0.0,1.0,4,0.0054794520547945,0.0245388440457765,4694597.666666667,1.4135800510135832,0.1713554314636882,0.3271564379782973,0.2889830986758596,1700510.634198,258415.5187
ckb1qzda0cr08m85hc8jlnfp3zer7xulejywt49kt2rr0vthywaa50xwsqdytgmu0z5yskwrnegfptr3n4pcx9d6tlswehku8,active,Bot-like / Consistent,1.0,1.0,124,0.1698630136986301,0.1776402822420486,490330.44715447153,3.8290693688088826,0.5858415261296379,0.0964611186473898,0.9862235461814222,2504916.4406918595,13933.2994185
ckb1qzda0cr08m85hc8jlnfp3zer7xulejywt49kt2rr0vthywaa50xwsqdywhhfnhv7xz24x9y79yu47u9ugwr8p2sccyn4q,active,Human-like / Daytime,0.0,1.0,248,0.3397260273972602,0.3791892638641915,228777.04048583,3.507890886879073,0.5563335381915931,0.6756159211094982,0.998542892506592,462.0,1318883.53813728
ckb1qzda0cr08m85hc8jlnfp3zer7xulejywt49kt2rr0vthywaa50xwsqdzcwm3dgw383w7uv4v9a95jdxtxgzrmdcpxs45n,active,Human-like / Daytime,0.0,1.0,85,0.1164383561643835,0.1169522436405704,747557.880952381,0.8368019025287203,-0.0888490464032105,0.9484295970385094,0.9913775741370314,0.0,42871.223033450005
ckb1qzda0cr08m85hc8jlnfp3zer7xulejywt49kt2rr0vthywaa50xwsqdzm8lk39ashezjh2pdyrdz7nw0j43av9ce3k38n,active,Bot-like / Consistent,1.0,1.0,812,1.1123287671232878,1.1163171158600032,77492.79654747226,9.401473277937995,0.8077195463990575,0.2479556365492752,0.9996196592949336,229196221.09988132,126020.20116064
ckb1qzda0cr08m85hc8jlnfp3zer7xulejywt49kt2rr0vthywaa50xwsqdzt3t3nzcdsvaxvkqvfn6p3lxdk3f9agguqwlys,active,Bot-like / Consistent,1.0,1.0,1072,1.4684931506849317,1.471734574215309,58761.0522875817,0.6422459663723076,-0.2178443673805847,0.2648284885008649,0.9993175008934024,18381679.464527,196541.09781001
ckb1qzda0cr08m85hc8jlnfp3zer7xulejywt49kt2rr0vthywaa50xwsqf0qpamhk3hv8a8yv79krku3zfspql7zkq0ddtu4,active,Bot-like / Consistent,1.0,0.9999999999992113,1473,2.0178082191780824,2.0204682525095703,42791.415081521736,2.064350329672251,0.3473331098491238,0.43784882823909,0.9998618961524488,9441332.242390413,4156531.33857509
ckb1qzda0cr08m85hc8jlnfp3zer7xulejywt49kt2rr0vthywaa50xwsqf0urdhtn86cykn6v4j6q5cl4l22zpjjfqp3eql2,active,Human-like / Daytime,0.0,1.0,2540,3.4794520547945207,3.7750831678228103,22895.92713666798,0.6569899329128872,-0.207007936665084,0.9992031734035892,0.9998699902096536,0.0,1438528.28222654
ckb1qzda0cr08m85hc8jlnfp3zer7xulejywt49kt2rr0vthywaa50xwsqf28hye6evgjqwvz29v4fvlpgsc7vsxu5gx5qu2v,unused,Dormant / No Activity,,,0,0.0,,,,,,,0.0,47701.772385250006
ckb1qzda0cr08m85hc8jlnfp3zer7xulejywt49kt2rr0vthywaa50xwsqf2el7rdezj77kunr7ncjup03x55y849rqa5khs6,active,Bot-like / Consistent,1.0,1.0,464,0.6356164383561644,1.991077954732796,43487.30237580994,0.9610869149413436,-0.0198426111368044,0.175921349729941,0.9998372920296646,6067669.2089005,616153.67374894
ckb1qzda0cr08m85hc8jlnfp3zer7xulejywt49kt2rr0vthywaa50xwsqf2pf3uu524tn9umy7g3gchaa6sgamvs4sx454l6,active,Miner / Heavy Activity,2.0,1.0,1499,2.0534246575342467,39.78392990162575,2173.1809078771694,0.7985403310934016,-0.112012872563232,0.8929501392995634,0.9054870149770768,28198913.070145685,306229452.2067957
ckb1qzda0cr08m85hc8jlnfp3zer7xulejywt49kt2rr0vthywaa50xwsqf3q9e554euxmpqyaju2n3prxl3fxuphqs9l8zmt,active,Bot-like / Consistent,1.0,1.0,1381,1.8917808219178085,1.8940317864448304,45650.03043478261,0.6825352105818256,-0.1886824046365093,0.4478487205388197,0.9999105367945096,6458788804.761176,4642792.04352501
ckb1qzda0cr08m85hc8jlnfp3zer7xulejywt49kt2rr0vthywaa50xwsqf4n5g7ce6k9gxgvs7cjc40rk8r0tqtg4qg775ha,active,Human-like / Daytime,0.0,1.0,93,0.1273972602739726,0.1282759357907676,680869.1739130435,0.8785977301704764,-0.0646238776294629,0.0513013911036151,0.9957005319505886,33936.41544868,20617.08230775
ckb1qzda0cr08m85hc8jlnfp3zer7xulejywt49kt2rr0vthywaa50xwsqf4s8sxvjqhp8qpxyqj03kwmry2a43kggq7um8ef,active,Human-like / Daytime,0.0,1.0,31,0.0424657534246575,0.4696972991703838,190079.86666666667,1.5753382361339592,0.2234029798732939,0.3344605440995335,0.8973679717794566,5634922.981999999,13253168.298962308
ckb1qzda0cr08m85hc8jlnfp3zer7xulejywt49kt2rr0vthywaa50xwsqf68ndqgrm406nmahnk8uyvl6up7hzhgdcjvn87t,active,Human-like / Daytime,0.0,1.0,2,0.0027397260273972,2.0,,,,-0.0,-0.0,2690.40502769,2622.9989000000005
ckb1qzda0cr08m85hc8jlnfp3zer7xulejywt49kt2rr0vthywaa50xwsqf6qtawqcsf9ga3yuhh8gfhxuyah7rvtlgzn95vl,active,Miner / Heavy Activity,2.0,1.0,2234,3.06027397260274,6.105192039808548,14158.22660098522,3.184577941316091,0.5220545469465003,0.979972581136416,0.9959624465841588,2255237457.2527733,1924303199.9995
ckb1qzda0cr08m85hc8jlnfp3zer7xulejywt49kt2rr0vthywaa50xwsqf7wdk98y3zdh3cyql86grghqwnen7ks5qzrld2q,active,Human-like / Daytime,0.0,1.0,2,0.0027397260273972,2.0,,,,0.2181042919855315,-0.0,165281.09938258,0.0
ckb1qzda0cr08m85hc8jlnfp3zer7xulejywt49kt2rr0vthywaa50xwsqf8dmcwxvvdpwl6uefpwajgydh4un9yulqxl5y8f,active,Bot-like / Consistent,1.0,1.0,1648,2.2575342465753425,2.6442511569870915,32694.49605343048,7.301974992132915,0.7590934684945171,0.8910365388657365,0.999635536221326,303927933.04898566,980081.76989384
ckb1qzda0cr08m85hc8jlnfp3zer7xulejywt49kt2rr0vthywaa50xwsqf9gpm79hetc79v6ctwyzddhtwe9g6mfmq0sm2ez,active,Human-like / Daytime,0.0,1.0,1,0.0013698630136986,1.0,,,,-0.0,-0.0,0.0,200910086.9563028
ckb1qzda0cr08m85hc8jlnfp3zer7xulejywt49kt2rr0vthywaa50xwsqf9jwdl03xznuj4m32a9mlc2ejzu3rj3sc2k2ffj,active,Bot-like / Consistent,1.0,1.0,1444,1.978082191780822,1.9804358433210243,43656.99376299376,0.5282907676163507,-0.3086514964160689,0.6096855879680875,0.9997308817173024,4234333067.760078,2233815.7048905604
ckb1qzda0cr08m85hc8jlnfp3zer7xulejywt49kt2rr0vthywaa50xwsqfc5kszzn9mc2zycl58v8jjrk9zhmr97cg3ndvfs,active,Miner / Heavy Activity,2.0,1.0,542,0.7424657534246575,0.7449132005151247,116201.06099815156,3.574605391985926,0.5628038205210614,0.9636530107819912,0.9866814713865408,1370582.44880707,116859.9924
ckb1qzda0cr08m85hc8jlnfp3zer7xulejywt49kt2rr0vthywaa50xwsqfc63dma5fy3kywpnada5yy99tpqvl4dechg9csl,active,Human-like / Daytime,0.0,1.0,48,0.0657534246575342,0.2681678860808956,329041.25531914894,2.606928803432956,0.4455116502170859,0.6393157292397302,0.9915673838558609,100.99999432,937407.48474388
ckb1qzda0cr08m85hc8jlnfp3zer7xulejywt49kt2rr0vthywaa50xwsqfcls7pnlg5eausdqrj4k0jrlhm7zy3jrsjljh33,active,Bot-like / Consistent,1.0,1.0,2123,2.908219178082192,5.678143266171231,15223.4123468426,34.05930447375584,0.9429538027060084,0.9938228235802458,0.9980140400138752,26575175.05661644,1060414.39140939
ckb1qzda0cr08m85hc8jlnfp3zer7xulejywt49kt2rr0vthywaa50xwsqfcwzl3jytqrrgtuwmapvqe42txrxvqlncewj9c8,active,Human-like / Daytime,0.0,1.0,4,0.0054794520547945,0.0684251833185105,1683590.6666666667,1.2187177830530085,0.0985784603718493,0.3271564379782973,0.7124143742160444,0.0,439229.70370741
ckb1qzda0cr08m85hc8jlnfp3zer7xulejywt49kt2rr0vthywaa50xwsqfd8eyknzynse6m9r0zlfjyt4qpxnlr86svrekgm,active,Human-like / Daytime,0.0,1.0,3,0.0041095890410958,0.3281332484305432,394961.5,0.9991999220177156,-0.0004001990863809,0.2002842627197175,0.3271035759815648,106154.07894722,61515.4796836
ckb1qzda0cr08m85hc8jlnfp3zer7xulejywt49kt2rr0vthywaa50xwsqfdna4hqan5me6y8mfqr83y4epmrdrc6cs33gx6e,active,Human-like / Daytime,0.0,1.0,9,0.0123287671232876,0.0312484842415573,3110550.875,1.364845196512714,0.1542786805033699,0.3615608036585134,0.8916786100351445,4142.43300806,4128.3126654200005
ckb1qzda0cr08m85hc8jlnfp3zer7xulejywt49kt2rr0vthywaa50xwsqfedd2txrs2mkwpdnqawg67t6dg873utxcxh2uzw,unused,Dormant / No Activity,,,0,0.0,,,,,,,0.0,2225584.5123509094
ckb1qzda0cr08m85hc8jlnfp3zer7xulejywt49kt2rr0vthywaa50xwsqfewq5cphjmj7j53dgvs9ekquz7wp0eadggz3t4x,active,Human-like / Daytime,0.0,0.9999999999999787,22,0.0301369863013698,0.5145020390066603,175926.0,0.4101075099516715,-0.4183315710931471,0.583807834770975,0.9673124750084658,6459.0,7071.645375599999
ckb1qzda0cr08m85hc8jlnfp3zer7xulejywt49kt2rr0vthywaa50xwsqff60m3g73j280arxmzwp6anr9g04xmmast74txw,active,Bot-like / Consistent,1.0,1.0,274,0.3753424657534246,0.9441829823556762,91842.87912087912,3.902815146932895,0.5920710979178645,0.541096683487209,0.9992131567214056,338297.93543888,338398.54564927006
ckb1qzda0cr08m85hc8jlnfp3zer7xulejywt49kt2rr0vthywaa50xwsqfg0c6expwhe3wjs5vkk7e2legcah5gvjqvdy8l7,active,Human-like / Daytime,0.0,1.0,2,0.0027397260273972,0.0724987004356215,,,,0.2181042919855315,-0.0,39326681.972506665,381081.37306212
ckb1qzda0cr08m85hc8jlnfp3zer7xulejywt49kt2rr0vthywaa50xwsqfgj90k2l7xlregd38wufzgkvhx0f8zk5g0zvkvj,unused,Dormant / No Activity,,,0,0.0,,,,,,,0.0,0.0
ckb1qzda0cr08m85hc8jlnfp3zer7xulejywt49kt2rr0vthywaa50xwsqfh3hsd0an0xag0qzx0ay8qrtpclap9x3she6gvj,active,Human-like / Daytime,0.0,1.0,2,0.0027397260273972,0.0340921130224571,,,,0.2181042919855315,0.3562071871080222,0.0,66513.76000000001
ckb1qzda0cr08m85hc8jlnfp3zer7xulejywt49kt2rr0vthywaa50xwsqfh8xfzhxnsgxq7st5khe2fa59da8lp6gchut7ky,active,Bot-like / Consistent,1.0,1.0,74,0.1013698630136986,2.055243674442407,42614.68493150685,1.0016103870048596,0.0008045456874698,-0.0,0.9981697692651036,1219830.4011374605,1219830.42141999
ckb1qzda0cr08m85hc8jlnfp3zer7xulejywt49kt2rr0vthywaa50xwsqfhhns5zvr3d2rxe8lswgx9whpq0a0kmzsruh3s5,active,Bot-like / Consistent,1.0,1.0,1110,1.5205479452054795,1.5226108037765334,56795.80613165013,6.703969242353812,0.7403935637483238,0.0643466070493961,0.9999916731165236,1872930.8851649305,1872944.426464
ckb1qzda0cr08m85hc8jlnfp3zer7xulejywt49kt2rr0vthywaa50xwsqfhlkvwqu09p0fh8aqkzw4q63frnwe3lqgphr4ny,active,Human-like / Daytime,0.0,1.0,17,0.0232876712328767,1.0625107603809645,86399.125,0.0051488207785731,-0.9897551075579336,-0.0,0.9894640644229128,0.0,114353.42907676
ckb1qzda0cr08m85hc8jlnfp3zer7xulejywt49kt2rr0vthywaa50xwsqfhm04agnaq6r8t8fn75zclt30x0es6fyqn07upn,active,Bot-like / Consistent,1.0,1.0,1352,1.852054794520548,1.857127740107936,46557.8919319023,1.593448798468576,0.2288261093949515,0.0609614770797912,0.999898870043189,1133510.46632514,1233346.97078317
ckb1qzda0cr08m85hc8jlnfp3zer7xulejywt49kt2rr0vthywaa50xwsqfhncpyvtj7w4euhnwwnndksez0kl7kljgjp39t5,active,Human-like / Daytime,0.0,1.0,1,0.0013698630136986,1.0,,,,-0.0,-0.0,0.0,46241.99878206
ckb1qzda0cr08m85hc8jlnfp3zer7xulejywt49kt2rr0vthywaa50xwsqfj8ejt4qckvuzrtezy9nvcv7le9ur8cuqy7s5x8,active,Bot-like / Consistent,1.0,1.0,300,0.410958904109589,0.4137843508259124,209502.75919732443,1.149077736494118,0.069368238273835,0.0809259721958467,0.9918027436574472,2537375.1527451603,34880.21808222
ckb1qzda0cr08m85hc8jlnfp3zer7xulejywt49kt2rr0vthywaa50xwsqfjhl5nx82y5z2xdhwqhg34vkzta6gttgc05sfu2,active,Bot-like / Consistent,1.0,1.0,1312,1.797260273972603,1.7997094790624342,48044.367658276125,1.7208835209295663,0.2649446458785868,0.0163640682051782,0.9999186516188536,475620.25746192,475639.93746192
ckb1qzda0cr08m85hc8jlnfp3zer7xulejywt49kt2rr0vthywaa50xwsqfju4w7mgnq2xl34rgmv7avnczycrkc9xqedr5fc,active,Human-like / Daytime,0.0,1.0,44,0.0602739726027397,0.0685952995872102,1288853.6511627906,2.489606372075203,0.4268694555338521,0.5568343220598398,0.6777868381911905,68000000.0,119000007.23
ckb1qzda0cr08m85hc8jlnfp3zer7xulejywt49kt2rr0vthywaa50xwsqfk06jtv959avpca47ucdh54qfg8wr9x5g9e69zn,active,Bot-like / Consistent,1.0,1.0,679,0.93013698630137,1.6934156636965445,51096.39380530974,4.011685980618361,0.6009326985500333,0.0888457437043676,0.9998517293039804,6849568.85288234,690038.67771995
ckb1qzda0cr08m85hc8jlnfp3zer7xulejywt49kt2rr0vthywaa50xwsqfk74jml992maq6k2g9gn5znh4qsqlcg0gxqejgl,active,Human-like / Daytime,0.0,1.0,2,0.0027397260273972,2.0,,,,0.2181042919855315,0.3562071871080222,40853446.57032073,1370574.739645
ckb1qzda0cr08m85hc8jlnfp3zer7xulejywt49kt2rr0vthywaa50xwsqfk8ulu9g9wd9h3z4uvuct55u9xf3g5rwcf6r2em,unused,Dormant / No Activity,,,0,0.0,19.740067783371646,4378.344114704902,1.1503170728000955,0.069904608348924,0.9994021377678356,0.9996718775075129,36348421.43374996,158875.49936533
ckb1qzda0cr08m85hc8jlnfp3zer7xulejywt49kt2rr0vthywaa50xwsqfkame6ddm458vr9j43h04m2hq3uecnxlgr77utf,active,Human-like / Daytime,0.0,1.0,48,0.0657534246575342,0.4823923085226363,182918.12765957447,0.6200765955314477,-0.2345095321520416,0.1488053590827001,0.9856853429150676,17862.29644627,6382.14409123
ckb1qzda0cr08m85hc8jlnfp3zer7xulejywt49kt2rr0vthywaa50xwsqfkjglwnv0p5h4wujzvz65rekwxmx2d0zsn7yllu,active,Human-like / Daytime,0.0,1.0,44,0.0602739726027397,0.9780695886632842,90391.62790697676,0.3083718784685749,-0.5286173854034245,0.4660879963856649,0.9967452037733108,0.0,231564.65668287
ckb1qzda0cr08m85hc8jlnfp3zer7xulejywt49kt2rr0vthywaa50xwsqfklpav762duvc8cva7gnz89nzvksp6r3qeh6wvh,active,Human-like / Daytime,0.0,1.0,2,0.0027397260273972,0.0121997678090487,,,,0.2181042919855315,0.3562071871080222,97.94670449,2299500.0
ckb1qzda0cr08m85hc8jlnfp3zer7xulejywt49kt2rr0vthywaa50xwsqfkwd5sdf803w98t5l5yk4k2myy60x3qyqzn876v,active,Miner / Heavy Activity,2.0,1.0,1206,1.652054794520548,2.92953884189559,29517.171784232367,1.0950801305321487,0.0453825747027625,0.8646975673554131,0.9997174993979754,376126.35932486,769560.22939582
ckb1qzda0cr08m85hc8jlnfp3zer7xulejywt49kt2rr0vthywaa50xwsqflgd96hhegvt75t3admj08a2y88yv5mdqy6cqs0,active,Human-like / Daytime,0.0,1.0,2,0.0027397260273972,0.0159680122273575,,,,0.2181042919855315,0.3562071871080222,201.21587101,243.99967308
ckb1qzda0cr08m85hc8jlnfp3zer7xulejywt49kt2rr0vthywaa50xwsqfn7k56km47p5javnrpw4ufny8gcyqjyxschyrkw,active,Bot-like / Consistent,1.0,1.0,927,1.2698630136986302,1.40492053363854,61564.55291576674,7.416816161154273,0.7623804581558401,0.9296256102387344,0.9792371573351693,277913382.9935856,281802297.402898
ckb1qzda0cr08m85hc8jlnfp3zer7xulejywt49kt2rr0vthywaa50xwsqfnxmdem0nvxr00pmjc4nva7aft2e6gtus2lccwn,active,Bot-like / Consistent,1.0,0.9999999999998366,1161,1.5904109589041096,1.592479677668539,54301.78103448276,1.4261708709939651,0.1756557528940117,0.3136527585110088,0.9999482688658704,218604.51832511,218664.4216193
ckb1qzda0cr08m85hc8jlnfp3zer7xulejywt49kt2rr0vthywaa50xwsqfplruvrt4qsh2vu7vla0uuk2pxvstfx6csgmzu5,active,Human-like / Daytime,0.0,1.0,6,0.0082191780821917,0.0159151369530691,6514552.8,1.787121913963889,0.282413880074744,0.2002842627197175,0.8020464921255943,615.97805417,866.07658297
ckb1qzda0cr08m85hc8jlnfp3zer7xulejywt49kt2rr0vthywaa50xwsqfqqgdjzldwm3gcuxnclfscjda2lw7jruqjxyp93,active,Human-like / Daytime,0.0,1.0,2,0.0027397260273972,2.0,,,,-0.0,-0.0,9500697.52945214,9500001.000000002
ckb1qzda0cr08m85hc8jlnfp3zer7xulejywt49kt2rr0vthywaa50xwsqfqr2l6rqllmnhtpzptgq9fnagsykcffxcpqmjuu,active,Bot-like / Consistent,1.0,1.0,266,0.3643835616438356,0.8135196384300526,106605.95471698113,5.842556679465921,0.7077115917794479,0.978528904369806,0.9939927157858908,1072036.42073653,1267765.5412684102
ckb1qzda0cr08m85hc8jlnfp3zer7xulejywt49kt2rr0vthywaa50xwsqfr084zhvecgk6223300mchj39my66q5dqd5030q,active,Bot-like / Consistent,1.0,1.0,299,0.4095890410958904,0.4127683561133044,210020.78187919463,1.6385267169166409,0.2420012322872431,0.2498326588269726,0.9857797489238308,4735272.70244785,19286.73613027
ckb1qzda0cr08m85hc8jlnfp3zer7xulejywt49kt2rr0vthywaa50xwsqfrlamn0mk353jsutukulxcxyf8je85wwg5l5nnv,active,Bot-like / Consistent,1.0,1.0,519,0.7109589041095891,0.712650307390996,121471.63127413129,2.9492871294529803,0.4935794905656753,0.6656140190207956,0.9858206516565235,80478440.03837015,22954.73674088
ckb1qzda0cr08m85hc8jlnfp3zer7xulejywt49kt2rr0vthywaa50xwsqfrmvt598cnr70mhtyt9afjg9yju7s0n6gw0e8d4,active,Bot-like / Consistent,1.0,1.0,146,0.2,0.2005093545440728,433874.3310344828,9.420342406700128,0.8080677273412792,0.4080166943003325,0.9973726503815438,275431.99694617,439268.3060442001
ckb1qzda0cr08m85hc8jlnfp3zer7xulejywt49kt2rr0vthywaa50xwsqfrvc7cagn8h4g3harg8cwdfpq3sx7sxms2r27la,active,Human-like / Daytime,0.0,1.0,3,0.0041095890410958,0.0052484338679412,24693080.5,0.4263897531942197,-0.4021413120230656,0.3456871240434053,0.5645750340535796,919897.94670449,41400.24231269
ckb1qzda0cr08m85hc8jlnfp3zer7xulejywt49kt2rr0vthywaa50xwsqfrwmam5nkqvxfjujhr7kk9d2f2dvdj4egq7kqlm,active,Bot-like / Consistent,1.0,1.0,554,0.7589041095890411,1.957555221873108,44216.49909584087,1.2095060592984308,0.0948203144393972,0.0459229074538296,0.9992678314671624,161657.30939551,161665.61939551
ckb1qzda0cr08m85hc8jlnfp3zer7xulejywt49kt2rr0vthywaa50xwsqfrylux2xrmpnzgkwzs8u9cjgq5cy6lqusc94mes,active,Bot-like / Consistent,1.0,1.0,1296,1.7753424657534247,1.776812155792867,48663.96138996139,1.4358089048642213,0.1789175267378023,0.4240278852564209,0.9997923218979928,3762834369.235669,1992984.7686182405
ckb1qzda0cr08m85hc8jlnfp3zer7xulejywt49kt2rr0vthywaa50xwsqfs5vasvpjrtmhvt7s89f479c3dupy3xfc7dzv9s,unused,Dormant / No Activity,,,0,0.0,,,,,,,0.0,0.0
ckb1qzda0cr08m85hc8jlnfp3zer7xulejywt49kt2rr0vthywaa50xwsqfs65nfxwjwhd2q8t9vpan08q7tr76pugseqqmtp,active,Bot-like / Consistent,1.0,1.0,396,0.5424657534246575,0.5469471962178182,158367.635443038,1.224767176879374,0.1010295275906799,0.1257767503552068,0.9956481036637496,3099463.79224391,24490.65154167
ckb1qzda0cr08m85hc8jlnfp3zer7xulejywt49kt2rr0vthywaa50xwsqfs6c4chhw5kwthmq0jzqyxwmr9fpr5a4qr8l2yd,active,Miner / Heavy Activity,2.0,0.9999999999788436,123,0.1684931506849315,0.2063217647251598,422195.868852459,1.921300089979904,0.3153733137995562,0.8344717319028009,0.9212534036887,6770037.97633758,15898663.56220236
ckb1qzda0cr08m85hc8jlnfp3zer7xulejywt49kt2rr0vthywaa50xwsqfs6k9ygrwtdrn828l4a04ns9fnes960jg3x8k26,active,Human-like / Daytime,0.0,1.0,1,0.0013698630136986,1.0,,,,-0.0,-0.0,0.0,10000.0
ckb1qzda0cr08m85hc8jlnfp3zer7xulejywt49kt2rr0vthywaa50xwsqfs7v5u87mvk9zdyhmg3ua0aduh4zfw3fsgsfkel,active,Human-like / Daytime,0.0,1.0,5,0.0068493150684931,0.020067230797402,5381908.5,1.3539382136919669,0.1503600271380286,0.331939049588297,0.5421217256604984,1700510.634198,473371.8572
ckb1qzda0cr08m85hc8jlnfp3zer7xulejywt49kt2rr0vthywaa50xwsqfsajumlzs2pjvtz0xxg42llw5px435u3gxmlwuc,active,Miner / Heavy Activity,2.0,1.0,107,0.1465753424657534,0.1505360869674174,579363.3679245283,2.676559055750334,0.4560130900462775,0.9465092385470828,0.9850207920950932,33815966.7634723,33722801.47725473
ckb1qzda0cr08m85hc8jlnfp3zer7xulejywt49kt2rr0vthywaa50xwsqfsq8jqye7jzl6krc66gkd3lch36mxyhts00xst4,active,Bot-like / Consistent,1.0,1.0,662,0.9068493150684932,1.987955651372037,43527.48562783661,1.0001875082249343,9.374532345752958e-05,0.0226951048971283,0.999910546073898,1671743.37045498,1671743.66551628
ckb1qzda0cr08m85hc8jlnfp3zer7xulejywt49kt2rr0vthywaa50xwsqfsu2mrnwlnau7687z605999cuqgmzkyqs0u3985,active,Human-like / Daytime,0.0,1.0,107,0.1465753424657534,2.677076748484574,32578.48113207547,1.4215138268889782,0.1740703778803174,0.8103195639416432,0.9914399395634448,0.0,62700.18581041
ckb1qzda0cr08m85hc8jlnfp3zer7xulejywt49kt2rr0vthywaa50xwsqft980n0alva2vjmkca85wujt5vhtwgzpgqczv9a,active,Human-like / Daytime,0.0,1.0,11,0.0150684931506849,3.2488309131183857,29253.6,0.88984477577721,-0.0582879745652592,0.5562402547774932,0.6652646148504661,8132.09784907,6000.0
ckb1qzda0cr08m85hc8jlnfp3zer7xulejywt49kt2rr0vthywaa50xwsqftd47h3v4gg75m5w3amn3t9f3jqwe4xgqg9r36q,active,Human-like / Daytime,0.0,1.0,3,0.0041095890410958,3.0,54.5,0.3027522935779816,-0.5352112676056338,-0.0,-0.0,0.0,0.0
ckb1qzda0cr08m85hc8jlnfp3zer7xulejywt49kt2rr0vthywaa50xwsqftm2xn4dlczysw0q2x5alw2v7ur2le8gs8h3teh,active,Bot-like / Consistent,1.0,1.0,189,0.2589041095890411,0.2606790848519233,333205.0,1.2730229231102312,0.1201144609384966,0.1504393280871026,0.996120555265117,2561601.16879067,21481.053354280008
ckb1qzda0cr08m85hc8jlnfp3zer7xulejywt49kt2rr0vthywaa50xwsqftut643fj67jhgc0u2h4m3ggtt290vqmqxqpkju,active,Bot-like / Consistent,1.0,1.0,390,0.5342465753424658,1.979299822687724,43764.01542416452,0.9686181639975524,-0.0159410476731162,0.1798197445596259,0.9997708224190626,10340610.99537222,1156456.0789144898
ckb1qzda0cr08m85hc8jlnfp3zer7xulejywt49kt2rr0vthywaa50xwsqfu77q0whtmthcu45dm9l326da8rasmh6g8t7pw9,active,Human-like / Daytime,0.0,1.0,8,0.010958904109589,0.0111604329841107,8847583.0,0.5031988380523724,-0.3304959725696107,0.5246802044403177,0.4626400924552384,0.0,1315065.722
ckb1qzda0cr08m85hc8jlnfp3zer7xulejywt49kt2rr0vthywaa50xwsqfuss90srspr49ftd2x22zn2zcpthn727gp7z3wq,unused,Dormant / No Activity,,,0,0.0,,,,,,,0.0,564526.87509852
ckb1qzda0cr08m85hc8jlnfp3zer7xulejywt49kt2rr0vthywaa50xwsqfuwj6lqq2hhe8qqm3m5z2xacjjyuy73yqwgnm2m,active,Human-like / Daytime,0.0,1.0,2,0.0027397260273972,2.0,,,,0.2181042919855315,0.3562071871080222,100152.00536496,65.60854953
ckb1qzda0cr08m85hc8jlnfp3zer7xulejywt49kt2rr0vthywaa50xwsqfvfcxm03q9xmn3fy68s9rxp0y5lfqfvjgmmtw0p,active,Bot-like / Consistent,1.0,1.0,204,0.2794520547945205,0.2806025019179821,309425.6650246305,1.463757195670176,0.188231696079949,0.0762102405228939,0.9963508178527511,22936.48850759,22939.54850759
ckb1qzda0cr08m85hc8jlnfp3zer7xulejywt49kt2rr0vthywaa50xwsqfvq4dqqh8vq032qx3lxaltkffqvxfe8ts4jur9h,active,Human-like / Daytime,0.0,1.0,1,0.0013698630136986,1.0,,,,-0.0,-0.0,337903.16634029994,126518248.0
ckb1qzda0cr08m85hc8jlnfp3zer7xulejywt49kt2rr0vthywaa50xwsqfwcjzujntvxpmcjmpt4r6pd4mvxu89k4sr3244x,active,Miner / Heavy Activity,2.0,1.0,126,0.1726027397260274,0.178717858931682,487311.12,3.3647671381001043,0.5417854064786236,0.8208355601535798,0.9430248124755966,52066909.16591926,117764607.43334724
ckb1qzda0cr08m85hc8jlnfp3zer7xulejywt49kt2rr0vthywaa50xwsqfwru8wpcx969py0vrrf29ckn928nz26csz7pvxw,active,Bot-like / Consistent,1.0,0.999419639104769,71,0.0972602739726027,0.1009155224520998,868392.5285714286,2.005712067492653,0.3346002693902786,0.8595057955017124,0.9754118486305028,49532164.0,63689747.5127845
ckb1qzda0cr08m85hc8jlnfp3zer7xulejywt49kt2rr0vthywaa50xwsqfx7c8l89wcf42vxgajjke9zdt7myeqrdqj6mqm6,active,Bot-like / Consistent,1.0,1.0,38,0.0520547945205479,0.3044337052767952,291476.0540540541,3.089317646202644,0.5109208496294713,0.6659134707171308,0.7716900198265562,1824791.0,3542696.1729716
ckb1qzda0cr08m85hc8jlnfp3zer7xulejywt49kt2rr0vthywaa50xwsqfxgd9zxl6czs4s3kzr55letennz2l3yjqpt8r79,active,Bot-like / Consistent,1.0,1.0,102,0.1397260273972602,2.0405951735922976,42759.80198019802,0.9648544813337764,-0.017887084768927,0.4917153927801467,0.999030342179514,5627986.37307181,160384.00278270998
ckb1qzda0cr08m85hc8jlnfp3zer7xulejywt49kt2rr0vthywaa50xwsqfxqhntpalmhxqf2dls2ak9tq52pclnals5mtv4z,active,Bot-like / Consistent,1.0,1.0,736,1.008219178082192,1.812783644763461,47726.35238095238,1.5989600196434333,0.2304614211516836,0.0410783835648227,0.999764345419386,144061.00520688,144061.25202382
ckb1qzda0cr08m85hc8jlnfp3zer7xulejywt49kt2rr0vthywaa50xwsqfxqr07vgqlgcke2waa8llnuc6e6fmqxdgpe06nl,unused,Dormant / No Activity,,,0,0.0,23.767577301706925,3636.4164721573857,0.6338653924117204,-0.224091047701203,0.99953014799268,0.9999007831659094,99289806.1202646,136377.738797
ckb1qzda0cr08m85hc8jlnfp3zer7xulejywt49kt2rr0vthywaa50xwsqfxutf5s83ww7s33j2tyc98k7gzr5588vs3kzqs7,unused,Dormant / No Activity,,,0,0.0,,,,,,,0.0,2655461.40846254
ckb1qzda0cr08m85hc8jlnfp3zer7xulejywt49kt2rr0vthywaa50xwsqfy9jh56guwkukqsxa6anu49vsyrs07j4qa7y0x8,unused,Dormant / No Activity,,,0,0.0,,,,,,,0.0,2261554.4891083497
ckb1qzda0cr08m85hc8jlnfp3zer7xulejywt49kt2rr0vthywaa50xwsqfyj5nenrx8y7mcrg2zdhqtyet4xegysfc3xyemf,active,Bot-like / Consistent,1.0,1.0,1268,1.736986301369863,1.7384346110012314,49739.111286503554,4.062831330898918,0.6049641259439518,0.2572822137335805,0.9998120159463632,6040087336.805542,5254954.927738579
ckb1qzda0cr08m85hc8jlnfp3zer7xulejywt49kt2rr0vthywaa50xwsqfylyx957e0g3kyjua0fed5gzzj4s2s9qsxafn7t,active,Human-like / Daytime,0.0,1.0,22,0.0301369863013698,0.0306821118687425,2950067.0,1.6373897260387462,0.2416744555216267,0.7346892209474735,0.8314621856709264,1281875.3028641895,845020.71048915
ckb1qzda0cr08m85hc8jlnfp3zer7xulejywt49kt2rr0vthywaa50xwsqfz9rdwxs84saj8xcknrclsf4a9r7qk3hqqsv05e,unused,Dormant / No Activity,,,0,0.0,1794.3813210138594,48.16638823922486,0.4226656382200396,-0.405811700423361,0.98901382589348,0.3456074891710559,0.0,0.0
ckb1qzda0cr08m85hc8jlnfp3zer7xulejywt49kt2rr0vthywaa50xwsqfza43g58rzyhcd8j6nav9c7cgefmwfgsq34yn7t,active,Bot-like / Consistent,1.0,1.0,1437,1.9684931506849317,1.9751117730338277,43774.82242339833,5.168951639841529,0.6757958050630176,0.8960589292812866,0.99824721605161,1468282314.5992908,3182430.8248170298
ckb1qzda0cr08m85hc8jlnfp3zer7xulejywt49kt2rr0vthywaa50xwsqfzgxljyv0d2hezcfypqscs5zy3kn7jhnqvv0xt6,active,Human-like / Daytime,0.0,1.0,2,0.0027397260273972,0.2219447912331807,,,,-0.0,0.3562071871080222,234322.8872642,12968.66252121
ckb1qzda0cr08m85hc8jlnfp3zer7xulejywt49kt2rr0vthywaa50xwsqfzz2s8jscd5wm0faglpyxl5w3t8fyk69gthp4j7,active,Human-like / Daytime,0.0,1.0,64,0.0876712328767123,0.1074212679190859,817076.8253968254,2.9398031659254342,0.4923604262015934,0.8914889297245688,0.9091088292124152,16340000000.0,13627710088.0
ckb1qzda0cr08m85hc8jlnfp3zer7xulejywt49kt2rr0vthywaa50xwsqfzzknutrncp6fupm6596sgyh5r0946rpsu6mkpk,active,Human-like / Daytime,0.0,1.0,2,0.0027397260273972,0.0378584226445948,,,,0.2181042919855315,0.3562071871080222,204743.52114825,5230.5641733600005
ckb1qzda0cr08m85hc8jlnfp3zer7xulejywt49kt2rr0vthywaa50xwsqg0fsmjwhnshsqzsayprx9f7w0jwkn5zyqcrdluc,active,Human-like / Daytime,0.0,1.0,1,0.0013698630136986,1.0,,,,-0.0,-0.0,0.0,5247795.66481173
ckb1qzda0cr08m85hc8jlnfp3zer7xulejywt49kt2rr0vthywaa50xwsqg0prwcywrcc744qq5veu4upkur4665dlgr6003x,active,Miner / Heavy Activity,2.0,1.0,818,1.1205479452054794,1.1250256263955432,76892.25091799266,4.245460093331643,0.6187179075973669,0.858249802189477,0.9993456671068376,372203.64903829,2557982.77157758
ckb1qzda0cr08m85hc8jlnfp3zer7xulejywt49kt2rr0vthywaa50xwsqg0stashycnk0au3euckz46ucr9jnstf7sr3ejr0,unused,Dormant / No Activity,,,0,0.0,,,,,,,0.0,171329.0924661
ckb1qzda0cr08m85hc8jlnfp3zer7xulejywt49kt2rr0vthywaa50xwsqg234899dy86s85krenks2uxma9pz0thwsukch3x,active,Bot-like / Consistent,1.0,1.0,416,0.5698630136986301,1.2959280541865108,66831.01927710844,4.616876225518372,0.6439301989754238,0.0148970267488106,0.9996903653097028,1402496.5898764,1402496.80310302
ckb1qzda0cr08m85hc8jlnfp3zer7xulejywt49kt2rr0vthywaa50xwsqg24w9uh6z7vg2mf48x5rq42t5aegfzxxsge2k2w,unused,Dormant / No Activity,,,0,0.0,,,,,,,0.0,0.0
ckb1qzda0cr08m85hc8jlnfp3zer7xulejywt49kt2rr0vthywaa50xwsqg2fnljwt423kchx368x8xwstmkhx0k2agegvx0a,active,Human-like / Daytime,0.0,1.0,130,0.1780821917808219,1.6952178767003685,51361.992248062015,0.2398115385684691,-0.6131484002070764,0.9767738758482032,0.9993891795022792,0.0,672853.8608466999
ckb1qzda0cr08m85hc8jlnfp3zer7xulejywt49kt2rr0vthywaa50xwsqg2h7uwwprx9jj45wjl3atqcx9n2ztadscfrnanm,active,Bot-like / Consistent,1.0,1.0,757,1.036986301369863,1.8462959627265283,46858.29761904762,1.3364868577928195,0.1440140168863112,0.0399458014608357,0.9998270339994276,935805.66122838,935863.38305988
ckb1qzda0cr08m85hc8jlnfp3zer7xulejywt49kt2rr0vthywaa50xwsqg2ww55lsgft0gcwr3d3t4q080au6w59dcm27x2h,active,Bot-like / Consistent,1.0,1.0,1043,1.4287671232876713,1.4326926265786653,60363.90211132438,1.0896853982909045,0.0429181341671122,0.1156255108092188,0.9998679918424996,10192506.18467813,98619.34891362
ckb1qzda0cr08m85hc8jlnfp3zer7xulejywt49kt2rr0vthywaa50xwsqg338aj4hnmutep9ufyd9yyuh3ju7rr8lq03fejn,active,Bot-like / Consistent,1.0,1.0,89,0.121917808219178,1.962442661282131,44527.06818181818,0.3886291899048308,-0.4402693062624365,0.3739022665879501,0.9978562840544144,500198062.53763855,225264.12043031
ckb1qzda0cr08m85hc8jlnfp3zer7xulejywt49kt2rr0vthywaa50xwsqg3xv33uywn6sjyvmnzckatkpke54mlx8srepf4g,active,Bot-like / Consistent,1.0,0.9999999999998863,214,0.2931506849315068,0.3364814838641263,257980.4178403756,5.766728920747281,0.7044362167563925,0.8443676992001891,0.996677018629743,23810639.741710443,27080657.75940251
ckb1qzda0cr08m85hc8jlnfp3zer7xulejywt49kt2rr0vthywaa50xwsqg3y6k5gqrgjt54wzhxar4kys594v2s0vg2fpsmk,active,Human-like / Daytime,0.0,1.0,2,0.0027397260273972,2.0,,,,-0.0,-0.0,11300.0,11379.85825164
ckb1qzda0cr08m85hc8jlnfp3zer7xulejywt49kt2rr0vthywaa50xwsqg40ucnf7tt8zvnje7xhatf3yllc8zh4pqq25wqh,active,Miner / Heavy Activity,2.0,1.0,2931,4.015068493150685,4.468639907278136,19341.3409556314,3.654794031310901,0.5703354463061489,0.999393395504988,0.9998744272398667,89256.31176585,1721229.02512112
ckb1qzda0cr08m85hc8jlnfp3zer7xulejywt49kt2rr0vthywaa50xwsqg4cz7lvtz6anfw0uxkrxu8d0gxcfuww2gp702wk,active,Bot-like / Consistent,1.0,1.0,118,0.1616438356164383,0.2742762101759831,317703.31623931625,2.2500572108991808,0.3846262172576747,0.84885635994547,0.9818624581445836,916309.37285218,916313.80046689
ckb1qzda0cr08m85hc8jlnfp3zer7xulejywt49kt2rr0vthywaa50xwsqg4yg2m9jpx5efeu4q0vrp643gjmad37nqrk9glt,active,Bot-like / Consistent,1.0,0.9999999999999929,884,1.210958904109589,1.8152439508564415,47650.81200453001,1.9641502434582028,0.3252703689990261,0.427755308316596,0.99971376536898,866414.58313897,867885.2419889501
ckb1qzda0cr08m85hc8jlnfp3zer7xulejywt49kt2rr0vthywaa50xwsqg58nlmgm0f04zj3fedh4d369cpdz67s5q8n0dxm,active,Human-like / Daytime,0.0,1.0,158,0.2164383561643835,0.2176309719584265,399530.99363057327,0.7002982356096452,-0.1762642330113906,0.0120673800558351,0.9994454052367476,0.0,37724.06375319
ckb1qzda0cr08m85hc8jlnfp3zer7xulejywt49kt2rr0vthywaa50xwsqg5jmhqdrajsdjx6cfxjxh8rgcyd0tqknsgt33vf,active,Bot-like / Consistent,1.0,1.0,808,1.106849315068493,1.811616269991112,47751.317224287486,2.4070643897240496,0.4129843844360137,0.0383747899266062,0.9999399678877476,2147082.0044619,2147132.6475444203
ckb1qzda0cr08m85hc8jlnfp3zer7xulejywt49kt2rr0vthywaa50xwsqg5lst9mlwu80g4jr84edy4yl3aznsjppqhnt9pw,active,Bot-like / Consistent,1.0,1.0,648,0.8876712328767123,1.957470934350854,44206.80680061824,1.0344717872952514,0.0169438512298468,0.1894578656796862,0.999871381605194,5178708.86127125,156948.58137419
ckb1qzda0cr08m85hc8jlnfp3zer7xulejywt49kt2rr0vthywaa50xwsqg60za567aggkr4kdukm540wrujl4xn83g5sff6z,active,Human-like / Daytime,0.0,1.0,102,0.1397260273972602,0.1416667600362841,615920.3861386139,0.5797316170682046,-0.2660378373079371,0.0476431281131389,0.9958992369781254,0.0,23100.87145676
ckb1qzda0cr08m85hc8jlnfp3zer7xulejywt49kt2rr0vthywaa50xwsqg64upk25mkwaurfnz52t5wcm4hkw8ukgqdmqsjq,active,Human-like / Daytime,0.0,1.0,2,0.0027397260273972,0.3003117820236982,,,,0.2181042919855315,-0.0,100224.49305689,124.0
ckb1qzda0cr08m85hc8jlnfp3zer7xulejywt49kt2rr0vthywaa50xwsqg6agcch2m7k8lsh00nv05ztfmz0euvqkcfpz7ec,active,Bot-like / Consistent,1.0,1.0,370,0.5068493150684932,2.1264454098266548,40741.29810298103,1.0921917399606016,0.0440646706512366,0.4484194104440563,0.9961616003989822,643065.40260154,643065.49631067
ckb1qzda0cr08m85hc8jlnfp3zer7xulejywt49kt2rr0vthywaa50xwsqg6etjlacez8tnmwnue2rpngpyjzn7nd8q46sh5m,unused,Dormant / No Activity,,,0,0.0,9.394934332598652,9199.511837279091,0.67681507232717,-0.1927373703912963,0.9977140052358068,0.9996790069873012,193579.69096315,318861.70979589
ckb1qzda0cr08m85hc8jlnfp3zer7xulejywt49kt2rr0vthywaa50xwsqg6j932zy4ztkzmtpye2uhzsju5npw795s89dznx,active,Bot-like / Consistent,1.0,1.0,246,0.336986301369863,0.3383770475593252,256378.65714285715,4.287625715567608,0.6217584020533672,0.1682827325929508,0.995221971618402,1974667.7350662,29558.00687919
ckb1qzda0cr08m85hc8jlnfp3zer7xulejywt49kt2rr0vthywaa50xwsqg709r8jqauttpmkjv2x2jg3mtdwvqk7acc26w2j,active,Human-like / Daytime,0.0,1.0,8,0.010958904109589,1.907558479693554,51764.0,1.5072326073155669,0.2023077578983182,0.3816825109746802,0.6233625774390388,61816.0,61946.0534
ckb1qzda0cr08m85hc8jlnfp3zer7xulejywt49kt2rr0vthywaa50xwsqg7amrm9saduc4acdzlerezh8x02rnlhpgctv0fh,active,Human-like / Daytime,0.0,0.9999961833505914,38,0.0520547945205479,0.063418163690679,1399206.945945946,1.309355799059731,0.1339576167456255,0.7670774324993358,0.9419645265822733,831641125.0,1153594390.3138688
ckb1qzda0cr08m85hc8jlnfp3zer7xulejywt49kt2rr0vthywaa50xwsqg7hr6px90xaq7398ykma025h78hlt9q6sx6xhlc,active,Bot-like / Consistent,1.0,1.0,2260,3.095890410958904,4.926361909582852,17546.061088977425,0.6962011468431778,-0.1791054402493632,0.9989179472417432,0.9996528491160792,1141595.40942374,667780.08526798
ckb1qzda0cr08m85hc8jlnfp3zer7xulejywt49kt2rr0vthywaa50xwsqg7s83aycfqw32rp2cl30mezyc5l5q4zfqppp5t0,active,Bot-like / Consistent,1.0,1.0,448,0.6136986301369863,1.5342458455832164,56440.29530201342,1.0948699102047288,0.045286778784014,0.1065455453316212,0.999329458931872,5459047.116067849,32367.75508319
ckb1qzda0cr08m85hc8jlnfp3zer7xulejywt49kt2rr0vthywaa50xwsqg7ufw40k8zhr0203nhe009gug2x5m9hfc7k2a50,unused,Dormant / No Activity,,,0,0.0,10.81593231896969,7990.879293097699,1.238651488251586,0.1066050207028766,0.9992975591853748,0.9994490602536164,0.0,423375.89443102
ckb1qzda0cr08m85hc8jlnfp3zer7xulejywt49kt2rr0vthywaa50xwsqg8pu56q5tq5fw73kv89xfvc8krqrwmz4seqggu7,active,Bot-like / Consistent,1.0,1.0,1218,1.6684931506849314,1.6776858701749564,51541.82662284306,3.343513187635775,0.5395432421632353,0.3175885326069963,0.9999464537093972,195740448.0313525,652808.6184956301
ckb1qzda0cr08m85hc8jlnfp3zer7xulejywt49kt2rr0vthywaa50xwsqg8td6r2j7dwevxfd0c84lzn0j9dh0tkecqdrktc,active,Human-like / Daytime,0.0,1.0,19,0.0260273972602739,0.0499505864675353,1825804.388888889,2.8976454184588003,0.4868696904730661,0.696907757477545,0.8447573109326013,12640372.0087063,12640372.010000002
ckb1qzda0cr08m85hc8jlnfp3zer7xulejywt49kt2rr0vthywaa50xwsqg8zg7hg80ul7sj74vc0rfe2ya7zxvzxxcv5tleh,active,Bot-like / Consistent,1.0,1.0,96,0.1315068493150684,1.9184887460178937,45509.505263157895,1.0090065651889604,0.0044830939555009,0.1869477530718196,0.9962365957753788,2262419.5815823497,230598.1607135
ckb1qzda0cr08m85hc8jlnfp3zer7xulejywt49kt2rr0vthywaa50xwsqg9zt77ljsy79v237ska0mgf4zd50avq0cdx0vpw,active,Human-like / Daytime,0.0,1.0,1,0.0013698630136986,1.0,,,,-0.0,-0.0,0.0,56738.97646618
ckb1qzda0cr08m85hc8jlnfp3zer7xulejywt49kt2rr0vthywaa50xwsqga7576ut7xx2v5xv68r6xuxv73mryg6lsuvp7yx,active,Bot-like / Consistent,1.0,1.0,263,0.3602739726027397,0.566294911024097,153153.0114503817,2.203991417344525,0.3757786025352077,0.0375994071440576,0.9972576149035508,17795.08153217,22819.802477850004
ckb1qzda0cr08m85hc8jlnfp3zer7xulejywt49kt2rr0vthywaa50xwsqga8fka44mj0qm9pz3zx8fh23cd9t7ye2qw4p9mm,active,Human-like / Daytime,0.0,1.0,2,0.0027397260273972,0.3522863957921347,,,,0.2181042919855315,0.3562071871080222,339810.87141792,3408.96272638
ckb1qzda0cr08m85hc8jlnfp3zer7xulejywt49kt2rr0vthywaa50xwsqgcls79s3gyaetwz3sm27r5gfjguywnh2cxxda76,active,Human-like / Daytime,0.0,1.0,1,0.0013698630136986,1.0,,,,-0.0,-0.0,0.0,1395.05890428
ckb1qzda0cr08m85hc8jlnfp3zer7xulejywt49kt2rr0vthywaa50xwsqgcz52lrjnahz4fqftgu99pl00ekkzmcnqw90ng6,active,Bot-like / Consistent,1.0,1.0,528,0.7232876712328767,2.0212914577493275,42826.05882352941,1.1282022420806876,0.0602396894175563,0.1205353673725366,0.9995488339713268,1263744.34382444,1282879.11332262
ckb1qzda0cr08m85hc8jlnfp3zer7xulejywt49kt2rr0vthywaa50xwsqgdfcqrc54z7gdl04pmq7vskgdzx2axu0cns0vcq,active,Bot-like / Consistent,1.0,1.0,468,0.6410958904109589,0.6666563677684031,129879.52248394005,9.206258580402515,0.8040418058934655,0.1057540852214455,0.9996186870356868,21016949.748724848,21016975.29249312
ckb1qzda0cr08m85hc8jlnfp3zer7xulejywt49kt2rr0vthywaa50xwsqgdfkqjl4zve8hmvt72a2gykfrwnae27ecw45zxl,active,Bot-like / Consistent,1.0,1.0,114,0.1561643835616438,0.5049031418040897,172636.2831858407,7.077144558091963,0.752387742275043,0.1302957545232273,0.993238150643984,16358473.58298577,120508272.94318327
ckb1qzda0cr08m85hc8jlnfp3zer7xulejywt49kt2rr0vthywaa50xwsqgdh67vg3ffv9r3zccpq3nmdysrqzgv77s04dskt,active,Bot-like / Consistent,1.0,1.0,1154,1.5808219178082192,1.725034346065396,50129.39895923677,2.337064070210463,0.4006707818846692,0.0358217413770045,0.999969151330634,1046812.67540841,1046829.98540841
ckb1qzda0cr08m85hc8jlnfp3zer7xulejywt49kt2rr0vthywaa50xwsqgdxphgsetrscx0nayzu4w3y0mptppcf2cdy8eyh,active,Bot-like / Consistent,1.0,1.0,590,0.8082191780821918,1.4603564615072486,59264.08488964346,1.6778688813156493,0.2531374430037849,0.0399538064722028,0.999816055709828,240104.01394634,240160.36850755
ckb1qzda0cr08m85hc8jlnfp3zer7xulejywt49kt2rr0vthywaa50xwsqge57hkg6u3mc7jwh7emmu7pne7keyn2ccf79a2t,active,Human-like / Daytime,0.0,1.0,3,0.0041095890410958,3.0,3336.0,0.7856714628297362,-0.1200268591572939,0.3456871240434053,0.3271035759815648,175759.87053911,165281.09938258
ckb1qzda0cr08m85hc8jlnfp3zer7xulejywt49kt2rr0vthywaa50xwsqgf977v8w9d3pd0fk7w6fxx48pl6veplgstupmw8,unused,Dormant / No Activity,,,0,0.0,12.6436101058565,6834.232245473273,1.7104291767076645,0.2621094780165467,0.9002508651299911,0.9970205686629182,6694588307.328724,757682168126.2247
ckb1qzda0cr08m85hc8jlnfp3zer7xulejywt49kt2rr0vthywaa50xwsqgfqwmvzh39rck52chuz5t6404wqmywtagx3n5lf,active,Bot-like / Consistent,1.0,1.0,50,0.0684931506849315,0.7351758678521377,119921.32653061223,4.547484753153719,0.6394762511311077,0.0308487893891332,0.9879978722659256,119264.08779388,119264.09464147998
ckb1qzda0cr08m85hc8jlnfp3zer7xulejywt49kt2rr0vthywaa50xwsqgg8w4ddafhudspnvc8aapvpek3rvmk33qqk5up2,active,Human-like / Daytime,0.0,1.0,11,0.0150684931506849,0.1525112850969322,623167.0,1.447043166282862,0.1826870782021941,0.6355509064085956,0.6620307241052789,201777.05034998,173347.47349003
ckb1qzda0cr08m85hc8jlnfp3zer7xulejywt49kt2rr0vthywaa50xwsqgggfv0k0gj6r4du3z58c6d39fq6vn7hps0v89nt,active,Miner / Heavy Activity,2.0,1.0,986,1.3506849315068492,1.3525373578542543,63944.78883248731,1.3759480503207309,0.1582307535175196,0.1370905995630708,0.9996983243857938,8532061.05958974,1096198.08110952
ckb1qzda0cr08m85hc8jlnfp3zer7xulejywt49kt2rr0vthywaa50xwsqggk97uhpah6re39cfce5d08rrwu0yvyjg5vjg0s,active,Bot-like / Consistent,1.0,1.0,614,0.8410958904109589,1.7423756204570826,49668.36378466558,1.3497567286057173,0.1488480591832387,0.2249905678638429,0.9997099500668524,3259454518.279855,1816171.11752561
ckb1qzda0cr08m85hc8jlnfp3zer7xulejywt49kt2rr0vthywaa50xwsqggs86408ja7nsgdh0lz0cxafua6u0pq5cmvsxuu,active,Bot-like / Consistent,1.0,0.9999999999999787,241,0.3301369863013698,0.339449817224408,255590.0625,4.738465363265227,0.6514747631304015,0.9626083733019104,0.9819801502280336,54427047.04916509,44397804.84820295
ckb1qzda0cr08m85hc8jlnfp3zer7xulejywt49kt2rr0vthywaa50xwsqggszva8zt4sr9p97fwvrhfhzqf7p29u8s3z6m5z,active,Human-like / Daytime,0.0,1.0,1,0.0013698630136986,1.0,,,,-0.0,-0.0,0.0,123.99994152
ckb1qzda0cr08m85hc8jlnfp3zer7xulejywt49kt2rr0vthywaa50xwsqggtmv990h0ggv7g747uk0mj422sf3anps8teujc,active,Bot-like / Consistent,1.0,1.0,560,0.7671232876712328,1.9444080305530544,44514.60822898032,1.0781669439556487,0.037613409347597,0.0149040216674509,0.999908222877351,2599686.46232632,2599686.75258856
ckb1qzda0cr08m85hc8jlnfp3zer7xulejywt49kt2rr0vthywaa50xwsqgh8ejptxd3n05njryzm2vct7ew9jez6rs8uvuej,active,Human-like / Daytime,0.0,1.0,1,0.0013698630136986,1.0,,,,-0.0,-0.0,0.0,22600.0
ckb1qzda0cr08m85hc8jlnfp3zer7xulejywt49kt2rr0vthywaa50xwsqghcyy3z34lvvd306dsxk63tplg20yue3q6y3yy2,active,Bot-like / Consistent,1.0,1.0,369,0.5054794520547945,0.5132127459808428,168808.71195652173,1.2021792691279976,0.0918087241862262,0.1439306316472623,0.992265629246543,2918305.517924569,23091.60312378
ckb1qzda0cr08m85hc8jlnfp3zer7xulejywt49kt2rr0vthywaa50xwsqghntjqmjfan28zcakl06kt5v5x6upxtdgnsclpd,active,Human-like / Daytime,0.0,1.0,3,0.0041095890410958,0.0046308129074047,27986447.0,0.6839490915013257,-0.1876843605865181,0.3456871240434053,0.5645750340535796,830693.8569926401,6106.2551555400005
ckb1qzda0cr08m85hc8jlnfp3zer7xulejywt49kt2rr0vthywaa50xwsqgj3l4affhawvqru83788u58fphcrx2f8shd3h9l,active,Human-like / Daytime,0.0,0.9973442064177906,38,0.0520547945205479,0.0808260365793944,1097853.3513513512,3.329787631728335,0.5380835805100092,0.7067759726209888,0.9082525908958508,45834757.995416135,45834759.42896635
ckb1qzda0cr08m85hc8jlnfp3zer7xulejywt49kt2rr0vthywaa50xwsqgj3umca77qszppddp4armtr2l6dt4n8ycjv3xdw,unused,Dormant / No Activity,,,0,0.0,,,,,,,0.0,5518347.99188811
ckb1qzda0cr08m85hc8jlnfp3zer7xulejywt49kt2rr0vthywaa50xwsqgjdw5vq6y0me78r46vf29flspd83qy9us3p3jgp,active,Miner / Heavy Activity,2.0,1.0,5553,7.606849315068493,8.212784779060948,10522.077989913543,9.430284012618522,0.8082506672320324,0.7242916671090297,0.9998428213295292,311774777.5923,2568528145.0583005
ckb1qzda0cr08m85hc8jlnfp3zer7xulejywt49kt2rr0vthywaa50xwsqgjr2xdh0zyc53jxpwsvwxq5x8y05rmytcewmqcv,active,Human-like / Daytime,0.0,1.0,927,1.2698630136986302,1.6053097275602624,53879.51187904968,2.9131132351466174,0.4888980001814172,0.8506722455284386,0.9960452371163008,7458164164.662025,1850121776.4269383
ckb1qzda0cr08m85hc8jlnfp3zer7xulejywt49kt2rr0vthywaa50xwsqgjuhrq84l5nk7ylhlcqpsa3yg974735rgy30uch,active,Human-like / Daytime,0.0,1.0,7,0.0095890410958904,0.4727504099827878,213220.3333333333,2.22528034022752,0.3798988648971472,0.4018290210415738,0.3074497498641964,283823.69158359,278085.33771028
ckb1qzda0cr08m85hc8jlnfp3zer7xulejywt49kt2rr0vthywaa50xwsqgk9kfuz7fchth20ksf8d2x3eqph9le6cqhenpf3,active,Human-like / Daytime,0.0,1.0,5,0.0068493150684931,0.2284442733462643,472763.0,1.3342064832014926,0.1431777718066784,0.331939049588297,0.5421217256604984,160000.0,6463236.93404912
ckb1qzda0cr08m85hc8jlnfp3zer7xulejywt49kt2rr0vthywaa50xwsqgkfsftjekwd5gtrpludsuaynmccg37mssm6hpt9,active,Human-like / Daytime,0.0,1.0,1,0.0013698630136986,1.0,,,,-0.0,-0.0,0.0,13810.45653684
ckb1qzda0cr08m85hc8jlnfp3zer7xulejywt49kt2rr0vthywaa50xwsqgkfv8pzr5d26zcapqrd58ksc65w0qv8qqqp6xtc,active,Bot-like / Consistent,1.0,1.0,103,0.1410958904109589,1.4001536216734316,62312.490196078434,2.3746357062034247,0.4073434367082942,0.9164001991370264,0.9776912790144018,116118531.88412482,110360366.73922963
ckb1qzda0cr08m85hc8jlnfp3zer7xulejywt49kt2rr0vthywaa50xwsqgl8p3tyd357ap33wygmdxur9xj2pft5dc5q6uz7,active,Human-like / Daytime,0.0,1.0,7,0.0095890410958904,0.009613739101369,10484994.333333334,2.0897748033924284,0.3527036346454462,0.4018290210415738,0.4092232318950599,1222.98968736,1100.99
ckb1qzda0cr08m85hc8jlnfp3zer7xulejywt49kt2rr0vthywaa50xwsqglfcyvg2tr5h09lxhcgrlezm7cuz3ywkcf8tp3d,active,Human-like / Daytime,0.0,1.0,31,0.0424657534246575,0.8034533133749898,111120.33333333331,0.4892662013067,-0.3429432550373976,0.0448406084352371,0.9851037786083988,0.0,69444.90760399
ckb1qzda0cr08m85hc8jlnfp3zer7xulejywt49kt2rr0vthywaa50xwsqglrz80pqlcstnc89aw4dwr2av8spdc98sk7k0rz,active,Human-like / Daytime,0.0,1.0,2,0.0027397260273972,0.2537642430321302,,,,0.2181042919855315,-0.0,366905.22826842,300000.0
ckb1qzda0cr08m85hc8jlnfp3zer7xulejywt49kt2rr0vthywaa50xwsqgm4jfxekt225yeqlkhhz585mhekalxa7qrv09fu,active,Bot-like / Consistent,1.0,1.0,1430,1.9589041095890407,1.9605374556244173,44100.38768369489,0.3223403051295341,-0.5124699687680498,0.2595881726977748,0.9998594636846564,6305512270.1357565,3393452.66956497
ckb1qzda0cr08m85hc8jlnfp3zer7xulejywt49kt2rr0vthywaa50xwsqgmjsf5sg7y340mh52tdh8z4p4v2yryk6ggzyu8m,active,Human-like / Daytime,0.0,1.0,1,0.0013698630136986,1.0,,,,-0.0,-0.0,0.0,34087.34383871
ckb1qzda0cr08m85hc8jlnfp3zer7xulejywt49kt2rr0vthywaa50xwsqgnfvuxythnvn6vprmx6jxl9fqh5ezez8q9guwpx,active,Bot-like / Consistent,1.0,1.0,757,1.036986301369863,1.204663384930461,71816.14947089947,1.125273507830457,0.0589446522383558,0.2296928783729175,0.9978284432297132,19571293.64025244,91911.73342782
ckb1qzda0cr08m85hc8jlnfp3zer7xulejywt49kt2rr0vthywaa50xwsqgphyyw5jenumukdqqega4x0zwmvh0fnuqeh9e2g,active,Human-like / Daytime,0.0,1.0,1,0.0013698630136986,1.0,,,,-0.0,-0.0,0.0,299.999
ckb1qzda0cr08m85hc8jlnfp3zer7xulejywt49kt2rr0vthywaa50xwsqgq74prpeqz7rlncvqz0j2gn4jxsg75ztggj7v7a,active,Bot-like / Consistent,1.0,0.9999277729167413,28,0.0383561643835616,2.195022365782621,40819.62962962963,1.2157445763293826,0.0973688838660215,0.8400991774623943,0.9507123368985604,392612.28862684,58542.79614464001
ckb1qzda0cr08m85hc8jlnfp3zer7xulejywt49kt2rr0vthywaa50xwsqgqu5f73a8mu9fjdve3rsmjc5q2uccwgccgerq4a,unused,Dormant / No Activity,,,0,0.0,,,,,,,0.0,50630.7700436
ckb1qzda0cr08m85hc8jlnfp3zer7xulejywt49kt2rr0vthywaa50xwsqgrrjcgegk84s72jhspcsxnznsygtketyqj93p7m,unused,Dormant / No Activity,,,0,0.0,,,,,,,96432.90758990002,299996.40286764
ckb1qzda0cr08m85hc8jlnfp3zer7xulejywt49kt2rr0vthywaa50xwsqgrz3hvgkrdt2k7cfdpwj8dfnunvjtssssjl8n5h,active,Bot-like / Consistent,1.0,1.0,90,0.1232876712328767,0.238361763143815,366546.98876404495,8.041772254737662,0.7788044264273467,0.066904726922092,0.9933007508807846,307057.4914703,307057.49678576
ckb1qzda0cr08m85hc8jlnfp3zer7xulejywt49kt2rr0vthywaa50xwsqgt4w6g2rka0ufkctegwzcmm7g2gc8hvhgu5xy24,active,Bot-like / Consistent,1.0,1.0,533,0.7301369863013699,0.7388496297120131,117158.35338345864,1.2367120487881909,0.1058303633301555,0.2344995946730277,0.999154718442494,7469498.82499242,40403.35383081
ckb1qzda0cr08m85hc8jlnfp3zer7xulejywt49kt2rr0vthywaa50xwsqgtnlxsdxd59738lfcuwtx9rwht50pmcus3ye2h3,active,Bot-like / Consistent,1.0,1.0,278,0.3808219178082191,0.3871806316319283,223957.25992779783,2.58525815319308,0.4421601138487691,0.0503607189815075,0.9974731933540534,27811.79776746,27721.258789780004
ckb1qzda0cr08m85hc8jlnfp3zer7xulejywt49kt2rr0vthywaa50xwsqgtx2tjysfne99gjt69psfea8xc2my2zlgsfgp59,active,Bot-like / Consistent,1.0,1.0,421,0.5767123287671233,0.6512619677738983,132981.37857142856,9.329938012375786,0.806387995977914,0.4329485460983759,0.9996655846988912,9558518.41945233,987545.67310666
ckb1qzda0cr08m85hc8jlnfp3zer7xulejywt49kt2rr0vthywaa50xwsqgu7pyfhg4tq00pguszy8gckjkxshmacys678te3,active,Bot-like / Consistent,1.0,1.0,358,0.4904109589041096,0.4917515260200312,176190.64145658264,1.2409343126097794,0.1075151160183668,0.0952985297211816,0.9980312306422886,21915.70647384,21915.70805441
ckb1qzda0cr08m85hc8jlnfp3zer7xulejywt49kt2rr0vthywaa50xwsqgulzg2h44865y9svyw7s5390npefh3x9qrr8hc9,active,Bot-like / Consistent,1.0,1.0,626,0.8575342465753425,2.230907487896552,38790.6,3.097005714341284,0.5118386110619425,0.9680015658612532,0.993889720533161,242949724.46478105,242782752.77191365
ckb1qzda0cr08m85hc8jlnfp3zer7xulejywt49kt2rr0vthywaa50xwsqguvzhn36ualhchhnpmm7w5l5w6wwyzdjc9gyxqq,active,Miner / Heavy Activity,2.0,1.0,2355,3.2260273972602738,3.23049621963259,26756.4787595582,1.319798870467029,0.1378562919994206,0.7199307777991237,0.9677275977969956,397894184.15255433,416083061.74278617
ckb1qzda0cr08m85hc8jlnfp3zer7xulejywt49kt2rr0vthywaa50xwsqguzqmcp4wprkpawalhp3hqfu9ur2q2tps9lv2ge,active,Bot-like / Consistent,1.0,1.0,1089,1.491780821917808,1.581193434891903,54692.49356617647,16.475536834520558,0.8855543026266711,0.9860474038920356,0.9997036023816928,13253232.22725608,3219276.27853194
ckb1qzda0cr08m85hc8jlnfp3zer7xulejywt49kt2rr0vthywaa50xwsqgv9p59awt6f744dzhudpxwg07hhxrfxqqx304da,unused,Dormant / No Activity,,,0,0.0,,,,,,,0.0,609795.85834397
ckb1qzda0cr08m85hc8jlnfp3zer7xulejywt49kt2rr0vthywaa50xwsqgvf6u2sgx8ud45x9dy6gqwl2rx5625w8g52tt66,active,Bot-like / Consistent,1.0,1.0,275,0.3767123287671233,0.3782588648929064,229248.6350364964,5.463325759445293,0.6905617828287138,0.0729096573148747,0.9954862847092322,2810942.65992966,36132.89339561
ckb1qzda0cr08m85hc8jlnfp3zer7xulejywt49kt2rr0vthywaa50xwsqgvhdamaryxwum3rdm2pfpm2vzlmt3e0uq0cll7q,active,Human-like / Daytime,0.0,1.0,20,0.0273972602739726,0.0323612358913298,2810379.947368421,2.772232662777188,0.469810009404997,0.729872783941998,0.8001978399740513,574388.1146342899,1395488.1149013098
ckb1qzda0cr08m85hc8jlnfp3zer7xulejywt49kt2rr0vthywaa50xwsqgvmsa3c3ecl7edwqjvezvjcrwqs3ypy0gdesfvg,active,Human-like / Daytime,0.0,1.0,6,0.0082191780821917,0.4589239190190501,225919.8,1.290420284851489,0.1267978138214575,0.3456871240434053,0.5645750340535796,2156881.68613618,2156881.68703394
ckb1qzda0cr08m85hc8jlnfp3zer7xulejywt49kt2rr0vthywaa50xwsqgvqj4l72jsc6mve69s24ggznk7vf09dpsgdszvp,active,Human-like / Daytime,0.0,1.0,13,0.0178082191780821,0.0233358342344666,4010998.6666666665,3.0910179110298706,0.5111241154413521,0.4654209419944602,0.4754223025257396,25550408.58503399,34000717.17095822
ckb1qzda0cr08m85hc8jlnfp3zer7xulejywt49kt2rr0vthywaa50xwsqgvs5gksmvyjy2jl746vvnnq5a7nuey9hsz2uudd,active,Miner / Heavy Activity,2.0,1.0,1648,2.2575342465753425,2.2650799161488755,38167.50941105039,2.2445208381292505,0.3835761581506208,0.9976506347408264,0.9994569244397992,703314.70561807,1168353.50673296
ckb1qzda0cr08m85hc8jlnfp3zer7xulejywt49kt2rr0vthywaa50xwsqgw7a8wtdmg4er900svtg4vqn27upcpq4cnd4g7v,active,Bot-like / Consistent,1.0,1.0,566,0.7753424657534247,0.7923285106928477,109238.6796460177,8.192843445260426,0.7824394582689054,0.3770544167385639,0.999781741257772,2455102536.490616,7143733.406862551
ckb1qzda0cr08m85hc8jlnfp3zer7xulejywt49kt2rr0vthywaa50xwsqgwclc88er2n8s5d5cscywyshz8r3rwr9qla2lgd,active,Human-like / Daytime,0.0,1.0,1,0.0013698630136986,1.0,,,,-0.0,-0.0,0.0,72891.42952052
ckb1qzda0cr08m85hc8jlnfp3zer7xulejywt49kt2rr0vthywaa50xwsqgwfecefxhhy7jtetnnf835cc6pc4hup2g3047fh,active,Human-like / Daytime,0.0,1.0,2,0.0027397260273972,0.0228068079905657,,,,0.2181042919855315,0.3562071871080222,190540.68628819,273952989.0035293
ckb1qzda0cr08m85hc8jlnfp3zer7xulejywt49kt2rr0vthywaa50xwsqgwnwze907evedj3hsygj2k9jelywm3mlsylksa9,active,Bot-like / Consistent,1.0,1.0,791,1.0835616438356164,1.492452406492809,57964.57341772152,4.512689642994487,0.6372006897682704,0.0251194747388094,0.9999655022677084,10555497.71443573,934171.32857348
ckb1qzda0cr08m85hc8jlnfp3zer7xulejywt49kt2rr0vthywaa50xwsqgwum3jcpnajgd4teaa2zezc99pwfl3sug4xfx7f,active,Bot-like / Consistent,1.0,1.0,1209,1.6561643835616435,1.8172142154926345,47584.66142384106,3.470419451075853,0.5526146881991848,0.4363156485952134,0.9999096795113286,2675408634.66376,1192425.40682874
ckb1qzda0cr08m85hc8jlnfp3zer7xulejywt49kt2rr0vthywaa50xwsqgwwfzh5cmw04fyp5c7wh5rdvzq22m4jzsp9yju2,active,Bot-like / Consistent,1.0,1.0,930,1.273972602739726,1.2750348487627328,67835.79547900968,10.240280598578542,0.8220684988724459,0.2709177496885425,0.9996632355466152,4447946003.468017,4065133.06221598
ckb1qzda0cr08m85hc8jlnfp3zer7xulejywt49kt2rr0vthywaa50xwsqgx7zz4z95yfe23juh4dhsyxymx94qxrhscedcek,active,Bot-like / Consistent,1.0,1.0,1383,1.8945205479452052,1.896100210579419,45600.18379160637,0.6741078543301711,-0.1946661589496107,0.253626565379356,0.9999032172790128,4862775712.367668,2690875.34822702
ckb1qzda0cr08m85hc8jlnfp3zer7xulejywt49kt2rr0vthywaa50xwsqgxe3ru50ecjjruz4tymv759ztsdff7lxq74umg9,active,Human-like / Daytime,0.0,1.0,27,0.036986301369863,0.038424330349227,2335058.961538461,1.7422994716098523,0.2706850507373979,0.8047812099160316,0.9361130232601462,641090.9499862599,639475.86554723
ckb1qzda0cr08m85hc8jlnfp3zer7xulejywt49kt2rr0vthywaa50xwsqgyc38gxchqxq76zu6enhvgp5mdsgv8e7gzp680x,active,Human-like / Daytime,0.0,1.0,4,0.0054794520547945,0.0248793395226449,4630348.0,1.4140726097798102,0.1715245051463377,0.2181042919855315,-0.0,2553513.5648259697,2553576.56485065
ckb1qzda0cr08m85hc8jlnfp3zer7xulejywt49kt2rr0vthywaa50xwsqgygj0n7vv7vk6ejt4d23yp87v5fe5352sv3hvfw,active,Bot-like / Consistent,1.0,1.0,1374,1.8821917808219175,2.777650909074573,31128.075746540424,1.3686671286626493,0.155643283178755,0.8172253858302064,0.999834997155514,5113648518.415551,3062944.6740621
ckb1qzda0cr08m85hc8jlnfp3zer7xulejywt49kt2rr0vthywaa50xwsqgymz5r96gzf6r87vldacvwxsxmk99t47swcpt4f,active,Bot-like / Consistent,1.0,1.0,344,0.4712328767123288,1.9883761186940443,43579.22740524782,1.0022843493011435,0.0011408715759782,0.0269696305024476,0.9997710384829332,1286749.639437,1286749.7474726904
ckb1qzda0cr08m85hc8jlnfp3zer7xulejywt49kt2rr0vthywaa50xwsqgyvkdp7jhf7qmnqwwwwqkcx486ph24weqs2g79k,active,Bot-like / Consistent,1.0,0.9999999999999574,54,0.073972602739726,0.700940687161049,125588.64150943396,3.143230112232503,0.5172848367520825,0.185913227974145,0.9929281551787844,430878.59431624,33451.31557908001
ckb1qzda0cr08m85hc8jlnfp3zer7xulejywt49kt2rr0vthywaa50xwsqgyxsdzsqagk0lly758rp0hawjzx76wstsungwjh,active,Bot-like / Consistent,1.0,1.0,784,1.073972602739726,1.99485824298358,43366.66283524904,1.0002216714757977,0.0001108234546994,0.0456395890646308,0.9999765886635554,3411431.53680264,3411488.96469944
ckb1qzda0cr08m85hc8jlnfp3zer7xulejywt49kt2rr0vthywaa50xwsqgyy000nyw2vusqvhqnhpclqay3ppme74q30qusp,unused,Dormant / No Activity,,,0,0.0,14.952925111170556,5780.06035345115,0.4855465243173792,-0.3463058660643539,0.989270101219632,0.9998950939547884,143963414.78541285,25377480.33235376
ckb1qzda0cr08m85hc8jlnfp3zer7xulejywt49kt2rr0vthywaa50xwsqgyyvh29w83h2lt4wwas26u7ht4sh2f5ysrd6897,unused,Dormant / No Activity,,,0,0.0,,,,,,,0.0,226570.58908428
ckb1qzda0cr08m85hc8jlnfp3zer7xulejywt49kt2rr0vthywaa50xwsqgzgak4nyyfjzlcnx6lel86kkl9wmn8cmqg5mv52,active,Miner / Heavy Activity,2.0,1.0,523,0.7164383561643836,1.6767469435042643,51627.06130268199,1.7353753443459332,0.2688389167014927,0.9839653144650932,0.9865830199036556,1215918391.9028246,1632466341.1457424
ckb1qzda0cr08m85hc8jlnfp3zer7xulejywt49kt2rr0vthywaa50xwsqgzku5d6wp53s4ukledn8j8u3t9vjxt7ys9uu00a,active,Human-like / Daytime,0.0,1.0,11,0.0150684931506849,1.9432324231928384,48908.2,2.997805568809658,0.4997255455333468,0.095856179162291,0.1565519854537634,339810.87141792,17692.18481197
ckb1qzda0cr08m85hc8jlnfp3zer7xulejywt49kt2rr0vthywaa50xwsqgzm5e3yf726rc70mkxfc2y2u4y3w27h6qeazjwx,active,Human-like / Daytime,0.0,1.0,2,0.0027397260273972,0.2413411191915072,,,,0.2181042919855315,0.3562071871080222,42233.26683007,1225.95170065
ckb1qzda0cr08m85hc8jlnfp3zer7xulejywt49kt2rr0vthywaa50xwsqgzn8kzhxna4m6zgj48hzm2a56splrqffcce3rs5,active,Bot-like / Consistent,1.0,1.0,1204,1.6493150684931508,1.650690277322936,52385.24854530341,2.0646654478129496,0.3474002190264296,0.2667775477581617,0.999584078880794,1766987804.3076808,1032805.69439477
ckb1qzda0cr08m85hc8jlnfp3zer7xulejywt49kt2rr0vthywaa50xwsqgzsfhz25zu4du35s2eyyre700dhhc04pqghrdgn,active,Bot-like / Consistent,1.0,1.0,641,0.8780821917808219,0.8829206309952962,98009.9421875,1.3325859004590592,0.1425824876989977,0.0847094355291415,0.9993909188791806,4526050.89338559,92920.07530462
ckb1qzda0cr08m85hc8jlnfp3zer7xulejywt49kt2rr0vthywaa50xwsqgzw9vj0prshmp4pm5jr0t8m4vwf353syqvqfm08,active,Bot-like / Consistent,1.0,1.0,251,0.3438356164383561,1.0286866215667578,84326.556,4.086011389730021,0.606764545585069,0.4288229997091783,0.9995201515690514,11512985.261386378,520853.2215504
ckb1qzda0cr08m85hc8jlnfp3zer7xulejywt49kt2rr0vthywaa50xwsqt0ayt9cx3tfx3gdmm9vt4r46tj26aus5q6rpaqf,active,Human-like / Daytime,0.0,1.0,2,0.0027397260273972,2.0,,,,-0.0,-0.0,593893.58493206,593893.58505
ckb1qzda0cr08m85hc8jlnfp3zer7xulejywt49kt2rr0vthywaa50xwsqt2gnkqzr9sm0q9syuahhy9mgu9hx3r5pg74y4jz,active,Bot-like / Consistent,1.0,1.0,953,1.3054794520547943,3.7062887517769783,23336.21638655462,3.087537917231238,0.5107079027771483,0.9839236310111976,0.991319222969183,1529718483.4372096,855266536.8002028
ckb1qzda0cr08m85hc8jlnfp3zer7xulejywt49kt2rr0vthywaa50xwsqt2hf4pt58qrvnfk02tyhq2pe30t209xecsrj2fy,active,Human-like / Daytime,0.0,1.0,6,0.0082191780821917,0.0176479383367961,5874907.2,1.522908595928793,0.207264185778513,0.2002842627197175,0.5645750340535796,1902582.909645,12102582.999645
ckb1qzda0cr08m85hc8jlnfp3zer7xulejywt49kt2rr0vthywaa50xwsqt3j4qnk2pk9pwdn0wnx04ngejfc5de4dccgk8ws,active,Bot-like / Consistent,1.0,1.0,1280,1.7534246575342465,1.7558033378965825,49246.71853010164,1.7619633115335214,0.2758774196426445,0.066318133464796,0.9999487377691788,3165821.9898744,3165880.71478103
ckb1qzda0cr08m85hc8jlnfp3zer7xulejywt49kt2rr0vthywaa50xwsqt3tqddwnr5xfm52vevcyujfw8nhrr77hc0uppq7,active,Human-like / Daytime,0.0,0.9999999999938005,732,1.0027397260273974,1.0044327793961814,86136.3707250342,0.0945613372163742,-0.8272160106497873,0.4390061150341823,0.99998080605602,1938390.00992615,4086496.0612895098
ckb1qzda0cr08m85hc8jlnfp3zer7xulejywt49kt2rr0vthywaa50xwsqt44hj52utz2v6cpmwxuxyvkd6szca35fg4gv4wz,unused,Dormant / No Activity,,,0,0.0,19.01780380464665,4544.626208736246,0.4243553554171426,-0.4041439816219679,0.999368494025027,0.9996309678342392,0.0,407757.36467249
ckb1qzda0cr08m85hc8jlnfp3zer7xulejywt49kt2rr0vthywaa50xwsqt44ntk8mswsuzjtd7e5d4nm5q3akq8ppsvm3kqy,active,Bot-like / Consistent,1.0,0.9999998010862099,44,0.0602739726027397,0.072337458353301,1222178.720930233,2.215928912048746,0.3780957058761986,0.8505363541932516,0.9890893304032136,7570005.499361699,7570007.87652367
ckb1qzda0cr08m85hc8jlnfp3zer7xulejywt49kt2rr0vthywaa50xwsqt485s60lj75yksuswl5uyyr7fyclqq2tsk3kxkr,active,Bot-like / Consistent,1.0,1.0,1208,1.6547945205479453,1.8273576402429212,47320.55758077879,1.0725300804107898,0.0349959120479514,0.1396311487310065,0.9999731812708158,19212001.26907469,19212059.01556357
ckb1qzda0cr08m85hc8jlnfp3zer7xulejywt49kt2rr0vthywaa50xwsqt4jrqf6nhnqwxw4fqv9t70sezcz4qk35c6emrmj,unused,Dormant / No Activity,,,0,0.0,7.528623801552447,11480.027675891964,12.41672474118442,0.8509323222633662,0.9871711519626184,0.9994160164292144,40149416.51981346,3511842.8610089803
ckb1qzda0cr08m85hc8jlnfp3zer7xulejywt49kt2rr0vthywaa50xwsqt4m3njt3khypyev79qutpf67rewetpltge0mfds,unused,Dormant / No Activity,,,0,0.0,,,,,,,0.0,0.0
ckb1qzda0cr08m85hc8jlnfp3zer7xulejywt49kt2rr0vthywaa50xwsqt4rtfua5eqvmwtyn08y8yycc5lx2wty3qtcxx2a,active,Human-like / Daytime,0.0,1.0,1,0.0013698630136986,1.0,,,,-0.0,-0.0,0.0,202.43174202
ckb1qzda0cr08m85hc8jlnfp3zer7xulejywt49kt2rr0vthywaa50xwsqt54rd9j3r3zpapkccj9y7p7m48y228hngff7u47,active,Bot-like / Consistent,1.0,0.9999999999999574,1062,1.4547945205479451,1.6639873166956844,51972.410933082,2.6457111508264224,0.4514101865841365,0.5957780198046218,0.9996775255375046,9747219.55714842,1249530.51293587
ckb1qzda0cr08m85hc8jlnfp3zer7xulejywt49kt2rr0vthywaa50xwsqt5ctdrmqm0ay6yk8h9nxh7uy0xu7tm8zs8tvu99,active,Bot-like / Consistent,1.0,0.9999947567593462,42,0.0575342465753424,0.0876789519968369,1009447.7073170732,3.1089818023677966,0.5132614121465562,0.7786739010829121,0.9913898038392688,45834759.42896635,45834762.82496635
ckb1qzda0cr08m85hc8jlnfp3zer7xulejywt49kt2rr0vthywaa50xwsqt5hd8ra55wkxyswhn2w70tvgp8pzwvapqeasdg3,active,Bot-like / Consistent,1.0,0.9997704234692036,136,0.1863013698630137,1.0339478851689932,84182.19259259259,0.178775898846642,-0.6966753408827532,0.088920206467346,0.999445702444854,547175.6414139101,3004771.77615854
ckb1qzda0cr08m85hc8jlnfp3zer7xulejywt49kt2rr0vthywaa50xwsqt5rwtxkej7gytqs9vh8n3a09udt73gnrge8ketq,unused,Dormant / No Activity,,,0,0.0,,,,,,,0.0,9347650.49964889
ckb1qzda0cr08m85hc8jlnfp3zer7xulejywt49kt2rr0vthywaa50xwsqt5w5jtzg2qf05s9u53cj2gv47v0uvu8dcwlvrqc,unused,Dormant / No Activity,,,0,0.0,8.77358573910504,9851.02467489163,0.9277226523368124,-0.0374936444179727,0.998648012010424,0.9997387718527888,0.0,334696.04032273
ckb1qzda0cr08m85hc8jlnfp3zer7xulejywt49kt2rr0vthywaa50xwsqt6knef6c2z0fu3jn04zqhw2e6sk98a3gsrn64xu,active,Human-like / Daytime,0.0,1.0,4,0.0054794520547945,1.8848373127979143,61119.333333333336,1.321579696265391,0.1385176209038613,0.3271564379782973,0.3562071871080222,300.0,30000300.0
ckb1qzda0cr08m85hc8jlnfp3zer7xulejywt49kt2rr0vthywaa50xwsqt6ppdkmsp25ffsxyr8ey2hg5detv2ulcsq54hkh,active,Bot-like / Consistent,1.0,1.0,2037,2.790410958904109,3.345693614817738,25836.9253438114,13.145187703726991,0.8586091579772365,0.9852100181396743,0.9992198889870147,784427.36459299,797794.90248127
ckb1qzda0cr08m85hc8jlnfp3zer7xulejywt49kt2rr0vthywaa50xwsqt6tazknn3shl6jeynqghajfkmx0uxcsyg49hx74,active,Human-like / Daytime,0.0,1.0,1,0.0013698630136986,1.0,,,,-0.0,-0.0,198.97969360000005,199999.99999094
ckb1qzda0cr08m85hc8jlnfp3zer7xulejywt49kt2rr0vthywaa50xwsqt77x997v0x3d3m4sxxavmcanlvwn3q0hs4upt05,active,Human-like / Daytime,0.0,1.0,2,0.0027397260273972,2.0,,,,0.2181042919855315,0.3562071871080222,66015641.63439861,62893.12117256
ckb1qzda0cr08m85hc8jlnfp3zer7xulejywt49kt2rr0vthywaa50xwsqt7830n3sgc4rvmu4vym50snrq0f3qjsrgs64u8s,active,Human-like / Daytime,0.0,1.0,3,0.0041095890410958,0.0670924830534534,1931662.0,0.9987684180772828,-0.0006161703935176,0.2002842627197175,0.3271035759815648,93075.22041116,73928.29931171
ckb1qzda0cr08m85hc8jlnfp3zer7xulejywt49kt2rr0vthywaa50xwsqt785chmwk9t3w2j3570chwvmwq3l2sxrcvmsm9d,active,Miner / Heavy Activity,2.0,1.0,890,1.2191780821917808,1.345928542529485,64265.80989876266,8.451677292314038,0.7883973459793883,0.9816902172992088,0.995754386494567,1538694862.5727654,1598455297.9886365
ckb1qzda0cr08m85hc8jlnfp3zer7xulejywt49kt2rr0vthywaa50xwsqt84rvxyppu7c7zfv6xq50zgv034hdjxmguxeszx,active,Human-like / Daytime,0.0,1.0,1,0.0013698630136986,1.0,,,,-0.0,-0.0,0.0,1001.6904620200002
ckb1qzda0cr08m85hc8jlnfp3zer7xulejywt49kt2rr0vthywaa50xwsqt8cqqp7h76xg76krfy7gf9e76ukjptnwsggzgwq,active,Bot-like / Consistent,1.0,1.0,816,1.1178082191780825,1.3830261040527525,62548.35828220859,5.115626376473527,0.6729689034480772,0.0381883482947232,0.9999628842834216,2554565.9590779897,2554579.45849596
ckb1qzda0cr08m85hc8jlnfp3zer7xulejywt49kt2rr0vthywaa50xwsqt94xsmh5kjp24djx4y5mpeq0usqthda4cvxxmuk,active,Human-like / Daytime,0.0,1.0,3,0.0041095890410958,0.0630904383909212,2054194.0,0.999973225508399,-1.338742502129209e-05,0.2002842627197175,0.3271035759815648,4109092.415935,301.0
ckb1qzda0cr08m85hc8jlnfp3zer7xulejywt49kt2rr0vthywaa50xwsqt99g9mrrpztjlg4tfwrnzeczrx6kpwdnqx90acl,active,Human-like / Daytime,0.0,1.0,2,0.0027397260273972,2.0,,,,-0.0,-0.0,1130.0,1200.0
ckb1qzda0cr08m85hc8jlnfp3zer7xulejywt49kt2rr0vthywaa50xwsqt9vmtr0jddwrpmpp4tfvvmsmfxt4dvllqkk0arq,active,Human-like / Daytime,0.0,1.0,3,0.0041095890410958,0.0199602612145172,6492901.0,0.9013795220349116,-0.0518678553240869,0.3456871240434053,0.3271035759815648,318771.72387227,1580632.17813615
ckb1qzda0cr08m85hc8jlnfp3zer7xulejywt49kt2rr0vthywaa50xwsqt9xmgc7s0x0ly43qpzev2er4w4320lwdgw4anh7,unused,Dormant / No Activity,,,0,0.0,15.84360891004956,5455.121373791264,1.5298736731140063,0.2094466924357483,0.9220902611591169,0.9989360416630676,509973288.2425457,471570549.3016533
ckb1qzda0cr08m85hc8jlnfp3zer7xulejywt49kt2rr0vthywaa50xwsqta6nhp4728qf2825cqule68ahw6ke55cgswr6t8,active,Human-like / Daytime,0.0,1.0,2,0.0027397260273972,0.0747790383277191,,,,0.2181042919855315,0.3562071871080222,430214870.2663405,430214870.2664946
ckb1qzda0cr08m85hc8jlnfp3zer7xulejywt49kt2rr0vthywaa50xwsqtc39e2l04ha5t5fzvupspn49lftrglr8gw99j4e,active,Bot-like / Consistent,1.0,1.0,106,0.1452054794520547,0.2811376854808366,310249.6095238095,3.60943378182496,0.5661072282053343,0.5176745029961476,0.993684303644628,4738110.292656129,46306.28435702001
ckb1qzda0cr08m85hc8jlnfp3zer7xulejywt49kt2rr0vthywaa50xwsqtcj3ytn3vr7ux8twl2esdzhwqklqm5a9qjff8zs,active,Bot-like / Consistent,1.0,0.9999366570781216,73,0.1,0.3902984305265452,224443.63888888888,2.727363152026576,0.4634276515523862,0.8635209642891105,0.938845197439486,517800.0,597438.9149290001
ckb1qzda0cr08m85hc8jlnfp3zer7xulejywt49kt2rr0vthywaa50xwsqtclu6vms4ugjz0atxwlcxdf3semgk53gg6zn597,unused,Dormant / No Activity,,,0,0.0,,,,,,,0.0,49188.62689983
ckb1qzda0cr08m85hc8jlnfp3zer7xulejywt49kt2rr0vthywaa50xwsqtcpq6rsr3xmfz4xnav7vrszp3qwpcv9yg8urgcw,active,Human-like / Daytime,0.0,1.0,85,0.1164383561643835,0.1227233535372892,712403.7023809524,0.6415522683065286,-0.2183590121460196,0.9396389113370728,0.9851848068259228,0.0,42684.87025271
ckb1qzda0cr08m85hc8jlnfp3zer7xulejywt49kt2rr0vthywaa50xwsqtcz03jau3958a7esc84ygpk8vj8ad0njcym245u,active,Miner / Heavy Activity,2.0,1.0,1674,2.293150684931507,6.407262641702281,13492.757919904365,2.6982504798331144,0.4592037475811398,0.9029973824421906,0.9969264689683136,6085143989.082278,6193204327.329
ckb1qzda0cr08m85hc8jlnfp3zer7xulejywt49kt2rr0vthywaa50xwsqtd9vhcdxgszckmrhj4em08p4l7g6u877ccyzsy7,active,Human-like / Daytime,0.0,1.0,15,0.0205479452054794,0.0216450212835193,4276800.071428572,0.5125960719065343,-0.3222300633632632,-0.0,0.8310009345984395,0.0,1253679.1163027198
ckb1qzda0cr08m85hc8jlnfp3zer7xulejywt49kt2rr0vthywaa50xwsqtdc7efeq2t3xnqhtp336tfxd9sns8hz4cg3qf4y,active,Human-like / Daytime,0.0,1.0,2,0.0027397260273972,2.0,,,,-0.0,-0.0,999.99988206,1000.0
ckb1qzda0cr08m85hc8jlnfp3zer7xulejywt49kt2rr0vthywaa50xwsqtdjy59w688e9h3e6spw0ypv7k69nl2h6q3sma2z,unused,Dormant / No Activity,,,0,0.0,4.814546528227155,17951.599199733246,4.382148430063387,0.6284011810546731,0.945825168908781,0.9831631851441572,3759533.16601731,5079311.198985729
ckb1qzda0cr08m85hc8jlnfp3zer7xulejywt49kt2rr0vthywaa50xwsqtdqrvcxvvmd02h6x8l4lwqh02g5zcskgqd42txr,active,Bot-like / Consistent,1.0,1.0,1113,1.5246575342465754,1.5267485591194574,56641.74190647482,6.563935337530214,0.7355873747258868,0.060839362338003,0.9999476902301724,14107769.67985601,585141.68881549
ckb1qzda0cr08m85hc8jlnfp3zer7xulejywt49kt2rr0vthywaa50xwsqtdvhzxzyqcqqu3qu548g0yfhyhkn68s0s5tlqdh,active,Human-like / Daytime,0.0,1.0,174,0.2383561643835616,0.3694283311838883,235226.73988439303,1.727620135200047,0.2667600689003869,0.3755052638794211,0.9942101195160268,100000.0,3128247.55551151
ckb1qzda0cr08m85hc8jlnfp3zer7xulejywt49kt2rr0vthywaa50xwsqtdwr0smrhh7h0pnkg2yve4ux7mfk3k9nswdj2s2,active,Human-like / Daytime,0.0,1.0,2,0.0027397260273972,2.0,,,,-0.0,-0.0,6542.15280167,6542.15291961
ckb1qzda0cr08m85hc8jlnfp3zer7xulejywt49kt2rr0vthywaa50xwsqte8ruahspqmzkwmeuae4v5yymsg8r9r7spk8h0y,active,Human-like / Daytime,0.0,1.0,10,0.0136986301369863,0.0738970859915757,1299104.0,2.822605057839345,0.4767965903518,0.462801624779616,0.3458595800715596,393199.99941029993,944200.0
ckb1qzda0cr08m85hc8jlnfp3zer7xulejywt49kt2rr0vthywaa50xwsqteef8yemqzzx7zrqzw9tl8admfvcn57js5lzt82,active,Bot-like / Consistent,1.0,1.0,1346,1.8438356164383565,1.846337064759652,46830.147955390334,2.0985807434027857,0.3545432036075817,0.0622770878876326,0.9999728238379472,3241256.8053791104,3241314.29791072
ckb1qzda0cr08m85hc8jlnfp3zer7xulejywt49kt2rr0vthywaa50xwsqtefa8zf5x0lltkreu77zv5830nwkld24gwljv3p,active,Human-like / Daytime,0.0,1.0,2,0.0027397260273972,0.5114756427484712,,,,0.2181042919855315,0.3562071871080222,0.0,106319.9999574
ckb1qzda0cr08m85hc8jlnfp3zer7xulejywt49kt2rr0vthywaa50xwsqtequhzd3hfxhammwmwh6e2sw6xynnrkzqzq6wuh,active,Miner / Heavy Activity,2.0,1.0,1430,1.9589041095890407,2.464897327964872,35076.69909027292,5.4855535787595615,0.6916223147781745,0.3953907189440238,0.9999511849025746,54271360.92753683,55129960.332913466
ckb1qzda0cr08m85hc8jlnfp3zer7xulejywt49kt2rr0vthywaa50xwsqteqxahcw2yy83y4svgzgg7aqk58708pqgfmxclg,active,Bot-like / Consistent,1.0,1.0,366,0.5013698630136987,0.5034259580060311,172094.2493150685,1.3034663160443667,0.1317433269723235,0.1086593023691358,0.9928584672015924,2628401.06550296,22051.06931059
ckb1qzda0cr08m85hc8jlnfp3zer7xulejywt49kt2rr0vthywaa50xwsqteuhr80vfws6en6ju03huzvp3xh9z0juqelhgxu,active,Bot-like / Consistent,1.0,1.0,114,0.1561643835616438,0.1762833150068796,494457.4690265487,3.0311062897699297,0.5038582820116738,0.8994031488847325,0.9595207855066944,6171516.57439623,6171518.71120312
ckb1qzda0cr08m85hc8jlnfp3zer7xulejywt49kt2rr0vthywaa50xwsqtf8pf9tn3xzl0pjnwpyp49nqyazx5rwts7a7d5z,active,Human-like / Daytime,0.0,1.0,1,0.0013698630136986,1.0,,,,-0.0,-0.0,0.0,3000.0
ckb1qzda0cr08m85hc8jlnfp3zer7xulejywt49kt2rr0vthywaa50xwsqtfgy7n494w39ur9e3fdce8nkm7g5xkn7c3asagz,unused,Dormant / No Activity,,,0,0.0,,,,,,,0.0,1275726.0878196498
ckb1qzda0cr08m85hc8jlnfp3zer7xulejywt49kt2rr0vthywaa50xwsqtfs070fqhspjhhzf0l5d2hrpd5hjvzmkgh8p6j2,active,Bot-like / Consistent,1.0,0.9999999997275992,155,0.2123287671232876,0.220080480236906,395132.9025974026,1.530564741472028,0.2096625835241025,0.9641106060368924,0.9984468321262386,939409.69559574,39208.33196586001
ckb1qzda0cr08m85hc8jlnfp3zer7xulejywt49kt2rr0vthywaa50xwsqtfxhm4mcvns0kxxp6yuy6skeha3pknhwqhsuzf0,unused,Dormant / No Activity,,,0,0.0,,,,,,,0.0,804014.7965688399
ckb1qzda0cr08m85hc8jlnfp3zer7xulejywt49kt2rr0vthywaa50xwsqtg2eyp82x7jqlmy9ggy6nwp4kf3nzzkpqfgp859,active,Human-like / Daytime,0.0,1.0,2,0.0027397260273972,2.0,,,,-0.0,-0.0,154241.50056179,154241.50256179
ckb1qzda0cr08m85hc8jlnfp3zer7xulejywt49kt2rr0vthywaa50xwsqtg4cs6f9a2z82rlt748wx8jghe6qj9wfs6fnl7j,active,Bot-like / Consistent,1.0,1.0,2043,2.7986301369863016,4.345667409092219,19891.607737512244,9.170537322440534,0.8033535558060292,0.9570332702372314,0.9991322255518338,1049206104.5106424,3197232.9146168497
ckb1qzda0cr08m85hc8jlnfp3zer7xulejywt49kt2rr0vthywaa50xwsqtg608sukx6zv02svdu0hm3304fxhfrfzqvaphhu,active,Human-like / Daytime,0.0,1.0,6,0.0082191780821917,0.0085021316995944,12194588.8,1.283860630474542,0.1242898216672535,0.3456871240434053,0.5645750340535796,14381390.99975702,14381391.0
ckb1qzda0cr08m85hc8jlnfp3zer7xulejywt49kt2rr0vthywaa50xwsqtgateuk4kjwkfsxmpunvzlrflgvguqqccw5gdn7,active,Bot-like / Consistent,1.0,1.0,447,0.6123287671232877,0.616552078478206,140448.34977578477,1.266673984998512,0.1176499076459321,0.0895226479786918,0.9980405104347996,2955413.64482604,58274.39959514
ckb1qzda0cr08m85hc8jlnfp3zer7xulejywt49kt2rr0vthywaa50xwsqtgcug2zyn96tlrk38uespknjpm9kje90cuwuc97,active,Human-like / Daytime,0.0,1.0,42,0.0575342465753424,0.0594004881977623,1490009.9268292682,2.981456647661861,0.4976712854139667,0.8422806428089262,0.6818749656346168,722917.8002440002,722918.4302439998
ckb1qzda0cr08m85hc8jlnfp3zer7xulejywt49kt2rr0vthywaa50xwsqthl80tuq23uvh5fxm6auu4va9dw76gclqtu8vax,active,Bot-like / Consistent,1.0,1.0,318,0.4356164383561643,1.9750869840666447,43882.90536277602,1.010590353753319,0.0052672856673907,0.0287829032447017,0.9997571416760852,697845.34586031,697845.45157851
ckb1qzda0cr08m85hc8jlnfp3zer7xulejywt49kt2rr0vthywaa50xwsqthsmfsv2yddsyu04hxwg6aw82yvdhedgqvtvu0d,active,Human-like / Daytime,0.0,1.0,39,0.0534246575342465,0.9750056423937636,90946.84210526316,0.3041285053540284,-0.533591200398664,-0.0,0.9952992440783228,0.0,190101.54272104
ckb1qzda0cr08m85hc8jlnfp3zer7xulejywt49kt2rr0vthywaa50xwsqtjv4gnawq9taamz2yvlh5pe06vaw2u66qmwqjs7,active,Bot-like / Consistent,1.0,1.0,1391,1.9054794520547944,1.908095732290465,45313.323021582735,1.2104025167529333,0.0951874218194491,0.0687593694034637,0.9999394805044242,9589361.56832251,1367424.9530136
ckb1qzda0cr08m85hc8jlnfp3zer7xulejywt49kt2rr0vthywaa50xwsqtkkx3urvug7hny8wgyf5s5vuchpvrhnks47yw86,active,Bot-like / Consistent,1.0,1.0,351,0.4808219178082192,0.4821429644574415,179711.96,3.313693930268941,0.5363602442987169,0.1145122686219881,0.9958986615510378,2500515.63482731,22379.09621674
ckb1qzda0cr08m85hc8jlnfp3zer7xulejywt49kt2rr0vthywaa50xwsqtkpvummtxgqsj3c4hjzz72atds4jf8zcsyp90ve,active,Human-like / Daytime,0.0,1.0,1,0.0013698630136986,1.0,,,,-0.0,-0.0,0.0,4000.0
ckb1qzda0cr08m85hc8jlnfp3zer7xulejywt49kt2rr0vthywaa50xwsqtl60mlnd8498tpqyfu5yud3fsrt5ndptc80xq2q,active,Bot-like / Consistent,1.0,1.0,98,0.1342465753424657,2.0423172022145364,42741.0206185567,0.9658460034609796,-0.0173736887217463,0.4901524180413913,1.0,5597322.26244843,254268.30673493005
ckb1qzda0cr08m85hc8jlnfp3zer7xulejywt49kt2rr0vthywaa50xwsqtlpgc29k57ufndd7gpm2jjvpwc2hqygjgtf54lg,active,Miner / Heavy Activity,2.0,1.0,252,0.3452054794520548,0.4679949091625209,185352.9203187251,9.379165262090655,0.807306276613121,0.4964344467389169,0.9941986607352534,231333.04183373,116928.88470842
ckb1qzda0cr08m85hc8jlnfp3zer7xulejywt49kt2rr0vthywaa50xwsqtmf2ge3pt50a67vdmwsj8l8rf6px43vxg098nyj,active,Human-like / Daytime,0.0,1.0,1,0.0013698630136986,1.0,,,,-0.0,-0.0,0.0,239174.26881535
ckb1qzda0cr08m85hc8jlnfp3zer7xulejywt49kt2rr0vthywaa50xwsqtnlh5nyt9d4rw4nn753ty8g9vuwxemmhgxqc6ug,active,Human-like / Daytime,0.0,1.0,2,0.0027397260273972,0.0367109924991029,,,,0.2181042919855315,0.3562071871080222,685.4878166200001,11030000.0
ckb1qzda0cr08m85hc8jlnfp3zer7xulejywt49kt2rr0vthywaa50xwsqtq43kkkjp78arrz5dk9yazecfynnduu5qz9nfxd,active,Human-like / Daytime,0.0,1.0,1,0.0013698630136986,1.0,,,,-0.0,-0.0,0.0,203691652.72885552
ckb1qzda0cr08m85hc8jlnfp3zer7xulejywt49kt2rr0vthywaa50xwsqtq7kfg7m5nzejcjug02mqqklfjea7fykqu7h5nz,active,Human-like / Daytime,0.0,1.0,6,0.0082191780821917,0.0084735557797553,12235713.4,0.8720398795223215,-0.068353309070707,0.5637914160289368,0.5645750340535796,501234.72083328,2214.18623871
ckb1qzda0cr08m85hc8jlnfp3zer7xulejywt49kt2rr0vthywaa50xwsqtr5klxrl240p2jsldlwhd6w3dv7fjj59cp6nkwy,active,Bot-like / Consistent,1.0,1.0,171,0.2342465753424657,0.2631876249657575,330213.9882352941,3.729178870136297,0.5770936023102127,0.908029015624599,0.978609381841226,95780072.15880316,95780081.16799998
ckb1qzda0cr08m85hc8jlnfp3zer7xulejywt49kt2rr0vthywaa50xwsqtrnw7zxsu43ta29zppg7rk8e3d2zk4kpcz7nrpq,active,Bot-like / Consistent,1.0,0.9999999999999929,1454,1.991780821917808,1.9944047391116737,43351.01169993118,0.9513636869305424,-0.0249242688050435,0.20659553328894,0.9999817666409716,10963128.01768699,523239.61003087
ckb1qzda0cr08m85hc8jlnfp3zer7xulejywt49kt2rr0vthywaa50xwsqtrp6ncuqxwmyp7wfr9uywxyyfs7nvk44sx7ast5,active,Human-like / Daytime,0.0,1.0,3,0.0041095890410958,0.004531622305575,28599029.5,0.9970373120528444,-0.0014835416089998,0.2002842627197175,0.5645750340535796,243497.15607955,920000.0
ckb1qzda0cr08m85hc8jlnfp3zer7xulejywt49kt2rr0vthywaa50xwsqtrvtdrcnncgh0vsc6rvsfvl3mk4lrf0hqv5ttla,active,Human-like / Daytime,0.0,1.0,2,0.0027397260273972,2.0,,,,-0.0,-0.0,45486.89472493,45549.89473727
ckb1qzda0cr08m85hc8jlnfp3zer7xulejywt49kt2rr0vthywaa50xwsqts0nuc7ay2w00u35eal83750sgsr4xr9c723k5h,active,Bot-like / Consistent,1.0,1.0,98,0.1342465753424657,1.9998837936004288,43647.8969072165,1.0256074355491045,0.0126418550305936,-0.0,0.9984966159681194,288074.38748989,288074.48548989004
ckb1qzda0cr08m85hc8jlnfp3zer7xulejywt49kt2rr0vthywaa50xwsqts8lza76xjqvsahh9zhwwpacxd30ctx7gmvqr75,active,Bot-like / Consistent,1.0,1.0,60,0.0821917808219178,1.3037681767390554,67392.66101694915,2.532337649846633,0.4338027113328658,0.0988796167798785,0.9963730247754088,1102872.37318102,24499.76936650999
ckb1qzda0cr08m85hc8jlnfp3zer7xulejywt49kt2rr0vthywaa50xwsqtsqnt3y4hf88rqmpjz3t6aq94z5hzukvcx4papd,unused,Dormant / No Activity,,,0,0.0,,,,,,,0.0,0.0
ckb1qzda0cr08m85hc8jlnfp3zer7xulejywt49kt2rr0vthywaa50xwsqttkscr3p930542e3zgzj3yujwpak0gq4slpgsny,active,Human-like / Daytime,0.0,1.0,104,0.1424657534246575,0.1450489362593736,601444.1553398059,0.5839426691187491,-0.2626719634446938,0.0638796259436106,0.9866951706225544,0.0,23174.65594393
ckb1qzda0cr08m85hc8jlnfp3zer7xulejywt49kt2rr0vthywaa50xwsqttxq08u8yv9qf3jnfnkr4sj5ek9cneyvglyset5,active,Bot-like / Consistent,1.0,1.0,1405,1.9246575342465757,1.926262325281333,44885.650997151,0.7836067272365042,-0.1213234226239842,0.2525089769674152,0.9998069692897332,7504991364.786428,6730446.7353097
ckb1qzda0cr08m85hc8jlnfp3zer7xulejywt49kt2rr0vthywaa50xwsqtuds5922cp4p8zmnerrmqkwvq3358xywcws26ya,active,Human-like / Daytime,0.0,1.0,2,0.0027397260273972,2.0,,,,-0.0,-0.0,79599.99999645,79600.0
ckb1qzda0cr08m85hc8jlnfp3zer7xulejywt49kt2rr0vthywaa50xwsqtuwmvfy6jhmlxfz5v5pters7pltcywpgsxqk3vh,unused,Dormant / No Activity,,,0,0.0,,,,,,,0.0,0.0
ckb1qzda0cr08m85hc8jlnfp3zer7xulejywt49kt2rr0vthywaa50xwsqtv0wspg5f06a7rgnrjauyc5wwj2mk99echtjnwp,unused,Dormant / No Activity,,,0,0.0,,,,,,,0.0,717901.1973854001
ckb1qzda0cr08m85hc8jlnfp3zer7xulejywt49kt2rr0vthywaa50xwsqtv8ykkzvtxe6u6jc4gwwkp9rrf374lshqy4w4y6,unused,Dormant / No Activity,,,0,0.0,,,,,,,0.0,978850.52610186
ckb1qzda0cr08m85hc8jlnfp3zer7xulejywt49kt2rr0vthywaa50xwsqtvu7w6m33dp2jq7wdhxuldls89490cc5sk7kcsp,unused,Dormant / No Activity,,,0,0.0,,,,,,,0.0,701353.7770294499
ckb1qzda0cr08m85hc8jlnfp3zer7xulejywt49kt2rr0vthywaa50xwsqtwhwseukev26py79eqk25vcqy6p7ldkngzrmrvv,active,Bot-like / Consistent,1.0,1.0,1158,1.5863013698630135,1.6472801434244346,52495.42783059637,2.3539281330177726,0.4036843007126527,0.068785044005261,0.9998882545258438,297756.1430522901,315850.44835592003
ckb1qzda0cr08m85hc8jlnfp3zer7xulejywt49kt2rr0vthywaa50xwsqtwuh9492rw529d223n4u36642lnadmxyc7f7u8l,active,Human-like / Daytime,0.0,1.0,1,0.0013698630136986,1.0,,,,-0.0,-0.0,100.99966906,100689717.0
ckb1qzda0cr08m85hc8jlnfp3zer7xulejywt49kt2rr0vthywaa50xwsqtwv6eueqmzuljtepywy5hdc2gl5jrtz6g6ef93l,active,Human-like / Daytime,0.0,1.0,4,0.0054794520547945,0.013251340154885,8693460.333333334,0.9936914458668732,-0.0031642580130467,0.4362085839710631,0.7124143742160444,84000000.0,0.0
ckb1qzda0cr08m85hc8jlnfp3zer7xulejywt49kt2rr0vthywaa50xwsqtxd3nueqkvw2s3xactdp9t0c6axsgmewgweeu7e,active,Human-like / Daytime,0.0,1.0,4,0.0054794520547945,0.0062288395632242,18494616.666666668,1.414172500010294,0.1715587846388475,0.2181042919855315,0.3562071871080222,42398.0621,42398.1221
ckb1qzda0cr08m85hc8jlnfp3zer7xulejywt49kt2rr0vthywaa50xwsqtyedgf3hcmvghz4cmstp7pu7u76x93apgp9rzws,active,Bot-like / Consistent,1.0,1.0,123,0.1684931506849315,1.0970119348770973,79404.96721311475,2.820835609156368,0.4765542921534916,0.8864320921834155,0.96669269989454,2027710.45530947,2027710.51430947
ckb1qzda0cr08m85hc8jlnfp3zer7xulejywt49kt2rr0vthywaa50xwsqtz7rcay08zu2uym7crxxe8dv9aj3thjgs7f3wu2,active,Human-like / Daytime,0.0,1.0,1,0.0013698630136986,1.0,,,,-0.0,-0.0,0.0,148502.34997478
ckb1qzda0cr08m85hc8jlnfp3zer7xulejywt49kt2rr0vthywaa50xwsqv04dkmp3nkglmmwsw6eawezsdecnwwt9gktajtj,active,Bot-like / Consistent,1.0,1.0,355,0.4863013698630137,0.4883079522889125,177437.34745762713,1.2213066453044974,0.0996290385086209,0.1246356513836232,0.9994195849094027,2999886.05287116,21696.95567552
ckb1qzda0cr08m85hc8jlnfp3zer7xulejywt49kt2rr0vthywaa50xwsqv07sjyn42umzcrg5tr9zvx4mne3ay649s9mszdr,active,Human-like / Daytime,0.0,1.0,1,0.0013698630136986,1.0,,,,-0.0,-0.0,133095.73121311,0.0
ckb1qzda0cr08m85hc8jlnfp3zer7xulejywt49kt2rr0vthywaa50xwsqv080q88xv7q4vjthljxx8hqyhma76nypggwehsa,active,Bot-like / Consistent,1.0,1.0,1185,1.6232876712328768,1.624641178262192,53225.8902027027,4.938884201128093,0.6632364039662367,0.3304462680087043,0.9998802467241408,6100581036.057117,5901663.34251695
ckb1qzda0cr08m85hc8jlnfp3zer7xulejywt49kt2rr0vthywaa50xwsqv0d3y4xzhcy0lglxd46uqzqx6hfge8rfcu59hjh,active,Bot-like / Consistent,1.0,1.0,1324,1.8136986301369864,1.9598740621375144,44117.78684807256,1.0127675713431543,0.006343291458454,0.5141006564621046,0.9999662071092704,27775666.60826368,5170407.59984526
ckb1qzda0cr08m85hc8jlnfp3zer7xulejywt49kt2rr0vthywaa50xwsqv0x2xn68daw4nt0ss2fqujrc6rmfcx09gttqkq0,unused,Dormant / No Activity,,,0,0.0,,,,,,,0.0,1807794.4682509496
ckb1qzda0cr08m85hc8jlnfp3zer7xulejywt49kt2rr0vthywaa50xwsqv0y7jfjm5g6sx4f5tn3jxgqen2tjecgmqt7sdrd,active,Human-like / Daytime,0.0,1.0,2,0.0027397260273972,0.0151748572988209,,,,0.2181042919855315,0.3562071871080222,169439.94986119,169439.94988604
ckb1qzda0cr08m85hc8jlnfp3zer7xulejywt49kt2rr0vthywaa50xwsqv24kjravky74cfx5ff2k56kxqnvd22qngclpjwx,active,Bot-like / Consistent,1.0,1.0,942,1.2904109589041095,1.804562130699806,47929.53134962806,2.195626751327826,0.3741446809553171,0.0337436552913218,0.9998950610813804,940160.11496304,940216.31096724
ckb1qzda0cr08m85hc8jlnfp3zer7xulejywt49kt2rr0vthywaa50xwsqv28623ss9uptevpdfusyqk7rf6ggh9lucdgrcf5,active,Bot-like / Consistent,1.0,1.0,1084,1.484931506849315,1.486945975388524,58159.327793167125,6.139838753558306,0.7198816291189694,0.0504727206754763,0.9999527260892732,1097972.74155402,1098030.0534554198
ckb1qzda0cr08m85hc8jlnfp3zer7xulejywt49kt2rr0vthywaa50xwsqv2mxk8gk0kdcqrjee7fdyy4dzjs3c8etq9dlarq,active,Bot-like / Consistent,1.0,1.0,576,0.7890410958904109,11.057592963156022,7827.224347826087,1.9172532465583787,0.3144235926862043,0.9911271815195482,0.9877224638834444,13305194.883183844,205813.51203184
ckb1qzda0cr08m85hc8jlnfp3zer7xulejywt49kt2rr0vthywaa50xwsqv3zjwlrxn8vk53c4d9a8ksecf9rj86mfsv8t4pc,active,Miner / Heavy Activity,2.0,1.0,1304,1.7863013698630137,1.7921896927522558,48246.18112049117,5.496260008152428,0.6921305493483764,0.9712974285242264,0.989294884331617,105939.28812065,275048.75365867
ckb1qzda0cr08m85hc8jlnfp3zer7xulejywt49kt2rr0vthywaa50xwsqv45yf5q6ynep69kppw897xdgxd86w69nstg29fy,active,Bot-like / Consistent,1.0,1.0,743,1.0178082191780822,1.0205894354227167,84771.0539083558,1.1899580468695496,0.0867404958469804,0.042275933878764,0.9998210658970296,75341.96305270001,79620.29806599
ckb1qzda0cr08m85hc8jlnfp3zer7xulejywt49kt2rr0vthywaa50xwsqv47n6dc9ay34npwktvlpp5huzjvd07t4qhspqyz,active,Miner / Heavy Activity,2.0,1.0,224,0.3068493150684931,1.2667517206946504,68511.80269058296,1.3091401140790808,0.1338767241512195,0.5380806694210121,0.9767207384105469,383088.01928256,490454.9952580501
ckb1qzda0cr08m85hc8jlnfp3zer7xulejywt49kt2rr0vthywaa50xwsqv4twdpchew2fdreeukg2dtl9p7f0wnjxckl7k7s,active,Bot-like / Consistent,1.0,1.0,243,0.3328767123287671,1.6758244806290663,51769.75619834711,0.8440396010880087,-0.0845754065259621,0.0234042020157427,0.9996469280673838,593768.30334597,593768.50134597
ckb1qzda0cr08m85hc8jlnfp3zer7xulejywt49kt2rr0vthywaa50xwsqv52twl330j4d2n858snefzewnuwchku7ql2qas8,active,Bot-like / Consistent,1.0,1.0,1394,1.9095890410958904,1.9122109639201352,45215.73510409189,1.3722302373057955,0.1569115136684823,0.0575263012292938,0.9999806914448746,11172048.19886985,1795878.48165196
ckb1qzda0cr08m85hc8jlnfp3zer7xulejywt49kt2rr0vthywaa50xwsqv54r405f85mw65djy9l56j6v3qp7a6v8crpuwl7,active,Bot-like / Consistent,1.0,1.0,1254,1.717808219178082,1.7192405380091045,50294.85554668795,1.715293559740852,0.2634313911196842,0.2587565037331819,0.9998435555959314,7630111594.730665,16152911.767054392
ckb1qzda0cr08m85hc8jlnfp3zer7xulejywt49kt2rr0vthywaa50xwsqv59ncvatjy3r9640tdutfdyacrmz3cwwsu27h6d,active,Bot-like / Consistent,1.0,1.0,393,0.5383561643835616,1.5092672374038267,57392.35969387755,4.062791375834707,0.6049610083587026,0.2231278402895051,0.9996187300124216,1998697023.939768,4961172.85294779
ckb1qzda0cr08m85hc8jlnfp3zer7xulejywt49kt2rr0vthywaa50xwsqv5fy2zkt07lz0jwtsukxstvhr9u7rx2zc38tmwe,active,Bot-like / Consistent,1.0,1.0,342,0.4684931506849315,0.5236161074966743,165490.27272727274,1.0875196654327604,0.0419251932721873,0.244817549457423,0.9980785482529478,13203196.948337158,141547.50244945
ckb1qzda0cr08m85hc8jlnfp3zer7xulejywt49kt2rr0vthywaa50xwsqv5uwm78vrgdrfmd056xn32q9junu3rg2c2we24p,active,Bot-like / Consistent,1.0,1.0,484,0.663013698630137,8.465042953145666,10227.813664596271,0.5725931632061148,-0.2717847481433228,0.9643772453826436,0.9995442389505048,110832458.78755488,1023742.16184751
ckb1qzda0cr08m85hc8jlnfp3zer7xulejywt49kt2rr0vthywaa50xwsqv5vn90nv29ngxyzlddcqhfec4ejag85fgz5ryz3,active,Bot-like / Consistent,1.0,1.0,968,1.326027397260274,1.6621114303389073,52035.830403309206,1.8927421216531275,0.3086144855328301,0.2310318340412575,0.999920367133711,1857640218.9999776,994142.0619666
ckb1qzda0cr08m85hc8jlnfp3zer7xulejywt49kt2rr0vthywaa50xwsqv6ee355xxhkrz8rhplvqwjcxl3ru5pcssulyfzy,active,Human-like / Daytime,0.0,1.0,1,0.0013698630136986,1.0,,,,-0.0,-0.0,131744.68449825,0.0
ckb1qzda0cr08m85hc8jlnfp3zer7xulejywt49kt2rr0vthywaa50xwsqv7nn9j6tfzxufy3v6enaren4n9ds6f0dqvkwddv,active,Human-like / Daytime,0.0,1.0,68,0.0931506849315068,1.7109324424556562,51252.49253731343,0.6701441351173405,-0.1975014359221664,0.4689970585032885,0.9860978332663608,30000300.0,1935960343.311158
ckb1qzda0cr08m85hc8jlnfp3zer7xulejywt49kt2rr0vthywaa50xwsqv7vnn4a83fkxlf3vdcyjqns8e4dcuv5msj4lqye,active,Bot-like / Consistent,1.0,0.9999999991291659,30,0.0410958904109589,2.084566487376792,42876.68965517241,0.2196822209044983,-0.6397713812019246,0.2181042919855315,0.9937817529033622,181575986.28383315,70159.75518913
ckb1qzda0cr08m85hc8jlnfp3zer7xulejywt49kt2rr0vthywaa50xwsqv8cuf7vzh62m9gwyv59lzha9nx6ar5d9qqkp5em,unused,Dormant / No Activity,,,0,0.0,295.2574275696623,292.72357452484164,1.1871570121790305,0.0855709083238467,0.9983274319705416,0.9694704862384927,1012318.24445262,0.0
ckb1qzda0cr08m85hc8jlnfp3zer7xulejywt49kt2rr0vthywaa50xwsqv8ejrmt8xqzuql29z9f0n3w0hsth3us3qyhqspl,active,Bot-like / Consistent,1.0,1.0,1447,1.9821917808219176,1.9848808046377773,43559.1652835408,0.9962596653110856,-0.0018736714235678,0.0602772550499025,0.9999747014589796,454324.78575618,454385.69796103
ckb1qzda0cr08m85hc8jlnfp3zer7xulejywt49kt2rr0vthywaa50xwsqv8mt7uj0ynsd25vlufex6xm5czh04nglsd68gcc,active,Bot-like / Consistent,1.0,0.999999476100387,804,1.1013698630136983,1.1028820767516418,78437.75716064757,0.5113393581993887,-0.3233295283084549,0.1886760552412161,0.9989963186629512,2051233.17932041,2230971.14351656
ckb1qzda0cr08m85hc8jlnfp3zer7xulejywt49kt2rr0vthywaa50xwsqv8yreznvv7falyl3sk08l74zh6aj9u9hsrpfysy,active,Bot-like / Consistent,1.0,1.0,384,0.5260273972602739,0.5446814233584695,159038.99738903393,3.5519356267286533,0.560626475414956,0.036686060359253,0.9978856257774804,2329335.93737093,230529.53661251
ckb1qzda0cr08m85hc8jlnfp3zer7xulejywt49kt2rr0vthywaa50xwsqv98zwvdlfvcwhppy75jcs0u8566vupxzs735ggx,active,Human-like / Daytime,0.0,1.0,1,0.0013698630136986,1.0,,,,-0.0,-0.0,0.0,62.0
ckb1qzda0cr08m85hc8jlnfp3zer7xulejywt49kt2rr0vthywaa50xwsqv9ft027uv84z4nc4wsgwl32u6ex4e4qsscccscx,unused,Dormant / No Activity,,,0,0.0,141.66883925013897,610.0763587862621,0.9978712430051764,-0.0010655126061184,0.9985399325927304,0.9991600141148244,0.0,0.0
ckb1qzda0cr08m85hc8jlnfp3zer7xulejywt49kt2rr0vthywaa50xwsqv9hhmy8u8z5xeay9r56pp3akjdmmannxqx3n837,active,Human-like / Daytime,0.0,1.0,1,0.0013698630136986,1.0,,,,-0.0,-0.0,0.0,1000.0
ckb1qzda0cr08m85hc8jlnfp3zer7xulejywt49kt2rr0vthywaa50xwsqv9q7ytwr9dncyftpv8fetndn3hr5r4yygghtd9m,unused,Dormant / No Activity,,,0,0.0,,,,,,,0.0,0.0
ckb1qzda0cr08m85hc8jlnfp3zer7xulejywt49kt2rr0vthywaa50xwsqv9vxgmpvg55u2p84e8xerreq8kg4lf4ugyddftc,active,Miner / Heavy Activity,2.0,1.0,1556,2.1315068493150684,4.038844630341127,21406.01350482315,2.6237843943904258,0.4480907851206666,0.9979330504218016,0.9990490041903216,809201.78598174,875240.74327801
ckb1qzda0cr08m85hc8jlnfp3zer7xulejywt49kt2rr0vthywaa50xwsqva6slkwzalfalw2gl7cawxfkx3s2dt8tq3zqy53,active,Human-like / Daytime,0.0,1.0,36,0.0493150684931506,0.7346938775510204,120960.0,0.4523071023463195,-0.3771192034858456,0.039939709053797,0.9854575744326012,0.0,6209.585198520001
ckb1qzda0cr08m85hc8jlnfp3zer7xulejywt49kt2rr0vthywaa50xwsqvac5x8rl5h5ha25vngn064x44uep988tgt5sz7p,active,Bot-like / Consistent,1.0,1.0,88,0.1205479452054794,0.1960511747405884,445766.7931034483,6.813762365064123,0.7440413584956027,0.0780102516990835,0.9931152824015492,360777.5291457,382297.50163636
ckb1qzda0cr08m85hc8jlnfp3zer7xulejywt49kt2rr0vthywaa50xwsqvdd6sal6kly783vvjjs7z67v96lrelzss078v03,active,Bot-like / Consistent,1.0,1.0,240,0.3287671232876712,1.904676174738608,45551.8410041841,1.2397930760077367,0.1070603702531083,0.0236475879510684,0.9998943875154896,467515.40125074,467515.44946163
ckb1qzda0cr08m85hc8jlnfp3zer7xulejywt49kt2rr0vthywaa50xwsqvde0h8xdeqmmvrxqsjqf8pl9kjltjsupsfxlpgt,active,Bot-like / Consistent,1.0,1.0,300,0.410958904109589,1.9188920175350603,45176.57190635452,0.6012177444755811,-0.2490493606508371,0.3636719656708614,0.9995860518898874,1833054071.6621356,548110.61416793
ckb1qzda0cr08m85hc8jlnfp3zer7xulejywt49kt2rr0vthywaa50xwsqvdsgte9pkmratzhwchaanuuvhvmd3pp9cfvddsg,active,Human-like / Daytime,0.0,1.0,3,0.0041095890410958,3.0,80.0,0.15,-0.7391304347826086,-0.0,-0.0,0.0,330926.48403461
ckb1qzda0cr08m85hc8jlnfp3zer7xulejywt49kt2rr0vthywaa50xwsqvdu4tnf9uueqjdd4k57c8hh5g458jlvlsk90qe4,active,Human-like / Daytime,0.0,1.0,454,0.6219178082191781,0.7937071288358484,109096.57395143488,1.6417983260401825,0.2429399397047012,0.0820604776520705,0.9998879939605768,100.9998586,886529.6524326601
ckb1qzda0cr08m85hc8jlnfp3zer7xulejywt49kt2rr0vthywaa50xwsqvdu6azqm97z3nfv9r2zs0q9m9jedf4z0qllxwrl,active,Human-like / Daytime,0.0,1.0,1,0.0013698630136986,1.0,,,,-0.0,-0.0,0.0,3000.0
ckb1qzda0cr08m85hc8jlnfp3zer7xulejywt49kt2rr0vthywaa50xwsqvdzl6lke4a3epsg4pt8xm024zlth6prushfxpta,active,Human-like / Daytime,0.0,1.0,1,0.0013698630136986,1.0,,,,-0.0,-0.0,0.0,2845166665.9996843
ckb1qzda0cr08m85hc8jlnfp3zer7xulejywt49kt2rr0vthywaa50xwsqvefzf0avujau9vy9yg22xedwqu5hv939gyswlfx,unused,Dormant / No Activity,,,0,0.0,,,,,,,0.0,1401407.72246368
ckb1qzda0cr08m85hc8jlnfp3zer7xulejywt49kt2rr0vthywaa50xwsqvehcws3ggwuk35js8qz299pmtd20ppvmg5ksx6t,active,Bot-like / Consistent,1.0,1.0,1326,1.8164383561643835,1.8189026358627776,47537.018113207545,2.696457655443297,0.4589414551916055,0.084101822011063,0.9999117611287202,3661407.87235514,3661466.56697012
ckb1qzda0cr08m85hc8jlnfp3zer7xulejywt49kt2rr0vthywaa50xwsqvekrxvp6q8v4lr3ej65u0q4qu3sj8yknqq7f5d0,unused,Dormant / No Activity,,,0,0.0,,,,,,,0.0,591776.58381888
ckb1qzda0cr08m85hc8jlnfp3zer7xulejywt49kt2rr0vthywaa50xwsqvexj5d7mdsfuygtynap2q7lcqlhr6kdagauegxm,active,Bot-like / Consistent,1.0,1.0,701,0.9602739726027396,1.157927819585614,74722.64428571428,7.387942178151353,0.7615624956011814,0.2538717139837864,0.9998142747552012,5402792520.722028,98787982.96914384
ckb1qzda0cr08m85hc8jlnfp3zer7xulejywt49kt2rr0vthywaa50xwsqvffvgnjm9sgxvvs84v5fwddr9xx8y47ccf90tv3,unused,Dormant / No Activity,,,0,0.0,,,,,,,0.0,35338.8022713
ckb1qzda0cr08m85hc8jlnfp3zer7xulejywt49kt2rr0vthywaa50xwsqvgqh40v2g5ps3rann79tvw9gq6ewrft7gp909qk,unused,Dormant / No Activity,,,0,0.0,1410.7256758745891,61.265531062124246,0.9942430555811071,-0.0028867817304321,0.9938297568879536,0.4508659483444382,185532.78904982,0.0
ckb1qzda0cr08m85hc8jlnfp3zer7xulejywt49kt2rr0vthywaa50xwsqvh639mn84vea2mr46k5rqrvfq6zg6h4mqaxt69f,active,Human-like / Daytime,0.0,1.0,2,0.0027397260273972,2.0,,,,-0.0,-0.0,75940.77742106,75940.77942106
ckb1qzda0cr08m85hc8jlnfp3zer7xulejywt49kt2rr0vthywaa50xwsqvh96uwpjsghcyeuedp0wmt5k8nzc0gwjqfr5qu7,active,Human-like / Daytime,0.0,1.0,24,0.0328767123287671,0.0643400291106362,1401250.8695652173,3.635303380445744,0.5685287809990822,0.3517035280283644,0.5307253338788933,0.0,0.0
ckb1qzda0cr08m85hc8jlnfp3zer7xulejywt49kt2rr0vthywaa50xwsqvhl5ywzxe4tpun3frshvq34p7rlh356sq0sx2vd,active,Human-like / Daytime,0.0,1.0,1,0.0013698630136986,1.0,,,,-0.0,-0.0,0.0,623.27685901
ckb1qzda0cr08m85hc8jlnfp3zer7xulejywt49kt2rr0vthywaa50xwsqvhrfezapvnxmakv6relqsjugjyeccwwaqz6drgw,active,Bot-like / Consistent,1.0,1.0,808,1.106849315068493,1.98523179009832,43575.29615861215,1.0008852572215436,0.0004424327773662,0.0379684989956453,0.9999403527086912,1111308.48438367,1111308.75477676
ckb1qzda0cr08m85hc8jlnfp3zer7xulejywt49kt2rr0vthywaa50xwsqvjpnzdqgz2pqdmn72qmm3wus9je59wheqangdzf,active,Miner / Heavy Activity,2.0,1.0,894,1.2246575342465753,1.938534033329396,44619.6718924972,0.8518095365387164,-0.080024678854539,0.5352862624940882,0.9998219777416978,26522972.75,249953845.14946
ckb1qzda0cr08m85hc8jlnfp3zer7xulejywt49kt2rr0vthywaa50xwsqvjzc76tmx2q85dz9l660n2625wnk6vngga7rpqc,active,Bot-like / Consistent,1.0,1.0,845,1.1575342465753424,1.20655320613238,71693.78791469194,7.062852577091456,0.7519488318957374,0.3775209726450029,0.999905458409806,2701421930.5950656,1348542.74854029
ckb1qzda0cr08m85hc8jlnfp3zer7xulejywt49kt2rr0vthywaa50xwsqvkdvwnt7g07cavxzwdpc6rhyz9dpje6zgyldedd,active,Human-like / Daytime,0.0,1.0,1,0.0013698630136986,1.0,,,,-0.0,-0.0,0.0,62.0
ckb1qzda0cr08m85hc8jlnfp3zer7xulejywt49kt2rr0vthywaa50xwsqvknttjvpk89lj2c9ykxvethuaft52j3fs9df6l3,active,Bot-like / Consistent,1.0,0.9973501903224371,102,0.1397260273972602,1.0520095832572331,82941.68316831683,0.1649861063485904,-0.7167586712845779,0.4799677549412723,0.999030342179514,389469.22812501,394234.72222595
ckb1qzda0cr08m85hc8jlnfp3zer7xulejywt49kt2rr0vthywaa50xwsqvkt2ql6y7gdn7dsh0txtwkluf8n57tadgdmaj8h,active,Human-like / Daytime,0.0,1.0,12,0.0164383561643835,0.2543481188714381,370573.0,1.487216371637976,0.1958882135039646,0.6001421313598587,0.8020464921255943,539551.90271123,539551.90341887
ckb1qzda0cr08m85hc8jlnfp3zer7xulejywt49kt2rr0vthywaa50xwsqvkzgznnkkedc0yda0qvv3r29vmzd3690cgu4u3m,unused,Dormant / No Activity,,,0,0.0,4.661761840947017,18539.94531510504,10.350566514851767,0.8237973410945544,0.9967618090971144,0.998929334378982,101027427.30190694,84361319.20703092
ckb1qzda0cr08m85hc8jlnfp3zer7xulejywt49kt2rr0vthywaa50xwsqvmjk724y9qgf30ccu4zqd5aktvd4e8hcq3r3exj,active,Bot-like / Consistent,1.0,1.0,340,0.4657534246575342,0.4702328187099133,184280.77286135693,3.746916670216076,0.5786738763398259,0.3388830586765436,0.997811104132926,42922065.67515481,21667.79389624
ckb1qzda0cr08m85hc8jlnfp3zer7xulejywt49kt2rr0vthywaa50xwsqvmmkpv65ayqg2c6ezrf2644lcfqe4vjng0qv493,active,Bot-like / Consistent,1.0,0.9999999997095479,170,0.2328767123287671,0.2773248581084394,313391.4615384616,0.589734834802401,-0.2580714445051421,0.080768270804003,0.9984477879597352,55243.00181768,43333.447785120006
ckb1qzda0cr08m85hc8jlnfp3zer7xulejywt49kt2rr0vthywaa50xwsqvn87j7a9sndal6f0rv6ny34z7s7mcvypg5qhygq,active,Human-like / Daytime,0.0,1.0,1,0.0013698630136986,1.0,,,,-0.0,-0.0,0.0,55157.46088555
ckb1qzda0cr08m85hc8jlnfp3zer7xulejywt49kt2rr0vthywaa50xwsqvnz75wpz7kgfy6kmvukhlfmpkmg2kd2zgtuhp4d,active,Human-like / Daytime,0.0,1.0,2682,3.673972602739726,3.945589788837165,21906.034688549047,0.528100175803323,-0.3088147175616932,0.9987891374166556,0.9999623183647206,0.0,1525548.86459735
ckb1qzda0cr08m85hc8jlnfp3zer7xulejywt49kt2rr0vthywaa50xwsqvp8xhg5clq467hh46ucqyj3ewsz8ym6hcgnrf4z,active,Bot-like / Consistent,1.0,1.0,1000,1.36986301369863,1.7470544237783814,49504.17417417417,0.9825912815821208,-0.0087807903623922,0.2318576872707459,0.9991163578559376,1126487517.5992613,313153.428704
ckb1qzda0cr08m85hc8jlnfp3zer7xulejywt49kt2rr0vthywaa50xwsqvpgseqcuuk9dl4s3rp7x0vehjyj3hjwuq5d67zk,active,Bot-like / Consistent,1.0,1.0,464,0.6356164383561644,1.588826030532793,54497.22462203024,2.657384431399989,0.4531611216941633,0.1808512265091411,0.9999044259143508,7515866.909457151,545688.4228881099
ckb1qzda0cr08m85hc8jlnfp3zer7xulejywt49kt2rr0vthywaa50xwsqvq6ve8a90spwj33sdl7rtus9w5e0an4cc83el7m,active,Human-like / Daytime,0.0,1.0,2,0.0027397260273972,0.6834226502402657,,,,0.2181042919855315,0.3562071871080222,100152.00536496,20894.35554724
ckb1qzda0cr08m85hc8jlnfp3zer7xulejywt49kt2rr0vthywaa50xwsqvqjuupm239tnfp88qrra95336xzvm4dtqpxss5m,active,Bot-like / Consistent,1.0,0.9999999999999929,1430,1.9589041095890407,1.9615906914113423,44076.7088873338,0.940837038069568,-0.0304832197500093,0.2044448173437684,0.9998812938150458,10113422.61088604,1429086.42489509
ckb1qzda0cr08m85hc8jlnfp3zer7xulejywt49kt2rr0vthywaa50xwsqvqt5lc9tlz527sfaf9k75eec0p3hf5epqqkr4vs,unused,Dormant / No Activity,,,0,0.0,,,,,,,0.0,0.0
ckb1qzda0cr08m85hc8jlnfp3zer7xulejywt49kt2rr0vthywaa50xwsqvs3zzveq452hhguh3ac42r07s6r738lxc675d2w,active,Bot-like / Consistent,1.0,1.0,1040,1.4246575342465753,1.4297657641556691,60487.64003849855,6.671102969783119,0.7392812991980284,0.265682479421916,0.9995406937272546,1291301005.0990524,835371.87534289
ckb1qzda0cr08m85hc8jlnfp3zer7xulejywt49kt2rr0vthywaa50xwsqvtd053tgl4c6dcn4qe70nvyygkmh2llwgesskle,active,Human-like / Daytime,0.0,1.0,1,0.0013698630136986,1.0,,,,-0.0,-0.0,0.0,62.0
ckb1qzda0cr08m85hc8jlnfp3zer7xulejywt49kt2rr0vthywaa50xwsqvtdygskru5q65j5d3juvhf4mt9px5aewsvuteqn,active,Bot-like / Consistent,1.0,1.0,679,0.93013698630137,1.159907115849128,74598.58849557523,2.5020623397165025,0.4289079388113053,0.2314874862157176,0.9986813308253948,833041381.9877487,200397.41197252
ckb1qzda0cr08m85hc8jlnfp3zer7xulejywt49kt2rr0vthywaa50xwsqvtfx52pmwvmnlxc89ahpga6w6rk8r69xgmnsu28,active,Bot-like / Consistent,1.0,1.0,974,1.3342465753424655,2.3850372649318983,36263.080164439874,10.87637545470316,0.8315984529431512,0.9954634935418296,0.9986417019867276,1060472.92202604,1060472.98141489
ckb1qzda0cr08m85hc8jlnfp3zer7xulejywt49kt2rr0vthywaa50xwsqvu4vva27ejspmqt30kg7zld29xznhxvwc5zpfpf,active,Human-like / Daytime,0.0,1.0,1,0.0013698630136986,1.0,,,,-0.0,-0.0,0.0,3487.0422965000007
ckb1qzda0cr08m85hc8jlnfp3zer7xulejywt49kt2rr0vthywaa50xwsqvuh8nmuphsgaua6g0usmlknkk98gu4lhcmpyhsp,active,Human-like / Daytime,0.0,1.0,8,0.010958904109589,1.2221147606780334,80796.71428571429,1.3184813558434132,0.1373663648580674,0.3950475329240406,0.4626400924552384,0.0,331487.92697319
ckb1qzda0cr08m85hc8jlnfp3zer7xulejywt49kt2rr0vthywaa50xwsqvva6zmstttmwvat2uw3k057rgnv5t3hts4vk7tv,active,Bot-like / Consistent,1.0,1.0,323,0.4424657534246575,0.6140784670781969,141135.58385093167,3.2681743379623533,0.5314155792064461,0.4382754688246661,0.9992523179098136,31694.00570234,31695.02472692
ckb1qzda0cr08m85hc8jlnfp3zer7xulejywt49kt2rr0vthywaa50xwsqvvchzc8yxvnsrkmuncs6gvgdp4qemefwck97ulz,unused,Dormant / No Activity,,,0,0.0,12.116271329685986,7133.284428142714,0.8043572040869058,-0.1084279739454911,0.9886239499861368,0.999770380787943,41125951.924735,228984.78282937
ckb1qzda0cr08m85hc8jlnfp3zer7xulejywt49kt2rr0vthywaa50xwsqvvlm7uccuwt0shwln4mp4xnetf24h3h4sezvcyk,active,Bot-like / Consistent,1.0,1.0,973,1.332876712328767,1.5862620863582897,54523.706790123455,3.2776257268800277,0.5324509137318237,0.2348930823139146,0.9999201972999252,6290586436.914318,8843605.40079384
ckb1qzda0cr08m85hc8jlnfp3zer7xulejywt49kt2rr0vthywaa50xwsqvvs2tgunjtmaazu0zajdrvfhnjgmrxrtgxy3wee,unused,Dormant / No Activity,,,0,0.0,,,,,,,0.0,74512.33161045
ckb1qzda0cr08m85hc8jlnfp3zer7xulejywt49kt2rr0vthywaa50xwsqvwwjyy2ue6h3cg9yf6k07c4u5mlsep05s3evt90,active,Bot-like / Consistent,1.0,1.0,72,0.0986301369863013,0.0989337348657014,885611.985915493,6.572683707831648,0.735892838369625,0.0856881081190661,0.9959868407192668,44024.87640983,44703.93270573
ckb1qzda0cr08m85hc8jlnfp3zer7xulejywt49kt2rr0vthywaa50xwsqvx0mstg9aqgrgvsqnrqd4ekwcthk0pfpqkaq02f,active,Human-like / Daytime,0.0,1.0,2,0.0027397260273972,2.0,,,,0.2181042919855315,-0.0,299999.99798876,299999.998
ckb1qzda0cr08m85hc8jlnfp3zer7xulejywt49kt2rr0vthywaa50xwsqvxfn4dw95uwpq972rjvvkzc44c0hxltkghsrja0,active,Bot-like / Consistent,1.0,1.0,448,0.6136986301369863,0.9830204519361558,88089.0,2.3941387917181443,0.4107489048827076,0.9761842129991244,0.9893837776766392,1056148831.1458236,1056148881.86
ckb1qzda0cr08m85hc8jlnfp3zer7xulejywt49kt2rr0vthywaa50xwsqvy6p5scn5xvswncwlzpfhap4prkxracucm68kwj,active,Human-like / Daytime,0.0,1.0,10,0.0136986301369863,0.0141224618491255,6797681.666666667,1.946006460583099,0.3211148628628116,0.4899580627579133,0.5421217256604984,501234.7205832,501234.72083328
ckb1qzda0cr08m85hc8jlnfp3zer7xulejywt49kt2rr0vthywaa50xwsqvyeguxz4y45vydqtdrvz6xz43tlcdc7acjhkesk,active,Bot-like / Consistent,1.0,0.9999999999995879,456,0.6246575342465753,0.6314844385016247,137121.17802197803,1.946687197824056,0.3212716974245265,0.5169545806612256,0.9978365148574992,1291392.8159994,1291399.03662184
ckb1qzda0cr08m85hc8jlnfp3zer7xulejywt49kt2rr0vthywaa50xwsqvyj2r4yc3a4cch60f6xdk37zuyvhfm30gnzj3gx,active,Bot-like / Consistent,1.0,1.0,566,0.7753424657534247,0.90271197364299,95880.99292035398,1.7285262259697634,0.267003563695208,0.0795110705189545,0.9997696800766476,4738193.33152943,75298.34224316
ckb1qzda0cr08m85hc8jlnfp3zer7xulejywt49kt2rr0vthywaa50xwsqvywhujlcxgs2glnv60xj83vzczrewnmcq7zy8t8,active,Bot-like / Consistent,1.0,0.99999998947618,469,0.6424657534246575,0.6442311379528033,134399.92307692306,0.5779223006181393,-0.2674895330502109,0.1373927773625178,0.9997069778272836,120180.03616924,136317.58324052
ckb1qzda0cr08m85hc8jlnfp3zer7xulejywt49kt2rr0vthywaa50xwsqvzfcj3jtlhzyuu4s5frtv9d3r7mexqhnclvhwkr,active,Bot-like / Consistent,1.0,0.9999999963037141,458,0.6273972602739726,0.6287953109595666,137706.27352297594,2.873824657914093,0.4837143710379178,0.942299131263326,0.994306965419536,913819.32142543,913822.33216123
ckb1qzda0cr08m85hc8jlnfp3zer7xulejywt49kt2rr0vthywaa50xwsqw0dr0ghl76nf5xkw6lx0lxm032kw2jwwq6lnmhx,active,Bot-like / Consistent,1.0,1.0,1887,2.584931506849315,3.14566633028497,27480.92205726405,27.44804671653661,0.9296964034146704,0.9771783818220524,0.9997203680344674,29028217.418347582,762458.50252783
ckb1qzda0cr08m85hc8jlnfp3zer7xulejywt49kt2rr0vthywaa50xwsqw0jcjwc83kxxqhrp7yzpyxvgckp24fwwse0q0rk,unused,Dormant / No Activity,,,0,0.0,,,,,,,0.0,4174293.20764149
ckb1qzda0cr08m85hc8jlnfp3zer7xulejywt49kt2rr0vthywaa50xwsqw0kyehc00l04ru5dldfhhtalx43fe9ppsdzgzgz,active,Human-like / Daytime,0.0,1.0,2,0.0027397260273972,0.0170765482959472,,,,0.2181042919855315,0.3562071871080222,61.99975713,103118.88997047002
ckb1qzda0cr08m85hc8jlnfp3zer7xulejywt49kt2rr0vthywaa50xwsqw20ylwscm8q35fdgh6vvl0mjpmg4p3macchmmr6,active,Human-like / Daytime,0.0,0.9999999999999876,39,0.0534246575342465,0.0649831437435586,1364564.394736842,1.3665879237585954,0.1549014596408416,0.7136965131801277,0.8443129751416516,392516588.93,1340586513.8159423
ckb1qzda0cr08m85hc8jlnfp3zer7xulejywt49kt2rr0vthywaa50xwsqw24xn0tc4wjrun2gtdu7c092jqk98cl4gcazzl2,active,Bot-like / Consistent,1.0,1.0,2314,3.16986301369863,3.246423840129422,26625.40639861652,5.470725746219758,0.6909156594732184,0.9844024127166736,0.999204393321104,639962.6185769499,639963.8662549
ckb1qzda0cr08m85hc8jlnfp3zer7xulejywt49kt2rr0vthywaa50xwsqw25a63jaehqxerg5z263nfp6s3dljrntgwkkw4h,active,Bot-like / Consistent,1.0,1.0,78,0.1068493150684931,1.9006191000487336,46049.24675324676,1.0668744747004877,0.0323553633851802,0.1746926191023208,0.9979524766517748,1462541.9882665195,155173.10246181
ckb1qzda0cr08m85hc8jlnfp3zer7xulejywt49kt2rr0vthywaa50xwsqw2qmgk7tphggddk6mavjxzxhlaguum7ds7c7t8q,active,Bot-like / Consistent,1.0,0.9999999999982663,795,1.0890410958904109,1.302994919253127,66392.28967254408,1.6911563801500145,0.256825053069375,0.9846794776945986,0.98950709206847,7383185.164355751,222034.96611215
ckb1qzda0cr08m85hc8jlnfp3zer7xulejywt49kt2rr0vthywaa50xwsqw35ntna3rkqcmgextlmp8pfwnmcxlafeqh6ry93,active,Bot-like / Consistent,1.0,1.0,103,0.1410958904109589,1.929166767830572,45225.25490196078,0.3314000541148789,-0.5021780972734071,0.2179708052118667,0.9976592365783408,626731702.14904,10903941.12663656
ckb1qzda0cr08m85hc8jlnfp3zer7xulejywt49kt2rr0vthywaa50xwsqw4h8l5zpl0tyey72702jlhg007u3nragstsf26n,unused,Dormant / No Activity,,,0,0.0,,,,,,,0.0,44343.85842438
ckb1qzda0cr08m85hc8jlnfp3zer7xulejywt49kt2rr0vthywaa50xwsqw4k0cfcpvzekpmze0czdkzpxqf4dgqaycetlmuf,active,Bot-like / Consistent,1.0,1.0,342,0.4684931506849315,0.5445700493697216,159122.54545454544,1.4291025860699094,0.1766506645419873,0.108636324032243,0.9973504964199662,4041100.0798606295,21480.08410744
ckb1qzda0cr08m85hc8jlnfp3zer7xulejywt49kt2rr0vthywaa50xwsqw4klymd5zxdtersxfu8wafdq803fudg7qpp9dz7,active,Bot-like / Consistent,1.0,1.0,986,1.3506849315068492,1.6381053945408983,52797.40609137056,4.957157033747767,0.6642693840921363,0.4362143084030933,0.999987322174964,63551395.65076146,63551444.75432684
ckb1qzda0cr08m85hc8jlnfp3zer7xulejywt49kt2rr0vthywaa50xwsqw4masztz302vmjlz02qkdx0u2h77v52jswycyu5,active,Bot-like / Consistent,1.0,1.0,1083,1.4835616438356165,1.4847986229014516,58243.48890942699,0.6302139438532781,-0.226832838438783,0.2674776025150754,0.9994262368736953,18582939.32929767,198205.49222439
ckb1qzda0cr08m85hc8jlnfp3zer7xulejywt49kt2rr0vthywaa50xwsqw4xpk4t3688duglxp0xvupwfj9u4y20rc5xvtlj,active,Bot-like / Consistent,1.0,0.9999999999966604,864,1.1835616438356165,3.412905588741713,25345.00695249131,1.0425389139685104,0.0208264888749954,0.9964122999377985,0.9997946264116516,7825189.271754029,1637477.03913758
ckb1qzda0cr08m85hc8jlnfp3zer7xulejywt49kt2rr0vthywaa50xwsqw4z50cyvxxvvnt8akzu07gn8agqvlx5js7pep0j,active,Bot-like / Consistent,1.0,1.0,1163,1.593150684931507,1.9286788891647075,44836.05593803787,1.157893184264284,0.0731700648649652,0.0468817635269869,0.9999482833476636,1162958.89252541,1162958.89521157
ckb1qzda0cr08m85hc8jlnfp3zer7xulejywt49kt2rr0vthywaa50xwsqw55e3a0nd8dflp7ew8km8njxh3mp57e6qp75cau,active,Bot-like / Consistent,1.0,0.9999999999999929,948,1.2986301369863014,1.3001270599785733,66525.21752903907,4.970680086076829,0.6650297836817873,0.4601207384754913,0.9997631268716544,1138266.09015476,1833131.58354928
ckb1qzda0cr08m85hc8jlnfp3zer7xulejywt49kt2rr0vthywaa50xwsqw5lewnq2e8cv8kmsye0k5z6jlnhrs5pdgfzkhzy,active,Bot-like / Consistent,1.0,1.0,718,0.9835616438356164,0.9848959348513642,87847.35425383542,13.50646154610861,0.862130403500328,0.0704691194123561,0.9999245182461158,2282008.8829129,14179439.21602066
ckb1qzda0cr08m85hc8jlnfp3zer7xulejywt49kt2rr0vthywaa50xwsqw5pyla7y2d5y6dy2jxlj03c4p76ahmnhc0j4ars,active,Human-like / Daytime,0.0,1.0,2,0.0027397260273972,0.0159662550243346,,,,0.2181042919855315,0.3562071871080222,201.21587101,79.21604649
ckb1qzda0cr08m85hc8jlnfp3zer7xulejywt49kt2rr0vthywaa50xwsqw5rj262huu0sgcnq38shahvee2qpuuvtg8rve95,active,Human-like / Daytime,0.0,1.0,1,0.0013698630136986,1.0,,,,-0.0,-0.0,0.0,134721.59773814
ckb1qzda0cr08m85hc8jlnfp3zer7xulejywt49kt2rr0vthywaa50xwsqw6hjwylgj9pw0ae8pw0ctke60jpqw6f6slep8r3,active,Human-like / Daytime,0.0,1.0,6,0.0082191780821917,0.5972549774128398,173594.2,1.2048743771554915,0.0929188434852238,0.3182464233453904,0.5645750340535796,66376531.47165701,192.0
ckb1qzda0cr08m85hc8jlnfp3zer7xulejywt49kt2rr0vthywaa50xwsqw6pm0xlgq3kdfmf29zqd9yfpd8q2g6duqjl7wqm,active,Bot-like / Consistent,1.0,1.0,523,0.7164383561643836,0.957874726896576,90372.4827586207,1.674609724594482,0.2522273505517761,0.0900679292344196,0.999832114075532,4620373.79238966,37290.11839206
ckb1qzda0cr08m85hc8jlnfp3zer7xulejywt49kt2rr0vthywaa50xwsqw6sushnyawdllx7u6pgsf6vdtv90d3v2c6scl6v,active,Human-like / Daytime,0.0,1.0,22,0.0301369863013698,0.082089697591798,1102626.619047619,0.9909207147563566,-0.0045603449581639,0.5490125169370093,0.8493276445749761,17800497.974,65974626.54710589
ckb1qzda0cr08m85hc8jlnfp3zer7xulejywt49kt2rr0vthywaa50xwsqw6ujq2qpcu7m6rmwt276sq275wpagjkhquf7rhu,active,Bot-like / Consistent,1.0,1.0,1009,1.3821917808219175,1.433287554992703,60340.79761904762,6.277575965877028,0.7251832190584384,0.0440553679274537,0.999977290622295,992872.2105450202,992926.37967814
ckb1qzda0cr08m85hc8jlnfp3zer7xulejywt49kt2rr0vthywaa50xwsqw70980sa70epqpxnhawt4ek50d7t99augeehwa4,active,Bot-like / Consistent,1.0,1.0,670,0.9178082191780822,1.3986322165537286,61866.97757847534,6.4909387132780285,0.733010764531432,0.2451961125705732,0.9997698313995416,9606421.00061494,893311.1006170099
ckb1qzda0cr08m85hc8jlnfp3zer7xulejywt49kt2rr0vthywaa50xwsqw76vqq45434vph49vkxl406cp95886x2g79zp4d,active,Human-like / Daytime,0.0,1.0,3,0.0041095890410958,0.0044325330758542,29238360.5,0.6276145852979684,-0.2287921342471005,0.2002842627197175,0.3271035759815648,134721.59773814,25022.9978
ckb1qzda0cr08m85hc8jlnfp3zer7xulejywt49kt2rr0vthywaa50xwsqw77m33spsnxcm6zsl9cuaaj8uzpkc46vc6w8y87,unused,Dormant / No Activity,,,0,0.0,,,,,,,0.0,34777.19905694
ckb1qzda0cr08m85hc8jlnfp3zer7xulejywt49kt2rr0vthywaa50xwsqw7fspuj5ny44ce32pp8lvgjqw90uekrjcg8usv9,active,Human-like / Daytime,0.0,1.0,7,0.0095890410958904,0.0115902732617723,8696947.666666666,2.0840428685113386,0.3515005837239233,0.4018290210415738,0.3074497498641964,38768.24318949,38768.243433840005
ckb1qzda0cr08m85hc8jlnfp3zer7xulejywt49kt2rr0vthywaa50xwsqw827vkp4zln5plmzzktcymdr0ec8aqhpc4sr8d5,active,Bot-like / Consistent,1.0,1.0,2268,3.106849315068493,3.1093607825295724,27799.318923687693,2.153530119944054,0.3657901069816067,0.8187561666629019,0.9999395654491592,3133851.72639808,4557277.81784871
ckb1qzda0cr08m85hc8jlnfp3zer7xulejywt49kt2rr0vthywaa50xwsqw8agrm4yvlzsah4ca3dyvt9hz9qsdaxmq5qskx2,active,Bot-like / Consistent,1.0,1.0,1044,1.4301369863013698,1.4320865558083042,60389.39309683605,8.518539130042944,0.7898837234710222,0.0564649330639237,0.9998829434310832,940177.85161314,940193.51161314
ckb1qzda0cr08m85hc8jlnfp3zer7xulejywt49kt2rr0vthywaa50xwsqw8d28w8rr2qqwrepmex52mesujgfjqskcuvwgxj,active,Bot-like / Consistent,1.0,1.0,57,0.0780821917808219,1.7272993831274053,50913.5,0.8204345198012412,-0.0986388020253341,0.0277905243003225,0.9984087273175156,2716981.48829573,1154348.02072941
ckb1qzda0cr08m85hc8jlnfp3zer7xulejywt49kt2rr0vthywaa50xwsqw8n05pvq0v6vht3graz05kjzla3edv9cgf7s09r,active,Bot-like / Consistent,1.0,1.0,1419,1.943835616438356,1.9464726375242765,44419.289139633285,1.0301089310943794,0.0148311899096707,0.0578776650116587,0.9999915780800296,1246644.66811075,1246704.0129524
ckb1qzda0cr08m85hc8jlnfp3zer7xulejywt49kt2rr0vthywaa50xwsqw8q4nj0qyp80m5pnsgqg0n09zmtxmfccgm4ldvz,unused,Dormant / No Activity,,,0,0.0,11.233434584486002,7693.889963321107,1.6726221935283043,0.2516712594683394,0.9587328440318666,0.9997020552432356,8624793.18396703,2683649.1463095103
ckb1qzda0cr08m85hc8jlnfp3zer7xulejywt49kt2rr0vthywaa50xwsqw8sae6fd5sruyeewfc82gs6epxav9tapqsgphme,active,Bot-like / Consistent,1.0,1.0,488,0.6684931506849315,1.1059007972110753,78286.78028747434,4.307983642884955,0.6232090875636205,0.4464610804948009,0.9994060892154432,2777265303.582248,2189809.14740243
ckb1qzda0cr08m85hc8jlnfp3zer7xulejywt49kt2rr0vthywaa50xwsqw973g6gzfxn2yh804xl67mpf888tlagkqzh4v47,active,Bot-like / Consistent,1.0,1.0,166,0.2273972602739726,0.2915070167249468,298187.1151515152,6.44039586901905,0.7311970982178825,0.8229294560679757,0.9878162425728232,15696446.12185567,17835400.0
ckb1qzda0cr08m85hc8jlnfp3zer7xulejywt49kt2rr0vthywaa50xwsqw9cxywse038q9496gt72efccm2jf0lygs5fcq86,active,Human-like / Daytime,0.0,1.0,2,0.0027397260273972,2.0,,,,-0.0,-0.0,345484.63888205,345484.63899999
ckb1qzda0cr08m85hc8jlnfp3zer7xulejywt49kt2rr0vthywaa50xwsqw9eyh2qqwkzdmu5xlwkc4lhfx6zsmh0ssed8wsm,active,Bot-like / Consistent,1.0,1.0,169,0.2315068493150684,0.6539787784746318,132900.77380952382,5.898013590148649,0.7100614584383704,0.8855676951104685,0.9853452211171544,163226700.90399998,163226701.068
ckb1qzda0cr08m85hc8jlnfp3zer7xulejywt49kt2rr0vthywaa50xwsqw9qsdmw4sh8288hp9rg6rzv0zjnlq2ujs3mez8t,active,Human-like / Daytime,0.0,1.0,2,0.0027397260273972,0.0148056108124141,,,,0.2181042919855315,0.3562071871080222,174.50491267,523.51520049
ckb1qzda0cr08m85hc8jlnfp3zer7xulejywt49kt2rr0vthywaa50xwsqw9t5zng6xx58m2nha3lw65da4tsdntkqcxt2q9p,active,Human-like / Daytime,0.0,1.0,3,0.0041095890410958,1.2261754395924105,105694.5,0.9373382720955206,-0.0323442368361935,0.3456871240434053,0.3271035759815648,32000.0,96902.1981848
ckb1qzda0cr08m85hc8jlnfp3zer7xulejywt49kt2rr0vthywaa50xwsqw9u3r7vuv8pskppxp50rsf2xxxw8cj7nqyxyy7c,active,Bot-like / Consistent,1.0,1.0,1407,1.9273972602739728,1.930040631339692,44797.73613086771,1.0846345943684126,0.040599246792244,0.0905962685648875,0.9999561032601828,13446075.18566004,5092473.596785191
ckb1qzda0cr08m85hc8jlnfp3zer7xulejywt49kt2rr0vthywaa50xwsqwafdszyl69fd8pd3hnen82j0qt6n9hzuc97c3nn,unused,Dormant / No Activity,,,0,0.0,,,,,,,27672407.600117505,842735.22643313
ckb1qzda0cr08m85hc8jlnfp3zer7xulejywt49kt2rr0vthywaa50xwsqwau96q6673hp5t3ncxypt85vrlv3ldvmchs7tt3,active,Bot-like / Consistent,1.0,0.9999972946748913,32,0.0438356164383561,0.0525660495035751,1696667.2903225806,2.5772125132041177,0.4409054556815818,0.6985486861912219,0.973677596611442,552207.7109497299,562210.9868556999
ckb1qzda0cr08m85hc8jlnfp3zer7xulejywt49kt2rr0vthywaa50xwsqwclramlxrmcu6r5nwxg55jmhj8ycwtcfs0lxcas,active,Bot-like / Consistent,1.0,1.0,1379,1.889041095890411,1.891603872439495,45708.671262699565,1.294754387724986,0.1284470308899615,0.0652278550093038,0.9999565470397384,1527795.45426239,1527826.54131157
ckb1qzda0cr08m85hc8jlnfp3zer7xulejywt49kt2rr0vthywaa50xwsqwd08wtnzyj7wa3ux429fketrlal83gfycf3pgjs,active,Bot-like / Consistent,1.0,1.0,1127,1.5438356164383562,1.5451228758662363,55967.54351687389,4.2677255633275655,0.6203294997136067,0.2683396930336665,0.9997896814487393,1075799270.244817,607214.6110032201
ckb1qzda0cr08m85hc8jlnfp3zer7xulejywt49kt2rr0vthywaa50xwsqwd9wdqn3udclk6u86ed8glq7ep4gs2l6c4cwthv,active,Bot-like / Consistent,1.0,1.0,50,0.0684931506849315,0.0687751777647303,1281905.306122449,0.8552903415192862,-0.0779983893853573,0.318862424961247,0.9637334569957277,72363.52830786999,88174.80336481001
ckb1qzda0cr08m85hc8jlnfp3zer7xulejywt49kt2rr0vthywaa50xwsqwda7qe8d78vuwpx20spzsuvtj92eulcagjenqnt,active,Bot-like / Consistent,1.0,1.0,107,0.1465753424657534,0.824546086255719,105773.46226415096,1.8187134424686204,0.2904564295658213,0.9377977763115593,0.9809252978467822,418510271.7494639,418510271.762
ckb1qzda0cr08m85hc8jlnfp3zer7xulejywt49kt2rr0vthywaa50xwsqwdcrrc7pg028fpfwrnsm7ahx5tvd74f2ge9u32a,active,Bot-like / Consistent,1.0,1.0,240,0.3287671232876712,1.9998227394774712,43384.59832635983,0.9906454284581022,-0.0046992655789753,0.0380931623345819,0.9996423310845324,628340.76430316,628340.79518505
ckb1qzda0cr08m85hc8jlnfp3zer7xulejywt49kt2rr0vthywaa50xwsqwdds9zeghmn5d5jl8htyp8wm3gyl7jz9qqrsxqy,active,Bot-like / Consistent,1.0,1.0,1152,1.578082191780822,1.5802230041069243,54723.330147697656,5.288028079393946,0.6819352625739604,0.0536267619641911,0.9999405338541526,1060496.73940961,1060555.65635123
ckb1qzda0cr08m85hc8jlnfp3zer7xulejywt49kt2rr0vthywaa50xwsqwdr5q4rwruykhehd8hn6gxh892wtmdprcw3h3ce,unused,Dormant / No Activity,,,0,0.0,4.897385600983467,17647.94864954985,1.5071519120718573,0.202282083359184,0.9830338832668356,0.9972981714246056,1203472792.2801363,1768950084.74
ckb1qzda0cr08m85hc8jlnfp3zer7xulejywt49kt2rr0vthywaa50xwsqwe92am9fu642zn6fjv7xp9u27e9afey2ce26d2t,active,Human-like / Daytime,0.0,1.0,2,0.0027397260273972,2.0,,,,0.2181042919855315,-0.0,234500.84523101,74.50491267
ckb1qzda0cr08m85hc8jlnfp3zer7xulejywt49kt2rr0vthywaa50xwsqweaz0wqm6d5wzkyt2jay4ayx22vgxu6ys67s4w2,active,Bot-like / Consistent,1.0,1.0,1426,1.9534246575342469,1.955053434769524,44224.17824561404,0.3274814009215629,-0.5066124456520157,0.3432924320293317,0.999951078348238,7045474935.520744,5032071.63678238
ckb1qzda0cr08m85hc8jlnfp3zer7xulejywt49kt2rr0vthywaa50xwsqwepkut2qzg2udxm2g38plwwslh0ejrmzs7qle27,active,Bot-like / Consistent,1.0,1.0,1279,1.752054794520548,1.797930236487921,48092.85915492957,1.1998841318797184,0.0908612089987325,0.4171042510797498,0.9996723411107066,2256826545.4509664,1173002.57771906
ckb1qzda0cr08m85hc8jlnfp3zer7xulejywt49kt2rr0vthywaa50xwsqwexweexwze3qsd7a425f2hmm8296utjkc0850ly,active,Bot-like / Consistent,1.0,1.0,670,0.9178082191780822,1.2896877867448844,67093.09715994021,6.436145856226959,0.7310434681260025,0.0442093577096281,0.999857668694453,4521267.43512688,4521325.94806299
ckb1qzda0cr08m85hc8jlnfp3zer7xulejywt49kt2rr0vthywaa50xwsqwf587k2zv9cxghautlmp0t89ufk5khvjs6cy70d,unused,Dormant / No Activity,,,0,0.0,137.27962832811735,629.5821940646882,0.9635944160543568,-0.0185402767740582,0.9981545496179258,0.9961386649506718,0.0,0.0
ckb1qzda0cr08m85hc8jlnfp3zer7xulejywt49kt2rr0vthywaa50xwsqwfa8pxvswqfjn530whn97try3rq9l7gjg4nddxz,active,Bot-like / Consistent,1.0,1.0,1228,1.6821917808219178,1.6844741482152512,51333.77424612877,4.547898603837328,0.6395031447372425,0.0572407290012613,0.9998590146003612,46700219.58274638,46700278.28681418
ckb1qzda0cr08m85hc8jlnfp3zer7xulejywt49kt2rr0vthywaa50xwsqwfjnz2axuppeu5r68084wjm6a0xtxfy9cj4a5sa,active,Miner / Heavy Activity,2.0,1.0,382,0.5232876712328767,0.5258509444677963,164736.3622047244,1.9751186529532423,0.3277579037008469,0.861942450719266,0.8847331087080352,27138706.3714,16402.998921199996
ckb1qzda0cr08m85hc8jlnfp3zer7xulejywt49kt2rr0vthywaa50xwsqwfna6z53rzj0vrgm3tujzzwldryr6jcnc8z4zde,active,Bot-like / Consistent,1.0,0.9999999999999929,1312,1.797260273972603,9.573382138466464,9031.907704042716,1.7621904474601442,0.275936964506189,0.9959924869676466,0.9965848090828828,471378.05930214,471378.21801798
ckb1qzda0cr08m85hc8jlnfp3zer7xulejywt49kt2rr0vthywaa50xwsqwg4vuyxa8u6yekv7n3vevs5xj6mzn5rxgeudapp,active,Bot-like / Consistent,1.0,1.0,742,1.0164383561643835,1.8928312112126204,45707.508771929824,1.5161296437431755,0.2051283983027774,0.0164115336947264,0.9999477263044406,1897922.8903829,1897922.92438859
ckb1qzda0cr08m85hc8jlnfp3zer7xulejywt49kt2rr0vthywaa50xwsqwgp8u8962lw0pup3qdeaxga29denq87ygrhw3x2,active,Bot-like / Consistent,1.0,1.0,155,0.2123287671232876,1.4351793406191118,60592.454545454544,3.1518887857170674,0.5182915286940707,0.1000413451862245,0.9981104793810016,49522.08567066,131684.87183840998
ckb1qzda0cr08m85hc8jlnfp3zer7xulejywt49kt2rr0vthywaa50xwsqwh8cgh37vm79za0w7h9wc36rvkcucyaag3pg77j,active,Human-like / Daytime,0.0,0.9999999999994209,26,0.0356164383561643,0.0394690103874795,2276621.56,2.2345986878906885,0.3816852744399589,0.6906954375123076,0.8931468132949477,1086431.7168802095,1086431.71832034
ckb1qzda0cr08m85hc8jlnfp3zer7xulejywt49kt2rr0vthywaa50xwsqwj2d4whqxn9v85cy236x5vhnaw0h859pq02dapz,unused,Dormant / No Activity,,,0,0.0,75.5267642143002,1144.3467822607536,8.434069688178528,0.7880024140052596,0.9970638393896386,0.9956788391490128,15449818.55013014,13787566.532087792
ckb1qzda0cr08m85hc8jlnfp3zer7xulejywt49kt2rr0vthywaa50xwsqwj5mah4ck3m7dkusnwpgyhmzf6zaaahpqzjwzns,active,Human-like / Daytime,0.0,1.0,1,0.0013698630136986,1.0,,,,-0.0,-0.0,0.0,3287.19363933
ckb1qzda0cr08m85hc8jlnfp3zer7xulejywt49kt2rr0vthywaa50xwsqwjeupgccqe3mp2wzajp975muw56rxfzysgzn7cd,active,Human-like / Daytime,0.0,1.0,2,0.0027397260273972,0.0118729935980653,,,,0.2181042919855315,-0.0,1700510.634198,76151.54
ckb1qzda0cr08m85hc8jlnfp3zer7xulejywt49kt2rr0vthywaa50xwsqwjhnuyhphnp99ysnl09ht9e3x2kh8s8acgdjpg3,active,Human-like / Daytime,0.0,1.0,3,0.0041095890410958,0.3537759991919931,366333.5,0.2120403948860806,-0.6501100197968068,0.3456871240434053,0.5645750340535796,62233.26683007,9029.40365521
ckb1qzda0cr08m85hc8jlnfp3zer7xulejywt49kt2rr0vthywaa50xwsqwjhry2dvdzmftxqrsrwf04mjw3ah8hhjqh9zh7y,active,Bot-like / Consistent,1.0,1.0,138,0.1890410958904109,0.1916351156305573,454147.7518248175,1.332867727235426,0.1426860697455367,0.9684120870652289,0.9907333028270754,34616.25719388001,34623.697559160006
ckb1qzda0cr08m85hc8jlnfp3zer7xulejywt49kt2rr0vthywaa50xwsqwjpr5w3ustqzhcyefs88lsh3x67aqth4ckskqq9,unused,Dormant / No Activity,,,0,0.0,,,,,,,0.0,10636.649713010002
ckb1qzda0cr08m85hc8jlnfp3zer7xulejywt49kt2rr0vthywaa50xwsqwjzhp5ljeurdf9yznes3xhs7cn6ye9mssmxkwgz,active,Bot-like / Consistent,1.0,1.0,1698,2.326027397260274,2.32796685290228,37135.80082498527,1.0762529735504032,0.0367262441146611,0.4401599333278352,0.9999739376456364,5568385552.392412,3165544.82968585
ckb1qzda0cr08m85hc8jlnfp3zer7xulejywt49kt2rr0vthywaa50xwsqwkp3rnla6nr3al235xz3kmr3c8s0v3kngg0vdcv,active,Bot-like / Consistent,1.0,1.0,38,0.0520547945205479,0.3601010810051944,246417.2972972973,2.6254617988854965,0.4483461387967679,0.8139399924157922,0.9438758317389552,787131.21796719,106063.86620168
ckb1qzda0cr08m85hc8jlnfp3zer7xulejywt49kt2rr0vthywaa50xwsqwkr8fn99ghht0zeyert3w949f25zjw24gcwcxy8,active,Bot-like / Consistent,1.0,1.0,578,0.7917808219178082,0.7928599924631052,109161.44194107452,11.377961299931226,0.8384225033882508,0.080567829990233,0.9998402488820438,553904.58008221,553913.2500822099
ckb1qzda0cr08m85hc8jlnfp3zer7xulejywt49kt2rr0vthywaa50xwsqwl4qyx3j83nsjlyx3pj9q8msqt9hwmz5g0c8u0j,active,Bot-like / Consistent,1.0,1.0,246,0.336986301369863,0.3744292237442922,231693.0612244898,1.4706762954017238,0.1905050436100102,0.0373236296191457,0.9969147277100374,20274.928113520004,20436.29693975
ckb1qzda0cr08m85hc8jlnfp3zer7xulejywt49kt2rr0vthywaa50xwsqwlfetev6txju367sg90xq0twvwgp7qa6qelcq7y,unused,Dormant / No Activity,,,0,0.0,7.372878224599546,11722.533177725909,1.2721958609831496,0.1197941892497656,0.9985323515163852,0.9995256884246247,49878.32399608,281063.97347328
ckb1qzda0cr08m85hc8jlnfp3zer7xulejywt49kt2rr0vthywaa50xwsqwlkxpk8rnrzz2nhuswk2kzvempzsz2zjgwxnwny,active,Bot-like / Consistent,1.0,1.0,135,0.184931506849315,3.85460498725872,22582.0223880597,1.092789080273544,0.0443375212285681,0.7674383165653657,0.9904761307397236,96315530.27185065,62209.232928460005
ckb1qzda0cr08m85hc8jlnfp3zer7xulejywt49kt2rr0vthywaa50xwsqwmk6ckqgsgj3vszez0ujy68ryrhfegksq3jpy2e,active,Bot-like / Consistent,1.0,1.0,654,0.8958904109589041,0.9834430192934313,87989.14701378254,8.399498468831002,0.7872226899518038,0.0542476597718281,0.9995998959640864,1826356.6374321496,1826370.76349714
ckb1qzda0cr08m85hc8jlnfp3zer7xulejywt49kt2rr0vthywaa50xwsqwmrpzfvvj8mckknp5m5rkt8cd5hy2vhgq24t8sv,active,Human-like / Daytime,0.0,1.0,2,0.0027397260273972,2.0,,,,-0.0,-0.0,49999.99988206,50000.0
ckb1qzda0cr08m85hc8jlnfp3zer7xulejywt49kt2rr0vthywaa50xwsqwn663qcrflxjdlepuaykc4lruvysm9u5cnn299s,active,Human-like / Daytime,0.0,1.0,1,0.0013698630136986,1.0,,,,-0.0,-0.0,0.0,1190.4050164500002
ckb1qzda0cr08m85hc8jlnfp3zer7xulejywt49kt2rr0vthywaa50xwsqwnc9ceapkm570d4tw3dmexkeugzrq3csc0gs9nv,unused,Dormant / No Activity,,,0,0.0,,,,,,,0.0,43587.98066536
ckb1qzda0cr08m85hc8jlnfp3zer7xulejywt49kt2rr0vthywaa50xwsqwnla5w93964qlqcwaaeessdsk4h5pzkfs2f0ehn,active,Bot-like / Consistent,1.0,0.9999999998228901,332,0.4547945205479452,0.4570953249984761,189590.70996978853,1.3977279148281816,0.165877000625687,0.9873931958928882,0.987848612854384,4605248.80670078,4605262.561920211
ckb1qzda0cr08m85hc8jlnfp3zer7xulejywt49kt2rr0vthywaa50xwsqwpcd535qtqw2pdwmaxkyeevw02nhxes8sh82574,active,Bot-like / Consistent,1.0,1.0,154,0.210958904109589,1.9490978083636183,44617.92810457516,1.044566352657129,0.0217974596907604,0.012328256354502,0.998784867670044,485914.61171971,485914.6314034299
ckb1qzda0cr08m85hc8jlnfp3zer7xulejywt49kt2rr0vthywaa50xwsqwpyugm7a4wtc5tphl0lwzjhcf9fu2l0ksdaezkc,active,Bot-like / Consistent,1.0,1.0,1119,1.5328767123287672,16.383524019394194,5278.307692307692,1.2917269320726104,0.1272956773295743,0.9952208241043436,0.9994218628758964,337981.07094569004,337981.20574967004
ckb1qzda0cr08m85hc8jlnfp3zer7xulejywt49kt2rr0vthywaa50xwsqwq58dc707p97auarsgdf6vp07f84t7htgv294a8,active,Bot-like / Consistent,1.0,1.0,101,0.1383561643835616,1.7103860716745531,51020.06,0.5868610250370938,-0.2603498154183028,0.5502924158159115,0.994055819868826,272214.57370748,272214.91848748
ckb1qzda0cr08m85hc8jlnfp3zer7xulejywt49kt2rr0vthywaa50xwsqwq5jlc6p7y2g7c59emwef66z5dc02m36sq3vsmj,active,Bot-like / Consistent,1.0,1.0,216,0.2958904109589041,2.0024528502312826,43347.76744186047,0.9943804963198168,-0.0028176687901595,0.4256153973008215,0.9997364162955796,859993.67604082,859993.70220416
ckb1qzda0cr08m85hc8jlnfp3zer7xulejywt49kt2rr0vthywaa50xwsqwqkl23ey6ndp7q5vss36xfjhnq3pwnmjsqhs3p2,unused,Dormant / No Activity,,,0,0.0,4.550604699345568,18992.81860620207,1.9171597436632937,0.314401618099785,0.998579152883684,0.9996411729991044,0.0,401787.23128758
ckb1qzda0cr08m85hc8jlnfp3zer7xulejywt49kt2rr0vthywaa50xwsqwr3fzgs5ke9hg0gwzu6qhd7kxwj6e7t6sy7j449,active,Human-like / Daytime,0.0,1.0,1,0.0013698630136986,1.0,,,,-0.0,-0.0,0.0,2719380.2143728603
ckb1qzda0cr08m85hc8jlnfp3zer7xulejywt49kt2rr0vthywaa50xwsqwr42a6hutw02a36n99zxzk9cdg8epdr4skkl97l,active,Human-like / Daytime,0.0,1.0,1,0.0013698630136986,1.0,,,,-0.0,-0.0,0.0,129999.9977269
ckb1qzda0cr08m85hc8jlnfp3zer7xulejywt49kt2rr0vthywaa50xwsqwrcse92s9lm5u09npr6uwhgsr0tk6scdsxn0pul,active,Human-like / Daytime,0.0,1.0,20,0.0273972602739726,0.09250436290832,983168.4210526316,0.9098597950968694,-0.0471972891070564,0.6915979343246358,0.8783917208237398,131925.0,157763.9570277
ckb1qzda0cr08m85hc8jlnfp3zer7xulejywt49kt2rr0vthywaa50xwsqwrn48zffgqgctt2netwvhcdn3pnznxceg9lhd3j,active,Bot-like / Consistent,1.0,1.0,468,0.6410958904109589,0.9529218853719,90862.65310492503,20.286819731579996,0.906045147879328,0.9777206238679798,0.9863895725178444,298917464.88072693,592447.34723422
ckb1qzda0cr08m85hc8jlnfp3zer7xulejywt49kt2rr0vthywaa50xwsqws4ht929m5xlwe9mt6v2z880w4qu83jnqjxy7yv,unused,Dormant / No Activity,,,0,0.0,,,,,,,0.0,0.0
ckb1qzda0cr08m85hc8jlnfp3zer7xulejywt49kt2rr0vthywaa50xwsqws78vs7l7djw5jpvttxpe6semy4fzarecvme860,active,Human-like / Daytime,0.0,0.9999998982892072,282,0.3863013698630137,0.3876851967815675,223654.3309608541,2.3369687685887017,0.4006536654384522,0.0486862409106554,0.999603183484411,1617414.3483280202,88486.89911648
ckb1qzda0cr08m85hc8jlnfp3zer7xulejywt49kt2rr0vthywaa50xwsqwsaytgethft2tx90hfcvmpazn02dmhyacz9xtxp,active,Bot-like / Consistent,1.0,1.0,782,1.0712328767123287,1.3002695981749948,66532.83866837388,2.567016803953617,0.4393073792690755,0.9834974692467062,0.9971120947866028,1893302954.382331,1893302988.982264
ckb1qzda0cr08m85hc8jlnfp3zer7xulejywt49kt2rr0vthywaa50xwsqwtjgqcuyekuh50hv2gp447rx6mwzxvlwgm4j8vz,active,Human-like / Daytime,0.0,1.0,2,0.0027397260273972,0.0420628825488938,,,,0.2181042919855315,0.3562071871080222,310000.00000000006,7907683.832935
ckb1qzda0cr08m85hc8jlnfp3zer7xulejywt49kt2rr0vthywaa50xwsqwtrv4yvp4w4ujz0cxgp29tc0nuug4c5cs3ltm8j,active,Human-like / Daytime,0.0,1.0,1,0.0013698630136986,1.0,,,,-0.0,-0.0,0.0,417387427.5068739
ckb1qzda0cr08m85hc8jlnfp3zer7xulejywt49kt2rr0vthywaa50xwsqwu20nshpqgcg45hh2zla8uxjmyxxma63ca9emrw,active,Bot-like / Consistent,1.0,1.0,545,0.7465753424657534,0.7475881399637793,115784.10477941176,10.045020869363514,0.8189229315494038,0.0780812057917065,0.9999343435431858,258017.09226556,258019.09663357004
ckb1qzda0cr08m85hc8jlnfp3zer7xulejywt49kt2rr0vthywaa50xwsqwurl7mk9mnev9jtq0jspjrynvp42g7zyc4j3jk2,active,Human-like / Daytime,0.0,1.0,2,0.0027397260273972,0.076065913226753,,,,0.2181042919855315,0.3562071871080222,1005000.9979503,1005000.99797515
ckb1qzda0cr08m85hc8jlnfp3zer7xulejywt49kt2rr0vthywaa50xwsqwuu3rvzwd5vm6wn45ql8qjgrw6tqh0cvgrxrwtu,active,Bot-like / Consistent,1.0,1.0,1418,1.9424657534246572,1.9451008852635576,44450.637261820746,1.0648395212690305,0.0314017242507934,0.0568617579535708,0.9999163024028191,1169472.8941112598,1169522.50082331
ckb1qzda0cr08m85hc8jlnfp3zer7xulejywt49kt2rr0vthywaa50xwsqwuuu2n4serlsnuvhxwu0nuhsms76aez0cv7nxdh,active,Human-like / Daytime,0.0,1.0,1,0.0013698630136986,1.0,,,,-0.0,-0.0,0.0,299937.99798876
ckb1qzda0cr08m85hc8jlnfp3zer7xulejywt49kt2rr0vthywaa50xwsqwvalxcu23ejp75sp0sgg7t6ktdy3dyy3q5czey6,active,Human-like / Daytime,0.0,1.0,1,0.0013698630136986,1.0,,,,-0.0,-0.0,0.0,3001.3
ckb1qzda0cr08m85hc8jlnfp3zer7xulejywt49kt2rr0vthywaa50xwsqwvhy6a0x57agapj2sh47ll9fpgvp753nshpjjpz,active,Human-like / Daytime,0.0,1.0,1,0.0013698630136986,1.0,,,,-0.0,-0.0,0.0,251810.0
ckb1qzda0cr08m85hc8jlnfp3zer7xulejywt49kt2rr0vthywaa50xwsqwvnfyyu53z75jyfvm2q2fpt8yrw432qqs89xeat,active,Human-like / Daytime,0.0,1.0,2,0.0027397260273972,0.0463770729786721,,,,0.2181042919855315,0.3562071871080222,8450308.58547911,287.17097998
ckb1qzda0cr08m85hc8jlnfp3zer7xulejywt49kt2rr0vthywaa50xwsqwvrfv8s2ldft92hqj8c028cuhmszmex6szv4as5,active,Human-like / Daytime,0.0,1.0,10,0.0136986301369863,0.0157361883392986,6100587.888888889,0.6973282616190715,-0.1783224525420979,0.5936641999709349,0.8714392773956556,0.0,1462974.27
ckb1qzda0cr08m85hc8jlnfp3zer7xulejywt49kt2rr0vthywaa50xwsqwwgy0v5mrgg0al02ekelxh0tn4xmw0uyc8n7phh,unused,Dormant / No Activity,,,0,0.0,,,,,,,0.0,0.0
ckb1qzda0cr08m85hc8jlnfp3zer7xulejywt49kt2rr0vthywaa50xwsqwwnl2x4ccmqrpvp3zz9lwxj8ukxqjc46cksfx9f,active,Human-like / Daytime,0.0,1.0,2,0.0027397260273972,0.0074367162559645,,,,0.2181042919855315,0.3562071871080222,1743.5211482500004,812000.0
ckb1qzda0cr08m85hc8jlnfp3zer7xulejywt49kt2rr0vthywaa50xwsqwx5d4t4cwytglh7fx5pu96lx79d69ur3q25xsmm,active,Bot-like / Consistent,1.0,1.0,211,0.2890410958904109,1.9908425436446888,43605.37142857143,0.9794446995156864,-0.010384377239406,0.0625801423380424,0.9996406618199764,5687462.30985937,5496179.940275481
ckb1qzda0cr08m85hc8jlnfp3zer7xulejywt49kt2rr0vthywaa50xwsqwx8ftt5lmk8pt5ux00wvyz5qrswq9uckq3yqc5x,active,Human-like / Daytime,0.0,1.0,1,0.0013698630136986,1.0,,,,-0.0,-0.0,0.0,298.99999999999994
ckb1qzda0cr08m85hc8jlnfp3zer7xulejywt49kt2rr0vthywaa50xwsqwxa6w0ye7fsk6q5ekdrmynesst3y88nxqmqfn4f,active,Bot-like / Consistent,1.0,1.0,216,0.2958904109589041,1.912448190693908,45387.82325581396,1.8907073860075532,0.3081278272297693,0.1404536143063938,0.9991213709055112,28490262.85296838,28490262.880960744
ckb1qzda0cr08m85hc8jlnfp3zer7xulejywt49kt2rr0vthywaa50xwsqwxdvqk5f5k404wykzsfuu4cjvh4n96zrq9yl6w6,active,Bot-like / Consistent,1.0,0.9999999999994102,97,0.1328767123287671,0.1360253789389709,641792.0,2.037706441045485,0.3416085330116161,0.6952609619142388,0.977655006699536,462125.35160608,33888.51784102
ckb1qzda0cr08m85hc8jlnfp3zer7xulejywt49kt2rr0vthywaa50xwsqwxf6vz0rvzjta205fyfevvv2jw3q35s0q7pzc7q,unused,Dormant / No Activity,,,0,0.0,1.934127114401704,44703.01845280341,1.0566512848006744,0.0275454012157267,0.061522755442851,0.9999677656132044,386123.708293,1067848.12502089
ckb1qzda0cr08m85hc8jlnfp3zer7xulejywt49kt2rr0vthywaa50xwsqwxlcluqtxv4qjnxfa3y53qjyyan3ym5xc0uwhmj,active,Bot-like / Consistent,1.0,1.0,290,0.3972602739726027,1.9861543103020496,43651.67474048443,0.9949834469787504,-0.0025145837820593,0.051758521107783,0.999876927141096,9371330.89669377,9371330.93334151
ckb1qzda0cr08m85hc8jlnfp3zer7xulejywt49kt2rr0vthywaa50xwsqwxz8p53apcnpykd55nh0aqkqvmyd52rusxajcax,active,Bot-like / Consistent,1.0,1.0,120,0.1643835616438356,0.1648943073293992,528375.1260504202,8.64604627242035,0.7926611646350554,0.071966265824041,0.9973366577247186,808037.40177501,87414.96008544999
ckb1qzda0cr08m85hc8jlnfp3zer7xulejywt49kt2rr0vthywaa50xwsqwy94evgzp6dpm0l454hcs685zt9uq34tg9rk4w6,unused,Dormant / No Activity,,,0,0.0,9.137510007371349,9458.6828942981,1.7064793537938605,0.2610326041480934,0.9984281718784044,0.9998414447555266,524.23626886,294084.85172252
ckb1qzda0cr08m85hc8jlnfp3zer7xulejywt49kt2rr0vthywaa50xwsqwyt2p74pg74ccrqll50yvv50fd4098u5sq3q7ue,unused,Dormant / No Activity,,,0,0.0,1791.029900332226,48.2565130260521,0.4245575457452947,-0.4039446886321798,0.989342740281101,0.3459290326293011,0.0,0.0
ckb1qzda0cr08m85hc8jlnfp3zer7xulejywt49kt2rr0vthywaa50xwsqwz6xqpyrsgqm4xt07drgukqjdy5p4eq8semnq2f,active,Bot-like / Consistent,1.0,1.0,186,0.2547945205479452,1.408974161705351,61652.67567567567,1.5778885344048066,0.2241712652398416,0.0469704546317361,0.9970569808361206,31681.74557309,31681.7687308
ckb1qzda0cr08m85hc8jlnfp3zer7xulejywt49kt2rr0vthywaa50xwsqwz877ez7j69yehpaxf8fjl4g6cxg59k4cmp9c8s,active,Human-like / Daytime,0.0,1.0,2,0.0027397260273972,2.0,,,,0.2181042919855315,0.3562071871080222,339810.87141792,318709.72390151
ckb1qzda0cr08m85hc8jlnfp3zer7xulejywt49kt2rr0vthywaa50xwsqwzcjq4mzexlu6h5mrpldplwt6ht8w7ujcfjltsn,active,Human-like / Daytime,0.0,1.0,4,0.0054794520547945,0.3100613842590017,371539.3333333333,1.4133133675283005,0.1712638619955158,0.2181042919855315,0.3562071871080222,2050000.39137306,4099500.78331956
ckb1qzda0cr08m85hc8jlnfp3zer7xulejywt49kt2rr0vthywaa50xwsqwzmg9q6njct6tvpsylhv4dgdt2jtesqeqzx57u7,active,Bot-like / Consistent,1.0,1.0,264,0.3616438356164383,1.969996453771465,44024.7072243346,1.0034057994688457,0.001700004796706,0.0352038614133509,0.9997053763733552,2043167.33404025,2043167.3677527
ckb1qzda0cr08m85hc8jlnfp3zer7xulejywt49kt2rr0vthywaa50xwsqwzq09g8qd95he6qjne0delv4gt4wpzh7su5cj2q,active,Bot-like / Consistent,1.0,1.0,318,0.4356164383561643,1.9227072416640316,45078.39432176656,0.5461154033631969,-0.2935645008448191,0.2301083018492005,0.9994751231476438,1940071173.810037,603495.9297747901
ckb1qzdcr9un5ezx8tkh03s46m9jymh22jruelq8svzr5krj2nx69dhjvqgj8zvgw355fmpvj6qqyaxtary4w9d4cqzrqq9ktcjg,active,Human-like / Daytime,0.0,1.0,9,0.0123287671232876,0.0872585563264866,1113930.875,1.579533368252848,0.2246659707470167,0.4307423454153211,0.5451726266359415,2082216.92459272,1224554.78101641
ckb1qzdcr9un5ezx8tkh03s46m9jymh22jruelq8svzr5krj2nx69dhjvqgj99jj9hhu3m95gpncj0zqtt8trplsj44sqqe5d89y,active,Human-like / Daytime,0.0,1.0,19,0.0260273972602739,0.0460011968829929,1982557.111111111,2.815841117596719,0.4758691626920688,0.4769523402250494,0.6580643243705496,45169.99999588,47830.09897541001
ckb1qzdcr9un5ezx8tkh03s46m9jymh22jruelq8svzr5krj2nx69dhjvqgjn6kfkeu23q74kndpaxw42z77vgat6v86qq6z03rf,unused,Dormant / No Activity,,,0,0.0,0.94272672606009,91804.37796610167,1.4577450797755394,0.1862459551001702,0.894793197367051,0.9985767664697128,152900.0,219808.95830044
ckb1qzdcr9un5ezx8tkh03s46m9jymh22jruelq8svzr5krj2nx69dhjvqgjrdnzrv7tvcd9nrfr7lmqh0gatk7nxy9jqq2yluhf,active,Human-like / Daytime,0.0,1.0,13,0.0178082191780821,0.0401346296713902,2332150.583333333,2.93328601098461,0.4915193061438863,0.3377520767681922,0.5516155418595409,614222.01843461,331194.48445679
ckb1qzdcr9un5ezx8tkh03s46m9jymh22jruelq8svzr5krj2nx69dhjvqgjzzqkjvmsqjzrjqayk6ky4jgdwn07040tqqwzg6c7,unused,Dormant / No Activity,,,0,0.0,,,,,,,0.0,8847.480152170003
ckb1qzfhdsa4syv599s2s3nfrctwga70g0tu07n9gpnun9ydlngf5vsnwqg92falqnnya92lpxwtsy25nuns2hsundmxq4f8huzwvn54tuyeewq32j0jwp27rjdhvcdctkl6,active,Human-like / Daytime,0.0,1.0,4,0.0054794520547945,4.0,10931.0,0.6835248743983664,-0.1879836350589894,0.4362085839710631,-0.0,23644.88058405,883.99993327
ckb1qzfhdsa4syv599s2s3nfrctwga70g0tu07n9gpnun9ydlngf5vsnwqg939y8pph07lrs6upe8j570llehe5rgjkqqky5suyxalmuwrts8y72nelllxlxsdz2cq2yp3v8,active,Human-like / Daytime,0.0,1.0,17,0.0232876712328767,0.0235891748621302,3891615.5625,0.8665716982751922,-0.0714830841205309,0.6765336080694513,0.8616513631967249,16293.37908087,4426.0
ckb1qzfhdsa4syv599s2s3nfrctwga70g0tu07n9gpnun9ydlngf5vsnwqg94uyxasd2sd0n8e7pl8qv43ps3x28wkpnqkhssmkp42p47vl8c8uupjkyxzyega6cxv63qjzm,active,Human-like / Daytime,0.0,1.0,3,0.0041095890410958,0.0086005298749293,15068839.0,0.576054200326913,-0.2689918910054933,0.3456871240434053,0.5645750340535796,6106.83301668,896.0
ckb1qzfhdsa4syv599s2s3nfrctwga70g0tu07n9gpnun9ydlngf5vsnwqg94vapl8vqp48yyrzf9kvvqd6ddjvnlzgqqk4n58uasqx5ussvfyke3sphf4kfj0ufqqg0acwp,active,Human-like / Daytime,0.0,1.0,10,0.0136986301369863,0.0183013341354853,5245519.222222222,1.2185624992120692,0.098515367175679,0.5335789211550196,0.6577149651308424,1111.9983266599995,2267.99987677
ckb1qzfhdsa4syv599s2s3nfrctwga70g0tu07n9gpnun9ydlngf5vsnwqg96cy3mxvy66tmahlt4v9ewah9nj9qs329qhtqj8vesntf00klaw4sh9mkukwg5zz9g5zvla9n,active,Human-like / Daytime,0.0,1.0,3,0.0041095890410958,3.0,166.5,0.2612612612612612,-0.5857142857142857,-0.0,-0.0,23913.538305660004,489.99978588
ckb1qzfhdsa4syv599s2s3nfrctwga70g0tu07n9gpnun9ydlngf5vsnwqg989xqg8r09h0jjzvcqduwspsx40dsaqxwq5u5cpquduka72gfnqph36qxq64akr5qeclp66q4,active,Human-like / Daytime,0.0,1.0,5,0.0068493150684931,0.0073516380725951,14690603.5,1.0787161544232828,0.037867678208871,0.4191807663825097,0.6846046005037073,2346.9950975200004,1332.0
ckb1qzfhdsa4syv599s2s3nfrctwga70g0tu07n9gpnun9ydlngf5vsnwqg99y922zqav2vvrqv5n9rgjwrk5xmkhu2yq55s4fggr43f3svpjjv5dzfcw6smw6l3gsnklkev,active,Human-like / Daytime,0.0,1.0,2,0.0027397260273972,0.0027467164102095,,,,0.2181042919855315,-0.0,445.99974452,433.9998
ckb1qzfhdsa4syv599s2s3nfrctwga70g0tu07n9gpnun9ydlngf5vsnwqg9apm7q2y4u92yz5znq8n4tspl5wpm58mfqh580cpgjhs4gs2s2vq7w4wq873c8wsldy7w2h9l,unused,Dormant / No Activity,,,0,0.0,,,,,,,0.0,0.0
ckb1qzfhdsa4syv599s2s3nfrctwga70g0tu07n9gpnun9ydlngf5vsnwqg9d2dw93zxz5s6cz9ef0r3e86v8eu9ptewq44f4ckygc2jrtqgh99uw8ylfsl8s5909c03vuqx,active,Human-like / Daytime,0.0,1.0,2,0.0027397260273972,0.0036883879919491,,,,0.2181042919855315,0.3562071871080222,441.9992,435.9998
ckb1qzfhdsa4syv599s2s3nfrctwga70g0tu07n9gpnun9ydlngf5vsnwqg9d8578luy5wxmq9hqgqkqf0hlc2slmegyq457ncllsj3cmvqkupqzcp97llp2rl09qsf6gpau,active,Human-like / Daytime,0.0,1.0,1,0.0013698630136986,1.0,,,,-0.0,-0.0,0.0,654.0
ckb1qzfhdsa4syv599s2s3nfrctwga70g0tu07n9gpnun9ydlngf5vsnwqg9epk0fesdwvgyqm0snhugdv4sv9scazygqhyxea8xp4e3qsrd7zwl3p4jkpskrr5g3qatxn96,active,Human-like / Daytime,0.0,1.0,4,0.0054794520547945,0.0228811953517805,5034702.0,0.7196727188945417,-0.163011995262483,0.3271564379782973,0.5343107806620332,432.99954939,647.9981669800001
ckb1qzfhdsa4syv599s2s3nfrctwga70g0tu07n9gpnun9ydlngf5vsnwqg9eu7ea9crgq4jcckyy8xtc9tsvmp7dfr9qh8nm85hqdqzktrzcssue0q4wpnv8e4yv5zyyn9r,active,Human-like / Daytime,0.0,1.0,1,0.0013698630136986,1.0,,,,-0.0,-0.0,217.99974734,218.9999
ckb1qzfhdsa4syv599s2s3nfrctwga70g0tu07n9gpnun9ydlngf5vsnwqg9f27gfvl2w82qaenx7ygdazqwdw9u72vwq49tep9nafcagrhxvmc3ph5gpe4chnef3ce546ng,active,Human-like / Daytime,0.0,1.0,5,0.0068493150684931,0.0071427050296944,15120322.0,0.7226279941260573,-0.1610167760072087,0.331939049588297,0.4883424549147684,1090.99848793,1105.0
ckb1qzfhdsa4syv599s2s3nfrctwga70g0tu07n9gpnun9ydlngf5vsnwqg9kjwx8e2juvc2vmlcst8rssrv4j0lxrfkqk6fccl92t3npfn0lzpvuwzqdjkflucdxcurx4r4,active,Human-like / Daytime,0.0,1.0,2,0.0027397260273972,0.0028535829086633,,,,0.2181042919855315,0.3562071871080222,435.99917835,431.99969878
ckb1qzfhdsa4syv599s2s3nfrctwga70g0tu07n9gpnun9ydlngf5vsnwqg9krv8c4sraut26xuns26r372lg0s2wnfcqh580cpgjhs4gs2s2vq7w4wq873c8wsldygzwp0z,unused,Dormant / No Activity,,,0,0.0,,,,,,,0.0,0.0
ckb1qzfhdsa4syv599s2s3nfrctwga70g0tu07n9gpnun9ydlngf5vsnwqg9krv8c4sraut26xuns26r372lg0s2wnfcqkcdslzkq0h3dtgmjwptgw8etap7pf6d8qdt2tn0,unused,Dormant / No Activity,,,0,0.0,,,,,,,0.0,0.0
ckb1qzfhdsa4syv599s2s3nfrctwga70g0tu07n9gpnun9ydlngf5vsnwqg9l7r63jg9j5t36pkf945jdkalgdmheaarqhlc02xfqk23w8gxeykkjfkmhaphwl8h5v5cv94s,active,Human-like / Daytime,0.0,1.0,3,0.0041095890410958,0.009374343239914,13824968.5,0.4459899854383031,-0.3831354436343259,0.2002842627197175,0.3271035759815648,653.9993999999999,656.9984999999999
ckb1qzfhdsa4syv599s2s3nfrctwga70g0tu07n9gpnun9ydlngf5vsnwqg9ppwdq9xgt6fr7grkwhj6twd3w43hdsh5q5y9e5q5ep0fy0eqwe67tfdek96kxakz7sm9w7mn,active,Human-like / Daytime,0.0,1.0,5,0.0068493150684931,0.0101394522048285,10651463.0,0.7385763152518872,-0.1503665283224783,0.5064224831767223,0.6846046005037073,1092.9983876899998,1114.9998
ckb1qzfhdsa4syv599s2s3nfrctwga70g0tu07n9gpnun9ydlngf5vsnwqg9qcklzgrl9mhwptz8u840tu0wua39cu2gq5rzmufq0uhwac9vgls74a03amnkyhr3fq0y6ztj,active,Human-like / Daytime,0.0,1.0,6,0.0082191780821917,0.0102061054482057,10158625.2,0.5571874200800281,-0.2843669131986788,0.5637914160289368,0.5197589750988046,1531.9985636099998,1519.0
ckb1qzfhdsa4syv599s2s3nfrctwga70g0tu07n9gpnun9ydlngf5vsnwqg9rhw8jpwu9z3f40kyqvucsjx9dxdvnjucq5wac7g9ms529x47cspnnzzgc45e4jwtnqr08mrg,active,Human-like / Daytime,0.0,1.0,18,0.0246575342465753,0.0263996826741846,3465282.294117647,0.8956019625369173,-0.0550738179883318,0.8125432991898838,0.9506595937981184,5634.239752929999,3703.99932246
ckb1qzfhdsa4syv599s2s3nfrctwga70g0tu07n9gpnun9ydlngf5vsnwqg9rhw8jpwu9z3f40kyqvucsjx9dxdvnjucqh580cpgjhs4gs2s2vq7w4wq873c8wsldyydqm7v,active,Human-like / Daytime,0.0,1.0,1,0.0013698630136986,1.0,,,,-0.0,-0.0,0.0,215.99997152
ckb1qzfhdsa4syv599s2s3nfrctwga70g0tu07n9gpnun9ydlngf5vsnwqg9slzd7jvhwlruz9jtrx62wpy66cehjgz2qkrufh6fjamu0sgkfvvmffcynttrx7fqfg9yms90,active,Human-like / Daytime,0.0,1.0,6,0.0082191780821917,0.0123712039894841,8380752.6,1.756445605287822,0.2744279095646568,-0.0,0.4458393050175722,2919.3821178000003,1301.99940239
ckb1qzfhdsa4syv599s2s3nfrctwga70g0tu07n9gpnun9ydlngf5vsnwqg9v2y7zt97wcuzklqar4wxk2tzz3n5cyy3q43gncfvhemrs2mur5w4c6efvg2xwnqsjyalpclt,active,Human-like / Daytime,0.0,1.0,20,0.0273972602739726,0.028234155063254,3221182.5789473685,2.035416798791529,0.3411119023930266,0.5854319897615304,0.7563061070950476,16687.89786713,9442.99487898
ckb1qzfhdsa4syv599s2s3nfrctwga70g0tu07n9gpnun9ydlngf5vsnwqg9vjzjm0xkz8frv8u7c644xprsf2q3654lq4jg2tdu6cgaydslnmr2k5cywp9gz82jhul7732h,active,Human-like / Daytime,0.0,1.0,3,0.0041095890410958,0.0050505760043587,25660439.5,0.939071386520874,-0.0314215422406111,0.2002842627197175,0.5645750340535796,649.99922292,669.0
ckb1qzfhdsa4syv599s2s3nfrctwga70g0tu07n9gpnun9ydlngf5vsnwqg9vqzwej3l7amlg7w4fea6d5apt73pe5z5q4sqfmx28lmh0are6488hfkn5906y8xs2s5cdt5x,active,Human-like / Daytime,0.0,1.0,1,0.0013698630136986,1.0,,,,-0.0,-0.0,222.9998,220.9996
ckb1qzfhdsa4syv599s2s3nfrctwga70g0tu07n9gpnun9ydlngf5vsnwqg9wcehhpwgnw6hd0uu5ae7haq29vzh6w0aq4mrx7u9ezdm2a4lnjnh86l5pg4s2lfel5v62ehc,active,Human-like / Daytime,0.0,1.0,2,0.0027397260273972,0.0090760444896355,,,,0.2181042919855315,0.3562071871080222,435.9997,435.99969468
ckb1qzfhdsa4syv599s2s3nfrctwga70g0tu07n9gpnun9ydlngf5vsnwqg9yr6t499eazdx5f40fewvzm04uuea2gtnq5s0fw55h85f563x4a89estd7hnn84fpwvn3swz8,active,Human-like / Daytime,0.0,1.0,2,0.0027397260273972,0.0049605434413132,,,,0.2181042919855315,0.3562071871080222,439.99950055,434.0
ckb1qzfhdsa4syv599s2s3nfrctwga70g0tu07n9gpnun9ydlngf5vsnwqg9yr6t499eazdx5f40fewvzm04uuea2gtnqh580cpgjhs4gs2s2vq7w4wq873c8wsldyly8m9p,unused,Dormant / No Activity,,,0,0.0,,,,,,,0.0,0.0
ckb1qzfhdsa4syv599s2s3nfrctwga70g0tu07n9gpnun9ydlngf5vsnwqggq7xygka0fffckdwnzn68hgm9h9r3g74xryyq0rzytwh555utxhf3farm5djmj3c502npjc8dplu,active,Human-like / Daytime,0.0,1.0,22,0.0301369863013698,0.0311336225663467,2907284.095238095,1.5598525909128744,0.2187050117261729,0.692410075650413,0.7196050207159366,17304.81214254,5794.99725858
ckb1qzfhdsa4syv599s2s3nfrctwga70g0tu07n9gpnun9ydlngf5vsnwqggqlc8fmqp73anzq4x4hm9w42vuvm85n62xsyq0ur5asqlg7e3q2n2majh24xwxdn6fa9rg33tphd,active,Human-like / Daytime,0.0,1.0,12,0.0164383561643835,0.0293463624238397,3211796.5454545454,1.6559318505056575,0.246968630004861,0.5137203503490074,0.5645750340535796,6997.44457874,4648.72460349
ckb1qzfhdsa4syv599s2s3nfrctwga70g0tu07n9gpnun9ydlngf5vsnwqggqlc8fmqp73anzq4x4hm9w42vuvm85n62xsz7salq9z27z4zp2pfsre64cql68qa6ra5s08ms0u,unused,Dormant / No Activity,,,0,0.0,,,,,,,0.0,0.0
ckb1qzfhdsa4syv599s2s3nfrctwga70g0tu07n9gpnun9ydlngf5vsnwqgrtxgt300hp4dtdulhvphvr2zq9eqz36j0qdvepw9a7ux44dhn7asxasdggqhyq282fuu5q568,active,Human-like / Daytime,0.0,1.0,3,0.0041095890410958,0.0082192445429781,15767872.5,0.028451618948593,-0.9446709627864076,0.3456871240434053,0.5645750340535796,657.99916401,664.0
ckb1qzl58smqy32hnrq6vxjedcxe2fugvnz497h7yvwqvwel40uh4rltcqfcnzr5d9zwctyksqp8fjlge9t3tdwqqscw0dlgc,active,Human-like / Daytime,0.0,1.0,8,0.010958904109589,0.0775631611790992,1273063.857142857,1.4346769132684352,0.1785357682982677,0.4156280584475519,0.5561384890068762,2636771.70560913,665000.0
